
U-Boot SPL 2026.04-rc3-ga5b4b4200b64 (Mar 10 2026 - 16:29:27 -0300)
DDR version: dc2e84f0.
Trying to boot from SPI











*** This is EPOS!

Setting up this machine as follows: 
  Mode:         library
  Processor:    4 x RV64 at 1503 MHz (BUS clock = 33 MHz)
  Machine:      VisionFive 2
  Memory:       131072 KB [0x0000000040000000:0x0000000047ffffff]
  User memory:  130551 KB [0x0000000040000000:0x0000000047f7dfff]
  I/O space:    524288 KB [0x0000000000000000:0x000000001fffffff]
  Node Id:      will get from the network!
  Position:     will get from the network!

PMU::config(c=0,e=0,ee=0,f=0)
PMU::config(c=2,e=2,ee=2,f=0)
PMU::config(c=3,e=13,ee=16384,f=0)
PMU::config(c=4,e=47,ee=65536,f=0)
PMU::config(c=5,e=89,ee=65538,f=0)
PMU::config(c=6,e=68,ee=32769,f=0)
PMU::config(c=7,e=109,ee=131075,f=0)
PMU::config(c=8,e=114,ee=260,f=0)
PMU::config(c=9,e=101,ee=515,f=0)
PMU::config(c=10,e=85,ee=4098,f=0)
Stress feature test
Running experiments with the following configurations:
>  Measure time: true
>  Test duration: 330
>  Selected taskset: 5
>  Size of image 1: 98472
>  Size of image 2: 98472
>  Size of the bandwidth allocation: 2097152
>  CPU Clock: 1503MHz
>  CPU voltage: 1040mV
>  DDR Clock: 533MHz
The monitor is disabled
Taskset initialization...
Done.
Creating threads...
>  Thread[0]: period = 1000000, deadline = 1000000, wcet = 100000, activation = 
10000, times = 330, cpu = 1
>  Thread[1]: period = 1000000, deadline = 1000000, wcet = 100000, activation = 
10000, times = 330, cpu = 1
>  Thread[2]: period = 1000000, deadline = 1000000, wcet = 100000, activation = 
10000, times = 330, cpu = 2
>  Thread[3]: period = 1000000, deadline = 1000000, wcet = 100000, activation = 
10000, times = 330, cpu = 2
>  Thread[4]: period = 1000000, deadline = 1000000, wcet = 100000, activation = 
10000, times = 330, cpu = 3
>  Thread[5]: period = 1000000, deadline = 1000000, wcet = 100000, activation = 
10000, times = 330, cpu = 3
Done
Current time: 3592224
Starting tasks...
Done
>  Iteration [0], Clock: 1503999999Hz, Temperature: 37.0690C
>  Iteration [1], Clock: 1503999999Hz, Temperature: 37.7080C
>  Iteration [2], Clock: 1503999999Hz, Temperature: 38.1140C
>  Iteration [3], Clock: 1503999999Hz, Temperature: 38.4040C
>  Iteration [4], Clock: 1503999999Hz, Temperature: 38.6360C
>  Iteration [5], Clock: 1503999999Hz, Temperature: 38.8100C
>  Iteration [6], Clock: 1503999999Hz, Temperature: 38.9840C
>  Iteration [7], Clock: 1503999999Hz, Temperature: 39.1000C
EA_PEDF_RV64: Prediction for thread 0x0000000047c443c8: 0.2032
EA_PEDF_RV64: Prediction for thread 0x0000000047c09bf0: 0.3305
EA_PEDF_RV64: Prediction for thread 0x0000000047bcf418: 0.3461
EA_PEDF_RV64: Prediction for thread 0x0000000047b94c40: 0.2658
EA_PEDF_RV64: Prediction for thread 0x0000000047b5a468: 0.2684
EA_PEDF_RV64: Prediction for thread 0x0000000047b1fc90: 0.3366
EA_PEDF_RV64: Prediction for core 1: 0.5337
EA_PEDF_RV64: Prediction for core 2: 0.6119
EA_PEDF_RV64: Prediction for core 3: 0.6050
>  Iteration [8], Clock: 751999999Hz, Temperature: 39.2160C
>  Iteration [9], Clock: 751999999Hz, Temperature: 38.6360C
Retraining...
EA_PEDF_RV64: Error for thread 0x0000000047c443c8: 0.0689 = 0.1343 - 0.2032
EA_PEDF_RV64: Error for thread 0x0000000047c09bf0: 0.0006 = 0.3298 - 0.3305
EA_PEDF_RV64: Error for thread 0x0000000047bcf418: 0.0103 = 0.3564 - 0.3461
EA_PEDF_RV64: Error for thread 0x0000000047b94c40: 0.0878 = 0.1780 - 0.2658
EA_PEDF_RV64: Error for thread 0x0000000047b5a468: 0.0903 = 0.1781 - 0.2684
EA_PEDF_RV64: Error for thread 0x0000000047b1fc90: 0.0074 = 0.3292 - 0.3366
Training dataset: In [0.1014, 1.0000, 0.0000, 0.0000, 0.0000, 0.9776, 0.8807, 0.
9624, 0.4197, 0.9745, 1.0000] Out [0.1343]
Training dataset: In [0.1692, 1.0000, 0.5676, 0.2370, 0.3379, 0.0459, 0.2810, 0.
0113, 0.0040, 0.0585, 0.2707] Out [0.3298]
Training dataset: In [0.1343, 0.3333, 0.0000, 0.0000, 0.0626, 0.9356, 0.6872, 0.
9747, 0.2096, 0.9305, 1.0000] Out [0.5000]
Training dataset: In [0.3298, 0.3333, 0.6361, 0.2371, 0.6183, 0.0454, 0.2795, 0.
0109, 0.0158, 0.0571, 0.4018] Out [0.5000]
Training dataset: In [0.1930, 1.0000, 0.7415, 0.2194, 0.3096, 0.0705, 0.2357, 0.
0585, 0.0277, 0.1127, 0.9358] Out [0.3564]
Training dataset: In [0.0890, 1.0000, 0.0000, 0.4772, 0.0000, 0.0021, 0.0745, 0.
0000, 0.0000, 0.0000, 0.4780] Out [0.1780]
Training dataset: In [0.3564, 0.3333, 0.6764, 0.2194, 0.6854, 0.0773, 0.2466, 0.
0600, 0.0277, 0.1092, 1.0000] Out [0.5000]
Training dataset: In [0.1780, 0.3333, 0.0001, 0.4772, 0.1498, 0.0000, 0.0627, 0.
0000, 0.0000, 0.0000, 0.4939] Out [0.5000]
Training dataset: In [0.0890, 1.0000, 0.0000, 0.4772, 0.0000, 0.0252, 0.0319, 0.
0463, 0.0241, 0.0596, 0.2565] Out [0.1781]
Training dataset: In [0.1681, 1.0000, 0.5996, 0.2194, 0.3630, 0.0408, 0.2571, 0.
0088, 0.0040, 0.0461, 1.0000] Out [0.3292]
Training dataset: In [0.1781, 0.3333, 0.0000, 0.4772, 0.1454, 0.0387, 0.0588, 0.
0522, 0.0145, 0.0629, 0.6103] Out [0.5000]
Training dataset: In [0.3292, 0.3333, 0.5733, 0.2194, 0.6382, 0.0371, 0.2408, 0.
0083, 0.0119, 0.0437, 1.0000] Out [0.5000]
EA_PEDF_RV64: Prediction for thread 0x0000000047c443c8: 0.3000
EA_PEDF_RV64: Prediction for thread 0x0000000047c09bf0: 0.5105
EA_PEDF_RV64: Prediction for thread 0x0000000047bcf418: 0.5220
EA_PEDF_RV64: Prediction for thread 0x0000000047b94c40: 0.3983
EA_PEDF_RV64: Prediction for thread 0x0000000047b5a468: 0.3981
EA_PEDF_RV64: Prediction for thread 0x0000000047b1fc90: 0.5051
EA_PEDF_RV64: Prediction for core 1: 0.8105
EA_PEDF_RV64: Prediction for core 2: 0.9204
EA_PEDF_RV64: Prediction for core 3: 0.9033
>  Iteration [10], Clock: 501333333Hz, Temperature: 38.4040C
>  Iteration [11], Clock: 501333333Hz, Temperature: 38.2880C
Retraining...
EA_PEDF_RV64: Error for thread 0x0000000047c443c8: 0.1288 = 0.1712 - 0.3000
EA_PEDF_RV64: Error for thread 0x0000000047c09bf0: 0.0180 = 0.4925 - 0.5105
EA_PEDF_RV64: Error for thread 0x0000000047bcf418: 0.0010 = 0.5210 - 0.5220
EA_PEDF_RV64: Error for thread 0x0000000047b94c40: 0.1312 = 0.2671 - 0.3983
EA_PEDF_RV64: Error for thread 0x0000000047b5a468: 0.1310 = 0.2672 - 0.3981
EA_PEDF_RV64: Error for thread 0x0000000047b1fc90: 0.0140 = 0.4911 - 0.5051
Training dataset: In [0.1014, 1.0000, 0.0000, 0.0000, 0.0000, 0.9776, 0.8807, 0.
9624, 0.4197, 0.9745, 1.0000] Out [0.1343]
Training dataset: In [0.1692, 1.0000, 0.5676, 0.2370, 0.3379, 0.0459, 0.2810, 0.
0113, 0.0040, 0.0585, 0.2707] Out [0.3298]
Training dataset: In [0.1343, 0.3333, 0.0000, 0.0000, 0.0626, 0.9356, 0.6872, 0.
9747, 0.2096, 0.9305, 1.0000] Out [0.1712]
Training dataset: In [0.3298, 0.3333, 0.6361, 0.2371, 0.6183, 0.0454, 0.2795, 0.
0109, 0.0158, 0.0571, 0.4018] Out [0.4925]
Training dataset: In [0.1712, 0.1111, 0.0000, 0.0000, 0.1227, 0.9240, 0.6415, 0.
9767, 0.3491, 0.9151, 1.0000] Out [1.0000]
Training dataset: In [0.4925, 0.1111, 0.6540, 0.2371, 0.9074, 0.0455, 0.2799, 0.
0110, 0.0118, 0.0570, 0.5474] Out [1.0000]
Training dataset: In [0.1930, 1.0000, 0.7415, 0.2194, 0.3096, 0.0705, 0.2357, 0.
0585, 0.0277, 0.1127, 0.9358] Out [0.3564]
Training dataset: In [0.0890, 1.0000, 0.0000, 0.4772, 0.0000, 0.0021, 0.0745, 0.
0000, 0.0000, 0.0000, 0.4780] Out [0.1780]
Training dataset: In [0.3564, 0.3333, 0.6764, 0.2194, 0.6854, 0.0773, 0.2466, 0.
0600, 0.0277, 0.1092, 1.0000] Out [0.5210]
Training dataset: In [0.1780, 0.3333, 0.0001, 0.4772, 0.1498, 0.0000, 0.0627, 0.
0000, 0.0000, 0.0000, 0.4939] Out [0.2671]
Training dataset: In [0.5210, 0.1111, 0.6423, 0.2195, 0.9635, 0.0806, 0.2501, 0.
0611, 0.0316, 0.1083, 1.0000] Out [1.0000]
Training dataset: In [0.2671, 0.1111, 0.0003, 0.4773, 0.2996, 0.0000, 0.0599, 0.
0000, 0.0000, 0.0000, 0.4816] Out [1.0000]
Training dataset: In [0.0890, 1.0000, 0.0000, 0.4772, 0.0000, 0.0252, 0.0319, 0.
0463, 0.0241, 0.0596, 0.2565] Out [0.1781]
Training dataset: In [0.1681, 1.0000, 0.5996, 0.2194, 0.3630, 0.0408, 0.2571, 0.
0088, 0.0040, 0.0461, 1.0000] Out [0.3292]
Training dataset: In [0.1781, 0.3333, 0.0000, 0.4772, 0.1454, 0.0387, 0.0588, 0.
0522, 0.0145, 0.0629, 0.6103] Out [0.2672]
Training dataset: In [0.3292, 0.3333, 0.5733, 0.2194, 0.6382, 0.0371, 0.2408, 0.
0083, 0.0119, 0.0437, 1.0000] Out [0.4911]
Training dataset: In [0.2672, 0.1111, 0.0002, 0.4773, 0.2969, 0.0446, 0.0666, 0.
0555, 0.0193, 0.0646, 0.6296] Out [1.0000]
Training dataset: In [0.4911, 0.1111, 0.5665, 0.2194, 0.9087, 0.0364, 0.2374, 0.
0084, 0.0118, 0.0437, 1.0000] Out [1.0000]
EA_PEDF_RV64: Prediction for thread 0x0000000047c443c8: 0.3831
EA_PEDF_RV64: Prediction for thread 0x0000000047c09bf0: 0.6312
EA_PEDF_RV64: Prediction for thread 0x0000000047bcf418: 0.6358
EA_PEDF_RV64: Prediction for thread 0x0000000047b94c40: 0.4880
EA_PEDF_RV64: Prediction for thread 0x0000000047b5a468: 0.4870
EA_PEDF_RV64: Prediction for thread 0x0000000047b1fc90: 0.6203
EA_PEDF_RV64: Prediction for core 1: 1.0143
Imbalanced!
>  Iteration [12], Clock: 501333333Hz, Temperature: 38.1140C
EA_PEDF_RV64: Prediction for thread 0x0000000047c443c8: 0.5058
EA_PEDF_RV64: Prediction for thread 0x0000000047c09bf0: 0.6311
EA_PEDF_RV64: Prediction for thread 0x0000000047bcf418: 0.7019
EA_PEDF_RV64: Prediction for thread 0x0000000047b94c40: 0.4880
EA_PEDF_RV64: Prediction for thread 0x0000000047b5a468: 0.5846
EA_PEDF_RV64: Prediction for thread 0x0000000047b1fc90: 0.6209
<0>: EA_PEDF_RV64: The utilization went beyond the safety margin of 95.0000%
Core 1 utilization: 0.9296
Core 2 utilization: 1.0590
Core 3 utilization: 1.0308
 :<0>
Imbalanced!
>  Iteration [13], Clock: 1503999999Hz, Temperature: 38.1140C
>  Iteration [14], Clock: 1503999999Hz, Temperature: 38.9260C
EA_PEDF_RV64: Prediction for thread 0x0000000047c443c8: 0.2498
EA_PEDF_RV64: Prediction for thread 0x0000000047c09bf0: 0.3711
EA_PEDF_RV64: Prediction for thread 0x0000000047bcf418: 0.3686
EA_PEDF_RV64: Prediction for thread 0x0000000047b94c40: 0.2836
EA_PEDF_RV64: Prediction for thread 0x0000000047b5a468: 0.3955
EA_PEDF_RV64: Prediction for thread 0x0000000047b1fc90: 0.3585
EA_PEDF_RV64: Prediction for core 1: 0.6208
EA_PEDF_RV64: Prediction for core 2: 0.6522
EA_PEDF_RV64: Prediction for core 3: 0.7540
>  Iteration [15], Clock: 751999999Hz, Temperature: 39.1580C
>  Iteration [16], Clock: 751999999Hz, Temperature: 38.6940C
Retraining...
EA_PEDF_RV64: Error for thread 0x0000000047c443c8: 0.0482 = 0.2016 - 0.2498
EA_PEDF_RV64: Error for thread 0x0000000047c09bf0: 0.0413 = 0.3298 - 0.3711
EA_PEDF_RV64: Error for thread 0x0000000047bcf418: 0.0122 = 0.3564 - 0.3686
EA_PEDF_RV64: Error for thread 0x0000000047b94c40: 0.1056 = 0.1780 - 0.2836
EA_PEDF_RV64: Error for thread 0x0000000047b5a468: 0.2174 = 0.1781 - 0.3955
EA_PEDF_RV64: Error for thread 0x0000000047b1fc90: 0.0293 = 0.3292 - 0.3585
Training dataset: In [0.1014, 1.0000, 0.0000, 0.0000, 0.0000, 0.9776, 0.8807, 0.
9624, 0.4197, 0.9745, 1.0000] Out [0.2016]
Training dataset: In [0.1692, 1.0000, 0.5676, 0.2370, 0.3379, 0.0459, 0.2810, 0.
0113, 0.0040, 0.0585, 0.2707] Out [0.3298]
Training dataset: In [0.1343, 0.3333, 0.0000, 0.0000, 0.0626, 0.9356, 0.6872, 0.
9747, 0.2096, 0.9305, 1.0000] Out [0.3044]
Training dataset: In [0.3298, 0.3333, 0.6361, 0.2371, 0.6183, 0.0454, 0.2795, 0.
0109, 0.0158, 0.0571, 0.4018] Out [0.4923]
Training dataset: In [0.1712, 0.1111, 0.0000, 0.0000, 0.1227, 0.9240, 0.6415, 0.
9767, 0.3491, 0.9151, 1.0000] Out [1.0000]
Training dataset: In [0.4925, 0.1111, 0.6540, 0.2371, 0.9074, 0.0455, 0.2799, 0.
0110, 0.0118, 0.0570, 0.5474] Out [1.0000]
Training dataset: In [0.4376, 0.1111, 0.5423, 0.1423, 0.1227, 0.3344, 0.1921, 0.
3696, 0.4813, 0.3432, 0.6083] Out [1.0000]
Training dataset: In [0.4920, 0.1111, 0.6529, 0.2371, 0.9074, 0.0453, 0.2792, 0.
0109, 0.0197, 0.0569, 0.5508] Out [1.0000]
Training dataset: In [0.1012, 1.0000, 0.2695, 0.0000, 0.0000, 0.9768, 0.8752, 0.
9595, 0.0699, 0.9708, 0.4420] Out [0.2016]
Training dataset: In [0.1692, 1.0000, 0.6847, 0.2370, 0.3442, 0.0458, 0.2814, 0.
0113, 0.0316, 0.0591, 0.2164] Out [0.3298]
Training dataset: In [0.2688, 0.3333, 0.4722, 0.0220, 0.3335, 0.9360, 0.6891, 0.
9750, 0.1398, 0.9311, 0.6624] Out [0.3044]
Training dataset: In [0.3298, 0.3333, 0.6584, 0.2371, 0.6183, 0.0454, 0.2795, 0.
0109, 0.0158, 0.0573, 0.3528] Out [0.4923]
Training dataset: In [0.1930, 1.0000, 0.7415, 0.2194, 0.3096, 0.0705, 0.2357, 0.
0585, 0.0277, 0.1127, 0.9358] Out [0.3564]
Training dataset: In [0.0890, 1.0000, 0.0000, 0.4772, 0.0000, 0.0021, 0.0745, 0.
0000, 0.0000, 0.0000, 0.4780] Out [0.1780]
Training dataset: In [0.3564, 0.3333, 0.6764, 0.2194, 0.6854, 0.0773, 0.2466, 0.
0600, 0.0277, 0.1092, 1.0000] Out [0.6565]
Training dataset: In [0.1780, 0.3333, 0.0001, 0.4772, 0.1498, 0.0000, 0.0627, 0.
0000, 0.0000, 0.0000, 0.4939] Out [0.2671]
Training dataset: In [0.5210, 0.1111, 0.6423, 0.2195, 0.9635, 0.0806, 0.2501, 0.
0611, 0.0316, 0.1083, 1.0000] Out [1.0000]
Training dataset: In [0.2671, 0.1111, 0.0003, 0.4773, 0.2996, 0.0000, 0.0599, 0.
0000, 0.0000, 0.0000, 0.4816] Out [1.0000]
Training dataset: In [0.7919, 0.1111, 1.0000, 0.3683, 0.9599, 0.0719, 0.2231, 0.
0552, 0.0795, 0.0980, 1.0000] Out [1.0000]
Training dataset: In [0.2671, 0.1111, 0.0002, 0.4773, 0.2996, 0.0000, 0.0594, 0.
0000, 0.0000, 0.0000, 0.4664] Out [1.0000]
Training dataset: In [0.1927, 1.0000, 0.5926, 0.2194, 0.4110, 0.0715, 0.2355, 0.
0582, 0.0356, 0.1133, 0.3751] Out [0.3564]
Training dataset: In [0.0890, 1.0000, 0.0000, 0.4772, 0.0000, 0.0033, 0.0749, 0.
0000, 0.0000, 0.0000, 0.1969] Out [0.1780]
Training dataset: In [0.3564, 0.3333, 0.5097, 0.2194, 0.6854, 0.0785, 0.2467, 0.
0600, 0.0277, 0.1094, 0.6414] Out [0.6565]
Training dataset: In [0.1780, 0.3333, 0.0001, 0.4772, 0.1498, 0.0007, 0.0627, 0.
0000, 0.0000, 0.0000, 0.3124] Out [0.2671]
Training dataset: In [0.0890, 1.0000, 0.0000, 0.4772, 0.0000, 0.0252, 0.0319, 0.
0463, 0.0241, 0.0596, 0.2565] Out [0.1781]
Training dataset: In [0.1681, 1.0000, 0.5996, 0.2194, 0.3630, 0.0408, 0.2571, 0.
0088, 0.0040, 0.0461, 1.0000] Out [0.3292]
Training dataset: In [0.1781, 0.3333, 0.0000, 0.4772, 0.1454, 0.0387, 0.0588, 0.
0522, 0.0145, 0.0629, 0.6103] Out [0.4033]
Training dataset: In [0.3292, 0.3333, 0.5733, 0.2194, 0.6382, 0.0371, 0.2408, 0.
0083, 0.0119, 0.0437, 1.0000] Out [0.4912]
Training dataset: In [0.2672, 0.1111, 0.0002, 0.4773, 0.2969, 0.0446, 0.0666, 0.
0555, 0.0193, 0.0646, 0.6296] Out [1.0000]
Training dataset: In [0.4911, 0.1111, 0.5665, 0.2194, 0.9087, 0.0364, 0.2374, 0.
0084, 0.0118, 0.0437, 1.0000] Out [1.0000]
Training dataset: In [0.5395, 0.1111, 0.6890, 0.6329, 0.3017, 0.0373, 0.0547, 0.
0489, 0.0733, 0.0570, 0.4714] Out [1.0000]
Training dataset: In [0.4913, 0.1111, 0.5670, 0.2194, 0.9111, 0.0359, 0.2349, 0.
0082, 0.0158, 0.0432, 0.9932] Out [1.0000]
Training dataset: In [0.1780, 1.0000, 0.6753, 1.0000, 0.1605, 0.0251, 0.0323, 0.
0461, 0.0145, 0.0599, 0.0852] Out [0.1781]
Training dataset: In [0.1678, 1.0000, 0.5975, 0.2193, 0.3618, 0.0406, 0.2567, 0.
0088, 0.0079, 0.0458, 0.4152] Out [0.3292]
Training dataset: In [0.1781, 0.3333, 0.0000, 0.4772, 0.1514, 0.0387, 0.0587, 0.
0522, 0.0145, 0.0632, 0.2534] Out [0.4033]
Training dataset: In [0.3292, 0.3333, 0.5734, 0.2194, 0.6334, 0.0371, 0.2408, 0.
0083, 0.0119, 0.0437, 0.6532] Out [0.4912]
EA_PEDF_RV64: Prediction for thread 0x0000000047c443c8: 0.4675
EA_PEDF_RV64: Prediction for thread 0x0000000047c09bf0: 0.5782
EA_PEDF_RV64: Prediction for thread 0x0000000047bcf418: 0.5716
EA_PEDF_RV64: Prediction for thread 0x0000000047b94c40: 0.4550
EA_PEDF_RV64: Prediction for thread 0x0000000047b5a468: 0.4504
EA_PEDF_RV64: Prediction for thread 0x0000000047b1fc90: 0.5633
EA_PEDF_RV64: Prediction for core 1: 1.0457
Imbalanced!
Migration candidate chosen with score 0.2422, original migration score: 0.5598
Migration candidate chosen with score 0.1984, original migration score: 0.5598
Migrating thread 0x0000000047c09bf0 from 1 to 3
>  Iteration [17], Clock: 1503999999Hz, Temperature: 38.4620C
>  Iteration [18], Clock: 1503999999Hz, Temperature: 39.1580C
EA_PEDF_RV64: Prediction for thread 0x0000000047c443c8: 0.2869
EA_PEDF_RV64: Prediction for thread 0x0000000047c09bf0: 0.3948
EA_PEDF_RV64: Prediction for thread 0x0000000047bcf418: 0.4076
EA_PEDF_RV64: Prediction for thread 0x0000000047b94c40: 0.3167
EA_PEDF_RV64: Prediction for thread 0x0000000047b5a468: 0.3132
EA_PEDF_RV64: Prediction for thread 0x0000000047b1fc90: 0.4001
EA_PEDF_RV64: Prediction for core 1: 0.2869
EA_PEDF_RV64: Prediction for core 2: 0.7243
EA_PEDF_RV64: Prediction for core 3: 1.1080
Revoking...
Migrating thread 0x0000000047c09bf0 from 3 to 1
New migration optimization threshold: 0.2000
>  Iteration [19], Clock: 1503999999Hz, Temperature: 39.3900C
>  Iteration [20], Clock: 1503999999Hz, Temperature: 39.6220C
EA_PEDF_RV64: Prediction for thread 0x0000000047c443c8: 0.2869
EA_PEDF_RV64: Prediction for thread 0x0000000047c09bf0: 0.4079
EA_PEDF_RV64: Prediction for thread 0x0000000047bcf418: 0.4046
EA_PEDF_RV64: Prediction for thread 0x0000000047b94c40: 0.3138
EA_PEDF_RV64: Prediction for thread 0x0000000047b5a468: 0.3115
EA_PEDF_RV64: Prediction for thread 0x0000000047b1fc90: 0.3887
EA_PEDF_RV64: Prediction for core 1: 0.6949
EA_PEDF_RV64: Prediction for core 2: 0.7184
EA_PEDF_RV64: Prediction for core 3: 0.7002
>  Iteration [21], Clock: 751999999Hz, Temperature: 39.7380C
>  Iteration [22], Clock: 751999999Hz, Temperature: 39.1000C
Retraining...
EA_PEDF_RV64: Error for thread 0x0000000047c443c8: 0.1078 = 0.1791 - 0.2869
EA_PEDF_RV64: Error for thread 0x0000000047c09bf0: 0.0781 = 0.3299 - 0.4079
EA_PEDF_RV64: Error for thread 0x0000000047bcf418: 0.0483 = 0.3564 - 0.4046
EA_PEDF_RV64: Error for thread 0x0000000047b94c40: 0.1358 = 0.1780 - 0.3138
EA_PEDF_RV64: Error for thread 0x0000000047b5a468: 0.1335 = 0.1781 - 0.3115
EA_PEDF_RV64: Error for thread 0x0000000047b1fc90: 0.0595 = 0.3292 - 0.3887
Training dataset: In [0.1692, 1.0000, 0.5676, 0.2370, 0.3379, 0.0459, 0.2810, 0.
0113, 0.0040, 0.0585, 0.2707] Out [0.3299]
Training dataset: In [0.1343, 0.3333, 0.0000, 0.0000, 0.0626, 0.9356, 0.6872, 0.
9747, 0.2096, 0.9305, 1.0000] Out [0.3044]
Training dataset: In [0.3298, 0.3333, 0.6361, 0.2371, 0.6183, 0.0454, 0.2795, 0.
0109, 0.0158, 0.0571, 0.4018] Out [0.4923]
Training dataset: In [0.1712, 0.1111, 0.0000, 0.0000, 0.1227, 0.9240, 0.6415, 0.
9767, 0.3491, 0.9151, 1.0000] Out [1.0000]
Training dataset: In [0.4925, 0.1111, 0.6540, 0.2371, 0.9074, 0.0455, 0.2799, 0.
0110, 0.0118, 0.0570, 0.5474] Out [1.0000]
Training dataset: In [0.4376, 0.1111, 0.5423, 0.1423, 0.1227, 0.3344, 0.1921, 0.
3696, 0.4813, 0.3432, 0.6083] Out [1.0000]
Training dataset: In [0.4920, 0.1111, 0.6529, 0.2371, 0.9074, 0.0453, 0.2792, 0.
0109, 0.0197, 0.0569, 0.5508] Out [1.0000]
Training dataset: In [0.1012, 1.0000, 0.2695, 0.0000, 0.0000, 0.9768, 0.8752, 0.
9595, 0.0699, 0.9708, 0.4420] Out [0.1791]
Training dataset: In [0.1692, 1.0000, 0.6847, 0.2370, 0.3442, 0.0458, 0.2814, 0.
0113, 0.0316, 0.0591, 0.2164] Out [0.3299]
Training dataset: In [0.2688, 0.3333, 0.4722, 0.0220, 0.3335, 0.9360, 0.6891, 0.
9750, 0.1398, 0.9311, 0.6624] Out [0.3044]
Training dataset: In [0.3298, 0.3333, 0.6584, 0.2371, 0.6183, 0.0454, 0.2795, 0.
0109, 0.0158, 0.0573, 0.3528] Out [0.4923]
Training dataset: In [0.1001, 1.0000, 0.2629, 0.0000, 0.0019, 0.9740, 0.8672, 0.
9494, 0.0699, 0.9597, 0.3831] Out [0.1791]
Training dataset: In [0.1012, 1.0000, 0.2693, 0.0000, 0.0000, 0.9768, 0.8748, 0.
9592, 0.1399, 0.9705, 0.3241] Out [0.1791]
Training dataset: In [0.1691, 1.0000, 0.6842, 0.2370, 0.3379, 0.0458, 0.2812, 0.
0115, 0.0277, 0.0593, 0.1931] Out [0.3299]
Training dataset: In [0.1342, 0.3333, 0.0612, 0.0000, 0.0626, 0.9352, 0.6867, 0.
9731, 0.0699, 0.9302, 0.7360] Out [0.3044]
Training dataset: In [0.3300, 0.3333, 0.6591, 0.2371, 0.6245, 0.0454, 0.2796, 0.
0110, 0.0277, 0.0575, 0.3861] Out [0.4923]
Training dataset: In [0.3564, 0.3333, 0.6764, 0.2194, 0.6854, 0.0773, 0.2466, 0.
0600, 0.0277, 0.1092, 1.0000] Out [0.6565]
Training dataset: In [0.1780, 0.3333, 0.0001, 0.4772, 0.1498, 0.0000, 0.0627, 0.
0000, 0.0000, 0.0000, 0.4939] Out [0.2671]
Training dataset: In [0.5210, 0.1111, 0.6423, 0.2195, 0.9635, 0.0806, 0.2501, 0.
0611, 0.0316, 0.1083, 1.0000] Out [1.0000]
Training dataset: In [0.2671, 0.1111, 0.0003, 0.4773, 0.2996, 0.0000, 0.0599, 0.
0000, 0.0000, 0.0000, 0.4816] Out [1.0000]
Training dataset: In [0.7919, 0.1111, 1.0000, 0.3683, 0.9599, 0.0719, 0.2231, 0.
0552, 0.0795, 0.0980, 1.0000] Out [1.0000]
Training dataset: In [0.2671, 0.1111, 0.0002, 0.4773, 0.2996, 0.0000, 0.0594, 0.
0000, 0.0000, 0.0000, 0.4664] Out [1.0000]
Training dataset: In [0.1927, 1.0000, 0.5926, 0.2194, 0.4110, 0.0715, 0.2355, 0.
0582, 0.0356, 0.1133, 0.3751] Out [0.3564]
Training dataset: In [0.0890, 1.0000, 0.0000, 0.4772, 0.0000, 0.0033, 0.0749, 0.
0000, 0.0000, 0.0000, 0.1969] Out [0.1780]
Training dataset: In [0.3564, 0.3333, 0.5097, 0.2194, 0.6854, 0.0785, 0.2467, 0.
0600, 0.0277, 0.1094, 0.6414] Out [0.6565]
Training dataset: In [0.1780, 0.3333, 0.0001, 0.4772, 0.1498, 0.0007, 0.0627, 0.
0000, 0.0000, 0.0000, 0.3124] Out [0.2671]
Training dataset: In [0.1878, 1.0000, 0.5647, 0.2194, 0.3972, 0.0513, 0.1418, 0.
0489, 0.0316, 0.0666, 0.2384] Out [0.3564]
Training dataset: In [0.0890, 1.0000, 0.0000, 0.4772, 0.0000, 0.0000, 0.0220, 0.
0015, 0.0000, 0.0084, 0.1370] Out [0.1780]
Training dataset: In [0.1929, 1.0000, 0.5940, 0.2194, 0.4110, 0.0790, 0.2356, 0.
0585, 0.0277, 0.1137, 0.3225] Out [0.3564]
Training dataset: In [0.0890, 1.0000, 0.0000, 0.4772, 0.0000, 0.0112, 0.0747, 0.
0000, 0.0000, 0.0000, 0.1840] Out [0.1780]
Training dataset: In [0.3564, 0.3333, 0.5098, 0.2194, 0.6854, 0.0858, 0.2465, 0.
0600, 0.0356, 0.1096, 0.6764] Out [0.6565]
Training dataset: In [0.1780, 0.3333, 0.0001, 0.4772, 0.1498, 0.0087, 0.0627, 0.
0000, 0.0000, 0.0000, 0.3423] Out [0.2671]
Training dataset: In [0.3292, 0.3333, 0.5733, 0.2194, 0.6382, 0.0371, 0.2408, 0.
0083, 0.0119, 0.0437, 1.0000] Out [0.4912]
Training dataset: In [0.2672, 0.1111, 0.0002, 0.4773, 0.2969, 0.0446, 0.0666, 0.
0555, 0.0193, 0.0646, 0.6296] Out [1.0000]
Training dataset: In [0.4911, 0.1111, 0.5665, 0.2194, 0.9087, 0.0364, 0.2374, 0.
0084, 0.0118, 0.0437, 1.0000] Out [1.0000]
Training dataset: In [0.5395, 0.1111, 0.6890, 0.6329, 0.3017, 0.0373, 0.0547, 0.
0489, 0.0733, 0.0570, 0.4714] Out [1.0000]
Training dataset: In [0.4913, 0.1111, 0.5670, 0.2194, 0.9111, 0.0359, 0.2349, 0.
0082, 0.0158, 0.0432, 0.9932] Out [1.0000]
Training dataset: In [0.1780, 1.0000, 0.6753, 1.0000, 0.1605, 0.0251, 0.0323, 0.
0461, 0.0145, 0.0599, 0.0852] Out [0.1781]
Training dataset: In [0.1678, 1.0000, 0.5975, 0.2193, 0.3618, 0.0406, 0.2567, 0.
0088, 0.0079, 0.0458, 0.4152] Out [0.3292]
Training dataset: In [0.1781, 0.3333, 0.0000, 0.4772, 0.1514, 0.0387, 0.0587, 0.
0522, 0.0145, 0.0632, 0.2534] Out [0.4033]
Training dataset: In [0.3292, 0.3333, 0.5734, 0.2194, 0.6334, 0.0371, 0.2408, 0.
0083, 0.0119, 0.0437, 0.6532] Out [0.4912]
Training dataset: In [0.1633, 1.0000, 0.5638, 0.2193, 0.3570, 0.0154, 0.1377, 0.
0022, 0.0277, 0.0108, 0.3131] Out [0.3299]
Training dataset: In [0.0890, 1.0000, 0.0000, 0.4772, 0.0030, 0.0186, 0.0041, 0.
0428, 0.0000, 0.0451, 0.0332] Out [0.1781]
Training dataset: In [0.1629, 1.0000, 0.5604, 0.2193, 0.3570, 0.0015, 0.0706, 0.
0012, 0.0040, 0.0066, 0.1531] Out [0.3292]
Training dataset: In [0.0890, 1.0000, 0.0000, 0.4772, 0.0012, 0.0251, 0.0323, 0.
0461, 0.0000, 0.0601, 0.0748] Out [0.1781]
Training dataset: In [0.1680, 1.0000, 0.5990, 0.2193, 0.3618, 0.0407, 0.2569, 0.
0089, 0.0277, 0.0466, 0.3879] Out [0.3292]
Training dataset: In [0.1781, 0.3333, 0.0001, 0.4772, 0.1514, 0.0387, 0.0589, 0.
0522, 0.0193, 0.0632, 0.2492] Out [0.4033]
Training dataset: In [0.3292, 0.3333, 0.5735, 0.2194, 0.6334, 0.0371, 0.2407, 0.
0083, 0.0119, 0.0438, 0.7077] Out [0.4912]
EA_PEDF_RV64: Prediction for thread 0x0000000047c443c8: 0.3893
EA_PEDF_RV64: Prediction for thread 0x0000000047c09bf0: 0.5951
EA_PEDF_RV64: Prediction for thread 0x0000000047bcf418: 0.5915
EA_PEDF_RV64: Prediction for thread 0x0000000047b94c40: 0.4689
EA_PEDF_RV64: Prediction for thread 0x0000000047b5a468: 0.4595
EA_PEDF_RV64: Prediction for thread 0x0000000047b1fc90: 0.5776
EA_PEDF_RV64: Prediction for core 1: 0.9843
Imbalanced!
Swap candidates chosen with score 0.1349, original migration score: 0.2134
Swap candidates chosen with score 0.0818, original migration score: 0.2134
Migrating thread 0x0000000047c443c8 from 1 to 3
Swapping thread 0x0000000047b1fc90 from 3 to 1
>  Iteration [23], Clock: 1503999999Hz, Temperature: 38.8680C
>  Iteration [24], Clock: 1503999999Hz, Temperature: 39.5640C
EA_PEDF_RV64: Prediction for thread 0x0000000047c443c8: 0.2537
EA_PEDF_RV64: Prediction for thread 0x0000000047c09bf0: 0.4264
EA_PEDF_RV64: Prediction for thread 0x0000000047bcf418: 0.4186
EA_PEDF_RV64: Prediction for thread 0x0000000047b94c40: 0.3246
EA_PEDF_RV64: Prediction for thread 0x0000000047b5a468: 0.3117
EA_PEDF_RV64: Prediction for thread 0x0000000047b1fc90: 0.4313
EA_PEDF_RV64: Prediction for core 1: 0.8577
EA_PEDF_RV64: Prediction for core 2: 0.7432
EA_PEDF_RV64: Prediction for core 3: 0.5654
>  Iteration [25], Clock: 751999999Hz, Temperature: 39.7960C
>  Iteration [26], Clock: 751999999Hz, Temperature: 39.2160C
Retraining...
EA_PEDF_RV64: Error for thread 0x0000000047c443c8: 0.0829 = 0.1708 - 0.2537
EA_PEDF_RV64: Error for thread 0x0000000047c09bf0: 0.0951 = 0.3313 - 0.4264
EA_PEDF_RV64: Error for thread 0x0000000047bcf418: 0.0628 = 0.3558 - 0.4186
EA_PEDF_RV64: Error for thread 0x0000000047b94c40: 0.1466 = 0.1780 - 0.3246
EA_PEDF_RV64: Error for thread 0x0000000047b5a468: 0.1336 = 0.1781 - 0.3117
EA_PEDF_RV64: Error for thread 0x0000000047b1fc90: 0.1035 = 0.3278 - 0.4313
Training dataset: In [0.4925, 0.1111, 0.6540, 0.2371, 0.9074, 0.0455, 0.2799, 0.
0110, 0.0118, 0.0570, 0.5474] Out [1.0000]
Training dataset: In [0.4376, 0.1111, 0.5423, 0.1423, 0.1227, 0.3344, 0.1921, 0.
3696, 0.4813, 0.3432, 0.6083] Out [1.0000]
Training dataset: In [0.4920, 0.1111, 0.6529, 0.2371, 0.9074, 0.0453, 0.2792, 0.
0109, 0.0197, 0.0569, 0.5508] Out [1.0000]
Training dataset: In [0.1012, 1.0000, 0.2695, 0.0000, 0.0000, 0.9768, 0.8752, 0.
9595, 0.0699, 0.9708, 0.4420] Out [0.1708]
Training dataset: In [0.1692, 1.0000, 0.6847, 0.2370, 0.3442, 0.0458, 0.2814, 0.
0113, 0.0316, 0.0591, 0.2164] Out [0.3313]
Training dataset: In [0.2688, 0.3333, 0.4722, 0.0220, 0.3335, 0.9360, 0.6891, 0.
9750, 0.1398, 0.9311, 0.6624] Out [0.3044]
Training dataset: In [0.3298, 0.3333, 0.6584, 0.2371, 0.6183, 0.0454, 0.2795, 0.
0109, 0.0158, 0.0573, 0.3528] Out [0.4923]
Training dataset: In [0.1001, 1.0000, 0.2629, 0.0000, 0.0019, 0.9740, 0.8672, 0.
9494, 0.0699, 0.9597, 0.3831] Out [0.1708]
Training dataset: In [0.1012, 1.0000, 0.2693, 0.0000, 0.0000, 0.9768, 0.8748, 0.
9592, 0.1399, 0.9705, 0.3241] Out [0.1708]
Training dataset: In [0.1691, 1.0000, 0.6842, 0.2370, 0.3379, 0.0458, 0.2812, 0.
0115, 0.0277, 0.0593, 0.1931] Out [0.3313]
Training dataset: In [0.1342, 0.3333, 0.0612, 0.0000, 0.0626, 0.9352, 0.6867, 0.
9731, 0.0699, 0.9302, 0.7360] Out [0.3044]
Training dataset: In [0.3300, 0.3333, 0.6591, 0.2371, 0.6245, 0.0454, 0.2796, 0.
0110, 0.0277, 0.0575, 0.3861] Out [0.4923]
Training dataset: In [0.1658, 1.0000, 0.6641, 0.2370, 0.3360, 0.0239, 0.1645, 0.
0085, 0.0395, 0.0225, 0.1731] Out [0.3313]
Training dataset: In [0.1629, 1.0000, 0.6464, 0.2370, 0.3304, 0.0015, 0.0706, 0.
0013, 0.0000, 0.0066, 0.0816] Out [0.3278]
Training dataset: In [0.3357, 0.3333, 0.6765, 0.2371, 0.6352, 0.0389, 0.1853, 0.
0310, 0.0277, 0.0591, 0.2846] Out [0.4923]
Training dataset: In [0.3236, 0.3333, 0.6396, 0.2371, 0.6120, 0.0015, 0.0709, 0.
0012, 0.0000, 0.0066, 0.1331] Out [0.4912]
Training dataset: In [0.7919, 0.1111, 1.0000, 0.3683, 0.9599, 0.0719, 0.2231, 0.
0552, 0.0795, 0.0980, 1.0000] Out [1.0000]
Training dataset: In [0.2671, 0.1111, 0.0002, 0.4773, 0.2996, 0.0000, 0.0594, 0.
0000, 0.0000, 0.0000, 0.4664] Out [1.0000]
Training dataset: In [0.1927, 1.0000, 0.5926, 0.2194, 0.4110, 0.0715, 0.2355, 0.
0582, 0.0356, 0.1133, 0.3751] Out [0.3558]
Training dataset: In [0.0890, 1.0000, 0.0000, 0.4772, 0.0000, 0.0033, 0.0749, 0.
0000, 0.0000, 0.0000, 0.1969] Out [0.1780]
Training dataset: In [0.3564, 0.3333, 0.5097, 0.2194, 0.6854, 0.0785, 0.2467, 0.
0600, 0.0277, 0.1094, 0.6414] Out [0.6565]
Training dataset: In [0.1780, 0.3333, 0.0001, 0.4772, 0.1498, 0.0007, 0.0627, 0.
0000, 0.0000, 0.0000, 0.3124] Out [0.2671]
Training dataset: In [0.1878, 1.0000, 0.5647, 0.2194, 0.3972, 0.0513, 0.1418, 0.
0489, 0.0316, 0.0666, 0.2384] Out [0.3558]
Training dataset: In [0.0890, 1.0000, 0.0000, 0.4772, 0.0000, 0.0000, 0.0220, 0.
0015, 0.0000, 0.0084, 0.1370] Out [0.1780]
Training dataset: In [0.1929, 1.0000, 0.5940, 0.2194, 0.4110, 0.0790, 0.2356, 0.
0585, 0.0277, 0.1137, 0.3225] Out [0.3558]
Training dataset: In [0.0890, 1.0000, 0.0000, 0.4772, 0.0000, 0.0112, 0.0747, 0.
0000, 0.0000, 0.0000, 0.1840] Out [0.1780]
Training dataset: In [0.3564, 0.3333, 0.5098, 0.2194, 0.6854, 0.0858, 0.2465, 0.
0600, 0.0356, 0.1096, 0.6764] Out [0.6565]
Training dataset: In [0.1780, 0.3333, 0.0001, 0.4772, 0.1498, 0.0087, 0.0627, 0.
0000, 0.0000, 0.0000, 0.3423] Out [0.2671]
Training dataset: In [0.1884, 1.0000, 0.5682, 0.2194, 0.3984, 0.0644, 0.1693, 0.
0513, 0.0316, 0.0731, 0.3085] Out [0.3558]
Training dataset: In [0.0890, 1.0000, 0.0000, 0.4772, 0.0000, 0.0008, 0.0245, 0.
0016, 0.0000, 0.0086, 0.1626] Out [0.1780]
Training dataset: In [0.3541, 0.3333, 0.5033, 0.2194, 0.6806, 0.0734, 0.1904, 0.
0633, 0.0316, 0.0962, 0.5573] Out [0.6565]
Training dataset: In [0.1780, 0.3333, 0.0001, 0.4772, 0.1498, 0.0012, 0.0259, 0.
0016, 0.0000, 0.0086, 0.2311] Out [0.2671]
Training dataset: In [0.4913, 0.1111, 0.5670, 0.2194, 0.9111, 0.0359, 0.2349, 0.
0082, 0.0158, 0.0432, 0.9932] Out [1.0000]
Training dataset: In [0.1780, 1.0000, 0.6753, 1.0000, 0.1605, 0.0251, 0.0323, 0.
0461, 0.0145, 0.0599, 0.0852] Out [0.1781]
Training dataset: In [0.1678, 1.0000, 0.5975, 0.2193, 0.3618, 0.0406, 0.2567, 0.
0088, 0.0079, 0.0458, 0.4152] Out [0.3278]
Training dataset: In [0.1781, 0.3333, 0.0000, 0.4772, 0.1514, 0.0387, 0.0587, 0.
0522, 0.0145, 0.0632, 0.2534] Out [0.4033]
Training dataset: In [0.3292, 0.3333, 0.5734, 0.2194, 0.6334, 0.0371, 0.2408, 0.
0083, 0.0119, 0.0437, 0.6532] Out [0.4912]
Training dataset: In [0.1633, 1.0000, 0.5638, 0.2193, 0.3570, 0.0154, 0.1377, 0.
0022, 0.0277, 0.0108, 0.3131] Out [0.3313]
Training dataset: In [0.0890, 1.0000, 0.0000, 0.4772, 0.0030, 0.0186, 0.0041, 0.
0428, 0.0000, 0.0451, 0.0332] Out [0.1781]
Training dataset: In [0.1629, 1.0000, 0.5604, 0.2193, 0.3570, 0.0015, 0.0706, 0.
0012, 0.0040, 0.0066, 0.1531] Out [0.3278]
Training dataset: In [0.0890, 1.0000, 0.0000, 0.4772, 0.0012, 0.0251, 0.0323, 0.
0461, 0.0000, 0.0601, 0.0748] Out [0.1781]
Training dataset: In [0.1680, 1.0000, 0.5990, 0.2193, 0.3618, 0.0407, 0.2569, 0.
0089, 0.0277, 0.0466, 0.3879] Out [0.3278]
Training dataset: In [0.1781, 0.3333, 0.0001, 0.4772, 0.1514, 0.0387, 0.0589, 0.
0522, 0.0193, 0.0632, 0.2492] Out [0.4033]
Training dataset: In [0.3292, 0.3333, 0.5735, 0.2194, 0.6334, 0.0371, 0.2407, 0.
0083, 0.0119, 0.0438, 0.7077] Out [0.4912]
Training dataset: In [0.1016, 1.0000, 0.0957, 0.0000, 0.0409, 0.9991, 1.0000, 1.
0000, 0.1399, 1.0000, 0.7830] Out [0.1708]
Training dataset: In [0.0890, 1.0000, 0.0000, 0.4890, 0.0000, 0.0107, 0.1145, 0.
0015, 0.0289, 0.0057, 0.2742] Out [0.1781]
Training dataset: In [0.1459, 0.3333, 0.0000, 0.0000, 0.1156, 1.0000, 1.0000, 1.
0000, 0.0699, 1.0000, 1.0000] Out [0.3044]
Training dataset: In [0.1780, 0.3333, 0.1087, 0.4890, 0.1498, 0.0103, 0.1025, 0.
0012, 0.0241, 0.0043, 0.3122] Out [0.4033]
EA_PEDF_RV64: Prediction for thread 0x0000000047c443c8: 0.3052
EA_PEDF_RV64: Prediction for thread 0x0000000047c09bf0: 0.5982
EA_PEDF_RV64: Prediction for thread 0x0000000047bcf418: 0.5828
EA_PEDF_RV64: Prediction for thread 0x0000000047b94c40: 0.4560
EA_PEDF_RV64: Prediction for thread 0x0000000047b5a468: 0.4390
EA_PEDF_RV64: Prediction for thread 0x0000000047b1fc90: 0.5993
EA_PEDF_RV64: Prediction for core 1: 1.1974
Imbalanced!
Swap candidates chosen with score 0.0235, original migration score: 0.0332
Swap candidates chosen with score 0.0235, original migration score: 0.0332
Migrating thread 0x0000000047b94c40 from 2 to 3
Swapping thread 0x0000000047b5a468 from 3 to 2
>  Iteration [27], Clock: 1503999999Hz, Temperature: 38.9840C
>  Iteration [28], Clock: 1503999999Hz, Temperature: 39.5640C
EA_PEDF_RV64: Prediction for thread 0x0000000047c443c8: 0.2324
EA_PEDF_RV64: Prediction for thread 0x0000000047c09bf0: 0.4118
EA_PEDF_RV64: Prediction for thread 0x0000000047bcf418: 0.4006
EA_PEDF_RV64: Prediction for thread 0x0000000047b94c40: 0.2927
EA_PEDF_RV64: Prediction for thread 0x0000000047b5a468: 0.3048
EA_PEDF_RV64: Prediction for thread 0x0000000047b1fc90: 0.4173
EA_PEDF_RV64: Prediction for core 1: 0.8290
EA_PEDF_RV64: Prediction for core 2: 0.7054
EA_PEDF_RV64: Prediction for core 3: 0.5252
>  Iteration [29], Clock: 751999999Hz, Temperature: 39.8540C
>  Iteration [30], Clock: 751999999Hz, Temperature: 39.2740C
Retraining...
EA_PEDF_RV64: Error for thread 0x0000000047c443c8: 0.0666 = 0.1658 - 0.2324
EA_PEDF_RV64: Error for thread 0x0000000047c09bf0: 0.0795 = 0.3322 - 0.4118
EA_PEDF_RV64: Error for thread 0x0000000047bcf418: 0.0451 = 0.3555 - 0.4006
EA_PEDF_RV64: Error for thread 0x0000000047b94c40: 0.1147 = 0.1780 - 0.2927
EA_PEDF_RV64: Error for thread 0x0000000047b5a468: 0.1268 = 0.1780 - 0.3048
EA_PEDF_RV64: Error for thread 0x0000000047b1fc90: 0.0903 = 0.3270 - 0.4173
Training dataset: In [0.1692, 1.0000, 0.6847, 0.2370, 0.3442, 0.0458, 0.2814, 0.
0113, 0.0316, 0.0591, 0.2164] Out [0.3322]
Training dataset: In [0.2688, 0.3333, 0.4722, 0.0220, 0.3335, 0.9360, 0.6891, 0.
9750, 0.1398, 0.9311, 0.6624] Out [0.3044]
Training dataset: In [0.3298, 0.3333, 0.6584, 0.2371, 0.6183, 0.0454, 0.2795, 0.
0109, 0.0158, 0.0573, 0.3528] Out [0.4923]
Training dataset: In [0.1001, 1.0000, 0.2629, 0.0000, 0.0019, 0.9740, 0.8672, 0.
9494, 0.0699, 0.9597, 0.3831] Out [0.1658]
Training dataset: In [0.1012, 1.0000, 0.2693, 0.0000, 0.0000, 0.9768, 0.8748, 0.
9592, 0.1399, 0.9705, 0.3241] Out [0.1658]
Training dataset: In [0.1691, 1.0000, 0.6842, 0.2370, 0.3379, 0.0458, 0.2812, 0.
0115, 0.0277, 0.0593, 0.1931] Out [0.3322]
Training dataset: In [0.1342, 0.3333, 0.0612, 0.0000, 0.0626, 0.9352, 0.6867, 0.
9731, 0.0699, 0.9302, 0.7360] Out [0.3044]
Training dataset: In [0.3300, 0.3333, 0.6591, 0.2371, 0.6245, 0.0454, 0.2796, 0.
0110, 0.0277, 0.0575, 0.3861] Out [0.4923]
Training dataset: In [0.1658, 1.0000, 0.6641, 0.2370, 0.3360, 0.0239, 0.1645, 0.
0085, 0.0395, 0.0225, 0.1731] Out [0.3322]
Training dataset: In [0.1629, 1.0000, 0.6464, 0.2370, 0.3304, 0.0015, 0.0706, 0.
0013, 0.0000, 0.0066, 0.0816] Out [0.3270]
Training dataset: In [0.3357, 0.3333, 0.6765, 0.2371, 0.6352, 0.0389, 0.1853, 0.
0310, 0.0277, 0.0591, 0.2846] Out [0.4923]
Training dataset: In [0.3236, 0.3333, 0.6396, 0.2371, 0.6120, 0.0015, 0.0709, 0.
0012, 0.0000, 0.0066, 0.1331] Out [0.4912]
Training dataset: In [0.1653, 1.0000, 0.6607, 0.2370, 0.3360, 0.0236, 0.1647, 0.
0078, 0.0277, 0.0210, 0.1715] Out [0.3322]
Training dataset: In [0.1629, 1.0000, 0.6464, 0.2370, 0.3304, 0.0015, 0.0706, 0.
0013, 0.0000, 0.0066, 0.0782] Out [0.3270]
Training dataset: In [0.3357, 0.3333, 0.6766, 0.2371, 0.6352, 0.0390, 0.1854, 0.
0312, 0.0198, 0.0594, 0.2863] Out [0.4923]
Training dataset: In [0.3236, 0.3333, 0.6397, 0.2371, 0.6120, 0.0015, 0.0709, 0.
0012, 0.0000, 0.0066, 0.1331] Out [0.4912]
Training dataset: In [0.3564, 0.3333, 0.5097, 0.2194, 0.6854, 0.0785, 0.2467, 0.
0600, 0.0277, 0.1094, 0.6414] Out [0.6565]
Training dataset: In [0.1780, 0.3333, 0.0001, 0.4772, 0.1498, 0.0007, 0.0627, 0.
0000, 0.0000, 0.0000, 0.3124] Out [0.2671]
Training dataset: In [0.1878, 1.0000, 0.5647, 0.2194, 0.3972, 0.0513, 0.1418, 0.
0489, 0.0316, 0.0666, 0.2384] Out [0.3555]
Training dataset: In [0.0890, 1.0000, 0.0000, 0.4772, 0.0000, 0.0000, 0.0220, 0.
0015, 0.0000, 0.0084, 0.1370] Out [0.1780]
Training dataset: In [0.1929, 1.0000, 0.5940, 0.2194, 0.4110, 0.0790, 0.2356, 0.
0585, 0.0277, 0.1137, 0.3225] Out [0.3555]
Training dataset: In [0.0890, 1.0000, 0.0000, 0.4772, 0.0000, 0.0112, 0.0747, 0.
0000, 0.0000, 0.0000, 0.1840] Out [0.1780]
Training dataset: In [0.3564, 0.3333, 0.5098, 0.2194, 0.6854, 0.0858, 0.2465, 0.
0600, 0.0356, 0.1096, 0.6764] Out [0.6565]
Training dataset: In [0.1780, 0.3333, 0.0001, 0.4772, 0.1498, 0.0087, 0.0627, 0.
0000, 0.0000, 0.0000, 0.3423] Out [0.2671]
Training dataset: In [0.1884, 1.0000, 0.5682, 0.2194, 0.3984, 0.0644, 0.1693, 0.
0513, 0.0316, 0.0731, 0.3085] Out [0.3555]
Training dataset: In [0.0890, 1.0000, 0.0000, 0.4772, 0.0000, 0.0008, 0.0245, 0.
0016, 0.0000, 0.0086, 0.1626] Out [0.1780]
Training dataset: In [0.3541, 0.3333, 0.5033, 0.2194, 0.6806, 0.0734, 0.1904, 0.
0633, 0.0316, 0.0962, 0.5573] Out [0.6565]
Training dataset: In [0.1780, 0.3333, 0.0001, 0.4772, 0.1498, 0.0012, 0.0259, 0.
0016, 0.0000, 0.0086, 0.2311] Out [0.2671]
Training dataset: In [0.1881, 1.0000, 0.5664, 0.2194, 0.4014, 0.0641, 0.1696, 0.
0505, 0.0277, 0.0717, 0.2594] Out [0.3555]
Training dataset: In [0.0890, 1.0000, 0.0000, 0.4772, 0.0000, 0.0008, 0.0241, 0.
0016, 0.0048, 0.0087, 0.2097] Out [0.1780]
Training dataset: In [0.3542, 0.3333, 0.5034, 0.2194, 0.6771, 0.0735, 0.1906, 0.
0635, 0.0237, 0.0965, 0.5503] Out [0.6565]
Training dataset: In [0.1780, 0.3333, 0.0001, 0.4772, 0.1498, 0.0012, 0.0259, 0.
0016, 0.0000, 0.0087, 0.2354] Out [0.4033]
Training dataset: In [0.3292, 0.3333, 0.5734, 0.2194, 0.6334, 0.0371, 0.2408, 0.
0083, 0.0119, 0.0437, 0.6532] Out [0.4912]
Training dataset: In [0.1633, 1.0000, 0.5638, 0.2193, 0.3570, 0.0154, 0.1377, 0.
0022, 0.0277, 0.0108, 0.3131] Out [0.3322]
Training dataset: In [0.0890, 1.0000, 0.0000, 0.4772, 0.0030, 0.0186, 0.0041, 0.
0428, 0.0000, 0.0451, 0.0332] Out [0.1780]
Training dataset: In [0.1629, 1.0000, 0.5604, 0.2193, 0.3570, 0.0015, 0.0706, 0.
0012, 0.0040, 0.0066, 0.1531] Out [0.3270]
Training dataset: In [0.0890, 1.0000, 0.0000, 0.4772, 0.0012, 0.0251, 0.0323, 0.
0461, 0.0000, 0.0601, 0.0748] Out [0.1780]
Training dataset: In [0.1680, 1.0000, 0.5990, 0.2193, 0.3618, 0.0407, 0.2569, 0.
0089, 0.0277, 0.0466, 0.3879] Out [0.3270]
Training dataset: In [0.1781, 0.3333, 0.0001, 0.4772, 0.1514, 0.0387, 0.0589, 0.
0522, 0.0193, 0.0632, 0.2492] Out [0.4033]
Training dataset: In [0.3292, 0.3333, 0.5735, 0.2194, 0.6334, 0.0371, 0.2407, 0.
0083, 0.0119, 0.0438, 0.7077] Out [0.4912]
Training dataset: In [0.1016, 1.0000, 0.0957, 0.0000, 0.0409, 0.9991, 1.0000, 1.
0000, 0.1399, 1.0000, 0.7830] Out [0.1658]
Training dataset: In [0.0890, 1.0000, 0.0000, 0.4890, 0.0000, 0.0107, 0.1145, 0.
0015, 0.0289, 0.0057, 0.2742] Out [0.1780]
Training dataset: In [0.1459, 0.3333, 0.0000, 0.0000, 0.1156, 1.0000, 1.0000, 1.
0000, 0.0699, 1.0000, 1.0000] Out [0.3044]
Training dataset: In [0.1780, 0.3333, 0.1087, 0.4890, 0.1498, 0.0103, 0.1025, 0.
0012, 0.0241, 0.0043, 0.3122] Out [0.4033]
Training dataset: In [0.1021, 1.0000, 0.1971, 0.0000, 0.0467, 0.9774, 0.8968, 0.
8384, 0.0699, 0.7447, 0.5223] Out [0.1658]
Training dataset: In [0.0890, 1.0000, 0.1086, 0.4890, 0.0000, 0.0000, 0.0214, 0.
0013, 0.0000, 0.0052, 0.1351] Out [0.1780]
Training dataset: In [0.1461, 0.3333, 0.0007, 0.0000, 0.1174, 1.0000, 1.0000, 1.
0000, 0.0699, 1.0000, 1.0000] Out [0.3044]
Training dataset: In [0.1780, 0.3333, 0.1087, 0.4890, 0.1510, 0.0167, 0.0951, 0.
0000, 0.0048, 0.0000, 0.2416] Out [0.2671]
EA_PEDF_RV64: Prediction for thread 0x0000000047c443c8: 0.2784
EA_PEDF_RV64: Prediction for thread 0x0000000047c09bf0: 0.5580
EA_PEDF_RV64: Prediction for thread 0x0000000047bcf418: 0.5593
EA_PEDF_RV64: Prediction for thread 0x0000000047b94c40: 0.4134
EA_PEDF_RV64: Prediction for thread 0x0000000047b5a468: 0.4304
EA_PEDF_RV64: Prediction for thread 0x0000000047b1fc90: 0.5597
EA_PEDF_RV64: Prediction for core 1: 1.1177
Imbalanced!
>  Iteration [31], Clock: 751999999Hz, Temperature: 39.1000C
EA_PEDF_RV64: Prediction for thread 0x0000000047c443c8: 0.2774
EA_PEDF_RV64: Prediction for thread 0x0000000047c09bf0: 0.6743
EA_PEDF_RV64: Prediction for thread 0x0000000047bcf418: 0.7008
EA_PEDF_RV64: Prediction for thread 0x0000000047b94c40: 0.4134
EA_PEDF_RV64: Prediction for thread 0x0000000047b5a468: 0.4306
EA_PEDF_RV64: Prediction for thread 0x0000000047b1fc90: 0.5220
<0>: EA_PEDF_RV64: The utilization went beyond the safety margin of 95.0000%
Core 1 utilization: 1.2562
Core 2 utilization: 1.1281
Core 3 utilization: 0.3241
 :<0>
Revoking...
Migrating thread 0x0000000047b94c40 from 3 to 2
Swapping thread 0x0000000047b5a468 from 2 to 3
New migration optimization threshold: 0.3500
>  Iteration [32], Clock: 1503999999Hz, Temperature: 39.0420C
>  Iteration [33], Clock: 1503999999Hz, Temperature: 39.7960C
EA_PEDF_RV64: Prediction for thread 0x0000000047c443c8: 0.2043
EA_PEDF_RV64: Prediction for thread 0x0000000047c09bf0: 0.3307
EA_PEDF_RV64: Prediction for thread 0x0000000047bcf418: 0.3402
EA_PEDF_RV64: Prediction for thread 0x0000000047b94c40: 0.2771
EA_PEDF_RV64: Prediction for thread 0x0000000047b5a468: 0.2604
EA_PEDF_RV64: Prediction for thread 0x0000000047b1fc90: 0.3373
EA_PEDF_RV64: Prediction for core 1: 0.6680
EA_PEDF_RV64: Prediction for core 2: 0.6173
EA_PEDF_RV64: Prediction for core 3: 0.4647
>  Iteration [34], Clock: 751999999Hz, Temperature: 40.0280C
>  Iteration [35], Clock: 751999999Hz, Temperature: 39.3900C
Retraining...
EA_PEDF_RV64: Error for thread 0x0000000047c443c8: 0.0441 = 0.1602 - 0.2043
EA_PEDF_RV64: Error for thread 0x0000000047c09bf0: 0.0878 = 0.4185 - 0.3307
EA_PEDF_RV64: Error for thread 0x0000000047bcf418: 0.1000 = 0.4402 - 0.3402
EA_PEDF_RV64: Error for thread 0x0000000047b94c40: 0.0991 = 0.1780 - 0.2771
EA_PEDF_RV64: Error for thread 0x0000000047b5a468: 0.0824 = 0.1780 - 0.2604
EA_PEDF_RV64: Error for thread 0x0000000047b1fc90: 0.0113 = 0.3260 - 0.3373
Training dataset: In [0.1342, 0.3333, 0.0612, 0.0000, 0.0626, 0.9352, 0.6867, 0.
9731, 0.0699, 0.9302, 0.7360] Out [0.3044]
Training dataset: In [0.3300, 0.3333, 0.6591, 0.2371, 0.6245, 0.0454, 0.2796, 0.
0110, 0.0277, 0.0575, 0.3861] Out [0.4923]
Training dataset: In [0.1658, 1.0000, 0.6641, 0.2370, 0.3360, 0.0239, 0.1645, 0.
0085, 0.0395, 0.0225, 0.1731] Out [0.4185]
Training dataset: In [0.1629, 1.0000, 0.6464, 0.2370, 0.3304, 0.0015, 0.0706, 0.
0013, 0.0000, 0.0066, 0.0816] Out [0.3260]
Training dataset: In [0.3357, 0.3333, 0.6765, 0.2371, 0.6352, 0.0389, 0.1853, 0.
0310, 0.0277, 0.0591, 0.2846] Out [0.4923]
Training dataset: In [0.3236, 0.3333, 0.6396, 0.2371, 0.6120, 0.0015, 0.0709, 0.
0012, 0.0000, 0.0066, 0.1331] Out [0.4912]
Training dataset: In [0.1653, 1.0000, 0.6607, 0.2370, 0.3360, 0.0236, 0.1647, 0.
0078, 0.0277, 0.0210, 0.1715] Out [0.4185]
Training dataset: In [0.1629, 1.0000, 0.6464, 0.2370, 0.3304, 0.0015, 0.0706, 0.
0013, 0.0000, 0.0066, 0.0782] Out [0.3260]
Training dataset: In [0.3357, 0.3333, 0.6766, 0.2371, 0.6352, 0.0390, 0.1854, 0.
0312, 0.0198, 0.0594, 0.2863] Out [0.4923]
Training dataset: In [0.3236, 0.3333, 0.6397, 0.2371, 0.6120, 0.0015, 0.0709, 0.
0012, 0.0000, 0.0066, 0.1331] Out [0.4912]
Training dataset: In [0.9326, 0.3333, 1.0000, 0.7137, 0.6364, 0.0231, 0.1253, 0.
0238, 0.0333, 0.0452, 0.2218] Out [0.4923]
Training dataset: In [0.3236, 0.3333, 0.2560, 0.2371, 0.6120, 0.0015, 0.0709, 0.
0013, 0.0000, 0.0066, 0.1365] Out [0.4912]
Training dataset: In [0.1654, 1.0000, 0.2647, 0.2370, 0.3360, 0.0235, 0.1646, 0.
0077, 0.0237, 0.0208, 0.1964] Out [0.4185]
Training dataset: In [0.1629, 1.0000, 0.2586, 0.2370, 0.3304, 0.0015, 0.0706, 0.
0013, 0.0040, 0.0066, 0.0749] Out [0.3260]
Training dataset: In [0.3358, 0.3333, 0.2709, 0.2371, 0.6352, 0.0389, 0.1855, 0.
0311, 0.0158, 0.0594, 0.2779] Out [0.4923]
Training dataset: In [0.3236, 0.3333, 0.2560, 0.2371, 0.6120, 0.0015, 0.0709, 0.
0012, 0.0000, 0.0066, 0.1331] Out [0.4912]
Training dataset: In [0.3564, 0.3333, 0.5098, 0.2194, 0.6854, 0.0858, 0.2465, 0.
0600, 0.0356, 0.1096, 0.6764] Out [0.6565]
Training dataset: In [0.1780, 0.3333, 0.0001, 0.4772, 0.1498, 0.0087, 0.0627, 0.
0000, 0.0000, 0.0000, 0.3423] Out [0.2671]
Training dataset: In [0.1884, 1.0000, 0.5682, 0.2194, 0.3984, 0.0644, 0.1693, 0.
0513, 0.0316, 0.0731, 0.3085] Out [0.4402]
Training dataset: In [0.0890, 1.0000, 0.0000, 0.4772, 0.0000, 0.0008, 0.0245, 0.
0016, 0.0000, 0.0086, 0.1626] Out [0.1780]
Training dataset: In [0.3541, 0.3333, 0.5033, 0.2194, 0.6806, 0.0734, 0.1904, 0.
0633, 0.0316, 0.0962, 0.5573] Out [0.6565]
Training dataset: In [0.1780, 0.3333, 0.0001, 0.4772, 0.1498, 0.0012, 0.0259, 0.
0016, 0.0000, 0.0086, 0.2311] Out [0.2671]
Training dataset: In [0.1881, 1.0000, 0.5664, 0.2194, 0.4014, 0.0641, 0.1696, 0.
0505, 0.0277, 0.0717, 0.2594] Out [0.4402]
Training dataset: In [0.0890, 1.0000, 0.0000, 0.4772, 0.0000, 0.0008, 0.0241, 0.
0016, 0.0048, 0.0087, 0.2097] Out [0.1780]
Training dataset: In [0.3542, 0.3333, 0.5034, 0.2194, 0.6771, 0.0735, 0.1906, 0.
0635, 0.0237, 0.0965, 0.5503] Out [0.6565]
Training dataset: In [0.1780, 0.3333, 0.0001, 0.4772, 0.1498, 0.0012, 0.0259, 0.
0016, 0.0000, 0.0087, 0.2354] Out [0.4033]
Training dataset: In [0.9501, 0.3333, 1.0000, 0.7061, 0.6783, 0.0517, 0.1292, 0.
0485, 0.0363, 0.0739, 0.4190] Out [0.6565]
Training dataset: In [0.1780, 0.3333, 0.0000, 0.4772, 0.1510, 0.0012, 0.0257, 0.
0016, 0.0000, 0.0087, 0.2354] Out [0.4033]
Training dataset: In [0.1880, 1.0000, 0.2566, 0.2194, 0.3996, 0.0641, 0.1691, 0.
0505, 0.0119, 0.0715, 0.2314] Out [0.4402]
Training dataset: In [0.0890, 1.0000, 0.0000, 0.4772, 0.0000, 0.0008, 0.0240, 0.
0016, 0.0289, 0.0087, 0.2183] Out [0.1780]
Training dataset: In [0.3541, 0.3333, 0.2281, 0.2194, 0.6818, 0.0734, 0.1906, 0.
0634, 0.0198, 0.0965, 0.5502] Out [0.6565]
Training dataset: In [0.1780, 0.3333, 0.0000, 0.4772, 0.1498, 0.0012, 0.0255, 0.
0016, 0.0000, 0.0087, 0.2268] Out [0.2671]
Training dataset: In [0.1781, 0.3333, 0.0001, 0.4772, 0.1514, 0.0387, 0.0589, 0.
0522, 0.0193, 0.0632, 0.2492] Out [0.4033]
Training dataset: In [0.3292, 0.3333, 0.5735, 0.2194, 0.6334, 0.0371, 0.2407, 0.
0083, 0.0119, 0.0438, 0.7077] Out [0.4912]
Training dataset: In [0.1016, 1.0000, 0.0957, 0.0000, 0.0409, 0.9991, 1.0000, 1.
0000, 0.1399, 1.0000, 0.7830] Out [0.1602]
Training dataset: In [0.0890, 1.0000, 0.0000, 0.4890, 0.0000, 0.0107, 0.1145, 0.
0015, 0.0289, 0.0057, 0.2742] Out [0.1780]
Training dataset: In [0.1459, 0.3333, 0.0000, 0.0000, 0.1156, 1.0000, 1.0000, 1.
0000, 0.0699, 1.0000, 1.0000] Out [0.3044]
Training dataset: In [0.1780, 0.3333, 0.1087, 0.4890, 0.1498, 0.0103, 0.1025, 0.
0012, 0.0241, 0.0043, 0.3122] Out [0.4033]
Training dataset: In [0.1021, 1.0000, 0.1971, 0.0000, 0.0467, 0.9774, 0.8968, 0.
8384, 0.0699, 0.7447, 0.5223] Out [0.1602]
Training dataset: In [0.0890, 1.0000, 0.1086, 0.4890, 0.0000, 0.0000, 0.0214, 0.
0013, 0.0000, 0.0052, 0.1351] Out [0.1780]
Training dataset: In [0.1461, 0.3333, 0.0007, 0.0000, 0.1174, 1.0000, 1.0000, 1.
0000, 0.0699, 1.0000, 1.0000] Out [0.3044]
Training dataset: In [0.1780, 0.3333, 0.1087, 0.4890, 0.1510, 0.0167, 0.0951, 0.
0000, 0.0048, 0.0000, 0.2416] Out [0.2671]
Training dataset: In [0.1460, 0.3333, 0.0006, 0.0000, 0.1162, 0.10000, 0.9984, 0
.9997, 0.0699, 0.9981, 0.8000] Out [0.3044]
Training dataset: In [0.1780, 0.3333, 0.1087, 0.4890, 0.1498, 0.0158, 0.0917, 0.
0000, 0.0145, 0.0001, 0.2232] Out [0.2671]
Training dataset: In [0.1012, 1.0000, 0.1913, 0.0000, 0.0437, 0.9729, 0.8789, 0.
8291, 0.2098, 0.7288, 0.4005] Out [0.1602]
Training dataset: In [0.0890, 1.0000, 0.1086, 0.4890, 0.0000, 0.0186, 0.1020, 0.
0012, 0.0000, 0.0046, 0.1197] Out [0.1780]
Training dataset: In [0.1459, 0.3333, 0.0003, 0.0000, 0.1156, 0.9993, 0.9943, 0.
9987, 0.0699, 0.9962, 0.7667] Out [0.3044]
Training dataset: In [0.1780, 0.3333, 0.1087, 0.4890, 0.1498, 0.0184, 0.1022, 0.
0013, 0.0145, 0.0047, 0.2278] Out [0.4033]
EA_PEDF_RV64: Prediction for thread 0x0000000047c443c8: 0.2622
EA_PEDF_RV64: Prediction for thread 0x0000000047c09bf0: 0.5047
EA_PEDF_RV64: Prediction for thread 0x0000000047bcf418: 0.5266
EA_PEDF_RV64: Prediction for thread 0x0000000047b94c40: 0.4242
EA_PEDF_RV64: Prediction for thread 0x0000000047b5a468: 0.3966
EA_PEDF_RV64: Prediction for thread 0x0000000047b1fc90: 0.5087
EA_PEDF_RV64: Prediction for core 1: 1.0134
Imbalanced!
Swap candidates chosen with score 0.0014, original migration score: 0.0066
Migrating thread 0x0000000047c443c8 from 3 to 2
Swapping thread 0x0000000047bcf418 from 2 to 3
>  Iteration [36], Clock: 1503999999Hz, Temperature: 39.2160C
>  Iteration [37], Clock: 1503999999Hz, Temperature: 39.8540C
EA_PEDF_RV64: Prediction for thread 0x0000000047c443c8: 0.2030
EA_PEDF_RV64: Prediction for thread 0x0000000047c09bf0: 0.3187
EA_PEDF_RV64: Prediction for thread 0x0000000047bcf418: 0.3544
EA_PEDF_RV64: Prediction for thread 0x0000000047b94c40: 0.2704
EA_PEDF_RV64: Prediction for thread 0x0000000047b5a468: 0.2492
EA_PEDF_RV64: Prediction for thread 0x0000000047b1fc90: 0.3253
EA_PEDF_RV64: Prediction for core 1: 0.6439
EA_PEDF_RV64: Prediction for core 2: 0.4734
EA_PEDF_RV64: Prediction for core 3: 0.6036
>  Iteration [38], Clock: 751999999Hz, Temperature: 40.1440C
>  Iteration [39], Clock: 751999999Hz, Temperature: 39.5640C
Retraining...
EA_PEDF_RV64: Error for thread 0x0000000047c443c8: 0.0446 = 0.1584 - 0.2030
EA_PEDF_RV64: Error for thread 0x0000000047c09bf0: 0.0895 = 0.4082 - 0.3187
EA_PEDF_RV64: Error for thread 0x0000000047bcf418: 0.0750 = 0.4295 - 0.3544
EA_PEDF_RV64: Error for thread 0x0000000047b94c40: 0.0924 = 0.1780 - 0.2704
EA_PEDF_RV64: Error for thread 0x0000000047b5a468: 0.0712 = 0.1780 - 0.2492
EA_PEDF_RV64: Error for thread 0x0000000047b1fc90: 0.0005 = 0.3257 - 0.3253
Training dataset: In [0.3357, 0.3333, 0.6765, 0.2371, 0.6352, 0.0389, 0.1853, 0.
0310, 0.0277, 0.0591, 0.2846] Out [0.4923]
Training dataset: In [0.3236, 0.3333, 0.6396, 0.2371, 0.6120, 0.0015, 0.0709, 0.
0012, 0.0000, 0.0066, 0.1331] Out [0.4912]
Training dataset: In [0.1653, 1.0000, 0.6607, 0.2370, 0.3360, 0.0236, 0.1647, 0.
0078, 0.0277, 0.0210, 0.1715] Out [0.4082]
Training dataset: In [0.1629, 1.0000, 0.6464, 0.2370, 0.3304, 0.0015, 0.0706, 0.
0013, 0.0000, 0.0066, 0.0782] Out [0.3257]
Training dataset: In [0.3357, 0.3333, 0.6766, 0.2371, 0.6352, 0.0390, 0.1854, 0.
0312, 0.0198, 0.0594, 0.2863] Out [0.4923]
Training dataset: In [0.3236, 0.3333, 0.6397, 0.2371, 0.6120, 0.0015, 0.0709, 0.
0012, 0.0000, 0.0066, 0.1331] Out [0.4912]
Training dataset: In [0.9326, 0.3333, 1.0000, 0.7137, 0.6364, 0.0231, 0.1253, 0.
0238, 0.0333, 0.0452, 0.2218] Out [0.4923]
Training dataset: In [0.3236, 0.3333, 0.2560, 0.2371, 0.6120, 0.0015, 0.0709, 0.
0013, 0.0000, 0.0066, 0.1365] Out [0.4912]
Training dataset: In [0.1654, 1.0000, 0.2647, 0.2370, 0.3360, 0.0235, 0.1646, 0.
0077, 0.0237, 0.0208, 0.1964] Out [0.4082]
Training dataset: In [0.1629, 1.0000, 0.2586, 0.2370, 0.3304, 0.0015, 0.0706, 0.
0013, 0.0040, 0.0066, 0.0749] Out [0.3257]
Training dataset: In [0.3358, 0.3333, 0.2709, 0.2371, 0.6352, 0.0389, 0.1855, 0.
0311, 0.0158, 0.0594, 0.2779] Out [0.4923]
Training dataset: In [0.3236, 0.3333, 0.2560, 0.2371, 0.6120, 0.0015, 0.0709, 0.
0012, 0.0000, 0.0066, 0.1331] Out [0.4912]
Training dataset: In [0.1656, 1.0000, 0.2651, 0.2370, 0.3360, 0.0236, 0.1645, 0.
0079, 0.0158, 0.0211, 0.1831] Out [0.4082]
Training dataset: In [0.1629, 1.0000, 0.2586, 0.2370, 0.3304, 0.0015, 0.0706, 0.
0013, 0.0000, 0.0067, 0.0782] Out [0.3257]
Training dataset: In [0.3358, 0.3333, 0.2708, 0.2371, 0.6352, 0.0389, 0.1852, 0.
0311, 0.0198, 0.0592, 0.2746] Out [0.4923]
Training dataset: In [0.3236, 0.3333, 0.2560, 0.2371, 0.6120, 0.0015, 0.0709, 0.
0013, 0.0000, 0.0066, 0.1365] Out [0.4912]
Training dataset: In [0.3541, 0.3333, 0.5033, 0.2194, 0.6806, 0.0734, 0.1904, 0.
0633, 0.0316, 0.0962, 0.5573] Out [0.6565]
Training dataset: In [0.1780, 0.3333, 0.0001, 0.4772, 0.1498, 0.0012, 0.0259, 0.
0016, 0.0000, 0.0086, 0.2311] Out [0.2671]
Training dataset: In [0.1881, 1.0000, 0.5664, 0.2194, 0.4014, 0.0641, 0.1696, 0.
0505, 0.0277, 0.0717, 0.2594] Out [0.4295]
Training dataset: In [0.0890, 1.0000, 0.0000, 0.4772, 0.0000, 0.0008, 0.0241, 0.
0016, 0.0048, 0.0087, 0.2097] Out [0.1780]
Training dataset: In [0.3542, 0.3333, 0.5034, 0.2194, 0.6771, 0.0735, 0.1906, 0.
0635, 0.0237, 0.0965, 0.5503] Out [0.6565]
Training dataset: In [0.1780, 0.3333, 0.0001, 0.4772, 0.1498, 0.0012, 0.0259, 0.
0016, 0.0000, 0.0087, 0.2354] Out [0.4033]
Training dataset: In [0.9501, 0.3333, 1.0000, 0.7061, 0.6783, 0.0517, 0.1292, 0.
0485, 0.0363, 0.0739, 0.4190] Out [0.6565]
Training dataset: In [0.1780, 0.3333, 0.0000, 0.4772, 0.1510, 0.0012, 0.0257, 0.
0016, 0.0000, 0.0087, 0.2354] Out [0.4033]
Training dataset: In [0.1880, 1.0000, 0.2566, 0.2194, 0.3996, 0.0641, 0.1691, 0.
0505, 0.0119, 0.0715, 0.2314] Out [0.4295]
Training dataset: In [0.0890, 1.0000, 0.0000, 0.4772, 0.0000, 0.0008, 0.0240, 0.
0016, 0.0289, 0.0087, 0.2183] Out [0.1780]
Training dataset: In [0.3541, 0.3333, 0.2281, 0.2194, 0.6818, 0.0734, 0.1906, 0.
0634, 0.0198, 0.0965, 0.5502] Out [0.6565]
Training dataset: In [0.1780, 0.3333, 0.0000, 0.4772, 0.1498, 0.0012, 0.0255, 0.
0016, 0.0000, 0.0087, 0.2268] Out [0.2671]
Training dataset: In [0.1009, 1.0000, 0.0310, 0.0000, 0.0443, 0.9971, 0.9886, 0.
9927, 0.1399, 1.0000, 0.8067] Out [0.1584]
Training dataset: In [0.0890, 1.0000, 0.0000, 0.4890, 0.0000, 0.0008, 0.0240, 0.
0016, 0.0145, 0.0076, 0.2482] Out [0.1780]
Training dataset: In [0.1458, 0.3333, 0.0000, 0.0000, 0.1174, 1.0000, 1.0000, 1.
0000, 0.1397, 1.0000, 1.0000] Out [0.3044]
Training dataset: In [0.1780, 0.3333, 0.0401, 0.4891, 0.1510, 0.0174, 0.0959, 0.
0000, 0.0241, 0.0000, 0.3659] Out [0.2671]
Training dataset: In [0.1459, 0.3333, 0.0000, 0.0000, 0.1156, 1.0000, 1.0000, 1.
0000, 0.0699, 1.0000, 1.0000] Out [0.3044]
Training dataset: In [0.1780, 0.3333, 0.1087, 0.4890, 0.1498, 0.0103, 0.1025, 0.
0012, 0.0241, 0.0043, 0.3122] Out [0.4033]
Training dataset: In [0.1021, 1.0000, 0.1971, 0.0000, 0.0467, 0.9774, 0.8968, 0.
8384, 0.0699, 0.7447, 0.5223] Out [0.1584]
Training dataset: In [0.0890, 1.0000, 0.1086, 0.4890, 0.0000, 0.0000, 0.0214, 0.
0013, 0.0000, 0.0052, 0.1351] Out [0.1780]
Training dataset: In [0.1461, 0.3333, 0.0007, 0.0000, 0.1174, 1.0000, 1.0000, 1.
0000, 0.0699, 1.0000, 1.0000] Out [0.3044]
Training dataset: In [0.1780, 0.3333, 0.1087, 0.4890, 0.1510, 0.0167, 0.0951, 0.
0000, 0.0048, 0.0000, 0.2416] Out [0.2671]
Training dataset: In [0.1460, 0.3333, 0.0006, 0.0000, 0.1162, 0.10000, 0.9984, 0
.9997, 0.0699, 0.9981, 0.8000] Out [0.3044]
Training dataset: In [0.1780, 0.3333, 0.1087, 0.4890, 0.1498, 0.0158, 0.0917, 0.
0000, 0.0145, 0.0001, 0.2232] Out [0.2671]
Training dataset: In [0.1012, 1.0000, 0.1913, 0.0000, 0.0437, 0.9729, 0.8789, 0.
8291, 0.2098, 0.7288, 0.4005] Out [0.1584]
Training dataset: In [0.0890, 1.0000, 0.1086, 0.4890, 0.0000, 0.0186, 0.1020, 0.
0012, 0.0000, 0.0046, 0.1197] Out [0.1780]
Training dataset: In [0.1459, 0.3333, 0.0003, 0.0000, 0.1156, 0.9993, 0.9943, 0.
9987, 0.0699, 0.9962, 0.7667] Out [0.3044]
Training dataset: In [0.1780, 0.3333, 0.1087, 0.4890, 0.1498, 0.0184, 0.1022, 0.
0013, 0.0145, 0.0047, 0.2278] Out [0.4033]
Training dataset: In [0.1880, 1.0000, 0.7783, 0.2370, 0.3966, 0.0619, 0.1508, 0.
0418, 0.0158, 0.0447, 0.1225] Out [0.4295]
Training dataset: In [0.0890, 1.0000, 0.1086, 0.4890, 0.0000, 0.0000, 0.0215, 0.
0014, 0.0145, 0.0058, 0.1496] Out [0.1780]
Training dataset: In [0.3541, 0.3333, 0.7041, 0.2370, 0.6771, 0.0709, 0.1693, 0.
0527, 0.0198, 0.0604, 0.2790] Out [0.6565]
Training dataset: In [0.1780, 0.3333, 0.1087, 0.4890, 0.1498, 0.0004, 0.0229, 0.
0014, 0.0000, 0.0057, 0.1266] Out [0.4033]
EA_PEDF_RV64: Prediction for thread 0x0000000047c443c8: 0.2838
EA_PEDF_RV64: Prediction for thread 0x0000000047c09bf0: 0.4989
EA_PEDF_RV64: Prediction for thread 0x0000000047bcf418: 0.5356
EA_PEDF_RV64: Prediction for thread 0x0000000047b94c40: 0.4135
EA_PEDF_RV64: Prediction for thread 0x0000000047b5a468: 0.3993
EA_PEDF_RV64: Prediction for thread 0x0000000047b1fc90: 0.5030
EA_PEDF_RV64: Prediction for core 1: 1.0020
Imbalanced!
Swap candidates chosen with score 0.0100, original migration score: 0.0256
Migrating thread 0x0000000047c443c8 from 2 to 3
Swapping thread 0x0000000047bcf418 from 3 to 2
>  Iteration [40], Clock: 1503999999Hz, Temperature: 39.3320C
>  Iteration [41], Clock: 1503999999Hz, Temperature: 40.0860C
EA_PEDF_RV64: Prediction for thread 0x0000000047c443c8: 0.1845
EA_PEDF_RV64: Prediction for thread 0x0000000047c09bf0: 0.4616
EA_PEDF_RV64: Prediction for thread 0x0000000047bcf418: 0.3292
EA_PEDF_RV64: Prediction for thread 0x0000000047b94c40: 0.2622
EA_PEDF_RV64: Prediction for thread 0x0000000047b5a468: 0.2387
EA_PEDF_RV64: Prediction for thread 0x0000000047b1fc90: 0.3212
EA_PEDF_RV64: Prediction for core 1: 0.7828
EA_PEDF_RV64: Prediction for core 2: 0.5914
EA_PEDF_RV64: Prediction for core 3: 0.4232
>  Iteration [42], Clock: 751999999Hz, Temperature: 40.3180C
>  Iteration [43], Clock: 751999999Hz, Temperature: 39.6800C
Retraining...
EA_PEDF_RV64: Error for thread 0x0000000047c443c8: 0.0275 = 0.1570 - 0.1845
EA_PEDF_RV64: Error for thread 0x0000000047c09bf0: 0.0615 = 0.4001 - 0.4616
EA_PEDF_RV64: Error for thread 0x0000000047bcf418: 0.0920 = 0.4211 - 0.3292
EA_PEDF_RV64: Error for thread 0x0000000047b94c40: 0.0842 = 0.1780 - 0.2622
EA_PEDF_RV64: Error for thread 0x0000000047b5a468: 0.0607 = 0.1780 - 0.2387
EA_PEDF_RV64: Error for thread 0x0000000047b1fc90: 0.0043 = 0.3255 - 0.3212
Training dataset: In [0.3357, 0.3333, 0.6766, 0.2371, 0.6352, 0.0390, 0.1854, 0.
0312, 0.0198, 0.0594, 0.2863] Out [0.4923]
Training dataset: In [0.3236, 0.3333, 0.6397, 0.2371, 0.6120, 0.0015, 0.0709, 0.
0012, 0.0000, 0.0066, 0.1331] Out [0.4912]
Training dataset: In [0.9326, 0.3333, 1.0000, 0.7137, 0.6364, 0.0231, 0.1253, 0.
0238, 0.0333, 0.0452, 0.2218] Out [0.4923]
Training dataset: In [0.3236, 0.3333, 0.2560, 0.2371, 0.6120, 0.0015, 0.0709, 0.
0013, 0.0000, 0.0066, 0.1365] Out [0.4912]
Training dataset: In [0.1654, 1.0000, 0.2647, 0.2370, 0.3360, 0.0235, 0.1646, 0.
0077, 0.0237, 0.0208, 0.1964] Out [0.4001]
Training dataset: In [0.1629, 1.0000, 0.2586, 0.2370, 0.3304, 0.0015, 0.0706, 0.
0013, 0.0040, 0.0066, 0.0749] Out [0.3255]
Training dataset: In [0.3358, 0.3333, 0.2709, 0.2371, 0.6352, 0.0389, 0.1855, 0.
0311, 0.0158, 0.0594, 0.2779] Out [0.4923]
Training dataset: In [0.3236, 0.3333, 0.2560, 0.2371, 0.6120, 0.0015, 0.0709, 0.
0012, 0.0000, 0.0066, 0.1331] Out [0.4912]
Training dataset: In [0.1656, 1.0000, 0.2651, 0.2370, 0.3360, 0.0236, 0.1645, 0.
0079, 0.0158, 0.0211, 0.1831] Out [0.4001]
Training dataset: In [0.1629, 1.0000, 0.2586, 0.2370, 0.3304, 0.0015, 0.0706, 0.
0013, 0.0000, 0.0067, 0.0782] Out [0.3255]
Training dataset: In [0.3358, 0.3333, 0.2708, 0.2371, 0.6352, 0.0389, 0.1852, 0.
0311, 0.0198, 0.0592, 0.2746] Out [0.4923]
Training dataset: In [0.3236, 0.3333, 0.2560, 0.2371, 0.6120, 0.0015, 0.0709, 0.
0013, 0.0000, 0.0066, 0.1365] Out [0.4912]
Training dataset: In [0.3307, 1.0000, 0.6687, 0.4960, 0.8805, 0.0235, 0.1646, 0.
0077, 0.0138, 0.0208, 0.1548] Out [0.4001]
Training dataset: In [0.1629, 1.0000, 0.2587, 0.2370, 0.3304, 0.0015, 0.0706, 0.
0013, 0.0079, 0.0067, 0.0882] Out [0.3255]
Training dataset: In [0.3358, 0.3333, 0.2709, 0.2371, 0.6352, 0.0389, 0.1855, 0.
0311, 0.0158, 0.0592, 0.2746] Out [0.4923]
Training dataset: In [0.3236, 0.3333, 0.2560, 0.2371, 0.6120, 0.0015, 0.0709, 0.
0013, 0.0000, 0.0066, 0.1381] Out [0.4912]
Training dataset: In [0.3542, 0.3333, 0.5034, 0.2194, 0.6771, 0.0735, 0.1906, 0.
0635, 0.0237, 0.0965, 0.5503] Out [0.6565]
Training dataset: In [0.1780, 0.3333, 0.0001, 0.4772, 0.1498, 0.0012, 0.0259, 0.
0016, 0.0000, 0.0087, 0.2354] Out [0.4033]
Training dataset: In [0.9501, 0.3333, 1.0000, 0.7061, 0.6783, 0.0517, 0.1292, 0.
0485, 0.0363, 0.0739, 0.4190] Out [0.6565]
Training dataset: In [0.1780, 0.3333, 0.0000, 0.4772, 0.1510, 0.0012, 0.0257, 0.
0016, 0.0000, 0.0087, 0.2354] Out [0.4033]
Training dataset: In [0.1880, 1.0000, 0.2566, 0.2194, 0.3996, 0.0641, 0.1691, 0.
0505, 0.0119, 0.0715, 0.2314] Out [0.4211]
Training dataset: In [0.0890, 1.0000, 0.0000, 0.4772, 0.0000, 0.0008, 0.0240, 0.
0016, 0.0289, 0.0087, 0.2183] Out [0.1780]
Training dataset: In [0.3541, 0.3333, 0.2281, 0.2194, 0.6818, 0.0734, 0.1906, 0.
0634, 0.0198, 0.0965, 0.5502] Out [0.6565]
Training dataset: In [0.1780, 0.3333, 0.0000, 0.4772, 0.1498, 0.0012, 0.0255, 0.
0016, 0.0000, 0.0087, 0.2268] Out [0.2671]
Training dataset: In [0.1009, 1.0000, 0.0310, 0.0000, 0.0443, 0.9971, 0.9886, 0.
9927, 0.1399, 1.0000, 0.8067] Out [0.1570]
Training dataset: In [0.0890, 1.0000, 0.0000, 0.4890, 0.0000, 0.0008, 0.0240, 0.
0016, 0.0145, 0.0076, 0.2482] Out [0.1780]
Training dataset: In [0.1458, 0.3333, 0.0000, 0.0000, 0.1174, 1.0000, 1.0000, 1.
0000, 0.1397, 1.0000, 1.0000] Out [0.3044]
Training dataset: In [0.1780, 0.3333, 0.0401, 0.4891, 0.1510, 0.0174, 0.0959, 0.
0000, 0.0241, 0.0000, 0.3659] Out [0.2671]
Training dataset: In [0.1881, 1.0000, 0.2864, 0.2370, 0.3984, 0.0626, 0.1520, 0.
0422, 0.0158, 0.0451, 0.1866] Out [0.4211]
Training dataset: In [0.0890, 1.0000, 0.0400, 0.4890, 0.0000, 0.0007, 0.0215, 0.
0014, 0.0289, 0.0058, 0.1692] Out [0.1780]
Training dataset: In [0.3542, 0.3333, 0.2591, 0.2371, 0.6822, 0.0717, 0.1709, 0.
0529, 0.0198, 0.0606, 0.4297] Out [0.6565]
Training dataset: In [0.1780, 0.3333, 0.0401, 0.4891, 0.1508, 0.0011, 0.0229, 0.
0014, 0.0000, 0.0057, 0.1864] Out [0.2671]
Training dataset: In [0.1461, 0.3333, 0.0007, 0.0000, 0.1174, 1.0000, 1.0000, 1.
0000, 0.0699, 1.0000, 1.0000] Out [0.3044]
Training dataset: In [0.1780, 0.3333, 0.1087, 0.4890, 0.1510, 0.0167, 0.0951, 0.
0000, 0.0048, 0.0000, 0.2416] Out [0.2671]
Training dataset: In [0.1460, 0.3333, 0.0006, 0.0000, 0.1162, 0.10000, 0.9984, 0
.9997, 0.0699, 0.9981, 0.8000] Out [0.3044]
Training dataset: In [0.1780, 0.3333, 0.1087, 0.4890, 0.1498, 0.0158, 0.0917, 0.
0000, 0.0145, 0.0001, 0.2232] Out [0.2671]
Training dataset: In [0.1012, 1.0000, 0.1913, 0.0000, 0.0437, 0.9729, 0.8789, 0.
8291, 0.2098, 0.7288, 0.4005] Out [0.1570]
Training dataset: In [0.0890, 1.0000, 0.1086, 0.4890, 0.0000, 0.0186, 0.1020, 0.
0012, 0.0000, 0.0046, 0.1197] Out [0.1780]
Training dataset: In [0.1459, 0.3333, 0.0003, 0.0000, 0.1156, 0.9993, 0.9943, 0.
9987, 0.0699, 0.9962, 0.7667] Out [0.3044]
Training dataset: In [0.1780, 0.3333, 0.1087, 0.4890, 0.1498, 0.0184, 0.1022, 0.
0013, 0.0145, 0.0047, 0.2278] Out [0.4033]
Training dataset: In [0.1880, 1.0000, 0.7783, 0.2370, 0.3966, 0.0619, 0.1508, 0.
0418, 0.0158, 0.0447, 0.1225] Out [0.4211]
Training dataset: In [0.0890, 1.0000, 0.1086, 0.4890, 0.0000, 0.0000, 0.0215, 0.
0014, 0.0145, 0.0058, 0.1496] Out [0.1780]
Training dataset: In [0.3541, 0.3333, 0.7041, 0.2370, 0.6771, 0.0709, 0.1693, 0.
0527, 0.0198, 0.0604, 0.2790] Out [0.6565]
Training dataset: In [0.1780, 0.3333, 0.1087, 0.4890, 0.1498, 0.0004, 0.0229, 0.
0014, 0.0000, 0.0057, 0.1266] Out [0.4033]
Training dataset: In [0.1013, 1.0000, 0.1919, 0.0000, 0.0437, 0.9737, 0.8877, 0.
8298, 0.2098, 0.7308, 0.6341] Out [0.1570]
Training dataset: In [0.0890, 1.0000, 0.1086, 0.4890, 0.0000, 0.0187, 0.1023, 0.
0013, 0.0000, 0.0046, 0.1059] Out [0.1780]
Training dataset: In [0.1459, 0.3333, 0.0002, 0.0000, 0.1156, 0.9992, 0.9956, 0.
9996, 0.1397, 1.0000, 0.7000] Out [0.3044]
Training dataset: In [0.1780, 0.3333, 0.1087, 0.4890, 0.1498, 0.0184, 0.1022, 0.
0013, 0.0145, 0.0048, 0.2324] Out [0.4033]
EA_PEDF_RV64: Prediction for thread 0x0000000047c443c8: 0.2563
EA_PEDF_RV64: Prediction for thread 0x0000000047c09bf0: 0.4942
EA_PEDF_RV64: Prediction for thread 0x0000000047bcf418: 0.5205
EA_PEDF_RV64: Prediction for thread 0x0000000047b94c40: 0.4146
EA_PEDF_RV64: Prediction for thread 0x0000000047b5a468: 0.3888
EA_PEDF_RV64: Prediction for thread 0x0000000047b1fc90: 0.4983
EA_PEDF_RV64: Prediction for core 1: 0.9925
Imbalanced!
Swap candidates chosen with score 0.0026, original migration score: 0.0091
Migrating thread 0x0000000047c443c8 from 3 to 2
Swapping thread 0x0000000047bcf418 from 2 to 3
>  Iteration [44], Clock: 1503999999Hz, Temperature: 39.5060C
>  Iteration [45], Clock: 1503999999Hz, Temperature: 40.2600C
EA_PEDF_RV64: Prediction for thread 0x0000000047c443c8: 0.1932
EA_PEDF_RV64: Prediction for thread 0x0000000047c09bf0: 0.3109
EA_PEDF_RV64: Prediction for thread 0x0000000047bcf418: 0.3477
EA_PEDF_RV64: Prediction for thread 0x0000000047b94c40: 0.2563
EA_PEDF_RV64: Prediction for thread 0x0000000047b5a468: 0.2399
EA_PEDF_RV64: Prediction for thread 0x0000000047b1fc90: 0.3177
EA_PEDF_RV64: Prediction for core 1: 0.6286
EA_PEDF_RV64: Prediction for core 2: 0.4495
EA_PEDF_RV64: Prediction for core 3: 0.5876
>  Iteration [46], Clock: 751999999Hz, Temperature: 40.4340C
>  Iteration [47], Clock: 751999999Hz, Temperature: 39.7960C
Retraining...
EA_PEDF_RV64: Error for thread 0x0000000047c443c8: 0.0374 = 0.1558 - 0.1932
EA_PEDF_RV64: Error for thread 0x0000000047c09bf0: 0.0828 = 0.3937 - 0.3109
EA_PEDF_RV64: Error for thread 0x0000000047bcf418: 0.0667 = 0.4144 - 0.3477
EA_PEDF_RV64: Error for thread 0x0000000047b94c40: 0.0783 = 0.1780 - 0.2563
EA_PEDF_RV64: Error for thread 0x0000000047b5a468: 0.0619 = 0.1780 - 0.2399
EA_PEDF_RV64: Error for thread 0x0000000047b1fc90: 0.0076 = 0.3253 - 0.3177
Training dataset: In [0.1654, 1.0000, 0.2647, 0.2370, 0.3360, 0.0235, 0.1646, 0.
0077, 0.0237, 0.0208, 0.1964] Out [0.3937]
Training dataset: In [0.1629, 1.0000, 0.2586, 0.2370, 0.3304, 0.0015, 0.0706, 0.
0013, 0.0040, 0.0066, 0.0749] Out [0.3253]
Training dataset: In [0.3358, 0.3333, 0.2709, 0.2371, 0.6352, 0.0389, 0.1855, 0.
0311, 0.0158, 0.0594, 0.2779] Out [0.4923]
Training dataset: In [0.3236, 0.3333, 0.2560, 0.2371, 0.6120, 0.0015, 0.0709, 0.
0012, 0.0000, 0.0066, 0.1331] Out [0.4912]
Training dataset: In [0.1656, 1.0000, 0.2651, 0.2370, 0.3360, 0.0236, 0.1645, 0.
0079, 0.0158, 0.0211, 0.1831] Out [0.3937]
Training dataset: In [0.1629, 1.0000, 0.2586, 0.2370, 0.3304, 0.0015, 0.0706, 0.
0013, 0.0000, 0.0067, 0.0782] Out [0.3253]
Training dataset: In [0.3358, 0.3333, 0.2708, 0.2371, 0.6352, 0.0389, 0.1852, 0.
0311, 0.0198, 0.0592, 0.2746] Out [0.4923]
Training dataset: In [0.3236, 0.3333, 0.2560, 0.2371, 0.6120, 0.0015, 0.0709, 0.
0013, 0.0000, 0.0066, 0.1365] Out [0.4912]
Training dataset: In [0.3307, 1.0000, 0.6687, 0.4960, 0.8805, 0.0235, 0.1646, 0.
0077, 0.0138, 0.0208, 0.1548] Out [0.3937]
Training dataset: In [0.1629, 1.0000, 0.2587, 0.2370, 0.3304, 0.0015, 0.0706, 0.
0013, 0.0079, 0.0067, 0.0882] Out [0.3253]
Training dataset: In [0.3358, 0.3333, 0.2709, 0.2371, 0.6352, 0.0389, 0.1855, 0.
0311, 0.0158, 0.0592, 0.2746] Out [0.4923]
Training dataset: In [0.3236, 0.3333, 0.2560, 0.2371, 0.6120, 0.0015, 0.0709, 0.
0013, 0.0000, 0.0066, 0.1381] Out [0.4912]
Training dataset: In [0.1656, 1.0000, 0.2651, 0.2370, 0.3360, 0.0237, 0.1647, 0.
0082, 0.0079, 0.0217, 0.1598] Out [0.3937]
Training dataset: In [0.1629, 1.0000, 0.2587, 0.2371, 0.3304, 0.0015, 0.0706, 0.
0013, 0.0198, 0.0067, 0.0899] Out [0.3253]
Training dataset: In [0.3357, 0.3333, 0.2708, 0.2371, 0.6352, 0.0389, 0.1855, 0.
0311, 0.0198, 0.0592, 0.2746] Out [0.4923]
Training dataset: In [0.3236, 0.3333, 0.2559, 0.2371, 0.6120, 0.0015, 0.0709, 0.
0012, 0.0000, 0.0066, 0.1448] Out [0.4912]
Training dataset: In [0.1880, 1.0000, 0.2566, 0.2194, 0.3996, 0.0641, 0.1691, 0.
0505, 0.0119, 0.0715, 0.2314] Out [0.4144]
Training dataset: In [0.0890, 1.0000, 0.0000, 0.4772, 0.0000, 0.0008, 0.0240, 0.
0016, 0.0289, 0.0087, 0.2183] Out [0.1780]
Training dataset: In [0.3541, 0.3333, 0.2281, 0.2194, 0.6818, 0.0734, 0.1906, 0.
0634, 0.0198, 0.0965, 0.5502] Out [0.6565]
Training dataset: In [0.1780, 0.3333, 0.0000, 0.4772, 0.1498, 0.0012, 0.0255, 0.
0016, 0.0000, 0.0087, 0.2268] Out [0.2671]
Training dataset: In [0.1009, 1.0000, 0.0310, 0.0000, 0.0443, 0.9971, 0.9886, 0.
9927, 0.1399, 1.0000, 0.8067] Out [0.1558]
Training dataset: In [0.0890, 1.0000, 0.0000, 0.4890, 0.0000, 0.0008, 0.0240, 0.
0016, 0.0145, 0.0076, 0.2482] Out [0.1780]
Training dataset: In [0.1458, 0.3333, 0.0000, 0.0000, 0.1174, 1.0000, 1.0000, 1.
0000, 0.1397, 1.0000, 1.0000] Out [0.3044]
Training dataset: In [0.1780, 0.3333, 0.0401, 0.4891, 0.1510, 0.0174, 0.0959, 0.
0000, 0.0241, 0.0000, 0.3659] Out [0.2671]
Training dataset: In [0.1881, 1.0000, 0.2864, 0.2370, 0.3984, 0.0626, 0.1520, 0.
0422, 0.0158, 0.0451, 0.1866] Out [0.4144]
Training dataset: In [0.0890, 1.0000, 0.0400, 0.4890, 0.0000, 0.0007, 0.0215, 0.
0014, 0.0289, 0.0058, 0.1692] Out [0.1780]
Training dataset: In [0.3542, 0.3333, 0.2591, 0.2371, 0.6822, 0.0717, 0.1709, 0.
0529, 0.0198, 0.0606, 0.4297] Out [0.6565]
Training dataset: In [0.1780, 0.3333, 0.0401, 0.4891, 0.1508, 0.0011, 0.0229, 0.
0014, 0.0000, 0.0057, 0.1864] Out [0.2671]
Training dataset: In [0.1019, 1.0000, 0.0721, 0.0000, 0.0467, 0.9777, 0.9047, 0.
8380, 0.0699, 0.7433, 0.7509] Out [0.1558]
Training dataset: In [0.0890, 1.0000, 0.0400, 0.4890, 0.0012, 0.0008, 0.0215, 0.
0014, 0.0241, 0.0058, 0.1519] Out [0.1780]
Training dataset: In [0.1454, 0.3333, 0.0000, 0.0000, 0.1185, 0.9980, 0.9956, 0.
9955, 0.1397, 0.9932, 1.0000] Out [0.3044]
Training dataset: In [0.1780, 0.3333, 0.0405, 0.4891, 0.1520, 0.0174, 0.0960, 0.
0000, 0.0241, 0.0000, 0.3485] Out [0.2671]
Training dataset: In [0.1012, 1.0000, 0.1913, 0.0000, 0.0437, 0.9729, 0.8789, 0.
8291, 0.2098, 0.7288, 0.4005] Out [0.1558]
Training dataset: In [0.0890, 1.0000, 0.1086, 0.4890, 0.0000, 0.0186, 0.1020, 0.
0012, 0.0000, 0.0046, 0.1197] Out [0.1780]
Training dataset: In [0.1459, 0.3333, 0.0003, 0.0000, 0.1156, 0.9993, 0.9943, 0.
9987, 0.0699, 0.9962, 0.7667] Out [0.3044]
Training dataset: In [0.1780, 0.3333, 0.1087, 0.4890, 0.1498, 0.0184, 0.1022, 0.
0013, 0.0145, 0.0047, 0.2278] Out [0.4033]
Training dataset: In [0.1880, 1.0000, 0.7783, 0.2370, 0.3966, 0.0619, 0.1508, 0.
0418, 0.0158, 0.0447, 0.1225] Out [0.4144]
Training dataset: In [0.0890, 1.0000, 0.1086, 0.4890, 0.0000, 0.0000, 0.0215, 0.
0014, 0.0145, 0.0058, 0.1496] Out [0.1780]
Training dataset: In [0.3541, 0.3333, 0.7041, 0.2370, 0.6771, 0.0709, 0.1693, 0.
0527, 0.0198, 0.0604, 0.2790] Out [0.6565]
Training dataset: In [0.1780, 0.3333, 0.1087, 0.4890, 0.1498, 0.0004, 0.0229, 0.
0014, 0.0000, 0.0057, 0.1266] Out [0.4033]
Training dataset: In [0.1013, 1.0000, 0.1919, 0.0000, 0.0437, 0.9737, 0.8877, 0.
8298, 0.2098, 0.7308, 0.6341] Out [0.1558]
Training dataset: In [0.0890, 1.0000, 0.1086, 0.4890, 0.0000, 0.0187, 0.1023, 0.
0013, 0.0000, 0.0046, 0.1059] Out [0.1780]
Training dataset: In [0.1459, 0.3333, 0.0002, 0.0000, 0.1156, 0.9992, 0.9956, 0.
9996, 0.1397, 1.0000, 0.7000] Out [0.3044]
Training dataset: In [0.1780, 0.3333, 0.1087, 0.4890, 0.1498, 0.0184, 0.1022, 0.
0013, 0.0145, 0.0048, 0.2324] Out [0.4033]
Training dataset: In [0.1883, 1.0000, 0.7797, 0.2370, 0.4014, 0.0620, 0.1507, 0.
0424, 0.0079, 0.0454, 0.1339] Out [0.4144]
Training dataset: In [0.0890, 1.0000, 0.1086, 0.4890, 0.0000, 0.0000, 0.0216, 0.
0014, 0.0241, 0.0058, 0.1082] Out [0.1780]
Training dataset: In [0.3542, 0.3333, 0.7043, 0.2370, 0.6771, 0.0709, 0.1695, 0.
0527, 0.0237, 0.0603, 0.2752] Out [0.6565]
Training dataset: In [0.1780, 0.3333, 0.1087, 0.4890, 0.1498, 0.0004, 0.0231, 0.
0014, 0.0000, 0.0057, 0.1358] Out [0.4033]
EA_PEDF_RV64: Prediction for thread 0x0000000047c443c8: 0.2682
EA_PEDF_RV64: Prediction for thread 0x0000000047c09bf0: 0.4995
EA_PEDF_RV64: Prediction for thread 0x0000000047bcf418: 0.5403
EA_PEDF_RV64: Prediction for thread 0x0000000047b94c40: 0.3972
EA_PEDF_RV64: Prediction for thread 0x0000000047b5a468: 0.4012
EA_PEDF_RV64: Prediction for thread 0x0000000047b1fc90: 0.5036
EA_PEDF_RV64: Prediction for core 1: 1.0031
Imbalanced!
Swap candidates chosen with score 0.0048, original migration score: 0.0114
Migrating thread 0x0000000047c443c8 from 2 to 3
Swapping thread 0x0000000047bcf418 from 3 to 2
>  Iteration [48], Clock: 1503999999Hz, Temperature: 39.5640C
>  Iteration [49], Clock: 1503999999Hz, Temperature: 40.3760C
EA_PEDF_RV64: Prediction for thread 0x0000000047c443c8: 0.1859
EA_PEDF_RV64: Prediction for thread 0x0000000047c09bf0: 0.3172
EA_PEDF_RV64: Prediction for thread 0x0000000047bcf418: 0.3127
EA_PEDF_RV64: Prediction for thread 0x0000000047b94c40: 0.3181
EA_PEDF_RV64: Prediction for thread 0x0000000047b5a468: 0.2390
EA_PEDF_RV64: Prediction for thread 0x0000000047b1fc90: 0.3239
EA_PEDF_RV64: Prediction for core 1: 0.6411
EA_PEDF_RV64: Prediction for core 2: 0.6308
EA_PEDF_RV64: Prediction for core 3: 0.4250
>  Iteration [50], Clock: 751999999Hz, Temperature: 40.5500C
>  Iteration [51], Clock: 751999999Hz, Temperature: 39.9120C
Retraining...
EA_PEDF_RV64: Error for thread 0x0000000047c443c8: 0.0310 = 0.1549 - 0.1859
EA_PEDF_RV64: Error for thread 0x0000000047c09bf0: 0.0712 = 0.3884 - 0.3172
EA_PEDF_RV64: Error for thread 0x0000000047bcf418: 0.0963 = 0.4089 - 0.3127
EA_PEDF_RV64: Error for thread 0x0000000047b94c40: 0.1401 = 0.1780 - 0.3181
EA_PEDF_RV64: Error for thread 0x0000000047b5a468: 0.0610 = 0.1780 - 0.2390
EA_PEDF_RV64: Error for thread 0x0000000047b1fc90: 0.0012 = 0.3251 - 0.3239
Training dataset: In [0.1656, 1.0000, 0.2651, 0.2370, 0.3360, 0.0236, 0.1645, 0.
0079, 0.0158, 0.0211, 0.1831] Out [0.3884]
Training dataset: In [0.1629, 1.0000, 0.2586, 0.2370, 0.3304, 0.0015, 0.0706, 0.
0013, 0.0000, 0.0067, 0.0782] Out [0.3251]
Training dataset: In [0.3358, 0.3333, 0.2708, 0.2371, 0.6352, 0.0389, 0.1852, 0.
0311, 0.0198, 0.0592, 0.2746] Out [0.4923]
Training dataset: In [0.3236, 0.3333, 0.2560, 0.2371, 0.6120, 0.0015, 0.0709, 0.
0013, 0.0000, 0.0066, 0.1365] Out [0.4912]
Training dataset: In [0.3307, 1.0000, 0.6687, 0.4960, 0.8805, 0.0235, 0.1646, 0.
0077, 0.0138, 0.0208, 0.1548] Out [0.3884]
Training dataset: In [0.1629, 1.0000, 0.2587, 0.2370, 0.3304, 0.0015, 0.0706, 0.
0013, 0.0079, 0.0067, 0.0882] Out [0.3251]
Training dataset: In [0.3358, 0.3333, 0.2709, 0.2371, 0.6352, 0.0389, 0.1855, 0.
0311, 0.0158, 0.0592, 0.2746] Out [0.4923]
Training dataset: In [0.3236, 0.3333, 0.2560, 0.2371, 0.6120, 0.0015, 0.0709, 0.
0013, 0.0000, 0.0066, 0.1381] Out [0.4912]
Training dataset: In [0.1656, 1.0000, 0.2651, 0.2370, 0.3360, 0.0237, 0.1647, 0.
0082, 0.0079, 0.0217, 0.1598] Out [0.3884]
Training dataset: In [0.1629, 1.0000, 0.2587, 0.2371, 0.3304, 0.0015, 0.0706, 0.
0013, 0.0198, 0.0067, 0.0899] Out [0.3251]
Training dataset: In [0.3357, 0.3333, 0.2708, 0.2371, 0.6352, 0.0389, 0.1855, 0.
0311, 0.0198, 0.0592, 0.2746] Out [0.4923]
Training dataset: In [0.3236, 0.3333, 0.2559, 0.2371, 0.6120, 0.0015, 0.0709, 0.
0012, 0.0000, 0.0066, 0.1448] Out [0.4912]
Training dataset: In [0.1655, 1.0000, 0.2649, 0.2370, 0.3360, 0.0236, 0.1646, 0.
0078, 0.0040, 0.0211, 0.1731] Out [0.3884]
Training dataset: In [0.1629, 1.0000, 0.2586, 0.2371, 0.3304, 0.0015, 0.0706, 0.
0013, 0.0119, 0.0066, 0.0866] Out [0.3251]
Training dataset: In [0.3357, 0.3333, 0.2707, 0.2371, 0.6352, 0.0389, 0.1854, 0.
0311, 0.0158, 0.0595, 0.2946] Out [0.4923]
Training dataset: In [0.3237, 0.3333, 0.2560, 0.2371, 0.6120, 0.0015, 0.0709, 0.
0013, 0.0000, 0.0067, 0.1298] Out [0.4912]
Training dataset: In [0.1009, 1.0000, 0.0310, 0.0000, 0.0443, 0.9971, 0.9886, 0.
9927, 0.1399, 1.0000, 0.8067] Out [0.1549]
Training dataset: In [0.0890, 1.0000, 0.0000, 0.4890, 0.0000, 0.0008, 0.0240, 0.
0016, 0.0145, 0.0076, 0.2482] Out [0.1780]
Training dataset: In [0.1458, 0.3333, 0.0000, 0.0000, 0.1174, 1.0000, 1.0000, 1.
0000, 0.1397, 1.0000, 1.0000] Out [0.3044]
Training dataset: In [0.1780, 0.3333, 0.0401, 0.4891, 0.1510, 0.0174, 0.0959, 0.
0000, 0.0241, 0.0000, 0.3659] Out [0.2671]
Training dataset: In [0.1881, 1.0000, 0.2864, 0.2370, 0.3984, 0.0626, 0.1520, 0.
0422, 0.0158, 0.0451, 0.1866] Out [0.4089]
Training dataset: In [0.0890, 1.0000, 0.0400, 0.4890, 0.0000, 0.0007, 0.0215, 0.
0014, 0.0289, 0.0058, 0.1692] Out [0.1780]
Training dataset: In [0.3542, 0.3333, 0.2591, 0.2371, 0.6822, 0.0717, 0.1709, 0.
0529, 0.0198, 0.0606, 0.4297] Out [0.6565]
Training dataset: In [0.1780, 0.3333, 0.0401, 0.4891, 0.1508, 0.0011, 0.0229, 0.
0014, 0.0000, 0.0057, 0.1864] Out [0.2671]
Training dataset: In [0.1019, 1.0000, 0.0721, 0.0000, 0.0467, 0.9777, 0.9047, 0.
8380, 0.0699, 0.7433, 0.7509] Out [0.1549]
Training dataset: In [0.0890, 1.0000, 0.0400, 0.4890, 0.0012, 0.0008, 0.0215, 0.
0014, 0.0241, 0.0058, 0.1519] Out [0.1780]
Training dataset: In [0.1454, 0.3333, 0.0000, 0.0000, 0.1185, 0.9980, 0.9956, 0.
9955, 0.1397, 0.9932, 1.0000] Out [0.3044]
Training dataset: In [0.1780, 0.3333, 0.0405, 0.4891, 0.1520, 0.0174, 0.0960, 0.
0000, 0.0241, 0.0000, 0.3485] Out [0.2671]
Training dataset: In [0.1881, 1.0000, 0.2868, 0.2370, 0.4004, 0.0627, 0.1520, 0.
0422, 0.0119, 0.0451, 0.2128] Out [0.4089]
Training dataset: In [0.1780, 1.0000, 0.2617, 1.0000, 0.1580, 0.0008, 0.0215, 0.
0014, 0.0096, 0.0057, 0.1200] Out [0.1780]
Training dataset: In [0.3542, 0.3333, 0.2594, 0.2370, 0.6822, 0.0717, 0.1710, 0.
0529, 0.0198, 0.0607, 0.4389] Out [0.6565]
Training dataset: In [0.1780, 0.3333, 0.0405, 0.4890, 0.1508, 0.0011, 0.0232, 0.
0014, 0.0000, 0.0058, 0.1710] Out [0.2671]
Training dataset: In [0.1880, 1.0000, 0.7783, 0.2370, 0.3966, 0.0619, 0.1508, 0.
0418, 0.0158, 0.0447, 0.1225] Out [0.4089]
Training dataset: In [0.0890, 1.0000, 0.1086, 0.4890, 0.0000, 0.0000, 0.0215, 0.
0014, 0.0145, 0.0058, 0.1496] Out [0.1780]
Training dataset: In [0.3541, 0.3333, 0.7041, 0.2370, 0.6771, 0.0709, 0.1693, 0.
0527, 0.0198, 0.0604, 0.2790] Out [0.6565]
Training dataset: In [0.1780, 0.3333, 0.1087, 0.4890, 0.1498, 0.0004, 0.0229, 0.
0014, 0.0000, 0.0057, 0.1266] Out [0.4033]
Training dataset: In [0.1013, 1.0000, 0.1919, 0.0000, 0.0437, 0.9737, 0.8877, 0.
8298, 0.2098, 0.7308, 0.6341] Out [0.1549]
Training dataset: In [0.0890, 1.0000, 0.1086, 0.4890, 0.0000, 0.0187, 0.1023, 0.
0013, 0.0000, 0.0046, 0.1059] Out [0.1780]
Training dataset: In [0.1459, 0.3333, 0.0002, 0.0000, 0.1156, 0.9992, 0.9956, 0.
9996, 0.1397, 1.0000, 0.7000] Out [0.3044]
Training dataset: In [0.1780, 0.3333, 0.1087, 0.4890, 0.1498, 0.0184, 0.1022, 0.
0013, 0.0145, 0.0048, 0.2324] Out [0.4033]
Training dataset: In [0.1883, 1.0000, 0.7797, 0.2370, 0.4014, 0.0620, 0.1507, 0.
0424, 0.0079, 0.0454, 0.1339] Out [0.4089]
Training dataset: In [0.0890, 1.0000, 0.1086, 0.4890, 0.0000, 0.0000, 0.0216, 0.
0014, 0.0241, 0.0058, 0.1082] Out [0.1780]
Training dataset: In [0.3542, 0.3333, 0.7043, 0.2370, 0.6771, 0.0709, 0.1695, 0.
0527, 0.0237, 0.0603, 0.2752] Out [0.6565]
Training dataset: In [0.1780, 0.3333, 0.1087, 0.4890, 0.1498, 0.0004, 0.0231, 0.
0014, 0.0000, 0.0057, 0.1358] Out [0.4033]
Training dataset: In [0.1014, 1.0000, 0.1923, 0.0000, 0.0437, 0.9738, 0.8883, 0.
8299, 0.1399, 0.7291, 0.6007] Out [0.1549]
Training dataset: In [0.0890, 1.0000, 0.1086, 0.4890, 0.0000, 0.0186, 0.1022, 0.
0013, 0.0000, 0.0046, 0.1335] Out [0.1780]
Training dataset: In [0.1460, 0.3333, 0.0004, 0.0000, 0.1156, 0.9996, 0.9970, 0.
9994, 0.1397, 0.9979, 0.9000] Out [0.3044]
Training dataset: In [0.1780, 0.3333, 0.1087, 0.4890, 0.1498, 0.0184, 0.1022, 0.
0013, 0.0145, 0.0048, 0.2393] Out [0.4033]
EA_PEDF_RV64: Prediction for thread 0x0000000047c443c8: 0.2650
EA_PEDF_RV64: Prediction for thread 0x0000000047c09bf0: 0.5035
EA_PEDF_RV64: Prediction for thread 0x0000000047bcf418: 0.5033
EA_PEDF_RV64: Prediction for thread 0x0000000047b94c40: 0.3940
EA_PEDF_RV64: Prediction for thread 0x0000000047b5a468: 0.3972
EA_PEDF_RV64: Prediction for thread 0x0000000047b1fc90: 0.5075
EA_PEDF_RV64: Prediction for core 1: 1.0110
Imbalanced!
Swap candidates chosen with score 0.0060, original migration score: 0.0222
Migrating thread 0x0000000047c443c8 from 3 to 2
Swapping thread 0x0000000047bcf418 from 2 to 3
>  Iteration [52], Clock: 1503999999Hz, Temperature: 39.6800C
>  Iteration [53], Clock: 1503999999Hz, Temperature: 40.4920C
EA_PEDF_RV64: Prediction for thread 0x0000000047c443c8: 0.1724
EA_PEDF_RV64: Prediction for thread 0x0000000047c09bf0: 0.3218
EA_PEDF_RV64: Prediction for thread 0x0000000047bcf418: 0.3558
EA_PEDF_RV64: Prediction for thread 0x0000000047b94c40: 0.2336
EA_PEDF_RV64: Prediction for thread 0x0000000047b5a468: 0.2456
EA_PEDF_RV64: Prediction for thread 0x0000000047b1fc90: 0.3287
EA_PEDF_RV64: Prediction for core 1: 0.6505
EA_PEDF_RV64: Prediction for core 2: 0.4060
EA_PEDF_RV64: Prediction for core 3: 0.6014
>  Iteration [54], Clock: 751999999Hz, Temperature: 40.6660C
>  Iteration [55], Clock: 751999999Hz, Temperature: 40.0280C
Retraining...
EA_PEDF_RV64: Error for thread 0x0000000047c443c8: 0.0182 = 0.1542 - 0.1724
EA_PEDF_RV64: Error for thread 0x0000000047c09bf0: 0.0622 = 0.3840 - 0.3218
EA_PEDF_RV64: Error for thread 0x0000000047bcf418: 0.0486 = 0.4044 - 0.3558
EA_PEDF_RV64: Error for thread 0x0000000047b94c40: 0.0556 = 0.1780 - 0.2336
EA_PEDF_RV64: Error for thread 0x0000000047b5a468: 0.0676 = 0.1780 - 0.2456
EA_PEDF_RV64: Error for thread 0x0000000047b1fc90: 0.0037 = 0.3250 - 0.3287
Training dataset: In [0.3307, 1.0000, 0.6687, 0.4960, 0.8805, 0.0235, 0.1646, 0.
0077, 0.0138, 0.0208, 0.1548] Out [0.3840]
Training dataset: In [0.1629, 1.0000, 0.2587, 0.2370, 0.3304, 0.0015, 0.0706, 0.
0013, 0.0079, 0.0067, 0.0882] Out [0.3250]
Training dataset: In [0.3358, 0.3333, 0.2709, 0.2371, 0.6352, 0.0389, 0.1855, 0.
0311, 0.0158, 0.0592, 0.2746] Out [0.4923]
Training dataset: In [0.3236, 0.3333, 0.2560, 0.2371, 0.6120, 0.0015, 0.0709, 0.
0013, 0.0000, 0.0066, 0.1381] Out [0.4912]
Training dataset: In [0.1656, 1.0000, 0.2651, 0.2370, 0.3360, 0.0237, 0.1647, 0.
0082, 0.0079, 0.0217, 0.1598] Out [0.3840]
Training dataset: In [0.1629, 1.0000, 0.2587, 0.2371, 0.3304, 0.0015, 0.0706, 0.
0013, 0.0198, 0.0067, 0.0899] Out [0.3250]
Training dataset: In [0.3357, 0.3333, 0.2708, 0.2371, 0.6352, 0.0389, 0.1855, 0.
0311, 0.0198, 0.0592, 0.2746] Out [0.4923]
Training dataset: In [0.3236, 0.3333, 0.2559, 0.2371, 0.6120, 0.0015, 0.0709, 0.
0012, 0.0000, 0.0066, 0.1448] Out [0.4912]
Training dataset: In [0.1655, 1.0000, 0.2649, 0.2370, 0.3360, 0.0236, 0.1646, 0.
0078, 0.0040, 0.0211, 0.1731] Out [0.3840]
Training dataset: In [0.1629, 1.0000, 0.2586, 0.2371, 0.3304, 0.0015, 0.0706, 0.
0013, 0.0119, 0.0066, 0.0866] Out [0.3250]
Training dataset: In [0.3357, 0.3333, 0.2707, 0.2371, 0.6352, 0.0389, 0.1854, 0.
0311, 0.0158, 0.0595, 0.2946] Out [0.4923]
Training dataset: In [0.3237, 0.3333, 0.2560, 0.2371, 0.6120, 0.0015, 0.0709, 0.
0013, 0.0000, 0.0067, 0.1298] Out [0.4912]
Training dataset: In [0.1655, 1.0000, 0.2649, 0.2370, 0.3360, 0.0235, 0.1645, 0.
0076, 0.0119, 0.0206, 0.1465] Out [0.3840]
Training dataset: In [0.1629, 1.0000, 0.2587, 0.2370, 0.3304, 0.0015, 0.0706, 0.
0013, 0.0198, 0.0067, 0.0932] Out [0.3250]
Training dataset: In [0.3357, 0.3333, 0.2707, 0.2371, 0.6352, 0.0390, 0.1852, 0.
0312, 0.0198, 0.0594, 0.2846] Out [0.4923]
Training dataset: In [0.3237, 0.3333, 0.2560, 0.2371, 0.6120, 0.0015, 0.0709, 0.
0012, 0.0040, 0.0066, 0.1331] Out [0.4912]
Training dataset: In [0.1881, 1.0000, 0.2864, 0.2370, 0.3984, 0.0626, 0.1520, 0.
0422, 0.0158, 0.0451, 0.1866] Out [0.4044]
Training dataset: In [0.0890, 1.0000, 0.0400, 0.4890, 0.0000, 0.0007, 0.0215, 0.
0014, 0.0289, 0.0058, 0.1692] Out [0.1780]
Training dataset: In [0.3542, 0.3333, 0.2591, 0.2371, 0.6822, 0.0717, 0.1709, 0.
0529, 0.0198, 0.0606, 0.4297] Out [0.6565]
Training dataset: In [0.1780, 0.3333, 0.0401, 0.4891, 0.1508, 0.0011, 0.0229, 0.
0014, 0.0000, 0.0057, 0.1864] Out [0.2671]
Training dataset: In [0.1019, 1.0000, 0.0721, 0.0000, 0.0467, 0.9777, 0.9047, 0.
8380, 0.0699, 0.7433, 0.7509] Out [0.1542]
Training dataset: In [0.0890, 1.0000, 0.0400, 0.4890, 0.0012, 0.0008, 0.0215, 0.
0014, 0.0241, 0.0058, 0.1519] Out [0.1780]
Training dataset: In [0.1454, 0.3333, 0.0000, 0.0000, 0.1185, 0.9980, 0.9956, 0.
9955, 0.1397, 0.9932, 1.0000] Out [0.3044]
Training dataset: In [0.1780, 0.3333, 0.0405, 0.4891, 0.1520, 0.0174, 0.0960, 0.
0000, 0.0241, 0.0000, 0.3485] Out [0.2671]
Training dataset: In [0.1881, 1.0000, 0.2868, 0.2370, 0.4004, 0.0627, 0.1520, 0.
0422, 0.0119, 0.0451, 0.2128] Out [0.4044]
Training dataset: In [0.1780, 1.0000, 0.2617, 1.0000, 0.1580, 0.0008, 0.0215, 0.
0014, 0.0096, 0.0057, 0.1200] Out [0.1780]
Training dataset: In [0.3542, 0.3333, 0.2594, 0.2370, 0.6822, 0.0717, 0.1710, 0.
0529, 0.0198, 0.0607, 0.4389] Out [0.6565]
Training dataset: In [0.1780, 0.3333, 0.0405, 0.4890, 0.1508, 0.0011, 0.0232, 0.
0014, 0.0000, 0.0058, 0.1710] Out [0.2671]
Training dataset: In [0.1011, 1.0000, 0.0706, 0.0000, 0.0467, 0.9741, 0.8917, 0.
8294, 0.1399, 0.7283, 0.6674] Out [0.1542]
Training dataset: In [0.0890, 1.0000, 0.0405, 0.4890, 0.0012, 0.0008, 0.0215, 0.
0014, 0.0096, 0.0057, 0.1151] Out [0.1780]
Training dataset: In [0.1457, 0.3333, 0.0003, 0.0000, 0.1173, 0.9986, 0.9976, 0.
9985, 0.1397, 0.9965, 1.0000] Out [0.3044]
Training dataset: In [0.1780, 0.3333, 0.0405, 0.4890, 0.1508, 0.0174, 0.0960, 0.
0000, 0.0193, 0.0000, 0.2895] Out [0.2671]
Training dataset: In [0.1013, 1.0000, 0.1919, 0.0000, 0.0437, 0.9737, 0.8877, 0.
8298, 0.2098, 0.7308, 0.6341] Out [0.1542]
Training dataset: In [0.0890, 1.0000, 0.1086, 0.4890, 0.0000, 0.0187, 0.1023, 0.
0013, 0.0000, 0.0046, 0.1059] Out [0.1780]
Training dataset: In [0.1459, 0.3333, 0.0002, 0.0000, 0.1156, 0.9992, 0.9956, 0.
9996, 0.1397, 1.0000, 0.7000] Out [0.3044]
Training dataset: In [0.1780, 0.3333, 0.1087, 0.4890, 0.1498, 0.0184, 0.1022, 0.
0013, 0.0145, 0.0048, 0.2324] Out [0.4033]
Training dataset: In [0.1883, 1.0000, 0.7797, 0.2370, 0.4014, 0.0620, 0.1507, 0.
0424, 0.0079, 0.0454, 0.1339] Out [0.4044]
Training dataset: In [0.0890, 1.0000, 0.1086, 0.4890, 0.0000, 0.0000, 0.0216, 0.
0014, 0.0241, 0.0058, 0.1082] Out [0.1780]
Training dataset: In [0.3542, 0.3333, 0.7043, 0.2370, 0.6771, 0.0709, 0.1695, 0.
0527, 0.0237, 0.0603, 0.2752] Out [0.6565]
Training dataset: In [0.1780, 0.3333, 0.1087, 0.4890, 0.1498, 0.0004, 0.0231, 0.
0014, 0.0000, 0.0057, 0.1358] Out [0.4033]
Training dataset: In [0.1014, 1.0000, 0.1923, 0.0000, 0.0437, 0.9738, 0.8883, 0.
8299, 0.1399, 0.7291, 0.6007] Out [0.1542]
Training dataset: In [0.0890, 1.0000, 0.1086, 0.4890, 0.0000, 0.0186, 0.1022, 0.
0013, 0.0000, 0.0046, 0.1335] Out [0.1780]
Training dataset: In [0.1460, 0.3333, 0.0004, 0.0000, 0.1156, 0.9996, 0.9970, 0.
9994, 0.1397, 0.9979, 0.9000] Out [0.3044]
Training dataset: In [0.1780, 0.3333, 0.1087, 0.4890, 0.1498, 0.0184, 0.1022, 0.
0013, 0.0145, 0.0048, 0.2393] Out [0.4033]
Training dataset: In [0.1879, 1.0000, 0.7770, 0.2370, 0.3954, 0.0618, 0.1506, 0.
0419, 0.0119, 0.0446, 0.1282] Out [0.4044]
Training dataset: In [0.0890, 1.0000, 0.1086, 0.4890, 0.0000, 0.0000, 0.0209, 0.
0014, 0.0145, 0.0058, 0.0898] Out [0.1780]
Training dataset: In [0.3542, 0.3333, 0.7043, 0.2371, 0.6771, 0.0710, 0.1693, 0.
0528, 0.0237, 0.0604, 0.2922] Out [0.6565]
Training dataset: In [0.1780, 0.3333, 0.1087, 0.4890, 0.1498, 0.0005, 0.0231, 0.
0014, 0.0048, 0.0057, 0.1220] Out [0.4033]
EA_PEDF_RV64: Prediction for thread 0x0000000047c443c8: 0.2561
EA_PEDF_RV64: Prediction for thread 0x0000000047c09bf0: 0.5064
EA_PEDF_RV64: Prediction for thread 0x0000000047bcf418: 0.5492
EA_PEDF_RV64: Prediction for thread 0x0000000047b94c40: 0.3819
EA_PEDF_RV64: Prediction for thread 0x0000000047b5a468: 0.4063
EA_PEDF_RV64: Prediction for thread 0x0000000047b1fc90: 0.5104
EA_PEDF_RV64: Prediction for core 1: 1.0167
Imbalanced!
>  Iteration [56], Clock: 751999999Hz, Temperature: 39.7960C
EA_PEDF_RV64: Prediction for thread 0x0000000047c443c8: 0.2559
EA_PEDF_RV64: Prediction for thread 0x0000000047c09bf0: 0.6560
EA_PEDF_RV64: Prediction for thread 0x0000000047bcf418: 0.6692
EA_PEDF_RV64: Prediction for thread 0x0000000047b94c40: 0.5551
EA_PEDF_RV64: Prediction for thread 0x0000000047b5a468: 0.3991
EA_PEDF_RV64: Prediction for thread 0x0000000047b1fc90: 0.5102
<0>: EA_PEDF_RV64: The utilization went beyond the safety margin of 95.0000%
Core 1 utilization: 1.2609
Core 2 utilization: 0.9225
Core 3 utilization: 1.1328
 :<0>
Revoking...
Migrating thread 0x0000000047c443c8 from 2 to 3
Swapping thread 0x0000000047bcf418 from 3 to 2
New migration optimization threshold: 0.5000
>  Iteration [57], Clock: 1503999999Hz, Temperature: 39.7380C
>  Iteration [58], Clock: 1503999999Hz, Temperature: 40.4340C
EA_PEDF_RV64: Prediction for thread 0x0000000047c443c8: 0.1793
EA_PEDF_RV64: Prediction for thread 0x0000000047c09bf0: 0.3253
EA_PEDF_RV64: Prediction for thread 0x0000000047bcf418: 0.2972
EA_PEDF_RV64: Prediction for thread 0x0000000047b94c40: 0.2269
EA_PEDF_RV64: Prediction for thread 0x0000000047b5a468: 0.2363
EA_PEDF_RV64: Prediction for thread 0x0000000047b1fc90: 0.3321
EA_PEDF_RV64: Prediction for core 1: 0.6574
EA_PEDF_RV64: Prediction for core 2: 0.5241
EA_PEDF_RV64: Prediction for core 3: 0.4156
>  Iteration [59], Clock: 751999999Hz, Temperature: 40.6660C
>  Iteration [60], Clock: 751999999Hz, Temperature: 40.0860C
Retraining...
EA_PEDF_RV64: Error for thread 0x0000000047c443c8: 0.0263 = 0.1530 - 0.1793
EA_PEDF_RV64: Error for thread 0x0000000047c09bf0: 0.0948 = 0.4201 - 0.3253
EA_PEDF_RV64: Error for thread 0x0000000047bcf418: 0.1429 = 0.4401 - 0.2972
EA_PEDF_RV64: Error for thread 0x0000000047b94c40: 0.0061 = 0.2208 - 0.2269
EA_PEDF_RV64: Error for thread 0x0000000047b5a468: 0.0583 = 0.1780 - 0.2363
EA_PEDF_RV64: Error for thread 0x0000000047b1fc90: 0.0073 = 0.3248 - 0.3321
Training dataset: In [0.3357, 0.3333, 0.2708, 0.2371, 0.6352, 0.0389, 0.1855, 0.
0311, 0.0198, 0.0592, 0.2746] Out [0.4923]
Training dataset: In [0.3236, 0.3333, 0.2559, 0.2371, 0.6120, 0.0015, 0.0709, 0.
0012, 0.0000, 0.0066, 0.1448] Out [0.4912]
Training dataset: In [0.1655, 1.0000, 0.2649, 0.2370, 0.3360, 0.0236, 0.1646, 0.
0078, 0.0040, 0.0211, 0.1731] Out [0.4201]
Training dataset: In [0.1629, 1.0000, 0.2586, 0.2371, 0.3304, 0.0015, 0.0706, 0.
0013, 0.0119, 0.0066, 0.0866] Out [0.3248]
Training dataset: In [0.3357, 0.3333, 0.2707, 0.2371, 0.6352, 0.0389, 0.1854, 0.
0311, 0.0158, 0.0595, 0.2946] Out [0.4923]
Training dataset: In [0.3237, 0.3333, 0.2560, 0.2371, 0.6120, 0.0015, 0.0709, 0.
0013, 0.0000, 0.0067, 0.1298] Out [0.4912]
Training dataset: In [0.1655, 1.0000, 0.2649, 0.2370, 0.3360, 0.0235, 0.1645, 0.
0076, 0.0119, 0.0206, 0.1465] Out [0.4201]
Training dataset: In [0.1629, 1.0000, 0.2587, 0.2370, 0.3304, 0.0015, 0.0706, 0.
0013, 0.0198, 0.0067, 0.0932] Out [0.3248]
Training dataset: In [0.3357, 0.3333, 0.2707, 0.2371, 0.6352, 0.0390, 0.1852, 0.
0312, 0.0198, 0.0594, 0.2846] Out [0.4923]
Training dataset: In [0.3237, 0.3333, 0.2560, 0.2371, 0.6120, 0.0015, 0.0709, 0.
0012, 0.0040, 0.0066, 0.1331] Out [0.4912]
Training dataset: In [0.9372, 0.3333, 1.0000, 0.7257, 0.6364, 0.0227, 0.1242, 0.
0235, 0.0361, 0.0448, 0.2104] Out [0.4923]
Training dataset: In [0.3236, 0.3333, 0.2545, 0.2371, 0.6120, 0.0015, 0.0709, 0.
0013, 0.0040, 0.0066, 0.1298] Out [0.4912]
Training dataset: In [0.1655, 1.0000, 0.2636, 0.2370, 0.3360, 0.0236, 0.1645, 0.
0079, 0.0040, 0.0211, 0.1648] Out [0.4201]
Training dataset: In [0.1629, 1.0000, 0.2573, 0.2370, 0.3304, 0.0015, 0.0706, 0.
0013, 0.0316, 0.0067, 0.0899] Out [0.3248]
Training dataset: In [0.3358, 0.3333, 0.2693, 0.2371, 0.6352, 0.0389, 0.1855, 0.
0311, 0.0198, 0.0593, 0.2979] Out [0.4923]
Training dataset: In [0.3236, 0.3333, 0.2545, 0.2371, 0.6120, 0.0015, 0.0709, 0.
0013, 0.0040, 0.0067, 0.1331] Out [0.4912]
Training dataset: In [0.1454, 0.3333, 0.0000, 0.0000, 0.1185, 0.9980, 0.9956, 0.
9955, 0.1397, 0.9932, 1.0000] Out [0.3044]
Training dataset: In [0.1780, 0.3333, 0.0405, 0.4891, 0.1520, 0.0174, 0.0960, 0.
0000, 0.0241, 0.0000, 0.3485] Out [0.2671]
Training dataset: In [0.1881, 1.0000, 0.2868, 0.2370, 0.4004, 0.0627, 0.1520, 0.
0422, 0.0119, 0.0451, 0.2128] Out [0.4401]
Training dataset: In [0.1780, 1.0000, 0.2617, 1.0000, 0.1580, 0.0008, 0.0215, 0.
0014, 0.0096, 0.0057, 0.1200] Out [0.2208]
Training dataset: In [0.3542, 0.3333, 0.2594, 0.2370, 0.6822, 0.0717, 0.1710, 0.
0529, 0.0198, 0.0607, 0.4389] Out [0.6565]
Training dataset: In [0.1780, 0.3333, 0.0405, 0.4890, 0.1508, 0.0011, 0.0232, 0.
0014, 0.0000, 0.0058, 0.1710] Out [0.2671]
Training dataset: In [0.1011, 1.0000, 0.0706, 0.0000, 0.0467, 0.9741, 0.8917, 0.
8294, 0.1399, 0.7283, 0.6674] Out [0.1530]
Training dataset: In [0.0890, 1.0000, 0.0405, 0.4890, 0.0012, 0.0008, 0.0215, 0.
0014, 0.0096, 0.0057, 0.1151] Out [0.2208]
Training dataset: In [0.1457, 0.3333, 0.0003, 0.0000, 0.1173, 0.9986, 0.9976, 0.
9985, 0.1397, 0.9965, 1.0000] Out [0.3044]
Training dataset: In [0.1780, 0.3333, 0.0405, 0.4890, 0.1508, 0.0174, 0.0960, 0.
0000, 0.0193, 0.0000, 0.2895] Out [0.2671]
Training dataset: In [0.1458, 0.3333, 0.0005, 0.0000, 0.1173, 0.9996, 1.0000, 1.
0000, 0.1397, 1.0000, 1.0000] Out [0.3044]
Training dataset: In [0.7767, 0.3333, 0.7845, 0.9668, 0.1580, 0.0073, 0.0514, 0.
0000, 0.0421, 0.0000, 0.1725] Out [0.2671]
Training dataset: In [0.1881, 1.0000, 0.2867, 0.2370, 0.4004, 0.0626, 0.1515, 0.
0422, 0.0079, 0.0452, 0.1357] Out [0.4401]
Training dataset: In [0.0890, 1.0000, 0.0405, 0.4890, 0.0012, 0.0008, 0.0215, 0.
0014, 0.0000, 0.0057, 0.0852] Out [0.2208]
Training dataset: In [0.3542, 0.3333, 0.2594, 0.2370, 0.6822, 0.0716, 0.1706, 0.
0529, 0.0237, 0.0606, 0.3167] Out [0.6565]
Training dataset: In [0.1780, 0.3333, 0.0405, 0.4890, 0.1508, 0.0011, 0.0231, 0.
0014, 0.0048, 0.0057, 0.1220] Out [0.2671]
Training dataset: In [0.3542, 0.3333, 0.7043, 0.2370, 0.6771, 0.0709, 0.1695, 0.
0527, 0.0237, 0.0603, 0.2752] Out [0.6565]
Training dataset: In [0.1780, 0.3333, 0.1087, 0.4890, 0.1498, 0.0004, 0.0231, 0.
0014, 0.0000, 0.0057, 0.1358] Out [0.4033]
Training dataset: In [0.1014, 1.0000, 0.1923, 0.0000, 0.0437, 0.9738, 0.8883, 0.
8299, 0.1399, 0.7291, 0.6007] Out [0.1530]
Training dataset: In [0.0890, 1.0000, 0.1086, 0.4890, 0.0000, 0.0186, 0.1022, 0.
0013, 0.0000, 0.0046, 0.1335] Out [0.1780]
Training dataset: In [0.1460, 0.3333, 0.0004, 0.0000, 0.1156, 0.9996, 0.9970, 0.
9994, 0.1397, 0.9979, 0.9000] Out [0.3044]
Training dataset: In [0.1780, 0.3333, 0.1087, 0.4890, 0.1498, 0.0184, 0.1022, 0.
0013, 0.0145, 0.0048, 0.2393] Out [0.4033]
Training dataset: In [0.1879, 1.0000, 0.7770, 0.2370, 0.3954, 0.0618, 0.1506, 0.
0419, 0.0119, 0.0446, 0.1282] Out [0.4401]
Training dataset: In [0.0890, 1.0000, 0.1086, 0.4890, 0.0000, 0.0000, 0.0209, 0.
0014, 0.0145, 0.0058, 0.0898] Out [0.1780]
Training dataset: In [0.3542, 0.3333, 0.7043, 0.2371, 0.6771, 0.0710, 0.1693, 0.
0528, 0.0237, 0.0604, 0.2922] Out [0.6565]
Training dataset: In [0.1780, 0.3333, 0.1087, 0.4890, 0.1498, 0.0005, 0.0231, 0.
0014, 0.0048, 0.0057, 0.1220] Out [0.4033]
Training dataset: In [0.9548, 0.3333, 1.0000, 0.7172, 0.6783, 0.0495, 0.1144, 0.
0402, 0.0393, 0.0461, 0.2133] Out [0.6565]
Training dataset: In [0.1780, 0.3333, 0.0398, 0.4890, 0.1510, 0.0005, 0.0229, 0.
0014, 0.0048, 0.0058, 0.1174] Out [0.4033]
Training dataset: In [0.1014, 1.0000, 0.0704, 0.0000, 0.0437, 0.9741, 0.8871, 0.
8311, 0.0699, 0.7322, 0.5006] Out [0.1530]
Training dataset: In [0.0890, 1.0000, 0.0397, 0.4890, 0.0000, 0.0187, 0.1022, 0.
0013, 0.0000, 0.0045, 0.1266] Out [0.1780]
Training dataset: In [0.1458, 0.3333, 0.0000, 0.0000, 0.1156, 0.9986, 0.9927, 0.
9970, 0.0699, 0.9920, 0.8333] Out [0.3044]
Training dataset: In [0.1780, 0.3333, 0.0399, 0.4890, 0.1498, 0.0185, 0.1025, 0.
0013, 0.0000, 0.0047, 0.2163] Out [0.4033]
EA_PEDF_RV64: Prediction for thread 0x0000000047c443c8: 0.2696
EA_PEDF_RV64: Prediction for thread 0x0000000047c09bf0: 0.5075
EA_PEDF_RV64: Prediction for thread 0x0000000047bcf418: 0.4957
EA_PEDF_RV64: Prediction for thread 0x0000000047b94c40: 0.3848
EA_PEDF_RV64: Prediction for thread 0x0000000047b5a468: 0.3951
EA_PEDF_RV64: Prediction for thread 0x0000000047b1fc90: 0.5115
EA_PEDF_RV64: Prediction for core 1: 1.0190
Imbalanced!
>  Iteration [61], Clock: 751999999Hz, Temperature: 39.9120C
EA_PEDF_RV64: Prediction for thread 0x0000000047c443c8: 0.2702
EA_PEDF_RV64: Prediction for thread 0x0000000047c09bf0: 0.6541
EA_PEDF_RV64: Prediction for thread 0x0000000047bcf418: 0.6691
EA_PEDF_RV64: Prediction for thread 0x0000000047b94c40: 0.3848
EA_PEDF_RV64: Prediction for thread 0x0000000047b5a468: 0.3950
EA_PEDF_RV64: Prediction for thread 0x0000000047b1fc90: 0.5115
<0>: EA_PEDF_RV64: The utilization went beyond the safety margin of 95.0000%
Core 1 utilization: 1.2558
Core 2 utilization: 1.1357
Core 3 utilization: 0.3243
 :<0>
Revoking...
>  Iteration [62], Clock: 1503999999Hz, Temperature: 39.8540C
>  Iteration [63], Clock: 1503999999Hz, Temperature: 40.4920C
EA_PEDF_RV64: Prediction for thread 0x0000000047c443c8: 0.1813
EA_PEDF_RV64: Prediction for thread 0x0000000047c09bf0: 0.3283
EA_PEDF_RV64: Prediction for thread 0x0000000047bcf418: 0.2948
EA_PEDF_RV64: Prediction for thread 0x0000000047b94c40: 0.2247
EA_PEDF_RV64: Prediction for thread 0x0000000047b5a468: 0.2385
EA_PEDF_RV64: Prediction for thread 0x0000000047b1fc90: 0.3350
EA_PEDF_RV64: Prediction for core 1: 0.6633
EA_PEDF_RV64: Prediction for core 2: 0.5195
EA_PEDF_RV64: Prediction for core 3: 0.4198
>  Iteration [64], Clock: 751999999Hz, Temperature: 40.7240C
>  Iteration [65], Clock: 751999999Hz, Temperature: 40.1440C
Retraining...
EA_PEDF_RV64: Error for thread 0x0000000047c443c8: 0.0292 = 0.1521 - 0.1813
EA_PEDF_RV64: Error for thread 0x0000000047c09bf0: 0.1186 = 0.4468 - 0.3283
EA_PEDF_RV64: Error for thread 0x0000000047bcf418: 0.1723 = 0.4671 - 0.2948
EA_PEDF_RV64: Error for thread 0x0000000047b94c40: 0.0093 = 0.2154 - 0.2247
EA_PEDF_RV64: Error for thread 0x0000000047b5a468: 0.0604 = 0.1780 - 0.2385
EA_PEDF_RV64: Error for thread 0x0000000047b1fc90: 0.0104 = 0.3247 - 0.3350
Training dataset: In [0.1655, 1.0000, 0.2649, 0.2370, 0.3360, 0.0235, 0.1645, 0.
0076, 0.0119, 0.0206, 0.1465] Out [0.4468]
Training dataset: In [0.1629, 1.0000, 0.2587, 0.2370, 0.3304, 0.0015, 0.0706, 0.
0013, 0.0198, 0.0067, 0.0932] Out [0.3247]
Training dataset: In [0.3357, 0.3333, 0.2707, 0.2371, 0.6352, 0.0390, 0.1852, 0.
0312, 0.0198, 0.0594, 0.2846] Out [0.4923]
Training dataset: In [0.3237, 0.3333, 0.2560, 0.2371, 0.6120, 0.0015, 0.0709, 0.
0012, 0.0040, 0.0066, 0.1331] Out [0.4912]
Training dataset: In [0.9372, 0.3333, 1.0000, 0.7257, 0.6364, 0.0227, 0.1242, 0.
0235, 0.0361, 0.0448, 0.2104] Out [0.4923]
Training dataset: In [0.3236, 0.3333, 0.2545, 0.2371, 0.6120, 0.0015, 0.0709, 0.
0013, 0.0040, 0.0066, 0.1298] Out [0.4912]
Training dataset: In [0.1655, 1.0000, 0.2636, 0.2370, 0.3360, 0.0236, 0.1645, 0.
0079, 0.0040, 0.0211, 0.1648] Out [0.4468]
Training dataset: In [0.1629, 1.0000, 0.2573, 0.2370, 0.3304, 0.0015, 0.0706, 0.
0013, 0.0316, 0.0067, 0.0899] Out [0.3247]
Training dataset: In [0.3358, 0.3333, 0.2693, 0.2371, 0.6352, 0.0389, 0.1855, 0.
0311, 0.0198, 0.0593, 0.2979] Out [0.4923]
Training dataset: In [0.3236, 0.3333, 0.2545, 0.2371, 0.6120, 0.0015, 0.0709, 0.
0013, 0.0040, 0.0067, 0.1331] Out [0.4912]
Training dataset: In [0.9322, 0.3333, 0.9939, 0.7132, 0.6364, 0.0230, 0.1253, 0.
0237, 0.0363, 0.0449, 0.2397] Out [0.4923]
Training dataset: In [0.3236, 0.3333, 0.2545, 0.2371, 0.6120, 0.0015, 0.0709, 0.
0012, 0.0000, 0.0066, 0.1348] Out [0.4912]
Training dataset: In [0.1654, 1.0000, 0.2633, 0.2370, 0.3360, 0.0236, 0.1646, 0.
0078, 0.0040, 0.0210, 0.1631] Out [0.4468]
Training dataset: In [0.1629, 1.0000, 0.2572, 0.2370, 0.3304, 0.0015, 0.0706, 0.
0013, 0.0198, 0.0066, 0.0949] Out [0.3247]
Training dataset: In [0.3357, 0.3333, 0.2692, 0.2371, 0.6339, 0.0389, 0.1854, 0.
0311, 0.0198, 0.0593, 0.2680] Out [0.4923]
Training dataset: In [0.3236, 0.3333, 0.2545, 0.2371, 0.6120, 0.0015, 0.0709, 0.
0013, 0.0040, 0.0066, 0.1315] Out [0.4912]
Training dataset: In [0.1011, 1.0000, 0.0706, 0.0000, 0.0467, 0.9741, 0.8917, 0.
8294, 0.1399, 0.7283, 0.6674] Out [0.1521]
Training dataset: In [0.0890, 1.0000, 0.0405, 0.4890, 0.0012, 0.0008, 0.0215, 0.
0014, 0.0096, 0.0057, 0.1151] Out [0.2154]
Training dataset: In [0.1457, 0.3333, 0.0003, 0.0000, 0.1173, 0.9986, 0.9976, 0.
9985, 0.1397, 0.9965, 1.0000] Out [0.3044]
Training dataset: In [0.1780, 0.3333, 0.0405, 0.4890, 0.1508, 0.0174, 0.0960, 0.
0000, 0.0193, 0.0000, 0.2895] Out [0.2671]
Training dataset: In [0.1458, 0.3333, 0.0005, 0.0000, 0.1173, 0.9996, 1.0000, 1.
0000, 0.1397, 1.0000, 1.0000] Out [0.3044]
Training dataset: In [0.7767, 0.3333, 0.7845, 0.9668, 0.1580, 0.0073, 0.0514, 0.
0000, 0.0421, 0.0000, 0.1725] Out [0.2671]
Training dataset: In [0.1881, 1.0000, 0.2867, 0.2370, 0.4004, 0.0626, 0.1515, 0.
0422, 0.0079, 0.0452, 0.1357] Out [0.4671]
Training dataset: In [0.0890, 1.0000, 0.0405, 0.4890, 0.0012, 0.0008, 0.0215, 0.
0014, 0.0000, 0.0057, 0.0852] Out [0.2154]
Training dataset: In [0.3542, 0.3333, 0.2594, 0.2370, 0.6822, 0.0716, 0.1706, 0.
0529, 0.0237, 0.0606, 0.3167] Out [0.6565]
Training dataset: In [0.1780, 0.3333, 0.0405, 0.4890, 0.1508, 0.0011, 0.0231, 0.
0014, 0.0048, 0.0057, 0.1220] Out [0.2671]
Training dataset: In [0.9577, 0.3333, 1.0000, 0.7544, 0.6834, 0.0495, 0.1142, 0.
0396, 0.0356, 0.0452, 0.2378] Out [0.6565]
Training dataset: In [0.1780, 0.3333, 0.0401, 0.4890, 0.1508, 0.0012, 0.0232, 0.
0014, 0.0048, 0.0057, 0.1289] Out [0.2671]
Training dataset: In [0.1881, 1.0000, 0.2841, 0.2370, 0.3992, 0.0626, 0.1516, 0.
0422, 0.0079, 0.0452, 0.1376] Out [0.4671]
Training dataset: In [0.0890, 1.0000, 0.0401, 0.4890, 0.0012, 0.0008, 0.0214, 0.
0014, 0.0048, 0.0057, 0.0806] Out [0.2154]
Training dataset: In [0.3540, 0.3333, 0.2568, 0.2370, 0.6822, 0.0716, 0.1703, 0.
0526, 0.0079, 0.0601, 0.2846] Out [0.6565]
Training dataset: In [0.1780, 0.3333, 0.0401, 0.4890, 0.1508, 0.0011, 0.0231, 0.
0014, 0.0241, 0.0057, 0.1404] Out [0.2671]
Training dataset: In [0.1879, 1.0000, 0.7770, 0.2370, 0.3954, 0.0618, 0.1506, 0.
0419, 0.0119, 0.0446, 0.1282] Out [0.4671]
Training dataset: In [0.0890, 1.0000, 0.1086, 0.4890, 0.0000, 0.0000, 0.0209, 0.
0014, 0.0145, 0.0058, 0.0898] Out [0.1780]
Training dataset: In [0.3542, 0.3333, 0.7043, 0.2371, 0.6771, 0.0710, 0.1693, 0.
0528, 0.0237, 0.0604, 0.2922] Out [0.6565]
Training dataset: In [0.1780, 0.3333, 0.1087, 0.4890, 0.1498, 0.0005, 0.0231, 0.
0014, 0.0048, 0.0057, 0.1220] Out [0.4033]
Training dataset: In [0.9548, 0.3333, 1.0000, 0.7172, 0.6783, 0.0495, 0.1144, 0.
0402, 0.0393, 0.0461, 0.2133] Out [0.6565]
Training dataset: In [0.1780, 0.3333, 0.0398, 0.4890, 0.1510, 0.0005, 0.0229, 0.
0014, 0.0048, 0.0058, 0.1174] Out [0.4033]
Training dataset: In [0.1014, 1.0000, 0.0704, 0.0000, 0.0437, 0.9741, 0.8871, 0.
8311, 0.0699, 0.7322, 0.5006] Out [0.1521]
Training dataset: In [0.0890, 1.0000, 0.0397, 0.4890, 0.0000, 0.0187, 0.1022, 0.
0013, 0.0000, 0.0045, 0.1266] Out [0.1780]
Training dataset: In [0.1458, 0.3333, 0.0000, 0.0000, 0.1156, 0.9986, 0.9927, 0.
9970, 0.0699, 0.9920, 0.8333] Out [0.3044]
Training dataset: In [0.1780, 0.3333, 0.0399, 0.4890, 0.1498, 0.0185, 0.1025, 0.
0013, 0.0000, 0.0047, 0.2163] Out [0.4033]
Training dataset: In [0.1463, 0.3333, 0.0006, 0.0000, 0.1156, 1.0000, 1.0000, 1.
0000, 0.2096, 0.9984, 1.0000] Out [0.3044]
Training dataset: In [0.1780, 0.3333, 0.0399, 0.4890, 0.1498, 0.0185, 0.1017, 0.
0013, 0.0000, 0.0048, 0.1883] Out [0.4033]
Training dataset: In [0.1014, 1.0000, 0.0704, 0.0000, 0.0425, 0.9727, 0.8841, 0.
8279, 0.1398, 0.7300, 0.3941] Out [0.1521]
Training dataset: In [0.0890, 1.0000, 0.0398, 0.4890, 0.0000, 0.0188, 0.1020, 0.
0013, 0.0000, 0.0046, 0.1151] Out [0.1780]
Training dataset: In [0.1456, 0.3333, 0.0000, 0.0000, 0.1156, 0.9972, 0.9804, 0.
9928, 0.0699, 0.9886, 0.9394] Out [0.3044]
Training dataset: In [0.1780, 0.3333, 0.0401, 0.4890, 0.1498, 0.0186, 0.1026, 0.
0013, 0.0000, 0.0050, 0.1967] Out [0.4033]
EA_PEDF_RV64: Prediction for thread 0x0000000047c443c8: 0.2733
EA_PEDF_RV64: Prediction for thread 0x0000000047c09bf0: 0.5065
EA_PEDF_RV64: Prediction for thread 0x0000000047bcf418: 0.4957
EA_PEDF_RV64: Prediction for thread 0x0000000047b94c40: 0.3851
EA_PEDF_RV64: Prediction for thread 0x0000000047b5a468: 0.3961
EA_PEDF_RV64: Prediction for thread 0x0000000047b1fc90: 0.5108
EA_PEDF_RV64: Prediction for core 1: 1.0173
Imbalanced!
>  Iteration [66], Clock: 751999999Hz, Temperature: 39.9700C
EA_PEDF_RV64: Prediction for thread 0x0000000047c443c8: 0.2731
EA_PEDF_RV64: Prediction for thread 0x0000000047c09bf0: 0.6520
EA_PEDF_RV64: Prediction for thread 0x0000000047bcf418: 0.4954
EA_PEDF_RV64: Prediction for thread 0x0000000047b94c40: 0.5502
EA_PEDF_RV64: Prediction for thread 0x0000000047b5a468: 0.3960
EA_PEDF_RV64: Prediction for thread 0x0000000047b1fc90: 0.5108
<0>: EA_PEDF_RV64: The utilization went beyond the safety margin of 95.0000%
Core 1 utilization: 1.2608
Core 2 utilization: 1.1277
Core 3 utilization: 0.3237
 :<0>
Revoking...
>  Iteration [67], Clock: 1503999999Hz, Temperature: 39.9120C
>  Iteration [68], Clock: 1503999999Hz, Temperature: 40.5500C
EA_PEDF_RV64: Prediction for thread 0x0000000047c443c8: 0.1831
EA_PEDF_RV64: Prediction for thread 0x0000000047c09bf0: 0.3301
EA_PEDF_RV64: Prediction for thread 0x0000000047bcf418: 0.2963
EA_PEDF_RV64: Prediction for thread 0x0000000047b94c40: 0.2259
EA_PEDF_RV64: Prediction for thread 0x0000000047b5a468: 0.2389
EA_PEDF_RV64: Prediction for thread 0x0000000047b1fc90: 0.3368
EA_PEDF_RV64: Prediction for core 1: 0.6668
EA_PEDF_RV64: Prediction for core 2: 0.5222
EA_PEDF_RV64: Prediction for core 3: 0.4220
>  Iteration [69], Clock: 751999999Hz, Temperature: 40.8400C
>  Iteration [70], Clock: 751999999Hz, Temperature: 40.2600C
Retraining...
EA_PEDF_RV64: Error for thread 0x0000000047c443c8: 0.0317 = 0.1514 - 0.1831
EA_PEDF_RV64: Error for thread 0x0000000047c09bf0: 0.1378 = 0.4679 - 0.3301
EA_PEDF_RV64: Error for thread 0x0000000047bcf418: 0.1582 = 0.4545 - 0.2963
EA_PEDF_RV64: Error for thread 0x0000000047b94c40: 0.0185 = 0.2444 - 0.2259
EA_PEDF_RV64: Error for thread 0x0000000047b5a468: 0.0609 = 0.1780 - 0.2389
EA_PEDF_RV64: Error for thread 0x0000000047b1fc90: 0.0122 = 0.3246 - 0.3368
Training dataset: In [0.1655, 1.0000, 0.2636, 0.2370, 0.3360, 0.0236, 0.1645, 0.
0079, 0.0040, 0.0211, 0.1648] Out [0.4679]
Training dataset: In [0.1629, 1.0000, 0.2573, 0.2370, 0.3304, 0.0015, 0.0706, 0.
0013, 0.0316, 0.0067, 0.0899] Out [0.3246]
Training dataset: In [0.3358, 0.3333, 0.2693, 0.2371, 0.6352, 0.0389, 0.1855, 0.
0311, 0.0198, 0.0593, 0.2979] Out [0.4923]
Training dataset: In [0.3236, 0.3333, 0.2545, 0.2371, 0.6120, 0.0015, 0.0709, 0.
0013, 0.0040, 0.0067, 0.1331] Out [0.4912]
Training dataset: In [0.9322, 0.3333, 0.9939, 0.7132, 0.6364, 0.0230, 0.1253, 0.
0237, 0.0363, 0.0449, 0.2397] Out [0.4923]
Training dataset: In [0.3236, 0.3333, 0.2545, 0.2371, 0.6120, 0.0015, 0.0709, 0.
0012, 0.0000, 0.0066, 0.1348] Out [0.4912]
Training dataset: In [0.1654, 1.0000, 0.2633, 0.2370, 0.3360, 0.0236, 0.1646, 0.
0078, 0.0040, 0.0210, 0.1631] Out [0.4679]
Training dataset: In [0.1629, 1.0000, 0.2572, 0.2370, 0.3304, 0.0015, 0.0706, 0.
0013, 0.0198, 0.0066, 0.0949] Out [0.3246]
Training dataset: In [0.3357, 0.3333, 0.2692, 0.2371, 0.6339, 0.0389, 0.1854, 0.
0311, 0.0198, 0.0593, 0.2680] Out [0.4923]
Training dataset: In [0.3236, 0.3333, 0.2545, 0.2371, 0.6120, 0.0015, 0.0709, 0.
0013, 0.0040, 0.0066, 0.1315] Out [0.4912]
Training dataset: In [0.9372, 0.3333, 0.10000, 0.7195, 0.6364, 0.0229, 0.1246, 0
.0235, 0.0362, 0.0446, 0.2326] Out [0.4923]
Training dataset: In [0.3236, 0.3333, 0.2545, 0.2371, 0.6120, 0.0015, 0.0709, 0.
0012, 0.0000, 0.0066, 0.1365] Out [0.4912]
Training dataset: In [0.1655, 1.0000, 0.2634, 0.2370, 0.3360, 0.0237, 0.1647, 0.
0080, 0.0040, 0.0215, 0.1615] Out [0.4679]
Training dataset: In [0.1629, 1.0000, 0.2572, 0.2370, 0.3304, 0.0015, 0.0706, 0.
0013, 0.0237, 0.0067, 0.0916] Out [0.3246]
Training dataset: In [0.3359, 0.3333, 0.2694, 0.2371, 0.6339, 0.0390, 0.1853, 0.
0311, 0.0198, 0.0592, 0.2746] Out [0.4923]
Training dataset: In [0.3237, 0.3333, 0.2546, 0.2371, 0.6120, 0.0015, 0.0709, 0.
0013, 0.0000, 0.0066, 0.1365] Out [0.4912]
Training dataset: In [0.1881, 1.0000, 0.2867, 0.2370, 0.4004, 0.0626, 0.1515, 0.
0422, 0.0079, 0.0452, 0.1357] Out [0.4545]
Training dataset: In [0.0890, 1.0000, 0.0405, 0.4890, 0.0012, 0.0008, 0.0215, 0.
0014, 0.0000, 0.0057, 0.0852] Out [0.2444]
Training dataset: In [0.3542, 0.3333, 0.2594, 0.2370, 0.6822, 0.0716, 0.1706, 0.
0529, 0.0237, 0.0606, 0.3167] Out [0.6565]
Training dataset: In [0.1780, 0.3333, 0.0405, 0.4890, 0.1508, 0.0011, 0.0231, 0.
0014, 0.0048, 0.0057, 0.1220] Out [0.2671]
Training dataset: In [0.9577, 0.3333, 1.0000, 0.7544, 0.6834, 0.0495, 0.1142, 0.
0396, 0.0356, 0.0452, 0.2378] Out [0.6565]
Training dataset: In [0.1780, 0.3333, 0.0401, 0.4890, 0.1508, 0.0012, 0.0232, 0.
0014, 0.0048, 0.0057, 0.1289] Out [0.2671]
Training dataset: In [0.1881, 1.0000, 0.2841, 0.2370, 0.3992, 0.0626, 0.1516, 0.
0422, 0.0079, 0.0452, 0.1376] Out [0.4545]
Training dataset: In [0.0890, 1.0000, 0.0401, 0.4890, 0.0012, 0.0008, 0.0214, 0.
0014, 0.0048, 0.0057, 0.0806] Out [0.2444]
Training dataset: In [0.3540, 0.3333, 0.2568, 0.2370, 0.6822, 0.0716, 0.1703, 0.
0526, 0.0079, 0.0601, 0.2846] Out [0.6565]
Training dataset: In [0.1780, 0.3333, 0.0401, 0.4890, 0.1508, 0.0011, 0.0231, 0.
0014, 0.0241, 0.0057, 0.1404] Out [0.2671]
Training dataset: In [0.3541, 0.3333, 0.2569, 0.2370, 0.6810, 0.0716, 0.1705, 0.
0526, 0.0119, 0.0603, 0.2714] Out [0.6565]
Training dataset: In [0.7736, 0.3333, 0.7733, 0.9643, 0.1520, 0.0000, 0.0000, 0.
0010, 0.0387, 0.0041, 0.1208] Out [0.2671]
Training dataset: In [0.1882, 1.0000, 0.2843, 0.2370, 0.3992, 0.0671, 0.1538, 0.
0423, 0.0119, 0.0454, 0.1395] Out [0.4545]
Training dataset: In [0.0890, 1.0000, 0.0401, 0.4890, 0.0012, 0.0054, 0.0239, 0.
0014, 0.0000, 0.0057, 0.0829] Out [0.2444]
Training dataset: In [0.3540, 0.3333, 0.2568, 0.2370, 0.6822, 0.0760, 0.1727, 0.
0526, 0.0079, 0.0601, 0.2714] Out [0.6565]
Training dataset: In [0.1780, 0.3333, 0.0401, 0.4890, 0.1508, 0.0058, 0.0254, 0.
0014, 0.0193, 0.0057, 0.1496] Out [0.2671]
Training dataset: In [0.1014, 1.0000, 0.0704, 0.0000, 0.0437, 0.9741, 0.8871, 0.
8311, 0.0699, 0.7322, 0.5006] Out [0.1514]
Training dataset: In [0.0890, 1.0000, 0.0397, 0.4890, 0.0000, 0.0187, 0.1022, 0.
0013, 0.0000, 0.0045, 0.1266] Out [0.1780]
Training dataset: In [0.1458, 0.3333, 0.0000, 0.0000, 0.1156, 0.9986, 0.9927, 0.
9970, 0.0699, 0.9920, 0.8333] Out [0.3044]
Training dataset: In [0.1780, 0.3333, 0.0399, 0.4890, 0.1498, 0.0185, 0.1025, 0.
0013, 0.0000, 0.0047, 0.2163] Out [0.4033]
Training dataset: In [0.1463, 0.3333, 0.0006, 0.0000, 0.1156, 1.0000, 1.0000, 1.
0000, 0.2096, 0.9984, 1.0000] Out [0.3044]
Training dataset: In [0.1780, 0.3333, 0.0399, 0.4890, 0.1498, 0.0185, 0.1017, 0.
0013, 0.0000, 0.0048, 0.1883] Out [0.4033]
Training dataset: In [0.1014, 1.0000, 0.0704, 0.0000, 0.0425, 0.9727, 0.8841, 0.
8279, 0.1398, 0.7300, 0.3941] Out [0.1514]
Training dataset: In [0.0890, 1.0000, 0.0398, 0.4890, 0.0000, 0.0188, 0.1020, 0.
0013, 0.0000, 0.0046, 0.1151] Out [0.1780]
Training dataset: In [0.1456, 0.3333, 0.0000, 0.0000, 0.1156, 0.9972, 0.9804, 0.
9928, 0.0699, 0.9886, 0.9394] Out [0.3044]
Training dataset: In [0.1780, 0.3333, 0.0401, 0.4890, 0.1498, 0.0186, 0.1026, 0.
0013, 0.0000, 0.0050, 0.1967] Out [0.4033]
Training dataset: In [0.1456, 0.3333, 0.0000, 0.0000, 0.1144, 0.9976, 0.9858, 0.
9934, 0.1397, 0.9919, 1.0000] Out [0.3044]
Training dataset: In [0.1780, 0.3333, 0.0401, 0.4890, 0.1498, 0.0186, 0.1025, 0.
0013, 0.0000, 0.0049, 0.1828] Out [0.4033]
Training dataset: In [0.1015, 1.0000, 0.0710, 0.0001, 0.0425, 0.9733, 0.8882, 0.
8298, 0.1397, 0.7335, 0.5588] Out [0.1514]
Training dataset: In [0.0890, 1.0000, 0.0401, 0.4890, 0.0000, 0.0187, 0.1019, 0.
0013, 0.0000, 0.0046, 0.1097] Out [0.1780]
Training dataset: In [0.1456, 0.3333, 0.0000, 0.0000, 0.1156, 0.9977, 0.9869, 0.
9929, 0.0699, 0.9905, 0.9118] Out [0.3044]
Training dataset: In [0.1780, 0.3333, 0.0401, 0.4890, 0.1498, 0.0186, 0.1025, 0.
0013, 0.0000, 0.0048, 0.1868] Out [0.4033]
EA_PEDF_RV64: Prediction for thread 0x0000000047c443c8: 0.2703
EA_PEDF_RV64: Prediction for thread 0x0000000047c09bf0: 0.5072
EA_PEDF_RV64: Prediction for thread 0x0000000047bcf418: 0.5060
EA_PEDF_RV64: Prediction for thread 0x0000000047b94c40: 0.3945
EA_PEDF_RV64: Prediction for thread 0x0000000047b5a468: 0.3927
EA_PEDF_RV64: Prediction for thread 0x0000000047b1fc90: 0.5113
EA_PEDF_RV64: Prediction for core 1: 1.0185
Imbalanced!
>  Iteration [71], Clock: 751999999Hz, Temperature: 40.0860C
EA_PEDF_RV64: Prediction for thread 0x0000000047c443c8: 0.2696
EA_PEDF_RV64: Prediction for thread 0x0000000047c09bf0: 0.6485
EA_PEDF_RV64: Prediction for thread 0x0000000047bcf418: 0.5060
EA_PEDF_RV64: Prediction for thread 0x0000000047b94c40: 0.5603
EA_PEDF_RV64: Prediction for thread 0x0000000047b5a468: 0.3927
EA_PEDF_RV64: Prediction for thread 0x0000000047b1fc90: 0.5112
<0>: EA_PEDF_RV64: The utilization went beyond the safety margin of 95.0000%
Core 1 utilization: 1.2558
Core 2 utilization: 1.1328
Core 3 utilization: 0.3238
 :<0>
Revoking...
>  Iteration [72], Clock: 1503999999Hz, Temperature: 40.0280C
>  Iteration [73], Clock: 1503999999Hz, Temperature: 40.6080C
EA_PEDF_RV64: Prediction for thread 0x0000000047c443c8: 0.1804
EA_PEDF_RV64: Prediction for thread 0x0000000047c09bf0: 0.3334
EA_PEDF_RV64: Prediction for thread 0x0000000047bcf418: 0.3079
EA_PEDF_RV64: Prediction for thread 0x0000000047b94c40: 0.2363
EA_PEDF_RV64: Prediction for thread 0x0000000047b5a468: 0.2349
EA_PEDF_RV64: Prediction for thread 0x0000000047b1fc90: 0.4769
EA_PEDF_RV64: Prediction for core 1: 0.8102
EA_PEDF_RV64: Prediction for core 2: 0.5442
EA_PEDF_RV64: Prediction for core 3: 0.4153
>  Iteration [74], Clock: 751999999Hz, Temperature: 40.8980C
>  Iteration [75], Clock: 751999999Hz, Temperature: 40.3760C
Retraining...
EA_PEDF_RV64: Error for thread 0x0000000047c443c8: 0.0296 = 0.1508 - 0.1804
EA_PEDF_RV64: Error for thread 0x0000000047c09bf0: 0.1679 = 0.5013 - 0.3334
EA_PEDF_RV64: Error for thread 0x0000000047bcf418: 0.1366 = 0.4445 - 0.3079
EA_PEDF_RV64: Error for thread 0x0000000047b94c40: 0.0315 = 0.2678 - 0.2363
EA_PEDF_RV64: Error for thread 0x0000000047b5a468: 0.0568 = 0.1780 - 0.2349
EA_PEDF_RV64: Error for thread 0x0000000047b1fc90: 0.1524 = 0.3245 - 0.4769
Training dataset: In [0.1654, 1.0000, 0.2633, 0.2370, 0.3360, 0.0236, 0.1646, 0.
0078, 0.0040, 0.0210, 0.1631] Out [0.5013]
Training dataset: In [0.1629, 1.0000, 0.2572, 0.2370, 0.3304, 0.0015, 0.0706, 0.
0013, 0.0198, 0.0066, 0.0949] Out [0.3245]
Training dataset: In [0.3357, 0.3333, 0.2692, 0.2371, 0.6339, 0.0389, 0.1854, 0.
0311, 0.0198, 0.0593, 0.2680] Out [0.4923]
Training dataset: In [0.3236, 0.3333, 0.2545, 0.2371, 0.6120, 0.0015, 0.0709, 0.
0013, 0.0040, 0.0066, 0.1315] Out [0.4912]
Training dataset: In [0.9372, 0.3333, 0.10000, 0.7195, 0.6364, 0.0229, 0.1246, 0
.0235, 0.0362, 0.0446, 0.2326] Out [0.4923]
Training dataset: In [0.3236, 0.3333, 0.2545, 0.2371, 0.6120, 0.0015, 0.0709, 0.
0012, 0.0000, 0.0066, 0.1365] Out [0.4912]
Training dataset: In [0.1655, 1.0000, 0.2634, 0.2370, 0.3360, 0.0237, 0.1647, 0.
0080, 0.0040, 0.0215, 0.1615] Out [0.5013]
Training dataset: In [0.1629, 1.0000, 0.2572, 0.2370, 0.3304, 0.0015, 0.0706, 0.
0013, 0.0237, 0.0067, 0.0916] Out [0.3245]
Training dataset: In [0.3359, 0.3333, 0.2694, 0.2371, 0.6339, 0.0390, 0.1853, 0.
0311, 0.0198, 0.0592, 0.2746] Out [0.4923]
Training dataset: In [0.3237, 0.3333, 0.2546, 0.2371, 0.6120, 0.0015, 0.0709, 0.
0013, 0.0000, 0.0066, 0.1365] Out [0.4912]
Training dataset: In [0.9321, 0.3333, 0.9938, 0.7132, 0.6364, 0.0230, 0.1253, 0.
0236, 0.0272, 0.0446, 0.2244] Out [0.4923]
Training dataset: In [0.3236, 0.3333, 0.2545, 0.2371, 0.6108, 0.0015, 0.0709, 0.
0012, 0.0079, 0.0066, 0.1381] Out [0.4912]
Training dataset: In [0.1657, 1.0000, 0.2639, 0.2370, 0.3360, 0.0237, 0.1645, 0.
0081, 0.0040, 0.0214, 0.1581] Out [0.5013]
Training dataset: In [0.3259, 1.0000, 0.6532, 0.4963, 0.8692, 0.0015, 0.0706, 0.
0013, 0.0158, 0.0067, 0.0832] Out [0.3245]
Training dataset: In [0.6715, 0.3333, 0.6772, 0.4961, 1.0000, 0.0389, 0.1853, 0.
0310, 0.0158, 0.0591, 0.2663] Out [0.4923]
Training dataset: In [0.3236, 0.3333, 0.2545, 0.2371, 0.4142, 0.0015, 0.0709, 0.
0013, 0.0079, 0.0067, 0.1465] Out [0.4912]
Training dataset: In [0.1881, 1.0000, 0.2841, 0.2370, 0.3992, 0.0626, 0.1516, 0.
0422, 0.0079, 0.0452, 0.1376] Out [0.4445]
Training dataset: In [0.0890, 1.0000, 0.0401, 0.4890, 0.0012, 0.0008, 0.0214, 0.
0014, 0.0048, 0.0057, 0.0806] Out [0.2678]
Training dataset: In [0.3540, 0.3333, 0.2568, 0.2370, 0.6822, 0.0716, 0.1703, 0.
0526, 0.0079, 0.0601, 0.2846] Out [0.6565]
Training dataset: In [0.1780, 0.3333, 0.0401, 0.4890, 0.1508, 0.0011, 0.0231, 0.
0014, 0.0241, 0.0057, 0.1404] Out [0.2671]
Training dataset: In [0.3541, 0.3333, 0.2569, 0.2370, 0.6810, 0.0716, 0.1705, 0.
0526, 0.0119, 0.0603, 0.2714] Out [0.6565]
Training dataset: In [0.7736, 0.3333, 0.7733, 0.9643, 0.1520, 0.0000, 0.0000, 0.
0010, 0.0387, 0.0041, 0.1208] Out [0.2671]
Training dataset: In [0.1882, 1.0000, 0.2843, 0.2370, 0.3992, 0.0671, 0.1538, 0.
0423, 0.0119, 0.0454, 0.1395] Out [0.4445]
Training dataset: In [0.0890, 1.0000, 0.0401, 0.4890, 0.0012, 0.0054, 0.0239, 0.
0014, 0.0000, 0.0057, 0.0829] Out [0.2678]
Training dataset: In [0.3540, 0.3333, 0.2568, 0.2370, 0.6822, 0.0760, 0.1727, 0.
0526, 0.0079, 0.0601, 0.2714] Out [0.6565]
Training dataset: In [0.1780, 0.3333, 0.0401, 0.4890, 0.1508, 0.0058, 0.0254, 0.
0014, 0.0193, 0.0057, 0.1496] Out [0.2671]
Training dataset: In [0.3541, 0.3333, 0.2569, 0.2370, 0.6822, 0.0760, 0.1726, 0.
0527, 0.0079, 0.0604, 0.2695] Out [0.6565]
Training dataset: In [0.7787, 0.3333, 0.7796, 0.9777, 0.1520, 0.0006, 0.0029, 0.
0010, 0.0349, 0.0041, 0.1215] Out [0.2671]
Training dataset: In [0.1882, 1.0000, 0.2843, 0.2370, 0.3992, 0.0671, 0.1536, 0.
0424, 0.0119, 0.0453, 0.1301] Out [0.4445]
Training dataset: In [0.0890, 1.0000, 0.0401, 0.4890, 0.0012, 0.0055, 0.0240, 0.
0014, 0.0096, 0.0057, 0.0944] Out [0.2678]
Training dataset: In [0.3541, 0.3333, 0.2569, 0.2370, 0.6822, 0.0759, 0.1725, 0.
0527, 0.0079, 0.0603, 0.2695] Out [0.6565]
Training dataset: In [0.1780, 0.3333, 0.0401, 0.4890, 0.1508, 0.0058, 0.0255, 0.
0014, 0.0241, 0.0058, 0.1404] Out [0.2671]
Training dataset: In [0.1014, 1.0000, 0.0704, 0.0000, 0.0425, 0.9727, 0.8841, 0.
8279, 0.1398, 0.7300, 0.3941] Out [0.1508]
Training dataset: In [0.0890, 1.0000, 0.0398, 0.4890, 0.0000, 0.0188, 0.1020, 0.
0013, 0.0000, 0.0046, 0.1151] Out [0.1780]
Training dataset: In [0.1456, 0.3333, 0.0000, 0.0000, 0.1156, 0.9972, 0.9804, 0.
9928, 0.0699, 0.9886, 0.9394] Out [0.3044]
Training dataset: In [0.1780, 0.3333, 0.0401, 0.4890, 0.1498, 0.0186, 0.1026, 0.
0013, 0.0000, 0.0050, 0.1967] Out [0.4033]
Training dataset: In [0.1456, 0.3333, 0.0000, 0.0000, 0.1144, 0.9976, 0.9858, 0.
9934, 0.1397, 0.9919, 1.0000] Out [0.3044]
Training dataset: In [0.1780, 0.3333, 0.0401, 0.4890, 0.1498, 0.0186, 0.1025, 0.
0013, 0.0000, 0.0049, 0.1828] Out [0.4033]
Training dataset: In [0.1015, 1.0000, 0.0710, 0.0001, 0.0425, 0.9733, 0.8882, 0.
8298, 0.1397, 0.7335, 0.5588] Out [0.1508]
Training dataset: In [0.0890, 1.0000, 0.0401, 0.4890, 0.0000, 0.0187, 0.1019, 0.
0013, 0.0000, 0.0046, 0.1097] Out [0.1780]
Training dataset: In [0.1456, 0.3333, 0.0000, 0.0000, 0.1156, 0.9977, 0.9869, 0.
9929, 0.0699, 0.9905, 0.9118] Out [0.3044]
Training dataset: In [0.1780, 0.3333, 0.0401, 0.4890, 0.1498, 0.0186, 0.1025, 0.
0013, 0.0000, 0.0048, 0.1868] Out [0.4033]
Training dataset: In [0.1458, 0.3333, 0.0003, 0.0000, 0.1144, 0.9985, 0.9911, 0.
9958, 0.0699, 0.9958, 0.8824] Out [0.3044]
Training dataset: In [0.1780, 0.3333, 0.0401, 0.4890, 0.1498, 0.0185, 0.1022, 0.
0013, 0.0000, 0.0047, 0.1868] Out [0.4033]
Training dataset: In [0.1017, 1.0000, 0.0715, 0.0001, 0.0425, 0.9736, 0.8857, 0.
8313, 0.1397, 0.7344, 0.6176] Out [0.1508]
Training dataset: In [0.0890, 1.0000, 0.0401, 0.4890, 0.0000, 0.0187, 0.1019, 0.
0013, 0.0000, 0.0046, 0.1016] Out [0.1780]
Training dataset: In [0.1459, 0.3333, 0.0004, 0.0000, 0.1156, 0.9991, 0.9927, 0.
9962, 0.0699, 0.9950, 0.9118] Out [0.3044]
Training dataset: In [0.1780, 0.3333, 0.0401, 0.4890, 0.1498, 0.0185, 0.1020, 0.
0013, 0.0000, 0.0047, 0.1868] Out [0.4033]
EA_PEDF_RV64: Prediction for thread 0x0000000047c443c8: 0.2687
EA_PEDF_RV64: Prediction for thread 0x0000000047c09bf0: 0.6276
EA_PEDF_RV64: Prediction for thread 0x0000000047bcf418: 0.5136
EA_PEDF_RV64: Prediction for thread 0x0000000047b94c40: 0.4014
EA_PEDF_RV64: Prediction for thread 0x0000000047b5a468: 0.3902
EA_PEDF_RV64: Prediction for thread 0x0000000047b1fc90: 0.4794
<0>: EA_PEDF_RV64: The utilization went beyond the safety margin of 95.0000%
Core 1 utilization: 0.9952
Core 2 utilization: 0.5322
Core 3 utilization: 0.3239
 :<0>
Revoking...
>  Iteration [76], Clock: 1503999999Hz, Temperature: 40.1440C
>  Iteration [77], Clock: 1503999999Hz, Temperature: 40.7820C
EA_PEDF_RV64: Prediction for thread 0x0000000047c443c8: 0.1772
EA_PEDF_RV64: Prediction for thread 0x0000000047c09bf0: 0.3169
EA_PEDF_RV64: Prediction for thread 0x0000000047bcf418: 0.3172
EA_PEDF_RV64: Prediction for thread 0x0000000047b94c40: 0.2446
EA_PEDF_RV64: Prediction for thread 0x0000000047b5a468: 0.2318
EA_PEDF_RV64: Prediction for thread 0x0000000047b1fc90: 0.3235
EA_PEDF_RV64: Prediction for core 1: 0.6405
EA_PEDF_RV64: Prediction for core 2: 0.5618
EA_PEDF_RV64: Prediction for core 3: 0.4090
>  Iteration [78], Clock: 751999999Hz, Temperature: 41.0140C
>  Iteration [79], Clock: 751999999Hz, Temperature: 40.4920C
Retraining...
EA_PEDF_RV64: Error for thread 0x0000000047c443c8: 0.0266 = 0.1506 - 0.1772
EA_PEDF_RV64: Error for thread 0x0000000047c09bf0: 0.1765 = 0.4934 - 0.3169
EA_PEDF_RV64: Error for thread 0x0000000047bcf418: 0.1230 = 0.4402 - 0.3172
EA_PEDF_RV64: Error for thread 0x0000000047b94c40: 0.0189 = 0.2635 - 0.2446
EA_PEDF_RV64: Error for thread 0x0000000047b5a468: 0.0537 = 0.1780 - 0.2318
EA_PEDF_RV64: Error for thread 0x0000000047b1fc90: 0.0009 = 0.3244 - 0.3235
Training dataset: In [0.9372, 0.3333, 0.10000, 0.7195, 0.6364, 0.0229, 0.1246, 0
.0235, 0.0362, 0.0446, 0.2326] Out [0.4923]
Training dataset: In [0.3236, 0.3333, 0.2545, 0.2371, 0.6120, 0.0015, 0.0709, 0.
0012, 0.0000, 0.0066, 0.1365] Out [0.4912]
Training dataset: In [0.1655, 1.0000, 0.2634, 0.2370, 0.3360, 0.0237, 0.1647, 0.
0080, 0.0040, 0.0215, 0.1615] Out [0.4934]
Training dataset: In [0.1629, 1.0000, 0.2572, 0.2370, 0.3304, 0.0015, 0.0706, 0.
0013, 0.0237, 0.0067, 0.0916] Out [0.3244]
Training dataset: In [0.3359, 0.3333, 0.2694, 0.2371, 0.6339, 0.0390, 0.1853, 0.
0311, 0.0198, 0.0592, 0.2746] Out [0.4923]
Training dataset: In [0.3237, 0.3333, 0.2546, 0.2371, 0.6120, 0.0015, 0.0709, 0.
0013, 0.0000, 0.0066, 0.1365] Out [0.4912]
Training dataset: In [0.9321, 0.3333, 0.9938, 0.7132, 0.6364, 0.0230, 0.1253, 0.
0236, 0.0272, 0.0446, 0.2244] Out [0.4923]
Training dataset: In [0.3236, 0.3333, 0.2545, 0.2371, 0.6108, 0.0015, 0.0709, 0.
0012, 0.0079, 0.0066, 0.1381] Out [0.4912]
Training dataset: In [0.1657, 1.0000, 0.2639, 0.2370, 0.3360, 0.0237, 0.1645, 0.
0081, 0.0040, 0.0214, 0.1581] Out [0.4934]
Training dataset: In [0.3259, 1.0000, 0.6532, 0.4963, 0.8692, 0.0015, 0.0706, 0.
0013, 0.0158, 0.0067, 0.0832] Out [0.3244]
Training dataset: In [0.6715, 0.3333, 0.6772, 0.4961, 1.0000, 0.0389, 0.1853, 0.
0310, 0.0158, 0.0591, 0.2663] Out [0.4923]
Training dataset: In [0.3236, 0.3333, 0.2545, 0.2371, 0.4142, 0.0015, 0.0709, 0.
0013, 0.0079, 0.0067, 0.1465] Out [0.4912]
Training dataset: In [0.1656, 1.0000, 0.2637, 0.2370, 0.2274, 0.0237, 0.1646, 0.
0081, 0.0119, 0.0215, 0.1548] Out [0.4934]
Training dataset: In [0.1629, 1.0000, 0.2572, 0.2370, 0.2236, 0.0015, 0.0706, 0.
0013, 0.0000, 0.0066, 0.0782] Out [0.3244]
Training dataset: In [0.3357, 0.3333, 0.2692, 0.2371, 0.4299, 0.0388, 0.1855, 0.
0308, 0.0079, 0.0586, 0.2496] Out [0.4923]
Training dataset: In [0.3237, 0.3333, 0.2545, 0.2371, 0.4142, 0.0015, 0.0709, 0.
0013, 0.0158, 0.0067, 0.1531] Out [0.4912]
Training dataset: In [0.3541, 0.3333, 0.2569, 0.2370, 0.6810, 0.0716, 0.1705, 0.
0526, 0.0119, 0.0603, 0.2714] Out [0.6565]
Training dataset: In [0.7736, 0.3333, 0.7733, 0.9643, 0.1520, 0.0000, 0.0000, 0.
0010, 0.0387, 0.0041, 0.1208] Out [0.2671]
Training dataset: In [0.1882, 1.0000, 0.2843, 0.2370, 0.3992, 0.0671, 0.1538, 0.
0423, 0.0119, 0.0454, 0.1395] Out [0.4402]
Training dataset: In [0.0890, 1.0000, 0.0401, 0.4890, 0.0012, 0.0054, 0.0239, 0.
0014, 0.0000, 0.0057, 0.0829] Out [0.2635]
Training dataset: In [0.3540, 0.3333, 0.2568, 0.2370, 0.6822, 0.0760, 0.1727, 0.
0526, 0.0079, 0.0601, 0.2714] Out [0.6565]
Training dataset: In [0.1780, 0.3333, 0.0401, 0.4890, 0.1508, 0.0058, 0.0254, 0.
0014, 0.0193, 0.0057, 0.1496] Out [0.2671]
Training dataset: In [0.3541, 0.3333, 0.2569, 0.2370, 0.6822, 0.0760, 0.1726, 0.
0527, 0.0079, 0.0604, 0.2695] Out [0.6565]
Training dataset: In [0.7787, 0.3333, 0.7796, 0.9777, 0.1520, 0.0006, 0.0029, 0.
0010, 0.0349, 0.0041, 0.1215] Out [0.2671]
Training dataset: In [0.1882, 1.0000, 0.2843, 0.2370, 0.3992, 0.0671, 0.1536, 0.
0424, 0.0119, 0.0453, 0.1301] Out [0.4402]
Training dataset: In [0.0890, 1.0000, 0.0401, 0.4890, 0.0012, 0.0055, 0.0240, 0.
0014, 0.0096, 0.0057, 0.0944] Out [0.2635]
Training dataset: In [0.3541, 0.3333, 0.2569, 0.2370, 0.6822, 0.0759, 0.1725, 0.
0527, 0.0079, 0.0603, 0.2695] Out [0.6565]
Training dataset: In [0.1780, 0.3333, 0.0401, 0.4890, 0.1508, 0.0058, 0.0255, 0.
0014, 0.0241, 0.0058, 0.1404] Out [0.2671]
Training dataset: In [0.1882, 1.0000, 0.2844, 0.2370, 0.3992, 0.0671, 0.1535, 0.
0423, 0.0158, 0.0452, 0.1244] Out [0.4402]
Training dataset: In [0.0890, 1.0000, 0.0401, 0.4890, 0.0012, 0.0055, 0.0240, 0.
0014, 0.0000, 0.0057, 0.0921] Out [0.2635]
Training dataset: In [0.3540, 0.3333, 0.2568, 0.2370, 0.6822, 0.0760, 0.1725, 0.
0526, 0.0079, 0.0601, 0.2526] Out [0.6565]
Training dataset: In [0.1780, 0.3333, 0.0401, 0.4890, 0.1508, 0.0059, 0.0256, 0.
0014, 0.0193, 0.0057, 0.1404] Out [0.2671]
Training dataset: In [0.1456, 0.3333, 0.0000, 0.0000, 0.1144, 0.9976, 0.9858, 0.
9934, 0.1397, 0.9919, 1.0000] Out [0.3044]
Training dataset: In [0.1780, 0.3333, 0.0401, 0.4890, 0.1498, 0.0186, 0.1025, 0.
0013, 0.0000, 0.0049, 0.1828] Out [0.4033]
Training dataset: In [0.1015, 1.0000, 0.0710, 0.0001, 0.0425, 0.9733, 0.8882, 0.
8298, 0.1397, 0.7335, 0.5588] Out [0.1506]
Training dataset: In [0.0890, 1.0000, 0.0401, 0.4890, 0.0000, 0.0187, 0.1019, 0.
0013, 0.0000, 0.0046, 0.1097] Out [0.1780]
Training dataset: In [0.1456, 0.3333, 0.0000, 0.0000, 0.1156, 0.9977, 0.9869, 0.
9929, 0.0699, 0.9905, 0.9118] Out [0.3044]
Training dataset: In [0.1780, 0.3333, 0.0401, 0.4890, 0.1498, 0.0186, 0.1025, 0.
0013, 0.0000, 0.0048, 0.1868] Out [0.4033]
Training dataset: In [0.1458, 0.3333, 0.0003, 0.0000, 0.1144, 0.9985, 0.9911, 0.
9958, 0.0699, 0.9958, 0.8824] Out [0.3044]
Training dataset: In [0.1780, 0.3333, 0.0401, 0.4890, 0.1498, 0.0185, 0.1022, 0.
0013, 0.0000, 0.0047, 0.1868] Out [0.4033]
Training dataset: In [0.1017, 1.0000, 0.0715, 0.0001, 0.0425, 0.9736, 0.8857, 0.
8313, 0.1397, 0.7344, 0.6176] Out [0.1506]
Training dataset: In [0.0890, 1.0000, 0.0401, 0.4890, 0.0000, 0.0187, 0.1019, 0.
0013, 0.0000, 0.0046, 0.1016] Out [0.1780]
Training dataset: In [0.1459, 0.3333, 0.0004, 0.0000, 0.1156, 0.9991, 0.9927, 0.
9962, 0.0699, 0.9950, 0.9118] Out [0.3044]
Training dataset: In [0.1780, 0.3333, 0.0401, 0.4890, 0.1498, 0.0185, 0.1020, 0.
0013, 0.0000, 0.0047, 0.1868] Out [0.4033]
Training dataset: In [0.1017, 1.0000, 0.0714, 0.0000, 0.0437, 0.9733, 0.8839, 0.
8303, 0.2096, 0.7325, 0.4119] Out [0.1506]
Training dataset: In [0.0890, 1.0000, 0.0401, 0.4890, 0.0000, 0.0187, 0.1019, 0.
0013, 0.0000, 0.0045, 0.1036] Out [0.1780]
Training dataset: In [0.1456, 0.3333, 0.0000, 0.0000, 0.1156, 0.9975, 0.9847, 0.
9932, 0.0699, 0.9883, 0.5882] Out [0.3044]
Training dataset: In [0.1780, 0.3333, 0.0401, 0.4890, 0.1498, 0.0186, 0.1026, 0.
0013, 0.0000, 0.0050, 0.1889] Out [0.4033]
EA_PEDF_RV64: Prediction for thread 0x0000000047c443c8: 0.2665
EA_PEDF_RV64: Prediction for thread 0x0000000047c09bf0: 0.4715
EA_PEDF_RV64: Prediction for thread 0x0000000047bcf418: 0.5163
EA_PEDF_RV64: Prediction for thread 0x0000000047b94c40: 0.4034
EA_PEDF_RV64: Prediction for thread 0x0000000047b5a468: 0.3883
EA_PEDF_RV64: Prediction for thread 0x0000000047b1fc90: 0.4768
EA_PEDF_RV64: Prediction for core 1: 0.9484
EA_PEDF_RV64: Prediction for core 2: 0.9197
EA_PEDF_RV64: Prediction for core 3: 0.6547
>  Iteration [80], Clock: 501333333Hz, Temperature: 40.2600C
>  Iteration [81], Clock: 501333333Hz, Temperature: 40.1440C
Retraining...
EA_PEDF_RV64: Error for thread 0x0000000047c443c8: 0.0073 = 0.2738 - 0.2665
EA_PEDF_RV64: Error for thread 0x0000000047c09bf0: 0.0251 = 0.4966 - 0.4715
EA_PEDF_RV64: Error for thread 0x0000000047bcf418: 0.0944 = 0.6107 - 0.5163
EA_PEDF_RV64: Error for thread 0x0000000047b94c40: 0.1363 = 0.2671 - 0.4034
EA_PEDF_RV64: Error for thread 0x0000000047b5a468: 0.1194 = 0.2689 - 0.3883
EA_PEDF_RV64: Error for thread 0x0000000047b1fc90: 0.0187 = 0.4955 - 0.4768
Training dataset: In [0.1655, 1.0000, 0.2634, 0.2370, 0.3360, 0.0237, 0.1647, 0.
0080, 0.0040, 0.0215, 0.1615] Out [0.4934]
Training dataset: In [0.1629, 1.0000, 0.2572, 0.2370, 0.3304, 0.0015, 0.0706, 0.
0013, 0.0237, 0.0067, 0.0916] Out [0.3244]
Training dataset: In [0.3359, 0.3333, 0.2694, 0.2371, 0.6339, 0.0390, 0.1853, 0.
0311, 0.0198, 0.0592, 0.2746] Out [0.4966]
Training dataset: In [0.3237, 0.3333, 0.2546, 0.2371, 0.6120, 0.0015, 0.0709, 0.
0013, 0.0000, 0.0066, 0.1365] Out [0.4955]
Training dataset: In [0.9321, 0.3333, 0.9938, 0.7132, 0.6364, 0.0230, 0.1253, 0.
0236, 0.0272, 0.0446, 0.2244] Out [0.4966]
Training dataset: In [0.3236, 0.3333, 0.2545, 0.2371, 0.6108, 0.0015, 0.0709, 0.
0012, 0.0079, 0.0066, 0.1381] Out [0.4955]
Training dataset: In [0.1657, 1.0000, 0.2639, 0.2370, 0.3360, 0.0237, 0.1645, 0.
0081, 0.0040, 0.0214, 0.1581] Out [0.4934]
Training dataset: In [0.3259, 1.0000, 0.6532, 0.4963, 0.8692, 0.0015, 0.0706, 0.
0013, 0.0158, 0.0067, 0.0832] Out [0.3244]
Training dataset: In [0.6715, 0.3333, 0.6772, 0.4961, 1.0000, 0.0389, 0.1853, 0.
0310, 0.0158, 0.0591, 0.2663] Out [0.4966]
Training dataset: In [0.3236, 0.3333, 0.2545, 0.2371, 0.4142, 0.0015, 0.0709, 0.
0013, 0.0079, 0.0067, 0.1465] Out [0.4955]
Training dataset: In [0.1656, 1.0000, 0.2637, 0.2370, 0.2274, 0.0237, 0.1646, 0.
0081, 0.0119, 0.0215, 0.1548] Out [0.4934]
Training dataset: In [0.1629, 1.0000, 0.2572, 0.2370, 0.2236, 0.0015, 0.0706, 0.
0013, 0.0000, 0.0066, 0.0782] Out [0.3244]
Training dataset: In [0.3357, 0.3333, 0.2692, 0.2371, 0.4299, 0.0388, 0.1855, 0.
0308, 0.0079, 0.0586, 0.2496] Out [0.4966]
Training dataset: In [0.3237, 0.3333, 0.2545, 0.2371, 0.4142, 0.0015, 0.0709, 0.
0013, 0.0158, 0.0067, 0.1531] Out [0.4955]
Training dataset: In [0.5053, 0.1111, 0.2706, 0.2371, 0.6315, 0.0479, 0.1942, 0.
0445, 0.0276, 0.0781, 0.4393] Out [1.0000]
Training dataset: In [0.5042, 0.1111, 0.2697, 0.2371, 0.6298, 0.0283, 0.0945, 0.
0441, 0.0118, 0.0715, 0.2396] Out [1.0000]
Training dataset: In [0.1882, 1.0000, 0.2843, 0.2370, 0.3992, 0.0671, 0.1538, 0.
0423, 0.0119, 0.0454, 0.1395] Out [0.4402]
Training dataset: In [0.0890, 1.0000, 0.0401, 0.4890, 0.0012, 0.0054, 0.0239, 0.
0014, 0.0000, 0.0057, 0.0829] Out [0.2635]
Training dataset: In [0.3540, 0.3333, 0.2568, 0.2370, 0.6822, 0.0760, 0.1727, 0.
0526, 0.0079, 0.0601, 0.2714] Out [0.6107]
Training dataset: In [0.1780, 0.3333, 0.0401, 0.4890, 0.1508, 0.0058, 0.0254, 0.
0014, 0.0193, 0.0057, 0.1496] Out [0.2671]
Training dataset: In [0.3541, 0.3333, 0.2569, 0.2370, 0.6822, 0.0760, 0.1726, 0.
0527, 0.0079, 0.0604, 0.2695] Out [0.6107]
Training dataset: In [0.7787, 0.3333, 0.7796, 0.9777, 0.1520, 0.0006, 0.0029, 0.
0010, 0.0349, 0.0041, 0.1215] Out [0.2671]
Training dataset: In [0.1882, 1.0000, 0.2843, 0.2370, 0.3992, 0.0671, 0.1536, 0.
0424, 0.0119, 0.0453, 0.1301] Out [0.4402]
Training dataset: In [0.0890, 1.0000, 0.0401, 0.4890, 0.0012, 0.0055, 0.0240, 0.
0014, 0.0096, 0.0057, 0.0944] Out [0.2635]
Training dataset: In [0.3541, 0.3333, 0.2569, 0.2370, 0.6822, 0.0759, 0.1725, 0.
0527, 0.0079, 0.0603, 0.2695] Out [0.6107]
Training dataset: In [0.1780, 0.3333, 0.0401, 0.4890, 0.1508, 0.0058, 0.0255, 0.
0014, 0.0241, 0.0058, 0.1404] Out [0.2671]
Training dataset: In [0.1882, 1.0000, 0.2844, 0.2370, 0.3992, 0.0671, 0.1535, 0.
0423, 0.0158, 0.0452, 0.1244] Out [0.4402]
Training dataset: In [0.0890, 1.0000, 0.0401, 0.4890, 0.0012, 0.0055, 0.0240, 0.
0014, 0.0000, 0.0057, 0.0921] Out [0.2635]
Training dataset: In [0.3540, 0.3333, 0.2568, 0.2370, 0.6822, 0.0760, 0.1725, 0.
0526, 0.0079, 0.0601, 0.2526] Out [0.6107]
Training dataset: In [0.1780, 0.3333, 0.0401, 0.4890, 0.1508, 0.0059, 0.0256, 0.
0014, 0.0193, 0.0057, 0.1404] Out [0.2671]
Training dataset: In [0.5191, 0.1111, 0.2470, 0.2371, 0.9551, 0.0795, 0.1794, 0.
0581, 0.0316, 0.0672, 0.4692] Out [1.0000]
Training dataset: In [0.2671, 0.1111, 0.0402, 0.4890, 0.3016, 0.0060, 0.0262, 0.
0014, 0.0048, 0.0057, 0.1818] Out [1.0000]
Training dataset: In [0.1015, 1.0000, 0.0710, 0.0001, 0.0425, 0.9733, 0.8882, 0.
8298, 0.1397, 0.7335, 0.5588] Out [0.1506]
Training dataset: In [0.0890, 1.0000, 0.0401, 0.4890, 0.0000, 0.0187, 0.1019, 0.
0013, 0.0000, 0.0046, 0.1097] Out [0.1780]
Training dataset: In [0.1456, 0.3333, 0.0000, 0.0000, 0.1156, 0.9977, 0.9869, 0.
9929, 0.0699, 0.9905, 0.9118] Out [0.2738]
Training dataset: In [0.1780, 0.3333, 0.0401, 0.4890, 0.1498, 0.0186, 0.1025, 0.
0013, 0.0000, 0.0048, 0.1868] Out [0.2689]
Training dataset: In [0.1458, 0.3333, 0.0003, 0.0000, 0.1144, 0.9985, 0.9911, 0.
9958, 0.0699, 0.9958, 0.8824] Out [0.2738]
Training dataset: In [0.1780, 0.3333, 0.0401, 0.4890, 0.1498, 0.0185, 0.1022, 0.
0013, 0.0000, 0.0047, 0.1868] Out [0.2689]
Training dataset: In [0.1017, 1.0000, 0.0715, 0.0001, 0.0425, 0.9736, 0.8857, 0.
8313, 0.1397, 0.7344, 0.6176] Out [0.1506]
Training dataset: In [0.0890, 1.0000, 0.0401, 0.4890, 0.0000, 0.0187, 0.1019, 0.
0013, 0.0000, 0.0046, 0.1016] Out [0.1780]
Training dataset: In [0.1459, 0.3333, 0.0004, 0.0000, 0.1156, 0.9991, 0.9927, 0.
9962, 0.0699, 0.9950, 0.9118] Out [0.2738]
Training dataset: In [0.1780, 0.3333, 0.0401, 0.4890, 0.1498, 0.0185, 0.1020, 0.
0013, 0.0000, 0.0047, 0.1868] Out [0.2689]
Training dataset: In [0.1017, 1.0000, 0.0714, 0.0000, 0.0437, 0.9733, 0.8839, 0.
8303, 0.2096, 0.7325, 0.4119] Out [0.1506]
Training dataset: In [0.0890, 1.0000, 0.0401, 0.4890, 0.0000, 0.0187, 0.1019, 0.
0013, 0.0000, 0.0045, 0.1036] Out [0.1780]
Training dataset: In [0.1456, 0.3333, 0.0000, 0.0000, 0.1156, 0.9975, 0.9847, 0.
9932, 0.0699, 0.9883, 0.5882] Out [0.2738]
Training dataset: In [0.1780, 0.3333, 0.0401, 0.4890, 0.1498, 0.0186, 0.1026, 0.
0013, 0.0000, 0.0050, 0.1889] Out [0.2689]
Training dataset: In [0.2126, 0.1111, 0.0000, 0.0000, 0.2295, 1.0000, 1.0000, 1.
0000, 0.0697, 1.0000, 1.0000] Out [1.0000]
Training dataset: In [0.0000, 0.1111, 0.0000, 0.0000, 0.0000, 922337203685477580
7.9223372036854775807, 9223372036854775807.9223372036854775807, 9223372036854775
807.9223372036854775807, 9223372036854775807.9223372036854775807, 92233720368547
75807.9223372036854775807, 9223372036854775807.9223372036854775807] Out [1.0000]

EA_PEDF_RV64: Prediction for thread 0x0000000047c443c8: 0.1085
EA_PEDF_RV64: Prediction for thread 0x0000000047c09bf0: 0.5761
EA_PEDF_RV64: Prediction for thread 0x0000000047bcf418: 0.6531
EA_PEDF_RV64: Prediction for thread 0x0000000047b94c40: 0.5085
EA_PEDF_RV64: Prediction for thread 0x0000000047b5a468: 0.1085
EA_PEDF_RV64: Prediction for thread 0x0000000047b1fc90: 0.5834
<0>: EA_PEDF_RV64: The utilization went beyond the safety margin of 95.0000%
Core 1 utilization: 1.0095
Core 2 utilization: 0.7862
Core 3 utilization: 0.2126
 :<0>
Revoking...
>  Iteration [82], Clock: 1503999999Hz, Temperature: 39.9700C
>  Iteration [83], Clock: 1503999999Hz, Temperature: 40.6660C
EA_PEDF_RV64: Prediction for thread 0x0000000047c443c8: 0.1085
EA_PEDF_RV64: Prediction for thread 0x0000000047c09bf0: 0.3436
EA_PEDF_RV64: Prediction for thread 0x0000000047bcf418: 0.3472
EA_PEDF_RV64: Prediction for thread 0x0000000047b94c40: 0.2710
EA_PEDF_RV64: Prediction for thread 0x0000000047b5a468: 0.1085
EA_PEDF_RV64: Prediction for thread 0x0000000047b1fc90: 0.3500
EA_PEDF_RV64: Prediction for core 1: 0.6936
EA_PEDF_RV64: Prediction for core 2: 0.6182
EA_PEDF_RV64: Prediction for core 3: 0.2170
>  Iteration [84], Clock: 751999999Hz, Temperature: 40.9560C
>  Iteration [85], Clock: 751999999Hz, Temperature: 40.4920C
Retraining...
EA_PEDF_RV64: Error for thread 0x0000000047c443c8: 0.0419 = 0.1504 - 0.1085
EA_PEDF_RV64: Error for thread 0x0000000047c09bf0: 0.1426 = 0.4862 - 0.3436
EA_PEDF_RV64: Error for thread 0x0000000047bcf418: 0.0891 = 0.4363 - 0.3472
EA_PEDF_RV64: Error for thread 0x0000000047b94c40: 0.0114 = 0.2596 - 0.2710
EA_PEDF_RV64: Error for thread 0x0000000047b5a468: 0.0695 = 0.1780 - 0.1085
EA_PEDF_RV64: Error for thread 0x0000000047b1fc90: 0.0256 = 0.3244 - 0.3500
Training dataset: In [0.9321, 0.3333, 0.9938, 0.7132, 0.6364, 0.0230, 0.1253, 0.
0236, 0.0272, 0.0446, 0.2244] Out [0.4966]
Training dataset: In [0.3236, 0.3333, 0.2545, 0.2371, 0.6108, 0.0015, 0.0709, 0.
0012, 0.0079, 0.0066, 0.1381] Out [0.4955]
Training dataset: In [0.1657, 1.0000, 0.2639, 0.2370, 0.3360, 0.0237, 0.1645, 0.
0081, 0.0040, 0.0214, 0.1581] Out [0.4862]
Training dataset: In [0.3259, 1.0000, 0.6532, 0.4963, 0.8692, 0.0015, 0.0706, 0.
0013, 0.0158, 0.0067, 0.0832] Out [0.3244]
Training dataset: In [0.6715, 0.3333, 0.6772, 0.4961, 1.0000, 0.0389, 0.1853, 0.
0310, 0.0158, 0.0591, 0.2663] Out [0.4966]
Training dataset: In [0.3236, 0.3333, 0.2545, 0.2371, 0.4142, 0.0015, 0.0709, 0.
0013, 0.0079, 0.0067, 0.1465] Out [0.4955]
Training dataset: In [0.1656, 1.0000, 0.2637, 0.2370, 0.2274, 0.0237, 0.1646, 0.
0081, 0.0119, 0.0215, 0.1548] Out [0.4862]
Training dataset: In [0.1629, 1.0000, 0.2572, 0.2370, 0.2236, 0.0015, 0.0706, 0.
0013, 0.0000, 0.0066, 0.0782] Out [0.3244]
Training dataset: In [0.3357, 0.3333, 0.2692, 0.2371, 0.4299, 0.0388, 0.1855, 0.
0308, 0.0079, 0.0586, 0.2496] Out [0.4966]
Training dataset: In [0.3237, 0.3333, 0.2545, 0.2371, 0.4142, 0.0015, 0.0709, 0.
0013, 0.0158, 0.0067, 0.1531] Out [0.4955]
Training dataset: In [0.5053, 0.1111, 0.2706, 0.2371, 0.6315, 0.0479, 0.1942, 0.
0445, 0.0276, 0.0781, 0.4393] Out [1.0000]
Training dataset: In [0.5042, 0.1111, 0.2697, 0.2371, 0.6298, 0.0283, 0.0945, 0.
0441, 0.0118, 0.0715, 0.2396] Out [1.0000]
Training dataset: In [0.1656, 1.0000, 0.2638, 0.2370, 0.2274, 0.0238, 0.1646, 0.
0082, 0.0158, 0.0217, 0.1615] Out [0.4862]
Training dataset: In [0.1629, 1.0000, 0.2572, 0.2370, 0.2236, 0.0015, 0.0706, 0.
0013, 0.0040, 0.0067, 0.0766] Out [0.3244]
Training dataset: In [0.3357, 0.3333, 0.2692, 0.2371, 0.4299, 0.0389, 0.1854, 0.
0312, 0.0040, 0.0594, 0.2646] Out [0.4966]
Training dataset: In [0.3237, 0.3333, 0.2546, 0.2371, 0.4142, 0.0015, 0.0709, 0.
0013, 0.0158, 0.0067, 0.1448] Out [0.4955]
Training dataset: In [0.3541, 0.3333, 0.2569, 0.2370, 0.6822, 0.0760, 0.1726, 0.
0527, 0.0079, 0.0604, 0.2695] Out [0.6107]
Training dataset: In [0.7787, 0.3333, 0.7796, 0.9777, 0.1520, 0.0006, 0.0029, 0.
0010, 0.0349, 0.0041, 0.1215] Out [0.2671]
Training dataset: In [0.1882, 1.0000, 0.2843, 0.2370, 0.3992, 0.0671, 0.1536, 0.
0424, 0.0119, 0.0453, 0.1301] Out [0.4363]
Training dataset: In [0.0890, 1.0000, 0.0401, 0.4890, 0.0012, 0.0055, 0.0240, 0.
0014, 0.0096, 0.0057, 0.0944] Out [0.2596]
Training dataset: In [0.3541, 0.3333, 0.2569, 0.2370, 0.6822, 0.0759, 0.1725, 0.
0527, 0.0079, 0.0603, 0.2695] Out [0.6107]
Training dataset: In [0.1780, 0.3333, 0.0401, 0.4890, 0.1508, 0.0058, 0.0255, 0.
0014, 0.0241, 0.0058, 0.1404] Out [0.2671]
Training dataset: In [0.1882, 1.0000, 0.2844, 0.2370, 0.3992, 0.0671, 0.1535, 0.
0423, 0.0158, 0.0452, 0.1244] Out [0.4363]
Training dataset: In [0.0890, 1.0000, 0.0401, 0.4890, 0.0012, 0.0055, 0.0240, 0.
0014, 0.0000, 0.0057, 0.0921] Out [0.2596]
Training dataset: In [0.3540, 0.3333, 0.2568, 0.2370, 0.6822, 0.0760, 0.1725, 0.
0526, 0.0079, 0.0601, 0.2526] Out [0.6107]
Training dataset: In [0.1780, 0.3333, 0.0401, 0.4890, 0.1508, 0.0059, 0.0256, 0.
0014, 0.0193, 0.0057, 0.1404] Out [0.2671]
Training dataset: In [0.5191, 0.1111, 0.2470, 0.2371, 0.9551, 0.0795, 0.1794, 0.
0581, 0.0316, 0.0672, 0.4692] Out [1.0000]
Training dataset: In [0.2671, 0.1111, 0.0402, 0.4890, 0.3016, 0.0060, 0.0262, 0.
0014, 0.0048, 0.0057, 0.1818] Out [1.0000]
Training dataset: In [0.1883, 1.0000, 0.2847, 0.2370, 0.3992, 0.0672, 0.1537, 0.
0425, 0.0198, 0.0455, 0.1471] Out [0.4363]
Training dataset: In [0.0890, 1.0000, 0.0401, 0.4890, 0.0012, 0.0055, 0.0240, 0.
0014, 0.0096, 0.0057, 0.0829] Out [0.2596]
Training dataset: In [0.3541, 0.3333, 0.2569, 0.2370, 0.6822, 0.0760, 0.1726, 0.
0529, 0.0079, 0.0606, 0.2695] Out [0.6107]
Training dataset: In [0.1780, 0.3333, 0.0401, 0.4890, 0.1508, 0.0058, 0.0253, 0.
0014, 0.0193, 0.0058, 0.1312] Out [0.2671]
Training dataset: In [0.1458, 0.3333, 0.0003, 0.0000, 0.1144, 0.9985, 0.9911, 0.
9958, 0.0699, 0.9958, 0.8824] Out [0.2738]
Training dataset: In [0.1780, 0.3333, 0.0401, 0.4890, 0.1498, 0.0185, 0.1022, 0.
0013, 0.0000, 0.0047, 0.1868] Out [0.2689]
Training dataset: In [0.1017, 1.0000, 0.0715, 0.0001, 0.0425, 0.9736, 0.8857, 0.
8313, 0.1397, 0.7344, 0.6176] Out [0.1504]
Training dataset: In [0.0890, 1.0000, 0.0401, 0.4890, 0.0000, 0.0187, 0.1019, 0.
0013, 0.0000, 0.0046, 0.1016] Out [0.1780]
Training dataset: In [0.1459, 0.3333, 0.0004, 0.0000, 0.1156, 0.9991, 0.9927, 0.
9962, 0.0699, 0.9950, 0.9118] Out [0.2738]
Training dataset: In [0.1780, 0.3333, 0.0401, 0.4890, 0.1498, 0.0185, 0.1020, 0.
0013, 0.0000, 0.0047, 0.1868] Out [0.2689]
Training dataset: In [0.1017, 1.0000, 0.0714, 0.0000, 0.0437, 0.9733, 0.8839, 0.
8303, 0.2096, 0.7325, 0.4119] Out [0.1504]
Training dataset: In [0.0890, 1.0000, 0.0401, 0.4890, 0.0000, 0.0187, 0.1019, 0.
0013, 0.0000, 0.0045, 0.1036] Out [0.1780]
Training dataset: In [0.1456, 0.3333, 0.0000, 0.0000, 0.1156, 0.9975, 0.9847, 0.
9932, 0.0699, 0.9883, 0.5882] Out [0.2738]
Training dataset: In [0.1780, 0.3333, 0.0401, 0.4890, 0.1498, 0.0186, 0.1026, 0.
0013, 0.0000, 0.0050, 0.1889] Out [0.2689]
Training dataset: In [0.2126, 0.1111, 0.0000, 0.0000, 0.2295, 1.0000, 1.0000, 1.
0000, 0.0697, 1.0000, 1.0000] Out [1.0000]
Training dataset: In [0.0000, 0.1111, 0.0000, 0.0000, 0.0000, 922337203685477580
7.9223372036854775807, 9223372036854775807.9223372036854775807, 9223372036854775
807.9223372036854775807, 9223372036854775807.9223372036854775807, 92233720368547
75807.9223372036854775807, 9223372036854775807.9223372036854775807] Out [1.0000]

Training dataset: In [0.1020, 1.0000, 0.2136, 0.0215, 0.1735, 0.8756, 0.5818, 0.
6229, 0.2098, 0.4611, 0.2158] Out [0.1504]
Training dataset: In [0.0890, 1.0000, 0.1864, 0.5000, 0.1357, 0.0168, 0.0665, 0.
0009, 0.0048, 0.0028, 0.0482] Out [0.1780]
Training dataset: In [0.1462, 0.3333, 0.1531, 0.0216, 0.2356, 0.8967, 0.6521, 0.
7463, 0.0698, 0.6241, 0.3930] Out [0.2738]
Training dataset: In [0.1780, 0.3333, 0.1865, 0.5000, 0.2651, 0.0166, 0.0663, 0.
0010, 0.0000, 0.0030, 0.0762] Out [0.2689]
EA_PEDF_RV64: Prediction for thread 0x0000000047c443c8: 0.2111
EA_PEDF_RV64: Prediction for thread 0x0000000047c09bf0: 0.5149
EA_PEDF_RV64: Prediction for thread 0x0000000047bcf418: 0.5592
EA_PEDF_RV64: Prediction for thread 0x0000000047b94c40: 0.4422
EA_PEDF_RV64: Prediction for thread 0x0000000047b5a468: 0.2111
EA_PEDF_RV64: Prediction for thread 0x0000000047b1fc90: 0.5197
EA_PEDF_RV64: Prediction for core 1: 1.0346
Imbalanced!
>  Iteration [86], Clock: 751999999Hz, Temperature: 40.3180C
EA_PEDF_RV64: Prediction for thread 0x0000000047c443c8: 0.2111
EA_PEDF_RV64: Prediction for thread 0x0000000047c09bf0: 0.5149
EA_PEDF_RV64: Prediction for thread 0x0000000047bcf418: 0.5592
EA_PEDF_RV64: Prediction for thread 0x0000000047b94c40: 0.6078
EA_PEDF_RV64: Prediction for thread 0x0000000047b5a468: 0.2111
EA_PEDF_RV64: Prediction for thread 0x0000000047b1fc90: 0.6550
<0>: EA_PEDF_RV64: The utilization went beyond the safety margin of 95.0000%
Core 1 utilization: 1.2768
Core 2 utilization: 1.1456
Core 3 utilization: 0.3241
 :<0>
Revoking...
>  Iteration [87], Clock: 1503999999Hz, Temperature: 40.2600C
>  Iteration [88], Clock: 1503999999Hz, Temperature: 40.7820C
EA_PEDF_RV64: Prediction for thread 0x0000000047c443c8: 0.2111
EA_PEDF_RV64: Prediction for thread 0x0000000047c09bf0: 0.3616
EA_PEDF_RV64: Prediction for thread 0x0000000047bcf418: 0.3620
EA_PEDF_RV64: Prediction for thread 0x0000000047b94c40: 0.2839
EA_PEDF_RV64: Prediction for thread 0x0000000047b5a468: 0.2111
EA_PEDF_RV64: Prediction for thread 0x0000000047b1fc90: 0.3679
EA_PEDF_RV64: Prediction for core 1: 0.7296
EA_PEDF_RV64: Prediction for core 2: 0.6458
EA_PEDF_RV64: Prediction for core 3: 0.4221
>  Iteration [89], Clock: 751999999Hz, Temperature: 41.0720C
>  Iteration [90], Clock: 751999999Hz, Temperature: 40.6080C
Retraining...
EA_PEDF_RV64: Error for thread 0x0000000047c443c8: 0.0611 = 0.1500 - 0.2111
EA_PEDF_RV64: Error for thread 0x0000000047c09bf0: 0.1121 = 0.4737 - 0.3616
EA_PEDF_RV64: Error for thread 0x0000000047bcf418: 0.0674 = 0.4294 - 0.3620
EA_PEDF_RV64: Error for thread 0x0000000047b94c40: 0.0055 = 0.2784 - 0.2839
EA_PEDF_RV64: Error for thread 0x0000000047b5a468: 0.0330 = 0.1780 - 0.2111
EA_PEDF_RV64: Error for thread 0x0000000047b1fc90: 0.0179 = 0.3501 - 0.3679
Training dataset: In [0.1656, 1.0000, 0.2637, 0.2370, 0.2274, 0.0237, 0.1646, 0.
0081, 0.0119, 0.0215, 0.1548] Out [0.4737]
Training dataset: In [0.1629, 1.0000, 0.2572, 0.2370, 0.2236, 0.0015, 0.0706, 0.
0013, 0.0000, 0.0066, 0.0782] Out [0.3501]
Training dataset: In [0.3357, 0.3333, 0.2692, 0.2371, 0.4299, 0.0388, 0.1855, 0.
0308, 0.0079, 0.0586, 0.2496] Out [0.4966]
Training dataset: In [0.3237, 0.3333, 0.2545, 0.2371, 0.4142, 0.0015, 0.0709, 0.
0013, 0.0158, 0.0067, 0.1531] Out [0.4955]
Training dataset: In [0.5053, 0.1111, 0.2706, 0.2371, 0.6315, 0.0479, 0.1942, 0.
0445, 0.0276, 0.0781, 0.4393] Out [1.0000]
Training dataset: In [0.5042, 0.1111, 0.2697, 0.2371, 0.6298, 0.0283, 0.0945, 0.
0441, 0.0118, 0.0715, 0.2396] Out [1.0000]
Training dataset: In [0.1656, 1.0000, 0.2638, 0.2370, 0.2274, 0.0238, 0.1646, 0.
0082, 0.0158, 0.0217, 0.1615] Out [0.4737]
Training dataset: In [0.1629, 1.0000, 0.2572, 0.2370, 0.2236, 0.0015, 0.0706, 0.
0013, 0.0040, 0.0067, 0.0766] Out [0.3501]
Training dataset: In [0.3357, 0.3333, 0.2692, 0.2371, 0.4299, 0.0389, 0.1854, 0.
0312, 0.0040, 0.0594, 0.2646] Out [0.4966]
Training dataset: In [0.3237, 0.3333, 0.2546, 0.2371, 0.4142, 0.0015, 0.0709, 0.
0013, 0.0158, 0.0067, 0.1448] Out [0.4955]
Training dataset: In [0.3357, 0.3333, 0.2692, 0.2371, 0.4299, 0.0389, 0.1853, 0.
0310, 0.0040, 0.0589, 0.2613] Out [0.4966]
Training dataset: In [0.9411, 0.3333, 1.0000, 0.7315, 0.4151, 0.0000, 0.0366, 0.
0010, 0.0300, 0.0049, 0.1226] Out [0.4955]
Training dataset: In [0.1655, 1.0000, 0.2623, 0.2370, 0.2274, 0.0293, 0.1647, 0.
0082, 0.0040, 0.0219, 0.1648] Out [0.4737]
Training dataset: In [0.1629, 1.0000, 0.2559, 0.2370, 0.2236, 0.0072, 0.0706, 0.
0013, 0.0000, 0.0066, 0.0782] Out [0.3501]
Training dataset: In [0.3356, 0.3333, 0.2679, 0.2371, 0.4299, 0.0443, 0.1852, 0.
0309, 0.0079, 0.0586, 0.2680] Out [0.4966]
Training dataset: In [0.3236, 0.3333, 0.2534, 0.2371, 0.4142, 0.0073, 0.0709, 0.
0013, 0.0119, 0.0067, 0.1398] Out [0.4955]
Training dataset: In [0.1882, 1.0000, 0.2844, 0.2370, 0.3992, 0.0671, 0.1535, 0.
0423, 0.0158, 0.0452, 0.1244] Out [0.4294]
Training dataset: In [0.0890, 1.0000, 0.0401, 0.4890, 0.0012, 0.0055, 0.0240, 0.
0014, 0.0000, 0.0057, 0.0921] Out [0.2784]
Training dataset: In [0.3540, 0.3333, 0.2568, 0.2370, 0.6822, 0.0760, 0.1725, 0.
0526, 0.0079, 0.0601, 0.2526] Out [0.6107]
Training dataset: In [0.1780, 0.3333, 0.0401, 0.4890, 0.1508, 0.0059, 0.0256, 0.
0014, 0.0193, 0.0057, 0.1404] Out [0.2671]
Training dataset: In [0.5191, 0.1111, 0.2470, 0.2371, 0.9551, 0.0795, 0.1794, 0.
0581, 0.0316, 0.0672, 0.4692] Out [1.0000]
Training dataset: In [0.2671, 0.1111, 0.0402, 0.4890, 0.3016, 0.0060, 0.0262, 0.
0014, 0.0048, 0.0057, 0.1818] Out [1.0000]
Training dataset: In [0.1883, 1.0000, 0.2847, 0.2370, 0.3992, 0.0672, 0.1537, 0.
0425, 0.0198, 0.0455, 0.1471] Out [0.4294]
Training dataset: In [0.0890, 1.0000, 0.0401, 0.4890, 0.0012, 0.0055, 0.0240, 0.
0014, 0.0096, 0.0057, 0.0829] Out [0.2784]
Training dataset: In [0.3541, 0.3333, 0.2569, 0.2370, 0.6822, 0.0760, 0.1726, 0.
0529, 0.0079, 0.0606, 0.2695] Out [0.6107]
Training dataset: In [0.1780, 0.3333, 0.0401, 0.4890, 0.1508, 0.0058, 0.0253, 0.
0014, 0.0193, 0.0058, 0.1312] Out [0.2671]
Training dataset: In [0.3541, 0.3333, 0.2569, 0.2370, 0.6822, 0.0760, 0.1725, 0.
0528, 0.0158, 0.0604, 0.2639] Out [0.6107]
Training dataset: In [0.7915, 0.3333, 0.7954, 0.9786, 0.1580, 0.0000, 0.0002, 0.
0010, 0.0349, 0.0041, 0.1181] Out [0.2671]
Training dataset: In [0.1883, 1.0000, 0.2846, 0.2370, 0.3992, 0.0671, 0.1537, 0.
0425, 0.0079, 0.0456, 0.1395] Out [0.4294]
Training dataset: In [0.0890, 1.0000, 0.0401, 0.4890, 0.0012, 0.0055, 0.0239, 0.
0014, 0.0000, 0.0056, 0.0829] Out [0.2784]
Training dataset: In [0.3540, 0.3333, 0.2567, 0.2370, 0.6822, 0.0759, 0.1724, 0.
0527, 0.0119, 0.0602, 0.2695] Out [0.6107]
Training dataset: In [0.1780, 0.3333, 0.0401, 0.4890, 0.1508, 0.0058, 0.0256, 0.
0014, 0.0145, 0.0057, 0.1243] Out [0.2671]
Training dataset: In [0.1017, 1.0000, 0.0714, 0.0000, 0.0437, 0.9733, 0.8839, 0.
8303, 0.2096, 0.7325, 0.4119] Out [0.1500]
Training dataset: In [0.0890, 1.0000, 0.0401, 0.4890, 0.0000, 0.0187, 0.1019, 0.
0013, 0.0000, 0.0045, 0.1036] Out [0.1780]
Training dataset: In [0.1456, 0.3333, 0.0000, 0.0000, 0.1156, 0.9975, 0.9847, 0.
9932, 0.0699, 0.9883, 0.5882] Out [0.2738]
Training dataset: In [0.1780, 0.3333, 0.0401, 0.4890, 0.1498, 0.0186, 0.1026, 0.
0013, 0.0000, 0.0050, 0.1889] Out [0.2689]
Training dataset: In [0.2126, 0.1111, 0.0000, 0.0000, 0.2295, 1.0000, 1.0000, 1.
0000, 0.0697, 1.0000, 1.0000] Out [1.0000]
Training dataset: In [0.0000, 0.1111, 0.0000, 0.0000, 0.0000, 922337203685477580
7.9223372036854775807, 9223372036854775807.9223372036854775807, 9223372036854775
807.9223372036854775807, 9223372036854775807.9223372036854775807, 92233720368547
75807.9223372036854775807, 9223372036854775807.9223372036854775807] Out [1.0000]

Training dataset: In [0.1020, 1.0000, 0.2136, 0.0215, 0.1735, 0.8756, 0.5818, 0.
6229, 0.2098, 0.4611, 0.2158] Out [0.1500]
Training dataset: In [0.0890, 1.0000, 0.1864, 0.5000, 0.1357, 0.0168, 0.0665, 0.
0009, 0.0048, 0.0028, 0.0482] Out [0.1780]
Training dataset: In [0.1462, 0.3333, 0.1531, 0.0216, 0.2356, 0.8967, 0.6521, 0.
7463, 0.0698, 0.6241, 0.3930] Out [0.2738]
Training dataset: In [0.1780, 0.3333, 0.1865, 0.5000, 0.2651, 0.0166, 0.0663, 0.
0010, 0.0000, 0.0030, 0.0762] Out [0.2689]
Training dataset: In [0.1461, 0.3333, 0.1530, 0.0215, 0.2356, 0.8968, 0.6492, 0.
7447, 0.2794, 0.6223, 0.3677] Out [0.2738]
Training dataset: In [0.1780, 0.3333, 0.1865, 0.5000, 0.2651, 0.0166, 0.0664, 0.
0009, 0.0000, 0.0030, 0.0779] Out [0.2689]
Training dataset: In [0.1018, 1.0000, 0.2133, 0.0215, 0.1735, 0.8751, 0.5819, 0.
6223, 0.0699, 0.4611, 0.1904] Out [0.1500]
Training dataset: In [0.0890, 1.0000, 0.1864, 0.5000, 0.1357, 0.0168, 0.0665, 0.
0010, 0.0000, 0.0029, 0.0482] Out [0.1780]
Training dataset: In [0.1457, 0.3333, 0.1526, 0.0215, 0.2356, 0.8954, 0.6444, 0.
7429, 0.1397, 0.6207, 0.3551] Out [0.2738]
Training dataset: In [0.1780, 0.3333, 0.1865, 0.5000, 0.2651, 0.0166, 0.0667, 0.
0009, 0.0000, 0.0029, 0.0814] Out [0.2689]
EA_PEDF_RV64: Prediction for thread 0x0000000047c443c8: 0.2610
EA_PEDF_RV64: Prediction for thread 0x0000000047c09bf0: 0.5337
EA_PEDF_RV64: Prediction for thread 0x0000000047bcf418: 0.5691
EA_PEDF_RV64: Prediction for thread 0x0000000047b94c40: 0.4503
EA_PEDF_RV64: Prediction for thread 0x0000000047b5a468: 0.2610
EA_PEDF_RV64: Prediction for thread 0x0000000047b1fc90: 0.5383
EA_PEDF_RV64: Prediction for core 1: 1.0720
Imbalanced!
>  Iteration [91], Clock: 751999999Hz, Temperature: 40.3760C
EA_PEDF_RV64: Prediction for thread 0x0000000047c443c8: 0.2610
EA_PEDF_RV64: Prediction for thread 0x0000000047c09bf0: 0.5337
EA_PEDF_RV64: Prediction for thread 0x0000000047bcf418: 0.5693
EA_PEDF_RV64: Prediction for thread 0x0000000047b94c40: 0.6163
EA_PEDF_RV64: Prediction for thread 0x0000000047b5a468: 0.2610
EA_PEDF_RV64: Prediction for thread 0x0000000047b1fc90: 0.6764
<0>: EA_PEDF_RV64: The utilization went beyond the safety margin of 95.0000%
Core 1 utilization: 1.2819
Core 2 utilization: 1.1508
Core 3 utilization: 0.3239
 :<0>
Revoking...
>  Iteration [92], Clock: 1503999999Hz, Temperature: 40.3760C
>  Iteration [93], Clock: 1503999999Hz, Temperature: 40.8980C
EA_PEDF_RV64: Prediction for thread 0x0000000047c443c8: 0.2610
EA_PEDF_RV64: Prediction for thread 0x0000000047c09bf0: 0.3803
EA_PEDF_RV64: Prediction for thread 0x0000000047bcf418: 0.3700
EA_PEDF_RV64: Prediction for thread 0x0000000047b94c40: 0.2911
EA_PEDF_RV64: Prediction for thread 0x0000000047b5a468: 0.2610
EA_PEDF_RV64: Prediction for thread 0x0000000047b1fc90: 0.3866
EA_PEDF_RV64: Prediction for core 1: 0.7669
EA_PEDF_RV64: Prediction for core 2: 0.6611
EA_PEDF_RV64: Prediction for core 3: 0.5220
>  Iteration [94], Clock: 751999999Hz, Temperature: 41.1880C
>  Iteration [95], Clock: 751999999Hz, Temperature: 40.7240C
Retraining...
EA_PEDF_RV64: Error for thread 0x0000000047c443c8: 0.1113 = 0.1497 - 0.2610
EA_PEDF_RV64: Error for thread 0x0000000047c09bf0: 0.0827 = 0.4631 - 0.3803
EA_PEDF_RV64: Error for thread 0x0000000047bcf418: 0.0536 = 0.4236 - 0.3700
EA_PEDF_RV64: Error for thread 0x0000000047b94c40: 0.0034 = 0.2944 - 0.2911
EA_PEDF_RV64: Error for thread 0x0000000047b5a468: 0.0830 = 0.1780 - 0.2610
EA_PEDF_RV64: Error for thread 0x0000000047b1fc90: 0.0146 = 0.3720 - 0.3866
Training dataset: In [0.1656, 1.0000, 0.2638, 0.2370, 0.2274, 0.0238, 0.1646, 0.
0082, 0.0158, 0.0217, 0.1615] Out [0.4631]
Training dataset: In [0.1629, 1.0000, 0.2572, 0.2370, 0.2236, 0.0015, 0.0706, 0.
0013, 0.0040, 0.0067, 0.0766] Out [0.3720]
Training dataset: In [0.3357, 0.3333, 0.2692, 0.2371, 0.4299, 0.0389, 0.1854, 0.
0312, 0.0040, 0.0594, 0.2646] Out [0.4966]
Training dataset: In [0.3237, 0.3333, 0.2546, 0.2371, 0.4142, 0.0015, 0.0709, 0.
0013, 0.0158, 0.0067, 0.1448] Out [0.4955]
Training dataset: In [0.3357, 0.3333, 0.2692, 0.2371, 0.4299, 0.0389, 0.1853, 0.
0310, 0.0040, 0.0589, 0.2613] Out [0.4966]
Training dataset: In [0.9411, 0.3333, 1.0000, 0.7315, 0.4151, 0.0000, 0.0366, 0.
0010, 0.0300, 0.0049, 0.1226] Out [0.4955]
Training dataset: In [0.1655, 1.0000, 0.2623, 0.2370, 0.2274, 0.0293, 0.1647, 0.
0082, 0.0040, 0.0219, 0.1648] Out [0.4631]
Training dataset: In [0.1629, 1.0000, 0.2559, 0.2370, 0.2236, 0.0072, 0.0706, 0.
0013, 0.0000, 0.0066, 0.0782] Out [0.3720]
Training dataset: In [0.3356, 0.3333, 0.2679, 0.2371, 0.4299, 0.0443, 0.1852, 0.
0309, 0.0079, 0.0586, 0.2680] Out [0.4966]
Training dataset: In [0.3236, 0.3333, 0.2534, 0.2371, 0.4142, 0.0073, 0.0709, 0.
0013, 0.0119, 0.0067, 0.1398] Out [0.4955]
Training dataset: In [0.3358, 0.3333, 0.2680, 0.2371, 0.4299, 0.0444, 0.1855, 0.
0310, 0.0079, 0.0591, 0.2663] Out [0.4966]
Training dataset: In [0.9461, 0.3333, 1.0000, 0.7686, 0.4151, 0.0000, 0.0347, 0.
0009, 0.0324, 0.0047, 0.1229] Out [0.4955]
Training dataset: In [0.1655, 1.0000, 0.2607, 0.2370, 0.2274, 0.0296, 0.1644, 0.
0077, 0.0079, 0.0207, 0.1498] Out [0.4631]
Training dataset: In [0.1629, 1.0000, 0.2544, 0.2370, 0.2236, 0.0076, 0.0706, 0.
0013, 0.0000, 0.0066, 0.0766] Out [0.3720]
Training dataset: In [0.3356, 0.3333, 0.2662, 0.2371, 0.4299, 0.0448, 0.1854, 0.
0309, 0.0079, 0.0589, 0.2563] Out [0.4966]
Training dataset: In [0.3237, 0.3333, 0.2518, 0.2371, 0.4142, 0.0077, 0.0709, 0.
0013, 0.0119, 0.0067, 0.1448] Out [0.4955]
Training dataset: In [0.1883, 1.0000, 0.2847, 0.2370, 0.3992, 0.0672, 0.1537, 0.
0425, 0.0198, 0.0455, 0.1471] Out [0.4236]
Training dataset: In [0.0890, 1.0000, 0.0401, 0.4890, 0.0012, 0.0055, 0.0240, 0.
0014, 0.0096, 0.0057, 0.0829] Out [0.2944]
Training dataset: In [0.3541, 0.3333, 0.2569, 0.2370, 0.6822, 0.0760, 0.1726, 0.
0529, 0.0079, 0.0606, 0.2695] Out [0.6107]
Training dataset: In [0.1780, 0.3333, 0.0401, 0.4890, 0.1508, 0.0058, 0.0253, 0.
0014, 0.0193, 0.0058, 0.1312] Out [0.2671]
Training dataset: In [0.3541, 0.3333, 0.2569, 0.2370, 0.6822, 0.0760, 0.1725, 0.
0528, 0.0158, 0.0604, 0.2639] Out [0.6107]
Training dataset: In [0.7915, 0.3333, 0.7954, 0.9786, 0.1580, 0.0000, 0.0002, 0.
0010, 0.0349, 0.0041, 0.1181] Out [0.2671]
Training dataset: In [0.1883, 1.0000, 0.2846, 0.2370, 0.3992, 0.0671, 0.1537, 0.
0425, 0.0079, 0.0456, 0.1395] Out [0.4236]
Training dataset: In [0.0890, 1.0000, 0.0401, 0.4890, 0.0012, 0.0055, 0.0239, 0.
0014, 0.0000, 0.0056, 0.0829] Out [0.2944]
Training dataset: In [0.3540, 0.3333, 0.2567, 0.2370, 0.6822, 0.0759, 0.1724, 0.
0527, 0.0119, 0.0602, 0.2695] Out [0.6107]
Training dataset: In [0.1780, 0.3333, 0.0401, 0.4890, 0.1508, 0.0058, 0.0256, 0.
0014, 0.0145, 0.0057, 0.1243] Out [0.2671]
Training dataset: In [0.3542, 0.3333, 0.2570, 0.2370, 0.6822, 0.0760, 0.1726, 0.
0528, 0.0119, 0.0605, 0.2790] Out [0.6107]
Training dataset: In [0.7966, 0.3333, 0.8016, 0.9830, 0.1520, 0.0000, 0.0000, 0.
0010, 0.0383, 0.0041, 0.1212] Out [0.2671]
Training dataset: In [0.1880, 1.0000, 0.2838, 0.2370, 0.3980, 0.0670, 0.1536, 0.
0420, 0.0079, 0.0449, 0.1188] Out [0.4236]
Training dataset: In [0.0890, 1.0000, 0.0401, 0.4890, 0.0012, 0.0055, 0.0239, 0.
0014, 0.0048, 0.0057, 0.0875] Out [0.2944]
Training dataset: In [0.3542, 0.3333, 0.2570, 0.2370, 0.6822, 0.0760, 0.1726, 0.
0527, 0.0119, 0.0604, 0.2676] Out [0.6107]
Training dataset: In [0.1780, 0.3333, 0.0401, 0.4890, 0.1508, 0.0058, 0.0256, 0.
0014, 0.0145, 0.0058, 0.1335] Out [0.2671]
Training dataset: In [0.1020, 1.0000, 0.2136, 0.0215, 0.1735, 0.8756, 0.5818, 0.
6229, 0.2098, 0.4611, 0.2158] Out [0.1497]
Training dataset: In [0.0890, 1.0000, 0.1864, 0.5000, 0.1357, 0.0168, 0.0665, 0.
0009, 0.0048, 0.0028, 0.0482] Out [0.1780]
Training dataset: In [0.1462, 0.3333, 0.1531, 0.0216, 0.2356, 0.8967, 0.6521, 0.
7463, 0.0698, 0.6241, 0.3930] Out [0.2738]
Training dataset: In [0.1780, 0.3333, 0.1865, 0.5000, 0.2651, 0.0166, 0.0663, 0.
0010, 0.0000, 0.0030, 0.0762] Out [0.2689]
Training dataset: In [0.1461, 0.3333, 0.1530, 0.0215, 0.2356, 0.8968, 0.6492, 0.
7447, 0.2794, 0.6223, 0.3677] Out [0.2738]
Training dataset: In [0.1780, 0.3333, 0.1865, 0.5000, 0.2651, 0.0166, 0.0664, 0.
0009, 0.0000, 0.0030, 0.0779] Out [0.2689]
Training dataset: In [0.1018, 1.0000, 0.2133, 0.0215, 0.1735, 0.8751, 0.5819, 0.
6223, 0.0699, 0.4611, 0.1904] Out [0.1497]
Training dataset: In [0.0890, 1.0000, 0.1864, 0.5000, 0.1357, 0.0168, 0.0665, 0.
0010, 0.0000, 0.0029, 0.0482] Out [0.1780]
Training dataset: In [0.1457, 0.3333, 0.1526, 0.0215, 0.2356, 0.8954, 0.6444, 0.
7429, 0.1397, 0.6207, 0.3551] Out [0.2738]
Training dataset: In [0.1780, 0.3333, 0.1865, 0.5000, 0.2651, 0.0166, 0.0667, 0.
0009, 0.0000, 0.0029, 0.0814] Out [0.2689]
Training dataset: In [0.1458, 0.3333, 0.1528, 0.0215, 0.2346, 0.8952, 0.6449, 0.
7438, 0.2096, 0.6224, 0.4312] Out [0.2738]
Training dataset: In [0.1780, 0.3333, 0.1865, 0.5000, 0.2651, 0.0166, 0.0667, 0.
0010, 0.0000, 0.0030, 0.0753] Out [0.2689]
Training dataset: In [0.1012, 1.0000, 0.2120, 0.0216, 0.1724, 0.8717, 0.5719, 0.
6161, 0.0698, 0.4531, 0.2028] Out [0.1497]
Training dataset: In [0.0890, 1.0000, 0.1864, 0.5000, 0.1357, 0.0168, 0.0664, 0.
0009, 0.0000, 0.0029, 0.0420] Out [0.1780]
Training dataset: In [0.1458, 0.3333, 0.1527, 0.0215, 0.2356, 0.8955, 0.6463, 0.
7440, 0.1397, 0.6226, 0.3677] Out [0.2738]
Training dataset: In [0.1780, 0.3333, 0.1865, 0.5000, 0.2651, 0.0166, 0.0666, 0.
0009, 0.0000, 0.0029, 0.0797] Out [0.2689]
EA_PEDF_RV64: Prediction for thread 0x0000000047c443c8: 0.2455
EA_PEDF_RV64: Prediction for thread 0x0000000047c09bf0: 0.5222
EA_PEDF_RV64: Prediction for thread 0x0000000047bcf418: 0.5452
EA_PEDF_RV64: Prediction for thread 0x0000000047b94c40: 0.4267
EA_PEDF_RV64: Prediction for thread 0x0000000047b5a468: 0.2455
EA_PEDF_RV64: Prediction for thread 0x0000000047b1fc90: 0.5269
EA_PEDF_RV64: Prediction for core 1: 1.0491
Imbalanced!
>  Iteration [96], Clock: 751999999Hz, Temperature: 40.4920C
EA_PEDF_RV64: Prediction for thread 0x0000000047c443c8: 0.2455
EA_PEDF_RV64: Prediction for thread 0x0000000047c09bf0: 0.5222
EA_PEDF_RV64: Prediction for thread 0x0000000047bcf418: 0.5453
EA_PEDF_RV64: Prediction for thread 0x0000000047b94c40: 0.5842
EA_PEDF_RV64: Prediction for thread 0x0000000047b5a468: 0.2455
EA_PEDF_RV64: Prediction for thread 0x0000000047b1fc90: 0.6558
<0>: EA_PEDF_RV64: The utilization went beyond the safety margin of 95.0000%
Core 1 utilization: 1.2590
Core 2 utilization: 1.1369
Core 3 utilization: 0.3238
 :<0>
Revoking...
>  Iteration [97], Clock: 1503999999Hz, Temperature: 40.4340C
>  Iteration [98], Clock: 1503999999Hz, Temperature: 40.9560C
EA_PEDF_RV64: Prediction for thread 0x0000000047c443c8: 0.2455
EA_PEDF_RV64: Prediction for thread 0x0000000047c09bf0: 0.3706
EA_PEDF_RV64: Prediction for thread 0x0000000047bcf418: 0.3471
EA_PEDF_RV64: Prediction for thread 0x0000000047b94c40: 0.2694
EA_PEDF_RV64: Prediction for thread 0x0000000047b5a468: 0.2455
EA_PEDF_RV64: Prediction for thread 0x0000000047b1fc90: 0.3769
EA_PEDF_RV64: Prediction for core 1: 0.7475
EA_PEDF_RV64: Prediction for core 2: 0.6165
EA_PEDF_RV64: Prediction for core 3: 0.4909
>  Iteration [99], Clock: 751999999Hz, Temperature: 41.2460C
>  Iteration [100], Clock: 751999999Hz, Temperature: 40.7820C
Retraining...
EA_PEDF_RV64: Error for thread 0x0000000047c443c8: 0.0960 = 0.1494 - 0.2455
EA_PEDF_RV64: Error for thread 0x0000000047c09bf0: 0.0834 = 0.4540 - 0.3706
EA_PEDF_RV64: Error for thread 0x0000000047bcf418: 0.0716 = 0.4187 - 0.3471
EA_PEDF_RV64: Error for thread 0x0000000047b94c40: 0.0383 = 0.3077 - 0.2694
EA_PEDF_RV64: Error for thread 0x0000000047b5a468: 0.0674 = 0.1780 - 0.2455
EA_PEDF_RV64: Error for thread 0x0000000047b1fc90: 0.0130 = 0.3899 - 0.3769
Training dataset: In [0.1655, 1.0000, 0.2623, 0.2370, 0.2274, 0.0293, 0.1647, 0.
0082, 0.0040, 0.0219, 0.1648] Out [0.4540]
Training dataset: In [0.1629, 1.0000, 0.2559, 0.2370, 0.2236, 0.0072, 0.0706, 0.
0013, 0.0000, 0.0066, 0.0782] Out [0.3899]
Training dataset: In [0.3356, 0.3333, 0.2679, 0.2371, 0.4299, 0.0443, 0.1852, 0.
0309, 0.0079, 0.0586, 0.2680] Out [0.4966]
Training dataset: In [0.3236, 0.3333, 0.2534, 0.2371, 0.4142, 0.0073, 0.0709, 0.
0013, 0.0119, 0.0067, 0.1398] Out [0.4955]
Training dataset: In [0.3358, 0.3333, 0.2680, 0.2371, 0.4299, 0.0444, 0.1855, 0.
0310, 0.0079, 0.0591, 0.2663] Out [0.4966]
Training dataset: In [0.9461, 0.3333, 1.0000, 0.7686, 0.4151, 0.0000, 0.0347, 0.
0009, 0.0324, 0.0047, 0.1229] Out [0.4955]
Training dataset: In [0.1655, 1.0000, 0.2607, 0.2370, 0.2274, 0.0296, 0.1644, 0.
0077, 0.0079, 0.0207, 0.1498] Out [0.4540]
Training dataset: In [0.1629, 1.0000, 0.2544, 0.2370, 0.2236, 0.0076, 0.0706, 0.
0013, 0.0000, 0.0066, 0.0766] Out [0.3899]
Training dataset: In [0.3356, 0.3333, 0.2662, 0.2371, 0.4299, 0.0448, 0.1854, 0.
0309, 0.0079, 0.0589, 0.2563] Out [0.4966]
Training dataset: In [0.3237, 0.3333, 0.2518, 0.2371, 0.4142, 0.0077, 0.0709, 0.
0013, 0.0119, 0.0067, 0.1448] Out [0.4955]
Training dataset: In [0.3357, 0.3333, 0.2663, 0.2371, 0.4299, 0.0448, 0.1855, 0.
0309, 0.0079, 0.0588, 0.2613] Out [0.4966]
Training dataset: In [0.9234, 0.3333, 0.9726, 0.7157, 0.4151, 0.0006, 0.0375, 0.
0010, 0.0363, 0.0049, 0.1286] Out [0.4955]
Training dataset: In [0.1654, 1.0000, 0.2605, 0.2370, 0.2274, 0.0297, 0.1647, 0.
0082, 0.0040, 0.0218, 0.1565] Out [0.4540]
Training dataset: In [0.1629, 1.0000, 0.2545, 0.2370, 0.2236, 0.0076, 0.0706, 0.
0013, 0.0000, 0.0066, 0.0816] Out [0.3899]
Training dataset: In [0.3359, 0.3333, 0.2666, 0.2371, 0.4299, 0.0448, 0.1855, 0.
0311, 0.0040, 0.0591, 0.2580] Out [0.4966]
Training dataset: In [0.3236, 0.3333, 0.2518, 0.2371, 0.4142, 0.0077, 0.0709, 0.
0013, 0.0119, 0.0066, 0.1481] Out [0.4955]
Training dataset: In [0.1883, 1.0000, 0.2846, 0.2370, 0.3992, 0.0671, 0.1537, 0.
0425, 0.0079, 0.0456, 0.1395] Out [0.4187]
Training dataset: In [0.0890, 1.0000, 0.0401, 0.4890, 0.0012, 0.0055, 0.0239, 0.
0014, 0.0000, 0.0056, 0.0829] Out [0.3077]
Training dataset: In [0.3540, 0.3333, 0.2567, 0.2370, 0.6822, 0.0759, 0.1724, 0.
0527, 0.0119, 0.0602, 0.2695] Out [0.6107]
Training dataset: In [0.1780, 0.3333, 0.0401, 0.4890, 0.1508, 0.0058, 0.0256, 0.
0014, 0.0145, 0.0057, 0.1243] Out [0.2671]
Training dataset: In [0.3542, 0.3333, 0.2570, 0.2370, 0.6822, 0.0760, 0.1726, 0.
0528, 0.0119, 0.0605, 0.2790] Out [0.6107]
Training dataset: In [0.7966, 0.3333, 0.8016, 0.9830, 0.1520, 0.0000, 0.0000, 0.
0010, 0.0383, 0.0041, 0.1212] Out [0.2671]
Training dataset: In [0.1880, 1.0000, 0.2838, 0.2370, 0.3980, 0.0670, 0.1536, 0.
0420, 0.0079, 0.0449, 0.1188] Out [0.4187]
Training dataset: In [0.0890, 1.0000, 0.0401, 0.4890, 0.0012, 0.0055, 0.0239, 0.
0014, 0.0048, 0.0057, 0.0875] Out [0.3077]
Training dataset: In [0.3542, 0.3333, 0.2570, 0.2370, 0.6822, 0.0760, 0.1726, 0.
0527, 0.0119, 0.0604, 0.2676] Out [0.6107]
Training dataset: In [0.1780, 0.3333, 0.0401, 0.4890, 0.1508, 0.0058, 0.0256, 0.
0014, 0.0145, 0.0058, 0.1335] Out [0.2671]
Training dataset: In [0.3541, 0.3333, 0.2569, 0.2370, 0.6822, 0.0760, 0.1726, 0.
0527, 0.0158, 0.0602, 0.2790] Out [0.6107]
Training dataset: In [0.7828, 0.3333, 0.7847, 0.9737, 0.1520, 0.0008, 0.0034, 0.
0010, 0.0420, 0.0041, 0.1218] Out [0.2671]
Training dataset: In [0.1883, 1.0000, 0.2846, 0.2370, 0.3992, 0.0672, 0.1540, 0.
0425, 0.0079, 0.0455, 0.1244] Out [0.4187]
Training dataset: In [0.0890, 1.0000, 0.0401, 0.4890, 0.0012, 0.0055, 0.0239, 0.
0014, 0.0000, 0.0057, 0.0944] Out [0.3077]
Training dataset: In [0.3542, 0.3333, 0.2570, 0.2370, 0.6834, 0.0760, 0.1726, 0.
0528, 0.0079, 0.0605, 0.2658] Out [0.6107]
Training dataset: In [0.1780, 0.3333, 0.0401, 0.4890, 0.1508, 0.0058, 0.0252, 0.
0014, 0.0048, 0.0057, 0.1220] Out [0.2671]
Training dataset: In [0.1018, 1.0000, 0.2133, 0.0215, 0.1735, 0.8751, 0.5819, 0.
6223, 0.0699, 0.4611, 0.1904] Out [0.1494]
Training dataset: In [0.0890, 1.0000, 0.1864, 0.5000, 0.1357, 0.0168, 0.0665, 0.
0010, 0.0000, 0.0029, 0.0482] Out [0.1780]
Training dataset: In [0.1457, 0.3333, 0.1526, 0.0215, 0.2356, 0.8954, 0.6444, 0.
7429, 0.1397, 0.6207, 0.3551] Out [0.2738]
Training dataset: In [0.1780, 0.3333, 0.1865, 0.5000, 0.2651, 0.0166, 0.0667, 0.
0009, 0.0000, 0.0029, 0.0814] Out [0.2689]
Training dataset: In [0.1458, 0.3333, 0.1528, 0.0215, 0.2346, 0.8952, 0.6449, 0.
7438, 0.2096, 0.6224, 0.4312] Out [0.2738]
Training dataset: In [0.1780, 0.3333, 0.1865, 0.5000, 0.2651, 0.0166, 0.0667, 0.
0010, 0.0000, 0.0030, 0.0753] Out [0.2689]
Training dataset: In [0.1012, 1.0000, 0.2120, 0.0216, 0.1724, 0.8717, 0.5719, 0.
6161, 0.0698, 0.4531, 0.2028] Out [0.1494]
Training dataset: In [0.0890, 1.0000, 0.1864, 0.5000, 0.1357, 0.0168, 0.0664, 0.
0009, 0.0000, 0.0029, 0.0420] Out [0.1780]
Training dataset: In [0.1458, 0.3333, 0.1527, 0.0215, 0.2356, 0.8955, 0.6463, 0.
7440, 0.1397, 0.6226, 0.3677] Out [0.2738]
Training dataset: In [0.1780, 0.3333, 0.1865, 0.5000, 0.2651, 0.0166, 0.0666, 0.
0009, 0.0000, 0.0029, 0.0797] Out [0.2689]
Training dataset: In [0.1458, 0.3333, 0.1527, 0.0215, 0.2346, 0.8953, 0.6458, 0.
7426, 0.2096, 0.6205, 0.4818] Out [0.2738]
Training dataset: In [0.1780, 0.3333, 0.1865, 0.5000, 0.2651, 0.0166, 0.0667, 0.
0010, 0.0000, 0.0030, 0.0770] Out [0.2689]
Training dataset: In [0.1019, 1.0000, 0.2134, 0.0215, 0.1724, 0.8748, 0.5810, 0.
6232, 0.1399, 0.4616, 0.1650] Out [0.1494]
Training dataset: In [0.0890, 1.0000, 0.1864, 0.5000, 0.1357, 0.0168, 0.0665, 0.
0010, 0.0000, 0.0028, 0.0438] Out [0.1780]
Training dataset: In [0.1461, 0.3333, 0.1531, 0.0215, 0.2367, 0.8962, 0.6493, 0.
7455, 0.0699, 0.6238, 0.4565] Out [0.2738]
Training dataset: In [0.1780, 0.3333, 0.1865, 0.5000, 0.2651, 0.0166, 0.0665, 0.
0009, 0.0000, 0.0029, 0.0762] Out [0.2689]
EA_PEDF_RV64: Prediction for thread 0x0000000047c443c8: 0.2389
EA_PEDF_RV64: Prediction for thread 0x0000000047c09bf0: 0.5150
EA_PEDF_RV64: Prediction for thread 0x0000000047bcf418: 0.5328
EA_PEDF_RV64: Prediction for thread 0x0000000047b94c40: 0.4141
EA_PEDF_RV64: Prediction for thread 0x0000000047b5a468: 0.2389
EA_PEDF_RV64: Prediction for thread 0x0000000047b1fc90: 0.5198
EA_PEDF_RV64: Prediction for core 1: 1.0348
Imbalanced!
>  Iteration [101], Clock: 751999999Hz, Temperature: 40.6080C
EA_PEDF_RV64: Prediction for thread 0x0000000047c443c8: 0.2389
EA_PEDF_RV64: Prediction for thread 0x0000000047c09bf0: 0.5150
EA_PEDF_RV64: Prediction for thread 0x0000000047bcf418: 0.5323
EA_PEDF_RV64: Prediction for thread 0x0000000047b94c40: 0.4142
EA_PEDF_RV64: Prediction for thread 0x0000000047b5a468: 0.2389
EA_PEDF_RV64: Prediction for thread 0x0000000047b1fc90: 0.6485
<0>: EA_PEDF_RV64: The utilization went beyond the safety margin of 95.0000%
Core 1 utilization: 1.2641
Core 2 utilization: 0.5321
Core 3 utilization: 0.3239
 :<0>
Revoking...
>  Iteration [102], Clock: 1503999999Hz, Temperature: 40.5500C
>  Iteration [103], Clock: 1503999999Hz, Temperature: 41.0720C
EA_PEDF_RV64: Prediction for thread 0x0000000047c443c8: 0.2389
EA_PEDF_RV64: Prediction for thread 0x0000000047c09bf0: 0.3649
EA_PEDF_RV64: Prediction for thread 0x0000000047bcf418: 0.3358
EA_PEDF_RV64: Prediction for thread 0x0000000047b94c40: 0.2589
EA_PEDF_RV64: Prediction for thread 0x0000000047b5a468: 0.2389
EA_PEDF_RV64: Prediction for thread 0x0000000047b1fc90: 0.3712
EA_PEDF_RV64: Prediction for core 1: 0.7362
EA_PEDF_RV64: Prediction for core 2: 0.5947
EA_PEDF_RV64: Prediction for core 3: 0.4777
>  Iteration [104], Clock: 751999999Hz, Temperature: 41.3620C
>  Iteration [105], Clock: 751999999Hz, Temperature: 40.8980C
Retraining...
EA_PEDF_RV64: Error for thread 0x0000000047c443c8: 0.0897 = 0.1492 - 0.2389
EA_PEDF_RV64: Error for thread 0x0000000047c09bf0: 0.0812 = 0.4461 - 0.3649
EA_PEDF_RV64: Error for thread 0x0000000047bcf418: 0.0786 = 0.4144 - 0.3358
EA_PEDF_RV64: Error for thread 0x0000000047b94c40: 0.0402 = 0.2991 - 0.2589
EA_PEDF_RV64: Error for thread 0x0000000047b5a468: 0.0608 = 0.1780 - 0.2389
EA_PEDF_RV64: Error for thread 0x0000000047b1fc90: 0.0344 = 0.4057 - 0.3712
Training dataset: In [0.1655, 1.0000, 0.2607, 0.2370, 0.2274, 0.0296, 0.1644, 0.
0077, 0.0079, 0.0207, 0.1498] Out [0.4461]
Training dataset: In [0.1629, 1.0000, 0.2544, 0.2370, 0.2236, 0.0076, 0.0706, 0.
0013, 0.0000, 0.0066, 0.0766] Out [0.4057]
Training dataset: In [0.3356, 0.3333, 0.2662, 0.2371, 0.4299, 0.0448, 0.1854, 0.
0309, 0.0079, 0.0589, 0.2563] Out [0.4966]
Training dataset: In [0.3237, 0.3333, 0.2518, 0.2371, 0.4142, 0.0077, 0.0709, 0.
0013, 0.0119, 0.0067, 0.1448] Out [0.4955]
Training dataset: In [0.3357, 0.3333, 0.2663, 0.2371, 0.4299, 0.0448, 0.1855, 0.
0309, 0.0079, 0.0588, 0.2613] Out [0.4966]
Training dataset: In [0.9234, 0.3333, 0.9726, 0.7157, 0.4151, 0.0006, 0.0375, 0.
0010, 0.0363, 0.0049, 0.1286] Out [0.4955]
Training dataset: In [0.1654, 1.0000, 0.2605, 0.2370, 0.2274, 0.0297, 0.1647, 0.
0082, 0.0040, 0.0218, 0.1565] Out [0.4461]
Training dataset: In [0.1629, 1.0000, 0.2545, 0.2370, 0.2236, 0.0076, 0.0706, 0.
0013, 0.0000, 0.0066, 0.0816] Out [0.4057]
Training dataset: In [0.3359, 0.3333, 0.2666, 0.2371, 0.4299, 0.0448, 0.1855, 0.
0311, 0.0040, 0.0591, 0.2580] Out [0.4966]
Training dataset: In [0.3236, 0.3333, 0.2518, 0.2371, 0.4142, 0.0077, 0.0709, 0.
0013, 0.0119, 0.0066, 0.1481] Out [0.4955]
Training dataset: In [0.3357, 0.3333, 0.2663, 0.2371, 0.4299, 0.0448, 0.1854, 0.
0309, 0.0040, 0.0590, 0.2596] Out [0.4966]
Training dataset: In [0.9284, 0.3333, 0.9787, 0.7463, 0.4151, 0.0002, 0.0358, 0.
0009, 0.0328, 0.0048, 0.1205] Out [0.4955]
Training dataset: In [0.1654, 1.0000, 0.2603, 0.2370, 0.2274, 0.0297, 0.1647, 0.
0080, 0.0040, 0.0212, 0.1548] Out [0.4461]
Training dataset: In [0.1629, 1.0000, 0.2544, 0.2370, 0.2236, 0.0076, 0.0706, 0.
0013, 0.0040, 0.0066, 0.0782] Out [0.4057]
Training dataset: In [0.3357, 0.3333, 0.2663, 0.2371, 0.4299, 0.0448, 0.1855, 0.
0308, 0.0040, 0.0588, 0.2580] Out [0.4966]
Training dataset: In [0.3236, 0.3333, 0.2518, 0.2371, 0.4142, 0.0077, 0.0709, 0.
0013, 0.0158, 0.0067, 0.1515] Out [0.4955]
Training dataset: In [0.1880, 1.0000, 0.2838, 0.2370, 0.3980, 0.0670, 0.1536, 0.
0420, 0.0079, 0.0449, 0.1188] Out [0.4144]
Training dataset: In [0.0890, 1.0000, 0.0401, 0.4890, 0.0012, 0.0055, 0.0239, 0.
0014, 0.0048, 0.0057, 0.0875] Out [0.2991]
Training dataset: In [0.3542, 0.3333, 0.2570, 0.2370, 0.6822, 0.0760, 0.1726, 0.
0527, 0.0119, 0.0604, 0.2676] Out [0.6107]
Training dataset: In [0.1780, 0.3333, 0.0401, 0.4890, 0.1508, 0.0058, 0.0256, 0.
0014, 0.0145, 0.0058, 0.1335] Out [0.2671]
Training dataset: In [0.3541, 0.3333, 0.2569, 0.2370, 0.6822, 0.0760, 0.1726, 0.
0527, 0.0158, 0.0602, 0.2790] Out [0.6107]
Training dataset: In [0.7828, 0.3333, 0.7847, 0.9737, 0.1520, 0.0008, 0.0034, 0.
0010, 0.0420, 0.0041, 0.1218] Out [0.2671]
Training dataset: In [0.1883, 1.0000, 0.2846, 0.2370, 0.3992, 0.0672, 0.1540, 0.
0425, 0.0079, 0.0455, 0.1244] Out [0.4144]
Training dataset: In [0.0890, 1.0000, 0.0401, 0.4890, 0.0012, 0.0055, 0.0239, 0.
0014, 0.0000, 0.0057, 0.0944] Out [0.2991]
Training dataset: In [0.3542, 0.3333, 0.2570, 0.2370, 0.6834, 0.0760, 0.1726, 0.
0528, 0.0079, 0.0605, 0.2658] Out [0.6107]
Training dataset: In [0.1780, 0.3333, 0.0401, 0.4890, 0.1508, 0.0058, 0.0252, 0.
0014, 0.0048, 0.0057, 0.1220] Out [0.2671]
Training dataset: In [0.3541, 0.3333, 0.2569, 0.2370, 0.6810, 0.0760, 0.1725, 0.
0527, 0.0079, 0.0604, 0.2658] Out [0.6107]
Training dataset: In [0.1780, 0.3333, 0.0401, 0.4890, 0.1520, 0.0058, 0.0255, 0.
0014, 0.0048, 0.0057, 0.1151] Out [0.2671]
Training dataset: In [0.1882, 1.0000, 0.2845, 0.2370, 0.3992, 0.0672, 0.1540, 0.
0423, 0.0079, 0.0453, 0.1339] Out [0.4144]
Training dataset: In [0.0890, 1.0000, 0.0401, 0.4890, 0.0012, 0.0055, 0.0239, 0.
0014, 0.0048, 0.0057, 0.0806] Out [0.2991]
Training dataset: In [0.3541, 0.3333, 0.2569, 0.2370, 0.6822, 0.0760, 0.1725, 0.
0527, 0.0119, 0.0604, 0.2676] Out [0.6107]
Training dataset: In [0.1780, 0.3333, 0.0401, 0.4890, 0.1520, 0.0059, 0.0256, 0.
0014, 0.0096, 0.0057, 0.1174] Out [0.2671]
Training dataset: In [0.1012, 1.0000, 0.2120, 0.0216, 0.1724, 0.8717, 0.5719, 0.
6161, 0.0698, 0.4531, 0.2028] Out [0.1492]
Training dataset: In [0.0890, 1.0000, 0.1864, 0.5000, 0.1357, 0.0168, 0.0664, 0.
0009, 0.0000, 0.0029, 0.0420] Out [0.1780]
Training dataset: In [0.1458, 0.3333, 0.1527, 0.0215, 0.2356, 0.8955, 0.6463, 0.
7440, 0.1397, 0.6226, 0.3677] Out [0.2738]
Training dataset: In [0.1780, 0.3333, 0.1865, 0.5000, 0.2651, 0.0166, 0.0666, 0.
0009, 0.0000, 0.0029, 0.0797] Out [0.2689]
Training dataset: In [0.1458, 0.3333, 0.1527, 0.0215, 0.2346, 0.8953, 0.6458, 0.
7426, 0.2096, 0.6205, 0.4818] Out [0.2738]
Training dataset: In [0.1780, 0.3333, 0.1865, 0.5000, 0.2651, 0.0166, 0.0667, 0.
0010, 0.0000, 0.0030, 0.0770] Out [0.2689]
Training dataset: In [0.1019, 1.0000, 0.2134, 0.0215, 0.1724, 0.8748, 0.5810, 0.
6232, 0.1399, 0.4616, 0.1650] Out [0.1492]
Training dataset: In [0.0890, 1.0000, 0.1864, 0.5000, 0.1357, 0.0168, 0.0665, 0.
0010, 0.0000, 0.0028, 0.0438] Out [0.1780]
Training dataset: In [0.1461, 0.3333, 0.1531, 0.0215, 0.2367, 0.8962, 0.6493, 0.
7455, 0.0699, 0.6238, 0.4565] Out [0.2738]
Training dataset: In [0.1780, 0.3333, 0.1865, 0.5000, 0.2651, 0.0166, 0.0665, 0.
0009, 0.0000, 0.0029, 0.0762] Out [0.2689]
Training dataset: In [0.1459, 0.3333, 0.1528, 0.0215, 0.2346, 0.8956, 0.6474, 0.
7437, 0.0699, 0.6231, 0.3677] Out [0.2738]
Training dataset: In [0.1780, 0.3333, 0.1865, 0.5000, 0.2651, 0.0166, 0.0666, 0.
0009, 0.0000, 0.0030, 0.0805] Out [0.2689]
Training dataset: In [0.1015, 1.0000, 0.2127, 0.0216, 0.1724, 0.8730, 0.5768, 0.
6205, 0.0699, 0.4583, 0.1649] Out [0.1492]
Training dataset: In [0.0890, 1.0000, 0.1864, 0.5000, 0.1357, 0.0168, 0.0665, 0.
0009, 0.0000, 0.0028, 0.0482] Out [0.1780]
Training dataset: In [0.1457, 0.3333, 0.1526, 0.0215, 0.2356, 0.8948, 0.6425, 0.
7424, 0.1397, 0.6203, 0.3931] Out [0.2738]
Training dataset: In [0.1780, 0.3333, 0.1865, 0.5000, 0.2651, 0.0167, 0.0669, 0.
0010, 0.0000, 0.0031, 0.0779] Out [0.2689]
EA_PEDF_RV64: Prediction for thread 0x0000000047c443c8: 0.2353
EA_PEDF_RV64: Prediction for thread 0x0000000047c09bf0: 0.5138
EA_PEDF_RV64: Prediction for thread 0x0000000047bcf418: 0.5290
EA_PEDF_RV64: Prediction for thread 0x0000000047b94c40: 0.4102
EA_PEDF_RV64: Prediction for thread 0x0000000047b5a468: 0.2353
EA_PEDF_RV64: Prediction for thread 0x0000000047b1fc90: 0.5185
EA_PEDF_RV64: Prediction for core 1: 1.0323
Imbalanced!
>  Iteration [106], Clock: 751999999Hz, Temperature: 40.6660C
EA_PEDF_RV64: Prediction for thread 0x0000000047c443c8: 0.2353
EA_PEDF_RV64: Prediction for thread 0x0000000047c09bf0: 0.5138
EA_PEDF_RV64: Prediction for thread 0x0000000047bcf418: 0.5288
EA_PEDF_RV64: Prediction for thread 0x0000000047b94c40: 0.4100
EA_PEDF_RV64: Prediction for thread 0x0000000047b5a468: 0.2353
EA_PEDF_RV64: Prediction for thread 0x0000000047b1fc90: 0.6429
<0>: EA_PEDF_RV64: The utilization went beyond the safety margin of 95.0000%
Core 1 utilization: 1.2590
Core 2 utilization: 0.5320
Core 3 utilization: 0.3236
 :<0>
Revoking...
>  Iteration [107], Clock: 1503999999Hz, Temperature: 40.6080C
>  Iteration [108], Clock: 1503999999Hz, Temperature: 41.1300C
EA_PEDF_RV64: Prediction for thread 0x0000000047c443c8: 0.2353
EA_PEDF_RV64: Prediction for thread 0x0000000047c09bf0: 0.3656
EA_PEDF_RV64: Prediction for thread 0x0000000047bcf418: 0.3328
EA_PEDF_RV64: Prediction for thread 0x0000000047b94c40: 0.2558
EA_PEDF_RV64: Prediction for thread 0x0000000047b5a468: 0.2353
EA_PEDF_RV64: Prediction for thread 0x0000000047b1fc90: 0.3718
EA_PEDF_RV64: Prediction for core 1: 0.7374
EA_PEDF_RV64: Prediction for core 2: 0.5885
EA_PEDF_RV64: Prediction for core 3: 0.4706
>  Iteration [109], Clock: 751999999Hz, Temperature: 41.4200C
>  Iteration [110], Clock: 751999999Hz, Temperature: 40.9560C
Retraining...
EA_PEDF_RV64: Error for thread 0x0000000047c443c8: 0.0863 = 0.1489 - 0.2353
EA_PEDF_RV64: Error for thread 0x0000000047c09bf0: 0.0736 = 0.4392 - 0.3656
EA_PEDF_RV64: Error for thread 0x0000000047bcf418: 0.0778 = 0.4106 - 0.3328
EA_PEDF_RV64: Error for thread 0x0000000047b94c40: 0.0357 = 0.2915 - 0.2558
EA_PEDF_RV64: Error for thread 0x0000000047b5a468: 0.0573 = 0.1780 - 0.2353
EA_PEDF_RV64: Error for thread 0x0000000047b1fc90: 0.0475 = 0.4193 - 0.3718
Training dataset: In [0.1654, 1.0000, 0.2605, 0.2370, 0.2274, 0.0297, 0.1647, 0.
0082, 0.0040, 0.0218, 0.1565] Out [0.4392]
Training dataset: In [0.1629, 1.0000, 0.2545, 0.2370, 0.2236, 0.0076, 0.0706, 0.
0013, 0.0000, 0.0066, 0.0816] Out [0.4193]
Training dataset: In [0.3359, 0.3333, 0.2666, 0.2371, 0.4299, 0.0448, 0.1855, 0.
0311, 0.0040, 0.0591, 0.2580] Out [0.4966]
Training dataset: In [0.3236, 0.3333, 0.2518, 0.2371, 0.4142, 0.0077, 0.0709, 0.
0013, 0.0119, 0.0066, 0.1481] Out [0.4955]
Training dataset: In [0.3357, 0.3333, 0.2663, 0.2371, 0.4299, 0.0448, 0.1854, 0.
0309, 0.0040, 0.0590, 0.2596] Out [0.4966]
Training dataset: In [0.9284, 0.3333, 0.9787, 0.7463, 0.4151, 0.0002, 0.0358, 0.
0009, 0.0328, 0.0048, 0.1205] Out [0.4955]
Training dataset: In [0.1654, 1.0000, 0.2603, 0.2370, 0.2274, 0.0297, 0.1647, 0.
0080, 0.0040, 0.0212, 0.1548] Out [0.4392]
Training dataset: In [0.1629, 1.0000, 0.2544, 0.2370, 0.2236, 0.0076, 0.0706, 0.
0013, 0.0040, 0.0066, 0.0782] Out [0.4193]
Training dataset: In [0.3357, 0.3333, 0.2663, 0.2371, 0.4299, 0.0448, 0.1855, 0.
0308, 0.0040, 0.0588, 0.2580] Out [0.4966]
Training dataset: In [0.3236, 0.3333, 0.2518, 0.2371, 0.4142, 0.0077, 0.0709, 0.
0013, 0.0158, 0.0067, 0.1515] Out [0.4955]
Training dataset: In [0.3356, 0.3333, 0.2662, 0.2371, 0.4299, 0.0447, 0.1853, 0.
0308, 0.0040, 0.0586, 0.2580] Out [0.4966]
Training dataset: In [0.9234, 0.3333, 0.9727, 0.7169, 0.4151, 0.0006, 0.0374, 0.
0010, 0.0363, 0.0049, 0.1209] Out [0.4955]
Training dataset: In [0.1655, 1.0000, 0.2606, 0.2370, 0.2274, 0.0296, 0.1646, 0.
0078, 0.0040, 0.0211, 0.1581] Out [0.4392]
Training dataset: In [0.1629, 1.0000, 0.2544, 0.2370, 0.2236, 0.0076, 0.0706, 0.
0013, 0.0000, 0.0066, 0.0749] Out [0.4193]
Training dataset: In [0.3356, 0.3333, 0.2662, 0.2371, 0.4299, 0.0447, 0.1855, 0.
0309, 0.0040, 0.0590, 0.2680] Out [0.4966]
Training dataset: In [0.3237, 0.3333, 0.2518, 0.2371, 0.4142, 0.0077, 0.0709, 0.
0013, 0.0198, 0.0067, 0.1431] Out [0.4955]
Training dataset: In [0.1883, 1.0000, 0.2846, 0.2370, 0.3992, 0.0672, 0.1540, 0.
0425, 0.0079, 0.0455, 0.1244] Out [0.4106]
Training dataset: In [0.0890, 1.0000, 0.0401, 0.4890, 0.0012, 0.0055, 0.0239, 0.
0014, 0.0000, 0.0057, 0.0944] Out [0.2915]
Training dataset: In [0.3542, 0.3333, 0.2570, 0.2370, 0.6834, 0.0760, 0.1726, 0.
0528, 0.0079, 0.0605, 0.2658] Out [0.6107]
Training dataset: In [0.1780, 0.3333, 0.0401, 0.4890, 0.1508, 0.0058, 0.0252, 0.
0014, 0.0048, 0.0057, 0.1220] Out [0.2671]
Training dataset: In [0.3541, 0.3333, 0.2569, 0.2370, 0.6810, 0.0760, 0.1725, 0.
0527, 0.0079, 0.0604, 0.2658] Out [0.6107]
Training dataset: In [0.1780, 0.3333, 0.0401, 0.4890, 0.1520, 0.0058, 0.0255, 0.
0014, 0.0048, 0.0057, 0.1151] Out [0.2671]
Training dataset: In [0.1882, 1.0000, 0.2845, 0.2370, 0.3992, 0.0672, 0.1540, 0.
0423, 0.0079, 0.0453, 0.1339] Out [0.4106]
Training dataset: In [0.0890, 1.0000, 0.0401, 0.4890, 0.0012, 0.0055, 0.0239, 0.
0014, 0.0048, 0.0057, 0.0806] Out [0.2915]
Training dataset: In [0.3541, 0.3333, 0.2569, 0.2370, 0.6822, 0.0760, 0.1725, 0.
0527, 0.0119, 0.0604, 0.2676] Out [0.6107]
Training dataset: In [0.1780, 0.3333, 0.0401, 0.4890, 0.1520, 0.0059, 0.0256, 0.
0014, 0.0096, 0.0057, 0.1174] Out [0.2671]
Training dataset: In [0.3540, 0.3333, 0.2568, 0.2370, 0.6810, 0.0760, 0.1724, 0.
0526, 0.0079, 0.0601, 0.2790] Out [0.6107]
Training dataset: In [0.1780, 0.3333, 0.0401, 0.4890, 0.1508, 0.0059, 0.0256, 0.
0014, 0.0000, 0.0057, 0.1220] Out [0.2671]
Training dataset: In [0.1881, 1.0000, 0.2841, 0.2370, 0.3992, 0.0671, 0.1536, 0.
0422, 0.0079, 0.0452, 0.1301] Out [0.4106]
Training dataset: In [0.0890, 1.0000, 0.0401, 0.4890, 0.0012, 0.0055, 0.0239, 0.
0014, 0.0000, 0.0057, 0.0852] Out [0.2915]
Training dataset: In [0.3541, 0.3333, 0.2569, 0.2370, 0.6822, 0.0760, 0.1727, 0.
0527, 0.0079, 0.0604, 0.2714] Out [0.6107]
Training dataset: In [0.1780, 0.3333, 0.0401, 0.4890, 0.1508, 0.0059, 0.0257, 0.
0014, 0.0048, 0.0056, 0.1220] Out [0.2671]
Training dataset: In [0.1019, 1.0000, 0.2134, 0.0215, 0.1724, 0.8748, 0.5810, 0.
6232, 0.1399, 0.4616, 0.1650] Out [0.1489]
Training dataset: In [0.0890, 1.0000, 0.1864, 0.5000, 0.1357, 0.0168, 0.0665, 0.
0010, 0.0000, 0.0028, 0.0438] Out [0.1780]
Training dataset: In [0.1461, 0.3333, 0.1531, 0.0215, 0.2367, 0.8962, 0.6493, 0.
7455, 0.0699, 0.6238, 0.4565] Out [0.2738]
Training dataset: In [0.1780, 0.3333, 0.1865, 0.5000, 0.2651, 0.0166, 0.0665, 0.
0009, 0.0000, 0.0029, 0.0762] Out [0.2689]
Training dataset: In [0.1459, 0.3333, 0.1528, 0.0215, 0.2346, 0.8956, 0.6474, 0.
7437, 0.0699, 0.6231, 0.3677] Out [0.2738]
Training dataset: In [0.1780, 0.3333, 0.1865, 0.5000, 0.2651, 0.0166, 0.0666, 0.
0009, 0.0000, 0.0030, 0.0805] Out [0.2689]
Training dataset: In [0.1015, 1.0000, 0.2127, 0.0216, 0.1724, 0.8730, 0.5768, 0.
6205, 0.0699, 0.4583, 0.1649] Out [0.1489]
Training dataset: In [0.0890, 1.0000, 0.1864, 0.5000, 0.1357, 0.0168, 0.0665, 0.
0009, 0.0000, 0.0028, 0.0482] Out [0.1780]
Training dataset: In [0.1457, 0.3333, 0.1526, 0.0215, 0.2356, 0.8948, 0.6425, 0.
7424, 0.1397, 0.6203, 0.3931] Out [0.2738]
Training dataset: In [0.1780, 0.3333, 0.1865, 0.5000, 0.2651, 0.0167, 0.0669, 0.
0010, 0.0000, 0.0031, 0.0779] Out [0.2689]
Training dataset: In [0.1456, 0.3333, 0.1525, 0.0216, 0.2346, 0.8946, 0.6421, 0.
7416, 0.0698, 0.6186, 0.4944] Out [0.2738]
Training dataset: In [0.1780, 0.3333, 0.1865, 0.5000, 0.2651, 0.0167, 0.0668, 0.
0010, 0.0000, 0.0030, 0.0779] Out [0.2689]
Training dataset: In [0.1014, 1.0000, 0.2124, 0.0215, 0.1735, 0.8735, 0.5766, 0.
6189, 0.1399, 0.4569, 0.1777] Out [0.1489]
Training dataset: In [0.0890, 1.0000, 0.1864, 0.5000, 0.1357, 0.0168, 0.0665, 0.
0009, 0.0000, 0.0029, 0.0438] Out [0.1780]
Training dataset: In [0.1457, 0.3333, 0.1527, 0.0215, 0.2356, 0.8955, 0.6472, 0.
7435, 0.0699, 0.6225, 0.3804] Out [0.2738]
Training dataset: In [0.1780, 0.3333, 0.1865, 0.5000, 0.2651, 0.0166, 0.0666, 0.
0010, 0.0000, 0.0030, 0.0805] Out [0.2689]
EA_PEDF_RV64: Prediction for thread 0x0000000047c443c8: 0.2333
EA_PEDF_RV64: Prediction for thread 0x0000000047c09bf0: 0.5133
EA_PEDF_RV64: Prediction for thread 0x0000000047bcf418: 0.5306
EA_PEDF_RV64: Prediction for thread 0x0000000047b94c40: 0.4106
EA_PEDF_RV64: Prediction for thread 0x0000000047b5a468: 0.2333
EA_PEDF_RV64: Prediction for thread 0x0000000047b1fc90: 0.5180
EA_PEDF_RV64: Prediction for core 1: 1.0313
Imbalanced!
>  Iteration [111], Clock: 751999999Hz, Temperature: 40.7820C
EA_PEDF_RV64: Prediction for thread 0x0000000047c443c8: 0.2333
EA_PEDF_RV64: Prediction for thread 0x0000000047c09bf0: 0.5133
EA_PEDF_RV64: Prediction for thread 0x0000000047bcf418: 0.5306
EA_PEDF_RV64: Prediction for thread 0x0000000047b94c40: 0.4105
EA_PEDF_RV64: Prediction for thread 0x0000000047b5a468: 0.2333
EA_PEDF_RV64: Prediction for thread 0x0000000047b1fc90: 0.6419
<0>: EA_PEDF_RV64: The utilization went beyond the safety margin of 95.0000%
Core 1 utilization: 1.2641
Core 2 utilization: 0.5321
Core 3 utilization: 0.3241
 :<0>
Revoking...
>  Iteration [112], Clock: 1503999999Hz, Temperature: 40.7240C
>  Iteration [113], Clock: 1503999999Hz, Temperature: 41.2460C
EA_PEDF_RV64: Prediction for thread 0x0000000047c443c8: 0.2333
EA_PEDF_RV64: Prediction for thread 0x0000000047c09bf0: 0.3670
EA_PEDF_RV64: Prediction for thread 0x0000000047bcf418: 0.3344
EA_PEDF_RV64: Prediction for thread 0x0000000047b94c40: 0.2563
EA_PEDF_RV64: Prediction for thread 0x0000000047b5a468: 0.2333
EA_PEDF_RV64: Prediction for thread 0x0000000047b1fc90: 0.3731
EA_PEDF_RV64: Prediction for core 1: 0.7401
EA_PEDF_RV64: Prediction for core 2: 0.5906
EA_PEDF_RV64: Prediction for core 3: 0.4667
>  Iteration [114], Clock: 751999999Hz, Temperature: 41.5360C
>  Iteration [115], Clock: 751999999Hz, Temperature: 41.0140C
Retraining...
EA_PEDF_RV64: Error for thread 0x0000000047c443c8: 0.0846 = 0.1488 - 0.2333
EA_PEDF_RV64: Error for thread 0x0000000047c09bf0: 0.0660 = 0.4330 - 0.3670
EA_PEDF_RV64: Error for thread 0x0000000047bcf418: 0.0729 = 0.4073 - 0.3344
EA_PEDF_RV64: Error for thread 0x0000000047b94c40: 0.0286 = 0.2848 - 0.2563
EA_PEDF_RV64: Error for thread 0x0000000047b5a468: 0.0553 = 0.1780 - 0.2333
EA_PEDF_RV64: Error for thread 0x0000000047b1fc90: 0.0585 = 0.4316 - 0.3731
Training dataset: In [0.1654, 1.0000, 0.2603, 0.2370, 0.2274, 0.0297, 0.1647, 0.
0080, 0.0040, 0.0212, 0.1548] Out [0.4330]
Training dataset: In [0.1629, 1.0000, 0.2544, 0.2370, 0.2236, 0.0076, 0.0706, 0.
0013, 0.0040, 0.0066, 0.0782] Out [0.4316]
Training dataset: In [0.3357, 0.3333, 0.2663, 0.2371, 0.4299, 0.0448, 0.1855, 0.
0308, 0.0040, 0.0588, 0.2580] Out [0.4966]
Training dataset: In [0.3236, 0.3333, 0.2518, 0.2371, 0.4142, 0.0077, 0.0709, 0.
0013, 0.0158, 0.0067, 0.1515] Out [0.4955]
Training dataset: In [0.3356, 0.3333, 0.2662, 0.2371, 0.4299, 0.0447, 0.1853, 0.
0308, 0.0040, 0.0586, 0.2580] Out [0.4966]
Training dataset: In [0.9234, 0.3333, 0.9727, 0.7169, 0.4151, 0.0006, 0.0374, 0.
0010, 0.0363, 0.0049, 0.1209] Out [0.4955]
Training dataset: In [0.1655, 1.0000, 0.2606, 0.2370, 0.2274, 0.0296, 0.1646, 0.
0078, 0.0040, 0.0211, 0.1581] Out [0.4330]
Training dataset: In [0.1629, 1.0000, 0.2544, 0.2370, 0.2236, 0.0076, 0.0706, 0.
0013, 0.0000, 0.0066, 0.0749] Out [0.4316]
Training dataset: In [0.3356, 0.3333, 0.2662, 0.2371, 0.4299, 0.0447, 0.1855, 0.
0309, 0.0040, 0.0590, 0.2680] Out [0.4966]
Training dataset: In [0.3237, 0.3333, 0.2518, 0.2371, 0.4142, 0.0077, 0.0709, 0.
0013, 0.0198, 0.0067, 0.1431] Out [0.4955]
Training dataset: In [0.3357, 0.3333, 0.2663, 0.2371, 0.4299, 0.0448, 0.1854, 0.
0311, 0.0040, 0.0592, 0.2596] Out [0.4966]
Training dataset: In [0.9283, 0.3333, 0.9786, 0.7374, 0.4142, 0.0003, 0.0363, 0.
0009, 0.0359, 0.0048, 0.1248] Out [0.4955]
Training dataset: In [0.1656, 1.0000, 0.2609, 0.2370, 0.2274, 0.0296, 0.1645, 0.
0079, 0.0079, 0.0211, 0.1515] Out [0.4330]
Training dataset: In [0.1629, 1.0000, 0.2544, 0.2370, 0.2236, 0.0076, 0.0706, 0.
0012, 0.0000, 0.0065, 0.0782] Out [0.4316]
Training dataset: In [0.3326, 0.3333, 0.2626, 0.2371, 0.4327, 0.0270, 0.1229, 0.
0208, 0.0316, 0.0424, 0.2214] Out [0.4966]
Training dataset: In [0.3281, 0.3333, 0.2572, 0.2371, 0.4176, 0.0254, 0.1332, 0.
0128, 0.0079, 0.0285, 0.2114] Out [0.4955]
Training dataset: In [0.1882, 1.0000, 0.2845, 0.2370, 0.3992, 0.0672, 0.1540, 0.
0423, 0.0079, 0.0453, 0.1339] Out [0.4073]
Training dataset: In [0.0890, 1.0000, 0.0401, 0.4890, 0.0012, 0.0055, 0.0239, 0.
0014, 0.0048, 0.0057, 0.0806] Out [0.2848]
Training dataset: In [0.3541, 0.3333, 0.2569, 0.2370, 0.6822, 0.0760, 0.1725, 0.
0527, 0.0119, 0.0604, 0.2676] Out [0.6107]
Training dataset: In [0.1780, 0.3333, 0.0401, 0.4890, 0.1520, 0.0059, 0.0256, 0.
0014, 0.0096, 0.0057, 0.1174] Out [0.2671]
Training dataset: In [0.3540, 0.3333, 0.2568, 0.2370, 0.6810, 0.0760, 0.1724, 0.
0526, 0.0079, 0.0601, 0.2790] Out [0.6107]
Training dataset: In [0.1780, 0.3333, 0.0401, 0.4890, 0.1508, 0.0059, 0.0256, 0.
0014, 0.0000, 0.0057, 0.1220] Out [0.2671]
Training dataset: In [0.1881, 1.0000, 0.2841, 0.2370, 0.3992, 0.0671, 0.1536, 0.
0422, 0.0079, 0.0452, 0.1301] Out [0.4073]
Training dataset: In [0.0890, 1.0000, 0.0401, 0.4890, 0.0012, 0.0055, 0.0239, 0.
0014, 0.0000, 0.0057, 0.0852] Out [0.2848]
Training dataset: In [0.3541, 0.3333, 0.2569, 0.2370, 0.6822, 0.0760, 0.1727, 0.
0527, 0.0079, 0.0604, 0.2714] Out [0.6107]
Training dataset: In [0.1780, 0.3333, 0.0401, 0.4890, 0.1508, 0.0059, 0.0257, 0.
0014, 0.0048, 0.0056, 0.1220] Out [0.2671]
Training dataset: In [0.3541, 0.3333, 0.2569, 0.2370, 0.6822, 0.0760, 0.1726, 0.
0528, 0.0079, 0.0605, 0.2676] Out [0.6107]
Training dataset: In [0.1780, 0.3333, 0.0401, 0.4890, 0.1508, 0.0058, 0.0255, 0.
0014, 0.0000, 0.0057, 0.1174] Out [0.2671]
Training dataset: In [0.1881, 1.0000, 0.2841, 0.2370, 0.3992, 0.0671, 0.1536, 0.
0422, 0.0119, 0.0451, 0.1376] Out [0.4073]
Training dataset: In [0.0890, 1.0000, 0.0401, 0.4890, 0.0012, 0.0055, 0.0240, 0.
0014, 0.0048, 0.0056, 0.0783] Out [0.2848]
Training dataset: In [0.3552, 0.3333, 0.2583, 0.2370, 0.6981, 0.0768, 0.1749, 0.
0551, 0.0158, 0.0684, 0.2959] Out [0.6107]
Training dataset: In [0.1780, 0.3333, 0.0401, 0.4890, 0.1508, 0.0050, 0.0224, 0.
0000, 0.0000, 0.0000, 0.1013] Out [0.2671]
Training dataset: In [0.1015, 1.0000, 0.2127, 0.0216, 0.1724, 0.8730, 0.5768, 0.
6205, 0.0699, 0.4583, 0.1649] Out [0.1488]
Training dataset: In [0.0890, 1.0000, 0.1864, 0.5000, 0.1357, 0.0168, 0.0665, 0.
0009, 0.0000, 0.0028, 0.0482] Out [0.1780]
Training dataset: In [0.1457, 0.3333, 0.1526, 0.0215, 0.2356, 0.8948, 0.6425, 0.
7424, 0.1397, 0.6203, 0.3931] Out [0.2738]
Training dataset: In [0.1780, 0.3333, 0.1865, 0.5000, 0.2651, 0.0167, 0.0669, 0.
0010, 0.0000, 0.0031, 0.0779] Out [0.2689]
Training dataset: In [0.1456, 0.3333, 0.1525, 0.0216, 0.2346, 0.8946, 0.6421, 0.
7416, 0.0698, 0.6186, 0.4944] Out [0.2738]
Training dataset: In [0.1780, 0.3333, 0.1865, 0.5000, 0.2651, 0.0167, 0.0668, 0.
0010, 0.0000, 0.0030, 0.0779] Out [0.2689]
Training dataset: In [0.1014, 1.0000, 0.2124, 0.0215, 0.1735, 0.8735, 0.5766, 0.
6189, 0.1399, 0.4569, 0.1777] Out [0.1488]
Training dataset: In [0.0890, 1.0000, 0.1864, 0.5000, 0.1357, 0.0168, 0.0665, 0.
0009, 0.0000, 0.0029, 0.0438] Out [0.1780]
Training dataset: In [0.1457, 0.3333, 0.1527, 0.0215, 0.2356, 0.8955, 0.6472, 0.
7435, 0.0699, 0.6225, 0.3804] Out [0.2738]
Training dataset: In [0.1780, 0.3333, 0.1865, 0.5000, 0.2651, 0.0166, 0.0666, 0.
0010, 0.0000, 0.0030, 0.0805] Out [0.2689]
Training dataset: In [0.1461, 0.3333, 0.1530, 0.0216, 0.2346, 0.8962, 0.6503, 0.
7451, 0.0698, 0.6234, 0.3803] Out [0.2738]
Training dataset: In [0.1780, 0.3333, 0.1865, 0.5000, 0.2651, 0.0166, 0.0664, 0.
0009, 0.0000, 0.0030, 0.0797] Out [0.2689]
Training dataset: In [0.1015, 1.0000, 0.2126, 0.0216, 0.1724, 0.8727, 0.5761, 0.
6195, 0.1398, 0.4572, 0.2410] Out [0.1488]
Training dataset: In [0.0890, 1.0000, 0.1864, 0.5000, 0.1357, 0.0168, 0.0664, 0.
0009, 0.0000, 0.0028, 0.0464] Out [0.1780]
Training dataset: In [0.1466, 0.3333, 0.1535, 0.0216, 0.2356, 0.9028, 0.6767, 0.
7561, 0.2095, 0.6551, 0.4691] Out [0.2738]
Training dataset: In [0.1780, 0.3333, 0.1865, 0.5000, 0.2651, 0.0061, 0.0323, 0.
0010, 0.0048, 0.0032, 0.0455] Out [0.2689]
EA_PEDF_RV64: Prediction for thread 0x0000000047c443c8: 0.2323
EA_PEDF_RV64: Prediction for thread 0x0000000047c09bf0: 0.5181
EA_PEDF_RV64: Prediction for thread 0x0000000047bcf418: 0.5344
EA_PEDF_RV64: Prediction for thread 0x0000000047b94c40: 0.4098
EA_PEDF_RV64: Prediction for thread 0x0000000047b5a468: 0.2323
EA_PEDF_RV64: Prediction for thread 0x0000000047b1fc90: 0.5144
EA_PEDF_RV64: Prediction for core 1: 1.0325
Imbalanced!
>  Iteration [116], Clock: 751999999Hz, Temperature: 40.8980C
EA_PEDF_RV64: Prediction for thread 0x0000000047c443c8: 0.2323
EA_PEDF_RV64: Prediction for thread 0x0000000047c09bf0: 0.6407
EA_PEDF_RV64: Prediction for thread 0x0000000047bcf418: 0.5336
EA_PEDF_RV64: Prediction for thread 0x0000000047b94c40: 0.4100
EA_PEDF_RV64: Prediction for thread 0x0000000047b5a468: 0.2323
EA_PEDF_RV64: Prediction for thread 0x0000000047b1fc90: 0.5145
<0>: EA_PEDF_RV64: The utilization went beyond the safety margin of 95.0000%
Core 1 utilization: 1.2646
Core 2 utilization: 0.5331
Core 3 utilization: 0.3248
 :<0>
Revoking...
>  Iteration [117], Clock: 1503999999Hz, Temperature: 40.7820C
>  Iteration [118], Clock: 1503999999Hz, Temperature: 41.3040C
EA_PEDF_RV64: Prediction for thread 0x0000000047c443c8: 0.2323
EA_PEDF_RV64: Prediction for thread 0x0000000047c09bf0: 0.3759
EA_PEDF_RV64: Prediction for thread 0x0000000047bcf418: 0.3358
EA_PEDF_RV64: Prediction for thread 0x0000000047b94c40: 0.2556
EA_PEDF_RV64: Prediction for thread 0x0000000047b5a468: 0.2323
EA_PEDF_RV64: Prediction for thread 0x0000000047b1fc90: 0.3697
EA_PEDF_RV64: Prediction for core 1: 0.7456
EA_PEDF_RV64: Prediction for core 2: 0.5914
EA_PEDF_RV64: Prediction for core 3: 0.4646
>  Iteration [119], Clock: 751999999Hz, Temperature: 41.5940C
>  Iteration [120], Clock: 751999999Hz, Temperature: 41.1300C
Retraining...
EA_PEDF_RV64: Error for thread 0x0000000047c443c8: 0.0836 = 0.1487 - 0.2323
EA_PEDF_RV64: Error for thread 0x0000000047c09bf0: 0.0683 = 0.4442 - 0.3759
EA_PEDF_RV64: Error for thread 0x0000000047bcf418: 0.0686 = 0.4044 - 0.3358
EA_PEDF_RV64: Error for thread 0x0000000047b94c40: 0.0233 = 0.2789 - 0.2556
EA_PEDF_RV64: Error for thread 0x0000000047b5a468: 0.0543 = 0.1780 - 0.2323
EA_PEDF_RV64: Error for thread 0x0000000047b1fc90: 0.0562 = 0.4258 - 0.3697
Training dataset: In [0.1655, 1.0000, 0.2606, 0.2370, 0.2274, 0.0296, 0.1646, 0.
0078, 0.0040, 0.0211, 0.1581] Out [0.4442]
Training dataset: In [0.1629, 1.0000, 0.2544, 0.2370, 0.2236, 0.0076, 0.0706, 0.
0013, 0.0000, 0.0066, 0.0749] Out [0.4258]
Training dataset: In [0.3356, 0.3333, 0.2662, 0.2371, 0.4299, 0.0447, 0.1855, 0.
0309, 0.0040, 0.0590, 0.2680] Out [0.4966]
Training dataset: In [0.3237, 0.3333, 0.2518, 0.2371, 0.4142, 0.0077, 0.0709, 0.
0013, 0.0198, 0.0067, 0.1431] Out [0.4955]
Training dataset: In [0.3357, 0.3333, 0.2663, 0.2371, 0.4299, 0.0448, 0.1854, 0.
0311, 0.0040, 0.0592, 0.2596] Out [0.4966]
Training dataset: In [0.9283, 0.3333, 0.9786, 0.7374, 0.4142, 0.0003, 0.0363, 0.
0009, 0.0359, 0.0048, 0.1248] Out [0.4955]
Training dataset: In [0.1656, 1.0000, 0.2609, 0.2370, 0.2274, 0.0296, 0.1645, 0.
0079, 0.0079, 0.0211, 0.1515] Out [0.4442]
Training dataset: In [0.1629, 1.0000, 0.2544, 0.2370, 0.2236, 0.0076, 0.0706, 0.
0012, 0.0000, 0.0065, 0.0782] Out [0.4258]
Training dataset: In [0.3326, 0.3333, 0.2626, 0.2371, 0.4327, 0.0270, 0.1229, 0.
0208, 0.0316, 0.0424, 0.2214] Out [0.4966]
Training dataset: In [0.3281, 0.3333, 0.2572, 0.2371, 0.4176, 0.0254, 0.1332, 0.
0128, 0.0079, 0.0285, 0.2114] Out [0.4955]
Training dataset: In [0.9364, 0.3333, 0.9883, 0.7222, 0.4377, 0.0152, 0.0768, 0.
0159, 0.0332, 0.0321, 0.1904] Out [0.4966]
Training dataset: In [0.3283, 0.3333, 0.2574, 0.2371, 0.4185, 0.0255, 0.1332, 0.
0129, 0.0119, 0.0288, 0.1947] Out [0.4955]
Training dataset: In [0.1669, 1.0000, 0.2640, 0.2370, 0.2387, 0.0156, 0.0961, 0.
0095, 0.0000, 0.0257, 0.0932] Out [0.4442]
Training dataset: In [0.1633, 1.0000, 0.2553, 0.2370, 0.2236, 0.0220, 0.1391, 0.
0021, 0.0079, 0.0106, 0.1282] Out [0.4258]
Training dataset: In [0.3326, 0.3333, 0.2625, 0.2371, 0.4327, 0.0269, 0.1230, 0.
0208, 0.0158, 0.0422, 0.2180] Out [0.4966]
Training dataset: In [0.3283, 0.3333, 0.2574, 0.2371, 0.4185, 0.0254, 0.1332, 0.
0129, 0.0079, 0.0288, 0.2280] Out [0.4955]
Training dataset: In [0.1881, 1.0000, 0.2841, 0.2370, 0.3992, 0.0671, 0.1536, 0.
0422, 0.0079, 0.0452, 0.1301] Out [0.4044]
Training dataset: In [0.0890, 1.0000, 0.0401, 0.4890, 0.0012, 0.0055, 0.0239, 0.
0014, 0.0000, 0.0057, 0.0852] Out [0.2789]
Training dataset: In [0.3541, 0.3333, 0.2569, 0.2370, 0.6822, 0.0760, 0.1727, 0.
0527, 0.0079, 0.0604, 0.2714] Out [0.6107]
Training dataset: In [0.1780, 0.3333, 0.0401, 0.4890, 0.1508, 0.0059, 0.0257, 0.
0014, 0.0048, 0.0056, 0.1220] Out [0.2671]
Training dataset: In [0.3541, 0.3333, 0.2569, 0.2370, 0.6822, 0.0760, 0.1726, 0.
0528, 0.0079, 0.0605, 0.2676] Out [0.6107]
Training dataset: In [0.1780, 0.3333, 0.0401, 0.4890, 0.1508, 0.0058, 0.0255, 0.
0014, 0.0000, 0.0057, 0.1174] Out [0.2671]
Training dataset: In [0.1881, 1.0000, 0.2841, 0.2370, 0.3992, 0.0671, 0.1536, 0.
0422, 0.0119, 0.0451, 0.1376] Out [0.4044]
Training dataset: In [0.0890, 1.0000, 0.0401, 0.4890, 0.0012, 0.0055, 0.0240, 0.
0014, 0.0048, 0.0056, 0.0783] Out [0.2789]
Training dataset: In [0.3552, 0.3333, 0.2583, 0.2370, 0.6981, 0.0768, 0.1749, 0.
0551, 0.0158, 0.0684, 0.2959] Out [0.6107]
Training dataset: In [0.1780, 0.3333, 0.0401, 0.4890, 0.1508, 0.0050, 0.0224, 0.
0000, 0.0000, 0.0000, 0.1013] Out [0.2671]
Training dataset: In [0.3551, 0.3333, 0.2582, 0.2370, 0.6957, 0.0768, 0.1747, 0.
0552, 0.0198, 0.0687, 0.2714] Out [0.6107]
Training dataset: In [0.1780, 0.3333, 0.0401, 0.4890, 0.1520, 0.0050, 0.0224, 0.
0000, 0.0000, 0.0000, 0.0967] Out [0.2671]
Training dataset: In [0.1897, 1.0000, 0.2881, 0.2370, 0.4051, 0.0684, 0.1566, 0.
0450, 0.0237, 0.0540, 0.1225] Out [0.4044]
Training dataset: In [0.0890, 1.0000, 0.0401, 0.4890, 0.0012, 0.0046, 0.0203, 0.
0006, 0.0000, 0.0020, 0.0760] Out [0.2789]
Training dataset: In [0.3554, 0.3333, 0.2585, 0.2370, 0.6981, 0.0768, 0.1748, 0.
0552, 0.0119, 0.0687, 0.2771] Out [0.6107]
Training dataset: In [0.1780, 0.3333, 0.0401, 0.4890, 0.1508, 0.0049, 0.0224, 0.
0000, 0.0000, 0.0000, 0.1404] Out [0.2671]
Training dataset: In [0.1014, 1.0000, 0.2124, 0.0215, 0.1735, 0.8735, 0.5766, 0.
6189, 0.1399, 0.4569, 0.1777] Out [0.1487]
Training dataset: In [0.0890, 1.0000, 0.1864, 0.5000, 0.1357, 0.0168, 0.0665, 0.
0009, 0.0000, 0.0029, 0.0438] Out [0.1780]
Training dataset: In [0.1457, 0.3333, 0.1527, 0.0215, 0.2356, 0.8955, 0.6472, 0.
7435, 0.0699, 0.6225, 0.3804] Out [0.2738]
Training dataset: In [0.1780, 0.3333, 0.1865, 0.5000, 0.2651, 0.0166, 0.0666, 0.
0010, 0.0000, 0.0030, 0.0805] Out [0.2689]
Training dataset: In [0.1461, 0.3333, 0.1530, 0.0216, 0.2346, 0.8962, 0.6503, 0.
7451, 0.0698, 0.6234, 0.3803] Out [0.2738]
Training dataset: In [0.1780, 0.3333, 0.1865, 0.5000, 0.2651, 0.0166, 0.0664, 0.
0009, 0.0000, 0.0030, 0.0797] Out [0.2689]
Training dataset: In [0.1015, 1.0000, 0.2126, 0.0216, 0.1724, 0.8727, 0.5761, 0.
6195, 0.1398, 0.4572, 0.2410] Out [0.1487]
Training dataset: In [0.0890, 1.0000, 0.1864, 0.5000, 0.1357, 0.0168, 0.0664, 0.
0009, 0.0000, 0.0028, 0.0464] Out [0.1780]
Training dataset: In [0.1466, 0.3333, 0.1535, 0.0216, 0.2356, 0.9028, 0.6767, 0.
7561, 0.2095, 0.6551, 0.4691] Out [0.2738]
Training dataset: In [0.1780, 0.3333, 0.1865, 0.5000, 0.2651, 0.0061, 0.0323, 0.
0010, 0.0048, 0.0032, 0.0455] Out [0.2689]
Training dataset: In [0.1468, 0.3333, 0.1538, 0.0215, 0.2356, 0.9032, 0.6771, 0.
7569, 0.2794, 0.6572, 0.3043] Out [0.2738]
Training dataset: In [0.1780, 0.3333, 0.1865, 0.5000, 0.2651, 0.0061, 0.0322, 0.
0010, 0.0048, 0.0033, 0.0482] Out [0.2689]
Training dataset: In [0.1030, 1.0000, 0.2157, 0.0215, 0.1735, 0.8800, 0.5961, 0.
6312, 0.2098, 0.4715, 0.1396] Out [0.1487]
Training dataset: In [0.0890, 1.0000, 0.1864, 0.5000, 0.1357, 0.0172, 0.0670, 0.
0027, 0.0096, 0.0084, 0.0394] Out [0.1780]
Training dataset: In [0.1469, 0.3333, 0.1538, 0.0215, 0.2367, 0.9027, 0.6767, 0.
7573, 0.1397, 0.6559, 0.2790] Out [0.2738]
Training dataset: In [0.1780, 0.3333, 0.1865, 0.5000, 0.2651, 0.0060, 0.0322, 0.
0011, 0.0048, 0.0033, 0.0648] Out [0.2689]
EA_PEDF_RV64: Prediction for thread 0x0000000047c443c8: 0.2317
EA_PEDF_RV64: Prediction for thread 0x0000000047c09bf0: 0.5182
EA_PEDF_RV64: Prediction for thread 0x0000000047bcf418: 0.5338
EA_PEDF_RV64: Prediction for thread 0x0000000047b94c40: 0.4088
EA_PEDF_RV64: Prediction for thread 0x0000000047b5a468: 0.2317
EA_PEDF_RV64: Prediction for thread 0x0000000047b1fc90: 0.5148
EA_PEDF_RV64: Prediction for core 1: 1.0330
Imbalanced!
>  Iteration [121], Clock: 751999999Hz, Temperature: 40.9560C
EA_PEDF_RV64: Prediction for thread 0x0000000047c443c8: 0.2317
EA_PEDF_RV64: Prediction for thread 0x0000000047c09bf0: 0.6368
EA_PEDF_RV64: Prediction for thread 0x0000000047bcf418: 0.5332
EA_PEDF_RV64: Prediction for thread 0x0000000047b94c40: 0.4084
EA_PEDF_RV64: Prediction for thread 0x0000000047b5a468: 0.2317
EA_PEDF_RV64: Prediction for thread 0x0000000047b1fc90: 0.5146
<0>: EA_PEDF_RV64: The utilization went beyond the safety margin of 95.0000%
Core 1 utilization: 1.2587
Core 2 utilization: 0.5332
Core 3 utilization: 0.3250
 :<0>
Revoking...
>  Iteration [122], Clock: 1503999999Hz, Temperature: 40.8980C
>  Iteration [123], Clock: 1503999999Hz, Temperature: 41.3620C
EA_PEDF_RV64: Prediction for thread 0x0000000047c443c8: 0.2317
EA_PEDF_RV64: Prediction for thread 0x0000000047c09bf0: 0.3778
EA_PEDF_RV64: Prediction for thread 0x0000000047bcf418: 0.3342
EA_PEDF_RV64: Prediction for thread 0x0000000047b94c40: 0.2537
EA_PEDF_RV64: Prediction for thread 0x0000000047b5a468: 0.2317
EA_PEDF_RV64: Prediction for thread 0x0000000047b1fc90: 0.3717
EA_PEDF_RV64: Prediction for core 1: 0.7495
EA_PEDF_RV64: Prediction for core 2: 0.5879
EA_PEDF_RV64: Prediction for core 3: 0.4635
>  Iteration [124], Clock: 751999999Hz, Temperature: 41.7100C
>  Iteration [125], Clock: 751999999Hz, Temperature: 41.1880C
Retraining...
EA_PEDF_RV64: Error for thread 0x0000000047c443c8: 0.0831 = 0.1486 - 0.2317
EA_PEDF_RV64: Error for thread 0x0000000047c09bf0: 0.0763 = 0.4541 - 0.3778
EA_PEDF_RV64: Error for thread 0x0000000047bcf418: 0.0677 = 0.4018 - 0.3342
EA_PEDF_RV64: Error for thread 0x0000000047b94c40: 0.0199 = 0.2736 - 0.2537
EA_PEDF_RV64: Error for thread 0x0000000047b5a468: 0.0537 = 0.1780 - 0.2317
EA_PEDF_RV64: Error for thread 0x0000000047b1fc90: 0.0491 = 0.4207 - 0.3717
Training dataset: In [0.1656, 1.0000, 0.2609, 0.2370, 0.2274, 0.0296, 0.1645, 0.
0079, 0.0079, 0.0211, 0.1515] Out [0.4541]
Training dataset: In [0.1629, 1.0000, 0.2544, 0.2370, 0.2236, 0.0076, 0.0706, 0.
0012, 0.0000, 0.0065, 0.0782] Out [0.4207]
Training dataset: In [0.3326, 0.3333, 0.2626, 0.2371, 0.4327, 0.0270, 0.1229, 0.
0208, 0.0316, 0.0424, 0.2214] Out [0.4966]
Training dataset: In [0.3281, 0.3333, 0.2572, 0.2371, 0.4176, 0.0254, 0.1332, 0.
0128, 0.0079, 0.0285, 0.2114] Out [0.4955]
Training dataset: In [0.9364, 0.3333, 0.9883, 0.7222, 0.4377, 0.0152, 0.0768, 0.
0159, 0.0332, 0.0321, 0.1904] Out [0.4966]
Training dataset: In [0.3283, 0.3333, 0.2574, 0.2371, 0.4185, 0.0255, 0.1332, 0.
0129, 0.0119, 0.0288, 0.1947] Out [0.4955]
Training dataset: In [0.1669, 1.0000, 0.2640, 0.2370, 0.2387, 0.0156, 0.0961, 0.
0095, 0.0000, 0.0257, 0.0932] Out [0.4541]
Training dataset: In [0.1633, 1.0000, 0.2553, 0.2370, 0.2236, 0.0220, 0.1391, 0.
0021, 0.0079, 0.0106, 0.1282] Out [0.4207]
Training dataset: In [0.3326, 0.3333, 0.2625, 0.2371, 0.4327, 0.0269, 0.1230, 0.
0208, 0.0158, 0.0422, 0.2180] Out [0.4966]
Training dataset: In [0.3283, 0.3333, 0.2574, 0.2371, 0.4185, 0.0254, 0.1332, 0.
0129, 0.0079, 0.0288, 0.2280] Out [0.4955]
Training dataset: In [0.9304, 0.3333, 0.9811, 0.7142, 0.4335, 0.0154, 0.0776, 0.
0159, 0.0303, 0.0321, 0.1721] Out [0.4966]
Training dataset: In [0.3283, 0.3333, 0.2574, 0.2371, 0.4176, 0.0255, 0.1333, 0.
0130, 0.0119, 0.0289, 0.1981] Out [0.4955]
Training dataset: In [0.1668, 1.0000, 0.2637, 0.2370, 0.2387, 0.0156, 0.0959, 0.
0097, 0.0000, 0.0258, 0.0916] Out [0.4541]
Training dataset: In [0.1632, 1.0000, 0.2552, 0.2370, 0.2236, 0.0221, 0.1393, 0.
0021, 0.0119, 0.0105, 0.1232] Out [0.4207]
Training dataset: In [0.3327, 0.3333, 0.2628, 0.2371, 0.4335, 0.0270, 0.1232, 0.
0209, 0.0198, 0.0424, 0.2164] Out [0.4966]
Training dataset: In [0.3283, 0.3333, 0.2575, 0.2371, 0.4185, 0.0254, 0.1331, 0.
0127, 0.0079, 0.0285, 0.2080] Out [0.4955]
Training dataset: In [0.1881, 1.0000, 0.2841, 0.2370, 0.3992, 0.0671, 0.1536, 0.
0422, 0.0119, 0.0451, 0.1376] Out [0.4018]
Training dataset: In [0.0890, 1.0000, 0.0401, 0.4890, 0.0012, 0.0055, 0.0240, 0.
0014, 0.0048, 0.0056, 0.0783] Out [0.2736]
Training dataset: In [0.3552, 0.3333, 0.2583, 0.2370, 0.6981, 0.0768, 0.1749, 0.
0551, 0.0158, 0.0684, 0.2959] Out [0.6107]
Training dataset: In [0.1780, 0.3333, 0.0401, 0.4890, 0.1508, 0.0050, 0.0224, 0.
0000, 0.0000, 0.0000, 0.1013] Out [0.2671]
Training dataset: In [0.3551, 0.3333, 0.2582, 0.2370, 0.6957, 0.0768, 0.1747, 0.
0552, 0.0198, 0.0687, 0.2714] Out [0.6107]
Training dataset: In [0.1780, 0.3333, 0.0401, 0.4890, 0.1520, 0.0050, 0.0224, 0.
0000, 0.0000, 0.0000, 0.0967] Out [0.2671]
Training dataset: In [0.1897, 1.0000, 0.2881, 0.2370, 0.4051, 0.0684, 0.1566, 0.
0450, 0.0237, 0.0540, 0.1225] Out [0.4018]
Training dataset: In [0.0890, 1.0000, 0.0401, 0.4890, 0.0012, 0.0046, 0.0203, 0.
0006, 0.0000, 0.0020, 0.0760] Out [0.2736]
Training dataset: In [0.3554, 0.3333, 0.2585, 0.2370, 0.6981, 0.0768, 0.1748, 0.
0552, 0.0119, 0.0687, 0.2771] Out [0.6107]
Training dataset: In [0.1780, 0.3333, 0.0401, 0.4890, 0.1508, 0.0049, 0.0224, 0.
0000, 0.0000, 0.0000, 0.1404] Out [0.2671]
Training dataset: In [0.3552, 0.3333, 0.2583, 0.2370, 0.6957, 0.0769, 0.1748, 0.
0553, 0.0198, 0.0687, 0.2639] Out [0.6107]
Training dataset: In [0.1780, 0.3333, 0.0401, 0.4890, 0.1520, 0.0050, 0.0224, 0.
0000, 0.0000, 0.0000, 0.0967] Out [0.2671]
Training dataset: In [0.1900, 1.0000, 0.2887, 0.2370, 0.4004, 0.0685, 0.1568, 0.
0451, 0.0158, 0.0539, 0.1207] Out [0.4018]
Training dataset: In [0.0890, 1.0000, 0.0401, 0.4890, 0.0012, 0.0046, 0.0203, 0.
0006, 0.0000, 0.0019, 0.0598] Out [0.2736]
Training dataset: In [0.3551, 0.3333, 0.2582, 0.2370, 0.6981, 0.0768, 0.1746, 0.
0551, 0.0119, 0.0686, 0.2865] Out [0.6107]
Training dataset: In [0.1780, 0.3333, 0.0401, 0.4890, 0.1508, 0.0050, 0.0224, 0.
0000, 0.0000, 0.0000, 0.0990] Out [0.2671]
Training dataset: In [0.1015, 1.0000, 0.2126, 0.0216, 0.1724, 0.8727, 0.5761, 0.
6195, 0.1398, 0.4572, 0.2410] Out [0.1486]
Training dataset: In [0.0890, 1.0000, 0.1864, 0.5000, 0.1357, 0.0168, 0.0664, 0.
0009, 0.0000, 0.0028, 0.0464] Out [0.1780]
Training dataset: In [0.1466, 0.3333, 0.1535, 0.0216, 0.2356, 0.9028, 0.6767, 0.
7561, 0.2095, 0.6551, 0.4691] Out [0.2738]
Training dataset: In [0.1780, 0.3333, 0.1865, 0.5000, 0.2651, 0.0061, 0.0323, 0.
0010, 0.0048, 0.0032, 0.0455] Out [0.2689]
Training dataset: In [0.1468, 0.3333, 0.1538, 0.0215, 0.2356, 0.9032, 0.6771, 0.
7569, 0.2794, 0.6572, 0.3043] Out [0.2738]
Training dataset: In [0.1780, 0.3333, 0.1865, 0.5000, 0.2651, 0.0061, 0.0322, 0.
0010, 0.0048, 0.0033, 0.0482] Out [0.2689]
Training dataset: In [0.1030, 1.0000, 0.2157, 0.0215, 0.1735, 0.8800, 0.5961, 0.
6312, 0.2098, 0.4715, 0.1396] Out [0.1486]
Training dataset: In [0.0890, 1.0000, 0.1864, 0.5000, 0.1357, 0.0172, 0.0670, 0.
0027, 0.0096, 0.0084, 0.0394] Out [0.1780]
Training dataset: In [0.1469, 0.3333, 0.1538, 0.0215, 0.2367, 0.9027, 0.6767, 0.
7573, 0.1397, 0.6559, 0.2790] Out [0.2738]
Training dataset: In [0.1780, 0.3333, 0.1865, 0.5000, 0.2651, 0.0060, 0.0322, 0.
0011, 0.0048, 0.0033, 0.0648] Out [0.2689]
Training dataset: In [0.1470, 0.3333, 0.1539, 0.0216, 0.2356, 0.9029, 0.6787, 0.
7582, 0.2095, 0.6569, 0.1774] Out [0.2738]
Training dataset: In [0.1780, 0.3333, 0.1865, 0.5000, 0.2651, 0.0060, 0.0322, 0.
0010, 0.0048, 0.0032, 0.0482] Out [0.2689]
Training dataset: In [0.1032, 1.0000, 0.2161, 0.0215, 0.1745, 0.8806, 0.5966, 0.
6328, 0.0699, 0.4708, 0.1143] Out [0.1486]
Training dataset: In [0.0890, 1.0000, 0.1864, 0.5000, 0.1357, 0.0172, 0.0671, 0.
0027, 0.0096, 0.0084, 0.0420] Out [0.1780]
Training dataset: In [0.1466, 0.3333, 0.1535, 0.0215, 0.2356, 0.9027, 0.6737, 0.
7552, 0.1397, 0.6549, 0.3424] Out [0.2738]
Training dataset: In [0.1780, 0.3333, 0.1865, 0.5000, 0.2651, 0.0061, 0.0323, 0.
0010, 0.0048, 0.0032, 0.0455] Out [0.2689]
EA_PEDF_RV64: Prediction for thread 0x0000000047c443c8: 0.2314
EA_PEDF_RV64: Prediction for thread 0x0000000047c09bf0: 0.5186
EA_PEDF_RV64: Prediction for thread 0x0000000047bcf418: 0.5332
EA_PEDF_RV64: Prediction for thread 0x0000000047b94c40: 0.4063
EA_PEDF_RV64: Prediction for thread 0x0000000047b5a468: 0.2314
EA_PEDF_RV64: Prediction for thread 0x0000000047b1fc90: 0.5151
EA_PEDF_RV64: Prediction for core 1: 1.0337
Imbalanced!
>  Iteration [126], Clock: 751999999Hz, Temperature: 41.0720C
EA_PEDF_RV64: Prediction for thread 0x0000000047c443c8: 0.2314
EA_PEDF_RV64: Prediction for thread 0x0000000047c09bf0: 0.6363
EA_PEDF_RV64: Prediction for thread 0x0000000047bcf418: 0.5325
EA_PEDF_RV64: Prediction for thread 0x0000000047b94c40: 0.4065
EA_PEDF_RV64: Prediction for thread 0x0000000047b5a468: 0.2314
EA_PEDF_RV64: Prediction for thread 0x0000000047b1fc90: 0.5149
<0>: EA_PEDF_RV64: The utilization went beyond the safety margin of 95.0000%
Core 1 utilization: 1.2635
Core 2 utilization: 0.5332
Core 3 utilization: 0.3247
 :<0>
Revoking...
>  Iteration [127], Clock: 1503999999Hz, Temperature: 40.9560C
>  Iteration [128], Clock: 1503999999Hz, Temperature: 41.4780C
EA_PEDF_RV64: Prediction for thread 0x0000000047c443c8: 0.2314
EA_PEDF_RV64: Prediction for thread 0x0000000047c09bf0: 0.3800
EA_PEDF_RV64: Prediction for thread 0x0000000047bcf418: 0.3337
EA_PEDF_RV64: Prediction for thread 0x0000000047b94c40: 0.2515
EA_PEDF_RV64: Prediction for thread 0x0000000047b5a468: 0.2314
EA_PEDF_RV64: Prediction for thread 0x0000000047b1fc90: 0.3738
EA_PEDF_RV64: Prediction for core 1: 0.7539
EA_PEDF_RV64: Prediction for core 2: 0.5853
EA_PEDF_RV64: Prediction for core 3: 0.4628
>  Iteration [129], Clock: 751999999Hz, Temperature: 41.7680C
>  Iteration [130], Clock: 751999999Hz, Temperature: 41.3040C
Retraining...
EA_PEDF_RV64: Error for thread 0x0000000047c443c8: 0.0829 = 0.1485 - 0.2314
EA_PEDF_RV64: Error for thread 0x0000000047c09bf0: 0.0830 = 0.4631 - 0.3800
EA_PEDF_RV64: Error for thread 0x0000000047bcf418: 0.0657 = 0.3995 - 0.3337
EA_PEDF_RV64: Error for thread 0x0000000047b94c40: 0.0173 = 0.2688 - 0.2515
EA_PEDF_RV64: Error for thread 0x0000000047b5a468: 0.0534 = 0.1780 - 0.2314
EA_PEDF_RV64: Error for thread 0x0000000047b1fc90: 0.0423 = 0.4161 - 0.3738
Training dataset: In [0.1669, 1.0000, 0.2640, 0.2370, 0.2387, 0.0156, 0.0961, 0.
0095, 0.0000, 0.0257, 0.0932] Out [0.4631]
Training dataset: In [0.1633, 1.0000, 0.2553, 0.2370, 0.2236, 0.0220, 0.1391, 0.
0021, 0.0079, 0.0106, 0.1282] Out [0.4161]
Training dataset: In [0.3326, 0.3333, 0.2625, 0.2371, 0.4327, 0.0269, 0.1230, 0.
0208, 0.0158, 0.0422, 0.2180] Out [0.4966]
Training dataset: In [0.3283, 0.3333, 0.2574, 0.2371, 0.4185, 0.0254, 0.1332, 0.
0129, 0.0079, 0.0288, 0.2280] Out [0.4955]
Training dataset: In [0.9304, 0.3333, 0.9811, 0.7142, 0.4335, 0.0154, 0.0776, 0.
0159, 0.0303, 0.0321, 0.1721] Out [0.4966]
Training dataset: In [0.3283, 0.3333, 0.2574, 0.2371, 0.4176, 0.0255, 0.1333, 0.
0130, 0.0119, 0.0289, 0.1981] Out [0.4955]
Training dataset: In [0.1668, 1.0000, 0.2637, 0.2370, 0.2387, 0.0156, 0.0959, 0.
0097, 0.0000, 0.0258, 0.0916] Out [0.4631]
Training dataset: In [0.1632, 1.0000, 0.2552, 0.2370, 0.2236, 0.0221, 0.1393, 0.
0021, 0.0119, 0.0105, 0.1232] Out [0.4161]
Training dataset: In [0.3327, 0.3333, 0.2628, 0.2371, 0.4335, 0.0270, 0.1232, 0.
0209, 0.0198, 0.0424, 0.2164] Out [0.4966]
Training dataset: In [0.3283, 0.3333, 0.2575, 0.2371, 0.4185, 0.0254, 0.1331, 0.
0127, 0.0079, 0.0285, 0.2080] Out [0.4955]
Training dataset: In [0.9353, 0.3333, 0.9870, 0.7209, 0.4335, 0.0152, 0.0768, 0.
0159, 0.0302, 0.0321, 0.1791] Out [0.4966]
Training dataset: In [0.3282, 0.3333, 0.2574, 0.2371, 0.4176, 0.0254, 0.1333, 0.
0129, 0.0079, 0.0289, 0.1897] Out [0.4955]
Training dataset: In [0.1672, 1.0000, 0.2647, 0.2370, 0.2387, 0.0157, 0.0958, 0.
0098, 0.0000, 0.0261, 0.0949] Out [0.4631]
Training dataset: In [0.1633, 1.0000, 0.2553, 0.2370, 0.2236, 0.0220, 0.1391, 0.
0021, 0.0119, 0.0105, 0.1215] Out [0.4161]
Training dataset: In [0.3326, 0.3333, 0.2626, 0.2371, 0.4327, 0.0270, 0.1232, 0.
0208, 0.0158, 0.0423, 0.2197] Out [0.4966]
Training dataset: In [0.3283, 0.3333, 0.2575, 0.2371, 0.4185, 0.0255, 0.1331, 0.
0129, 0.0040, 0.0289, 0.2197] Out [0.4955]
Training dataset: In [0.1897, 1.0000, 0.2881, 0.2370, 0.4051, 0.0684, 0.1566, 0.
0450, 0.0237, 0.0540, 0.1225] Out [0.3995]
Training dataset: In [0.0890, 1.0000, 0.0401, 0.4890, 0.0012, 0.0046, 0.0203, 0.
0006, 0.0000, 0.0020, 0.0760] Out [0.2688]
Training dataset: In [0.3554, 0.3333, 0.2585, 0.2370, 0.6981, 0.0768, 0.1748, 0.
0552, 0.0119, 0.0687, 0.2771] Out [0.6107]
Training dataset: In [0.1780, 0.3333, 0.0401, 0.4890, 0.1508, 0.0049, 0.0224, 0.
0000, 0.0000, 0.0000, 0.1404] Out [0.2671]
Training dataset: In [0.3552, 0.3333, 0.2583, 0.2370, 0.6957, 0.0769, 0.1748, 0.
0553, 0.0198, 0.0687, 0.2639] Out [0.6107]
Training dataset: In [0.1780, 0.3333, 0.0401, 0.4890, 0.1520, 0.0050, 0.0224, 0.
0000, 0.0000, 0.0000, 0.0967] Out [0.2671]
Training dataset: In [0.1900, 1.0000, 0.2887, 0.2370, 0.4004, 0.0685, 0.1568, 0.
0451, 0.0158, 0.0539, 0.1207] Out [0.3995]
Training dataset: In [0.0890, 1.0000, 0.0401, 0.4890, 0.0012, 0.0046, 0.0203, 0.
0006, 0.0000, 0.0019, 0.0598] Out [0.2688]
Training dataset: In [0.3551, 0.3333, 0.2582, 0.2370, 0.6981, 0.0768, 0.1746, 0.
0551, 0.0119, 0.0686, 0.2865] Out [0.6107]
Training dataset: In [0.1780, 0.3333, 0.0401, 0.4890, 0.1508, 0.0050, 0.0224, 0.
0000, 0.0000, 0.0000, 0.0990] Out [0.2671]
Training dataset: In [0.3551, 0.3333, 0.2582, 0.2370, 0.6957, 0.0768, 0.1748, 0.
0552, 0.0079, 0.0687, 0.2676] Out [0.6107]
Training dataset: In [0.1780, 0.3333, 0.0401, 0.4890, 0.1520, 0.0050, 0.0224, 0.
0000, 0.0000, 0.0000, 0.0990] Out [0.2671]
Training dataset: In [0.1898, 1.0000, 0.2884, 0.2370, 0.4051, 0.0685, 0.1563, 0.
0453, 0.0198, 0.0541, 0.1169] Out [0.3995]
Training dataset: In [0.0890, 1.0000, 0.0401, 0.4890, 0.0012, 0.0046, 0.0204, 0.
0006, 0.0000, 0.0020, 0.0598] Out [0.2688]
Training dataset: In [0.3553, 0.3333, 0.2584, 0.2370, 0.6981, 0.0769, 0.1747, 0.
0553, 0.0119, 0.0690, 0.2714] Out [0.6107]
Training dataset: In [0.1780, 0.3333, 0.0401, 0.4890, 0.1508, 0.0050, 0.0224, 0.
0000, 0.0000, 0.0000, 0.1381] Out [0.2671]
Training dataset: In [0.1030, 1.0000, 0.2157, 0.0215, 0.1735, 0.8800, 0.5961, 0.
6312, 0.2098, 0.4715, 0.1396] Out [0.1485]
Training dataset: In [0.0890, 1.0000, 0.1864, 0.5000, 0.1357, 0.0172, 0.0670, 0.
0027, 0.0096, 0.0084, 0.0394] Out [0.1780]
Training dataset: In [0.1469, 0.3333, 0.1538, 0.0215, 0.2367, 0.9027, 0.6767, 0.
7573, 0.1397, 0.6559, 0.2790] Out [0.2738]
Training dataset: In [0.1780, 0.3333, 0.1865, 0.5000, 0.2651, 0.0060, 0.0322, 0.
0011, 0.0048, 0.0033, 0.0648] Out [0.2689]
Training dataset: In [0.1470, 0.3333, 0.1539, 0.0216, 0.2356, 0.9029, 0.6787, 0.
7582, 0.2095, 0.6569, 0.1774] Out [0.2738]
Training dataset: In [0.1780, 0.3333, 0.1865, 0.5000, 0.2651, 0.0060, 0.0322, 0.
0010, 0.0048, 0.0032, 0.0482] Out [0.2689]
Training dataset: In [0.1032, 1.0000, 0.2161, 0.0215, 0.1745, 0.8806, 0.5966, 0.
6328, 0.0699, 0.4708, 0.1143] Out [0.1485]
Training dataset: In [0.0890, 1.0000, 0.1864, 0.5000, 0.1357, 0.0172, 0.0671, 0.
0027, 0.0096, 0.0084, 0.0420] Out [0.1780]
Training dataset: In [0.1466, 0.3333, 0.1535, 0.0215, 0.2356, 0.9027, 0.6737, 0.
7552, 0.1397, 0.6549, 0.3424] Out [0.2738]
Training dataset: In [0.1780, 0.3333, 0.1865, 0.5000, 0.2651, 0.0061, 0.0323, 0.
0010, 0.0048, 0.0032, 0.0455] Out [0.2689]
Training dataset: In [0.1467, 0.3333, 0.1536, 0.0215, 0.2356, 0.9026, 0.6770, 0.
7563, 0.0699, 0.6563, 0.2282] Out [0.2738]
Training dataset: In [0.1780, 0.3333, 0.1865, 0.5000, 0.2651, 0.0061, 0.0322, 0.
0011, 0.0048, 0.0033, 0.0473] Out [0.2689]
Training dataset: In [0.1035, 1.0000, 0.2167, 0.0216, 0.1745, 0.8807, 0.5991, 0.
6351, 0.1397, 0.4759, 0.0761] Out [0.1485]
Training dataset: In [0.0890, 1.0000, 0.1864, 0.5000, 0.1357, 0.0172, 0.0671, 0.
0026, 0.0096, 0.0082, 0.0412] Out [0.1780]
Training dataset: In [0.1468, 0.3333, 0.1538, 0.0215, 0.2367, 0.9031, 0.6762, 0.
7580, 0.1397, 0.6589, 0.2916] Out [0.2738]
Training dataset: In [0.1780, 0.3333, 0.1865, 0.5000, 0.2651, 0.0061, 0.0322, 0.
0011, 0.0000, 0.0033, 0.0595] Out [0.2689]
EA_PEDF_RV64: Prediction for thread 0x0000000047c443c8: 0.2312
EA_PEDF_RV64: Prediction for thread 0x0000000047c09bf0: 0.5184
EA_PEDF_RV64: Prediction for thread 0x0000000047bcf418: 0.5315
EA_PEDF_RV64: Prediction for thread 0x0000000047b94c40: 0.4038
EA_PEDF_RV64: Prediction for thread 0x0000000047b5a468: 0.2312
EA_PEDF_RV64: Prediction for thread 0x0000000047b1fc90: 0.5151
EA_PEDF_RV64: Prediction for core 1: 1.0336
Imbalanced!
>  Iteration [131], Clock: 751999999Hz, Temperature: 41.0720C
EA_PEDF_RV64: Prediction for thread 0x0000000047c443c8: 0.2312
EA_PEDF_RV64: Prediction for thread 0x0000000047c09bf0: 0.6333
EA_PEDF_RV64: Prediction for thread 0x0000000047bcf418: 0.5309
EA_PEDF_RV64: Prediction for thread 0x0000000047b94c40: 0.4035
EA_PEDF_RV64: Prediction for thread 0x0000000047b5a468: 0.2312
EA_PEDF_RV64: Prediction for thread 0x0000000047b1fc90: 0.5149
<0>: EA_PEDF_RV64: The utilization went beyond the safety margin of 95.0000%
Core 1 utilization: 1.2587
Core 2 utilization: 0.5333
Core 3 utilization: 0.3249
 :<0>
Revoking...
>  Iteration [132], Clock: 1503999999Hz, Temperature: 41.0140C
>  Iteration [133], Clock: 1503999999Hz, Temperature: 41.5360C
EA_PEDF_RV64: Prediction for thread 0x0000000047c443c8: 0.2312
EA_PEDF_RV64: Prediction for thread 0x0000000047c09bf0: 0.3816
EA_PEDF_RV64: Prediction for thread 0x0000000047bcf418: 0.3314
EA_PEDF_RV64: Prediction for thread 0x0000000047b94c40: 0.2482
EA_PEDF_RV64: Prediction for thread 0x0000000047b5a468: 0.2312
EA_PEDF_RV64: Prediction for thread 0x0000000047b1fc90: 0.3755
EA_PEDF_RV64: Prediction for core 1: 0.7571
EA_PEDF_RV64: Prediction for core 2: 0.5796
EA_PEDF_RV64: Prediction for core 3: 0.4625
>  Iteration [134], Clock: 751999999Hz, Temperature: 41.8260C
>  Iteration [135], Clock: 751999999Hz, Temperature: 41.3620C
Retraining...
EA_PEDF_RV64: Error for thread 0x0000000047c443c8: 0.0828 = 0.1484 - 0.2312
EA_PEDF_RV64: Error for thread 0x0000000047c09bf0: 0.0895 = 0.4711 - 0.3816
EA_PEDF_RV64: Error for thread 0x0000000047bcf418: 0.0659 = 0.3974 - 0.3314
EA_PEDF_RV64: Error for thread 0x0000000047b94c40: 0.0163 = 0.2645 - 0.2482
EA_PEDF_RV64: Error for thread 0x0000000047b5a468: 0.0532 = 0.1780 - 0.2312
EA_PEDF_RV64: Error for thread 0x0000000047b1fc90: 0.0364 = 0.4119 - 0.3755
Training dataset: In [0.1668, 1.0000, 0.2637, 0.2370, 0.2387, 0.0156, 0.0959, 0.
0097, 0.0000, 0.0258, 0.0916] Out [0.4711]
Training dataset: In [0.1632, 1.0000, 0.2552, 0.2370, 0.2236, 0.0221, 0.1393, 0.
0021, 0.0119, 0.0105, 0.1232] Out [0.4119]
Training dataset: In [0.3327, 0.3333, 0.2628, 0.2371, 0.4335, 0.0270, 0.1232, 0.
0209, 0.0198, 0.0424, 0.2164] Out [0.4966]
Training dataset: In [0.3283, 0.3333, 0.2575, 0.2371, 0.4185, 0.0254, 0.1331, 0.
0127, 0.0079, 0.0285, 0.2080] Out [0.4955]
Training dataset: In [0.9353, 0.3333, 0.9870, 0.7209, 0.4335, 0.0152, 0.0768, 0.
0159, 0.0302, 0.0321, 0.1791] Out [0.4966]
Training dataset: In [0.3282, 0.3333, 0.2574, 0.2371, 0.4176, 0.0254, 0.1333, 0.
0129, 0.0079, 0.0289, 0.1897] Out [0.4955]
Training dataset: In [0.1672, 1.0000, 0.2647, 0.2370, 0.2387, 0.0157, 0.0958, 0.
0098, 0.0000, 0.0261, 0.0949] Out [0.4711]
Training dataset: In [0.1633, 1.0000, 0.2553, 0.2370, 0.2236, 0.0220, 0.1391, 0.
0021, 0.0119, 0.0105, 0.1215] Out [0.4119]
Training dataset: In [0.3326, 0.3333, 0.2626, 0.2371, 0.4327, 0.0270, 0.1232, 0.
0208, 0.0158, 0.0423, 0.2197] Out [0.4966]
Training dataset: In [0.3283, 0.3333, 0.2575, 0.2371, 0.4185, 0.0255, 0.1331, 0.
0129, 0.0040, 0.0289, 0.2197] Out [0.4955]
Training dataset: In [0.9303, 0.3333, 0.9810, 0.7141, 0.4335, 0.0154, 0.0774, 0.
0159, 0.0303, 0.0323, 0.1823] Out [0.4966]
Training dataset: In [0.3284, 0.3333, 0.2575, 0.2371, 0.4176, 0.0255, 0.1331, 0.
0129, 0.0119, 0.0288, 0.1897] Out [0.4955]
Training dataset: In [0.1669, 1.0000, 0.2640, 0.2370, 0.2387, 0.0156, 0.0959, 0.
0096, 0.0040, 0.0256, 0.0916] Out [0.4711]
Training dataset: In [0.1633, 1.0000, 0.2553, 0.2370, 0.2236, 0.0220, 0.1393, 0.
0021, 0.0079, 0.0106, 0.1232] Out [0.4119]
Training dataset: In [0.3326, 0.3333, 0.2626, 0.2371, 0.4327, 0.0270, 0.1231, 0.
0208, 0.0119, 0.0424, 0.2263] Out [0.4966]
Training dataset: In [0.3283, 0.3333, 0.2574, 0.2371, 0.4185, 0.0255, 0.1332, 0.
0129, 0.0079, 0.0290, 0.2214] Out [0.4955]
Training dataset: In [0.1900, 1.0000, 0.2887, 0.2370, 0.4004, 0.0685, 0.1568, 0.
0451, 0.0158, 0.0539, 0.1207] Out [0.3974]
Training dataset: In [0.0890, 1.0000, 0.0401, 0.4890, 0.0012, 0.0046, 0.0203, 0.
0006, 0.0000, 0.0019, 0.0598] Out [0.2645]
Training dataset: In [0.3551, 0.3333, 0.2582, 0.2370, 0.6981, 0.0768, 0.1746, 0.
0551, 0.0119, 0.0686, 0.2865] Out [0.6107]
Training dataset: In [0.1780, 0.3333, 0.0401, 0.4890, 0.1508, 0.0050, 0.0224, 0.
0000, 0.0000, 0.0000, 0.0990] Out [0.2671]
Training dataset: In [0.3551, 0.3333, 0.2582, 0.2370, 0.6957, 0.0768, 0.1748, 0.
0552, 0.0079, 0.0687, 0.2676] Out [0.6107]
Training dataset: In [0.1780, 0.3333, 0.0401, 0.4890, 0.1520, 0.0050, 0.0224, 0.
0000, 0.0000, 0.0000, 0.0990] Out [0.2671]
Training dataset: In [0.1898, 1.0000, 0.2884, 0.2370, 0.4051, 0.0685, 0.1563, 0.
0453, 0.0198, 0.0541, 0.1169] Out [0.3974]
Training dataset: In [0.0890, 1.0000, 0.0401, 0.4890, 0.0012, 0.0046, 0.0204, 0.
0006, 0.0000, 0.0020, 0.0598] Out [0.2645]
Training dataset: In [0.3553, 0.3333, 0.2584, 0.2370, 0.6981, 0.0769, 0.1747, 0.
0553, 0.0119, 0.0690, 0.2714] Out [0.6107]
Training dataset: In [0.1780, 0.3333, 0.0401, 0.4890, 0.1508, 0.0050, 0.0224, 0.
0000, 0.0000, 0.0000, 0.1381] Out [0.2671]
Training dataset: In [0.3553, 0.3333, 0.2584, 0.2370, 0.6957, 0.0768, 0.1746, 0.
0553, 0.0198, 0.0688, 0.2620] Out [0.6107]
Training dataset: In [0.1780, 0.3333, 0.0401, 0.4890, 0.1520, 0.0050, 0.0224, 0.
0000, 0.0000, 0.0000, 0.0990] Out [0.2671]
Training dataset: In [0.1899, 1.0000, 0.2885, 0.2370, 0.4051, 0.0684, 0.1566, 0.
0451, 0.0158, 0.0540, 0.1225] Out [0.3974]
Training dataset: In [0.0890, 1.0000, 0.0401, 0.4890, 0.0012, 0.0046, 0.0203, 0.
0006, 0.0000, 0.0019, 0.0575] Out [0.2645]
Training dataset: In [0.3553, 0.3333, 0.2583, 0.2370, 0.6981, 0.0768, 0.1749, 0.
0553, 0.0198, 0.0690, 0.2903] Out [0.6107]
Training dataset: In [0.1780, 0.3333, 0.0401, 0.4890, 0.1508, 0.0050, 0.0224, 0.
0000, 0.0000, 0.0000, 0.1128] Out [0.2671]
Training dataset: In [0.1032, 1.0000, 0.2161, 0.0215, 0.1745, 0.8806, 0.5966, 0.
6328, 0.0699, 0.4708, 0.1143] Out [0.1484]
Training dataset: In [0.0890, 1.0000, 0.1864, 0.5000, 0.1357, 0.0172, 0.0671, 0.
0027, 0.0096, 0.0084, 0.0420] Out [0.1780]
Training dataset: In [0.1466, 0.3333, 0.1535, 0.0215, 0.2356, 0.9027, 0.6737, 0.
7552, 0.1397, 0.6549, 0.3424] Out [0.2738]
Training dataset: In [0.1780, 0.3333, 0.1865, 0.5000, 0.2651, 0.0061, 0.0323, 0.
0010, 0.0048, 0.0032, 0.0455] Out [0.2689]
Training dataset: In [0.1467, 0.3333, 0.1536, 0.0215, 0.2356, 0.9026, 0.6770, 0.
7563, 0.0699, 0.6563, 0.2282] Out [0.2738]
Training dataset: In [0.1780, 0.3333, 0.1865, 0.5000, 0.2651, 0.0061, 0.0322, 0.
0011, 0.0048, 0.0033, 0.0473] Out [0.2689]
Training dataset: In [0.1035, 1.0000, 0.2167, 0.0216, 0.1745, 0.8807, 0.5991, 0.
6351, 0.1397, 0.4759, 0.0761] Out [0.1484]
Training dataset: In [0.0890, 1.0000, 0.1864, 0.5000, 0.1357, 0.0172, 0.0671, 0.
0026, 0.0096, 0.0082, 0.0412] Out [0.1780]
Training dataset: In [0.1468, 0.3333, 0.1538, 0.0215, 0.2367, 0.9031, 0.6762, 0.
7580, 0.1397, 0.6589, 0.2916] Out [0.2738]
Training dataset: In [0.1780, 0.3333, 0.1865, 0.5000, 0.2651, 0.0061, 0.0322, 0.
0011, 0.0000, 0.0033, 0.0595] Out [0.2689]
Training dataset: In [0.1469, 0.3333, 0.1538, 0.0216, 0.2356, 0.9026, 0.6749, 0.
7582, 0.2793, 0.6569, 0.2915] Out [0.2738]
Training dataset: In [0.1780, 0.3333, 0.1865, 0.5000, 0.2651, 0.0060, 0.0322, 0.
0010, 0.0048, 0.0033, 0.0447] Out [0.2689]
Training dataset: In [0.1031, 1.0000, 0.2160, 0.0216, 0.1745, 0.8797, 0.5950, 0.
6316, 0.1398, 0.4712, 0.1015] Out [0.1484]
Training dataset: In [0.0890, 1.0000, 0.1864, 0.5000, 0.1357, 0.0172, 0.0669, 0.
0027, 0.0048, 0.0084, 0.0403] Out [0.1780]
Training dataset: In [0.1469, 0.3333, 0.1539, 0.0215, 0.2367, 0.9031, 0.6792, 0.
7581, 0.2794, 0.6579, 0.3931] Out [0.2738]
Training dataset: In [0.1780, 0.3333, 0.1865, 0.5000, 0.2651, 0.0060, 0.0322, 0.
0011, 0.0000, 0.0033, 0.0517] Out [0.2689]
EA_PEDF_RV64: Prediction for thread 0x0000000047c443c8: 0.2311
EA_PEDF_RV64: Prediction for thread 0x0000000047c09bf0: 0.5185
EA_PEDF_RV64: Prediction for thread 0x0000000047bcf418: 0.5304
EA_PEDF_RV64: Prediction for thread 0x0000000047b94c40: 0.4007
EA_PEDF_RV64: Prediction for thread 0x0000000047b5a468: 0.2311
EA_PEDF_RV64: Prediction for thread 0x0000000047b1fc90: 0.5153
EA_PEDF_RV64: Prediction for core 1: 1.0338
Imbalanced!
>  Iteration [136], Clock: 751999999Hz, Temperature: 41.1880C
EA_PEDF_RV64: Prediction for thread 0x0000000047c443c8: 0.2311
EA_PEDF_RV64: Prediction for thread 0x0000000047c09bf0: 0.6326
EA_PEDF_RV64: Prediction for thread 0x0000000047bcf418: 0.5298
EA_PEDF_RV64: Prediction for thread 0x0000000047b94c40: 0.4008
EA_PEDF_RV64: Prediction for thread 0x0000000047b5a468: 0.2311
EA_PEDF_RV64: Prediction for thread 0x0000000047b1fc90: 0.5150
<0>: EA_PEDF_RV64: The utilization went beyond the safety margin of 95.0000%
Core 1 utilization: 1.2635
Core 2 utilization: 0.5334
Core 3 utilization: 0.3249
 :<0>
Revoking...
>  Iteration [137], Clock: 1503999999Hz, Temperature: 41.0720C
>  Iteration [138], Clock: 1503999999Hz, Temperature: 41.5940C
EA_PEDF_RV64: Prediction for thread 0x0000000047c443c8: 0.2311
EA_PEDF_RV64: Prediction for thread 0x0000000047c09bf0: 0.3834
EA_PEDF_RV64: Prediction for thread 0x0000000047bcf418: 0.3292
EA_PEDF_RV64: Prediction for thread 0x0000000047b94c40: 0.2451
EA_PEDF_RV64: Prediction for thread 0x0000000047b5a468: 0.2311
EA_PEDF_RV64: Prediction for thread 0x0000000047b1fc90: 0.3773
EA_PEDF_RV64: Prediction for core 1: 0.7607
EA_PEDF_RV64: Prediction for core 2: 0.5743
EA_PEDF_RV64: Prediction for core 3: 0.4623
>  Iteration [139], Clock: 751999999Hz, Temperature: 41.8840C
>  Iteration [140], Clock: 751999999Hz, Temperature: 41.4200C
Retraining...
EA_PEDF_RV64: Error for thread 0x0000000047c443c8: 0.0828 = 0.1483 - 0.2311
EA_PEDF_RV64: Error for thread 0x0000000047c09bf0: 0.1026 = 0.4860 - 0.3834
EA_PEDF_RV64: Error for thread 0x0000000047bcf418: 0.0662 = 0.3955 - 0.3292
EA_PEDF_RV64: Error for thread 0x0000000047b94c40: 0.0155 = 0.2606 - 0.2451
EA_PEDF_RV64: Error for thread 0x0000000047b5a468: 0.0531 = 0.1780 - 0.2311
EA_PEDF_RV64: Error for thread 0x0000000047b1fc90: 0.0308 = 0.4081 - 0.3773
Training dataset: In [0.1672, 1.0000, 0.2647, 0.2370, 0.2387, 0.0157, 0.0958, 0.
0098, 0.0000, 0.0261, 0.0949] Out [0.4860]
Training dataset: In [0.1633, 1.0000, 0.2553, 0.2370, 0.2236, 0.0220, 0.1391, 0.
0021, 0.0119, 0.0105, 0.1215] Out [0.4081]
Training dataset: In [0.3326, 0.3333, 0.2626, 0.2371, 0.4327, 0.0270, 0.1232, 0.
0208, 0.0158, 0.0423, 0.2197] Out [0.4966]
Training dataset: In [0.3283, 0.3333, 0.2575, 0.2371, 0.4185, 0.0255, 0.1331, 0.
0129, 0.0040, 0.0289, 0.2197] Out [0.4955]
Training dataset: In [0.9303, 0.3333, 0.9810, 0.7141, 0.4335, 0.0154, 0.0774, 0.
0159, 0.0303, 0.0323, 0.1823] Out [0.4966]
Training dataset: In [0.3284, 0.3333, 0.2575, 0.2371, 0.4176, 0.0255, 0.1331, 0.
0129, 0.0119, 0.0288, 0.1897] Out [0.4955]
Training dataset: In [0.1669, 1.0000, 0.2640, 0.2370, 0.2387, 0.0156, 0.0959, 0.
0096, 0.0040, 0.0256, 0.0916] Out [0.4860]
Training dataset: In [0.1633, 1.0000, 0.2553, 0.2370, 0.2236, 0.0220, 0.1393, 0.
0021, 0.0079, 0.0106, 0.1232] Out [0.4081]
Training dataset: In [0.3326, 0.3333, 0.2626, 0.2371, 0.4327, 0.0270, 0.1231, 0.
0208, 0.0119, 0.0424, 0.2263] Out [0.4966]
Training dataset: In [0.3283, 0.3333, 0.2574, 0.2371, 0.4185, 0.0255, 0.1332, 0.
0129, 0.0079, 0.0290, 0.2214] Out [0.4955]
Training dataset: In [0.9352, 0.3333, 0.9869, 0.7208, 0.4335, 0.0152, 0.0770, 0.
0159, 0.0302, 0.0322, 0.1804] Out [0.4966]
Training dataset: In [0.3282, 0.3333, 0.2573, 0.2371, 0.4176, 0.0255, 0.1332, 0.
0129, 0.0079, 0.0289, 0.1981] Out [0.4955]
Training dataset: In [0.1671, 1.0000, 0.2646, 0.2370, 0.2387, 0.0157, 0.0959, 0.
0097, 0.0000, 0.0257, 0.0932] Out [0.4860]
Training dataset: In [0.1633, 1.0000, 0.2553, 0.2370, 0.2236, 0.0220, 0.1391, 0.
0021, 0.0119, 0.0105, 0.1199] Out [0.4081]
Training dataset: In [0.6652, 0.3333, 0.6624, 0.4961, 1.0000, 0.0269, 0.1230, 0.
0208, 0.0099, 0.0423, 0.2122] Out [0.4966]
Training dataset: In [0.3282, 0.3333, 0.2573, 0.2371, 0.4150, 0.0254, 0.1331, 0.
0127, 0.0079, 0.0285, 0.2164] Out [0.4955]
Training dataset: In [0.1898, 1.0000, 0.2884, 0.2370, 0.4051, 0.0685, 0.1563, 0.
0453, 0.0198, 0.0541, 0.1169] Out [0.3955]
Training dataset: In [0.0890, 1.0000, 0.0401, 0.4890, 0.0012, 0.0046, 0.0204, 0.
0006, 0.0000, 0.0020, 0.0598] Out [0.2606]
Training dataset: In [0.3553, 0.3333, 0.2584, 0.2370, 0.6981, 0.0769, 0.1747, 0.
0553, 0.0119, 0.0690, 0.2714] Out [0.6107]
Training dataset: In [0.1780, 0.3333, 0.0401, 0.4890, 0.1508, 0.0050, 0.0224, 0.
0000, 0.0000, 0.0000, 0.1381] Out [0.2671]
Training dataset: In [0.3553, 0.3333, 0.2584, 0.2370, 0.6957, 0.0768, 0.1746, 0.
0553, 0.0198, 0.0688, 0.2620] Out [0.6107]
Training dataset: In [0.1780, 0.3333, 0.0401, 0.4890, 0.1520, 0.0050, 0.0224, 0.
0000, 0.0000, 0.0000, 0.0990] Out [0.2671]
Training dataset: In [0.1899, 1.0000, 0.2885, 0.2370, 0.4051, 0.0684, 0.1566, 0.
0451, 0.0158, 0.0540, 0.1225] Out [0.3955]
Training dataset: In [0.0890, 1.0000, 0.0401, 0.4890, 0.0012, 0.0046, 0.0203, 0.
0006, 0.0000, 0.0019, 0.0575] Out [0.2606]
Training dataset: In [0.3553, 0.3333, 0.2583, 0.2370, 0.6981, 0.0768, 0.1749, 0.
0553, 0.0198, 0.0690, 0.2903] Out [0.6107]
Training dataset: In [0.1780, 0.3333, 0.0401, 0.4890, 0.1508, 0.0050, 0.0224, 0.
0000, 0.0000, 0.0000, 0.1128] Out [0.2671]
Training dataset: In [0.3553, 0.3333, 0.2584, 0.2370, 0.6957, 0.0768, 0.1750, 0.
0552, 0.0119, 0.0688, 0.2827] Out [0.6107]
Training dataset: In [0.1780, 0.3333, 0.0401, 0.4890, 0.1520, 0.0050, 0.0224, 0.
0000, 0.0000, 0.0000, 0.0990] Out [0.2671]
Training dataset: In [0.1898, 1.0000, 0.2882, 0.2370, 0.4051, 0.0685, 0.1563, 0.
0451, 0.0198, 0.0538, 0.1188] Out [0.3955]
Training dataset: In [0.0890, 1.0000, 0.0401, 0.4890, 0.0012, 0.0046, 0.0204, 0.
0006, 0.0000, 0.0020, 0.0667] Out [0.2606]
Training dataset: In [0.3552, 0.3333, 0.2583, 0.2370, 0.6981, 0.0768, 0.1748, 0.
0551, 0.0158, 0.0686, 0.2752] Out [0.6107]
Training dataset: In [0.1780, 0.3333, 0.0401, 0.4890, 0.1508, 0.0050, 0.0224, 0.
0000, 0.0000, 0.0000, 0.1381] Out [0.2671]
Training dataset: In [0.1035, 1.0000, 0.2167, 0.0216, 0.1745, 0.8807, 0.5991, 0.
6351, 0.1397, 0.4759, 0.0761] Out [0.1483]
Training dataset: In [0.0890, 1.0000, 0.1864, 0.5000, 0.1357, 0.0172, 0.0671, 0.
0026, 0.0096, 0.0082, 0.0412] Out [0.1780]
Training dataset: In [0.1468, 0.3333, 0.1538, 0.0215, 0.2367, 0.9031, 0.6762, 0.
7580, 0.1397, 0.6589, 0.2916] Out [0.2738]
Training dataset: In [0.1780, 0.3333, 0.1865, 0.5000, 0.2651, 0.0061, 0.0322, 0.
0011, 0.0000, 0.0033, 0.0595] Out [0.2689]
Training dataset: In [0.1469, 0.3333, 0.1538, 0.0216, 0.2356, 0.9026, 0.6749, 0.
7582, 0.2793, 0.6569, 0.2915] Out [0.2738]
Training dataset: In [0.1780, 0.3333, 0.1865, 0.5000, 0.2651, 0.0060, 0.0322, 0.
0010, 0.0048, 0.0033, 0.0447] Out [0.2689]
Training dataset: In [0.1031, 1.0000, 0.2160, 0.0216, 0.1745, 0.8797, 0.5950, 0.
6316, 0.1398, 0.4712, 0.1015] Out [0.1483]
Training dataset: In [0.0890, 1.0000, 0.1864, 0.5000, 0.1357, 0.0172, 0.0669, 0.
0027, 0.0048, 0.0084, 0.0403] Out [0.1780]
Training dataset: In [0.1469, 0.3333, 0.1539, 0.0215, 0.2367, 0.9031, 0.6792, 0.
7581, 0.2794, 0.6579, 0.3931] Out [0.2738]
Training dataset: In [0.1780, 0.3333, 0.1865, 0.5000, 0.2651, 0.0060, 0.0322, 0.
0011, 0.0000, 0.0033, 0.0517] Out [0.2689]
Training dataset: In [0.1469, 0.3333, 0.1539, 0.0215, 0.2356, 0.9033, 0.6800, 0.
7579, 0.1397, 0.6583, 0.2917] Out [0.2738]
Training dataset: In [0.1780, 0.3333, 0.1865, 0.5000, 0.2651, 0.0060, 0.0322, 0.
0010, 0.0048, 0.0032, 0.0464] Out [0.2689]
Training dataset: In [0.1032, 1.0000, 0.2162, 0.0216, 0.1745, 0.8795, 0.5927, 0.
6328, 0.0699, 0.4698, 0.1649] Out [0.1483]
Training dataset: In [0.0890, 1.0000, 0.1864, 0.5000, 0.1357, 0.0172, 0.0672, 0.
0026, 0.0145, 0.0083, 0.0394] Out [0.1780]
Training dataset: In [0.1465, 0.3333, 0.1535, 0.0215, 0.2367, 0.9027, 0.6764, 0.
7553, 0.2096, 0.6542, 0.2916] Out [0.2738]
Training dataset: In [0.1780, 0.3333, 0.1865, 0.5000, 0.2651, 0.0061, 0.0323, 0.
0011, 0.0000, 0.0033, 0.0613] Out [0.2689]
EA_PEDF_RV64: Prediction for thread 0x0000000047c443c8: 0.2311
EA_PEDF_RV64: Prediction for thread 0x0000000047c09bf0: 0.6450
EA_PEDF_RV64: Prediction for thread 0x0000000047bcf418: 0.5294
EA_PEDF_RV64: Prediction for thread 0x0000000047b94c40: 0.3989
EA_PEDF_RV64: Prediction for thread 0x0000000047b5a468: 0.2311
EA_PEDF_RV64: Prediction for thread 0x0000000047b1fc90: 0.5125
<0>: EA_PEDF_RV64: The utilization went beyond the safety margin of 95.0000%
Core 1 utilization: 0.9934
Core 2 utilization: 0.5332
Core 3 utilization: 0.3246
 :<0>
Revoking...
>  Iteration [141], Clock: 1503999999Hz, Temperature: 41.2460C
>  Iteration [142], Clock: 1503999999Hz, Temperature: 41.7100C
EA_PEDF_RV64: Prediction for thread 0x0000000047c443c8: 0.2311
EA_PEDF_RV64: Prediction for thread 0x0000000047c09bf0: 0.3828
EA_PEDF_RV64: Prediction for thread 0x0000000047bcf418: 0.3279
EA_PEDF_RV64: Prediction for thread 0x0000000047b94c40: 0.2424
EA_PEDF_RV64: Prediction for thread 0x0000000047b5a468: 0.2311
EA_PEDF_RV64: Prediction for thread 0x0000000047b1fc90: 0.3769
EA_PEDF_RV64: Prediction for core 1: 0.7597
EA_PEDF_RV64: Prediction for core 2: 0.5704
EA_PEDF_RV64: Prediction for core 3: 0.4621
>  Iteration [143], Clock: 751999999Hz, Temperature: 42.0000C
>  Iteration [144], Clock: 751999999Hz, Temperature: 41.5360C
Retraining...
EA_PEDF_RV64: Error for thread 0x0000000047c443c8: 0.0828 = 0.1483 - 0.2311
EA_PEDF_RV64: Error for thread 0x0000000047c09bf0: 0.0998 = 0.4826 - 0.3828
EA_PEDF_RV64: Error for thread 0x0000000047bcf418: 0.0666 = 0.3946 - 0.3279
EA_PEDF_RV64: Error for thread 0x0000000047b94c40: 0.0163 = 0.2587 - 0.2424
EA_PEDF_RV64: Error for thread 0x0000000047b5a468: 0.0530 = 0.1780 - 0.2311
EA_PEDF_RV64: Error for thread 0x0000000047b1fc90: 0.0294 = 0.4063 - 0.3769
Training dataset: In [0.9303, 0.3333, 0.9810, 0.7141, 0.4335, 0.0154, 0.0774, 0.
0159, 0.0303, 0.0323, 0.1823] Out [0.4966]
Training dataset: In [0.3284, 0.3333, 0.2575, 0.2371, 0.4176, 0.0255, 0.1331, 0.
0129, 0.0119, 0.0288, 0.1897] Out [0.4955]
Training dataset: In [0.1669, 1.0000, 0.2640, 0.2370, 0.2387, 0.0156, 0.0959, 0.
0096, 0.0040, 0.0256, 0.0916] Out [0.4826]
Training dataset: In [0.1633, 1.0000, 0.2553, 0.2370, 0.2236, 0.0220, 0.1393, 0.
0021, 0.0079, 0.0106, 0.1232] Out [0.4063]
Training dataset: In [0.3326, 0.3333, 0.2626, 0.2371, 0.4327, 0.0270, 0.1231, 0.
0208, 0.0119, 0.0424, 0.2263] Out [0.4966]
Training dataset: In [0.3283, 0.3333, 0.2574, 0.2371, 0.4185, 0.0255, 0.1332, 0.
0129, 0.0079, 0.0290, 0.2214] Out [0.4955]
Training dataset: In [0.9352, 0.3333, 0.9869, 0.7208, 0.4335, 0.0152, 0.0770, 0.
0159, 0.0302, 0.0322, 0.1804] Out [0.4966]
Training dataset: In [0.3282, 0.3333, 0.2573, 0.2371, 0.4176, 0.0255, 0.1332, 0.
0129, 0.0079, 0.0289, 0.1981] Out [0.4955]
Training dataset: In [0.1671, 1.0000, 0.2646, 0.2370, 0.2387, 0.0157, 0.0959, 0.
0097, 0.0000, 0.0257, 0.0932] Out [0.4826]
Training dataset: In [0.1633, 1.0000, 0.2553, 0.2370, 0.2236, 0.0220, 0.1391, 0.
0021, 0.0119, 0.0105, 0.1199] Out [0.4063]
Training dataset: In [0.6652, 0.3333, 0.6624, 0.4961, 1.0000, 0.0269, 0.1230, 0.
0208, 0.0099, 0.0423, 0.2122] Out [0.4966]
Training dataset: In [0.3282, 0.3333, 0.2573, 0.2371, 0.4150, 0.0254, 0.1331, 0.
0127, 0.0079, 0.0285, 0.2164] Out [0.4955]
Training dataset: In [0.1671, 1.0000, 0.2646, 0.2370, 0.2363, 0.0158, 0.0958, 0.
0098, 0.0000, 0.0260, 0.0916] Out [0.4826]
Training dataset: In [0.1633, 1.0000, 0.2553, 0.2370, 0.2222, 0.0220, 0.1392, 0.
0021, 0.0079, 0.0104, 0.1298] Out [0.4063]
Training dataset: In [0.3326, 0.3333, 0.2626, 0.2371, 0.4308, 0.0270, 0.1231, 0.
0208, 0.0079, 0.0424, 0.2297] Out [0.4966]
Training dataset: In [0.3282, 0.3333, 0.2573, 0.2371, 0.4150, 0.0254, 0.1333, 0.
0128, 0.0079, 0.0286, 0.2214] Out [0.4955]
Training dataset: In [0.3553, 0.3333, 0.2584, 0.2370, 0.6957, 0.0768, 0.1746, 0.
0553, 0.0198, 0.0688, 0.2620] Out [0.6107]
Training dataset: In [0.1780, 0.3333, 0.0401, 0.4890, 0.1520, 0.0050, 0.0224, 0.
0000, 0.0000, 0.0000, 0.0990] Out [0.2671]
Training dataset: In [0.1899, 1.0000, 0.2885, 0.2370, 0.4051, 0.0684, 0.1566, 0.
0451, 0.0158, 0.0540, 0.1225] Out [0.3946]
Training dataset: In [0.0890, 1.0000, 0.0401, 0.4890, 0.0012, 0.0046, 0.0203, 0.
0006, 0.0000, 0.0019, 0.0575] Out [0.2587]
Training dataset: In [0.3553, 0.3333, 0.2583, 0.2370, 0.6981, 0.0768, 0.1749, 0.
0553, 0.0198, 0.0690, 0.2903] Out [0.6107]
Training dataset: In [0.1780, 0.3333, 0.0401, 0.4890, 0.1508, 0.0050, 0.0224, 0.
0000, 0.0000, 0.0000, 0.1128] Out [0.2671]
Training dataset: In [0.3553, 0.3333, 0.2584, 0.2370, 0.6957, 0.0768, 0.1750, 0.
0552, 0.0119, 0.0688, 0.2827] Out [0.6107]
Training dataset: In [0.1780, 0.3333, 0.0401, 0.4890, 0.1520, 0.0050, 0.0224, 0.
0000, 0.0000, 0.0000, 0.0990] Out [0.2671]
Training dataset: In [0.1898, 1.0000, 0.2882, 0.2370, 0.4051, 0.0685, 0.1563, 0.
0451, 0.0198, 0.0538, 0.1188] Out [0.3946]
Training dataset: In [0.0890, 1.0000, 0.0401, 0.4890, 0.0012, 0.0046, 0.0204, 0.
0006, 0.0000, 0.0020, 0.0667] Out [0.2587]
Training dataset: In [0.3552, 0.3333, 0.2583, 0.2370, 0.6981, 0.0768, 0.1748, 0.
0551, 0.0158, 0.0686, 0.2752] Out [0.6107]
Training dataset: In [0.1780, 0.3333, 0.0401, 0.4890, 0.1508, 0.0050, 0.0224, 0.
0000, 0.0000, 0.0000, 0.1381] Out [0.2671]
Training dataset: In [0.1898, 1.0000, 0.2884, 0.2370, 0.4051, 0.0685, 0.1563, 0.
0453, 0.0158, 0.0540, 0.1414] Out [0.3946]
Training dataset: In [0.0890, 1.0000, 0.0401, 0.4890, 0.0012, 0.0046, 0.0204, 0.
0006, 0.0048, 0.0019, 0.0691] Out [0.2587]
Training dataset: In [0.3553, 0.3333, 0.2583, 0.2370, 0.6981, 0.0769, 0.1750, 0.
0552, 0.0158, 0.0689, 0.2921] Out [0.6107]
Training dataset: In [0.1780, 0.3333, 0.0401, 0.4890, 0.1508, 0.0050, 0.0224, 0.
0000, 0.0000, 0.0000, 0.1427] Out [0.2671]
Training dataset: In [0.1469, 0.3333, 0.1538, 0.0216, 0.2356, 0.9026, 0.6749, 0.
7582, 0.2793, 0.6569, 0.2915] Out [0.2738]
Training dataset: In [0.1780, 0.3333, 0.1865, 0.5000, 0.2651, 0.0060, 0.0322, 0.
0010, 0.0048, 0.0033, 0.0447] Out [0.2689]
Training dataset: In [0.1031, 1.0000, 0.2160, 0.0216, 0.1745, 0.8797, 0.5950, 0.
6316, 0.1398, 0.4712, 0.1015] Out [0.1483]
Training dataset: In [0.0890, 1.0000, 0.1864, 0.5000, 0.1357, 0.0172, 0.0669, 0.
0027, 0.0048, 0.0084, 0.0403] Out [0.1780]
Training dataset: In [0.1469, 0.3333, 0.1539, 0.0215, 0.2367, 0.9031, 0.6792, 0.
7581, 0.2794, 0.6579, 0.3931] Out [0.2738]
Training dataset: In [0.1780, 0.3333, 0.1865, 0.5000, 0.2651, 0.0060, 0.0322, 0.
0011, 0.0000, 0.0033, 0.0517] Out [0.2689]
Training dataset: In [0.1469, 0.3333, 0.1539, 0.0215, 0.2356, 0.9033, 0.6800, 0.
7579, 0.1397, 0.6583, 0.2917] Out [0.2738]
Training dataset: In [0.1780, 0.3333, 0.1865, 0.5000, 0.2651, 0.0060, 0.0322, 0.
0010, 0.0048, 0.0032, 0.0464] Out [0.2689]
Training dataset: In [0.1032, 1.0000, 0.2162, 0.0216, 0.1745, 0.8795, 0.5927, 0.
6328, 0.0699, 0.4698, 0.1649] Out [0.1483]
Training dataset: In [0.0890, 1.0000, 0.1864, 0.5000, 0.1357, 0.0172, 0.0672, 0.
0026, 0.0145, 0.0083, 0.0394] Out [0.1780]
Training dataset: In [0.1465, 0.3333, 0.1535, 0.0215, 0.2367, 0.9027, 0.6764, 0.
7553, 0.2096, 0.6542, 0.2916] Out [0.2738]
Training dataset: In [0.1780, 0.3333, 0.1865, 0.5000, 0.2651, 0.0061, 0.0323, 0.
0011, 0.0000, 0.0033, 0.0613] Out [0.2689]
Training dataset: In [0.1034, 1.0000, 0.2167, 0.0216, 0.1745, 0.8805, 0.5984, 0.
6358, 0.0699, 0.4753, 0.2790] Out [0.1483]
Training dataset: In [0.0890, 1.0000, 0.1864, 0.5000, 0.1357, 0.0172, 0.0672, 0.
0026, 0.0096, 0.0081, 0.0385] Out [0.1780]
Training dataset: In [0.1468, 0.3333, 0.1537, 0.0215, 0.2367, 0.9029, 0.6797, 0.
7575, 0.2096, 0.6575, 0.3424] Out [0.2738]
Training dataset: In [0.1780, 0.3333, 0.1865, 0.5000, 0.2651, 0.0061, 0.0322, 0.
0010, 0.0048, 0.0032, 0.0630] Out [0.2689]
EA_PEDF_RV64: Prediction for thread 0x0000000047c443c8: 0.2309
EA_PEDF_RV64: Prediction for thread 0x0000000047c09bf0: 0.5149
EA_PEDF_RV64: Prediction for thread 0x0000000047bcf418: 0.5294
EA_PEDF_RV64: Prediction for thread 0x0000000047b94c40: 0.3972
EA_PEDF_RV64: Prediction for thread 0x0000000047b5a468: 0.2309
EA_PEDF_RV64: Prediction for thread 0x0000000047b1fc90: 0.5115
EA_PEDF_RV64: Prediction for core 1: 1.0265
Imbalanced!
>  Iteration [145], Clock: 751999999Hz, Temperature: 41.3620C
EA_PEDF_RV64: Prediction for thread 0x0000000047c443c8: 0.2309
EA_PEDF_RV64: Prediction for thread 0x0000000047c09bf0: 0.5147
EA_PEDF_RV64: Prediction for thread 0x0000000047bcf418: 0.5287
EA_PEDF_RV64: Prediction for thread 0x0000000047b94c40: 0.3972
EA_PEDF_RV64: Prediction for thread 0x0000000047b5a468: 0.2309
EA_PEDF_RV64: Prediction for thread 0x0000000047b1fc90: 0.5115
EA_PEDF_RV64: Prediction for core 1: 1.0262
Imbalanced!
>  Iteration [146], Clock: 751999999Hz, Temperature: 41.2460C
EA_PEDF_RV64: Prediction for thread 0x0000000047c443c8: 0.2309
EA_PEDF_RV64: Prediction for thread 0x0000000047c09bf0: 0.5147
EA_PEDF_RV64: Prediction for thread 0x0000000047bcf418: 0.5287
EA_PEDF_RV64: Prediction for thread 0x0000000047b94c40: 0.3969
EA_PEDF_RV64: Prediction for thread 0x0000000047b5a468: 0.2309
EA_PEDF_RV64: Prediction for thread 0x0000000047b1fc90: 0.5115
EA_PEDF_RV64: Prediction for core 1: 1.0262
Imbalanced!
>  Iteration [147], Clock: 751999999Hz, Temperature: 41.1880C
EA_PEDF_RV64: Prediction for thread 0x0000000047c443c8: 0.2309
EA_PEDF_RV64: Prediction for thread 0x0000000047c09bf0: 0.5147
EA_PEDF_RV64: Prediction for thread 0x0000000047bcf418: 0.5287
EA_PEDF_RV64: Prediction for thread 0x0000000047b94c40: 0.3971
EA_PEDF_RV64: Prediction for thread 0x0000000047b5a468: 0.2309
EA_PEDF_RV64: Prediction for thread 0x0000000047b1fc90: 0.5115
EA_PEDF_RV64: Prediction for core 1: 1.0263
Imbalanced!
>  Iteration [148], Clock: 751999999Hz, Temperature: 41.1880C
EA_PEDF_RV64: Prediction for thread 0x0000000047c443c8: 0.2309
EA_PEDF_RV64: Prediction for thread 0x0000000047c09bf0: 0.5146
EA_PEDF_RV64: Prediction for thread 0x0000000047bcf418: 0.5287
EA_PEDF_RV64: Prediction for thread 0x0000000047b94c40: 0.3968
EA_PEDF_RV64: Prediction for thread 0x0000000047b5a468: 0.2309
EA_PEDF_RV64: Prediction for thread 0x0000000047b1fc90: 0.5114
EA_PEDF_RV64: Prediction for core 1: 1.0261
Imbalanced!
>  Iteration [149], Clock: 751999999Hz, Temperature: 41.1300C
EA_PEDF_RV64: Prediction for thread 0x0000000047c443c8: 0.2309
EA_PEDF_RV64: Prediction for thread 0x0000000047c09bf0: 0.5147
EA_PEDF_RV64: Prediction for thread 0x0000000047bcf418: 0.5288
EA_PEDF_RV64: Prediction for thread 0x0000000047b94c40: 0.3972
EA_PEDF_RV64: Prediction for thread 0x0000000047b5a468: 0.2309
EA_PEDF_RV64: Prediction for thread 0x0000000047b1fc90: 0.5116
EA_PEDF_RV64: Prediction for core 1: 1.0263
Imbalanced!
>  Iteration [150], Clock: 751999999Hz, Temperature: 41.1300C
EA_PEDF_RV64: Prediction for thread 0x0000000047c443c8: 0.2309
EA_PEDF_RV64: Prediction for thread 0x0000000047c09bf0: 0.5148
EA_PEDF_RV64: Prediction for thread 0x0000000047bcf418: 0.5287
EA_PEDF_RV64: Prediction for thread 0x0000000047b94c40: 0.3971
EA_PEDF_RV64: Prediction for thread 0x0000000047b5a468: 0.2309
EA_PEDF_RV64: Prediction for thread 0x0000000047b1fc90: 0.5115
EA_PEDF_RV64: Prediction for core 1: 1.0263
Imbalanced!
>  Iteration [151], Clock: 751999999Hz, Temperature: 41.0720C
EA_PEDF_RV64: Prediction for thread 0x0000000047c443c8: 0.2309
EA_PEDF_RV64: Prediction for thread 0x0000000047c09bf0: 0.5148
EA_PEDF_RV64: Prediction for thread 0x0000000047bcf418: 0.5288
EA_PEDF_RV64: Prediction for thread 0x0000000047b94c40: 0.3971
EA_PEDF_RV64: Prediction for thread 0x0000000047b5a468: 0.2309
EA_PEDF_RV64: Prediction for thread 0x0000000047b1fc90: 0.5115
EA_PEDF_RV64: Prediction for core 1: 1.0263
Imbalanced!
>  Iteration [152], Clock: 751999999Hz, Temperature: 41.0720C
EA_PEDF_RV64: Prediction for thread 0x0000000047c443c8: 0.2309
EA_PEDF_RV64: Prediction for thread 0x0000000047c09bf0: 0.5147
EA_PEDF_RV64: Prediction for thread 0x0000000047bcf418: 0.5288
EA_PEDF_RV64: Prediction for thread 0x0000000047b94c40: 0.3971
EA_PEDF_RV64: Prediction for thread 0x0000000047b5a468: 0.2309
EA_PEDF_RV64: Prediction for thread 0x0000000047b1fc90: 0.5115
EA_PEDF_RV64: Prediction for core 1: 1.0263
Imbalanced!
>  Iteration [153], Clock: 751999999Hz, Temperature: 41.0720C
EA_PEDF_RV64: Prediction for thread 0x0000000047c443c8: 0.2309
EA_PEDF_RV64: Prediction for thread 0x0000000047c09bf0: 0.5147
EA_PEDF_RV64: Prediction for thread 0x0000000047bcf418: 0.5287
EA_PEDF_RV64: Prediction for thread 0x0000000047b94c40: 0.3972
EA_PEDF_RV64: Prediction for thread 0x0000000047b5a468: 0.2309
EA_PEDF_RV64: Prediction for thread 0x0000000047b1fc90: 0.5115
EA_PEDF_RV64: Prediction for core 1: 1.0262
Imbalanced!
>  Iteration [154], Clock: 751999999Hz, Temperature: 41.0140C
EA_PEDF_RV64: Prediction for thread 0x0000000047c443c8: 0.2309
EA_PEDF_RV64: Prediction for thread 0x0000000047c09bf0: 0.5148
EA_PEDF_RV64: Prediction for thread 0x0000000047bcf418: 0.5290
EA_PEDF_RV64: Prediction for thread 0x0000000047b94c40: 0.3971
EA_PEDF_RV64: Prediction for thread 0x0000000047b5a468: 0.2309
EA_PEDF_RV64: Prediction for thread 0x0000000047b1fc90: 0.5115
EA_PEDF_RV64: Prediction for core 1: 1.0263
Imbalanced!
>  Iteration [155], Clock: 751999999Hz, Temperature: 41.0140C
EA_PEDF_RV64: Prediction for thread 0x0000000047c443c8: 0.2309
EA_PEDF_RV64: Prediction for thread 0x0000000047c09bf0: 0.5147
EA_PEDF_RV64: Prediction for thread 0x0000000047bcf418: 0.5288
EA_PEDF_RV64: Prediction for thread 0x0000000047b94c40: 0.3971
EA_PEDF_RV64: Prediction for thread 0x0000000047b5a468: 0.2309
EA_PEDF_RV64: Prediction for thread 0x0000000047b1fc90: 0.5115
EA_PEDF_RV64: Prediction for core 1: 1.0263
Imbalanced!
>  Iteration [156], Clock: 751999999Hz, Temperature: 41.0140C
EA_PEDF_RV64: Prediction for thread 0x0000000047c443c8: 0.2309
EA_PEDF_RV64: Prediction for thread 0x0000000047c09bf0: 0.5147
EA_PEDF_RV64: Prediction for thread 0x0000000047bcf418: 0.5286
EA_PEDF_RV64: Prediction for thread 0x0000000047b94c40: 0.3971
EA_PEDF_RV64: Prediction for thread 0x0000000047b5a468: 0.2309
EA_PEDF_RV64: Prediction for thread 0x0000000047b1fc90: 0.5115
EA_PEDF_RV64: Prediction for core 1: 1.0262
Imbalanced!
>  Iteration [157], Clock: 751999999Hz, Temperature: 41.0140C
EA_PEDF_RV64: Prediction for thread 0x0000000047c443c8: 0.2309
EA_PEDF_RV64: Prediction for thread 0x0000000047c09bf0: 0.5147
EA_PEDF_RV64: Prediction for thread 0x0000000047bcf418: 0.5289
EA_PEDF_RV64: Prediction for thread 0x0000000047b94c40: 0.3971
EA_PEDF_RV64: Prediction for thread 0x0000000047b5a468: 0.2309
EA_PEDF_RV64: Prediction for thread 0x0000000047b1fc90: 0.5116
EA_PEDF_RV64: Prediction for core 1: 1.0263
Imbalanced!
>  Iteration [158], Clock: 751999999Hz, Temperature: 41.0140C
EA_PEDF_RV64: Prediction for thread 0x0000000047c443c8: 0.2309
EA_PEDF_RV64: Prediction for thread 0x0000000047c09bf0: 0.5147
EA_PEDF_RV64: Prediction for thread 0x0000000047bcf418: 0.5288
EA_PEDF_RV64: Prediction for thread 0x0000000047b94c40: 0.3971
EA_PEDF_RV64: Prediction for thread 0x0000000047b5a468: 0.2309
EA_PEDF_RV64: Prediction for thread 0x0000000047b1fc90: 0.5115
EA_PEDF_RV64: Prediction for core 1: 1.0263
Imbalanced!
>  Iteration [159], Clock: 751999999Hz, Temperature: 41.0140C
EA_PEDF_RV64: Prediction for thread 0x0000000047c443c8: 0.2309
EA_PEDF_RV64: Prediction for thread 0x0000000047c09bf0: 0.5148
EA_PEDF_RV64: Prediction for thread 0x0000000047bcf418: 0.5290
EA_PEDF_RV64: Prediction for thread 0x0000000047b94c40: 0.3972
EA_PEDF_RV64: Prediction for thread 0x0000000047b5a468: 0.2309
EA_PEDF_RV64: Prediction for thread 0x0000000047b1fc90: 0.5116
EA_PEDF_RV64: Prediction for core 1: 1.0263
Imbalanced!
>  Iteration [160], Clock: 751999999Hz, Temperature: 40.9560C
EA_PEDF_RV64: Prediction for thread 0x0000000047c443c8: 0.2309
EA_PEDF_RV64: Prediction for thread 0x0000000047c09bf0: 0.5147
EA_PEDF_RV64: Prediction for thread 0x0000000047bcf418: 0.5287
EA_PEDF_RV64: Prediction for thread 0x0000000047b94c40: 0.3972
EA_PEDF_RV64: Prediction for thread 0x0000000047b5a468: 0.2309
EA_PEDF_RV64: Prediction for thread 0x0000000047b1fc90: 0.5115
EA_PEDF_RV64: Prediction for core 1: 1.0262
Imbalanced!
>  Iteration [161], Clock: 751999999Hz, Temperature: 40.9560C
EA_PEDF_RV64: Prediction for thread 0x0000000047c443c8: 0.2309
EA_PEDF_RV64: Prediction for thread 0x0000000047c09bf0: 0.5147
EA_PEDF_RV64: Prediction for thread 0x0000000047bcf418: 0.5288
EA_PEDF_RV64: Prediction for thread 0x0000000047b94c40: 0.3969
EA_PEDF_RV64: Prediction for thread 0x0000000047b5a468: 0.2309
EA_PEDF_RV64: Prediction for thread 0x0000000047b1fc90: 0.5115
EA_PEDF_RV64: Prediction for core 1: 1.0263
Imbalanced!
>  Iteration [162], Clock: 751999999Hz, Temperature: 40.9560C
EA_PEDF_RV64: Prediction for thread 0x0000000047c443c8: 0.2309
EA_PEDF_RV64: Prediction for thread 0x0000000047c09bf0: 0.5147
EA_PEDF_RV64: Prediction for thread 0x0000000047bcf418: 0.5287
EA_PEDF_RV64: Prediction for thread 0x0000000047b94c40: 0.3968
EA_PEDF_RV64: Prediction for thread 0x0000000047b5a468: 0.2309
EA_PEDF_RV64: Prediction for thread 0x0000000047b1fc90: 0.5114
EA_PEDF_RV64: Prediction for core 1: 1.0261
Imbalanced!
>  Iteration [163], Clock: 751999999Hz, Temperature: 40.9560C
EA_PEDF_RV64: Prediction for thread 0x0000000047c443c8: 0.2309
EA_PEDF_RV64: Prediction for thread 0x0000000047c09bf0: 0.5147
EA_PEDF_RV64: Prediction for thread 0x0000000047bcf418: 0.5286
EA_PEDF_RV64: Prediction for thread 0x0000000047b94c40: 0.3971
EA_PEDF_RV64: Prediction for thread 0x0000000047b5a468: 0.2309
EA_PEDF_RV64: Prediction for thread 0x0000000047b1fc90: 0.5115
EA_PEDF_RV64: Prediction for core 1: 1.0262
Imbalanced!
>  Iteration [164], Clock: 751999999Hz, Temperature: 40.9560C
EA_PEDF_RV64: Prediction for thread 0x0000000047c443c8: 0.2309
EA_PEDF_RV64: Prediction for thread 0x0000000047c09bf0: 0.5148
EA_PEDF_RV64: Prediction for thread 0x0000000047bcf418: 0.5289
EA_PEDF_RV64: Prediction for thread 0x0000000047b94c40: 0.3972
EA_PEDF_RV64: Prediction for thread 0x0000000047b5a468: 0.2309
EA_PEDF_RV64: Prediction for thread 0x0000000047b1fc90: 0.5115
EA_PEDF_RV64: Prediction for core 1: 1.0263
Imbalanced!
>  Iteration [165], Clock: 751999999Hz, Temperature: 40.9560C
EA_PEDF_RV64: Prediction for thread 0x0000000047c443c8: 0.2309
EA_PEDF_RV64: Prediction for thread 0x0000000047c09bf0: 0.5148
EA_PEDF_RV64: Prediction for thread 0x0000000047bcf418: 0.5288
EA_PEDF_RV64: Prediction for thread 0x0000000047b94c40: 0.3971
EA_PEDF_RV64: Prediction for thread 0x0000000047b5a468: 0.2309
EA_PEDF_RV64: Prediction for thread 0x0000000047b1fc90: 0.5115
EA_PEDF_RV64: Prediction for core 1: 1.0263
Imbalanced!
>  Iteration [166], Clock: 751999999Hz, Temperature: 40.9560C
EA_PEDF_RV64: Prediction for thread 0x0000000047c443c8: 0.2309
EA_PEDF_RV64: Prediction for thread 0x0000000047c09bf0: 0.5147
EA_PEDF_RV64: Prediction for thread 0x0000000047bcf418: 0.5287
EA_PEDF_RV64: Prediction for thread 0x0000000047b94c40: 0.3971
EA_PEDF_RV64: Prediction for thread 0x0000000047b5a468: 0.2309
EA_PEDF_RV64: Prediction for thread 0x0000000047b1fc90: 0.5115
EA_PEDF_RV64: Prediction for core 1: 1.0262
Imbalanced!
>  Iteration [167], Clock: 751999999Hz, Temperature: 40.9560C
EA_PEDF_RV64: Prediction for thread 0x0000000047c443c8: 0.2309
EA_PEDF_RV64: Prediction for thread 0x0000000047c09bf0: 0.5146
EA_PEDF_RV64: Prediction for thread 0x0000000047bcf418: 0.5286
EA_PEDF_RV64: Prediction for thread 0x0000000047b94c40: 0.3968
EA_PEDF_RV64: Prediction for thread 0x0000000047b5a468: 0.2309
EA_PEDF_RV64: Prediction for thread 0x0000000047b1fc90: 0.5114
EA_PEDF_RV64: Prediction for core 1: 1.0261
Imbalanced!
>  Iteration [168], Clock: 751999999Hz, Temperature: 40.8980C
EA_PEDF_RV64: Prediction for thread 0x0000000047c443c8: 0.2309
EA_PEDF_RV64: Prediction for thread 0x0000000047c09bf0: 0.5147
EA_PEDF_RV64: Prediction for thread 0x0000000047bcf418: 0.5288
EA_PEDF_RV64: Prediction for thread 0x0000000047b94c40: 0.3971
EA_PEDF_RV64: Prediction for thread 0x0000000047b5a468: 0.2309
EA_PEDF_RV64: Prediction for thread 0x0000000047b1fc90: 0.5115
EA_PEDF_RV64: Prediction for core 1: 1.0262
Imbalanced!
>  Iteration [169], Clock: 751999999Hz, Temperature: 40.8980C
EA_PEDF_RV64: Prediction for thread 0x0000000047c443c8: 0.2309
EA_PEDF_RV64: Prediction for thread 0x0000000047c09bf0: 0.5147
EA_PEDF_RV64: Prediction for thread 0x0000000047bcf418: 0.5289
EA_PEDF_RV64: Prediction for thread 0x0000000047b94c40: 0.3971
EA_PEDF_RV64: Prediction for thread 0x0000000047b5a468: 0.2309
EA_PEDF_RV64: Prediction for thread 0x0000000047b1fc90: 0.5115
EA_PEDF_RV64: Prediction for core 1: 1.0263
Imbalanced!
>  Iteration [170], Clock: 751999999Hz, Temperature: 40.8980C
EA_PEDF_RV64: Prediction for thread 0x0000000047c443c8: 0.2309
EA_PEDF_RV64: Prediction for thread 0x0000000047c09bf0: 0.5147
EA_PEDF_RV64: Prediction for thread 0x0000000047bcf418: 0.5283
EA_PEDF_RV64: Prediction for thread 0x0000000047b94c40: 0.3971
EA_PEDF_RV64: Prediction for thread 0x0000000047b5a468: 0.2309
EA_PEDF_RV64: Prediction for thread 0x0000000047b1fc90: 0.5115
EA_PEDF_RV64: Prediction for core 1: 1.0262
Imbalanced!
>  Iteration [171], Clock: 751999999Hz, Temperature: 40.9560C
EA_PEDF_RV64: Prediction for thread 0x0000000047c443c8: 0.2309
EA_PEDF_RV64: Prediction for thread 0x0000000047c09bf0: 0.5147
EA_PEDF_RV64: Prediction for thread 0x0000000047bcf418: 0.5287
EA_PEDF_RV64: Prediction for thread 0x0000000047b94c40: 0.3971
EA_PEDF_RV64: Prediction for thread 0x0000000047b5a468: 0.2309
EA_PEDF_RV64: Prediction for thread 0x0000000047b1fc90: 0.5115
EA_PEDF_RV64: Prediction for core 1: 1.0263
Imbalanced!
>  Iteration [172], Clock: 751999999Hz, Temperature: 40.8980C
EA_PEDF_RV64: Prediction for thread 0x0000000047c443c8: 0.2309
EA_PEDF_RV64: Prediction for thread 0x0000000047c09bf0: 0.5148
EA_PEDF_RV64: Prediction for thread 0x0000000047bcf418: 0.5289
EA_PEDF_RV64: Prediction for thread 0x0000000047b94c40: 0.3971
EA_PEDF_RV64: Prediction for thread 0x0000000047b5a468: 0.2309
EA_PEDF_RV64: Prediction for thread 0x0000000047b1fc90: 0.5115
EA_PEDF_RV64: Prediction for core 1: 1.0263
Imbalanced!
>  Iteration [173], Clock: 751999999Hz, Temperature: 40.8980C
EA_PEDF_RV64: Prediction for thread 0x0000000047c443c8: 0.2309
EA_PEDF_RV64: Prediction for thread 0x0000000047c09bf0: 0.5147
EA_PEDF_RV64: Prediction for thread 0x0000000047bcf418: 0.5286
EA_PEDF_RV64: Prediction for thread 0x0000000047b94c40: 0.3972
EA_PEDF_RV64: Prediction for thread 0x0000000047b5a468: 0.2309
EA_PEDF_RV64: Prediction for thread 0x0000000047b1fc90: 0.5115
EA_PEDF_RV64: Prediction for core 1: 1.0262
Imbalanced!
>  Iteration [174], Clock: 751999999Hz, Temperature: 40.9560C
EA_PEDF_RV64: Prediction for thread 0x0000000047c443c8: 0.2309
EA_PEDF_RV64: Prediction for thread 0x0000000047c09bf0: 0.5148
EA_PEDF_RV64: Prediction for thread 0x0000000047bcf418: 0.5290
EA_PEDF_RV64: Prediction for thread 0x0000000047b94c40: 0.3969
EA_PEDF_RV64: Prediction for thread 0x0000000047b5a468: 0.2309
EA_PEDF_RV64: Prediction for thread 0x0000000047b1fc90: 0.5116
EA_PEDF_RV64: Prediction for core 1: 1.0263
Imbalanced!
>  Iteration [175], Clock: 751999999Hz, Temperature: 40.8980C
EA_PEDF_RV64: Prediction for thread 0x0000000047c443c8: 0.2309
EA_PEDF_RV64: Prediction for thread 0x0000000047c09bf0: 0.5147
EA_PEDF_RV64: Prediction for thread 0x0000000047bcf418: 0.5287
EA_PEDF_RV64: Prediction for thread 0x0000000047b94c40: 0.3972
EA_PEDF_RV64: Prediction for thread 0x0000000047b5a468: 0.2309
EA_PEDF_RV64: Prediction for thread 0x0000000047b1fc90: 0.5115
EA_PEDF_RV64: Prediction for core 1: 1.0262
Imbalanced!
>  Iteration [176], Clock: 751999999Hz, Temperature: 40.8980C
EA_PEDF_RV64: Prediction for thread 0x0000000047c443c8: 0.2309
EA_PEDF_RV64: Prediction for thread 0x0000000047c09bf0: 0.5148
EA_PEDF_RV64: Prediction for thread 0x0000000047bcf418: 0.5288
EA_PEDF_RV64: Prediction for thread 0x0000000047b94c40: 0.3968
EA_PEDF_RV64: Prediction for thread 0x0000000047b5a468: 0.2309
EA_PEDF_RV64: Prediction for thread 0x0000000047b1fc90: 0.5115
EA_PEDF_RV64: Prediction for core 1: 1.0263
Imbalanced!
>  Iteration [177], Clock: 751999999Hz, Temperature: 40.8980C
EA_PEDF_RV64: Prediction for thread 0x0000000047c443c8: 0.2309
EA_PEDF_RV64: Prediction for thread 0x0000000047c09bf0: 0.5148
EA_PEDF_RV64: Prediction for thread 0x0000000047bcf418: 0.5289
EA_PEDF_RV64: Prediction for thread 0x0000000047b94c40: 0.3971
EA_PEDF_RV64: Prediction for thread 0x0000000047b5a468: 0.2309
EA_PEDF_RV64: Prediction for thread 0x0000000047b1fc90: 0.5115
EA_PEDF_RV64: Prediction for core 1: 1.0263
Imbalanced!
>  Iteration [178], Clock: 751999999Hz, Temperature: 40.8980C
EA_PEDF_RV64: Prediction for thread 0x0000000047c443c8: 0.2309
EA_PEDF_RV64: Prediction for thread 0x0000000047c09bf0: 0.5148
EA_PEDF_RV64: Prediction for thread 0x0000000047bcf418: 0.5288
EA_PEDF_RV64: Prediction for thread 0x0000000047b94c40: 0.3966
EA_PEDF_RV64: Prediction for thread 0x0000000047b5a468: 0.2309
EA_PEDF_RV64: Prediction for thread 0x0000000047b1fc90: 0.5115
EA_PEDF_RV64: Prediction for core 1: 1.0263
Imbalanced!
>  Iteration [179], Clock: 751999999Hz, Temperature: 40.8980C
EA_PEDF_RV64: Prediction for thread 0x0000000047c443c8: 0.2309
EA_PEDF_RV64: Prediction for thread 0x0000000047c09bf0: 0.5148
EA_PEDF_RV64: Prediction for thread 0x0000000047bcf418: 0.5289
EA_PEDF_RV64: Prediction for thread 0x0000000047b94c40: 0.3972
EA_PEDF_RV64: Prediction for thread 0x0000000047b5a468: 0.2309
EA_PEDF_RV64: Prediction for thread 0x0000000047b1fc90: 0.5115
EA_PEDF_RV64: Prediction for core 1: 1.0263
Imbalanced!
>  Iteration [180], Clock: 751999999Hz, Temperature: 40.8980C
EA_PEDF_RV64: Prediction for thread 0x0000000047c443c8: 0.2309
EA_PEDF_RV64: Prediction for thread 0x0000000047c09bf0: 0.5148
EA_PEDF_RV64: Prediction for thread 0x0000000047bcf418: 0.5289
EA_PEDF_RV64: Prediction for thread 0x0000000047b94c40: 0.3971
EA_PEDF_RV64: Prediction for thread 0x0000000047b5a468: 0.2309
EA_PEDF_RV64: Prediction for thread 0x0000000047b1fc90: 0.5115
EA_PEDF_RV64: Prediction for core 1: 1.0263
Imbalanced!
>  Iteration [181], Clock: 751999999Hz, Temperature: 40.8980C
EA_PEDF_RV64: Prediction for thread 0x0000000047c443c8: 0.2309
EA_PEDF_RV64: Prediction for thread 0x0000000047c09bf0: 0.5147
EA_PEDF_RV64: Prediction for thread 0x0000000047bcf418: 0.5287
EA_PEDF_RV64: Prediction for thread 0x0000000047b94c40: 0.3972
EA_PEDF_RV64: Prediction for thread 0x0000000047b5a468: 0.2309
EA_PEDF_RV64: Prediction for thread 0x0000000047b1fc90: 0.5115
EA_PEDF_RV64: Prediction for core 1: 1.0262
Imbalanced!
>  Iteration [182], Clock: 751999999Hz, Temperature: 40.8980C
EA_PEDF_RV64: Prediction for thread 0x0000000047c443c8: 0.2309
EA_PEDF_RV64: Prediction for thread 0x0000000047c09bf0: 0.5148
EA_PEDF_RV64: Prediction for thread 0x0000000047bcf418: 0.5288
EA_PEDF_RV64: Prediction for thread 0x0000000047b94c40: 0.3971
EA_PEDF_RV64: Prediction for thread 0x0000000047b5a468: 0.2309
EA_PEDF_RV64: Prediction for thread 0x0000000047b1fc90: 0.5115
EA_PEDF_RV64: Prediction for core 1: 1.0263
Imbalanced!
>  Iteration [183], Clock: 751999999Hz, Temperature: 40.8980C
EA_PEDF_RV64: Prediction for thread 0x0000000047c443c8: 0.2309
EA_PEDF_RV64: Prediction for thread 0x0000000047c09bf0: 0.5148
EA_PEDF_RV64: Prediction for thread 0x0000000047bcf418: 0.5286
EA_PEDF_RV64: Prediction for thread 0x0000000047b94c40: 0.3972
EA_PEDF_RV64: Prediction for thread 0x0000000047b5a468: 0.2309
EA_PEDF_RV64: Prediction for thread 0x0000000047b1fc90: 0.5115
EA_PEDF_RV64: Prediction for core 1: 1.0262
Imbalanced!
>  Iteration [184], Clock: 751999999Hz, Temperature: 40.8980C
EA_PEDF_RV64: Prediction for thread 0x0000000047c443c8: 0.2309
EA_PEDF_RV64: Prediction for thread 0x0000000047c09bf0: 0.5147
EA_PEDF_RV64: Prediction for thread 0x0000000047bcf418: 0.5287
EA_PEDF_RV64: Prediction for thread 0x0000000047b94c40: 0.3972
EA_PEDF_RV64: Prediction for thread 0x0000000047b5a468: 0.2309
EA_PEDF_RV64: Prediction for thread 0x0000000047b1fc90: 0.5115
EA_PEDF_RV64: Prediction for core 1: 1.0262
Imbalanced!
>  Iteration [185], Clock: 751999999Hz, Temperature: 40.9560C
EA_PEDF_RV64: Prediction for thread 0x0000000047c443c8: 0.2309
EA_PEDF_RV64: Prediction for thread 0x0000000047c09bf0: 0.5147
EA_PEDF_RV64: Prediction for thread 0x0000000047bcf418: 0.5286
EA_PEDF_RV64: Prediction for thread 0x0000000047b94c40: 0.3972
EA_PEDF_RV64: Prediction for thread 0x0000000047b5a468: 0.2309
EA_PEDF_RV64: Prediction for thread 0x0000000047b1fc90: 0.5115
EA_PEDF_RV64: Prediction for core 1: 1.0262
Imbalanced!
>  Iteration [186], Clock: 751999999Hz, Temperature: 40.9560C
EA_PEDF_RV64: Prediction for thread 0x0000000047c443c8: 0.2309
EA_PEDF_RV64: Prediction for thread 0x0000000047c09bf0: 0.5148
EA_PEDF_RV64: Prediction for thread 0x0000000047bcf418: 0.5287
EA_PEDF_RV64: Prediction for thread 0x0000000047b94c40: 0.3972
EA_PEDF_RV64: Prediction for thread 0x0000000047b5a468: 0.2309
EA_PEDF_RV64: Prediction for thread 0x0000000047b1fc90: 0.5115
EA_PEDF_RV64: Prediction for core 1: 1.0263
Imbalanced!
>  Iteration [187], Clock: 751999999Hz, Temperature: 40.9560C
EA_PEDF_RV64: Prediction for thread 0x0000000047c443c8: 0.2309
EA_PEDF_RV64: Prediction for thread 0x0000000047c09bf0: 0.5146
EA_PEDF_RV64: Prediction for thread 0x0000000047bcf418: 0.5288
EA_PEDF_RV64: Prediction for thread 0x0000000047b94c40: 0.3968
EA_PEDF_RV64: Prediction for thread 0x0000000047b5a468: 0.2309
EA_PEDF_RV64: Prediction for thread 0x0000000047b1fc90: 0.5115
EA_PEDF_RV64: Prediction for core 1: 1.0261
Imbalanced!
>  Iteration [188], Clock: 751999999Hz, Temperature: 40.9560C
EA_PEDF_RV64: Prediction for thread 0x0000000047c443c8: 0.2309
EA_PEDF_RV64: Prediction for thread 0x0000000047c09bf0: 0.5148
EA_PEDF_RV64: Prediction for thread 0x0000000047bcf418: 0.5287
EA_PEDF_RV64: Prediction for thread 0x0000000047b94c40: 0.3969
EA_PEDF_RV64: Prediction for thread 0x0000000047b5a468: 0.2309
EA_PEDF_RV64: Prediction for thread 0x0000000047b1fc90: 0.5115
EA_PEDF_RV64: Prediction for core 1: 1.0262
Imbalanced!
>  Iteration [189], Clock: 751999999Hz, Temperature: 40.9560C
EA_PEDF_RV64: Prediction for thread 0x0000000047c443c8: 0.2309
EA_PEDF_RV64: Prediction for thread 0x0000000047c09bf0: 0.5148
EA_PEDF_RV64: Prediction for thread 0x0000000047bcf418: 0.5287
EA_PEDF_RV64: Prediction for thread 0x0000000047b94c40: 0.3970
EA_PEDF_RV64: Prediction for thread 0x0000000047b5a468: 0.2309
EA_PEDF_RV64: Prediction for thread 0x0000000047b1fc90: 0.5115
EA_PEDF_RV64: Prediction for core 1: 1.0262
Imbalanced!
>  Iteration [190], Clock: 751999999Hz, Temperature: 40.9560C
EA_PEDF_RV64: Prediction for thread 0x0000000047c443c8: 0.2309
EA_PEDF_RV64: Prediction for thread 0x0000000047c09bf0: 0.5146
EA_PEDF_RV64: Prediction for thread 0x0000000047bcf418: 0.5273
EA_PEDF_RV64: Prediction for thread 0x0000000047b94c40: 0.3966
EA_PEDF_RV64: Prediction for thread 0x0000000047b5a468: 0.2309
EA_PEDF_RV64: Prediction for thread 0x0000000047b1fc90: 0.5108
EA_PEDF_RV64: Prediction for core 1: 1.0254
Imbalanced!
>  Iteration [191], Clock: 751999999Hz, Temperature: 40.9560C
EA_PEDF_RV64: Prediction for thread 0x0000000047c443c8: 0.2309
EA_PEDF_RV64: Prediction for thread 0x0000000047c09bf0: 0.5148
EA_PEDF_RV64: Prediction for thread 0x0000000047bcf418: 0.5289
EA_PEDF_RV64: Prediction for thread 0x0000000047b94c40: 0.3969
EA_PEDF_RV64: Prediction for thread 0x0000000047b5a468: 0.2309
EA_PEDF_RV64: Prediction for thread 0x0000000047b1fc90: 0.5115
EA_PEDF_RV64: Prediction for core 1: 1.0263
Imbalanced!
>  Iteration [192], Clock: 751999999Hz, Temperature: 40.9560C
EA_PEDF_RV64: Prediction for thread 0x0000000047c443c8: 0.2309
EA_PEDF_RV64: Prediction for thread 0x0000000047c09bf0: 0.5147
EA_PEDF_RV64: Prediction for thread 0x0000000047bcf418: 0.5276
EA_PEDF_RV64: Prediction for thread 0x0000000047b94c40: 0.3969
EA_PEDF_RV64: Prediction for thread 0x0000000047b5a468: 0.2309
EA_PEDF_RV64: Prediction for thread 0x0000000047b1fc90: 0.5108
EA_PEDF_RV64: Prediction for core 1: 1.0254
Imbalanced!
>  Iteration [193], Clock: 751999999Hz, Temperature: 40.9560C
EA_PEDF_RV64: Prediction for thread 0x0000000047c443c8: 0.2309
EA_PEDF_RV64: Prediction for thread 0x0000000047c09bf0: 0.5146
EA_PEDF_RV64: Prediction for thread 0x0000000047bcf418: 0.5290
EA_PEDF_RV64: Prediction for thread 0x0000000047b94c40: 0.3968
EA_PEDF_RV64: Prediction for thread 0x0000000047b5a468: 0.2309
EA_PEDF_RV64: Prediction for thread 0x0000000047b1fc90: 0.5115
EA_PEDF_RV64: Prediction for core 1: 1.0261
Imbalanced!
>  Iteration [194], Clock: 751999999Hz, Temperature: 41.0140C
EA_PEDF_RV64: Prediction for thread 0x0000000047c443c8: 0.2309
EA_PEDF_RV64: Prediction for thread 0x0000000047c09bf0: 0.5150
EA_PEDF_RV64: Prediction for thread 0x0000000047bcf418: 0.5385
EA_PEDF_RV64: Prediction for thread 0x0000000047b94c40: 0.3971
EA_PEDF_RV64: Prediction for thread 0x0000000047b5a468: 0.2309
EA_PEDF_RV64: Prediction for thread 0x0000000047b1fc90: 0.5114
EA_PEDF_RV64: Prediction for core 1: 1.0263
Imbalanced!
>  Iteration [195], Clock: 751999999Hz, Temperature: 41.0140C
EA_PEDF_RV64: Prediction for thread 0x0000000047c443c8: 0.2309
EA_PEDF_RV64: Prediction for thread 0x0000000047c09bf0: 0.5151
EA_PEDF_RV64: Prediction for thread 0x0000000047bcf418: 0.5377
EA_PEDF_RV64: Prediction for thread 0x0000000047b94c40: 0.3966
EA_PEDF_RV64: Prediction for thread 0x0000000047b5a468: 0.2309
EA_PEDF_RV64: Prediction for thread 0x0000000047b1fc90: 0.5121
EA_PEDF_RV64: Prediction for core 1: 1.0272
Imbalanced!
>  Iteration [196], Clock: 751999999Hz, Temperature: 41.0140C
EA_PEDF_RV64: Prediction for thread 0x0000000047c443c8: 0.2309
EA_PEDF_RV64: Prediction for thread 0x0000000047c09bf0: 0.5149
EA_PEDF_RV64: Prediction for thread 0x0000000047bcf418: 0.5383
EA_PEDF_RV64: Prediction for thread 0x0000000047b94c40: 0.3970
EA_PEDF_RV64: Prediction for thread 0x0000000047b5a468: 0.2309
EA_PEDF_RV64: Prediction for thread 0x0000000047b1fc90: 0.5113
EA_PEDF_RV64: Prediction for core 1: 1.0262
Imbalanced!
>  Iteration [197], Clock: 751999999Hz, Temperature: 41.0140C
EA_PEDF_RV64: Prediction for thread 0x0000000047c443c8: 0.2309
EA_PEDF_RV64: Prediction for thread 0x0000000047c09bf0: 0.5147
EA_PEDF_RV64: Prediction for thread 0x0000000047bcf418: 0.5368
EA_PEDF_RV64: Prediction for thread 0x0000000047b94c40: 0.3970
EA_PEDF_RV64: Prediction for thread 0x0000000047b5a468: 0.2309
EA_PEDF_RV64: Prediction for thread 0x0000000047b1fc90: 0.5110
EA_PEDF_RV64: Prediction for core 1: 1.0257
Imbalanced!
>  Iteration [198], Clock: 751999999Hz, Temperature: 41.0140C
EA_PEDF_RV64: Prediction for thread 0x0000000047c443c8: 0.2309
EA_PEDF_RV64: Prediction for thread 0x0000000047c09bf0: 0.5150
EA_PEDF_RV64: Prediction for thread 0x0000000047bcf418: 0.5382
EA_PEDF_RV64: Prediction for thread 0x0000000047b94c40: 0.3970
EA_PEDF_RV64: Prediction for thread 0x0000000047b5a468: 0.2309
EA_PEDF_RV64: Prediction for thread 0x0000000047b1fc90: 0.5115
EA_PEDF_RV64: Prediction for core 1: 1.0266
Imbalanced!
>  Iteration [199], Clock: 751999999Hz, Temperature: 41.0720C
EA_PEDF_RV64: Prediction for thread 0x0000000047c443c8: 0.2309
EA_PEDF_RV64: Prediction for thread 0x0000000047c09bf0: 0.5147
EA_PEDF_RV64: Prediction for thread 0x0000000047bcf418: 0.5368
EA_PEDF_RV64: Prediction for thread 0x0000000047b94c40: 0.3971
EA_PEDF_RV64: Prediction for thread 0x0000000047b5a468: 0.2309
EA_PEDF_RV64: Prediction for thread 0x0000000047b1fc90: 0.5110
EA_PEDF_RV64: Prediction for core 1: 1.0258
Imbalanced!
>  Iteration [200], Clock: 751999999Hz, Temperature: 41.0140C
EA_PEDF_RV64: Prediction for thread 0x0000000047c443c8: 0.2309
EA_PEDF_RV64: Prediction for thread 0x0000000047c09bf0: 0.5149
EA_PEDF_RV64: Prediction for thread 0x0000000047bcf418: 0.5381
EA_PEDF_RV64: Prediction for thread 0x0000000047b94c40: 0.3968
EA_PEDF_RV64: Prediction for thread 0x0000000047b5a468: 0.2309
EA_PEDF_RV64: Prediction for thread 0x0000000047b1fc90: 0.5115
EA_PEDF_RV64: Prediction for core 1: 1.0264
Imbalanced!
>  Iteration [201], Clock: 751999999Hz, Temperature: 41.0140C
EA_PEDF_RV64: Prediction for thread 0x0000000047c443c8: 0.2309
EA_PEDF_RV64: Prediction for thread 0x0000000047c09bf0: 0.5147
EA_PEDF_RV64: Prediction for thread 0x0000000047bcf418: 0.5365
EA_PEDF_RV64: Prediction for thread 0x0000000047b94c40: 0.3971
EA_PEDF_RV64: Prediction for thread 0x0000000047b5a468: 0.2309
EA_PEDF_RV64: Prediction for thread 0x0000000047b1fc90: 0.5110
EA_PEDF_RV64: Prediction for core 1: 1.0257
Imbalanced!
>  Iteration [202], Clock: 751999999Hz, Temperature: 41.0140C
EA_PEDF_RV64: Prediction for thread 0x0000000047c443c8: 0.2309
EA_PEDF_RV64: Prediction for thread 0x0000000047c09bf0: 0.5149
EA_PEDF_RV64: Prediction for thread 0x0000000047bcf418: 0.5380
EA_PEDF_RV64: Prediction for thread 0x0000000047b94c40: 0.3968
EA_PEDF_RV64: Prediction for thread 0x0000000047b5a468: 0.2309
EA_PEDF_RV64: Prediction for thread 0x0000000047b1fc90: 0.5115
EA_PEDF_RV64: Prediction for core 1: 1.0264
Imbalanced!
>  Iteration [203], Clock: 751999999Hz, Temperature: 41.0720C
EA_PEDF_RV64: Prediction for thread 0x0000000047c443c8: 0.2309
EA_PEDF_RV64: Prediction for thread 0x0000000047c09bf0: 0.5147
EA_PEDF_RV64: Prediction for thread 0x0000000047bcf418: 0.5367
EA_PEDF_RV64: Prediction for thread 0x0000000047b94c40: 0.3970
EA_PEDF_RV64: Prediction for thread 0x0000000047b5a468: 0.2309
EA_PEDF_RV64: Prediction for thread 0x0000000047b1fc90: 0.5110
EA_PEDF_RV64: Prediction for core 1: 1.0257
Imbalanced!
>  Iteration [204], Clock: 751999999Hz, Temperature: 41.0720C
EA_PEDF_RV64: Prediction for thread 0x0000000047c443c8: 0.2309
EA_PEDF_RV64: Prediction for thread 0x0000000047c09bf0: 0.5149
EA_PEDF_RV64: Prediction for thread 0x0000000047bcf418: 0.5380
EA_PEDF_RV64: Prediction for thread 0x0000000047b94c40: 0.3968
EA_PEDF_RV64: Prediction for thread 0x0000000047b5a468: 0.2309
EA_PEDF_RV64: Prediction for thread 0x0000000047b1fc90: 0.5115
EA_PEDF_RV64: Prediction for core 1: 1.0264
Imbalanced!
>  Iteration [205], Clock: 751999999Hz, Temperature: 41.0720C
EA_PEDF_RV64: Prediction for thread 0x0000000047c443c8: 0.2309
EA_PEDF_RV64: Prediction for thread 0x0000000047c09bf0: 0.5149
EA_PEDF_RV64: Prediction for thread 0x0000000047bcf418: 0.5367
EA_PEDF_RV64: Prediction for thread 0x0000000047b94c40: 0.3968
EA_PEDF_RV64: Prediction for thread 0x0000000047b5a468: 0.2309
EA_PEDF_RV64: Prediction for thread 0x0000000047b1fc90: 0.5109
EA_PEDF_RV64: Prediction for core 1: 1.0258
Imbalanced!
>  Iteration [206], Clock: 751999999Hz, Temperature: 41.0720C
EA_PEDF_RV64: Prediction for thread 0x0000000047c443c8: 0.2309
EA_PEDF_RV64: Prediction for thread 0x0000000047c09bf0: 0.5149
EA_PEDF_RV64: Prediction for thread 0x0000000047bcf418: 0.5381
EA_PEDF_RV64: Prediction for thread 0x0000000047b94c40: 0.3968
EA_PEDF_RV64: Prediction for thread 0x0000000047b5a468: 0.2309
EA_PEDF_RV64: Prediction for thread 0x0000000047b1fc90: 0.5114
EA_PEDF_RV64: Prediction for core 1: 1.0263
Imbalanced!
>  Iteration [207], Clock: 751999999Hz, Temperature: 41.0720C
EA_PEDF_RV64: Prediction for thread 0x0000000047c443c8: 0.2309
EA_PEDF_RV64: Prediction for thread 0x0000000047c09bf0: 0.5148
EA_PEDF_RV64: Prediction for thread 0x0000000047bcf418: 0.5366
EA_PEDF_RV64: Prediction for thread 0x0000000047b94c40: 0.3971
EA_PEDF_RV64: Prediction for thread 0x0000000047b5a468: 0.2309
EA_PEDF_RV64: Prediction for thread 0x0000000047b1fc90: 0.5110
EA_PEDF_RV64: Prediction for core 1: 1.0258
Imbalanced!
>  Iteration [208], Clock: 751999999Hz, Temperature: 41.0720C
EA_PEDF_RV64: Prediction for thread 0x0000000047c443c8: 0.2309
EA_PEDF_RV64: Prediction for thread 0x0000000047c09bf0: 0.5211
EA_PEDF_RV64: Prediction for thread 0x0000000047bcf418: 0.5385
EA_PEDF_RV64: Prediction for thread 0x0000000047b94c40: 0.3965
EA_PEDF_RV64: Prediction for thread 0x0000000047b5a468: 0.2309
EA_PEDF_RV64: Prediction for thread 0x0000000047b1fc90: 0.5115
EA_PEDF_RV64: Prediction for core 1: 1.0326
Imbalanced!
>  Iteration [209], Clock: 751999999Hz, Temperature: 41.0720C
EA_PEDF_RV64: Prediction for thread 0x0000000047c443c8: 0.2309
EA_PEDF_RV64: Prediction for thread 0x0000000047c09bf0: 0.5233
EA_PEDF_RV64: Prediction for thread 0x0000000047bcf418: 0.5365
EA_PEDF_RV64: Prediction for thread 0x0000000047b94c40: 0.3969
EA_PEDF_RV64: Prediction for thread 0x0000000047b5a468: 0.2309
EA_PEDF_RV64: Prediction for thread 0x0000000047b1fc90: 0.5110
EA_PEDF_RV64: Prediction for core 1: 1.0343
Imbalanced!
>  Iteration [210], Clock: 751999999Hz, Temperature: 41.0720C
EA_PEDF_RV64: Prediction for thread 0x0000000047c443c8: 0.2309
EA_PEDF_RV64: Prediction for thread 0x0000000047c09bf0: 0.5212
EA_PEDF_RV64: Prediction for thread 0x0000000047bcf418: 0.5382
EA_PEDF_RV64: Prediction for thread 0x0000000047b94c40: 0.3965
EA_PEDF_RV64: Prediction for thread 0x0000000047b5a468: 0.2309
EA_PEDF_RV64: Prediction for thread 0x0000000047b1fc90: 0.5115
EA_PEDF_RV64: Prediction for core 1: 1.0327
Imbalanced!
>  Iteration [211], Clock: 751999999Hz, Temperature: 41.1300C
EA_PEDF_RV64: Prediction for thread 0x0000000047c443c8: 0.2309
EA_PEDF_RV64: Prediction for thread 0x0000000047c09bf0: 0.5234
EA_PEDF_RV64: Prediction for thread 0x0000000047bcf418: 0.5366
EA_PEDF_RV64: Prediction for thread 0x0000000047b94c40: 0.3970
EA_PEDF_RV64: Prediction for thread 0x0000000047b5a468: 0.2309
EA_PEDF_RV64: Prediction for thread 0x0000000047b1fc90: 0.5111
EA_PEDF_RV64: Prediction for core 1: 1.0345
Imbalanced!
>  Iteration [212], Clock: 751999999Hz, Temperature: 41.1300C
EA_PEDF_RV64: Prediction for thread 0x0000000047c443c8: 0.2309
EA_PEDF_RV64: Prediction for thread 0x0000000047c09bf0: 0.5212
EA_PEDF_RV64: Prediction for thread 0x0000000047bcf418: 0.5380
EA_PEDF_RV64: Prediction for thread 0x0000000047b94c40: 0.3965
EA_PEDF_RV64: Prediction for thread 0x0000000047b5a468: 0.2309
EA_PEDF_RV64: Prediction for thread 0x0000000047b1fc90: 0.5115
EA_PEDF_RV64: Prediction for core 1: 1.0327
Imbalanced!
>  Iteration [213], Clock: 751999999Hz, Temperature: 41.1300C
EA_PEDF_RV64: Prediction for thread 0x0000000047c443c8: 0.2309
EA_PEDF_RV64: Prediction for thread 0x0000000047c09bf0: 0.5233
EA_PEDF_RV64: Prediction for thread 0x0000000047bcf418: 0.5364
EA_PEDF_RV64: Prediction for thread 0x0000000047b94c40: 0.3967
EA_PEDF_RV64: Prediction for thread 0x0000000047b5a468: 0.2309
EA_PEDF_RV64: Prediction for thread 0x0000000047b1fc90: 0.5110
EA_PEDF_RV64: Prediction for core 1: 1.0344
Imbalanced!
>  Iteration [214], Clock: 751999999Hz, Temperature: 41.1300C
EA_PEDF_RV64: Prediction for thread 0x0000000047c443c8: 0.2309
EA_PEDF_RV64: Prediction for thread 0x0000000047c09bf0: 0.5210
EA_PEDF_RV64: Prediction for thread 0x0000000047bcf418: 0.5385
EA_PEDF_RV64: Prediction for thread 0x0000000047b94c40: 0.3966
EA_PEDF_RV64: Prediction for thread 0x0000000047b5a468: 0.2309
EA_PEDF_RV64: Prediction for thread 0x0000000047b1fc90: 0.5115
EA_PEDF_RV64: Prediction for core 1: 1.0326
Imbalanced!
>  Iteration [215], Clock: 751999999Hz, Temperature: 41.1300C
EA_PEDF_RV64: Prediction for thread 0x0000000047c443c8: 0.2309
EA_PEDF_RV64: Prediction for thread 0x0000000047c09bf0: 0.5148
EA_PEDF_RV64: Prediction for thread 0x0000000047bcf418: 0.5374
EA_PEDF_RV64: Prediction for thread 0x0000000047b94c40: 0.3964
EA_PEDF_RV64: Prediction for thread 0x0000000047b5a468: 0.2309
EA_PEDF_RV64: Prediction for thread 0x0000000047b1fc90: 0.5182
EA_PEDF_RV64: Prediction for core 1: 1.0330
Imbalanced!
>  Iteration [216], Clock: 751999999Hz, Temperature: 41.1300C
EA_PEDF_RV64: Prediction for thread 0x0000000047c443c8: 0.2309
EA_PEDF_RV64: Prediction for thread 0x0000000047c09bf0: 0.5148
EA_PEDF_RV64: Prediction for thread 0x0000000047bcf418: 0.5384
EA_PEDF_RV64: Prediction for thread 0x0000000047b94c40: 0.3964
EA_PEDF_RV64: Prediction for thread 0x0000000047b5a468: 0.2309
EA_PEDF_RV64: Prediction for thread 0x0000000047b1fc90: 0.5191
EA_PEDF_RV64: Prediction for core 1: 1.0339
Imbalanced!
>  Iteration [217], Clock: 751999999Hz, Temperature: 41.1300C
EA_PEDF_RV64: Prediction for thread 0x0000000047c443c8: 0.2309
EA_PEDF_RV64: Prediction for thread 0x0000000047c09bf0: 0.5148
EA_PEDF_RV64: Prediction for thread 0x0000000047bcf418: 0.5370
EA_PEDF_RV64: Prediction for thread 0x0000000047b94c40: 0.3967
EA_PEDF_RV64: Prediction for thread 0x0000000047b5a468: 0.2309
EA_PEDF_RV64: Prediction for thread 0x0000000047b1fc90: 0.5180
EA_PEDF_RV64: Prediction for core 1: 1.0328
Imbalanced!
>  Iteration [218], Clock: 751999999Hz, Temperature: 41.1300C
EA_PEDF_RV64: Prediction for thread 0x0000000047c443c8: 0.2309
EA_PEDF_RV64: Prediction for thread 0x0000000047c09bf0: 0.5148
EA_PEDF_RV64: Prediction for thread 0x0000000047bcf418: 0.5385
EA_PEDF_RV64: Prediction for thread 0x0000000047b94c40: 0.3965
EA_PEDF_RV64: Prediction for thread 0x0000000047b5a468: 0.2309
EA_PEDF_RV64: Prediction for thread 0x0000000047b1fc90: 0.5189
EA_PEDF_RV64: Prediction for core 1: 1.0337
Imbalanced!
>  Iteration [219], Clock: 751999999Hz, Temperature: 41.1300C
EA_PEDF_RV64: Prediction for thread 0x0000000047c443c8: 0.2309
EA_PEDF_RV64: Prediction for thread 0x0000000047c09bf0: 0.5148
EA_PEDF_RV64: Prediction for thread 0x0000000047bcf418: 0.5371
EA_PEDF_RV64: Prediction for thread 0x0000000047b94c40: 0.3964
EA_PEDF_RV64: Prediction for thread 0x0000000047b5a468: 0.2309
EA_PEDF_RV64: Prediction for thread 0x0000000047b1fc90: 0.5178
EA_PEDF_RV64: Prediction for core 1: 1.0326
Imbalanced!
>  Iteration [220], Clock: 751999999Hz, Temperature: 41.1300C
EA_PEDF_RV64: Prediction for thread 0x0000000047c443c8: 0.2309
EA_PEDF_RV64: Prediction for thread 0x0000000047c09bf0: 0.5148
EA_PEDF_RV64: Prediction for thread 0x0000000047bcf418: 0.5387
EA_PEDF_RV64: Prediction for thread 0x0000000047b94c40: 0.3965
EA_PEDF_RV64: Prediction for thread 0x0000000047b5a468: 0.2309
EA_PEDF_RV64: Prediction for thread 0x0000000047b1fc90: 0.5187
EA_PEDF_RV64: Prediction for core 1: 1.0336
Imbalanced!
>  Iteration [221], Clock: 751999999Hz, Temperature: 41.1300C
EA_PEDF_RV64: Prediction for thread 0x0000000047c443c8: 0.2309
EA_PEDF_RV64: Prediction for thread 0x0000000047c09bf0: 0.5148
EA_PEDF_RV64: Prediction for thread 0x0000000047bcf418: 0.5375
EA_PEDF_RV64: Prediction for thread 0x0000000047b94c40: 0.3964
EA_PEDF_RV64: Prediction for thread 0x0000000047b5a468: 0.2309
EA_PEDF_RV64: Prediction for thread 0x0000000047b1fc90: 0.5182
EA_PEDF_RV64: Prediction for core 1: 1.0330
Imbalanced!
>  Iteration [222], Clock: 751999999Hz, Temperature: 41.1300C
EA_PEDF_RV64: Prediction for thread 0x0000000047c443c8: 0.2309
EA_PEDF_RV64: Prediction for thread 0x0000000047c09bf0: 0.5149
EA_PEDF_RV64: Prediction for thread 0x0000000047bcf418: 0.5389
EA_PEDF_RV64: Prediction for thread 0x0000000047b94c40: 0.3967
EA_PEDF_RV64: Prediction for thread 0x0000000047b5a468: 0.2309
EA_PEDF_RV64: Prediction for thread 0x0000000047b1fc90: 0.5188
EA_PEDF_RV64: Prediction for core 1: 1.0337
Imbalanced!
>  Iteration [223], Clock: 751999999Hz, Temperature: 41.1300C
EA_PEDF_RV64: Prediction for thread 0x0000000047c443c8: 0.2309
EA_PEDF_RV64: Prediction for thread 0x0000000047c09bf0: 0.5148
EA_PEDF_RV64: Prediction for thread 0x0000000047bcf418: 0.5370
EA_PEDF_RV64: Prediction for thread 0x0000000047b94c40: 0.3964
EA_PEDF_RV64: Prediction for thread 0x0000000047b5a468: 0.2309
EA_PEDF_RV64: Prediction for thread 0x0000000047b1fc90: 0.5178
EA_PEDF_RV64: Prediction for core 1: 1.0326
Imbalanced!
>  Iteration [224], Clock: 751999999Hz, Temperature: 41.1300C
EA_PEDF_RV64: Prediction for thread 0x0000000047c443c8: 0.2309
EA_PEDF_RV64: Prediction for thread 0x0000000047c09bf0: 0.5148
EA_PEDF_RV64: Prediction for thread 0x0000000047bcf418: 0.5389
EA_PEDF_RV64: Prediction for thread 0x0000000047b94c40: 0.3964
EA_PEDF_RV64: Prediction for thread 0x0000000047b5a468: 0.2309
EA_PEDF_RV64: Prediction for thread 0x0000000047b1fc90: 0.5188
EA_PEDF_RV64: Prediction for core 1: 1.0336
Imbalanced!
>  Iteration [225], Clock: 751999999Hz, Temperature: 41.1880C
EA_PEDF_RV64: Prediction for thread 0x0000000047c443c8: 0.2309
EA_PEDF_RV64: Prediction for thread 0x0000000047c09bf0: 0.5148
EA_PEDF_RV64: Prediction for thread 0x0000000047bcf418: 0.5370
EA_PEDF_RV64: Prediction for thread 0x0000000047b94c40: 0.3964
EA_PEDF_RV64: Prediction for thread 0x0000000047b5a468: 0.2309
EA_PEDF_RV64: Prediction for thread 0x0000000047b1fc90: 0.5179
EA_PEDF_RV64: Prediction for core 1: 1.0326
Imbalanced!
>  Iteration [226], Clock: 751999999Hz, Temperature: 41.1880C
EA_PEDF_RV64: Prediction for thread 0x0000000047c443c8: 0.2309
EA_PEDF_RV64: Prediction for thread 0x0000000047c09bf0: 0.5148
EA_PEDF_RV64: Prediction for thread 0x0000000047bcf418: 0.5388
EA_PEDF_RV64: Prediction for thread 0x0000000047b94c40: 0.3965
EA_PEDF_RV64: Prediction for thread 0x0000000047b5a468: 0.2309
EA_PEDF_RV64: Prediction for thread 0x0000000047b1fc90: 0.5188
EA_PEDF_RV64: Prediction for core 1: 1.0336
Imbalanced!
>  Iteration [227], Clock: 751999999Hz, Temperature: 41.1300C
EA_PEDF_RV64: Prediction for thread 0x0000000047c443c8: 0.2309
EA_PEDF_RV64: Prediction for thread 0x0000000047c09bf0: 0.5148
EA_PEDF_RV64: Prediction for thread 0x0000000047bcf418: 0.5374
EA_PEDF_RV64: Prediction for thread 0x0000000047b94c40: 0.3964
EA_PEDF_RV64: Prediction for thread 0x0000000047b5a468: 0.2309
EA_PEDF_RV64: Prediction for thread 0x0000000047b1fc90: 0.5179
EA_PEDF_RV64: Prediction for core 1: 1.0327
Imbalanced!
>  Iteration [228], Clock: 751999999Hz, Temperature: 41.1880C
EA_PEDF_RV64: Prediction for thread 0x0000000047c443c8: 0.2309
EA_PEDF_RV64: Prediction for thread 0x0000000047c09bf0: 0.5148
EA_PEDF_RV64: Prediction for thread 0x0000000047bcf418: 0.5386
EA_PEDF_RV64: Prediction for thread 0x0000000047b94c40: 0.3965
EA_PEDF_RV64: Prediction for thread 0x0000000047b5a468: 0.2309
EA_PEDF_RV64: Prediction for thread 0x0000000047b1fc90: 0.5188
EA_PEDF_RV64: Prediction for core 1: 1.0336
Imbalanced!
>  Iteration [229], Clock: 751999999Hz, Temperature: 41.1880C
EA_PEDF_RV64: Prediction for thread 0x0000000047c443c8: 0.2309
EA_PEDF_RV64: Prediction for thread 0x0000000047c09bf0: 0.5148
EA_PEDF_RV64: Prediction for thread 0x0000000047bcf418: 0.5374
EA_PEDF_RV64: Prediction for thread 0x0000000047b94c40: 0.3965
EA_PEDF_RV64: Prediction for thread 0x0000000047b5a468: 0.2309
EA_PEDF_RV64: Prediction for thread 0x0000000047b1fc90: 0.5179
EA_PEDF_RV64: Prediction for core 1: 1.0327
Imbalanced!
>  Iteration [230], Clock: 751999999Hz, Temperature: 41.1880C
EA_PEDF_RV64: Prediction for thread 0x0000000047c443c8: 0.2309
EA_PEDF_RV64: Prediction for thread 0x0000000047c09bf0: 0.5148
EA_PEDF_RV64: Prediction for thread 0x0000000047bcf418: 0.5386
EA_PEDF_RV64: Prediction for thread 0x0000000047b94c40: 0.3966
EA_PEDF_RV64: Prediction for thread 0x0000000047b5a468: 0.2309
EA_PEDF_RV64: Prediction for thread 0x0000000047b1fc90: 0.5188
EA_PEDF_RV64: Prediction for core 1: 1.0336
Imbalanced!
>  Iteration [231], Clock: 751999999Hz, Temperature: 41.1880C
EA_PEDF_RV64: Prediction for thread 0x0000000047c443c8: 0.2309
EA_PEDF_RV64: Prediction for thread 0x0000000047c09bf0: 0.5148
EA_PEDF_RV64: Prediction for thread 0x0000000047bcf418: 0.5373
EA_PEDF_RV64: Prediction for thread 0x0000000047b94c40: 0.3967
EA_PEDF_RV64: Prediction for thread 0x0000000047b5a468: 0.2309
EA_PEDF_RV64: Prediction for thread 0x0000000047b1fc90: 0.5179
EA_PEDF_RV64: Prediction for core 1: 1.0326
Imbalanced!
>  Iteration [232], Clock: 751999999Hz, Temperature: 41.1880C
EA_PEDF_RV64: Prediction for thread 0x0000000047c443c8: 0.2309
EA_PEDF_RV64: Prediction for thread 0x0000000047c09bf0: 0.5148
EA_PEDF_RV64: Prediction for thread 0x0000000047bcf418: 0.5295
EA_PEDF_RV64: Prediction for thread 0x0000000047b94c40: 0.4060
EA_PEDF_RV64: Prediction for thread 0x0000000047b5a468: 0.2309
EA_PEDF_RV64: Prediction for thread 0x0000000047b1fc90: 0.5190
EA_PEDF_RV64: Prediction for core 1: 1.0338
Imbalanced!
>  Iteration [233], Clock: 751999999Hz, Temperature: 41.1880C
EA_PEDF_RV64: Prediction for thread 0x0000000047c443c8: 0.2309
EA_PEDF_RV64: Prediction for thread 0x0000000047c09bf0: 0.5148
EA_PEDF_RV64: Prediction for thread 0x0000000047bcf418: 0.5295
EA_PEDF_RV64: Prediction for thread 0x0000000047b94c40: 0.4046
EA_PEDF_RV64: Prediction for thread 0x0000000047b5a468: 0.2309
EA_PEDF_RV64: Prediction for thread 0x0000000047b1fc90: 0.5180
EA_PEDF_RV64: Prediction for core 1: 1.0328
Imbalanced!
>  Iteration [234], Clock: 751999999Hz, Temperature: 41.1880C
EA_PEDF_RV64: Prediction for thread 0x0000000047c443c8: 0.2309
EA_PEDF_RV64: Prediction for thread 0x0000000047c09bf0: 0.5148
EA_PEDF_RV64: Prediction for thread 0x0000000047bcf418: 0.5296
EA_PEDF_RV64: Prediction for thread 0x0000000047b94c40: 0.4060
EA_PEDF_RV64: Prediction for thread 0x0000000047b5a468: 0.2309
EA_PEDF_RV64: Prediction for thread 0x0000000047b1fc90: 0.5190
EA_PEDF_RV64: Prediction for core 1: 1.0338
Imbalanced!
>  Iteration [235], Clock: 751999999Hz, Temperature: 41.1880C
EA_PEDF_RV64: Prediction for thread 0x0000000047c443c8: 0.2309
EA_PEDF_RV64: Prediction for thread 0x0000000047c09bf0: 0.5148
EA_PEDF_RV64: Prediction for thread 0x0000000047bcf418: 0.5296
EA_PEDF_RV64: Prediction for thread 0x0000000047b94c40: 0.4046
EA_PEDF_RV64: Prediction for thread 0x0000000047b5a468: 0.2309
EA_PEDF_RV64: Prediction for thread 0x0000000047b1fc90: 0.5181
EA_PEDF_RV64: Prediction for core 1: 1.0329
Imbalanced!
>  Iteration [236], Clock: 751999999Hz, Temperature: 41.1880C
EA_PEDF_RV64: Prediction for thread 0x0000000047c443c8: 0.2309
EA_PEDF_RV64: Prediction for thread 0x0000000047c09bf0: 0.5148
EA_PEDF_RV64: Prediction for thread 0x0000000047bcf418: 0.5294
EA_PEDF_RV64: Prediction for thread 0x0000000047b94c40: 0.4060
EA_PEDF_RV64: Prediction for thread 0x0000000047b5a468: 0.2309
EA_PEDF_RV64: Prediction for thread 0x0000000047b1fc90: 0.5190
EA_PEDF_RV64: Prediction for core 1: 1.0338
Imbalanced!
>  Iteration [237], Clock: 751999999Hz, Temperature: 41.2460C
EA_PEDF_RV64: Prediction for thread 0x0000000047c443c8: 0.2309
EA_PEDF_RV64: Prediction for thread 0x0000000047c09bf0: 0.5148
EA_PEDF_RV64: Prediction for thread 0x0000000047bcf418: 0.5294
EA_PEDF_RV64: Prediction for thread 0x0000000047b94c40: 0.4046
EA_PEDF_RV64: Prediction for thread 0x0000000047b5a468: 0.2309
EA_PEDF_RV64: Prediction for thread 0x0000000047b1fc90: 0.5180
EA_PEDF_RV64: Prediction for core 1: 1.0328
Imbalanced!
>  Iteration [238], Clock: 751999999Hz, Temperature: 41.2460C
EA_PEDF_RV64: Prediction for thread 0x0000000047c443c8: 0.2309
EA_PEDF_RV64: Prediction for thread 0x0000000047c09bf0: 0.5148
EA_PEDF_RV64: Prediction for thread 0x0000000047bcf418: 0.5297
EA_PEDF_RV64: Prediction for thread 0x0000000047b94c40: 0.4060
EA_PEDF_RV64: Prediction for thread 0x0000000047b5a468: 0.2309
EA_PEDF_RV64: Prediction for thread 0x0000000047b1fc90: 0.5190
EA_PEDF_RV64: Prediction for core 1: 1.0338
Imbalanced!
>  Iteration [239], Clock: 751999999Hz, Temperature: 41.2460C
EA_PEDF_RV64: Prediction for thread 0x0000000047c443c8: 0.2309
EA_PEDF_RV64: Prediction for thread 0x0000000047c09bf0: 0.5148
EA_PEDF_RV64: Prediction for thread 0x0000000047bcf418: 0.5292
EA_PEDF_RV64: Prediction for thread 0x0000000047b94c40: 0.4046
EA_PEDF_RV64: Prediction for thread 0x0000000047b5a468: 0.2309
EA_PEDF_RV64: Prediction for thread 0x0000000047b1fc90: 0.5180
EA_PEDF_RV64: Prediction for core 1: 1.0328
Imbalanced!
>  Iteration [240], Clock: 751999999Hz, Temperature: 41.2460C
EA_PEDF_RV64: Prediction for thread 0x0000000047c443c8: 0.2309
EA_PEDF_RV64: Prediction for thread 0x0000000047c09bf0: 0.5148
EA_PEDF_RV64: Prediction for thread 0x0000000047bcf418: 0.5293
EA_PEDF_RV64: Prediction for thread 0x0000000047b94c40: 0.4060
EA_PEDF_RV64: Prediction for thread 0x0000000047b5a468: 0.2309
EA_PEDF_RV64: Prediction for thread 0x0000000047b1fc90: 0.5189
EA_PEDF_RV64: Prediction for core 1: 1.0337
Imbalanced!
>  Iteration [241], Clock: 751999999Hz, Temperature: 41.2460C
EA_PEDF_RV64: Prediction for thread 0x0000000047c443c8: 0.2309
EA_PEDF_RV64: Prediction for thread 0x0000000047c09bf0: 0.5149
EA_PEDF_RV64: Prediction for thread 0x0000000047bcf418: 0.5295
EA_PEDF_RV64: Prediction for thread 0x0000000047b94c40: 0.4046
EA_PEDF_RV64: Prediction for thread 0x0000000047b5a468: 0.2309
EA_PEDF_RV64: Prediction for thread 0x0000000047b1fc90: 0.5180
EA_PEDF_RV64: Prediction for core 1: 1.0328
Imbalanced!
>  Iteration [242], Clock: 751999999Hz, Temperature: 41.2460C
EA_PEDF_RV64: Prediction for thread 0x0000000047c443c8: 0.2309
EA_PEDF_RV64: Prediction for thread 0x0000000047c09bf0: 0.5148
EA_PEDF_RV64: Prediction for thread 0x0000000047bcf418: 0.5294
EA_PEDF_RV64: Prediction for thread 0x0000000047b94c40: 0.4060
EA_PEDF_RV64: Prediction for thread 0x0000000047b5a468: 0.2309
EA_PEDF_RV64: Prediction for thread 0x0000000047b1fc90: 0.5190
EA_PEDF_RV64: Prediction for core 1: 1.0338
Imbalanced!
>  Iteration [243], Clock: 751999999Hz, Temperature: 41.3040C
EA_PEDF_RV64: Prediction for thread 0x0000000047c443c8: 0.2309
EA_PEDF_RV64: Prediction for thread 0x0000000047c09bf0: 0.5148
EA_PEDF_RV64: Prediction for thread 0x0000000047bcf418: 0.5297
EA_PEDF_RV64: Prediction for thread 0x0000000047b94c40: 0.4045
EA_PEDF_RV64: Prediction for thread 0x0000000047b5a468: 0.2309
EA_PEDF_RV64: Prediction for thread 0x0000000047b1fc90: 0.5180
EA_PEDF_RV64: Prediction for core 1: 1.0329
Imbalanced!
>  Iteration [244], Clock: 751999999Hz, Temperature: 41.3040C
EA_PEDF_RV64: Prediction for thread 0x0000000047c443c8: 0.2309
EA_PEDF_RV64: Prediction for thread 0x0000000047c09bf0: 0.5148
EA_PEDF_RV64: Prediction for thread 0x0000000047bcf418: 0.5293
EA_PEDF_RV64: Prediction for thread 0x0000000047b94c40: 0.4060
EA_PEDF_RV64: Prediction for thread 0x0000000047b5a468: 0.2309
EA_PEDF_RV64: Prediction for thread 0x0000000047b1fc90: 0.5190
EA_PEDF_RV64: Prediction for core 1: 1.0338
Imbalanced!
>  Iteration [245], Clock: 751999999Hz, Temperature: 41.3040C
EA_PEDF_RV64: Prediction for thread 0x0000000047c443c8: 0.2309
EA_PEDF_RV64: Prediction for thread 0x0000000047c09bf0: 0.5148
EA_PEDF_RV64: Prediction for thread 0x0000000047bcf418: 0.5295
EA_PEDF_RV64: Prediction for thread 0x0000000047b94c40: 0.4046
EA_PEDF_RV64: Prediction for thread 0x0000000047b5a468: 0.2309
EA_PEDF_RV64: Prediction for thread 0x0000000047b1fc90: 0.5180
EA_PEDF_RV64: Prediction for core 1: 1.0328
Imbalanced!
>  Iteration [246], Clock: 751999999Hz, Temperature: 41.2460C
EA_PEDF_RV64: Prediction for thread 0x0000000047c443c8: 0.2309
EA_PEDF_RV64: Prediction for thread 0x0000000047c09bf0: 0.5148
EA_PEDF_RV64: Prediction for thread 0x0000000047bcf418: 0.5296
EA_PEDF_RV64: Prediction for thread 0x0000000047b94c40: 0.4059
EA_PEDF_RV64: Prediction for thread 0x0000000047b5a468: 0.2309
EA_PEDF_RV64: Prediction for thread 0x0000000047b1fc90: 0.5190
EA_PEDF_RV64: Prediction for core 1: 1.0338
Imbalanced!
>  Iteration [247], Clock: 751999999Hz, Temperature: 41.3040C
EA_PEDF_RV64: Prediction for thread 0x0000000047c443c8: 0.2309
EA_PEDF_RV64: Prediction for thread 0x0000000047c09bf0: 0.5148
EA_PEDF_RV64: Prediction for thread 0x0000000047bcf418: 0.5292
EA_PEDF_RV64: Prediction for thread 0x0000000047b94c40: 0.4046
EA_PEDF_RV64: Prediction for thread 0x0000000047b5a468: 0.2309
EA_PEDF_RV64: Prediction for thread 0x0000000047b1fc90: 0.5180
EA_PEDF_RV64: Prediction for core 1: 1.0328
Imbalanced!
>  Iteration [248], Clock: 751999999Hz, Temperature: 41.3040C
EA_PEDF_RV64: Prediction for thread 0x0000000047c443c8: 0.2309
EA_PEDF_RV64: Prediction for thread 0x0000000047c09bf0: 0.5148
EA_PEDF_RV64: Prediction for thread 0x0000000047bcf418: 0.5293
EA_PEDF_RV64: Prediction for thread 0x0000000047b94c40: 0.4060
EA_PEDF_RV64: Prediction for thread 0x0000000047b5a468: 0.2309
EA_PEDF_RV64: Prediction for thread 0x0000000047b1fc90: 0.5189
EA_PEDF_RV64: Prediction for core 1: 1.0337
Imbalanced!
>  Iteration [249], Clock: 751999999Hz, Temperature: 41.3040C
EA_PEDF_RV64: Prediction for thread 0x0000000047c443c8: 0.2309
EA_PEDF_RV64: Prediction for thread 0x0000000047c09bf0: 0.5148
EA_PEDF_RV64: Prediction for thread 0x0000000047bcf418: 0.5294
EA_PEDF_RV64: Prediction for thread 0x0000000047b94c40: 0.4045
EA_PEDF_RV64: Prediction for thread 0x0000000047b5a468: 0.2309
EA_PEDF_RV64: Prediction for thread 0x0000000047b1fc90: 0.5180
EA_PEDF_RV64: Prediction for core 1: 1.0329
Imbalanced!
>  Iteration [250], Clock: 751999999Hz, Temperature: 41.3040C
EA_PEDF_RV64: Prediction for thread 0x0000000047c443c8: 0.2309
EA_PEDF_RV64: Prediction for thread 0x0000000047c09bf0: 0.5148
EA_PEDF_RV64: Prediction for thread 0x0000000047bcf418: 0.5293
EA_PEDF_RV64: Prediction for thread 0x0000000047b94c40: 0.4060
EA_PEDF_RV64: Prediction for thread 0x0000000047b5a468: 0.2309
EA_PEDF_RV64: Prediction for thread 0x0000000047b1fc90: 0.5190
EA_PEDF_RV64: Prediction for core 1: 1.0338
Imbalanced!
>  Iteration [251], Clock: 751999999Hz, Temperature: 41.3040C
EA_PEDF_RV64: Prediction for thread 0x0000000047c443c8: 0.2309
EA_PEDF_RV64: Prediction for thread 0x0000000047c09bf0: 0.5148
EA_PEDF_RV64: Prediction for thread 0x0000000047bcf418: 0.5295
EA_PEDF_RV64: Prediction for thread 0x0000000047b94c40: 0.4046
EA_PEDF_RV64: Prediction for thread 0x0000000047b5a468: 0.2309
EA_PEDF_RV64: Prediction for thread 0x0000000047b1fc90: 0.5180
EA_PEDF_RV64: Prediction for core 1: 1.0328
Imbalanced!
>  Iteration [252], Clock: 751999999Hz, Temperature: 41.3040C
EA_PEDF_RV64: Prediction for thread 0x0000000047c443c8: 0.2309
EA_PEDF_RV64: Prediction for thread 0x0000000047c09bf0: 0.5148
EA_PEDF_RV64: Prediction for thread 0x0000000047bcf418: 0.5294
EA_PEDF_RV64: Prediction for thread 0x0000000047b94c40: 0.4059
EA_PEDF_RV64: Prediction for thread 0x0000000047b5a468: 0.2309
EA_PEDF_RV64: Prediction for thread 0x0000000047b1fc90: 0.5190
EA_PEDF_RV64: Prediction for core 1: 1.0338
Imbalanced!
>  Iteration [253], Clock: 751999999Hz, Temperature: 41.3040C
EA_PEDF_RV64: Prediction for thread 0x0000000047c443c8: 0.2309
EA_PEDF_RV64: Prediction for thread 0x0000000047c09bf0: 0.5148
EA_PEDF_RV64: Prediction for thread 0x0000000047bcf418: 0.5293
EA_PEDF_RV64: Prediction for thread 0x0000000047b94c40: 0.4046
EA_PEDF_RV64: Prediction for thread 0x0000000047b5a468: 0.2309
EA_PEDF_RV64: Prediction for thread 0x0000000047b1fc90: 0.5180
EA_PEDF_RV64: Prediction for core 1: 1.0328
Imbalanced!
>  Iteration [254], Clock: 751999999Hz, Temperature: 41.3040C
EA_PEDF_RV64: Prediction for thread 0x0000000047c443c8: 0.2309
EA_PEDF_RV64: Prediction for thread 0x0000000047c09bf0: 0.5148
EA_PEDF_RV64: Prediction for thread 0x0000000047bcf418: 0.5295
EA_PEDF_RV64: Prediction for thread 0x0000000047b94c40: 0.4061
EA_PEDF_RV64: Prediction for thread 0x0000000047b5a468: 0.2309
EA_PEDF_RV64: Prediction for thread 0x0000000047b1fc90: 0.5202
EA_PEDF_RV64: Prediction for core 1: 1.0350
Imbalanced!
>  Iteration [255], Clock: 751999999Hz, Temperature: 41.3040C
EA_PEDF_RV64: Prediction for thread 0x0000000047c443c8: 0.2309
EA_PEDF_RV64: Prediction for thread 0x0000000047c09bf0: 0.5148
EA_PEDF_RV64: Prediction for thread 0x0000000047bcf418: 0.5295
EA_PEDF_RV64: Prediction for thread 0x0000000047b94c40: 0.4046
EA_PEDF_RV64: Prediction for thread 0x0000000047b5a468: 0.2309
EA_PEDF_RV64: Prediction for thread 0x0000000047b1fc90: 0.5180
EA_PEDF_RV64: Prediction for core 1: 1.0329
Imbalanced!
>  Iteration [256], Clock: 751999999Hz, Temperature: 41.3040C
EA_PEDF_RV64: Prediction for thread 0x0000000047c443c8: 0.2309
EA_PEDF_RV64: Prediction for thread 0x0000000047c09bf0: 0.5148
EA_PEDF_RV64: Prediction for thread 0x0000000047bcf418: 0.5296
EA_PEDF_RV64: Prediction for thread 0x0000000047b94c40: 0.4061
EA_PEDF_RV64: Prediction for thread 0x0000000047b5a468: 0.2309
EA_PEDF_RV64: Prediction for thread 0x0000000047b1fc90: 0.5201
EA_PEDF_RV64: Prediction for core 1: 1.0350
Imbalanced!
>  Iteration [257], Clock: 751999999Hz, Temperature: 41.3040C
EA_PEDF_RV64: Prediction for thread 0x0000000047c443c8: 0.2309
EA_PEDF_RV64: Prediction for thread 0x0000000047c09bf0: 0.5148
EA_PEDF_RV64: Prediction for thread 0x0000000047bcf418: 0.5294
EA_PEDF_RV64: Prediction for thread 0x0000000047b94c40: 0.4047
EA_PEDF_RV64: Prediction for thread 0x0000000047b5a468: 0.2309
EA_PEDF_RV64: Prediction for thread 0x0000000047b1fc90: 0.5180
EA_PEDF_RV64: Prediction for core 1: 1.0328
Imbalanced!
>  Iteration [258], Clock: 751999999Hz, Temperature: 41.3620C
EA_PEDF_RV64: Prediction for thread 0x0000000047c443c8: 0.2309
EA_PEDF_RV64: Prediction for thread 0x0000000047c09bf0: 0.5148
EA_PEDF_RV64: Prediction for thread 0x0000000047bcf418: 0.5294
EA_PEDF_RV64: Prediction for thread 0x0000000047b94c40: 0.4062
EA_PEDF_RV64: Prediction for thread 0x0000000047b5a468: 0.2309
EA_PEDF_RV64: Prediction for thread 0x0000000047b1fc90: 0.5201
EA_PEDF_RV64: Prediction for core 1: 1.0349
Imbalanced!
>  Iteration [259], Clock: 751999999Hz, Temperature: 41.3620C
EA_PEDF_RV64: Prediction for thread 0x0000000047c443c8: 0.2309
EA_PEDF_RV64: Prediction for thread 0x0000000047c09bf0: 0.5148
EA_PEDF_RV64: Prediction for thread 0x0000000047bcf418: 0.5296
EA_PEDF_RV64: Prediction for thread 0x0000000047b94c40: 0.4047
EA_PEDF_RV64: Prediction for thread 0x0000000047b5a468: 0.2309
EA_PEDF_RV64: Prediction for thread 0x0000000047b1fc90: 0.5181
EA_PEDF_RV64: Prediction for core 1: 1.0329
Imbalanced!
>  Iteration [260], Clock: 751999999Hz, Temperature: 41.3040C
EA_PEDF_RV64: Prediction for thread 0x0000000047c443c8: 0.2309
EA_PEDF_RV64: Prediction for thread 0x0000000047c09bf0: 0.5148
EA_PEDF_RV64: Prediction for thread 0x0000000047bcf418: 0.5293
EA_PEDF_RV64: Prediction for thread 0x0000000047b94c40: 0.4061
EA_PEDF_RV64: Prediction for thread 0x0000000047b5a468: 0.2309
EA_PEDF_RV64: Prediction for thread 0x0000000047b1fc90: 0.5201
EA_PEDF_RV64: Prediction for core 1: 1.0349
Imbalanced!
>  Iteration [261], Clock: 751999999Hz, Temperature: 41.3620C
EA_PEDF_RV64: Prediction for thread 0x0000000047c443c8: 0.2309
EA_PEDF_RV64: Prediction for thread 0x0000000047c09bf0: 0.5148
EA_PEDF_RV64: Prediction for thread 0x0000000047bcf418: 0.5293
EA_PEDF_RV64: Prediction for thread 0x0000000047b94c40: 0.4047
EA_PEDF_RV64: Prediction for thread 0x0000000047b5a468: 0.2309
EA_PEDF_RV64: Prediction for thread 0x0000000047b1fc90: 0.5180
EA_PEDF_RV64: Prediction for core 1: 1.0328
Imbalanced!
>  Iteration [262], Clock: 751999999Hz, Temperature: 41.3620C
EA_PEDF_RV64: Prediction for thread 0x0000000047c443c8: 0.2309
EA_PEDF_RV64: Prediction for thread 0x0000000047c09bf0: 0.5148
EA_PEDF_RV64: Prediction for thread 0x0000000047bcf418: 0.5296
EA_PEDF_RV64: Prediction for thread 0x0000000047b94c40: 0.4062
EA_PEDF_RV64: Prediction for thread 0x0000000047b5a468: 0.2309
EA_PEDF_RV64: Prediction for thread 0x0000000047b1fc90: 0.5202
EA_PEDF_RV64: Prediction for core 1: 1.0350
Imbalanced!
>  Iteration [263], Clock: 751999999Hz, Temperature: 41.3620C
EA_PEDF_RV64: Prediction for thread 0x0000000047c443c8: 0.2309
EA_PEDF_RV64: Prediction for thread 0x0000000047c09bf0: 0.5148
EA_PEDF_RV64: Prediction for thread 0x0000000047bcf418: 0.5296
EA_PEDF_RV64: Prediction for thread 0x0000000047b94c40: 0.4046
EA_PEDF_RV64: Prediction for thread 0x0000000047b5a468: 0.2309
EA_PEDF_RV64: Prediction for thread 0x0000000047b1fc90: 0.5181
EA_PEDF_RV64: Prediction for core 1: 1.0329
Imbalanced!
>  Iteration [264], Clock: 751999999Hz, Temperature: 41.3620C
EA_PEDF_RV64: Prediction for thread 0x0000000047c443c8: 0.2309
EA_PEDF_RV64: Prediction for thread 0x0000000047c09bf0: 0.5148
EA_PEDF_RV64: Prediction for thread 0x0000000047bcf418: 0.5295
EA_PEDF_RV64: Prediction for thread 0x0000000047b94c40: 0.4062
EA_PEDF_RV64: Prediction for thread 0x0000000047b5a468: 0.2309
EA_PEDF_RV64: Prediction for thread 0x0000000047b1fc90: 0.5201
EA_PEDF_RV64: Prediction for core 1: 1.0350
Imbalanced!
>  Iteration [265], Clock: 751999999Hz, Temperature: 41.3620C
EA_PEDF_RV64: Prediction for thread 0x0000000047c443c8: 0.2309
EA_PEDF_RV64: Prediction for thread 0x0000000047c09bf0: 0.5149
EA_PEDF_RV64: Prediction for thread 0x0000000047bcf418: 0.5295
EA_PEDF_RV64: Prediction for thread 0x0000000047b94c40: 0.3966
EA_PEDF_RV64: Prediction for thread 0x0000000047b5a468: 0.2309
EA_PEDF_RV64: Prediction for thread 0x0000000047b1fc90: 0.5175
EA_PEDF_RV64: Prediction for core 1: 1.0324
Imbalanced!
>  Iteration [266], Clock: 751999999Hz, Temperature: 41.3620C
EA_PEDF_RV64: Prediction for thread 0x0000000047c443c8: 0.2309
EA_PEDF_RV64: Prediction for thread 0x0000000047c09bf0: 0.5148
EA_PEDF_RV64: Prediction for thread 0x0000000047bcf418: 0.5295
EA_PEDF_RV64: Prediction for thread 0x0000000047b94c40: 0.5127
EA_PEDF_RV64: Prediction for thread 0x0000000047b5a468: 0.2309
EA_PEDF_RV64: Prediction for thread 0x0000000047b1fc90: 0.5198
EA_PEDF_RV64: Prediction for core 1: 1.0346
Imbalanced!
>  Iteration [267], Clock: 751999999Hz, Temperature: 41.3620C
EA_PEDF_RV64: Prediction for thread 0x0000000047c443c8: 0.2309
EA_PEDF_RV64: Prediction for thread 0x0000000047c09bf0: 0.5148
EA_PEDF_RV64: Prediction for thread 0x0000000047bcf418: 0.5380
EA_PEDF_RV64: Prediction for thread 0x0000000047b94c40: 0.3966
EA_PEDF_RV64: Prediction for thread 0x0000000047b5a468: 0.2309
EA_PEDF_RV64: Prediction for thread 0x0000000047b1fc90: 0.5180
EA_PEDF_RV64: Prediction for core 1: 1.0328
Imbalanced!
>  Iteration [268], Clock: 751999999Hz, Temperature: 41.3620C
EA_PEDF_RV64: Prediction for thread 0x0000000047c443c8: 0.2309
EA_PEDF_RV64: Prediction for thread 0x0000000047c09bf0: 0.5148
EA_PEDF_RV64: Prediction for thread 0x0000000047bcf418: 0.5395
EA_PEDF_RV64: Prediction for thread 0x0000000047b94c40: 0.3966
EA_PEDF_RV64: Prediction for thread 0x0000000047b5a468: 0.2309
EA_PEDF_RV64: Prediction for thread 0x0000000047b1fc90: 0.5194
EA_PEDF_RV64: Prediction for core 1: 1.0342
Imbalanced!
>  Iteration [269], Clock: 751999999Hz, Temperature: 41.3620C
EA_PEDF_RV64: Prediction for thread 0x0000000047c443c8: 0.2309
EA_PEDF_RV64: Prediction for thread 0x0000000047c09bf0: 0.5148
EA_PEDF_RV64: Prediction for thread 0x0000000047bcf418: 0.5378
EA_PEDF_RV64: Prediction for thread 0x0000000047b94c40: 0.3966
EA_PEDF_RV64: Prediction for thread 0x0000000047b5a468: 0.2309
EA_PEDF_RV64: Prediction for thread 0x0000000047b1fc90: 0.5180
EA_PEDF_RV64: Prediction for core 1: 1.0328
Imbalanced!
>  Iteration [270], Clock: 751999999Hz, Temperature: 41.3620C
EA_PEDF_RV64: Prediction for thread 0x0000000047c443c8: 0.2309
EA_PEDF_RV64: Prediction for thread 0x0000000047c09bf0: 0.5148
EA_PEDF_RV64: Prediction for thread 0x0000000047bcf418: 0.5393
EA_PEDF_RV64: Prediction for thread 0x0000000047b94c40: 0.3966
EA_PEDF_RV64: Prediction for thread 0x0000000047b5a468: 0.2309
EA_PEDF_RV64: Prediction for thread 0x0000000047b1fc90: 0.5195
EA_PEDF_RV64: Prediction for core 1: 1.0342
Imbalanced!
>  Iteration [271], Clock: 751999999Hz, Temperature: 41.3620C
EA_PEDF_RV64: Prediction for thread 0x0000000047c443c8: 0.2309
EA_PEDF_RV64: Prediction for thread 0x0000000047c09bf0: 0.5148
EA_PEDF_RV64: Prediction for thread 0x0000000047bcf418: 0.5380
EA_PEDF_RV64: Prediction for thread 0x0000000047b94c40: 0.3966
EA_PEDF_RV64: Prediction for thread 0x0000000047b5a468: 0.2309
EA_PEDF_RV64: Prediction for thread 0x0000000047b1fc90: 0.5181
EA_PEDF_RV64: Prediction for core 1: 1.0328
Imbalanced!
>  Iteration [272], Clock: 751999999Hz, Temperature: 41.3620C
EA_PEDF_RV64: Prediction for thread 0x0000000047c443c8: 0.2309
EA_PEDF_RV64: Prediction for thread 0x0000000047c09bf0: 0.5147
EA_PEDF_RV64: Prediction for thread 0x0000000047bcf418: 0.5394
EA_PEDF_RV64: Prediction for thread 0x0000000047b94c40: 0.3965
EA_PEDF_RV64: Prediction for thread 0x0000000047b5a468: 0.2309
EA_PEDF_RV64: Prediction for thread 0x0000000047b1fc90: 0.5194
EA_PEDF_RV64: Prediction for core 1: 1.0342
Imbalanced!
>  Iteration [273], Clock: 751999999Hz, Temperature: 41.3620C
EA_PEDF_RV64: Prediction for thread 0x0000000047c443c8: 0.2309
EA_PEDF_RV64: Prediction for thread 0x0000000047c09bf0: 0.5147
EA_PEDF_RV64: Prediction for thread 0x0000000047bcf418: 0.5379
EA_PEDF_RV64: Prediction for thread 0x0000000047b94c40: 0.3966
EA_PEDF_RV64: Prediction for thread 0x0000000047b5a468: 0.2309
EA_PEDF_RV64: Prediction for thread 0x0000000047b1fc90: 0.5181
EA_PEDF_RV64: Prediction for core 1: 1.0328
Imbalanced!
>  Iteration [274], Clock: 751999999Hz, Temperature: 41.3620C
EA_PEDF_RV64: Prediction for thread 0x0000000047c443c8: 0.2309
EA_PEDF_RV64: Prediction for thread 0x0000000047c09bf0: 0.5147
EA_PEDF_RV64: Prediction for thread 0x0000000047bcf418: 0.5394
EA_PEDF_RV64: Prediction for thread 0x0000000047b94c40: 0.3966
EA_PEDF_RV64: Prediction for thread 0x0000000047b5a468: 0.2309
EA_PEDF_RV64: Prediction for thread 0x0000000047b1fc90: 0.5194
EA_PEDF_RV64: Prediction for core 1: 1.0342
Imbalanced!
>  Iteration [275], Clock: 751999999Hz, Temperature: 41.3620C
EA_PEDF_RV64: Prediction for thread 0x0000000047c443c8: 0.2309
EA_PEDF_RV64: Prediction for thread 0x0000000047c09bf0: 0.5147
EA_PEDF_RV64: Prediction for thread 0x0000000047bcf418: 0.5378
EA_PEDF_RV64: Prediction for thread 0x0000000047b94c40: 0.3966
EA_PEDF_RV64: Prediction for thread 0x0000000047b5a468: 0.2309
EA_PEDF_RV64: Prediction for thread 0x0000000047b1fc90: 0.5180
EA_PEDF_RV64: Prediction for core 1: 1.0328
Imbalanced!
>  Iteration [276], Clock: 751999999Hz, Temperature: 41.4200C
EA_PEDF_RV64: Prediction for thread 0x0000000047c443c8: 0.2309
EA_PEDF_RV64: Prediction for thread 0x0000000047c09bf0: 0.5147
EA_PEDF_RV64: Prediction for thread 0x0000000047bcf418: 0.5394
EA_PEDF_RV64: Prediction for thread 0x0000000047b94c40: 0.3966
EA_PEDF_RV64: Prediction for thread 0x0000000047b5a468: 0.2309
EA_PEDF_RV64: Prediction for thread 0x0000000047b1fc90: 0.5195
EA_PEDF_RV64: Prediction for core 1: 1.0342
Imbalanced!
>  Iteration [277], Clock: 751999999Hz, Temperature: 41.4200C
EA_PEDF_RV64: Prediction for thread 0x0000000047c443c8: 0.2309
EA_PEDF_RV64: Prediction for thread 0x0000000047c09bf0: 0.5148
EA_PEDF_RV64: Prediction for thread 0x0000000047bcf418: 0.5380
EA_PEDF_RV64: Prediction for thread 0x0000000047b94c40: 0.3966
EA_PEDF_RV64: Prediction for thread 0x0000000047b5a468: 0.2309
EA_PEDF_RV64: Prediction for thread 0x0000000047b1fc90: 0.5180
EA_PEDF_RV64: Prediction for core 1: 1.0328
Imbalanced!
>  Iteration [278], Clock: 751999999Hz, Temperature: 41.4200C
EA_PEDF_RV64: Prediction for thread 0x0000000047c443c8: 0.2309
EA_PEDF_RV64: Prediction for thread 0x0000000047c09bf0: 0.5148
EA_PEDF_RV64: Prediction for thread 0x0000000047bcf418: 0.5394
EA_PEDF_RV64: Prediction for thread 0x0000000047b94c40: 0.3966
EA_PEDF_RV64: Prediction for thread 0x0000000047b5a468: 0.2309
EA_PEDF_RV64: Prediction for thread 0x0000000047b1fc90: 0.5194
EA_PEDF_RV64: Prediction for core 1: 1.0342
Imbalanced!
>  Iteration [279], Clock: 751999999Hz, Temperature: 41.4200C
EA_PEDF_RV64: Prediction for thread 0x0000000047c443c8: 0.2309
EA_PEDF_RV64: Prediction for thread 0x0000000047c09bf0: 0.5149
EA_PEDF_RV64: Prediction for thread 0x0000000047bcf418: 0.5377
EA_PEDF_RV64: Prediction for thread 0x0000000047b94c40: 0.3966
EA_PEDF_RV64: Prediction for thread 0x0000000047b5a468: 0.2309
EA_PEDF_RV64: Prediction for thread 0x0000000047b1fc90: 0.5116
EA_PEDF_RV64: Prediction for core 1: 1.0265
Imbalanced!
>  Iteration [280], Clock: 751999999Hz, Temperature: 41.4200C
EA_PEDF_RV64: Prediction for thread 0x0000000047c443c8: 0.2309
EA_PEDF_RV64: Prediction for thread 0x0000000047c09bf0: 0.5150
EA_PEDF_RV64: Prediction for thread 0x0000000047bcf418: 0.5393
EA_PEDF_RV64: Prediction for thread 0x0000000047b94c40: 0.3966
EA_PEDF_RV64: Prediction for thread 0x0000000047b5a468: 0.2309
EA_PEDF_RV64: Prediction for thread 0x0000000047b1fc90: 0.6363
<0>: EA_PEDF_RV64: The utilization went beyond the safety margin of 95.0000%
Core 1 utilization: 0.9890
Core 2 utilization: 0.5693
Core 3 utilization: 0.3246
 :<0>
Revoking...
>  Iteration [281], Clock: 1503999999Hz, Temperature: 41.4200C
>  Iteration [282], Clock: 1503999999Hz, Temperature: 42.0580C
EA_PEDF_RV64: Prediction for thread 0x0000000047c443c8: 0.2309
EA_PEDF_RV64: Prediction for thread 0x0000000047c09bf0: 0.3838
EA_PEDF_RV64: Prediction for thread 0x0000000047bcf418: 0.3265
EA_PEDF_RV64: Prediction for thread 0x0000000047b94c40: 0.2401
EA_PEDF_RV64: Prediction for thread 0x0000000047b5a468: 0.2309
EA_PEDF_RV64: Prediction for thread 0x0000000047b1fc90: 0.3779
EA_PEDF_RV64: Prediction for core 1: 0.7618
EA_PEDF_RV64: Prediction for core 2: 0.5666
EA_PEDF_RV64: Prediction for core 3: 0.4618
>  Iteration [283], Clock: 751999999Hz, Temperature: 42.4060C
>  Iteration [284], Clock: 751999999Hz, Temperature: 41.9420C
Retraining...
EA_PEDF_RV64: Error for thread 0x0000000047c443c8: 0.0782 = 0.1527 - 0.2309
EA_PEDF_RV64: Error for thread 0x0000000047c09bf0: 0.0129 = 0.3709 - 0.3838
EA_PEDF_RV64: Error for thread 0x0000000047bcf418: 0.0476 = 0.3741 - 0.3265
EA_PEDF_RV64: Error for thread 0x0000000047b94c40: 0.0354 = 0.2047 - 0.2401
EA_PEDF_RV64: Error for thread 0x0000000047b5a468: 0.0455 = 0.1854 - 0.2309
EA_PEDF_RV64: Error for thread 0x0000000047b1fc90: 0.0166 = 0.3614 - 0.3779
Training dataset: In [0.3863, 0.3333, 0.2965, 0.2619, 0.6993, 0.0754, 0.1711, 0.
0544, 0.0233, 0.0678, 0.2801] Out [0.6107]
Training dataset: In [0.1780, 0.3333, 0.0401, 0.4890, 0.1508, 0.0050, 0.0224, 0.
0000, 0.0000, 0.0000, 0.0990] Out [0.2671]
Training dataset: In [0.3913, 0.3333, 0.3026, 0.2686, 0.6993, 0.0749, 0.1698, 0.
0541, 0.0310, 0.0674, 0.2882] Out [0.6107]
Training dataset: In [0.1780, 0.3333, 0.0401, 0.4890, 0.1508, 0.0050, 0.0224, 0.
0000, 0.0000, 0.0000, 0.0967] Out [0.2671]
Training dataset: In [0.3863, 0.3333, 0.2965, 0.2619, 0.6993, 0.0754, 0.1707, 0.
0543, 0.0272, 0.0677, 0.2894] Out [0.6107]
Training dataset: In [0.1780, 0.3333, 0.0401, 0.4890, 0.1508, 0.0050, 0.0224, 0.
0000, 0.0000, 0.0000, 0.0990] Out [0.2671]
Training dataset: In [0.3914, 0.3333, 0.3029, 0.2686, 0.6993, 0.0750, 0.1701, 0.
0542, 0.0310, 0.0675, 0.2919] Out [0.6107]
Training dataset: In [0.1780, 0.3333, 0.0401, 0.4890, 0.1508, 0.0049, 0.0224, 0.
0000, 0.0000, 0.0000, 0.0967] Out [0.2671]
Training dataset: In [0.3863, 0.3333, 0.2965, 0.2619, 0.6993, 0.0752, 0.1705, 0.
0544, 0.0194, 0.0678, 0.2727] Out [0.6107]
Training dataset: In [0.1780, 0.3333, 0.0401, 0.4890, 0.1508, 0.0050, 0.0224, 0.
0000, 0.0000, 0.0000, 0.0990] Out [0.2671]
Training dataset: In [0.3913, 0.3333, 0.3027, 0.2686, 0.6993, 0.0749, 0.1695, 0.
0543, 0.0348, 0.0677, 0.2790] Out [0.6107]
Training dataset: In [0.1780, 0.3333, 0.0401, 0.4890, 0.1508, 0.0050, 0.0224, 0.
0000, 0.0000, 0.0000, 0.0990] Out [0.2671]
Training dataset: In [0.1898, 1.0000, 0.2883, 0.2370, 0.4051, 0.0684, 0.1563, 0.
0453, 0.0237, 0.0542, 0.1188] Out [0.3741]
Training dataset: In [0.0890, 1.0000, 0.0401, 0.4890, 0.0012, 0.0046, 0.0204, 0.
0006, 0.0000, 0.0020, 0.0598] Out [0.2047]
Training dataset: In [0.3555, 0.3333, 0.2586, 0.2370, 0.6957, 0.0771, 0.1748, 0.
0558, 0.0356, 0.0695, 0.2903] Out [0.6107]
Training dataset: In [0.1780, 0.3333, 0.0401, 0.4890, 0.1508, 0.0050, 0.0224, 0.
0000, 0.0000, 0.0000, 0.0990] Out [0.2671]
Training dataset: In [0.1466, 0.3333, 0.1536, 0.0215, 0.2356, 0.9027, 0.6755, 0.
7564, 0.3493, 0.6554, 0.1775] Out [0.2738]
Training dataset: In [0.1780, 0.3333, 0.1865, 0.5000, 0.2651, 0.0061, 0.0323, 0.
0010, 0.0048, 0.0033, 0.0464] Out [0.2689]
Training dataset: In [0.1466, 0.3333, 0.1535, 0.0215, 0.2356, 0.9027, 0.6743, 0.
7561, 0.2096, 0.6556, 0.2283] Out [0.2738]
Training dataset: In [0.1780, 0.3333, 0.1865, 0.5000, 0.2651, 0.0061, 0.0323, 0.
0010, 0.0048, 0.0033, 0.0455] Out [0.2689]
Training dataset: In [0.1467, 0.3333, 0.1537, 0.0215, 0.2356, 0.9027, 0.6789, 0.
7579, 0.2795, 0.6577, 0.2536] Out [0.2738]
Training dataset: In [0.1780, 0.3333, 0.1865, 0.5000, 0.2651, 0.0061, 0.0322, 0.
0010, 0.0048, 0.0032, 0.0464] Out [0.2689]
Training dataset: In [0.1466, 0.3333, 0.1536, 0.0215, 0.2356, 0.9027, 0.6768, 0.
7568, 0.1397, 0.6562, 0.2283] Out [0.2738]
Training dataset: In [0.1780, 0.3333, 0.1865, 0.5000, 0.2651, 0.0061, 0.0323, 0.
0011, 0.0048, 0.0033, 0.0464] Out [0.2689]
Training dataset: In [0.1469, 0.3333, 0.1539, 0.0215, 0.2356, 0.9033, 0.6785, 0.
7589, 0.2795, 0.6587, 0.2790] Out [0.2738]
Training dataset: In [0.1780, 0.3333, 0.1865, 0.5000, 0.2651, 0.0060, 0.0322, 0.
0011, 0.0048, 0.0032, 0.0473] Out [0.2689]
Training dataset: In [0.1466, 0.3333, 0.1535, 0.0215, 0.2356, 0.9026, 0.6767, 0.
7563, 0.1397, 0.6561, 0.1522] Out [0.2738]
Training dataset: In [0.1780, 0.3333, 0.1865, 0.5000, 0.2651, 0.0061, 0.0323, 0.
0010, 0.0048, 0.0032, 0.0447] Out [0.2689]
Training dataset: In [0.1034, 1.0000, 0.2167, 0.0216, 0.1745, 0.8801, 0.5993, 0.
6351, 0.2095, 0.4756, 0.0887] Out [0.1527]
Training dataset: In [0.0890, 1.0000, 0.1864, 0.5000, 0.1357, 0.0172, 0.0672, 0.
0026, 0.0096, 0.0082, 0.0394] Out [0.1854]
Training dataset: In [0.1465, 0.3333, 0.1535, 0.0215, 0.2367, 0.9024, 0.6732, 0.
7560, 0.0699, 0.6554, 0.2917] Out [0.2738]
Training dataset: In [0.1780, 0.3333, 0.1865, 0.5000, 0.2651, 0.0061, 0.0323, 0.
0011, 0.0048, 0.0033, 0.0429] Out [0.2689]
EA_PEDF_RV64: Prediction for thread 0x0000000047c443c8: 0.2436
EA_PEDF_RV64: Prediction for thread 0x0000000047c09bf0: 0.5150
EA_PEDF_RV64: Prediction for thread 0x0000000047bcf418: 0.5208
EA_PEDF_RV64: Prediction for thread 0x0000000047b94c40: 0.3860
EA_PEDF_RV64: Prediction for thread 0x0000000047b5a468: 0.2436
EA_PEDF_RV64: Prediction for thread 0x0000000047b1fc90: 0.5115
EA_PEDF_RV64: Prediction for core 1: 1.0265
Imbalanced!
>  Iteration [285], Clock: 751999999Hz, Temperature: 41.7680C
EA_PEDF_RV64: Prediction for thread 0x0000000047c443c8: 0.2436
EA_PEDF_RV64: Prediction for thread 0x0000000047c09bf0: 0.5922
EA_PEDF_RV64: Prediction for thread 0x0000000047bcf418: 0.6337
EA_PEDF_RV64: Prediction for thread 0x0000000047b94c40: 0.3862
EA_PEDF_RV64: Prediction for thread 0x0000000047b5a468: 0.2436
EA_PEDF_RV64: Prediction for thread 0x0000000047b1fc90: 0.5116
<0>: EA_PEDF_RV64: The utilization went beyond the safety margin of 95.0000%
Core 1 utilization: 1.0857
Core 2 utilization: 0.9562
Core 3 utilization: 0.3248
 :<0>
Revoking...
>  Iteration [286], Clock: 1503999999Hz, Temperature: 41.7100C
>  Iteration [287], Clock: 1503999999Hz, Temperature: 42.2900C
EA_PEDF_RV64: Prediction for thread 0x0000000047c443c8: 0.2436
EA_PEDF_RV64: Prediction for thread 0x0000000047c09bf0: 0.3836
EA_PEDF_RV64: Prediction for thread 0x0000000047bcf418: 0.3158
EA_PEDF_RV64: Prediction for thread 0x0000000047b94c40: 0.2284
EA_PEDF_RV64: Prediction for thread 0x0000000047b5a468: 0.2436
EA_PEDF_RV64: Prediction for thread 0x0000000047b1fc90: 0.3781
EA_PEDF_RV64: Prediction for core 1: 0.7617
EA_PEDF_RV64: Prediction for core 2: 0.5442
EA_PEDF_RV64: Prediction for core 3: 0.4872
>  Iteration [288], Clock: 751999999Hz, Temperature: 42.5800C
>  Iteration [289], Clock: 751999999Hz, Temperature: 42.1160C
Retraining...
EA_PEDF_RV64: Error for thread 0x0000000047c443c8: 0.0910 = 0.1526 - 0.2436
EA_PEDF_RV64: Error for thread 0x0000000047c09bf0: 0.0108 = 0.3728 - 0.3836
EA_PEDF_RV64: Error for thread 0x0000000047bcf418: 0.0604 = 0.3762 - 0.3158
EA_PEDF_RV64: Error for thread 0x0000000047b94c40: 0.0240 = 0.2044 - 0.2284
EA_PEDF_RV64: Error for thread 0x0000000047b5a468: 0.0583 = 0.1853 - 0.2436
EA_PEDF_RV64: Error for thread 0x0000000047b1fc90: 0.0171 = 0.3610 - 0.3781
Training dataset: In [0.3914, 0.3333, 0.3029, 0.2686, 0.6993, 0.0750, 0.1701, 0.
0542, 0.0310, 0.0675, 0.2919] Out [0.6107]
Training dataset: In [0.1780, 0.3333, 0.0401, 0.4890, 0.1508, 0.0049, 0.0224, 0.
0000, 0.0000, 0.0000, 0.0967] Out [0.2671]
Training dataset: In [0.3863, 0.3333, 0.2965, 0.2619, 0.6993, 0.0752, 0.1705, 0.
0544, 0.0194, 0.0678, 0.2727] Out [0.6107]
Training dataset: In [0.1780, 0.3333, 0.0401, 0.4890, 0.1508, 0.0050, 0.0224, 0.
0000, 0.0000, 0.0000, 0.0990] Out [0.2671]
Training dataset: In [0.3913, 0.3333, 0.3027, 0.2686, 0.6993, 0.0749, 0.1695, 0.
0543, 0.0348, 0.0677, 0.2790] Out [0.6107]
Training dataset: In [0.1780, 0.3333, 0.0401, 0.4890, 0.1508, 0.0050, 0.0224, 0.
0000, 0.0000, 0.0000, 0.0990] Out [0.2671]
Training dataset: In [0.1898, 1.0000, 0.2883, 0.2370, 0.4051, 0.0684, 0.1563, 0.
0453, 0.0237, 0.0542, 0.1188] Out [0.3762]
Training dataset: In [0.0890, 1.0000, 0.0401, 0.4890, 0.0012, 0.0046, 0.0204, 0.
0006, 0.0000, 0.0020, 0.0598] Out [0.2044]
Training dataset: In [0.3555, 0.3333, 0.2586, 0.2370, 0.6957, 0.0771, 0.1748, 0.
0558, 0.0356, 0.0695, 0.2903] Out [0.6107]
Training dataset: In [0.1780, 0.3333, 0.0401, 0.4890, 0.1508, 0.0050, 0.0224, 0.
0000, 0.0000, 0.0000, 0.0990] Out [0.2671]
Training dataset: In [0.7781, 0.3333, 0.7789, 0.5745, 0.6993, 0.0605, 0.1322, 0.
0454, 0.0422, 0.0567, 0.2340] Out [0.6107]
Training dataset: In [0.1780, 0.3333, 0.0401, 0.4890, 0.1520, 0.0050, 0.0224, 0.
0000, 0.0000, 0.0000, 0.0967] Out [0.2671]
Training dataset: In [0.1896, 1.0000, 0.2879, 0.2370, 0.4051, 0.0683, 0.1565, 0.
0449, 0.0237, 0.0537, 0.1169] Out [0.3762]
Training dataset: In [0.0890, 1.0000, 0.0401, 0.4890, 0.0012, 0.0046, 0.0203, 0.
0006, 0.0000, 0.0020, 0.0714] Out [0.2044]
Training dataset: In [0.3557, 0.3333, 0.2588, 0.2370, 0.6957, 0.0771, 0.1748, 0.
0557, 0.0277, 0.0694, 0.2827] Out [0.6107]
Training dataset: In [0.1780, 0.3333, 0.0401, 0.4890, 0.1508, 0.0050, 0.0224, 0.
0000, 0.0000, 0.0000, 0.1243] Out [0.2671]
Training dataset: In [0.1466, 0.3333, 0.1536, 0.0215, 0.2356, 0.9027, 0.6768, 0.
7568, 0.1397, 0.6562, 0.2283] Out [0.2738]
Training dataset: In [0.1780, 0.3333, 0.1865, 0.5000, 0.2651, 0.0061, 0.0323, 0.
0011, 0.0048, 0.0033, 0.0464] Out [0.2689]
Training dataset: In [0.1469, 0.3333, 0.1539, 0.0215, 0.2356, 0.9033, 0.6785, 0.
7589, 0.2795, 0.6587, 0.2790] Out [0.2738]
Training dataset: In [0.1780, 0.3333, 0.1865, 0.5000, 0.2651, 0.0060, 0.0322, 0.
0011, 0.0048, 0.0032, 0.0473] Out [0.2689]
Training dataset: In [0.1466, 0.3333, 0.1535, 0.0215, 0.2356, 0.9026, 0.6767, 0.
7563, 0.1397, 0.6561, 0.1522] Out [0.2738]
Training dataset: In [0.1780, 0.3333, 0.1865, 0.5000, 0.2651, 0.0061, 0.0323, 0.
0010, 0.0048, 0.0032, 0.0447] Out [0.2689]
Training dataset: In [0.1034, 1.0000, 0.2167, 0.0216, 0.1745, 0.8801, 0.5993, 0.
6351, 0.2095, 0.4756, 0.0887] Out [0.1526]
Training dataset: In [0.0890, 1.0000, 0.1864, 0.5000, 0.1357, 0.0172, 0.0672, 0.
0026, 0.0096, 0.0082, 0.0394] Out [0.1853]
Training dataset: In [0.1465, 0.3333, 0.1535, 0.0215, 0.2367, 0.9024, 0.6732, 0.
7560, 0.0699, 0.6554, 0.2917] Out [0.2738]
Training dataset: In [0.1780, 0.3333, 0.1865, 0.5000, 0.2651, 0.0061, 0.0323, 0.
0011, 0.0048, 0.0033, 0.0429] Out [0.2689]
Training dataset: In [0.1468, 0.3333, 0.1538, 0.0215, 0.2356, 0.9032, 0.6784, 0.
7584, 0.2096, 0.6573, 0.2790] Out [0.2738]
Training dataset: In [0.1780, 0.3333, 0.1865, 0.5000, 0.2651, 0.0061, 0.0322, 0.
0011, 0.0048, 0.0033, 0.0464] Out [0.2689]
Training dataset: In [0.1028, 1.0000, 0.2152, 0.0215, 0.1745, 0.8793, 0.5932, 0.
6296, 0.1399, 0.4693, 0.1142] Out [0.1526]
Training dataset: In [0.0890, 1.0000, 0.1864, 0.5000, 0.1357, 0.0172, 0.0670, 0.
0026, 0.0145, 0.0083, 0.0377] Out [0.1853]
Training dataset: In [0.1468, 0.3333, 0.1538, 0.0215, 0.2367, 0.9031, 0.6777, 0.
7582, 0.1397, 0.6562, 0.3551] Out [0.2738]
Training dataset: In [0.1780, 0.3333, 0.1865, 0.5000, 0.2651, 0.0061, 0.0322, 0.
0010, 0.0000, 0.0033, 0.0569] Out [0.2689]
EA_PEDF_RV64: Prediction for thread 0x0000000047c443c8: 0.2445
EA_PEDF_RV64: Prediction for thread 0x0000000047c09bf0: 0.5149
EA_PEDF_RV64: Prediction for thread 0x0000000047bcf418: 0.5164
EA_PEDF_RV64: Prediction for thread 0x0000000047b94c40: 0.3803
EA_PEDF_RV64: Prediction for thread 0x0000000047b5a468: 0.2445
EA_PEDF_RV64: Prediction for thread 0x0000000047b1fc90: 0.5117
EA_PEDF_RV64: Prediction for core 1: 1.0266
Imbalanced!
>  Iteration [290], Clock: 751999999Hz, Temperature: 41.9420C
EA_PEDF_RV64: Prediction for thread 0x0000000047c443c8: 0.2445
EA_PEDF_RV64: Prediction for thread 0x0000000047c09bf0: 0.5939
EA_PEDF_RV64: Prediction for thread 0x0000000047bcf418: 0.6317
EA_PEDF_RV64: Prediction for thread 0x0000000047b94c40: 0.3799
EA_PEDF_RV64: Prediction for thread 0x0000000047b5a468: 0.2445
EA_PEDF_RV64: Prediction for thread 0x0000000047b1fc90: 0.5116
<0>: EA_PEDF_RV64: The utilization went beyond the safety margin of 95.0000%
Core 1 utilization: 1.0907
Core 2 utilization: 0.9609
Core 3 utilization: 0.3247
 :<0>
Revoking...
>  Iteration [291], Clock: 1503999999Hz, Temperature: 41.8840C
>  Iteration [292], Clock: 1503999999Hz, Temperature: 42.4640C
EA_PEDF_RV64: Prediction for thread 0x0000000047c443c8: 0.2445
EA_PEDF_RV64: Prediction for thread 0x0000000047c09bf0: 0.3837
EA_PEDF_RV64: Prediction for thread 0x0000000047bcf418: 0.3099
EA_PEDF_RV64: Prediction for thread 0x0000000047b94c40: 0.2214
EA_PEDF_RV64: Prediction for thread 0x0000000047b5a468: 0.2445
EA_PEDF_RV64: Prediction for thread 0x0000000047b1fc90: 0.3779
EA_PEDF_RV64: Prediction for core 1: 0.7616
EA_PEDF_RV64: Prediction for core 2: 0.5312
EA_PEDF_RV64: Prediction for core 3: 0.4890
>  Iteration [293], Clock: 751999999Hz, Temperature: 42.7550C
>  Iteration [294], Clock: 751999999Hz, Temperature: 42.2900C
Retraining...
EA_PEDF_RV64: Error for thread 0x0000000047c443c8: 0.0919 = 0.1526 - 0.2445
EA_PEDF_RV64: Error for thread 0x0000000047c09bf0: 0.0090 = 0.3747 - 0.3837
EA_PEDF_RV64: Error for thread 0x0000000047bcf418: 0.0684 = 0.3783 - 0.3099
EA_PEDF_RV64: Error for thread 0x0000000047b94c40: 0.0173 = 0.2041 - 0.2214
EA_PEDF_RV64: Error for thread 0x0000000047b5a468: 0.0592 = 0.1852 - 0.2445
EA_PEDF_RV64: Error for thread 0x0000000047b1fc90: 0.0173 = 0.3606 - 0.3779
Training dataset: In [0.1898, 1.0000, 0.2883, 0.2370, 0.4051, 0.0684, 0.1563, 0.
0453, 0.0237, 0.0542, 0.1188] Out [0.3783]
Training dataset: In [0.0890, 1.0000, 0.0401, 0.4890, 0.0012, 0.0046, 0.0204, 0.
0006, 0.0000, 0.0020, 0.0598] Out [0.2041]
Training dataset: In [0.3555, 0.3333, 0.2586, 0.2370, 0.6957, 0.0771, 0.1748, 0.
0558, 0.0356, 0.0695, 0.2903] Out [0.6107]
Training dataset: In [0.1780, 0.3333, 0.0401, 0.4890, 0.1508, 0.0050, 0.0224, 0.
0000, 0.0000, 0.0000, 0.0990] Out [0.2671]
Training dataset: In [0.7781, 0.3333, 0.7789, 0.5745, 0.6993, 0.0605, 0.1322, 0.
0454, 0.0422, 0.0567, 0.2340] Out [0.6107]
Training dataset: In [0.1780, 0.3333, 0.0401, 0.4890, 0.1520, 0.0050, 0.0224, 0.
0000, 0.0000, 0.0000, 0.0967] Out [0.2671]
Training dataset: In [0.1896, 1.0000, 0.2879, 0.2370, 0.4051, 0.0683, 0.1565, 0.
0449, 0.0237, 0.0537, 0.1169] Out [0.3783]
Training dataset: In [0.0890, 1.0000, 0.0401, 0.4890, 0.0012, 0.0046, 0.0203, 0.
0006, 0.0000, 0.0020, 0.0714] Out [0.2041]
Training dataset: In [0.3557, 0.3333, 0.2588, 0.2370, 0.6957, 0.0771, 0.1748, 0.
0557, 0.0277, 0.0694, 0.2827] Out [0.6107]
Training dataset: In [0.1780, 0.3333, 0.0401, 0.4890, 0.1508, 0.0050, 0.0224, 0.
0000, 0.0000, 0.0000, 0.1243] Out [0.2671]
Training dataset: In [0.7829, 0.3333, 0.7848, 0.5812, 0.6993, 0.0602, 0.1316, 0.
0453, 0.0388, 0.0565, 0.2610] Out [0.6107]
Training dataset: In [0.1780, 0.3333, 0.0401, 0.4890, 0.1508, 0.0050, 0.0224, 0.
0000, 0.0000, 0.0000, 0.0944] Out [0.2671]
Training dataset: In [0.1897, 1.0000, 0.2879, 0.2370, 0.4051, 0.0683, 0.1563, 0.
0449, 0.0198, 0.0536, 0.1093] Out [0.3783]
Training dataset: In [0.0890, 1.0000, 0.0401, 0.4890, 0.0012, 0.0046, 0.0203, 0.
0006, 0.0000, 0.0020, 0.0575] Out [0.2041]
Training dataset: In [0.3556, 0.3333, 0.2587, 0.2370, 0.6957, 0.0771, 0.1748, 0.
0559, 0.0277, 0.0696, 0.3166] Out [0.6107]
Training dataset: In [0.1780, 0.3333, 0.0401, 0.4890, 0.1508, 0.0050, 0.0224, 0.
0000, 0.0000, 0.0000, 0.0990] Out [0.2671]
Training dataset: In [0.1034, 1.0000, 0.2167, 0.0216, 0.1745, 0.8801, 0.5993, 0.
6351, 0.2095, 0.4756, 0.0887] Out [0.1526]
Training dataset: In [0.0890, 1.0000, 0.1864, 0.5000, 0.1357, 0.0172, 0.0672, 0.
0026, 0.0096, 0.0082, 0.0394] Out [0.1852]
Training dataset: In [0.1465, 0.3333, 0.1535, 0.0215, 0.2367, 0.9024, 0.6732, 0.
7560, 0.0699, 0.6554, 0.2917] Out [0.2738]
Training dataset: In [0.1780, 0.3333, 0.1865, 0.5000, 0.2651, 0.0061, 0.0323, 0.
0011, 0.0048, 0.0033, 0.0429] Out [0.2689]
Training dataset: In [0.1468, 0.3333, 0.1538, 0.0215, 0.2356, 0.9032, 0.6784, 0.
7584, 0.2096, 0.6573, 0.2790] Out [0.2738]
Training dataset: In [0.1780, 0.3333, 0.1865, 0.5000, 0.2651, 0.0061, 0.0322, 0.
0011, 0.0048, 0.0033, 0.0464] Out [0.2689]
Training dataset: In [0.1028, 1.0000, 0.2152, 0.0215, 0.1745, 0.8793, 0.5932, 0.
6296, 0.1399, 0.4693, 0.1142] Out [0.1526]
Training dataset: In [0.0890, 1.0000, 0.1864, 0.5000, 0.1357, 0.0172, 0.0670, 0.
0026, 0.0145, 0.0083, 0.0377] Out [0.1852]
Training dataset: In [0.1468, 0.3333, 0.1538, 0.0215, 0.2367, 0.9031, 0.6777, 0.
7582, 0.1397, 0.6562, 0.3551] Out [0.2738]
Training dataset: In [0.1780, 0.3333, 0.1865, 0.5000, 0.2651, 0.0061, 0.0322, 0.
0010, 0.0000, 0.0033, 0.0569] Out [0.2689]
Training dataset: In [0.1466, 0.3333, 0.1536, 0.0215, 0.2356, 0.9027, 0.6757, 0.
7563, 0.2096, 0.6556, 0.2916] Out [0.2738]
Training dataset: In [0.1780, 0.3333, 0.1865, 0.5000, 0.2651, 0.0061, 0.0323, 0.
0011, 0.0048, 0.0033, 0.0473] Out [0.2689]
Training dataset: In [0.1028, 1.0000, 0.2154, 0.0215, 0.1745, 0.8793, 0.5913, 0.
6297, 0.1399, 0.4686, 0.0762] Out [0.1526]
Training dataset: In [0.0890, 1.0000, 0.1864, 0.5000, 0.1357, 0.0172, 0.0671, 0.
0026, 0.0096, 0.0083, 0.0350] Out [0.1852]
Training dataset: In [0.1464, 0.3333, 0.1533, 0.0215, 0.2367, 0.9022, 0.6768, 0.
7551, 0.2096, 0.6551, 0.2156] Out [0.2738]
Training dataset: In [0.1780, 0.3333, 0.1865, 0.5000, 0.2651, 0.0061, 0.0323, 0.
0011, 0.0048, 0.0033, 0.0455] Out [0.2689]
EA_PEDF_RV64: Prediction for thread 0x0000000047c443c8: 0.2392
EA_PEDF_RV64: Prediction for thread 0x0000000047c09bf0: 0.5149
EA_PEDF_RV64: Prediction for thread 0x0000000047bcf418: 0.5152
EA_PEDF_RV64: Prediction for thread 0x0000000047b94c40: 0.3772
EA_PEDF_RV64: Prediction for thread 0x0000000047b5a468: 0.2392
EA_PEDF_RV64: Prediction for thread 0x0000000047b1fc90: 0.5114
EA_PEDF_RV64: Prediction for core 1: 1.0263
Imbalanced!
>  Iteration [295], Clock: 751999999Hz, Temperature: 42.1160C
EA_PEDF_RV64: Prediction for thread 0x0000000047c443c8: 0.2392
EA_PEDF_RV64: Prediction for thread 0x0000000047c09bf0: 0.5929
EA_PEDF_RV64: Prediction for thread 0x0000000047bcf418: 0.6287
EA_PEDF_RV64: Prediction for thread 0x0000000047b94c40: 0.3774
EA_PEDF_RV64: Prediction for thread 0x0000000047b5a468: 0.2392
EA_PEDF_RV64: Prediction for thread 0x0000000047b1fc90: 0.5115
<0>: EA_PEDF_RV64: The utilization went beyond the safety margin of 95.0000%
Core 1 utilization: 1.0865
Core 2 utilization: 0.9560
Core 3 utilization: 0.3248
 :<0>
Revoking...
>  Iteration [296], Clock: 1503999999Hz, Temperature: 42.0000C
>  Iteration [297], Clock: 1503999999Hz, Temperature: 42.5800C
EA_PEDF_RV64: Prediction for thread 0x0000000047c443c8: 0.2392
EA_PEDF_RV64: Prediction for thread 0x0000000047c09bf0: 0.3838
EA_PEDF_RV64: Prediction for thread 0x0000000047bcf418: 0.3081
EA_PEDF_RV64: Prediction for thread 0x0000000047b94c40: 0.2184
EA_PEDF_RV64: Prediction for thread 0x0000000047b5a468: 0.2392
EA_PEDF_RV64: Prediction for thread 0x0000000047b1fc90: 0.3779
EA_PEDF_RV64: Prediction for core 1: 0.7617
EA_PEDF_RV64: Prediction for core 2: 0.5266
EA_PEDF_RV64: Prediction for core 3: 0.4785
>  Iteration [298], Clock: 751999999Hz, Temperature: 42.8710C
>  Iteration [299], Clock: 751999999Hz, Temperature: 42.4060C
Retraining...
EA_PEDF_RV64: Error for thread 0x0000000047c443c8: 0.0867 = 0.1525 - 0.2392
EA_PEDF_RV64: Error for thread 0x0000000047c09bf0: 0.0073 = 0.3765 - 0.3838
EA_PEDF_RV64: Error for thread 0x0000000047bcf418: 0.0740 = 0.3822 - 0.3081
EA_PEDF_RV64: Error for thread 0x0000000047b94c40: 0.0146 = 0.2039 - 0.2184
EA_PEDF_RV64: Error for thread 0x0000000047b5a468: 0.0541 = 0.1852 - 0.2392
EA_PEDF_RV64: Error for thread 0x0000000047b1fc90: 0.0176 = 0.3603 - 0.3779
Training dataset: In [0.1896, 1.0000, 0.2879, 0.2370, 0.4051, 0.0683, 0.1565, 0.
0449, 0.0237, 0.0537, 0.1169] Out [0.3822]
Training dataset: In [0.0890, 1.0000, 0.0401, 0.4890, 0.0012, 0.0046, 0.0203, 0.
0006, 0.0000, 0.0020, 0.0714] Out [0.2039]
Training dataset: In [0.3557, 0.3333, 0.2588, 0.2370, 0.6957, 0.0771, 0.1748, 0.
0557, 0.0277, 0.0694, 0.2827] Out [0.6107]
Training dataset: In [0.1780, 0.3333, 0.0401, 0.4890, 0.1508, 0.0050, 0.0224, 0.
0000, 0.0000, 0.0000, 0.1243] Out [0.2671]
Training dataset: In [0.7829, 0.3333, 0.7848, 0.5812, 0.6993, 0.0602, 0.1316, 0.
0453, 0.0388, 0.0565, 0.2610] Out [0.6107]
Training dataset: In [0.1780, 0.3333, 0.0401, 0.4890, 0.1508, 0.0050, 0.0224, 0.
0000, 0.0000, 0.0000, 0.0944] Out [0.2671]
Training dataset: In [0.1897, 1.0000, 0.2879, 0.2370, 0.4051, 0.0683, 0.1563, 0.
0449, 0.0198, 0.0536, 0.1093] Out [0.3822]
Training dataset: In [0.0890, 1.0000, 0.0401, 0.4890, 0.0012, 0.0046, 0.0203, 0.
0006, 0.0000, 0.0020, 0.0575] Out [0.2039]
Training dataset: In [0.3556, 0.3333, 0.2587, 0.2370, 0.6957, 0.0771, 0.1748, 0.
0559, 0.0277, 0.0696, 0.3166] Out [0.6107]
Training dataset: In [0.1780, 0.3333, 0.0401, 0.4890, 0.1508, 0.0050, 0.0224, 0.
0000, 0.0000, 0.0000, 0.0990] Out [0.2671]
Training dataset: In [0.7779, 0.3333, 0.7787, 0.5744, 0.6993, 0.0604, 0.1322, 0.
0453, 0.0487, 0.0566, 0.2433] Out [0.6107]
Training dataset: In [0.1780, 0.3333, 0.0401, 0.4890, 0.1520, 0.0050, 0.0224, 0.
0000, 0.0000, 0.0000, 0.0990] Out [0.2671]
Training dataset: In [0.1901, 1.0000, 0.2890, 0.2370, 0.4063, 0.0685, 0.1567, 0.
0455, 0.0198, 0.0545, 0.1150] Out [0.3822]
Training dataset: In [0.0890, 1.0000, 0.0401, 0.4890, 0.0012, 0.0046, 0.0204, 0.
0006, 0.0000, 0.0020, 0.0598] Out [0.2039]
Training dataset: In [0.7107, 0.3333, 0.6959, 0.4961, 1.0000, 0.0769, 0.1748, 0.
0555, 0.0296, 0.0691, 0.2780] Out [0.6107]
Training dataset: In [0.1780, 0.3333, 0.0401, 0.4890, 0.0973, 0.0050, 0.0224, 0.
0000, 0.0000, 0.0000, 0.1243] Out [0.2671]
Training dataset: In [0.1028, 1.0000, 0.2152, 0.0215, 0.1745, 0.8793, 0.5932, 0.
6296, 0.1399, 0.4693, 0.1142] Out [0.1525]
Training dataset: In [0.0890, 1.0000, 0.1864, 0.5000, 0.1357, 0.0172, 0.0670, 0.
0026, 0.0145, 0.0083, 0.0377] Out [0.1852]
Training dataset: In [0.1468, 0.3333, 0.1538, 0.0215, 0.2367, 0.9031, 0.6777, 0.
7582, 0.1397, 0.6562, 0.3551] Out [0.2738]
Training dataset: In [0.1780, 0.3333, 0.1865, 0.5000, 0.2651, 0.0061, 0.0322, 0.
0010, 0.0000, 0.0033, 0.0569] Out [0.2689]
Training dataset: In [0.1466, 0.3333, 0.1536, 0.0215, 0.2356, 0.9027, 0.6757, 0.
7563, 0.2096, 0.6556, 0.2916] Out [0.2738]
Training dataset: In [0.1780, 0.3333, 0.1865, 0.5000, 0.2651, 0.0061, 0.0323, 0.
0011, 0.0048, 0.0033, 0.0473] Out [0.2689]
Training dataset: In [0.1028, 1.0000, 0.2154, 0.0215, 0.1745, 0.8793, 0.5913, 0.
6297, 0.1399, 0.4686, 0.0762] Out [0.1525]
Training dataset: In [0.0890, 1.0000, 0.1864, 0.5000, 0.1357, 0.0172, 0.0671, 0.
0026, 0.0096, 0.0083, 0.0350] Out [0.1852]
Training dataset: In [0.1464, 0.3333, 0.1533, 0.0215, 0.2367, 0.9022, 0.6768, 0.
7551, 0.2096, 0.6551, 0.2156] Out [0.2738]
Training dataset: In [0.1780, 0.3333, 0.1865, 0.5000, 0.2651, 0.0061, 0.0323, 0.
0011, 0.0048, 0.0033, 0.0455] Out [0.2689]
Training dataset: In [0.1467, 0.3333, 0.1537, 0.0215, 0.2356, 0.9027, 0.6765, 0.
7568, 0.1397, 0.6568, 0.2536] Out [0.2738]
Training dataset: In [0.1780, 0.3333, 0.1865, 0.5000, 0.2651, 0.0061, 0.0322, 0.
0011, 0.0048, 0.0033, 0.0464] Out [0.2689]
Training dataset: In [0.1038, 1.0000, 0.2175, 0.0216, 0.1745, 0.8822, 0.6053, 0.
6386, 0.1398, 0.4772, 0.0888] Out [0.1525]
Training dataset: In [0.0890, 1.0000, 0.1864, 0.5000, 0.1357, 0.0172, 0.0672, 0.
0026, 0.0096, 0.0084, 0.0377] Out [0.1852]
Training dataset: In [0.1466, 0.3333, 0.1535, 0.0215, 0.2367, 0.9028, 0.6764, 0.
7560, 0.2794, 0.6556, 0.4185] Out [0.2738]
Training dataset: In [0.1780, 0.3333, 0.1865, 0.5000, 0.2651, 0.0061, 0.0322, 0.
0011, 0.0000, 0.0033, 0.0543] Out [0.2689]
EA_PEDF_RV64: Prediction for thread 0x0000000047c443c8: 0.2364
EA_PEDF_RV64: Prediction for thread 0x0000000047c09bf0: 0.5148
EA_PEDF_RV64: Prediction for thread 0x0000000047bcf418: 0.6642
EA_PEDF_RV64: Prediction for thread 0x0000000047b94c40: 0.3612
EA_PEDF_RV64: Prediction for thread 0x0000000047b5a468: 0.2364
EA_PEDF_RV64: Prediction for thread 0x0000000047b1fc90: 0.5116
EA_PEDF_RV64: Prediction for core 1: 1.0264
Imbalanced!
Migration candidate chosen with score 0.0724, original migration score: 0.1485
Migrating thread 0x0000000047b94c40 from 2 to 1
>  Iteration [300], Clock: 1503999999Hz, Temperature: 42.1740C
>  Iteration [301], Clock: 1503999999Hz, Temperature: 42.7550C
EA_PEDF_RV64: Prediction for thread 0x0000000047c443c8: 0.2364
EA_PEDF_RV64: Prediction for thread 0x0000000047c09bf0: 0.3836
EA_PEDF_RV64: Prediction for thread 0x0000000047bcf418: 0.2734
EA_PEDF_RV64: Prediction for thread 0x0000000047b94c40: 0.3593
EA_PEDF_RV64: Prediction for thread 0x0000000047b5a468: 0.2364
EA_PEDF_RV64: Prediction for thread 0x0000000047b1fc90: 0.3764
EA_PEDF_RV64: Prediction for core 1: 1.1193
Revoking...
Migrating thread 0x0000000047b94c40 from 1 to 2
New migration optimization threshold: 0.6500
>  Iteration [302], Clock: 1503999999Hz, Temperature: 43.0450C
>  Iteration [303], Clock: 1503999999Hz, Temperature: 43.1030C
EA_PEDF_RV64: Prediction for thread 0x0000000047c443c8: 0.2364
EA_PEDF_RV64: Prediction for thread 0x0000000047c09bf0: 0.3817
EA_PEDF_RV64: Prediction for thread 0x0000000047bcf418: 0.2735
EA_PEDF_RV64: Prediction for thread 0x0000000047b94c40: 0.2132
EA_PEDF_RV64: Prediction for thread 0x0000000047b5a468: 0.2364
EA_PEDF_RV64: Prediction for thread 0x0000000047b1fc90: 0.3762
EA_PEDF_RV64: Prediction for core 1: 0.7579
EA_PEDF_RV64: Prediction for core 2: 0.4866
EA_PEDF_RV64: Prediction for core 3: 0.4728
>  Iteration [304], Clock: 751999999Hz, Temperature: 43.2770C
>  Iteration [305], Clock: 751999999Hz, Temperature: 42.7550C
Retraining...
EA_PEDF_RV64: Error for thread 0x0000000047c443c8: 0.0839 = 0.1525 - 0.2364
EA_PEDF_RV64: Error for thread 0x0000000047c09bf0: 0.0054 = 0.3763 - 0.3817
EA_PEDF_RV64: Error for thread 0x0000000047bcf418: 0.1086 = 0.3820 - 0.2735
EA_PEDF_RV64: Error for thread 0x0000000047b94c40: 0.0094 = 0.2037 - 0.2132
EA_PEDF_RV64: Error for thread 0x0000000047b5a468: 0.0513 = 0.1851 - 0.2364
EA_PEDF_RV64: Error for thread 0x0000000047b1fc90: 0.0161 = 0.3601 - 0.3762
Training dataset: In [0.1780, 0.3333, 0.0401, 0.4890, 0.1508, 0.0050, 0.0224, 0.
0000, 0.0000, 0.0000, 0.0944] Out [0.2671]
Training dataset: In [0.1897, 1.0000, 0.2879, 0.2370, 0.4051, 0.0683, 0.1563, 0.
0449, 0.0198, 0.0536, 0.1093] Out [0.3820]
Training dataset: In [0.0890, 1.0000, 0.0401, 0.4890, 0.0012, 0.0046, 0.0203, 0.
0006, 0.0000, 0.0020, 0.0575] Out [0.2037]
Training dataset: In [0.3556, 0.3333, 0.2587, 0.2370, 0.6957, 0.0771, 0.1748, 0.
0559, 0.0277, 0.0696, 0.3166] Out [0.6107]
Training dataset: In [0.1780, 0.3333, 0.0401, 0.4890, 0.1508, 0.0050, 0.0224, 0.
0000, 0.0000, 0.0000, 0.0990] Out [0.2671]
Training dataset: In [0.7779, 0.3333, 0.7787, 0.5744, 0.6993, 0.0604, 0.1322, 0.
0453, 0.0487, 0.0566, 0.2433] Out [0.6107]
Training dataset: In [0.1780, 0.3333, 0.0401, 0.4890, 0.1520, 0.0050, 0.0224, 0.
0000, 0.0000, 0.0000, 0.0990] Out [0.2671]
Training dataset: In [0.1901, 1.0000, 0.2890, 0.2370, 0.4063, 0.0685, 0.1567, 0.
0455, 0.0198, 0.0545, 0.1150] Out [0.3820]
Training dataset: In [0.0890, 1.0000, 0.0401, 0.4890, 0.0012, 0.0046, 0.0204, 0.
0006, 0.0000, 0.0020, 0.0598] Out [0.2037]
Training dataset: In [0.7107, 0.3333, 0.6959, 0.4961, 1.0000, 0.0769, 0.1748, 0.
0555, 0.0296, 0.0691, 0.2780] Out [0.6107]
Training dataset: In [0.1780, 0.3333, 0.0401, 0.4890, 0.0973, 0.0050, 0.0224, 0.
0000, 0.0000, 0.0000, 0.1243] Out [0.2671]
Training dataset: In [0.1893, 1.0000, 0.2872, 0.2370, 0.2615, 0.0681, 0.1561, 0.
0446, 0.0119, 0.0531, 0.1207] Out [0.3820]
Training dataset: In [0.1895, 1.0000, 0.2875, 0.2370, 0.2615, 0.0683, 0.1563, 0.
0450, 0.0119, 0.0538, 0.1244] Out [0.3820]
Training dataset: In [0.0890, 1.0000, 0.0401, 0.4890, 0.0008, 0.0046, 0.0204, 0.
0006, 0.0000, 0.0020, 0.0552] Out [0.2037]
Training dataset: In [0.3551, 0.3333, 0.2581, 0.2370, 0.4498, 0.0768, 0.1748, 0.
0551, 0.0119, 0.0687, 0.2978] Out [0.6107]
Training dataset: In [0.1780, 0.3333, 0.0401, 0.4890, 0.0973, 0.0050, 0.0224, 0.
0000, 0.0000, 0.0000, 0.1197] Out [0.2671]
Training dataset: In [0.1028, 1.0000, 0.2154, 0.0215, 0.1745, 0.8793, 0.5913, 0.
6297, 0.1399, 0.4686, 0.0762] Out [0.1525]
Training dataset: In [0.0890, 1.0000, 0.1864, 0.5000, 0.1357, 0.0172, 0.0671, 0.
0026, 0.0096, 0.0083, 0.0350] Out [0.1851]
Training dataset: In [0.1464, 0.3333, 0.1533, 0.0215, 0.2367, 0.9022, 0.6768, 0.
7551, 0.2096, 0.6551, 0.2156] Out [0.2738]
Training dataset: In [0.1780, 0.3333, 0.1865, 0.5000, 0.2651, 0.0061, 0.0323, 0.
0011, 0.0048, 0.0033, 0.0455] Out [0.2689]
Training dataset: In [0.1467, 0.3333, 0.1537, 0.0215, 0.2356, 0.9027, 0.6765, 0.
7568, 0.1397, 0.6568, 0.2536] Out [0.2738]
Training dataset: In [0.1780, 0.3333, 0.1865, 0.5000, 0.2651, 0.0061, 0.0322, 0.
0011, 0.0048, 0.0033, 0.0464] Out [0.2689]
Training dataset: In [0.1038, 1.0000, 0.2175, 0.0216, 0.1745, 0.8822, 0.6053, 0.
6386, 0.1398, 0.4772, 0.0888] Out [0.1525]
Training dataset: In [0.0890, 1.0000, 0.1864, 0.5000, 0.1357, 0.0172, 0.0672, 0.
0026, 0.0096, 0.0084, 0.0377] Out [0.1851]
Training dataset: In [0.1466, 0.3333, 0.1535, 0.0215, 0.2367, 0.9028, 0.6764, 0.
7560, 0.2794, 0.6556, 0.4185] Out [0.2738]
Training dataset: In [0.1780, 0.3333, 0.1865, 0.5000, 0.2651, 0.0061, 0.0322, 0.
0011, 0.0000, 0.0033, 0.0543] Out [0.2689]
Training dataset: In [0.1023, 1.0000, 0.2144, 0.0216, 0.1735, 0.8764, 0.5854, 0.
6256, 0.0699, 0.4652, 0.1142] Out [0.1525]
Training dataset: In [0.0890, 1.0000, 0.1864, 0.5000, 0.1357, 0.0172, 0.0668, 0.
0026, 0.0096, 0.0081, 0.0377] Out [0.1851]
Training dataset: In [0.1031, 1.0000, 0.2159, 0.0216, 0.1745, 0.8794, 0.5965, 0.
6314, 0.0699, 0.4703, 0.0888] Out [0.1525]
Training dataset: In [0.0890, 1.0000, 0.1864, 0.5000, 0.1357, 0.0172, 0.0670, 0.
0026, 0.0048, 0.0083, 0.0420] Out [0.1851]
Training dataset: In [0.1465, 0.3333, 0.1535, 0.0215, 0.2367, 0.9028, 0.6760, 0.
7560, 0.1397, 0.6561, 0.4311] Out [0.2738]
Training dataset: In [0.1780, 0.3333, 0.1865, 0.5000, 0.2651, 0.0061, 0.0323, 0.
0010, 0.0048, 0.0033, 0.0552] Out [0.2689]
EA_PEDF_RV64: Prediction for thread 0x0000000047c443c8: 0.2288
EA_PEDF_RV64: Prediction for thread 0x0000000047c09bf0: 0.5122
EA_PEDF_RV64: Prediction for thread 0x0000000047bcf418: 0.4621
EA_PEDF_RV64: Prediction for thread 0x0000000047b94c40: 0.3632
EA_PEDF_RV64: Prediction for thread 0x0000000047b5a468: 0.2288
EA_PEDF_RV64: Prediction for thread 0x0000000047b1fc90: 0.5092
EA_PEDF_RV64: Prediction for core 1: 1.0214
Imbalanced!
>  Iteration [306], Clock: 751999999Hz, Temperature: 42.4640C
EA_PEDF_RV64: Prediction for thread 0x0000000047c443c8: 0.2288
EA_PEDF_RV64: Prediction for thread 0x0000000047c09bf0: 0.5924
EA_PEDF_RV64: Prediction for thread 0x0000000047bcf418: 0.4617
EA_PEDF_RV64: Prediction for thread 0x0000000047b94c40: 0.3630
EA_PEDF_RV64: Prediction for thread 0x0000000047b5a468: 0.2288
EA_PEDF_RV64: Prediction for thread 0x0000000047b1fc90: 0.5091
<0>: EA_PEDF_RV64: The utilization went beyond the safety margin of 95.0000%
Core 1 utilization: 1.0903
Core 2 utilization: 0.5331
Core 3 utilization: 0.3244
 :<0>
Revoking...
>  Iteration [307], Clock: 1503999999Hz, Temperature: 42.4060C
>  Iteration [308], Clock: 1503999999Hz, Temperature: 42.9290C
EA_PEDF_RV64: Prediction for thread 0x0000000047c443c8: 0.2288
EA_PEDF_RV64: Prediction for thread 0x0000000047c09bf0: 0.3817
EA_PEDF_RV64: Prediction for thread 0x0000000047bcf418: 0.2766
EA_PEDF_RV64: Prediction for thread 0x0000000047b94c40: 0.2159
EA_PEDF_RV64: Prediction for thread 0x0000000047b5a468: 0.2288
EA_PEDF_RV64: Prediction for thread 0x0000000047b1fc90: 0.3761
EA_PEDF_RV64: Prediction for core 1: 0.7578
EA_PEDF_RV64: Prediction for core 2: 0.4925
EA_PEDF_RV64: Prediction for core 3: 0.4576
>  Iteration [309], Clock: 751999999Hz, Temperature: 43.2190C
>  Iteration [310], Clock: 751999999Hz, Temperature: 42.6970C
Retraining...
EA_PEDF_RV64: Error for thread 0x0000000047c443c8: 0.0764 = 0.1524 - 0.2288
EA_PEDF_RV64: Error for thread 0x0000000047c09bf0: 0.0036 = 0.3781 - 0.3817
EA_PEDF_RV64: Error for thread 0x0000000047bcf418: 0.1052 = 0.3818 - 0.2766
EA_PEDF_RV64: Error for thread 0x0000000047b94c40: 0.0125 = 0.2034 - 0.2159
EA_PEDF_RV64: Error for thread 0x0000000047b5a468: 0.0438 = 0.1851 - 0.2288
EA_PEDF_RV64: Error for thread 0x0000000047b1fc90: 0.0163 = 0.3598 - 0.3761
Training dataset: In [0.1780, 0.3333, 0.0401, 0.4890, 0.1520, 0.0050, 0.0224, 0.
0000, 0.0000, 0.0000, 0.0990] Out [0.2671]
Training dataset: In [0.1901, 1.0000, 0.2890, 0.2370, 0.4063, 0.0685, 0.1567, 0.
0455, 0.0198, 0.0545, 0.1150] Out [0.3818]
Training dataset: In [0.0890, 1.0000, 0.0401, 0.4890, 0.0012, 0.0046, 0.0204, 0.
0006, 0.0000, 0.0020, 0.0598] Out [0.2034]
Training dataset: In [0.7107, 0.3333, 0.6959, 0.4961, 1.0000, 0.0769, 0.1748, 0.
0555, 0.0296, 0.0691, 0.2780] Out [0.6107]
Training dataset: In [0.1780, 0.3333, 0.0401, 0.4890, 0.0973, 0.0050, 0.0224, 0.
0000, 0.0000, 0.0000, 0.1243] Out [0.2671]
Training dataset: In [0.1893, 1.0000, 0.2872, 0.2370, 0.2615, 0.0681, 0.1561, 0.
0446, 0.0119, 0.0531, 0.1207] Out [0.3818]
Training dataset: In [0.1895, 1.0000, 0.2875, 0.2370, 0.2615, 0.0683, 0.1563, 0.
0450, 0.0119, 0.0538, 0.1244] Out [0.3818]
Training dataset: In [0.0890, 1.0000, 0.0401, 0.4890, 0.0008, 0.0046, 0.0204, 0.
0006, 0.0000, 0.0020, 0.0552] Out [0.2034]
Training dataset: In [0.3551, 0.3333, 0.2581, 0.2370, 0.4498, 0.0768, 0.1748, 0.
0551, 0.0119, 0.0687, 0.2978] Out [0.6107]
Training dataset: In [0.1780, 0.3333, 0.0401, 0.4890, 0.0973, 0.0050, 0.0224, 0.
0000, 0.0000, 0.0000, 0.1197] Out [0.2671]
Training dataset: In [0.3551, 0.3333, 0.2581, 0.2370, 0.4490, 0.0768, 0.1750, 0.
0551, 0.0158, 0.0688, 0.2846] Out [0.6107]
Training dataset: In [0.1780, 0.3333, 0.0401, 0.4890, 0.0981, 0.0050, 0.0224, 0.
0000, 0.0000, 0.0000, 0.0967] Out [0.2671]
Training dataset: In [0.1898, 1.0000, 0.2883, 0.2370, 0.2615, 0.0684, 0.1564, 0.
0449, 0.0119, 0.0535, 0.1056] Out [0.3818]
Training dataset: In [0.0890, 1.0000, 0.0401, 0.4890, 0.0008, 0.0046, 0.0203, 0.
0006, 0.0000, 0.0020, 0.0575] Out [0.2034]
Training dataset: In [0.3552, 0.3333, 0.2582, 0.2370, 0.4506, 0.0768, 0.1748, 0.
0552, 0.0119, 0.0688, 0.2733] Out [0.6107]
Training dataset: In [0.1780, 0.3333, 0.0401, 0.4890, 0.0973, 0.0050, 0.0224, 0.
0000, 0.0000, 0.0000, 0.0967] Out [0.2671]
Training dataset: In [0.1038, 1.0000, 0.2175, 0.0216, 0.1745, 0.8822, 0.6053, 0.
6386, 0.1398, 0.4772, 0.0888] Out [0.1524]
Training dataset: In [0.0890, 1.0000, 0.1864, 0.5000, 0.1357, 0.0172, 0.0672, 0.
0026, 0.0096, 0.0084, 0.0377] Out [0.1851]
Training dataset: In [0.1466, 0.3333, 0.1535, 0.0215, 0.2367, 0.9028, 0.6764, 0.
7560, 0.2794, 0.6556, 0.4185] Out [0.2738]
Training dataset: In [0.1780, 0.3333, 0.1865, 0.5000, 0.2651, 0.0061, 0.0322, 0.
0011, 0.0000, 0.0033, 0.0543] Out [0.2689]
Training dataset: In [0.1023, 1.0000, 0.2144, 0.0216, 0.1735, 0.8764, 0.5854, 0.
6256, 0.0699, 0.4652, 0.1142] Out [0.1524]
Training dataset: In [0.0890, 1.0000, 0.1864, 0.5000, 0.1357, 0.0172, 0.0668, 0.
0026, 0.0096, 0.0081, 0.0377] Out [0.1851]
Training dataset: In [0.1031, 1.0000, 0.2159, 0.0216, 0.1745, 0.8794, 0.5965, 0.
6314, 0.0699, 0.4703, 0.0888] Out [0.1524]
Training dataset: In [0.0890, 1.0000, 0.1864, 0.5000, 0.1357, 0.0172, 0.0670, 0.
0026, 0.0048, 0.0083, 0.0420] Out [0.1851]
Training dataset: In [0.1465, 0.3333, 0.1535, 0.0215, 0.2367, 0.9028, 0.6760, 0.
7560, 0.1397, 0.6561, 0.4311] Out [0.2738]
Training dataset: In [0.1780, 0.3333, 0.1865, 0.5000, 0.2651, 0.0061, 0.0323, 0.
0010, 0.0048, 0.0033, 0.0552] Out [0.2689]
Training dataset: In [0.1464, 0.3333, 0.1534, 0.0215, 0.2356, 0.9025, 0.6779, 0.
7558, 0.1397, 0.6564, 0.3424] Out [0.2738]
Training dataset: In [0.1780, 0.3333, 0.1865, 0.5000, 0.2651, 0.0061, 0.0323, 0.
0011, 0.0000, 0.0033, 0.0455] Out [0.2689]
Training dataset: In [0.1028, 1.0000, 0.2153, 0.0216, 0.1735, 0.8793, 0.5911, 0.
6292, 0.0699, 0.4688, 0.0507] Out [0.1524]
Training dataset: In [0.0890, 1.0000, 0.1864, 0.5000, 0.1357, 0.0171, 0.0668, 0.
0026, 0.0048, 0.0082, 0.0385] Out [0.1851]
Training dataset: In [0.1465, 0.3333, 0.1535, 0.0215, 0.2367, 0.9026, 0.6756, 0.
7563, 0.1397, 0.6567, 0.2409] Out [0.2738]
Training dataset: In [0.1780, 0.3333, 0.1865, 0.5000, 0.2651, 0.0061, 0.0323, 0.
0011, 0.0048, 0.0033, 0.0464] Out [0.2689]
EA_PEDF_RV64: Prediction for thread 0x0000000047c443c8: 0.2249
EA_PEDF_RV64: Prediction for thread 0x0000000047c09bf0: 0.5123
EA_PEDF_RV64: Prediction for thread 0x0000000047bcf418: 0.4702
EA_PEDF_RV64: Prediction for thread 0x0000000047b94c40: 0.3707
EA_PEDF_RV64: Prediction for thread 0x0000000047b5a468: 0.2249
EA_PEDF_RV64: Prediction for thread 0x0000000047b1fc90: 0.5091
EA_PEDF_RV64: Prediction for core 1: 1.0214
Imbalanced!
>  Iteration [311], Clock: 751999999Hz, Temperature: 42.5220C
EA_PEDF_RV64: Prediction for thread 0x0000000047c443c8: 0.2249
EA_PEDF_RV64: Prediction for thread 0x0000000047c09bf0: 0.5894
EA_PEDF_RV64: Prediction for thread 0x0000000047bcf418: 0.4697
EA_PEDF_RV64: Prediction for thread 0x0000000047b94c40: 0.3709
EA_PEDF_RV64: Prediction for thread 0x0000000047b5a468: 0.2249
EA_PEDF_RV64: Prediction for thread 0x0000000047b1fc90: 0.5091
<0>: EA_PEDF_RV64: The utilization went beyond the safety margin of 95.0000%
Core 1 utilization: 1.0855
Core 2 utilization: 0.5332
Core 3 utilization: 0.3248
 :<0>
Revoking...
>  Iteration [312], Clock: 1503999999Hz, Temperature: 42.4060C
>  Iteration [313], Clock: 1503999999Hz, Temperature: 42.9290C
EA_PEDF_RV64: Prediction for thread 0x0000000047c443c8: 0.2249
EA_PEDF_RV64: Prediction for thread 0x0000000047c09bf0: 0.3818
EA_PEDF_RV64: Prediction for thread 0x0000000047bcf418: 0.2862
EA_PEDF_RV64: Prediction for thread 0x0000000047b94c40: 0.2244
EA_PEDF_RV64: Prediction for thread 0x0000000047b5a468: 0.2249
EA_PEDF_RV64: Prediction for thread 0x0000000047b1fc90: 0.3763
EA_PEDF_RV64: Prediction for core 1: 0.7580
EA_PEDF_RV64: Prediction for core 2: 0.5106
EA_PEDF_RV64: Prediction for core 3: 0.4498
>  Iteration [314], Clock: 751999999Hz, Temperature: 43.2770C
>  Iteration [315], Clock: 751999999Hz, Temperature: 42.7550C
Retraining...
EA_PEDF_RV64: Error for thread 0x0000000047c443c8: 0.0726 = 0.1523 - 0.2249
EA_PEDF_RV64: Error for thread 0x0000000047c09bf0: 0.0019 = 0.3798 - 0.3818
EA_PEDF_RV64: Error for thread 0x0000000047bcf418: 0.0953 = 0.3815 - 0.2862
EA_PEDF_RV64: Error for thread 0x0000000047b94c40: 0.0212 = 0.2032 - 0.2244
EA_PEDF_RV64: Error for thread 0x0000000047b5a468: 0.0399 = 0.1850 - 0.2249
EA_PEDF_RV64: Error for thread 0x0000000047b1fc90: 0.0168 = 0.3595 - 0.3763
Training dataset: In [0.1895, 1.0000, 0.2875, 0.2370, 0.2615, 0.0683, 0.1563, 0.
0450, 0.0119, 0.0538, 0.1244] Out [0.3815]
Training dataset: In [0.0890, 1.0000, 0.0401, 0.4890, 0.0008, 0.0046, 0.0204, 0.
0006, 0.0000, 0.0020, 0.0552] Out [0.2032]
Training dataset: In [0.3551, 0.3333, 0.2581, 0.2370, 0.4498, 0.0768, 0.1748, 0.
0551, 0.0119, 0.0687, 0.2978] Out [0.6107]
Training dataset: In [0.1780, 0.3333, 0.0401, 0.4890, 0.0973, 0.0050, 0.0224, 0.
0000, 0.0000, 0.0000, 0.1197] Out [0.2671]
Training dataset: In [0.3551, 0.3333, 0.2581, 0.2370, 0.4490, 0.0768, 0.1750, 0.
0551, 0.0158, 0.0688, 0.2846] Out [0.6107]
Training dataset: In [0.1780, 0.3333, 0.0401, 0.4890, 0.0981, 0.0050, 0.0224, 0.
0000, 0.0000, 0.0000, 0.0967] Out [0.2671]
Training dataset: In [0.1898, 1.0000, 0.2883, 0.2370, 0.2615, 0.0684, 0.1564, 0.
0449, 0.0119, 0.0535, 0.1056] Out [0.3815]
Training dataset: In [0.0890, 1.0000, 0.0401, 0.4890, 0.0008, 0.0046, 0.0203, 0.
0006, 0.0000, 0.0020, 0.0575] Out [0.2032]
Training dataset: In [0.3552, 0.3333, 0.2582, 0.2370, 0.4506, 0.0768, 0.1748, 0.
0552, 0.0119, 0.0688, 0.2733] Out [0.6107]
Training dataset: In [0.1780, 0.3333, 0.0401, 0.4890, 0.0973, 0.0050, 0.0224, 0.
0000, 0.0000, 0.0000, 0.0967] Out [0.2671]
Training dataset: In [0.3552, 0.3333, 0.2583, 0.2370, 0.4490, 0.0768, 0.1749, 0.
0553, 0.0119, 0.0689, 0.2582] Out [0.6107]
Training dataset: In [0.1780, 0.3333, 0.0401, 0.4890, 0.0981, 0.0050, 0.0224, 0.
0000, 0.0000, 0.0000, 0.0967] Out [0.2671]
Training dataset: In [0.1896, 1.0000, 0.2879, 0.2370, 0.2623, 0.0683, 0.1562, 0.
0451, 0.0158, 0.0537, 0.1188] Out [0.3815]
Training dataset: In [0.0890, 1.0000, 0.0401, 0.4890, 0.0008, 0.0046, 0.0204, 0.
0006, 0.0000, 0.0020, 0.0737] Out [0.2032]
Training dataset: In [0.3551, 0.3333, 0.2581, 0.2370, 0.4498, 0.0768, 0.1748, 0.
0552, 0.0198, 0.0687, 0.3317] Out [0.6107]
Training dataset: In [0.1780, 0.3333, 0.0401, 0.4890, 0.0973, 0.0049, 0.0224, 0.
0000, 0.0000, 0.0000, 0.1197] Out [0.2671]
Training dataset: In [0.1031, 1.0000, 0.2159, 0.0216, 0.1745, 0.8794, 0.5965, 0.
6314, 0.0699, 0.4703, 0.0888] Out [0.1523]
Training dataset: In [0.0890, 1.0000, 0.1864, 0.5000, 0.1357, 0.0172, 0.0670, 0.
0026, 0.0048, 0.0083, 0.0420] Out [0.1850]
Training dataset: In [0.1465, 0.3333, 0.1535, 0.0215, 0.2367, 0.9028, 0.6760, 0.
7560, 0.1397, 0.6561, 0.4311] Out [0.2738]
Training dataset: In [0.1780, 0.3333, 0.1865, 0.5000, 0.2651, 0.0061, 0.0323, 0.
0010, 0.0048, 0.0033, 0.0552] Out [0.2689]
Training dataset: In [0.1464, 0.3333, 0.1534, 0.0215, 0.2356, 0.9025, 0.6779, 0.
7558, 0.1397, 0.6564, 0.3424] Out [0.2738]
Training dataset: In [0.1780, 0.3333, 0.1865, 0.5000, 0.2651, 0.0061, 0.0323, 0.
0011, 0.0000, 0.0033, 0.0455] Out [0.2689]
Training dataset: In [0.1028, 1.0000, 0.2153, 0.0216, 0.1735, 0.8793, 0.5911, 0.
6292, 0.0699, 0.4688, 0.0507] Out [0.1523]
Training dataset: In [0.0890, 1.0000, 0.1864, 0.5000, 0.1357, 0.0171, 0.0668, 0.
0026, 0.0048, 0.0082, 0.0385] Out [0.1850]
Training dataset: In [0.1465, 0.3333, 0.1535, 0.0215, 0.2367, 0.9026, 0.6756, 0.
7563, 0.1397, 0.6567, 0.2409] Out [0.2738]
Training dataset: In [0.1780, 0.3333, 0.1865, 0.5000, 0.2651, 0.0061, 0.0323, 0.
0011, 0.0048, 0.0033, 0.0464] Out [0.2689]
Training dataset: In [0.1468, 0.3333, 0.1538, 0.0215, 0.2356, 0.9030, 0.6789, 0.
7577, 0.1397, 0.6578, 0.2156] Out [0.2738]
Training dataset: In [0.1780, 0.3333, 0.1865, 0.5000, 0.2651, 0.0061, 0.0322, 0.
0011, 0.0048, 0.0033, 0.0447] Out [0.2689]
Training dataset: In [0.1031, 1.0000, 0.2160, 0.0215, 0.1756, 0.8800, 0.5932, 0.
6326, 0.0699, 0.4687, 0.1016] Out [0.1523]
Training dataset: In [0.0890, 1.0000, 0.1864, 0.5000, 0.1357, 0.0172, 0.0672, 0.
0026, 0.0096, 0.0084, 0.0394] Out [0.1850]
Training dataset: In [0.1465, 0.3333, 0.1535, 0.0216, 0.2356, 0.9023, 0.6753, 0.
7559, 0.2793, 0.6555, 0.5958] Out [0.2738]
Training dataset: In [0.1780, 0.3333, 0.1865, 0.5000, 0.2651, 0.0061, 0.0323, 0.
0011, 0.0048, 0.0033, 0.0560] Out [0.2689]
EA_PEDF_RV64: Prediction for thread 0x0000000047c443c8: 0.2287
EA_PEDF_RV64: Prediction for thread 0x0000000047c09bf0: 0.5122
EA_PEDF_RV64: Prediction for thread 0x0000000047bcf418: 0.4826
EA_PEDF_RV64: Prediction for thread 0x0000000047b94c40: 0.3814
EA_PEDF_RV64: Prediction for thread 0x0000000047b5a468: 0.2287
EA_PEDF_RV64: Prediction for thread 0x0000000047b1fc90: 0.5093
EA_PEDF_RV64: Prediction for core 1: 1.0215
Imbalanced!
>  Iteration [316], Clock: 751999999Hz, Temperature: 42.5800C
EA_PEDF_RV64: Prediction for thread 0x0000000047c443c8: 0.2287
EA_PEDF_RV64: Prediction for thread 0x0000000047c09bf0: 0.5924
EA_PEDF_RV64: Prediction for thread 0x0000000047bcf418: 0.4813
EA_PEDF_RV64: Prediction for thread 0x0000000047b94c40: 0.3813
EA_PEDF_RV64: Prediction for thread 0x0000000047b5a468: 0.2287
EA_PEDF_RV64: Prediction for thread 0x0000000047b1fc90: 0.5089
<0>: EA_PEDF_RV64: The utilization went beyond the safety margin of 95.0000%
Core 1 utilization: 1.0902
Core 2 utilization: 0.5332
Core 3 utilization: 0.3244
 :<0>
Revoking...
>  Iteration [317], Clock: 1503999999Hz, Temperature: 42.4640C
>  Iteration [318], Clock: 1503999999Hz, Temperature: 43.0450C
EA_PEDF_RV64: Prediction for thread 0x0000000047c443c8: 0.2287
EA_PEDF_RV64: Prediction for thread 0x0000000047c09bf0: 0.3818
EA_PEDF_RV64: Prediction for thread 0x0000000047bcf418: 0.2975
EA_PEDF_RV64: Prediction for thread 0x0000000047b94c40: 0.2339
EA_PEDF_RV64: Prediction for thread 0x0000000047b5a468: 0.2287
EA_PEDF_RV64: Prediction for thread 0x0000000047b1fc90: 0.3762
EA_PEDF_RV64: Prediction for core 1: 0.7579
EA_PEDF_RV64: Prediction for core 2: 0.5314
EA_PEDF_RV64: Prediction for core 3: 0.4574
>  Iteration [319], Clock: 751999999Hz, Temperature: 43.2770C
>  Iteration [320], Clock: 751999999Hz, Temperature: 42.8130C
Retraining...
EA_PEDF_RV64: Error for thread 0x0000000047c443c8: 0.0764 = 0.1523 - 0.2287
EA_PEDF_RV64: Error for thread 0x0000000047c09bf0: 0.0002 = 0.3815 - 0.3818
EA_PEDF_RV64: Error for thread 0x0000000047bcf418: 0.0838 = 0.3812 - 0.2975
EA_PEDF_RV64: Error for thread 0x0000000047b94c40: 0.0310 = 0.2029 - 0.2339
EA_PEDF_RV64: Error for thread 0x0000000047b5a468: 0.0438 = 0.1849 - 0.2287
EA_PEDF_RV64: Error for thread 0x0000000047b1fc90: 0.0170 = 0.3591 - 0.3762
Training dataset: In [0.1898, 1.0000, 0.2883, 0.2370, 0.2615, 0.0684, 0.1564, 0.
0449, 0.0119, 0.0535, 0.1056] Out [0.3812]
Training dataset: In [0.0890, 1.0000, 0.0401, 0.4890, 0.0008, 0.0046, 0.0203, 0.
0006, 0.0000, 0.0020, 0.0575] Out [0.2029]
Training dataset: In [0.3552, 0.3333, 0.2582, 0.2370, 0.4506, 0.0768, 0.1748, 0.
0552, 0.0119, 0.0688, 0.2733] Out [0.6107]
Training dataset: In [0.1780, 0.3333, 0.0401, 0.4890, 0.0973, 0.0050, 0.0224, 0.
0000, 0.0000, 0.0000, 0.0967] Out [0.2671]
Training dataset: In [0.3552, 0.3333, 0.2583, 0.2370, 0.4490, 0.0768, 0.1749, 0.
0553, 0.0119, 0.0689, 0.2582] Out [0.6107]
Training dataset: In [0.1780, 0.3333, 0.0401, 0.4890, 0.0981, 0.0050, 0.0224, 0.
0000, 0.0000, 0.0000, 0.0967] Out [0.2671]
Training dataset: In [0.1896, 1.0000, 0.2879, 0.2370, 0.2623, 0.0683, 0.1562, 0.
0451, 0.0158, 0.0537, 0.1188] Out [0.3812]
Training dataset: In [0.0890, 1.0000, 0.0401, 0.4890, 0.0008, 0.0046, 0.0204, 0.
0006, 0.0000, 0.0020, 0.0737] Out [0.2029]
Training dataset: In [0.3551, 0.3333, 0.2581, 0.2370, 0.4498, 0.0768, 0.1748, 0.
0552, 0.0198, 0.0687, 0.3317] Out [0.6107]
Training dataset: In [0.1780, 0.3333, 0.0401, 0.4890, 0.0973, 0.0049, 0.0224, 0.
0000, 0.0000, 0.0000, 0.1197] Out [0.2671]
Training dataset: In [0.3552, 0.3333, 0.2583, 0.2370, 0.4490, 0.0768, 0.1749, 0.
0551, 0.0198, 0.0686, 0.2620] Out [0.6107]
Training dataset: In [0.1780, 0.3333, 0.0401, 0.4890, 0.0981, 0.0050, 0.0224, 0.
0000, 0.0000, 0.0000, 0.0990] Out [0.2671]
Training dataset: In [0.1897, 1.0000, 0.2880, 0.2370, 0.2615, 0.0683, 0.1563, 0.
0450, 0.0119, 0.0538, 0.1188] Out [0.3812]
Training dataset: In [0.0890, 1.0000, 0.0401, 0.4890, 0.0008, 0.0046, 0.0204, 0.
0006, 0.0000, 0.0019, 0.0644] Out [0.2029]
Training dataset: In [0.3551, 0.3333, 0.2581, 0.2370, 0.4498, 0.0769, 0.1746, 0.
0552, 0.0158, 0.0686, 0.2639] Out [0.6107]
Training dataset: In [0.1780, 0.3333, 0.0401, 0.4890, 0.0973, 0.0049, 0.0224, 0.
0000, 0.0000, 0.0000, 0.0967] Out [0.2671]
Training dataset: In [0.1028, 1.0000, 0.2153, 0.0216, 0.1735, 0.8793, 0.5911, 0.
6292, 0.0699, 0.4688, 0.0507] Out [0.1523]
Training dataset: In [0.0890, 1.0000, 0.1864, 0.5000, 0.1357, 0.0171, 0.0668, 0.
0026, 0.0048, 0.0082, 0.0385] Out [0.1849]
Training dataset: In [0.1465, 0.3333, 0.1535, 0.0215, 0.2367, 0.9026, 0.6756, 0.
7563, 0.1397, 0.6567, 0.2409] Out [0.2738]
Training dataset: In [0.1780, 0.3333, 0.1865, 0.5000, 0.2651, 0.0061, 0.0323, 0.
0011, 0.0048, 0.0033, 0.0464] Out [0.2689]
Training dataset: In [0.1468, 0.3333, 0.1538, 0.0215, 0.2356, 0.9030, 0.6789, 0.
7577, 0.1397, 0.6578, 0.2156] Out [0.2738]
Training dataset: In [0.1780, 0.3333, 0.1865, 0.5000, 0.2651, 0.0061, 0.0322, 0.
0011, 0.0048, 0.0033, 0.0447] Out [0.2689]
Training dataset: In [0.1031, 1.0000, 0.2160, 0.0215, 0.1756, 0.8800, 0.5932, 0.
6326, 0.0699, 0.4687, 0.1016] Out [0.1523]
Training dataset: In [0.0890, 1.0000, 0.1864, 0.5000, 0.1357, 0.0172, 0.0672, 0.
0026, 0.0096, 0.0084, 0.0394] Out [0.1849]
Training dataset: In [0.1465, 0.3333, 0.1535, 0.0216, 0.2356, 0.9023, 0.6753, 0.
7559, 0.2793, 0.6555, 0.5958] Out [0.2738]
Training dataset: In [0.1780, 0.3333, 0.1865, 0.5000, 0.2651, 0.0061, 0.0323, 0.
0011, 0.0048, 0.0033, 0.0560] Out [0.2689]
Training dataset: In [0.1464, 0.3333, 0.1533, 0.0215, 0.2356, 0.9023, 0.6762, 0.
7556, 0.2795, 0.6547, 0.2790] Out [0.2738]
Training dataset: In [0.1780, 0.3333, 0.1865, 0.5000, 0.2651, 0.0061, 0.0323, 0.
0010, 0.0048, 0.0032, 0.0447] Out [0.2689]
Training dataset: In [0.1028, 1.0000, 0.2154, 0.0216, 0.1735, 0.8785, 0.5911, 0.
6295, 0.0699, 0.4693, 0.0761] Out [0.1523]
Training dataset: In [0.0890, 1.0000, 0.1864, 0.5000, 0.1357, 0.0172, 0.0670, 0.
0027, 0.0048, 0.0084, 0.0420] Out [0.1849]
Training dataset: In [0.1466, 0.3333, 0.1535, 0.0215, 0.2367, 0.9029, 0.6738, 0.
7567, 0.1397, 0.6551, 0.2663] Out [0.2738]
Training dataset: In [0.1780, 0.3333, 0.1865, 0.5000, 0.2651, 0.0061, 0.0323, 0.
0010, 0.0048, 0.0033, 0.0438] Out [0.2689]
EA_PEDF_RV64: Prediction for thread 0x0000000047c443c8: 0.2307
EA_PEDF_RV64: Prediction for thread 0x0000000047c09bf0: 0.5122
EA_PEDF_RV64: Prediction for thread 0x0000000047bcf418: 0.4886
EA_PEDF_RV64: Prediction for thread 0x0000000047b94c40: 0.3868
EA_PEDF_RV64: Prediction for thread 0x0000000047b5a468: 0.2307
EA_PEDF_RV64: Prediction for thread 0x0000000047b1fc90: 0.5091
EA_PEDF_RV64: Prediction for core 1: 1.0212
Imbalanced!
>  Iteration [321], Clock: 751999999Hz, Temperature: 42.6390C
EA_PEDF_RV64: Prediction for thread 0x0000000047c443c8: 0.2307
EA_PEDF_RV64: Prediction for thread 0x0000000047c09bf0: 0.5894
EA_PEDF_RV64: Prediction for thread 0x0000000047bcf418: 0.4886
EA_PEDF_RV64: Prediction for thread 0x0000000047b94c40: 0.3870
EA_PEDF_RV64: Prediction for thread 0x0000000047b5a468: 0.2307
EA_PEDF_RV64: Prediction for thread 0x0000000047b1fc90: 0.5090
<0>: EA_PEDF_RV64: The utilization went beyond the safety margin of 95.0000%
Core 1 utilization: 1.0854
Core 2 utilization: 0.5332
Core 3 utilization: 0.3245
 :<0>
Revoking...
>  Iteration [322], Clock: 1503999999Hz, Temperature: 42.5800C
>  Iteration [323], Clock: 1503999999Hz, Temperature: 43.0450C
EA_PEDF_RV64: Prediction for thread 0x0000000047c443c8: 0.2307
EA_PEDF_RV64: Prediction for thread 0x0000000047c09bf0: 0.3817
EA_PEDF_RV64: Prediction for thread 0x0000000047bcf418: 0.3039
EA_PEDF_RV64: Prediction for thread 0x0000000047b94c40: 0.2390
EA_PEDF_RV64: Prediction for thread 0x0000000047b5a468: 0.2307
EA_PEDF_RV64: Prediction for thread 0x0000000047b1fc90: 0.3761
EA_PEDF_RV64: Prediction for core 1: 0.7578
EA_PEDF_RV64: Prediction for core 2: 0.5430
EA_PEDF_RV64: Prediction for core 3: 0.4614
>  Iteration [324], Clock: 751999999Hz, Temperature: 43.3930C
>  Iteration [325], Clock: 751999999Hz, Temperature: 42.8710C
Retraining...
EA_PEDF_RV64: Error for thread 0x0000000047c443c8: 0.0785 = 0.1522 - 0.2307
EA_PEDF_RV64: Error for thread 0x0000000047c09bf0: 0.0015 = 0.3832 - 0.3817
EA_PEDF_RV64: Error for thread 0x0000000047bcf418: 0.0770 = 0.3809 - 0.3039
EA_PEDF_RV64: Error for thread 0x0000000047b94c40: 0.0364 = 0.2027 - 0.2390
EA_PEDF_RV64: Error for thread 0x0000000047b5a468: 0.0459 = 0.1848 - 0.2307
EA_PEDF_RV64: Error for thread 0x0000000047b1fc90: 0.0173 = 0.3588 - 0.3761
Training dataset: In [0.1896, 1.0000, 0.2879, 0.2370, 0.2623, 0.0683, 0.1562, 0.
0451, 0.0158, 0.0537, 0.1188] Out [0.3809]
Training dataset: In [0.0890, 1.0000, 0.0401, 0.4890, 0.0008, 0.0046, 0.0204, 0.
0006, 0.0000, 0.0020, 0.0737] Out [0.2027]
Training dataset: In [0.3551, 0.3333, 0.2581, 0.2370, 0.4498, 0.0768, 0.1748, 0.
0552, 0.0198, 0.0687, 0.3317] Out [0.6107]
Training dataset: In [0.1780, 0.3333, 0.0401, 0.4890, 0.0973, 0.0049, 0.0224, 0.
0000, 0.0000, 0.0000, 0.1197] Out [0.2671]
Training dataset: In [0.3552, 0.3333, 0.2583, 0.2370, 0.4490, 0.0768, 0.1749, 0.
0551, 0.0198, 0.0686, 0.2620] Out [0.6107]
Training dataset: In [0.1780, 0.3333, 0.0401, 0.4890, 0.0981, 0.0050, 0.0224, 0.
0000, 0.0000, 0.0000, 0.0990] Out [0.2671]
Training dataset: In [0.1897, 1.0000, 0.2880, 0.2370, 0.2615, 0.0683, 0.1563, 0.
0450, 0.0119, 0.0538, 0.1188] Out [0.3809]
Training dataset: In [0.0890, 1.0000, 0.0401, 0.4890, 0.0008, 0.0046, 0.0204, 0.
0006, 0.0000, 0.0019, 0.0644] Out [0.2027]
Training dataset: In [0.3551, 0.3333, 0.2581, 0.2370, 0.4498, 0.0769, 0.1746, 0.
0552, 0.0158, 0.0686, 0.2639] Out [0.6107]
Training dataset: In [0.1780, 0.3333, 0.0401, 0.4890, 0.0973, 0.0049, 0.0224, 0.
0000, 0.0000, 0.0000, 0.0967] Out [0.2671]
Training dataset: In [0.3551, 0.3333, 0.2582, 0.2370, 0.4490, 0.0768, 0.1746, 0.
0551, 0.0119, 0.0686, 0.2733] Out [0.6107]
Training dataset: In [0.1780, 0.3333, 0.0401, 0.4890, 0.0981, 0.0050, 0.0224, 0.
0000, 0.0000, 0.0000, 0.0967] Out [0.2671]
Training dataset: In [0.1898, 1.0000, 0.2883, 0.2370, 0.2615, 0.0684, 0.1563, 0.
0451, 0.0119, 0.0539, 0.1150] Out [0.3809]
Training dataset: In [0.0890, 1.0000, 0.0401, 0.4890, 0.0008, 0.0046, 0.0204, 0.
0006, 0.0000, 0.0020, 0.0714] Out [0.2027]
Training dataset: In [0.3552, 0.3333, 0.2582, 0.2370, 0.4506, 0.0768, 0.1745, 0.
0552, 0.0198, 0.0686, 0.3053] Out [0.6107]
Training dataset: In [0.1780, 0.3333, 0.0401, 0.4890, 0.0973, 0.0050, 0.0224, 0.
0000, 0.0000, 0.0000, 0.1266] Out [0.2671]
Training dataset: In [0.1031, 1.0000, 0.2160, 0.0215, 0.1756, 0.8800, 0.5932, 0.
6326, 0.0699, 0.4687, 0.1016] Out [0.1522]
Training dataset: In [0.0890, 1.0000, 0.1864, 0.5000, 0.1357, 0.0172, 0.0672, 0.
0026, 0.0096, 0.0084, 0.0394] Out [0.1848]
Training dataset: In [0.1465, 0.3333, 0.1535, 0.0216, 0.2356, 0.9023, 0.6753, 0.
7559, 0.2793, 0.6555, 0.5958] Out [0.2738]
Training dataset: In [0.1780, 0.3333, 0.1865, 0.5000, 0.2651, 0.0061, 0.0323, 0.
0011, 0.0048, 0.0033, 0.0560] Out [0.2689]
Training dataset: In [0.1464, 0.3333, 0.1533, 0.0215, 0.2356, 0.9023, 0.6762, 0.
7556, 0.2795, 0.6547, 0.2790] Out [0.2738]
Training dataset: In [0.1780, 0.3333, 0.1865, 0.5000, 0.2651, 0.0061, 0.0323, 0.
0010, 0.0048, 0.0032, 0.0447] Out [0.2689]
Training dataset: In [0.1028, 1.0000, 0.2154, 0.0216, 0.1735, 0.8785, 0.5911, 0.
6295, 0.0699, 0.4693, 0.0761] Out [0.1522]
Training dataset: In [0.0890, 1.0000, 0.1864, 0.5000, 0.1357, 0.0172, 0.0670, 0.
0027, 0.0048, 0.0084, 0.0420] Out [0.1848]
Training dataset: In [0.1466, 0.3333, 0.1535, 0.0215, 0.2367, 0.9029, 0.6738, 0.
7567, 0.1397, 0.6551, 0.2663] Out [0.2738]
Training dataset: In [0.1780, 0.3333, 0.1865, 0.5000, 0.2651, 0.0061, 0.0323, 0.
0010, 0.0048, 0.0033, 0.0438] Out [0.2689]
Training dataset: In [0.1465, 0.3333, 0.1535, 0.0216, 0.2356, 0.9022, 0.6734, 0.
7562, 0.1397, 0.6553, 0.2916] Out [0.2738]
Training dataset: In [0.1780, 0.3333, 0.1865, 0.5000, 0.2651, 0.0061, 0.0323, 0.
0010, 0.0048, 0.0033, 0.0490] Out [0.2689]
Training dataset: In [0.1031, 1.0000, 0.2161, 0.0215, 0.1756, 0.8800, 0.5936, 0.
6326, 0.0699, 0.4709, 0.1396] Out [0.1522]
Training dataset: In [0.0890, 1.0000, 0.1864, 0.5000, 0.1357, 0.0172, 0.0670, 0.
0027, 0.0048, 0.0084, 0.0377] Out [0.1848]
Training dataset: In [0.1466, 0.3333, 0.1535, 0.0215, 0.2367, 0.9026, 0.6730, 0.
7566, 0.2794, 0.6551, 0.4311] Out [0.2738]
Training dataset: In [0.1780, 0.3333, 0.1865, 0.5000, 0.2651, 0.0061, 0.0323, 0.
0010, 0.0048, 0.0033, 0.0587] Out [0.2689]
EA_PEDF_RV64: Prediction for thread 0x0000000047c443c8: 0.2318
EA_PEDF_RV64: Prediction for thread 0x0000000047c09bf0: 0.5122
EA_PEDF_RV64: Prediction for thread 0x0000000047bcf418: 0.4940
EA_PEDF_RV64: Prediction for thread 0x0000000047b94c40: 0.3904
EA_PEDF_RV64: Prediction for thread 0x0000000047b5a468: 0.2318
EA_PEDF_RV64: Prediction for thread 0x0000000047b1fc90: 0.5093
EA_PEDF_RV64: Prediction for core 1: 1.0215
Imbalanced!
>  Iteration [326], Clock: 751999999Hz, Temperature: 42.6970C
EA_PEDF_RV64: Prediction for thread 0x0000000047c443c8: 0.2318
EA_PEDF_RV64: Prediction for thread 0x0000000047c09bf0: 0.5928
EA_PEDF_RV64: Prediction for thread 0x0000000047bcf418: 0.4930
EA_PEDF_RV64: Prediction for thread 0x0000000047b94c40: 0.3900
EA_PEDF_RV64: Prediction for thread 0x0000000047b5a468: 0.2318
EA_PEDF_RV64: Prediction for thread 0x0000000047b1fc90: 0.5090
<0>: EA_PEDF_RV64: The utilization went beyond the safety margin of 95.0000%
Core 1 utilization: 1.0905
Core 2 utilization: 0.5332
Core 3 utilization: 0.3248
 :<0>
Revoking...
>  Iteration [327], Clock: 1503999999Hz, Temperature: 42.6390C
>  Iteration [328], Clock: 1503999999Hz, Temperature: 43.1610C
EA_PEDF_RV64: Prediction for thread 0x0000000047c443c8: 0.2318
EA_PEDF_RV64: Prediction for thread 0x0000000047c09bf0: 0.3816
EA_PEDF_RV64: Prediction for thread 0x0000000047bcf418: 0.3070
EA_PEDF_RV64: Prediction for thread 0x0000000047b94c40: 0.2411
EA_PEDF_RV64: Prediction for thread 0x0000000047b5a468: 0.2318
EA_PEDF_RV64: Prediction for thread 0x0000000047b1fc90: 0.3761
EA_PEDF_RV64: Prediction for core 1: 0.7577
EA_PEDF_RV64: Prediction for core 2: 0.5481
EA_PEDF_RV64: Prediction for core 3: 0.4635
>  Iteration [329], Clock: 751999999Hz, Temperature: 43.4510C
Returned to application main!
Elapsed: 361819027
Threads: 6
-----------------------------------------------------
...............Threads Timing Behavior...............
-----------------------------------------------------
Task [0]: 0x0000000047c443c8
>   Counted iterations: 330
>   Execution time: 45938127 us
>   Job WCET: 437638 us
>   Iteration WCET: 12503 us
>   Average job runtime: 139206 us
>   Average iteration runtime: 3977 us
>   Iterations per job: 35
Task [1]: 0x0000000047c09bf0
>   Counted iterations: 330
>   Execution time: 178823381 us
>   Job WCET: 1264519 us
>   Iteration WCET: 1264519 us
>   Average job runtime: 541889 us
>   Average iteration runtime: 541889 us
>   Iterations per job: 1
Task [2]: 0x0000000047bcf418
>   Counted iterations: 330
>   Execution time: 147566140 us
>   Job WCET: 1103080 us
>   Iteration WCET: 1103080 us
>   Average job runtime: 447170 us
>   Average iteration runtime: 447170 us
>   Iterations per job: 1
Task [3]: 0x0000000047b94c40
>   Counted iterations: 330
>   Execution time: 58448772 us
>   Job WCET: 824911 us
>   Iteration WCET: 0 us
>   Average job runtime: 177117 us
>   Average iteration runtime: 0 us
>   Iterations per job: 26666668
Task [4]: 0x0000000047b5a468
>   Counted iterations: 330
>   Execution time: 57219044 us
>   Job WCET: 887278 us
>   Iteration WCET: 0 us
>   Average job runtime: 173391 us
>   Average iteration runtime: 0 us
>   Iterations per job: 26666668
Task [5]: 0x0000000047b1fc90
>   Counted iterations: 330
>   Execution time: 100669366 us
>   Job WCET: 1077187 us
>   Iteration WCET: 1077187 us
>   Average job runtime: 305058 us
>   Average iteration runtime: 305058 us
>   Iterations per job: 1
Average criterion times:
Average global times:
Hyperperiod: 369947 Ticks
Training: 2029380 Ticks
Prediction: 158956 Ticks
Balancing: 8236 Ticks

Collected task data:
Task data [0]: 
begin_data
System buffer: System::JOB_UTILIZATION
4687366,93846
5694840,101275
6694923,101316
7694736,101086
8694914,101217
9694995,101255
10695225,101441
11732113,138281
12772358,134324
13984608,346493
15025649,171197
16292196,437643
17328673,198386
18279352,100931
19279658,101193
20357013,134364
21357154,134427
22813715,99928
23813931,100114
24868265,101193
25868272,101161
26945533,134240
27945554,134178
29539638,102213
30539091,101634
31627661,146038
32627543,145854
34208913,101196
35209823,102073
36298289,146374
37298038,146054
38902151,146042
39917732,101124
40917864,101217
42006881,146069
43006824,145945
44581716,101442
45581248,100939
46670458,145992
47670321,145785
49244859,101066
50245144,101312
51334081,146092
52333989,145929
53908598,101334
54909192,101897
55997468,146015
56996956,145432
58571648,101038
59572024,101376
60660816,146011
61660848,145980
63235162,101233
64235092,101131
65324340,146228
66323855,145666
67927787,145798
68943600,101120
69943934,101415
71032781,146109
72032504,145764
73636823,146276
74639895,101251
75640033,101356
76728944,146112
77728479,145575
79332294,145634
80336231,101470
81336326,101532
82425209,146260
83424570,145558
85028718,145816
86032793,101794
87032753,101716
88121478,146288
89121169,145915
90691461,101397
91691762,101660
92780226,145968
93779958,145631
95435517,190611
96457631,212631
97979162,100732
98980419,101956
100068846,146231
101068883,146189
102690433,146066
103694389,101923
104694320,101819
105782438,145787
106782431,145721
108404290,145839
109408716,102164
110407791,101201
111497049,146304
112496619,145807
114100554,145763
115104156,101265
116104806,101875
117193053,145971
118193284,146137
119797077,145854
120800571,101248
121800902,101545
122889631,146120
123889278,145698
125493255,145598
126497168,101413
127497189,101400
128585848,145907
129585748,145746
131190130,146054
132193294,101117
133193708,101493
134283275,146908
135283042,146596
136887344,146824
137890009,101396
138891621,102972
139980411,147615
140979742,146871
142583920,146977
143586566,101516
144588253,103163
145676841,147600
146675882,146563
148280059,146675
149283039,101554
150284986,103460
151373333,147657
152372555,146805
153976669,146883
154979366,101473
155981034,103101
157069466,147381
158069084,146929
159673107,146920
160675617,101332
161677505,103185
162766307,147834
163765077,146532
165334465,101077
166336855,103428
167425137,147558
168424426,146781
170028218,146613
171065590,146726
172102698,146570
173140234,146841
174177044,146393
175214732,146820
176252149,146978
177289635,147206
178326444,146757
179363542,146598
180400790,146590
181438364,146908
182475374,146653
183512807,146826
184549944,146706
185586852,146355
186624412,146658
187661678,146657
188698834,146560
189736053,146519
190773681,146893
191810938,146892
192848066,146756
193885382,146816
194922666,146838
195959554,146467
196997204,146856
198034606,147001
199071596,146726
200109036,146914
201146037,146653
202183535,146894
203220694,146790
204257799,146638
205295119,146702
206332574,146901
207369342,146407
208406998,146811
209444220,146768
210481393,146679
211518522,146551
212555876,146646
213593299,146805
214630585,146834
215667644,146633
216691413,170327
217742826,184483
218766550,170935
219817221,184341
220849008,178858
221893747,186325
222923719,179026
223957214,175247
225001432,182194
226031721,175207
227076139,182357
228105893,174835
229150458,182130
230180553,174956
231225339,182473
232254959,174822
233299539,182126
234329812,175123
235374742,182784
236405149,175912
237449113,182600
238479927,176138
239523718,182656
240554223,175881
241598277,182656
242629893,176995
243672080,181908
244674213,146764
245711361,146639
246748749,146764
247785834,146582
248823598,147072
249860765,146968
250897626,146555
251934896,146549
252972211,146596
254009219,146328
255046857,146689
256084150,146711
257121565,146855
258158874,146894
259196180,146929
260232900,146383
261270140,146361
262307565,146525
263344895,146588
264382026,146460
265419378,146543
266456746,146641
267493902,146531
268531526,146889
269568595,146692
270605935,146769
271643189,146751
272680218,146522
273717544,146585
274755024,146800
275792363,146867
276829214,146447
277866619,146586
278904072,146777
279941085,146517
280978614,146776
282015763,146659
283052937,146567
284090139,146504
285127451,146558
286164866,146714
287201743,146319
288239320,146631
289276828,146877
290313832,146624
291350995,146522
292388272,146533
293425691,146685
294462595,146329
295500382,146854
296537323,146526
297574556,146495
298612257,146934
299649136,146555
300686381,146540
301723638,146531
302761478,147111
303798291,146660
304835587,146687
305872775,146612
306909971,146551
307947419,146735
308984583,146641
310022151,146947
311059062,146597
312061330,100770
313064024,103427
314152571,147822
315151356,146534
316580627,146817
317583015,101105
318584694,102752
319673749,147655
320672957,146792
322101748,146632
323104530,101314
324106089,102835
325195340,147931
326193864,146388
327623098,146737
328625410,100949
329628338,103839
330716537,147889
331715309,146586
333110193,101159
334111403,102331
335157033,102521
336157605,103054
337246230,147527
338245297,146528
339674087,146421
340677002,101229
341678598,102785
342767300,147336
343766549,146512
345195754,146797
346198000,100944
347200223,103134
348288966,147731
349287843,146530
350716673,146379
351719613,101223
352721268,102835
353809835,147245
354809210,146557
356238157,146517
357241173,101436
358242910,103140
359331090,147170
360330556,146568
361759791,146818
362762395,101327
363763859,102749
System buffer: System::CPU_CLOCK
4687366,1503999999
5694840,1503999999
6694923,1503999999
7694736,1503999999
8694914,1503999999
9694995,1503999999
10695225,1503999999
11732113,751999999
12772358,751999999
13984608,501333333
15025649,501333333
16292196,501333333
17328673,1503999999
18279352,1503999999
19279658,1503999999
20357013,751999999
21357154,751999999
22813715,1503999999
23813931,1503999999
24868265,1503999999
25868272,1503999999
26945533,751999999
27945554,751999999
29539638,1503999999
30539091,1503999999
31627661,751999999
32627543,751999999
34208913,1503999999
35209823,1503999999
36298289,751999999
37298038,751999999
38902151,751999999
39917732,1503999999
40917864,1503999999
42006881,751999999
43006824,751999999
44581716,1503999999
45581248,1503999999
46670458,751999999
47670321,751999999
49244859,1503999999
50245144,1503999999
51334081,751999999
52333989,751999999
53908598,1503999999
54909192,1503999999
55997468,751999999
56996956,751999999
58571648,1503999999
59572024,1503999999
60660816,751999999
61660848,751999999
63235162,1503999999
64235092,1503999999
65324340,751999999
66323855,751999999
67927787,751999999
68943600,1503999999
69943934,1503999999
71032781,751999999
72032504,751999999
73636823,751999999
74639895,1503999999
75640033,1503999999
76728944,751999999
77728479,751999999
79332294,751999999
80336231,1503999999
81336326,1503999999
82425209,751999999
83424570,751999999
85028718,751999999
86032793,1503999999
87032753,1503999999
88121478,751999999
89121169,751999999
90691461,1503999999
91691762,1503999999
92780226,751999999
93779958,751999999
95435517,501333333
96457631,501333333
97979162,1503999999
98980419,1503999999
100068846,751999999
101068883,751999999
102690433,751999999
103694389,1503999999
104694320,1503999999
105782438,751999999
106782431,751999999
108404290,751999999
109408716,1503999999
110407791,1503999999
111497049,751999999
112496619,751999999
114100554,751999999
115104156,1503999999
116104806,1503999999
117193053,751999999
118193284,751999999
119797077,751999999
120800571,1503999999
121800902,1503999999
122889631,751999999
123889278,751999999
125493255,751999999
126497168,1503999999
127497189,1503999999
128585848,751999999
129585748,751999999
131190130,751999999
132193294,1503999999
133193708,1503999999
134283275,751999999
135283042,751999999
136887344,751999999
137890009,1503999999
138891621,1503999999
139980411,751999999
140979742,751999999
142583920,751999999
143586566,1503999999
144588253,1503999999
145676841,751999999
146675882,751999999
148280059,751999999
149283039,1503999999
150284986,1503999999
151373333,751999999
152372555,751999999
153976669,751999999
154979366,1503999999
155981034,1503999999
157069466,751999999
158069084,751999999
159673107,751999999
160675617,1503999999
161677505,1503999999
162766307,751999999
163765077,751999999
165334465,1503999999
166336855,1503999999
167425137,751999999
168424426,751999999
170028218,751999999
171065590,751999999
172102698,751999999
173140234,751999999
174177044,751999999
175214732,751999999
176252149,751999999
177289635,751999999
178326444,751999999
179363542,751999999
180400790,751999999
181438364,751999999
182475374,751999999
183512807,751999999
184549944,751999999
185586852,751999999
186624412,751999999
187661678,751999999
188698834,751999999
189736053,751999999
190773681,751999999
191810938,751999999
192848066,751999999
193885382,751999999
194922666,751999999
195959554,751999999
196997204,751999999
198034606,751999999
199071596,751999999
200109036,751999999
201146037,751999999
202183535,751999999
203220694,751999999
204257799,751999999
205295119,751999999
206332574,751999999
207369342,751999999
208406998,751999999
209444220,751999999
210481393,751999999
211518522,751999999
212555876,751999999
213593299,751999999
214630585,751999999
215667644,751999999
216691413,751999999
217742826,751999999
218766550,751999999
219817221,751999999
220849008,751999999
221893747,751999999
222923719,751999999
223957214,751999999
225001432,751999999
226031721,751999999
227076139,751999999
228105893,751999999
229150458,751999999
230180553,751999999
231225339,751999999
232254959,751999999
233299539,751999999
234329812,751999999
235374742,751999999
236405149,751999999
237449113,751999999
238479927,751999999
239523718,751999999
240554223,751999999
241598277,751999999
242629893,751999999
243672080,751999999
244674213,751999999
245711361,751999999
246748749,751999999
247785834,751999999
248823598,751999999
249860765,751999999
250897626,751999999
251934896,751999999
252972211,751999999
254009219,751999999
255046857,751999999
256084150,751999999
257121565,751999999
258158874,751999999
259196180,751999999
260232900,751999999
261270140,751999999
262307565,751999999
263344895,751999999
264382026,751999999
265419378,751999999
266456746,751999999
267493902,751999999
268531526,751999999
269568595,751999999
270605935,751999999
271643189,751999999
272680218,751999999
273717544,751999999
274755024,751999999
275792363,751999999
276829214,751999999
277866619,751999999
278904072,751999999
279941085,751999999
280978614,751999999
282015763,751999999
283052937,751999999
284090139,751999999
285127451,751999999
286164866,751999999
287201743,751999999
288239320,751999999
289276828,751999999
290313832,751999999
291350995,751999999
292388272,751999999
293425691,751999999
294462595,751999999
295500382,751999999
296537323,751999999
297574556,751999999
298612257,751999999
299649136,751999999
300686381,751999999
301723638,751999999
302761478,751999999
303798291,751999999
304835587,751999999
305872775,751999999
306909971,751999999
307947419,751999999
308984583,751999999
310022151,751999999
311059062,751999999
312061330,1503999999
313064024,1503999999
314152571,751999999
315151356,751999999
316580627,751999999
317583015,1503999999
318584694,1503999999
319673749,751999999
320672957,751999999
322101748,751999999
323104530,1503999999
324106089,1503999999
325195340,751999999
326193864,751999999
327623098,751999999
328625410,1503999999
329628338,1503999999
330716537,751999999
331715309,751999999
333110193,1503999999
334111403,1503999999
335157033,1503999999
336157605,1503999999
337246230,751999999
338245297,751999999
339674087,751999999
340677002,1503999999
341678598,1503999999
342767300,751999999
343766549,751999999
345195754,751999999
346198000,1503999999
347200223,1503999999
348288966,751999999
349287843,751999999
350716673,751999999
351719613,1503999999
352721268,1503999999
353809835,751999999
354809210,751999999
356238157,751999999
357241173,1503999999
358242910,1503999999
359331090,751999999
360330556,751999999
361759791,751999999
362762395,1503999999
363763859,1503999999
System buffer: System::DEADLINE_MISSES
4687366,1
5694840,1
6694923,1
7694736,1
8694914,1
9694995,1
10695225,1
11732113,1
12772358,1
13984608,1
15025649,1
16292196,1
17328673,1
18279352,1
19279658,1
20357013,1
21357154,1
22813715,1
23813931,1
24868265,1
25868272,1
26945533,1
27945554,1
29539638,1
30539091,1
31627661,1
32627543,1
34208913,1
35209823,1
36298289,1
37298038,1
38902151,1
39917732,1
40917864,1
42006881,1
43006824,1
44581716,1
45581248,1
46670458,1
47670321,1
49244859,1
50245144,1
51334081,1
52333989,1
53908598,1
54909192,1
55997468,1
56996956,1
58571648,1
59572024,1
60660816,1
61660848,1
63235162,1
64235092,1
65324340,1
66323855,1
67927787,1
68943600,1
69943934,1
71032781,1
72032504,1
73636823,1
74639895,1
75640033,1
76728944,1
77728479,1
79332294,1
80336231,1
81336326,1
82425209,1
83424570,1
85028718,1
86032793,1
87032753,1
88121478,1
89121169,1
90691461,1
91691762,1
92780226,1
93779958,1
95435517,1
96457631,1
97979162,1
98980419,1
100068846,1
101068883,1
102690433,1
103694389,1
104694320,1
105782438,1
106782431,1
108404290,1
109408716,1
110407791,1
111497049,1
112496619,1
114100554,1
115104156,1
116104806,1
117193053,1
118193284,1
119797077,1
120800571,1
121800902,1
122889631,1
123889278,1
125493255,1
126497168,1
127497189,1
128585848,1
129585748,1
131190130,1
132193294,1
133193708,1
134283275,1
135283042,1
136887344,1
137890009,1
138891621,1
139980411,1
140979742,1
142583920,1
143586566,1
144588253,1
145676841,1
146675882,1
148280059,1
149283039,1
150284986,1
151373333,1
152372555,1
153976669,1
154979366,1
155981034,1
157069466,1
158069084,1
159673107,1
160675617,1
161677505,1
162766307,1
163765077,1
165334465,1
166336855,1
167425137,1
168424426,1
170028218,1
171065590,1
172102698,1
173140234,1
174177044,1
175214732,1
176252149,1
177289635,1
178326444,1
179363542,1
180400790,1
181438364,1
182475374,1
183512807,1
184549944,1
185586852,1
186624412,1
187661678,1
188698834,1
189736053,1
190773681,1
191810938,1
192848066,1
193885382,1
194922666,1
195959554,1
196997204,1
198034606,1
199071596,1
200109036,1
201146037,1
202183535,1
203220694,1
204257799,1
205295119,1
206332574,1
207369342,1
208406998,1
209444220,1
210481393,1
211518522,1
212555876,1
213593299,1
214630585,1
215667644,1
216691413,1
217742826,1
218766550,1
219817221,1
220849008,1
221893747,1
222923719,1
223957214,1
225001432,1
226031721,1
227076139,1
228105893,1
229150458,1
230180553,1
231225339,1
232254959,1
233299539,1
234329812,1
235374742,1
236405149,1
237449113,1
238479927,1
239523718,1
240554223,1
241598277,1
242629893,1
243672080,1
244674213,1
245711361,1
246748749,1
247785834,1
248823598,1
249860765,1
250897626,1
251934896,1
252972211,1
254009219,1
255046857,1
256084150,1
257121565,1
258158874,1
259196180,1
260232900,1
261270140,1
262307565,1
263344895,1
264382026,1
265419378,1
266456746,1
267493902,1
268531526,1
269568595,1
270605935,1
271643189,1
272680218,1
273717544,1
274755024,1
275792363,1
276829214,1
277866619,1
278904072,1
279941085,1
280978614,1
282015763,1
283052937,1
284090139,1
285127451,1
286164866,1
287201743,1
288239320,1
289276828,1
290313832,1
291350995,1
292388272,1
293425691,1
294462595,1
295500382,1
296537323,1
297574556,1
298612257,1
299649136,1
300686381,1
301723638,1
302761478,1
303798291,1
304835587,1
305872775,1
306909971,1
307947419,1
308984583,1
310022151,1
311059062,1
312061330,1
313064024,1
314152571,1
315151356,1
316580627,1
317583015,1
318584694,1
319673749,1
320672957,1
322101748,1
323104530,1
324106089,1
325195340,1
326193864,1
327623098,1
328625410,1
329628338,1
330716537,1
331715309,1
333110193,1
334111403,1
335157033,1
336157605,1
337246230,1
338245297,1
339674087,1
340677002,1
341678598,1
342767300,1
343766549,1
345195754,1
346198000,1
347200223,1
348288966,1
349287843,1
350716673,1
351719613,1
352721268,1
353809835,1
354809210,1
356238157,1
357241173,1
358242910,1
359331090,1
360330556,1
361759791,1
362762395,1
363763859,1
System buffer: System::CORE
4687366,1
5694840,1
6694923,1
7694736,1
8694914,1
9694995,1
10695225,1
11732113,1
12772358,1
13984608,1
15025649,1
16292196,1
17328673,1
18279352,1
19279658,1
20357013,1
21357154,1
22813715,1
23813931,1
24868265,1
25868272,1
26945533,1
27945554,1
29539638,3
30539091,3
31627661,3
32627543,3
34208913,3
35209823,3
36298289,3
37298038,3
38902151,3
39917732,3
40917864,3
42006881,3
43006824,3
44581716,2
45581248,2
46670458,2
47670321,2
49244859,3
50245144,3
51334081,3
52333989,3
53908598,2
54909192,2
55997468,2
56996956,2
58571648,3
59572024,3
60660816,3
61660848,3
63235162,2
64235092,2
65324340,2
66323855,2
67927787,2
68943600,3
69943934,3
71032781,3
72032504,3
73636823,3
74639895,3
75640033,3
76728944,3
77728479,3
79332294,3
80336231,3
81336326,3
82425209,3
83424570,3
85028718,3
86032793,3
87032753,3
88121478,3
89121169,3
90691461,3
91691762,3
92780226,3
93779958,3
95435517,3
96457631,3
97979162,3
98980419,3
100068846,3
101068883,3
102690433,3
103694389,3
104694320,3
105782438,3
106782431,3
108404290,3
109408716,3
110407791,3
111497049,3
112496619,3
114100554,3
115104156,3
116104806,3
117193053,3
118193284,3
119797077,3
120800571,3
121800902,3
122889631,3
123889278,3
125493255,3
126497168,3
127497189,3
128585848,3
129585748,3
131190130,3
132193294,3
133193708,3
134283275,3
135283042,3
136887344,3
137890009,3
138891621,3
139980411,3
140979742,3
142583920,3
143586566,3
144588253,3
145676841,3
146675882,3
148280059,3
149283039,3
150284986,3
151373333,3
152372555,3
153976669,3
154979366,3
155981034,3
157069466,3
158069084,3
159673107,3
160675617,3
161677505,3
162766307,3
163765077,3
165334465,3
166336855,3
167425137,3
168424426,3
170028218,3
171065590,3
172102698,3
173140234,3
174177044,3
175214732,3
176252149,3
177289635,3
178326444,3
179363542,3
180400790,3
181438364,3
182475374,3
183512807,3
184549944,3
185586852,3
186624412,3
187661678,3
188698834,3
189736053,3
190773681,3
191810938,3
192848066,3
193885382,3
194922666,3
195959554,3
196997204,3
198034606,3
199071596,3
200109036,3
201146037,3
202183535,3
203220694,3
204257799,3
205295119,3
206332574,3
207369342,3
208406998,3
209444220,3
210481393,3
211518522,3
212555876,3
213593299,3
214630585,3
215667644,3
216691413,3
217742826,3
218766550,3
219817221,3
220849008,3
221893747,3
222923719,3
223957214,3
225001432,3
226031721,3
227076139,3
228105893,3
229150458,3
230180553,3
231225339,3
232254959,3
233299539,3
234329812,3
235374742,3
236405149,3
237449113,3
238479927,3
239523718,3
240554223,3
241598277,3
242629893,3
243672080,3
244674213,3
245711361,3
246748749,3
247785834,3
248823598,3
249860765,3
250897626,3
251934896,3
252972211,3
254009219,3
255046857,3
256084150,3
257121565,3
258158874,3
259196180,3
260232900,3
261270140,3
262307565,3
263344895,3
264382026,3
265419378,3
266456746,3
267493902,3
268531526,3
269568595,3
270605935,3
271643189,3
272680218,3
273717544,3
274755024,3
275792363,3
276829214,3
277866619,3
278904072,3
279941085,3
280978614,3
282015763,3
283052937,3
284090139,3
285127451,3
286164866,3
287201743,3
288239320,3
289276828,3
290313832,3
291350995,3
292388272,3
293425691,3
294462595,3
295500382,3
296537323,3
297574556,3
298612257,3
299649136,3
300686381,3
301723638,3
302761478,3
303798291,3
304835587,3
305872775,3
306909971,3
307947419,3
308984583,3
310022151,3
311059062,3
312061330,3
313064024,3
314152571,3
315151356,3
316580627,3
317583015,3
318584694,3
319673749,3
320672957,3
322101748,3
323104530,3
324106089,3
325195340,3
326193864,3
327623098,3
328625410,3
329628338,3
330716537,3
331715309,3
333110193,3
334111403,3
335157033,3
336157605,3
337246230,3
338245297,3
339674087,3
340677002,3
341678598,3
342767300,3
343766549,3
345195754,3
346198000,3
347200223,3
348288966,3
349287843,3
350716673,3
351719613,3
352721268,3
353809835,3
354809210,3
356238157,3
357241173,3
358242910,3
359331090,3
360330556,3
361759791,3
362762395,3
363763859,3
PMU buffer: PMU::CPU_CYCLES
4687366,140775099
5694840,151918211
6694923,151978177
7694736,151634611
8694914,151830403
9694995,151888287
10695225,152166391
11732113,206380381
12772358,100745688
13984608,253316821
15025649,85600757
16292196,218823865
17328673,131453691
18279352,151402037
19279658,151794369
20357013,100775947
21357154,100823560
22813715,149897044
23813931,150175883
24868265,151794397
25868272,151746507
26945533,100683402
27945554,100636254
29539638,153324576
30539091,152457137
31627661,109531266
32627543,109393896
34208913,151798665
35209823,153115013
36298289,109783696
37298038,109543458
38902151,109534380
39917732,151690501
40917864,151829725
42006881,109555138
43006824,109461330
44581716,152168101
45581248,151413725
46670458,109497204
47670321,109342276
49244859,151604029
50245144,151973249
51334081,109571689
52333989,109449330
53908598,152006849
54909192,152851281
55997468,109514144
56996956,109077364
58571648,151562373
59572024,152068533
60660816,109511684
61660848,109487804
63235162,151854241
64235092,151701981
65324340,109673732
66323855,109252925
67927787,109351666
68943600,151684867
69943934,152126651
71032781,109584748
72032504,109326584
73636823,109710334
74639895,151880663
75640033,152038618
76728944,109586960
77728479,109184868
79332294,109228486
80336231,152209363
81336326,152303744
82425209,109697520
83424570,109171510
85028718,109365483
86032793,152694921
87032753,152579600
88121478,109719026
89121169,109438706
90691461,152100611
91691762,152496021
92780226,109479095
93779958,109226258
95435517,95307844
96457631,106318024
97979162,151103064
98980419,152939507
100068846,109676378
101068883,109644809
102690433,109552364
103694389,152889779
104694320,152733217
105782438,109343930
106782431,109293656
108404290,109382094
109408716,153251321
110407791,151806246
111497049,109731183
112496619,109357978
114100554,109326173
115104156,151902253
116104806,152816922
117193053,109480954
118193284,109606022
119797077,109393123
120800571,151877109
121800902,152322290
122889631,109593026
123889278,109276562
125493255,109201777
126497168,152124567
127497189,152105269
128585848,109433212
129585748,109312724
131190130,109543257
132193294,151681129
133193708,152244960
134283275,110184398
135283042,109949527
136887344,110120680
137890009,152099301
138891621,154462767
139980411,110713702
140979742,110156620
142583920,110236351
143586566,152278271
144588253,154749285
145676841,110702862
146675882,109925267
148280059,110008798
149283039,152335777
150284986,155194988
151373333,110745802
152372555,110107072
153976669,110165275
154979366,152214461
155981034,154655326
157069466,110538810
158069084,110199284
159673107,110192978
160675617,152002683
161677505,154782256
162766307,110878482
163765077,109902452
165334465,151619581
166336855,155146654
167425137,110671394
168424426,110088760
170028218,109962782
171065590,110047268
172102698,109930323
173140234,110134256
174177044,109797874
175214732,110118218
176252149,110236393
177289635,110407490
178326444,110071160
179363542,109951560
180400790,109945568
181438364,110184228
182475374,109993080
183512807,110122591
184549944,110032139
185586852,109768936
186624412,109996297
187661678,109995532
188698834,109923091
189736053,109892602
190773681,110173058
191810938,110171300
192848066,110069468
193885382,110115380
194922666,110131362
195959554,109852992
196997204,110144576
198034606,110254047
199071596,110047972
200109036,110188698
201146037,109992304
202183535,110174020
203220694,110095053
204257799,109981762
205295119,110029386
206332574,110178652
207369342,109808330
208406998,110111074
209444220,110078942
210481393,110012256
211518522,109915966
212555876,109987762
213593299,110107171
214630585,110128894
215667644,109977829
216691413,127747926
217742826,138365174
218766550,128204136
219817221,138258560
220849008,134146030
221893747,139746790
222923719,134272854
223957214,131438376
225001432,136647926
226031721,131408314
227076139,136770880
228105893,131129062
229150458,136599752
230180553,131219732
231225339,136857623
232254959,131118927
233299539,136597407
234329812,131345359
235374742,137090939
236405149,131936985
237449113,136952935
238479927,132106361
239523718,136995401
240554223,131913563
241598277,136994298
242629893,132748919
243672080,136433605
244674213,110076187
245711361,109980989
246748749,110076033
247785834,109939128
248823598,110307182
249860765,110228923
250897626,109919268
251934896,109914688
252972211,109949792
254009219,109748776
255046857,110019860
256084150,110035954
257121565,110144514
258158874,110173643
259196180,110199534
260232900,109790209
261270140,109774251
262307565,109896763
263344895,109944000
264382026,109848066
265419378,109910487
266456746,109983779
267493902,109901142
268531526,110170078
269568595,110021822
270605935,110079646
271643189,110065910
272680218,109893939
273717544,109941861
274755024,110103268
275792363,110152991
276829214,109838272
277866619,109942150
278904072,110085490
279941085,109890614
280978614,110085004
282015763,109997231
283052937,109928089
284090139,109880632
285127451,109921471
286164866,110038216
287201743,109742551
288239320,109976057
289276828,110161055
290313832,109971071
291350995,109894388
292388272,109902792
293425691,110017286
294462595,109749507
295500382,110143003
296537323,109897241
297574556,109873821
298612257,110203209
299649136,109919357
300686381,109907887
301723638,109901084
302761478,110335709
303798291,109997964
304835587,110018360
305872775,109962228
306909971,109916298
307947419,110053836
308984583,109983429
310022151,110213119
311059062,109951284
312061330,151160088
313064024,155145566
314152571,110869374
315151356,109903422
316580627,110115893
317583015,151662765
318584694,154133291
319673749,110744523
320672957,110096372
322101748,109976448
323104530,151976196
324106089,154257921
325195340,110951550
326193864,109794006
327623098,110055699
328625410,151428677
329628338,155763432
330716537,110919690
331715309,109942140
333110193,151743301
334111403,153502172
335157033,153786389
336157605,154586042
337246230,110648457
338245297,109899200
339674087,109818816
340677002,151848464
341678598,154183112
342767300,110504762
343766549,109887160
345195754,110100708
346198000,151421341
347200223,154706589
348288966,110801338
349287843,109900401
350716673,109787210
351719613,151838986
352721268,154257518
353809835,110436505
354809210,109920964
356238157,109890417
357241173,152159049
358242910,154715247
359331090,110380870
360330556,109929396
361759791,110116631
362762395,151994776
363763859,154128464
PMU buffer: PMU::INSTRUCTIONS_RETIRED
4687366,9203131
5694840,9201344
6694923,9201344
7694736,9201664
8694914,9201696
9694995,9201340
10695225,9201344
11732113,15368754
12772358,9209810
13984608,26552751
15025649,9218357
16292196,24068605
17328673,11956240
18279352,9201131
19279658,9201340
20357013,9209810
21357154,9209810
22813715,9203798
23813931,9201300
24868265,9201780
25868272,9201340
26945533,9210154
27945554,9209810
29539638,9201549
30539091,9201885
31627661,9211900
32627543,9212397
34208913,9201509
35209823,9201718
36298289,9212069
37298038,9212069
38902151,9211860
39917732,9201549
40917864,9201549
42006881,9212193
43006824,9212109
44581716,9201509
45581248,9201300
46670458,9211860
47670321,9212069
49244859,9201993
50245144,9201549
51334081,9212873
52333989,9212109
53908598,9201509
54909192,9201509
55997468,9211860
56996956,9212069
58571648,9201340
59572024,9201549
60660816,9212100
61660848,9212109
63235162,9201509
64235092,9201509
65324340,9212069
66323855,9214000
67927787,9211860
68943600,9201549
69943934,9201549
71032781,9212109
72032504,9212125
73636823,9212109
74639895,9202028
75640033,9208424
76728944,9212189
77728479,9212109
79332294,9212216
80336231,9202052
81336326,9211972
82425209,9212109
83424570,9212109
85028718,9212036
86032793,9201944
87032753,9212740
88121478,9212109
89121169,9212109
90691461,9202392
91691762,9209981
92780226,9214668
93779958,9212109
95435517,9223010
96457631,9228499
97979162,9204583
98980419,9201549
100068846,9212553
101068883,9214529
102690433,9212325
103694389,9201340
104694320,9203397
105782438,9211905
106782431,9212109
108404290,9211900
109408716,9201805
110407791,9214320
111497049,9214489
112496619,9212109
114100554,9212668
115104156,9201340
116104806,9203496
117193053,9212440
118193284,9212630
119797077,9213360
120800571,9202900
121800902,9209388
122889631,9212381
123889278,9212109
125493255,9214016
126497168,9201340
127497189,9201549
128585848,9211900
129585748,9212109
131190130,9215432
132193294,9201400
133193708,9208532
134283275,9214693
135283042,9213781
136887344,9212757
137890009,9201280
138891621,9203689
139980411,9212234
140979742,9212754
142583920,9217277
143586566,9204268
144588253,9201698
145676841,9212662
146675882,9212025
148280059,9212697
149283039,9201280
150284986,9211722
151373333,9212234
152372555,9212654
153976669,9215545
154979366,9202144
155981034,9209402
157069466,9213054
158069084,9212234
159673107,9212025
160675617,9201356
161677505,9207838
162766307,9212234
163765077,9212494
165334465,9203144
166336855,9210622
167425137,9213021
168424426,9212658
170028218,9212025
171065590,9216517
172102698,9214917
173140234,9212529
174177044,9212025
175214732,9212345
176252149,9213701
177289635,9212762
178326444,9213393
179363542,9212785
180400790,9212025
181438364,9212253
182475374,9212025
183512807,9213061
184549944,9212289
185586852,9212477
186624412,9216345
187661678,9212041
188698834,9215401
189736053,9212509
190773681,9212025
191810938,9212829
192848066,9212025
193885382,9213781
194922666,9212025
195959554,9213337
196997204,9212025
198034606,9215325
199071596,9212025
200109036,9212541
201146037,9212513
202183535,9212937
203220694,9212397
204257799,9212441
205295119,9212030
206332574,9212569
207369342,9212025
208406998,9212609
209444220,9212217
210481393,9212373
211518522,9212025
212555876,9212645
213593299,9214017
214630585,9212109
215667644,9217885
216691413,12019015
217742826,12359771
218766550,12019639
219817221,12404347
220849008,12149137
221893747,16386220
222923719,11977505
223957214,11771673
225001432,13227614
226031721,11771585
227076139,13247975
228105893,11775233
229150458,13234042
230180553,11771425
231225339,13237486
232254959,11773280
233299539,13231653
234329812,11770468
235374742,13286450
236405149,11771757
237449113,13266910
238479927,11770613
239523718,13275042
240554223,11771517
241598277,13280802
242629893,11772265
243672080,12193953
244674213,9212025
245711361,9212961
246748749,9212025
247785834,9212237
248823598,9212234
249860765,9212025
250897626,9212025
251934896,9212025
252972211,9212025
254009219,9212025
255046857,9212041
256084150,9212025
257121565,9212025
258158874,9213065
259196180,9212025
260232900,9212109
261270140,9212025
262307565,9212025
263344895,9212025
264382026,9212025
265419378,9212025
266456746,9212025
267493902,9212025
268531526,9212025
269568595,9212025
270605935,9212025
271643189,9212025
272680218,9212321
273717544,9213437
274755024,9212025
275792363,9213709
276829214,9212025
277866619,9212041
278904072,9212025
279941085,9212025
280978614,9212025
282015763,9212041
283052937,9212025
284090139,9212177
285127451,9212025
286164866,9212025
287201743,9212025
288239320,9212033
289276828,9212025
290313832,9212025
291350995,9212025
292388272,9212225
293425691,9212025
294462595,9215173
295500382,9220953
296537323,9212225
297574556,9212025
298612257,9212134
299649136,9212025
300686381,9212025
301723638,9212025
302761478,9212569
303798291,9213689
304835587,9212409
305872775,9212025
306909971,9212025
307947419,9212025
308984583,9212025
310022151,9212025
311059062,9212597
312061330,9201071
313064024,9214310
314152571,9217377
315151356,9212234
316580627,9212025
317583015,9203100
318584694,9203474
319673749,9217317
320672957,9212234
322101748,9212529
323104530,9214552
324106089,9201698
325195340,9212234
326193864,9212234
327623098,9212245
328625410,9203443
329628338,9210158
330716537,9212569
331715309,9212234
333110193,9203504
334111403,9208597
335157033,9201505
336157605,9212230
337246230,9214077
338245297,9212234
339674087,9212025
340677002,9201280
341678598,9207221
342767300,9213425
343766549,9212234
345195754,9212025
346198000,9201071
347200223,9201907
348288966,9212234
349287843,9215757
350716673,9212025
351719613,9201280
352721268,9211525
353809835,9212234
354809210,9212234
356238157,9214309
357241173,9201280
358242910,9201907
359331090,9212234
360330556,9212234
361759791,9212693
362762395,9201280
363763859,9208697
PMU buffer: PMU::CONDITIONAL_BRANCHES_RETIRED
4687366,1150226
5694840,1148445
6694923,1148445
7694736,1148607
8694914,1148623
9694995,1148445
10695225,1148445
11732113,4231931
12772358,1148939
13984608,9819930
15025649,1149404
16292196,8574526
17328673,2519997
18279352,1148436
19279658,1148445
20357013,1148939
21357154,1148939
22813715,1149908
23813931,1148468
24868265,1148665
25868272,1148445
26945533,1149111
27945554,1148939
29539638,1148454
30539091,1148622
31627661,1149029
32627543,1149182
34208913,1148477
35209823,1148486
36298289,1149061
37298038,1149061
38902151,1149052
39917732,1148454
40917864,1148454
42006881,1149080
43006824,1149038
44581716,1148477
45581248,1148468
46670458,1149052
47670321,1149061
49244859,1148676
50245144,1148454
51334081,1149420
52333989,1149038
53908598,1148477
54909192,1148477
55997468,1149052
56996956,1149061
58571648,1148445
59572024,1148454
60660816,1149129
61660848,1149038
63235162,1148477
64235092,1148477
65324340,1149061
66323855,1150122
67927787,1149052
68943600,1148454
69943934,1148454
71032781,1149038
72032504,1149046
73636823,1149038
74639895,1148789
75640033,1151987
76728944,1149078
77728479,1149038
79332294,1149187
80336231,1148801
81336326,1153761
82425209,1149038
83424570,1149038
85028718,1149097
86032793,1148747
87032753,1154145
88121478,1149038
89121169,1149038
90691461,1148971
91691762,1152670
92780226,1150413
93779958,1149038
95435517,1149669
96457631,1149970
97979162,1150162
98980419,1148454
100068846,1149260
101068883,1150248
102690433,1149146
103694389,1148445
104694320,1149378
105782438,1149029
106782431,1149038
108404290,1149029
109408716,1148582
110407791,1154935
111497049,1150228
112496619,1149038
114100554,1149413
115104156,1148445
116104806,1149523
117193053,1149299
118193284,1149203
119797077,1149759
120800571,1149225
121800902,1152469
122889631,1149174
123889278,1149038
125493255,1150087
126497168,1148445
127497189,1148454
128585848,1149029
129585748,1149038
131190130,1150795
132193294,1148475
133193708,1152041
134283275,1150330
135283042,1149874
136887344,1149362
137890009,1148415
138891621,1149524
139980411,1149005
140979742,1149265
142583920,1151622
143586566,1149909
144588253,1148433
145676841,1149219
146675882,1148996
148280059,1149332
149283039,1148415
150284986,1153445
151373333,1149005
152372555,1149215
153976669,1150756
154979366,1148847
155981034,1152285
157069466,1149415
158069084,1149005
159673107,1148996
160675617,1148453
161677505,1151503
162766307,1149005
163765077,1149135
165334465,1149347
166336855,1152895
167425137,1149275
168424426,1149217
170028218,1148996
171065590,1151242
172102698,1150442
173140234,1149248
174177044,1148996
175214732,1149156
176252149,1149834
177289635,1149269
178326444,1149680
179363542,1149376
180400790,1148996
181438364,1149110
182475374,1148996
183512807,1149514
184549944,1149128
185586852,1149222
186624412,1151156
187661678,1149004
188698834,1150684
189736053,1149238
190773681,1148996
191810938,1149398
192848066,1148996
193885382,1149874
194922666,1148996
195959554,1149652
196997204,1148996
198034606,1150646
199071596,1148996
200109036,1149254
201146037,1149240
202183535,1149452
203220694,1149182
204257799,1149204
205295119,1148996
206332574,1149268
207369342,1148996
208406998,1149288
209444220,1149092
210481393,1149170
211518522,1148996
212555876,1149306
213593299,1149992
214630585,1149038
215667644,1151926
216691413,2553064
217742826,2722459
218766550,2553376
219817221,2744747
220849008,2617333
221893747,4735588
222923719,2531517
223957214,2428820
225001432,3156476
226031721,2428776
227076139,3166561
228105893,2430600
229150458,3159690
230180553,2428696
231225339,3161412
232254959,2429719
233299539,3158591
234329812,2428313
235374742,3185894
236405149,2428862
237449113,3176124
238479927,2428290
239523718,3180190
240554223,2428742
241598277,3183070
242629893,2428897
243672080,2639741
244674213,1148996
245711361,1149464
246748749,1148996
247785834,1149102
248823598,1149005
249860765,1148996
250897626,1148996
251934896,1148996
252972211,1148996
254009219,1148996
255046857,1149004
256084150,1148996
257121565,1148996
258158874,1149516
259196180,1148996
260232900,1149038
261270140,1148996
262307565,1148996
263344895,1148996
264382026,1148996
265419378,1148996
266456746,1148996
267493902,1148996
268531526,1148996
269568595,1148996
270605935,1148996
271643189,1148996
272680218,1149144
273717544,1149702
274755024,1148996
275792363,1149838
276829214,1148996
277866619,1149004
278904072,1148996
279941085,1148996
280978614,1148996
282015763,1149004
283052937,1148996
284090139,1149072
285127451,1148996
286164866,1148996
287201743,1148996
288239320,1149000
289276828,1148996
290313832,1148996
291350995,1148996
292388272,1149096
293425691,1148996
294462595,1150570
295500382,1153460
296537323,1149096
297574556,1148996
298612257,1149048
299649136,1148996
300686381,1148996
301723638,1148996
302761478,1149049
303798291,1149828
304835587,1149188
305872775,1148996
306909971,1148996
307947419,1148996
308984583,1148996
310022151,1148996
311059062,1149282
312061330,1148406
313064024,1154739
314152571,1151453
315151356,1149005
316580627,1148996
317583015,1149325
318584694,1149321
319673749,1151423
320672957,1149005
322101748,1149248
323104530,1155051
324106089,1148433
325195340,1149005
326193864,1149005
327623098,1149106
328625410,1149592
329628338,1152663
330716537,1149049
331715309,1149005
333110193,1149527
334111403,1151978
335157033,1148432
336157605,1153699
337246230,1149803
338245297,1149005
339674087,1148996
340677002,1148415
341678598,1151290
342767300,1149477
343766549,1149005
345195754,1148996
346198000,1148406
347200223,1148442
348288966,1149005
349287843,1150862
350716673,1148996
351719613,1148415
352721268,1153442
353809835,1149005
354809210,1149005
356238157,1150138
357241173,1148415
358242910,1148442
359331090,1149005
360330556,1149005
361759791,1149330
362762395,1148415
363763859,1152028
PMU buffer: PMU::JALR_INSTRUCTIONS_RETIRED
4687366,618
5694840,666
6694923,666
7694736,666
8694914,666
9694995,666
10695225,666
11732113,686
12772358,866
13984608,886
15025649,1058
16292196,1058
17328673,978
18279352,662
19279658,666
20357013,866
21357154,866
22813715,664
23813931,672
24868265,666
25868272,666
26945533,866
27945554,866
29539638,670
30539091,670
31627661,906
32627543,910
34208913,676
35209823,680
36298289,916
37298038,916
38902151,912
39917732,670
40917864,670
42006881,910
43006824,910
44581716,676
45581248,672
46670458,912
47670321,916
49244859,670
50245144,670
51334081,910
52333989,910
53908598,676
54909192,676
55997468,912
56996956,916
58571648,666
59572024,670
60660816,906
61660848,910
63235162,676
64235092,676
65324340,916
66323855,912
67927787,912
68943600,670
69943934,670
71032781,910
72032504,910
73636823,910
74639895,666
75640033,666
76728944,910
77728479,910
79332294,906
80336231,666
81336326,666
82425209,910
83424570,910
85028718,906
86032793,666
87032753,666
88121478,910
89121169,910
90691461,666
91691762,670
92780226,906
93779958,910
95435517,1166
96457631,1290
97979162,662
98980419,670
100068846,910
101068883,910
102690433,910
103694389,666
104694320,670
105782438,906
106782431,910
108404290,906
109408716,670
110407791,666
111497049,910
112496619,910
114100554,906
115104156,666
116104806,666
117193053,906
118193284,914
119797077,906
120800571,666
121800902,666
122889631,910
123889278,910
125493255,906
126497168,666
127497189,670
128585848,906
129585748,910
131190130,906
132193294,666
133193708,666
134283275,910
135283042,910
136887344,910
137890009,666
138891621,670
139980411,914
140979742,914
142583920,910
143586566,666
144588253,674
145676841,914
146675882,910
148280059,910
149283039,666
150284986,674
151373333,914
152372555,914
153976669,910
154979366,666
155981034,674
157069466,914
158069084,914
159673107,910
160675617,666
161677505,674
162766307,914
163765077,914
165334465,666
166336855,674
167425137,930
168424426,914
170028218,910
171065590,910
172102698,910
173140234,910
174177044,910
175214732,910
176252149,910
177289635,914
178326444,910
179363542,910
180400790,910
181438364,910
182475374,910
183512807,910
184549944,910
185586852,910
186624412,910
187661678,910
188698834,910
189736053,910
190773681,910
191810938,910
192848066,910
193885382,910
194922666,910
195959554,910
196997204,910
198034606,910
199071596,910
200109036,910
201146037,910
202183535,910
203220694,910
204257799,910
205295119,910
206332574,910
207369342,910
208406998,910
209444220,910
210481393,910
211518522,910
212555876,910
213593299,910
214630585,910
215667644,910
216691413,886
217742826,938
218766550,886
219817221,938
220849008,930
221893747,942
222923719,930
223957214,910
225001432,934
226031721,910
227076139,938
228105893,910
229150458,934
230180553,910
231225339,934
232254959,906
233299539,930
234329812,906
235374742,934
236405149,910
237449113,934
238479927,910
239523718,934
240554223,910
241598277,934
242629893,930
243672080,930
244674213,910
245711361,910
246748749,910
247785834,910
248823598,914
249860765,910
250897626,910
251934896,910
252972211,910
254009219,910
255046857,910
256084150,910
257121565,910
258158874,910
259196180,910
260232900,910
261270140,910
262307565,910
263344895,910
264382026,910
265419378,910
266456746,910
267493902,910
268531526,910
269568595,910
270605935,910
271643189,910
272680218,910
273717544,910
274755024,910
275792363,910
276829214,910
277866619,910
278904072,910
279941085,910
280978614,910
282015763,910
283052937,910
284090139,910
285127451,910
286164866,910
287201743,910
288239320,910
289276828,910
290313832,910
291350995,910
292388272,910
293425691,910
294462595,910
295500382,910
296537323,910
297574556,910
298612257,910
299649136,910
300686381,910
301723638,910
302761478,930
303798291,910
304835587,910
305872775,910
306909971,910
307947419,910
308984583,910
310022151,910
311059062,910
312061330,662
313064024,674
314152571,930
315151356,914
316580627,910
317583015,666
318584694,674
319673749,930
320672957,914
322101748,910
323104530,666
324106089,674
325195340,914
326193864,914
327623098,910
328625410,662
329628338,674
330716537,930
331715309,914
333110193,666
334111403,670
335157033,670
336157605,674
337246230,930
338245297,914
339674087,910
340677002,666
341678598,670
342767300,930
343766549,914
345195754,910
346198000,662
347200223,678
348288966,914
349287843,910
350716673,910
351719613,666
352721268,670
353809835,914
354809210,914
356238157,910
357241173,666
358242910,678
359331090,914
360330556,914
361759791,910
362762395,666
363763859,670
PMU buffer: L2_PMU::L2_INNER_RELEASEDATA_HIT_L2
4687366,1406322
5694840,1431979
6694923,1432200
7694736,1430008
8694914,1431904
9694995,1431619
10695225,1432634
11732113,1423079
12772358,1374121
13984608,1358946
15025649,1358845
16292196,1352554
17328673,1393118
18279352,1430565
19279658,1431527
20357013,1374598
21357154,1374580
22813715,1426917
23813931,1427549
24868265,1432188
25868272,1431509
26945533,1373516
27945554,1373525
29539638,1467912
30539091,1463312
31627661,1502666
32627543,1501599
34208913,1461688
35209823,1466941
36298289,1504360
37298038,1502756
38902151,1502651
39917732,1461022
40917864,1461093
42006881,1502520
43006824,1501689
44581716,1462387
45581248,1460336
46670458,1502484
47670321,1501225
49244859,1461250
50245144,1462280
51334081,1502338
52333989,1501579
53908598,1462067
54909192,1466633
55997468,1502061
56996956,1498286
58571648,1460801
59572024,1462521
60660816,1502124
61660848,1502156
63235162,1461859
64235092,1461430
65324340,1503467
66323855,1499542
67927787,1500545
68943600,1460905
69943934,1462943
71032781,1502619
72032504,1500648
73636823,1503089
74639895,1462143
75640033,1462240
76728944,1503224
77728479,1499024
79332294,1499573
80336231,1462539
81336326,1463656
82425209,1502861
83424570,1499749
85028718,1500802
86032793,1465144
87032753,1464327
88121478,1503386
89121169,1501795
90691461,1462286
91691762,1463414
92780226,1502108
93779958,1499355
95435517,1518323
96457631,1675447
97979162,1459679
98980419,1466345
100068846,1503315
101068883,1503165
102690433,1502950
103694389,1466341
104694320,1465775
105782438,1500885
106782431,1500616
108404290,1500189
109408716,1468657
110407791,1461902
111497049,1504147
112496619,1500677
114100554,1500495
115104156,1461582
116104806,1465271
117193053,1502221
118193284,1501979
119797077,1501048
120800571,1461936
121800902,1463252
122889631,1502213
123889278,1499575
125493255,1499498
126497168,1461939
127497189,1462880
128585848,1501686
129585748,1500773
131190130,1502446
132193294,1461132
133193708,1462746
134283275,1513194
135283042,1512968
136887344,1513478
137890009,1462059
138891621,1473940
139980411,1515226
140979742,1512620
142583920,1513756
143586566,1463220
144588253,1474552
145676841,1514620
146675882,1512461
148280059,1512537
149283039,1463707
150284986,1476362
151373333,1515023
152372555,1513262
153976669,1512883
154979366,1463070
155981034,1474369
157069466,1514247
158069084,1513187
159673107,1513521
160675617,1462263
161677505,1473808
162766307,1516262
163765077,1512579
165334465,1461029
166336855,1475899
167425137,1514859
168424426,1513019
170028218,1512927
171065590,1512641
172102698,1512303
173140234,1513228
174177044,1511891
175214732,1513336
176252149,1513509
177289635,1513952
178326444,1513029
179363542,1512270
180400790,1512968
181438364,1513314
182475374,1512566
183512807,1513347
184549944,1512742
185586852,1511680
186624412,1512453
187661678,1512562
188698834,1511926
189736053,1512806
190773681,1513178
191810938,1513601
192848066,1512503
193885382,1512781
194922666,1512900
195959554,1512474
196997204,1513384
198034606,1513219
199071596,1512757
200109036,1513565
201146037,1512685
202183535,1513127
203220694,1513273
204257799,1511777
205295119,1512737
206332574,1513279
207369342,1512481
208406998,1512608
209444220,1512922
210481393,1512656
211518522,1512418
212555876,1512059
213593299,1512373
214630585,1513134
215667644,1512772
216691413,1463915
217742826,1514230
218766550,1464819
219817221,1513707
220849008,1494940
221893747,1536676
222923719,1494671
223957214,1494077
225001432,1508925
226031721,1494521
227076139,1510299
228105893,1493189
229150458,1509288
230180553,1493716
231225339,1511116
232254959,1492905
233299539,1508866
234329812,1494062
235374742,1525613
236405149,1499952
237449113,1526175
238479927,1500775
239523718,1527789
240554223,1498713
241598277,1526260
242629893,1512431
243672080,1511721
244674213,1512250
245711361,1512211
246748749,1513520
247785834,1512131
248823598,1514098
249860765,1513538
250897626,1512638
251934896,1511741
252972211,1512745
254009219,1511790
255046857,1512880
256084150,1513109
257121565,1512941
258158874,1513115
259196180,1513412
260232900,1511804
261270140,1511427
262307565,1511827
263344895,1512508
264382026,1512796
265419378,1512471
266456746,1512539
267493902,1512541
268531526,1513455
269568595,1512644
270605935,1512616
271643189,1513354
272680218,1511893
273717544,1512623
274755024,1513143
275792363,1513316
276829214,1512057
277866619,1512645
278904072,1513260
279941085,1512792
280978614,1512563
282015763,1513007
283052937,1512463
284090139,1512354
285127451,1512458
286164866,1513433
287201743,1511722
288239320,1512890
289276828,1513200
290313832,1512652
291350995,1512352
292388272,1512169
293425691,1512363
294462595,1511558
295500382,1513422
296537323,1512351
297574556,1512559
298612257,1513440
299649136,1512329
300686381,1511870
301723638,1512472
302761478,1514288
303798291,1512625
304835587,1512957
305872775,1512471
306909971,1512523
307947419,1512617
308984583,1512538
310022151,1513531
311059062,1512450
312061330,1459927
313064024,1475833
314152571,1516000
315151356,1512048
316580627,1513353
317583015,1461552
318584694,1472709
319673749,1514390
320672957,1513174
322101748,1512630
323104530,1462605
324106089,1472394
325195340,1516301
326193864,1511718
327623098,1512612
328625410,1460104
329628338,1478588
330716537,1516192
331715309,1512696
333110193,1462114
334111403,1468729
335157033,1470454
336157605,1474193
337246230,1514758
338245297,1512722
339674087,1512157
340677002,1461563
341678598,1473250
342767300,1514009
343766549,1512461
345195754,1512991
346198000,1460760
347200223,1473583
348288966,1515539
349287843,1512411
350716673,1511887
351719613,1461978
352721268,1472698
353809835,1514135
354809210,1512927
356238157,1512117
357241173,1462894
358242910,1473611
359331090,1514042
360330556,1512457
361759791,1513427
362762395,1462627
363763859,1472986
PMU buffer: L2_PMU::L2_INNER_ACQUIREBLOCK_NTOT
4687366,225342
5694840,247195
6694923,246743
7694736,246015
8694914,247309
9694995,247058
10695225,247633
11732113,239698
12772358,197509
13984608,185591
15025649,185783
16292196,179452
17328673,215014
18279352,246384
19279658,246202
20357013,197957
21357154,198034
22813715,243433
23813931,244134
24868265,247343
25868272,246092
26945533,196742
27945554,197384
29539638,281585
30539091,279506
31627661,310687
32627543,310515
34208913,276946
35209823,280079
36298289,313157
37298038,311458
38902151,310985
39917732,275492
40917864,275675
42006881,311220
43006824,309784
44581716,277026
45581248,275697
46670458,310358
47670321,308885
49244859,276973
50245144,278251
51334081,310885
52333989,310181
53908598,277738
54909192,280917
55997468,311081
56996956,307612
58571648,276716
59572024,278437
60660816,311521
61660848,310568
63235162,277536
64235092,277146
65324340,311421
66323855,308252
67927787,309578
68943600,275713
69943934,278097
71032781,311678
72032504,309334
73636823,312372
74639895,277889
75640033,278231
76728944,311676
77728479,306607
79332294,308213
80336231,277547
81336326,279540
82425209,310588
83424570,308523
85028718,309743
86032793,278629
87032753,278814
88121478,311743
89121169,310240
90691461,277545
91691762,278219
92780226,310078
93779958,307869
95435517,326563
96457631,469846
97979162,274187
98980419,280342
100068846,311757
101068883,312439
102690433,311020
103694389,280713
104694320,280440
105782438,309672
106782431,308886
108404290,309094
109408716,281823
110407791,276306
111497049,312547
112496619,309714
114100554,309522
115104156,276246
116104806,280048
117193053,311187
118193284,311075
119797077,310244
120800571,277345
121800902,278329
122889631,310305
123889278,308030
125493255,307909
126497168,277853
127497189,277997
128585848,310573
129585748,310125
131190130,311626
132193294,276825
133193708,278018
134283275,322860
135283042,323492
136887344,323622
137890009,277675
138891621,286837
139980411,326305
140979742,323450
142583920,324496
143586566,277763
144588253,287016
145676841,326306
146675882,322070
148280059,323555
149283039,278960
150284986,288473
151373333,327227
152372555,323211
153976669,322703
154979366,278195
155981034,286533
157069466,325954
158069084,324560
159673107,324898
160675617,277466
161677505,285433
162766307,326956
163765077,323282
165334465,276902
166336855,288117
167425137,325639
168424426,324793
170028218,323942
171065590,324425
172102698,322481
173140234,323396
174177044,323297
175214732,323102
176252149,323757
177289635,324758
178326444,323915
179363542,321816
180400790,322552
181438364,323607
182475374,323949
183512807,323137
184549944,323856
185586852,322639
186624412,324079
187661678,324452
188698834,321642
189736053,323200
190773681,323456
191810938,324123
192848066,323862
193885382,323077
194922666,323716
195959554,322823
196997204,324120
198034606,324373
199071596,324580
200109036,324538
201146037,323205
202183535,323358
203220694,323237
204257799,321569
205295119,324633
206332574,323036
207369342,323653
208406998,322796
209444220,324258
210481393,324354
211518522,323691
212555876,324043
213593299,323902
214630585,323305
215667644,323337
216691413,281373
217742826,326010
218766550,282784
219817221,324498
220849008,309521
221893747,345388
222923719,310002
223957214,308340
225001432,319772
226031721,307668
227076139,321711
228105893,306280
229150458,319975
230180553,306636
231225339,320594
232254959,305716
233299539,320419
234329812,307120
235374742,335542
236405149,313212
237449113,333160
238479927,314122
239523718,334484
240554223,310997
241598277,335439
242629893,323325
243672080,323163
244674213,322939
245711361,323079
246748749,325176
247785834,322445
248823598,325630
249860765,324911
250897626,322192
251934896,322129
252972211,322827
254009219,323639
255046857,324699
256084150,324276
257121565,322203
258158874,324121
259196180,324401
260232900,323778
261270140,323615
262307565,320811
263344895,322025
264382026,323287
265419378,323301
266456746,323617
267493902,322259
268531526,324463
269568595,324638
270605935,324345
271643189,324035
272680218,322418
273717544,324520
274755024,324200
275792363,323204
276829214,323861
277866619,320765
278904072,323675
279941085,323701
280978614,324097
282015763,323142
283052937,322045
284090139,322426
285127451,324449
286164866,324816
287201743,323604
288239320,323945
289276828,323197
290313832,324222
291350995,322712
292388272,321993
293425691,324225
294462595,322713
295500382,323742
296537323,322251
297574556,322819
298612257,324653
299649136,322072
300686381,322193
301723638,323018
302761478,325804
303798291,324458
304835587,324734
305872775,322856
306909971,322310
307947419,324421
308984583,323446
310022151,324217
311059062,323451
312061330,274797
313064024,288618
314152571,326611
315151356,321854
316580627,324198
317583015,276880
318584694,285524
319673749,325361
320672957,323849
322101748,322977
323104530,278434
324106089,284644
325195340,327062
326193864,323451
327623098,323350
328625410,274390
329628338,291185
330716537,327344
331715309,323276
333110193,276881
334111403,282206
335157033,282261
336157605,287279
337246230,326523
338245297,323094
339674087,323974
340677002,275545
341678598,284702
342767300,325283
343766549,322902
345195754,324415
346198000,275666
347200223,285494
348288966,326541
349287843,322923
350716673,323167
351719613,276500
352721268,284863
353809835,325444
354809210,322118
356238157,322005
357241173,278162
358242910,285671
359331090,325851
360330556,321756
361759791,324302
362762395,277727
363763859,285779
PMU buffer: L2_PMU::L2_OUTER_RELEASEDATA_TTON_DIRTY_EVICTION
4687366,567110
5694840,624726
6694923,625222
7694736,624238
8694914,625596
9694995,625844
10695225,626156
11732113,619411
12772358,634765
13984608,621267
15025649,636633
16292196,629242
17328673,656348
18279352,623025
19279658,624279
20357013,634735
21357154,635092
22813715,616115
23813931,617709
24868265,624576
25868272,624081
26945533,634217
27945554,633673
29539638,656805
30539091,651750
31627661,783049
32627543,782951
34208913,648099
35209823,655708
36298289,785751
37298038,783633
38902151,783376
39917732,647474
40917864,648999
42006881,784806
43006824,782655
44581716,650287
45581248,645856
46670458,783351
47670321,781647
49244859,646645
50245144,649532
51334081,784432
52333989,783295
53908598,649100
54909192,654246
55997468,783511
56996956,778127
58571648,647305
59572024,649592
60660816,783687
61660848,783155
63235162,649001
64235092,647604
65324340,785270
66323855,780653
67927787,781850
68943600,647479
69943934,650522
71032781,784077
72032504,781258
73636823,785137
74639895,649350
75640033,649800
76728944,784723
77728479,779480
79332294,779933
80336231,650501
81336326,651539
82425209,784572
83424570,779575
85028718,781811
86032793,653252
87032753,652770
88121478,785344
89121169,782147
90691461,649971
91691762,651747
92780226,782998
93779958,779798
95435517,846210
96457631,1053082
97979162,643859
98980419,654048
100068846,784871
101068883,784742
102690433,782845
103694389,654482
104694320,653613
105782438,782331
106782431,780954
108404290,781851
109408716,655953
110407791,647802
111497049,786247
112496619,782097
114100554,780705
115104156,648850
116104806,654480
117193053,782984
118193284,783756
119797077,781919
120800571,649007
121800902,652117
122889631,784811
123889278,780480
125493255,779710
126497168,650447
127497189,649842
128585848,783035
129585748,781614
131190130,783573
132193294,647404
133193708,650989
134283275,797957
135283042,794942
136887344,795735
137890009,648836
138891621,662931
139980411,802978
140979742,796168
142583920,797461
143586566,649446
144588253,664438
145676841,803297
146675882,793925
148280059,795136
149283039,651332
150284986,667605
151373333,803866
152372555,796912
153976669,797356
154979366,650360
155981034,663797
157069466,801237
158069084,796937
159673107,796729
160675617,649430
161677505,664957
162766307,804936
163765077,793993
165334465,646427
166336855,668271
167425137,803254
168424426,796333
170028218,795073
171065590,795131
172102698,794526
173140234,796786
174177044,793648
175214732,796946
176252149,796696
177289635,798989
178326444,796220
179363542,794786
180400790,794707
181438364,797629
182475374,795302
183512807,796874
184549944,795507
185586852,793131
186624412,795514
187661678,795688
188698834,794427
189736053,794216
190773681,797639
191810938,796721
192848066,796155
193885382,796488
194922666,796465
195959554,794331
196997204,796934
198034606,797510
199071596,796153
200109036,797092
201146037,795185
202183535,797112
203220694,796980
204257799,795065
205295119,795789
206332574,797078
207369342,794376
208406998,796307
209444220,796338
210481393,795700
211518522,795114
212555876,796067
213593299,796507
214630585,796148
215667644,795728
216691413,718541
217742826,800868
218766550,723762
219817221,799687
220849008,782471
221893747,810563
222923719,785142
223957214,775786
225001432,796201
226031721,775241
227076139,797869
228105893,772701
229150458,795733
230180553,773373
231225339,798652
232254959,771845
233299539,796587
234329812,773443
235374742,807796
236405149,785886
237449113,805289
238479927,787479
239523718,805628
240554223,784602
241598277,806980
242629893,797140
243672080,796623
244674213,795546
245711361,795101
246748749,796730
247785834,794625
248823598,799324
249860765,797401
250897626,795428
251934896,795007
252972211,795161
254009219,793858
255046857,795629
256084150,796117
257121565,797224
258158874,797334
259196180,797087
260232900,793750
261270140,793754
262307565,795013
263344895,795026
264382026,794366
265419378,794961
266456746,796029
267493902,795277
268531526,797622
269568595,796390
270605935,796584
271643189,796929
272680218,794459
273717544,795715
274755024,797070
275792363,796591
276829214,794634
277866619,795148
278904072,797008
279941085,794352
280978614,796690
282015763,795512
283052937,795107
284090139,794524
285127451,796004
286164866,796254
287201743,793371
288239320,795392
289276828,796843
290313832,794783
291350995,794537
292388272,794415
293425691,796009
294462595,793386
295500382,797308
296537323,795001
297574556,795012
298612257,797993
299649136,795058
300686381,794907
301723638,793976
302761478,798606
303798291,795690
304835587,796213
305872775,795164
306909971,794772
307947419,796731
308984583,795537
310022151,797751
311059062,795111
312061330,644317
313064024,667751
314152571,804533
315151356,794777
316580627,797207
317583015,647790
318584694,661249
319673749,803617
320672957,797087
322101748,795118
323104530,649070
324106089,661196
325195340,805721
326193864,793842
327623098,795612
328625410,644628
329628338,671137
330716537,805881
331715309,794731
333110193,647174
334111403,657423
335157033,660138
336157605,663805
337246230,803001
338245297,794754
339674087,794523
340677002,648122
341678598,661096
342767300,801798
343766549,795053
345195754,796495
346198000,644928
347200223,664241
348288966,804802
349287843,794912
350716673,794251
351719613,647601
352721268,661762
353809835,801488
354809210,795508
356238157,795086
357241173,649988
358242910,664296
359331090,800502
360330556,795349
361759791,796732
362762395,649383
363763859,660661
PMU buffer: L2_PMU::L2_DEMAND_MISS_HIT_MSHR_ALLOC_HINT
4687366,45
5694840,10
6694923,7
7694736,5
8694914,5
9694995,7
10695225,6
11732113,16
12772358,3
13984608,16
15025649,5
16292196,18
17328673,9
18279352,1
19279658,1
20357013,3
21357154,1
22813715,1
23813931,1
24868265,1
25868272,2
26945533,2
27945554,1
29539638,2
30539091,2
31627661,3
32627543,1
34208913,1
35209823,1
36298289,1
37298038,1
38902151,1
39917732,1
40917864,3
42006881,2
43006824,1
44581716,7
45581248,2
46670458,0
47670321,2
49244859,2
50245144,3
51334081,1
52333989,2
53908598,2
54909192,1
55997468,1
56996956,2
58571648,2
59572024,2
60660816,1
61660848,2
63235162,0
64235092,2
65324340,2
66323855,2
67927787,2
68943600,3
69943934,1
71032781,1
72032504,1
73636823,3
74639895,1
75640033,2
76728944,1
77728479,1
79332294,2
80336231,5
81336326,2
82425209,2
83424570,1
85028718,1
86032793,1
87032753,2
88121478,2
89121169,1
90691461,1
91691762,3
92780226,3
93779958,1
95435517,2
96457631,1
97979162,3
98980419,3
100068846,2
101068883,1
102690433,4
103694389,2
104694320,1
105782438,2
106782431,2
108404290,3
109408716,1
110407791,1
111497049,1
112496619,2
114100554,3
115104156,1
116104806,2
117193053,2
118193284,1
119797077,1
120800571,1
121800902,1
122889631,3
123889278,2
125493255,1
126497168,2
127497189,2
128585848,2
129585748,1
131190130,1
132193294,1
133193708,2
134283275,4
135283042,3
136887344,4
137890009,1
138891621,3
139980411,4
140979742,2
142583920,3
143586566,0
144588253,1
145676841,4
146675882,2
148280059,1
149283039,0
150284986,2
151373333,3
152372555,2
153976669,4
154979366,0
155981034,2
157069466,3
158069084,4
159673107,2
160675617,0
161677505,1
162766307,4
163765077,3
165334465,1
166336855,1
167425137,3
168424426,3
170028218,3
171065590,2
172102698,3
173140234,2
174177044,3
175214732,4
176252149,1
177289635,3
178326444,3
179363542,3
180400790,2
181438364,3
182475374,3
183512807,2
184549944,3
185586852,3
186624412,5
187661678,4
188698834,4
189736053,2
190773681,2
191810938,3
192848066,4
193885382,2
194922666,2
195959554,3
196997204,5
198034606,4
199071596,3
200109036,4
201146037,3
202183535,2
203220694,2
204257799,2
205295119,3
206332574,3
207369342,2
208406998,3
209444220,2
210481393,3
211518522,3
212555876,3
213593299,3
214630585,4
215667644,3
216691413,5
217742826,5
218766550,6
219817221,7
220849008,6
221893747,7
222923719,4
223957214,5
225001432,6
226031721,7
227076139,8
228105893,4
229150458,7
230180553,4
231225339,6
232254959,4
233299539,6
234329812,6
235374742,6
236405149,5
237449113,7
238479927,4
239523718,5
240554223,5
241598277,5
242629893,4
243672080,4
244674213,4
245711361,5
246748749,4
247785834,2
248823598,2
249860765,3
250897626,3
251934896,4
252972211,3
254009219,2
255046857,3
256084150,2
257121565,2
258158874,3
259196180,2
260232900,3
261270140,2
262307565,2
263344895,2
264382026,2
265419378,2
266456746,3
267493902,1
268531526,2
269568595,2
270605935,3
271643189,2
272680218,2
273717544,2
274755024,3
275792363,3
276829214,2
277866619,2
278904072,2
279941085,2
280978614,2
282015763,2
283052937,2
284090139,3
285127451,2
286164866,3
287201743,2
288239320,3
289276828,4
290313832,3
291350995,2
292388272,2
293425691,3
294462595,2
295500382,2
296537323,2
297574556,2
298612257,3
299649136,2
300686381,2
301723638,2
302761478,4
303798291,2
304835587,1
305872775,5
306909971,3
307947419,4
308984583,2
310022151,4
311059062,2
312061330,2
313064024,3
314152571,5
315151356,1
316580627,3
317583015,0
318584694,2
319673749,4
320672957,2
322101748,3
323104530,0
324106089,2
325195340,4
326193864,3
327623098,2
328625410,0
329628338,2
330716537,7
331715309,4
333110193,1
334111403,1
335157033,0
336157605,1
337246230,4
338245297,2
339674087,2
340677002,0
341678598,1
342767300,2
343766549,2
345195754,2
346198000,0
347200223,1
348288966,5
349287843,4
350716673,4
351719613,0
352721268,1
353809835,6
354809210,2
356238157,2
357241173,0
358242910,1
359331090,5
360330556,4
361759791,3
362762395,0
363763859,1
PMU buffer: L2_PMU::L2_OUTER_ACQUIREBLOCK_NTOT_L2_MISS
4687366,89648
5694840,96531
6694923,96793
7694736,96860
8694914,96804
9694995,97226
10695225,96905
11732113,94374
12772358,92612
13984608,89110
15025649,91172
16292196,89467
17328673,97275
18279352,96388
19279658,96529
20357013,92633
21357154,92710
22813715,95509
23813931,95429
24868265,96639
25868272,96500
26945533,92541
27945554,92584
29539638,118759
30539091,117433
31627661,159249
32627543,159352
34208913,116200
35209823,118566
36298289,159508
37298038,159618
38902151,159319
39917732,115754
40917864,116210
42006881,159697
43006824,159011
44581716,116491
45581248,115354
46670458,159389
47670321,159046
49244859,115619
50245144,116526
51334081,159663
52333989,159800
53908598,116567
54909192,118087
55997468,159344
56996956,157968
58571648,115840
59572024,116387
60660816,159765
61660848,159460
63235162,116491
64235092,115704
65324340,159513
66323855,158530
67927787,159170
68943600,115641
69943934,116873
71032781,159589
72032504,158526
73636823,159544
74639895,116578
75640033,116615
76728944,159317
77728479,157981
79332294,158506
80336231,116646
81336326,117212
82425209,159194
83424570,158288
85028718,159122
86032793,117433
87032753,117365
88121478,159701
89121169,158994
90691461,116691
91691762,117042
92780226,159584
93779958,157935
95435517,177908
96457631,256194
97979162,114781
98980419,117811
100068846,159537
101068883,159664
102690433,159169
103694389,117938
104694320,117829
105782438,159386
106782431,158746
108404290,159177
109408716,118534
110407791,115929
111497049,159558
112496619,159235
114100554,158703
115104156,116168
116104806,117942
117193053,159310
118193284,159560
119797077,159388
120800571,116222
121800902,117192
122889631,159666
123889278,158639
125493255,158233
126497168,117049
127497189,116725
128585848,159435
129585748,159213
131190130,159488
132193294,115792
133193708,116885
134283275,168338
135283042,167577
136887344,168091
137890009,116370
138891621,120487
139980411,169742
140979742,167766
142583920,168110
143586566,116719
144588253,120282
145676841,169755
146675882,167493
148280059,167852
149283039,117263
150284986,121722
151373333,169915
152372555,168532
153976669,168076
154979366,117058
155981034,120472
157069466,169293
158069084,168266
159673107,168351
160675617,116360
161677505,120099
162766307,170509
163765077,167326
165334465,115640
166336855,121536
167425137,169437
168424426,168179
170028218,167720
171065590,167788
172102698,167998
173140234,168213
174177044,167998
175214732,168133
176252149,167898
177289635,168534
178326444,168077
179363542,167757
180400790,167570
181438364,168298
182475374,167706
183512807,168081
184549944,167754
185586852,167329
186624412,167745
187661678,167889
188698834,167557
189736053,167654
190773681,168320
191810938,167724
192848066,167925
193885382,167900
194922666,167642
195959554,167705
196997204,167788
198034606,167867
199071596,167911
200109036,168079
201146037,167819
202183535,168438
203220694,167943
204257799,167483
205295119,168222
206332574,168071
207369342,167718
208406998,167675
209444220,168182
210481393,167867
211518522,167935
212555876,168234
213593299,167900
214630585,167881
215667644,167839
216691413,146021
217742826,168922
218766550,146918
219817221,168624
220849008,161929
221893747,173042
222923719,162910
223957214,159274
225001432,167000
226031721,159355
227076139,166962
228105893,159073
229150458,166657
230180553,159071
231225339,167053
232254959,158449
233299539,167189
234329812,158174
235374742,173302
236405149,164281
237449113,170781
238479927,164919
239523718,170731
240554223,163206
241598277,172108
242629893,168656
243672080,168612
244674213,167410
245711361,167025
246748749,168017
247785834,167758
248823598,168386
249860765,168461
250897626,167652
251934896,167931
252972211,168095
254009219,167685
255046857,167786
256084150,168170
257121565,168128
258158874,168269
259196180,168230
260232900,167754
261270140,167820
262307565,167992
263344895,167736
264382026,167389
265419378,167682
266456746,168067
267493902,167651
268531526,167972
269568595,168144
270605935,168257
271643189,168418
272680218,167811
273717544,167858
274755024,168308
275792363,168072
276829214,167767
277866619,167376
278904072,168016
279941085,167715
280978614,168184
282015763,167543
283052937,167855
284090139,167414
285127451,168226
286164866,167836
287201743,167511
288239320,167875
289276828,167827
290313832,167692
291350995,167723
292388272,167473
293425691,168032
294462595,167046
295500382,168335
296537323,167701
297574556,167725
298612257,168593
299649136,167741
300686381,167526
301723638,167528
302761478,168589
303798291,167821
304835587,168015
305872775,167619
306909971,167675
307947419,168207
308984583,167827
310022151,168476
311059062,167811
312061330,114769
313064024,121672
314152571,170020
315151356,167628
316580627,168109
317583015,115858
318584694,119934
319673749,169838
320672957,167823
322101748,167671
323104530,116396
324106089,119726
325195340,170321
326193864,167546
327623098,167988
328625410,115080
329628338,122040
330716537,170821
331715309,167672
333110193,115878
334111403,118931
335157033,119712
336157605,120289
337246230,169413
338245297,167801
339674087,167868
340677002,116057
341678598,119846
342767300,169216
343766549,167963
345195754,168223
346198000,115112
347200223,119752
348288966,170026
349287843,167703
350716673,167437
351719613,116000
352721268,120028
353809835,168966
354809210,167556
356238157,167626
357241173,116959
358242910,120303
359331090,169043
360330556,167554
361759791,168083
362762395,116591
363763859,119951
PMU buffer: L2_PMU::L2_INNER_PREFETCH_HIT_L2
4687366,54
5694840,19
6694923,11
7694736,17
8694914,18
9694995,18
10695225,24
11732113,21
12772358,28
13984608,35
15025649,34
16292196,54
17328673,32
18279352,16
19279658,15
20357013,24
21357154,21
22813715,12
23813931,13
24868265,15
25868272,11
26945533,18
27945554,25
29539638,17
30539091,13
31627661,33
32627543,23
34208913,17
35209823,12
36298289,25
37298038,30
38902151,24
39917732,14
40917864,12
42006881,34
43006824,23
44581716,14
45581248,13
46670458,23
47670321,20
49244859,13
50245144,19
51334081,30
52333989,21
53908598,15
54909192,15
55997468,30
56996956,21
58571648,13
59572024,18
60660816,37
61660848,27
63235162,16
64235092,14
65324340,32
66323855,26
67927787,30
68943600,10
69943934,15
71032781,40
72032504,25
73636823,33
74639895,18
75640033,13
76728944,31
77728479,31
79332294,34
80336231,13
81336326,19
82425209,31
83424570,31
85028718,30
86032793,16
87032753,21
88121478,38
89121169,31
90691461,20
91691762,14
92780226,30
93779958,20
95435517,66
96457631,79
97979162,16
98980419,17
100068846,36
101068883,31
102690433,29
103694389,21
104694320,15
105782438,29
106782431,28
108404290,34
109408716,12
110407791,16
111497049,32
112496619,29
114100554,38
115104156,16
116104806,13
117193053,42
118193284,36
119797077,29
120800571,18
121800902,13
122889631,31
123889278,31
125493255,39
126497168,30
127497189,14
128585848,29
129585748,30
131190130,30
132193294,15
133193708,19
134283275,32
135283042,37
136887344,24
137890009,24
138891621,11
139980411,21
140979742,22
142583920,14
143586566,6
144588253,9
145676841,33
146675882,27
148280059,18
149283039,15
150284986,6
151373333,20
152372555,23
153976669,23
154979366,8
155981034,8
157069466,22
158069084,31
159673107,23
160675617,9
161677505,13
162766307,21
163765077,23
165334465,4
166336855,22
167425137,24
168424426,27
170028218,22
171065590,19
172102698,20
173140234,21
174177044,22
175214732,22
176252149,21
177289635,21
178326444,19
179363542,26
180400790,23
181438364,18
182475374,21
183512807,23
184549944,25
185586852,22
186624412,19
187661678,21
188698834,19
189736053,21
190773681,22
191810938,21
192848066,19
193885382,24
194922666,23
195959554,17
196997204,20
198034606,23
199071596,18
200109036,26
201146037,22
202183535,23
203220694,23
204257799,19
205295119,25
206332574,27
207369342,20
208406998,26
209444220,20
210481393,20
211518522,20
212555876,18
213593299,21
214630585,21
215667644,29
216691413,18
217742826,28
218766550,27
219817221,29
220849008,26
221893747,30
222923719,34
223957214,23
225001432,18
226031721,27
227076139,23
228105893,19
229150458,28
230180553,18
231225339,21
232254959,23
233299539,23
234329812,26
235374742,24
236405149,19
237449113,32
238479927,25
239523718,31
240554223,24
241598277,34
242629893,25
243672080,22
244674213,17
245711361,16
246748749,17
247785834,21
248823598,25
249860765,16
250897626,16
251934896,18
252972211,21
254009219,18
255046857,16
256084150,24
257121565,23
258158874,16
259196180,20
260232900,23
261270140,23
262307565,22
263344895,22
264382026,16
265419378,17
266456746,23
267493902,13
268531526,18
269568595,15
270605935,16
271643189,20
272680218,15
273717544,18
274755024,22
275792363,14
276829214,20
277866619,15
278904072,18
279941085,21
280978614,24
282015763,15
283052937,16
284090139,13
285127451,21
286164866,20
287201743,23
288239320,20
289276828,18
290313832,15
291350995,18
292388272,21
293425691,13
294462595,18
295500382,11
296537323,22
297574556,21
298612257,17
299649136,19
300686381,12
301723638,17
302761478,16
303798291,18
304835587,17
305872775,14
306909971,18
307947419,20
308984583,18
310022151,22
311059062,12
312061330,4
313064024,7
314152571,23
315151356,23
316580627,22
317583015,11
318584694,9
319673749,19
320672957,28
322101748,23
323104530,8
324106089,6
325195340,38
326193864,17
327623098,20
328625410,4
329628338,7
330716537,12
331715309,33
333110193,4
334111403,9
335157033,15
336157605,7
337246230,21
338245297,34
339674087,27
340677002,5
341678598,4
342767300,24
343766549,19
345195754,17
346198000,3
347200223,8
348288966,18
349287843,47
350716673,22
351719613,8
352721268,6
353809835,36
354809210,21
356238157,23
357241173,2
358242910,11
359331090,18
360330556,34
361759791,22
362762395,7
363763859,6
ANN buffer: System::PREDICTED_JOB_UTILIZATION
4687366,0
5694840,0
6694923,0
7694736,0
8694914,0
9694995,0
10695225,0
11732113,203202
12772358,203202
13984608,300034
15025649,300034
16292196,383148
17328673,505752
18279352,505752
19279658,505752
20357013,249765
21357154,249765
22813715,467520
23813931,467520
24868265,286884
25868272,286884
26945533,286944
27945554,286944
29539638,389250
30539091,389250
31627661,253691
32627543,253691
34208913,305199
35209823,305199
36298289,232444
37298038,232444
38902151,278409
39917732,277407
40917864,277407
42006881,204269
43006824,204269
44581716,262174
45581248,262174
46670458,203019
47670321,203019
49244859,283817
50245144,283817
51334081,184524
52333989,184524
53908598,256325
54909192,256325
55997468,193235
56996956,193235
58571648,268200
59572024,268200
60660816,185946
61660848,185946
63235162,264968
64235092,264968
65324340,172396
66323855,172396
67927787,256132
68943600,255940
69943934,255940
71032781,179289
72032504,179289
73636823,269567
74639895,270219
75640033,270219
76728944,181314
77728479,181314
79332294,273331
80336231,273114
81336326,273114
82425209,183058
83424570,183058
85028718,270344
86032793,269616
87032753,269616
88121478,180393
89121169,180393
90691461,268742
91691762,268742
92780226,177215
93779958,177215
95435517,266484
96457631,266484
97979162,108489
98980419,108489
100068846,108489
101068883,108489
102690433,211073
103694389,211073
104694320,211073
105782438,211073
106782431,211073
108404290,260998
109408716,260998
110407791,260998
111497049,260998
112496619,260998
114100554,245454
115104156,245454
116104806,245454
117193053,245454
118193284,245454
119797077,238854
120800571,238854
121800902,238854
122889631,238854
123889278,238854
125493255,235283
126497168,235283
127497189,235283
128585848,235283
129585748,235283
131190130,233347
132193294,233347
133193708,233347
134283275,233347
135283042,233347
136887344,232297
137890009,232297
138891621,232297
139980411,232297
140979742,232297
142583920,231725
143586566,231725
144588253,231725
145676841,231725
146675882,231725
148280059,231410
149283039,231410
150284986,231410
151373333,231410
152372555,231410
153976669,231233
154979366,231233
155981034,231233
157069466,231233
158069084,231233
159673107,231132
160675617,231132
161677505,231132
162766307,231132
163765077,231132
165334465,231071
166336855,231071
167425137,231071
168424426,231071
170028218,230915
171065590,230915
172102698,230915
173140234,230915
174177044,230915
175214732,230915
176252149,230915
177289635,230915
178326444,230915
179363542,230915
180400790,230915
181438364,230915
182475374,230915
183512807,230915
184549944,230915
185586852,230915
186624412,230915
187661678,230915
188698834,230915
189736053,230915
190773681,230915
191810938,230915
192848066,230915
193885382,230915
194922666,230915
195959554,230915
196997204,230915
198034606,230915
199071596,230915
200109036,230915
201146037,230915
202183535,230915
203220694,230915
204257799,230915
205295119,230915
206332574,230915
207369342,230915
208406998,230915
209444220,230915
210481393,230915
211518522,230915
212555876,230915
213593299,230915
214630585,230915
215667644,230915
216691413,230915
217742826,230915
218766550,230915
219817221,230915
220849008,230915
221893747,230915
222923719,230915
223957214,230915
225001432,230915
226031721,230915
227076139,230915
228105893,230915
229150458,230915
230180553,230915
231225339,230915
232254959,230915
233299539,230915
234329812,230915
235374742,230915
236405149,230915
237449113,230915
238479927,230915
239523718,230915
240554223,230915
241598277,230915
242629893,230915
243672080,230915
244674213,230915
245711361,230915
246748749,230915
247785834,230915
248823598,230915
249860765,230915
250897626,230915
251934896,230915
252972211,230915
254009219,230915
255046857,230915
256084150,230915
257121565,230915
258158874,230915
259196180,230915
260232900,230915
261270140,230915
262307565,230915
263344895,230915
264382026,230915
265419378,230915
266456746,230915
267493902,230915
268531526,230915
269568595,230915
270605935,230915
271643189,230915
272680218,230915
273717544,230915
274755024,230915
275792363,230915
276829214,230915
277866619,230915
278904072,230915
279941085,230915
280978614,230915
282015763,230915
283052937,230915
284090139,230915
285127451,230915
286164866,230915
287201743,230915
288239320,230915
289276828,230915
290313832,230915
291350995,230915
292388272,230915
293425691,230915
294462595,230915
295500382,230915
296537323,230915
297574556,230915
298612257,230915
299649136,230915
300686381,230915
301723638,230915
302761478,230915
303798291,230915
304835587,230915
305872775,230915
306909971,230915
307947419,230915
308984583,230915
310022151,230915
311059062,230915
312061330,230915
313064024,230915
314152571,230915
315151356,230915
316580627,243593
317583015,243593
318584694,243593
319673749,243593
320672957,243593
322101748,244486
323104530,244486
324106089,244486
325195340,244486
326193864,244486
327623098,239230
328625410,239230
329628338,239230
330716537,239230
331715309,239230
333110193,236392
334111403,236392
335157033,236392
336157605,236392
337246230,236392
338245297,236392
339674087,228821
340677002,228821
341678598,228821
342767300,228821
343766549,228821
345195754,224919
346198000,224919
347200223,224919
348288966,224919
349287843,224919
350716673,228703
351719613,228703
352721268,228703
353809835,228703
354809210,228703
356238157,230711
357241173,230711
358242910,230711
359331090,230711
360330556,230711
361759791,231774
362762395,231774
363763859,231774
end_data
Task data [1]: 
begin_data
System buffer: System::JOB_UTILIZATION
4855908,168517
5863879,169018
6863864,168921
7863794,169037
8863954,169019
9863980,168964
10864451,169204
12062856,330719
13102214,329829
14477004,492363
15518192,492508
16784224,491995
17497575,168882
18448572,169199
19625911,346232
20686804,329768
22045305,653141
23004178,163335
24053896,213018
25037409,169123
26187028,318734
27275556,329998
28748695,803114
29696281,165820
30803724,273229
31910377,335710
33412956,838223
34366027,165274
35456376,255585
36580695,335732
38177616,932590
39136868,287714
40075045,165394
41147980,238289
42289683,335825
43810619,856700
44738877,165565
45790956,217608
46953263,335750
48484026,866442
49402121,165288
50402280,165410
51616873,335839
53157569,876461
54065743,165440
55065907,165570
56280241,335741
57830873,886308
58728989,165335
59729160,165472
60943550,335700
62504255,896338
63392194,165227
64392475,165476
65606859,335695
67208458,937224
68222752,347726
69100798,165274
70101095,165537
71315502,335780
72911997,932209
73933969,350382
74797078,165396
75797141,165423
77011574,335694
78613155,937205
79640002,360298
80493403,165607
81493306,165472
82707865,335872
84304201,932148
85351285,375345
86189792,165750
87189739,165663
88404054,335818
89404011,335713
90848641,165537
91848743,165599
93063001,335695
94063059,335688
95843242,505288
97390477,1043017
98136583,165118
99137124,165623
100351422,335754
101351423,335684
102973135,335725
103851129,165624
104851070,165531
106065340,335647
107065385,335629
108687262,335765
109565222,165627
110565161,165528
111779505,335714
112779504,335647
114383502,335668
115261500,165565
116261403,165432
117475836,335707
118476102,335909
120079952,335684
120957635,165272
121957755,165356
123172444,335888
124172344,335716
125776269,335567
126654292,165499
127654317,165487
128868658,335674
129868658,335610
131472829,335708
132350610,165392
133350853,165598
134890421,332634
136494014,936363
137481928,320053
138211392,166409
139211839,166873
140586809,332562
142184637,930407
143193403,335084
143908016,166530
144908131,166750
146283525,332736
147886045,935303
148899795,345090
149604252,166370
150605038,167170
151979704,332599
153577502,930344
154611312,360065
155300792,166509
156301166,166898
157676168,332645
159278789,935237
160317619,370125
160997042,166376
161997753,167124
163372542,332587
164372442,332623
165656151,166341
166656879,167135
168031779,332675
169031547,332623
170635407,332567
171672851,332646
172710134,332625
173747290,332636
174784566,332646
175821986,332585
176859245,332581
177896419,332516
178933535,332581
179970938,332652
181008112,332548
182045467,332523
183082803,332732
184120029,332602
185157178,332625
186194227,332528
187231585,332577
188268854,332602
189306313,332626
190343335,332501
191380917,332632
192417971,332481
193455157,332585
194492511,332588
195529846,332613
196566921,332460
197604286,332476
198641682,332673
199678663,332485
200716054,332543
201753296,332654
202790738,332667
203827882,332531
204865386,332795
205902243,332535
206939736,332631
207976662,332463
209014181,332665
210051367,332666
211088596,332607
212125739,332520
213163134,332639
214200476,332650
215237762,332614
216274765,332511
217309252,332490
218349540,332574
219383998,332620
220424194,332671
221460867,332797
222500349,333092
223535480,332851
224570772,332305
225611050,333021
226645246,332107
227685434,332947
228719712,332123
229760146,333102
230794195,332195
231834723,333076
232868955,332322
233909070,332991
234943669,332403
235977335,363641
237017271,368478
238052187,364125
239091976,368398
240126622,363995
241166427,368304
242200949,363749
243238223,332584
244280457,332480
245312494,332585
246354609,332525
247386870,332474
248429424,332690
249461564,332587
250503852,332612
251536080,332534
252578522,332708
253610675,332518
254652821,332594
255685124,332563
256727458,332566
257759931,332682
258801930,332552
259834244,332543
260877456,332493
261909719,332516
262952167,332559
263984431,332484
265026442,332342
266058753,332470
267101051,332437
268133366,332480
269175637,332511
270207886,332524
271250214,332487
272282385,332394
273324750,332534
274356832,332419
275399258,332452
276431566,332476
277473694,332438
278506217,332530
279548366,332426
280580527,332402
281622921,332499
282655027,332462
283697454,332430
284729598,332372
285771845,332446
286804087,332353
287846315,332485
288878604,332346
289921104,332470
290953252,332533
291995461,332377
293027814,332552
294070112,332515
295102137,332640
296144634,332579
297176863,332600
298219110,332625
299251410,332653
300293649,332564
301325969,332663
302368095,332566
303400351,332479
304442576,332606
305474844,332564
306517308,332619
307549476,332646
308591617,332617
309624780,332583
310667061,332613
311565970,232277
312383062,166131
313384066,167144
314759013,332668
316183470,757372
317102214,247040
317904712,166407
318905056,166794
320280438,332730
321709867,762266
322633582,256994
323426019,166396
324426489,166907
325801655,332645
327226863,758201
328169840,272116
328947205,166330
329947927,167078
331322746,332536
332659763,669814
333520849,166414
334521233,166838
335477607,166792
336477829,166971
337852728,332611
339282159,762082
340246055,297129
340998621,166471
341998897,166786
343374104,332669
344798625,757206
345782408,312085
346519569,166166
347520466,167096
348895385,332564
350324873,762181
351314149,322719
352041261,166499
353041763,166954
354416743,332737
355841185,757187
356850075,337103
357562572,166458
358563122,167032
359937908,332586
361367570,762176
362381448,347037
363083690,166262
364084117,166717
System buffer: System::CPU_CLOCK
4855908,1503999999
5863879,1503999999
6863864,1503999999
7863794,1503999999
8863954,1503999999
9863980,1503999999
10864451,1503999999
12062856,751999999
13102214,751999999
14477004,501333333
15518192,501333333
16784224,501333333
17497575,1503999999
18448572,1503999999
19625911,751999999
20686804,751999999
22045305,1503999999
23004178,1503999999
24053896,1503999999
25037409,1503999999
26187028,751999999
27275556,751999999
28748695,1503999999
29696281,1503999999
30803724,751999999
31910377,751999999
33412956,1503999999
34366027,1503999999
35456376,751999999
36580695,751999999
38177616,751999999
39136868,1503999999
40075045,1503999999
41147980,751999999
42289683,751999999
43810619,1503999999
44738877,1503999999
45790956,751999999
46953263,751999999
48484026,1503999999
49402121,1503999999
50402280,1503999999
51616873,751999999
53157569,1503999999
54065743,1503999999
55065907,1503999999
56280241,751999999
57830873,1503999999
58728989,1503999999
59729160,1503999999
60943550,751999999
62504255,1503999999
63392194,1503999999
64392475,1503999999
65606859,751999999
67208458,751999999
68222752,1503999999
69100798,1503999999
70101095,1503999999
71315502,751999999
72911997,751999999
73933969,1503999999
74797078,1503999999
75797141,1503999999
77011574,751999999
78613155,751999999
79640002,1503999999
80493403,1503999999
81493306,1503999999
82707865,751999999
84304201,751999999
85351285,1503999999
86189792,1503999999
87189739,1503999999
88404054,751999999
89404011,751999999
90848641,1503999999
91848743,1503999999
93063001,751999999
94063059,751999999
95843242,501333333
97390477,1503999999
98136583,1503999999
99137124,1503999999
100351422,751999999
101351423,751999999
102973135,751999999
103851129,1503999999
104851070,1503999999
106065340,751999999
107065385,751999999
108687262,751999999
109565222,1503999999
110565161,1503999999
111779505,751999999
112779504,751999999
114383502,751999999
115261500,1503999999
116261403,1503999999
117475836,751999999
118476102,751999999
120079952,751999999
120957635,1503999999
121957755,1503999999
123172444,751999999
124172344,751999999
125776269,751999999
126654292,1503999999
127654317,1503999999
128868658,751999999
129868658,751999999
131472829,751999999
132350610,1503999999
133350853,1503999999
134890421,751999999
136494014,751999999
137481928,1503999999
138211392,1503999999
139211839,1503999999
140586809,751999999
142184637,751999999
143193403,1503999999
143908016,1503999999
144908131,1503999999
146283525,751999999
147886045,751999999
148899795,1503999999
149604252,1503999999
150605038,1503999999
151979704,751999999
153577502,751999999
154611312,1503999999
155300792,1503999999
156301166,1503999999
157676168,751999999
159278789,751999999
160317619,1503999999
160997042,1503999999
161997753,1503999999
163372542,751999999
164372442,751999999
165656151,1503999999
166656879,1503999999
168031779,751999999
169031547,751999999
170635407,751999999
171672851,751999999
172710134,751999999
173747290,751999999
174784566,751999999
175821986,751999999
176859245,751999999
177896419,751999999
178933535,751999999
179970938,751999999
181008112,751999999
182045467,751999999
183082803,751999999
184120029,751999999
185157178,751999999
186194227,751999999
187231585,751999999
188268854,751999999
189306313,751999999
190343335,751999999
191380917,751999999
192417971,751999999
193455157,751999999
194492511,751999999
195529846,751999999
196566921,751999999
197604286,751999999
198641682,751999999
199678663,751999999
200716054,751999999
201753296,751999999
202790738,751999999
203827882,751999999
204865386,751999999
205902243,751999999
206939736,751999999
207976662,751999999
209014181,751999999
210051367,751999999
211088596,751999999
212125739,751999999
213163134,751999999
214200476,751999999
215237762,751999999
216274765,751999999
217309252,751999999
218349540,751999999
219383998,751999999
220424194,751999999
221460867,751999999
222500349,751999999
223535480,751999999
224570772,751999999
225611050,751999999
226645246,751999999
227685434,751999999
228719712,751999999
229760146,751999999
230794195,751999999
231834723,751999999
232868955,751999999
233909070,751999999
234943669,751999999
235977335,751999999
237017271,751999999
238052187,751999999
239091976,751999999
240126622,751999999
241166427,751999999
242200949,751999999
243238223,751999999
244280457,751999999
245312494,751999999
246354609,751999999
247386870,751999999
248429424,751999999
249461564,751999999
250503852,751999999
251536080,751999999
252578522,751999999
253610675,751999999
254652821,751999999
255685124,751999999
256727458,751999999
257759931,751999999
258801930,751999999
259834244,751999999
260877456,751999999
261909719,751999999
262952167,751999999
263984431,751999999
265026442,751999999
266058753,751999999
267101051,751999999
268133366,751999999
269175637,751999999
270207886,751999999
271250214,751999999
272282385,751999999
273324750,751999999
274356832,751999999
275399258,751999999
276431566,751999999
277473694,751999999
278506217,751999999
279548366,751999999
280580527,751999999
281622921,751999999
282655027,751999999
283697454,751999999
284729598,751999999
285771845,751999999
286804087,751999999
287846315,751999999
288878604,751999999
289921104,751999999
290953252,751999999
291995461,751999999
293027814,751999999
294070112,751999999
295102137,751999999
296144634,751999999
297176863,751999999
298219110,751999999
299251410,751999999
300293649,751999999
301325969,751999999
302368095,751999999
303400351,751999999
304442576,751999999
305474844,751999999
306517308,751999999
307549476,751999999
308591617,751999999
309624780,751999999
310667061,751999999
311565970,1503999999
312383062,1503999999
313384066,1503999999
314759013,751999999
316183470,751999999
317102214,1503999999
317904712,1503999999
318905056,1503999999
320280438,751999999
321709867,751999999
322633582,1503999999
323426019,1503999999
324426489,1503999999
325801655,751999999
327226863,751999999
328169840,1503999999
328947205,1503999999
329947927,1503999999
331322746,751999999
332659763,1503999999
333520849,1503999999
334521233,1503999999
335477607,1503999999
336477829,1503999999
337852728,751999999
339282159,751999999
340246055,1503999999
340998621,1503999999
341998897,1503999999
343374104,751999999
344798625,751999999
345782408,1503999999
346519569,1503999999
347520466,1503999999
348895385,751999999
350324873,751999999
351314149,1503999999
352041261,1503999999
353041763,1503999999
354416743,751999999
355841185,751999999
356850075,1503999999
357562572,1503999999
358563122,1503999999
359937908,751999999
361367570,751999999
362381448,1503999999
363083690,1503999999
364084117,1503999999
System buffer: System::DEADLINE_MISSES
4855908,0
5863879,0
6863864,0
7863794,0
8863954,0
9863980,0
10864451,0
12062856,0
13102214,0
14477004,0
15518192,0
16784224,0
17497575,0
18448572,0
19625911,0
20686804,0
22045305,0
23004178,0
24053896,0
25037409,0
26187028,0
27275556,0
28748695,0
29696281,0
30803724,0
31910377,0
33412956,0
34366027,0
35456376,0
36580695,0
38177616,0
39136868,0
40075045,0
41147980,0
42289683,0
43810619,0
44738877,0
45790956,0
46953263,0
48484026,0
49402121,0
50402280,0
51616873,0
53157569,0
54065743,0
55065907,0
56280241,0
57830873,0
58728989,0
59729160,0
60943550,0
62504255,0
63392194,0
64392475,0
65606859,0
67208458,0
68222752,0
69100798,0
70101095,0
71315502,0
72911997,0
73933969,0
74797078,0
75797141,0
77011574,0
78613155,0
79640002,0
80493403,0
81493306,0
82707865,0
84304201,0
85351285,0
86189792,0
87189739,0
88404054,0
89404011,0
90848641,0
91848743,0
93063001,0
94063059,0
95843242,0
97390477,0
98136583,0
99137124,0
100351422,0
101351423,0
102973135,0
103851129,0
104851070,0
106065340,0
107065385,0
108687262,0
109565222,0
110565161,0
111779505,0
112779504,0
114383502,0
115261500,0
116261403,0
117475836,0
118476102,0
120079952,0
120957635,0
121957755,0
123172444,0
124172344,0
125776269,0
126654292,0
127654317,0
128868658,0
129868658,0
131472829,0
132350610,0
133350853,0
134890421,0
136494014,0
137481928,0
138211392,0
139211839,0
140586809,0
142184637,0
143193403,0
143908016,0
144908131,0
146283525,0
147886045,0
148899795,0
149604252,0
150605038,0
151979704,0
153577502,0
154611312,0
155300792,0
156301166,0
157676168,0
159278789,0
160317619,0
160997042,0
161997753,0
163372542,0
164372442,0
165656151,0
166656879,0
168031779,0
169031547,0
170635407,0
171672851,0
172710134,0
173747290,0
174784566,0
175821986,0
176859245,0
177896419,0
178933535,0
179970938,0
181008112,0
182045467,0
183082803,0
184120029,0
185157178,0
186194227,0
187231585,0
188268854,0
189306313,0
190343335,0
191380917,0
192417971,0
193455157,0
194492511,0
195529846,0
196566921,0
197604286,0
198641682,0
199678663,0
200716054,0
201753296,0
202790738,0
203827882,0
204865386,0
205902243,0
206939736,0
207976662,0
209014181,0
210051367,0
211088596,0
212125739,0
213163134,0
214200476,0
215237762,0
216274765,0
217309252,0
218349540,0
219383998,0
220424194,0
221460867,0
222500349,0
223535480,0
224570772,0
225611050,0
226645246,0
227685434,0
228719712,0
229760146,0
230794195,0
231834723,0
232868955,0
233909070,0
234943669,0
235977335,0
237017271,0
238052187,0
239091976,0
240126622,0
241166427,0
242200949,0
243238223,0
244280457,0
245312494,0
246354609,0
247386870,0
248429424,0
249461564,0
250503852,0
251536080,0
252578522,0
253610675,0
254652821,0
255685124,0
256727458,0
257759931,0
258801930,0
259834244,0
260877456,0
261909719,0
262952167,0
263984431,0
265026442,0
266058753,0
267101051,0
268133366,0
269175637,0
270207886,0
271250214,0
272282385,0
273324750,0
274356832,0
275399258,0
276431566,0
277473694,0
278506217,0
279548366,0
280580527,0
281622921,0
282655027,0
283697454,0
284729598,0
285771845,0
286804087,0
287846315,0
288878604,0
289921104,0
290953252,0
291995461,0
293027814,0
294070112,0
295102137,0
296144634,0
297176863,0
298219110,0
299251410,0
300293649,0
301325969,0
302368095,0
303400351,0
304442576,0
305474844,0
306517308,0
307549476,0
308591617,0
309624780,0
310667061,0
311565970,0
312383062,0
313384066,0
314759013,0
316183470,0
317102214,0
317904712,0
318905056,0
320280438,0
321709867,0
322633582,0
323426019,0
324426489,0
325801655,0
327226863,0
328169840,0
328947205,0
329947927,0
331322746,0
332659763,0
333520849,0
334521233,0
335477607,0
336477829,0
337852728,0
339282159,0
340246055,0
340998621,0
341998897,0
343374104,0
344798625,0
345782408,0
346519569,0
347520466,0
348895385,0
350324873,0
351314149,0
352041261,0
353041763,0
354416743,0
355841185,0
356850075,0
357562572,0
358563122,0
359937908,0
361367570,0
362381448,0
363083690,0
364084117,0
System buffer: System::CORE
4855908,1
5863879,1
6863864,1
7863794,1
8863954,1
9863980,1
10864451,1
12062856,1
13102214,1
14477004,1
15518192,1
16784224,1
17497575,1
18448572,1
19625911,1
20686804,1
22045305,3
23004178,3
24053896,1
25037409,1
26187028,1
27275556,1
28748695,1
29696281,1
30803724,1
31910377,1
33412956,1
34366027,1
35456376,1
36580695,1
38177616,1
39136868,1
40075045,1
41147980,1
42289683,1
43810619,1
44738877,1
45790956,1
46953263,1
48484026,1
49402121,1
50402280,1
51616873,1
53157569,1
54065743,1
55065907,1
56280241,1
57830873,1
58728989,1
59729160,1
60943550,1
62504255,1
63392194,1
64392475,1
65606859,1
67208458,1
68222752,1
69100798,1
70101095,1
71315502,1
72911997,1
73933969,1
74797078,1
75797141,1
77011574,1
78613155,1
79640002,1
80493403,1
81493306,1
82707865,1
84304201,1
85351285,1
86189792,1
87189739,1
88404054,1
89404011,1
90848641,1
91848743,1
93063001,1
94063059,1
95843242,1
97390477,1
98136583,1
99137124,1
100351422,1
101351423,1
102973135,1
103851129,1
104851070,1
106065340,1
107065385,1
108687262,1
109565222,1
110565161,1
111779505,1
112779504,1
114383502,1
115261500,1
116261403,1
117475836,1
118476102,1
120079952,1
120957635,1
121957755,1
123172444,1
124172344,1
125776269,1
126654292,1
127654317,1
128868658,1
129868658,1
131472829,1
132350610,1
133350853,1
134890421,1
136494014,1
137481928,1
138211392,1
139211839,1
140586809,1
142184637,1
143193403,1
143908016,1
144908131,1
146283525,1
147886045,1
148899795,1
149604252,1
150605038,1
151979704,1
153577502,1
154611312,1
155300792,1
156301166,1
157676168,1
159278789,1
160317619,1
160997042,1
161997753,1
163372542,1
164372442,1
165656151,1
166656879,1
168031779,1
169031547,1
170635407,1
171672851,1
172710134,1
173747290,1
174784566,1
175821986,1
176859245,1
177896419,1
178933535,1
179970938,1
181008112,1
182045467,1
183082803,1
184120029,1
185157178,1
186194227,1
187231585,1
188268854,1
189306313,1
190343335,1
191380917,1
192417971,1
193455157,1
194492511,1
195529846,1
196566921,1
197604286,1
198641682,1
199678663,1
200716054,1
201753296,1
202790738,1
203827882,1
204865386,1
205902243,1
206939736,1
207976662,1
209014181,1
210051367,1
211088596,1
212125739,1
213163134,1
214200476,1
215237762,1
216274765,1
217309252,1
218349540,1
219383998,1
220424194,1
221460867,1
222500349,1
223535480,1
224570772,1
225611050,1
226645246,1
227685434,1
228719712,1
229760146,1
230794195,1
231834723,1
232868955,1
233909070,1
234943669,1
235977335,1
237017271,1
238052187,1
239091976,1
240126622,1
241166427,1
242200949,1
243238223,1
244280457,1
245312494,1
246354609,1
247386870,1
248429424,1
249461564,1
250503852,1
251536080,1
252578522,1
253610675,1
254652821,1
255685124,1
256727458,1
257759931,1
258801930,1
259834244,1
260877456,1
261909719,1
262952167,1
263984431,1
265026442,1
266058753,1
267101051,1
268133366,1
269175637,1
270207886,1
271250214,1
272282385,1
273324750,1
274356832,1
275399258,1
276431566,1
277473694,1
278506217,1
279548366,1
280580527,1
281622921,1
282655027,1
283697454,1
284729598,1
285771845,1
286804087,1
287846315,1
288878604,1
289921104,1
290953252,1
291995461,1
293027814,1
294070112,1
295102137,1
296144634,1
297176863,1
298219110,1
299251410,1
300293649,1
301325969,1
302368095,1
303400351,1
304442576,1
305474844,1
306517308,1
307549476,1
308591617,1
309624780,1
310667061,1
311565970,1
312383062,1
313384066,1
314759013,1
316183470,1
317102214,1
317904712,1
318905056,1
320280438,1
321709867,1
322633582,1
323426019,1
324426489,1
325801655,1
327226863,1
328169840,1
328947205,1
329947927,1
331322746,1
332659763,1
333520849,1
334521233,1
335477607,1
336477829,1
337852728,1
339282159,1
340246055,1
340998621,1
341998897,1
343374104,1
344798625,1
345782408,1
346519569,1
347520466,1
348895385,1
350324873,1
351314149,1
352041261,1
353041763,1
354416743,1
355841185,1
356850075,1
357562572,1
358563122,1
359937908,1
361367570,1
362381448,1
363083690,1
364084117,1
PMU buffer: PMU::CPU_CYCLES
4855908,252778600
5863879,253530788
6863864,253384616
7863794,253558588
8863954,253532548
9863980,253449220
10864451,253810230
12062856,248041138
13102214,247374498
14477004,246183524
15518192,246256200
16784224,245999142
17497575,253326034
18448572,253803238
19625911,313423460
20686804,247328552
22045305,608021151
23004178,245005055
24053896,319530417
25037409,253687600
26187028,315328390
27275556,247500848
28748695,709053382
29696281,248732733
30803724,302305151
31910377,251784312
33412956,715858682
34366027,247913191
35456376,304071140
36580695,251800378
38177616,699443676
39136868,305508844
40075045,248093040
41147980,309844343
42289683,251870574
43810619,714794970
44738877,248349357
45790956,309332795
46953263,251813800
48484026,714517753
49402121,247934409
50402280,248119003
51616873,251881088
53157569,714584686
54065743,248162336
55065907,248358618
56280241,251807562
57830873,714438306
58728989,248006302
59729160,248211492
60943550,251776804
62504255,714509080
63392194,247843968
64392475,248216790
65606859,251772734
67208458,702919578
68222752,301775988
69100798,247914500
70101095,248309150
71315502,251836874
72911997,699158420
73933969,287013170
74797078,248097168
75797141,248137096
77011574,251771901
78613155,702904896
79640002,283139478
80493403,248413600
81493306,248210714
82707865,251905637
84304201,699112730
85351285,286957256
86189792,248628811
87189739,248498629
88404054,251865379
89404011,251786725
90848641,248308979
91848743,248402165
93063001,251773700
94063059,251768348
95843242,252645269
97390477,570534614
98136583,247680139
99137124,248437805
100351422,251817312
101351423,251765480
102973135,251796336
103851129,248439529
104851070,248300358
106065340,251737916
107065385,251724002
108687262,251825978
109565222,248443161
110565161,248295197
111779505,251787907
112779504,251737650
114383502,251753136
115261500,248351089
116261403,248152026
117475836,251782504
118476102,251933910
120079952,251765365
120957635,247911750
121957755,248038104
123172444,251918151
124172344,251789552
125776269,251677370
126654292,248251594
127654317,248234538
128868658,251758119
129868658,251709962
131472829,251782680
132350610,248090691
133350853,248401130
134890421,249479294
136494014,702274580
137481928,281502075
138211392,249617265
139211839,250313216
140586809,249424481
142184637,697807993
143193403,285310853
143908016,249799416
144908131,250128774
146283525,249554695
147886045,701480126
148899795,281533657
149604252,249558462
150605038,250759416
151979704,249452245
153577502,697761263
154611312,285344804
155300792,249766486
156301166,250351866
157676168,249486446
159278789,701430145
160317619,281576527
160997042,249566440
161997753,250689830
163372542,249443310
164372442,249470102
165656151,249516180
166656879,250706735
168031779,249508919
169031547,249469924
170635407,249428435
171672851,249487605
172710134,249471922
173747290,249479872
174784566,249487341
175821986,249441907
176859245,249438354
177896419,249390055
178933535,249438426
179970938,249492221
181008112,249414041
182045467,249395135
183082803,249552269
184120029,249454638
185157178,249471861
186194227,249398592
187231585,249435999
188268854,249454058
189306313,249472981
190343335,249378534
191380917,249476865
192417971,249364370
193455157,249441869
194492511,249444635
195529846,249462589
196566921,249348681
197604286,249360101
198641682,249507997
199678663,249367359
200716054,249409656
201753296,249492659
202790738,249503101
203827882,249401437
204865386,249600070
205902243,249404307
206939736,249476116
207976662,249350610
209014181,249502317
210051367,249502319
211088596,249458059
212125739,249393100
213163134,249481815
214200476,249490163
215237762,249463863
216274765,249386851
217309252,249370715
218349540,249433389
219383998,249468556
220424194,249506791
221460867,249600366
222500349,249821559
223535480,249641771
224570772,249231751
225611050,249768860
226645246,249083789
227685434,249713478
228719712,249095325
229760146,249829855
230794195,249149620
231834723,249810128
232868955,249244901
233909070,249745966
234943669,249305592
235977335,272733624
237017271,276362319
238052187,273097183
239091976,276301870
240126622,272999107
241166427,276231140
242200949,272814737
243238223,249441289
244280457,249362904
245312494,249441957
246354609,249396268
247386870,249359219
248429424,249520741
249461564,249443332
250503852,249461885
251536080,249404191
252578522,249534741
253610675,249391607
254652821,249449711
255685124,249425755
256727458,249428195
257759931,249515045
258801930,249417717
259834244,249410903
260877456,249372940
261909719,249391098
262952167,249422682
263984431,249366186
265026442,249260382
266058753,249355920
267101051,249330982
268133366,249363936
269175637,249386689
270207886,249396298
271250214,249368976
272282385,249299677
273324750,249403986
274356832,249317729
275399258,249342664
276431566,249360709
277473694,249331753
278506217,249401589
279548366,249323411
280580527,249305055
281622921,249377754
282655027,249350735
283697454,249326191
284729598,249282137
285771845,249337914
286804087,249268332
287846315,249367123
288878604,249263087
289921104,249355567
290953252,249403103
291995461,249286035
293027814,249417139
294070112,249389615
295102137,249483207
296144634,249437293
297176863,249453455
298219110,249472505
299251410,249492781
300293649,249425759
301325969,249500924
302368095,249427727
303400351,249362662
304442576,249457575
305474844,249426470
306517308,249467469
307549476,249488000
308591617,249465843
309624780,249440762
310667061,249463117
311565970,283251345
312383062,249200370
313384066,250720722
314759013,249503735
316183470,568031594
317102214,286743117
317904712,249614328
318905056,250194697
320280438,249550747
321709867,571702315
322633582,283003917
323426019,249598310
324426489,250364464
325801655,249486591
327226863,568653359
328169840,286855385
328947205,249498004
329947927,250621096
331322746,249405323
332659763,573418557
333520849,249625929
334521233,250260315
335477607,250192346
336477829,250459978
337852728,249460905
339282159,571564072
340246055,283041578
340998621,249711496
341998897,250182860
343374104,249504059
344798625,567907343
345782408,286809597
346519569,249253318
347520466,250648740
348895385,249426636
350324873,571638685
351314149,283842444
352041261,249753466
353041763,250434370
354416743,249556070
355841185,567893439
356850075,286814592
357562572,249690310
358563122,250550931
359937908,249442959
361367570,571634342
362381448,283046503
363083690,249397410
364084117,250080210
PMU buffer: PMU::INSTRUCTIONS_RETIRED
4855908,162867310
5863879,162867310
6863864,162867306
7863794,162867310
8863954,162867306
9863980,162867306
10864451,162867310
12062856,162906756
13102214,162904861
14477004,162946070
15518192,162946070
16784224,162946066
17497575,162867306
18448572,162867892
19625911,170402680
20686804,162904771
22045305,203438223
23004178,162866052
24053896,170402955
25037409,162867306
26187028,170399001
27275556,162906185
28748695,214690547
29696281,162866851
30803724,168882411
31910377,162908387
33412956,214438456
34366027,162866851
35456376,169127158
36580695,162908387
38177616,212677176
39136868,169780759
40075045,162866851
41147980,173500347
42289683,162908387
43810619,214428850
44738877,162866851
45790956,169871672
46953263,162908387
48484026,215165017
49402121,162866851
50402280,162866851
51616873,162908387
53157569,214420020
54065743,162866851
55065907,162866851
56280241,162908387
57830873,215184135
58728989,162866851
59729160,162866851
60943550,162908387
62504255,214411350
63392194,162866851
64392475,162866851
65606859,162908387
67208458,213927016
68222752,168492651
69100798,162866851
70101095,162866851
71315502,162908387
72911997,212617364
73933969,166928438
74797078,162866851
75797141,162866851
77011574,162908178
78613155,213277836
79640002,166392318
80493403,162866851
81493306,162866851
82707865,162908178
84304201,212624768
85351285,166811625
86189792,162866851
87189739,162867311
88404054,162908178
89404011,162908387
90848641,162866851
91848743,162868615
93063001,162908194
94063059,162908387
95843242,162949714
97390477,199873655
98136583,162866851
99137124,162866851
100351422,162908178
101351423,162908387
102973135,162908387
103851129,162866851
104851070,162866851
106065340,162911935
107065385,162908387
108687262,162908387
109565222,162866851
110565161,162866851
111779505,162908178
112779504,162908387
114383502,162908387
115261500,162866851
116261403,162866851
117475836,162908178
118476102,162908387
120079952,162908387
120957635,162866851
121957755,162866851
123172444,162908178
124172344,162908387
125776269,162908387
126654292,162866851
127654317,162866851
128868658,162908178
129868658,162908387
131472829,162908387
132350610,162866851
133350853,162866851
134890421,162908032
136494014,213554829
137481928,166464688
138211392,162867769
139211839,162868187
140586809,162908636
142184637,212719573
143193403,167174268
143908016,162867978
144908131,162868187
146283525,162908241
147886045,213421521
148899795,166472249
149604252,162867978
150605038,162868187
151979704,162908032
153577502,212715409
154611312,167178954
155300792,162867978
156301166,162868187
157676168,162908032
159278789,213416581
160317619,166475972
160997042,162867978
161997753,162868187
163372542,162908032
164372442,162908032
165656151,162867978
166656879,162867978
168031779,162908241
169031547,162908241
170635407,162908032
171672851,162908032
172710134,162908032
173747290,162907823
174784566,162909572
175821986,162908032
176859245,162908032
177896419,162908032
178933535,162908032
179970938,162908032
181008112,162908032
182045467,162908032
183082803,162908032
184120029,162908032
185157178,162910232
186194227,162908032
187231585,162908032
188268854,162907823
189306313,162908032
190343335,162908032
191380917,162909892
192417971,162908032
193455157,162907823
194492511,162908068
195529846,162909436
196566921,162908032
197604286,162908860
198641682,162908032
199678663,162909228
200716054,162908032
201753296,162908224
202790738,162908032
203827882,162908032
204865386,162908032
205902243,162908037
206939736,162908032
207976662,162908032
209014181,162908032
210051367,162908032
211088596,162908032
212125739,162908032
213163134,162908032
214200476,162907823
215237762,162908068
216274765,162908032
217309252,162907823
218349540,162908032
219383998,162907823
220424194,162907823
221460867,162908241
222500349,162908032
223535480,162908032
224570772,162907823
225611050,162908241
226645246,162907823
227685434,162908032
228719712,162907823
229760146,162908032
230794195,162907823
231834723,162908032
232868955,162908032
233909070,162908032
234943669,162907823
235977335,165412201
237017271,170320278
238052187,165412990
239091976,170324667
240126622,165414602
241166427,170318335
242200949,165414273
243238223,162908032
244280457,162908032
245312494,162908032
246354609,162908032
247386870,162908032
248429424,162908032
249461564,162908032
250503852,162908032
251536080,162908032
252578522,162908032
253610675,162908032
254652821,162908032
255685124,162908032
256727458,162908032
257759931,162908032
258801930,162908032
259834244,162908032
260877456,162908032
261909719,162908032
262952167,162908032
263984431,162908032
265026442,162908032
266058753,162908032
267101051,162908032
268133366,162908032
269175637,162908032
270207886,162908032
271250214,162908032
272282385,162908032
273324750,162908032
274356832,162908032
275399258,162908032
276431566,162908032
277473694,162908032
278506217,162908032
279548366,162908032
280580527,162908032
281622921,162908032
282655027,162908032
283697454,162908032
284729598,162908032
285771845,162908032
286804087,162908032
287846315,162908032
288878604,162908032
289921104,162908032
290953252,162908032
291995461,162908032
293027814,162908032
294070112,162908032
295102137,162908241
296144634,162908032
297176863,162908032
298219110,162908032
299251410,162910449
300293649,162908032
301325969,162908032
302368095,162908032
303400351,162908032
304442576,162908376
305474844,162908032
306517308,162908032
307549476,162908032
308591617,162908092
309624780,162908241
310667061,162912065
311565970,166692851
312383062,162867978
313384066,162868187
314759013,162908241
316183470,198379433
317102214,169956880
317904712,162867978
318905056,162867978
320280438,162908241
321709867,200738473
322633582,166698737
323426019,162867978
324426489,162868187
325801655,162908032
327226863,198492857
328169840,169956346
328947205,162867978
329947927,162868187
331322746,162908032
332659763,198887020
333520849,162867769
334521233,162867978
335477607,162868187
336477829,162868187
337852728,162907823
339282159,204199729
340246055,166627317
340998621,162867978
341998897,162868187
343374104,162908032
344798625,198291673
345782408,173476722
346519569,162867769
347520466,162868187
348895385,162908032
350324873,204212593
351314149,166715564
352041261,162867978
353041763,162868187
354416743,162907823
355841185,198293321
356850075,173473392
357562572,162867769
358563122,162867978
359937908,162908032
361367570,205075897
362381448,166638037
363083690,162867978
364084117,162867978
PMU buffer: PMU::CONDITIONAL_BRANCHES_RETIRED
4855908,13521433
5863879,13521433
6863864,13521433
7863794,13521433
8863954,13521433
9863980,13521433
10864451,13521433
12062856,13523681
13102214,13523625
14477004,13525891
15518192,13525891
16784224,13525891
17497575,13521433
18448572,13521507
19625911,17274403
20686804,13523625
22045305,33806551
23004178,13521379
24053896,17293873
25037409,13521433
26187028,17275608
27275556,13523681
28748695,39431301
29696281,13521421
30803724,16521365
31910377,13523759
33412956,39301256
34366027,13521421
35456376,16645800
36580695,13523759
38177616,38408056
39136868,16971331
40075045,13521421
41147980,18834647
42289683,13523759
43810619,39294298
44738877,13521421
45790956,17022562
46953263,13523759
48484026,39661303
49402121,13521421
50402280,13521421
51616873,13523759
53157569,39287726
54065743,13521421
55065907,13521421
56280241,13523759
57830873,39668705
58728989,13521421
59729160,13521421
60943550,13523759
62504255,39281234
63392194,13521421
64392475,13521421
65606859,13523759
67208458,39032976
68222752,16320205
69100798,13521421
70101095,13521421
71315502,13523759
72911997,38378152
73933969,15537020
74797078,13521421
75797141,13521421
77011574,13523750
78613155,38708388
79640002,15267404
80493403,13521421
81493306,13521421
82707865,13523750
84304201,38381854
85351285,15475979
86189792,13521421
87189739,13521651
88404054,13523750
89404011,13523759
90848641,13521421
91848743,13522303
93063001,13523758
94063059,13523759
95843242,13526088
97390477,31998173
98136583,13521421
99137124,13521421
100351422,13523750
101351423,13523759
102973135,13523759
103851129,13521421
104851070,13521421
106065340,13525626
107065385,13523759
108687262,13523759
109565222,13521421
110565161,13521421
111779505,13523750
112779504,13523759
114383502,13523759
115261500,13521421
116261403,13521421
117475836,13523750
118476102,13523759
120079952,13523759
120957635,13521421
121957755,13521421
123172444,13523750
124172344,13523759
125776269,13523759
126654292,13521421
127654317,13521421
128868658,13523750
129868658,13523759
131472829,13523759
132350610,13521421
133350853,13521421
134890421,13523674
136494014,38846756
137481928,15307681
138211392,13521467
139211839,13521485
140586809,13523976
142184637,38429349
143193403,15661488
143908016,13521476
144908131,13521485
146283525,13523683
147886045,38780323
148899795,15308799
149604252,13521476
150605038,13521485
151979704,13523674
153577502,38427267
154611312,15661073
155300792,13521476
156301166,13521485
157676168,13523674
159278789,38777853
160317619,15308026
160997042,13521476
161997753,13521485
163372542,13523674
164372442,13523674
165656151,13521476
166656879,13521476
168031779,13523683
169031547,13523683
170635407,13523674
171672851,13523674
172710134,13523674
173747290,13523665
174784566,13524444
175821986,13523674
176859245,13523674
177896419,13523674
178933535,13523674
179970938,13523674
181008112,13523674
182045467,13523674
183082803,13523674
184120029,13523674
185157178,13524774
186194227,13523674
187231585,13523674
188268854,13523665
189306313,13523674
190343335,13523674
191380917,13524604
192417971,13523674
193455157,13523665
194492511,13523692
195529846,13524376
196566921,13523674
197604286,13524088
198641682,13523674
199678663,13524272
200716054,13523674
201753296,13523770
202790738,13523674
203827882,13523674
204865386,13523674
205902243,13523674
206939736,13523674
207976662,13523674
209014181,13523674
210051367,13523674
211088596,13523674
212125739,13523674
213163134,13523674
214200476,13523665
215237762,13523692
216274765,13523674
217309252,13523665
218349540,13523674
219383998,13523665
220424194,13523665
221460867,13523683
222500349,13523674
223535480,13523674
224570772,13523665
225611050,13523683
226645246,13523665
227685434,13523674
228719712,13523665
229760146,13523674
230794195,13523665
231834723,13523674
232868955,13523674
233909070,13523674
234943669,13523665
235977335,14775444
237017271,17229606
238052187,14775743
239091976,17231705
240126622,14776549
241166427,17228539
242200949,14776480
243238223,13523674
244280457,13523674
245312494,13523674
246354609,13523674
247386870,13523674
248429424,13523674
249461564,13523674
250503852,13523674
251536080,13523674
252578522,13523674
253610675,13523674
254652821,13523674
255685124,13523674
256727458,13523674
257759931,13523674
258801930,13523674
259834244,13523674
260877456,13523674
261909719,13523674
262952167,13523674
263984431,13523674
265026442,13523674
266058753,13523674
267101051,13523674
268133366,13523674
269175637,13523674
270207886,13523674
271250214,13523674
272282385,13523674
273324750,13523674
274356832,13523674
275399258,13523674
276431566,13523674
277473694,13523674
278506217,13523674
279548366,13523674
280580527,13523674
281622921,13523674
282655027,13523674
283697454,13523674
284729598,13523674
285771845,13523674
286804087,13523674
287846315,13523674
288878604,13523674
289921104,13523674
290953252,13523674
291995461,13523674
293027814,13523674
294070112,13523674
295102137,13523683
296144634,13523674
297176863,13523674
298219110,13523674
299251410,13524880
300293649,13523674
301325969,13523674
302368095,13523674
303400351,13523674
304442576,13523846
305474844,13523674
306517308,13523674
307549476,13523674
308591617,13523704
309624780,13523683
310667061,13525595
311565970,15431469
312383062,13521476
313384066,13521485
314759013,13523683
316183470,31259279
317102214,17062405
317904712,13521476
318905056,13521476
320280438,13523683
321709867,32438799
322633582,15431654
323426019,13521476
324426489,13521485
325801655,13523674
327226863,31315772
328169840,17059380
328947205,13521476
329947927,13521485
331322746,13523674
332659763,31523161
333520849,13521467
334521233,13521476
335477607,13521485
336477829,13521485
337852728,13523665
339282159,34169427
340246055,15391630
340998621,13521476
341998897,13521485
343374104,13523674
344798625,31215399
345782408,18815254
346519569,13521467
347520466,13521485
348895385,13523674
350324873,34175859
351314149,15433119
352041261,13521476
353041763,13521485
354416743,13523665
355841185,31216223
356850075,18811050
357562572,13521467
358563122,13521476
359937908,13523674
361367570,34607511
362381448,15391693
363083690,13521476
364084117,13521476
PMU buffer: PMU::JALR_INSTRUCTIONS_RETIRED
4855908,1746
5863879,1746
6863864,1746
7863794,1746
8863954,1746
9863980,1746
10864451,1746
12062856,2662
13102214,2642
14477004,3566
15518192,3566
16784224,3566
17497575,1746
18448572,1766
19625911,2514
20686804,2642
22045305,1787
23004178,1722
24053896,1783
25037409,1746
26187028,2354
27275556,2662
28748695,1844
29696281,1740
30803724,2144
31910377,2696
33412956,2044
34366027,1740
35456376,2036
36580695,2696
38177616,2700
39136868,2100
40075045,1740
41147980,1920
42289683,2696
43810619,2156
44738877,1740
45790956,1804
46953263,2696
48484026,2212
49402121,1740
50402280,1740
51616873,2696
53157569,2268
54065743,1740
55065907,1740
56280241,2696
57830873,2324
58728989,1740
59729160,1740
60943550,2696
62504255,2380
63392194,1740
64392475,1740
65606859,2696
67208458,2700
68222752,2472
69100798,1740
70101095,1740
71315502,2696
72911997,2700
73933969,2528
74797078,1740
75797141,1740
77011574,2692
78613155,2700
79640002,2604
80493403,1740
81493306,1740
82707865,2692
84304201,2700
85351285,2660
86189792,1740
87189739,1740
88404054,2692
89404011,2696
90848641,1740
91848743,1740
93063001,2692
94063059,2696
95843242,3648
97390477,3116
98136583,1740
99137124,1740
100351422,2692
101351423,2696
102973135,2696
103851129,1740
104851070,1740
106065340,2692
107065385,2696
108687262,2696
109565222,1740
110565161,1740
111779505,2692
112779504,2696
114383502,2696
115261500,1740
116261403,1740
117475836,2692
118476102,2696
120079952,2696
120957635,1740
121957755,1740
123172444,2692
124172344,2696
125776269,2696
126654292,1740
127654317,1740
128868658,2692
129868658,2696
131472829,2696
132350610,1740
133350853,1740
134890421,2709
136494014,2733
137481928,2417
138211392,1785
139211839,1793
140586809,2709
142184637,2713
143193403,2469
143908016,1789
144908131,1793
146283525,2713
147886045,2713
148899795,2561
149604252,1789
150605038,1793
151979704,2709
153577502,2713
154611312,2617
155300792,1789
156301166,1793
157676168,2709
159278789,2713
160317619,2693
160997042,1789
161997753,1793
163372542,2709
164372442,2709
165656151,1789
166656879,1789
168031779,2713
169031547,2713
170635407,2709
171672851,2709
172710134,2709
173747290,2705
174784566,2709
175821986,2709
176859245,2709
177896419,2709
178933535,2709
179970938,2709
181008112,2709
182045467,2709
183082803,2709
184120029,2709
185157178,2709
186194227,2709
187231585,2709
188268854,2705
189306313,2709
190343335,2709
191380917,2709
192417971,2709
193455157,2705
194492511,2709
195529846,2709
196566921,2709
197604286,2709
198641682,2709
199678663,2709
200716054,2709
201753296,2709
202790738,2709
203827882,2709
204865386,2709
205902243,2709
206939736,2709
207976662,2709
209014181,2709
210051367,2709
211088596,2709
212125739,2709
213163134,2709
214200476,2705
215237762,2709
216274765,2709
217309252,2705
218349540,2709
219383998,2705
220424194,2705
221460867,2713
222500349,2709
223535480,2709
224570772,2705
225611050,2713
226645246,2705
227685434,2709
228719712,2705
229760146,2709
230794195,2705
231834723,2709
232868955,2709
233909070,2709
234943669,2705
235977335,2733
237017271,2717
238052187,2737
239091976,2721
240126622,2737
241166427,2721
242200949,2733
243238223,2709
244280457,2709
245312494,2709
246354609,2709
247386870,2709
248429424,2709
249461564,2709
250503852,2709
251536080,2709
252578522,2709
253610675,2709
254652821,2709
255685124,2709
256727458,2709
257759931,2709
258801930,2709
259834244,2709
260877456,2709
261909719,2709
262952167,2709
263984431,2709
265026442,2709
266058753,2709
267101051,2709
268133366,2709
269175637,2709
270207886,2709
271250214,2709
272282385,2709
273324750,2709
274356832,2709
275399258,2709
276431566,2709
277473694,2709
278506217,2709
279548366,2709
280580527,2709
281622921,2709
282655027,2709
283697454,2709
284729598,2709
285771845,2709
286804087,2709
287846315,2709
288878604,2709
289921104,2709
290953252,2709
291995461,2709
293027814,2709
294070112,2709
295102137,2713
296144634,2709
297176863,2709
298219110,2709
299251410,2709
300293649,2709
301325969,2709
302368095,2709
303400351,2709
304442576,2709
305474844,2709
306517308,2709
307549476,2709
308591617,2709
309624780,2713
310667061,2713
311565970,1913
312383062,1789
313384066,1793
314759013,2713
316183470,2713
317102214,1969
317904712,1789
318905056,1789
320280438,2713
321709867,2713
322633582,2061
323426019,1789
324426489,1793
325801655,2709
327226863,2733
328169840,2117
328947205,1789
329947927,1793
331322746,2709
332659763,2193
333520849,1785
334521233,1789
335477607,1793
336477829,1793
337852728,2705
339282159,2713
340246055,2285
340998621,1789
341998897,1793
343374104,2709
344798625,2713
345782408,2341
346519569,1785
347520466,1793
348895385,2709
350324873,2713
351314149,2417
352041261,1789
353041763,1793
354416743,2705
355841185,2713
356850075,2469
357562572,1785
358563122,1789
359937908,2709
361367570,2713
362381448,2561
363083690,1789
364084117,1789
PMU buffer: L2_PMU::L2_INNER_RELEASEDATA_HIT_L2
4855908,1872744
5863879,1880426
6863864,1880300
7863794,1882615
8863954,1880443
9863980,1880127
10864451,1881722
12062856,1880133
13102214,1870122
14477004,1869704
15518192,1874415
16784224,1869319
17497575,1910057
18448572,1880300
19625911,1911102
20686804,1869275
22045305,1128984
23004178,1113333
24053896,1743039
25037409,1880676
26187028,1910236
27275556,1871339
28748695,1289327
29696281,1327126
30803724,1323601
31910377,1706798
33412956,1703380
34366027,1320128
35456376,1325835
36580695,1709349
38177616,1707051
39136868,1704452
40075045,1319262
41147980,1320223
42289683,1707826
43810619,1705089
44738877,1321526
45790956,1317757
46953263,1706632
48484026,1703709
49402121,1318151
50402280,1320607
51616873,1706781
53157569,1705382
54065743,1320592
55065907,1324146
56280241,1707181
57830873,1702452
58728989,1318314
59729160,1320287
60943550,1706753
62504255,1705415
63392194,1320045
64392475,1318474
65606859,1708971
67208458,1705523
68222752,1705060
69100798,1319267
70101095,1321285
71315502,1707059
72911997,1705757
73933969,1707053
74797078,1320274
75797141,1320549
77011574,1707753
78613155,1704726
79640002,1704156
80493403,1321782
81493306,1322273
82707865,1708063
84304201,1705275
85351285,1706108
86189792,1323617
87189739,1323244
88404054,1708062
89404011,1706180
90848641,1321258
91848743,1323204
93063001,1706546
94063059,1705022
95843242,1934559
97390477,1982542
98136583,1315866
99137124,1324845
100351422,1707974
101351423,1707544
102973135,1706303
103851129,1324408
104851070,1324160
106065340,1705874
107065385,1704795
108687262,1705708
109565222,1326375
110565161,1319574
111779505,1708307
112779504,1705728
114383502,1705366
115261500,1319243
116261403,1323947
117475836,1706957
118476102,1706905
120079952,1705647
120957635,1320278
121957755,1322584
123172444,1707664
124172344,1705304
125776269,1704469
126654292,1320802
127654317,1320658
128868658,1707096
129868658,1705119
131472829,1706875
132350610,1318691
133350853,1321740
134890421,1254324
136494014,1254346
137481928,1253235
138211392,956754
139211839,966515
140586809,1253404
142184637,1253580
143193403,1253080
143908016,957439
144908131,966978
146283525,1254472
147886045,1253775
148899795,1253181
149604252,958389
150605038,969105
151979704,1254097
153577502,1254273
154611312,1253145
155300792,957639
156301166,966273
157676168,1254348
159278789,1253205
160317619,1253298
160997042,956433
161997753,968037
163372542,1254298
164372442,1253456
165656151,954684
166656879,969699
168031779,1254428
169031547,1254235
170635407,1253961
171672851,1253442
172710134,1253872
173747290,1254173
174784566,1253933
175821986,1253561
176859245,1252846
177896419,1253390
178933535,1253774
179970938,1254388
181008112,1253651
182045467,1252977
183082803,1254463
184120029,1253629
185157178,1253523
186194227,1253881
187231585,1254320
188268854,1254450
189306313,1253931
190343335,1254109
191380917,1253009
192417971,1253967
193455157,1253917
194492511,1253828
195529846,1253725
196566921,1253170
197604286,1253273
198641682,1253947
199678663,1253940
200716054,1253449
201753296,1253471
202790738,1253170
203827882,1252906
204865386,1253863
205902243,1253765
206939736,1253128
207976662,1254320
209014181,1253885
210051367,1253714
211088596,1253490
212125739,1253355
213163134,1254328
214200476,1253893
215237762,1253432
216274765,1253423
217309252,1253134
218349540,1254427
219383998,1253798
220424194,1253615
221460867,1244503
222500349,1229831
223535480,1245124
224570772,1237762
225611050,1243580
226645246,1237254
227685434,1244614
228719712,1237388
229760146,1243552
230794195,1238718
231834723,1242886
232868955,1237039
233909070,1243936
234943669,1236141
235977335,1261428
237017271,1302483
238052187,1260602
239091976,1301011
240126622,1261651
241166427,1301395
242200949,1265800
243238223,1248222
244280457,1247164
245312494,1247910
246354609,1247840
247386870,1248352
248429424,1248554
249461564,1249194
250503852,1248537
251536080,1249197
252578522,1249111
253610675,1247982
254652821,1249096
255685124,1248609
256727458,1248905
257759931,1248646
258801930,1248899
259834244,1248579
260877456,1247780
261909719,1247550
262952167,1248004
263984431,1248258
265026442,1248065
266058753,1247934
267101051,1247625
268133366,1247642
269175637,1247387
270207886,1247017
271250214,1247104
272282385,1248211
273324750,1247764
274356832,1248174
275399258,1247638
276431566,1247547
277473694,1247372
278506217,1248024
279548366,1247540
280580527,1247391
281622921,1247758
282655027,1247165
283697454,1247725
284729598,1247788
285771845,1247591
286804087,1247854
287846315,1247836
288878604,1247321
289921104,1247159
290953252,1247474
291995461,1247700
293027814,1247971
294070112,1247329
295102137,1249549
296144634,1248844
297176863,1252079
298219110,1251635
299251410,1251464
300293649,1251116
301325969,1252151
302368095,1250900
303400351,1251390
304442576,1252244
305474844,1251905
306517308,1251983
307549476,1251449
308591617,1252302
309624780,1248933
310667061,1249155
311565970,1251339
312383062,953422
313384066,968648
314759013,1253612
316183470,1254432
317102214,1252095
317904712,955792
318905056,964969
320280438,1254382
321709867,1253487
322633582,1251547
323426019,956600
324426489,965919
325801655,1253869
327226863,1254359
328169840,1251896
328947205,953656
329947927,969376
331322746,1253593
332659763,1252749
333520849,956467
334521233,962850
335477607,963839
336477829,967298
337852728,1254028
339282159,1253382
340246055,1252755
340998621,956054
341998897,965104
343374104,1254630
344798625,1253096
345782408,1252079
346519569,954335
347520466,968322
348895385,1253048
350324873,1253853
351314149,1254157
352041261,956415
353041763,966052
354416743,1254857
355841185,1253986
356850075,1253187
357562572,957411
358563122,967760
359937908,1254055
361367570,1253699
362381448,1253033
363083690,956675
364084117,964809
PMU buffer: L2_PMU::L2_INNER_ACQUIREBLOCK_NTOT
4855908,1616067
5863879,1623815
6863864,1623750
7863794,1624896
8863954,1623851
9863980,1624163
10864451,1623307
12062856,1623764
13102214,1616856
14477004,1615564
15518192,1619127
16784224,1615743
17497575,1647570
18448572,1624973
19625911,1652403
20686804,1616695
22045305,978222
23004178,963671
24053896,1503724
25037409,1623945
26187028,1651961
27275556,1617362
28748695,1115634
29696281,1087161
30803724,1088813
31910377,1182871
33412956,1181404
34366027,1087982
35456376,1087036
36580695,1183783
38177616,1183982
39136868,1181190
40075045,1087581
41147980,1087092
42289683,1183878
43810619,1181531
44738877,1086998
45790956,1088264
46953263,1182817
48484026,1181525
49402121,1087835
50402280,1087657
51616873,1183975
53157569,1182313
54065743,1087408
55065907,1087799
56280241,1183829
57830873,1182985
58728989,1087614
59729160,1087696
60943550,1183761
62504255,1182720
63392194,1087971
64392475,1087229
65606859,1182712
67208458,1183990
68222752,1183582
69100798,1087511
70101095,1087083
71315502,1183888
72911997,1183847
73933969,1183623
74797078,1087868
75797141,1087652
77011574,1183382
78613155,1183063
79640002,1183259
80493403,1087044
81493306,1087770
82707865,1183278
84304201,1183925
85351285,1183572
86189792,1086770
87189739,1087022
88404054,1183212
89404011,1183284
90848641,1087058
91848743,1087426
93063001,1183021
94063059,1183890
95843242,1224567
97390477,1212408
98136583,1087383
99137124,1087370
100351422,1182821
101351423,1183763
102973135,1183196
103851129,1087441
104851070,1087805
106065340,1183414
107065385,1182738
108687262,1183921
109565222,1087764
110565161,1086771
111779505,1183242
112779504,1183479
114383502,1183793
115261500,1086589
116261403,1087968
117475836,1183821
118476102,1183898
120079952,1183491
120957635,1087970
121957755,1088129
123172444,1183817
124172344,1184004
125776269,1182961
126654292,1087237
127654317,1087512
128868658,1183787
129868658,1183837
131472829,1183762
132350610,1087362
133350853,1087088
134890421,895634
136494014,896388
137481928,895553
138211392,773726
139211839,772486
140586809,896273
142184637,897270
143193403,895645
143908016,773156
144908131,771467
146283525,897153
147886045,895506
148899795,895405
149604252,774008
150605038,770958
151979704,897112
153577502,896426
154611312,896111
155300792,773757
156301166,771246
157676168,896920
159278789,896829
160317619,896977
160997042,774031
161997753,771159
163372542,896131
164372442,896767
165656151,774570
166656879,770931
168031779,897241
169031547,896943
170635407,896693
171672851,896820
172710134,896145
173747290,896116
174784566,896811
175821986,895711
176859245,896558
177896419,896538
178933535,896969
179970938,896011
181008112,895790
182045467,895992
183082803,896959
184120029,896202
185157178,896868
186194227,895859
187231585,897026
188268854,897134
189306313,896067
190343335,896287
191380917,896105
192417971,896031
193455157,897049
194492511,896532
195529846,896680
196566921,895746
197604286,895758
198641682,897033
199678663,896758
200716054,896071
201753296,896312
202790738,896294
203827882,895788
204865386,896124
205902243,896663
206939736,896180
207976662,896246
209014181,896715
210051367,896941
211088596,896997
212125739,895950
213163134,896877
214200476,896901
215237762,896450
216274765,895485
217309252,895050
218349540,896969
219383998,896083
220424194,896803
221460867,892696
222500349,877843
223535480,892609
224570772,884035
225611050,889801
226645246,884438
227685434,890760
228719712,884406
229760146,888909
230794195,884108
231834723,888617
232868955,883228
233909070,890196
234943669,883241
235977335,895992
237017271,895737
238052187,894786
239091976,895815
240126622,894184
241166427,895306
242200949,897169
243238223,891283
244280457,891315
245312494,891991
246354609,891930
247386870,892735
248429424,892526
249461564,893336
250503852,893262
251536080,891937
252578522,892847
253610675,892541
254652821,893411
255685124,893377
256727458,893074
257759931,892684
258801930,892299
259834244,892517
260877456,892136
261909719,892266
262952167,891014
263984431,892283
265026442,891739
266058753,891189
267101051,891306
268133366,891827
269175637,891435
270207886,892241
271250214,892180
272282385,891586
273324750,891839
274356832,892279
275399258,891834
276431566,891956
277473694,892262
278506217,890946
279548366,891583
280580527,892028
281622921,891833
282655027,891299
283697454,891283
284729598,891392
285771845,892218
286804087,892145
287846315,892177
288878604,891613
289921104,892008
290953252,892175
291995461,891620
293027814,891507
294070112,892034
295102137,893563
296144634,892819
297176863,894497
298219110,894831
299251410,894698
300293649,894597
301325969,894328
302368095,895273
303400351,895367
304442576,895296
305474844,895418
306517308,895347
307549476,895037
308591617,895155
309624780,892512
310667061,892770
311565970,893923
312383062,775023
313384066,771490
314759013,896411
316183470,896445
317102214,894425
317904712,774524
318905056,772342
320280438,896854
321709867,896317
322633582,894843
323426019,774701
324426489,771902
325801655,895829
327226863,896925
328169840,895354
328947205,773313
329947927,768899
331322746,895884
332659763,895665
333520849,774164
334521233,772271
335477607,771742
336477829,772654
337852728,897037
339282159,896175
340246055,895864
340998621,773526
341998897,771814
343374104,896526
344798625,896243
345782408,895976
346519569,774628
347520466,771430
348895385,896689
350324873,896005
351314149,896154
352041261,773726
353041763,771922
354416743,897214
355841185,896218
356850075,895284
357562572,773720
358563122,771220
359937908,896796
361367570,895619
362381448,896254
363083690,774125
364084117,772316
PMU buffer: L2_PMU::L2_OUTER_RELEASEDATA_TTON_DIRTY_EVICTION
4855908,127643
5863879,132124
6863864,132116
7863794,131864
8863954,131620
9863980,132064
10864451,132154
12062856,134459
13102214,127519
14477004,126679
15518192,128573
16784224,127335
17497575,133329
18448572,132372
19625911,130888
20686804,127811
22045305,26484
23004178,26875
24053896,116788
25037409,133948
26187028,133829
27275556,128531
28748695,31830
29696281,100253
30803724,95348
31910377,358976
33412956,359902
34366027,91694
35456376,98028
36580695,361305
38177616,360089
39136868,359805
40075045,90535
41147980,91331
42289683,360323
43810619,360135
44738877,93206
45790956,88911
46953263,359668
48484026,359041
49402121,89612
50402280,92181
51616873,360095
53157569,359720
54065743,92323
55065907,96601
56280241,359794
57830873,356927
58728989,89531
59729160,92356
60943550,359741
62504255,359899
63392194,91050
64392475,90101
65606859,360832
67208458,358304
68222752,359020
69100798,90254
70101095,92702
71315502,360156
72911997,358615
73933969,361612
74797078,91735
75797141,92147
77011574,360552
78613155,357377
79640002,357148
80493403,93301
81493306,94442
82707865,360626
84304201,356728
85351285,358673
86189792,95829
87189739,95186
88404054,360632
89404011,358556
90848641,93024
91848743,94925
93063001,358661
94063059,356903
95843242,515045
97390477,575354
98136583,86964
99137124,96967
100351422,360430
101351423,360805
102973135,359296
103851129,97060
104851070,96804
106065340,357979
107065385,357379
108687262,358712
109565222,99117
110565161,90874
111779505,361223
112779504,358038
114383502,357521
115261500,90885
116261403,96635
117475836,359028
118476102,359775
120079952,357940
120957635,91543
121957755,93861
123172444,360125
124172344,357215
125776269,356618
126654292,92766
127654317,92346
128868658,358607
129868658,357854
131472829,359690
132350610,89789
133350853,93097
134890421,242028
136494014,242171
137481928,241670
138211392,98356
139211839,111959
140586809,241598
142184637,242119
143193403,241715
143908016,98548
144908131,113426
146283525,242294
147886045,241930
148899795,241678
149604252,99879
150605038,115419
151979704,242064
153577502,242497
154611312,241945
155300792,98852
156301166,112301
157676168,241867
159278789,242606
160317619,241878
160997042,98008
161997753,113229
163372542,241918
164372442,241590
165656151,95453
166656879,115145
168031779,241818
169031547,241888
170635407,241613
171672851,241689
172710134,241642
173747290,241906
174784566,241835
175821986,241765
176859245,241661
177896419,241437
178933535,241745
179970938,241760
181008112,241452
182045467,241699
183082803,241773
184120029,241646
185157178,241484
186194227,241455
187231585,241751
188268854,242303
189306313,241720
190343335,241659
191380917,241629
192417971,241799
193455157,241977
194492511,241865
195529846,241822
196566921,241785
197604286,241198
198641682,241562
199678663,241677
200716054,241680
201753296,241878
202790738,241811
203827882,241745
204865386,242040
205902243,241817
206939736,241617
207976662,241995
209014181,241860
210051367,242242
211088596,241728
212125739,241722
213163134,242304
214200476,241647
215237762,241712
216274765,242058
217309252,240945
218349540,241749
219383998,241637
220424194,241733
221460867,242172
222500349,242085
223535480,242531
224570772,241365
225611050,242518
226645246,241464
227685434,242618
228719712,241793
229760146,242124
230794195,241505
231834723,242557
232868955,241339
233909070,242510
234943669,241271
235977335,259880
237017271,281559
238052187,259614
239091976,281928
240126622,258754
241166427,281674
242200949,259197
243238223,241645
244280457,241473
245312494,241182
246354609,241248
247386870,242046
248429424,241161
249461564,241927
250503852,241419
251536080,241611
252578522,241745
253610675,241573
254652821,241920
255685124,241700
256727458,241897
257759931,241556
258801930,241215
259834244,241436
260877456,242319
261909719,242072
262952167,242026
263984431,241758
265026442,241870
266058753,241679
267101051,241645
268133366,241880
269175637,241616
270207886,242290
271250214,242173
272282385,241847
273324750,241881
274356832,241974
275399258,241863
276431566,241510
277473694,241890
278506217,241661
279548366,241833
280580527,241639
281622921,241779
282655027,241282
283697454,241559
284729598,241783
285771845,242290
286804087,241898
287846315,241616
288878604,241727
289921104,241604
290953252,241587
291995461,241875
293027814,242028
294070112,241638
295102137,241920
296144634,241345
297176863,241347
298219110,242039
299251410,241757
300293649,241817
301325969,241287
302368095,241307
303400351,241677
304442576,241635
305474844,242043
306517308,241289
307549476,241436
308591617,241990
309624780,242090
310667061,241895
311565970,242263
312383062,93179
313384066,114983
314759013,242254
316183470,242948
317102214,242816
317904712,96038
318905056,109930
320280438,242265
321709867,242785
322633582,242491
323426019,97565
324426489,110191
325801655,242134
327226863,242599
328169840,242323
328947205,93983
329947927,118519
331322746,242191
332659763,241696
333520849,96303
334521233,106334
335477607,108282
336477829,112121
337852728,241862
339282159,241772
340246055,242450
340998621,96742
341998897,110039
343374104,242229
344798625,242443
345782408,242116
346519569,94918
347520466,113056
348895385,242135
350324873,242272
351314149,242504
352041261,96816
353041763,110345
354416743,242115
355841185,242360
356850075,242202
357562572,98831
358563122,113243
359937908,242077
361367570,241969
362381448,241837
363083690,97927
364084117,109809
PMU buffer: L2_PMU::L2_DEMAND_MISS_HIT_MSHR_ALLOC_HINT
4855908,32
5863879,1
6863864,2
7863794,2
8863954,2
9863980,1
10864451,1
12062856,4
13102214,4
14477004,4
15518192,3
16784224,5
17497575,2
18448572,8
19625911,7
20686804,4
22045305,17
23004178,7
24053896,12
25037409,7
26187028,7
27275556,7
28748695,22
29696281,10
30803724,8
31910377,7
33412956,19
34366027,7
35456376,7
36580695,5
38177616,11
39136868,7
40075045,6
41147980,7
42289683,4
43810619,24
44738877,4
45790956,10
46953263,5
48484026,19
49402121,5
50402280,2
51616873,4
53157569,20
54065743,1
55065907,2
56280241,5
57830873,20
58728989,3
59729160,1
60943550,4
62504255,19
63392194,2
64392475,3
65606859,5
67208458,12
68222752,9
69100798,2
70101095,1
71315502,5
72911997,12
73933969,4
74797078,2
75797141,1
77011574,5
78613155,12
79640002,5
80493403,1
81493306,1
82707865,5
84304201,9
85351285,5
86189792,3
87189739,1
88404054,7
89404011,1
90848641,1
91848743,3
93063001,1
94063059,2
95843242,7
97390477,10
98136583,3
99137124,4
100351422,2
101351423,1
102973135,1
103851129,4
104851070,1
106065340,3
107065385,2
108687262,2
109565222,1
110565161,2
111779505,1
112779504,2
114383502,2
115261500,1
116261403,1
117475836,2
118476102,1
120079952,1
120957635,2
121957755,1
123172444,1
124172344,1
125776269,1
126654292,1
127654317,1
128868658,2
129868658,1
131472829,1
132350610,1
133350853,2
134890421,8
136494014,11
137481928,3
138211392,1
139211839,0
140586809,4
142184637,10
143193403,4
143908016,0
144908131,0
146283525,5
147886045,10
148899795,4
149604252,0
150605038,0
151979704,4
153577502,10
154611312,6
155300792,1
156301166,1
157676168,3
159278789,10
160317619,4
160997042,0
161997753,0
163372542,4
164372442,1
165656151,1
166656879,0
168031779,1
169031547,2
170635407,1
171672851,1
172710134,2
173747290,1
174784566,1
175821986,2
176859245,1
177896419,2
178933535,1
179970938,2
181008112,1
182045467,2
183082803,1
184120029,1
185157178,1
186194227,1
187231585,2
188268854,1
189306313,2
190343335,2
191380917,1
192417971,2
193455157,2
194492511,1
195529846,2
196566921,2
197604286,1
198641682,3
199678663,1
200716054,2
201753296,1
202790738,1
203827882,1
204865386,1
205902243,1
206939736,2
207976662,1
209014181,2
210051367,2
211088596,1
212125739,1
213163134,2
214200476,1
215237762,1
216274765,1
217309252,1
218349540,2
219383998,1
220424194,1
221460867,2
222500349,1
223535480,1
224570772,1
225611050,1
226645246,2
227685434,1
228719712,1
229760146,2
230794195,1
231834723,2
232868955,1
233909070,2
234943669,1
235977335,4
237017271,4
238052187,5
239091976,3
240126622,3
241166427,4
242200949,3
243238223,1
244280457,1
245312494,1
246354609,2
247386870,2
248429424,1
249461564,1
250503852,3
251536080,1
252578522,2
253610675,3
254652821,1
255685124,2
256727458,1
257759931,1
258801930,2
259834244,1
260877456,2
261909719,1
262952167,1
263984431,1
265026442,1
266058753,1
267101051,1
268133366,1
269175637,1
270207886,2
271250214,1
272282385,2
273324750,1
274356832,1
275399258,1
276431566,1
277473694,1
278506217,1
279548366,1
280580527,1
281622921,1
282655027,1
283697454,1
284729598,2
285771845,1
286804087,1
287846315,1
288878604,1
289921104,1
290953252,1
291995461,1
293027814,2
294070112,1
295102137,1
296144634,1
297176863,1
298219110,2
299251410,1
300293649,2
301325969,1
302368095,1
303400351,1
304442576,2
305474844,3
306517308,1
307549476,2
308591617,2
309624780,2
310667061,4
311565970,3
312383062,0
313384066,0
314759013,5
316183470,12
317102214,5
317904712,1
318905056,1
320280438,3
321709867,10
322633582,6
323426019,0
324426489,0
325801655,4
327226863,12
328169840,4
328947205,0
329947927,0
331322746,5
332659763,15
333520849,0
334521233,0
335477607,0
336477829,0
337852728,5
339282159,8
340246055,5
340998621,0
341998897,0
343374104,3
344798625,11
345782408,3
346519569,0
347520466,0
348895385,4
350324873,11
351314149,4
352041261,0
353041763,0
354416743,3
355841185,11
356850075,4
357562572,0
358563122,0
359937908,3
361367570,12
362381448,4
363083690,1
364084117,0
PMU buffer: L2_PMU::L2_OUTER_ACQUIREBLOCK_NTOT_L2_MISS
4855908,102438
5863879,105014
6863864,104906
7863794,105635
8863954,104637
9863980,105261
10864451,104868
12062856,106585
13102214,102511
14477004,101294
15518192,102232
16784224,102087
17497575,107614
18448572,105851
19625911,104110
20686804,102716
22045305,21222
23004178,21073
24053896,93611
25037409,106310
26187028,106976
27275556,103124
28748695,25008
29696281,41522
30803724,40285
31910377,105930
33412956,106715
34366027,39034
35456376,40550
36580695,106432
38177616,106471
39136868,106340
40075045,38578
41147980,38749
42289683,106406
43810619,106641
44738877,39129
45790956,38187
46953263,106157
48484026,106101
49402121,38172
50402280,39132
51616873,106168
53157569,106516
54065743,39033
55065907,40141
56280241,106102
57830873,105335
58728989,38322
59729160,39119
60943550,106591
62504255,106304
63392194,38523
64392475,38281
65606859,106445
67208458,106081
68222752,106107
69100798,38335
70101095,39103
71315502,106368
72911997,105813
73933969,106587
74797078,38916
75797141,39001
77011574,106301
78613155,105339
79640002,105493
80493403,39255
81493306,39769
82707865,106086
84304201,105125
85351285,106002
86189792,40013
87189739,39744
88404054,106326
89404011,105679
90848641,39191
91848743,39762
93063001,105809
94063059,105141
95843242,139401
97390477,153775
98136583,37577
99137124,40121
100351422,106472
101351423,106472
102973135,105604
103851129,40409
104851070,40569
106065340,105680
107065385,105131
108687262,105931
109565222,40987
110565161,38456
111779505,106112
112779504,105589
114383502,105443
115261500,38223
116261403,40276
117475836,106015
118476102,106027
120079952,105764
120957635,38659
121957755,39311
123172444,106120
124172344,105500
125776269,105028
126654292,39219
127654317,39180
128868658,105746
129868658,105806
131472829,106105
132350610,38352
133350853,39210
134890421,76574
136494014,76563
137481928,76417
138211392,43425
139211839,47191
140586809,76193
142184637,76386
143193403,76394
143908016,43185
144908131,47357
146283525,76666
147886045,76667
148899795,76279
149604252,43638
150605038,47913
151979704,76493
153577502,76852
154611312,76336
155300792,43248
156301166,47079
157676168,76636
159278789,76759
160317619,76310
160997042,43428
161997753,47146
163372542,76548
164372442,76363
165656151,42456
166656879,47761
168031779,76290
169031547,76674
170635407,76289
171672851,76552
172710134,76254
173747290,76360
174784566,76517
175821986,76242
176859245,76284
177896419,76278
178933535,76553
179970938,76519
181008112,76077
182045467,76275
183082803,76484
184120029,76208
185157178,76253
186194227,75980
187231585,76235
188268854,76623
189306313,76224
190343335,76250
191380917,76295
192417971,75954
193455157,76413
194492511,76349
195529846,75925
196566921,76196
197604286,75943
198641682,76165
199678663,76060
200716054,76105
201753296,76520
202790738,76499
203827882,76112
204865386,76387
205902243,76432
206939736,76266
207976662,76273
209014181,76238
210051367,76707
211088596,76152
212125739,76493
213163134,76621
214200476,76285
215237762,76179
216274765,76491
217309252,75829
218349540,76362
219383998,75861
220424194,76301
221460867,77007
222500349,76155
223535480,77262
224570772,76955
225611050,77106
226645246,76788
227685434,76807
228719712,77001
229760146,76572
230794195,77086
231834723,76677
232868955,76691
233909070,77056
234943669,76656
235977335,83073
237017271,84646
238052187,82208
239091976,84782
240126622,81691
241166427,84406
242200949,82939
243238223,76420
244280457,76633
245312494,76273
246354609,76010
247386870,76610
248429424,76361
249461564,76503
250503852,76405
251536080,76083
252578522,76523
253610675,76481
254652821,76665
255685124,76477
256727458,76596
257759931,76240
258801930,76117
259834244,76359
260877456,76894
261909719,76707
262952167,76695
263984431,76550
265026442,76563
266058753,76430
267101051,76349
268133366,76573
269175637,76335
270207886,76834
271250214,76804
272282385,76636
273324750,76612
274356832,76457
275399258,76824
276431566,76584
277473694,76525
278506217,76455
279548366,76386
280580527,76610
281622921,76685
282655027,76032
283697454,76694
284729598,76763
285771845,77050
286804087,76480
287846315,76505
288878604,76536
289921104,76284
290953252,76696
291995461,76715
293027814,76484
294070112,76626
295102137,76699
296144634,76237
297176863,75877
298219110,76532
299251410,76445
300293649,76447
301325969,76007
302368095,76186
303400351,76255
304442576,76165
305474844,76335
306517308,76208
307549476,76327
308591617,76550
309624780,76638
310667061,76711
311565970,76940
312383062,41830
313384066,47881
314759013,76559
316183470,76924
317102214,76869
317904712,42534
318905056,46686
320280438,76730
321709867,76662
322633582,76739
323426019,43110
324426489,46323
325801655,76411
327226863,76809
328169840,76758
328947205,42095
329947927,49080
331322746,76648
332659763,76114
333520849,42646
334521233,45363
335477607,45957
336477829,47124
337852728,76358
339282159,76705
340246055,76700
340998621,42469
341998897,46389
343374104,76683
344798625,76699
345782408,76533
346519569,42334
347520466,47368
348895385,76497
350324873,76675
351314149,76560
352041261,42930
353041763,46420
354416743,76425
355841185,76341
356850075,76671
357562572,43315
358563122,47457
359937908,76673
361367570,76241
362381448,76337
363083690,43029
364084117,46525
PMU buffer: L2_PMU::L2_INNER_PREFETCH_HIT_L2
4855908,183
5863879,127
6863864,129
7863794,117
8863954,129
9863980,119
10864451,115
12062856,236
13102214,199
14477004,327
15518192,329
16784224,331
17497575,115
18448572,130
19625911,223
20686804,212
22045305,87
23004178,92
24053896,121
25037409,116
26187028,205
27275556,232
28748695,113
29696281,104
30803724,129
31910377,171
33412956,125
34366027,103
35456376,124
36580695,172
38177616,174
39136868,112
40075045,118
41147980,113
42289683,167
43810619,136
44738877,110
45790956,110
46953263,165
48484026,123
49402121,95
50402280,91
51616873,165
53157569,137
54065743,92
55065907,96
56280241,165
57830873,134
58728989,98
59729160,104
60943550,177
62504255,157
63392194,99
64392475,88
65606859,171
67208458,166
68222752,154
69100798,97
70101095,99
71315502,179
72911997,188
73933969,167
74797078,90
75797141,98
77011574,161
78613155,183
79640002,166
80493403,88
81493306,97
82707865,165
84304201,176
85351285,167
86189792,88
87189739,95
88404054,161
89404011,159
90848641,92
91848743,93
93063001,168
94063059,150
95843242,264
97390477,218
98136583,95
99137124,97
100351422,165
101351423,159
102973135,157
103851129,91
104851070,99
106065340,163
107065385,161
108687262,160
109565222,97
110565161,90
111779505,165
112779504,154
114383502,157
115261500,93
116261403,94
117475836,169
118476102,155
120079952,156
120957635,91
121957755,93
123172444,169
124172344,155
125776269,155
126654292,94
127654317,95
128868658,155
129868658,161
131472829,156
132350610,94
133350853,91
134890421,133
136494014,150
137481928,111
138211392,50
139211839,56
140586809,131
142184637,135
143193403,109
143908016,48
144908131,55
146283525,130
147886045,141
148899795,124
149604252,50
150605038,57
151979704,132
153577502,143
154611312,125
155300792,54
156301166,55
157676168,136
159278789,142
160317619,132
160997042,47
161997753,56
163372542,130
164372442,125
165656151,51
166656879,55
168031779,133
169031547,138
170635407,126
171672851,123
172710134,121
173747290,121
174784566,122
175821986,127
176859245,127
177896419,125
178933535,126
179970938,126
181008112,123
182045467,122
183082803,124
184120029,125
185157178,129
186194227,122
187231585,126
188268854,128
189306313,122
190343335,128
191380917,125
192417971,124
193455157,120
194492511,123
195529846,124
196566921,122
197604286,123
198641682,130
199678663,122
200716054,126
201753296,120
202790738,125
203827882,126
204865386,130
205902243,128
206939736,127
207976662,124
209014181,124
210051367,125
211088596,124
212125739,124
213163134,125
214200476,126
215237762,127
216274765,126
217309252,123
218349540,127
219383998,126
220424194,121
221460867,125
222500349,128
223535480,128
224570772,115
225611050,125
226645246,115
227685434,126
228719712,111
229760146,116
230794195,111
231834723,121
232868955,117
233909070,122
234943669,122
235977335,127
237017271,118
238052187,121
239091976,117
240126622,122
241166427,111
242200949,124
243238223,128
244280457,124
245312494,128
246354609,125
247386870,122
248429424,124
249461564,127
250503852,132
251536080,125
252578522,125
253610675,115
254652821,123
255685124,124
256727458,125
257759931,128
258801930,127
259834244,118
260877456,125
261909719,127
262952167,123
263984431,125
265026442,127
266058753,128
267101051,128
268133366,122
269175637,128
270207886,131
271250214,122
272282385,128
273324750,123
274356832,126
275399258,126
276431566,122
277473694,127
278506217,127
279548366,119
280580527,128
281622921,125
282655027,125
283697454,128
284729598,129
285771845,129
286804087,127
287846315,124
288878604,127
289921104,125
290953252,120
291995461,128
293027814,123
294070112,126
295102137,128
296144634,123
297176863,124
298219110,125
299251410,122
300293649,125
301325969,125
302368095,122
303400351,115
304442576,121
305474844,118
306517308,122
307549476,125
308591617,125
309624780,122
310667061,130
311565970,77
312383062,54
313384066,55
314759013,135
316183470,133
317102214,86
317904712,53
318905056,51
320280438,133
321709867,144
322633582,97
323426019,53
324426489,51
325801655,136
327226863,141
328169840,104
328947205,48
329947927,53
331322746,127
332659763,116
333520849,53
334521233,54
335477607,67
336477829,54
337852728,132
339282159,139
340246055,110
340998621,52
341998897,54
343374104,136
344798625,138
345782408,113
346519569,53
347520466,53
348895385,128
350324873,137
351314149,120
352041261,53
353041763,60
354416743,136
355841185,136
356850075,109
357562572,55
358563122,57
359937908,128
361367570,141
362381448,119
363083690,48
364084117,55
ANN buffer: System::PREDICTED_JOB_UTILIZATION
4855908,0
5863879,0
6863864,0
7863794,0
8863954,0
9863980,0
10864451,0
12062856,330476
13102214,330476
14477004,510479
15518192,510479
16784224,631186
17497575,631119
18448572,631119
19625911,371060
20686804,371060
22045305,578219
23004178,578219
24053896,394782
25037409,394782
26187028,407931
27275556,407931
28748695,595061
29696281,595061
30803724,426426
31910377,426426
33412956,598166
34366027,598166
35456376,411754
36580695,411754
38177616,557960
39136868,674330
40075045,674330
41147980,330696
42289683,330696
43810619,504697
44738877,504697
45790956,318651
46953263,318651
48484026,498945
49402121,498945
50402280,498945
51616873,461635
53157569,494171
54065743,494171
55065907,494171
56280241,310861
57830873,499502
58728989,499502
59729160,499502
60943550,317164
62504255,503511
63392194,503511
64392475,503511
65606859,321848
67208458,506376
68222752,656029
69100798,656029
70101095,656029
71315502,325314
72911997,507549
73933969,654102
74797078,654102
75797141,654102
77011574,328266
78613155,506539
79640002,652033
80493403,652033
81493306,652033
82707865,330063
84304201,507163
85351285,648508
86189792,648508
87189739,648508
88404054,333352
89404011,333352
90848641,627576
91848743,627576
93063001,316910
94063059,316910
95843242,471542
97390477,576083
98136583,576083
99137124,576083
100351422,343595
101351423,343595
102973135,514859
103851129,514859
104851070,514859
106065340,361625
107065385,361625
108687262,533703
109565222,533699
110565161,533699
111779505,380326
112779504,380326
114383502,522162
115261500,522186
116261403,522186
117475836,370598
118476102,370598
120079952,515025
120957635,515001
121957755,515001
123172444,364940
124172344,364940
125776269,513777
126654292,513769
127654317,513769
128868658,365631
129868658,365631
131472829,513320
132350610,513297
133350853,513297
134890421,367005
136494014,518106
137481928,640669
138211392,640669
139211839,640669
140586809,375892
142184637,518163
143193403,636815
143908016,636815
144908131,636815
146283525,377816
147886045,518616
148899795,636343
149604252,636343
150605038,636343
151979704,380031
153577502,518432
154611312,633330
155300792,633330
156301166,633330
157676168,381602
159278789,518534
160317619,632603
160997042,632603
161997753,632603
163372542,383400
164372442,383400
165656151,645029
166656879,645029
168031779,382797
169031547,382797
170635407,514942
171672851,514742
172710134,514732
173747290,514737
174784566,514626
175821986,514726
176859245,514779
177896419,514753
178933535,514742
179970938,514740
181008112,514777
182045467,514733
183082803,514731
184120029,514749
185157178,514748
186194227,514769
187231585,514722
188268854,514749
189306313,514652
190343335,514745
191380917,514764
192417971,514755
193455157,514737
194492511,514608
195529846,514727
196566921,514746
197604286,514726
198641682,514723
199678663,514802
200716054,514701
201753296,514759
202790738,514721
203827882,514757
204865386,514751
205902243,514813
206939736,514752
207976662,514778
209014181,514720
210051367,514754
211088596,514758
212125739,514729
213163134,514734
214200476,514755
215237762,514649
216274765,514760
217309252,514754
218349540,514634
219383998,514757
220424194,514657
221460867,514620
222500349,514952
223535480,515147
224570772,514869
225611050,514739
226645246,515021
227685434,514714
228719712,514899
229760146,514679
230794195,514895
231834723,514694
232868955,514931
233909070,514870
234943669,514900
235977335,514814
237017271,521063
238052187,523308
239091976,521226
240126622,523381
241166427,521199
242200949,523343
243238223,521028
244280457,514848
245312494,514806
246354609,514837
247386870,514819
248429424,514779
249461564,514816
250503852,514808
251536080,514870
252578522,514809
253610675,514832
254652821,514752
255685124,514781
256727458,514795
257759931,514796
258801930,514839
259834244,514831
260877456,514754
261909719,514813
262952167,514816
263984431,514815
265026442,514797
266058753,514798
267101051,514833
268133366,514826
269175637,514784
270207886,514835
271250214,514857
272282385,514780
273324750,514827
274356832,514798
275399258,514794
276431566,514807
277473694,514781
278506217,514804
279548366,514839
280580527,514759
281622921,514810
282655027,514807
283697454,514809
284729598,514826
285771845,514834
286804087,514821
287846315,514793
288878604,514792
289921104,514801
290953252,514799
291995461,514773
293027814,514813
294070112,514817
295102137,514813
296144634,514921
297176863,514788
298219110,514769
299251410,514787
300293649,514762
301325969,514781
302368095,514788
303400351,514738
304442576,514676
305474844,514748
306517308,514731
307549476,514745
308591617,514786
309624780,514780
310667061,514900
311565970,514980
312383062,514980
313384066,514980
314759013,383814
316183470,514971
317102214,592212
317904712,592212
318905056,592212
320280438,383601
321709867,514937
322633582,593886
323426019,593886
324426489,593886
325801655,383723
327226863,514870
328169840,592924
328947205,592924
329947927,592924
331322746,383830
332659763,514804
333520849,514804
334521233,514804
335477607,383619
336477829,383619
337852728,381718
339282159,512164
340246055,592365
340998621,592365
341998897,592365
343374104,381687
344798625,512283
345782408,589428
346519569,589428
347520466,589428
348895385,381759
350324873,512223
351314149,592402
352041261,592402
353041763,592402
354416743,381765
355841185,512184
356850075,589414
357562572,589414
358563122,589414
359937908,381676
361367570,512213
362381448,592761
363083690,592761
364084117,592761
end_data
Task data [2]: 
begin_data
System buffer: System::JOB_UTILIZATION
4803534,190996
5805521,192947
6805604,192986
7805616,192955
8805492,192784
9805731,192979
10805750,192955
11951955,339111
13013399,356352
14352914,695787
15394469,521005
16665491,791925
17448204,298907
18390115,192684
19514813,317336
20598027,356365
21968788,727049
22920598,187801
23979380,246553
24979018,192934
26076288,290166
27186702,356396
28707174,876785
29644841,188408
30718977,262509
31854750,354115
33389219,888520
34314826,188095
35351568,224805
36525093,354163
38121098,950103
39108664,333539
40023777,188155
41023710,188049
42233939,354114
43781443,901533
44687419,188131
45687359,188035
46897619,354139
48455821,912258
49350858,188053
50350914,188068
51561196,354193
53128399,921309
54014369,188093
55014562,188253
56224665,354196
57802608,932061
58677596,187971
59677756,188094
60887972,354155
62475072,941179
63341013,188071
64340833,187856
65551317,354189
67151963,954758
68194529,393516
69049599,188105
70049599,188068
71259872,354186
72863467,957715
73904703,395144
74745786,188130
75745808,188117
76955958,354113
77955950,354033
79559761,354090
80441969,188196
81441990,188183
82652220,354255
83652042,354018
85256035,354122
86138208,188196
87138232,188181
88348420,354217
89348392,354124
90797197,188118
91797339,188223
93007489,354215
94007389,354047
95783052,519131
97367094,1103084
98085402,187961
99085810,188336
100295752,354121
101295844,354136
102917521,354141
103799763,188282
104799808,188293
106009772,354107
107009696,353972
108631676,354210
109513973,188408
110513579,187973
111723903,354145
112723992,354165
114327916,354112
115209861,187957
116210268,188323
117420243,354145
118420384,354223
120024318,354081
120906457,188118
121906618,188247
123116721,354195
124116728,354136
125720666,353994
126602934,188167
127602887,188082
128813055,354100
129813116,354099
131417201,354110
132299172,187984
133299330,188101
134688737,355302
135688758,355249
137292712,355127
137996805,189179
138997381,189721
140385386,355526
141385313,355381
142989220,355213
143693259,189195
144694066,189965
146081935,355630
147081511,355132
148685585,355138
149389768,189269
150390379,189839
151778227,355488
152778122,355311
154382143,355293
155085915,189008
156086843,189896
157474686,355537
158474502,355282
160078603,355350
160782506,189207
161783110,189777
163171010,355473
164170820,355213
165441439,189038
166442270,189829
167830249,355606
168829970,355263
170433936,355267
171471280,355353
172508426,355233
173545744,355291
174582987,355272
175620087,355113
176657567,355334
177694871,355379
178732029,355280
179769370,355362
180806366,355102
181843696,355177
182881163,355377
183918303,355261
184955615,355317
185992699,355139
187030066,355248
188067410,355325
189104652,355314
190141774,355178
191179085,355234
192216324,355215
193253651,355280
194290934,355307
195328187,355292
196365143,354991
197402535,355124
198440099,355431
199477200,355268
200514430,355244
201551722,355274
202588953,355249
203626055,355088
204663712,355488
205700656,355174
206738079,355340
207775112,355110
208812627,355376
209849783,355270
210887058,355282
211924153,355118
212961616,355321
213998957,355402
215036063,355248
216073190,355115
217107120,351770
218148034,355423
219181994,352112
220222539,355392
221255984,388773
222288987,384503
223330568,388813
224363143,384117
225405400,389102
226437801,384227
227480024,389181
228512264,384146
229554328,388940
230587010,384353
231628846,388919
232661265,384065
233703599,389126
234735763,384014
235778748,389732
236810345,384049
237852762,389189
238884777,383927
239927060,388939
240959383,383981
242002192,389511
243034263,384303
244076345,389112
245108738,384230
246150903,389120
247183105,384062
248225761,389450
249257929,384345
250300282,389429
251332283,384157
252374873,389470
253406857,384185
254449267,389318
255481539,384315
256523726,389231
257556145,384377
258598357,389320
259630631,384327
260673093,355387
261705374,355413
262747757,355522
263779850,355364
264821995,355235
265854413,355382
266896678,355383
267928923,355366
268971273,355441
270003562,355473
271045849,355479
272077962,355336
273120257,355372
274152416,355268
275194814,355395
276227176,355478
277269304,355346
278301693,355470
279343862,355371
280376011,355255
281418498,355474
282450676,355378
283492807,355256
284525157,355343
285567450,355374
286599633,355277
287641982,355373
288674172,355295
289716600,355464
290748869,355477
291790928,355263
292823413,355481
293865715,355524
294898636,355159
295940937,355201
296974120,386261
298016389,391268
299048849,386465
300090842,391202
301123432,386532
302165398,391230
303197820,386392
304240047,391357
305272250,386290
306314481,391258
307346745,386264
308389187,391444
309421252,386251
310463570,391305
311464196,354673
312168452,188882
313169412,189801
314557341,355527
315980024,778138
316999966,369095
317689808,188886
318690581,189626
320078841,355683
321506144,782915
322531746,379566
323211175,188944
324211920,189651
325600065,355594
327022471,777936
328067610,394188
328732506,189031
329733593,190080
331121143,355432
332121078,355292
333216958,188910
334217427,189343
335263209,189685
336263042,189477
337651178,355412
338650927,355096
340079845,355117
340783802,189014
341784615,189791
343172527,355500
344172282,355184
345601243,355224
346305102,189032
347305728,189628
348693791,355491
349693461,355086
351122581,355226
351826332,188928
352827140,189694
354215149,355495
355214838,355121
356643831,355129
357347808,189055
358348588,189805
359736307,355324
360736215,355164
362165242,355208
362869244,189164
363869830,189708
System buffer: System::CPU_CLOCK
4803534,1503999999
5805521,1503999999
6805604,1503999999
7805616,1503999999
8805492,1503999999
9805731,1503999999
10805750,1503999999
11951955,751999999
13013399,751999999
14352914,501333333
15394469,501333333
16665491,501333333
17448204,1503999999
18390115,1503999999
19514813,751999999
20598027,751999999
21968788,1503999999
22920598,1503999999
23979380,1503999999
24979018,1503999999
26076288,751999999
27186702,751999999
28707174,1503999999
29644841,1503999999
30718977,751999999
31854750,751999999
33389219,1503999999
34314826,1503999999
35351568,751999999
36525093,751999999
38121098,751999999
39108664,1503999999
40023777,1503999999
41023710,1503999999
42233939,751999999
43781443,1503999999
44687419,1503999999
45687359,1503999999
46897619,751999999
48455821,1503999999
49350858,1503999999
50350914,1503999999
51561196,751999999
53128399,1503999999
54014369,1503999999
55014562,1503999999
56224665,751999999
57802608,1503999999
58677596,1503999999
59677756,1503999999
60887972,751999999
62475072,1503999999
63341013,1503999999
64340833,1503999999
65551317,751999999
67151963,751999999
68194529,1503999999
69049599,1503999999
70049599,1503999999
71259872,751999999
72863467,751999999
73904703,1503999999
74745786,1503999999
75745808,1503999999
76955958,751999999
77955950,751999999
79559761,751999999
80441969,1503999999
81441990,1503999999
82652220,751999999
83652042,751999999
85256035,751999999
86138208,1503999999
87138232,1503999999
88348420,751999999
89348392,751999999
90797197,1503999999
91797339,1503999999
93007489,751999999
94007389,751999999
95783052,501333333
97367094,1503999999
98085402,1503999999
99085810,1503999999
100295752,751999999
101295844,751999999
102917521,751999999
103799763,1503999999
104799808,1503999999
106009772,751999999
107009696,751999999
108631676,751999999
109513973,1503999999
110513579,1503999999
111723903,751999999
112723992,751999999
114327916,751999999
115209861,1503999999
116210268,1503999999
117420243,751999999
118420384,751999999
120024318,751999999
120906457,1503999999
121906618,1503999999
123116721,751999999
124116728,751999999
125720666,751999999
126602934,1503999999
127602887,1503999999
128813055,751999999
129813116,751999999
131417201,751999999
132299172,1503999999
133299330,1503999999
134688737,751999999
135688758,751999999
137292712,751999999
137996805,1503999999
138997381,1503999999
140385386,751999999
141385313,751999999
142989220,751999999
143693259,1503999999
144694066,1503999999
146081935,751999999
147081511,751999999
148685585,751999999
149389768,1503999999
150390379,1503999999
151778227,751999999
152778122,751999999
154382143,751999999
155085915,1503999999
156086843,1503999999
157474686,751999999
158474502,751999999
160078603,751999999
160782506,1503999999
161783110,1503999999
163171010,751999999
164170820,751999999
165441439,1503999999
166442270,1503999999
167830249,751999999
168829970,751999999
170433936,751999999
171471280,751999999
172508426,751999999
173545744,751999999
174582987,751999999
175620087,751999999
176657567,751999999
177694871,751999999
178732029,751999999
179769370,751999999
180806366,751999999
181843696,751999999
182881163,751999999
183918303,751999999
184955615,751999999
185992699,751999999
187030066,751999999
188067410,751999999
189104652,751999999
190141774,751999999
191179085,751999999
192216324,751999999
193253651,751999999
194290934,751999999
195328187,751999999
196365143,751999999
197402535,751999999
198440099,751999999
199477200,751999999
200514430,751999999
201551722,751999999
202588953,751999999
203626055,751999999
204663712,751999999
205700656,751999999
206738079,751999999
207775112,751999999
208812627,751999999
209849783,751999999
210887058,751999999
211924153,751999999
212961616,751999999
213998957,751999999
215036063,751999999
216073190,751999999
217107120,751999999
218148034,751999999
219181994,751999999
220222539,751999999
221255984,751999999
222288987,751999999
223330568,751999999
224363143,751999999
225405400,751999999
226437801,751999999
227480024,751999999
228512264,751999999
229554328,751999999
230587010,751999999
231628846,751999999
232661265,751999999
233703599,751999999
234735763,751999999
235778748,751999999
236810345,751999999
237852762,751999999
238884777,751999999
239927060,751999999
240959383,751999999
242002192,751999999
243034263,751999999
244076345,751999999
245108738,751999999
246150903,751999999
247183105,751999999
248225761,751999999
249257929,751999999
250300282,751999999
251332283,751999999
252374873,751999999
253406857,751999999
254449267,751999999
255481539,751999999
256523726,751999999
257556145,751999999
258598357,751999999
259630631,751999999
260673093,751999999
261705374,751999999
262747757,751999999
263779850,751999999
264821995,751999999
265854413,751999999
266896678,751999999
267928923,751999999
268971273,751999999
270003562,751999999
271045849,751999999
272077962,751999999
273120257,751999999
274152416,751999999
275194814,751999999
276227176,751999999
277269304,751999999
278301693,751999999
279343862,751999999
280376011,751999999
281418498,751999999
282450676,751999999
283492807,751999999
284525157,751999999
285567450,751999999
286599633,751999999
287641982,751999999
288674172,751999999
289716600,751999999
290748869,751999999
291790928,751999999
292823413,751999999
293865715,751999999
294898636,751999999
295940937,751999999
296974120,751999999
298016389,751999999
299048849,751999999
300090842,751999999
301123432,751999999
302165398,751999999
303197820,751999999
304240047,751999999
305272250,751999999
306314481,751999999
307346745,751999999
308389187,751999999
309421252,751999999
310463570,751999999
311464196,1503999999
312168452,1503999999
313169412,1503999999
314557341,751999999
315980024,751999999
316999966,1503999999
317689808,1503999999
318690581,1503999999
320078841,751999999
321506144,751999999
322531746,1503999999
323211175,1503999999
324211920,1503999999
325600065,751999999
327022471,751999999
328067610,1503999999
328732506,1503999999
329733593,1503999999
331121143,751999999
332121078,751999999
333216958,1503999999
334217427,1503999999
335263209,1503999999
336263042,1503999999
337651178,751999999
338650927,751999999
340079845,751999999
340783802,1503999999
341784615,1503999999
343172527,751999999
344172282,751999999
345601243,751999999
346305102,1503999999
347305728,1503999999
348693791,751999999
349693461,751999999
351122581,751999999
351826332,1503999999
352827140,1503999999
354215149,751999999
355214838,751999999
356643831,751999999
357347808,1503999999
358348588,1503999999
359736307,751999999
360736215,751999999
362165242,751999999
362869244,1503999999
363869830,1503999999
System buffer: System::DEADLINE_MISSES
4803534,0
5805521,0
6805604,0
7805616,0
8805492,0
9805731,0
10805750,0
11951955,0
13013399,0
14352914,0
15394469,0
16665491,0
17448204,0
18390115,0
19514813,0
20598027,0
21968788,0
22920598,0
23979380,0
24979018,0
26076288,0
27186702,0
28707174,0
29644841,0
30718977,0
31854750,0
33389219,0
34314826,0
35351568,0
36525093,0
38121098,0
39108664,0
40023777,0
41023710,0
42233939,0
43781443,0
44687419,0
45687359,0
46897619,0
48455821,0
49350858,0
50350914,0
51561196,0
53128399,0
54014369,0
55014562,0
56224665,0
57802608,0
58677596,0
59677756,0
60887972,0
62475072,0
63341013,0
64340833,0
65551317,0
67151963,0
68194529,0
69049599,0
70049599,0
71259872,0
72863467,0
73904703,0
74745786,0
75745808,0
76955958,0
77955950,0
79559761,0
80441969,0
81441990,0
82652220,0
83652042,0
85256035,0
86138208,0
87138232,0
88348420,0
89348392,0
90797197,0
91797339,0
93007489,0
94007389,0
95783052,0
97367094,0
98085402,0
99085810,0
100295752,0
101295844,0
102917521,0
103799763,0
104799808,0
106009772,0
107009696,0
108631676,0
109513973,0
110513579,0
111723903,0
112723992,0
114327916,0
115209861,0
116210268,0
117420243,0
118420384,0
120024318,0
120906457,0
121906618,0
123116721,0
124116728,0
125720666,0
126602934,0
127602887,0
128813055,0
129813116,0
131417201,0
132299172,0
133299330,0
134688737,0
135688758,0
137292712,0
137996805,0
138997381,0
140385386,0
141385313,0
142989220,0
143693259,0
144694066,0
146081935,0
147081511,0
148685585,0
149389768,0
150390379,0
151778227,0
152778122,0
154382143,0
155085915,0
156086843,0
157474686,0
158474502,0
160078603,0
160782506,0
161783110,0
163171010,0
164170820,0
165441439,0
166442270,0
167830249,0
168829970,0
170433936,0
171471280,0
172508426,0
173545744,0
174582987,0
175620087,0
176657567,0
177694871,0
178732029,0
179769370,0
180806366,0
181843696,0
182881163,0
183918303,0
184955615,0
185992699,0
187030066,0
188067410,0
189104652,0
190141774,0
191179085,0
192216324,0
193253651,0
194290934,0
195328187,0
196365143,0
197402535,0
198440099,0
199477200,0
200514430,0
201551722,0
202588953,0
203626055,0
204663712,0
205700656,0
206738079,0
207775112,0
208812627,0
209849783,0
210887058,0
211924153,0
212961616,0
213998957,0
215036063,0
216073190,0
217107120,0
218148034,0
219181994,0
220222539,0
221255984,0
222288987,0
223330568,0
224363143,0
225405400,0
226437801,0
227480024,0
228512264,0
229554328,0
230587010,0
231628846,0
232661265,0
233703599,0
234735763,0
235778748,0
236810345,0
237852762,0
238884777,0
239927060,0
240959383,0
242002192,0
243034263,0
244076345,0
245108738,0
246150903,0
247183105,0
248225761,0
249257929,0
250300282,0
251332283,0
252374873,0
253406857,0
254449267,0
255481539,0
256523726,0
257556145,0
258598357,0
259630631,0
260673093,0
261705374,0
262747757,0
263779850,0
264821995,0
265854413,0
266896678,0
267928923,0
268971273,0
270003562,0
271045849,0
272077962,0
273120257,0
274152416,0
275194814,0
276227176,0
277269304,0
278301693,0
279343862,0
280376011,0
281418498,0
282450676,0
283492807,0
284525157,0
285567450,0
286599633,0
287641982,0
288674172,0
289716600,0
290748869,0
291790928,0
292823413,0
293865715,0
294898636,0
295940937,0
296974120,0
298016389,0
299048849,0
300090842,0
301123432,0
302165398,0
303197820,0
304240047,0
305272250,0
306314481,0
307346745,0
308389187,0
309421252,0
310463570,0
311464196,0
312168452,0
313169412,0
314557341,0
315980024,0
316999966,0
317689808,0
318690581,0
320078841,0
321506144,0
322531746,0
323211175,0
324211920,0
325600065,0
327022471,0
328067610,0
328732506,0
329733593,0
331121143,0
332121078,0
333216958,0
334217427,0
335263209,0
336263042,0
337651178,0
338650927,0
340079845,0
340783802,0
341784615,0
343172527,0
344172282,0
345601243,0
346305102,0
347305728,0
348693791,0
349693461,0
351122581,0
351826332,0
352827140,0
354215149,0
355214838,0
356643831,0
357347808,0
358348588,0
359736307,0
360736215,0
362165242,0
362869244,0
363869830,0
System buffer: System::CORE
4803534,2
5805521,2
6805604,2
7805616,2
8805492,2
9805731,2
10805750,2
11951955,2
13013399,2
14352914,2
15394469,2
16665491,2
17448204,2
18390115,2
19514813,2
20598027,2
21968788,2
22920598,2
23979380,2
24979018,2
26076288,2
27186702,2
28707174,2
29644841,2
30718977,2
31854750,2
33389219,2
34314826,2
35351568,2
36525093,2
38121098,2
39108664,2
40023777,2
41023710,2
42233939,2
43781443,3
44687419,3
45687359,3
46897619,3
48455821,2
49350858,2
50350914,2
51561196,2
53128399,3
54014369,3
55014562,3
56224665,3
57802608,2
58677596,2
59677756,2
60887972,2
62475072,3
63341013,3
64340833,3
65551317,3
67151963,3
68194529,2
69049599,2
70049599,2
71259872,2
72863467,2
73904703,2
74745786,2
75745808,2
76955958,2
77955950,2
79559761,2
80441969,2
81441990,2
82652220,2
83652042,2
85256035,2
86138208,2
87138232,2
88348420,2
89348392,2
90797197,2
91797339,2
93007489,2
94007389,2
95783052,2
97367094,2
98085402,2
99085810,2
100295752,2
101295844,2
102917521,2
103799763,2
104799808,2
106009772,2
107009696,2
108631676,2
109513973,2
110513579,2
111723903,2
112723992,2
114327916,2
115209861,2
116210268,2
117420243,2
118420384,2
120024318,2
120906457,2
121906618,2
123116721,2
124116728,2
125720666,2
126602934,2
127602887,2
128813055,2
129813116,2
131417201,2
132299172,2
133299330,2
134688737,2
135688758,2
137292712,2
137996805,2
138997381,2
140385386,2
141385313,2
142989220,2
143693259,2
144694066,2
146081935,2
147081511,2
148685585,2
149389768,2
150390379,2
151778227,2
152778122,2
154382143,2
155085915,2
156086843,2
157474686,2
158474502,2
160078603,2
160782506,2
161783110,2
163171010,2
164170820,2
165441439,2
166442270,2
167830249,2
168829970,2
170433936,2
171471280,2
172508426,2
173545744,2
174582987,2
175620087,2
176657567,2
177694871,2
178732029,2
179769370,2
180806366,2
181843696,2
182881163,2
183918303,2
184955615,2
185992699,2
187030066,2
188067410,2
189104652,2
190141774,2
191179085,2
192216324,2
193253651,2
194290934,2
195328187,2
196365143,2
197402535,2
198440099,2
199477200,2
200514430,2
201551722,2
202588953,2
203626055,2
204663712,2
205700656,2
206738079,2
207775112,2
208812627,2
209849783,2
210887058,2
211924153,2
212961616,2
213998957,2
215036063,2
216073190,2
217107120,2
218148034,2
219181994,2
220222539,2
221255984,2
222288987,2
223330568,2
224363143,2
225405400,2
226437801,2
227480024,2
228512264,2
229554328,2
230587010,2
231628846,2
232661265,2
233703599,2
234735763,2
235778748,2
236810345,2
237852762,2
238884777,2
239927060,2
240959383,2
242002192,2
243034263,2
244076345,2
245108738,2
246150903,2
247183105,2
248225761,2
249257929,2
250300282,2
251332283,2
252374873,2
253406857,2
254449267,2
255481539,2
256523726,2
257556145,2
258598357,2
259630631,2
260673093,2
261705374,2
262747757,2
263779850,2
264821995,2
265854413,2
266896678,2
267928923,2
268971273,2
270003562,2
271045849,2
272077962,2
273120257,2
274152416,2
275194814,2
276227176,2
277269304,2
278301693,2
279343862,2
280376011,2
281418498,2
282450676,2
283492807,2
284525157,2
285567450,2
286599633,2
287641982,2
288674172,2
289716600,2
290748869,2
291790928,2
292823413,2
293865715,2
294898636,2
295940937,2
296974120,2
298016389,2
299048849,2
300090842,2
301123432,2
302165398,2
303197820,2
304240047,2
305272250,2
306314481,2
307346745,2
308389187,2
309421252,2
310463570,2
311464196,2
312168452,2
313169412,2
314557341,2
315980024,2
316999966,2
317689808,2
318690581,2
320078841,2
321506144,2
322531746,2
323211175,2
324211920,2
325600065,2
327022471,2
328067610,2
328732506,2
329733593,2
331121143,2
332121078,2
333216958,2
334217427,2
335263209,2
336263042,2
337651178,2
338650927,2
340079845,2
340783802,2
341784615,2
343172527,2
344172282,2
345601243,2
346305102,2
347305728,2
348693791,2
349693461,2
351122581,2
351826332,2
352827140,2
354215149,2
355214838,2
356643831,2
357347808,2
358348588,2
359736307,2
360736215,2
362165242,2
362869244,2
363869830,2
PMU buffer: PMU::CPU_CYCLES
4803534,286498285
5805521,289424147
6805604,289483329
7805616,289437189
8805492,289180711
9805731,289474445
10805750,289437577
11951955,342743017
13013399,267266718
14352914,423210634
15394469,260504597
16665491,395964748
17448204,301245816
18390115,289029120
19514813,353402183
20598027,267276444
21968788,632302412
22920598,281704576
23979380,369833983
24979018,289406247
26076288,355531023
27186702,267299116
28707174,733165608
29644841,282614460
30718977,349784455
31854750,265588123
33389219,735778804
34314826,282146098
35351568,336508679
36525093,265624374
38121098,712578920
39108664,318725498
40023777,282236458
41023710,282077703
42233939,265587400
43781443,726526903
44687419,282200763
45687359,282057455
46897619,265606544
48455821,727720669
49350858,282083393
50350914,282106592
51561196,265646730
53128399,726332825
54014369,282143837
55014562,282384182
56224665,265649354
57802608,727547673
58677596,281961001
59677756,282145111
60887972,265618340
62475072,726244609
63341013,282111381
64340833,281787682
65551317,265643794
67151963,716070174
68194529,314944010
69049599,282162049
70049599,282105283
71259872,265641870
72863467,718287792
73904703,298635759
74745786,282199505
75745808,282180950
76955958,265586992
77955950,265527036
79559761,265569554
80441969,282298403
81441990,282278958
82652220,265694238
83652042,265516588
85256035,265593828
86138208,282298513
87138232,282275484
88348420,265665418
89348392,265595714
90797197,282181981
91797339,282338460
93007489,265663676
94007389,265538192
95783052,259567196
97367094,577185364
98085402,281946141
99085810,282507338
100295752,265593630
101295844,265604622
102917521,265607706
103799763,282427169
104799808,282444350
106009772,265582448
107009696,265480920
108631676,265659882
109513973,282616329
110513579,281963920
111723903,265611304
112723992,265626090
114327916,265586680
115209861,281939199
116210268,282488272
117420243,265611146
118420384,265670258
120024318,265562996
120906457,282180571
121906618,282375596
123116721,265648672
124116728,265604162
125720666,265498210
126602934,282254127
127602887,282127120
128813055,265577552
129813116,265576764
131417201,265585232
132299172,281980403
133299330,282155640
134688737,266479906
135688758,266441196
137292712,266348858
137996805,283773199
138997381,284585160
140385386,266648180
141385313,266539043
142989220,266412716
143693259,283796225
144694066,284952103
146081935,266726406
147081511,266352282
148685585,266356560
149389768,283906697
150390379,284762822
151778227,266619104
152778122,266487238
154382143,266473574
155085915,283516467
156086843,284848462
157474686,266656384
158474502,266464789
160078603,266515848
160782506,283814243
161783110,284669616
163171010,266608888
164170820,266413240
165441439,283561017
166442270,284747874
167830249,266708554
168829970,266451212
170433936,266453349
171471280,266519066
172508426,266428245
173545744,266471451
174582987,266457348
175620087,266338545
176657567,266503620
177694871,266538033
178732029,266464248
179769370,266524922
180806366,266329917
181843696,266386608
182881163,266536093
183918303,266449108
184955615,266491202
185992699,266357962
187030066,266439952
188067410,266496818
189104652,266489128
190141774,266387063
191179085,266428980
192216324,266414960
193253651,266463860
194290934,266484006
195328187,266472848
196365143,266246828
197402535,266347278
198440099,266577338
199477200,266454289
200514430,266436996
201551722,266459174
202588953,266440618
203626055,266319196
204663712,266618994
205700656,266384147
206738079,266508581
207775112,266336138
208812627,266536052
209849783,266456134
210887058,266465408
211924153,266341184
212961616,266493937
213998957,266555326
215036063,266440607
216073190,266339558
217107120,263831523
218148034,266571367
219181994,264087383
220222539,266547738
221255984,291583354
222288987,288380942
223330568,291613512
224363143,288091021
225405400,291829468
226437801,288174080
227480024,291889800
228512264,288113488
229554328,291708680
230587010,288268598
231628846,291693120
232661265,288052352
233703599,291847704
234735763,288014655
235778748,292302648
236810345,288039292
237852762,291895091
238884777,287948770
239927060,291708015
240959383,287989040
242002192,292136612
243034263,288231257
244076345,291836835
245108738,288176258
246150903,291844014
247183105,288049578
248225761,292090593
249257929,288261358
250300282,292075036
251332283,288120300
252374873,292105155
253406857,288141917
254449267,291991412
255481539,288239276
256523726,291926034
257556145,288285926
258598357,291992836
259630631,288248457
260673093,266544231
261705374,266562581
262747757,266644639
263779850,266526094
264821995,266429963
265854413,266540465
266896678,266540465
267928923,266527640
268971273,266583315
270003562,266608209
271045849,266612433
272077962,266505492
273120257,266532808
274152416,266454491
275194814,266548889
276227176,266612110
277269304,266513067
278301693,266605709
279343862,266531156
280376011,266444017
281418498,266608656
282450676,266536400
283492807,266445607
284525157,266510087
285567450,266533045
286599633,266460820
287641982,266532521
288674172,266474462
289716600,266601270
290748869,266610883
291790928,266450109
292823413,266614512
293865715,266646535
294898636,266372699
295940937,266403937
296974120,289699266
298016389,293454358
299048849,289852695
300090842,293404548
301123432,289903240
302165398,293425447
303197820,289797872
304240047,293521360
305272250,289720983
306314481,293446717
307346745,289701078
308389187,293587068
309421252,289692112
310463570,293482273
311464196,298718724
312168452,283326201
313169412,284704940
314557341,266649322
315980024,583606562
316999966,301599312
317689808,283333875
318690581,284442260
320078841,266765618
321506144,587189238
322531746,298555968
323211175,283420645
324211920,284480668
325600065,266698708
327022471,583454841
328067610,301738454
328732506,283551087
329733593,285124170
331121143,266577768
332121078,266472416
333216958,283368681
334217427,284018044
335263209,284531527
336263042,284219158
337651178,266562748
338650927,266325601
340079845,266341197
340783802,283525761
341784615,284690420
343172527,266628388
344172282,266391909
345601243,266421907
346305102,283551848
347305728,284445441
348693791,266621706
349693461,266317298
351122581,266422824
351826332,283394687
352827140,284544974
354215149,266624766
355214838,266344424
356643831,266350348
357347808,283586383
358348588,284711442
359736307,266496544
360736215,266376214
362165242,266409474
362869244,283749935
363869830,284565433
PMU buffer: PMU::INSTRUCTIONS_RETIRED
4803534,162873103
5805521,162873269
6805604,162873514
7805616,162873303
8805492,162873429
9805731,162873213
10805750,162873591
11951955,169565860
13013399,162913336
14352914,180795334
15394469,162960659
16665491,178143343
17448204,168306033
18390115,162873094
19514813,176326964
20598027,162913332
21968788,209501040
22920598,162882442
23979380,176156312
24979018,162873283
26076288,176313470
27186702,162913413
28707174,220756090
29644841,162871959
30718977,176368674
31854750,162912622
33389219,221534467
34314826,162872340
35351568,168865914
36525093,162912490
38121098,212576171
39108664,168876116
40023777,162871959
41023710,162872168
42233939,162912831
43781443,214083704
44687419,162872549
45687359,162871999
46897619,162912490
48455821,214325547
49350858,162871959
50350914,162871959
51561196,162912831
53128399,214072336
54014369,162871999
55014562,162872340
56224665,162912490
57802608,214311946
58677596,162871959
59677756,162872168
60887972,162912831
62475072,214068198
63341013,162873235
64340833,162871790
65551317,162914082
67151963,213044523
68194529,168388050
69049599,162872168
70049599,162872168
71259872,162912831
72863467,216927836
73904703,166572078
74745786,162871959
75745808,162871959
76955958,162912831
77955950,162912831
79559761,162912622
80441969,162871995
81441990,162871959
82652220,162912831
83652042,162912831
85256035,162912831
86138208,162872155
87138232,162871959
88348420,162912831
89348392,162912831
90797197,162871959
91797339,162871959
93007489,162912831
94007389,162912831
95783052,162952563
97367094,197984405
98085402,162871750
99085810,162871959
100295752,162912831
101295844,162912831
102917521,162912831
103799763,162871959
104799808,162871959
106009772,162912836
107009696,162912831
108631676,162912831
109513973,162871959
110513579,162871750
111723903,162912831
112723992,162912831
114327916,162912831
115209861,162871750
116210268,162871959
117420243,162912831
118420384,162913040
120024318,162912622
120906457,162871959
121906618,162871959
123116721,162912831
124116728,162912831
125720666,162912622
126602934,162871959
127602887,162871959
128813055,162912622
129813116,162912831
131417201,162912831
132299172,162871750
133299330,162871959
134688737,162913635
135688758,162914053
137292712,162913635
137996805,162872146
138997381,162872389
140385386,162913635
141385313,162914053
142989220,162913635
143693259,162872054
144694066,162872054
146081935,162913635
147081511,162914053
148685585,162913635
149389768,162872054
150390379,162872389
151778227,162913635
152778122,162914053
154382143,162913635
155085915,162871845
156086843,162872389
157474686,162913635
158474502,162914053
160078603,162913635
160782506,162872054
161783110,162872389
163171010,162913635
164170820,162914053
165441439,162872054
166442270,162872389
167830249,162913635
168829970,162914053
170433936,162913635
171471280,162913635
172508426,162913635
173545744,162913635
174582987,162913635
175620087,162913635
176657567,162913635
177694871,162913667
178732029,162913635
179769370,162913635
180806366,162913635
181843696,162913635
182881163,162913635
183918303,162913635
184955615,162913635
185992699,162913635
187030066,162913635
188067410,162913635
189104652,162913635
190141774,162913635
191179085,162913635
192216324,162913635
193253651,162913831
194290934,162913635
195328187,162913635
196365143,162913426
197402535,162913635
198440099,162913635
199477200,162913635
200514430,162913635
201551722,162913635
202588953,162913635
203626055,162913635
204663712,162913635
205700656,162913640
206738079,162913635
207775112,162913651
208812627,162913635
209849783,162913635
210887058,162913635
211924153,162913635
212961616,162913635
213998957,162913635
215036063,162913635
216073190,162913695
217107120,162913008
218148034,162913635
219181994,162913008
220222539,162913635
221255984,166810403
222288987,165335560
223330568,165793446
224363143,165341720
225405400,165878207
226437801,165342228
227480024,165876519
228512264,165341832
229554328,165879019
230587010,165342293
231628846,165878171
232661265,165344304
233703599,165876643
234735763,165347636
235778748,165928629
236810345,165342096
237852762,165932700
238884777,165342428
239927060,165929780
240959383,165342996
242002192,165930251
243034263,165342965
244076345,165757988
245108738,165342768
246150903,165756476
247183105,165340748
248225761,165758193
249257929,165341813
250300282,165764285
251332283,165341228
252374873,165757725
253406857,165341748
254449267,165758865
255481539,165340957
256523726,165757892
257556145,165340329
258598357,165757557
259630631,165341230
260673093,162914053
261705374,162914053
262747757,162914053
263779850,162914053
264821995,162914053
265854413,162914105
266896678,162914161
267928923,162914053
268971273,162914053
270003562,162914061
271045849,162914053
272077962,162914061
273120257,162914109
274152416,162914317
275194814,162914053
276227176,162914061
277269304,162914053
278301693,162914061
279343862,162914053
280376011,162914053
281418498,162914469
282450676,162914061
283492807,162914053
284525157,162914053
285567450,162914053
286599633,162914053
287641982,162914053
288674172,162914061
289716600,162914053
290748869,162914069
291790928,162914053
292823413,162914053
293865715,162914053
294898636,162918257
295940937,162919273
296974120,165507534
298016389,166217418
299048849,165510787
300090842,166219709
301123432,165507902
302165398,166213770
303197820,165507294
304240047,166214742
305272250,165507798
306314481,166214558
307346745,165507974
308389187,166213730
309421252,165507586
310463570,166215154
311464196,166481039
312168452,162871836
313169412,162872389
314557341,162913635
315980024,198148210
316999966,167066515
317689808,162871764
318690581,162872389
320078841,162913651
321506144,198849322
322531746,166486801
323211175,162871845
324211920,162872389
325600065,162913635
327022471,198137942
328067610,167071970
328732506,162872054
329733593,162872598
331121143,162913635
332121078,162914053
333216958,162871827
334217427,162872389
335263209,162872054
336263042,162872389
337651178,162913635
338650927,162913844
340079845,162913635
340783802,162871845
341784615,162872389
343172527,162913635
344172282,162914053
345601243,162913635
346305102,162871845
347305728,162872598
348693791,162913635
349693461,162913844
351122581,162913635
351826332,162872127
352827140,162872389
354215149,162913635
355214838,162913844
356643831,162913635
357347808,162872054
358348588,162872389
359736307,162913635
360736215,162914053
362165242,162913651
362869244,162872054
363869830,162872054
PMU buffer: PMU::CONDITIONAL_BRANCHES_RETIRED
4803534,13521787
5805521,13521805
6805604,13521814
7805616,13521814
8805492,13521814
9805731,13521814
10805750,13521814
11951955,16847960
13013399,13524042
14352914,22451272
15394469,13526317
16665491,21121591
17448204,16223286
18390115,13521805
19514813,20239867
20598027,13524042
21968788,36830910
22920598,13521689
23979380,20157355
24979018,13521805
26076288,20236232
27186702,13524042
28707174,42456714
29644841,13521698
30718977,20266558
31854750,13524006
33389219,42844633
34314826,13521722
35351568,16518318
36525093,13523968
38121098,38355711
39108664,16513694
40023777,13521698
41023710,13521707
42233939,13524015
43781443,39115898
44687419,13521731
45687359,13521675
46897619,13523968
48455821,39236222
49350858,13521698
50350914,13521698
51561196,13524015
53128399,39108319
54014369,13521675
55014562,13521722
56224665,13523968
57802608,39227098
58677596,13521698
59677756,13521707
60887972,13524015
62475072,39104093
63341013,13522293
64340833,13521666
65551317,13524764
67151963,38589887
68194529,16262392
69049599,13521707
70049599,13521707
71259872,13524015
72863467,40531420
73904703,15353734
74745786,13521698
75745808,13521698
76955958,13524015
77955950,13524015
79559761,13524006
80441969,13521716
81441990,13521698
82652220,13524015
83652042,13524015
85256035,13524015
86138208,13521796
87138232,13521698
88348420,13524015
89348392,13524015
90797197,13521698
91797339,13521698
93007489,13524015
94007389,13524015
95783052,13526243
97367094,31064667
98085402,13521689
99085810,13521698
100295752,13524015
101295844,13524015
102917521,13524015
103799763,13521698
104799808,13521698
106009772,13524015
107009696,13524015
108631676,13524015
109513973,13521698
110513579,13521689
111723903,13524015
112723992,13524015
114327916,13524015
115209861,13521689
116210268,13521698
117420243,13524015
118420384,13524024
120024318,13524006
120906457,13521698
121906618,13521698
123116721,13524015
124116728,13524015
125720666,13524006
126602934,13521698
127602887,13521698
128813055,13524015
129813116,13524015
131417201,13524015
132299172,13521689
133299330,13521698
134688737,13524004
135688758,13524022
137292712,13524004
137996805,13521696
138997381,13521694
140385386,13524004
141385313,13524022
142989220,13524004
143693259,13521650
144694066,13521650
146081935,13524004
147081511,13524022
148685585,13524004
149389768,13521650
150390379,13521694
151778227,13524004
152778122,13524022
154382143,13524004
155085915,13521641
156086843,13521694
157474686,13524004
158474502,13524022
160078603,13524004
160782506,13521650
161783110,13521694
163171010,13524004
164170820,13524022
165441439,13521650
166442270,13521694
167830249,13524004
168829970,13524022
170433936,13524004
171471280,13524004
172508426,13524004
173545744,13524004
174582987,13524004
175620087,13524004
176657567,13524004
177694871,13524020
178732029,13524004
179769370,13524004
180806366,13524004
181843696,13524004
182881163,13524004
183918303,13524004
184955615,13524004
185992699,13524004
187030066,13524004
188067410,13524004
189104652,13524004
190141774,13524004
191179085,13524004
192216324,13524004
193253651,13524102
194290934,13524004
195328187,13524004
196365143,13523995
197402535,13524004
198440099,13524004
199477200,13524004
200514430,13524004
201551722,13524004
202588953,13524004
203626055,13524004
204663712,13524004
205700656,13524004
206738079,13524004
207775112,13524012
208812627,13524004
209849783,13524004
210887058,13524004
211924153,13524004
212961616,13524004
213998957,13524004
215036063,13524004
216073190,13524034
217107120,13523977
218148034,13524004
219181994,13523977
220222539,13524004
221255984,15473773
222288987,14738272
223330568,14966685
224363143,14737951
225405400,15011113
226437801,14738205
227480024,15010269
228512264,14738007
229554328,15011519
230587010,14738142
231628846,15011095
232661265,14739243
233703599,15010331
234735763,14740909
235778748,15031814
236810345,14738139
237852762,15033441
238884777,14738305
239927060,15031981
240959383,14738589
242002192,15032346
243034263,14738478
244076345,14946085
245108738,14738475
246150903,14945329
247183105,14737465
248225761,14946092
249257929,14737902
250300282,14949138
251332283,14737705
252374873,14945858
253406857,14737965
254449267,14946428
255481539,14737474
256523726,14946037
257556145,14737160
258598357,14945774
259630631,14737515
260673093,13524022
261705374,13524022
262747757,13524022
263779850,13524022
264821995,13524022
265854413,13524048
266896678,13524076
267928923,13524022
268971273,13524022
270003562,13524026
271045849,13524022
272077962,13524026
273120257,13524050
274152416,13524154
275194814,13524022
276227176,13524026
277269304,13524022
278301693,13524026
279343862,13524022
280376011,13524022
281418498,13524230
282450676,13524026
283492807,13524022
284525157,13524022
285567450,13524022
286599633,13524022
287641982,13524022
288674172,13524026
289716600,13524022
290748869,13524030
291790928,13524022
292823413,13524022
293865715,13524022
294898636,13526124
295940937,13526632
296974120,14820667
298016389,15175609
299048849,14822291
300090842,15176850
301123432,14820851
302165398,15173785
303197820,14820547
304240047,15174271
305272250,14820799
306314481,15174179
307346745,14820887
308389187,15173765
309421252,14820693
310463570,15174477
311464196,15312020
312168452,13521641
313169412,13521694
314557341,13524004
315980024,31141005
316999966,15603775
317689808,13521641
318690581,13521694
320078841,13524012
321506144,31491561
322531746,15312362
323211175,13521641
324211920,13521694
325600065,13524004
327022471,31135871
328067610,15603868
328732506,13521650
329733593,13521703
331121143,13524004
332121078,13524022
333216958,13521641
334217427,13521694
335263209,13521650
336263042,13521694
337651178,13524004
338650927,13524013
340079845,13524004
340783802,13521641
341784615,13521694
343172527,13524004
344172282,13524022
345601243,13524004
346305102,13521694
347305728,13521703
348693791,13524004
349693461,13524013
351122581,13524004
351826332,13521791
352827140,13521694
354215149,13524004
355214838,13524013
356643831,13524004
357347808,13521650
358348588,13521694
359736307,13524004
360736215,13524022
362165242,13524012
362869244,13521650
363869830,13521650
PMU buffer: PMU::JALR_INSTRUCTIONS_RETIRED
4803534,1888
5805521,1896
6805604,1900
7805616,1900
8805492,1900
9805731,1900
10805750,1900
11951955,2492
13013399,2812
14352914,3516
15394469,3740
16665491,3728
17448204,2228
18390115,1896
19514813,2352
20598027,2812
21968788,2140
22920598,1850
23979380,1904
24979018,1896
26076288,2192
27186702,2812
28707174,2228
29644841,1854
30718977,2036
31854750,2796
33389219,2292
34314826,1864
35351568,1872
36525093,2784
38121098,2788
39108664,2372
40023777,1854
41023710,1858
42233939,2800
43781443,2483
44687419,1868
45687359,1848
46897619,2784
48455821,2505
49350858,1854
50350914,1854
51561196,2800
53128399,2581
54014369,1848
55014562,1864
56224665,2784
57802608,2627
58677596,1854
59677756,1858
60887972,2800
62475072,2693
63341013,1848
64340833,1844
65551317,2784
67151963,2788
68194529,2775
69049599,1858
70049599,1858
71259872,2800
72863467,2804
73904703,2796
74745786,1854
75745808,1854
76955958,2800
77955950,2800
79559761,2796
80441969,1854
81441990,1854
82652220,2800
83652042,2800
85256035,2800
86138208,1854
87138232,1854
88348420,2800
89348392,2800
90797197,1854
91797339,1854
93007489,2800
94007389,2800
95783052,3712
97367094,3480
98085402,1850
99085810,1854
100295752,2800
101295844,2800
102917521,2800
103799763,1854
104799808,1854
106009772,2800
107009696,2800
108631676,2800
109513973,1854
110513579,1850
111723903,2800
112723992,2800
114327916,2800
115209861,1850
116210268,1854
117420243,2800
118420384,2804
120024318,2796
120906457,1854
121906618,1854
123116721,2800
124116728,2800
125720666,2796
126602934,1854
127602887,1854
128813055,2800
129813116,2800
131417201,2800
132299172,1850
133299330,1854
134688737,2845
135688758,2853
137292712,2845
137996805,1858
138997381,1874
140385386,2845
141385313,2853
142989220,2845
143693259,1858
144694066,1858
146081935,2845
147081511,2853
148685585,2845
149389768,1858
150390379,1874
151778227,2845
152778122,2853
154382143,2845
155085915,1854
156086843,1874
157474686,2845
158474502,2853
160078603,2845
160782506,1858
161783110,1874
163171010,2845
164170820,2853
165441439,1858
166442270,1874
167830249,2845
168829970,2853
170433936,2845
171471280,2845
172508426,2845
173545744,2845
174582987,2845
175620087,2845
176657567,2845
177694871,2845
178732029,2845
179769370,2845
180806366,2845
181843696,2845
182881163,2845
183918303,2845
184955615,2845
185992699,2845
187030066,2845
188067410,2845
189104652,2845
190141774,2845
191179085,2845
192216324,2845
193253651,2845
194290934,2845
195328187,2845
196365143,2841
197402535,2845
198440099,2845
199477200,2845
200514430,2845
201551722,2845
202588953,2845
203626055,2845
204663712,2845
205700656,2845
206738079,2845
207775112,2845
208812627,2845
209849783,2845
210887058,2845
211924153,2845
212961616,2845
213998957,2845
215036063,2845
216073190,2845
217107120,2833
218148034,2845
219181994,2833
220222539,2845
221255984,2849
222288987,2853
223330568,2849
224363143,2849
225405400,2849
226437801,2849
227480024,2849
228512264,2849
229554328,2849
230587010,2853
231628846,2849
232661265,2849
233703599,2849
234735763,2849
235778748,2853
236810345,2849
237852762,2849
238884777,2849
239927060,2849
240959383,2849
242002192,2853
243034263,2853
244076345,2849
245108738,2849
246150903,2849
247183105,2849
248225761,2853
249257929,2853
250300282,2853
251332283,2849
252374873,2853
253406857,2849
254449267,2853
255481539,2853
256523726,2849
257556145,2853
258598357,2853
259630631,2857
260673093,2853
261705374,2853
262747757,2853
263779850,2853
264821995,2853
265854413,2853
266896678,2853
267928923,2853
268971273,2853
270003562,2853
271045849,2853
272077962,2853
273120257,2853
274152416,2853
275194814,2853
276227176,2853
277269304,2853
278301693,2853
279343862,2853
280376011,2853
281418498,2853
282450676,2853
283492807,2853
284525157,2853
285567450,2853
286599633,2853
287641982,2853
288674172,2853
289716600,2853
290748869,2853
291790928,2853
292823413,2853
293865715,2853
294898636,2853
295940937,2853
296974120,2857
298016389,2857
299048849,2857
300090842,2853
301123432,2857
302165398,2857
303197820,2857
304240047,2857
305272250,2857
306314481,2857
307346745,2857
308389187,2857
309421252,2857
310463570,2857
311464196,2621
312168452,1854
313169412,1874
314557341,2845
315980024,2857
316999966,2673
317689808,1854
318690581,1874
320078841,2845
321506144,2857
322531746,2749
323211175,1854
324211920,1874
325600065,2845
327022471,2857
328067610,2805
328732506,1858
329733593,1878
331121143,2845
332121078,2853
333216958,1854
334217427,1874
335263209,1858
336263042,1874
337651178,2845
338650927,2849
340079845,2845
340783802,1854
341784615,1874
343172527,2845
344172282,2853
345601243,2845
346305102,1874
347305728,1878
348693791,2845
349693461,2849
351122581,2845
351826332,1854
352827140,1874
354215149,2845
355214838,2849
356643831,2845
357347808,1858
358348588,1874
359736307,2845
360736215,2853
362165242,2845
362869244,1858
363869830,1858
PMU buffer: L2_PMU::L2_INNER_RELEASEDATA_HIT_L2
4803534,2444676
5805521,2501133
6805604,2503071
7805616,2502797
8805492,2501130
9805731,2503386
10805750,2503522
11951955,2517959
13013399,2674445
14352914,2686558
15394469,2746299
16665491,2749453
17448204,2744185
18390115,2497786
19514813,2556490
20598027,2675257
21968788,2150353
22920598,1989429
23979380,2322415
24979018,2502607
26076288,2557287
27186702,2674949
28707174,2307742
29644841,2130929
30718977,2168482
31854750,2360466
33389219,2376430
34314826,2124540
35351568,2125612
36525093,2362327
38121098,2358775
39108664,2355933
40023777,2124026
41023710,2123536
42233939,2360528
43781443,2350682
44687419,2125766
45687359,2124873
46897619,2360737
48455821,2356095
49350858,2122406
50350914,2124682
51561196,2360802
53128399,2352659
54014369,2125135
55014562,2128593
56224665,2360919
57802608,2354517
58677596,2124279
59677756,2125544
60887972,2360460
62475072,2351184
63341013,2125989
64340833,2122158
65551317,2361920
67151963,2356786
68194529,2356848
69049599,2124657
70049599,2124555
71259872,2360325
72863467,2375434
73904703,2353027
74745786,2124613
75745808,2124541
76955958,2360484
77955950,2359089
79559761,2359198
80441969,2124861
81441990,2126676
82652220,2361154
83652042,2359248
85256035,2359786
86138208,2127046
87138232,2126423
88348420,2360489
89348392,2358587
90797197,2124917
91797339,2126045
93007489,2361879
94007389,2359038
95783052,2453520
97367094,2548877
98085402,2123480
99085810,2128314
100295752,2359985
101295844,2360148
102917521,2358947
103799763,2127596
104799808,2127112
106009772,2360830
107009696,2357886
108631676,2359355
109513973,2128663
110513579,2123618
111723903,2361424
112723992,2360232
114327916,2359296
115209861,2123360
116210268,2129448
117420243,2360449
118420384,2359172
120024318,2359298
120906457,2126269
121906618,2129634
123116721,2360719
124116728,2359482
125720666,2359371
126602934,2123898
127602887,2125754
128813055,2361093
129813116,2360017
131417201,2359545
132299172,2122696
133299330,2126713
134688737,2383027
135688758,2381261
137292712,2381420
137996805,2146327
138997381,2160619
140385386,2386750
141385313,2381534
142989220,2382631
143693259,2147794
144694066,2162750
146081935,2387282
147081511,2380503
148685585,2380262
149389768,2149077
150390379,2162121
151778227,2387480
152778122,2382688
154382143,2381380
155085915,2145712
156086843,2161461
157474686,2386517
158474502,2381927
160078603,2381726
160782506,2149545
161783110,2162320
163171010,2387991
164170820,2380829
165441439,2145988
166442270,2163409
167830249,2387694
168829970,2382670
170433936,2381482
171471280,2381799
172508426,2381063
173545744,2381629
174582987,2380500
175620087,2382248
176657567,2380916
177694871,2382569
178732029,2381781
179769370,2382173
180806366,2380972
181843696,2381971
182881163,2381250
183918303,2382232
184955615,2381279
185992699,2379719
187030066,2381503
188067410,2381649
189104652,2381014
190141774,2381131
191179085,2382662
192216324,2382158
193253651,2381441
194290934,2381451
195328187,2381532
196365143,2380386
197402535,2381722
198440099,2383162
199477200,2382008
200514430,2382011
201551722,2381465
202588953,2382092
203626055,2382376
204663712,2381929
205700656,2380447
206738079,2382483
207775112,2379928
208812627,2381350
209849783,2381375
210887058,2381220
211924153,2380378
212961616,2381024
213998957,2381729
215036063,2381291
216073190,2381066
217107120,2301144
218148034,2384997
219181994,2303474
220222539,2383722
221255984,2373060
222288987,2357562
223330568,2373664
224363143,2368643
225405400,2373309
226437801,2369025
227480024,2374571
228512264,2368548
229554328,2373038
230587010,2369886
231628846,2374070
232661265,2367640
233703599,2374205
234735763,2368129
235778748,2388529
236810345,2369402
237852762,2385792
238884777,2369173
239927060,2387548
240959383,2369368
242002192,2389734
243034263,2375780
244076345,2374918
245108738,2377351
246150903,2375595
247183105,2377467
248225761,2376988
249257929,2378300
250300282,2377899
251332283,2377071
252374873,2377030
253406857,2376352
254449267,2376502
255481539,2377628
256523726,2376695
257556145,2377452
258598357,2377029
259630631,2377579
260673093,2380618
261705374,2380275
262747757,2381981
263779850,2382280
264821995,2381363
265854413,2382006
266896678,2382550
267928923,2382361
268971273,2383160
270003562,2381055
271045849,2382264
272077962,2382909
273120257,2381171
274152416,2382682
275194814,2382570
276227176,2382254
277269304,2381214
278301693,2382532
279343862,2382587
280376011,2380967
281418498,2382434
282450676,2382070
283492807,2381483
284525157,2380954
285567450,2381333
286599633,2382956
287641982,2380882
288674172,2381193
289716600,2382238
290748869,2381760
291790928,2380784
292823413,2381826
293865715,2383359
294898636,2381283
295940937,2381428
296974120,2379501
298016389,2379405
299048849,2381083
300090842,2378998
301123432,2380077
302165398,2378138
303197820,2381388
304240047,2380582
305272250,2380675
306314481,2379461
307346745,2380319
308389187,2380920
309421252,2376392
310463570,2378238
311464196,2375323
312168452,2145290
313169412,2161807
314557341,2388674
315980024,2377376
316999966,2374538
317689808,2144252
318690581,2158482
320078841,2387630
321506144,2377163
322531746,2375970
323211175,2146813
324211920,2158200
325600065,2388439
327022471,2374797
328067610,2375081
328732506,2144318
329733593,2164181
331121143,2387698
332121078,2381669
333216958,2145032
334217427,2153751
335263209,2159341
336263042,2159110
337651178,2386961
338650927,2381012
340079845,2380288
340783802,2146012
341784615,2160817
343172527,2386901
344172282,2380795
345601243,2381425
346305102,2146437
347305728,2159170
348693791,2387870
349693461,2380959
351122581,2381037
351826332,2144198
352827140,2157858
354215149,2387414
355214838,2382402
356643831,2381439
357347808,2146707
358348588,2160195
359736307,2386152
360736215,2381450
362165242,2381969
362869244,2149108
363869830,2158936
PMU buffer: L2_PMU::L2_INNER_ACQUIREBLOCK_NTOT
4803534,1429938
5805521,1414699
6805604,1414803
7805616,1415418
8805492,1413972
9805731,1415496
10805750,1414775
11951955,1427946
13013399,1465359
14352914,1475149
15394469,1481910
16665491,1484027
17448204,1476512
18390115,1413838
19514813,1461564
20598027,1465728
21968788,1012397
22920598,982779
23979380,1267436
24979018,1414484
26076288,1462594
27186702,1464934
28707174,1149894
29644841,1109135
30718977,1146696
31854750,1206639
33389219,1222340
34314826,1110620
35351568,1105513
36525093,1207492
38121098,1206541
39108664,1204440
40023777,1108670
41023710,1108498
42233939,1207412
43781443,1199572
44687419,1108529
45687359,1110881
46897619,1206555
48455821,1204449
49350858,1109969
50350914,1109888
51561196,1207120
53128399,1200811
54014369,1109336
55014562,1109989
56224665,1207488
57802608,1205897
58677596,1109712
59677756,1109764
60887972,1207655
62475072,1200604
63341013,1111472
64340833,1109539
65551317,1206687
67151963,1206288
68194529,1206271
69049599,1110247
70049599,1109349
71259872,1207657
72863467,1221528
73904703,1201048
74745786,1109991
75745808,1109776
76955958,1207043
77955950,1206046
79559761,1207166
80441969,1109142
81441990,1109987
82652220,1206122
83652042,1207768
85256035,1207235
86138208,1109000
87138232,1109167
88348420,1206951
89348392,1206983
90797197,1108961
91797339,1108613
93007489,1207037
94007389,1206954
95783052,1242817
97367094,1315528
98085402,1110412
99085810,1109497
100295752,1206705
101295844,1207473
102917521,1206890
103799763,1109657
104799808,1109908
106009772,1207233
107009696,1206499
108631676,1207195
109513973,1109747
110513579,1108938
111723903,1206990
112723992,1207395
114327916,1207297
115209861,1108418
116210268,1111343
117420243,1207513
118420384,1207524
120024318,1207171
120906457,1111260
121906618,1111188
123116721,1206546
124116728,1206944
125720666,1206625
126602934,1109381
127602887,1109270
128813055,1207489
129813116,1207809
131417201,1207529
132299172,1109581
133299330,1109227
134688737,1217894
135688758,1219075
137292712,1218439
137996805,1123310
138997381,1124741
140385386,1219030
141385313,1218619
142989220,1218974
143693259,1122187
144694066,1125582
146081935,1219742
147081511,1217801
148685585,1218739
149389768,1123959
150390379,1123021
151778227,1219884
152778122,1218516
154382143,1217807
155085915,1121939
156086843,1124759
157474686,1219751
158474502,1219199
160078603,1219772
160782506,1123767
161783110,1122897
163171010,1218923
164170820,1219045
165441439,1123665
166442270,1123059
167830249,1219078
168829970,1219900
170433936,1219445
171471280,1219840
172508426,1218388
173545744,1218428
174582987,1219695
175620087,1218233
176657567,1218562
177694871,1218957
178732029,1219118
179769370,1217806
180806366,1218117
181843696,1218332
182881163,1219859
183918303,1218312
184955615,1219269
185992699,1218765
187030066,1219591
188067410,1219842
189104652,1217807
190141774,1218841
191179085,1218510
192216324,1218804
193253651,1219036
194290934,1218225
195328187,1218873
196365143,1218490
197402535,1218811
198440099,1219357
199477200,1219728
200514430,1219193
201551722,1218625
202588953,1218440
203626055,1218240
204663712,1217822
205700656,1219795
206738079,1218217
207775112,1219427
208812627,1218117
209849783,1219316
210887058,1219898
211924153,1219073
212961616,1219581
213998957,1219246
215036063,1218368
216073190,1218601
217107120,1218593
218148034,1219806
219181994,1218842
220222539,1218963
221255984,1213649
222288987,1198808
223330568,1213658
224363143,1207866
225405400,1211865
226437801,1207894
227480024,1213796
228512264,1207236
229554328,1211630
230587010,1208197
231628846,1211007
232661265,1206341
233703599,1212657
234735763,1206339
235778748,1226589
236810345,1209223
237852762,1224226
238884777,1209530
239927060,1224184
240959383,1208536
242002192,1226539
243034263,1215370
244076345,1215249
245108738,1215777
246150903,1215619
247183105,1216933
248225761,1215325
249257929,1216906
250300282,1216443
251332283,1214965
252374873,1215185
253406857,1215448
254449267,1216648
255481539,1216901
256523726,1216154
257556145,1214570
258598357,1215573
259630631,1216143
260673093,1222128
261705374,1222144
262747757,1219180
263779850,1220074
264821995,1221148
265854413,1221138
266896678,1221313
267928923,1220356
268971273,1221444
270003562,1222291
271045849,1221907
272077962,1221313
273120257,1220554
274152416,1222134
275194814,1221465
276227176,1220498
277269304,1222102
278301693,1218901
279343862,1220867
280376011,1221382
281418498,1221643
282450676,1220621
283492807,1219754
284525157,1220524
285567450,1222191
286599633,1222026
287641982,1222178
288674172,1221336
289716600,1220671
290748869,1222063
291790928,1220451
292823413,1220309
293865715,1222079
294898636,1220233
295940937,1219704
296974120,1216669
298016389,1217256
299048849,1218218
300090842,1216207
301123432,1217480
302165398,1217380
303197820,1218786
304240047,1218911
305272250,1218838
306314481,1217008
307346745,1216819
308389187,1219006
309421252,1215675
310463570,1215744
311464196,1214872
312168452,1123471
313169412,1123326
314557341,1218881
315980024,1214872
316999966,1213654
317689808,1122425
318690581,1123890
320078841,1218922
321506144,1215915
322531746,1215232
323211175,1123032
324211920,1123277
325600065,1218739
327022471,1215308
328067610,1214079
328732506,1122240
329733593,1125344
331121143,1218964
332121078,1219004
333216958,1122204
334217427,1122044
335263209,1123207
336263042,1123111
337651178,1219574
338650927,1218639
340079845,1219762
340783802,1121258
341784615,1123826
343172527,1219362
344172282,1218715
345601243,1219414
346305102,1124185
347305728,1122449
348693791,1218998
349693461,1218567
351122581,1219243
351826332,1121535
352827140,1123079
354215149,1219815
355214838,1217770
356643831,1217732
357347808,1122710
358348588,1123327
359736307,1219765
360736215,1217435
362165242,1219313
362869244,1124158
363869830,1124347
PMU buffer: L2_PMU::L2_OUTER_RELEASEDATA_TTON_DIRTY_EVICTION
4803534,622333
5805521,673866
6805604,674291
7805616,673005
8805492,674032
9805731,674400
10805750,675128
11951955,670618
13013399,692781
14352914,678538
15394469,705982
16665491,697187
17448204,730341
18390115,672254
19514813,672133
20598027,692900
21968788,597961
22920598,565310
23979380,654686
24979018,675285
26076288,674855
27186702,693407
28707174,597751
29644841,592014
30718977,586712
31854750,731085
33389219,732310
34314826,583091
35351568,589860
36525093,733544
38121098,732092
39108664,732332
40023777,581844
41023710,582985
42233939,732516
43781443,731978
44687419,584278
45687359,580043
46897619,731410
48455821,731191
49350858,581183
50350914,583655
51561196,732313
53128399,731878
54014369,583374
55014562,588035
56224665,731519
57802608,728668
58677596,581384
59677756,583709
60887972,731821
62475072,732303
63341013,582800
64340833,581596
65551317,732969
67151963,730210
68194529,731014
69049599,581632
70049599,584713
71259872,732037
72863467,730369
73904703,733569
74745786,583673
75745808,584147
76955958,732594
77955950,728373
79559761,728647
80441969,584633
81441990,585917
82652220,732051
83652042,728230
85256035,730024
86138208,587550
87138232,586957
88348420,732838
89348392,730417
90797197,584367
91797339,585763
93007489,730554
94007389,728424
95783052,805157
97367094,994904
98085402,578610
99085810,588032
100295752,732566
101295844,732805
102917521,731269
103799763,588798
104799808,588036
106009772,730060
107009696,729264
108631676,730582
109513973,590327
110513579,582178
111723903,733723
112723992,730049
114327916,729111
115209861,582813
116210268,588359
117420243,730842
118420384,731698
120024318,729927
120906457,583129
121906618,585797
123116721,732115
124116728,729281
125720666,728413
126602934,584516
127602887,583924
128813055,730307
129813116,729794
131417201,731610
132299172,581548
133299330,584600
134688737,764367
135688758,762670
137292712,763434
137996805,608844
138997381,622794
140385386,768935
141385313,763811
142989220,764692
143693259,609310
144694066,624205
146081935,769595
147081511,761564
148685585,762981
149389768,610940
150390379,626294
151778227,769797
152778122,764623
154382143,764929
155085915,609912
156086843,623574
157474686,767551
158474502,764636
160078603,764008
160782506,609344
161783110,623863
163171010,771069
164170820,762072
165441439,606595
166442270,626579
167830249,769325
168829970,763749
170433936,762639
171471280,762982
172508426,762386
173545744,764392
174582987,761374
175620087,764127
176657567,764669
177694871,765866
178732029,763469
179769370,762555
180806366,762169
181843696,764856
182881163,763114
183918303,764504
184955615,763362
185992699,760968
187030066,762893
188067410,763529
189104652,762112
190141774,762049
191179085,765063
192216324,764390
193253651,763846
194290934,764181
195328187,764100
196365143,761972
197402535,764234
198440099,764945
199477200,763501
200514430,764877
201551722,763451
202588953,764559
203626055,763913
204663712,763238
205700656,763339
206738079,764570
207775112,762416
208812627,764112
209849783,764346
210887058,763368
211924153,762753
212961616,764079
213998957,764133
215036063,763746
216073190,763008
217107120,677217
218148034,767125
219181994,681826
220222539,766276
221255984,750254
222288987,777638
223330568,752618
224363143,743418
225405400,764144
226437801,743110
227480024,765886
228512264,741106
229554328,763727
230587010,742286
231628846,766568
232661265,740203
233703599,764562
234735763,741500
235778748,774696
236810345,753360
237852762,773273
238884777,754832
239927060,772858
240959383,752199
242002192,773794
243034263,764607
244076345,763954
245108738,763615
246150903,763080
247183105,764593
248225761,763070
249257929,767480
250300282,765451
251332283,763354
252374873,763582
253406857,763520
254449267,762751
255481539,764359
256523726,764685
257556145,765321
258598357,765227
259630631,765112
260673093,762127
261705374,762224
262747757,763255
263779850,762856
264821995,762449
265854413,762756
266896678,763658
267928923,762785
268971273,765328
270003562,764833
271045849,764695
272077962,764429
273120257,762399
274152416,763048
275194814,764573
276227176,764527
277269304,762625
278301693,763008
279343862,765038
280376011,762244
281418498,764559
282450676,763036
283492807,762987
284525157,762769
285567450,764387
286599633,763633
287641982,761240
288674172,763626
289716600,765033
290748869,763048
291790928,762548
292823413,762341
293865715,764221
294898636,761298
295940937,765065
296974120,763075
298016389,763438
299048849,766431
300090842,763238
301123432,763514
302165398,762432
303197820,766518
304240047,763623
305272250,764336
306314481,763129
307346745,762610
308389187,764672
309421252,763943
310463570,765652
311464196,763352
312168452,603844
313169412,626368
314557341,771069
315980024,763675
316999966,765556
317689808,607525
318690581,620910
320078841,769958
321506144,765460
322531746,763673
323211175,608579
324211920,620624
325600065,772489
327022471,762532
328067610,764321
328732506,604835
329733593,629359
331121143,772364
332121078,762025
333216958,607181
334217427,616664
335263209,619513
336263042,622755
337651178,768869
338650927,762295
340079845,762519
340783802,607498
341784615,620652
343172527,767884
344172282,763111
345601243,764452
346305102,604832
347305728,623405
348693791,770843
349693461,762731
351122581,762037
351826332,607411
352827140,622073
354215149,767406
355214838,762845
356643831,762532
357347808,609720
358348588,623845
359736307,766982
360736215,762855
362165242,764031
362869244,608791
363869830,620355
PMU buffer: L2_PMU::L2_DEMAND_MISS_HIT_MSHR_ALLOC_HINT
4803534,66
5805521,11
6805604,9
7805616,7
8805492,6
9805731,8
10805750,7
11951955,20
13013399,7
14352914,19
15394469,8
16665491,22
17448204,11
18390115,9
19514813,7
20598027,7
21968788,19
22920598,8
23979380,14
24979018,7
26076288,8
27186702,9
28707174,22
29644841,8
30718977,9
31854750,8
33389219,20
34314826,7
35351568,6
36525093,6
38121098,12
39108664,8
40023777,2
41023710,3
42233939,5
43781443,22
44687419,6
45687359,4
46897619,5
48455821,20
49350858,3
50350914,4
51561196,5
53128399,18
54014369,2
55014562,2
56224665,6
57802608,21
58677596,4
59677756,3
60887972,5
62475072,19
63341013,1
64340833,3
65551317,6
67151963,13
68194529,10
69049599,5
70049599,2
71259872,6
72863467,12
73904703,5
74745786,2
75745808,2
76955958,2
77955950,2
79559761,3
80441969,5
81441990,3
82652220,2
83652042,2
85256035,2
86138208,2
87138232,3
88348420,5
89348392,2
90797197,2
91797339,4
93007489,3
94007389,2
95783052,8
97367094,11
98085402,4
99085810,5
100295752,3
101295844,2
102917521,4
103799763,5
104799808,2
106009772,4
107009696,3
108631676,3
109513973,2
110513579,2
111723903,2
112723992,3
114327916,4
115209861,2
116210268,2
117420243,3
118420384,2
120024318,2
120906457,2
121906618,2
123116721,3
124116728,3
125720666,2
126602934,2
127602887,2
128813055,3
129813116,2
131417201,2
132299172,2
133299330,3
134688737,6
135688758,4
137292712,5
137996805,4
138997381,6
140385386,5
141385313,3
142989220,5
143693259,2
144694066,4
146081935,5
147081511,3
148685585,2
149389768,3
150390379,5
151778227,5
152778122,3
154382143,5
155085915,5
156086843,4
157474686,4
158474502,5
160078603,3
160782506,3
161783110,5
163171010,5
164170820,4
165441439,6
166442270,4
167830249,5
168829970,4
170433936,4
171471280,3
172508426,5
173545744,3
174582987,4
175620087,6
176657567,2
177694871,5
178732029,4
179769370,4
180806366,4
181843696,5
182881163,5
183918303,3
184955615,4
185992699,4
187030066,6
188067410,5
189104652,6
190141774,4
191179085,4
192216324,4
193253651,6
194290934,3
195328187,4
196365143,4
197402535,6
198440099,7
199477200,4
200514430,6
201551722,4
202588953,3
203626055,3
204663712,3
205700656,4
206738079,4
207775112,3
208812627,5
209849783,4
210887058,4
211924153,4
212961616,5
213998957,4
215036063,5
216073190,3
217107120,3
218148034,5
219181994,3
220222539,7
221255984,8
222288987,8
223330568,5
224363143,6
225405400,7
226437801,8
227480024,9
228512264,5
229554328,9
230587010,5
231628846,7
232661265,5
233703599,8
234735763,7
235778748,7
236810345,6
237852762,9
238884777,5
239927060,6
240959383,7
242002192,6
243034263,5
244076345,5
245108738,6
246150903,7
247183105,7
248225761,5
249257929,5
250300282,8
251332283,6
252374873,8
253406857,8
254449267,6
255481539,8
256523726,5
257556145,6
258598357,7
259630631,6
260673093,5
261705374,3
262747757,3
263779850,3
264821995,3
265854413,3
266896678,4
267928923,2
268971273,4
270003562,5
271045849,4
272077962,4
273120257,3
274152416,3
275194814,5
276227176,4
277269304,3
278301693,3
279343862,4
280376011,3
281418498,4
282450676,4
283492807,3
284525157,5
285567450,4
286599633,4
287641982,3
288674172,3
289716600,5
290748869,4
291790928,3
292823413,4
293865715,4
294898636,4
295940937,4
296974120,5
298016389,6
299048849,6
300090842,6
301123432,6
302165398,5
303197820,8
304240047,7
305272250,6
306314481,8
307346745,7
308389187,8
309421252,5
310463570,9
311464196,5
312168452,3
313169412,6
314557341,9
315980024,13
316999966,8
317689808,3
318690581,6
320078841,7
321506144,12
322531746,9
323211175,3
324211920,5
325600065,7
327022471,15
328067610,6
328732506,2
329733593,5
331121143,9
332121078,6
333216958,4
334217427,3
335263209,3
336263042,3
337651178,5
338650927,3
340079845,4
340783802,2
341784615,3
343172527,3
344172282,3
345601243,3
346305102,2
347305728,4
348693791,7
349693461,5
351122581,5
351826332,3
352827140,3
354215149,7
355214838,4
356643831,3
357347808,3
358348588,3
359736307,6
360736215,5
362165242,4
362869244,3
363869830,3
PMU buffer: L2_PMU::L2_OUTER_ACQUIREBLOCK_NTOT_L2_MISS
4803534,190605
5805521,199993
6805604,200246
7805616,201005
8805492,199958
9805731,200988
10805750,200244
11951955,199403
13013399,193778
14352914,188998
15394469,192126
16665491,190209
17448204,203476
18390115,200729
19514813,199286
20598027,193979
21968788,116842
22920598,118672
23979380,189638
24979018,201448
26076288,202141
27186702,194407
28707174,117436
29644841,130009
30718977,128842
31854750,170760
33389219,171587
34314826,127632
35351568,129477
36525093,171253
38121098,171458
39108664,171451
40023777,127259
41023710,127292
42233939,171140
43781443,171171
44687419,127395
45687359,126701
46897619,170986
48455821,171156
49350858,126904
50350914,127615
51561196,171179
53128399,171488
54014369,127678
55014562,128832
56224665,170932
57802608,170540
58677596,127056
59677756,127461
60887972,171392
62475072,171369
63341013,127407
64340833,126580
65551317,171121
67151963,170917
68194529,171065
69049599,126903
70049599,127799
71259872,171201
72863467,170450
73904703,171394
74745786,127772
75745808,127743
76955958,170961
77955950,169953
79559761,170387
80441969,127715
81441990,128326
82652220,170634
83652042,169843
85256035,170614
86138208,128502
87138232,128296
88348420,171133
89348392,170362
90797197,127837
91797339,127851
93007489,170791
94007389,169929
95783052,189853
97367094,259589
98085402,126291
99085810,128603
100295752,171194
101295844,171314
102917521,170569
103799763,128900
104799808,128901
106009772,170815
107009696,170098
108631676,170915
109513973,129482
110513579,126977
111723903,171153
112723992,170557
114327916,170183
115209861,126931
116210268,128677
117420243,170868
118420384,170883
120024318,170763
120906457,127354
121906618,128094
123116721,170996
124116728,170643
125720666,169958
126602934,128100
127602887,127744
128813055,170516
129813116,170660
131417201,170857
132299172,126953
133299330,127724
134688737,193876
135688758,193110
137292712,193533
137996805,147612
138997381,152070
140385386,194899
141385313,193505
142989220,193588
143693259,147895
144694066,151858
146081935,195428
147081511,193059
148685585,193454
149389768,148153
150390379,152411
151778227,195279
152778122,194331
154382143,193622
155085915,147888
156086843,151943
157474686,194975
158474502,194229
160078603,193739
160782506,147637
161783110,151389
163171010,195748
164170820,193106
165441439,147199
166442270,152016
167830249,194929
168829970,193904
170433936,193196
171471280,193714
172508426,193618
173545744,193684
174582987,193495
175620087,193486
176657567,193835
177694871,193827
178732029,193452
179769370,193652
180806366,192865
181843696,193851
182881163,193512
183918303,193781
184955615,193566
185992699,192817
187030066,193216
188067410,193611
189104652,193103
190141774,193247
191179085,194054
192216324,193328
193253651,193639
194290934,193667
195328187,193321
196365143,193154
197402535,193275
198440099,193658
199477200,193467
200514430,193926
201551722,193900
202588953,194015
203626055,193255
204663712,193687
205700656,193625
206738079,193662
207775112,193444
208812627,193539
209849783,194004
210887058,193346
211924153,193529
212961616,194029
213998957,193734
215036063,193438
216073190,193313
217107120,172360
218148034,194359
219181994,173100
220222539,194104
221255984,187671
222288987,198260
223330568,188598
224363143,185350
225405400,192629
226437801,185195
227480024,192728
228512264,184888
229554328,192236
230587010,185616
231628846,193035
232661265,184361
233703599,192875
234735763,184279
235778748,198116
236810345,189021
237852762,196492
238884777,189670
239927060,195881
240959383,188373
242002192,197075
243034263,193708
244076345,193724
245108738,193597
246150903,192902
247183105,194020
248225761,194072
249257929,194590
250300282,194555
251332283,193571
252374873,194358
253406857,194363
254449267,194339
255481539,194440
256523726,194490
257556145,194179
258598357,194246
259630631,194267
260673093,193993
261705374,194132
262747757,194299
263779850,193845
264821995,193600
265854413,193667
266896678,194156
267928923,193642
268971273,194043
270003562,194429
271045849,194559
272077962,194287
273120257,193893
274152416,193535
275194814,194349
276227176,194147
277269304,193877
278301693,193605
279343862,194265
280376011,193746
281418498,194351
282450676,193268
283492807,193989
284525157,193864
285567450,194727
286599633,193836
287641982,193323
288674172,194096
289716600,194139
290748869,193943
291790928,193793
292823413,193615
293865715,194719
294898636,193104
295940937,194356
296974120,193669
298016389,193918
299048849,194864
300090842,193760
301123432,193932
302165398,193431
303197820,194407
304240047,193531
305272250,194070
306314481,193579
307346745,193665
308389187,193969
309421252,193955
310463570,194466
311464196,193884
312168452,145840
313169412,152464
314557341,195786
315980024,194022
316999966,194176
317689808,147109
318690581,151178
320078841,195500
321506144,194034
322531746,193835
323211175,147400
324211920,150837
325600065,196112
327022471,193676
328067610,194252
328732506,146702
329733593,153488
331121143,196239
332121078,192951
333216958,147115
334217427,149484
335263209,150825
336263042,151330
337651178,194605
338650927,193470
340079845,193760
340783802,147091
341784615,150725
343172527,194801
344172282,193833
345601243,194017
346305102,146406
347305728,151233
348693791,195385
349693461,193479
351122581,193062
351826332,147235
352827140,151574
354215149,194501
355214838,193149
356643831,193235
357347808,147833
358348588,151810
359736307,194891
360736215,193255
362165242,193589
362869244,147584
363869830,151053
PMU buffer: L2_PMU::L2_INNER_PREFETCH_HIT_L2
4803534,165
5805521,106
6805604,99
7805616,94
8805492,108
9805731,94
10805750,98
11951955,186
13013399,178
14352914,284
15394469,284
16665491,312
17448204,106
18390115,107
19514813,169
20598027,183
21968788,88
22920598,68
23979380,94
24979018,92
26076288,144
27186702,193
28707174,113
29644841,88
30718977,102
31854750,159
33389219,119
34314826,74
35351568,69
36525093,157
38121098,156
39108664,105
40023777,72
41023710,66
42233939,157
43781443,124
44687419,63
45687359,65
46897619,148
48455821,116
49350858,62
50350914,66
51561196,152
53128399,127
54014369,69
55014562,71
56224665,146
57802608,130
58677596,71
59677756,79
60887972,163
62475072,150
63341013,73
64340833,68
65551317,155
67151963,148
68194529,143
69049599,68
70049599,72
71259872,168
72863467,168
73904703,155
74745786,75
75745808,73
76955958,139
77955950,151
79559761,144
80441969,67
81441990,74
82652220,142
83652042,144
85256035,143
86138208,66
87138232,69
88348420,148
89348392,143
90797197,67
91797339,66
93007489,156
94007389,134
95783052,249
97367094,230
98085402,65
99085810,78
100295752,156
101295844,143
102917521,140
103799763,73
104799808,74
106009772,151
107009696,143
108631676,148
109513973,66
110513579,63
111723903,154
112723992,142
114327916,148
115209861,62
116210268,66
117420243,163
118420384,141
120024318,141
120906457,69
121906618,71
123116721,154
124116728,142
125720666,148
126602934,81
127602887,69
128813055,142
129813116,144
131417201,142
132299172,66
133299330,73
134688737,157
135688758,157
137292712,144
137996805,74
138997381,65
140385386,145
141385313,147
142989220,140
143693259,65
144694066,64
146081935,155
147081511,152
148685585,142
149389768,72
150390379,62
151778227,146
152778122,144
154382143,139
155085915,71
156086843,65
157474686,149
158474502,154
160078603,150
160782506,74
161783110,63
163171010,147
164170820,146
165441439,63
166442270,75
167830249,154
168829970,155
170433936,145
171471280,145
172508426,143
173545744,144
174582987,148
175620087,144
176657567,146
177694871,148
178732029,145
179769370,153
180806366,149
181843696,141
182881163,151
183918303,148
184955615,157
185992699,147
187030066,147
188067410,146
189104652,139
190141774,152
191179085,147
192216324,143
193253651,141
194290934,147
195328187,152
196365143,139
197402535,144
198440099,149
199477200,141
200514430,155
201551722,142
202588953,147
203626055,152
204663712,144
205700656,152
206738079,149
207775112,147
208812627,147
209849783,139
210887058,143
211924153,142
212961616,145
213998957,146
215036063,145
216073190,147
217107120,152
218148034,152
219181994,161
220222539,156
221255984,154
222288987,159
223330568,158
224363143,145
225405400,149
226437801,147
227480024,147
228512264,135
229554328,143
230587010,132
231628846,142
232661265,144
233703599,144
234735763,139
235778748,155
236810345,135
237852762,156
238884777,142
239927060,149
240959383,133
242002192,158
243034263,163
244076345,162
245108738,156
246150903,167
247183105,165
248225761,160
249257929,167
250300282,170
251332283,156
252374873,166
253406857,159
254449267,168
255481539,164
256523726,168
257556145,161
258598357,158
259630631,150
260673093,157
261705374,159
262747757,157
263779850,159
264821995,156
265854413,155
266896678,163
267928923,146
268971273,148
270003562,155
271045849,153
272077962,164
273120257,151
274152416,158
275194814,160
276227176,146
277269304,151
278301693,150
279343862,148
280376011,159
281418498,154
282450676,149
283492807,159
284525157,156
285567450,160
286599633,155
287641982,155
288674172,161
289716600,147
290748869,149
291790928,160
292823413,160
293865715,157
294898636,157
295940937,157
296974120,159
298016389,159
299048849,148
300090842,162
301123432,156
302165398,157
303197820,154
304240047,159
305272250,151
306314481,156
307346745,156
308389187,158
309421252,147
310463570,151
311464196,117
312168452,64
313169412,63
314557341,154
315980024,151
316999966,135
317689808,69
318690581,62
320078841,150
321506144,169
322531746,140
323211175,67
324211920,58
325600065,168
327022471,157
328067610,140
328732506,67
329733593,61
331121143,140
332121078,155
333216958,63
334217427,64
335263209,77
336263042,66
337651178,148
338650927,158
340079845,151
340783802,64
341784615,56
343172527,152
344172282,145
345601243,137
346305102,63
347305728,63
348693791,148
349693461,176
351122581,139
351826332,63
352827140,63
354215149,162
355214838,140
356643831,145
357347808,57
358348588,61
359736307,142
360736215,162
362165242,143
362869244,65
363869830,66
ANN buffer: System::PREDICTED_JOB_UTILIZATION
4803534,0
5805521,0
6805604,0
7805616,0
8805492,0
9805731,0
10805750,0
11951955,346057
13013399,346057
14352914,522019
15394469,522019
16665491,635817
17448204,701887
18390115,701887
19514813,368573
20598027,368573
21968788,571612
22920598,571612
23979380,407608
24979018,407608
26076288,404639
27186702,404639
28707174,591499
29644841,591499
30718977,418565
31854750,418565
33389219,582818
34314826,582818
35351568,400612
36525093,400612
38121098,559305
39108664,700826
40023777,700826
41023710,700826
42233939,340231
43781443,526619
44687419,526619
45687359,526619
46897619,354424
48455821,535581
49350858,535581
50350914,535581
51561196,329151
53128399,520537
54014369,520537
55014562,520537
56224665,347722
57802608,540349
58677596,540349
59677756,540349
60887972,312671
62475072,503308
63341013,503308
64340833,503308
65551317,355812
67151963,549183
68194529,669177
69049599,669177
70049599,669177
71259872,297197
72863467,495684
73904703,669128
74745786,669128
75745808,669128
76955958,294769
77955950,294769
79559761,495740
80441969,495423
81441990,495423
82652220,296279
83652042,296279
85256035,505994
86138208,506014
87138232,506014
88348420,307924
89348392,307924
90797197,513606
91797339,513606
93007489,317161
94007389,317161
95783052,516259
97367094,653058
98085402,653058
99085810,653058
100295752,347170
101295844,347170
102917521,559235
103799763,559188
104799808,559188
106009772,361966
107009696,361966
108631676,569139
109513973,569297
110513579,569297
111723903,370013
112723992,370013
114327916,545194
115209861,545318
116210268,545318
117420243,347061
118420384,347061
120024318,532781
120906457,532310
121906618,532310
123116721,335800
124116728,335800
125720666,528963
126602934,528843
127602887,528843
128813055,332752
129813116,332752
131417201,530596
132299172,530559
133299330,530559
134688737,334371
135688758,334371
137292712,534390
137996805,533627
138997381,533627
140385386,335794
141385313,335794
142989220,533842
143693259,533183
144694066,533183
146081935,334155
147081511,334155
148685585,533176
149389768,532461
150390379,532461
151778227,333747
152778122,333747
154382143,531452
155085915,530879
156086843,530879
157474686,331445
158474502,331445
160078603,530408
160782506,529840
161783110,529840
163171010,329234
164170820,329234
165441439,529445
166442270,529445
167830249,327946
168829970,327946
170433936,529439
171471280,528710
172508426,528722
173545744,528672
174582987,528706
175620087,528786
176657567,528676
177694871,528763
178732029,528828
179769370,528720
180806366,528971
181843696,528797
182881163,528609
183918303,528890
184955615,528805
185992699,529040
187030066,528743
188067410,528762
189104652,528747
190141774,528598
191179085,528882
192216324,528773
193253651,528657
194290934,528624
195328187,528791
196365143,528909
197402535,528268
198440099,528668
199477200,528865
200514430,528602
201551722,528979
202588953,528650
203626055,528775
204663712,528868
205700656,528762
206738079,528867
207775112,528854
208812627,528724
209849783,528815
210887058,528559
211924153,528654
212961616,528604
213998957,528727
215036063,528773
216073190,528728
217107120,528738
218148034,527312
219181994,528930
220222539,527626
221255984,529047
222288987,538522
223330568,537659
224363143,538270
225405400,536762
226437801,538189
227480024,536845
228512264,538129
229554328,536518
230587010,538006
231628846,536712
232661265,537982
233703599,536744
234735763,538056
235778748,536611
236810345,538512
237852762,536479
238884777,538215
239927060,536625
240959383,537965
242002192,536425
243034263,538531
244076345,537406
245108738,538420
246150903,536966
247183105,538546
248225761,537143
249257929,538684
250300282,537495
251332283,538930
252374873,536962
253406857,538855
254449267,537047
255481539,538841
256523726,537419
257556145,538589
258598357,537388
259630631,538605
260673093,537305
261705374,529486
262747757,529539
263779850,529563
264821995,529561
265854413,529434
266896678,529442
267928923,529653
268971273,529214
270003562,529272
271045849,529453
272077962,529406
273120257,529669
274152416,529346
275194814,529476
276227176,529579
277269304,529246
278301693,529314
279343862,529370
280376011,529267
281418498,529513
282450676,529435
283492807,529295
284525157,529542
285567450,529477
286599633,529560
287641982,529406
288674172,529421
289716600,529577
290748869,529269
291790928,529296
292823413,529557
293865715,529613
294898636,529518
295940937,529460
296974120,529484
298016389,538034
299048849,539454
300090842,537781
301123432,539296
302165398,538011
303197820,539386
304240047,537912
305272250,539448
306314481,537803
307346745,539383
308389187,537961
309421252,539445
310463570,537742
311464196,539294
312168452,539294
313169412,539294
314557341,326533
315980024,520825
316999966,633663
317689808,633663
318690581,633663
320078841,315774
321506144,516412
322531746,631738
323211175,631738
324211920,631738
325600065,309859
327022471,515220
328067610,628683
328732506,628683
329733593,628683
331121143,308129
332121078,308129
333216958,664154
334217427,664154
335263209,273380
336263042,273380
337651178,273475
338650927,273475
340079845,462061
340783802,461694
341784615,461694
343172527,276603
344172282,276603
345601243,470202
346305102,469650
347305728,469650
348693791,286212
349693461,286212
351122581,482578
351826332,481315
352827140,481315
354215149,297450
355214838,297450
356643831,488598
357347808,488593
358348588,488593
359736307,303926
360736215,303926
362165242,493955
362869244,492984
363869830,492984
end_data
Task data [3]: 
begin_data
System buffer: System::JOB_UTILIZATION
4892548,88992
5894532,88992
6894614,88991
7894626,88991
8894503,88991
9894742,88991
10894760,88991
12130003,178024
13191446,178022
14620044,267098
15661597,267097
16932619,267098
17537215,88992
18479124,88991
19692859,178022
20776074,178022
22057798,88994
23012806,88992
24068388,88991
25068027,88991
26254335,178023
27364748,178023
28796180,88993
29736449,88993
30897023,178027
32032796,178026
33406707,88992
34406744,88993
35539943,178027
36540002,178021
38144125,178021
39193168,148923
40115639,88994
41224799,198112
42411985,178026
43803280,88992
44779305,88994
45868381,178037
46912560,178023
48520322,727681
49442825,88995
50511954,158088
51739242,178025
53170274,88995
54106292,88993
55155367,138035
56239545,178024
57847108,747517
58769642,88992
59769676,88994
61066019,178026
62536937,88994
63432956,88992
64432990,88994
65566212,178023
67164977,776726
68219033,213935
69141511,88993
70141545,88993
71437920,178027
73041514,178027
73993710,88994
74837670,88993
75837705,88993
77134010,178028
78729557,773583
79703249,143465
80533786,88994
81533825,88995
82830270,178027
84430791,778725
85414007,157949
86230029,88992
87230065,88993
88526471,178028
90078549,730133
90889094,88993
91889132,88993
93185540,178028
94832327,824914
96050182,267103
97456102,88994
98177455,88993
99177490,88994
100473804,178029
102087376,791509
103110494,192950
103891495,88995
104891526,88994
106187821,178027
107806284,796565
108839615,207915
109605585,88993
110605622,88993
111901953,178027
113506820,782804
114545912,217973
115301924,88993
116301961,88994
117598293,178027
118598432,178026
120202367,178026
120998350,88994
121998387,88994
123294770,178026
124294777,178026
125898715,178026
126694781,88993
127694819,88993
128991107,178027
129991166,178027
131595252,178027
132391209,88994
133391244,88993
134524476,178022
135524545,178021
137128617,178022
138087640,88991
139087676,88992
140220898,178021
141220966,178022
142825043,178022
143784086,88994
144784118,88992
145917345,178021
146917412,178022
148521478,178022
149480519,88991
150480552,88991
151613776,178022
152613848,178021
154217887,178022
155176927,88991
156176965,88991
157310181,178022
158310254,178022
159914278,178021
160873311,88991
161873350,88991
163006575,178023
164006640,178021
165532417,88991
166532458,88992
167665674,178022
168665741,178021
170269699,178022
171306966,178022
172344229,178022
173381487,178022
174418747,178022
175456005,178022
176493267,178022
177530522,178022
178567782,178022
179605038,178022
180642292,178021
181679553,178021
182716817,178022
183754074,178023
184791331,178021
185828592,178022
186865859,178021
187903112,178022
188940371,178022
189977626,178022
191014884,178022
192052146,178021
193089402,178022
194126665,178022
195163923,178022
196201186,178022
197238442,178022
198275704,178022
199312960,178022
200350219,178022
201387476,178022
202424740,178022
203461996,178022
204499255,178021
205536512,178022
206573772,178022
207611035,178023
208648288,178022
209685547,178022
210722807,178022
211760067,178022
212797329,178022
213834586,178021
214871850,178022
215909114,178021
216946371,178022
217983641,178021
219020906,178022
220058177,178022
221095448,178022
222132721,178024
223169994,178022
224207266,178022
225244540,178022
226281810,178022
227319086,178022
228356358,178021
229393624,178022
230430892,178022
231468164,178021
232505439,178023
233542713,178022
234579985,178022
235617264,178022
236654536,178021
237691817,178022
238729088,178022
239766367,178021
240803648,178022
241840926,178022
242878197,178022
243915473,178022
244952749,178022
245990010,178022
247027277,178021
248064549,178022
249101821,178023
250139093,178023
251176368,178021
252213639,178022
253250912,178022
254288190,178022
255325461,178023
256362732,178021
257400003,178022
258437272,178022
259474544,178022
260508734,212151
261540989,207146
262583269,212158
263615512,207143
264657793,212155
265690069,207161
266732328,212154
267764588,207148
268806865,212159
269839120,207150
270881403,212164
271913654,207151
272955913,212150
273988180,207150
275030455,212158
276062731,207162
277104991,212153
278137251,207152
279179527,212156
280211792,207151
281254055,212149
282286333,207159
283328582,212145
284360841,207143
285403104,212146
286435397,207165
287477641,212147
288509908,207149
289552164,212149
290584424,207145
291626701,212156
292658964,207155
293701223,212149
294704359,178022
295741626,178022
296778893,178022
297816155,178022
298853412,178021
299890670,178022
300927936,178022
301965198,178022
303002458,178022
304039727,178022
305076991,178022
306114250,178022
307151513,178022
308188773,178021
309226035,178022
310263294,178021
311300552,178021
312259589,88991
313259627,88992
314392850,178022
315392917,178022
316821901,178021
317780935,88992
318780972,88991
319914192,178022
320914264,178022
322343207,178022
323302248,88992
324302287,88991
325435500,178022
326435571,178021
327864452,178022
328823491,88991
329823526,88992
330956751,178022
331956823,178022
333388419,88990
334388382,88989
335353542,88991
336353579,88991
337486796,178022
338486864,178021
339915766,178022
340874805,88992
341874842,88991
343008066,178022
344008128,178021
345437049,178022
346396081,88991
347396113,88992
348529341,178021
349529406,178022
350958384,178022
351917425,88991
352917467,88992
354050684,178023
355050752,178021
356479733,178022
357438762,88990
358438798,88991
359572015,178022
360572082,178022
362001061,178022
362960103,88991
363960135,88992
System buffer: System::CPU_CLOCK
4892548,1503999999
5894532,1503999999
6894614,1503999999
7894626,1503999999
8894503,1503999999
9894742,1503999999
10894760,1503999999
12130003,751999999
13191446,751999999
14620044,501333333
15661597,501333333
16932619,501333333
17537215,1503999999
18479124,1503999999
19692859,751999999
20776074,751999999
22057798,1503999999
23012806,1503999999
24068388,1503999999
25068027,1503999999
26254335,751999999
27364748,751999999
28796180,1503999999
29736449,1503999999
30897023,751999999
32032796,751999999
33406707,1503999999
34406744,1503999999
35539943,751999999
36540002,751999999
38144125,751999999
39193168,1503999999
40115639,1503999999
41224799,751999999
42411985,751999999
43803280,1503999999
44779305,1503999999
45868381,751999999
46912560,751999999
48520322,1503999999
49442825,1503999999
50511954,751999999
51739242,751999999
53170274,1503999999
54106292,1503999999
55155367,751999999
56239545,751999999
57847108,1503999999
58769642,1503999999
59769676,1503999999
61066019,751999999
62536937,1503999999
63432956,1503999999
64432990,1503999999
65566212,751999999
67164977,751999999
68219033,1503999999
69141511,1503999999
70141545,1503999999
71437920,751999999
73041514,751999999
73993710,1503999999
74837670,1503999999
75837705,1503999999
77134010,751999999
78729557,751999999
79703249,1503999999
80533786,1503999999
81533825,1503999999
82830270,751999999
84430791,751999999
85414007,1503999999
86230029,1503999999
87230065,1503999999
88526471,751999999
90078549,1503999999
90889094,1503999999
91889132,1503999999
93185540,751999999
94832327,501333333
96050182,501333333
97456102,1503999999
98177455,1503999999
99177490,1503999999
100473804,751999999
102087376,751999999
103110494,1503999999
103891495,1503999999
104891526,1503999999
106187821,751999999
107806284,751999999
108839615,1503999999
109605585,1503999999
110605622,1503999999
111901953,751999999
113506820,751999999
114545912,1503999999
115301924,1503999999
116301961,1503999999
117598293,751999999
118598432,751999999
120202367,751999999
120998350,1503999999
121998387,1503999999
123294770,751999999
124294777,751999999
125898715,751999999
126694781,1503999999
127694819,1503999999
128991107,751999999
129991166,751999999
131595252,751999999
132391209,1503999999
133391244,1503999999
134524476,751999999
135524545,751999999
137128617,751999999
138087640,1503999999
139087676,1503999999
140220898,751999999
141220966,751999999
142825043,751999999
143784086,1503999999
144784118,1503999999
145917345,751999999
146917412,751999999
148521478,751999999
149480519,1503999999
150480552,1503999999
151613776,751999999
152613848,751999999
154217887,751999999
155176927,1503999999
156176965,1503999999
157310181,751999999
158310254,751999999
159914278,751999999
160873311,1503999999
161873350,1503999999
163006575,751999999
164006640,751999999
165532417,1503999999
166532458,1503999999
167665674,751999999
168665741,751999999
170269699,751999999
171306966,751999999
172344229,751999999
173381487,751999999
174418747,751999999
175456005,751999999
176493267,751999999
177530522,751999999
178567782,751999999
179605038,751999999
180642292,751999999
181679553,751999999
182716817,751999999
183754074,751999999
184791331,751999999
185828592,751999999
186865859,751999999
187903112,751999999
188940371,751999999
189977626,751999999
191014884,751999999
192052146,751999999
193089402,751999999
194126665,751999999
195163923,751999999
196201186,751999999
197238442,751999999
198275704,751999999
199312960,751999999
200350219,751999999
201387476,751999999
202424740,751999999
203461996,751999999
204499255,751999999
205536512,751999999
206573772,751999999
207611035,751999999
208648288,751999999
209685547,751999999
210722807,751999999
211760067,751999999
212797329,751999999
213834586,751999999
214871850,751999999
215909114,751999999
216946371,751999999
217983641,751999999
219020906,751999999
220058177,751999999
221095448,751999999
222132721,751999999
223169994,751999999
224207266,751999999
225244540,751999999
226281810,751999999
227319086,751999999
228356358,751999999
229393624,751999999
230430892,751999999
231468164,751999999
232505439,751999999
233542713,751999999
234579985,751999999
235617264,751999999
236654536,751999999
237691817,751999999
238729088,751999999
239766367,751999999
240803648,751999999
241840926,751999999
242878197,751999999
243915473,751999999
244952749,751999999
245990010,751999999
247027277,751999999
248064549,751999999
249101821,751999999
250139093,751999999
251176368,751999999
252213639,751999999
253250912,751999999
254288190,751999999
255325461,751999999
256362732,751999999
257400003,751999999
258437272,751999999
259474544,751999999
260508734,751999999
261540989,751999999
262583269,751999999
263615512,751999999
264657793,751999999
265690069,751999999
266732328,751999999
267764588,751999999
268806865,751999999
269839120,751999999
270881403,751999999
271913654,751999999
272955913,751999999
273988180,751999999
275030455,751999999
276062731,751999999
277104991,751999999
278137251,751999999
279179527,751999999
280211792,751999999
281254055,751999999
282286333,751999999
283328582,751999999
284360841,751999999
285403104,751999999
286435397,751999999
287477641,751999999
288509908,751999999
289552164,751999999
290584424,751999999
291626701,751999999
292658964,751999999
293701223,751999999
294704359,751999999
295741626,751999999
296778893,751999999
297816155,751999999
298853412,751999999
299890670,751999999
300927936,751999999
301965198,751999999
303002458,751999999
304039727,751999999
305076991,751999999
306114250,751999999
307151513,751999999
308188773,751999999
309226035,751999999
310263294,751999999
311300552,751999999
312259589,1503999999
313259627,1503999999
314392850,751999999
315392917,751999999
316821901,751999999
317780935,1503999999
318780972,1503999999
319914192,751999999
320914264,751999999
322343207,751999999
323302248,1503999999
324302287,1503999999
325435500,751999999
326435571,751999999
327864452,751999999
328823491,1503999999
329823526,1503999999
330956751,751999999
331956823,751999999
333388419,1503999999
334388382,1503999999
335353542,1503999999
336353579,1503999999
337486796,751999999
338486864,751999999
339915766,751999999
340874805,1503999999
341874842,1503999999
343008066,751999999
344008128,751999999
345437049,751999999
346396081,1503999999
347396113,1503999999
348529341,751999999
349529406,751999999
350958384,751999999
351917425,1503999999
352917467,1503999999
354050684,751999999
355050752,751999999
356479733,751999999
357438762,1503999999
358438798,1503999999
359572015,751999999
360572082,751999999
362001061,751999999
362960103,1503999999
363960135,1503999999
System buffer: System::DEADLINE_MISSES
4892548,0
5894532,0
6894614,0
7894626,0
8894503,0
9894742,0
10894760,0
12130003,0
13191446,0
14620044,0
15661597,0
16932619,0
17537215,0
18479124,0
19692859,0
20776074,0
22057798,0
23012806,0
24068388,0
25068027,0
26254335,0
27364748,0
28796180,0
29736449,0
30897023,0
32032796,0
33406707,0
34406744,0
35539943,0
36540002,0
38144125,0
39193168,0
40115639,0
41224799,0
42411985,0
43803280,0
44779305,0
45868381,0
46912560,0
48520322,0
49442825,0
50511954,0
51739242,0
53170274,0
54106292,0
55155367,0
56239545,0
57847108,0
58769642,0
59769676,0
61066019,0
62536937,0
63432956,0
64432990,0
65566212,0
67164977,0
68219033,0
69141511,0
70141545,0
71437920,0
73041514,0
73993710,0
74837670,0
75837705,0
77134010,0
78729557,0
79703249,0
80533786,0
81533825,0
82830270,0
84430791,0
85414007,0
86230029,0
87230065,0
88526471,0
90078549,0
90889094,0
91889132,0
93185540,0
94832327,0
96050182,0
97456102,0
98177455,0
99177490,0
100473804,0
102087376,0
103110494,0
103891495,0
104891526,0
106187821,0
107806284,0
108839615,0
109605585,0
110605622,0
111901953,0
113506820,0
114545912,0
115301924,0
116301961,0
117598293,0
118598432,0
120202367,0
120998350,0
121998387,0
123294770,0
124294777,0
125898715,0
126694781,0
127694819,0
128991107,0
129991166,0
131595252,0
132391209,0
133391244,0
134524476,0
135524545,0
137128617,0
138087640,0
139087676,0
140220898,0
141220966,0
142825043,0
143784086,0
144784118,0
145917345,0
146917412,0
148521478,0
149480519,0
150480552,0
151613776,0
152613848,0
154217887,0
155176927,0
156176965,0
157310181,0
158310254,0
159914278,0
160873311,0
161873350,0
163006575,0
164006640,0
165532417,0
166532458,0
167665674,0
168665741,0
170269699,0
171306966,0
172344229,0
173381487,0
174418747,0
175456005,0
176493267,0
177530522,0
178567782,0
179605038,0
180642292,0
181679553,0
182716817,0
183754074,0
184791331,0
185828592,0
186865859,0
187903112,0
188940371,0
189977626,0
191014884,0
192052146,0
193089402,0
194126665,0
195163923,0
196201186,0
197238442,0
198275704,0
199312960,0
200350219,0
201387476,0
202424740,0
203461996,0
204499255,0
205536512,0
206573772,0
207611035,0
208648288,0
209685547,0
210722807,0
211760067,0
212797329,0
213834586,0
214871850,0
215909114,0
216946371,0
217983641,0
219020906,0
220058177,0
221095448,0
222132721,0
223169994,0
224207266,0
225244540,0
226281810,0
227319086,0
228356358,0
229393624,0
230430892,0
231468164,0
232505439,0
233542713,0
234579985,0
235617264,0
236654536,0
237691817,0
238729088,0
239766367,0
240803648,0
241840926,0
242878197,0
243915473,0
244952749,0
245990010,0
247027277,0
248064549,0
249101821,0
250139093,0
251176368,0
252213639,0
253250912,0
254288190,0
255325461,0
256362732,0
257400003,0
258437272,0
259474544,0
260508734,0
261540989,0
262583269,0
263615512,0
264657793,0
265690069,0
266732328,0
267764588,0
268806865,0
269839120,0
270881403,0
271913654,0
272955913,0
273988180,0
275030455,0
276062731,0
277104991,0
278137251,0
279179527,0
280211792,0
281254055,0
282286333,0
283328582,0
284360841,0
285403104,0
286435397,0
287477641,0
288509908,0
289552164,0
290584424,0
291626701,0
292658964,0
293701223,0
294704359,0
295741626,0
296778893,0
297816155,0
298853412,0
299890670,0
300927936,0
301965198,0
303002458,0
304039727,0
305076991,0
306114250,0
307151513,0
308188773,0
309226035,0
310263294,0
311300552,0
312259589,0
313259627,0
314392850,0
315392917,0
316821901,0
317780935,0
318780972,0
319914192,0
320914264,0
322343207,0
323302248,0
324302287,0
325435500,0
326435571,0
327864452,0
328823491,0
329823526,0
330956751,0
331956823,0
333388419,0
334388382,0
335353542,0
336353579,0
337486796,0
338486864,0
339915766,0
340874805,0
341874842,0
343008066,0
344008128,0
345437049,0
346396081,0
347396113,0
348529341,0
349529406,0
350958384,0
351917425,0
352917467,0
354050684,0
355050752,0
356479733,0
357438762,0
358438798,0
359572015,0
360572082,0
362001061,0
362960103,0
363960135,0
System buffer: System::CORE
4892548,2
5894532,2
6894614,2
7894626,2
8894503,2
9894742,2
10894760,2
12130003,2
13191446,2
14620044,2
15661597,2
16932619,2
17537215,2
18479124,2
19692859,2
20776074,2
22057798,2
23012806,2
24068388,2
25068027,2
26254335,2
27364748,2
28796180,2
29736449,2
30897023,2
32032796,2
33406707,3
34406744,3
35539943,3
36540002,3
38144125,3
39193168,2
40115639,2
41224799,2
42411985,2
43803280,2
44779305,2
45868381,2
46912560,2
48520322,2
49442825,2
50511954,2
51739242,2
53170274,2
54106292,2
55155367,2
56239545,2
57847108,2
58769642,2
59769676,2
61066019,2
62536937,2
63432956,2
64432990,2
65566212,2
67164977,2
68219033,2
69141511,2
70141545,2
71437920,2
73041514,2
73993710,2
74837670,2
75837705,2
77134010,2
78729557,2
79703249,2
80533786,2
81533825,2
82830270,2
84430791,2
85414007,2
86230029,2
87230065,2
88526471,2
90078549,2
90889094,2
91889132,2
93185540,2
94832327,2
96050182,2
97456102,2
98177455,2
99177490,2
100473804,2
102087376,2
103110494,2
103891495,2
104891526,2
106187821,2
107806284,2
108839615,2
109605585,2
110605622,2
111901953,2
113506820,2
114545912,2
115301924,2
116301961,2
117598293,2
118598432,2
120202367,2
120998350,2
121998387,2
123294770,2
124294777,2
125898715,2
126694781,2
127694819,2
128991107,2
129991166,2
131595252,2
132391209,2
133391244,2
134524476,2
135524545,2
137128617,2
138087640,2
139087676,2
140220898,2
141220966,2
142825043,2
143784086,2
144784118,2
145917345,2
146917412,2
148521478,2
149480519,2
150480552,2
151613776,2
152613848,2
154217887,2
155176927,2
156176965,2
157310181,2
158310254,2
159914278,2
160873311,2
161873350,2
163006575,2
164006640,2
165532417,2
166532458,2
167665674,2
168665741,2
170269699,2
171306966,2
172344229,2
173381487,2
174418747,2
175456005,2
176493267,2
177530522,2
178567782,2
179605038,2
180642292,2
181679553,2
182716817,2
183754074,2
184791331,2
185828592,2
186865859,2
187903112,2
188940371,2
189977626,2
191014884,2
192052146,2
193089402,2
194126665,2
195163923,2
196201186,2
197238442,2
198275704,2
199312960,2
200350219,2
201387476,2
202424740,2
203461996,2
204499255,2
205536512,2
206573772,2
207611035,2
208648288,2
209685547,2
210722807,2
211760067,2
212797329,2
213834586,2
214871850,2
215909114,2
216946371,2
217983641,2
219020906,2
220058177,2
221095448,2
222132721,2
223169994,2
224207266,2
225244540,2
226281810,2
227319086,2
228356358,2
229393624,2
230430892,2
231468164,2
232505439,2
233542713,2
234579985,2
235617264,2
236654536,2
237691817,2
238729088,2
239766367,2
240803648,2
241840926,2
242878197,2
243915473,2
244952749,2
245990010,2
247027277,2
248064549,2
249101821,2
250139093,2
251176368,2
252213639,2
253250912,2
254288190,2
255325461,2
256362732,2
257400003,2
258437272,2
259474544,2
260508734,2
261540989,2
262583269,2
263615512,2
264657793,2
265690069,2
266732328,2
267764588,2
268806865,2
269839120,2
270881403,2
271913654,2
272955913,2
273988180,2
275030455,2
276062731,2
277104991,2
278137251,2
279179527,2
280211792,2
281254055,2
282286333,2
283328582,2
284360841,2
285403104,2
286435397,2
287477641,2
288509908,2
289552164,2
290584424,2
291626701,2
292658964,2
293701223,2
294704359,2
295741626,2
296778893,2
297816155,2
298853412,2
299890670,2
300927936,2
301965198,2
303002458,2
304039727,2
305076991,2
306114250,2
307151513,2
308188773,2
309226035,2
310263294,2
311300552,2
312259589,2
313259627,2
314392850,2
315392917,2
316821901,2
317780935,2
318780972,2
319914192,2
320914264,2
322343207,2
323302248,2
324302287,2
325435500,2
326435571,2
327864452,2
328823491,2
329823526,2
330956751,2
331956823,2
333388419,1
334388382,1
335353542,2
336353579,2
337486796,2
338486864,2
339915766,2
340874805,2
341874842,2
343008066,2
344008128,2
345437049,2
346396081,2
347396113,2
348529341,2
349529406,2
350958384,2
351917425,2
352917467,2
354050684,2
355050752,2
356479733,2
357438762,2
358438798,2
359572015,2
360572082,2
362001061,2
362960103,2
363960135,2
PMU buffer: PMU::CPU_CYCLES
4892548,133490451
5894532,133490197
6894614,133488167
7894626,133488412
8894503,133488791
9894742,133489103
10894760,133488482
12130003,133518691
13191446,133517737
14620044,133549637
15661597,133549263
16932619,133549761
17537215,133489891
18479124,133488731
19692859,133517563
20776074,133517929
22057798,133493973
23012806,133490787
24068388,133487898
25068027,133488360
26254335,133518001
27364748,133518151
28796180,133492883
29736449,133492571
30897023,133521001
32032796,133521578
33406707,133488746
34406744,133491034
35539943,133521619
36540002,133516244
38144125,133516368
39193168,185087901
40115639,133493337
41224799,191965743
42411985,133520576
43803280,133489119
44779305,133493705
45868381,191908481
46912560,133518212
48520322,594143594
49442825,133494354
50511954,191949123
51739242,133520602
53170274,133495059
54106292,133490967
55155367,191906730
56239545,133518626
57847108,594019557
58769642,133490961
59769676,133492845
61066019,133521400
62536937,133494368
63432956,133491035
64432990,133493543
65566212,133518225
67164977,582545210
68219033,188852298
69141511,133492288
70141545,133492621
71437920,133521964
73041514,133522402
73993710,133493041
74837670,133492574
75837705,133491557
77134010,133522894
78729557,580188816
79703249,167949063
80533786,133493833
81533825,133495433
82830270,133522296
84430791,584045138
85414007,170951542
86230029,133491970
87230065,133492924
88526471,133522309
90078549,589196246
90889094,133493372
91889132,133493627
93185540,133522912
94832327,585326618
96050182,133552869
97456102,133493106
98177455,133492494
99177490,133492058
100473804,133523648
102087376,593633132
103110494,167214178
103891495,133494086
104891526,133494111
106187821,133521902
107806284,597424640
108839615,170965880
109605585,133492092
110605622,133492430
111901953,133521950
113506820,587104019
114545912,167227940
115301924,133493160
116301961,133493088
117598293,133521882
118598432,133521284
120202367,133521476
120998350,133494211
121998387,133493400
123294770,133521476
124294777,133521328
125898715,133521661
126694781,133493196
127694819,133493831
128991107,133522301
129991166,133522308
131595252,133522190
132391209,133494070
133391244,133493169
134524476,133517488
135524545,133517044
137128617,133517448
138087640,133488459
139087676,133489140
140220898,133517026
141220966,133517896
142825043,133517382
143784086,133493104
144784118,133490212
145917345,133516908
146917412,133517496
148521478,133517679
149480519,133489177
150480552,133489328
151613776,133517538
152613848,133516844
154217887,133517447
155176927,133489471
156176965,133489230
157310181,133517298
158310254,133517616
159914278,133517181
160873311,133489088
161873350,133489414
163006575,133517996
164006640,133516926
165532417,133489448
166532458,133489602
167665674,133517588
168665741,133517044
170269699,133517904
171306966,133516792
172344229,133517422
173381487,133517804
174418747,133517926
175456005,133517086
176493267,133517622
177530522,133517476
178567782,133517842
179605038,133517038
180642292,133517268
181679553,133517557
182716817,133517668
183754074,133517756
184791331,133517130
185828592,133517630
186865859,133517170
187903112,133517952
188940371,133517768
189977626,133517826
191014884,133517756
192052146,133517178
193089402,133517319
194126665,133517805
195163923,133518124
196201186,133517523
197238442,133517410
198275704,133517611
199312960,133517666
200350219,133517210
201387476,133517268
202424740,133517360
203461996,133517704
204499255,133517132
205536512,133517900
206573772,133517280
207611035,133518190
208648288,133517618
209685547,133517084
210722807,133517247
211760067,133517792
212797329,133517190
213834586,133516898
214871850,133517418
215909114,133517414
216946371,133517724
217983641,133516986
219020906,133517716
220058177,133517472
221095448,133517130
222132721,133518874
223169994,133517494
224207266,133517504
225244540,133517056
226281810,133517696
227319086,133517932
228356358,133517274
229393624,133517508
230430892,133517184
231468164,133517321
232505439,133518494
233542713,133517707
234579985,133517752
235617264,133517866
236654536,133516979
237691817,133516936
238729088,133517620
239766367,133517054
240803648,133517324
241840926,133517657
242878197,133516734
243915473,133517444
244952749,133517370
245990010,133517222
247027277,133516694
248064549,133517280
249101821,133517890
250139093,133518372
251176368,133516720
252213639,133517508
253250912,133517096
254288190,133517240
255325461,133517720
256362732,133516860
257400003,133517490
258437272,133517114
259474544,133517056
260508734,159114258
261540989,155360696
262583269,159119258
263615512,155357988
264657793,159117338
265690069,155372118
266732328,159116190
267764588,155361644
268806865,159120046
269839120,155363528
270881403,159124214
271913654,155363864
272955913,159113488
273988180,155363468
275030455,159119254
276062731,155372320
277104991,159116002
278137251,155364952
279179527,159117884
280211792,155363712
281254055,159112274
282286333,155370336
283328582,159109592
284360841,155358240
285403104,159110667
286435397,155374638
287477641,159111488
288509908,155362836
289552164,159112734
290584424,155359576
291626701,159117776
292658964,155366894
293701223,159112756
294704359,133517502
295741626,133517252
296778893,133517594
297816155,133517798
298853412,133517078
299890670,133517180
300927936,133517792
301965198,133517688
303002458,133517536
304039727,133517368
305076991,133517424
306114250,133518016
307151513,133517430
308188773,133517048
309226035,133517096
310263294,133517418
311300552,133517081
312259589,133489477
313259627,133490260
314392850,133517394
315392917,133517210
316821901,133517559
317780935,133489570
318780972,133489194
319914192,133517760
320914264,133517712
322343207,133517284
323302248,133489900
324302287,133490000
325435500,133517724
326435571,133516712
327864452,133517416
328823491,133489893
329823526,133490244
330956751,133517168
331956823,133517542
333388419,133486828
334388382,133485556
335353542,133487731
336353579,133489456
337486796,133517402
338486864,133516792
339915766,133517152
340874805,133490031
341874842,133490140
343008066,133517224
344008128,133517106
345437049,133517394
346396081,133489550
347396113,133489823
348529341,133516742
349529406,133517344
350958384,133517368
351917425,133489172
352917467,133490214
354050684,133518262
355050752,133517160
356479733,133517748
357438762,133487838
358438798,133489359
359572015,133517366
360572082,133517460
362001061,133517638
362960103,133489644
363960135,133490483
PMU buffer: PMU::INSTRUCTIONS_RETIRED
4892548,133405436
5894532,133405645
6894614,133405643
7894626,133405643
8894503,133405643
9894742,133405643
10894760,133405643
12130003,133427315
13191446,133427313
14620044,133448985
15661597,133448983
16932619,133448983
17537215,133405643
18479124,133405643
19692859,133427313
20776074,133427313
22057798,133405643
23012806,133405643
24068388,133405643
25068027,133405643
26254335,133427313
27364748,133427313
28796180,133405643
29736449,133405643
30897023,133427313
32032796,133427313
33406707,133405643
34406744,133405643
35539943,133427313
36540002,133427522
38144125,133427313
39193168,139139979
40115639,133405643
41224799,140001019
42411985,133427313
43803280,133405434
44779305,133405643
45868381,139907044
46912560,133427522
48520322,184595333
49442825,133405434
50511954,139991470
51739242,133427313
53170274,133405434
54106292,133405643
55155367,139898792
56239545,133427522
57847108,184585156
58769642,133405643
59769676,133405643
61066019,133427313
62536937,133405984
63432956,133405643
64432990,133405643
65566212,133427313
67164977,183319676
68219033,146138857
69141511,133405643
70141545,133405643
71437920,133427313
73041514,133427313
73993710,133405643
74837670,133405643
75837705,133405643
77134010,133427313
78729557,183057166
79703249,138238043
80533786,133405434
81533825,133405643
82830270,133427313
84430791,184449674
85414007,137701307
86230029,133405434
87230065,133405643
88526471,133427313
90078549,184047195
90889094,133405434
91889132,133405643
93185540,133427313
94832327,183638094
96050182,133449192
97456102,133406195
98177455,133405434
99177490,133405643
100473804,133427313
102087376,184551284
103110494,137205183
103891495,133405643
104891526,133405643
106187821,133427318
107806284,185009510
108839615,137797318
109605585,133405434
110605622,133405643
111901953,133427313
113506820,184039918
114545912,137171758
115301924,133405434
116301961,133405643
117598293,133427313
118598432,133427313
120202367,133427522
120998350,133405434
121998387,133405643
123294770,133427313
124294777,133427522
125898715,133427313
126694781,133405434
127694819,133405643
128991107,133427313
129991166,133427313
131595252,133427313
132391209,133405434
133391244,133405589
134524476,133427205
135524545,133427205
137128617,133427414
138087640,133405380
139087676,133405589
140220898,133427205
141220966,133427205
142825043,133427414
143784086,133407629
144784118,133405589
145917345,133427205
146917412,133427205
148521478,133427414
149480519,133405380
150480552,133405589
151613776,133427414
152613848,133427205
154217887,133427414
155176927,133405380
156176965,133405589
157310181,133427414
158310254,133427205
159914278,133427414
160873311,133405380
161873350,133405589
163006575,133427414
164006640,133427205
165532417,133405589
166532458,133405589
167665674,133427414
168665741,133427205
170269699,133427414
171306966,133427205
172344229,133427414
173381487,133427414
174418747,133427414
175456005,133427414
176493267,133427414
177530522,133427414
178567782,133427414
179605038,133427414
180642292,133427414
181679553,133427414
182716817,133427414
183754074,133427414
184791331,133427414
185828592,133427414
186865859,133427205
187903112,133427414
188940371,133427414
189977626,133427414
191014884,133427414
192052146,133427414
193089402,133427414
194126665,133427414
195163923,133427414
196201186,133427414
197238442,133427414
198275704,133427414
199312960,133427414
200350219,133427205
201387476,133427414
202424740,133427205
203461996,133427414
204499255,133427205
205536512,133427419
206573772,133427414
207611035,133427414
208648288,133427414
209685547,133427414
210722807,133427414
211760067,133427414
212797329,133427414
213834586,133427414
214871850,133427205
215909114,133427205
216946371,133427205
217983641,133427205
219020906,133427414
220058177,133427414
221095448,133427414
222132721,133427414
223169994,133427414
224207266,133427414
225244540,133427414
226281810,133427414
227319086,133427414
228356358,133427414
229393624,133427414
230430892,133427414
231468164,133427414
232505439,133427414
233542713,133427414
234579985,133427414
235617264,133427205
236654536,133427205
237691817,133427205
238729088,133427414
239766367,133427205
240803648,133427205
241840926,133427205
242878197,133427205
243915473,133427205
244952749,133427414
245990010,133427205
247027277,133427205
248064549,133427205
249101821,133427437
250139093,133427414
251176368,133427205
252213639,133427205
253250912,133427429
254288190,133427205
255325461,133427665
256362732,133427205
257400003,133427205
258437272,133427205
259474544,133427205
260508734,136271522
261540989,135854210
262583269,136272018
263615512,135854018
264657793,136271666
265690069,135855450
266732328,136271498
267764588,135854358
268806865,136272034
269839120,135854494
270881403,136272646
271913654,135855302
272955913,136271278
273988180,135854542
275030455,136272122
276062731,135856114
277104991,136271570
278137251,135855070
279179527,136271830
280211792,135854570
281254055,136271154
282286333,135856782
283328582,136477454
284360841,135853978
285403104,136477342
286435397,135856042
287477641,136477386
288509908,135854458
289552164,136478282
290584424,135854186
291626701,136477782
292658964,135854974
293701223,136477286
294704359,133427205
295741626,133427205
296778893,133427205
297816155,133427205
298853412,133427210
299890670,133427205
300927936,133427205
301965198,133427205
303002458,133427205
304039727,133427205
305076991,133427205
306114250,133427205
307151513,133427205
308188773,133427205
309226035,133427205
310263294,133427205
311300552,133427205
312259589,133405380
313259627,133405589
314392850,133427205
315392917,133427205
316821901,133427414
317780935,133405589
318780972,133405589
319914192,133427414
320914264,133427205
322343207,133427205
323302248,133405589
324302287,133405589
325435500,133427414
326435571,133427205
327864452,133427414
328823491,133405380
329823526,133405589
330956751,133427414
331956823,133427205
333388419,133405589
334388382,133405589
335353542,133405380
336353579,133405589
337486796,133427414
338486864,133427205
339915766,133427414
340874805,133405589
341874842,133405589
343008066,133427205
344008128,133427205
345437049,133427414
346396081,133405589
347396113,133405589
348529341,133427205
349529406,133427205
350958384,133427414
351917425,133405380
352917467,133405589
354050684,133427414
355050752,133427205
356479733,133427414
357438762,133405589
358438798,133405589
359572015,133427414
360572082,133427205
362001061,133427414
362960103,133405589
363960135,133405589
PMU buffer: PMU::CONDITIONAL_BRANCHES_RETIRED
4892548,26677939
5894532,26677948
6894614,26677948
7894626,26677948
8894503,26677948
9894742,26677948
10894760,26677948
12130003,26679172
13191446,26679172
14620044,26680396
15661597,26680396
16932619,26680396
17537215,26677948
18479124,26677948
19692859,26679172
20776074,26679172
22057798,26677948
23012806,26677948
24068388,26677948
25068027,26677948
26254335,26679172
27364748,26679172
28796180,26677948
29736449,26677948
30897023,26679172
32032796,26679172
33406707,26677948
34406744,26677948
35539943,26679172
36540002,26679181
38144125,26679172
39193168,29544057
40115639,26677948
41224799,29967772
42411985,26679172
43803280,26677939
44779305,26677948
45868381,29923037
46912560,26679181
48520322,52269359
49442825,26677939
50511954,29967407
51739242,26679172
53170274,26677995
54106292,26677948
55155367,29923225
56239545,26679181
57847108,52262281
58769642,26677948
59769676,26677948
61066019,26679172
62536937,26677995
63432956,26677948
64432990,26677948
65566212,26679172
67164977,51625039
68219033,33037070
69141511,26677948
70141545,26677948
71437920,26679172
73041514,26679172
73993710,26677948
74837670,26677948
75837705,26677948
77134010,26679172
78729557,51494003
79703249,29092946
80533786,26677939
81533825,26677948
82830270,26679172
84430791,52190257
85414007,28823404
86230029,26677939
87230065,26677948
88526471,26679172
90078549,51994792
90889094,26677939
91889132,26677948
93185540,26679172
94832327,51779551
96050182,26680405
97456102,26678224
98177455,26677939
99177490,26677948
100473804,26679172
102087376,52240843
103110494,28571028
103891495,26677948
104891526,26677948
106187821,26679172
107806284,52470175
108839615,28866017
109605585,26677939
110605622,26677948
111901953,26679172
113506820,51985379
114545912,28551681
115301924,26677939
116301961,26677948
117598293,26679172
118598432,26679172
120202367,26679181
120998350,26677939
121998387,26677948
123294770,26679172
124294777,26679181
125898715,26679172
126694781,26677939
127694819,26677948
128991107,26679172
129991166,26679172
131595252,26679172
132391209,26677939
133391244,26677921
134524476,26679118
135524545,26679118
137128617,26679127
138087640,26677912
139087676,26677921
140220898,26679118
141220966,26679118
142825043,26679127
143784086,26678941
144784118,26677921
145917345,26679118
146917412,26679118
148521478,26679127
149480519,26677912
150480552,26677921
151613776,26679127
152613848,26679118
154217887,26679127
155176927,26677912
156176965,26677921
157310181,26679127
158310254,26679118
159914278,26679127
160873311,26677912
161873350,26677921
163006575,26679127
164006640,26679118
165532417,26677921
166532458,26677921
167665674,26679127
168665741,26679118
170269699,26679127
171306966,26679118
172344229,26679127
173381487,26679127
174418747,26679127
175456005,26679127
176493267,26679127
177530522,26679127
178567782,26679127
179605038,26679127
180642292,26679127
181679553,26679127
182716817,26679127
183754074,26679127
184791331,26679127
185828592,26679127
186865859,26679118
187903112,26679127
188940371,26679127
189977626,26679127
191014884,26679127
192052146,26679127
193089402,26679127
194126665,26679127
195163923,26679127
196201186,26679127
197238442,26679127
198275704,26679127
199312960,26679127
200350219,26679118
201387476,26679127
202424740,26679118
203461996,26679127
204499255,26679118
205536512,26679127
206573772,26679127
207611035,26679127
208648288,26679127
209685547,26679127
210722807,26679127
211760067,26679127
212797329,26679127
213834586,26679127
214871850,26679118
215909114,26679118
216946371,26679118
217983641,26679118
219020906,26679127
220058177,26679127
221095448,26679127
222132721,26679127
223169994,26679127
224207266,26679127
225244540,26679127
226281810,26679127
227319086,26679127
228356358,26679127
229393624,26679127
230430892,26679127
231468164,26679127
232505439,26679127
233542713,26679127
234579985,26679127
235617264,26679118
236654536,26679118
237691817,26679118
238729088,26679127
239766367,26679118
240803648,26679118
241840926,26679118
242878197,26679118
243915473,26679118
244952749,26679127
245990010,26679118
247027277,26679118
248064549,26679118
249101821,26679234
250139093,26679127
251176368,26679118
252213639,26679118
253250912,26679230
254288190,26679118
255325461,26679348
256362732,26679118
257400003,26679118
258437272,26679118
259474544,26679118
260508734,28101181
261540989,27892525
262583269,28101429
263615512,27892429
264657793,28101253
265690069,27893145
266732328,28101169
267764588,27892599
268806865,28101437
269839120,27892667
270881403,28101743
271913654,27893071
272955913,28101059
273988180,27892691
275030455,28101481
276062731,27893477
277104991,28101205
278137251,27892955
279179527,28101335
280211792,27892705
281254055,28100997
282286333,27893811
283328582,28204147
284360841,27892409
285403104,28204091
286435397,27893441
287477641,28204113
288509908,27892649
289552164,28204561
290584424,27892513
291626701,28204311
292658964,27892907
293701223,28204063
294704359,26679118
295741626,26679118
296778893,26679118
297816155,26679118
298853412,26679118
299890670,26679118
300927936,26679118
301965198,26679118
303002458,26679118
304039727,26679118
305076991,26679118
306114250,26679118
307151513,26679118
308188773,26679118
309226035,26679118
310263294,26679118
311300552,26679118
312259589,26677912
313259627,26677921
314392850,26679118
315392917,26679118
316821901,26679127
317780935,26677921
318780972,26677921
319914192,26679127
320914264,26679118
322343207,26679118
323302248,26677921
324302287,26677921
325435500,26679127
326435571,26679118
327864452,26679127
328823491,26677912
329823526,26677921
330956751,26679127
331956823,26679118
333388419,26677921
334388382,26677921
335353542,26677912
336353579,26677921
337486796,26679127
338486864,26679118
339915766,26679127
340874805,26677921
341874842,26677921
343008066,26679118
344008128,26679118
345437049,26679127
346396081,26677921
347396113,26677921
348529341,26679118
349529406,26679118
350958384,26679127
351917425,26677912
352917467,26677921
354050684,26679127
355050752,26679118
356479733,26679127
357438762,26677921
358438798,26677921
359572015,26679127
360572082,26679118
362001061,26679127
362960103,26677921
363960135,26677921
PMU buffer: PMU::JALR_INSTRUCTIONS_RETIRED
4892548,520
5894532,524
6894614,524
7894626,524
8894503,524
9894742,524
10894760,524
12130003,1024
13191446,1024
14620044,1524
15661597,1524
16932619,1524
17537215,524
18479124,524
19692859,1024
20776074,1024
22057798,524
23012806,524
24068388,524
25068027,524
26254335,1024
27364748,1024
28796180,524
29736449,524
30897023,1024
32032796,1024
33406707,524
34406744,524
35539943,1024
36540002,1028
38144125,1024
39193168,605
40115639,524
41224799,940
42411985,1024
43803280,520
44779305,524
45868381,824
46912560,1028
48520322,731
49442825,520
50511954,712
51739242,1024
53170274,540
54106292,524
55155367,600
56239545,1028
57847108,833
58769642,524
59769676,524
61066019,1024
62536937,540
63432956,524
64432990,524
65566212,1024
67164977,1048
68219033,941
69141511,524
70141545,524
71437920,1024
73041514,1024
73993710,524
74837670,524
75837705,524
77134010,1024
78729557,1028
79703249,596
80533786,520
81533825,524
82830270,1024
84430791,1028
85414007,656
86230029,520
87230065,524
88526471,1024
90078549,732
90889094,520
91889132,524
93185540,1024
94832327,1288
96050182,1528
97456102,524
98177455,520
99177490,524
100473804,1024
102087376,1048
103110494,880
103891495,524
104891526,524
106187821,1024
107806284,1028
108839615,936
109605585,520
110605622,524
111901953,1024
113506820,1028
114545912,1012
115301924,520
116301961,524
117598293,1024
118598432,1024
120202367,1028
120998350,540
121998387,524
123294770,1024
124294777,1028
125898715,1024
126694781,520
127694819,524
128991107,1024
129991166,1024
131595252,1024
132391209,520
133391244,524
134524476,1024
135524545,1024
137128617,1028
138087640,520
139087676,524
140220898,1024
141220966,1024
142825043,1028
143784086,524
144784118,524
145917345,1024
146917412,1024
148521478,1028
149480519,520
150480552,524
151613776,1028
152613848,1024
154217887,1028
155176927,520
156176965,524
157310181,1028
158310254,1024
159914278,1028
160873311,520
161873350,524
163006575,1028
164006640,1024
165532417,524
166532458,524
167665674,1028
168665741,1024
170269699,1028
171306966,1024
172344229,1028
173381487,1028
174418747,1028
175456005,1028
176493267,1028
177530522,1028
178567782,1028
179605038,1028
180642292,1028
181679553,1028
182716817,1028
183754074,1028
184791331,1028
185828592,1028
186865859,1024
187903112,1028
188940371,1028
189977626,1028
191014884,1028
192052146,1028
193089402,1028
194126665,1028
195163923,1028
196201186,1028
197238442,1028
198275704,1028
199312960,1028
200350219,1024
201387476,1028
202424740,1024
203461996,1028
204499255,1024
205536512,1028
206573772,1028
207611035,1028
208648288,1028
209685547,1028
210722807,1028
211760067,1028
212797329,1028
213834586,1028
214871850,1024
215909114,1024
216946371,1024
217983641,1024
219020906,1028
220058177,1028
221095448,1028
222132721,1028
223169994,1028
224207266,1028
225244540,1028
226281810,1028
227319086,1028
228356358,1028
229393624,1028
230430892,1028
231468164,1028
232505439,1028
233542713,1028
234579985,1028
235617264,1024
236654536,1024
237691817,1024
238729088,1028
239766367,1024
240803648,1024
241840926,1024
242878197,1024
243915473,1024
244952749,1028
245990010,1024
247027277,1024
248064549,1024
249101821,1024
250139093,1028
251176368,1024
252213639,1024
253250912,1024
254288190,1024
255325461,1024
256362732,1024
257400003,1024
258437272,1024
259474544,1024
260508734,1028
261540989,1028
262583269,1028
263615512,1028
264657793,1028
265690069,1028
266732328,1028
267764588,1028
268806865,1028
269839120,1028
270881403,1028
271913654,1028
272955913,1028
273988180,1028
275030455,1028
276062731,1028
277104991,1028
278137251,1028
279179527,1028
280211792,1028
281254055,1028
282286333,1028
283328582,1028
284360841,1028
285403104,1028
286435397,1028
287477641,1028
288509908,1028
289552164,1028
290584424,1028
291626701,1028
292658964,1028
293701223,1028
294704359,1024
295741626,1024
296778893,1024
297816155,1024
298853412,1024
299890670,1024
300927936,1024
301965198,1024
303002458,1024
304039727,1024
305076991,1024
306114250,1024
307151513,1024
308188773,1024
309226035,1024
310263294,1024
311300552,1024
312259589,520
313259627,524
314392850,1024
315392917,1024
316821901,1028
317780935,524
318780972,524
319914192,1028
320914264,1024
322343207,1024
323302248,524
324302287,524
325435500,1028
326435571,1024
327864452,1028
328823491,520
329823526,524
330956751,1028
331956823,1024
333388419,524
334388382,524
335353542,520
336353579,524
337486796,1028
338486864,1024
339915766,1028
340874805,524
341874842,524
343008066,1024
344008128,1024
345437049,1028
346396081,524
347396113,524
348529341,1024
349529406,1024
350958384,1028
351917425,520
352917467,524
354050684,1028
355050752,1024
356479733,1028
357438762,524
358438798,524
359572015,1028
360572082,1024
362001061,1028
362960103,524
363960135,524
PMU buffer: L2_PMU::L2_INNER_RELEASEDATA_HIT_L2
4892548,617246
5894532,636680
6894614,636060
7894626,635805
8894503,637610
9894742,636059
10894760,638315
12130003,627598
13191446,584815
14620044,579178
15661597,573352
16932619,569512
17537215,565710
18479124,637719
19692859,586125
20776074,584786
22057798,406764
23012806,404190
24068388,738953
25068027,637094
26254335,583980
27364748,584909
28796180,422704
29736449,421878
30897023,427876
32032796,428979
33406707,725579
34406744,420255
35539943,427084
36540002,776271
38144125,758124
39193168,434059
40115639,420196
41224799,416911
42411985,428460
43803280,704128
44779305,420478
45868381,415592
46912560,776012
48520322,523348
49442825,420161
50511954,415861
51739242,428255
53170274,618530
54106292,420257
55155367,415830
56239545,776116
57847108,604699
58769642,420289
59769676,420198
61066019,428672
62536937,541511
63432956,420300
64432990,420241
65566212,776368
67164977,769491
68219033,734074
69141511,420212
70141545,420431
71437920,428606
73041514,429565
73993710,423018
74837670,420283
75837705,420210
77134010,428766
78729557,416448
79703249,432018
80533786,420665
81533825,420189
82830270,428343
84430791,438861
85414007,430737
86230029,422105
87230065,420794
88526471,428623
90078549,419544
90889094,420430
91889132,420653
93185540,429029
94832327,421274
96050182,432317
97456102,423711
98177455,420238
99177490,420719
100473804,428135
102087376,420328
103110494,417275
103891495,420849
104891526,420537
106187821,428899
107806284,420704
108839615,440675
109605585,420845
110605622,420400
111901953,428715
113506820,440878
114545912,417376
115301924,420521
116301961,420208
117598293,429139
118598432,428399
120202367,428720
120998350,420282
121998387,420238
123294770,428335
124294777,429151
125898715,429062
126694781,420321
127694819,420321
128991107,428533
129991166,429287
131595252,428760
132391209,420214
133391244,420791
134524476,409524
135524545,409568
137128617,409548
138087640,401468
139087676,401296
140220898,409534
141220966,409531
142825043,409562
143784086,401413
144784118,401862
145917345,409512
146917412,409571
148521478,409590
149480519,401332
150480552,401149
151613776,409527
152613848,409563
154217887,409572
155176927,401429
156176965,401205
157310181,409563
158310254,409564
159914278,409570
160873311,401319
161873350,401201
163006575,409505
164006640,409575
165532417,401222
166532458,401298
167665674,409546
168665741,409580
170269699,409519
171306966,409541
172344229,409442
173381487,409600
174418747,409513
175456005,409505
176493267,409507
177530522,409513
178567782,409507
179605038,409532
180642292,409478
181679553,409485
182716817,409516
183754074,409501
184791331,409500
185828592,409500
186865859,409562
187903112,409551
188940371,409525
189977626,409551
191014884,409525
192052146,409487
193089402,409628
194126665,409530
195163923,409528
196201186,409497
197238442,409445
198275704,409570
199312960,409532
200350219,409492
201387476,409531
202424740,409565
203461996,409537
204499255,409554
205536512,409542
206573772,409513
207611035,409524
208648288,409540
209685547,409534
210722807,409547
211760067,409552
212797329,409537
213834586,409567
214871850,409521
215909114,409578
216946371,409593
217983641,409413
219020906,409728
220058177,409597
221095448,409544
222132721,409881
223169994,409611
224207266,409810
225244540,409486
226281810,410082
227319086,409561
228356358,409817
229393624,409538
230430892,409729
231468164,409529
232505439,409744
233542713,409557
234579985,410085
235617264,409571
236654536,409894
237691817,409588
238729088,409611
239766367,409557
240803648,409576
241840926,409574
242878197,409233
243915473,409554
244952749,409311
245990010,409566
247027277,409251
248064549,409662
249101821,409269
250139093,409575
251176368,409220
252213639,409564
253250912,409266
254288190,409578
255325461,409235
256362732,409593
257400003,409217
258437272,409547
259474544,409311
260508734,403121
261540989,403168
262583269,402975
263615512,402870
264657793,402990
265690069,403135
266732328,403036
267764588,402968
268806865,403096
269839120,403083
270881403,402979
271913654,402956
272955913,403037
273988180,403110
275030455,402954
276062731,403010
277104991,403028
278137251,402872
279179527,402937
280211792,402940
281254055,402989
282286333,403142
283328582,402569
284360841,402930
285403104,403026
286435397,402999
287477641,403140
288509908,402983
289552164,402492
290584424,403066
291626701,402950
292658964,403011
293701223,403046
294704359,405488
295741626,405490
296778893,409558
297816155,409573
298853412,409593
299890670,409535
300927936,409581
301965198,409561
303002458,409531
304039727,409499
305076991,409581
306114250,409588
307151513,409564
308188773,409543
309226035,409522
310263294,409584
311300552,409572
312259589,401236
313259627,401107
314392850,409505
315392917,409617
316821901,409584
317780935,401308
318780972,401327
319914192,409429
320914264,409617
322343207,409584
323302248,401273
324302287,401278
325435500,409542
326435571,409593
327864452,409605
328823491,401238
329823526,401161
330956751,409479
331956823,409594
333388419,1
334388382,0
335353542,401489
336353579,401164
337486796,409579
338486864,409584
339915766,409562
340874805,401423
341874842,401396
343008066,409455
344008128,409582
345437049,409542
346396081,401355
347396113,401237
348529341,409491
349529406,409523
350958384,409596
351917425,401393
352917467,401175
354050684,409559
355050752,409535
356479733,409610
357438762,401468
358438798,401210
359572015,409521
360572082,409555
362001061,409603
362960103,401453
363960135,401775
PMU buffer: L2_PMU::L2_INNER_ACQUIREBLOCK_NTOT
4892548,535712
5894532,551424
6894614,550797
7894626,550544
8894503,552296
9894742,550828
10894760,551262
12130003,543566
13191446,506662
14620044,502330
15661597,496270
16932619,494225
17537215,490880
18479124,552489
19692859,508395
20776074,506661
22057798,355683
23012806,353202
24068388,641315
25068027,551904
26254335,506288
27364748,506685
28796180,362797
29736449,362598
30897023,367725
32032796,367817
33406707,631268
34406744,360681
35539943,367361
36540002,673700
38144125,659004
39193168,370193
40115639,360655
41224799,357148
42411985,366449
43803280,612573
44779305,360817
45868381,355864
46912560,673519
48520322,449250
49442825,360620
50511954,356181
51739242,366739
53170274,538883
54106292,360652
55155367,356362
56239545,673672
57847108,524117
58769642,360672
59769676,360583
61066019,367886
62536937,466508
63432956,360696
64432990,360596
65566212,673849
67164977,668721
68219033,638110
69141511,360617
70141545,360703
71437920,367501
73041514,368068
73993710,362062
74837670,360628
75837705,360565
77134010,367875
78729557,356446
79703249,371057
80533786,360897
81533825,360584
82830270,367218
84430791,376107
85414007,369503
86230029,362313
87230065,361098
88526471,367537
90078549,359890
90889094,360725
91889132,360965
93185540,368108
94832327,361309
96050182,370646
97456102,362306
98177455,360669
99177490,361009
100473804,366719
102087376,360769
103110494,357904
103891495,361159
104891526,360825
106187821,368107
107806284,360725
108839615,378162
109605585,361141
110605622,360700
111901953,367845
113506820,378421
114545912,358158
115301924,360814
116301961,360593
117598293,368222
118598432,366459
120202367,367611
120998350,360631
121998387,360629
123294770,366496
124294777,368055
125898715,368080
126694781,360668
127694819,360670
128991107,367579
129991166,368214
131595252,367718
132391209,360655
133391244,361112
134524476,354313
135524545,354270
137128617,354293
138087640,346120
139087676,345494
140220898,354282
141220966,354317
142825043,354290
143784086,346113
144784118,345702
145917345,354277
146917412,354306
148521478,354323
149480519,346061
150480552,345907
151613776,354289
152613848,354348
154217887,354286
155176927,346165
156176965,345632
157310181,354319
158310254,354298
159914278,354297
160873311,346044
161873350,345907
163006575,354324
164006640,354250
165532417,345965
166532458,345947
167665674,354309
168665741,354278
170269699,354294
171306966,354295
172344229,354301
173381487,354301
174418747,354337
175456005,354291
176493267,354309
177530522,354271
178567782,354280
179605038,354299
180642292,354312
181679553,354289
182716817,354312
183754074,354281
184791331,354289
185828592,354316
186865859,354321
187903112,354329
188940371,354305
189977626,354341
191014884,354330
192052146,354280
193089402,354315
194126665,354302
195163923,354317
196201186,354303
197238442,354286
198275704,354361
199312960,354330
200350219,354286
201387476,354323
202424740,354312
203461996,354302
204499255,354315
205536512,354329
206573772,354313
207611035,354302
208648288,354325
209685547,354291
210722807,354343
211760067,354330
212797329,354367
213834586,354306
214871850,354314
215909114,354331
216946371,354406
217983641,354264
219020906,354447
220058177,354308
221095448,354383
222132721,354472
223169994,354381
224207266,354457
225244540,354309
226281810,354312
227319086,354296
228356358,354433
229393624,354278
230430892,354477
231468164,354267
232505439,354419
233542713,354288
234579985,354432
235617264,354301
236654536,353999
237691817,354299
238729088,353978
239766367,354294
240803648,353981
241840926,354314
242878197,354091
243915473,354294
244952749,354126
245990010,354338
247027277,354096
248064549,354390
249101821,354098
250139093,354335
251176368,354102
252213639,354334
253250912,354110
254288190,354295
255325461,354123
256362732,354336
257400003,354090
258437272,354327
259474544,354117
260508734,347775
261540989,347789
262583269,347682
263615512,347577
264657793,347648
265690069,347793
266732328,347688
267764588,347652
268806865,347741
269839120,347724
270881403,347649
271913654,347645
272955913,347718
273988180,347738
275030455,347649
276062731,347718
277104991,347722
278137251,347624
279179527,347625
280211792,347643
281254055,347639
282286333,347771
283328582,347459
284360841,347631
285403104,347694
286435397,347700
287477641,347836
288509908,347687
289552164,347490
290584424,347703
291626701,347652
292658964,347737
293701223,347678
294704359,350065
295741626,350282
296778893,354295
297816155,354309
298853412,354300
299890670,354285
300927936,354320
301965198,354288
303002458,354279
304039727,354258
305076991,354310
306114250,354302
307151513,354291
308188773,354311
309226035,354301
310263294,354304
311300552,354274
312259589,346001
313259627,345837
314392850,354312
315392917,354279
316821901,354314
317780935,346040
318780972,345483
319914192,354259
320914264,354327
322343207,354292
323302248,346041
324302287,345640
325435500,354295
326435571,354291
327864452,354336
328823491,345984
329823526,345888
330956751,354332
331956823,354298
333388419,36
334388382,37
335353542,345432
336353579,345774
337486796,354304
338486864,354250
339915766,354294
340874805,346186
341874842,345403
343008066,354280
344008128,354304
345437049,354302
346396081,346110
347396113,345986
348529341,354353
349529406,354278
350958384,354313
351917425,346090
352917467,345889
354050684,354290
355050752,354315
356479733,354342
357438762,346120
358438798,345947
359572015,354291
360572082,354291
362001061,354317
362960103,346207
363960135,345810
PMU buffer: L2_PMU::L2_OUTER_RELEASEDATA_TTON_DIRTY_EVICTION
4892548,1815
5894532,1705
6894614,1655
7894626,1676
8894503,1629
9894742,1703
10894760,1702
12130003,1707
13191446,1649
14620044,1710
15661597,1539
16932619,1731
17537215,1776
18479124,1632
19692859,1550
20776074,1694
22057798,16269
23012806,15780
24068388,1977
25068027,1660
26254335,1519
27364748,1546
28796180,16051
29736449,16651
30897023,16581
32032796,16398
33406707,407
34406744,16605
35539943,16567
36540002,577
38144125,905
39193168,16791
40115639,16703
41224799,16868
42411985,16378
43803280,1021
44779305,16807
45868381,16959
46912560,958
48520322,17196
49442825,16780
50511954,17004
51739242,16451
53170274,17194
54106292,16933
55155367,16994
56239545,1043
57847108,17060
58769642,16682
59769676,16596
61066019,16588
62536937,16931
63432956,16689
64432990,16731
65566212,916
67164977,1556
68219033,950
69141511,16617
70141545,16601
71437920,16495
73041514,16383
73993710,16467
74837670,16581
75837705,16708
77134010,16667
78729557,16804
79703249,16931
80533786,16645
81533825,16766
82830270,16663
84430791,16926
85414007,16945
86230029,16650
87230065,16717
88526471,16689
90078549,17058
90889094,16547
91889132,16576
93185540,16690
94832327,16940
96050182,16480
97456102,16162
98177455,16703
99177490,16667
100473804,16772
102087376,17207
103110494,16978
103891495,16461
104891526,16467
106187821,16620
107806284,17098
108839615,16928
109605585,16508
110605622,16584
111901953,16765
113506820,17176
114545912,17007
115301924,16605
116301961,16644
117598293,16405
118598432,16545
120202367,16459
120998350,16587
121998387,16605
123294770,16421
124294777,16448
125898715,16480
126694781,16610
127694819,16594
128991107,16731
129991166,16359
131595252,16481
132391209,16568
133391244,16415
134524476,182
135524545,162
137128617,135
138087640,6380
139087676,6484
140220898,140
141220966,162
142825043,152
143784086,6228
144784118,6388
145917345,168
146917412,132
148521478,174
149480519,6363
150480552,6502
151613776,166
152613848,157
154217887,171
155176927,6403
156176965,6409
157310181,137
158310254,167
159914278,156
160873311,6381
161873350,6488
163006575,170
164006640,159
165532417,6379
166532458,6446
167665674,154
168665741,153
170269699,156
171306966,168
172344229,152
173381487,161
174418747,161
175456005,165
176493267,160
177530522,169
178567782,171
179605038,142
180642292,154
181679553,131
182716817,165
183754074,146
184791331,158
185828592,150
186865859,160
187903112,179
188940371,167
189977626,157
191014884,165
192052146,172
193089402,173
194126665,162
195163923,162
196201186,148
197238442,144
198275704,161
199312960,150
200350219,162
201387476,161
202424740,151
203461996,145
204499255,148
205536512,173
206573772,161
207611035,179
208648288,160
209685547,149
210722807,141
211760067,151
212797329,157
213834586,148
214871850,150
215909114,155
216946371,175
217983641,162
219020906,151
220058177,165
221095448,159
222132721,163
223169994,149
224207266,157
225244540,179
226281810,153
227319086,148
228356358,148
229393624,167
230430892,158
231468164,189
232505439,145
233542713,180
234579985,158
235617264,146
236654536,144
237691817,143
238729088,170
239766367,177
240803648,140
241840926,169
242878197,165
243915473,182
244952749,118
245990010,148
247027277,107
248064549,114
249101821,120
250139093,116
251176368,125
252213639,101
253250912,93
254288190,118
255325461,126
256362732,119
257400003,130
258437272,167
259474544,246
260508734,555
261540989,611
262583269,576
263615512,562
264657793,594
265690069,566
266732328,552
267764588,565
268806865,571
269839120,564
270881403,594
271913654,578
272955913,560
273988180,573
275030455,548
276062731,599
277104991,569
278137251,537
279179527,568
280211792,558
281254055,556
282286333,573
283328582,543
284360841,560
285403104,566
286435397,550
287477641,545
288509908,545
289552164,516
290584424,527
291626701,563
292658964,547
293701223,564
294704359,395
295741626,306
296778893,180
297816155,181
298853412,146
299890670,139
300927936,155
301965198,170
303002458,161
304039727,156
305076991,151
306114250,179
307151513,166
308188773,159
309226035,157
310263294,140
311300552,171
312259589,6284
313259627,6514
314392850,150
315392917,150
316821901,171
317780935,6398
318780972,6520
319914192,159
320914264,160
322343207,155
323302248,6332
324302287,6459
325435500,155
326435571,183
327864452,162
328823491,6387
329823526,6494
330956751,157
331956823,169
333388419,18
334388382,13
335353542,6426
336353579,6550
337486796,150
338486864,158
339915766,139
340874805,6382
341874842,6505
343008066,157
344008128,145
345437049,195
346396081,6310
347396113,6417
348529341,165
349529406,166
350958384,145
351917425,6411
352917467,6455
354050684,183
355050752,142
356479733,155
357438762,6291
358438798,6443
359572015,161
360572082,170
362001061,173
362960103,6235
363960135,6404
PMU buffer: L2_PMU::L2_DEMAND_MISS_HIT_MSHR_ALLOC_HINT
4892548,2
5894532,0
6894614,0
7894626,0
8894503,0
9894742,0
10894760,0
12130003,0
13191446,0
14620044,0
15661597,0
16932619,0
17537215,0
18479124,0
19692859,0
20776074,0
22057798,1
23012806,0
24068388,0
25068027,0
26254335,0
27364748,0
28796180,1
29736449,0
30897023,0
32032796,0
33406707,1
34406744,0
35539943,1
36540002,1
38144125,3
39193168,4
40115639,6
41224799,7
42411985,0
43803280,5
44779305,3
45868381,8
46912560,5
48520322,12
49442825,6
50511954,5
51739242,0
53170274,6
54106292,5
55155367,8
56239545,5
57847108,13
58769642,3
59769676,1
61066019,0
62536937,6
63432956,2
64432990,2
65566212,4
67164977,12
68219033,4
69141511,1
70141545,0
71437920,1
73041514,1
73993710,2
74837670,0
75837705,1
77134010,5
78729557,11
79703249,5
80533786,0
81533825,0
82830270,4
84430791,10
85414007,5
86230029,2
87230065,2
88526471,5
90078549,11
90889094,0
91889132,0
93185540,4
94832327,9
96050182,1
97456102,1
98177455,1
99177490,2
100473804,4
102087376,10
103110494,4
103891495,1
104891526,0
106187821,3
107806284,11
108839615,5
109605585,1
110605622,1
111901953,3
113506820,12
114545912,4
115301924,1
116301961,0
117598293,0
118598432,1
120202367,1
120998350,1
121998387,1
123294770,0
124294777,2
125898715,0
126694781,1
127694819,0
128991107,1
129991166,1
131595252,0
132391209,0
133391244,1
134524476,0
135524545,0
137128617,0
138087640,0
139087676,0
140220898,0
141220966,0
142825043,0
143784086,1
144784118,0
145917345,0
146917412,0
148521478,0
149480519,0
150480552,0
151613776,0
152613848,0
154217887,0
155176927,0
156176965,0
157310181,0
158310254,0
159914278,0
160873311,0
161873350,0
163006575,0
164006640,0
165532417,0
166532458,1
167665674,0
168665741,0
170269699,0
171306966,0
172344229,0
173381487,0
174418747,0
175456005,0
176493267,0
177530522,0
178567782,0
179605038,0
180642292,0
181679553,0
182716817,0
183754074,0
184791331,0
185828592,0
186865859,0
187903112,0
188940371,0
189977626,0
191014884,0
192052146,0
193089402,0
194126665,0
195163923,0
196201186,0
197238442,0
198275704,0
199312960,0
200350219,0
201387476,0
202424740,0
203461996,0
204499255,0
205536512,0
206573772,0
207611035,0
208648288,0
209685547,0
210722807,0
211760067,0
212797329,0
213834586,0
214871850,0
215909114,0
216946371,0
217983641,0
219020906,0
220058177,0
221095448,0
222132721,0
223169994,0
224207266,0
225244540,0
226281810,0
227319086,0
228356358,0
229393624,0
230430892,0
231468164,0
232505439,0
233542713,0
234579985,0
235617264,0
236654536,0
237691817,0
238729088,0
239766367,0
240803648,0
241840926,0
242878197,0
243915473,0
244952749,0
245990010,0
247027277,0
248064549,0
249101821,0
250139093,0
251176368,0
252213639,0
253250912,0
254288190,0
255325461,0
256362732,0
257400003,0
258437272,0
259474544,1
260508734,3
261540989,3
262583269,3
263615512,3
264657793,2
265690069,3
266732328,3
267764588,3
268806865,2
269839120,2
270881403,2
271913654,2
272955913,2
273988180,2
275030455,2
276062731,2
277104991,2
278137251,2
279179527,2
280211792,2
281254055,3
282286333,2
283328582,2
284360841,2
285403104,3
286435397,3
287477641,3
288509908,2
289552164,3
290584424,3
291626701,2
292658964,2
293701223,2
294704359,1
295741626,1
296778893,0
297816155,0
298853412,0
299890670,0
300927936,0
301965198,0
303002458,0
304039727,0
305076991,0
306114250,0
307151513,0
308188773,0
309226035,0
310263294,0
311300552,0
312259589,0
313259627,0
314392850,0
315392917,0
316821901,0
317780935,0
318780972,0
319914192,0
320914264,0
322343207,0
323302248,0
324302287,0
325435500,0
326435571,0
327864452,0
328823491,0
329823526,0
330956751,0
331956823,0
333388419,2
334388382,0
335353542,1
336353579,0
337486796,0
338486864,0
339915766,0
340874805,0
341874842,0
343008066,0
344008128,0
345437049,0
346396081,0
347396113,0
348529341,0
349529406,0
350958384,0
351917425,0
352917467,0
354050684,0
355050752,0
356479733,0
357438762,0
358438798,0
359572015,0
360572082,0
362001061,0
362960103,1
363960135,0
PMU buffer: L2_PMU::L2_OUTER_ACQUIREBLOCK_NTOT_L2_MISS
4892548,1408
5894532,1452
6894614,1377
7894626,1403
8894503,1410
9894742,1416
10894760,1437
12130003,1457
13191446,1291
14620044,1366
15661597,1286
16932619,1365
17537215,1395
18479124,1398
19692859,1256
20776074,1319
22057798,13643
23012806,13352
24068388,1569
25068027,1401
26254335,1243
27364748,1206
28796180,13606
29736449,13663
30897023,13748
32032796,13648
33406707,305
34406744,13720
35539943,13717
36540002,423
38144125,672
39193168,13858
40115639,13704
41224799,13821
42411985,13668
43803280,741
44779305,13831
45868381,13880
46912560,580
48520322,14056
49442825,13829
50511954,13932
51739242,13682
53170274,14197
54106292,13897
55155367,13840
56239545,667
57847108,13954
58769642,13630
59769676,13734
61066019,13841
62536937,14174
63432956,13751
64432990,13781
65566212,597
67164977,904
68219033,575
69141511,13716
70141545,13680
71437920,13779
73041514,13733
73993710,13717
74837670,13638
75837705,13802
77134010,13791
78729557,13801
79703249,13942
80533786,13715
81533825,13793
82830270,13799
84430791,13923
85414007,13968
86230029,13765
87230065,13746
88526471,13836
90078549,13940
90889094,13650
91889132,13722
93185540,13777
94832327,13834
96050182,13826
97456102,13680
98177455,13754
99177490,13770
100473804,13874
102087376,14003
103110494,13886
103891495,13686
104891526,13584
106187821,13790
107806284,13910
108839615,13868
109605585,13622
110605622,13643
111901953,13853
113506820,13936
114545912,13879
115301924,13674
116301961,13748
117598293,13644
118598432,13756
120202367,13726
120998350,13752
121998387,13706
123294770,13689
124294777,13632
125898715,13708
126694781,13674
127694819,13679
128991107,13810
129991166,13584
131595252,13715
132391209,13712
133391244,13529
134524476,99
135524545,95
137128617,72
138087640,4593
139087676,4599
140220898,85
141220966,92
142825043,85
143784086,4489
144784118,4462
145917345,93
146917412,69
148521478,106
149480519,4494
150480552,4592
151613776,90
152613848,102
154217887,92
155176927,4542
156176965,4475
157310181,79
158310254,94
159914278,86
160873311,4616
161873350,4581
163006575,102
164006640,89
165532417,4581
166532458,4544
167665674,85
168665741,82
170269699,82
171306966,90
172344229,93
173381487,88
174418747,98
175456005,97
176493267,85
177530522,88
178567782,97
179605038,77
180642292,94
181679553,79
182716817,93
183754074,91
184791331,89
185828592,82
186865859,93
187903112,101
188940371,102
189977626,92
191014884,89
192052146,96
193089402,104
194126665,89
195163923,96
196201186,84
197238442,84
198275704,83
199312960,80
200350219,99
201387476,92
202424740,86
203461996,84
204499255,92
205536512,102
206573772,92
207611035,98
208648288,86
209685547,85
210722807,76
211760067,84
212797329,94
213834586,89
214871850,92
215909114,93
216946371,94
217983641,83
219020906,91
220058177,85
221095448,81
222132721,98
223169994,78
224207266,90
225244540,113
226281810,91
227319086,83
228356358,98
229393624,95
230430892,88
231468164,114
232505439,88
233542713,98
234579985,95
235617264,84
236654536,87
237691817,83
238729088,103
239766367,103
240803648,89
241840926,104
242878197,91
243915473,103
244952749,69
245990010,85
247027277,52
248064549,58
249101821,57
250139093,45
251176368,62
252213639,47
253250912,47
254288190,60
255325461,62
256362732,62
257400003,62
258437272,90
259474544,133
260508734,250
261540989,287
262583269,261
263615512,233
264657793,258
265690069,253
266732328,255
267764588,265
268806865,264
269839120,253
270881403,275
271913654,261
272955913,250
273988180,263
275030455,240
276062731,268
277104991,253
278137251,226
279179527,255
280211792,257
281254055,256
282286333,255
283328582,242
284360841,257
285403104,264
286435397,257
287477641,261
288509908,237
289552164,238
290584424,264
291626701,253
292658964,272
293701223,245
294704359,164
295741626,120
296778893,105
297816155,102
298853412,72
299890670,85
300927936,89
301965198,104
303002458,96
304039727,91
305076991,89
306114250,108
307151513,104
308188773,93
309226035,86
310263294,81
311300552,99
312259589,4581
313259627,4609
314392850,83
315392917,82
316821901,103
317780935,4551
318780972,4552
319914192,93
320914264,92
322343207,87
323302248,4546
324302287,4540
325435500,90
326435571,115
327864452,104
328823491,4550
329823526,4578
330956751,85
331956823,99
333388419,15
334388382,14
335353542,4487
336353579,4594
337486796,81
338486864,91
339915766,79
340874805,4471
341874842,4587
343008066,90
344008128,83
345437049,112
346396081,4569
347396113,4573
348529341,94
349529406,91
350958384,86
351917425,4530
352917467,4510
354050684,96
355050752,83
356479733,85
357438762,4545
358438798,4567
359572015,86
360572082,97
362001061,98
362960103,4502
363960135,4498
PMU buffer: L2_PMU::L2_INNER_PREFETCH_HIT_L2
4892548,66
5894532,47
6894614,47
7894626,46
8894503,45
9894742,47
10894760,41
12130003,86
13191446,72
14620044,113
15661597,112
16932619,109
17537215,43
18479124,46
19692859,75
20776074,73
22057798,33
23012806,32
24068388,43
25068027,43
26254335,86
27364748,80
28796180,30
29736449,38
30897023,54
32032796,54
33406707,50
34406744,45
35539943,62
36540002,105
38144125,97
39193168,35
40115639,51
41224799,62
42411985,53
43803280,58
44779305,58
45868381,63
46912560,106
48520322,54
49442825,49
50511954,57
51739242,54
53170274,59
54106292,44
55155367,47
56239545,106
57847108,66
58769642,39
59769676,34
61066019,52
62536937,54
63432956,40
64432990,35
65566212,109
67164977,103
68219033,79
69141511,38
70141545,37
71437920,53
73041514,56
73993710,40
74837670,34
75837705,35
77134010,61
78729557,72
79703249,48
80533786,36
81533825,36
82830270,65
84430791,73
85414007,51
86230029,38
87230065,41
88526471,61
90078549,60
90889094,41
91889132,40
93185540,61
94832327,85
96050182,79
97456102,31
98177455,40
99177490,36
100473804,57
102087376,71
103110494,58
103891495,35
104891526,36
106187821,54
107806284,73
108839615,56
109605585,40
110605622,38
111901953,58
113506820,73
114545912,53
115301924,41
116301961,41
117598293,49
118598432,53
120202367,50
120998350,36
121998387,35
123294770,54
124294777,51
125898715,53
126694781,34
127694819,37
128991107,51
129991166,53
131595252,51
132391209,40
133391244,34
134524476,53
135524545,44
137128617,42
138087640,29
139087676,33
140220898,50
141220966,61
142825043,42
143784086,24
144784118,26
145917345,55
146917412,43
148521478,43
149480519,26
150480552,26
151613776,63
152613848,60
154217887,43
155176927,31
156176965,25
157310181,58
158310254,49
159914278,43
160873311,27
161873350,29
163006575,57
164006640,60
165532417,25
166532458,30
167665674,50
168665741,62
170269699,54
171306966,51
172344229,52
173381487,43
174418747,54
175456005,50
176493267,50
177530522,50
178567782,54
179605038,51
180642292,52
181679553,50
182716817,52
183754074,50
184791331,53
185828592,54
186865859,53
187903112,43
188940371,51
189977626,54
191014884,50
192052146,51
193089402,43
194126665,51
195163923,51
196201186,52
197238442,50
198275704,51
199312960,53
200350219,52
201387476,54
202424740,50
203461996,50
204499255,42
205536512,54
206573772,52
207611035,53
208648288,52
209685547,54
210722807,54
211760067,54
212797329,54
213834586,42
214871850,51
215909114,54
216946371,43
217983641,51
219020906,44
220058177,42
221095448,51
222132721,37
223169994,48
224207266,49
225244540,49
226281810,51
227319086,41
228356358,50
229393624,41
230430892,49
231468164,41
232505439,41
233542713,42
234579985,50
235617264,41
236654536,51
237691817,41
238729088,47
239766367,41
240803648,45
241840926,42
242878197,36
243915473,37
244952749,37
245990010,39
247027277,35
248064549,39
249101821,36
250139093,38
251176368,36
252213639,38
253250912,36
254288190,40
255325461,37
256362732,39
257400003,40
258437272,44
259474544,45
260508734,49
261540989,44
262583269,46
263615512,43
264657793,47
265690069,44
266732328,47
267764588,44
268806865,47
269839120,43
270881403,48
271913654,41
272955913,47
273988180,45
275030455,46
276062731,44
277104991,47
278137251,41
279179527,47
280211792,43
281254055,46
282286333,46
283328582,48
284360841,43
285403104,50
286435397,46
287477641,52
288509908,48
289552164,50
290584424,47
291626701,53
292658964,46
293701223,51
294704359,40
295741626,39
296778893,42
297816155,43
298853412,42
299890670,42
300927936,42
301965198,44
303002458,41
304039727,43
305076991,42
306114250,43
307151513,42
308188773,43
309226035,42
310263294,43
311300552,43
312259589,27
313259627,26
314392850,54
315392917,43
316821901,42
317780935,25
318780972,31
319914192,47
320914264,54
322343207,41
323302248,27
324302287,25
325435500,41
326435571,43
327864452,43
328823491,25
329823526,26
330956751,47
331956823,54
333388419,3
334388382,2
335353542,23
336353579,24
337486796,41
338486864,52
339915766,42
340874805,25
341874842,25
343008066,57
344008128,42
345437049,42
346396081,31
347396113,32
348529341,47
349529406,52
350958384,43
351917425,24
352917467,28
354050684,51
355050752,42
356479733,42
357438762,30
358438798,31
359572015,50
360572082,55
362001061,41
362960103,25
363960135,23
ANN buffer: System::PREDICTED_JOB_UTILIZATION
4892548,0
5894532,0
6894614,0
7894626,0
8894503,0
9894742,0
10894760,0
12130003,265840
13191446,265840
14620044,398342
15661597,398342
16932619,487972
17537215,488024
18479124,488024
19692859,283616
20776074,283616
22057798,455001
23012806,455001
24068388,316734
25068027,316734
26254335,313787
27364748,313787
28796180,468900
29736449,468900
30897023,324637
32032796,324637
33406707,455963
34406744,455963
35539943,292743
36540002,292743
38144125,413362
39193168,413431
40115639,413431
41224799,277115
42411985,277115
43803280,424163
44779305,424163
45868381,270416
46912560,270416
48520322,413525
49442825,413525
50511954,262238
51739242,262238
53170274,414647
54106292,414647
55155367,256292
56239545,256292
57847108,397216
58769642,397216
59769676,397216
61066019,318146
62536937,394049
63432956,394049
64432990,394049
65566212,233596
67164977,381887
68219033,555086
69141511,555086
70141545,555086
71437920,226857
73041514,384776
73993710,384773
74837670,384773
75837705,384773
77134010,224696
78729557,385086
79703249,550217
80533786,550217
81533825,550217
82830270,225888
84430791,394523
85414007,560310
86230029,560310
87230065,560310
88526471,236268
90078549,401424
90889094,401424
91889132,401424
93185540,244621
94832327,403439
96050182,403439
97456102,508450
98177455,508450
99177490,508450
100473804,270980
102087376,442226
103110494,607814
103891495,607814
104891526,607814
106187821,283868
107806284,450322
108839615,616250
109605585,616250
110605622,616250
111901953,291094
113506820,426659
114545912,584220
115301924,584220
116301961,584220
117598293,269422
118598432,269422
120202367,414115
120998350,414232
121998387,414232
123294770,258887
124294777,258887
125898715,410176
126694781,410002
127694819,410002
128991107,255772
129991166,255772
131595252,410572
132391209,410525
133391244,410525
134524476,256277
135524545,256277
137128617,409824
138087640,409994
139087676,409994
140220898,255595
141220966,255595
142825043,408767
143784086,408449
144784118,408449
145917345,253736
146917412,253736
148521478,406258
149480519,406487
150480552,406487
151613776,251522
152613848,251522
154217887,403807
155176927,403530
156176965,403530
157310181,248156
158310254,248156
159914278,400744
160873311,400794
161873350,400794
163006575,245058
164006640,245058
165532417,398872
166532458,398872
167665674,242406
168665741,242406
170269699,397211
171306966,397193
172344229,396860
173381487,397129
174418747,396842
175456005,397192
176493267,397066
177530522,397065
178567782,397066
179605038,397194
180642292,397097
181679553,397129
182716817,397066
183754074,397129
184791331,397066
185828592,397161
186865859,397193
187903112,396923
188940371,396842
189977626,397097
191014884,397192
192052146,397065
193089402,397098
194126665,396842
195163923,397097
196201186,397097
197238442,397129
198275704,397066
199312960,397096
200350219,397161
201387476,396892
202424740,397193
203461996,396828
204499255,397066
205536512,396573
206573772,397193
207611035,397129
208648288,397161
209685547,397129
210722807,397193
211760067,397192
212797329,397192
213834586,397192
214871850,396810
215909114,396860
216946371,396955
217983641,396603
219020906,396861
220058177,396871
221095448,396810
222132721,397096
223169994,396648
224207266,397000
225244540,397030
226281810,397033
227319086,397097
228356358,396779
229393624,397063
230430892,396779
231468164,397030
232505439,396779
233542713,396776
234579985,396811
235617264,397063
236654536,396541
237691817,396866
238729088,396541
239766367,396977
240803648,396541
241840926,396675
242878197,396573
243915473,396386
244952749,396414
245990010,396655
247027277,396477
248064549,396354
249101821,396476
250139093,396386
251176368,396682
252213639,396386
253250912,396445
254288190,396386
255325461,396509
256362732,396418
257400003,396477
258437272,396514
259474544,396636
260508734,396677
261540989,406040
262583269,404585
263615512,405951
264657793,404557
265690069,405978
266732328,404589
267764588,405980
268806865,404588
269839120,405977
270881403,404552
271913654,406012
272955913,404492
273988180,405975
275030455,404615
276062731,405947
277104991,404587
278137251,405976
279179527,404492
280211792,405979
281254055,404554
282286333,405949
283328582,404648
284360841,406072
285403104,404553
286435397,406133
287477641,404655
288509908,406193
289552164,404709
290584424,406139
291626701,404680
292658964,406226
293701223,404647
294704359,404647
295741626,406162
296778893,396603
297816155,512717
298853412,396605
299890670,396572
300927936,396573
301965198,396572
303002458,396637
304039727,396541
305076991,396605
306114250,396573
307151513,396605
308188773,396573
309226035,396604
310263294,396573
311300552,396604
312259589,396605
313259627,396605
314392850,240065
315392917,240065
316821901,386033
317780935,386240
318780972,386240
319914192,228380
320914264,228380
322343207,380316
323302248,379879
324302287,379879
325435500,221385
326435571,221385
327864452,377160
328823491,377404
329823526,377404
330956751,218437
331956823,218437
333388419,361158
334388382,361158
335353542,359323
336353579,359323
337486796,213154
338486864,213154
339915766,363229
340874805,363039
341874842,363039
343008066,215909
344008128,215909
345437049,370739
346396081,370898
347396113,370898
348529341,224357
349529406,224357
350958384,381432
351917425,381258
352917467,381258
354050684,233927
355050752,233927
356479733,386799
357438762,386960
358438798,386960
359572015,239032
360572082,239032
362001061,390360
362960103,389965
363960135,389965
end_data
Task data [4]: 
begin_data
System buffer: System::JOB_UTILIZATION
4720568,89022
5720609,89024
6720645,89022
7720699,89027
8720739,89022
9720784,89023
10720831,89025
11789167,157313
12854122,178064
14121839,445702
15159631,267155
16432111,539537
17356713,188405
18305460,89017
19305506,89018
20438734,178060
21887752,627001
22840826,89017
23840853,89017
24894112,89020
25894150,89019
27027383,178066
28626396,776997
29628653,88993
30679804,140691
31805714,178025
33453629,733540
34403833,88993
35529613,178026
36703137,178025
38299142,178025
39119605,88990
40006745,88992
41006877,88993
42184934,178025
43825902,751882
44776431,88993
45868464,181086
47075664,178025
48486798,88994
49333872,88992
50334158,88993
51512133,178025
53152847,771696
54103381,88994
55153911,139330
56402709,178024
57853619,88996
58660660,88992
59661037,88992
60838868,178026
62479546,791524
63430024,88992
64429844,88992
65729362,178024
67330006,178023
68270487,88994
69032613,88993
70032947,88992
71210832,178025
72210556,178025
73814875,178025
74728909,88992
75729047,88993
76906994,178025
77906532,178026
79510345,178025
80425243,88992
81425341,88993
82603260,178025
83602622,178025
85206770,178025
86121807,88994
87121767,88993
88299528,178024
89299221,178026
90780474,88992
91780775,88992
92958277,178025
93958010,178025
95702648,267098
97344945,887282
98068176,88992
99069433,88993
100246898,178025
101246935,178025
102868485,178024
103783403,88993
104783333,88993
105960491,178025
106960482,178024
108582342,178025
109497729,88993
110496805,88993
111675100,178025
112674670,178025
114278607,178025
115193169,88992
116193820,88993
117371104,178025
118371336,178025
119975128,178024
120889582,88992
121889915,88993
123067682,178025
124067331,178026
125671307,178025
126586182,88993
127586203,88993
128763899,178025
129763800,178023
131368182,178025
132282307,88993
133282722,88993
134461327,178024
135461093,178025
137065395,178025
137979027,88997
138980639,88997
140158463,178025
141157793,178024
142761972,178025
143675583,88996
144677270,88996
145854892,178025
146853932,178024
148458110,178024
149372056,88996
150374004,88997
151551385,178025
152550606,178024
154154720,178025
155068383,88996
156070052,88998
157247517,178025
158247135,178024
159851159,178025
160764634,88996
161766523,88997
162944357,178023
163943129,178026
165423481,88997
166425873,88997
167603186,178024
168602477,178025
170206269,178025
171243642,178025
172280750,178024
173318286,178025
174355095,178025
175392783,178025
176430198,178024
177467685,178024
178504494,178023
179541593,178025
180578840,178024
181616414,178024
182653427,178026
183690858,178024
184727995,178024
185764903,178025
186802463,178025
187839729,178024
188876886,178025
189914104,178025
190951733,178025
191988989,178025
193026116,178024
194063433,178024
195100719,178026
196137605,178024
197175254,178024
198212657,178025
199249647,178025
200287088,178025
201324087,178024
202361586,178025
203398745,178024
204435851,178025
205473170,178024
206510625,178024
207547393,178025
208585049,178024
209622271,178025
210659444,178025
211696573,178024
212733928,178024
213771350,178025
214808637,178024
215845695,178025
216869464,178025
217920875,178025
218944600,178025
219995271,178025
221027059,178025
222071796,178024
223101771,178025
224135268,178025
225179482,178024
226209772,178024
227254189,178025
228283946,178026
229328508,178025
230358604,178025
231403389,178025
232433009,178025
233477589,178025
234507863,178025
235552793,178025
236583200,178024
237627164,178025
238657979,178025
239701770,178025
240732275,178026
241776328,178025
242807943,178025
243850132,178027
244882743,178024
245925009,178024
246957968,209192
248000053,214192
249031843,208218
250074989,214196
251106868,209216
252149132,214209
253181450,209214
254223464,214219
255256090,209206
256298377,214201
257330808,209216
258373095,214195
259405413,209206
260448119,215192
261480351,210185
262522788,215195
263555115,210194
264597262,215208
265629606,210202
266671969,215197
267704132,210204
268746758,215205
269778819,210197
270821165,215203
271853415,210200
272895437,215193
273927767,210197
274970268,215217
276002589,210199
277044441,215201
278076845,210199
279119311,215212
280151325,210213
281193843,215201
282193814,178025
283230988,178025
284268191,178025
285305502,178025
286342916,178024
287379794,178024
288417371,178024
289454877,178023
290491883,178024
291529047,178025
292566324,178025
293603742,178024
294640646,178024
295678433,178024
296715375,178025
297752606,178024
298790308,178024
299827187,178024
300864432,178024
301901690,178025
302939527,178024
303976341,178023
305013638,178025
306050825,178024
307088022,178025
308125471,178025
309162635,178025
310200202,178024
311237113,178024
312150347,88997
313153041,88997
314330621,178024
315329407,178025
316758678,178024
317672032,88997
318673711,88995
319851800,178025
320851008,178025
322279799,178025
323193548,88997
324195107,88996
325373391,178024
326371915,178025
327801148,178024
328714426,88995
329717354,88995
330894586,178024
331893359,178023
333199210,88996
334200421,88997
335246051,88998
336246622,88996
337424281,178025
338423348,178025
339852138,178025
340766018,88996
341767616,88997
342945349,178024
343944599,178023
345373804,178024
346287017,88996
347289240,88996
348467017,178025
349465894,178025
350894724,178025
351808630,88996
352810286,88997
353987886,178025
354987262,178025
356416209,178025
357330190,88997
358331928,88997
359509142,178025
360508607,178024
361937841,178024
362851412,88997
363852877,88996
System buffer: System::CPU_CLOCK
4720568,1503999999
5720609,1503999999
6720645,1503999999
7720699,1503999999
8720739,1503999999
9720784,1503999999
10720831,1503999999
11789167,751999999
12854122,751999999
14121839,501333333
15159631,501333333
16432111,501333333
17356713,1503999999
18305460,1503999999
19305506,1503999999
20438734,751999999
21887752,1503999999
22840826,1503999999
23840853,1503999999
24894112,1503999999
25894150,1503999999
27027383,751999999
28626396,1503999999
29628653,1503999999
30679804,751999999
31805714,751999999
33453629,1503999999
34403833,1503999999
35529613,751999999
36703137,751999999
38299142,751999999
39119605,1503999999
40006745,1503999999
41006877,1503999999
42184934,751999999
43825902,1503999999
44776431,1503999999
45868464,751999999
47075664,751999999
48486798,1503999999
49333872,1503999999
50334158,1503999999
51512133,751999999
53152847,1503999999
54103381,1503999999
55153911,751999999
56402709,751999999
57853619,1503999999
58660660,1503999999
59661037,1503999999
60838868,751999999
62479546,1503999999
63430024,1503999999
64429844,1503999999
65729362,751999999
67330006,751999999
68270487,1503999999
69032613,1503999999
70032947,1503999999
71210832,751999999
72210556,751999999
73814875,751999999
74728909,1503999999
75729047,1503999999
76906994,751999999
77906532,751999999
79510345,751999999
80425243,1503999999
81425341,1503999999
82603260,751999999
83602622,751999999
85206770,751999999
86121807,1503999999
87121767,1503999999
88299528,751999999
89299221,751999999
90780474,1503999999
91780775,1503999999
92958277,751999999
93958010,751999999
95702648,501333333
97344945,1503999999
98068176,1503999999
99069433,1503999999
100246898,751999999
101246935,751999999
102868485,751999999
103783403,1503999999
104783333,1503999999
105960491,751999999
106960482,751999999
108582342,751999999
109497729,1503999999
110496805,1503999999
111675100,751999999
112674670,751999999
114278607,751999999
115193169,1503999999
116193820,1503999999
117371104,751999999
118371336,751999999
119975128,751999999
120889582,1503999999
121889915,1503999999
123067682,751999999
124067331,751999999
125671307,751999999
126586182,1503999999
127586203,1503999999
128763899,751999999
129763800,751999999
131368182,751999999
132282307,1503999999
133282722,1503999999
134461327,751999999
135461093,751999999
137065395,751999999
137979027,1503999999
138980639,1503999999
140158463,751999999
141157793,751999999
142761972,751999999
143675583,1503999999
144677270,1503999999
145854892,751999999
146853932,751999999
148458110,751999999
149372056,1503999999
150374004,1503999999
151551385,751999999
152550606,751999999
154154720,751999999
155068383,1503999999
156070052,1503999999
157247517,751999999
158247135,751999999
159851159,751999999
160764634,1503999999
161766523,1503999999
162944357,751999999
163943129,751999999
165423481,1503999999
166425873,1503999999
167603186,751999999
168602477,751999999
170206269,751999999
171243642,751999999
172280750,751999999
173318286,751999999
174355095,751999999
175392783,751999999
176430198,751999999
177467685,751999999
178504494,751999999
179541593,751999999
180578840,751999999
181616414,751999999
182653427,751999999
183690858,751999999
184727995,751999999
185764903,751999999
186802463,751999999
187839729,751999999
188876886,751999999
189914104,751999999
190951733,751999999
191988989,751999999
193026116,751999999
194063433,751999999
195100719,751999999
196137605,751999999
197175254,751999999
198212657,751999999
199249647,751999999
200287088,751999999
201324087,751999999
202361586,751999999
203398745,751999999
204435851,751999999
205473170,751999999
206510625,751999999
207547393,751999999
208585049,751999999
209622271,751999999
210659444,751999999
211696573,751999999
212733928,751999999
213771350,751999999
214808637,751999999
215845695,751999999
216869464,751999999
217920875,751999999
218944600,751999999
219995271,751999999
221027059,751999999
222071796,751999999
223101771,751999999
224135268,751999999
225179482,751999999
226209772,751999999
227254189,751999999
228283946,751999999
229328508,751999999
230358604,751999999
231403389,751999999
232433009,751999999
233477589,751999999
234507863,751999999
235552793,751999999
236583200,751999999
237627164,751999999
238657979,751999999
239701770,751999999
240732275,751999999
241776328,751999999
242807943,751999999
243850132,751999999
244882743,751999999
245925009,751999999
246957968,751999999
248000053,751999999
249031843,751999999
250074989,751999999
251106868,751999999
252149132,751999999
253181450,751999999
254223464,751999999
255256090,751999999
256298377,751999999
257330808,751999999
258373095,751999999
259405413,751999999
260448119,751999999
261480351,751999999
262522788,751999999
263555115,751999999
264597262,751999999
265629606,751999999
266671969,751999999
267704132,751999999
268746758,751999999
269778819,751999999
270821165,751999999
271853415,751999999
272895437,751999999
273927767,751999999
274970268,751999999
276002589,751999999
277044441,751999999
278076845,751999999
279119311,751999999
280151325,751999999
281193843,751999999
282193814,751999999
283230988,751999999
284268191,751999999
285305502,751999999
286342916,751999999
287379794,751999999
288417371,751999999
289454877,751999999
290491883,751999999
291529047,751999999
292566324,751999999
293603742,751999999
294640646,751999999
295678433,751999999
296715375,751999999
297752606,751999999
298790308,751999999
299827187,751999999
300864432,751999999
301901690,751999999
302939527,751999999
303976341,751999999
305013638,751999999
306050825,751999999
307088022,751999999
308125471,751999999
309162635,751999999
310200202,751999999
311237113,751999999
312150347,1503999999
313153041,1503999999
314330621,751999999
315329407,751999999
316758678,751999999
317672032,1503999999
318673711,1503999999
319851800,751999999
320851008,751999999
322279799,751999999
323193548,1503999999
324195107,1503999999
325373391,751999999
326371915,751999999
327801148,751999999
328714426,1503999999
329717354,1503999999
330894586,751999999
331893359,751999999
333199210,1503999999
334200421,1503999999
335246051,1503999999
336246622,1503999999
337424281,751999999
338423348,751999999
339852138,751999999
340766018,1503999999
341767616,1503999999
342945349,751999999
343944599,751999999
345373804,751999999
346287017,1503999999
347289240,1503999999
348467017,751999999
349465894,751999999
350894724,751999999
351808630,1503999999
352810286,1503999999
353987886,751999999
354987262,751999999
356416209,751999999
357330190,1503999999
358331928,1503999999
359509142,751999999
360508607,751999999
361937841,751999999
362851412,1503999999
363852877,1503999999
System buffer: System::DEADLINE_MISSES
4720568,0
5720609,0
6720645,0
7720699,0
8720739,0
9720784,0
10720831,0
11789167,0
12854122,0
14121839,0
15159631,0
16432111,0
17356713,0
18305460,0
19305506,0
20438734,0
21887752,0
22840826,0
23840853,0
24894112,0
25894150,0
27027383,0
28626396,0
29628653,0
30679804,0
31805714,0
33453629,0
34403833,0
35529613,0
36703137,0
38299142,0
39119605,0
40006745,0
41006877,0
42184934,0
43825902,0
44776431,0
45868464,0
47075664,0
48486798,0
49333872,0
50334158,0
51512133,0
53152847,0
54103381,0
55153911,0
56402709,0
57853619,0
58660660,0
59661037,0
60838868,0
62479546,0
63430024,0
64429844,0
65729362,0
67330006,0
68270487,0
69032613,0
70032947,0
71210832,0
72210556,0
73814875,0
74728909,0
75729047,0
76906994,0
77906532,0
79510345,0
80425243,0
81425341,0
82603260,0
83602622,0
85206770,0
86121807,0
87121767,0
88299528,0
89299221,0
90780474,0
91780775,0
92958277,0
93958010,0
95702648,0
97344945,0
98068176,0
99069433,0
100246898,0
101246935,0
102868485,0
103783403,0
104783333,0
105960491,0
106960482,0
108582342,0
109497729,0
110496805,0
111675100,0
112674670,0
114278607,0
115193169,0
116193820,0
117371104,0
118371336,0
119975128,0
120889582,0
121889915,0
123067682,0
124067331,0
125671307,0
126586182,0
127586203,0
128763899,0
129763800,0
131368182,0
132282307,0
133282722,0
134461327,0
135461093,0
137065395,0
137979027,0
138980639,0
140158463,0
141157793,0
142761972,0
143675583,0
144677270,0
145854892,0
146853932,0
148458110,0
149372056,0
150374004,0
151551385,0
152550606,0
154154720,0
155068383,0
156070052,0
157247517,0
158247135,0
159851159,0
160764634,0
161766523,0
162944357,0
163943129,0
165423481,0
166425873,0
167603186,0
168602477,0
170206269,0
171243642,0
172280750,0
173318286,0
174355095,0
175392783,0
176430198,0
177467685,0
178504494,0
179541593,0
180578840,0
181616414,0
182653427,0
183690858,0
184727995,0
185764903,0
186802463,0
187839729,0
188876886,0
189914104,0
190951733,0
191988989,0
193026116,0
194063433,0
195100719,0
196137605,0
197175254,0
198212657,0
199249647,0
200287088,0
201324087,0
202361586,0
203398745,0
204435851,0
205473170,0
206510625,0
207547393,0
208585049,0
209622271,0
210659444,0
211696573,0
212733928,0
213771350,0
214808637,0
215845695,0
216869464,0
217920875,0
218944600,0
219995271,0
221027059,0
222071796,0
223101771,0
224135268,0
225179482,0
226209772,0
227254189,0
228283946,0
229328508,0
230358604,0
231403389,0
232433009,0
233477589,0
234507863,0
235552793,0
236583200,0
237627164,0
238657979,0
239701770,0
240732275,0
241776328,0
242807943,0
243850132,0
244882743,0
245925009,0
246957968,0
248000053,0
249031843,0
250074989,0
251106868,0
252149132,0
253181450,0
254223464,0
255256090,0
256298377,0
257330808,0
258373095,0
259405413,0
260448119,0
261480351,0
262522788,0
263555115,0
264597262,0
265629606,0
266671969,0
267704132,0
268746758,0
269778819,0
270821165,0
271853415,0
272895437,0
273927767,0
274970268,0
276002589,0
277044441,0
278076845,0
279119311,0
280151325,0
281193843,0
282193814,0
283230988,0
284268191,0
285305502,0
286342916,0
287379794,0
288417371,0
289454877,0
290491883,0
291529047,0
292566324,0
293603742,0
294640646,0
295678433,0
296715375,0
297752606,0
298790308,0
299827187,0
300864432,0
301901690,0
302939527,0
303976341,0
305013638,0
306050825,0
307088022,0
308125471,0
309162635,0
310200202,0
311237113,0
312150347,0
313153041,0
314330621,0
315329407,0
316758678,0
317672032,0
318673711,0
319851800,0
320851008,0
322279799,0
323193548,0
324195107,0
325373391,0
326371915,0
327801148,0
328714426,0
329717354,0
330894586,0
331893359,0
333199210,0
334200421,0
335246051,0
336246622,0
337424281,0
338423348,0
339852138,0
340766018,0
341767616,0
342945349,0
343944599,0
345373804,0
346287017,0
347289240,0
348467017,0
349465894,0
350894724,0
351808630,0
352810286,0
353987886,0
354987262,0
356416209,0
357330190,0
358331928,0
359509142,0
360508607,0
361937841,0
362851412,0
363852877,0
System buffer: System::CORE
4720568,3
5720609,3
6720645,3
7720699,3
8720739,3
9720784,3
10720831,3
11789167,3
12854122,3
14121839,3
15159631,3
16432111,3
17356713,3
18305460,3
19305506,3
20438734,3
21887752,3
22840826,3
23840853,3
24894112,3
25894150,3
27027383,3
28626396,3
29628653,3
30679804,3
31805714,3
33453629,2
34403833,2
35529613,2
36703137,2
38299142,2
39119605,3
40006745,3
41006877,3
42184934,3
43825902,3
44776431,3
45868464,3
47075664,3
48486798,3
49333872,3
50334158,3
51512133,3
53152847,3
54103381,3
55153911,3
56402709,3
57853619,3
58660660,3
59661037,3
60838868,3
62479546,3
63430024,3
64429844,3
65729362,3
67330006,3
68270487,3
69032613,3
70032947,3
71210832,3
72210556,3
73814875,3
74728909,3
75729047,3
76906994,3
77906532,3
79510345,3
80425243,3
81425341,3
82603260,3
83602622,3
85206770,3
86121807,3
87121767,3
88299528,3
89299221,3
90780474,3
91780775,3
92958277,3
93958010,3
95702648,3
97344945,3
98068176,3
99069433,3
100246898,3
101246935,3
102868485,3
103783403,3
104783333,3
105960491,3
106960482,3
108582342,3
109497729,3
110496805,3
111675100,3
112674670,3
114278607,3
115193169,3
116193820,3
117371104,3
118371336,3
119975128,3
120889582,3
121889915,3
123067682,3
124067331,3
125671307,3
126586182,3
127586203,3
128763899,3
129763800,3
131368182,3
132282307,3
133282722,3
134461327,3
135461093,3
137065395,3
137979027,3
138980639,3
140158463,3
141157793,3
142761972,3
143675583,3
144677270,3
145854892,3
146853932,3
148458110,3
149372056,3
150374004,3
151551385,3
152550606,3
154154720,3
155068383,3
156070052,3
157247517,3
158247135,3
159851159,3
160764634,3
161766523,3
162944357,3
163943129,3
165423481,3
166425873,3
167603186,3
168602477,3
170206269,3
171243642,3
172280750,3
173318286,3
174355095,3
175392783,3
176430198,3
177467685,3
178504494,3
179541593,3
180578840,3
181616414,3
182653427,3
183690858,3
184727995,3
185764903,3
186802463,3
187839729,3
188876886,3
189914104,3
190951733,3
191988989,3
193026116,3
194063433,3
195100719,3
196137605,3
197175254,3
198212657,3
199249647,3
200287088,3
201324087,3
202361586,3
203398745,3
204435851,3
205473170,3
206510625,3
207547393,3
208585049,3
209622271,3
210659444,3
211696573,3
212733928,3
213771350,3
214808637,3
215845695,3
216869464,3
217920875,3
218944600,3
219995271,3
221027059,3
222071796,3
223101771,3
224135268,3
225179482,3
226209772,3
227254189,3
228283946,3
229328508,3
230358604,3
231403389,3
232433009,3
233477589,3
234507863,3
235552793,3
236583200,3
237627164,3
238657979,3
239701770,3
240732275,3
241776328,3
242807943,3
243850132,3
244882743,3
245925009,3
246957968,3
248000053,3
249031843,3
250074989,3
251106868,3
252149132,3
253181450,3
254223464,3
255256090,3
256298377,3
257330808,3
258373095,3
259405413,3
260448119,3
261480351,3
262522788,3
263555115,3
264597262,3
265629606,3
266671969,3
267704132,3
268746758,3
269778819,3
270821165,3
271853415,3
272895437,3
273927767,3
274970268,3
276002589,3
277044441,3
278076845,3
279119311,3
280151325,3
281193843,3
282193814,3
283230988,3
284268191,3
285305502,3
286342916,3
287379794,3
288417371,3
289454877,3
290491883,3
291529047,3
292566324,3
293603742,3
294640646,3
295678433,3
296715375,3
297752606,3
298790308,3
299827187,3
300864432,3
301901690,3
302939527,3
303976341,3
305013638,3
306050825,3
307088022,3
308125471,3
309162635,3
310200202,3
311237113,3
312150347,3
313153041,3
314330621,3
315329407,3
316758678,3
317672032,3
318673711,3
319851800,3
320851008,3
322279799,3
323193548,3
324195107,3
325373391,3
326371915,3
327801148,3
328714426,3
329717354,3
330894586,3
331893359,3
333199210,3
334200421,3
335246051,3
336246622,3
337424281,3
338423348,3
339852138,3
340766018,3
341767616,3
342945349,3
343944599,3
345373804,3
346287017,3
347289240,3
348467017,3
349465894,3
350894724,3
351808630,3
352810286,3
353987886,3
354987262,3
356416209,3
357330190,3
358331928,3
359509142,3
360508607,3
361937841,3
362851412,3
363852877,3
PMU buffer: PMU::CPU_CYCLES
4720568,133536327
5720609,133539183
6720645,133536205
7720699,133544781
8720739,133536035
9720784,133539639
10720831,133540665
11789167,192137869
12854122,133550648
14121839,293415521
15159631,133579862
16432111,269770674
17356713,154502069
18305460,133528610
19305506,133532168
20438734,133548154
21887752,496489445
22840826,133528892
23840853,133530176
24894112,133535327
25894150,133533977
27027383,133551652
28626396,597741614
29628653,133492512
30679804,196436736
31805714,133520392
33453629,598463592
34403833,133491771
35529613,133520978
36703137,133520342
38299142,133520476
39119605,133485677
40006745,133490171
41006877,133491237
42184934,133520606
43825902,597268977
44776431,133491563
45868464,196419429
47075664,133520285
48486798,133494086
49333872,133491463
50334158,133491494
51512133,133520803
53152847,597117833
54103381,133493220
55153911,194942110
56402709,133520554
57853619,133495490
58660660,133490368
59661037,133489754
60838868,133520935
62479546,597004921
63430024,133492375
64429844,133490940
65729362,133520444
67330006,133519263
68270487,133493884
69032613,133491638
70032947,133491397
71210832,133520548
72210556,133520465
73814875,133520251
74728909,133491441
75729047,133492245
76906994,133520511
77906532,133521399
79510345,133520825
80425243,133491913
81425341,133492523
82603260,133520385
83602622,133520492
85206770,133520550
86121807,133493180
87121767,133491872
88299528,133519331
89299221,133520600
90780474,133490942
91780775,133489810
92958277,133520058
93958010,133520281
95702648,133550506
97344945,447136046
98068176,133490711
99069433,133491416
100246898,133520281
101246935,133520617
102868485,133519795
103783403,133492108
104783333,133491437
105960491,133520386
106960482,133519698
108582342,133520213
109497729,133491896
110496805,133491797
111675100,133520178
112674670,133519873
114278607,133520497
115193169,133490481
116193820,133491987
117371104,133520538
118371336,133520354
119975128,133519423
120889582,133490529
121889915,133491439
123067682,133520184
124067331,133520770
125671307,133519898
126586182,133492033
127586203,133491676
128763899,133520596
129763800,133519312
131368182,133520594
132282307,133491658
133282722,133491085
134461327,133519615
135461093,133520292
137065395,133519880
137979027,133499640
138980639,133498418
140158463,133519371
141157793,133519218
142761972,133520582
143675583,133497836
144677270,133498580
145854892,133520072
146853932,133519622
148458110,133519588
149372056,133498182
150374004,133499252
151551385,133520411
152550606,133519236
154154720,133520047
155068383,133497426
156070052,133500106
157247517,133520055
158247135,133519789
159851159,133519765
160764634,133498120
161766523,133499534
162944357,133518928
163943129,133520782
165423481,133499009
166425873,133498706
167603186,133519398
168602477,133520121
170206269,133520216
171243642,133520443
172280750,133519778
173318286,133520047
174355095,133519645
175392783,133520325
176430198,133519240
177467685,133519366
178504494,133519222
179541593,133519983
180578840,133519731
181616414,133518849
182653427,133521177
183690858,133519897
184727995,133519733
185764903,133519997
186802463,133519774
187839729,133519770
188876886,133520092
189914104,133520120
190951733,133520172
191988989,133520630
193026116,133519568
194063433,133519542
195100719,133520587
196137605,133519566
197175254,133519690
198212657,133519996
199249647,133520133
200287088,133520662
201324087,133519485
202361586,133519808
203398745,133519466
204435851,133520530
205473170,133519869
206510625,133519506
207547393,133520052
208585049,133519284
209622271,133519886
210659444,133520080
211696573,133519577
212733928,133519937
213771350,133520249
214808637,133519580
215845695,133519685
216869464,133520026
217920875,133519848
218944600,133519706
219995271,133520126
221027059,133519920
222071796,133519172
223101771,133519845
224135268,133520202
225179482,133519683
226209772,133519458
227254189,133519767
228283946,133521070
229328508,133519954
230358604,133520106
231403389,133520200
232433009,133519959
233477589,133519850
234507863,133519998
235552793,133519428
236583200,133519229
237627164,133519867
238657979,133520337
239701770,133519885
240732275,133520352
241776328,133520472
242807943,133519959
243850132,133521529
244882743,133519029
245925009,133519010
246957968,156895774
248000053,160645159
249031843,156165056
250074989,160648565
251106868,156913174
252149132,160658274
253181450,156911332
254223464,160665430
255256090,156905908
256298377,160651586
257330808,156913336
258373095,160647359
259405413,156905927
260448119,161395276
261480351,157639648
262522788,161397944
263555115,157646670
264597262,161407069
265629606,157652280
266671969,161398684
267704132,157654109
268746758,161405048
269778819,157649154
270821165,161403191
271853415,157651115
272895437,161396124
273927767,157648600
274970268,161414064
276002589,157650486
277044441,161401546
278076845,157650236
279119311,161409933
280151325,157660313
281193843,161402082
282193814,133519486
283230988,133520442
284268191,133520453
285305502,133520120
286342916,133519399
287379794,133520220
288417371,133519863
289454877,133518599
290491883,133519602
291529047,133520734
292566324,133520671
293603742,133519850
294640646,133519884
295678433,133519922
296715375,133520277
297752606,133519564
298790308,133519442
299827187,133519666
300864432,133519890
301901690,133520118
302939527,133519461
303976341,133518590
305013638,133520552
306050825,133519370
307088022,133520364
308125471,133520156
309162635,133519770
310200202,133519078
311237113,133519580
312150347,133499282
313153041,133498646
314330621,133519261
315329407,133519920
316758678,133519684
317672032,133498528
318673711,133496404
319851800,133519851
320851008,133520073
322279799,133520527
323193548,133498084
324195107,133497549
325373391,133519966
326371915,133519711
327801148,133519055
328714426,133495994
329717354,133495502
330894586,133519178
331893359,133518756
333199210,133498914
334200421,133498604
335246051,133500108
336246622,133497766
337424281,133519635
338423348,133520402
339852138,133520247
340766018,133497634
341767616,133499118
342945349,133519086
343944599,133519110
345373804,133519491
346287017,133497250
347289240,133497676
348467017,133520210
349465894,133519782
350894724,133520273
351808630,133498211
352810286,133498730
353987886,133520238
354987262,133520496
356416209,133520159
357330190,133498846
358331928,133499610
359509142,133519718
360508607,133519234
361937841,133519517
362851412,133499452
363852877,133497485
PMU buffer: PMU::INSTRUCTIONS_RETIRED
4720568,133406026
5720609,133406070
6720645,133406024
7720699,133406026
8720739,133406024
9720784,133406056
10720831,133406024
11789167,140348319
12854122,133427355
14121839,152273558
15159631,133449232
16432111,149331307
17356713,135747979
18305460,133406024
19305506,133406024
20438734,133427903
21887752,173747203
22840826,133407365
23840853,133406405
24894112,133406233
25894150,133406233
27027383,133427903
28626396,185000056
29628653,133405643
30679804,140904712
31805714,133427313
33453629,185125851
34403833,133405643
35529613,133427313
36703137,133427313
38299142,133427522
39119605,133405434
40006745,133405643
41006877,133405643
42184934,133427313
43825902,186188379
44776431,133405643
45868464,142335908
47075664,133427313
48486798,133405984
49333872,133405643
50334158,133405643
51512133,133427313
53152847,186164155
54103381,133405643
55153911,142147526
56402709,133427313
57853619,133406184
58660660,133405434
59661037,133405643
60838868,133427313
62479546,186152101
63430024,133405643
64429844,133405643
65729362,133427313
67330006,133427522
68270487,133405984
69032613,133405643
70032947,133405643
71210832,133427313
72210556,133427313
73814875,133427313
74728909,133405643
75729047,133405643
76906994,133427313
77906532,133427313
79510345,133427313
80425243,133405643
81425341,133405643
82603260,133427313
83602622,133427313
85206770,133427313
86121807,133405643
87121767,133405643
88299528,133427313
89299221,133427313
90780474,133405643
91780775,133405643
92958277,133427313
93958010,133427313
95702648,133448983
97344945,168298341
98068176,133405643
99069433,133405643
100246898,133427313
101246935,133427313
102868485,133427313
103783403,133405643
104783333,133405643
105960491,133427318
106960482,133427313
108582342,133427313
109497729,133405643
110496805,133405643
111675100,133427313
112674670,133427313
114278607,133427313
115193169,133405643
116193820,133405643
117371104,133427313
118371336,133427313
119975128,133427313
120889582,133405643
121889915,133405643
123067682,133427313
124067331,133427313
125671307,133427313
126586182,133405643
127586203,133405643
128763899,133427313
129763800,133427313
131368182,133427313
132282307,133405643
133282722,133405643
134461327,133427205
135461093,133427205
137065395,133427205
137979027,133405589
138980639,133405589
140158463,133427205
141157793,133427205
142761972,133427305
143675583,133405589
144677270,133405589
145854892,133427205
146853932,133427205
148458110,133427205
149372056,133405589
150374004,133405589
151551385,133427205
152550606,133427205
154154720,133427205
155068383,133405589
156070052,133405589
157247517,133427205
158247135,133427205
159851159,133427205
160764634,133405589
161766523,133405589
162944357,133427205
163943129,133427205
165423481,133405589
166425873,133405589
167603186,133427293
168602477,133427205
170206269,133427205
171243642,133427205
172280750,133427205
173318286,133427205
174355095,133427205
175392783,133427205
176430198,133427205
177467685,133427205
178504494,133427205
179541593,133427205
180578840,133427205
181616414,133427205
182653427,133427205
183690858,133427205
184727995,133427205
185764903,133427205
186802463,133427205
187839729,133427277
188876886,133427205
189914104,133427205
190951733,133427205
191988989,133427205
193026116,133427205
194063433,133427205
195100719,133427205
196137605,133427205
197175254,133427205
198212657,133427205
199249647,133427205
200287088,133427205
201324087,133427205
202361586,133427205
203398745,133427205
204435851,133427205
205473170,133427210
206510625,133427205
207547393,133427205
208585049,133427205
209622271,133427205
210659444,133427205
211696573,133427205
212733928,133427205
213771350,133427481
214808637,133427205
215845695,133427205
216869464,133427205
217920875,133427205
218944600,133427205
219995271,133427205
221027059,133427205
222071796,133427205
223101771,133427205
224135268,133427205
225179482,133427205
226209772,133427205
227254189,133427205
228283946,133427205
229328508,133427205
230358604,133427205
231403389,133427205
232433009,133427205
233477589,133427205
234507863,133427205
235552793,133427205
236583200,133427205
237627164,133427205
238657979,133427205
239701770,133427205
240732275,133427205
241776328,133427205
242807943,133427205
243850132,133428045
244882743,133427205
245925009,133427205
246957968,136211182
248000053,136633918
249031843,135993162
250074989,136630534
251106868,136227858
252149132,136644430
253181450,136225078
254223464,136642078
255256090,136225418
256298377,136635042
257330808,136235058
258373095,136626742
259405413,136227914
260448119,136760270
261480351,136336378
262522788,136755214
263555115,136346918
264597262,136765678
265629606,136342678
266671969,136751614
267704132,136348778
268746758,136767710
269778819,136349042
270821165,136757254
271853415,136346362
272895437,136752174
273927767,136341794
274970268,136774282
276002589,136342806
277044441,136758918
278076845,136351318
279119311,136766422
280151325,136354206
281193843,136762514
282193814,133427205
283230988,133427205
284268191,133427205
285305502,133427205
286342916,133427205
287379794,133427205
288417371,133427205
289454877,133427205
290491883,133427205
291529047,133427205
292566324,133427205
293603742,133427205
294640646,133427205
295678433,133427205
296715375,133427205
297752606,133427205
298790308,133427210
299827187,133427205
300864432,133427205
301901690,133427205
302939527,133427205
303976341,133427205
305013638,133427205
306050825,133427205
307088022,133427205
308125471,133427205
309162635,133427205
310200202,133427205
311237113,133427205
312150347,133405589
313153041,133405589
314330621,133427205
315329407,133427205
316758678,133427205
317672032,133405589
318673711,133405589
319851800,133427465
320851008,133427205
322279799,133427205
323193548,133405589
324195107,133405589
325373391,133427205
326371915,133427205
327801148,133427205
328714426,133405589
329717354,133405589
330894586,133427205
331893359,133427205
333199210,133405589
334200421,133405705
335246051,133405589
336246622,133405589
337424281,133427205
338423348,133427205
339852138,133427205
340766018,133405589
341767616,133405589
342945349,133427205
343944599,133427205
345373804,133427205
346287017,133405589
347289240,133405589
348467017,133427205
349465894,133427205
350894724,133427205
351808630,133405589
352810286,133405589
353987886,133427205
354987262,133427205
356416209,133427205
357330190,133405589
358331928,133405589
359509142,133427573
360508607,133427205
361937841,133427205
362851412,133405589
363852877,133405589
PMU buffer: PMU::CONDITIONAL_BRANCHES_RETIRED
4720568,26677972
5720609,26677994
6720645,26677972
7720699,26677972
8720739,26677972
9720784,26677988
10720831,26677972
11789167,30145883
12854122,26679149
14121839,36096038
15159631,26680382
16432111,34621295
17356713,27842383
18305460,26677972
19305506,26677972
20438734,26679205
21887752,46842524
22840826,26678476
23840853,26677996
24894112,26677981
25894150,26677981
27027383,26679205
28626396,52467271
29628653,26677948
30679804,30426185
31805714,26679172
33453629,52534859
34403833,26677948
35529613,26679172
36703137,26679172
38299142,26679181
39119605,26677939
40006745,26677948
41006877,26677948
42184934,26679172
43825902,53063988
44776431,26677948
45868464,31137469
47075664,26679172
48486798,26677995
49333872,26677948
50334158,26677948
51512133,26679172
53152847,53049457
54103381,26677948
55153911,31047811
56402709,26679172
57853619,26678095
58660660,26677939
59661037,26677948
60838868,26679172
62479546,53041273
63430024,26677948
64429844,26677948
65729362,26679172
67330006,26679181
68270487,26677995
69032613,26677948
70032947,26677948
71210832,26679172
72210556,26679172
73814875,26679172
74728909,26677948
75729047,26677948
76906994,26679172
77906532,26679172
79510345,26679172
80425243,26677948
81425341,26677948
82603260,26679172
83602622,26679172
85206770,26679172
86121807,26677948
87121767,26677948
88299528,26679172
89299221,26679172
90780474,26677948
91780775,26677948
92958277,26679172
93958010,26679172
95702648,26680396
97344945,44105456
98068176,26677948
99069433,26677948
100246898,26679172
101246935,26679172
102868485,26679172
103783403,26677948
104783333,26677948
105960491,26679172
106960482,26679172
108582342,26679172
109497729,26677948
110496805,26677948
111675100,26679172
112674670,26679172
114278607,26679172
115193169,26677948
116193820,26677948
117371104,26679172
118371336,26679172
119975128,26679172
120889582,26677948
121889915,26677948
123067682,26679172
124067331,26679172
125671307,26679172
126586182,26677948
127586203,26677948
128763899,26679172
129763800,26679172
131368182,26679172
132282307,26677948
133282722,26677948
134461327,26679118
135461093,26679118
137065395,26679118
137979027,26677921
138980639,26677921
140158463,26679118
141157793,26679118
142761972,26679168
143675583,26677921
144677270,26677921
145854892,26679118
146853932,26679118
148458110,26679118
149372056,26677921
150374004,26677921
151551385,26679118
152550606,26679118
154154720,26679118
155068383,26677921
156070052,26677921
157247517,26679118
158247135,26679118
159851159,26679118
160764634,26677921
161766523,26677921
162944357,26679118
163943129,26679118
165423481,26677921
166425873,26677921
167603186,26679162
168602477,26679118
170206269,26679118
171243642,26679118
172280750,26679118
173318286,26679118
174355095,26679118
175392783,26679118
176430198,26679118
177467685,26679118
178504494,26679118
179541593,26679118
180578840,26679118
181616414,26679118
182653427,26679118
183690858,26679118
184727995,26679118
185764903,26679118
186802463,26679118
187839729,26679154
188876886,26679118
189914104,26679118
190951733,26679118
191988989,26679118
193026116,26679118
194063433,26679118
195100719,26679118
196137605,26679118
197175254,26679118
198212657,26679118
199249647,26679118
200287088,26679118
201324087,26679118
202361586,26679118
203398745,26679118
204435851,26679118
205473170,26679118
206510625,26679118
207547393,26679118
208585049,26679118
209622271,26679118
210659444,26679118
211696573,26679118
212733928,26679118
213771350,26679256
214808637,26679118
215845695,26679118
216869464,26679118
217920875,26679118
218944600,26679118
219995271,26679118
221027059,26679118
222071796,26679118
223101771,26679118
224135268,26679118
225179482,26679118
226209772,26679118
227254189,26679118
228283946,26679118
229328508,26679118
230358604,26679118
231403389,26679118
232433009,26679118
233477589,26679118
234507863,26679118
235552793,26679118
236583200,26679118
237627164,26679118
238657979,26679118
239701770,26679118
240732275,26679118
241776328,26679118
242807943,26679118
243850132,26679538
244882743,26679118
245925009,26679118
246957968,28071011
248000053,28282379
249031843,27962001
250074989,28280687
251106868,28079349
252149132,28287635
253181450,28077959
254223464,28286459
255256090,28078129
256298377,28282941
257330808,28082949
258373095,28278791
259405413,28079377
260448119,28345555
261480351,28133609
262522788,28343027
263555115,28138879
264597262,28348259
265629606,28136759
266671969,28341227
267704132,28139809
268746758,28349275
269778819,28139941
270821165,28344047
271853415,28138601
272895437,28341507
273927767,28136317
274970268,28352561
276002589,28136823
277044441,28344879
278076845,28141079
279119311,28348631
280151325,28142523
281193843,28346677
282193814,26679118
283230988,26679118
284268191,26679118
285305502,26679118
286342916,26679118
287379794,26679118
288417371,26679118
289454877,26679118
290491883,26679118
291529047,26679118
292566324,26679118
293603742,26679118
294640646,26679118
295678433,26679118
296715375,26679118
297752606,26679118
298790308,26679118
299827187,26679118
300864432,26679118
301901690,26679118
302939527,26679118
303976341,26679118
305013638,26679118
306050825,26679118
307088022,26679118
308125471,26679118
309162635,26679118
310200202,26679118
311237113,26679118
312150347,26677921
313153041,26677921
314330621,26679118
315329407,26679118
316758678,26679118
317672032,26677921
318673711,26677921
319851800,26679248
320851008,26679118
322279799,26679118
323193548,26677921
324195107,26677921
325373391,26679118
326371915,26679118
327801148,26679118
328714426,26677921
329717354,26677921
330894586,26679118
331893359,26679118
333199210,26677921
334200421,26677979
335246051,26677921
336246622,26677921
337424281,26679118
338423348,26679118
339852138,26679118
340766018,26677921
341767616,26677921
342945349,26679118
343944599,26679118
345373804,26679118
346287017,26677921
347289240,26677921
348467017,26679118
349465894,26679118
350894724,26679118
351808630,26677921
352810286,26677921
353987886,26679118
354987262,26679118
356416209,26679118
357330190,26677921
358331928,26677921
359509142,26679302
360508607,26679118
361937841,26679118
362851412,26677921
363852877,26677921
PMU buffer: PMU::JALR_INSTRUCTIONS_RETIRED
4720568,534
5720609,534
6720645,534
7720699,534
8720739,534
9720784,534
10720831,534
11789167,702
12854122,1018
14121839,1354
15159631,1522
16432111,1538
17356713,874
18305460,534
19305506,534
20438734,1038
21887752,844
22840826,544
23840853,544
24894112,538
25894150,538
27027383,1038
28626396,936
29628653,524
30679804,600
31805714,1024
33453629,717
34403833,524
35529613,1024
36703137,1024
38299142,1028
39119605,520
40006745,524
41006877,524
42184934,1024
43825902,829
44776431,524
45868464,824
47075664,1024
48486798,540
49333872,524
50334158,524
51512133,1024
53152847,955
54103381,524
55153911,580
56402709,1024
57853619,540
58660660,520
59661037,524
60838868,1024
62479546,1067
63430024,524
64429844,524
65729362,1024
67330006,1028
68270487,540
69032613,524
70032947,524
71210832,1024
72210556,1024
73814875,1024
74728909,524
75729047,524
76906994,1024
77906532,1024
79510345,1024
80425243,524
81425341,524
82603260,1024
83602622,1024
85206770,1024
86121807,524
87121767,524
88299528,1024
89299221,1024
90780474,524
91780775,524
92958277,1024
93958010,1024
95702648,1524
97344945,1508
98068176,524
99069433,524
100246898,1024
101246935,1024
102868485,1024
103783403,524
104783333,524
105960491,1024
106960482,1024
108582342,1024
109497729,524
110496805,524
111675100,1024
112674670,1024
114278607,1024
115193169,524
116193820,524
117371104,1024
118371336,1024
119975128,1024
120889582,524
121889915,524
123067682,1024
124067331,1024
125671307,1024
126586182,524
127586203,524
128763899,1024
129763800,1024
131368182,1024
132282307,524
133282722,524
134461327,1024
135461093,1024
137065395,1024
137979027,524
138980639,524
140158463,1024
141157793,1024
142761972,1024
143675583,524
144677270,524
145854892,1024
146853932,1024
148458110,1024
149372056,524
150374004,524
151551385,1024
152550606,1024
154154720,1024
155068383,524
156070052,524
157247517,1024
158247135,1024
159851159,1024
160764634,524
161766523,524
162944357,1024
163943129,1024
165423481,524
166425873,524
167603186,1024
168602477,1024
170206269,1024
171243642,1024
172280750,1024
173318286,1024
174355095,1024
175392783,1024
176430198,1024
177467685,1024
178504494,1024
179541593,1024
180578840,1024
181616414,1024
182653427,1024
183690858,1024
184727995,1024
185764903,1024
186802463,1024
187839729,1024
188876886,1024
189914104,1024
190951733,1024
191988989,1024
193026116,1024
194063433,1024
195100719,1024
196137605,1024
197175254,1024
198212657,1024
199249647,1024
200287088,1024
201324087,1024
202361586,1024
203398745,1024
204435851,1024
205473170,1024
206510625,1024
207547393,1024
208585049,1024
209622271,1024
210659444,1024
211696573,1024
212733928,1024
213771350,1024
214808637,1024
215845695,1024
216869464,1024
217920875,1024
218944600,1024
219995271,1024
221027059,1024
222071796,1024
223101771,1024
224135268,1024
225179482,1024
226209772,1024
227254189,1024
228283946,1024
229328508,1024
230358604,1024
231403389,1024
232433009,1024
233477589,1024
234507863,1024
235552793,1024
236583200,1024
237627164,1024
238657979,1024
239701770,1024
240732275,1024
241776328,1024
242807943,1024
243850132,1024
244882743,1024
245925009,1024
246957968,1028
248000053,1028
249031843,1028
250074989,1028
251106868,1028
252149132,1028
253181450,1028
254223464,1028
255256090,1028
256298377,1028
257330808,1028
258373095,1028
259405413,1028
260448119,1028
261480351,1028
262522788,1028
263555115,1028
264597262,1028
265629606,1028
266671969,1028
267704132,1028
268746758,1028
269778819,1028
270821165,1028
271853415,1028
272895437,1028
273927767,1028
274970268,1028
276002589,1028
277044441,1028
278076845,1028
279119311,1028
280151325,1028
281193843,1028
282193814,1024
283230988,1024
284268191,1024
285305502,1024
286342916,1024
287379794,1024
288417371,1024
289454877,1024
290491883,1024
291529047,1024
292566324,1024
293603742,1024
294640646,1024
295678433,1024
296715375,1024
297752606,1024
298790308,1024
299827187,1024
300864432,1024
301901690,1024
302939527,1024
303976341,1024
305013638,1024
306050825,1024
307088022,1024
308125471,1024
309162635,1024
310200202,1024
311237113,1024
312150347,524
313153041,524
314330621,1024
315329407,1024
316758678,1024
317672032,524
318673711,524
319851800,1024
320851008,1024
322279799,1024
323193548,524
324195107,524
325373391,1024
326371915,1024
327801148,1024
328714426,524
329717354,524
330894586,1024
331893359,1024
333199210,524
334200421,524
335246051,524
336246622,524
337424281,1024
338423348,1024
339852138,1024
340766018,524
341767616,524
342945349,1024
343944599,1024
345373804,1024
346287017,524
347289240,524
348467017,1024
349465894,1024
350894724,1024
351808630,524
352810286,524
353987886,1024
354987262,1024
356416209,1024
357330190,524
358331928,524
359509142,1024
360508607,1024
361937841,1024
362851412,524
363852877,524
PMU buffer: L2_PMU::L2_INNER_RELEASEDATA_HIT_L2
4720568,1080598
5720609,1113733
6720645,1113968
7720699,1114472
8720739,1113566
9720784,1113415
10720831,1114726
11789167,1140233
12854122,1393237
14121839,1426720
15159631,1516442
16432111,1528495
17356713,1382082
18305460,1111935
19305506,1112475
20438734,1393822
21887752,1195699
22840826,976562
23840853,977973
24894112,1113801
25894150,1112812
27027383,1393929
28626396,1369477
29628653,815823
30679804,831099
31805714,813158
33453629,521913
34403833,420749
35529613,427137
36703137,428936
38299142,430108
39119605,756491
40006745,817292
41006877,817455
42184934,813162
43825902,629758
44776431,420699
45868464,429483
47075664,428648
48486798,665483
49333872,817933
50334158,818402
51512133,813164
53152847,714887
54103381,421132
55153911,425178
56402709,429000
57853619,585939
58660660,817730
59661037,818156
60838868,813128
62479546,805742
63430024,420662
64429844,418278
65729362,429050
67330006,430077
68270487,479081
69032613,817838
70032947,818211
71210832,813154
72210556,814341
73814875,813188
74728909,818256
75729047,818622
76906994,812952
77906532,815492
79510345,815243
80425243,818337
81425341,818318
82603260,813013
83602622,815330
85206770,814157
86121807,817432
87121767,817644
88299528,813181
89299221,813636
90780474,818020
91780775,818340
92958277,813686
93958010,815245
95702648,813419
97344945,801105
98068176,816209
99069433,817046
100246898,812889
101246935,813164
102868485,813259
103783403,816788
104783333,817557
105960491,814172
106960482,814140
108582342,814544
109497729,816124
110496805,817764
111675100,812799
112674670,814236
114278607,814408
115193169,817701
116193820,817978
117371104,813333
118371336,813307
119975128,813766
120889582,818217
121889915,818574
123067682,813059
124067331,815222
125671307,815061
126586182,818494
127586203,818242
128763899,813912
129763800,814276
131368182,813148
132282307,817700
133282722,818364
134461327,562364
135461093,562808
137065395,562516
137979027,830426
138980639,827716
140158463,561069
141157793,562195
142761972,562350
143675583,830109
144677270,828138
145854892,560853
146853932,562959
148458110,562628
149372056,830339
150374004,828396
151551385,561023
152550606,562427
154154720,562310
155068383,830439
156070052,826770
157247517,561263
158247135,562247
159851159,562156
160764634,830108
161766523,828723
162944357,560470
163943129,562904
165423481,830086
166425873,828709
167603186,560892
168602477,562607
170206269,562731
171243642,562523
172280750,562701
173318286,562496
174355095,563083
175392783,562542
176430198,561985
177467685,561743
178504494,562590
179541593,562666
180578840,562857
181616414,562210
182653427,562490
183690858,562213
184727995,562444
185764903,563236
186802463,562732
187839729,562528
188876886,562696
189914104,563007
190951733,562249
191988989,562225
193026116,562562
194063433,562378
195100719,562227
196137605,563059
197175254,562227
198212657,561944
199249647,562583
200287088,562212
201324087,562591
202361586,562361
203398745,562548
204435851,562440
205473170,562854
206510625,562235
207547393,563093
208585049,562252
209622271,562560
210659444,562704
211696573,562919
212733928,562550
213771350,562290
214808637,562395
215845695,562933
216869464,596360
217920875,561421
218944600,595350
219995271,561900
221027059,576469
222071796,556871
223101771,576494
224135268,583906
225179482,567323
226209772,584134
227254189,566528
228283946,585608
229328508,567391
230358604,584603
231403389,565483
232433009,585542
233477589,567589
234507863,584450
235552793,566808
236583200,582593
237627164,565087
238657979,582066
239701770,564531
240732275,582182
241776328,566847
242807943,578624
243850132,567873
244882743,578046
245925009,566640
246957968,580666
248000053,569223
249031843,578318
250074989,568749
251106868,580949
252149132,569281
253181450,580785
254223464,569647
255256090,580457
256298377,569143
257330808,580398
258373095,568942
259405413,580452
260448119,563335
261480351,563320
262522788,562911
263555115,563091
264597262,563286
265629606,563007
266671969,562940
267704132,563223
268746758,562509
269778819,562836
270821165,562716
271853415,562786
272895437,563106
273927767,563268
274970268,562676
276002589,562571
277044441,563371
278076845,562981
279119311,562723
280151325,563188
281193843,562662
282193814,562815
283230988,563013
284268191,563002
285305502,562766
286342916,562759
287379794,563243
288417371,562813
289454877,562260
290491883,562639
291529047,563016
292566324,562852
293603742,562468
294640646,563342
295678433,562351
296715375,562962
297752606,563119
298790308,562291
299827187,563018
300864432,562559
301901690,563051
302939527,562000
303976341,562549
305013638,562718
306050825,562819
307088022,562946
308125471,562514
309162635,562671
310200202,562288
311237113,562874
312150347,828922
313153041,828483
314330621,560548
315329407,562822
316758678,562485
317672032,830210
318673711,828182
319851800,560675
320851008,562534
322279799,562636
323193548,830442
324195107,828104
325373391,560101
326371915,563122
327801148,562546
328714426,829171
329717354,827664
330894586,560318
331893359,562702
333199210,830185
334200421,827718
335246051,827196
336246622,828098
337424281,561192
338423348,563128
339852138,563137
340766018,830610
341767616,826192
342945349,561406
343944599,562964
345373804,562508
346287017,830092
347289240,828397
348467017,560757
349465894,562930
350894724,563204
351808630,830133
352810286,827713
353987886,561671
354987262,562905
356416209,563037
357330190,830729
358331928,827197
359509142,561774
360508607,562908
361937841,562413
362851412,830602
363852877,827490
PMU buffer: L2_PMU::L2_INNER_ACQUIREBLOCK_NTOT
4720568,430875
5720609,391744
6720645,391905
7720699,392361
8720739,391238
9720784,390768
10720831,390648
11789167,412185
12854122,492026
14121839,522403
15159631,521504
16432111,533212
17356713,406190
18305460,392279
19305506,392043
20438734,491539
21887752,326665
22840826,286133
23840853,285744
24894112,391349
25894150,392039
27027383,492397
28626396,472821
29628653,703221
30679804,713437
31805714,703600
33453629,445993
34403833,361164
35529613,366804
36703137,367928
38299142,367339
39119605,656937
40006745,703248
41006877,702979
42184934,703854
43825902,543637
44776431,361643
45868464,368144
47075664,367506
48486798,580529
49333872,703686
50334158,703916
51512133,703892
53152847,618585
54103381,362041
55153911,366037
56402709,368135
57853619,506157
58660660,703330
59661037,703693
60838868,703644
62479546,696588
63430024,361084
64429844,359027
65729362,368117
67330006,367274
68270487,411275
69032613,703610
70032947,703504
71210832,703605
72210556,705143
73814875,703056
74728909,703809
75729047,704037
76906994,703050
77906532,706996
79510345,706492
80425243,703725
81425341,703681
82603260,703209
83602622,706574
85206770,705054
86121807,704040
87121767,703875
88299528,703104
89299221,704361
90780474,703437
91780775,703757
92958277,704268
93958010,706674
95702648,704908
97344945,694364
98068176,701655
99069433,704247
100246898,702859
101246935,703017
102868485,703540
103783403,703817
104783333,704098
105960491,704996
106960482,705192
108582342,705664
109497729,704337
110496805,703213
111675100,702680
112674670,704968
114278607,705311
115193169,703203
116193820,704129
117371104,703921
118371336,704098
119975128,704548
120889582,703726
121889915,703888
123067682,703911
124067331,706473
125671307,706319
126586182,703948
127586203,703693
128763899,704556
129763800,705041
131368182,703567
132282307,703322
133282722,703657
134461327,480389
135461093,480710
137065395,480602
137979027,706902
138980639,707342
140158463,479045
141157793,480204
142761972,480314
143675583,706624
144677270,707964
145854892,478861
146853932,480982
148458110,480657
149372056,706873
150374004,708086
151551385,479019
152550606,480406
154154720,480300
155068383,707333
156070052,706651
157247517,479337
158247135,480276
159851159,480200
160764634,706755
161766523,708832
162944357,478366
163943129,480858
165423481,706642
166425873,708348
167603186,478922
168602477,480570
170206269,480706
171243642,480493
172280750,480805
173318286,480432
174355095,481065
175392783,480676
176430198,480104
177467685,479808
178504494,480586
179541593,480682
180578840,480986
181616414,480377
182653427,480555
183690858,480366
184727995,480459
185764903,481311
186802463,480782
187839729,480549
188876886,480758
189914104,481048
190951733,480315
191988989,480338
193026116,480461
194063433,480438
195100719,480371
196137605,481300
197175254,480442
198212657,480082
199249647,480586
200287088,480274
201324087,480610
202361586,480483
203398745,480756
204435851,480377
205473170,480832
206510625,480338
207547393,481166
208585049,480349
209622271,480603
210659444,480656
211696573,481016
212733928,480553
213771350,480291
214808637,480529
215845695,481013
216869464,509119
217920875,479579
218944600,508046
219995271,479930
221027059,493713
222071796,475965
223101771,493289
224135268,499026
225179482,485369
226209772,499244
227254189,484922
228283946,500382
229328508,485545
230358604,499670
231403389,484766
232433009,500277
233477589,485144
234507863,499473
235552793,485029
236583200,498125
237627164,484417
238657979,497604
239701770,484422
240732275,497294
241776328,485494
242807943,495104
243850132,485637
244882743,494705
245925009,484892
246957968,497420
248000053,487325
249031843,494952
250074989,486940
251106868,497575
252149132,487418
253181450,497482
254223464,487745
255256090,497097
256298377,487362
257330808,497100
258373095,487100
259405413,497103
260448119,481356
261480351,481286
262522788,480975
263555115,481123
264597262,481415
265629606,480957
266671969,480886
267704132,481255
268746758,480429
269778819,480785
270821165,480766
271853415,480940
272895437,481201
273927767,481298
274970268,480826
276002589,480646
277044441,481376
278076845,481008
279119311,480849
280151325,481327
281193843,480703
282193814,480773
283230988,481060
284268191,480971
285305502,480762
286342916,480817
287379794,481181
288417371,480832
289454877,480184
290491883,480588
291529047,481075
292566324,480845
293603742,480352
294640646,481241
295678433,480324
296715375,480910
297752606,481132
298790308,480235
299827187,481080
300864432,480531
301901690,481072
302939527,479992
303976341,480533
305013638,480706
306050825,480838
307088022,480895
308125471,480509
309162635,480716
310200202,480249
311237113,480862
312150347,706895
313153041,708300
314330621,478518
315329407,480708
316758678,480506
317672032,707164
318673711,707527
319851800,478799
320851008,480564
322279799,480720
323193548,707436
324195107,708096
325373391,477869
326371915,481043
327801148,480497
328714426,706508
329717354,708315
330894586,478221
331893359,480617
333199210,707124
334200421,706039
335246051,706475
336246622,707495
337424281,479205
338423348,481061
339852138,481155
340766018,707105
341767616,705693
342945349,479533
343944599,481005
345373804,480475
346287017,707277
347289240,708602
348467017,478800
349465894,481039
350894724,481141
351808630,707144
352810286,707432
353987886,479668
354987262,480942
356416209,481053
357330190,707291
358331928,707203
359509142,479900
360508607,480895
361937841,480489
362851412,707270
363852877,706581
PMU buffer: L2_PMU::L2_OUTER_RELEASEDATA_TTON_DIRTY_EVICTION
4720568,390710
5720609,437335
6720645,438063
7720699,436637
8720739,437960
9720784,437876
10720831,438364
11789167,434410
12854122,493661
14121839,479724
15159631,525340
16432111,518614
17356713,544007
18305460,435969
19305506,436499
20438734,493607
21887752,488307
22840826,403916
23840853,405167
24894112,436904
25894150,436744
27027383,493730
28626396,494136
29628653,16118
30679804,15801
31805714,15361
33453629,31742
34403833,16613
35529613,16631
36703137,16417
38299142,16452
39119605,866
40006745,15007
41006877,14668
42184934,15124
43825902,31851
44776431,16817
45868464,17080
47075664,16427
48486798,12184
49333872,14734
50334158,14819
51512133,15233
53152847,15253
54103381,16963
55153911,17038
56402709,16364
57853619,17185
58660660,14678
59661037,14949
60838868,15459
62479546,15422
63430024,16678
64429844,16707
65729362,16357
67330006,16477
68270487,16755
69032613,14671
70032947,14821
71210832,14958
72210556,15047
73814875,15208
74728909,14987
75729047,14894
76906994,15274
77906532,15806
79510345,15527
80425243,14850
81425341,15169
82603260,14945
83602622,15353
85206770,15100
86121807,15142
87121767,15039
88299528,14949
89299221,14963
90780474,15047
91780775,14889
92958277,14975
93958010,15572
95702648,15493
97344945,15861
98068176,15053
99069433,15007
100246898,15094
101246935,15294
102868485,14978
103783403,15374
104783333,15432
105960491,15112
106960482,14988
108582342,15462
109497729,15544
110496805,14683
111675100,15093
112674670,14994
114278607,15106
115193169,14469
116193820,15076
117371104,15107
118371336,14936
119975128,14923
120889582,14895
121889915,14878
123067682,14853
124067331,15733
125671307,15441
126586182,14780
127586203,14926
128763899,14788
129763800,15108
131368182,15016
132282307,14621
133282722,14603
134461327,16344
135461093,16478
137065395,16527
137979027,40054
138980639,41158
140158463,16432
141157793,16619
142761972,16449
143675583,40008
144677270,41100
145854892,16770
146853932,16328
148458110,16819
149372056,40070
150374004,40167
151551385,16455
152550606,16673
154154720,16532
155068383,39804
156070052,41159
157247517,16692
158247135,16672
159851159,16474
160764634,40300
161766523,40595
162944357,16615
163943129,16686
165423481,40156
166425873,40157
167603186,16733
168602477,16487
170206269,16553
171243642,16793
172280750,16676
173318286,16425
174355095,16582
175392783,16170
176430198,16693
177467685,16265
178504494,16331
179541593,16633
180578840,16184
181616414,16291
182653427,16590
183690858,16800
184727995,16828
185764903,16491
186802463,16560
187839729,16683
188876886,16568
189914104,16482
190951733,16656
191988989,16698
193026116,16710
194063433,16670
195100719,16717
196137605,16438
197175254,16640
198212657,16546
199249647,16657
200287088,16735
201324087,16838
202361586,16384
203398745,16286
204435851,16929
205473170,16314
206510625,16401
207547393,16863
208585049,16725
209622271,16613
210659444,16536
211696573,16642
212733928,16830
213771350,16682
214808637,16454
215845695,16384
216869464,18340
217920875,16563
218944600,18071
219995271,16488
221027059,16890
222071796,16154
223101771,16570
224135268,16996
225179482,17120
226209772,17064
227254189,17203
228283946,17351
229328508,17302
230358604,17726
231403389,17463
232433009,17342
233477589,17196
234507863,17148
235552793,16505
236583200,16042
237627164,17405
238657979,15986
239701770,17205
240732275,16303
241776328,16704
242807943,16174
243850132,16093
244882743,15776
245925009,15259
246957968,16999
248000053,17684
249031843,17475
250074989,17384
251106868,17300
252149132,17800
253181450,17330
254223464,17749
255256090,17966
256298377,17465
257330808,17323
258373095,17187
259405413,17152
260448119,17048
261480351,17280
262522788,17244
263555115,16938
264597262,16987
265629606,17170
266671969,17191
267704132,16656
268746758,17161
269778819,17189
270821165,17202
271853415,16801
272895437,16828
273927767,16699
274970268,16832
276002589,17072
277044441,16986
278076845,17025
279119311,17137
280151325,16961
281193843,17159
282193814,16658
283230988,16372
284268191,16628
285305502,16872
286342916,16405
287379794,16616
288417371,16673
289454877,16932
290491883,16666
291529047,16438
292566324,16560
293603742,17074
294640646,16538
295678433,16723
296715375,16729
297752606,16443
298790308,16641
299827187,16346
300864432,17058
301901690,16372
302939527,16476
303976341,16651
305013638,16711
306050825,16431
307088022,16494
308125471,16480
309162635,16616
310200202,16569
311237113,16436
312150347,39422
313153041,40235
314330621,16807
315329407,16801
316758678,16579
317672032,39766
318673711,40810
319851800,16383
320851008,16507
322279799,16670
323193548,39704
324195107,40663
325373391,16937
326371915,16694
327801148,16733
328714426,39947
329717354,39927
330894586,17048
331893359,16739
333199210,39914
334200421,40228
335246051,40871
336246622,40464
337424281,16381
338423348,16423
339852138,16618
340766018,39436
341767616,40803
342945349,16554
343944599,16600
345373804,16606
346287017,39727
347289240,40653
348467017,16580
349465894,16652
350894724,16456
351808630,39763
352810286,41366
353987886,16367
354987262,16525
356416209,16429
357330190,39857
358331928,41075
359509142,16533
360508607,16553
361937841,16443
362851412,39733
363852877,40954
PMU buffer: L2_PMU::L2_DEMAND_MISS_HIT_MSHR_ALLOC_HINT
4720568,26
5720609,7
6720645,5
7720699,4
8720739,3
9720784,5
10720831,5
11789167,17
12854122,3
14121839,16
15159631,4
16432111,17
17356713,8
18305460,6
19305506,0
20438734,3
21887752,16
22840826,0
23840853,0
24894112,0
25894150,0
27027383,4
28626396,19
29628653,6
30679804,6
31805714,5
33453629,13
34403833,1
35529613,3
36703137,0
38299142,0
39119605,2
40006745,0
41006877,0
42184934,3
43825902,18
44776431,3
45868464,9
47075664,0
48486798,5
49333872,0
50334158,0
51512133,3
53152847,13
54103381,5
55153911,8
56402709,0
57853619,5
58660660,1
59661037,0
60838868,3
62479546,12
63430024,2
64429844,3
65729362,1
67330006,1
68270487,3
69032613,0
70032947,0
71210832,0
72210556,0
73814875,0
74728909,0
75729047,0
76906994,0
77906532,0
79510345,0
80425243,0
81425341,0
82603260,0
83602622,0
85206770,0
86121807,0
87121767,0
88299528,1
89299221,0
90780474,0
91780775,0
92958277,0
93958010,0
95702648,1
97344945,8
98068176,0
99069433,1
100246898,0
101246935,0
102868485,0
103783403,1
104783333,0
105960491,0
106960482,0
108582342,0
109497729,0
110496805,0
111675100,0
112674670,0
114278607,0
115193169,0
116193820,0
117371104,0
118371336,0
119975128,0
120889582,0
121889915,0
123067682,0
124067331,0
125671307,0
126586182,0
127586203,0
128763899,0
129763800,0
131368182,0
132282307,0
133282722,0
134461327,1
135461093,1
137065395,1
137979027,2
138980639,2
140158463,1
141157793,1
142761972,1
143675583,1
144677270,2
145854892,1
146853932,1
148458110,1
149372056,2
150374004,2
151551385,1
152550606,0
154154720,1
155068383,4
156070052,1
157247517,1
158247135,0
159851159,1
160764634,2
161766523,3
162944357,1
163943129,0
165423481,3
166425873,2
167603186,0
168602477,1
170206269,1
171243642,1
172280750,1
173318286,0
174355095,1
175392783,1
176430198,1
177467685,1
178504494,1
179541593,1
180578840,1
181616414,0
182653427,1
183690858,1
184727995,1
185764903,1
186802463,1
187839729,1
188876886,0
189914104,1
190951733,1
191988989,1
193026116,0
194063433,1
195100719,1
196137605,1
197175254,1
198212657,1
199249647,1
200287088,1
201324087,1
202361586,1
203398745,1
204435851,1
205473170,1
206510625,1
207547393,1
208585049,1
209622271,1
210659444,1
211696573,1
212733928,1
213771350,1
214808637,0
215845695,1
216869464,1
217920875,1
218944600,1
219995271,1
221027059,1
222071796,0
223101771,0
224135268,1
225179482,1
226209772,0
227254189,1
228283946,1
229328508,1
230358604,1
231403389,1
232433009,0
233477589,0
234507863,0
235552793,1
236583200,1
237627164,0
238657979,1
239701770,0
240732275,1
241776328,0
242807943,0
243850132,0
244882743,1
245925009,1
246957968,2
248000053,2
249031843,3
250074989,3
251106868,3
252149132,4
253181450,3
254223464,4
255256090,5
256298377,2
257330808,4
258373095,4
259405413,3
260448119,4
261480351,4
262522788,4
263555115,4
264597262,3
265629606,4
266671969,4
267704132,3
268746758,3
269778819,2
270821165,3
271853415,3
272895437,3
273927767,3
274970268,3
276002589,3
277044441,2
278076845,3
279119311,3
280151325,3
281193843,4
282193814,2
283230988,1
284268191,1
285305502,1
286342916,0
287379794,1
288417371,1
289454877,1
290491883,1
291529047,0
292566324,1
293603742,0
294640646,1
295678433,1
296715375,1
297752606,1
298790308,1
299827187,1
300864432,1
301901690,0
302939527,1
303976341,1
305013638,1
306050825,1
307088022,1
308125471,1
309162635,1
310200202,1
311237113,1
312150347,1
313153041,2
314330621,1
315329407,1
316758678,1
317672032,2
318673711,3
319851800,1
320851008,0
322279799,1
323193548,2
324195107,2
325373391,1
326371915,1
327801148,1
328714426,1
329717354,2
330894586,1
331893359,0
333199210,2
334200421,2
335246051,2
336246622,1
337424281,1
338423348,1
339852138,0
340766018,1
341767616,1
342945349,1
343944599,1
345373804,1
346287017,1
347289240,2
348467017,1
349465894,1
350894724,1
351808630,2
352810286,1
353987886,1
354987262,1
356416209,1
357330190,2
358331928,1
359509142,0
360508607,1
361937841,1
362851412,2
363852877,1
PMU buffer: L2_PMU::L2_OUTER_ACQUIREBLOCK_NTOT_L2_MISS
4720568,81080
5720609,87409
6720645,88009
7720699,88465
8720739,87766
9720784,88145
10720831,87475
11789167,87438
12854122,92270
14121839,88377
15159631,94757
16432111,93765
17356713,100362
18305460,88240
19305506,87671
20438734,92624
21887752,87904
22840826,66640
23840853,66572
24894112,87525
25894150,88212
27027383,92655
28626396,93163
29628653,11296
30679804,11403
31805714,11539
33453629,25104
34403833,13720
35529613,13725
36703137,13689
38299142,13702
39119605,665
40006745,11547
41006877,11135
42184934,11400
43825902,25158
44776431,13835
45868464,13930
47075664,13692
48486798,10598
49333872,11292
50334158,11085
51512133,11449
53152847,11231
54103381,13914
55153911,13861
56402709,13670
57853619,14243
58660660,11235
59661037,11073
60838868,11586
62479546,11520
63430024,13737
64429844,13770
65729362,13687
67330006,13733
68270487,13895
69032613,11303
70032947,10904
71210832,11396
72210556,11320
73814875,11572
74728909,11234
75729047,11134
76906994,11638
77906532,11965
79510345,11748
80425243,11122
81425341,11118
82603260,11405
83602622,11478
85206770,11394
86121807,11110
87121767,10953
88299528,11415
89299221,11324
90780474,11175
91780775,10870
92958277,11219
93958010,11911
95702648,11645
97344945,11109
98068176,11538
99069433,10794
100246898,11629
101246935,11649
102868485,11359
103783403,11007
104783333,11080
105960491,11353
106960482,11276
108582342,11699
109497729,10996
110496805,11052
111675100,11554
112674670,11221
114278607,11388
115193169,10802
116193820,10793
117371104,11526
118371336,11321
119975128,11364
120889582,11158
121889915,10936
123067682,11318
124067331,11927
125671307,11662
126586182,11052
127586203,11029
128763899,11103
129763800,11359
131368182,11369
132282307,11163
133282722,10862
134461327,12225
135461093,12343
137065395,12463
137979027,31235
138980639,31614
140158463,12102
141157793,12541
142761972,12400
143675583,31174
144677270,31630
145854892,12363
146853932,12381
148458110,12711
149372056,30875
150374004,30689
151551385,12057
152550606,12525
154154720,12494
155068383,30857
156070052,31517
157247517,12486
158247135,12623
159851159,12388
160764634,31290
161766523,31325
162944357,12051
163943129,12523
165423481,31597
166425873,30537
167603186,12349
168602477,12350
170206269,12348
171243642,12635
172280750,12558
173318286,12243
174355095,12404
175392783,12230
176430198,12589
177467685,12200
178504494,12233
179541593,12500
180578840,12206
181616414,12309
182653427,12445
183690858,12652
184727995,12614
185764903,12440
186802463,12398
187839729,12427
188876886,12419
189914104,12460
190951733,12676
191988989,12606
193026116,12560
194063433,12527
195100719,12615
196137605,12501
197175254,12575
198212657,12434
199249647,12550
200287088,12595
201324087,12655
202361586,12357
203398745,12362
204435851,12759
205473170,12286
206510625,12301
207547393,12702
208585049,12568
209622271,12361
210659444,12376
211696573,12496
212733928,12573
213771350,12472
214808637,12361
215845695,12342
216869464,13873
217920875,12341
218944600,13663
219995271,12364
221027059,12601
222071796,11960
223101771,12339
224135268,13111
225179482,12275
226209772,13054
227254189,12531
228283946,12998
229328508,12526
230358604,13476
231403389,12701
232433009,12944
233477589,12469
234507863,13000
235552793,12045
236583200,12004
237627164,12846
238657979,11955
239701770,12538
240732275,12312
241776328,12215
242807943,11808
243850132,11729
244882743,11759
245925009,11356
246957968,12719
248000053,13086
249031843,12986
250074989,12908
251106868,12993
252149132,13252
253181450,13076
254223464,13295
255256090,13410
256298377,13044
257330808,12889
258373095,12840
259405413,12789
260448119,12743
261480351,12861
262522788,12796
263555115,12627
264597262,12678
265629606,12736
266671969,12779
267704132,12492
268746758,12722
269778819,12769
270821165,12753
271853415,12539
272895437,12462
273927767,12396
274970268,12572
276002589,12671
277044441,12642
278076845,12702
279119311,12791
280151325,12726
281193843,12658
282193814,12452
283230988,12529
284268191,12651
285305502,12762
286342916,12334
287379794,12478
288417371,12584
289454877,12774
290491883,12534
291529047,12455
292566324,12492
293603742,12908
294640646,12418
295678433,12678
296715375,12646
297752606,12404
298790308,12533
299827187,12419
300864432,12923
301901690,12364
302939527,12368
303976341,12414
305013638,12582
306050825,12460
307088022,12513
308125471,12349
309162635,12507
310200202,12417
311237113,12415
312150347,31126
313153041,30824
314330621,12258
315329407,12637
316758678,12544
317672032,31260
318673711,31295
319851800,12150
320851008,12539
322279799,12623
323193548,30985
324195107,31155
325373391,12289
326371915,12522
327801148,12614
328714426,31647
329717354,31441
330894586,12249
331893359,12512
333199210,31255
334200421,30579
335246051,31107
336246622,31034
337424281,12083
338423348,12470
339852138,12616
340766018,31040
341767616,30913
342945349,12363
343944599,12597
345373804,12505
346287017,31290
347289240,31475
348467017,12094
349465894,12608
350894724,12355
351808630,31217
352810286,31575
353987886,12324
354987262,12537
356416209,12495
357330190,30902
358331928,31563
359509142,12434
360508607,12591
361937841,12337
362851412,30991
363852877,31126
PMU buffer: L2_PMU::L2_INNER_PREFETCH_HIT_L2
4720568,41
5720609,31
6720645,22
7720699,21
8720739,23
9720784,20
10720831,22
11789167,46
12854122,56
14121839,97
15159631,98
16432111,127
17356713,37
18305460,24
19305506,17
20438734,61
21887752,35
22840826,12
23840853,8
24894112,16
25894150,18
27027383,60
28626396,55
29628653,66
30679804,67
31805714,104
33453629,58
34403833,49
35529613,77
36703137,55
38299142,55
39119605,54
40006745,55
41006877,52
42184934,99
43825902,83
44776431,65
45868464,73
47075664,55
48486798,57
49333872,44
50334158,46
51512133,101
53152847,84
54103381,47
55153911,53
56402709,59
57853619,56
58660660,54
59661037,58
60838868,104
62479546,104
63430024,45
64429844,39
65729362,53
67330006,51
68270487,49
69032613,55
70032947,55
71210832,93
72210556,94
73814875,90
74728909,51
75729047,55
76906994,88
77906532,94
79510345,90
80425243,47
81425341,54
82603260,88
83602622,92
85206770,92
86121807,49
87121767,50
88299528,88
89299221,92
90780474,45
91780775,51
92958277,102
93958010,93
95702648,138
97344945,147
98068176,47
99069433,55
100246898,102
101246935,87
102868485,89
103783403,51
104783333,55
105960491,102
106960482,93
108582342,86
109497729,49
110496805,48
111675100,102
112674670,91
114278607,88
115193169,45
116193820,50
117371104,100
118371336,87
119975128,92
120889582,52
121889915,55
123067682,100
124067331,89
125671307,89
126586182,51
127586203,50
128763899,90
129763800,92
131368182,91
132282307,49
133282722,53
134461327,66
135461093,52
137065395,55
137979027,49
138980639,45
140158463,61
141157793,74
142761972,55
143675583,52
144677270,48
145854892,67
146853932,52
148458110,54
149372056,54
150374004,47
151551385,74
152550606,68
154154720,51
155068383,55
156070052,46
157247517,69
158247135,59
159851159,53
160764634,58
161766523,45
162944357,69
163943129,70
165423481,51
166425873,44
167603186,64
168602477,72
170206269,68
171243642,64
172280750,63
173318286,51
174355095,68
175392783,58
176430198,62
177467685,61
178504494,68
179541593,65
180578840,65
181616414,60
182653427,68
183690858,63
184727995,68
185764903,67
186802463,67
187839729,53
188876886,65
189914104,69
190951733,61
191988989,61
193026116,54
194063433,63
195100719,65
196137605,68
197175254,63
198212657,62
199249647,66
200287088,67
201324087,65
202361586,60
203398745,64
204435851,52
205473170,68
206510625,62
207547393,67
208585049,64
209622271,66
210659444,66
211696573,69
212733928,68
213771350,54
214808637,62
215845695,66
216869464,75
217920875,64
218944600,68
219995271,58
221027059,71
222071796,52
223101771,61
224135268,66
225179482,63
226209772,67
227254189,56
228283946,67
229328508,54
230358604,67
231403389,55
232433009,62
233477589,52
234507863,66
235552793,60
236583200,71
237627164,55
238657979,70
239701770,52
240732275,66
241776328,56
242807943,57
243850132,58
244882743,57
245925009,66
246957968,66
248000053,63
249031843,64
250074989,69
251106868,62
252149132,65
253181450,67
254223464,71
255256090,71
256298377,70
257330808,65
258373095,67
259405413,65
260448119,66
261480351,60
262522788,65
263555115,61
264597262,64
265629606,59
266671969,64
267704132,63
268746758,60
269778819,60
270821165,66
271853415,62
272895437,64
273927767,63
274970268,62
276002589,61
277044441,63
278076845,59
279119311,67
280151325,57
281193843,64
282193814,49
283230988,53
284268191,52
285305502,52
286342916,49
287379794,51
288417371,53
289454877,50
290491883,52
291529047,54
292566324,53
293603742,54
294640646,52
295678433,51
296715375,50
297752606,55
298790308,54
299827187,55
300864432,52
301901690,52
302939527,51
303976341,54
305013638,51
306050825,53
307088022,52
308125471,53
309162635,53
310200202,54
311237113,51
312150347,53
313153041,45
314330621,65
315329407,49
316758678,53
317672032,52
318673711,43
319851800,58
320851008,65
322279799,54
323193548,54
324195107,40
325373391,51
326371915,52
327801148,53
328714426,54
329717354,43
330894586,56
331893359,62
333199210,51
334200421,43
335246051,55
336246622,48
337424281,51
338423348,63
339852138,52
340766018,52
341767616,44
342945349,67
343944599,53
345373804,51
346287017,49
347289240,45
348467017,59
349465894,64
350894724,51
351808630,50
352810286,48
353987886,62
354987262,50
356416209,56
357330190,48
358331928,43
359509142,61
360508607,67
361937841,50
362851412,50
363852877,54
ANN buffer: System::PREDICTED_JOB_UTILIZATION
4720568,0
5720609,0
6720645,0
7720699,0
8720739,0
9720784,0
10720831,0
11789167,268390
12854122,268390
14121839,398149
15159631,398149
16432111,486998
17356713,584565
18305460,584565
19305506,584565
20438734,395488
21887752,450367
22840826,450367
23840853,450367
24894112,313151
25894150,313151
27027383,311515
28626396,459495
29628653,459495
30679804,311689
31805714,311689
33453629,438999
34403833,438999
35529613,304832
36703137,304832
38299142,430356
39119605,430559
40006745,430559
41006877,430559
42184934,260449
43825902,396640
44776431,396640
45868464,249215
47075664,249215
48486798,399303
49333872,399303
50334158,399303
51512133,238696
53152847,388775
54103381,388775
55153911,239912
56402709,239912
57853619,401246
58660660,401246
59661037,401246
60838868,239003
62479546,397228
63430024,397228
64429844,397228
65729362,245622
67330006,406313
68270487,399103
69032613,399103
70032947,399103
71210832,236346
72210556,236346
73814875,395057
74728909,394953
75729047,394953
76906994,238480
77906532,238480
79510345,396120
80425243,396036
81425341,396036
82603260,238900
83602622,238900
85206770,392714
86121807,392749
87121767,392749
88299528,234869
89299221,234869
90780474,390225
91780775,390225
92958277,231780
93958010,231780
95702648,388251
97344945,108489
98068176,108489
99069433,108489
100246898,108489
101246935,108489
102868485,211073
103783403,211073
104783333,211073
105960491,211073
106960482,211073
108582342,260998
109497729,260998
110496805,260998
111675100,260998
112674670,260998
114278607,245454
115193169,245454
116193820,245454
117371104,245454
118371336,245454
119975128,238854
120889582,238854
121889915,238854
123067682,238854
124067331,238854
125671307,235283
126586182,235283
127586203,235283
128763899,235283
129763800,235283
131368182,233347
132282307,233347
133282722,233347
134461327,233347
135461093,233347
137065395,232297
137979027,232297
138980639,232297
140158463,232297
141157793,232297
142761972,231725
143675583,231725
144677270,231725
145854892,231725
146853932,231725
148458110,231410
149372056,231410
150374004,231410
151551385,231410
152550606,231410
154154720,231233
155068383,231233
156070052,231233
157247517,231233
158247135,231233
159851159,231132
160764634,231132
161766523,231132
162944357,231132
163943129,231132
165423481,231071
166425873,231071
167603186,231071
168602477,231071
170206269,230915
171243642,230915
172280750,230915
173318286,230915
174355095,230915
175392783,230915
176430198,230915
177467685,230915
178504494,230915
179541593,230915
180578840,230915
181616414,230915
182653427,230915
183690858,230915
184727995,230915
185764903,230915
186802463,230915
187839729,230915
188876886,230915
189914104,230915
190951733,230915
191988989,230915
193026116,230915
194063433,230915
195100719,230915
196137605,230915
197175254,230915
198212657,230915
199249647,230915
200287088,230915
201324087,230915
202361586,230915
203398745,230915
204435851,230915
205473170,230915
206510625,230915
207547393,230915
208585049,230915
209622271,230915
210659444,230915
211696573,230915
212733928,230915
213771350,230915
214808637,230915
215845695,230915
216869464,230915
217920875,230915
218944600,230915
219995271,230915
221027059,230915
222071796,230915
223101771,230915
224135268,230915
225179482,230915
226209772,230915
227254189,230915
228283946,230915
229328508,230915
230358604,230915
231403389,230915
232433009,230915
233477589,230915
234507863,230915
235552793,230915
236583200,230915
237627164,230915
238657979,230915
239701770,230915
240732275,230915
241776328,230915
242807943,230915
243850132,230915
244882743,230915
245925009,230915
246957968,230915
248000053,230915
249031843,230915
250074989,230915
251106868,230915
252149132,230915
253181450,230915
254223464,230915
255256090,230915
256298377,230915
257330808,230915
258373095,230915
259405413,230915
260448119,230915
261480351,230915
262522788,230915
263555115,230915
264597262,230915
265629606,230915
266671969,230915
267704132,230915
268746758,230915
269778819,230915
270821165,230915
271853415,230915
272895437,230915
273927767,230915
274970268,230915
276002589,230915
277044441,230915
278076845,230915
279119311,230915
280151325,230915
281193843,230915
282193814,230915
283230988,230915
284268191,230915
285305502,230915
286342916,230915
287379794,230915
288417371,230915
289454877,230915
290491883,230915
291529047,230915
292566324,230915
293603742,230915
294640646,230915
295678433,230915
296715375,230915
297752606,230915
298790308,230915
299827187,230915
300864432,230915
301901690,230915
302939527,230915
303976341,230915
305013638,230915
306050825,230915
307088022,230915
308125471,230915
309162635,230915
310200202,230915
311237113,230915
312150347,230915
313153041,230915
314330621,230915
315329407,230915
316758678,243593
317672032,243593
318673711,243593
319851800,243593
320851008,243593
322279799,244486
323193548,244486
324195107,244486
325373391,244486
326371915,244486
327801148,239230
328714426,239230
329717354,239230
330894586,239230
331893359,239230
333199210,236392
334200421,236392
335246051,236392
336246622,236392
337424281,236392
338423348,236392
339852138,228821
340766018,228821
341767616,228821
342945349,228821
343944599,228821
345373804,224919
346287017,224919
347289240,224919
348467017,224919
349465894,224919
350894724,228703
351808630,228703
352810286,228703
353987886,228703
354987262,228703
356416209,230711
357330190,230711
358331928,230711
359509142,230711
360508607,230711
361937841,231774
362851412,231774
363852877,231774
end_data
Task data [5]: 
begin_data
System buffer: System::JOB_UTILIZATION
4888073,167483
5888543,167918
6888540,167877
7888488,167771
8888654,167898
9888670,167869
10888910,168062
12118481,329292
13183322,329176
14612484,490616
15650751,491091
16923433,491293
17524663,167933
18473256,167784
19663296,357774
20767957,329199
22208249,162933
23167072,162882
24083228,167154
25062105,167976
26224139,329971
27356625,329222
28911590,162882
29859215,162923
31127408,323668
32234008,323613
33575879,162911
34528961,162923
35780029,323636
36904358,323646
38501267,323633
39299781,162901
40237954,162898
41471618,323621
42613332,323632
43973528,162896
44901779,162890
46114620,323647
47276899,323619
48646959,162920
49565076,162944
50758787,356491
51940515,323623
53320498,162917
54228678,162919
55402560,336637
56603875,323614
57993800,162915
58891914,162910
60045738,316562
61267236,323667
62667169,162901
63555137,162927
64689039,296549
65930529,323651
67532116,323641
68385668,162904
69263758,162944
70382677,281565
71639153,323632
73235631,323618
74096888,162907
74960025,162931
76043615,246459
77335229,323637
78936792,323620
79802950,162936
80656354,162934
81724814,231492
83031534,323650
84627827,323610
85514215,162918
86352755,162948
87352681,162926
88727714,323642
90181192,777160
91011563,162905
92011667,162909
93386674,323650
95140272,1077190
96347429,504163
97553387,162898
98299513,162914
99300056,162917
100675102,323658
102292521,941075
103213537,240379
104014042,162896
105013967,162881
106389008,323647
108011526,946119
108937652,250367
109728122,162885
110728072,162895
112103178,323652
113702882,923356
114648966,265443
115424434,162918
116424337,162918
117799494,323636
119404558,928435
120355383,275408
121120565,162914
122120679,162908
123496078,323611
125095789,923422
126066757,290466
126817226,162919
127817236,162903
129192345,323666
130797026,928347
131773252,300401
132513545,162920
133513747,162878
134591780,328334
135591641,328128
137195866,328279
138078961,163306
139078950,163259
140288233,328368
141288216,328280
142892305,328296
143775465,163369
144775366,163234
145984781,328470
146984727,328346
148588691,328244
149471864,163331
150471849,163282
151681093,328350
152681146,328328
154285235,328377
155168264,163323
156168250,163270
157377509,328356
158377541,328319
159981481,328229
160864648,163321
161864614,163250
163073942,328401
164073807,328196
165523789,163357
166523729,163255
167733092,328450
168732910,328197
170336824,328152
171374196,328263
172411495,328297
173448642,328185
174485908,328190
175523388,328412
176560648,328413
177597888,328396
178634939,328188
179672274,328263
180709548,328285
181746933,328409
182784058,328269
183821413,328370
184858540,328237
185895688,328125
186932999,328174
187970235,328153
189007674,328334
190044821,328221
191082269,328416
192119480,328367
193156556,328181
194193911,328278
195231218,328324
196268450,328292
197305796,328385
198342995,328323
199380161,328230
200417498,328311
201454628,328180
202492062,328351
203529337,328371
204566579,328352
205603694,328211
206641093,328350
207678185,328182
208715506,328249
209752690,328171
210789977,328198
211827202,328167
212864485,328186
213901810,328254
214939137,328319
215976241,328157
217010747,325399
218050955,328345
219085361,325479
220125510,328362
221162058,327638
222201245,329554
223236616,327649
224272454,326216
225312018,328507
226347123,326339
227386473,328419
228421575,326241
229461030,328432
230495986,326118
231535635,328497
232570624,326211
233610070,328383
234645255,326294
235684893,328659
236719994,326481
237759266,328476
238794777,326715
239833828,328490
240869323,326707
241908400,328507
242939625,359669
243981964,364731
245013899,359389
246056071,364291
247088383,359339
248130723,364405
249162968,359381
250205229,364369
251237538,359398
252279801,364394
253312149,359471
254354220,364262
255386552,359322
256428881,364378
257461238,359466
258503370,364326
259535692,359380
260578954,365375
261611191,360357
262653600,365499
263685937,360573
264728087,365458
265760273,360375
266802602,365435
267834876,360441
268877115,365416
269909353,360390
270951717,365485
271983981,360483
273026207,365452
274058404,360382
275100799,365510
276133085,360522
277175244,365415
278207674,360580
279249930,365570
280282117,360484
281324410,365513
282356556,360391
283399013,365584
284431217,360527
285473387,365438
286505726,360502
287547822,365335
288580248,360500
289622625,365616
290654710,360439
291697074,365537
292729255,360451
293771585,365517
294803487,360157
295846047,365452
296878253,360388
297920476,365350
298952745,360363
299995073,365433
301027299,360393
302069518,365352
303101863,360431
304143960,365266
305176272,360308
306218677,365456
307250819,360338
308292990,365246
309293196,328191
310330515,328250
311367680,328156
312250912,163308
313250904,163263
314460335,328517
315460088,328200
316889164,328290
317772284,163334
318772242,163256
319981696,328536
320981592,328359
322410575,328397
323293604,163343
324293566,163266
325502995,328526
326502648,328108
327931710,328286
328814858,163352
329814831,163291
331024198,328482
332023937,328145
333299413,163335
334299377,163263
335344799,163243
336344841,163247
337554105,328340
338554066,328231
339982916,328177
340866130,163312
341866095,163238
343075424,328393
344075408,328306
345504308,328288
346387382,163287
347387353,163225
348596812,328502
349596679,328304
351025417,328062
351908746,163307
352908791,163311
354117994,328339
355117984,328263
356546959,328257
357430093,163315
358430073,163259
359639309,328324
360639380,328328
362068395,328362
362951411,163296
363951383,163235
System buffer: System::CPU_CLOCK
4888073,1503999999
5888543,1503999999
6888540,1503999999
7888488,1503999999
8888654,1503999999
9888670,1503999999
10888910,1503999999
12118481,751999999
13183322,751999999
14612484,501333333
15650751,501333333
16923433,501333333
17524663,1503999999
18473256,1503999999
19663296,751999999
20767957,751999999
22208249,1503999999
23167072,1503999999
24083228,1503999999
25062105,1503999999
26224139,751999999
27356625,751999999
28911590,1503999999
29859215,1503999999
31127408,751999999
32234008,751999999
33575879,1503999999
34528961,1503999999
35780029,751999999
36904358,751999999
38501267,751999999
39299781,1503999999
40237954,1503999999
41471618,751999999
42613332,751999999
43973528,1503999999
44901779,1503999999
46114620,751999999
47276899,751999999
48646959,1503999999
49565076,1503999999
50758787,751999999
51940515,751999999
53320498,1503999999
54228678,1503999999
55402560,751999999
56603875,751999999
57993800,1503999999
58891914,1503999999
60045738,751999999
61267236,751999999
62667169,1503999999
63555137,1503999999
64689039,751999999
65930529,751999999
67532116,751999999
68385668,1503999999
69263758,1503999999
70382677,751999999
71639153,751999999
73235631,751999999
74096888,1503999999
74960025,1503999999
76043615,751999999
77335229,751999999
78936792,751999999
79802950,1503999999
80656354,1503999999
81724814,751999999
83031534,751999999
84627827,751999999
85514215,1503999999
86352755,1503999999
87352681,1503999999
88727714,751999999
90181192,1503999999
91011563,1503999999
92011667,1503999999
93386674,751999999
95140272,501333333
96347429,501333333
97553387,1503999999
98299513,1503999999
99300056,1503999999
100675102,751999999
102292521,751999999
103213537,1503999999
104014042,1503999999
105013967,1503999999
106389008,751999999
108011526,751999999
108937652,1503999999
109728122,1503999999
110728072,1503999999
112103178,751999999
113702882,751999999
114648966,1503999999
115424434,1503999999
116424337,1503999999
117799494,751999999
119404558,751999999
120355383,1503999999
121120565,1503999999
122120679,1503999999
123496078,751999999
125095789,751999999
126066757,1503999999
126817226,1503999999
127817236,1503999999
129192345,751999999
130797026,751999999
131773252,1503999999
132513545,1503999999
133513747,1503999999
134591780,751999999
135591641,751999999
137195866,751999999
138078961,1503999999
139078950,1503999999
140288233,751999999
141288216,751999999
142892305,751999999
143775465,1503999999
144775366,1503999999
145984781,751999999
146984727,751999999
148588691,751999999
149471864,1503999999
150471849,1503999999
151681093,751999999
152681146,751999999
154285235,751999999
155168264,1503999999
156168250,1503999999
157377509,751999999
158377541,751999999
159981481,751999999
160864648,1503999999
161864614,1503999999
163073942,751999999
164073807,751999999
165523789,1503999999
166523729,1503999999
167733092,751999999
168732910,751999999
170336824,751999999
171374196,751999999
172411495,751999999
173448642,751999999
174485908,751999999
175523388,751999999
176560648,751999999
177597888,751999999
178634939,751999999
179672274,751999999
180709548,751999999
181746933,751999999
182784058,751999999
183821413,751999999
184858540,751999999
185895688,751999999
186932999,751999999
187970235,751999999
189007674,751999999
190044821,751999999
191082269,751999999
192119480,751999999
193156556,751999999
194193911,751999999
195231218,751999999
196268450,751999999
197305796,751999999
198342995,751999999
199380161,751999999
200417498,751999999
201454628,751999999
202492062,751999999
203529337,751999999
204566579,751999999
205603694,751999999
206641093,751999999
207678185,751999999
208715506,751999999
209752690,751999999
210789977,751999999
211827202,751999999
212864485,751999999
213901810,751999999
214939137,751999999
215976241,751999999
217010747,751999999
218050955,751999999
219085361,751999999
220125510,751999999
221162058,751999999
222201245,751999999
223236616,751999999
224272454,751999999
225312018,751999999
226347123,751999999
227386473,751999999
228421575,751999999
229461030,751999999
230495986,751999999
231535635,751999999
232570624,751999999
233610070,751999999
234645255,751999999
235684893,751999999
236719994,751999999
237759266,751999999
238794777,751999999
239833828,751999999
240869323,751999999
241908400,751999999
242939625,751999999
243981964,751999999
245013899,751999999
246056071,751999999
247088383,751999999
248130723,751999999
249162968,751999999
250205229,751999999
251237538,751999999
252279801,751999999
253312149,751999999
254354220,751999999
255386552,751999999
256428881,751999999
257461238,751999999
258503370,751999999
259535692,751999999
260578954,751999999
261611191,751999999
262653600,751999999
263685937,751999999
264728087,751999999
265760273,751999999
266802602,751999999
267834876,751999999
268877115,751999999
269909353,751999999
270951717,751999999
271983981,751999999
273026207,751999999
274058404,751999999
275100799,751999999
276133085,751999999
277175244,751999999
278207674,751999999
279249930,751999999
280282117,751999999
281324410,751999999
282356556,751999999
283399013,751999999
284431217,751999999
285473387,751999999
286505726,751999999
287547822,751999999
288580248,751999999
289622625,751999999
290654710,751999999
291697074,751999999
292729255,751999999
293771585,751999999
294803487,751999999
295846047,751999999
296878253,751999999
297920476,751999999
298952745,751999999
299995073,751999999
301027299,751999999
302069518,751999999
303101863,751999999
304143960,751999999
305176272,751999999
306218677,751999999
307250819,751999999
308292990,751999999
309293196,751999999
310330515,751999999
311367680,751999999
312250912,1503999999
313250904,1503999999
314460335,751999999
315460088,751999999
316889164,751999999
317772284,1503999999
318772242,1503999999
319981696,751999999
320981592,751999999
322410575,751999999
323293604,1503999999
324293566,1503999999
325502995,751999999
326502648,751999999
327931710,751999999
328814858,1503999999
329814831,1503999999
331024198,751999999
332023937,751999999
333299413,1503999999
334299377,1503999999
335344799,1503999999
336344841,1503999999
337554105,751999999
338554066,751999999
339982916,751999999
340866130,1503999999
341866095,1503999999
343075424,751999999
344075408,751999999
345504308,751999999
346387382,1503999999
347387353,1503999999
348596812,751999999
349596679,751999999
351025417,751999999
351908746,1503999999
352908791,1503999999
354117994,751999999
355117984,751999999
356546959,751999999
357430093,1503999999
358430073,1503999999
359639309,751999999
360639380,751999999
362068395,751999999
362951411,1503999999
363951383,1503999999
System buffer: System::DEADLINE_MISSES
4888073,0
5888543,0
6888540,0
7888488,0
8888654,0
9888670,0
10888910,0
12118481,0
13183322,0
14612484,0
15650751,0
16923433,0
17524663,0
18473256,0
19663296,0
20767957,0
22208249,0
23167072,0
24083228,0
25062105,0
26224139,0
27356625,0
28911590,0
29859215,0
31127408,0
32234008,0
33575879,0
34528961,0
35780029,0
36904358,0
38501267,0
39299781,0
40237954,0
41471618,0
42613332,0
43973528,0
44901779,0
46114620,0
47276899,0
48646959,0
49565076,0
50758787,0
51940515,0
53320498,0
54228678,0
55402560,0
56603875,0
57993800,0
58891914,0
60045738,0
61267236,0
62667169,0
63555137,0
64689039,0
65930529,0
67532116,0
68385668,0
69263758,0
70382677,0
71639153,0
73235631,0
74096888,0
74960025,0
76043615,0
77335229,0
78936792,0
79802950,0
80656354,0
81724814,0
83031534,0
84627827,0
85514215,0
86352755,0
87352681,0
88727714,0
90181192,0
91011563,0
92011667,0
93386674,0
95140272,0
96347429,0
97553387,0
98299513,0
99300056,0
100675102,0
102292521,0
103213537,0
104014042,0
105013967,0
106389008,0
108011526,0
108937652,0
109728122,0
110728072,0
112103178,0
113702882,0
114648966,0
115424434,0
116424337,0
117799494,0
119404558,0
120355383,0
121120565,0
122120679,0
123496078,0
125095789,0
126066757,0
126817226,0
127817236,0
129192345,0
130797026,0
131773252,0
132513545,0
133513747,0
134591780,0
135591641,0
137195866,0
138078961,0
139078950,0
140288233,0
141288216,0
142892305,0
143775465,0
144775366,0
145984781,0
146984727,0
148588691,0
149471864,0
150471849,0
151681093,0
152681146,0
154285235,0
155168264,0
156168250,0
157377509,0
158377541,0
159981481,0
160864648,0
161864614,0
163073942,0
164073807,0
165523789,0
166523729,0
167733092,0
168732910,0
170336824,0
171374196,0
172411495,0
173448642,0
174485908,0
175523388,0
176560648,0
177597888,0
178634939,0
179672274,0
180709548,0
181746933,0
182784058,0
183821413,0
184858540,0
185895688,0
186932999,0
187970235,0
189007674,0
190044821,0
191082269,0
192119480,0
193156556,0
194193911,0
195231218,0
196268450,0
197305796,0
198342995,0
199380161,0
200417498,0
201454628,0
202492062,0
203529337,0
204566579,0
205603694,0
206641093,0
207678185,0
208715506,0
209752690,0
210789977,0
211827202,0
212864485,0
213901810,0
214939137,0
215976241,0
217010747,0
218050955,0
219085361,0
220125510,0
221162058,0
222201245,0
223236616,0
224272454,0
225312018,0
226347123,0
227386473,0
228421575,0
229461030,0
230495986,0
231535635,0
232570624,0
233610070,0
234645255,0
235684893,0
236719994,0
237759266,0
238794777,0
239833828,0
240869323,0
241908400,0
242939625,0
243981964,0
245013899,0
246056071,0
247088383,0
248130723,0
249162968,0
250205229,0
251237538,0
252279801,0
253312149,0
254354220,0
255386552,0
256428881,0
257461238,0
258503370,0
259535692,0
260578954,0
261611191,0
262653600,0
263685937,0
264728087,0
265760273,0
266802602,0
267834876,0
268877115,0
269909353,0
270951717,0
271983981,0
273026207,0
274058404,0
275100799,0
276133085,0
277175244,0
278207674,0
279249930,0
280282117,0
281324410,0
282356556,0
283399013,0
284431217,0
285473387,0
286505726,0
287547822,0
288580248,0
289622625,0
290654710,0
291697074,0
292729255,0
293771585,0
294803487,0
295846047,0
296878253,0
297920476,0
298952745,0
299995073,0
301027299,0
302069518,0
303101863,0
304143960,0
305176272,0
306218677,0
307250819,0
308292990,0
309293196,0
310330515,0
311367680,0
312250912,0
313250904,0
314460335,0
315460088,0
316889164,0
317772284,0
318772242,0
319981696,0
320981592,0
322410575,0
323293604,0
324293566,0
325502995,0
326502648,0
327931710,0
328814858,0
329814831,0
331024198,0
332023937,0
333299413,0
334299377,0
335344799,0
336344841,0
337554105,0
338554066,0
339982916,0
340866130,0
341866095,0
343075424,0
344075408,0
345504308,0
346387382,0
347387353,0
348596812,0
349596679,0
351025417,0
351908746,0
352908791,0
354117994,0
355117984,0
356546959,0
357430093,0
358430073,0
359639309,0
360639380,0
362068395,0
362951411,0
363951383,0
System buffer: System::CORE
4888073,3
5888543,3
6888540,3
7888488,3
8888654,3
9888670,3
10888910,3
12118481,3
13183322,3
14612484,3
15650751,3
16923433,3
17524663,3
18473256,3
19663296,3
20767957,3
22208249,3
23167072,3
24083228,3
25062105,3
26224139,3
27356625,3
28911590,1
29859215,1
31127408,1
32234008,1
33575879,1
34528961,1
35780029,1
36904358,1
38501267,1
39299781,1
40237954,1
41471618,1
42613332,1
43973528,1
44901779,1
46114620,1
47276899,1
48646959,1
49565076,1
50758787,1
51940515,1
53320498,1
54228678,1
55402560,1
56603875,1
57993800,1
58891914,1
60045738,1
61267236,1
62667169,1
63555137,1
64689039,1
65930529,1
67532116,1
68385668,1
69263758,1
70382677,1
71639153,1
73235631,1
74096888,1
74960025,1
76043615,1
77335229,1
78936792,1
79802950,1
80656354,1
81724814,1
83031534,1
84627827,1
85514215,1
86352755,1
87352681,1
88727714,1
90181192,1
91011563,1
92011667,1
93386674,1
95140272,1
96347429,1
97553387,1
98299513,1
99300056,1
100675102,1
102292521,1
103213537,1
104014042,1
105013967,1
106389008,1
108011526,1
108937652,1
109728122,1
110728072,1
112103178,1
113702882,1
114648966,1
115424434,1
116424337,1
117799494,1
119404558,1
120355383,1
121120565,1
122120679,1
123496078,1
125095789,1
126066757,1
126817226,1
127817236,1
129192345,1
130797026,1
131773252,1
132513545,1
133513747,1
134591780,1
135591641,1
137195866,1
138078961,1
139078950,1
140288233,1
141288216,1
142892305,1
143775465,1
144775366,1
145984781,1
146984727,1
148588691,1
149471864,1
150471849,1
151681093,1
152681146,1
154285235,1
155168264,1
156168250,1
157377509,1
158377541,1
159981481,1
160864648,1
161864614,1
163073942,1
164073807,1
165523789,1
166523729,1
167733092,1
168732910,1
170336824,1
171374196,1
172411495,1
173448642,1
174485908,1
175523388,1
176560648,1
177597888,1
178634939,1
179672274,1
180709548,1
181746933,1
182784058,1
183821413,1
184858540,1
185895688,1
186932999,1
187970235,1
189007674,1
190044821,1
191082269,1
192119480,1
193156556,1
194193911,1
195231218,1
196268450,1
197305796,1
198342995,1
199380161,1
200417498,1
201454628,1
202492062,1
203529337,1
204566579,1
205603694,1
206641093,1
207678185,1
208715506,1
209752690,1
210789977,1
211827202,1
212864485,1
213901810,1
214939137,1
215976241,1
217010747,1
218050955,1
219085361,1
220125510,1
221162058,1
222201245,1
223236616,1
224272454,1
225312018,1
226347123,1
227386473,1
228421575,1
229461030,1
230495986,1
231535635,1
232570624,1
233610070,1
234645255,1
235684893,1
236719994,1
237759266,1
238794777,1
239833828,1
240869323,1
241908400,1
242939625,1
243981964,1
245013899,1
246056071,1
247088383,1
248130723,1
249162968,1
250205229,1
251237538,1
252279801,1
253312149,1
254354220,1
255386552,1
256428881,1
257461238,1
258503370,1
259535692,1
260578954,1
261611191,1
262653600,1
263685937,1
264728087,1
265760273,1
266802602,1
267834876,1
268877115,1
269909353,1
270951717,1
271983981,1
273026207,1
274058404,1
275100799,1
276133085,1
277175244,1
278207674,1
279249930,1
280282117,1
281324410,1
282356556,1
283399013,1
284431217,1
285473387,1
286505726,1
287547822,1
288580248,1
289622625,1
290654710,1
291697074,1
292729255,1
293771585,1
294803487,1
295846047,1
296878253,1
297920476,1
298952745,1
299995073,1
301027299,1
302069518,1
303101863,1
304143960,1
305176272,1
306218677,1
307250819,1
308292990,1
309293196,1
310330515,1
311367680,1
312250912,1
313250904,1
314460335,1
315460088,1
316889164,1
317772284,1
318772242,1
319981696,1
320981592,1
322410575,1
323293604,1
324293566,1
325502995,1
326502648,1
327931710,1
328814858,1
329814831,1
331024198,1
332023937,1
333299413,1
334299377,1
335344799,1
336344841,1
337554105,1
338554066,1
339982916,1
340866130,1
341866095,1
343075424,1
344075408,1
345504308,1
346387382,1
347387353,1
348596812,1
349596679,1
351025417,1
351908746,1
352908791,1
354117994,1
355117984,1
356546959,1
357430093,1
358430073,1
359639309,1
360639380,1
362068395,1
362951411,1
363951383,1
PMU buffer: PMU::CPU_CYCLES
4888073,251227526
5888543,251878925
6888540,251818409
7888488,251659945
8888654,251850415
9888670,251805913
10888910,252095445
12118481,246971172
13183322,246883414
14612484,245309504
15650751,245547160
16923433,245647922
17524663,251902077
18473256,251678941
19663296,302695775
20767957,246901701
22208249,244401885
23167072,244325103
24083228,250733780
25062105,251966641
26224139,304349496
27356625,246918464
28911590,244326289
29859215,244386207
31127408,242752800
32234008,242711372
33575879,244369759
34528961,244386265
35780029,242728968
36904358,242735810
38501267,242726472
39299781,244354569
40237954,244349103
41471618,242717870
42613332,242725208
43973528,244347039
44901779,244337923
46114620,242737186
47276899,242715428
48646959,244381979
49565076,244418297
50758787,304427179
51940515,242718306
53320498,244377071
54228678,244381595
55402560,304415307
56603875,242712498
57993800,244374797
58891914,244366557
60045738,304432968
61267236,242750974
62667169,244354230
63555137,244392141
64689039,304418723
65930529,242739458
67532116,242731850
68385668,244359135
69263758,244418921
70382677,311884763
71639153,242725670
73235631,242714742
74096888,244362807
74960025,244398575
76043615,304390403
77335229,242729234
78936792,242716425
79802950,244405758
80656354,244402973
81724814,311880406
83031534,242739260
84627827,242708737
85514215,244379159
86352755,244424333
87352681,244392557
88727714,242732858
90181192,701448922
91011563,244361286
92011667,244365321
93386674,242738758
95140272,697547656
96347429,252084086
97553387,244349999
98299513,244373561
99300056,244378841
100675102,242744934
102292521,705807850
103213537,280068750
104014042,244347237
105013967,244324201
106389008,242736269
108011526,709590218
108937652,276332004
109728122,244330359
110728072,244345105
112103178,242740496
113702882,692518106
114648966,280119364
115424434,244379617
116424337,244379159
117799494,242728786
119404558,696327696
120355383,276332614
121120565,244373305
122120679,244365711
123496078,242710244
125095789,692567788
126066757,280081372
126817226,244381245
127817236,244358465
129192345,242751192
130797026,696261128
131773252,276339668
132513545,244382717
133513747,244320542
134591780,246252288
135591641,246097870
137195866,246211559
138078961,244962517
139078950,244890285
140288233,246278244
141288216,246211794
142892305,246224320
143775465,245055781
144775366,244853325
145984781,246354294
146984727,246261243
148588691,246185296
149471864,244999399
150471849,244925813
151681093,246264248
152681146,246248344
154285235,246284648
155168264,244988033
156168250,244907349
157377509,246268996
158377541,246241106
159981481,246174057
160864648,244983463
161864614,244877383
163073942,246302548
164073807,246148914
165523789,245037945
166523729,244885409
167733092,246339786
168732910,246150120
170336824,246115744
171374196,246199622
172411495,246224432
173448642,246141096
174485908,246144274
175523388,246311010
176560648,246312128
177597888,246298644
178634939,246143154
179672274,246199380
180709548,246215704
181746933,246309094
182784058,246203660
183821413,246279524
184858540,246179992
185895688,246095682
186932999,246132268
187970235,246116758
189007674,246252701
190044821,246167908
191082269,246313711
192119480,246276888
193156556,246137668
194193911,246210260
195231218,246245202
196268450,246221464
197305796,246290774
198342995,246244292
199380161,246174486
200417498,246234948
201454628,246137053
202492062,246265164
203529337,246279750
204566579,246266282
205603694,246160432
206641093,246264316
207678185,246138426
208715506,246189080
209752690,246130432
210789977,246150878
211827202,246127484
212864485,246141106
213901810,246192810
214939137,246241854
215976241,246119774
217010747,244051208
218050955,246260494
219085361,244111566
220125510,246273330
221162058,245730362
222201245,247167300
223236616,245739216
224272454,244663710
225312018,246381794
226347123,244756281
227386473,246316456
228421575,244682978
229461030,246325450
230495986,244590930
231535635,246374880
232570624,244660006
233610070,246289039
234645255,244722332
235684893,246495770
236719994,244863036
237759266,246358800
238794777,245038628
239833828,246369850
240869323,245032190
241908400,246381935
242939625,269753418
243981964,273550264
245013899,269543298
246056071,273219842
247088383,269506024
248130723,273305090
249162968,269536927
250205229,273278502
251237538,269550524
252279801,273296632
253312149,269604848
254354220,273198060
255386552,269493048
256428881,273285772
257461238,269600674
258503370,273245892
259535692,269535868
260578954,274033004
261611191,270269078
262653600,274125578
263685937,270431266
264728087,274094984
265760273,270282448
266802602,274077530
267834876,270332468
268877115,274063247
269909353,270294030
270951717,274115024
271983981,270364068
273026207,274090066
274058404,270287966
275100799,274133406
276133085,270392872
277175244,274062842
278207674,270436794
279249930,274178428
280282117,270364564
281324410,274135950
282356556,270294410
283399013,274189222
284431217,270396400
285473387,274079898
286505726,270377712
287547822,274002530
288580248,270375868
289622625,274213332
290654710,270330666
291697074,274154274
292729255,270339914
293771585,274139460
294803487,270118709
295846047,274090174
296878253,270292500
297920476,274014248
298952745,270273128
299995073,274075820
301027299,270296058
302069518,274015400
303101863,270324510
304143960,273950634
305176272,270232622
306218677,274093210
307250819,270254700
308292990,273935578
309293196,246144440
310330515,246188758
311367680,246119276
312250912,244964663
313250904,244896169
314460335,246389720
315460088,246152780
316889164,246219762
317772284,245004115
318772242,244886711
319981696,246403732
320981592,246270938
322410575,246299978
323293604,245017647
324293566,244900637
325502995,246396390
326502648,246083032
327931710,246216600
328814858,245030975
329814831,244938653
331024198,246363308
332023937,246110718
333299413,245006057
334299377,244895696
335344799,244867299
336344841,244873213
337554105,246257064
338554066,246175255
339982916,246135180
340866130,244970295
341866095,244859591
343075424,246296570
344075408,246231658
345504308,246218450
346387382,244932407
347387353,244839453
348596812,246377940
349596679,246229650
351025417,246048908
351908746,244962003
352908791,244968927
354117994,246256540
355117984,246199078
356546959,246194322
357430093,244975325
358430073,244891823
359639309,246244913
360639380,246247791
362068395,246273680
362951411,244946295
363951383,244853699
PMU buffer: PMU::INSTRUCTIONS_RETIRED
4888073,162866892
5888543,162866892
6888540,162866888
7888488,162866888
8888654,162866888
9888670,162866888
10888910,162867101
12118481,162906206
13183322,162906543
14612484,162945652
15650751,162945652
16923433,162946070
17524663,162867097
18473256,162866888
19663296,168901355
20767957,162906202
22208249,162866052
23167072,162866052
24083228,162866888
25062105,162866888
26224139,168895372
27356625,162906202
28911590,162866052
29859215,162866052
31127408,162904948
32234008,162905157
33575879,162866052
34528961,162866052
35780029,162905157
36904358,162905157
38501267,162905157
39299781,162866052
40237954,162866052
41471618,162904948
42613332,162905157
43973528,162866052
44901779,162866052
46114620,162905157
47276899,162905157
48646959,162866052
49565076,162866052
50758787,171529709
51940515,162905157
53320498,162866052
54228678,162872824
55402560,169645224
56603875,162905157
57993800,162866052
58891914,162875252
60045738,169740021
61267236,162905157
62667169,162866052
63555137,162867760
64689039,169551019
65930529,162905157
67532116,162905157
68385668,162866052
69263758,162866052
70382677,170569037
71639153,162905157
73235631,162905157
74096888,162866052
74960025,162866428
76043615,169709684
77335229,162905157
78936792,162905157
79802950,162866052
80656354,162866052
81724814,170536810
83031534,162905157
84627827,162904948
85514215,162866052
86352755,162896744
87352681,162866052
88727714,162905157
90181192,213985381
91011563,162866052
92011667,162866052
93386674,162905157
95140272,213628576
96347429,162949296
97553387,162865843
98299513,162866052
99300056,162866052
100675102,162905157
102292521,214523526
103213537,171572701
104014042,162866052
105013967,162866052
106389008,162905162
108011526,218399238
108937652,166614493
109728122,162866052
110728072,162866052
112103178,162905157
113702882,212877974
114648966,171509240
115424434,162866052
116424337,162866052
117799494,162905157
119404558,216076898
120355383,166741677
121120565,162866052
122120679,162866052
123496078,162905157
125095789,213006046
126066757,168924300
126817226,162866052
127817236,162866052
129192345,162905157
130797026,215139665
131773252,166747604
132513545,162867252
133513747,162865950
134591780,162905795
135591641,162905795
137195866,162906004
138078961,162865950
139078950,162865950
140288233,162905795
141288216,162906004
142892305,162905795
143775465,162865950
144775366,162865950
145984781,162905795
146984727,162906004
148588691,162905795
149471864,162865950
150471849,162865950
151681093,162906083
152681146,162906004
154285235,162905795
155168264,162865950
156168250,162865950
157377509,162905795
158377541,162906004
159981481,162905795
160864648,162865950
161864614,162865950
163073942,162905827
164073807,162905795
165523789,162865950
166523729,162865950
167733092,162905795
168732910,162905795
170336824,162905795
171374196,162905795
172411495,162905795
173448642,162905795
174485908,162905795
175523388,162905795
176560648,162905795
177597888,162905851
178634939,162905795
179672274,162905795
180709548,162905795
181746933,162905795
182784058,162905795
183821413,162905795
184858540,162905795
185895688,162905795
186932999,162905795
187970235,162905795
189007674,162905795
190044821,162905795
191082269,162905795
192119480,162905795
193156556,162905795
194193911,162905795
195231218,162905795
196268450,162905795
197305796,162905795
198342995,162905795
199380161,162905795
200417498,162905795
201454628,162905795
202492062,162905795
203529337,162905795
204566579,162905795
205603694,162905800
206641093,162905795
207678185,162905795
208715506,162905795
209752690,162905795
210789977,162905795
211827202,162905795
212864485,162905795
213901810,162905795
214939137,162905795
215976241,162905795
217010747,162905168
218050955,162905795
219085361,162905168
220125510,162905795
221162058,162905586
222201245,162906339
223236616,162905586
224272454,162905377
225312018,162905795
226347123,162905377
227386473,162905795
228421575,162905377
229461030,162905795
230495986,162905377
231535635,162905795
232570624,162905377
233610070,162905795
234645255,162905377
235684893,162905795
236719994,162905377
237759266,162905795
238794777,162905377
239833828,162905795
240869323,162905377
241908400,162905795
242939625,166328204
243981964,166764872
245013899,166084848
246056071,166370664
247088383,165575592
248130723,165991552
249162968,166337332
250205229,165991828
251237538,165575488
252279801,165992000
253312149,165575884
254354220,165993532
255386552,165575164
256428881,165991660
257461238,165575360
258503370,165992424
259535692,165574736
260578954,166114912
261611191,165698356
262653600,166115500
263685937,165698284
264728087,166116092
265760273,165698680
266802602,166116072
267834876,165699072
268877115,166115284
269909353,165698156
270951717,166116204
271983981,165698772
273026207,166115600
274058404,165699128
275100799,166115556
276133085,165698460
277175244,166116128
278207674,165697952
279249930,166116508
280282117,165699700
281324410,166116164
282356556,165698872
283399013,168881772
284431217,165698092
285473387,168876380
286505726,165698756
287547822,168879400
288580248,165699200
289622625,168876968
290654710,165698904
291697074,168875824
292729255,165698636
293771585,168874740
294803487,165655568
295846047,167990456
296878253,165616172
297920476,167122560
298952745,165614929
299995073,167126344
301027299,165616272
302069518,167133540
303101863,165616244
304143960,167131880
305176272,165615476
306218677,167133596
307250819,165614832
308292990,167132800
309293196,162906004
310330515,162906004
311367680,162906004
312250912,162865950
313250904,162865950
314460335,162905795
315460088,162906004
316889164,162906004
317772284,162865950
318772242,162866159
319981696,162905795
320981592,162906004
322410575,162906004
323293604,162865950
324293566,162865950
325502995,162905795
326502648,162905795
327931710,162906004
328814858,162865950
329814831,162865950
331024198,162905795
332023937,162905795
333299413,162866483
334299377,162866331
335344799,162865950
336344841,162865950
337554105,162905795
338554066,162906004
339982916,162906004
340866130,162865950
341866095,162865950
343075424,162905795
344075408,162906004
345504308,162906004
346387382,162865950
347387353,162866159
348596812,162905795
349596679,162906004
351025417,162905795
351908746,162865950
352908791,162865950
354117994,162905795
355117984,162906004
356546959,162905795
357430093,162865950
358430073,162865950
359639309,162905795
360639380,162906004
362068395,162906263
362951411,162865950
363951383,162865950
PMU buffer: PMU::CONDITIONAL_BRANCHES_RETIRED
4888073,13521415
5888543,13521415
6888540,13521415
7888488,13521415
8888654,13521415
9888670,13521415
10888910,13521424
12118481,13523625
13183322,13523672
14612484,13525873
15650751,13525873
16923433,13525891
17524663,13521424
18473256,13521415
19663296,16521870
20767957,13523625
22208249,13521379
23167072,13521379
24083228,13521415
25062105,13521415
26224139,16521923
27356625,13523625
28911590,13521379
29859215,13521379
31127408,13523571
32234008,13523580
33575879,13521379
34528961,13521379
35780029,13523580
36904358,13523580
38501267,13523580
39299781,13521379
40237954,13521379
41471618,13523571
42613332,13523580
43973528,13521379
44901779,13521379
46114620,13523580
47276899,13523580
48646959,13521379
49565076,13521379
50758787,17836648
51940515,13523580
53320498,13521379
54228678,13524765
55402560,16896467
56603875,13523580
57993800,13521379
58891914,13525979
60045738,16946118
61267236,13523580
62667169,13521379
63555137,13522233
64689039,16853774
65930529,13523580
67532116,13523580
68385668,13521379
69263758,13521379
70382677,17364940
71639153,13523580
73235631,13523580
74096888,13521379
74960025,13521567
76043615,16938499
77335229,13523580
78936792,13523580
79802950,13521379
80656354,13521379
81724814,17354219
83031534,13523580
84627827,13523571
85514215,13521379
86352755,13536725
87352681,13521379
88727714,13523580
90181192,39080564
91011563,13521379
92011667,13521379
93386674,13523580
95140272,38869301
96347429,13526070
97553387,13521370
98299513,13521379
99300056,13521379
100675102,13523580
102292521,39332669
103213537,17871468
104014042,13521379
105013967,13521379
106389008,13523580
108011526,41270525
108937652,15390808
109728122,13521379
110728072,13521379
112103178,13523580
113702882,38509893
114648966,17837103
115424434,13521379
116424337,13521379
117799494,13523580
119404558,40109355
120355383,15451642
121120565,13521379
122120679,13521379
123496078,13523580
125095789,38573929
126066757,16541875
126817226,13521379
127817236,13521379
129192345,13523580
130797026,39640834
131773252,15451971
132513545,13521979
133513747,13521328
134591780,13523517
135591641,13523517
137195866,13523526
138078961,13521328
139078950,13521328
140288233,13523517
141288216,13523526
142892305,13523517
143775465,13521328
144775366,13521328
145984781,13523517
146984727,13523526
148588691,13523517
149471864,13521328
150471849,13521328
151681093,13523661
152681146,13523526
154285235,13523517
155168264,13521328
156168250,13521328
157377509,13523517
158377541,13523526
159981481,13523517
160864648,13521328
161864614,13521328
163073942,13523533
164073807,13523517
165523789,13521328
166523729,13521328
167733092,13523517
168732910,13523517
170336824,13523517
171374196,13523517
172411495,13523517
173448642,13523517
174485908,13523517
175523388,13523517
176560648,13523517
177597888,13523545
178634939,13523517
179672274,13523517
180709548,13523517
181746933,13523517
182784058,13523517
183821413,13523517
184858540,13523517
185895688,13523517
186932999,13523517
187970235,13523517
189007674,13523517
190044821,13523517
191082269,13523517
192119480,13523517
193156556,13523517
194193911,13523517
195231218,13523517
196268450,13523517
197305796,13523517
198342995,13523517
199380161,13523517
200417498,13523517
201454628,13523517
202492062,13523517
203529337,13523517
204566579,13523517
205603694,13523517
206641093,13523517
207678185,13523517
208715506,13523517
209752690,13523517
210789977,13523517
211827202,13523517
212864485,13523517
213901810,13523517
214939137,13523517
215976241,13523517
217010747,13523490
218050955,13523517
219085361,13523490
220125510,13523517
221162058,13523508
222201245,13523570
223236616,13523508
224272454,13523499
225312018,13523517
226347123,13523499
227386473,13523517
228421575,13523499
229461030,13523517
230495986,13523499
231535635,13523517
232570624,13523499
233610070,13523517
234645255,13523499
235684893,13523517
236719994,13523499
237759266,13523517
238794777,13523499
239833828,13523517
240869323,13523499
241908400,13523517
242939625,15234407
243981964,15452741
245013899,15112729
246056071,15255637
247088383,14858101
248130723,15066081
249162968,15238971
250205229,15066219
251237538,14858049
252279801,15066305
253312149,14858247
254354220,15067071
255386552,14857887
256428881,15066135
257461238,14857985
258503370,15066517
259535692,14857673
260578954,15127761
261611191,14919483
262653600,15128055
263685937,14919447
264728087,15128351
265760273,14919645
266802602,15128341
267834876,14919841
268877115,15127947
269909353,14919383
270951717,15128407
271983981,14919691
273026207,15128105
274058404,14919869
275100799,15128083
276133085,14919535
277175244,15128369
278207674,14919281
279249930,15128559
280282117,14920155
281324410,15128387
282356556,14919741
283399013,16511191
284431217,14919351
285473387,16508495
286505726,14919683
287547822,16510005
288580248,14919905
289622625,16508789
290654710,14919757
291697074,16508217
292729255,14919623
293771585,16507675
294803487,14898308
295846047,16065533
296878253,14878391
297920476,15631585
298952745,14877767
299995073,15633477
301027299,14878441
302069518,15637075
303101863,14878427
304143960,15636245
305176272,14878043
306218677,15637103
307250819,14877721
308292990,15636705
309293196,13523526
310330515,13523526
311367680,13523526
312250912,13521328
313250904,13521328
314460335,13523517
315460088,13523526
316889164,13523526
317772284,13521328
318772242,13521337
319981696,13523517
320981592,13523526
322410575,13523526
323293604,13521328
324293566,13521328
325502995,13523517
326502648,13523517
327931710,13523526
328814858,13521328
329814831,13521328
331024198,13523517
332023937,13523517
333299413,13521428
334299377,13521352
335344799,13521328
336344841,13521328
337554105,13523517
338554066,13523526
339982916,13523526
340866130,13521328
341866095,13521328
343075424,13523517
344075408,13523526
345504308,13523526
346387382,13521328
347387353,13521337
348596812,13523517
349596679,13523526
351025417,13523517
351908746,13521328
352908791,13521328
354117994,13523517
355117984,13523526
356546959,13523517
357430093,13521328
358430073,13521328
359639309,13523517
360639380,13523526
362068395,13523751
362951411,13521328
363951383,13521328
PMU buffer: PMU::JALR_INSTRUCTIONS_RETIRED
4888073,1738
5888543,1738
6888540,1738
7888488,1738
8888654,1738
9888670,1738
10888910,1742
12118481,2642
13183322,2658
14612484,3558
15650751,3558
16923433,3566
17524663,1742
18473256,1738
19663296,2614
20767957,2642
22208249,1722
23167072,1722
24083228,1738
25062105,1738
26224139,2454
27356625,2642
28911590,1722
29859215,1722
31127408,2618
32234008,2622
33575879,1722
34528961,1722
35780029,2622
36904358,2622
38501267,2622
39299781,1722
40237954,1722
41471618,2618
42613332,2622
43973528,1722
44901779,1722
46114620,2622
47276899,2622
48646959,1722
49565076,1722
50758787,2578
51940515,2622
53320498,1722
54228678,1722
55402560,2470
56603875,2622
57993800,1722
58891914,1722
60045738,2354
61267236,2622
62667169,1722
63555137,1722
64689039,2242
65930529,2622
67532116,2622
68385668,1722
69263758,1722
70382677,2130
71639153,2622
73235631,2622
74096888,1722
74960025,1722
76043615,1962
77335229,2622
78936792,2622
79802950,1722
80656354,1722
81724814,1850
83031534,2622
84627827,2618
85514215,1722
86352755,1722
87352681,1722
88727714,2622
90181192,1742
91011563,1722
92011667,1722
93386674,2622
95140272,3454
96347429,3640
97553387,1718
98299513,1722
99300056,1722
100675102,2622
102292521,2626
103213537,1890
104014042,1722
105013967,1722
106389008,2622
108011526,2626
108937652,1966
109728122,1722
110728072,1722
112103178,2622
113702882,2626
114648966,2022
115424434,1722
116424337,1722
117799494,2622
119404558,2626
120355383,2114
121120565,1722
122120679,1722
123496078,2622
125095789,2626
126066757,2170
126817226,1722
127817236,1722
129192345,2622
130797026,2622
131773252,2246
132513545,1722
133513747,1722
134591780,2638
135591641,2638
137195866,2642
138078961,1722
139078950,1722
140288233,2638
141288216,2642
142892305,2638
143775465,1722
144775366,1722
145984781,2638
146984727,2642
148588691,2638
149471864,1722
150471849,1722
151681093,2638
152681146,2642
154285235,2638
155168264,1722
156168250,1722
157377509,2638
158377541,2642
159981481,2638
160864648,1722
161864614,1722
163073942,2638
164073807,2638
165523789,1722
166523729,1722
167733092,2638
168732910,2638
170336824,2638
171374196,2638
172411495,2638
173448642,2638
174485908,2638
175523388,2638
176560648,2638
177597888,2638
178634939,2638
179672274,2638
180709548,2638
181746933,2638
182784058,2638
183821413,2638
184858540,2638
185895688,2638
186932999,2638
187970235,2638
189007674,2638
190044821,2638
191082269,2638
192119480,2638
193156556,2638
194193911,2638
195231218,2638
196268450,2638
197305796,2638
198342995,2638
199380161,2638
200417498,2638
201454628,2638
202492062,2638
203529337,2638
204566579,2638
205603694,2638
206641093,2638
207678185,2638
208715506,2638
209752690,2638
210789977,2638
211827202,2638
212864485,2638
213901810,2638
214939137,2638
215976241,2638
217010747,2626
218050955,2638
219085361,2626
220125510,2638
221162058,2634
222201245,2658
223236616,2634
224272454,2630
225312018,2638
226347123,2630
227386473,2638
228421575,2630
229461030,2638
230495986,2630
231535635,2638
232570624,2630
233610070,2638
234645255,2630
235684893,2638
236719994,2630
237759266,2638
238794777,2630
239833828,2638
240869323,2630
241908400,2638
242939625,2662
243981964,2662
245013899,2662
246056071,2662
247088383,2662
248130723,2662
249162968,2662
250205229,2662
251237538,2662
252279801,2662
253312149,2662
254354220,2662
255386552,2662
256428881,2662
257461238,2662
258503370,2662
259535692,2662
260578954,2662
261611191,2662
262653600,2662
263685937,2662
264728087,2662
265760273,2662
266802602,2662
267834876,2662
268877115,2662
269909353,2662
270951717,2662
271983981,2662
273026207,2662
274058404,2662
275100799,2662
276133085,2662
277175244,2662
278207674,2662
279249930,2662
280282117,2662
281324410,2662
282356556,2662
283399013,2662
284431217,2662
285473387,2662
286505726,2662
287547822,2662
288580248,2662
289622625,2662
290654710,2662
291697074,2662
292729255,2662
293771585,2662
294803487,2642
295846047,2662
296878253,2662
297920476,2662
298952745,2662
299995073,2662
301027299,2662
302069518,2662
303101863,2662
304143960,2662
305176272,2662
306218677,2662
307250819,2662
308292990,2662
309293196,2642
310330515,2642
311367680,2642
312250912,1722
313250904,1722
314460335,2638
315460088,2642
316889164,2642
317772284,1722
318772242,1726
319981696,2638
320981592,2642
322410575,2642
323293604,1722
324293566,1722
325502995,2638
326502648,2638
327931710,2642
328814858,1722
329814831,1722
331024198,2638
332023937,2638
333299413,1732
334299377,1732
335344799,1722
336344841,1722
337554105,2638
338554066,2642
339982916,2642
340866130,1722
341866095,1722
343075424,2638
344075408,2642
345504308,2642
346387382,1722
347387353,1726
348596812,2638
349596679,2642
351025417,2638
351908746,1722
352908791,1722
354117994,2638
355117984,2642
356546959,2638
357430093,1722
358430073,1722
359639309,2638
360639380,2642
362068395,2638
362951411,1722
363951383,1722
PMU buffer: L2_PMU::L2_INNER_RELEASEDATA_HIT_L2
4888073,1704893
5888543,1750827
6888540,1751114
7888488,1750240
8888654,1750812
9888670,1750857
10888910,1753039
12118481,1730353
13183322,1660854
14612484,1633097
15650751,1644213
16923433,1631863
17524663,1768500
18473256,1749000
19663296,1755126
20767957,1660935
22208249,762988
23167072,762862
24083228,1636207
25062105,1750757
26224139,1753638
27356625,1660696
28911590,762810
29859215,762823
31127408,764880
32234008,764873
33575879,762810
34528961,762852
35780029,764801
36904358,764896
38501267,764863
39299781,762830
40237954,762778
41471618,764898
42613332,764797
43973528,762889
44901779,762879
46114620,764900
47276899,764869
48646959,762814
49565076,762814
50758787,764842
51940515,764869
53320498,762821
54228678,762863
55402560,764552
56603875,764834
57993800,762809
58891914,762876
60045738,764262
61267236,764858
62667169,762781
63555137,762837
64689039,764060
65930529,764899
67532116,764867
68385668,762786
69263758,762816
70382677,763786
71639153,764794
73235631,764774
74096888,763006
74960025,762989
76043615,763371
77335229,764768
78936792,764856
79802950,762956
80656354,763026
81724814,763133
83031534,764870
84627827,764800
85514215,762955
86352755,762819
87352681,762818
88727714,764792
90181192,762902
91011563,762859
92011667,762859
93386674,764755
95140272,766561
96347429,1439447
97553387,762831
98299513,762802
99300056,762887
100675102,764815
102292521,764928
103213537,763221
104014042,762862
105013967,762819
106389008,764883
108011526,764821
108937652,763461
109728122,762878
110728072,762833
112103178,764808
113702882,764803
114648966,763592
115424434,762848
116424337,762819
117799494,764768
119404558,764887
120355383,763843
121120565,762952
122120679,762803
123496078,764815
125095789,764871
126066757,763932
126817226,762867
127817236,762908
129192345,764793
130797026,764882
131773252,764035
132513545,762779
133513747,762783
134591780,1216440
135591641,1214630
137195866,1216245
138078961,1126874
139078950,1128432
140288233,1220958
141288216,1215648
142892305,1216910
143775465,1126688
144775366,1129789
145984781,1220979
146984727,1214959
148588691,1215029
149471864,1126932
150471849,1128795
151681093,1221190
152681146,1216627
154285235,1216826
155168264,1125987
156168250,1129198
157377509,1219188
158377541,1216224
159981481,1216584
160864648,1126858
161864614,1128510
163073942,1222304
164073807,1214438
165523789,1126116
166523729,1128905
167733092,1220885
168732910,1215458
170336824,1214472
171374196,1215468
172411495,1214110
173448642,1216682
174485908,1213480
175523388,1216947
176560648,1216671
177597888,1218230
178634939,1215196
179672274,1214577
180709548,1214709
181746933,1216553
182784058,1215134
183821413,1216644
184858540,1215589
185895688,1212608
186932999,1214680
187970235,1214854
189007674,1214355
190044821,1214140
191082269,1216598
192119480,1216332
193156556,1215415
194193911,1216020
195231218,1215817
196268450,1214597
197305796,1216207
198342995,1217261
199380161,1215248
200417498,1216852
201454628,1214909
202492062,1216734
203529337,1216746
204566579,1214919
205603694,1215255
206641093,1216881
207678185,1213559
208715506,1215665
209752690,1215462
210789977,1215315
211827202,1214692
212864485,1215159
213901810,1215535
214939137,1216227
215976241,1214921
217010747,1132081
218050955,1218360
219085361,1135281
220125510,1218202
221162058,1182742
222201245,1232650
223236616,1183894
224272454,1161391
225312018,1204780
226347123,1161468
227386473,1205522
228421575,1159459
229461030,1205756
230495986,1158876
231535635,1208374
232570624,1158949
233610070,1204617
234645255,1160847
235684893,1207526
236719994,1166447
237759266,1207290
238794777,1167924
239833828,1208261
240869323,1166783
241908400,1205018
242939625,1220412
243981964,1221136
245013899,1221020
246056071,1220322
247088383,1221140
248130723,1219953
249162968,1222611
250205229,1221587
251237538,1219801
252279801,1219097
253312149,1220140
254354220,1218135
255386552,1220296
256428881,1220286
257461238,1221895
258503370,1221516
259535692,1221841
260578954,1219504
261611191,1219919
262653600,1220773
263685937,1221105
264728087,1220626
265760273,1220998
266802602,1221107
267834876,1220895
268877115,1223231
269909353,1221848
270951717,1222193
271983981,1222176
273026207,1220320
274058404,1221072
275100799,1222182
276133085,1222855
277175244,1220151
278207674,1221346
279249930,1222527
280282117,1220372
281324410,1222146
282356556,1221708
283399013,1220892
284431217,1220748
285473387,1221084
286505726,1222196
287547822,1219703
288580248,1221033
289622625,1222894
290654710,1221769
291697074,1220717
292729255,1220574
293771585,1222101
294803487,1218311
295846047,1221394
296878253,1216525
297920476,1216643
298952745,1218472
299995073,1217300
301027299,1216676
302069518,1216552
303101863,1220008
304143960,1216585
305176272,1217098
306218677,1217257
307250819,1216701
308292990,1216956
309293196,1214485
310330515,1216856
311367680,1214624
312250912,1125327
313250904,1128581
314460335,1222361
315460088,1214101
316889164,1216035
317772284,1125160
318772242,1128209
319981696,1221386
320981592,1216785
322410575,1214917
323293604,1125660
324293566,1128051
325502995,1222823
326502648,1213371
327931710,1214804
328814858,1125984
329814831,1131610
331024198,1222576
332023937,1214406
333299413,1125447
334299377,1127534
335344799,1128475
336344841,1127580
337554105,1220368
338554066,1214817
339982916,1213233
340866130,1126274
341866095,1128737
343075424,1219522
344075408,1214725
345504308,1215911
346387382,1126459
347387353,1128154
348596812,1222549
349596679,1214399
351025417,1213215
351908746,1125483
352908791,1128123
354117994,1218893
355117984,1214610
356546959,1214812
357430093,1126527
358430073,1128539
359639309,1218751
360639380,1214937
362068395,1216157
362951411,1126584
363951383,1128505
PMU buffer: L2_PMU::L2_INNER_ACQUIREBLOCK_NTOT
4888073,1473732
5888543,1512354
6888540,1512870
7888488,1512000
8888654,1512207
9888670,1512590
10888910,1513109
12118481,1496990
13183322,1438354
14612484,1413172
15650751,1423406
16923433,1411723
17524663,1528496
18473256,1511512
19663296,1516516
20767957,1438739
22208249,654703
23167072,654730
24083228,1414411
25062105,1512221
26224139,1515493
27356625,1438119
28911590,654722
29859215,654734
31127408,656566
32234008,656566
33575879,654724
34528961,654775
35780029,656601
36904358,656645
38501267,656608
39299781,654730
40237954,654706
41471618,656591
42613332,656593
43973528,654717
44901779,654723
46114620,656571
47276899,656627
48646959,654752
49565076,654773
50758787,656636
51940515,656590
53320498,654718
54228678,654760
55402560,656428
56603875,656581
57993800,654722
58891914,654740
60045738,656130
61267236,656588
62667169,654725
63555137,654779
64689039,655898
65930529,656620
67532116,656622
68385668,654692
69263758,654771
70382677,655636
71639153,656589
73235631,656574
74096888,654741
74960025,654756
76043615,655300
77335229,656574
78936792,656559
79802950,654715
80656354,654766
81724814,655070
83031534,656571
84627827,656548
85514215,654727
86352755,654777
87352681,654732
88727714,656602
90181192,654856
91011563,654690
92011667,654747
93386674,656616
95140272,658352
96347429,765470
97553387,654689
98299513,654720
99300056,654742
100675102,656614
102292521,656698
103213537,655157
104014042,654748
105013967,654705
106389008,656624
108011526,656651
108937652,655332
109728122,654764
110728072,654689
112103178,656650
113702882,656651
114648966,655498
115424434,654726
116424337,654710
117799494,656637
119404558,656687
120355383,655657
121120565,654739
122120679,654713
123496078,656606
125095789,656732
126066757,655742
126817226,654735
127817236,654715
129192345,656645
130797026,656689
131773252,655891
132513545,654727
133513747,654717
134591780,942896
135591641,943378
137195866,943417
138078961,968545
139078950,970064
140288233,943285
141288216,943045
142892305,943509
143775465,968465
144775366,971304
145984781,943600
146984727,943009
148588691,943725
149471864,968704
150471849,970366
151681093,943421
152681146,942920
154285235,942655
155168264,967904
156168250,970956
157377509,943442
158377541,943097
159981481,943415
160864648,968627
161864614,970095
163073942,943413
164073807,942860
165523789,967912
166523729,970415
167733092,943446
168732910,943528
170336824,943389
171374196,943612
172411495,942887
173448642,943427
174485908,943567
175523388,943092
176560648,942655
177597888,942975
178634939,943485
179672274,942467
180709548,942934
181746933,942925
182784058,943620
183821413,942743
184858540,943543
185895688,943547
186932999,943584
187970235,943299
189007674,942661
190044821,943169
191082269,943034
192119480,943346
193156556,943345
194193911,943071
195231218,943400
196268450,943189
197305796,943477
198342995,943592
199380161,943558
200417498,943771
201454628,943502
202492062,942801
203529337,943004
204566579,943436
205603694,943690
206641093,942615
207678185,943716
208715506,942960
209752690,943429
210789977,943514
211827202,943624
212864485,943468
213901810,943013
214939137,943013
215976241,943675
217010747,944239
218050955,943509
219085361,944069
220125510,942889
221162058,942994
222201245,946637
223236616,943013
224272454,942806
225312018,944681
226347123,941848
227386473,945143
228421575,941907
229461030,945630
230495986,942628
231535635,945674
232570624,942305
233610070,944755
234645255,942743
235684893,944378
236719994,943746
237759266,944434
238794777,944271
239833828,945367
240869323,943638
241908400,943213
242939625,947972
243981964,948228
245013899,947389
246056071,947414
247088383,947610
248130723,947220
249162968,947128
250205229,946929
251237538,946879
252279801,947000
253312149,946493
254354220,947011
255386552,947019
256428881,947418
257461238,946327
258503370,947012
259535692,947134
260578954,948326
261611191,948390
262653600,947600
263685937,947295
264728087,947780
265760273,948301
266802602,948331
267834876,947452
268877115,948347
269909353,948299
270951717,948095
271983981,948009
273026207,947878
274058404,948316
275100799,948065
276133085,947639
277175244,948272
278207674,947354
279249930,947788
280282117,947862
281324410,948287
282356556,948289
283399013,947148
284431217,947532
285473387,948311
286505726,948261
287547822,948405
288580248,948197
289622625,947463
290654710,948320
291697074,947457
292729255,947657
293771585,948454
294803487,946767
295846047,946554
296878253,944504
297920476,944532
298952745,945254
299995073,943891
301027299,945443
302069518,944388
303101863,944994
304143960,945183
305176272,945121
306218677,944048
307250819,944282
308292990,945168
309293196,943541
310330515,943546
311367680,943585
312250912,967579
313250904,970217
314460335,943093
315460088,942629
316889164,943428
317772284,967358
318772242,969774
319981696,943653
320981592,943316
322410575,942977
323293604,967777
324293566,969834
325502995,943568
326502648,943373
327931710,943532
328814858,967928
329814831,973269
331024198,943612
332023937,943330
333299413,967507
334299377,969011
335344799,970017
336344841,969395
337554105,943476
338554066,943027
339982916,943666
340866130,967951
341866095,970206
343075424,943606
344075408,943174
345504308,943381
346387382,968212
347387353,969895
348596812,942936
349596679,943168
351025417,943383
351908746,967601
352908791,969652
354117994,943444
355117984,942936
356546959,942641
357430093,968142
358430073,970221
359639309,943593
360639380,942813
362068395,943485
362951411,968426
363951383,970042
PMU buffer: L2_PMU::L2_OUTER_RELEASEDATA_TTON_DIRTY_EVICTION
4888073,99140
5888543,103569
6888540,103110
7888488,103249
8888654,102692
9888670,103237
10888910,103515
12118481,103053
13183322,97625
14612484,97348
15650751,98767
16923433,96769
17524663,104846
18473256,102895
19663296,102216
20767957,97820
22208249,16425
23167072,16205
24083228,90624
25062105,104903
26224139,104828
27356625,98107
28911590,16110
29859215,16642
31127408,16585
32234008,16422
33575879,16412
34528961,16602
35780029,16583
36904358,16430
38501267,16447
39299781,16282
40237954,16461
41471618,16535
42613332,16395
43973528,16395
44901779,16551
46114620,16658
47276899,16442
48646959,16428
49565076,16699
50758787,16973
51940515,16445
53320498,16517
54228678,16888
55402560,16977
56603875,16370
57993800,16444
58891914,16771
60045738,16991
61267236,16585
62667169,16247
63555137,16901
64689039,17082
65930529,16340
67532116,16485
68385668,16380
69263758,16884
70382677,16964
71639153,16507
73235631,16390
74096888,16416
74960025,16814
76043615,17105
77335229,16460
78936792,16297
79802950,16521
80656354,16840
81724814,17132
83031534,16468
84627827,16414
85514215,16530
86352755,16854
87352681,16709
88727714,16629
90181192,17023
91011563,16530
92011667,16552
93386674,16669
95140272,16914
96347429,510583
97553387,16165
98299513,16683
99300056,16649
100675102,16773
102292521,17186
103213537,16928
104014042,16447
105013967,16444
106389008,16598
108011526,17052
108937652,16905
109728122,16505
110728072,16545
112103178,16759
113702882,17118
114648966,17018
115424434,16599
116424337,16624
117799494,16630
119404558,17116
120355383,16822
121120565,16592
122120679,16623
123496078,16611
125095789,17011
126066757,16859
126817226,16583
127817236,16586
129192345,16900
130797026,16909
131773252,16872
132513545,16559
133513747,16398
134591780,150893
135591641,149171
137195866,150478
138078961,25806
139078950,25898
140288233,155646
141288216,150619
142892305,151503
143775465,26110
144775366,25834
145984781,155587
146984727,148739
148588691,150066
149471864,25900
150471849,25845
151681093,155828
152681146,150595
154285235,150971
155168264,25790
156168250,25936
157377509,154288
158377541,151043
159981481,150861
160864648,25846
161864614,25652
163073942,156965
164073807,148618
165523789,25955
166523729,25724
167733092,155403
168732910,149835
170336824,149127
171374196,149670
172411495,148677
173448642,150402
174485908,147636
175523388,150269
176560648,151285
177597888,152519
178634939,149909
179672274,149123
180709548,148842
181746933,151038
182784058,149467
183821413,150849
184858540,149918
185895688,147598
186932999,149398
187970235,149513
189007674,148596
190044821,148646
191082269,151408
192119480,150641
193156556,150112
194193911,150423
195231218,150576
196268450,148283
197305796,150920
198342995,151482
199380161,150153
200417498,151340
201454628,149852
202492062,150938
203529337,150342
204566579,149781
205603694,149651
206641093,150788
207678185,148354
208715506,150184
209752690,150259
210789977,149748
211827202,148976
212864485,149733
213901810,150404
214939137,149974
215976241,149250
217010747,65024
218050955,153451
219085361,68836
220125510,152395
221162058,117802
222201245,165587
223236616,119165
224272454,94885
225312018,139148
226347123,94273
227386473,140164
228421575,92375
229461030,139176
230495986,93595
231535635,141231
232570624,91669
233610070,139234
234645255,93425
235684893,142768
236719994,99548
237759266,141866
238794777,101031
239833828,142218
240869323,98976
241908400,142654
242939625,150956
243981964,150596
245013899,150765
246056071,149908
247088383,150688
248130723,150233
249162968,153309
250205229,152072
251237538,149663
252279801,149760
253312149,149916
254354220,148725
255386552,150959
256428881,150848
257461238,151488
258503370,152019
259535692,151940
260578954,148547
261611191,148753
262653600,149714
263685937,149911
264728087,149253
265760273,149540
266802602,150332
267834876,148953
268877115,152119
269909353,150735
270951717,150844
271983981,150838
273026207,149136
274058404,149534
275100799,150797
276133085,151466
277175244,148985
278207674,149870
279249930,151096
280282117,149217
281324410,151235
282356556,150307
283399013,149732
284431217,149544
285473387,150282
286505726,150353
287547822,148234
288580248,150327
289622625,151747
290654710,150137
291697074,149046
292729255,149171
293771585,151048
294803487,147927
295846047,151453
296878253,149652
297920476,149316
298952745,152214
299995073,149465
301027299,150071
302069518,149557
303101863,153152
304143960,150307
305176272,150556
306218677,150000
307250819,149336
308292990,150629
309293196,149637
310330515,151701
311367680,149312
312250912,25368
313250904,25853
314460335,156880
315460088,148756
316889164,150652
317772284,25815
318772242,25605
319981696,155677
320981592,150287
322410575,149179
323293604,25760
324293566,25867
325502995,158275
326502648,147871
327931710,150026
328814858,25857
329814831,25924
331024198,157761
332023937,148975
333299413,25828
334299377,25508
335344799,25713
336344841,25764
337554105,155142
338554066,148863
339982916,148162
340866130,25634
341866095,25697
343075424,153718
344075408,148609
345504308,150627
346387382,25449
347387353,25616
348596812,156515
349596679,148709
351025417,147574
351908746,25647
352908791,26211
354117994,153227
355117984,148737
356546959,148547
357430093,25828
358430073,25859
359639309,153061
360639380,148984
362068395,150487
362951411,25597
363951383,25633
PMU buffer: L2_PMU::L2_DEMAND_MISS_HIT_MSHR_ALLOC_HINT
4888073,13
5888543,1
6888540,2
7888488,2
8888654,2
9888670,1
10888910,1
12118481,2
13183322,3
14612484,3
15650751,3
16923433,4
17524663,2
18473256,2
19663296,7
20767957,3
22208249,0
23167072,1
24083228,3
25062105,7
26224139,7
27356625,3
28911590,1
29859215,0
31127408,0
32234008,0
33575879,0
34528961,0
35780029,1
36904358,0
38501267,0
39299781,0
40237954,1
41471618,1
42613332,0
43973528,1
44901779,0
46114620,2
47276899,0
48646959,0
49565076,2
50758787,5
51940515,0
53320498,1
54228678,5
55402560,7
56603875,0
57993800,0
58891914,3
60045738,6
61267236,0
62667169,1
63555137,5
64689039,5
65930529,1
67532116,1
68385668,0
69263758,8
70382677,5
71639153,1
73235631,0
74096888,1
74960025,5
76043615,6
77335229,1
78936792,0
79802950,1
80656354,6
81724814,7
83031534,0
84627827,2
85514215,1
86352755,6
87352681,2
88727714,2
90181192,11
91011563,0
92011667,0
93386674,4
95140272,9
96347429,3
97553387,1
98299513,1
99300056,1
100675102,4
102292521,10
103213537,4
104014042,1
105013967,0
106389008,3
108011526,11
108937652,5
109728122,1
110728072,0
112103178,3
113702882,12
114648966,4
115424434,1
116424337,0
117799494,3
119404558,11
120355383,5
121120565,0
122120679,1
123496078,4
125095789,12
126066757,5
126817226,1
127817236,0
129192345,5
130797026,12
131773252,3
132513545,0
133513747,0
134591780,2
135591641,2
137195866,3
138078961,2
139078950,2
140288233,2
141288216,2
142892305,3
143775465,2
144775366,3
145984781,2
146984727,2
148588691,2
149471864,3
150471849,3
151681093,3
152681146,1
154285235,3
155168264,3
156168250,2
157377509,2
158377541,2
159981481,2
160864648,3
161864614,3
163073942,2
164073807,2
165523789,3
166523729,2
167733092,1
168732910,2
170336824,3
171374196,2
172411495,2
173448642,1
174485908,3
175523388,2
176560648,2
177597888,2
178634939,2
179672274,2
180709548,3
181746933,1
182784058,3
183821413,2
184858540,2
185895688,2
186932999,3
187970235,2
189007674,1
190044821,2
191082269,3
192119480,2
193156556,1
194193911,2
195231218,2
196268450,2
197305796,4
198342995,2
199380161,3
200417498,4
201454628,2
202492062,2
203529337,2
204566579,2
205603694,3
206641093,2
207678185,2
208715506,2
209752690,2
210789977,2
211827202,2
212864485,2
213901810,2
214939137,1
215976241,2
217010747,2
218050955,2
219085361,2
220125510,2
221162058,4
222201245,1
223236616,1
224272454,3
225312018,3
226347123,1
227386473,4
228421575,2
229461030,4
230495986,2
231535635,3
232570624,1
233610070,2
234645255,3
235684893,3
236719994,2
237759266,3
238794777,2
239833828,2
240869323,2
241908400,2
242939625,3
243981964,3
245013899,4
246056071,4
247088383,3
248130723,3
249162968,4
250205229,4
251237538,5
252279801,5
253312149,5
254354220,5
255386552,6
256428881,3
257461238,5
258503370,5
259535692,4
260578954,5
261611191,5
262653600,5
263685937,5
264728087,4
265760273,5
266802602,5
267834876,4
268877115,5
269909353,3
270951717,5
271983981,4
273026207,4
274058404,4
275100799,5
276133085,5
277175244,3
278207674,4
279249930,5
280282117,4
281324410,6
282356556,5
283399013,4
284431217,5
285473387,6
286505726,4
287547822,5
288580248,4
289622625,6
290654710,5
291697074,3
292729255,4
293771585,4
294803487,4
295846047,4
296878253,4
297920476,4
298952745,5
299995073,4
301027299,5
302069518,3
303101863,6
304143960,5
305176272,4
306218677,5
307250819,5
308292990,5
309293196,3
310330515,4
311367680,2
312250912,2
313250904,2
314460335,2
315460088,2
316889164,2
317772284,2
318772242,3
319981696,2
320981592,1
322410575,2
323293604,3
324293566,2
325502995,2
326502648,2
327931710,2
328814858,2
329814831,2
331024198,2
332023937,1
333299413,2
334299377,3
335344799,3
336344841,2
337554105,2
338554066,2
339982916,1
340866130,2
341866095,2
343075424,2
344075408,2
345504308,2
346387382,2
347387353,2
348596812,3
349596679,2
351025417,2
351908746,3
352908791,2
354117994,3
355117984,2
356546959,2
357430093,3
358430073,2
359639309,2
360639380,3
362068395,2
362951411,2
363951383,2
PMU buffer: L2_PMU::L2_OUTER_ACQUIREBLOCK_NTOT_L2_MISS
4888073,79841
5888543,82989
6888540,82614
7888488,83011
8888654,82354
9888670,82791
10888910,83083
12118481,82209
13183322,78869
14612484,78022
15650751,78873
16923433,77951
17524663,84805
18473256,82621
19663296,81698
20767957,78861
22208249,13768
23167072,13679
24083228,73022
25062105,83971
26224139,84194
27356625,79092
28911590,13648
29859215,13649
31127408,13741
32234008,13653
33575879,13710
34528961,13709
35780029,13719
36904358,13689
38501267,13692
39299781,13626
40237954,13615
41471618,13670
42613332,13674
43973528,13664
44901779,13756
46114620,13787
47276899,13694
48646959,13700
49565076,13837
50758787,13920
51940515,13671
53320498,13717
54228678,13874
55402560,13834
56603875,13662
57993800,13708
58891914,13680
60045738,13889
61267236,13819
62667169,13674
63555137,13816
64689039,13931
65930529,13669
67532116,13726
68385668,13634
69263758,13804
70382677,13842
71639153,13774
73235631,13726
74096888,13676
74960025,13712
76043615,13961
77335229,13721
78936792,13611
79802950,13766
80656354,13762
81724814,13934
83031534,13721
84627827,13731
85514215,13786
86352755,13826
87352681,13755
88727714,13825
90181192,13916
91011563,13647
92011667,13704
93386674,13771
95140272,13812
96347429,127715
97553387,13667
98299513,13746
99300056,13748
100675102,13873
102292521,13989
103213537,13853
104014042,13672
105013967,13584
106389008,13777
108011526,13879
108937652,13850
109728122,13613
110728072,13624
112103178,13843
113702882,13908
114648966,13880
115424434,13663
116424337,13729
117799494,13712
119404558,13961
120355383,13873
121120565,13754
122120679,13713
123496078,13770
125095789,13836
126066757,13857
126817226,13666
127817236,13674
129192345,13860
130797026,13784
131773252,13876
132513545,13712
133513747,13520
134591780,52645
135591641,52209
137195866,52646
138078961,20550
139078950,20683
140288233,54049
141288216,52623
142892305,52877
143775465,20861
144775366,20551
145984781,54073
146984727,52168
148588691,52892
149471864,20439
150471849,20545
151681093,54079
152681146,52863
154285235,52717
155168264,20502
156168250,20621
157377509,53676
158377541,53063
159981481,52893
160864648,20429
161864614,20497
163073942,54369
164073807,52193
165523789,20677
166523729,20397
167733092,53929
168732910,52402
170336824,52150
171374196,52467
172411495,52405
173448642,52594
174485908,51969
175523388,52513
176560648,53008
177597888,53006
178634939,52323
179672274,52295
180709548,52044
181746933,52752
182784058,52422
183821413,52798
184858540,52605
185895688,51970
186932999,52363
187970235,52368
189007674,52157
190044821,52263
191082269,53025
192119480,52806
193156556,52681
194193911,52703
195231218,52769
196268450,52166
197305796,52945
198342995,52948
199380161,52888
200417498,53190
201454628,52666
202492062,52747
203529337,52568
204566579,52757
205603694,52485
206641093,52704
207678185,52413
208715506,52576
209752690,52568
210789977,52480
211827202,52445
212864485,52594
213901810,52625
214939137,52413
215976241,52270
217010747,31703
218050955,53379
219085361,32442
220125510,53050
221162058,43452
222201245,56674
223236616,44120
224272454,38189
225312018,48882
226347123,38271
227386473,49191
228421575,37741
229461030,49171
230495986,38367
231535635,49810
232570624,37456
233610070,49060
234645255,37713
235684893,50310
236719994,39664
237759266,49676
238794777,40255
239833828,49477
240869323,39454
241908400,49501
242939625,52499
243981964,52491
245013899,52797
246056071,52387
247088383,52910
248130723,53016
249162968,53496
250205229,53320
251237538,52726
252279801,53005
253312149,53061
254354220,52772
255386552,53468
256428881,53185
257461238,53175
258503370,53348
259535692,53405
260578954,52477
261611191,52692
262653600,52834
263685937,52859
264728087,52723
265760273,52738
266802602,53007
267834876,52344
268877115,53242
269909353,53123
270951717,53020
271983981,53063
273026207,52625
274058404,52496
275100799,53014
276133085,53223
277175244,52852
278207674,52784
279249930,53167
280282117,52733
281324410,53050
282356556,52849
283399013,52877
284431217,52999
285473387,53211
286505726,52839
287547822,52403
288580248,52989
289622625,53346
290654710,52893
291697074,52574
292729255,52418
293771585,53423
294803487,52045
295846047,53301
296878253,52889
297920476,52619
298952745,53485
299995073,52611
301027299,53262
302069518,52574
303101863,53679
304143960,52685
305176272,53016
306218677,52806
307250819,52683
308292990,52763
309293196,52640
310330515,53072
311367680,52405
312250912,20203
313250904,20532
314460335,54336
315460088,52404
316889164,52721
317772284,20657
318772242,20582
319981696,53937
320981592,52707
322410575,52439
323293604,20586
324293566,20752
325502995,54932
326502648,51917
327931710,52766
328814858,20630
329814831,20586
331024198,54827
332023937,52344
333299413,20694
334299377,20297
335344799,20542
336344841,20512
337554105,53615
338554066,52385
339982916,52333
340866130,20485
341866095,20452
343075424,53469
344075408,52440
345504308,52898
346387382,20287
347387353,20495
348596812,54188
349596679,52368
351025417,51816
351908746,20556
352908791,20921
354117994,53272
355117984,52234
356546959,52127
357430093,20501
358430073,20552
359639309,53473
360639380,52561
362068395,52668
362951411,20402
363951383,20513
PMU buffer: L2_PMU::L2_INNER_PREFETCH_HIT_L2
4888073,162
5888543,119
6888540,122
7888488,114
8888654,125
9888670,118
10888910,112
12118481,223
13183322,190
14612484,297
15650751,294
16923433,292
17524663,108
18473256,122
19663296,223
20767957,192
22208249,48
23167072,45
24083228,112
25062105,114
26224139,208
27356625,208
28911590,44
29859215,49
31127408,84
32234008,80
33575879,46
34528961,47
35780029,81
36904358,80
38501267,82
39299781,43
40237954,45
41471618,82
42613332,80
43973528,46
44901779,47
46114620,83
47276899,82
48646959,45
49565076,53
50758787,99
51940515,83
53320498,46
54228678,54
55402560,92
56603875,87
57993800,46
58891914,52
60045738,82
61267236,78
62667169,47
63555137,56
64689039,83
65930529,80
67532116,78
68385668,47
69263758,54
70382677,77
71639153,80
73235631,81
74096888,47
74960025,57
76043615,58
77335229,79
78936792,82
79802950,43
80656354,55
81724814,55
83031534,82
84627827,83
85514215,43
86352755,53
87352681,47
88727714,88
90181192,60
91011563,45
92011667,47
93386674,92
95140272,140
96347429,144
97553387,43
98299513,46
99300056,46
100675102,87
102292521,97
103213537,58
104014042,47
105013967,47
106389008,84
108011526,99
108937652,56
109728122,48
110728072,46
112103178,87
113702882,101
114648966,58
115424434,46
116424337,49
117799494,89
119404558,96
120355383,57
121120565,46
122120679,47
123496078,91
125095789,95
126066757,66
126817226,46
127817236,45
129192345,86
130797026,99
131773252,63
132513545,49
133513747,47
134591780,131
135591641,127
137195866,117
138078961,75
139078950,77
140288233,121
141288216,137
142892305,119
143775465,75
144775366,74
145984781,133
146984727,125
148588691,114
149471864,75
150471849,73
151681093,138
152681146,132
154285235,114
155168264,80
156168250,74
157377509,132
158377541,133
159981481,119
160864648,82
161864614,72
163073942,129
164073807,130
165523789,70
166523729,78
167733092,125
168732910,133
170336824,126
171374196,125
172411495,126
173448642,117
174485908,133
175523388,121
176560648,122
177597888,124
178634939,127
179672274,127
180709548,126
181746933,122
182784058,133
183821413,125
184858540,133
185895688,129
186932999,127
187970235,115
189007674,123
190044821,127
191082269,123
192119480,123
193156556,120
194193911,126
195231218,130
196268450,124
197305796,125
198342995,124
199380161,127
200417498,130
201454628,128
202492062,123
203529337,128
204566579,115
205603694,130
206641093,126
207678185,128
208715506,124
209752690,120
210789977,127
211827202,125
212864485,128
213901810,117
214939137,121
215976241,124
217010747,127
218050955,125
219085361,126
220125510,123
221162058,130
222201245,117
223236616,125
224272454,125
225312018,127
226347123,129
227386473,116
228421575,124
229461030,117
230495986,122
231535635,117
232570624,116
233610070,113
234645255,117
235684893,123
236719994,125
237759266,123
238794777,129
239833828,119
240869323,119
241908400,125
242939625,127
243981964,127
245013899,118
246056071,133
247088383,132
248130723,129
249162968,129
250205229,134
251237538,124
252279801,132
253312149,132
254354220,139
255386552,134
256428881,137
257461238,126
258503370,132
259535692,131
260578954,131
261611191,127
262653600,134
263685937,128
264728087,130
265760273,125
266802602,135
267834876,122
268877115,123
269909353,124
270951717,131
271983981,130
273026207,130
274058404,130
275100799,133
276133085,125
277175244,126
278207674,122
279249930,133
280282117,127
281324410,131
282356556,126
283399013,136
284431217,125
285473387,133
286505726,129
287547822,135
288580248,134
289622625,129
290654710,130
291697074,139
292729255,133
293771585,136
294803487,125
295846047,132
296878253,128
297920476,133
298952745,124
299995073,134
301027299,130
302069518,134
303101863,133
304143960,134
305176272,131
306218677,132
307250819,127
308292990,131
309293196,118
310330515,119
311367680,115
312250912,71
313250904,77
314460335,129
315460088,115
316889164,118
317772284,71
318772242,78
319981696,116
320981592,134
322410575,117
323293604,76
324293566,71
325502995,126
326502648,119
327931710,113
328814858,74
329814831,74
331024198,118
332023937,137
333299413,73
334299377,69
335344799,70
336344841,77
337554105,117
338554066,140
339982916,121
340866130,72
341866095,69
343075424,134
344075408,121
345504308,115
346387382,76
347387353,79
348596812,126
349596679,142
351025417,113
351908746,69
352908791,72
354117994,136
355117984,111
356546959,121
357430093,69
358430073,72
359639309,121
360639380,146
362068395,114
362951411,72
363951383,73
ANN buffer: System::PREDICTED_JOB_UTILIZATION
4888073,0
5888543,0
6888540,0
7888488,0
8888654,0
9888670,0
10888910,0
12118481,336572
13183322,336572
14612484,505127
15650751,505127
16923433,620298
17524663,620944
18473256,620944
19663296,358501
20767957,358501
22208249,563308
23167072,563308
24083228,400108
25062105,400108
26224139,388707
27356625,388707
28911590,577633
29859215,577633
31127408,431319
32234008,431319
33575879,599273
34528961,599273
35780029,417268
36904358,417268
38501267,559692
39299781,522028
40237954,522028
41471618,337268
42613332,337268
43973528,508728
44901779,508728
46114620,325266
47276899,325266
48646959,503009
49565076,503009
50758787,321184
51940515,321184
53320498,498290
54228678,498290
55402560,317711
56603875,317711
57993800,503608
58891914,503608
60045738,323923
61267236,323923
62667169,507483
63555137,507483
64689039,328696
65930529,328696
67532116,510358
68385668,510209
69263758,510209
70382677,332111
71639153,332111
73235631,511469
74096888,511458
74960025,511458
76043615,335040
77335229,335040
78936792,510750
79802950,510751
80656354,510751
81724814,336770
83031534,336770
84627827,511301
85514215,511150
86352755,511150
87352681,511150
88727714,476853
90181192,479414
91011563,479414
92011667,479414
93386674,323548
95140272,476822
96347429,476822
97553387,583358
98299513,583358
99300056,583358
100675102,349980
102292521,519714
103213537,654981
104014042,654981
105013967,654981
106389008,367936
108011526,538322
108937652,676421
109728122,676421
110728072,676421
112103178,386587
113702882,526909
114648966,655834
115424434,655834
116424337,655834
117799494,376890
119404558,519751
120355383,648527
121120565,648527
122120679,648527
123496078,371224
125095789,518535
126066757,642925
126817226,642925
127817236,642925
129192345,371764
130797026,517991
131773252,641911
132513545,641911
133513747,641911
134591780,373076
135591641,373076
137195866,514420
138078961,514486
139078950,514486
140288233,369679
141288216,369679
142892305,514828
143775465,514584
144775366,514584
145984781,371652
146984727,371652
148588691,515111
149471864,514892
150471849,514892
151681093,373822
152681146,373822
154285235,515133
155168264,514927
156168250,514927
157377509,375515
158377541,375515
159981481,515260
160864648,515032
161864614,515032
163073942,377330
164073807,377330
165523789,512501
166523729,512501
167733092,376947
168732910,376947
170336824,511547
171374196,511506
172411495,511501
173448642,511525
174485908,511427
175523388,511557
176560648,511504
177597888,511520
178634939,511525
179672274,511506
180709548,511534
181746933,511533
182784058,511503
183821413,511568
184858540,511532
185895688,511553
186932999,511509
187970235,511514
189007674,511422
190044821,511502
191082269,511516
192119480,511532
193156556,511508
194193911,511449
195231218,511520
196268450,511549
197305796,511505
198342995,511545
199380161,511504
200417498,511523
201454628,511564
202492062,511512
203529337,511514
204566579,511547
205603694,511450
206641093,511538
207678185,511537
208715506,511509
209752690,511503
210789977,511457
211827202,511507
212864485,511487
213901810,511513
214939137,511456
215976241,511480
217010747,511478
218050955,510757
219085361,511516
220125510,510765
221162058,511515
222201245,511365
223236616,512090
224272454,511299
225312018,511005
226347123,511541
227386473,511043
228421575,511457
229461030,511005
230495986,511458
231535635,510963
232570624,511456
233610070,510927
234645255,511415
235684893,510962
236719994,511543
237759266,511019
238794777,511514
239833828,511074
240869323,511461
241908400,511013
242939625,511541
243981964,518154
245013899,519082
246056071,517972
247088383,518918
248130723,517833
249162968,518745
250205229,518154
251237538,518789
252279801,517822
253312149,518790
254354220,517894
255386552,518817
256428881,517888
257461238,518792
258503370,517855
259535692,518780
260578954,517852
261611191,518957
262653600,518012
263685937,519008
264728087,518068
265760273,518961
266802602,518002
267834876,518994
268877115,517994
269909353,518910
270951717,517976
271983981,518978
273026207,518046
274058404,518958
275100799,518025
276133085,518995
277175244,518035
278207674,518910
279249930,518016
280282117,519009
281324410,518028
282356556,518991
283399013,518012
284431217,520170
285473387,518037
286505726,520131
287547822,518037
288580248,520116
289622625,518072
290654710,520144
291697074,518045
292729255,520163
293771585,518066
294803487,520137
295846047,517457
296878253,519767
297920476,518041
298952745,519433
299995073,518010
301027299,519464
302069518,518053
303101863,519436
304143960,518096
305176272,519432
306218677,518039
307250819,519466
308292990,518041
309293196,518041
310330515,519410
311367680,511558
312250912,636278
313250904,636278
314460335,377941
315460088,377941
316889164,511542
317772284,511563
318772242,511563
319981696,378067
320981592,378067
322410575,511672
323293604,511579
324293566,511579
325502995,377908
326502648,377908
327931710,511441
328814858,511527
329814831,511527
331024198,377877
332023937,377877
333299413,511559
334299377,511559
335344799,376402
336344841,376402
337554105,376189
338554066,376189
339982916,509242
340866130,509084
341866095,509084
343075424,376120
344075408,376120
345504308,509121
346387382,509075
347387353,509075
348596812,376289
349596679,376289
351025417,509264
351908746,508928
352908791,508928
354117994,376167
355117984,376167
356546959,509050
357430093,509023
358430073,509023
359639309,376145
360639380,376145
362068395,509312
362951411,508979
363951383,508979
end_data
Taskset deallocation...
>  Deleting thread 0x0000000047c443c8
>  Deleting thread 0x0000000047c09bf0
>  Deleting thread 0x0000000047bcf418
>  Deleting thread 0x0000000047b94c40
>  Deleting thread 0x0000000047b5a468
>  Deleting thread 0x0000000047b1fc90
Done.


*** The last thread under control of EPOS has finished.
*** EPOS is shutting down!
 
(C)StarFive
CCCCCCCCCCCCCCCCCCC