
U-Boot SPL 2026.04-rc3-dirty (Feb 24 2026 - 23:57:14 -0300)
DDR version: dc2e84f0.
Trying to boot from SPI










This is EPOS!

Setting up this machine as follows: 
  Mode:         library
  Processor:    4 x RV64 at 600 MHz (BUS clock = 33 MHz)
  Machine:      VisionFive2
  Memory:       131072 KB [0x0000000040000000:0x0000000047ffffff]
  User memory:  130551 KB [0x0000000040000000:0x0000000047f7dfff]
  I/O space:    524288 KB [0x0000000000000000:0x000000001fffffff]
  Node Id:      will get from the network!
  Position:     will get from the network!

PMU::config(c=0,e=0,ee=0,f=0)
PMU::config(c=2,e=2,ee=2,f=0)
PMU::config(c=3,e=17,ee=256,f=0)
PMU::config(c=4,e=3,ee=512,f=0)
PMU::config(c=5,e=4,ee=1024,f=0)
Stress feature test
Running experiments with the following configurations:
>  Measure time: true
>  Test duration: 60
>  Selected taskset: 1
>  Size of image 1: 49160
>  Size of image 2: 49160
>  Size of the bandwidth allocation: 2097152
>  CPU Clock: 1503MHz
>  CPU voltage: 1040mV
Taskset initialization...
Done.
Creating threads...
>  Thread[0]: period = 500000, deadline = 500000, wcet = 100000, activation = 10
000, times = 120, cpu = 1
>  Thread[1]: period = 500000, deadline = 500000, wcet = 100000, activation = 10
000, times = 120, cpu = 1
>  Thread[2]: period = 500000, deadline = 500000, wcet = 100000, activation = 10
000, times = 120, cpu = 2
>  Thread[3]: period = 500000, deadline = 500000, wcet = 100000, activation = 10
000, times = 120, cpu = 2
>  Thread[4]: period = 500000, deadline = 500000, wcet = 100000, activation = 10
000, times = 120, cpu = 3
>  Thread[5]: period = 500000, deadline = 500000, wcet = 100000, activation = 10
000, times = 120, cpu = 3
Done
Current time: 3919618
>  Iteration [0]...
>  Iteration [1]...
>  Iteration [2]...
>  Iteration [3]...
>  Iteration [4]...
>  Iteration [5]...
>  Iteration [6]...
>  Iteration [7]...
>  Iteration [8]...
>  Iteration [9]...
>  Iteration [10]...
>  Iteration [11]...
>  Iteration [12]...
>  Iteration [13]...
>  Iteration [14]...
>  Iteration [15]...
>  Iteration [16]...
>  Iteration [17]...
>  Iteration [18]...
>  Iteration [19]...
>  Iteration [20]...
>  Iteration [21]...
>  Iteration [22]...
>  Iteration [23]...
>  Iteration [24]...
>  Iteration [25]...
>  Iteration [26]...
>  Iteration [27]...
>  Iteration [28]...
>  Iteration [29]...
>  Iteration [30]...
>  Iteration [31]...
>  Iteration [32]...
>  Iteration [33]...
>  Iteration [34]...
>  Iteration [35]...
>  Iteration [36]...
>  Iteration [37]...
>  Iteration [38]...
>  Iteration [39]...
>  Iteration [40]...
>  Iteration [41]...
>  Iteration [42]...
>  Iteration [43]...
>  Iteration [44]...
>  Iteration [45]...
>  Iteration [46]...
>  Iteration [47]...
>  Iteration [48]...
>  Iteration [49]...
>  Iteration [50]...
>  Iteration [51]...
>  Iteration [52]...
>  Iteration [53]...
>  Iteration [54]...
>  Iteration [55]...
>  Iteration [56]...
>  Iteration [57]...
>  Iteration [58]...
>  Iteration [59]...
Returned to application main!
Elapsed: 61353078
Threads: 6
-----------------------------------------------------
...............Threads Timing Behavior...............
-----------------------------------------------------
Task [0]: 0x0000000047b92a08
>   Counted iterations: 18
>   Execution time: 60329789 us
>   Job WCET: 4455664 us
>   Iteration WCET: 44556 us
>   Average job runtime: 502748 us
>   Agerage iteration runtime: 5027 us
>   Iterations per job: 100
Task [1]: 0x0000000047b72788
>   Counted iterations: 97
>   Execution time: 60417066 us
>   Job WCET: 949333 us
>   Iteration WCET: 949333 us
>   Average job runtime: 503475 us
>   Agerage iteration runtime: 503475 us
>   Iterations per job: 1
Task [2]: 0x0000000047b52508
>   Counted iterations: 114
>   Execution time: 60135894 us
>   Job WCET: 547828 us
>   Iteration WCET: 547828 us
>   Average job runtime: 501132 us
>   Agerage iteration runtime: 501132 us
>   Iterations per job: 1
Task [3]: 0x0000000047b32288
>   Counted iterations: 120
>   Execution time: 4026 us
>   Job WCET: 34 us
>   Iteration WCET: 1 us
>   Average job runtime: 33 us
>   Agerage iteration runtime: 1 us
>   Iterations per job: 25
Task [4]: 0x0000000047b12008
>   Counted iterations: 120
>   Execution time: 4034 us
>   Job WCET: 34 us
>   Iteration WCET: 1 us
>   Average job runtime: 33 us
>   Agerage iteration runtime: 1 us
>   Iterations per job: 25
Task [5]: 0x0000000047af1d88
>   Counted iterations: 111
>   Execution time: 60419172 us
>   Job WCET: 582410 us
>   Iteration WCET: 582410 us
>   Average job runtime: 503493 us
>   Agerage iteration runtime: 503493 us
>   Iterations per job: 1
Taskset deallocation...
>  Deleting thread 0x0000000047b92a08
>  Deleting thread 0x0000000047b72788
>  Deleting thread 0x0000000047b52508
>  Deleting thread 0x0000000047b32288
>  Deleting thread 0x0000000047b12008
>  Deleting thread 0x0000000047af1d88
Done.
FINAL_TS<61475147>
begin_data
CPU0
TS,0
32604,845227028
72661,845351686
112718,845476008
152776,845600122
192833,845724588
232890,845848664
272947,845972916
313004,846097010
353061,846221014
393118,846344724
433176,846468770
473235,846664236
513284,846909220
553328,847132947
593377,847362367
633423,847586133
673469,847812295
713517,848045387
753566,848269789
793613,848498441
833660,848725275
873705,848949809
913741,849139681
953774,849319882
993810,849513172
1024836,852160366
1064876,852341034
1104914,852521806
1144941,852681519
1184974,852842802
1225006,853004864
1265035,853165845
1305071,853345737
1345110,853526586
1385144,853684766
1425188,853897093
1465234,854124274
1505266,854316129
1545300,854484975
1585335,854663640
1625372,854830383
1665410,855011969
1705444,855175783
1745474,855328681
1785508,855498120
1825540,855653124
1865567,855799772
1905608,855990323
1945656,856214083
1985699,856431099
2016725,859082688
2056758,859242814
2096792,859413442
2136829,859582768
2176866,859762077
2216896,859932533
2256930,860109697
2296964,860278433
2336998,860443450
2377024,860588941
2417068,860798477
2457115,861027155
2497154,861228961
2537186,861401547
2577219,861568915
2617243,861709377
2657270,861862583
2697301,862020468
2737332,862184203
2777370,862362793
2817411,862548325
2857449,862740664
2897478,862920129
2937524,863145280
2977567,863361141
3008597,863521762
3048631,866190171
3088661,866356576
3128689,866516374
3168722,866680738
3208757,866853254
3248790,867018693
3288821,867179382
3328858,867347786
3368889,867515287
3408930,867708763
3448979,867934057
3489017,868136032
3529056,868321783
3569091,868488919
3609122,868649841
3649152,868810012
3689182,868959308
3729213,869122910
3769244,869274386
3809284,869462070
3849314,869631742
3889354,869817078
3929400,870033016
3969446,870253432
4009488,870459380
4040519,873110216
4080557,873287206
4120595,873473720
4160634,873662582
4200668,873834968
4240707,874022966
4280751,874212281
4320788,874392261
4360819,874563424
4400863,874761115
4440911,874994660
4480954,875208640
4520997,875412121
4561034,875599192
4601068,875775190
4641105,875952083
4681143,876126967
4721177,876301442
4761214,876476351
4801254,876666219
4841293,876851473
4881332,877032603
4921379,877243745
4961428,877468858
5001470,877682913
5032499,880333595
5072535,880508941
5112576,880691264
5152609,880854545
5192641,881018921
5232675,881187689
5272712,881359998
5312751,881543425
5352782,881718801
5392813,881882191
5432863,882105999
5472906,882319062
5512934,882486832
5552964,882641127
5593000,882802403
5633029,882950481
5673058,883104108
5713091,883259494
5753122,883421390
5793151,883572406
5833182,883728170
5873214,883881421
5913256,884080009
5953303,884297366
5993342,884495827
6024367,887143608
6064397,887294956
6104430,887460998
6144460,887613964
6184490,887770092
6224521,887926711
6264551,888072107
6304580,888224043
6344612,888384737
6384648,888550462
6424685,888742922
6464731,888965972
6504767,889154256
6544803,889326650
6584840,889497865
6624877,889672760
6664908,889839655
6704948,890011896
6744981,890173467
6785011,890333411
6825048,890510851
6865085,890680026
6905124,890860689
6945168,891074027
6985210,891279734
7016242,891436927
7056278,894111451
7096315,894280421
7136352,894446094
7176384,894604788
7216420,894768500
7256455,894928070
7296483,895083041
7336514,895236927
7376546,895392481
7416585,895578954
7456631,895794051
7496674,895996747
7536708,896170726
7576746,896342332
7616776,896498081
7656808,896654808
7696840,896817499
7736875,896983273
7776907,897144576
7816939,897307404
7856968,897460862
7897003,897636954
7937047,897845730
7977090,898058871
8017124,898235746
8048152,900877092
8088190,901047177
8128231,901223504
8168269,901404318
8208300,901561276
8248333,901731025
8288375,901916181
8328412,902094673
8368444,902262544
8408486,902450872
8448535,902663406
8488578,902866120
8528616,903046932
8568648,903217373
8608682,903384121
8648719,903553659
8688749,903711814
8728775,903859812
8768808,904021723
8808845,904191239
8848882,904360660
8888920,904537050
8928964,904739775
8969010,904953699
9009047,905146298
9040072,907784764
9080104,907938192
9120139,908099106
9160178,908274318
9200214,908442365
9240248,908608018
9280276,908763320
9320306,908921858
9360345,909098999
9400382,909268877
9440430,909480671
9480475,909684169
9520512,909860036
9560548,910013655
9600581,910167167
9640616,910330165
9680651,910496847
9720682,910652785
9760713,910808193
9800750,910970182
9840789,911135663
9880820,911295877
9920862,911496134
9960913,911715672
10000948,911904620
10031980,914690386
10072017,914856094
10112050,915020504
10152086,915179009
10192117,915329174
10232149,915482988
10272178,915622218
10312216,915792436
10352252,915954880
10392289,916119796
10432337,916322382
10472385,916545982
10512419,916729747
10552450,916895472
10592485,917064641
10632521,917230971
10672554,917392438
10712590,917562620
10752626,917721398
10792654,917877590
10832687,918034380
10872720,918190898
10912760,918377165
10952807,918588097
10992842,918777903
11023869,918914512
11063903,921714341
11103943,921894991
11143984,922076921
11184022,922255923
11224057,922429081
11264093,922599307
11304132,922767717
11344167,922935055
11384201,923086906
11424242,923283044
11464290,923499839
11504326,923683692
11544360,923839830
11584394,923994336
11624425,924153306
11664457,924309063
11704490,924466401
11744527,924632765
11784554,924776837
11824586,924937935
11864616,925084797
11904644,925235058
11944691,925440480
11984735,925643594
12024772,925819156
12055799,928588127
12095833,928747761
12135865,928911995
12175901,929083402
12215936,929246693
12255973,929419419
12296009,929587173
12336046,929754752
12376079,929912622
12416118,930090386
12456164,930296362
12496203,930502611
12536237,930678571
12576276,930851533
12616313,931029684
12656349,931223142
12696392,931415081
12736435,931591031
12776471,931769691
12816503,931936865
12856537,932115960
12896579,932316560
12936622,932538548
12976664,932752858
13016692,932930427
13047717,935697067
13087750,935870670
13127779,936032616
13167807,936189160
13207838,936358873
13247873,936527717
13287905,936698205
13327934,936861816
13367972,937051467
13408009,937234775
13448056,937461512
13488096,937664936
13528129,937854594
13568166,938044444
13608204,938224821
13648240,938399357
13688269,938569336
13728302,938731062
13768332,938894460
13808368,939065456
13848393,939221543
13888430,939408257
13928474,939617383
13968520,939844524
14008560,940044016
14039583,942811516
14079614,942988036
14119649,943160194
14159692,943352756
14199724,943524886
14239764,943714901
14279798,943899466
14319831,944082847
14359869,944271086
14399905,944440785
14439953,944667841
14479998,944886150
14520033,945085231
14560070,945272695
14600109,945459642
14640142,945626938
14680173,945796657
14720206,945962525
14760242,946135385
14800279,946315413
14840309,946484575
14880341,946661154
14920384,946866674
14960430,947092982
15000464,947277424
15031490,947421316
15071526,950212851
15111553,950367019
15151585,950527445
15191614,950686597
15231642,950848901
15271678,951030611
15311711,951199894
15351743,951362147
15391774,951526448
15431812,951732132
15471857,951959170
15511892,952137482
15551920,952301048
15591954,952468967
15631989,952644717
15672020,952814239
15712054,952986197
15752085,953150075
15792122,953326848
15832159,953507050
15872194,953679481
15912231,953862099
15952277,954089488
15992315,954289739
16032351,954471579
16063373,957230654
16103406,957390823
16143440,957559943
16183471,957717879
16223506,957886071
16263542,958051719
16303570,958205580
16343605,958372151
16383633,958527567
16423668,958716099
16463713,958937338
16503746,959119920
16543781,959293184
16583819,959470068
16623856,959650016
16663890,959831746
16703927,960013067
16743962,960189488
16783997,960359407
16824026,960517039
16864058,960678519
16904086,960834231
16944132,961055830
16984173,961260810
17024205,961440596
17055228,964205021
17095263,964383807
17135290,964540965
17175326,964717597
17215362,964892165
17255399,965084468
17295437,965270120
17335471,965441287
17375497,965588383
17415530,965761977
17455579,965988452
17495619,966190960
17535654,966374592
17575686,966542730
17615719,966716239
17655759,966903520
17695797,967082822
17735823,967231999
17775856,967398884
17815893,967571756
17855923,967737406
17895956,967901860
17936002,968116200
17976045,968333775
18016083,968523829
18047110,971309920
18087140,971479464
18127177,971665449
18167216,971849965
18207258,972038616
18247288,972216317
18287320,972386833
18327355,972560771
18367387,972727394
18407424,972910857
18447472,973134974
18487516,973348239
18527554,973555259
18567594,973735891
18607629,973905498
18647663,974089029
18687700,974274662
18727739,974456351
18767778,974629471
18807809,974784855
18847838,974945065
18887870,975098767
18927907,975297871
18967954,975521838
19007983,975711931
19039010,975859280
19079039,978656784
19119080,978842478
19159119,979025603
19199148,979184482
19239179,979343700
19279213,979503825
19319244,979668908
19359278,979829426
19399310,979996242
19439353,980210624
19479393,980424192
19519432,980627558
19559471,980813568
19599505,980983100
19639536,981139801
19679572,981313394
19719605,981495040
19759645,981678894
19799683,981858413
19839716,982023759
19879748,982189512
19919787,982374452
19959835,982602806
19999873,982792814
20039906,982975349
20070934,985754451
20110969,985928005
20151000,986090985
20191025,986246650
20231058,986403124
20271096,986582528
20311127,986755521
20351164,986924283
20391199,987097332
20431240,987290995
20471289,987520953
20511321,987697471
20551347,987846453
20591374,988002169
20631411,988167448
20671440,988325083
20711471,988480696
20751504,988650850
20791534,988814531
20831569,988989314
20871608,989166516
20911643,989339849
20951690,989563270
20991728,989763952
21031761,989944590
21062788,992719736
21102828,992907514
21142862,993073085
21182893,993251022
21222929,993427270
21262965,993601031
21303000,993764059
21343035,993934402
21383070,994101163
21423110,994294679
21463159,994523620
21503196,994724797
21543233,994915244
21583268,995101167
21623304,995287869
21663345,995481114
21703383,995663326
21743419,995844966
21783451,996016884
21823488,996201246
21863524,996382765
21903553,996545423
21943595,996758943
21983636,996971421
22023675,997164347
22054702,999939485
22094738,1000100393
22134768,1000267811
22174793,1000414739
22214826,1000580371
22254856,1000740689
22294887,1000898842
22334917,1001062534
22374952,1001230373
22414987,1001408385
22455034,1001632094
22495074,1001826732
22535112,1002011975
22575137,1002161350
22615169,1002319475
22655195,1002470120
22695229,1002632785
22735266,1002806397
22775300,1002981988
22815337,1003152477
22855368,1003313148
22895400,1003477264
22935442,1003682824
22975490,1003914774
23015525,1004104344
23046559,1004256733
23086590,1007050014
23126621,1007212068
23166648,1007369986
23206681,1007525750
23246717,1007691066
23286754,1007863757
23326796,1008045740
23366830,1008216280
23406867,1008390147
23446914,1008603485
23486958,1008817785
23526990,1009001749
23567021,1009154615
23607049,1009307694
23647081,1009459792
23687113,1009617424
23727139,1009764353
23767170,1009923626
23807200,1010086160
23847241,1010272294
23887274,1010437526
23927313,1010622980
23967360,1010847116
24007398,1011045231
24047431,1011224881
24078455,1013977643
24118495,1014158278
24158535,1014338478
24198570,1014512160
24238608,1014689523
24278641,1014857597
24318679,1015030853
24358709,1015188274
24398740,1015343073
24438778,1015536065
24478819,1015748301
24518852,1015928561
24558888,1016095772
24598924,1016266295
24638954,1016421489
24678987,1016578523
24719020,1016738141
24759048,1016889815
24799078,1017041671
24839111,1017203006
24879140,1017349470
24919177,1017512921
24959223,1017733287
24999261,1017927783
25039298,1018115921
25070327,1020881283
25110362,1021046146
25150399,1021210106
25190433,1021379801
25230470,1021548633
25270505,1021717686
25310545,1021899585
25350581,1022068755
25390617,1022236009
25430661,1022436943
25470706,1022655273
25510739,1022832561
25550775,1023005869
25590807,1023167305
25630839,1023328267
25670873,1023493923
25710911,1023667814
25750944,1023829994
25790974,1023983863
25831006,1024140907
25871039,1024306703
25911075,1024475943
25951116,1024671886
25991157,1024873527
26031196,1025072015
26062222,1027834446
26102258,1028003376
26142289,1028156270
26182329,1028330944
26222367,1028498247
26262400,1028667697
26302438,1028841859
26342472,1029006909
26382507,1029177734
26422548,1029355053
26462598,1029563303
26502636,1029755636
26542670,1029934841
26582710,1030110849
26622750,1030288091
26662787,1030469268
26702819,1030636486
26742859,1030812526
26782898,1030984703
26822929,1031145367
26862967,1031315270
26903005,1031492315
26943051,1031710364
26983097,1031936476
27023131,1032107930
27054158,1032245049
27094194,1035046469
27134227,1035212453
27174264,1035382594
27214295,1035541640
27254327,1035705175
27294357,1035860102
27334394,1036028079
27374426,1036181223
27414453,1036331240
27454500,1036536353
27494539,1036729055
27534575,1036913634
27574609,1037079231
27614646,1037243537
27654673,1037393387
27694704,1037552033
27734735,1037714223
27774771,1037891133
27814808,1038058864
27854842,1038216982
27894877,1038380987
27934917,1038569717
27974966,1038790364
28015001,1038966260
28055029,1039128142
28086055,1041886319
28126081,1042026694
28166114,1042183835
28206146,1042341027
28246174,1042496414
28286207,1042662792
28326241,1042827004
28366282,1043013137
28406319,1043186104
28446364,1043398408
28486408,1043605340
28526448,1043796556
28566482,1043960041
28606514,1044118104
28646549,1044287780
28686588,1044458612
28726626,1044626956
28766657,1044783350
28806688,1044933141
28846719,1045086480
28886750,1045244556
28926787,1045418536
28966836,1045632671
29006875,1045819545
29046913,1045997837
29077935,1048759850
29117971,1048921644
29157998,1049064902
29198034,1049224245
29238067,1049379254
29278094,1049524227
29318126,1049682497
29358156,1049825121
29398185,1049975323
29438227,1050161268
29478277,1050375624
29518307,1050547219
29558342,1050712304
29598372,1050875318
29638406,1051035712
29678433,1051184773
29718467,1051352281
29758497,1051513215
29798525,1051661903
29838559,1051819732
29878588,1051975129
29918619,1052130989
29958668,1052350613
29998707,1052552117
30038749,1052745425
30069776,1055517211
30109809,1055682259
30149841,1055842385
30189874,1056012203
30229906,1056175427
30269943,1056341315
30309971,1056490877
30350002,1056649204
30390033,1056804381
30430068,1056980632
30470113,1057201372
30510154,1057399009
30550184,1057577355
30590217,1057739936
30630247,1057897980
30670284,1058065244
30710320,1058238890
30750357,1058416868
30790390,1058586425
30830426,1058757899
30870466,1058942322
30910506,1059119739
30950551,1059336349
30990597,1059547269
31030632,1059738163
31061661,1059871124
31101690,1062652508
31141716,1062800535
31181750,1062964926
31221787,1063143259
31261822,1063321573
31301861,1063495331
31341891,1063656081
31381926,1063829502
31421961,1063998520
31462008,1064213497
31502048,1064416756
31542082,1064601398
31582124,1064783806
31622160,1064946948
31662194,1065117437
31702226,1065287493
31742258,1065448459
31782294,1065628303
31822335,1065803967
31862370,1065972853
31902400,1066125691
31942443,1066325510
31982492,1066549253
32022521,1066730609
32062561,1066909935
32093590,1069680465
32133618,1069824819
32173651,1069977221
32213681,1070141114
32253714,1070301378
32293749,1070468217
32333785,1070633923
32373813,1070786027
32413844,1070937745
32453884,1071142213
32493926,1071348309
32533960,1071530089
32573996,1071704772
32614030,1071867877
32654062,1072021749
32694095,1072186401
32734131,1072349363
32774165,1072512160
32814200,1072677403
32854238,1072842320
32894270,1072997016
32934306,1073171417
32974354,1073385469
33014395,1073581710
33054426,1073752723
33085453,1076525617
33125485,1076681489
33165518,1076835001
33205547,1076985251
33245579,1077138769
33285612,1077296157
33325645,1077456471
33365676,1077617436
33405706,1077776668
33445751,1077980769
33485796,1078195730
33525832,1078385534
33565866,1078556694
33605905,1078733945
33645941,1078901555
33685977,1079068102
33726009,1079227987
33766040,1079374096
33806078,1079535835
33846108,1079689595
33886143,1079846576
33926180,1080024971
33966228,1080240235
34006264,1080435478
34046297,1080611736
34077329,1083383757
34117366,1083552621
34157398,1083713463
34197429,1083866763
34237463,1084023522
34277490,1084166559
34317528,1084332424
34357561,1084490340
34397591,1084636573
34437629,1084816440
34477677,1085024495
34517715,1085207022
34557749,1085389027
34597784,1085555719
34637820,1085719658
34677859,1085898332
34717899,1086074205
34757937,1086248791
34797971,1086407554
34838010,1086583893
34878049,1086752330
34918087,1086923663
34958132,1087124057
34998177,1087331928
35038212,1087514888
35069240,1087652497
35109272,1090430643
35149303,1090587968
35189336,1090752077
35229366,1090907049
35269399,1091071090
35309430,1091229400
35349459,1091378470
35389489,1091540686
35429523,1091711644
35469570,1091920570
35509614,1092125515
35549651,1092308957
35589692,1092481151
35629732,1092659737
35669763,1092816155
35709792,1092972522
35749820,1093138865
35789856,1093319196
35829894,1093494274
35869929,1093669558
35909967,1093849036
35950008,1094057243
35990054,1094281853
36030094,1094477799
36070131,1094664067
36101152,1097418759
36141189,1097597386
36181224,1097769148
36221255,1097934147
36261285,1098091585
36301320,1098257474
36341350,1098410100
36381386,1098571151
36421416,1098732491
36461460,1098947517
36501499,1099155239
36541539,1099362571
36581578,1099550657
36621613,1099728153
36661649,1099906933
36701685,1100090393
36741723,1100271217
36781757,1100440007
36821791,1100600788
36861822,1100758238
36901855,1100924045
36941891,1101116711
36981937,1101342502
37021973,1101543513
37062005,1101726856
37093033,1104505869
37133072,1104693569
37173108,1104872834
37213141,1105036162
37253180,1105215868
37293215,1105393275
37333249,1105564807
37373286,1105749569
37413324,1105925997
37453368,1106131091
37493410,1106345339
37533446,1106536595
37573482,1106707195
37613511,1106864682
37653550,1107043001
37693587,1107218081
37733621,1107387418
37773648,1107538286
37813684,1107712389
37853717,1107874686
37893750,1108037640
37933783,1108208964
37973832,1108433063
38013876,1108631907
38053905,1108806309
38084930,1111576255
38124967,1111750257
38164998,1111910135
38205029,1112072341
38245062,1112238968
38285098,1112408037
38325130,1112583427
38365162,1112755297
38405204,1112944915
38445249,1113151739
38485296,1113373834
38525335,1113581865
38565378,1113769238
38605415,1113951467
38645445,1114121897
38685478,1114287290
38725512,1114454342
38765548,1114636608
38805582,1114802090
38845620,1114983608
38885649,1115147224
38925684,1115320360
38965730,1115535068
39005773,1115739878
39045810,1115931809
39076840,1116076444
39116877,1118882785
39156917,1119062823
39196957,1119243954
39236993,1119416050
39277032,1119589650
39317070,1119759523
39357106,1119925993
39397144,1120092107
39437182,1120281284
39477230,1120503181
39517266,1120692653
39557300,1120869143
39597337,1121040328
39637372,1121203666
39677398,1121348614
39717429,1121502546
39757466,1121677604
39797500,1121839586
39837535,1122009678
39877566,1122175711
39917602,1122347234
39957650,1122558305
39997698,1122784303
40037737,1122977750
40077775,1123158216
40108805,1125928801
40148840,1126102978
40188874,1126266596
40228909,1126433917
40268940,1126597021
40308973,1126767733
40349010,1126940873
40389044,1127103803
40429082,1127279527
40469129,1127495041
40509171,1127699545
40549201,1127878021
40589236,1128045913
40629274,1128219207
40669308,1128383913
40709336,1128536363
40749374,1128705628
40789409,1128869378
40829452,1129048290
40869485,1129216652
40909518,1129382610
40949556,1129570408
40989602,1129784027
41029639,1129970735
41069677,1130144973
41100702,1132909703
41140731,1133068532
41180758,1133213410
41220790,1133369388
41260825,1133537863
41300863,1133706273
41340896,1133866488
41380934,1134034470
41420971,1134199793
41461018,1134402600
41501062,1134606081
41541096,1134784657
41581127,1134942781
41621161,1135102687
41661190,1135254759
41701218,1135409165
41741254,1135569343
41781283,1135711026
41821316,1135867174
41861347,1136017533
41901379,1136167182
41941416,1136345597
41981461,1136551615
42021495,1136736725
42061526,1136898743
42092557,1139674127
42132589,1139843093
42172627,1140024674
42212668,1140209554
42252706,1140383616
42292747,1140564268
42332784,1140742555
42372822,1140917354
42412859,1141090457
42452904,1141297566
42492950,1141526571
42532980,1141705729
42573009,1141866775
42613048,1142042647
42653088,1142218359
42693117,1142368319
42733149,1142536843
42773185,1142709245
42813221,1142878009
42853256,1143040381
42893287,1143192391
42933318,1143355604
42973363,1143567999
43013405,1143770476
43053440,1143956639
43084465,1144082029
43124494,1146885330
43164527,1147045164
43204559,1147215892
43244593,1147379620
43284618,1147526919
43324652,1147684055
43364688,1147846916
43404715,1147998324
43444753,1148182174
43484800,1148402548
43524842,1148603654
43564882,1148793132
43604912,1148960476
43644947,1149134029
43684980,1149299163
43725011,1149455098
43765047,1149614550
43805085,1149791434
43845121,1149970723
43885157,1150147576
43925197,1150331147
43965241,1150533498
44005286,1150737829
44045320,1150913950
44085347,1151066209
44116371,1153824177
44156399,1153978646
44196437,1154148342
44236473,1154315290
44276510,1154488130
44316542,1154650022
44356578,1154821740
44396614,1154989809
44436652,1155176732
44476700,1155391476
44516739,1155590904
44556777,1155782197
44596817,1155958547
44636855,1156131487
44676891,1156307201
44716924,1156470285
44756957,1156633510
44796991,1156798745
44837029,1156982467
44877064,1157156575
44917101,1157331705
44957145,1157531133
44997191,1157746138
45037228,1157932629
45077257,1158100228
45108283,1160864582
45148317,1161019980
45188344,1161170572
45228379,1161345342
45268414,1161510910
45308450,1161685957
45348494,1161867736
45388526,1162046572
45428558,1162225119
45468604,1162441655
45508647,1162653320
45548684,1162848315
45588719,1163015527
45628748,1163178603
45668785,1163358351
45708820,1163535009
45748860,1163711541
45788899,1163892560
45828932,1164063114
45868958,1164215274
45908991,1164385089
45949031,1164582377
45989078,1164806371
46029116,1165005373
46069151,1165180435
46100178,1167945446
46140206,1168097068
46180239,1168263708
46220276,1168441939
46260307,1168616951
46300344,1168797618
46340375,1168965396
46380413,1169148829
46420453,1169338229
46460499,1169550901
46500545,1169772653
46540578,1169969562
46580606,1170139077
46620645,1170318053
46660678,1170487078
46700713,1170654700
46740748,1170823532
46780781,1170989116
46820817,1171162930
46860856,1171341363
46900886,1171507368
46940917,1171669562
46980964,1171888219
47021003,1172085307
47061032,1172265393
47092063,1172420423
47132099,1175222029
47172131,1175381987
47212162,1175542342
47252195,1175699760
47292231,1175862668
47332260,1176020575
47372290,1176179069
47412320,1176338097
47452359,1176532925
47492405,1176757673
47532448,1176970097
47572486,1177161969
47612526,1177349928
47652558,1177526933
47692597,1177706364
47732630,1177870939
47772663,1178045248
47812690,1178198295
47852724,1178356798
47892753,1178508828
47932781,1178653802
47972826,1178867886
48012864,1179066896
48052898,1179250309
48092931,1179419727
48123962,1182184721
48163999,1182357916
48204036,1182531376
48244069,1182692987
48284106,1182862447
48324137,1183015475
48364168,1183175759
48404206,1183339665
48444241,1183512608
48484289,1183735462
48524325,1183933862
48564353,1184102173
48604382,1184256879
48644421,1184432944
48684459,1184610418
48724493,1184785299
48764529,1184958503
48804562,1185118434
48844595,1185279074
48884622,1185426660
48924654,1185581524
48964696,1185783738
49004738,1185992468
49044778,1186192660
49084809,1186357520
49115836,1189125276
49155871,1189294538
49195903,1189461763
49235931,1189623942
49275971,1189801701
49316008,1189983132
49356047,1190163447
49396088,1190339954
49436123,1190524300
49476168,1190740530
49516211,1190949000
49556249,1191137530
49596282,1191305622
49636317,1191470634
49676352,1191637078
49716388,1191813507
49756428,1191986172
49796471,1192168256
49836505,1192346138
49876536,1192510384
49916577,1192691305
49956617,1192890148
49996666,1193113177
50036701,1193304473
50076735,1193476465
50107762,1196251509
50147799,1196424120
50187842,1196612508
50227878,1196785253
50267909,1196942519
50307941,1197111354
50347976,1197282082
50388011,1197454627
50428049,1197633875
50468093,1197841801
50508132,1198049457
50548168,1198244548
50588202,1198415878
50628239,1198601000
50668276,1198774328
50708312,1198953400
50748354,1199133277
50788385,1199308600
50828413,1199473380
50868448,1199645948
50908482,1199812958
50948521,1199999229
50988568,1200220015
51028605,1200415068
51068636,1200584084
51099664,1200718915
51139694,1203509624
51179733,1203684695
51219767,1203858378
51259798,1204024210
51299838,1204218548
51339878,1204397577
51379911,1204559753
51419942,1204718690
51459981,1204907738
51500027,1205133494
51540063,1205324383
51580097,1205493122
51620128,1205654720
51660161,1205812907
51700193,1205983357
51740224,1206146336
51780255,1206306273
51820286,1206470210
51860322,1206635896
51900354,1206791316
51940387,1206954655
51980433,1207172133
52020474,1207379001
52060507,1207567778
52100543,1207739494
52131570,1210504801
52171600,1210665228
52211633,1210819048
52251665,1210973910
52291700,1211138149
52331731,1211304242
52371765,1211470894
52411798,1211631608
52451840,1211823294
52491890,1212044818
52531931,1212245366
52571967,1212425701
52612000,1212586833
52652032,1212749247
52692068,1212916522
52732098,1213068954
52772133,1213228258
52812158,1213375904
52852192,1213540070
52892226,1213704697
52932269,1213878248
52972315,1214088183
53012360,1214298743
53052396,1214491576
53092434,1214674239
53123462,1217450549
53163490,1217605140
53203525,1217770024
53243556,1217917457
53283580,1218057442
53323616,1218220770
53363641,1218369188
53403673,1218529447
53443711,1218701613
53483760,1218925506
53523804,1219136337
53563834,1219317689
53603869,1219485795
53643904,1219647925
53683945,1219824969
53723982,1219997103
53764014,1220162605
53804051,1220340277
53844086,1220503337
53884119,1220663669
53924154,1220832600
53964194,1221024341
54004244,1221250723
54044277,1221427938
54084305,1221588650
54115328,1224339208
54155367,1224519216
54195405,1224695399
54235440,1224862275
54275481,1225041545
54315514,1225210407
54355551,1225386579
54395591,1225561409
54435627,1225733299
54475673,1225946665
54515716,1226154799
54555748,1226327601
54595787,1226499435
54635814,1226653235
54675844,1226808650
54715878,1226965928
54755906,1227116492
54795941,1227280126
54835972,1227441000
54876004,1227606785
54916036,1227774111
54956077,1227966033
54996124,1228180595
55036161,1228363913
55076199,1228559725
55107226,1228689432
55147254,1231477416
55187288,1231642169
55227321,1231804922
55267352,1231963784
55307389,1232129576
55347419,1232290174
55387449,1232444408
55427482,1232612280
55467524,1232805822
55507568,1233025996
55547610,1233223038
55587640,1233392146
55627678,1233565818
55667714,1233738166
55707749,1233902642
55747781,1234064172
55787813,1234226254
55827842,1234374994
55867873,1234536291
55907902,1234681812
55947940,1234846904
55987987,1235060244
56028029,1235262703
56068069,1235461138
56108107,1235636461
56139136,1238395532
56179170,1238561638
56219205,1238724330
56259237,1238880413
56299271,1239044529
56339298,1239193749
56379330,1239344776
56419360,1239497847
56459400,1239683793
56499446,1239897149
56539485,1240084066
56579517,1240253354
56619554,1240425794
56659591,1240592801
56699626,1240758165
56739653,1240905711
56779685,1241066213
56819720,1241231971
56859751,1241383226
56899780,1241534786
56939812,1241693317
56979855,1241890377
57019902,1242104404
57059940,1242297979
57099973,1242471409
57130999,1245235981
57171042,1245414513
57211074,1245568793
57251111,1245734321
57291149,1245901528
57331182,1246070825
57371215,1246234857
57411255,1246409025
57451297,1246595329
57491344,1246798502
57531387,1246997945
57571413,1247170047
57611451,1247352354
57651489,1247518561
57691518,1247684692
57731557,1247864104
57771595,1248052172
57811629,1248234661
57851662,1248405186
57891697,1248578053
57931733,1248746276
57971776,1248963536
58011821,1249191709
58051859,1249396545
58091892,1249566511
58122914,1252317460
58162950,1252485784
58202976,1252640611
58243011,1252812435
58283045,1252979341
58323078,1253145081
58363110,1253300353
58403140,1253456855
58443179,1253641787
58483226,1253871288
58523272,1254081796
58563308,1254277458
58603346,1254450241
58643380,1254626903
58683420,1254813826
58723455,1254997345
58763491,1255165166
58803523,1255334124
58843551,1255492164
58883587,1255669679
58923620,1255842072
58963659,1256041052
59003707,1256271581
59043747,1256477941
59083781,1256651253
59114807,1256797857
59154834,1259603566
59194868,1259780148
59234908,1259967938
59274938,1260144224
59314968,1260312959
59355001,1260489723
59395038,1260671422
59435074,1260855558
59475123,1261082112
59515167,1261302104
59555194,1261474776
59595224,1261632316
59635249,1261780695
59675280,1261939639
59715312,1262105584
59755349,1262286349
59795381,1262449587
59835412,1262611118
59875446,1262785587
59915485,1262979491
59955527,1263190134
59995572,1263414998
60035612,1263624812
60075646,1263806914
60115682,1263986530
60155719,1264173763
60195752,1264350107
60235791,1264533066
60275831,1264720573
60315868,1264901614
60355908,1265089810
60395941,1265262788
60435971,1265425373
60476017,1265647805
60516063,1265864599
60556101,1266050234
60596129,1266209452
60636168,1266368244
60676212,1266529785
60716258,1266697325
60756304,1266862591
60796348,1267020427
60836393,1267183289
60876438,1267349995
60916482,1267502355
60956538,1267692415
60996597,1267919161
61036657,1268152522
61076715,1268366432
61116775,1268585135
61156834,1268800919
61196895,1269016347
61236956,1269232201
61277016,1269449779
TS,1
32604,903761930
72662,903775435
112719,903788940
152776,903802445
192833,903815950
232890,903829455
272947,903842960
313004,903856465
353061,903869970
393118,903883475
433176,903896980
473236,903911564
513284,903926148
553329,903939653
593377,903953158
633424,903966663
673470,903980168
713518,903993673
753566,904007178
793614,904020683
833661,904034188
873706,904047693
913742,904061198
953775,904075078
993811,904089221
1024837,904118287
1064876,904131792
1104915,904145297
1144942,904158802
1184975,904172307
1225007,904185812
1265036,904199317
1305071,904212822
1345111,904226327
1385144,904239832
1425189,904253596
1465234,904267360
1505267,904282125
1545301,904295630
1585336,904309135
1625373,904322640
1665410,904336145
1705445,904349650
1745474,904363155
1785509,904376660
1825541,904390165
1865568,904403670
1905608,904417438
1945657,904430943
1985700,904445349
2016725,904474787
2056758,904488292
2096793,904501797
2136830,904515302
2176867,904528807
2216897,904542312
2256931,904555817
2296964,904569322
2336999,904582827
2377025,904596332
2417069,904610096
2457116,904623860
2497155,904638366
2537187,904652130
2577220,904665635
2617244,904679140
2657271,904692645
2697302,904706150
2737333,904719655
2777371,904733160
2817412,904746665
2857450,904760170
2897479,904773938
2937525,904787443
2977568,904801474
3008598,904813479
3048632,904844786
3088662,904858291
3128690,904871796
3168723,904885301
3208758,904898806
3248791,904912311
3288822,904925816
3328859,904939321
3368889,904952826
3408931,904966590
3448980,904980095
3489018,904994489
3529057,905008624
3569091,905022129
3609123,905035634
3649153,905049139
3689183,905062644
3729214,905076149
3769245,905089654
3809285,905103159
3849315,905116664
3889355,905130432
3929401,905143937
3969447,905157705
4009489,905172486
4040520,905201298
4080558,905214803
4120596,905228308
4160635,905241813
4200669,905255318
4240708,905268823
4280752,905282328
4320788,905295833
4360820,905309338
4400864,905323102
4440911,905336607
4480955,905350630
4520997,905365136
4561034,905378641
4601068,905392146
4641106,905405651
4681144,905419156
4721178,905432661
4761215,905446166
4801255,905459671
4841294,905473176
4881333,905486681
4921380,905500449
4961429,905514217
5001471,905528735
5032499,905557804
5072536,905571309
5112577,905584814
5152610,905598319
5192642,905611824
5232675,905625329
5272713,905638834
5312752,905652339
5352783,905665844
5392814,905679608
5432864,905693113
5472906,905706877
5512935,905721642
5552965,905735147
5593001,905748652
5633029,905762157
5673059,905775662
5713092,905789167
5753123,905802672
5793152,905816177
5833183,905829682
5873215,905843187
5913257,905856955
5953304,905870460
5993343,905884866
6024368,905914301
6064398,905927806
6104431,905941311
6144460,905954816
6184491,905968321
6224522,905981826
6264552,905995331
6304581,906008836
6344613,906022341
6384649,906035846
6424686,906049610
6464732,906063374
6504768,906078139
6544803,906091644
6584840,906105149
6624878,906118654
6664909,906132159
6704948,906145664
6744981,906159169
6785012,906172674
6825049,906186179
6865085,906199684
6905125,906213452
6945169,906226957
6985211,906240988
7016243,906252993
7056279,906284315
7096316,906297820
7136352,906311325
7176385,906324830
7216421,906338335
7256455,906351840
7296484,906365345
7336515,906378850
7376547,906392355
7416586,906406119
7456634,906419624
7496675,906434389
7536709,906448153
7576747,906461658
7616777,906475163
7656809,906488668
7696841,906502173
7736876,906515678
7776907,906529183
7816940,906542688
7856969,906556193
7897003,906569961
7937048,906583466
7977091,906597234
8017125,906612015
8048153,906640812
8088191,906654317
8128232,906667822
8168270,906681327
8208300,906694832
8248334,906708337
8288375,906721842
8328413,906735347
8368445,906748852
8408486,906762616
8448536,906776121
8488579,906790515
8528617,906804650
8568649,906818155
8608682,906831660
8648720,906845165
8688750,906858670
8728776,906872175
8768809,906885680
8808846,906899185
8848882,906912690
8888921,906926195
8928965,906939963
8969011,906953731
9009048,906968512
9040073,906997339
9080105,907010844
9120140,907024349
9160179,907037854
9200215,907051359
9240249,907064864
9280276,907078369
9320307,907091874
9360346,907105379
9400383,907119143
9440431,907132648
9480476,907146671
9520513,907161177
9560549,907174682
9600583,907188187
9640617,907201692
9680652,907215197
9720683,907228702
9760713,907242207
9800750,907255712
9840790,907269217
9880821,907283070
9920863,907310078
9960914,907330018
10000949,907344536
10031981,907374504
10072018,907388009
10112051,907415342
10152087,907428847
10192118,907443044
10232150,907457185
10272179,907470690
10312217,907484195
10352252,907497700
10392290,907511205
10432338,907525541
10472386,907559325
10512420,907574090
10552450,907587595
10592486,907601100
10632522,907614605
10672555,907628110
10712591,907641615
10752627,907655120
10792655,907668625
10832688,907682130
10872721,907695635
10912761,907709403
10952808,907722908
10992843,907737314
11023870,907748944
11063903,907781144
11103944,907794649
11143985,907808154
11184022,907821659
11224058,907835164
11264094,907848669
11304133,907862174
11344168,907875679
11384202,907889184
11424243,907902948
11464291,907916712
11504326,907931338
11544361,907945102
11584394,907958607
11624426,907972112
11664457,907985617
11704491,907999122
11744528,908012627
11784555,908026132
11824586,908039637
11864617,908053142
11904645,908066910
11944692,908080415
11984736,908094446
12024773,908108852
12055800,908138545
12095834,908152050
12135866,908165555
12175902,908181128
12215937,908194633
12255974,908216058
12296010,908230939
12336047,908244444
12376080,908257949
12416119,908271713
12456165,908285994
12496203,908318276
12536238,908346711
12576276,908363984
12616314,908390573
12656350,908422482
12696393,908452379
12736436,908465884
12776472,908479389
12816504,908508606
12856538,908522111
12896580,908535879
12936623,908549384
12976665,908563152
13016693,908577821
13047718,908607520
13087751,908621025
13127780,908634530
13167807,908648035
13207839,908661540
13247874,908675045
13287906,908688550
13327935,908702055
13367972,908715560
13408009,908729324
13448057,908742829
13488096,908756852
13528130,908771246
13568167,908784751
13608205,908798256
13648241,908811761
13688270,908825266
13728302,908838771
13768333,908852276
13808368,908865781
13848394,908879286
13888431,908892791
13928475,908906559
13968521,908920327
14008561,908934733
14039584,908964704
14079615,908978209
14119650,908991714
14159693,909005219
14199725,909018724
14239765,909032229
14279799,909045734
14319831,909059239
14359870,909072744
14399906,909086508
14439954,909100013
14479999,909113777
14520034,909128430
14560071,909141935
14600109,909155440
14640142,909168945
14680174,909182450
14720206,909195955
14760242,909209460
14800280,909222965
14840310,909236470
14880341,909249975
14920385,909263743
14960431,909277248
15000465,909291542
15031491,909303172
15071527,909335393
15111554,909348898
15151586,909362403
15191614,909375908
15231643,909389413
15271678,909402918
15311712,909416423
15351744,909429928
15391774,909443433
15431813,909457197
15471858,909470961
15511893,909485355
15551920,909499119
15591954,909512624
15631989,909526129
15672021,909539634
15712054,909553139
15752086,909566644
15792122,909580149
15832160,909593654
15872194,909607159
15912232,909620927
15952278,909634432
15992316,909648463
16032352,909662869
16063374,909692553
16103407,909706058
16143441,909719563
16183472,909733068
16223507,909746573
16263543,909760078
16303571,909773583
16343605,909787088
16383634,909800593
16423669,909814357
16463714,909827862
16503747,909842144
16543782,909856279
16583820,909869784
16623857,909883289
16663891,909896794
16703928,909910299
16743963,909923804
16783998,909937309
16824027,909950814
16864059,909964319
16904087,909978087
16944133,909991592
16984174,910005360
17024206,910020029
17055228,910049743
17095264,910063248
17135291,910076753
17175327,910090258
17215363,910103763
17255399,910117268
17295438,910130773
17335472,910144278
17375498,910157783
17415531,910171547
17455580,910185052
17495620,910199334
17535655,910213469
17575687,910226974
17615720,910240479
17655760,910253984
17695798,910267489
17735824,910280994
17775857,910294499
17815894,910308004
17855924,910321509
17895957,910335014
17936003,910348782
17976046,910362550
18016084,910377219
18047111,910406912
18087141,910420417
18127178,910433922
18167217,910447427
18207259,910460932
18247289,910474437
18287321,910487942
18327356,910501447
18367388,910514952
18407425,910528716
18447473,910542221
18487517,910556244
18527555,910570638
18567595,910584143
18607630,910597648
18647664,910611153
18687701,910624658
18727740,910638163
18767779,910651668
18807810,910665173
18847838,910678678
18887871,910692183
18927908,910705951
18967955,910719456
19007983,910734125
19039011,910745380
19079040,910777598
19119081,910791103
19159119,910804608
19199149,910818113
19239180,910831618
19279214,910845123
19319244,910858628
19359278,910872133
19399312,910885638
19439353,910899402
19479393,910913166
19519433,910927819
19559471,910941324
19599505,910954829
19639537,910968334
19679572,910981839
19719606,910995344
19759646,911008849
19799684,911022354
19839717,911035859
19879749,911049364
19919788,911063132
19959836,911076637
19999873,911090931
20039907,911105074
20070935,911134761
20110970,911148266
20151001,911161771
20191026,911175276
20231059,911188781
20271097,911202286
20311129,911215791
20351165,911229296
20391200,911242801
20431241,911256565
20471290,911270329
20511322,911284723
20551348,911298487
20591375,911311992
20631412,911325497
20671441,911339002
20711472,911352507
20751505,911366012
20791535,911379517
20831569,911393022
20871608,911406527
20911644,911420295
20951691,911433800
20991729,911447831
21031761,911462237
21062789,911491930
21102829,911505435
21142863,911518940
21182893,911532445
21222930,911545950
21262965,911559455
21303001,911572960
21343035,911586465
21383071,911599970
21423111,911613734
21463160,911627239
21503197,911641521
21543234,911655656
21583269,911669161
21623304,911682666
21663346,911696171
21703384,911709676
21743420,911723181
21783452,911736686
21823489,911750191
21863525,911763696
21903554,911777201
21943596,911790969
21983637,911804737
22023676,911819406
22054703,911849093
22094739,911862598
22134769,911876103
22174794,911889608
22214827,911903113
22254857,911916618
22294888,911930123
22334918,911943628
22374953,911957133
22414988,911970897
22455035,911984402
22495075,911998425
22535113,912012819
22575138,912026324
22615170,912039829
22655196,912053334
22695230,912066839
22735266,912080344
22775301,912093849
22815338,912107354
22855369,912120859
22895400,912134364
22935443,912148132
22975490,912161900
23015526,912176306
23046560,912187561
23086591,912219758
23126622,912233263
23166648,912246768
23206682,912260273
23246718,912273778
23286755,912287283
23326797,912300788
23366831,912314293
23406868,912328057
23446915,912341562
23486959,912355326
23526990,912369979
23567022,912383484
23607050,912396989
23647082,912410494
23687114,912423999
23727140,912437504
23767170,912451009
23807201,912464514
23847242,912478019
23887275,912491524
23927314,912505292
23967361,912518797
24007399,912533091
24047432,912547234
24078456,912576954
24118496,912590459
24158536,912603964
24198571,912617469
24238608,912630974
24278642,912644479
24318680,912657984
24358710,912671489
24398740,912684994
24438779,912698758
24478820,912712522
24518853,912726916
24558889,912740680
24598925,912754185
24638954,912767690
24678988,912781195
24719021,912794700
24759049,912808205
24799079,912821710
24839112,912835215
24879141,912848720
24919177,912862488
24959224,912875993
24999262,912890024
25039298,912904430
25070327,912934117
25110363,912947622
25150400,912961127
25190434,912974632
25230471,912988137
25270506,913001642
25310546,913015147
25350582,913028652
25390618,913042157
25430662,913055921
25470707,913069426
25510740,913083708
25550776,913097843
25590808,913111348
25630840,913124853
25670874,913138358
25710912,913151863
25750945,913165368
25790975,913178873
25831007,913192378
25871040,913205883
25911075,913219651
25951117,913233156
25991158,913246924
26031197,913261593
26062223,913291301
26102259,913304806
26142289,913318311
26182330,913331816
26222367,913345321
26262401,913358826
26302439,913372331
26342472,913385836
26382508,913399341
26422549,913413105
26462599,913426610
26502637,913440633
26542671,913455027
26582710,913468532
26622750,913482037
26662788,913502366
26702820,913515871
26742860,913529376
26782899,913542881
26822930,913556386
26862968,913569891
26903006,913583396
26943052,913625584
26983098,913670368
27023132,913690321
27054159,913715097
27094195,913753700
27134228,913767205
27174265,913780710
27214295,913794215
27254327,913807720
27294358,913821225
27334395,913834730
27374427,913848235
27414454,913861999
27454501,913875504
27494540,913889268
27534576,913903921
27574610,913917426
27614647,913930931
27654673,913944436
27694704,913957941
27734736,913971446
27774772,913984951
27814809,913998456
27854843,914011961
27894878,914025466
27934918,914039234
27974967,914052739
28015002,914067408
28055030,914081176
28086055,914110878
28126082,914124383
28166115,914137888
28206146,914151393
28246174,914164898
28286208,914178403
28326241,914191908
28366283,914205413
28406319,914218918
28446365,914232682
28486409,914246446
28526449,914261099
28566483,914274604
28606515,914288109
28646550,914301614
28686588,914315119
28726626,914328624
28766658,914342129
28806689,914355634
28846720,914369139
28886750,914382644
28926788,914396412
28966837,914409917
29006876,914424211
29046914,914438354
29077935,914468047
29117971,914481552
29157999,914495057
29198035,914508562
29238068,914522067
29278095,914535572
29318127,914549077
29358156,914562582
29398185,914576087
29438228,914589851
29478279,914603615
29518308,914618009
29558343,914631773
29598373,914645278
29638407,914658783
29678434,914674376
29718467,914695805
29758498,914710062
29798525,914723567
29838559,914737072
29878589,914750577
29918620,914764345
29958669,914777850
29998708,914791881
30038750,914806287
30069777,914835980
30109810,914849485
30149842,914862990
30189875,914876495
30229907,914890000
30269944,914903505
30309972,914917010
30350003,914930515
30390033,914944020
30430069,914957784
30470114,914971289
30510155,914985571
30550185,914999706
30590218,915013211
30630248,915026716
30670284,915040221
30710321,915053726
30750358,915067231
30790391,915080736
30830427,915094241
30870467,915107746
30910506,915121251
30950552,915135019
30990598,915148787
31030633,915163456
31061662,915174448
31101690,915206654
31141717,915220159
31181751,915233664
31221788,915247169
31261823,915260674
31301861,915274179
31341892,915287684
31381927,915301189
31421962,915314953
31462010,915328458
31502049,915342481
31542083,915356875
31582125,915370380
31622161,915383885
31662195,915397390
31702227,915410895
31742258,915424400
31782295,915437905
31822336,915451410
31862371,915464915
31902401,915478420
31942444,915492188
31982493,915505956
32022522,915520362
32062562,915534130
32093591,915563823
32133619,915577328
32173651,915590833
32213682,915604338
32253715,915617843
32293750,915631348
32333785,915644853
32373813,915658358
32413844,915672122
32453884,915685627
32493926,915699391
32533960,915714044
32573997,915727549
32614031,915741054
32654062,915754559
32694096,915768064
32734131,915781569
32774165,915795074
32814201,915808579
32854239,915822084
32894270,915835589
32934307,915849357
32974355,915862862
33014396,915877156
33054427,915891299
33085454,915920986
33125485,915934491
33165519,915947996
33205547,915961501
33245580,915975006
33285613,915988511
33325646,916002016
33365677,916015521
33405707,916029026
33445752,916042790
33485797,916056554
33525833,916070948
33565867,916084712
33605906,916098217
33645942,916111722
33685977,916125227
33726010,916138732
33766041,916152237
33806078,916165742
33846108,916179247
33886144,916192752
33926181,916206520
33966229,916220025
34006264,916234056
34046297,916248462
34077329,916278155
34117367,916291660
34157399,916305165
34197430,916318670
34237464,916332175
34277491,916345680
34317530,916359185
34357562,916372690
34397592,916386195
34437630,916399959
34477678,916413464
34517716,916427746
34557750,916441881
34597785,916455386
34637821,916468891
34677860,916482396
34717900,916495901
34757938,916509406
34797973,916522911
34838011,916536416
34878050,916549921
34918087,916563689
34958132,916577194
34998177,916590962
35038213,916605631
35069241,916616623
35109273,916648844
35149304,916662349
35189337,916675854
35229367,916689359
35269400,916702864
35309431,916716369
35349460,916729874
35389490,916743379
35429524,916757143
35469571,916770648
35509615,916784671
35549652,916799065
35589693,916812570
35629733,916826075
35669763,916839580
35709793,916859753
35749822,916880374
35789857,916893879
35829895,916907384
35869930,916920889
35909968,916934394
35950009,916948162
35990055,916961930
36030095,916976448
36070132,916990216
36101153,917019897
36141189,917033402
36181225,917046907
36221255,917060412
36261286,917073917
36301321,917087422
36341352,917100927
36381387,917114432
36421416,917128196
36461461,917141701
36501500,917155465
36541540,917170230
36581579,917183735
36621613,917197240
36661650,917210745
36701686,917224250
36741724,917237755
36781758,917251260
36821792,917264765
36861823,917278270
36901856,917291775
36941892,917305543
36981938,917319048
37021974,917333454
37062006,917347597
37093034,917377296
37133073,917390801
37173109,917404306
37213142,917417811
37253181,917431316
37293215,917444821
37333250,917458326
37373288,917471831
37413324,917485336
37453369,917499100
37493410,917512864
37533447,917527629
37573483,917541134
37613512,917554639
37653551,917568144
37693588,917581649
37733622,917595154
37773648,917608659
37813685,917622164
37853717,917635669
37893751,917649174
37933784,917662942
37973833,917676447
38013877,917690853
38053905,917704996
38084931,917734683
38124967,917748188
38164999,917761693
38205030,917775198
38245063,917788703
38285098,917802208
38325131,917815713
38365163,917829218
38405205,917842723
38445250,917856487
38485297,917869992
38525336,917884757
38565378,917898521
38605416,917912026
38645446,917925531
38685479,917939036
38725513,917952541
38765549,917966046
38805583,917979551
38845621,917993056
38885650,918006561
38925685,918020329
38965730,918033834
39005774,918047865
39045811,918062383
39076840,918073375
39116878,918105587
39156918,918119092
39196958,918132597
39236994,918146102
39277033,918159607
39317071,918173112
39357107,918186617
39397144,918200122
39437183,918213886
39477230,918227391
39517267,918241785
39557301,918255920
39597338,918269425
39637373,918282930
39677399,918296435
39717429,918309940
39757467,918323445
39797501,918336950
39837536,918350455
39877566,918363960
39917603,918377465
39957651,918391233
39997699,918405001
40037738,918419782
40077776,918433287
40108806,918462983
40148841,918476488
40188875,918489993
40228909,918503498
40268941,918517003
40308974,918530508
40349011,918544013
40389045,918557518
40429083,918571282
40469130,918584787
40509172,918598810
40549202,918613316
40589236,918626821
40629275,918640326
40669308,918653831
40709337,918667336
40749375,918680841
40789410,918694346
40829452,918707851
40869486,918721356
40909519,918734861
40949557,918748629
40989603,918762397
41029640,918776915
41069677,918790683
41100702,918820361
41140732,918833866
41180759,918847371
41220790,918860876
41260826,918874381
41300864,918887886
41340897,918901391
41380935,918914896
41420972,918928401
41461018,918942165
41501063,918955929
41541096,918970694
41581127,918984199
41621161,918997704
41661190,919011209
41701218,919024714
41741255,919038219
41781283,919051724
41821317,919065229
41861348,919078734
41901379,919092239
41941417,919106007
41981461,919119512
42021495,919133918
42061526,919148061
42092558,919177754
42132590,919194191
42172628,919207696
42212668,919221201
42252707,919234706
42292748,919248211
42332785,919261716
42372823,919275221
42412860,919288726
42452905,919302490
42492951,919316254
42532981,919330760
42573010,919344524
42613049,919358029
42653088,919371534
42693118,919385039
42733150,919398544
42773186,919412049
42813222,919425554
42853257,919439059
42893288,919452564
42933319,919466332
42973364,919479837
43013405,919493868
43053441,919508386
43084466,919519378
43124495,919551590
43164527,919565095
43204560,919578600
43244594,919592105
43284619,919605610
43324652,919619115
43364689,919632620
43404715,919646125
43444753,919659889
43484801,919673394
43524843,919687788
43564883,919701923
43604913,919715428
43644948,919728933
43684981,919742438
43725012,919755943
43765048,919769448
43805086,919782953
43845121,919796458
43885158,919809963
43925198,919823731
43965242,919837236
44005287,919851004
44045320,919865785
44085348,919879290
44116371,919908977
44156400,919922482
44196438,919935987
44236474,919949492
44276510,919962997
44316543,919976502
44356578,919990007
44396615,920003512
44436653,920017276
44476701,920030781
44516740,920044804
44556778,920059310
44596818,920072815
44636856,920086320
44676892,920099825
44716925,920113330
44756957,920126835
44796992,920140340
44837030,920153845
44877065,920167350
44917101,920180855
44957146,920194623
44997192,920208391
45037229,920222909
45077258,920236677
45108284,920267626
45148317,920281131
45188345,920298556
45228380,920321405
45268415,920339078
45308451,920360927
45348494,920376352
45388527,920398581
45428559,920412345
45468605,920425850
45508648,920439614
45548685,920454379
45588720,920467884
45628748,920481389
45668786,920494894
45708821,920508399
45748861,920521904
45788900,920535409
45828932,920548914
45868959,920562419
45908992,920575924
45949032,920589692
45989079,920603197
46029117,920617603
46069152,920631746
46100179,920661457
46140206,920674962
46180240,920688467
46220277,920701972
46260308,920715477
46300345,920728982
46340375,920742487
46380414,920755992
46420454,920769497
46460500,920783261
46500546,920797025
46540579,920811790
46580606,920825295
46620646,920838800
46660679,920852305
46700714,920865810
46740749,920879315
46780782,920892820
46820818,920906325
46860857,920919830
46900887,920933335
46940918,920947103
46980965,920960608
47021003,920974639
47061033,920989157
47092064,921000149
47132100,921032352
47172132,921045857
47212162,921059362
47252196,921072867
47292232,921086372
47332261,921099877
47372291,921113382
47412321,921126887
47452360,921140651
47492406,921154156
47532448,921168921
47572487,921182685
47612527,921196190
47652559,921209695
47692598,921223200
47732631,921236705
47772664,921250210
47812691,921263715
47852725,921277220
47892754,921290725
47932782,921304493
47972827,921317998
48012865,921331766
48052899,921346547
48092932,921360052
48123963,921389670
48164000,921403175
48204037,921416680
48244069,921430185
48284106,921443690
48324138,921457195
48364170,921470700
48404207,921484205
48444242,921497969
48484290,921511474
48524325,921525868
48564354,921540003
48604383,921553508
48644422,921567013
48684460,921580518
48724494,921594023
48764530,921607528
48804563,921621033
48844596,921634538
48884623,921648043
48924655,921661548
48964697,921675316
49004739,921689084
49044779,921703865
49084809,921717370
49115837,921747081
49155872,921760586
49195904,921774091
49235932,921787596
49275972,921801101
49316009,921814606
49356047,921828111
49396089,921841616
49436124,921855380
49476168,921868885
49516211,921882908
49556250,921897414
49596283,921910919
49636318,921924424
49676352,921937929
49716388,921951434
49756429,921964939
49796472,921978444
49836505,921991949
49876537,922005454
49916578,922018959
49956618,922032727
49996667,922046495
50036702,922061013
50076736,922074781
50107763,922104477
50147799,922117982
50187842,922131487
50227879,922144992
50267910,922158497
50307942,922172002
50347977,922185507
50388012,922199012
50428050,922212517
50468093,922226281
50508134,922240045
50548169,922254810
50588203,922268315
50628240,922281820
50668277,922295325
50708313,922308830
50748355,922322335
50788386,922335840
50828414,922349345
50868449,922362850
50908483,922376355
50948522,922390123
50988569,922403628
51028606,922418034
51068636,922432177
51099665,922443169
51139695,922475372
51179734,922488877
51219768,922502382
51259799,922515887
51299839,922529392
51339878,922542897
51379912,922556402
51419943,922569907
51459982,922583671
51500028,922597435
51540064,922611941
51580098,922625705
51620129,922639210
51660161,922652715
51700194,922666220
51740224,922679725
51780256,922693230
51820287,922706735
51860323,922720240
51900355,922733745
51940388,922747513
51980434,922761018
52020475,922775049
52060508,922789567
52100544,922803072
52131571,922832750
52171601,922846255
52211634,922859760
52251665,922873265
52291701,922886770
52331732,922900275
52371766,922913780
52411799,922927285
52451841,922941049
52491891,922954554
52531932,922968948
52571968,922983083
52612001,922996588
52652033,923010093
52692068,923023598
52732098,923037103
52772134,923050608
52812159,923064113
52852193,923077618
52892227,923091123
52932270,923104891
52972316,923118396
53012361,923132164
53052397,923146945
53092435,923160450
53123463,923190131
53163491,923203636
53203526,923217141
53243557,923230646
53283581,923244151
53323616,923257656
53363642,923271161
53403674,923284666
53443712,923298430
53483761,923311935
53523805,923325958
53563835,923340464
53603870,923353969
53643905,923367474
53683946,923380979
53723983,923394484
53764015,923407989
53804052,923421494
53844087,923434999
53884120,923448504
53924155,923462009
53964195,923475777
54004245,923489545
54044278,923504063
54084306,923517831
54115329,923547548
54155368,923561053
54195406,923574558
54235441,923588063
54275482,923601568
54315515,923615073
54355552,923628578
54395592,923642083
54435628,923655847
54475673,923669352
54515717,923683116
54555749,923697881
54595787,923711386
54635815,923724891
54675845,923738396
54715879,923751901
54755906,923765406
54795941,923778911
54835973,923792416
54876005,923805921
54916037,923819426
54956079,923833194
54996125,923846699
55036162,923861105
55076200,923875248
55107227,923886240
55147254,923918428
55187289,923931933
55227322,923945438
55267353,923958943
55307390,923972448
55347419,923985953
55387450,923999458
55427483,924012963
55467524,924026727
55507569,924040491
55547611,924054997
55587641,924068761
55627679,924082266
55667715,924095771
55707749,924109276
55747782,924122781
55787814,924136286
55827843,924149791
55867874,924163296
55907903,924176801
55947941,924190569
55987988,924204074
56028030,924218105
56068070,924232623
56108108,924246128
56139136,924275839
56179171,924289344
56219206,924302849
56259238,924316354
56299272,924329859
56339299,924343364
56379331,924356869
56419361,924370374
56459401,924384138
56499447,924397643
56539486,924412037
56579518,924426172
56619554,924439677
56659591,924453182
56699627,924466687
56739654,924480192
56779687,924493697
56819721,924507202
56859752,924520707
56899781,924534212
56939813,924547980
56979857,924561485
57019903,924575253
57059940,924590034
57099974,924603539
57131000,924633238
57171043,924646743
57211075,924660248
57251112,924673753
57291149,924687258
57331183,924700763
57371216,924714268
57411256,924727773
57451298,924741537
57491345,924755042
57531388,924775364
57571414,924795243
57611452,924818812
57651490,924832317
57691519,924859290
57731557,924872795
57771596,924911768
57811629,924949733
57851663,924972130
57891698,925003827
57931734,925025380
57971777,925044344
58011821,925058112
58051859,925072893
58091893,925086398
58122915,925116088
58162951,925129593
58202977,925143098
58243012,925156603
58283046,925170108
58323079,925183613
58363110,925197118
58403141,925210623
58443180,925224387
58483227,925237892
58523272,925251915
58563309,925266421
58603347,925279926
58643381,925293431
58683421,925306936
58723456,925320441
58763491,925333946
58803524,925347451
58843552,925360956
58883587,925374461
58923621,925387966
58963660,925401734
59003707,925415239
59043748,925430020
59083781,925443788
59114807,925454780
59154835,925486998
59194869,925500503
59234909,925514008
59274939,925527513
59314969,925541018
59355001,925554523
59395039,925568028
59435075,925581533
59475124,925595297
59515168,925609061
59555195,925623826
59595225,925637331
59635250,925650836
59675281,925664341
59715313,925677846
59755350,925691351
59795382,925704856
59835413,925718361
59875447,925731866
59915486,925745371
59955528,925759139
59995573,925772644
60035613,925787050
60075646,925801193
60115683,925814698
60155720,925829821
60195753,925843326
60235792,925856831
60275832,925870336
60315868,925883841
60355909,925897346
60395942,925910851
60435972,925924356
60476018,925938117
60516064,925951823
60556102,925966397
60596130,925979902
60636169,925993407
60676213,926006912
60716259,926020417
60756305,926033922
60796349,926047427
60836394,926060932
60876439,926074437
60916483,926087942
60956539,926101648
60996598,926115153
61036657,926128936
61076716,926142161
61116776,926155386
61156835,926168611
61196896,926181836
61236957,926195061
61277017,926208286
TS,2
32605,629
72662,669
112719,709
152776,749
192833,789
232890,829
272947,869
313004,909
353061,949
393118,989
433176,1029
473237,1069
513285,1109
553330,1149
593378,1189
633425,1229
673471,1269
713519,1309
753567,1349
793615,1389
833662,1429
873708,1469
913743,1509
953776,1549
993811,1589
1024838,1620
1064877,1660
1104916,1700
1144943,1740
1184976,1780
1225007,1820
1265036,1860
1305072,1900
1345112,1940
1385145,1980
1425190,2020
1465235,2060
1505267,2100
1545301,2140
1585337,2180
1625373,2220
1665411,2260
1705445,2300
1745475,2340
1785509,2380
1825542,2420
1865568,2460
1905609,2500
1945657,2540
1985700,2580
2016726,2611
2056759,2651
2096794,2691
2136830,2731
2176867,2771
2216898,2811
2256931,2851
2296965,2891
2337000,2931
2377026,2971
2417070,3011
2457116,3051
2497156,3091
2537188,3131
2577220,3171
2617244,3211
2657272,3251
2697302,3291
2737334,3331
2777371,3371
2817412,3411
2857451,3451
2897480,3491
2937525,3531
2977569,3571
3008598,3602
3048632,3642
3088663,3682
3128691,3722
3168723,3762
3208759,3802
3248792,3842
3288823,3882
3328860,3922
3368890,3962
3408932,4002
3448981,4042
3489019,4082
3529057,4122
3569093,4162
3609124,4202
3649153,4242
3689183,4282
3729214,4322
3769245,4362
3809286,4402
3849315,4442
3889356,4482
3929402,4522
3969448,4562
4009490,4602
4040521,4633
4080558,4673
4120597,4713
4160636,4753
4200670,4793
4240709,4833
4280753,4873
4320789,4913
4360821,4953
4400865,4993
4440912,5033
4480956,5073
4520998,5113
4561035,5153
4601069,5193
4641107,5233
4681144,5273
4721179,5313
4761216,5353
4801256,5393
4841295,5433
4881334,5473
4921381,5513
4961430,5553
5001471,5593
5032500,5624
5072537,5664
5112578,5704
5152611,5744
5192642,5784
5232676,5824
5272714,5864
5312753,5904
5352783,5944
5392815,5984
5432864,6024
5472907,6064
5512935,6104
5552966,6144
5593001,6184
5633030,6224
5673059,6264
5713093,6304
5753124,6344
5793152,6384
5833184,6424
5873215,6464
5913258,6504
5953305,6544
5993344,6584
6024368,6615
6064399,6655
6104431,6695
6144461,6735
6184492,6775
6224522,6815
6264553,6855
6304582,6895
6344613,6935
6384650,6975
6424687,7015
6464733,7055
6504769,7095
6544804,7135
6584841,7175
6624878,7215
6664910,7255
6704949,7295
6744982,7335
6785012,7375
6825050,7415
6865086,7455
6905126,7495
6945170,7535
6985211,7575
7016245,7606
7056280,7646
7096317,7686
7136353,7726
7176386,7766
7216421,7806
7256456,7846
7296484,7886
7336515,7926
7376547,7966
7416586,8006
7456634,8046
7496676,8086
7536710,8126
7576748,8166
7616778,8206
7656809,8246
7696842,8286
7736876,8326
7776908,8366
7816941,8406
7856970,8446
7897004,8486
7937049,8526
7977092,8566
8017125,8606
8048154,8637
8088191,8677
8128233,8717
8168271,8757
8208301,8797
8248335,8837
8288376,8877
8328413,8917
8368445,8957
8408487,8997
8448537,9037
8488580,9077
8528618,9117
8568650,9157
8608683,9197
8648721,9237
8688750,9277
8728776,9317
8768810,9357
8808846,9397
8848883,9437
8888922,9477
8928966,9517
8969012,9557
9009048,9597
9040074,9628
9080106,9668
9120140,9708
9160179,9748
9200215,9788
9240249,9828
9280277,9868
9320307,9908
9360346,9948
9400384,9988
9440432,10028
9480477,10068
9520513,10108
9560549,10148
9600584,10188
9640618,10228
9680653,10268
9720683,10308
9760714,10348
9800751,10388
9840790,10428
9880822,10468
9920864,10508
9960915,10548
10000949,10588
10031982,10619
10072019,10659
10112051,10699
10152087,10739
10192119,10779
10232151,10819
10272180,10859
10312218,10899
10352253,10939
10392290,10979
10432338,11019
10472387,11059
10512420,11099
10552451,11139
10592486,11179
10632523,11219
10672556,11259
10712592,11299
10752627,11339
10792655,11379
10832688,11419
10872722,11459
10912762,11499
10952809,11539
10992844,11579
11023871,11610
11063904,11650
11103944,11690
11143985,11730
11184023,11770
11224059,11810
11264094,11850
11304133,11890
11344169,11930
11384202,11970
11424243,12010
11464291,12050
11504327,12090
11544362,12130
11584395,12170
11624426,12210
11664458,12250
11704492,12290
11744529,12330
11784555,12370
11824587,12410
11864618,12450
11904646,12490
11944693,12530
11984737,12570
12024773,12610
12055801,12641
12095834,12681
12135867,12721
12175902,12761
12215938,12801
12255975,12841
12296010,12881
12336048,12921
12376081,12961
12416120,13001
12456166,13041
12496204,13081
12536239,13121
12576277,13161
12616315,13201
12656351,13241
12696393,13281
12736437,13321
12776473,13361
12816505,13401
12856539,13441
12896581,13481
12936624,13521
12976666,13561
13016693,13601
13047719,13632
13087751,13672
13127780,13712
13167808,13752
13207839,13792
13247874,13832
13287907,13872
13327935,13912
13367973,13952
13408010,13992
13448058,14032
13488097,14072
13528131,14112
13568168,14152
13608206,14192
13648241,14232
13688271,14272
13728303,14312
13768333,14352
13808369,14392
13848395,14432
13888432,14472
13928476,14512
13968522,14552
14008562,14592
14039585,14623
14079616,14663
14119651,14703
14159694,14743
14199726,14783
14239766,14823
14279800,14863
14319832,14903
14359871,14943
14399907,14983
14439955,15023
14479999,15063
14520035,15103
14560071,15143
14600110,15183
14640143,15223
14680174,15263
14720207,15303
14760243,15343
14800280,15383
14840311,15423
14880342,15463
14920385,15503
14960432,15543
15000465,15583
15031491,15614
15071528,15654
15111555,15694
15151587,15734
15191615,15774
15231643,15814
15271679,15854
15311713,15894
15351744,15934
15391775,15974
15431814,16014
15471859,16054
15511893,16094
15551921,16134
15591955,16174
15631991,16214
15672022,16254
15712055,16294
15752087,16334
15792123,16374
15832161,16414
15872195,16454
15912232,16494
15952279,16534
15992317,16574
16032352,16614
16063374,16645
16103408,16685
16143442,16725
16183472,16765
16223507,16805
16263544,16845
16303572,16885
16343606,16925
16383634,16965
16423670,17005
16463715,17045
16503747,17085
16543782,17125
16583821,17165
16623858,17205
16663891,17245
16703929,17285
16743964,17325
16783998,17365
16824028,17405
16864060,17445
16904088,17485
16944134,17525
16984175,17565
17024207,17605
17055229,17636
17095264,17676
17135292,17716
17175328,17756
17215364,17796
17255400,17836
17295439,17876
17335472,17916
17375499,17956
17415532,17996
17455580,18036
17495621,18076
17535656,18116
17575687,18156
17615721,18196
17655761,18236
17695799,18276
17735825,18316
17775858,18356
17815895,18396
17855924,18436
17895957,18476
17936004,18516
17976047,18556
18016084,18596
18047112,18627
18087142,18667
18127178,18707
18167218,18747
18207260,18787
18247290,18827
18287322,18867
18327357,18907
18367388,18947
18407425,18987
18447474,19027
18487518,19067
18527555,19107
18567595,19147
18607631,19187
18647666,19227
18687702,19267
18727740,19307
18767780,19347
18807811,19387
18847839,19427
18887871,19467
18927909,19507
18967956,19547
19007984,19587
19039012,19618
19079040,19658
19119082,19698
19159120,19738
19199149,19778
19239181,19818
19279214,19858
19319245,19898
19359279,19938
19399313,19978
19439354,20018
19479394,20058
19519434,20098
19559472,20138
19599506,20178
19639538,20218
19679573,20258
19719607,20298
19759646,20338
19799684,20378
19839718,20418
19879749,20458
19919788,20498
19959836,20538
19999874,20578
20039907,20618
20070935,20649
20110970,20689
20151002,20729
20191026,20769
20231060,20809
20271097,20849
20311129,20889
20351165,20929
20391201,20969
20431242,21009
20471291,21049
20511322,21089
20551348,21129
20591375,21169
20631412,21209
20671442,21249
20711472,21289
20751506,21329
20791535,21369
20831570,21409
20871609,21449
20911645,21489
20951692,21529
20991730,21569
21031762,21609
21062790,21640
21102830,21680
21142864,21720
21182894,21760
21222930,21800
21262966,21840
21303001,21880
21343036,21920
21383071,21960
21423112,22000
21463161,22040
21503198,22080
21543234,22120
21583270,22160
21623305,22200
21663347,22240
21703385,22280
21743420,22320
21783452,22360
21823490,22400
21863525,22440
21903555,22480
21943596,22520
21983638,22560
22023677,22600
22054704,22631
22094740,22671
22134770,22711
22174794,22751
22214828,22791
22254857,22831
22294889,22871
22334919,22911
22374954,22951
22414988,22991
22455036,23031
22495075,23071
22535114,23111
22575139,23151
22615171,23191
22655197,23231
22695230,23271
22735267,23311
22775302,23351
22815339,23391
22855369,23431
22895401,23471
22935444,23511
22975491,23551
23015527,23591
23046561,23622
23086592,23662
23126622,23702
23166649,23742
23206683,23782
23246719,23822
23286756,23862
23326798,23902
23366832,23942
23406869,23982
23446916,24022
23486959,24062
23526991,24102
23567022,24142
23607051,24182
23647083,24222
23687115,24262
23727141,24302
23767171,24342
23807202,24382
23847243,24422
23887276,24462
23927315,24502
23967362,24542
24007400,24582
24047433,24622
24078457,24653
24118496,24693
24158536,24733
24198572,24773
24238609,24813
24278642,24853
24318680,24893
24358711,24933
24398741,24973
24438780,25013
24478820,25053
24518854,25093
24558889,25133
24598926,25173
24638955,25213
24678989,25253
24719022,25293
24759049,25333
24799080,25373
24839113,25413
24879141,25453
24919178,25493
24959225,25533
24999263,25573
25039299,25613
25070328,25644
25110364,25684
25150401,25724
25190434,25764
25230472,25804
25270507,25844
25310547,25884
25350582,25924
25390618,25964
25430663,26004
25470708,26044
25510741,26084
25550777,26124
25590808,26164
25630841,26204
25670875,26244
25710912,26284
25750945,26324
25790976,26364
25831008,26404
25871040,26444
25911076,26484
25951118,26524
25991158,26564
26031198,26604
26062223,26635
26102259,26675
26142290,26715
26182331,26755
26222368,26795
26262402,26835
26302439,26875
26342473,26915
26382509,26955
26422550,26995
26462600,27035
26502637,27075
26542672,27115
26582711,27155
26622751,27195
26662789,27235
26702821,27275
26742860,27315
26782900,27355
26822931,27395
26862968,27435
26903006,27475
26943052,27515
26983099,27555
27023133,27595
27054160,27626
27094195,27666
27134229,27706
27174265,27746
27214296,27786
27254328,27826
27294358,27866
27334395,27906
27374428,27946
27414455,27986
27454501,28026
27494541,28066
27534577,28106
27574611,28146
27614647,28186
27654674,28226
27694705,28266
27734737,28306
27774772,28346
27814810,28386
27854843,28426
27894879,28466
27934918,28506
27974968,28546
28015003,28586
28055030,28626
28086056,28657
28126083,28697
28166116,28737
28206147,28777
28246175,28817
28286208,28857
28326242,28897
28366283,28937
28406320,28977
28446365,29017
28486409,29057
28526450,29097
28566484,29137
28606515,29177
28646550,29217
28686589,29257
28726627,29297
28766659,29337
28806689,29377
28846721,29417
28886751,29457
28926789,29497
28966838,29537
29006877,29577
29046915,29617
29077936,29648
29117972,29688
29158000,29728
29198035,29768
29238068,29808
29278096,29848
29318128,29888
29358157,29928
29398186,29968
29438229,30008
29478279,30048
29518308,30088
29558344,30128
29598374,30168
29638408,30208
29678435,30248
29718468,30288
29758498,30328
29798526,30368
29838560,30408
29878590,30448
29918621,30488
29958669,30528
29998708,30568
30038751,30608
30069778,30639
30109811,30679
30149843,30719
30189876,30759
30229908,30799
30269945,30839
30309973,30879
30350004,30919
30390034,30959
30430070,30999
30470115,31039
30510155,31079
30550186,31119
30590218,31159
30630249,31199
30670285,31239
30710322,31279
30750358,31319
30790392,31359
30830428,31399
30870468,31439
30910507,31479
30950553,31519
30990599,31559
31030634,31599
31061662,31630
31101691,31670
31141718,31710
31181751,31750
31221788,31790
31261824,31830
31301862,31870
31341893,31910
31381927,31950
31421963,31990
31462010,32030
31502049,32070
31542084,32110
31582126,32150
31622161,32190
31662196,32230
31702227,32270
31742259,32310
31782296,32350
31822336,32390
31862371,32430
31902401,32470
31942445,32510
31982494,32550
32022523,32590
32062562,32630
32093591,32661
32133619,32701
32173652,32741
32213684,32781
32253715,32821
32293751,32861
32333786,32901
32373814,32941
32413845,32981
32453885,33021
32493927,33061
32533961,33101
32573997,33141
32614031,33181
32654063,33221
32694096,33261
32734132,33301
32774166,33341
32814201,33381
32854239,33421
32894271,33461
32934308,33501
32974356,33541
33014397,33581
33054428,33621
33085455,33652
33125486,33692
33165519,33732
33205548,33772
33245581,33812
33285613,33852
33325647,33892
33365678,33932
33405708,33972
33445753,34012
33485798,34052
33525834,34092
33565867,34132
33605906,34172
33645943,34212
33685978,34252
33726011,34292
33766041,34332
33806079,34372
33846109,34412
33886144,34452
33926182,34492
33966229,34532
34006265,34572
34046298,34612
34077330,34643
34117368,34683
34157399,34723
34197431,34763
34237464,34803
34277492,34843
34317530,34883
34357563,34923
34397592,34963
34437631,35003
34477678,35043
34517717,35083
34557750,35123
34597786,35163
34637822,35203
34677861,35243
34717901,35283
34757939,35323
34797974,35363
34838012,35403
34878050,35443
34918088,35483
34958134,35523
34998178,35563
35038213,35603
35069241,35634
35109274,35674
35149305,35714
35189338,35754
35229368,35794
35269401,35834
35309432,35874
35349460,35914
35389491,35954
35429525,35994
35469572,36034
35509616,36074
35549653,36114
35589694,36154
35629733,36194
35669764,36234
35709794,36274
35749822,36314
35789858,36354
35829895,36394
35869931,36434
35909969,36474
35950010,36514
35990056,36554
36030095,36594
36070133,36634
36101154,36665
36141190,36705
36181225,36745
36221256,36785
36261286,36825
36301322,36865
36341352,36905
36381387,36945
36421418,36985
36461461,37025
36501501,37065
36541541,37105
36581580,37145
36621614,37185
36661650,37225
36701686,37265
36741724,37305
36781758,37345
36821792,37385
36861824,37425
36901857,37465
36941893,37505
36981939,37545
37021975,37585
37062007,37625
37093035,37656
37133073,37696
37173110,37736
37213143,37776
37253182,37816
37293216,37856
37333250,37896
37373289,37936
37413325,37976
37453370,38016
37493411,38056
37533448,38096
37573484,38136
37613512,38176
37653552,38216
37693589,38256
37733622,38296
37773649,38336
37813685,38376
37853718,38416
37893751,38456
37933785,38496
37973834,38536
38013877,38576
38053906,38616
38084932,38647
38124968,38687
38165000,38727
38205030,38767
38245064,38807
38285099,38847
38325131,38887
38365164,38927
38405205,38967
38445250,39007
38485298,39047
38525337,39087
38565379,39127
38605416,39167
38645447,39207
38685479,39247
38725513,39287
38765549,39327
38805583,39367
38845622,39407
38885650,39447
38925685,39487
38965731,39527
39005775,39567
39045811,39607
39076841,39638
39116879,39678
39156918,39718
39196959,39758
39236995,39798
39277034,39838
39317071,39878
39357108,39918
39397145,39958
39437184,39998
39477231,40038
39517268,40078
39557302,40118
39597339,40158
39637374,40198
39677400,40238
39717430,40278
39757468,40318
39797502,40358
39837536,40398
39877567,40438
39917604,40478
39957652,40518
39997700,40558
40037738,40598
40077777,40638
40108807,40669
40148842,40709
40188876,40749
40228910,40789
40268941,40829
40308975,40869
40349012,40909
40389046,40949
40429083,40989
40469131,41029
40509172,41069
40549202,41109
40589237,41149
40629275,41189
40669309,41229
40709337,41269
40749375,41309
40789410,41349
40829453,41389
40869486,41429
40909519,41469
40949558,41509
40989603,41549
41029641,41589
41069678,41629
41100703,41660
41140733,41700
41180759,41740
41220791,41780
41260826,41820
41300864,41860
41340897,41900
41380935,41940
41420972,41980
41461019,42020
41501064,42060
41541097,42100
41581128,42140
41621162,42180
41661191,42220
41701219,42260
41741255,42300
41781284,42340
41821317,42380
41861349,42420
41901380,42460
41941417,42500
41981462,42540
42021496,42580
42061527,42620
42092559,42651
42132591,42691
42172629,42731
42212669,42771
42252707,42811
42292748,42851
42332786,42891
42372823,42931
42412861,42971
42452906,43011
42492951,43051
42532981,43091
42573010,43131
42613050,43171
42653089,43211
42693119,43251
42733151,43291
42773187,43331
42813223,43371
42853257,43411
42893288,43451
42933320,43491
42973364,43531
43013406,43571
43053442,43611
43084467,43642
43124496,43682
43164528,43722
43204561,43762
43244595,43802
43284620,43842
43324653,43882
43364689,43922
43404716,43962
43444754,44002
43484802,44042
43524844,44082
43564884,44122
43604914,44162
43644949,44202
43684982,44242
43725012,44282
43765049,44322
43805087,44362
43845122,44402
43885159,44442
43925198,44482
43965243,44522
44005287,44562
44045321,44602
44085349,44642
44116372,44673
44156400,44713
44196438,44753
44236474,44793
44276511,44833
44316543,44873
44356579,44913
44396616,44953
44436654,44993
44476701,45033
44516741,45073
44556778,45113
44596818,45153
44636857,45193
44676893,45233
44716926,45273
44756958,45313
44796993,45353
44837030,45393
44877066,45433
44917102,45473
44957146,45513
44997193,45553
45037229,45593
45077259,45633
45108285,45664
45148318,45704
45188345,45744
45228381,45784
45268416,45824
45308452,45864
45348495,45904
45388527,45944
45428560,45984
45468606,46024
45508648,46064
45548686,46104
45588720,46144
45628749,46184
45668786,46224
45708822,46264
45748861,46304
45788901,46344
45828933,46384
45868960,46424
45908993,46464
45949033,46504
45989080,46544
46029117,46584
46069152,46624
46100180,46655
46140207,46695
46180241,46735
46220277,46775
46260308,46815
46300346,46855
46340376,46895
46380415,46935
46420455,46975
46460501,47015
46500547,47055
46540580,47095
46580607,47135
46620646,47175
46660680,47215
46700714,47255
46740750,47295
46780782,47335
46820818,47375
46860857,47415
46900888,47455
46940919,47495
46980966,47535
47021004,47575
47061034,47615
47092064,47646
47132101,47686
47172132,47726
47212163,47766
47252196,47806
47292232,47846
47332262,47886
47372292,47926
47412322,47966
47452360,48006
47492407,48046
47532449,48086
47572488,48126
47612527,48166
47652559,48206
47692599,48246
47732631,48286
47772665,48326
47812692,48366
47852726,48406
47892755,48446
47932782,48486
47972827,48526
48012866,48566
48052899,48606
48092932,48646
48123964,48677
48164001,48717
48204037,48757
48244070,48797
48284107,48837
48324139,48877
48364170,48917
48404208,48957
48444242,48997
48484291,49037
48524326,49077
48564354,49117
48604384,49157
48644423,49197
48684461,49237
48724495,49277
48764531,49317
48804564,49357
48844597,49397
48884624,49437
48924656,49477
48964698,49517
49004740,49557
49044780,49597
49084810,49637
49115838,49668
49155872,49708
49195904,49748
49235933,49788
49275973,49828
49316010,49868
49356048,49908
49396089,49948
49436125,49988
49476169,50028
49516212,50068
49556251,50108
49596284,50148
49636318,50188
49676353,50228
49716389,50268
49756430,50308
49796473,50348
49836506,50388
49876538,50428
49916579,50468
49956619,50508
49996668,50548
50036702,50588
50076737,50628
50107764,50659
50147800,50699
50187843,50739
50227879,50779
50267910,50819
50307942,50859
50347978,50899
50388013,50939
50428051,50979
50468094,51019
50508134,51059
50548170,51099
50588203,51139
50628241,51179
50668277,51219
50708314,51259
50748355,51299
50788386,51339
50828414,51379
50868450,51419
50908483,51459
50948523,51499
50988570,51539
51028606,51579
51068637,51619
51099666,51650
51139696,51690
51179734,51730
51219769,51770
51259800,51810
51299839,51850
51339879,51890
51379913,51930
51419943,51970
51459982,52010
51500029,52050
51540064,52090
51580099,52130
51620130,52170
51660163,52210
51700195,52250
51740225,52290
51780257,52330
51820288,52370
51860323,52410
51900356,52450
51940389,52490
51980435,52530
52020476,52570
52060509,52610
52100545,52650
52131571,52681
52171602,52721
52211634,52761
52251666,52801
52291702,52841
52331733,52881
52371766,52921
52411800,52961
52451842,53001
52491892,53041
52531932,53081
52571968,53121
52612002,53161
52652034,53201
52692069,53241
52732100,53281
52772135,53321
52812160,53361
52852194,53401
52892228,53441
52932270,53481
52972317,53521
53012362,53561
53052398,53601
53092435,53641
53123465,53672
53163492,53712
53203527,53752
53243558,53792
53283582,53832
53323617,53872
53363642,53912
53403675,53952
53443713,53992
53483761,54032
53523806,54072
53563836,54112
53603870,54152
53643906,54192
53683946,54232
53723983,54272
53764015,54312
53804053,54352
53844088,54392
53884121,54432
53924156,54472
53964196,54512
54004246,54552
54044278,54592
54084307,54632
54115329,54663
54155369,54703
54195407,54743
54235442,54783
54275483,54823
54315515,54863
54355552,54903
54395592,54943
54435628,54983
54475674,55023
54515718,55063
54555750,55103
54595788,55143
54635815,55183
54675846,55223
54715880,55263
54755907,55303
54795942,55343
54835974,55383
54876006,55423
54916038,55463
54956079,55503
54996126,55543
55036162,55583
55076201,55623
55107228,55654
55147255,55694
55187289,55734
55227323,55774
55267354,55814
55307390,55854
55347420,55894
55387451,55934
55427484,55974
55467525,56014
55507569,56054
55547611,56094
55587642,56134
55627680,56174
55667715,56214
55707750,56254
55747783,56294
55787815,56334
55827844,56374
55867875,56414
55907904,56454
55947942,56494
55987989,56534
56028031,56574
56068071,56614
56108109,56654
56139137,56685
56179171,56725
56219207,56765
56259239,56805
56299273,56845
56339299,56885
56379332,56925
56419362,56965
56459401,57005
56499448,57045
56539487,57085
56579518,57125
56619555,57165
56659592,57205
56699628,57245
56739654,57285
56779687,57325
56819721,57365
56859753,57405
56899782,57445
56939813,57485
56979857,57525
57019904,57565
57059941,57605
57099974,57645
57131000,57676
57171043,57716
57211076,57756
57251113,57796
57291150,57836
57331183,57876
57371217,57916
57411257,57956
57451299,57996
57491346,58036
57531389,58076
57571415,58116
57611453,58156
57651491,58196
57691520,58236
57731558,58276
57771596,58316
57811630,58356
57851663,58396
57891699,58436
57931734,58476
57971777,58516
58011822,58556
58051860,58596
58091893,58636
58122915,58667
58162952,58707
58202978,58747
58243012,58787
58283046,58827
58323080,58867
58363111,58907
58403142,58947
58443181,58987
58483228,59027
58523273,59067
58563309,59107
58603348,59147
58643382,59187
58683421,59227
58723457,59267
58763492,59307
58803525,59347
58843552,59387
58883588,59427
58923622,59467
58963661,59507
59003709,59547
59043748,59587
59083782,59627
59114808,59658
59154836,59698
59194870,59738
59234910,59778
59274940,59818
59314970,59858
59355002,59898
59395039,59938
59435076,59978
59475124,60018
59515169,60058
59555196,60098
59595226,60138
59635251,60178
59675282,60218
59715314,60258
59755351,60298
59795383,60338
59835414,60378
59875448,60418
59915487,60458
59955529,60498
59995573,60538
60035613,60578
60075647,60618
60115684,60658
60155721,60698
60195754,60738
60235793,60778
60275832,60818
60315869,60858
60355909,60898
60395943,60938
60435972,60978
60476019,61018
60516065,61058
60556103,61098
60596130,61138
60636170,61178
60676214,61218
60716260,61258
60756305,61298
60796349,61338
60836394,61378
60876440,61418
60916484,61458
60956540,61498
60996599,61538
61036658,61578
61076717,61618
61116777,61658
61156836,61698
61196897,61738
61236957,61778
61277018,61818
TS,3
32605,1476291
72662,1478994
112719,1481697
152776,1484400
192833,1487103
232890,1489806
272947,1492509
313005,1495212
353062,1497915
393119,1500618
433176,1503321
473238,1506272
513286,1509223
553330,1511926
593379,1514629
633425,1517332
673472,1520035
713520,1522738
753568,1525441
793615,1528144
833663,1530847
873708,1533550
913743,1536253
953777,1539043
993812,1541898
1024839,1549956
1064878,1552659
1104916,1555362
1144943,1558065
1184976,1560768
1225008,1563471
1265037,1566174
1305073,1568877
1345112,1571580
1385146,1574283
1425191,1577050
1465236,1579817
1505268,1582820
1545302,1585523
1585337,1588226
1625374,1590929
1665412,1593632
1705446,1596335
1745476,1599038
1785510,1601741
1825542,1604444
1865569,1607147
1905610,1609915
1945658,1612618
1985701,1615538
2016727,1623682
2056760,1626385
2096794,1629088
2136831,1631791
2176868,1634494
2216898,1637197
2256932,1639900
2296966,1642603
2337000,1645306
2377026,1648009
2417070,1650776
2457117,1653543
2497157,1656482
2537189,1659249
2577221,1661952
2617245,1664655
2657272,1667358
2697303,1670061
2737334,1672764
2777372,1675467
2817413,1678170
2857451,1680873
2897481,1683641
2937526,1686344
2977569,1689177
3008599,1691644
3048633,1700109
3088663,1702812
3128691,1705515
3168724,1708218
3208759,1710921
3248792,1713624
3288824,1716327
3328860,1719030
3368891,1721733
3408933,1724500
3448981,1727203
3489019,1730120
3529058,1732973
3569093,1735676
3609124,1738379
3649154,1741082
3689184,1743785
3729215,1746488
3769246,1749191
3809286,1751894
3849316,1754597
3889356,1757365
3929402,1760068
3969448,1762836
4009490,1765843
4040521,1773839
4080559,1776542
4120597,1779245
4160636,1781948
4200670,1784651
4240709,1787354
4280753,1790057
4320790,1792760
4360821,1795463
4400865,1798230
4440913,1800933
4480956,1803764
4520999,1806703
4561036,1809406
4601070,1812109
4641107,1814812
4681145,1817515
4721180,1820218
4761216,1822921
4801257,1825624
4841295,1828327
4881334,1831030
4921382,1833798
4961430,1836566
5001472,1839508
5032501,1847567
5072538,1850270
5112578,1852973
5152611,1855676
5192643,1858379
5232677,1861082
5272714,1863785
5312754,1866488
5352784,1869191
5392816,1871958
5432865,1874661
5472908,1877428
5512936,1880431
5552966,1883134
5593002,1885837
5633031,1888540
5673060,1891243
5713094,1893946
5753124,1896649
5793153,1899352
5833184,1902055
5873216,1904758
5913259,1907526
5953305,1910229
5993345,1913149
6024369,1921292
6064399,1923995
6104432,1926698
6144462,1929401
6184492,1932104
6224523,1934807
6264553,1937510
6304582,1940213
6344614,1942916
6384650,1945619
6424688,1948386
6464734,1951153
6504769,1954156
6544805,1956859
6584842,1959562
6624879,1962265
6664910,1964968
6704950,1967671
6744983,1970374
6785013,1973077
6825051,1975780
6865086,1978483
6905126,1981251
6945170,1983954
6985212,1986787
7016245,1989254
7056280,1997724
7096318,2000427
7136354,2003130
7176386,2005833
7216422,2008536
7256457,2011239
7296485,2013942
7336516,2016645
7376548,2019348
7416587,2022115
7456635,2024818
7496676,2027821
7536710,2030588
7576748,2033291
7616778,2035994
7656810,2038697
7696842,2041400
7736877,2044103
7776909,2046806
7816941,2049509
7856971,2052212
7897005,2054980
7937049,2057683
7977092,2060451
8017126,2063458
8048154,2071449
8088192,2074152
8128233,2076855
8168271,2079558
8208302,2082261
8248336,2084964
8288377,2087667
8328414,2090370
8368446,2093073
8408488,2095840
8448537,2098543
8488580,2101460
8528618,2104313
8568650,2107016
8608684,2109719
8648721,2112422
8688751,2115125
8728777,2117828
8768810,2120531
8808847,2123234
8848884,2125937
8888923,2128640
8928967,2131408
8969013,2134176
9009049,2137183
9040075,2145184
9080106,2147887
9120141,2150590
9160180,2153293
9200216,2155996
9240250,2158699
9280278,2161402
9320308,2164105
9360347,2166808
9400385,2169575
9440432,2172278
9480477,2175109
9520514,2178048
9560550,2180751
9600585,2183454
9640619,2186157
9680653,2188860
9720684,2191563
9760715,2194266
9800751,2196969
9840791,2199672
9880823,2202375
9920865,2205143
9960915,2207911
10000950,2210853
10031982,2219207
10072019,2221910
10112052,2224613
10152088,2227316
10192119,2230019
10232151,2232722
10272181,2235425
10312218,2238128
10352254,2240831
10392291,2243534
10432339,2246301
10472387,2249068
10512421,2252071
10552452,2254774
10592487,2257477
10632523,2260180
10672556,2262883
10712592,2265586
10752628,2268289
10792656,2270992
10832689,2273695
10872723,2276398
10912762,2279166
10952810,2281869
10992844,2284789
11023871,2287169
11063905,2295927
11103945,2298630
11143986,2301333
11184024,2304036
11224059,2306739
11264095,2309442
11304134,2312145
11344169,2314848
11384203,2317551
11424244,2320318
11464292,2323085
11504328,2326024
11544363,2328791
11584396,2331494
11624427,2334197
11664459,2336900
11704492,2339603
11744529,2342306
11784556,2345009
11824588,2347712
11864618,2350415
11904647,2353183
11944694,2355886
11984738,2358719
12024774,2361639
12055801,2369924
12095835,2372627
12135867,2375330
12175903,2378033
12215938,2380736
12255975,2383439
12296011,2386142
12336049,2388845
12376081,2391548
12416121,2394315
12456167,2397018
12496205,2399935
12536240,2402788
12576278,2405491
12616316,2408194
12656351,2410897
12696394,2413600
12736437,2416303
12776474,2419006
12816506,2421709
12856539,2424412
12896581,2427180
12936624,2429883
12976666,2432651
13016694,2435636
13047719,2443923
13087752,2446626
13127781,2449329
13167809,2452032
13207840,2454735
13247875,2457438
13287908,2460141
13327936,2462844
13367974,2465547
13408011,2468314
13448059,2471017
13488098,2473848
13528131,2476765
13568168,2479468
13608207,2482171
13648242,2484874
13688272,2487577
13728304,2490280
13768334,2492983
13808370,2495686
13848396,2498389
13888432,2501092
13928477,2503860
13968522,2506628
14008563,2509548
14039586,2517903
14079616,2520606
14119651,2523309
14159695,2526012
14199727,2528715
14239768,2531418
14279800,2534121
14319833,2536824
14359871,2539527
14399908,2542294
14439956,2544997
14480000,2547764
14520035,2550745
14560072,2553448
14600111,2556151
14640144,2558854
14680175,2561557
14720208,2564260
14760244,2566963
14800281,2569666
14840311,2572369
14880344,2575072
14920386,2577840
14960433,2580543
15000466,2583441
15031492,2585821
15071529,2594586
15111556,2597289
15151588,2599992
15191616,2602695
15231644,2605398
15271680,2608101
15311713,2610804
15351745,2613507
15391776,2616210
15431815,2618977
15471859,2621744
15511894,2624661
15551922,2627428
15591956,2630131
15631991,2632834
15672023,2635537
15712056,2638240
15752087,2640943
15792124,2643646
15832161,2646349
15872196,2649052
15912233,2651820
15952280,2654523
15992317,2657356
16032353,2660276
16063375,2668558
16103409,2671261
16143443,2673964
16183473,2676667
16223508,2679370
16263545,2682073
16303572,2684776
16343607,2687479
16383635,2690182
16423671,2692949
16463716,2695652
16503748,2698547
16543783,2701400
16583821,2704103
16623858,2706806
16663892,2709509
16703929,2712212
16743964,2714915
16783999,2717618
16824028,2720321
16864060,2723024
16904089,2725792
16944135,2728495
16984175,2731263
17024208,2734248
17055230,2742540
17095265,2745243
17135292,2747946
17175328,2750649
17215365,2753352
17255401,2756055
17295439,2758758
17335473,2761461
17375500,2764164
17415533,2766931
17455581,2769634
17495622,2772529
17535657,2775382
17575688,2778085
17615722,2780788
17655761,2783491
17695799,2786194
17735825,2788897
17775859,2791600
17815895,2794303
17855925,2797006
17895958,2799709
17936005,2802477
17976047,2805245
18016085,2808230
18047113,2816515
18087143,2819218
18127179,2821921
18167219,2824624
18207261,2827327
18247290,2830030
18287323,2832733
18327358,2835436
18367389,2838139
18407426,2840906
18447475,2843609
18487519,2846440
18527556,2849357
18567596,2852060
18607631,2854763
18647666,2857466
18687703,2860169
18727741,2862872
18767781,2865575
18807812,2868278
18847840,2870981
18887872,2873684
18927910,2876452
18967957,2879155
19007984,2882140
19039012,2884433
19079041,2893197
19119082,2895900
19159121,2898603
19199150,2901306
19239182,2904009
19279215,2906712
19319245,2909415
19359280,2912118
19399313,2914821
19439355,2917588
19479395,2920355
19519434,2923336
19559473,2926039
19599507,2928742
19639538,2931445
19679574,2934148
19719608,2936851
19759647,2939554
19799685,2942257
19839719,2944960
19879750,2947663
19919789,2950431
19959837,2953134
19999875,2956032
20039908,2958887
20070936,2967170
20110971,2969873
20151003,2972576
20191027,2975279
20231060,2977982
20271098,2980685
20311130,2983388
20351166,2986091
20391201,2988794
20431242,2991561
20471291,2994328
20511323,2997245
20551349,3000012
20591376,3002715
20631413,3005418
20671442,3008121
20711473,3010824
20751507,3013527
20791536,3016230
20831571,3018933
20871610,3021636
20911646,3024404
20951692,3027107
20991730,3029940
21031763,3032860
21062790,3041145
21102830,3043848
21142864,3046551
21182895,3049254
21222931,3051957
21262967,3054660
21303002,3057363
21343037,3060066
21383072,3062769
21423113,3065536
21463162,3068239
21503199,3071134
21543235,3073987
21583271,3076690
21623306,3079393
21663348,3082096
21703386,3084799
21743421,3087502
21783453,3090205
21823491,3092908
21863526,3095611
21903555,3098314
21943597,3101082
21983638,3103850
22023678,3106835
22054705,3115118
22094740,3117821
22134771,3120524
22174795,3123227
22214828,3125930
22254858,3128633
22294889,3131336
22334919,3134039
22374954,3136742
22414989,3139509
22455036,3142212
22495076,3145043
22535114,3147960
22575139,3150663
22615172,3153366
22655197,3156069
22695231,3158772
22735268,3161475
22775302,3164178
22815340,3166881
22855370,3169584
22895402,3172287
22935445,3175055
22975492,3177823
23015527,3180743
23046563,3183036
23086593,3191793
23126623,3194496
23166650,3197199
23206684,3199902
23246720,3202605
23286756,3205308
23326798,3208011
23366833,3210714
23406869,3213481
23446917,3216184
23486960,3218951
23526992,3221932
23567023,3224635
23607051,3227338
23647083,3230041
23687115,3232744
23727141,3235447
23767172,3238150
23807202,3240853
23847243,3243556
23887276,3246259
23927316,3249027
23967364,3251730
24007400,3254628
24047434,3257483
24078457,3265777
24118497,3268480
24158537,3271183
24198573,3273886
24238610,3276589
24278643,3279292
24318681,3281995
24358711,3284698
24398742,3287401
24438781,3290168
24478821,3292935
24518854,3295852
24558890,3298619
24598927,3301322
24638956,3304025
24678990,3306728
24719023,3309431
24759050,3312134
24799080,3314837
24839114,3317540
24879142,3320243
24919179,3323011
24959226,3325714
24999264,3328547
25039300,3331467
25070328,3339750
25110364,3342453
25150401,3345156
25190435,3347859
25230473,3350562
25270508,3353265
25310547,3355968
25350583,3358671
25390619,3361374
25430664,3364141
25470709,3366844
25510742,3369739
25550778,3372592
25590809,3375295
25630841,3377998
25670875,3380701
25710913,3383404
25750946,3386107
25790976,3388810
25831008,3391513
25871041,3394216
25911077,3396984
25951119,3399687
25991159,3402455
26031199,3405440
26062224,3413730
26102260,3416433
26142291,3419136
26182331,3421839
26222369,3424542
26262402,3427245
26302440,3429948
26342474,3432651
26382509,3435354
26422550,3438121
26462601,3440824
26502638,3443655
26542672,3446572
26582712,3449275
26622752,3451978
26662789,3454681
26702822,3457384
26742861,3460087
26782900,3462790
26822931,3465493
26862969,3468196
26903007,3470899
26943053,3473667
26983099,3476435
27023134,3479420
27054161,3481648
27094196,3490415
27134229,3493118
27174266,3495821
27214297,3498524
27254329,3501227
27294359,3503930
27334396,3506633
27374428,3509336
27414455,3512103
27454502,3514806
27494542,3517573
27534577,3520554
27574611,3523257
27614648,3525960
27654676,3528663
27694706,3531366
27734737,3534069
27774773,3536772
27814810,3539475
27854844,3542178
27894879,3544881
27934919,3547649
27974968,3550352
28015003,3553337
28055031,3556105
28086057,3564393
28126084,3567096
28166117,3569799
28206147,3572502
28246176,3575205
28286209,3577908
28326243,3580611
28366285,3583314
28406321,3586017
28446366,3588784
28486410,3591551
28526450,3594532
28566484,3597235
28606516,3599938
28646551,3602641
28686590,3605344
28726628,3608047
28766660,3610750
28806690,3613453
28846722,3616156
28886752,3618859
28926790,3621627
28966839,3624330
29006877,3627228
29046915,3630083
29077937,3638368
29117973,3641071
29158000,3643774
29198036,3646477
29238069,3649180
29278097,3651883
29318128,3654586
29358158,3657289
29398187,3659992
29438230,3662759
29478280,3665526
29518309,3668443
29558345,3671210
29598375,3673913
29638409,3676616
29678435,3679319
29718469,3682022
29758499,3684725
29798527,3687428
29838561,3690131
29878591,3692834
29918621,3695602
29958670,3698305
29998709,3701138
30038752,3704058
30069778,3712343
30109812,3715046
30149843,3717749
30189877,3720452
30229908,3723155
30269945,3725858
30309974,3728561
30350005,3731264
30390035,3733967
30430071,3736734
30470116,3739437
30510156,3742332
30550187,3745185
30590219,3747888
30630249,3750591
30670286,3753294
30710323,3755997
30750359,3758700
30790392,3761403
30830428,3764106
30870468,3766809
30910508,3769512
30950553,3772280
30990599,3775048
31030635,3778033
31061663,3780261
31101692,3789021
31141718,3791724
31181752,3794427
31221789,3797130
31261825,3799833
31301863,3802536
31341894,3805239
31381928,3807942
31421963,3810709
31462011,3813412
31502050,3816243
31542085,3819160
31582127,3821863
31622162,3824566
31662197,3827269
31702228,3829972
31742260,3832675
31782296,3835378
31822337,3838081
31862372,3840784
31902402,3843487
31942446,3846255
31982494,3849023
32022523,3851943
32062563,3854711
32093592,3862996
32133620,3865699
32173653,3868402
32213684,3871105
32253716,3873808
32293752,3876511
32333787,3879214
32373815,3881917
32413846,3884684
32453886,3887387
32493928,3890154
32533962,3893135
32573998,3895838
32614032,3898541
32654064,3901244
32694097,3903947
32734133,3906650
32774167,3909353
32814202,3912056
32854240,3914759
32894271,3917462
32934308,3920230
32974357,3922933
33014397,3925831
33054428,3928686
33085455,3936969
33125487,3939672
33165520,3942375
33205549,3945078
33245582,3947781
33285614,3950484
33325647,3953187
33365679,3955890
33405709,3958593
33445753,3961360
33485799,3964127
33525834,3967044
33565868,3969811
33605907,3972514
33645943,3975217
33685979,3977920
33726012,3980623
33766042,3983326
33806080,3986029
33846110,3988732
33886145,3991435
33926183,3994203
33966230,3996906
34006266,3999739
34046299,4002659
34077331,4010944
34117369,4013647
34157400,4016350
34197432,4019053
34237465,4021756
34277492,4024459
34317531,4027162
34357563,4029865
34397593,4032568
34437631,4035335
34477679,4038038
34517717,4040933
34557751,4043786
34597787,4046489
34637822,4049192
34677862,4051895
34717901,4054598
34757940,4057301
34797974,4060004
34838013,4062707
34878051,4065410
34918089,4068178
34958134,4070881
34998179,4073649
35038214,4076634
35069242,4078862
35109274,4087627
35149306,4090330
35189339,4093033
35229368,4095736
35269401,4098439
35309432,4101142
35349461,4103845
35389492,4106548
35429525,4109315
35469573,4112018
35509616,4114849
35549654,4117766
35589694,4120469
35629734,4123172
35669765,4125875
35709794,4128578
35749823,4131281
35789858,4133984
35829896,4136687
35869931,4139390
35909969,4142093
35950011,4144861
35990056,4147629
36030096,4150571
36070134,4153339
36101154,4161620
36141191,4164323
36181226,4167026
36221257,4169729
36261287,4172432
36301322,4175135
36341353,4177838
36381388,4180541
36421418,4183308
36461462,4186011
36501501,4188778
36541541,4191781
36581580,4194484
36621615,4197187
36661651,4199890
36701687,4202593
36741725,4205296
36781759,4207999
36821793,4210702
36861825,4213405
36901857,4216108
36941894,4218876
36981940,4221579
37021975,4224499
37062007,4227354
37093035,4235641
37133074,4238344
37173111,4241047
37213144,4243750
37253182,4246453
37293217,4249156
37333251,4251859
37373290,4254562
37413326,4257265
37453370,4260032
37493412,4262799
37533448,4265802
37573484,4268505
37613513,4271208
37653552,4273911
37693590,4276614
37733623,4279317
37773649,4282020
37813686,4284723
37853719,4287426
37893752,4290129
37933786,4292897
37973835,4295600
38013878,4298520
38053907,4301375
38084933,4309658
38124969,4312361
38165001,4315064
38205031,4317767
38245065,4320470
38285100,4323173
38325132,4325876
38365164,4328579
38405206,4331282
38445251,4334049
38485299,4336752
38525337,4339755
38565380,4342522
38605417,4345225
38645447,4347928
38685480,4350631
38725514,4353334
38765550,4356037
38805584,4358740
38845622,4361443
38885651,4364146
38925686,4366914
38965732,4369617
39005775,4372450
39045812,4375392
39076842,4377620
39116880,4386382
39156919,4389085
39196959,4391788
39236995,4394491
39277034,4397194
39317072,4399897
39357109,4402600
39397146,4405303
39437185,4408070
39477232,4410773
39517268,4413690
39557302,4416543
39597340,4419246
39637374,4421949
39677401,4424652
39717431,4427355
39757469,4430058
39797502,4432761
39837537,4435464
39877568,4438167
39917604,4440870
39957653,4443638
39997700,4446406
40037739,4449413
40077777,4452116
40108807,4460402
40148842,4463105
40188876,4465808
40228911,4468511
40268942,4471214
40308976,4473917
40349012,4476620
40389046,4479323
40429084,4482090
40469132,4484793
40509173,4487624
40549203,4490563
40589238,4493266
40629276,4495969
40669310,4498672
40709338,4501375
40749376,4504078
40789411,4506781
40829454,4509484
40869487,4512187
40909520,4514890
40949558,4517658
40989604,4520426
41029642,4523368
41069679,4526136
41100704,4534416
41140734,4537119
41180760,4539822
41220792,4542525
41260827,4545228
41300865,4547931
41340898,4550634
41380936,4553337
41420973,4556040
41461020,4558807
41501065,4561574
41541098,4564577
41581129,4567280
41621163,4569983
41661192,4572686
41701219,4575389
41741256,4578092
41781285,4580795
41821318,4583498
41861349,4586201
41901381,4588904
41941418,4591672
41981463,4594375
42021497,4597295
42061527,4600150
42092559,4608435
42132591,4611138
42172629,4613841
42212670,4616544
42252708,4619247
42292749,4621950
42332786,4624653
42372824,4627356
42412862,4630059
42452907,4632826
42492952,4635593
42532982,4638532
42573011,4641299
42613051,4644002
42653090,4646705
42693119,4649408
42733151,4652111
42773188,4654814
42813224,4657517
42853258,4660220
42893289,4662923
42933320,4665691
42973365,4668394
43013407,4671227
43053442,4674169
43084468,4676397
43124496,4685159
43164529,4687862
43204561,4690565
43244595,4693268
43284620,4695971
43324654,4698674
43364690,4701377
43404717,4704080
43444755,4706847
43484802,4709550
43524845,4712467
43564884,4715320
43604914,4718023
43644949,4720726
43684983,4723429
43725013,4726132
43765049,4728835
43805087,4731538
43845123,4734241
43885160,4736944
43925199,4739712
43965243,4742415
44005288,4745183
44045322,4748190
44085349,4750893
44116374,4759176
44156401,4761879
44196439,4764582
44236475,4767285
44276512,4769988
44316544,4772691
44356580,4775394
44396616,4778097
44436654,4780864
44476702,4783567
44516742,4786398
44556779,4789337
44596819,4792040
44636857,4794743
44676893,4797446
44716927,4800149
44756959,4802852
44796993,4805555
44837031,4808258
44877066,4810961
44917103,4813664
44957147,4816432
44997194,4819200
45037230,4822142
45077260,4824910
45108285,4833199
45148319,4835902
45188346,4838605
45228381,4841308
45268416,4844011
45308452,4846714
45348496,4849417
45388528,4852120
45428560,4854887
45468607,4857590
45508649,4860357
45548686,4863360
45588721,4866063
45628750,4868766
45668787,4871469
45708823,4874172
45748862,4876875
45788901,4879578
45828933,4882281
45868960,4884984
45908993,4887687
45949034,4890455
45989080,4893158
46029118,4896078
46069153,4898933
46100181,4907224
46140207,4909927
46180241,4912630
46220278,4915333
46260309,4918036
46300346,4920739
46340377,4923442
46380416,4926145
46420455,4928848
46460501,4931615
46500547,4934382
46540581,4937385
46580608,4940088
46620647,4942791
46660681,4945494
46700715,4948197
46740750,4950900
46780783,4953603
46820819,4956306
46860858,4959009
46900889,4961712
46940919,4964480
46980966,4967183
47021004,4970016
47061034,4972958
47092065,4975186
47132102,4983945
47172133,4986648
47212164,4989351
47252197,4992054
47292233,4994757
47332262,4997460
47372292,5000163
47412322,5002866
47452361,5005633
47492407,5008336
47532450,5011339
47572489,5014106
47612528,5016809
47652560,5019512
47692599,5022215
47732632,5024918
47772666,5027621
47812693,5030324
47852727,5033027
47892756,5035730
47932783,5038498
47972828,5041201
48012866,5043969
48052900,5046976
48092933,5049679
48123964,5057939
48164001,5060642
48204038,5063345
48244070,5066048
48284108,5068751
48324139,5071454
48364171,5074157
48404208,5076860
48444243,5079627
48484292,5082330
48524327,5085247
48564355,5088100
48604384,5090803
48644423,5093506
48684461,5096209
48724495,5098912
48764531,5101615
48804565,5104318
48844597,5107021
48884624,5109724
48924656,5112427
48964699,5115195
49004741,5117963
49044780,5120970
49084811,5123673
49115838,5131964
49155873,5134667
49195905,5137370
49235933,5140073
49275974,5142776
49316010,5145479
49356049,5148182
49396090,5150885
49436126,5153652
49476170,5156355
49516213,5159186
49556252,5162125
49596285,5164828
49636319,5167531
49676354,5170234
49716390,5172937
49756430,5175640
49796473,5178343
49836507,5181046
49876538,5183749
49916579,5186452
49956620,5189220
49996669,5191988
50036703,5194930
50076737,5197698
50107764,5205984
50147801,5208687
50187844,5211390
50227880,5214093
50267911,5216796
50307943,5219499
50347978,5222202
50388013,5224905
50428051,5227608
50468095,5230375
50508135,5233142
50548170,5236145
50588204,5238848
50628242,5241551
50668278,5244254
50708314,5246957
50748356,5249660
50788387,5252363
50828415,5255066
50868450,5257769
50908484,5260472
50948523,5263240
50988570,5265943
51028607,5268863
51068638,5271718
51099666,5273946
51139697,5282705
51179735,5285408
51219769,5288111
51259801,5290814
51299840,5293517
51339880,5296220
51379914,5298923
51419944,5301626
51459983,5304393
51500030,5307160
51540065,5310099
51580099,5312866
51620130,5315569
51660163,5318272
51700195,5320975
51740226,5323678
51780257,5326381
51820288,5329084
51860324,5331787
51900356,5334490
51940389,5337258
51980436,5339961
52020477,5342794
52060510,5345736
52100545,5348439
52131572,5356719
52171602,5359422
52211635,5362125
52251667,5364828
52291703,5367531
52331733,5370234
52371767,5372937
52411800,5375640
52451842,5378407
52491893,5381110
52531933,5384027
52571969,5386880
52612002,5389583
52652034,5392286
52692070,5394989
52732101,5397692
52772135,5400395
52812160,5403098
52852195,5405801
52892228,5408504
52932271,5411272
52972317,5413975
53012363,5416743
53052399,5419750
53092436,5422453
53123466,5430734
53163493,5433437
53203527,5436140
53243558,5438843
53283582,5441546
53323618,5444249
53363643,5446952
53403676,5449655
53443714,5452422
53483762,5455125
53523806,5457956
53563836,5460895
53603871,5463598
53643906,5466301
53683947,5469004
53723984,5471707
53764016,5474410
53804053,5477113
53844088,5479816
53884121,5482519
53924157,5485222
53964197,5487990
54004246,5490758
54044279,5493700
54084308,5496468
54115330,5504761
54155370,5507464
54195407,5510167
54235442,5512870
54275484,5515573
54315516,5518276
54355553,5520979
54395593,5523682
54435629,5526449
54475675,5529152
54515718,5531919
54555751,5534922
54595789,5537625
54635816,5540328
54675846,5543031
54715880,5545734
54755908,5548437
54795943,5551140
54835974,5553843
54876007,5556546
54916038,5559249
54956080,5562017
54996127,5564720
55036163,5567640
55076201,5570495
55107228,5572723
55147256,5581477
55187290,5584180
55227323,5586883
55267355,5589586
55307391,5592289
55347421,5594992
55387452,5597695
55427485,5600398
55467526,5603165
55507570,5605932
55547612,5608871
55587643,5611638
55627680,5614341
55667716,5617044
55707751,5619747
55747783,5622450
55787816,5625153
55827845,5627856
55867875,5630559
55907904,5633262
55947943,5636030
55987990,5638733
56028032,5641566
56068071,5644508
56108109,5647211
56139138,5655502
56179172,5658205
56219207,5660908
56259239,5663611
56299273,5666314
56339300,5669017
56379333,5671720
56419363,5674423
56459402,5677190
56499449,5679893
56539488,5682810
56579519,5685663
56619556,5688366
56659593,5691069
56699628,5693772
56739655,5696475
56779688,5699178
56819722,5701881
56859753,5704584
56899782,5707287
56939814,5710055
56979858,5712758
57019905,5715526
57059942,5718533
57099975,5721236
57131001,5729523
57171044,5732226
57211077,5734929
57251113,5737632
57291151,5740335
57331184,5743038
57371218,5745741
57411258,5748444
57451299,5751211
57491346,5753914
57531390,5756809
57571415,5759662
57611453,5762365
57651491,5765068
57691520,5767771
57731559,5770474
57771597,5773177
57811631,5775880
57851664,5778583
57891700,5781286
57931735,5783989
57971778,5786757
58011823,5789525
58051860,5792532
58091894,5795235
58122916,5803519
58162953,5806222
58202978,5808925
58243013,5811628
58283047,5814331
58323080,5817034
58363111,5819737
58403142,5822440
58443182,5825207
58483229,5827910
58523274,5830741
58563310,5833680
58603348,5836383
58643382,5839086
58683422,5841789
58723457,5844492
58763493,5847195
58803526,5849898
58843553,5852601
58883589,5855304
58923622,5858007
58963662,5860775
59003709,5863478
59043749,5866485
59083783,5869253
59114809,5871481
59154837,5880245
59194871,5882948
59234910,5885651
59274941,5888354
59314970,5891057
59355003,5893760
59395040,5896463
59435076,5899166
59475125,5901933
59515169,5904700
59555196,5907703
59595227,5910406
59635251,5913109
59675283,5915812
59715314,5918515
59755352,5921218
59795383,5923921
59835414,5926624
59875449,5929327
59915488,5932030
59955529,5934798
59995574,5937501
60035614,5940421
60075648,5943276
60115685,5945979
60155721,5949077
60195754,5951780
60235794,5954483
60275833,5957186
60315870,5959889
60355910,5962592
60395943,5965295
60435973,5967998
60476019,5970763
60516066,5973509
60556104,5976441
60596131,5979144
60636170,5981847
60676214,5984550
60716260,5987253
60756306,5989956
60796350,5992659
60836395,5995362
60876440,5998065
60916484,6000768
60956541,6003514
60996600,6006217
61036659,6008973
61076718,6011596
61116778,6014219
61156836,6016842
61196898,6019465
61236958,6022088
61277018,6024711
TS,4
32605,0
72662,0
112719,0
152776,0
192834,0
232890,0
272947,0
313005,0
353062,0
393119,0
433176,0
473238,0
513287,0
553331,0
593380,0
633426,0
673472,0
713520,0
753568,0
793616,0
833663,0
873709,0
913744,0
953777,0
993813,0
1024839,0
1064878,0
1104917,0
1144944,0
1184977,0
1225009,0
1265038,0
1305074,0
1345113,0
1385146,0
1425191,0
1465237,0
1505269,0
1545302,0
1585338,0
1625375,0
1665412,0
1705447,0
1745476,0
1785511,0
1825543,0
1865569,0
1905611,0
1945659,0
1985701,0
2016727,0
2056760,0
2096795,0
2136831,0
2176869,0
2216899,0
2256933,0
2296966,0
2337001,0
2377027,0
2417071,0
2457118,0
2497158,0
2537189,0
2577221,0
2617246,0
2657273,0
2697304,0
2737335,0
2777372,0
2817413,0
2857452,0
2897482,0
2937527,0
2977570,0
3008599,0
3048634,0
3088664,0
3128692,0
3168725,0
3208760,0
3248793,0
3288824,0
3328861,0
3368892,0
3408933,0
3448982,0
3489020,0
3529059,0
3569094,0
3609125,0
3649154,0
3689185,0
3729216,0
3769246,0
3809287,0
3849317,0
3889357,0
3929403,0
3969449,0
4009491,0
4040522,0
4080559,0
4120598,0
4160637,0
4200671,0
4240710,0
4280754,0
4320790,0
4360822,0
4400866,0
4440913,0
4480957,0
4520999,0
4561036,0
4601070,0
4641108,0
4681146,0
4721180,0
4761217,0
4801258,0
4841296,0
4881335,0
4921382,0
4961431,0
5001473,0
5032501,0
5072538,0
5112579,0
5152612,0
5192643,0
5232677,0
5272715,0
5312754,0
5352785,0
5392816,0
5432866,0
5472908,0
5512936,0
5552967,0
5593003,0
5633032,0
5673061,0
5713094,0
5753125,0
5793154,0
5833185,0
5873217,0
5913260,0
5953306,0
5993345,0
6024370,0
6064400,0
6104432,0
6144462,0
6184493,0
6224523,0
6264554,0
6304583,0
6344614,0
6384651,0
6424688,0
6464734,0
6504770,0
6544805,0
6584842,0
6624880,0
6664911,0
6704950,0
6744984,0
6785013,0
6825051,0
6865087,0
6905127,0
6945171,0
6985213,0
7016246,0
7056281,0
7096318,0
7136354,0
7176387,0
7216423,0
7256458,0
7296486,0
7336517,0
7376548,0
7416588,0
7456636,0
7496677,0
7536711,0
7576749,0
7616779,0
7656811,0
7696843,0
7736877,0
7776909,0
7816942,0
7856972,0
7897005,0
7937050,0
7977093,0
8017126,0
8048155,0
8088192,0
8128234,0
8168272,0
8208302,0
8248336,0
8288378,0
8328415,0
8368447,0
8408488,0
8448538,0
8488581,0
8528619,0
8568651,0
8608685,0
8648722,0
8688752,0
8728778,0
8768811,0
8808848,0
8848884,0
8888923,0
8928967,0
8969013,0
9009050,0
9040075,0
9080107,0
9120142,0
9160181,0
9200216,0
9240250,0
9280278,0
9320308,0
9360348,0
9400385,0
9440433,0
9480478,0
9520514,0
9560551,0
9600585,0
9640619,0
9680655,0
9720685,0
9760715,0
9800752,0
9840791,0
9880823,0
9920865,0
9960916,0
10000951,0
10031983,0
10072020,0
10112052,0
10152089,0
10192120,0
10232152,0
10272181,0
10312219,0
10352255,0
10392292,0
10432340,0
10472388,0
10512422,0
10552452,0
10592487,0
10632524,0
10672557,0
10712593,0
10752629,0
10792656,0
10832690,0
10872723,0
10912763,0
10952810,0
10992845,0
11023872,0
11063905,0
11103946,0
11143986,0
11184024,0
11224060,0
11264096,0
11304135,0
11344170,0
11384204,0
11424245,0
11464293,0
11504328,0
11544363,0
11584396,0
11624428,0
11664459,0
11704493,0
11744530,0
11784557,0
11824588,0
11864619,0
11904647,0
11944694,0
11984738,0
12024775,0
12055802,0
12095836,0
12135868,0
12175904,0
12215939,0
12255976,0
12296012,0
12336049,0
12376082,0
12416122,0
12456168,0
12496205,0
12536240,0
12576279,0
12616317,0
12656352,0
12696395,0
12736438,0
12776474,0
12816506,0
12856540,0
12896582,0
12936625,0
12976667,0
13016695,0
13047720,0
13087753,0
13127782,0
13167809,0
13207841,0
13247876,0
13287908,0
13327937,0
13367974,0
13408012,0
13448059,0
13488098,0
13528132,0
13568169,0
13608207,0
13648243,0
13688274,0
13728305,0
13768334,0
13808370,0
13848397,0
13888433,0
13928477,0
13968523,0
14008563,0
14039586,0
14079617,0
14119652,0
14159695,0
14199727,0
14239768,0
14279801,0
14319834,0
14359872,0
14399908,0
14439956,0
14480001,0
14520036,0
14560072,0
14600111,0
14640145,0
14680175,0
14720208,0
14760244,0
14800282,0
14840312,0
14880345,0
14920387,0
14960433,0
15000467,0
15031492,0
15071529,0
15111556,0
15151588,0
15191616,0
15231645,0
15271681,0
15311714,0
15351746,0
15391776,0
15431816,0
15471860,0
15511894,0
15551922,0
15591956,0
15631992,0
15672023,0
15712056,0
15752088,0
15792124,0
15832162,0
15872196,0
15912234,0
15952280,0
15992318,0
16032353,0
16063376,0
16103409,0
16143443,0
16183473,0
16223508,0
16263545,0
16303573,0
16343607,0
16383636,0
16423671,0
16463716,0
16503749,0
16543784,0
16583822,0
16623859,0
16663892,0
16703930,0
16743965,0
16783999,0
16824029,0
16864061,0
16904090,0
16944136,0
16984176,0
17024209,0
17055230,0
17095266,0
17135293,0
17175329,0
17215366,0
17255401,0
17295440,0
17335474,0
17375500,0
17415533,0
17455582,0
17495622,0
17535658,0
17575688,0
17615722,0
17655762,0
17695800,0
17735826,0
17775859,0
17815896,0
17855926,0
17895959,0
17936006,0
17976048,0
18016085,0
18047114,0
18087143,0
18127180,0
18167219,0
18207261,0
18247291,0
18287323,0
18327359,0
18367390,0
18407426,0
18447475,0
18487519,0
18527556,0
18567597,0
18607632,0
18647667,0
18687703,0
18727742,0
18767781,0
18807812,0
18847840,0
18887873,0
18927911,0
18967958,0
19007985,0
19039013,0
19079042,0
19119083,0
19159121,0
19199151,0
19239182,0
19279216,0
19319246,0
19359280,0
19399314,0
19439356,0
19479395,0
19519435,0
19559473,0
19599507,0
19639539,0
19679574,0
19719608,0
19759648,0
19799685,0
19839720,0
19879751,0
19919790,0
19959837,0
19999875,0
20039909,0
20070937,0
20110972,0
20151003,0
20191028,0
20231061,0
20271098,0
20311131,0
20351166,0
20391202,0
20431243,0
20471292,0
20511324,0
20551349,0
20591376,0
20631413,0
20671443,0
20711474,0
20751507,0
20791536,0
20831572,0
20871610,0
20911646,0
20951693,0
20991731,0
21031764,0
21062791,0
21102831,0
21142865,0
21182895,0
21222932,0
21262967,0
21303003,0
21343037,0
21383072,0
21423113,0
21463163,0
21503199,0
21543235,0
21583272,0
21623306,0
21663348,0
21703386,0
21743422,0
21783454,0
21823491,0
21863527,0
21903556,0
21943598,0
21983639,0
22023678,0
22054705,0
22094741,0
22134772,0
22174796,0
22214829,0
22254858,0
22294890,0
22334920,0
22374955,0
22414990,0
22455037,0
22495077,0
22535115,0
22575140,0
22615172,0
22655198,0
22695232,0
22735269,0
22775303,0
22815340,0
22855370,0
22895403,0
22935445,0
22975494,0
23015528,0
23046564,0
23086593,0
23126624,0
23166651,0
23206684,0
23246720,0
23286757,0
23326799,0
23366833,0
23406870,0
23446918,0
23486960,0
23526992,0
23567023,0
23607052,0
23647084,0
23687116,0
23727142,0
23767172,0
23807203,0
23847244,0
23887278,0
23927316,0
23967365,0
24007401,0
24047434,0
24078458,0
24118497,0
24158538,0
24198573,0
24238610,0
24278643,0
24318682,0
24358712,0
24398742,0
24438781,0
24478822,0
24518855,0
24558891,0
24598927,0
24638956,0
24678990,0
24719023,0
24759051,0
24799081,0
24839114,0
24879142,0
24919179,0
24959226,0
24999264,0
25039300,0
25070329,0
25110365,0
25150402,0
25190435,0
25230473,0
25270508,0
25310548,0
25350584,0
25390619,0
25430665,0
25470709,0
25510742,0
25550778,0
25590810,0
25630842,0
25670876,0
25710914,0
25750946,0
25790977,0
25831009,0
25871041,0
25911077,0
25951119,0
25991160,0
26031199,0
26062225,0
26102261,0
26142292,0
26182332,0
26222370,0
26262403,0
26302441,0
26342474,0
26382510,0
26422551,0
26462601,0
26502639,0
26542673,0
26582712,0
26622753,0
26662790,0
26702823,0
26742861,0
26782901,0
26822932,0
26862969,0
26903007,0
26943054,0
26983100,0
27023134,0
27054161,0
27094197,0
27134230,0
27174267,0
27214297,0
27254329,0
27294359,0
27334397,0
27374429,0
27414456,0
27454503,0
27494542,0
27534578,0
27574612,0
27614649,0
27654676,0
27694706,0
27734738,0
27774773,0
27814811,0
27854845,0
27894880,0
27934920,0
27974969,0
28015004,0
28055032,0
28086057,0
28126084,0
28166117,0
28206148,0
28246176,0
28286210,0
28326244,0
28366285,0
28406321,0
28446367,0
28486411,0
28526451,0
28566485,0
28606517,0
28646552,0
28686590,0
28726629,0
28766661,0
28806691,0
28846722,0
28886753,0
28926790,0
28966839,0
29006878,0
29046916,0
29077937,0
29117973,0
29158001,0
29198036,0
29238069,0
29278098,0
29318129,0
29358158,0
29398187,0
29438230,0
29478281,0
29518310,0
29558345,0
29598375,0
29638409,0
29678436,0
29718469,0
29758500,0
29798527,0
29838562,0
29878591,0
29918622,0
29958671,0
29998709,0
30038752,0
30069779,0
30109812,0
30149844,0
30189877,0
30229909,0
30269946,0
30309974,0
30350005,0
30390035,0
30430071,0
30470116,0
30510157,0
30550187,0
30590220,0
30630250,0
30670287,0
30710323,0
30750360,0
30790393,0
30830429,0
30870469,0
30910509,0
30950554,0
30990600,0
31030635,0
31061663,0
31101692,0
31141719,0
31181753,0
31221789,0
31261825,0
31301864,0
31341894,0
31381929,0
31421964,0
31462012,0
31502051,0
31542085,0
31582127,0
31622163,0
31662197,0
31702229,0
31742260,0
31782297,0
31822337,0
31862372,0
31902403,0
31942446,0
31982495,0
32022524,0
32062563,0
32093593,0
32133621,0
32173653,0
32213685,0
32253717,0
32293752,0
32333787,0
32373815,0
32413847,0
32453887,0
32493929,0
32533962,0
32573999,0
32614033,0
32654065,0
32694098,0
32734133,0
32774168,0
32814203,0
32854240,0
32894272,0
32934309,0
32974357,0
33014398,0
33054429,0
33085456,0
33125488,0
33165520,0
33205550,0
33245582,0
33285615,0
33325648,0
33365679,0
33405709,0
33445754,0
33485799,0
33525835,0
33565869,0
33605908,0
33645944,0
33685979,0
33726012,0
33766043,0
33806080,0
33846110,0
33886146,0
33926183,0
33966231,0
34006266,0
34046299,0
34077331,0
34117370,0
34157401,0
34197432,0
34237466,0
34277493,0
34317532,0
34357564,0
34397593,0
34437632,0
34477680,0
34517718,0
34557752,0
34597787,0
34637823,0
34677862,0
34717902,0
34757940,0
34797975,0
34838013,0
34878051,0
34918089,0
34958135,0
34998179,0
35038215,0
35069242,0
35109275,0
35149306,0
35189339,0
35229369,0
35269402,0
35309433,0
35349461,0
35389492,0
35429526,0
35469573,0
35509617,0
35549654,0
35589695,0
35629735,0
35669765,0
35709795,0
35749824,0
35789859,0
35829896,0
35869932,0
35909970,0
35950012,0
35990057,0
36030097,0
36070134,0
36101155,0
36141191,0
36181226,0
36221257,0
36261288,0
36301323,0
36341353,0
36381389,0
36421419,0
36461463,0
36501502,0
36541542,0
36581581,0
36621616,0
36661651,0
36701688,0
36741726,0
36781759,0
36821794,0
36861826,0
36901858,0
36941894,0
36981940,0
37021976,0
37062008,0
37093036,0
37133075,0
37173111,0
37213145,0
37253183,0
37293217,0
37333252,0
37373291,0
37413326,0
37453371,0
37493412,0
37533449,0
37573485,0
37613513,0
37653553,0
37693590,0
37733623,0
37773650,0
37813686,0
37853720,0
37893752,0
37933786,0
37973835,0
38013879,0
38053907,0
38084933,0
38124969,0
38165001,0
38205032,0
38245065,0
38285100,0
38325133,0
38365165,0
38405207,0
38445252,0
38485299,0
38525338,0
38565381,0
38605418,0
38645448,0
38685481,0
38725515,0
38765550,0
38805585,0
38845623,0
38885652,0
38925687,0
38965733,0
39005776,0
39045813,0
39076842,0
39116880,0
39156920,0
39196960,0
39236996,0
39277035,0
39317073,0
39357109,0
39397146,0
39437185,0
39477233,0
39517269,0
39557303,0
39597340,0
39637375,0
39677401,0
39717431,0
39757469,0
39797503,0
39837538,0
39877568,0
39917605,0
39957654,0
39997701,0
40037740,0
40077778,0
40108808,0
40148843,0
40188877,0
40228911,0
40268942,0
40308976,0
40349013,0
40389047,0
40429084,0
40469132,0
40509174,0
40549204,0
40589238,0
40629277,0
40669310,0
40709339,0
40749377,0
40789411,0
40829454,0
40869488,0
40909521,0
40949559,0
40989605,0
41029642,0
41069679,0
41100704,0
41140735,0
41180761,0
41220793,0
41260828,0
41300866,0
41340899,0
41380937,0
41420973,0
41461020,0
41501065,0
41541098,0
41581129,0
41621163,0
41661192,0
41701220,0
41741257,0
41781285,0
41821318,0
41861350,0
41901382,0
41941419,0
41981463,0
42021497,0
42061528,0
42092560,0
42132592,0
42172630,0
42212670,0
42252709,0
42292750,0
42332787,0
42372824,0
42412862,0
42452908,0
42492953,0
42532983,0
42573012,0
42613051,0
42653090,0
42693120,0
42733152,0
42773189,0
42813224,0
42853259,0
42893290,0
42933321,0
42973366,0
43013407,0
43053443,0
43084468,0
43124497,0
43164529,0
43204562,0
43244596,0
43284621,0
43324654,0
43364691,0
43404718,0
43444755,0
43484803,0
43524845,0
43564885,0
43604915,0
43644950,0
43684983,0
43725014,0
43765050,0
43805088,0
43845123,0
43885160,0
43925199,0
43965244,0
44005289,0
44045323,0
44085350,0
44116375,0
44156402,0
44196440,0
44236475,0
44276512,0
44316545,0
44356581,0
44396617,0
44436655,0
44476703,0
44516742,0
44556779,0
44596820,0
44636858,0
44676894,0
44716927,0
44756959,0
44796994,0
44837032,0
44877067,0
44917103,0
44957148,0
44997195,0
45037231,0
45077260,0
45108286,0
45148320,0
45188346,0
45228382,0
45268417,0
45308453,0
45348496,0
45388529,0
45428561,0
45468607,0
45508649,0
45548687,0
45588722,0
45628750,0
45668788,0
45708823,0
45748863,0
45788902,0
45828934,0
45868961,0
45908994,0
45949035,0
45989081,0
46029119,0
46069154,0
46100181,0
46140208,0
46180242,0
46220279,0
46260310,0
46300347,0
46340377,0
46380416,0
46420456,0
46460502,0
46500548,0
46540581,0
46580608,0
46620647,0
46660681,0
46700716,0
46740751,0
46780783,0
46820819,0
46860859,0
46900890,0
46940920,0
46980967,0
47021005,0
47061035,0
47092066,0
47132102,0
47172134,0
47212164,0
47252198,0
47292234,0
47332263,0
47372293,0
47412323,0
47452362,0
47492408,0
47532450,0
47572489,0
47612529,0
47652560,0
47692600,0
47732633,0
47772666,0
47812693,0
47852727,0
47892756,0
47932784,0
47972829,0
48012867,0
48052901,0
48092933,0
48123965,0
48164002,0
48204039,0
48244071,0
48284108,0
48324140,0
48364172,0
48404209,0
48444244,0
48484292,0
48524327,0
48564356,0
48604385,0
48644424,0
48684462,0
48724496,0
48764532,0
48804565,0
48844598,0
48884625,0
48924657,0
48964699,0
49004742,0
49044781,0
49084811,0
49115839,0
49155874,0
49195906,0
49235934,0
49275975,0
49316011,0
49356049,0
49396091,0
49436126,0
49476171,0
49516213,0
49556252,0
49596286,0
49636320,0
49676354,0
49716391,0
49756431,0
49796474,0
49836507,0
49876539,0
49916580,0
49956620,0
49996669,0
50036704,0
50076738,0
50107765,0
50147802,0
50187846,0
50227880,0
50267912,0
50307944,0
50347979,0
50388014,0
50428052,0
50468095,0
50508136,0
50548171,0
50588205,0
50628242,0
50668279,0
50708315,0
50748357,0
50788388,0
50828416,0
50868451,0
50908485,0
50948524,0
50988571,0
51028608,0
51068638,0
51099667,0
51139698,0
51179736,0
51219770,0
51259802,0
51299841,0
51339880,0
51379914,0
51419945,0
51459984,0
51500031,0
51540066,0
51580100,0
51620131,0
51660164,0
51700196,0
51740226,0
51780258,0
51820289,0
51860324,0
51900357,0
51940390,0
51980437,0
52020478,0
52060510,0
52100546,0
52131573,0
52171603,0
52211636,0
52251667,0
52291704,0
52331734,0
52371767,0
52411801,0
52451843,0
52491893,0
52531934,0
52571970,0
52612003,0
52652035,0
52692070,0
52732101,0
52772136,0
52812161,0
52852195,0
52892229,0
52932272,0
52972318,0
53012363,0
53052399,0
53092436,0
53123466,0
53163493,0
53203528,0
53243559,0
53283583,0
53323618,0
53363644,0
53403676,0
53443714,0
53483763,0
53523807,0
53563837,0
53603872,0
53643907,0
53683948,0
53723985,0
53764017,0
53804054,0
53844089,0
53884122,0
53924157,0
53964197,0
54004247,0
54044279,0
54084308,0
54115331,0
54155370,0
54195408,0
54235443,0
54275484,0
54315517,0
54355554,0
54395594,0
54435630,0
54475675,0
54515719,0
54555751,0
54595789,0
54635817,0
54675847,0
54715882,0
54755908,0
54795943,0
54835975,0
54876007,0
54916039,0
54956081,0
54996127,0
55036164,0
55076202,0
55107229,0
55147256,0
55187291,0
55227324,0
55267356,0
55307392,0
55347421,0
55387452,0
55427485,0
55467527,0
55507571,0
55547613,0
55587643,0
55627681,0
55667717,0
55707751,0
55747784,0
55787816,0
55827845,0
55867876,0
55907905,0
55947943,0
55987990,0
56028033,0
56068072,0
56108110,0
56139138,0
56179173,0
56219208,0
56259240,0
56299274,0
56339301,0
56379333,0
56419363,0
56459403,0
56499450,0
56539488,0
56579520,0
56619556,0
56659593,0
56699629,0
56739655,0
56779688,0
56819722,0
56859754,0
56899783,0
56939815,0
56979859,0
57019905,0
57059942,0
57099976,0
57131002,0
57171045,0
57211077,0
57251114,0
57291152,0
57331185,0
57371218,0
57411258,0
57451300,0
57491347,0
57531390,0
57571416,0
57611454,0
57651493,0
57691521,0
57731559,0
57771598,0
57811632,0
57851665,0
57891700,0
57931736,0
57971779,0
58011823,0
58051861,0
58091894,0
58122917,0
58162953,0
58202979,0
58243013,0
58283048,0
58323081,0
58363112,0
58403143,0
58443182,0
58483230,0
58523274,0
58563310,0
58603349,0
58643383,0
58683423,0
58723458,0
58763494,0
58803526,0
58843554,0
58883590,0
58923623,0
58963662,0
59003710,0
59043750,0
59083783,0
59114810,0
59154837,0
59194871,0
59234911,0
59274942,0
59314971,0
59355003,0
59395041,0
59435077,0
59475125,0
59515170,0
59555197,0
59595227,0
59635252,0
59675283,0
59715315,0
59755352,0
59795384,0
59835415,0
59875450,0
59915488,0
59955530,0
59995575,0
60035615,0
60075648,0
60115685,0
60155722,0
60195755,0
60235794,0
60275834,0
60315870,0
60355911,0
60395944,0
60435974,0
60476020,0
60516066,0
60556105,0
60596132,0
60636171,0
60676215,0
60716261,0
60756307,0
60796350,0
60836396,0
60876441,0
60916485,0
60956541,0
60996600,0
61036660,0
61076718,0
61116778,0
61156837,0
61196898,0
61236959,0
61277019,0
CPU1
TS,0
31747,694257605
71807,694384941
111867,694511553
151927,694637771
191987,694763607
232047,694889643
272107,695015815
312167,695142137
352227,695268353
392287,695394119
432347,695520407
471402,724377845
511456,784459007
551505,844533161
591556,904609265
631610,964689807
671661,1024767153
711714,1084846447
751763,1144920103
791817,1205000795
831869,1265079841
871920,1325155509
905958,1376212967
946002,1436278803
982041,1490336787
1022082,1550398727
1062124,1610462089
1102161,1670517035
1142197,1730570809
1182230,1790620879
1222269,1850678461
1262305,1910733445
1302347,1970795785
1342379,2030843865
1382413,2090895243
1422463,2150969689
1462514,2211046273
1502551,2271101675
1542585,2331153429
1582623,2391209931
1622655,2451257867
1662685,2511302391
1702718,2571352689
1742752,2631402949
1782788,2691457443
1822822,2751508207
1862856,2811558997
1902895,2871617465
1942947,2931695169
1982991,2991762167
2023023,3051809281
2063054,3111855513
2103087,3171904967
2143122,3231958849
2183160,3292014873
2223200,3352075613
2263239,3412132889
2303271,3472181299
2343308,3532238019
2383340,3592285613
2423390,3652359631
2463439,3712433461
2503477,3772490177
2543510,3832540509
2583548,3892597979
2623582,3952647707
2663621,4012706277
2703651,4072752267
2743684,4132801099
2783717,4192851361
2823751,4252901279
2863794,4312966215
2903837,4373030379
2943889,4433108219
2983932,4493172273
3023966,4553224123
3064005,4613282095
3104039,4673334379
3144076,4733389187
3184110,4793440849
3224150,4853500447
3264180,4913545997
3304212,4973593229
3344240,5033635611
3384273,5093684607
3424323,5153759395
3464374,5213835419
3504415,5273897205
3544446,5333944817
3584479,5393993555
3624508,5454037043
3664538,5514081941
3704575,5574137405
3744610,5634190745
3784642,5694238253
3824686,5754304291
3864728,5814367769
3904767,5874425931
3944817,5934501229
3984864,5994571155
4024906,6054634733
4064951,6114702821
4104993,6174765105
4145037,6234830105
4185082,6294898067
4225123,6354959883
4265165,6415023443
4305211,6475092249
4345254,6535155453
4385298,6595221715
4425349,6655299167
4465402,6715378193
4505442,6775437949
4545489,6835508391
4585537,6895580311
4625580,6955645295
4665611,7015691121
4705652,7075753259
4745690,7135810483
4785733,7195874539
4825779,7255944249
4865819,7316003605
4905862,7376068185
4945912,7436143437
4985959,7496214651
5026005,7556282181
5066050,7616350207
5106091,7676412167
5146124,7736461509
5186156,7796508407
5226193,7856564353
5266228,7916617589
5306271,7976681383
5346314,8036746899
5386356,8096809937
5426401,8156876765
5466455,8216957785
5506489,8277008523
5546524,8337061353
5586560,8397115945
5626597,8457170401
5666634,8517226635
5706669,8577279485
5746709,8637339163
5786738,8697382461
5826770,8757430069
5866801,8817477181
5906838,8877532017
5946890,8937610381
5986932,8997673825
6026972,9057732859
6067004,9117781935
6107040,9177835471
6147073,9237885083
6187105,9297932213
6227141,9357986073
6267175,9418037021
6307205,9478083287
6347237,9538130483
6387277,9598190371
6427325,9658262187
6467375,9718338059
6507411,9778391873
6547446,9838444087
6587479,9898494281
6627518,9958552233
6667559,10018614567
6707596,10078668803
6747630,10138720143
6787666,10198775343
6827698,10258821845
6867727,10318865127
6907768,10378927263
6947818,10439002129
6987864,10499070651
7027908,10559137717
7067947,10619195377
7107982,10679247693
7148013,10739294621
7188044,10799340505
7228076,10859389187
7268115,10919447217
7308148,10979497305
7348178,11039542081
7388210,11099590605
7428255,11159658373
7468306,11219734067
7508338,11279781909
7548369,11339828773
7588409,11399888565
7628447,11459945417
7668480,11519996039
7708512,11580043845
7748550,11640099847
7788587,11700154861
7828624,11760210559
7868658,11820262765
7908704,11880330679
7948751,11940401791
7988795,12000467813
8028826,12060515045
8068858,12120562227
8108888,12180606503
8148927,12240665887
8188968,12300727475
8229007,12360785367
8269049,12420848561
8309095,12480917771
8349139,12540984733
8389184,12601051205
8429233,12661124663
8469286,12721203459
8509321,12781256039
8549364,12841321397
8589404,12901381987
8629443,12961439885
8669482,13021497883
8709523,13081560513
8749560,13141614941
8789596,13201669911
8829637,13261730821
8869679,13321794407
8909724,13381861001
8949771,13441932253
8989817,13502000325
9029849,13562048875
9069880,13622095181
9109915,13682147637
9149955,13742207707
9189984,13802251301
9230026,13862314595
9270066,13922374477
9310105,13982432285
9350146,14042493881
9390189,14102559699
9430242,14162637367
9470294,14222715907
9510325,14282763169
9550359,14342813485
9590394,14402865755
9630428,14462917367
9670469,14522978519
9710503,14583029889
9750540,14643085195
9790578,14703142955
9830614,14763195603
9870659,14823263673
9910701,14883326557
9950751,14943401983
9990793,15003463929
10030833,15063524297
10070862,15123569029
10110891,15183612257
10150924,15243661713
10190960,15303715153
10230989,15363758243
10271018,15423801847
10311055,15483857353
10351093,15543914295
10391132,15603972795
10431178,15664042489
10471228,15724117547
10511267,15784176121
10551308,15844237951
10591350,15904300049
10631383,15964349729
10671420,16024405091
10711459,16084463693
10751490,16144510567
10791527,16204565319
10831557,16264610781
10871587,16324655659
10911629,16384718381
10951680,16444794779
10991725,16504863035
11031770,16564929755
11071810,16624991133
11111853,16685054803
11151897,16745120477
11191944,16805190859
11231994,16865266525
11272034,16925327153
11312068,16985376599
11352099,17045423537
11392137,17105481037
11432185,17165552225
11472234,17225625617
11512264,17285670897
11552302,17345728441
11592335,17405778423
11632370,17465829665
11672406,17525884007
11712437,17585931129
11752478,17645991783
11792510,17706039549
11832546,17766095189
11872579,17826143285
11912618,17886201897
11952666,17946274593
11992711,18006342257
12032749,18066398533
12072787,18126456059
12112821,18186507097
12152861,18246567057
12192894,18306616717
12232934,18366676105
12272972,18426733579
12312999,18486773791
12353039,18546833537
12393075,18606888015
12433124,18666961371
12473174,18727036527
12513205,18787083045
12553238,18847132827
12593283,18907199825
12633320,18967255465
12673360,19027314517
12713397,19087371431
12753437,19147430835
12793481,19207496803
12833518,19267551827
12873559,19327613541
12913606,19387684525
12953659,19447764283
12993698,19507822559
13033734,19567875549
13073772,19627933481
13113804,19687982267
13153837,19748030005
13193872,19808082685
13233903,19868129797
13273944,19928192531
13313983,19988249017
13354020,20048304951
13394050,20108349927
13434095,20168417021
13474140,20228485231
13514179,20288543223
13554220,20348605175
13594254,20408656495
13634287,20468705341
13674320,20528754683
13714357,20588810559
13754395,20648867357
13794428,20708917521
13834468,20768977381
13874506,20829034109
13914547,20889095751
13954596,20949169475
13994637,21009231249
14034679,21069293695
14074716,21129349811
14114749,21189398807
14154784,21249451943
14194820,21309506125
14234864,21369571921
14274914,21429645785
14314961,21489716361
14354993,21549764501
14395021,21609806683
14435069,21669879177
14475119,21729953099
14515169,21790028067
14555213,21850094781
14595252,21910153831
14635283,21970199689
14675318,22030251907
14715355,22090307383
14755388,22150357811
14795426,22210414919
14835468,22270476603
14875505,22330533707
14915541,22390587417
14955593,22450664803
14995630,22510720925
15035662,22570767903
15075694,22630816663
15115733,22690874807
15155766,22750924011
15195796,22810969253
15235832,22871024091
15275868,22931077353
15315902,22991128769
15355940,23051185751
15395975,23111237363
15436020,23171305129
15476064,23231371251
15516104,23291431211
15556139,23351483173
15596173,23411534193
15636210,23471590609
15676242,23531638429
15716274,23591686039
15756302,23651727761
15796338,23711782983
15836371,23771831521
15876407,23831884925
15916447,23891945609
15956495,23952018159
15996529,24012068109
16036568,24072127159
16076599,24132174193
16116630,24192220835
16156668,24252277547
16196702,24312327827
16236738,24372382911
16276778,24432442447
16316811,24492491811
16356850,24552550527
16396883,24612599011
16436928,24672668301
16476974,24732736087
16517004,24792780697
16557036,24852829577
16597069,24912879433
16637116,24972948707
16677162,25033017917
16717197,25093070219
16757229,25153118181
16797264,25213171229
16837298,25273222489
16877334,25333276713
16917372,25393333271
16957422,25453407489
16997460,25513464859
17037491,25573512267
17077525,25633562533
17117565,25693622899
17157604,25753681035
17197639,25813733433
17237683,25873800165
17277727,25933865267
17317761,25993917323
17357794,26053966731
17397829,26114018797
17437873,26174083959
17477917,26234150335
17517951,26294202449
17557986,26354254267
17598020,26414305651
17638060,26474364373
17678093,26534414135
17718133,26594475231
17758165,26654522727
17798198,26714572081
17838233,26774624325
17878268,26834677147
17918301,26894727529
17958351,26954802239
17998390,27014861045
18038434,27074926329
18078474,27134987233
18118516,27195048683
18158556,27255110089
18198596,27315169093
18238639,27375233937
18278678,27435291851
18318714,27495346963
18358749,27555398523
18398783,27615450455
18438832,27675522449
18478878,27735591943
18518920,27795654869
18558958,27855712379
18598988,27915757479
18639037,27975830983
18679080,28035895457
18719116,28095949367
18759149,28155998523
18799186,28216054609
18839220,28276106047
18879255,28336157599
18919295,28396217461
18959346,28456293647
18999391,28516362181
19039430,28576420119
19079472,28636483541
19119513,28696545493
19159550,28756599487
19199587,28816655957
19239622,28876707747
19279654,28936756489
19319688,28996807259
19359723,29056859305
19399756,29116908961
19439805,29176981931
19479847,29237045785
19519893,29297114437
19559929,29357167925
19599961,29417216471
19639991,29477261917
19680029,29537318575
19720074,29597386559
19760119,29657454103
19800156,29717508965
19840189,29777558533
19880221,29837606327
19920260,29897665367
19960312,29957742421
20000349,30017798475
20040386,30077854741
20080422,30137907931
20120456,30197959077
20160496,30258019651
20200530,30318069825
20240561,30378117285
20280601,30438176539
20320644,30498241591
20360675,30558287543
20400709,30618338875
20440755,30678407135
20480800,30738475851
20520836,30798529595
20560870,30858581029
20600901,30918627271
20640938,30978681791
20680972,31038733775
20721003,31098780325
20761042,31158838633
20801076,31218888399
20841115,31278947675
20881147,31338996405
20921189,31399058451
20961240,31459134571
21001279,31519193087
21041314,31579246179
21081354,31639306405
21121391,31699362263
21161430,31759419799
21201464,31819471363
21241493,31879514669
21281523,31939559989
21321558,31999612977
21361592,32059662835
21401628,32119716769
21441677,32179791183
21481724,32239861727
21521771,32299931175
21561814,32359996375
21601854,32420057299
21641899,32480124309
21681946,32540194315
21721994,32600266711
21762035,32660328205
21802077,32720390325
21842116,32780449291
21882157,32840510419
21922198,32900572021
21962250,32960649889
22002294,33020716863
22042331,33080771681
22082363,33140819315
22122402,33200877911
22162437,33260930799
22202466,33320973757
22242504,33381031029
22282531,33441071557
22322569,33501128963
22362602,33561178779
22402638,33621232413
22442688,33681306547
22482733,33741375021
22522766,33801424211
22562805,33861482835
22602836,33921529049
22642868,33981576727
22682902,34041628629
22722946,34101694489
22762990,34161759807
22803021,34221806421
22843060,34281864907
22883095,34341917895
22923136,34401979143
22963189,34462058677
23003235,34522128035
23043277,34582190967
23083310,34642240635
23123348,34702296921
23163380,34762345799
23203410,34822389911
23243446,34882444015
23283473,34942484753
23323512,35002543555
23363555,35062607769
23403592,35122663665
23443638,35182731547
23483684,35242801233
23523722,35302858337
23563753,35362904609
23603786,35422954067
23643821,35483006263
23683857,35543060873
23723891,35603111335
23763923,35663159713
23803962,35723218987
23843999,35783273789
23884030,35843320661
23924074,35903385785
23964127,35963466401
24004173,36023534453
24044216,36083599529
24084253,36143655755
24124296,36203719627
24164336,36263779681
24204374,36323835743
24244408,36383887347
24284449,36443949597
24324482,36503997911
24364520,36564055433
24404556,36624109861
24444604,36684182257
24484652,36744253821
24524689,36804309391
24564722,36864357633
24604757,36924410983
24644794,36984465811
24684829,37044518609
24724862,37104568393
24764899,37164624137
24804929,37224668599
24844968,37284727645
24885006,37344784201
24925044,37404841789
24965096,37464919583
25005145,37524993533
25045190,37585059783
25085224,37645111861
25125257,37705161709
25165295,37765218421
25205342,37825288491
25245374,37885336913
25285413,37945395485
25325451,38005451007
25365481,38065496731
25405516,38125549537
25445565,38185622201
25485613,38245695349
25525654,38305756949
25565688,38365806869
25605720,38425855779
25645755,38485908843
25685801,38545977023
25725846,38606043957
25765881,38666096329
25805915,38726148185
25845955,38786208045
25885990,38846260063
25926031,38906322063
25966079,38966392967
26006122,39026457971
26046158,39086512047
26086186,39146553869
26126226,39206613979
26166264,39266671605
26206301,39326726441
26246343,39386789757
26286384,39446851069
26326427,39506916033
26366464,39566971349
26406493,39627014055
26446545,39687092139
26486593,39747164623
26526637,39807231595
26566680,39867295541
26606723,39927360249
26646770,39987430421
26686815,40047498489
26726854,40107557025
26766888,40167607367
26806927,40227665167
26846960,40287714515
26886993,40347764003
26927031,40407821389
26967079,40467893377
27007114,40527947077
27047149,40587998347
27087190,40648060891
27127234,40708126789
27167270,40768179917
27207303,40828230539
27247337,40888280945
27287373,40948333923
27327407,41008386227
27367444,41068441533
27407479,41128493429
27447526,41188564401
27487571,41248632651
27527610,41308690595
27567641,41368736453
27607674,41428786405
27647712,41488843701
27687745,41548893305
27727781,41608946727
27767821,41669006039
27807853,41729055619
27847885,41789102815
27887919,41849153723
27927956,41909208935
27968005,41969281959
28008044,42029341159
28048071,42089381537
28088109,42149438463
28128144,42209491839
28168180,42269546247
28208215,42329597155
28248250,42389650093
28288292,42449712647
28328322,42509759029
28368366,42569823655
28408409,42629888315
28448454,42689956533
28488504,42750032105
28528542,42810087973
28568578,42870142033
28608613,42930195093
28648655,42990258273
28688693,43050315229
28728727,43110365205
28768764,43170422063
28808799,43230473997
28848833,43290525177
28888867,43350576153
28928906,43410633991
28968957,43470711279
29008991,43530761693
29049032,43590823557
29089061,43650866993
29129099,43710923223
29169130,43770969729
29209167,43831025495
29249202,43891078077
29289239,43951133637
29329275,44011186987
29369308,44071237205
29409338,44131283347
29449381,44191346931
29489426,44251414429
29529463,44311469755
29569501,44371526441
29609533,44431575513
29649570,44491629971
29689603,44551679883
29729635,44611728423
29769672,44671782675
29809705,44731832865
29849740,44791885043
29889772,44851933763
29929818,44912002357
29969867,44972075847
30009910,45032140807
30049951,45092201977
30089989,45152259339
30130020,45212305755
30170054,45272356477
30210088,45332407475
30250122,45392458207
30290157,45452511091
30330187,45512555433
30370220,45572605409
30410256,45632659281
30450301,45692726409
30490348,45752797253
30530392,45812862669
30570429,45872918685
30610461,45932967031
30650494,45993017087
30690532,46053073675
30730562,46113117641
30770597,46173171240
30810634,46233225647
30850676,46293289859
30890720,46353355389
30930764,46413420725
30970816,46473498945
31010857,46533561245
31050889,46593608081
31090923,46653659353
31130959,46713713205
31170993,46773765583
31211031,46833822261
31251073,46893884983
31291113,46953944151
31331146,47013995039
31371178,47074042537
31411210,47134089901
31451257,47194161087
31491302,47254227721
31531346,47314294179
31571382,47374348001
31611412,47434392945
31651449,47494448123
31691487,47554506407
31731531,47614571543
31771570,47674630565
31811605,47734683119
31851641,47794736925
31891676,47854788857
31931717,47914851113
31971768,47974927557
32011817,48035000609
32051860,48095065163
32091900,48155125807
32131935,48215177301
32171967,48275225855
32212003,48335280373
32252039,48395334385
32292072,48455382907
32332109,48515438069
32372146,48575493623
32412178,48635542537
32452227,48695615115
32492271,48755682451
32532313,48815745245
32572345,48875793119
32612374,48935836987
32652405,48995883633
32692442,49055937495
32732478,49115992163
32772506,49176033429
32812539,49236084187
32852573,49296134485
32892606,49356184135
32932647,49416245737
32972698,49476322733
33012744,49536390737
33052776,49596438655
33092808,49656488033
33132839,49716534087
33172875,49776587565
33212908,49836637637
33252940,49896685673
33292979,49956744523
33333009,50016788123
33373046,50076844055
33413082,50136897627
33453136,50196979599
33493189,50257058775
33533233,50317125405
33573277,50377190897
33613313,50437244907
33653344,50497291651
33693377,50557341529
33733413,50617395389
33773444,50677442177
33813478,50737491869
33853513,50797544587
33893545,50857592765
33933589,50917658545
33973640,50977734759
34013681,51037796747
34053724,51097862235
34093760,51157915565
34133792,51217962595
34173829,51278019077
34213861,51338067077
34253899,51398123669
34293929,51458169115
34333962,51518218173
34373998,51578272719
34414029,51638319361
34454077,51698390671
34494123,51758459191
34534165,51818522419
34574205,51878582361
34614240,51938635875
34654276,51998689765
34694318,52058752067
34734362,52118817929
34774407,52178885277
34814448,52238947675
34854484,52299000259
34894513,52359044107
34934553,52419104797
34974609,52479188807
35014648,52539246941
35054679,52599293869
35094712,52659342727
35134743,52719390211
35174775,52779437349
35214806,52839485195
35254843,52899540461
35294873,52959584875
35334907,53019636077
35374942,53079687589
35414976,53139739705
35455026,53199813633
35495074,53259886001
35535118,53319952243
35575159,53380013623
35615200,53440075991
35655239,53500133685
35695272,53560183175
35735311,53620241943
35775350,53680300159
35815384,53740351779
35855425,53800413569
35895462,53860468471
35935502,53920528463
35975553,53980604779
36015595,54040668225
36055637,54100730809
36095670,54160779759
36135712,54220843143
36175747,54280896651
36215777,54340940811
36255811,54400992339
36295842,54461038725
36335876,54521088993
36375912,54581143375
36415947,54641196005
36455998,54701272067
36496045,54761342347
36536091,54821412371
36576138,54881483099
36616185,54941552893
36656229,55001618249
36696278,55061692609
36736325,55121762471
36776361,55181816631
36816399,55241873191
36856434,55301925831
36896467,55361975755
36936504,55422031431
36976555,55482107571
37016603,55542179473
37056649,55602249437
37096692,55662314221
37136739,55722383993
37176780,55782444975
37216818,55842503187
37256863,55902569253
37296899,55962623641
37336936,56022679859
37376977,56082740647
37417016,56142799645
37457065,56202872519
37497109,56262939537
37537143,56322990011
37577178,56383042685
37617219,56443103291
37657258,56503162589
37697294,56563216631
37737337,56623280759
37777371,56683331487
37817399,56743373407
37857429,56803419077
37897466,56863474753
37937507,56923535187
37977558,56983611731
38017597,57043670117
38057636,57103729963
38097679,57163793367
38137709,57223838379
38177742,57283888869
38217775,57343938019
38257813,57403994451
38297850,57464049931
38337893,57524115339
38377931,57584172613
38417970,57644229923
38458018,57704301419
38498066,57764374263
38538106,57824434727
38578147,57884495071
38618193,57944564241
38658233,58004625475
38698273,58064684145
38738307,58124736539
38778350,58184800675
38818394,58244866163
38858437,58304930641
38898476,58364989009
38938517,58425050239
38978567,58485126437
39018611,58545191333
39058652,58605253209
39098695,58665318081
39138737,58725381229
39178782,58785447999
39218821,58845506281
39258861,58905566747
39298901,58965626185
39338936,59025679641
39378973,59085734537
39419012,59145793315
39459061,59205866541
39499106,59265934247
39539138,59325982911
39579176,59386038727
39619209,59446088193
39659245,59506142413
39699277,59566190817
39739318,59626251817
39779348,59686297347
39819381,59746346643
39859422,59806408941
39899464,59866471249
39939508,59926537327
39979558,59986611887
40019604,60046681029
40059644,60106740959
40099684,60166801595
40139725,60226863045
40179763,60286919851
40219793,60346964865
40259827,60407015881
40299864,60467071515
40339897,60527120765
40379931,60587172181
40419969,60647228081
40460017,60707300449
40500065,60767373487
40540109,60827439177
40580147,60887495271
40620187,60947555371
40660220,61007606109
40700255,61067658437
40740285,61127703443
40780313,61187745433
40820345,61247792899
40860389,61307858843
40900427,61367915177
40940469,61427978647
40980521,61488055977
41020567,61548126229
41060601,61608176759
41100635,61668227161
41140671,61728282323
41180708,61788336769
41220747,61848395973
41260786,61908454705
41300819,61968504255
41340859,62028563201
41380892,62088613349
41420921,62148656513
41460965,62208723273
41501012,62268793565
41541051,62328851219
41581083,62388899741
41621117,62448950981
41661151,62509001323
41701187,62569056049
41741221,62629106795
41781249,62689148769
41821281,62749196177
41861317,62809250387
41901350,62869301043
41941389,62929358021
41981437,62989430097
42021476,63049490067
42061515,63109548367
42101561,63169617025
42141606,63229684547
42181649,63289748195
42221689,63349808629
42261731,63409871301
42301774,63469936361
42341820,63530004903
42381859,63590064013
42421899,63650123065
42461947,63710195867
42501997,63770270903
42542036,63830328703
42582068,63890377909
42622104,63950431521
42662143,64010489969
42702174,64070536525
42742215,64130597515
42782253,64190654255
42822283,64250699765
42862320,64310754713
42902356,64370808725
42942391,64430861549
42982441,64490937253
43022479,64550993111
43062522,64611058149
43102556,64671109589
43142598,64731172765
43182635,64791227579
43222670,64851280047
43262708,64911336675
43302740,64971385867
43342771,65031432423
43382807,65091486399
43422839,65151533661
43462884,65211601267
43502928,65271667717
43542967,65331725803
43583010,65391790831
43623054,65451856977
43663089,65511909183
43703123,65571960269
43743155,65632008233
43783192,65692062863
43823233,65752124135
43863282,65812198415
43903329,65872268903
43943371,65932331579
43983420,65992404813
44023459,66052464263
44063496,66112519571
44103527,66172565825
44143565,66232623493
44183597,66292670249
44223631,66352721139
44263668,66412777339
44303703,66472829715
44343740,66532885239
44383774,66592936109
44423814,66652995883
44463863,66713069145
44503911,66773141433
44543952,66833203783
44583995,66893267143
44624034,66953325839
44664074,67013386545
44704116,67073449811
44744154,67133506783
44784192,67193563309
44824239,67253633661
44864284,67313701021
44904332,67373773841
44944375,67433837973
44984426,67493913749
45024472,67553983217
45064515,67614047661
45104552,67674102959
45144583,67734150151
45184622,67794208503
45224656,67854258761
45264691,67914312495
45304726,67974364393
45344764,68034421579
45384807,68094486047
45424845,68154543293
45464891,68214612671
45504938,68274682821
45544970,68334730835
45585014,68394796807
45625048,68454847827
45665087,68514906281
45705129,68574969001
45745170,68635030821
45785211,68695092059
45825247,68755145703
45865285,68815204101
45905320,68875254665
45945364,68935320663
45985415,68995397489
46025453,69055455481
46065484,69115501807
46105523,69175559233
46145556,69235609875
46185590,69295660047
46225629,69355718269
46265676,69415789667
46305714,69475846919
46345750,69535901265
46385788,69595957603
46425821,69656007533
46465871,69716080939
46505917,69776151273
46545961,69836217461
46586000,69896275343
46626036,69956329565
46666067,70016376027
46706100,70076425101
46746136,70136478989
46786169,70196529475
46826203,70256579831
46866242,70316638215
46906282,70376698393
46946317,70436751445
46986367,70496826357
47026405,70556882325
47066444,70616941589
47106482,70676998433
47146509,70737039425
47186543,70797089320
47226580,70857145285
47266612,70917192635
47306650,70977250981
47346684,71037300541
47386720,71097355437
47426755,71157408199
47466801,71217477357
47506850,71277550173
47546892,71337612863
47586935,71397677397
47626982,71457747731
47667021,71517807757
47707055,71577858429
47747089,71637909077
47787128,71697967819
47827160,71758014699
47867190,71818060485
47907225,71878112887
47947258,71938163127
47987308,71998237881
48027343,72058289623
48067381,72118347523
48107421,72178407017
48147462,72238468917
48187493,72298514165
48227522,72358558081
48267553,72418604725
48307593,72478664751
48347623,72538710587
48387654,72598756053
48427691,72658812527
48467737,72718880627
48507785,72778953439
48547828,72839017473
48587856,72899059485
48627888,72959107873
48667926,73019164851
48707974,73079236545
48748014,73139296149
48788046,73199345099
48828078,73259392925
48868112,73319443765
48908145,73379493129
48948181,73439546447
48988231,73499621775
49028273,73559684719
49068311,73619741453
49108350,73679799673
49148384,73739851389
49188415,73799898167
49228451,73859951309
49268484,73920001073
49308527,73980065215
49348565,74040122167
49388600,74100175729
49428642,74160238015
49468693,74220315169
49508742,74280388451
49548783,74340449187
49588820,74400506097
49628846,74460544531
49668876,74520589751
49708905,74580633205
49748938,74640682827
49788977,74700740523
49829020,74760804661
49869058,74820862989
49909100,74880925253
49949135,74940978353
49989184,75001051353
50029222,75061109037
50069258,75121162707
50109296,75181219625
50149332,75241273371
50189370,75301331049
50229402,75361378239
50269439,75421433709
50309478,75481491945
50349510,75541539551
50389542,75601588369
50429586,75661654047
50469635,75721727709
50509681,75781797111
50549728,75841867819
50589768,75901927195
50629814,75961996837
50669856,76022058969
50709896,76082118591
50749937,76142180649
50789978,76202242403
50830013,76262294899
50870053,76322355217
50910083,76382399655
50950121,76442457223
50990172,76502533347
51030209,76562588457
51070243,76622638837
51110276,76682689715
51150311,76742742103
51190347,76802795273
51230390,76862859851
51270428,76922916941
51310465,76982973333
51350498,77043023159
51390538,77103082115
51430571,77163131177
51470620,77223204675
51510669,77283278435
51550711,77343341187
51590740,77403384599
51630770,77463430855
51670806,77523484989
51710845,77583542587
51750884,77643600821
51790915,77703647231
51830946,77763693907
51870978,77823741575
51911009,77883788621
51951045,77943842651
51991095,78003917987
52031143,78063989101
52071187,78124055993
52111220,78184105371
52151258,78244162125
52191288,78304208359
52231324,78364262097
52271356,78424309039
52311391,78484362423
52351426,78544414865
52391455,78604458675
52431486,78664504163
52471535,78724577231
52511585,78784653159
52551618,78844702723
52591650,78904751097
52631684,78964801267
52671721,79024856087
52711755,79084908315
52751787,79144955309
52791822,79205009761
52831853,79265055129
52871892,79325113979
52911923,79385160629
52951962,79445218423
52992011,79505292143
53032055,79565357807
53072101,79625426533
53112132,79685472939
53152172,79745532827
53192206,79805584711
53232241,79865637239
53272274,79925687025
53312306,79985734613
53352343,80045790185
53392375,80105838579
53432418,80165901897
53472467,80225975045
53512516,80286050163
53552560,80346116013
53592600,80406174547
53632634,80466226787
53672674,80526286657
53712708,80586336519
53752743,80646390007
53792782,80706448851
53832814,80766496797
53872845,80826542077
53912885,80886602219
53952923,80946660193
53992974,81006736363
54033012,81066793813
54073049,81126849309
54113082,81186898381
54153123,81246959969
54193164,81307022053
54233196,81367070027
54273242,81427137523
54313282,81487198151
54353323,81547260505
54393355,81607307329
54433383,81667349731
54473428,81727417163
54513473,81787484301
54553510,81847539793
54593540,81907585901
54633581,81967647227
54673613,82027695159
54713640,82087736039
54753672,82147784015
54793702,82207828511
54833735,82267877309
54873778,82327942015
54913818,82388001791
54953861,82448066395
54993911,82508141895
55033948,82568197141
55073986,82628254573
55114018,82688302491
55154051,82748351353
55194083,82808399369
55234115,82868447173
55274148,82928497349
55314186,82988553751
55354215,83048597765
55394250,83108650669
55434288,83168706739
55474339,83228783045
55514386,83288854627
55554431,83348921425
55594471,83408981245
55634515,83469048365
55674552,83529103361
55714585,83589153475
55754615,83649197817
55794651,83709251411
55834682,83769297901
55874721,83829357053
55914752,83889403329
55954790,83949459869
55994840,84009535803
56034889,84069608683
56074935,84129677855
56114973,84189735291
56155011,84249791627
56195045,84309843415
56235078,84369892171
56275109,84429938731
56315148,84489997293
56355178,84550042589
56395212,84610093983
56435245,84670143357
56475294,84730216495
56515343,84790289439
56555378,84850342691
56595414,84910396097
56635450,84970451045
56675483,85030500691
56715524,85090560739
56755558,85150612545
56795591,85210661563
56835627,85270715661
56875665,85330772593
56915696,85390819769
56955736,85450879235
56995788,85510958047
57035836,85571030137
57075885,85631102705
57115934,85691176171
57155975,85751238405
57196012,85811293305
57236043,85871339959
57276077,85931390519
57316121,85991456295
57356163,86051519355
57396204,86111581513
57436249,86171649259
57476299,86231724139
57516348,86291797755
57556393,86351864651
57596433,86411924773
57636468,86471977741
57676504,86532031267
57716546,86592094257
57756580,86652145807
57796614,86712197049
57836648,86772247807
57876678,86832292841
57916716,86892349911
57956761,86952417203
57996815,87012498229
58036857,87072560635
58076892,87132613291
58116923,87192659589
58156958,87252712865
58196995,87312767309
58237035,87372828361
58277068,87432877551
58317099,87492924447
58357140,87552984481
58397171,87613031295
58437203,87673079253
58477255,87733157505
58517301,87793226941
58557342,87853288379
58597374,87913336247
58637416,87973399083
58677454,88033455945
58717484,88093501679
58757515,88153548201
58797553,88213604773
58837587,88273656347
58877618,88333702533
58917652,88393752963
58957691,88453811537
58997742,88513887233
59037785,88573952609
59077822,88634008295
59117861,88694067129
59157900,88754124797
59197941,88814187139
59237985,88874253333
59278026,88934314437
59318061,88994367485
59358102,89054428471
59398150,89114500495
59438199,89174573623
59478249,89234647903
59518296,89294719821
59558329,89354769389
59598363,89414820353
59638402,89474879085
59678433,89534924907
59718467,89594976471
59758505,89655032907
59798537,89715081017
59838572,89775133811
59878614,89835196795
59918657,89895261285
59958707,89955336055
59998758,90015412089
60038807,90075485735
60078853,90135555253
60118897,90195620277
60158933,90255674755
60198973,90315734241
60239013,90375794989
60279056,90435858857
60319099,90495923903
60359137,90555980315
60399178,90616042129
60439215,90676097285
60479264,90736170607
60519309,90796238987
60559345,90856292193
60599380,90916345675
60639403,90976379467
60679422,91036407519
60719443,91096439797
60759465,91156472795
60799487,91216505637
60839511,91276541609
60879532,91336573323
60919555,91396607385
60959592,91456663695
60999647,91516745623
61039700,91576825529
61079755,91636907617
61119813,91696994449
61159866,91757074357
61199918,91817152283
61239972,91877232345
61280030,91937319509
TS,1
31748,69293508
71807,69303893
111867,69314278
151927,69324663
191987,69335048
232047,69345433
272107,69355818
312167,69366203
352227,69376588
392287,69386973
432347,69397358
471403,71911115
511457,76875528
551506,81698999
591557,86509094
631611,91312056
671662,96136781
711715,101001364
751764,105803600
791818,110612713
831871,115429414
871921,120284959
905960,125211792
946003,130617316
982042,136544984
1022083,143574723
1062125,150079812
1102162,156482868
1142198,162206975
1182231,168073439
1222270,173595667
1262306,179461448
1302348,185839017
1342380,192157163
1382414,198333552
1422464,203264055
1462515,208097954
1502552,214941334
1542586,219241802
1582624,225840131
1622656,232379537
1662686,238824461
1702719,245120876
1742753,251435091
1782789,257750485
1822823,262984166
1862857,269220463
1902896,274655966
1942947,279467760
1982992,285224419
2023024,291012230
2063054,296566408
2103087,302773878
2143123,308637106
2183161,314027130
2223201,320513991
2263239,325886022
2303272,332150292
2343309,337992476
2383341,343852855
2423391,348999969
2463440,353829883
2503477,360029861
2543511,366331533
2583550,371936790
2623583,377674940
2663622,383891225
2703652,389786095
2743685,396281670
2783718,401210578
2823752,407192944
2863795,413930182
2903838,419501572
2943890,424339396
2983932,430508060
3023967,436963374
3064005,442785283
3104040,448565581
3144077,454472042
3184111,459953786
3224151,465870420
3264182,471650600
3304213,477889035
3344241,483862675
3384274,489599610
3424324,494552682
3464374,499410067
3504416,504844347
3544447,511220392
3584480,517205117
3624509,522976289
3664539,529323747
3704576,535634537
3744611,541387828
3784643,547230981
3824687,553612992
3864729,560009258
3904768,566197002
3944818,571033714
3984865,577095362
4024907,583413412
4064953,589248970
4104994,594645722
4145037,601308209
4185083,608636306
4225124,615252683
4265166,621740454
4305212,628200842
4345254,634600834
4385299,641828617
4425350,646959940
4465403,651760727
4505443,658128075
4545490,664516410
4585538,671788406
4625581,678679642
4665611,682985121
4705653,689506520
4745691,696043676
4785734,702552724
4825780,709494128
4865820,716512080
4905863,722708140
4945913,727585243
4985960,732852974
5026006,739634127
5066051,746632356
5106092,752918573
5146125,758350410
5186156,764349110
5226194,770102960
5266229,775434056
5306272,781958264
5346315,788471857
5386357,794563120
5426402,799728264
5466456,804530236
5506490,809798867
5546525,815110942
5586561,821309673
5626598,827029693
5666635,831698012
5706670,837711826
5746710,842753378
5786739,848064016
5826771,854126282
5866802,860858837
5906839,865026143
5946891,869850344
5986933,874987820
6026973,881461824
6067005,887513219
6107041,893195356
6147074,899554909
6187106,905886374
6227141,911188636
6267175,917441710
6307206,923068339
6347238,928926257
6387278,935179532
6427326,940166845
6467376,945003033
6507412,951593744
6547447,957711275
6587480,963352549
6627519,968746332
6667560,975192913
6707597,980949514
6747631,986800137
6787668,993027880
6827699,999235579
6867727,1005316182
6907769,1010983259
6947819,1015803990
6987864,1020941081
7027909,1028303206
7067948,1034637207
7107983,1040791050
7148014,1046040142
7188044,1051777881
7228077,1057122075
7268116,1062569235
7308149,1068877259
7348179,1074712277
7388211,1080537490
7428256,1085489166
7468307,1090371899
7508339,1096945473
7548370,1103165030
7588410,1109499739
7628448,1115791084
7668481,1122054786
7708513,1128243172
7748551,1133456400
7788587,1139687739
7828624,1145531385
7868659,1150985178
7908705,1157367710
7948752,1162217144
7988796,1168416364
8028827,1174879676
8068859,1180820664
8108888,1186787351
8148928,1193071190
8188969,1199963130
8229008,1206802052
8269050,1213191130
8309096,1219553417
8349141,1226128210
8389185,1232988109
8429234,1237623091
8469286,1242458630
8509321,1247792466
8549365,1254308951
8589405,1260790413
8629444,1266155058
8669483,1272412822
8709525,1278858383
8749561,1285248180
8789597,1291668462
8829638,1298173616
8869680,1305121361
8909725,1310968873
8949772,1315856962
8989818,1321597346
9029850,1327899479
9069881,1333806539
9109916,1339035938
9149956,1345597414
9189985,1352058343
9230027,1358419000
9270067,1364881724
9310106,1371311654
9350147,1377762937
9390191,1384910688
9430242,1390111529
9470295,1394914874
9510326,1401222158
9550360,1406314454
9590395,1411317867
9630429,1416436413
9670470,1423150253
9710504,1428601921
9750541,1434906612
9790579,1441629123
9830615,1448122757
9870660,1454570760
9910702,1460870854
9950752,1465708951
9990793,1470875265
10030834,1477679815
10070863,1483937069
10110892,1489964681
10150925,1496235850
10190961,1502392280
10230990,1508266608
10271019,1513737880
10311056,1518736325
10351093,1525070486
10391133,1531472344
10431179,1536459979
10471229,1541269810
10511268,1547744781
10551309,1554184203
10591351,1560520293
10631384,1565958257
10671421,1572442308
10711460,1579550577
10751491,1584957070
10791528,1591036929
10831558,1597201794
10871588,1602542434
10911630,1608547015
10951681,1613352736
10991726,1617963488
11031771,1624446548
11071811,1630954755
11111854,1637472452
11151898,1643981977
11191945,1650476301
11231995,1657883779
11272036,1664351842
11312068,1670725602
11352100,1676975653
11392138,1683230552
11432186,1688188581
11472235,1693071744
11512265,1699282129
11552303,1704409962
11592336,1709442690
11632370,1715580764
11672407,1720891832
11712438,1727308926
11752479,1733717834
11792511,1739342179
11832547,1745283403
11872580,1751117555
11912619,1756767057
11952667,1761610458
11992712,1767702204
12032750,1774054579
12072788,1780348534
12112822,1786621411
12152862,1792939702
12192895,1798781652
12232935,1804209019
12272973,1810758943
12313000,1817152496
12353040,1822435758
12393076,1828679922
12433125,1833634582
12473175,1838487513
12513206,1844853294
12553240,1851240472
12593284,1857637287
12633321,1863998004
12673360,1870344414
12713399,1876637056
12753438,1883027355
12793482,1889733564
12833519,1894019870
12873560,1900532246
12913607,1906919103
12953661,1911747577
12993699,1918014779
13033735,1923289617
13073773,1929699114
13113806,1935758070
13153837,1941292867
13193873,1947037467
13233904,1952643909
13273946,1958921662
13313983,1965170462
13354021,1971491950
13394051,1978285477
13434096,1983246024
13474141,1987272129
13514180,1993665107
13554221,2000227936
13594255,2006733184
13634288,2013164865
13674321,2019565650
13714358,2024951866
13754396,2030955424
13794429,2036206099
13834470,2042460920
13874507,2048825416
13914548,2054973156
13954597,2059821915
13994638,2065722157
14034680,2072251784
14074717,2077165063
14114750,2082760136
14154786,2089564356
14194821,2096470603
14234866,2102998581
14274915,2109460413
14314962,2115927799
14354994,2122344018
14395022,2128622550
14435070,2133612562
14475120,2139238897
14515169,2145908019
14555214,2152206064
14595253,2157634053
14635284,2163565511
14675319,2168801034
14715356,2174822427
14755389,2181336260
14795427,2187796991
14835468,2194242089
14875507,2200703740
14915542,2207001488
14955594,2211847033
14995631,2218039384
15035663,2223783141
15075695,2229583531
15115734,2235867855
15155767,2241442410
15195797,2247137645
15235833,2253297999
15275869,2258141874
15315903,2263516533
15355941,2269685374
15395976,2275139923
15436021,2280097203
15476065,2285176176
15516105,2291424781
15556140,2297772442
15596174,2303384917
15636211,2309317440
15676243,2315598750
15716275,2321559377
15756303,2327108578
15796339,2333396524
15836372,2339563955
15876407,2345334049
15916448,2350530089
15956496,2355433197
15996529,2360715430
16036569,2367129505
16076600,2372805572
16116631,2378883483
16156669,2385267849
16196703,2391545736
16236739,2396812453
16276779,2403145612
16316812,2409382784
16356851,2414912019
16396883,2420843213
16436930,2426133062
16476975,2431652758
16517005,2437156908
16557037,2443364143
16597070,2447968596
16637117,2454507063
16677163,2460976774
16717198,2467316900
16757230,2472629599
16797265,2478973758
16837299,2485293214
16877335,2490806273
16917373,2496714338
16957423,2501530147
16997461,2506878929
17037492,2512843909
17077526,2518662275
17117566,2524751383
17157605,2531519503
17197640,2536375981
17237684,2542908113
17277728,2549430240
17317762,2555281784
17357796,2561128432
17397830,2567477426
17437873,2572507515
17477917,2577494935
17517953,2583889008
17557987,2590061582
17598021,2596408327
17638060,2602792118
17678094,2609093362
17718134,2615299194
17758166,2621497221
17798199,2626364110
17838234,2632710028
17878269,2638836510
17918302,2644600740
17958352,2649440902
17998392,2655654912
18038435,2662108724
18078476,2668551306
18118517,2675000092
18158558,2681563747
18198597,2688384042
18238640,2694988489
18278679,2700436462
18318715,2706352467
18358750,2712009153
18398784,2716331817
18438833,2721295384
18478879,2726279939
18518921,2732869379
18558959,2739385784
18598989,2745682906
18639038,2752359923
18679081,2759641168
18719117,2766056288
18759150,2772230152
18799187,2778195823
18839221,2783765453
18879256,2789770637
18919296,2795093102
18959347,2799969691
18999392,2806109389
19039431,2811948188
19079473,2817378263
19119515,2823937445
19159550,2830456327
19199588,2836831952
19239623,2843169929
19279655,2848855450
19319689,2854727538
19359724,2860988815
19399757,2866468410
19439806,2872093716
19479848,2877139000
19519894,2883463654
19559929,2889739649
19599962,2895848965
19639992,2900752434
19680030,2907160339
19720075,2913723287
19760120,2920227140
19800157,2926591344
19840190,2932821791
19880221,2938371339
19920261,2944452896
19960312,2949307766
20000350,2955554491
20040387,2961935686
20080423,2968296775
20120457,2974479474
20160497,2980357088
20200531,2986401926
20240562,2991721029
20280602,2997098501
20320645,3003507237
20360676,3008874960
20400710,3015248857
20440756,3020247279
20480801,3025211746
20520837,3031544333
20560871,3037824883
20600902,3043105196
20640939,3049425090
20680973,3055615281
20721004,3060829520
20761043,3067069953
20801076,3073405158
20841116,3080193420
20881148,3084513830
20921190,3090729121
20961240,3095559559
21001279,3100993085
21041315,3107306647
21081355,3113871294
21121392,3120129046
21161431,3126547047
21201465,3132984925
21241494,3139312769
21281524,3145546820
21321559,3151515809
21361593,3156927404
21401629,3163042350
21441678,3167972469
21481725,3172916349
21521772,3178737488
21561815,3184181488
21601855,3190732500
21641900,3197761323
21681947,3204780519
21721995,3211251091
21762036,3217671518
21802078,3224098896
21842117,3230450671
21882158,3236884095
21922199,3242893882
21962251,3247766515
22002295,3253976365
22042332,3260288640
22082364,3266055188
22122403,3271426572
22162438,3277683397
22202466,3283180903
22242505,3289218834
22282532,3294813700
22322570,3301080268
22362603,3306353800
22402639,3312688720
22442688,3317861995
22482734,3323607776
22522767,3329575759
22562806,3335290822
22602837,3341396499
22642869,3347610438
22682903,3353805951
22722947,3358666528
22762991,3364955427
22803022,3370479034
22843061,3376781217
22883096,3382676715
22923137,3388337649
22963190,3393140220
23003236,3399462901
23043278,3405921647
23083311,3412243793
23123349,3418403185
23163381,3423664043
23203411,3428818204
23243447,3434844814
23283474,3440793920
23323513,3446934897
23363556,3451589918
23403593,3457663619
23443639,3462604845
23483685,3467614787
23523723,3474048728
23563754,3480314756
23603787,3485668940
23643822,3490746950
23683858,3496025648
23723892,3502138637
23763924,3507294245
23803963,3513539237
23844000,3519909096
23884031,3526137606
23924075,3531594220
23964129,3536402910
24004174,3542726897
24044217,3547038465
24084255,3553507045
24124297,3560063549
24164337,3566637534
24204375,3572976528
24244409,3579455849
24284450,3586683401
24324483,3592148078
24364521,3598420779
24404558,3603745257
24444606,3609202469
24484653,3614422996
24524690,3620110082
24564723,3625793716
24604758,3632545463
24644794,3636869127
24684830,3643292178
24724863,3648674201
24764900,3654990938
24804930,3660283812
24844969,3666664329
24885007,3672921460
24925046,3678144613
24965097,3683004563
25005146,3689266893
25045191,3695615309
25085225,3701805041
25125259,3708043801
25165297,3714297651
25205343,3720613833
25245375,3725468211
25285414,3731971846
25325451,3738510801
25365482,3744942658
25405517,3751292056
25445566,3756256787
25485614,3761221920
25525655,3767542132
25565689,3773863534
25605721,3780139008
25645757,3786558775
25685802,3792930588
25725847,3799261787
25765882,3805390301
25805916,3811478348
25845956,3816508590
25885991,3821842312
25926032,3827011078
25966079,3831859371
26006123,3838214917
26046159,3844718511
26086187,3851123281
26126227,3856846999
26166265,3862623622
26206302,3868622034
26246344,3875198672
26286385,3881571929
26326428,3887928439
26366465,3894416492
26406493,3900401829
26446545,3905896153
26486594,3910890897
26526639,3915711036
26566681,3922443129
26606724,3929306732
26646771,3935821068
26686816,3942295869
26726855,3948821231
26766889,3955493935
26806928,3961638431
26846961,3967749302
26886993,3974048271
26927032,3980196963
26967080,3985015000
27007115,3990656537
27047150,3996223795
27087191,4001884338
27127235,4007243139
27167271,4012827233
27207304,4019210330
27247338,4024575521
27287373,4030890603
27327408,4037236060
27367445,4043574562
27407480,4049268111
27447527,4054792758
27487572,4059778667
27527611,4066174696
27567642,4072463885
27607675,4078677534
27647713,4084865988
27687746,4090658225
27727782,4096056968
27767822,4102624763
27807854,4109114472
27847886,4115539574
27887920,4121867017
27927957,4127165180
27968005,4132052242
28008045,4138222869
28048072,4143653851
28088110,4149803961
28128145,4155983255
28168182,4161005521
28208216,4166192228
28248251,4172434008
28288292,4179276123
28328324,4183555698
28368366,4190191668
28408410,4197478215
28448455,4202646851
28488506,4207625463
28528543,4214057661
28568579,4220456252
28608614,4226799708
28648656,4233240756
28688694,4239653004
28728728,4245995207
28768765,4252189523
28808800,4258138272
28848834,4263445429
28888868,4269223696
28928907,4274439956
28968958,4279247288
29008992,4284520746
29049033,4291264989
29089062,4297501005
29129100,4303888333
29169131,4310150649
29209168,4316064485
29249203,4321798857
29289240,4328098572
29329275,4333278167
29369309,4339469661
29409340,4345466272
29449382,4350637587
29489428,4355630740
29529464,4361903264
29569502,4367688803
29609534,4372706244
29649571,4378398175
29689604,4384794029
29729636,4390379320
29769673,4396504170
29809706,4402829258
29849741,4408035507
29889773,4414332752
29929819,4420347980
29969868,4425172043
30009911,4430605616
30049952,4437781285
30089990,4443344348
30130021,4449327714
30170055,4456082058
30210089,4460405927
30250123,4466171915
30290158,4472216397
30330188,4478570302
30370221,4484939925
30410257,4490340602
30450302,4495548042
30490349,4501171089
30530392,4507556983
30570430,4513904932
30610462,4519865579
30650496,4525424211
30690533,4531592390
30730562,4537553334
30770598,4544069427
30810635,4548937562
30850677,4555448488
30890721,4562002295
30930765,4568336651
30970817,4573194628
31010858,4579136163
31050889,4584783419
31090924,4591157984
31130960,4597497193
31170994,4602892130
31211032,4609070144
31251074,4615514730
31291114,4621659086
31331147,4627827509
31371179,4633978497
31411211,4638800680
31451258,4643782033
31491302,4648704060
31531347,4655205530
31571383,4660791122
31611413,4667008443
31651449,4673454487
31691488,4679772281
31731532,4686207702
31771571,4692634797
31811606,4699498486
31851642,4705357075
31891677,4711474308
31931718,4717594562
31971769,4722403098
32011818,4728220180
32051861,4734363910
32091901,4738694306
32131935,4745116865
32171968,4751550155
32212004,4756882856
32252040,4763200057
32292073,4768674555
32332109,4774663607
32372147,4779797374
32412179,4784996792
32452228,4789908376
32492272,4795381711
32532314,4801126554
32572346,4807303383
32612375,4813165306
32652406,4818599904
32692442,4824302385
32732479,4828626171
32772506,4835118409
32812540,4841589660
32852574,4847951304
32892607,4853176663
32932648,4858215825
32972699,4863027744
33012745,4868688462
33052776,4874498632
33092809,4880747788
33132840,4885993168
33172876,4891360626
33212909,4897232681
33252941,4903459179
33292980,4909537735
33333009,4914571760
33373047,4920010278
33413082,4926209907
33453137,4931160811
33493190,4936150374
33533234,4943325191
33573278,4950189301
33613314,4956655899
33653345,4963023377
33693379,4969119501
33733414,4975024275
33773446,4980908615
33813479,4987130904
33853514,4993273982
33893546,4998553574
33933590,5004107745
33973641,5008974552
34013682,5014189070
34053726,5020729272
34093761,5027265125
34133792,5033662511
34173830,5039481505
34213862,5045401936
34253900,5051686329
34293930,5057999488
34333963,5063218810
34373999,5069455140
34414030,5074789239
34454078,5080170739
34494124,5085475701
34534166,5091751042
34574206,5098028270
34614241,5102911623
34654277,5109406793
34694319,5115955344
34734363,5123240301
34774408,5129496108
34814449,5136389690
34854484,5142833597
34894513,5149152334
34934554,5154279026
34974610,5159078281
35014649,5165229722
35054680,5170402607
35094712,5176591372
35134744,5182762307
35174776,5188490094
35214808,5193842509
35254844,5199597665
35294874,5205685422
35334908,5212064613
35374942,5217333156
35414978,5223734247
35455027,5228724063
35495075,5234665902
35535119,5241188403
35575160,5247612690
35615201,5253984092
35655240,5260254518
35695273,5266178777
35735312,5272182297
35775351,5279318130
35815385,5283821002
35855427,5290323922
35895463,5296881698
35935503,5303229114
35975554,5308065803
36015596,5314385962
36055638,5320579728
36095671,5326442597
36135713,5332400424
36175748,5338365764
36215778,5343892769
36255813,5350075203
36295843,5355816347
36335877,5361454678
36375913,5367350048
36415948,5372340450
36455999,5377312404
36496046,5382280525
36536092,5388828254
36576140,5395372957
36616186,5402105676
36656230,5409332594
36696279,5415841113
36736326,5422232072
36776362,5427550421
36816400,5432481759
36856435,5438663951
36896468,5444917395
36936505,5450050138
36976556,5454865426
37016604,5461066922
37056650,5467501620
37096694,5472251344
37136740,5478781755
37176781,5485528244
37216820,5492556409
37256864,5499276456
37296900,5505683382
37336937,5512096481
37376978,5518520617
37417017,5524908462
37457066,5530872311
37497110,5535856849
37537144,5542114870
37577179,5548348117
37617220,5553604534
37657259,5559330238
37697295,5564673885
37737338,5571143804
37777372,5577428764
37817400,5582920762
37857430,5589230476
37897467,5595573362
37937508,5600775950
37977559,5605597322
38017598,5611733580
38057637,5616981950
38097680,5623174900
38137710,5628662138
38177743,5634397892
38217776,5639601402
38257814,5646309672
38297851,5650607693
38337894,5657131910
38377932,5663688477
38417971,5670214815
38458019,5676207979
38498067,5681235312
38538107,5687716050
38578147,5694151570
38618194,5700665771
38658234,5707115828
38698273,5713112274
38738308,5719383746
38778351,5725726779
38818395,5732242809
38858438,5737860309
38898477,5743366998
38938518,5749662447
38978569,5754487946
39018612,5760854231
39058653,5767394510
39098696,5774788096
39138738,5781351961
39178783,5787808994
39218822,5794233758
39258862,5801365170
39298902,5807971291
39338937,5814233355
39378974,5819373834
39419013,5826150780
39459062,5831116160
39499107,5835499192
39539139,5841322691
39579177,5846845232
39619210,5852832250
39659246,5858846916
39699278,5864901800
39739319,5871162450
39779349,5876638728
39819382,5882683809
39859423,5889044098
39899465,5895409582
39939509,5901627588
39979559,5906474310
40019605,5912723955
40059645,5919029943
40099685,5924858309
40139726,5930263454
40179764,5936750665
40219794,5943165705
40259828,5949596434
40299865,5956074913
40339898,5962525725
40379932,5968837899
40419970,5975005377
40460018,5980046091
40500066,5984996903
40540110,5991333235
40580148,5997673636
40620188,6004852199
40660221,6011261221
40700256,6016119775
40740286,6022358891
40780315,6028162236
40820346,6034561145
40860390,6041209348
40900428,6047313696
40940470,6053480341
40980521,6058296425
41020568,6064589202
41060602,6071002206
41100635,6077250912
41140672,6083290511
41180709,6088629519
41220748,6094397434
41260787,6101102910
41300820,6105974001
41340860,6112504748
41380893,6119005855
41420922,6125443135
41460966,6130425144
41501013,6135585474
41541052,6141841075
41581084,6148135343
41621118,6154143862
41661152,6159899940
41701188,6165984764
41741222,6172246215
41781250,6177420744
41821281,6183611657
41861318,6189776173
41901351,6195049807
41941389,6200450189
41981437,6205317993
42021478,6211098295
42061516,6217514809
42101562,6224039164
42141607,6230907601
42181650,6238015759
42221690,6244455384
42261732,6250872986
42301775,6257294156
42341821,6264632117
42381860,6270981132
42421899,6277300969
42461948,6282714298
42501998,6288177586
42542037,6293040971
42582069,6299472411
42622105,6305784589
42662144,6312063096
42702175,6317801892
42742216,6324567525
42782254,6331475830
42822284,6336951465
42862321,6342035726
42902357,6347032230
42942392,6352570137
42982443,6357434396
43022479,6363147378
43062523,6369402114
43102557,6374513481
43142599,6381376004
43182636,6386070268
43222671,6392431054
43262708,6398498964
43302741,6403932046
43342772,6410248896
43382808,6416527053
43422840,6421996968
43462885,6427707690
43502929,6432838814
43542968,6439214580
43583011,6445567050
43623055,6451783124
43663090,6456972305
43703124,6463222574
43743156,6469969156
43783193,6474282771
43823233,6480818321
43863283,6487507552
43903330,6494113263
43943372,6500058339
43983421,6504886526
44023461,6510852753
44063497,6517003028
44103528,6522792250
44143566,6528961274
44183598,6534233507
44223631,6540708767
44263669,6547419665
44303704,6554131852
44343741,6559994390
44383775,6565363266
44423815,6571919557
44463864,6576930167
44503912,6582774240
44543953,6589500908
44583996,6596012218
44624035,6602494652
44664075,6609299110
44704117,6616365458
44744155,6622741391
44784193,6629070488
44824240,6635425865
44864285,6642048884
44904333,6648975643
44944376,6653793871
44984427,6658622130
45024473,6663855108
45064516,6670365139
45104553,6676595666
45144584,6682056163
45184623,6688449195
45224657,6694533260
45264692,6701070559
45304727,6707382036
45344765,6713834473
45384808,6720147132
45424846,6726488906
45464893,6731469192
45504939,6736722394
45544972,6742614636
45585015,6748399555
45625049,6753769760
45665088,6760308813
45705130,6766852450
45745171,6774124968
45785212,6780840037
45825248,6787228638
45865287,6793171444
45905321,6799241806
45945364,6805314255
45985416,6810162929
46025455,6816246479
46065485,6822473110
46105524,6828707272
46145557,6834865047
46185591,6839733387
46225630,6845653644
46265677,6852558885
46305715,6858140184
46345752,6864699516
46385789,6871392888
46425823,6877543154
46465871,6883338064
46505918,6888304421
46545962,6894677110
46586001,6900938410
46626037,6906261669
46666068,6912392310
46706101,6918592417
46746137,6923670961
46786170,6929448427
46826204,6934851558
46866243,6941340496
46906283,6947814756
46946318,6953198751
46986368,6958040600
47026406,6964141087
47066445,6970602196
47106483,6977252982
47146510,6983564784
47186544,6989712372
47226581,6995909232
47266613,7002170598
47306651,7008376575
47346684,7013513017
47386721,7019266105
47426756,7024687224
47466802,7029667036
47506851,7034899586
47546893,7041603487
47586936,7048645220
47626983,7055138699
47667023,7061611185
47707056,7068050400
47747090,7074326138
47787129,7080626436
47827161,7086405623
47867191,7092090837
47907226,7098237629
47947260,7103341087
47987309,7108163072
48027344,7113799962
48067383,7119183387
48107422,7125744424
48147463,7132282107
48187493,7138698421
48227523,7145088831
48267554,7151463124
48307594,7157388369
48347624,7163088549
48387655,7169389513
48427693,7175666525
48467738,7180593770
48507786,7186513212
48547829,7192803697
48587857,7198292634
48627889,7204735071
48667927,7209131044
48707975,7215982343
48748015,7222072118
48788047,7228412705
48828079,7234398351
48868113,7240152544
48908146,7246432301
48948182,7251891942
48988232,7256726303
49028274,7262575829
49068312,7268573833
49108350,7274011199
49148385,7280167456
49188416,7286306836
49228452,7292613653
49268485,7297506920
49308528,7304046577
49348565,7310596262
49388602,7317078983
49428643,7323535051
49468694,7328562450
49508743,7334532473
49548784,7340962239
49588822,7347250199
49628847,7352563365
49668877,7358850588
49708906,7365125577
49748939,7371383491
49788978,7377641429
49829021,7383436418
49869059,7388813519
49909101,7395379312
49949136,7401737821
49989185,7406588661
50029224,7412859185
50069259,7419339415
50109297,7425465311
50149333,7432010296
50189372,7438407593
50229403,7443674739
50269440,7449872916
50309479,7456235517
50349511,7462570415
50389543,7468737514
50429587,7474562633
50469636,7479478411
50509682,7483948826
50549729,7489915764
50589769,7496627780
50629815,7503994693
50669857,7510470395
50709896,7516952353
50749938,7523370007
50789979,7529749663
50830014,7536030211
50870054,7542100166
50910084,7547643542
50950122,7553596074
50990173,7558483588
51030210,7563413684
51070243,7568442982
51110277,7573286369
51150312,7579575555
51190348,7585785869
51230391,7592664712
51270429,7599170219
51310466,7605650411
51350500,7612054598
51390539,7618300628
51430572,7624000757
51470621,7629491762
51510670,7634439701
51550712,7640662769
51590740,7646266746
51630772,7652118926
51670807,7658309837
51710846,7663138699
51750885,7669639600
51790916,7676085438
51830947,7682058114
51870978,7687817900
51911010,7694148388
51951046,7699309992
51991096,7704130838
52031143,7710414269
52071188,7716770779
52111221,7722800351
52151259,7728170181
52191290,7734401928
52231325,7740462889
52271357,7745662353
52311392,7751448093
52351427,7756798828
52391457,7762878186
52431487,7768660835
52471536,7773816591
52511586,7779482065
52551619,7784986614
52591652,7791316945
52631685,7797630338
52671721,7802863873
52711756,7809152523
52751788,7815393453
52791824,7821461108
52831854,7826889023
52871893,7832967342
52911925,7838271104
52951963,7843876874
52992012,7848701977
53032056,7853951762
53072102,7860458018
53112133,7866094207
53152173,7872117209
53192207,7877491549
53232242,7883795183
53272275,7890106408
53312307,7895892823
53352344,7901986467
53392377,7907942570
53432419,7914106336
53472467,7919032920
53512518,7923986860
53552562,7930408432
53592600,7937094027
53632635,7942465750
53672675,7949024115
53712708,7955560173
53752744,7962023740
53792783,7968450440
53832815,7974282566
53872846,7980044772
53912886,7986276420
53952924,7991416813
53992975,7996300316
54033013,8002279022
54073050,8007610155
54113083,8013876444
54153124,8020564395
54193166,8027050070
54233197,8032401367
54273242,8038947200
54313283,8045435536
54353325,8051959891
54393356,8058436750
54433384,8064803548
54473429,8069747391
54513474,8075153175
54553511,8081005925
54593541,8087241484
54633582,8093534703
54673614,8099493576
54713641,8105020595
54753673,8111178563
54793703,8116944464
54833736,8122169074
54873779,8128053017
54913819,8134393084
54953862,8140336699
54993912,8145166295
55033949,8150372992
55073987,8156509844
55114019,8162027632
55154052,8168306023
55194084,8174583645
55234116,8180596439
55274149,8185365638
55314187,8191091887
55354216,8197247149
55394251,8203114150
55434289,8208233814
55474340,8213204984
55514387,8218171868
55554432,8224612788
55594472,8231157117
55634516,8237665504
55674553,8244101245
55714586,8250371480
55754616,8255912349
55794652,8261174129
55834683,8267110759
55874722,8273367581
55914753,8279633319
55954791,8285080158
55994841,8289888833
56034890,8295902184
56074936,8303103707
56114974,8307942488
56155012,8313355778
56195046,8319734922
56235079,8325980727
56275110,8331474975
56315149,8337843211
56355179,8344134222
56395213,8349886637
56435246,8355741902
56475295,8361074064
56515344,8366362125
56555379,8371805036
56595415,8378110723
56635452,8384660656
56675485,8391435050
56715525,8396431337
56755559,8401804533
56795592,8408246451
56835628,8413753078
56875666,8420026646
56915697,8426358849
56955737,8431853965
56995789,8436715950
57035838,8442730365
57075886,8450034746
57115935,8456525847
57155976,8462856738
57196013,8468918012
57236044,8474310011
57276078,8480407270
57316122,8486258861
57356164,8491658350
57396205,8498175419
57436250,8504710488
57476300,8509691420
57516349,8515603683
57556394,8522142839
57596434,8528619403
57636469,8534951379
57676505,8540170805
57716547,8546239104
57756581,8552679712
57796615,8559026064
57836649,8565308646
57876679,8571462214
57916717,8576325094
57956762,8582130522
57996816,8586935906
58036858,8592782416
58076893,8599142209
58116924,8605266830
58156959,8611182046
58196996,8617276744
58237036,8623320968
58277069,8628938177
58317100,8635090871
58357140,8641368500
58397172,8647554836
58437204,8653599388
58477256,8658460250
58517302,8663582826
58557343,8669869975
58597375,8674648719
58637417,8681172143
58677455,8687732816
58717485,8694172466
58757516,8700519332
58797554,8705872881
58837588,8712235564
58877619,8718538837
58917653,8724804637
58957692,8729871161
58997742,8734714084
59037786,8740918860
59077823,8747218516
59117862,8753499948
59157901,8759707803
59197942,8765538620
59237986,8770967433
59278027,8777474409
59318063,8783971426
59358103,8790476160
59398151,8797385859
59438200,8803603393
59478249,8808409058
59518297,8814069109
59558330,8819369414
59598364,8825616115
59638404,8831876658
59678434,8837778825
59718469,8844056993
59758506,8850673371
59798538,8855927413
59838573,8861937010
59878615,8868492833
59918658,8875031791
59958708,8881250098
59998759,8886058819
60038808,8892348952
60078854,8898866342
60118898,8905318175
60158934,8911746413
60198974,8918262173
60239014,8925189509
60279057,8931765680
60319100,8938060979
60359138,8944634160
60399179,8949133683
60439216,8955084849
60479265,8959935519
60519310,8965423011
60559346,8971621018
60599381,8977498231
60639404,8983783282
60679422,8990181479
60719444,8996596350
60759466,9002925585
60799488,9009184906
60839512,9015534318
60879533,9021959951
60919556,9028337693
60959593,9034379706
60999648,9039682240
61039701,9044933527
61079756,9050182407
61119814,9055431086
61159867,9060736894
61199919,9066004116
61239972,9071253847
61280030,9076503108
TS,2
31748,630
71807,670
111867,710
151927,750
191987,790
232047,830
272107,870
312167,910
352227,950
392287,990
432347,1030
471404,1071
511458,1111
551507,1151
591558,1191
631611,1231
671663,1271
711716,1311
751765,1351
791818,1391
831871,1431
871922,1471
905960,1505
946004,1545
982043,1582
1022084,1622
1062126,1662
1102163,1702
1142199,1742
1182232,1782
1222270,1822
1262307,1862
1302349,1902
1342381,1942
1382415,1982
1422465,2022
1462516,2062
1502553,2102
1542587,2142
1582625,2182
1622657,2222
1662686,2262
1702720,2302
1742753,2342
1782790,2382
1822824,2422
1862857,2462
1902896,2502
1942948,2542
1982993,2582
2023025,2622
2063055,2662
2103088,2702
2143124,2742
2183161,2782
2223202,2822
2263240,2862
2303272,2902
2343310,2942
2383342,2982
2423391,3022
2463441,3062
2503478,3102
2543512,3142
2583550,3182
2623583,3222
2663622,3262
2703653,3302
2743685,3342
2783719,3382
2823752,3422
2863796,3462
2903838,3502
2943891,3542
2983933,3582
3023967,3622
3064006,3662
3104041,3702
3144077,3742
3184112,3782
3224152,3822
3264182,3862
3304213,3902
3344242,3942
3384274,3982
3424324,4022
3464375,4062
3504416,4102
3544448,4142
3584481,4182
3624509,4222
3664539,4262
3704576,4302
3744612,4342
3784643,4382
3824688,4422
3864730,4462
3904769,4502
3944819,4542
3984865,4582
4024908,4622
4064953,4662
4104995,4702
4145038,4742
4185083,4782
4225125,4822
4265167,4862
4305213,4902
4345255,4942
4385299,4982
4425351,5022
4465404,5062
4505443,5102
4545490,5142
4585539,5182
4625582,5222
4665612,5262
4705653,5302
4745692,5342
4785735,5382
4825781,5422
4865821,5462
4905864,5502
4945914,5542
4985961,5582
5026006,5622
5066052,5662
5106093,5702
5146126,5742
5186157,5782
5226194,5822
5266230,5862
5306272,5902
5346316,5942
5386358,5982
5426403,6022
5466457,6062
5506491,6102
5546525,6142
5586562,6182
5626598,6222
5666636,6262
5706671,6302
5746712,6342
5786740,6382
5826771,6422
5866803,6462
5906839,6502
5946892,6542
5986934,6582
6026973,6622
6067006,6662
6107042,6702
6147075,6742
6187106,6782
6227142,6822
6267176,6862
6307207,6902
6347238,6942
6387278,6982
6427327,7022
6467377,7062
6507413,7102
6547447,7142
6587481,7182
6627519,7222
6667561,7262
6707597,7302
6747631,7342
6787669,7382
6827699,7422
6867728,7462
6907770,7502
6947820,7542
6987865,7582
7027910,7622
7067949,7662
7107983,7702
7148014,7742
7188045,7782
7228077,7822
7268116,7862
7308150,7902
7348180,7942
7388212,7982
7428257,8022
7468308,8062
7508339,8102
7548371,8142
7588410,8182
7628449,8222
7668482,8262
7708514,8302
7748551,8342
7788588,8382
7828625,8422
7868660,8462
7908705,8502
7948753,8542
7988797,8582
8028828,8622
8068860,8662
8108889,8702
8148929,8742
8188970,8782
8229009,8822
8269050,8862
8309097,8902
8349141,8942
8389186,8982
8429234,9022
8469287,9062
8509322,9102
8549366,9142
8589406,9182
8629444,9222
8669483,9262
8709525,9302
8749561,9342
8789598,9382
8829639,9422
8869681,9462
8909725,9502
8949773,9542
8989819,9582
9029851,9622
9069882,9662
9109916,9702
9149956,9742
9189985,9782
9230028,9822
9270068,9862
9310106,9902
9350147,9942
9390191,9982
9430243,10022
9470295,10062
9510327,10102
9550360,10142
9590395,10182
9630429,10222
9670471,10262
9710505,10302
9750541,10342
9790580,10382
9830615,10422
9870661,10462
9910702,10502
9950753,10542
9990794,10582
10030834,10622
10070864,10662
10110893,10702
10150926,10742
10190962,10782
10230990,10822
10271019,10862
10311056,10902
10351094,10942
10391133,10982
10431180,11022
10471230,11062
10511269,11102
10551310,11142
10591352,11182
10631385,11222
10671421,11262
10711461,11302
10751492,11342
10791528,11382
10831559,11422
10871588,11462
10911630,11502
10951682,11542
10991727,11582
11031771,11622
11071812,11662
11111855,11702
11151898,11742
11191945,11782
11231996,11822
11272036,11862
11312069,11902
11352100,11942
11392139,11982
11432186,12022
11472235,12062
11512265,12102
11552304,12142
11592337,12182
11632371,12222
11672407,12262
11712439,12302
11752479,12342
11792511,12382
11832548,12422
11872580,12462
11912620,12502
11952668,12542
11992713,12582
12032751,12622
12072789,12662
12112823,12702
12152863,12742
12192896,12782
12232936,12822
12272974,12862
12313000,12902
12353041,12942
12393077,12982
12433126,13022
12473176,13062
12513207,13102
12553240,13142
12593285,13182
12633322,13222
12673361,13262
12713399,13302
12753439,13342
12793483,13382
12833519,13422
12873560,13462
12913608,13502
12953661,13542
12993700,13582
13033736,13622
13073774,13662
13113806,13702
13153838,13742
13193873,13782
13233904,13822
13273947,13862
13313984,13902
13354021,13942
13394051,13982
13434096,14022
13474142,14062
13514180,14102
13554222,14142
13594256,14182
13634288,14222
13674321,14262
13714358,14302
13754397,14342
13794430,14382
13834471,14422
13874508,14462
13914549,14502
13954598,14542
13994639,14582
14034681,14622
14074718,14662
14114751,14702
14154786,14742
14194822,14782
14234866,14822
14274915,14862
14314962,14902
14354995,14942
14395022,14982
14435071,15022
14475120,15062
14515170,15102
14555215,15142
14595254,15182
14635284,15222
14675319,15262
14715356,15302
14755390,15342
14795428,15382
14835469,15422
14875507,15462
14915543,15502
14955595,15542
14995632,15582
15035663,15622
15075696,15662
15115734,15702
15155767,15742
15195797,15782
15235834,15822
15275870,15862
15315904,15902
15355942,15942
15395976,15982
15436022,16022
15476066,16062
15516106,16102
15556140,16142
15596174,16182
15636212,16222
15676245,16262
15716276,16302
15756303,16342
15796340,16382
15836372,16422
15876408,16462
15916449,16502
15956497,16542
15996530,16582
16036570,16622
16076601,16662
16116632,16702
16156670,16742
16196703,16782
16236740,16822
16276780,16862
16316812,16902
16356852,16942
16396884,16982
16436930,17022
16476975,17062
16517005,17102
16557038,17142
16597071,17182
16637117,17222
16677163,17262
16717198,17302
16757230,17342
16797265,17382
16837300,17422
16877336,17462
16917374,17502
16957423,17542
16997461,17582
17037493,17622
17077527,17662
17117567,17702
17157606,17742
17197640,17782
17237685,17822
17277728,17862
17317763,17902
17357796,17942
17397831,17982
17437874,18022
17477918,18062
17517953,18102
17557987,18142
17598022,18182
17638061,18222
17678094,18262
17718135,18302
17758167,18342
17798200,18382
17838234,18422
17878270,18462
17918303,18502
17958353,18542
17998392,18582
18038436,18622
18078476,18662
18118517,18702
18158559,18742
18198598,18782
18238641,18822
18278679,18862
18318716,18902
18358750,18942
18398785,18982
18438833,19022
18478879,19062
18518921,19102
18558960,19142
18598990,19182
18639039,19222
18679082,19262
18719118,19302
18759150,19342
18799188,19382
18839222,19422
18879256,19462
18919296,19502
18959347,19542
18999393,19582
19039431,19622
19079474,19662
19119515,19702
19159551,19742
19199589,19782
19239623,19822
19279656,19862
19319689,19902
19359724,19942
19399757,19982
19439806,20022
19479848,20062
19519895,20102
19559930,20142
19599963,20182
19639993,20222
19680030,20262
19720076,20302
19760121,20342
19800157,20382
19840191,20422
19880222,20462
19920262,20502
19960313,20542
20000350,20582
20040388,20622
20080423,20662
20120458,20702
20160498,20742
20200531,20782
20240564,20822
20280602,20862
20320646,20902
20360676,20942
20400711,20982
20440756,21022
20480802,21062
20520838,21102
20560872,21142
20600903,21182
20640939,21222
20680974,21262
20721005,21302
20761044,21342
20801077,21382
20841116,21422
20881149,21462
20921190,21502
20961241,21542
21001280,21582
21041316,21622
21081355,21662
21121393,21702
21161431,21742
21201466,21782
21241494,21822
21281524,21862
21321560,21902
21361593,21942
21401629,21982
21441679,22022
21481726,22062
21521772,22102
21561816,22142
21601856,22182
21641901,22222
21681948,22262
21721996,22302
21762037,22342
21802078,22382
21842118,22422
21882158,22462
21922200,22502
21962251,22542
22002296,22582
22042332,22622
22082364,22662
22122403,22702
22162439,22742
22202467,22782
22242506,22822
22282532,22862
22322571,22902
22362604,22942
22402640,22982
22442689,23022
22482735,23062
22522768,23102
22562807,23142
22602837,23182
22642869,23222
22682904,23262
22722948,23302
22762991,23342
22803022,23382
22843061,23422
22883097,23462
22923138,23502
22963191,23542
23003237,23582
23043279,23622
23083312,23662
23123349,23702
23163382,23742
23203411,23782
23243447,23822
23283475,23862
23323514,23902
23363557,23942
23403594,23982
23443640,24022
23483686,24062
23523723,24102
23563754,24142
23603787,24182
23643822,24222
23683859,24262
23723892,24302
23763925,24342
23803964,24382
23844001,24422
23884032,24462
23924075,24502
23964129,24542
24004174,24582
24044218,24622
24084255,24662
24124298,24702
24164338,24742
24204375,24782
24244410,24822
24284451,24862
24324483,24902
24364521,24942
24404558,24982
24444606,25022
24484654,25062
24524691,25102
24564723,25142
24604759,25182
24644795,25222
24684830,25262
24724864,25302
24764901,25342
24804931,25382
24844970,25422
24885008,25462
24925047,25502
24965098,25542
25005147,25582
25045191,25622
25085226,25662
25125259,25702
25165297,25742
25205344,25782
25245376,25822
25285415,25862
25325452,25902
25365482,25942
25405518,25982
25445567,26022
25485615,26062
25525656,26102
25565689,26142
25605722,26182
25645757,26222
25685803,26262
25725847,26302
25765882,26342
25805917,26382
25845957,26422
25885991,26462
25926033,26502
25966080,26542
26006124,26582
26046160,26622
26086187,26662
26126228,26702
26166266,26742
26206302,26782
26246345,26822
26286385,26862
26326429,26902
26366466,26942
26406494,26982
26446546,27022
26486595,27062
26526639,27102
26566682,27142
26606725,27182
26646772,27222
26686817,27262
26726856,27302
26766890,27342
26806928,27382
26846961,27422
26886994,27462
26927032,27502
26967080,27542
27007116,27582
27047150,27622
27087192,27662
27127236,27702
27167271,27742
27207305,27782
27247339,27822
27287374,27862
27327409,27902
27367446,27942
27407480,27982
27447528,28022
27487573,28062
27527612,28102
27567642,28142
27607676,28182
27647714,28222
27687747,28262
27727783,28302
27767822,28342
27807855,28382
27847887,28422
27887921,28462
27927958,28502
27968006,28542
28008045,28582
28048073,28622
28088110,28662
28128146,28702
28168182,28742
28208216,28782
28248252,28822
28288293,28862
28328324,28902
28368367,28942
28408411,28982
28448456,29022
28488507,29062
28528543,29102
28568580,29142
28608615,29182
28648657,29222
28688695,29262
28728728,29302
28768766,29342
28808801,29382
28848835,29422
28888869,29462
28928907,29502
28968959,29542
29008993,29582
29049034,29622
29089063,29662
29129100,29702
29169131,29742
29209169,29782
29249203,29822
29289241,29862
29329276,29902
29369310,29942
29409341,29982
29449383,30022
29489428,30062
29529465,30102
29569502,30142
29609535,30182
29649571,30222
29689605,30262
29729637,30302
29769673,30342
29809706,30382
29849741,30422
29889774,30462
29929820,30502
29969869,30542
30009912,30582
30049953,30622
30089991,30662
30130022,30702
30170056,30742
30210090,30782
30250124,30822
30290159,30862
30330188,30902
30370222,30942
30410258,30982
30450302,31022
30490350,31062
30530393,31102
30570431,31142
30610463,31182
30650496,31222
30690534,31262
30730563,31302
30770599,31342
30810635,31382
30850678,31422
30890722,31462
30930765,31502
30970818,31542
31010859,31582
31050890,31622
31090924,31662
31130960,31702
31170995,31742
31211033,31782
31251075,31822
31291114,31862
31331148,31902
31371180,31942
31411212,31982
31451259,32022
31491303,32062
31531348,32102
31571383,32142
31611413,32182
31651450,32222
31691489,32262
31731532,32302
31771572,32342
31811607,32382
31851643,32422
31891677,32462
31931719,32502
31971770,32542
32011818,32582
32051861,32622
32091902,32662
32131936,32702
32171969,32742
32212005,32782
32252041,32822
32292073,32862
32332110,32902
32372147,32942
32412180,32982
32452228,33022
32492273,33062
32532315,33102
32572347,33142
32612376,33182
32652407,33222
32692443,33262
32732480,33302
32772507,33342
32812541,33382
32852574,33422
32892608,33462
32932649,33502
32972700,33542
33012745,33582
33052777,33622
33092810,33662
33132841,33702
33172876,33742
33212910,33782
33252942,33822
33292981,33862
33333010,33902
33373048,33942
33413083,33982
33453138,34022
33493191,34062
33533235,34102
33573279,34142
33613315,34182
33653346,34222
33693379,34262
33733415,34302
33773446,34342
33813480,34382
33853515,34422
33893547,34462
33933591,34502
33973641,34542
34013683,34582
34053726,34622
34093762,34662
34133793,34702
34173831,34742
34213863,34782
34253900,34822
34293931,34862
34333964,34902
34374000,34942
34414031,34982
34454079,35022
34494124,35062
34534166,35102
34574206,35142
34614242,35182
34654278,35222
34694320,35262
34734363,35302
34774408,35342
34814450,35382
34854485,35422
34894514,35462
34934555,35502
34974611,35542
35014650,35582
35054681,35622
35094713,35662
35134745,35702
35174776,35742
35214808,35782
35254845,35822
35294875,35862
35334909,35902
35374943,35942
35414978,35982
35455028,36022
35495076,36062
35535120,36102
35575160,36142
35615202,36182
35655240,36222
35695273,36262
35735313,36302
35775352,36342
35815386,36382
35855427,36422
35895464,36462
35935504,36502
35975555,36542
36015597,36582
36055639,36622
36095672,36662
36135714,36702
36175749,36742
36215779,36782
36255813,36822
36295844,36862
36335877,36902
36375914,36942
36415949,36982
36456000,37022
36496046,37062
36536093,37102
36576140,37142
36616187,37182
36656230,37222
36696280,37262
36736327,37302
36776363,37342
36816400,37382
36856435,37422
36896469,37462
36936506,37502
36976557,37542
37016604,37582
37056651,37622
37096694,37662
37136741,37702
37176781,37742
37216820,37782
37256864,37822
37296901,37862
37336938,37902
37376979,37942
37417018,37982
37457067,38022
37497111,38062
37537145,38102
37577180,38142
37617220,38182
37657260,38222
37697296,38262
37737339,38302
37777372,38342
37817400,38382
37857431,38422
37897468,38462
37937508,38502
37977559,38542
38017598,38582
38057638,38622
38097680,38662
38137710,38702
38177744,38742
38217777,38782
38257814,38822
38297852,38862
38337895,38902
38377933,38942
38417971,38982
38458019,39022
38498068,39062
38538108,39102
38578148,39142
38618194,39182
38658235,39222
38698274,39262
38738309,39302
38778352,39342
38818396,39382
38858439,39422
38898477,39462
38938518,39502
38978569,39542
39018612,39582
39058654,39622
39098697,39662
39138739,39702
39178783,39742
39218822,39782
39258863,39822
39298902,39862
39338938,39902
39378974,39942
39419014,39982
39459063,40022
39499108,40062
39539140,40102
39579177,40142
39619210,40182
39659247,40222
39699279,40262
39739319,40302
39779350,40342
39819382,40382
39859424,40422
39899466,40462
39939510,40502
39979560,40542
40019606,40582
40059645,40622
40099686,40662
40139727,40702
40179765,40742
40219795,40782
40259829,40822
40299866,40862
40339899,40902
40379933,40942
40419970,40982
40460018,41022
40500067,41062
40540111,41102
40580148,41142
40620188,41182
40660222,41222
40700257,41262
40740287,41302
40780315,41342
40820347,41382
40860391,41422
40900428,41462
40940471,41502
40980522,41542
41020569,41582
41060603,41622
41100636,41662
41140673,41702
41180709,41742
41220749,41782
41260788,41822
41300821,41862
41340860,41902
41380894,41942
41420923,41982
41460967,42022
41501014,42062
41541053,42102
41581085,42142
41621119,42182
41661152,42222
41701189,42262
41741223,42302
41781251,42342
41821282,42382
41861318,42422
41901352,42462
41941390,42502
41981438,42542
42021478,42582
42061517,42622
42101563,42662
42141608,42702
42181650,42742
42221691,42782
42261732,42822
42301776,42862
42341821,42902
42381861,42942
42421900,42982
42461949,43022
42501999,43062
42542038,43102
42582070,43142
42622106,43182
42662145,43222
42702176,43262
42742216,43302
42782254,43342
42822285,43382
42862321,43422
42902357,43462
42942393,43502
42982443,43542
43022480,43582
43062523,43622
43102558,43662
43142600,43702
43182637,43742
43222671,43782
43262709,43822
43302742,43862
43342773,43902
43382809,43942
43422841,43982
43462886,44022
43502930,44062
43542968,44102
43583012,44142
43623056,44182
43663091,44222
43703125,44262
43743157,44302
43783194,44342
43823234,44382
43863284,44422
43903331,44462
43943373,44502
43983421,44542
44023462,44582
44063498,44622
44103529,44662
44143567,44702
44183598,44742
44223632,44782
44263670,44822
44303704,44862
44343742,44902
44383776,44942
44423816,44982
44463864,45022
44503912,45062
44543954,45102
44583996,45142
44624035,45182
44664076,45222
44704118,45262
44744156,45302
44784193,45342
44824241,45382
44864286,45422
44904334,45462
44944377,45502
44984427,45542
45024473,45582
45064517,45622
45104553,45662
45144585,45702
45184624,45742
45224657,45782
45264693,45822
45304728,45862
45344766,45902
45384809,45942
45424847,45982
45464893,46022
45504940,46062
45544973,46102
45585016,46142
45625050,46182
45665089,46222
45705131,46262
45745172,46302
45785213,46342
45825248,46382
45865288,46422
45905322,46462
45945365,46502
45985416,46542
46025455,46582
46065486,46622
46105524,46662
46145558,46702
46185591,46742
46225630,46782
46265678,46822
46305716,46862
46345752,46902
46385790,46942
46425823,46982
46465872,47022
46505919,47062
46545963,47102
46586002,47142
46626038,47182
46666069,47222
46706101,47262
46746137,47302
46786171,47342
46826205,47382
46866244,47422
46906284,47462
46946319,47502
46986369,47542
47026406,47582
47066446,47622
47106484,47662
47146511,47702
47186544,47742
47226582,47782
47266613,47822
47306652,47862
47346685,47902
47386722,47942
47426757,47982
47466803,48022
47506851,48062
47546893,48102
47586936,48142
47626983,48182
47667023,48222
47707057,48262
47747091,48302
47787130,48342
47827161,48382
47867192,48422
47907227,48462
47947260,48502
47987310,48542
48027345,48582
48067383,48622
48107423,48662
48147464,48702
48187494,48742
48227523,48782
48267555,48822
48307594,48862
48347625,48902
48387655,48942
48427693,48982
48467739,49022
48507787,49062
48547830,49102
48587858,49142
48627890,49182
48667928,49222
48707976,49262
48748016,49302
48788048,49342
48828080,49382
48868114,49422
48908147,49462
48948182,49502
48988233,49542
49028275,49582
49068313,49622
49108351,49662
49148386,49702
49188417,49742
49228452,49782
49268485,49822
49308528,49862
49348566,49902
49388602,49942
49428643,49982
49468695,50022
49508744,50062
49548784,50102
49588822,50142
49628848,50182
49668878,50222
49708907,50262
49748940,50302
49788978,50342
49829021,50382
49869060,50422
49909102,50462
49949137,50502
49989186,50542
50029224,50582
50069260,50622
50109298,50662
50149334,50702
50189372,50742
50229404,50782
50269441,50822
50309479,50862
50349511,50902
50389544,50942
50429588,50982
50469637,51022
50509683,51062
50549730,51102
50589769,51142
50629816,51182
50669858,51222
50709897,51262
50749939,51302
50789980,51342
50830015,51382
50870055,51422
50910084,51462
50950123,51502
50990174,51542
51030210,51582
51070244,51622
51110278,51662
51150313,51702
51190348,51742
51230391,51782
51270429,51822
51310467,51862
51350500,51902
51390539,51942
51430572,51982
51470621,52022
51510670,52062
51550712,52102
51590741,52142
51630772,52182
51670808,52222
51710846,52262
51750885,52302
51790916,52342
51830947,52382
51870979,52422
51911010,52462
51951047,52502
51991097,52542
52031144,52582
52071189,52622
52111222,52662
52151260,52702
52191290,52742
52231326,52782
52271358,52822
52311393,52862
52351428,52902
52391457,52942
52431488,52982
52471536,53022
52511587,53062
52551620,53102
52591652,53142
52631686,53182
52671722,53222
52711757,53262
52751788,53302
52791825,53342
52831855,53382
52871894,53422
52911925,53462
52951964,53502
52992013,53542
53032057,53582
53072103,53622
53112133,53662
53152173,53702
53192208,53742
53232243,53782
53272276,53822
53312308,53862
53352345,53902
53392377,53942
53432419,53982
53472468,54022
53512518,54062
53552562,54102
53592601,54142
53632636,54182
53672676,54222
53712709,54262
53752745,54302
53792784,54342
53832816,54382
53872846,54422
53912886,54462
53952925,54502
53992976,54542
54033014,54582
54073051,54622
54113084,54662
54153125,54702
54193166,54742
54233198,54782
54273243,54822
54313283,54862
54353325,54902
54393356,54942
54433385,54982
54473430,55022
54513474,55062
54553511,55102
54593542,55142
54633583,55182
54673615,55222
54713642,55262
54753674,55302
54793704,55342
54833736,55382
54873780,55422
54913819,55462
54953862,55502
54993913,55542
55033950,55582
55073988,55622
55114020,55662
55154052,55702
55194084,55742
55234116,55782
55274150,55822
55314187,55862
55354217,55902
55394252,55942
55434289,55982
55474340,56022
55514388,56062
55554433,56102
55594472,56142
55634517,56182
55674554,56222
55714587,56262
55754617,56302
55794653,56342
55834683,56382
55874723,56422
55914754,56462
55954792,56502
55994842,56542
56034890,56582
56074937,56622
56114975,56662
56155012,56702
56195047,56742
56235080,56782
56275111,56822
56315150,56862
56355180,56902
56395214,56942
56435247,56982
56475296,57022
56515345,57062
56555380,57102
56595415,57142
56635452,57182
56675485,57222
56715525,57262
56755560,57302
56795592,57342
56835629,57382
56875666,57422
56915698,57462
56955738,57502
56995790,57542
57035838,57582
57075887,57622
57115936,57662
57155977,57702
57196014,57742
57236045,57782
57276078,57822
57316122,57862
57356164,57902
57396206,57942
57436251,57982
57476301,58022
57516350,58062
57556395,58102
57596435,58142
57636470,58182
57676506,58222
57716548,58262
57756582,58302
57796616,58342
57836650,58382
57876680,58422
57916718,58462
57956763,58502
57996817,58542
58036859,58582
58076894,58622
58116925,58662
58156960,58702
58196996,58742
58237037,58782
58277070,58822
58317101,58862
58357141,58902
58397172,58942
58437204,58982
58477256,59022
58517303,59062
58557344,59102
58597376,59142
58637418,59182
58677456,59222
58717486,59262
58757517,59302
58797555,59342
58837589,59382
58877620,59422
58917653,59462
58957692,59502
58997743,59542
59037786,59582
59077824,59622
59117863,59662
59157901,59702
59197943,59742
59237987,59782
59278028,59822
59318064,59862
59358104,59902
59398152,59942
59438200,59982
59478250,60022
59518298,60062
59558331,60102
59598365,60142
59638404,60182
59678435,60222
59718470,60262
59758507,60302
59798539,60342
59838574,60382
59878616,60422
59918659,60462
59958709,60502
59998759,60542
60038809,60582
60078855,60622
60118899,60662
60158935,60702
60198974,60742
60239015,60782
60279058,60822
60319102,60862
60359139,60902
60399179,60942
60439217,60982
60479265,61022
60519311,61062
60559346,61102
60599382,61142
60639404,61182
60679423,61222
60719445,61262
60759467,61302
60799488,61342
60839513,61382
60879534,61422
60919557,61462
60959594,61502
60999649,61542
61039702,61582
61079757,61622
61119814,61662
61159868,61702
61199920,61742
61239973,61782
61280031,61822
TS,3
31748,10496647
71807,10498750
111868,10500853
151927,10502956
191987,10505059
232047,10507162
272107,10509265
312167,10511368
352227,10513471
392287,10515574
432347,10517677
471404,10846357
511458,11494528
551508,12124322
591558,12752411
631612,13379578
671664,14009552
711717,14644670
751766,15271734
791819,15899695
831872,16528638
871923,17162609
905961,17710979
946005,18276001
982043,18927382
1022085,19619717
1062127,20291491
1102163,20949134
1142199,21572942
1182233,22135298
1222271,22726876
1262308,23290722
1302349,23935500
1342381,24571153
1382417,25188012
1422465,25792613
1462516,26423804
1502553,27102978
1542588,27552696
1582625,28242011
1622657,28924742
1662687,29588658
1702721,30233706
1742754,30879628
1782790,31523544
1822824,32058602
1862858,32689366
1902897,33297757
1942949,33926076
1982994,34554890
2023025,35167952
2063055,35694090
2103088,36312882
2143125,36908620
2183162,37471812
2223203,38145307
2263240,38704167
2303273,39347662
2343311,39984844
2383342,40550839
2423392,41189079
2463441,41819711
2503479,42444041
2543512,43083341
2583551,43684044
2623584,44228890
2663623,44852152
2703654,45461184
2743686,46118070
2783720,46600304
2823753,47259620
2863796,47941632
2903839,48533213
2943891,49164911
2983933,49865602
3023968,50529813
3064007,51158797
3104041,51718115
3144078,52333398
3184113,52874335
3224152,53485957
3264183,54075611
3304214,54697984
3344242,55276577
3384275,55852600
3424325,56464405
3464376,57098620
3504417,57667181
3544449,58327663
3584481,58980203
3624510,59544062
3664539,60195176
3704577,60841591
3744613,61465337
3784644,62022830
3824688,62669814
3864730,63311446
3904770,63973781
3944820,64605318
3984866,65283943
4024909,65916149
4064954,66503621
4104996,67067814
4145039,67763371
4185084,68523987
4225126,69198913
4265168,69866074
4305214,70527875
4345255,71180438
4385300,71921711
4425352,72536913
4465404,73163801
4505444,73807394
4545491,74447397
4585539,75174687
4625583,75859697
4665612,76312796
4705654,76991394
4745693,77669937
4785735,78343033
4825782,79091998
4865821,79773775
4905865,80448809
4945914,81085576
4985962,81686841
5026007,82408571
5066053,83080395
5106093,83713157
5146126,84274937
5186157,84860437
5226195,85433540
5266230,85990023
5306273,86668653
5346317,87343999
5386359,87988308
5426405,88603008
5466457,89230034
5506491,89773677
5546526,90321428
5586563,90951246
5626599,91565737
5666637,92013612
5706672,92613630
5746712,93121662
5786740,93661643
5826772,94262946
5866804,94929377
5906840,95399421
5946892,96029343
5986935,96629694
6026974,97302468
6067007,97950431
6107042,98517785
6147075,99171180
6187107,99819128
6227143,100363957
6267176,100998837
6307208,101605710
6347239,102163280
6387279,102792174
6427327,103404703
6467377,104036176
6507413,104722331
6547448,105319601
6587482,105879798
6627520,106443672
6667562,107112437
6707598,107745352
6747632,108311377
6787669,108958644
6827700,109607120
6867729,110244043
6907771,110817795
6947820,111447272
6987866,112041921
7027911,112783869
7067949,113420975
7107984,114043248
7148015,114565014
7188045,115136326
7228078,115694320
7268117,116263597
7308150,116915898
7348180,117552613
7388212,118119517
7428258,118729973
7468309,119367486
7508340,120046528
7548371,120676542
7588411,121320580
7628450,121957379
7668483,122588785
7708515,123211623
7748552,123734987
7788588,124356582
7828626,124949872
7868660,125520701
7908706,126215720
7948754,126848924
7988797,127554927
8028829,128222652
8068861,128867726
8108890,129455263
8148929,130087224
8188971,130823397
8229009,131482792
8269051,132128921
8309097,132769757
8349142,133449584
8389186,134130014
8429235,134684201
8469288,135315590
8509323,135872356
8549366,136550072
8589407,137221645
8629445,137775720
8669484,138420050
8709526,139081397
8749562,139734049
8789599,140388136
8829639,141050372
8869682,141764848
8909726,142403457
8949774,143041641
8989820,143658882
9029851,144289649
9069882,144886292
9109917,145425316
9149957,146108364
9189986,146777526
9230029,147432769
9270068,148097849
9310107,148756930
9350148,149416375
9390192,150157451
9430244,150772591
9470296,151399804
9510328,152037203
9550361,152551193
9590396,153053372
9630430,153567697
9670471,154239201
9710505,154797541
9750542,155467352
9790581,156150912
9830616,156822199
9870661,157485981
9910703,158165384
9950753,158797118
9990794,159397436
10030835,160124067
10070865,160749491
10110894,161338278
10150927,161970131
10190962,162586364
10230991,163194578
10271020,163721351
10311057,164242633
10351095,164894409
10391134,165557493
10431181,166172971
10471231,166801030
10511269,167470142
10551311,168132915
10591352,168781406
10631385,169345692
10671422,170018651
10711461,170718108
10751493,171270251
10791528,171876608
10831559,172492543
10871589,173037600
10911631,173702165
10951682,174329700
10991727,174838305
11031772,175512569
11071813,176188142
11111855,176862683
11151899,177534119
11191946,178200288
11231997,178957192
11272037,179614022
11312069,180260499
11352101,180890302
11392139,181518528
11432188,182127088
11472236,182764618
11512266,183385056
11552304,183898754
11592338,184430977
11632372,185052811
11672408,185605886
11712439,186269042
11752480,186929093
11792512,187531570
11832549,188115410
11872581,188743916
11912620,189321285
11952669,189953703
11992714,190639773
12032751,191282451
12072790,191916122
12112824,192545170
12152863,193177405
12192896,193765702
12232937,194333416
12272975,195014744
12313001,195675566
12353041,196220383
12393078,196862044
12433127,197472714
12473177,198106387
12513207,198757522
12553241,199409010
12593286,200059482
12633322,200703569
12673362,201343829
12713400,201975629
12753439,202619035
12793484,203284558
12833520,203735473
12873561,204412756
12913609,205107536
12953662,205737999
12993700,206416888
13033736,206962275
13073775,207620244
13113807,208254568
13153838,208805929
13193874,209416075
13233905,209956239
13273948,210588866
13313985,211215946
13354022,211849415
13394052,212522882
13434097,213135644
13474143,213654632
13514181,214319798
13554222,215002214
13594256,215675722
13634289,216338447
13674322,216995393
13714359,217552590
13754397,218160106
13794431,218693573
13834471,219325654
13874509,219968467
13914549,220621074
13954599,221254183
13994640,221899867
14034681,222533008
14074719,223032917
14114751,223640831
14154787,224356183
14194823,225039271
14234867,225709859
14274916,226373974
14314963,227036596
14354996,227691065
14395023,228327218
14435072,228940862
14475121,229634280
14515171,230286239
14555216,230919102
14595255,231484950
14635285,232055715
14675320,232629446
14715357,233219934
14755390,233896166
14795429,234564017
14835470,235227885
14875508,235891550
14915544,236569286
14955595,237201999
14995633,237866021
15035664,238486460
15075697,239039008
15115735,239672406
15155768,240266319
15195798,240802355
15235835,241415185
15275870,241913324
15315905,242475069
15355942,243121397
15395977,243679770
15436023,244291356
15476066,244917354
15516106,245558383
15556141,246208662
15596175,246810597
15636212,247387930
15676246,248024410
15716276,248647292
15756304,249188729
15796341,249819977
15836373,250434925
15876408,251010049
15916449,251584014
15956498,252224157
15996530,252808221
16036570,253473169
16076602,254090969
16116633,254689342
16156670,255344790
16196704,255985589
16236741,256525557
16276780,257168984
16316813,257798992
16356852,258386901
16396884,258955192
16436931,259628751
16476976,260254957
16517006,260832489
16557039,261447208
16597072,261911406
16637118,262591752
16677164,263261946
16717199,263914777
16757231,264463923
16797266,265113361
16837300,265757730
16877337,266341221
16917374,266954192
16957424,267583019
16997462,268177633
17037493,268761423
17077527,269366495
17117567,269986844
17157606,270662165
17197641,271132581
17237686,271812350
17277729,272489128
17317764,273130360
17357797,273697205
17397832,274347641
17437875,274967410
17477919,275581615
17517954,276234342
17557988,276858911
17598023,277501786
17638061,278146865
17678095,278780103
17718136,279399991
17758167,280049483
17798201,280522691
17838235,281190939
17878270,281852838
17918304,282449301
17958354,283081312
17998393,283753068
18038436,284416672
18078477,285076810
18118518,285735532
18158559,286410325
18198598,287116415
18238641,287759472
18278680,288309583
18318717,288892246
18358751,289454454
18398785,289909560
18438834,290522567
18478880,291138562
18518922,291822534
18558960,292500682
18598990,293147131
18639039,293845759
18679083,294575855
18719118,295230194
18759151,295862864
18799189,296491770
18839223,297021367
18879257,297635566
18919297,298195063
18959348,298831747
18999393,299480236
19039432,300073061
19079475,300641002
19119516,301322989
19159552,301998099
19199589,302654241
19239624,303303811
19279656,303920599
19319690,304485333
19359725,305119889
19399758,305691321
19439807,306354540
19479849,306966951
19519895,307603797
19559931,308232783
19599963,308840048
19639994,309338165
19680031,310006150
19720076,310688577
19760122,311361920
19800158,312016718
19840191,312662338
19880223,313228671
19920263,313879587
19960314,314513501
20000351,315182906
20040388,315830256
20080424,316473098
20120458,317092845
20160498,317702591
20200532,318317440
20240564,318827999
20280603,319389905
20320646,320054226
20360677,320612580
20400711,321268948
20440757,321885325
20480803,322497596
20520838,323146105
20560873,323786358
20600904,324327236
20640940,324968247
20680975,325591879
20721006,326120174
20761044,326745857
20801078,327376680
20841117,328057936
20881150,328512872
20921191,329188773
20961242,329819507
21001281,330421511
21041316,331071398
21081356,331747014
21121393,332389887
21161432,333046710
21201466,333703722
21241495,334345666
21281525,334974449
21321561,335588257
21361594,336119727
21401630,336728512
21441680,337332953
21481726,337939090
21521773,338529778
21561817,339099416
21601856,339780444
21641902,340540972
21681948,341228212
21721997,341892924
21762037,342549603
21802079,343204953
21842118,343849277
21882159,344500372
21922200,345138018
21962252,345774200
22002297,346433330
22042333,347065288
22082365,347639973
22122404,348201353
22162439,348857883
22202467,349422905
22242506,350059940
22282533,350623303
22322571,351264059
22362605,351805857
22402640,352450779
22442690,353096913
22482736,353767998
22522768,354394500
22562807,354954868
22602838,355564907
22642870,356186175
22682904,356803134
22722948,357303147
22762992,357965285
22803023,358532719
22843062,359182382
22883097,359825967
22923138,360406323
22963191,361033439
23003238,361715248
23043279,362375997
23083312,363018560
23123350,363648138
23163383,364174576
23203412,364695488
23243448,365298017
23283475,365910709
23323515,366508191
23363557,367023432
23403594,367628243
23443641,368238822
23483686,368857008
23523724,369522143
23563755,370169248
23603788,370718742
23643823,371238267
23683859,371777498
23723893,372397987
23763925,372922160
23803965,373551798
23844001,374193953
23884032,374817362
23924076,375434423
23964131,376062313
24004175,376692284
24044218,377146134
24084256,377818627
24124299,378499443
24164338,379178574
24204376,379831145
24244410,380492074
24284452,381241402
24324484,381789356
24364522,382423966
24404559,382975297
24444607,383634130
24484655,384252285
24524691,384856450
24564724,385393314
24604760,386061939
24644796,386517149
24684831,387184226
24724864,387745289
24764902,388396232
24804931,388943737
24844970,389598303
24885008,390236235
24925047,390806427
24965099,391440957
25005148,392112092
25045192,392755593
25085227,393378313
25125260,394004643
25165298,394630599
25205344,395261727
25245377,395760971
25285416,396437769
25325452,397116952
25365483,397781413
25405518,398434045
25445567,399045680
25485616,399657252
25525657,400303448
25565690,400947641
25605723,401589628
25645758,402235744
25685804,402879416
25725848,403516173
25765883,404126980
25805918,404755547
25845958,405255960
25885992,405812746
25926033,406382757
25966081,407015829
26006124,407706216
26046160,408378243
26086187,409036518
26126228,409655076
26166266,410212858
26206303,410833704
26246345,411487605
26286386,412131876
26326430,412772034
26366466,413432630
26406495,414017769
26446547,414674860
26486595,415292145
26526640,415833495
26566683,416518995
26606726,417207058
26646772,417879918
26686818,418545956
26726857,419211915
26766891,419923390
26806929,420525158
26846962,421136423
26886994,421771111
26927033,422423481
26967081,423052606
27007117,423686883
27047151,424209752
27087193,424798079
27127237,425357782
27167272,425926694
27207306,426586288
27247340,427139661
27287374,427790715
27327409,428439876
27367447,429086077
27407481,429701778
27447529,430330677
27487574,430943668
27527612,431591472
27567643,432224583
27607676,432846677
27647715,433463665
27687748,434046346
27727783,434610500
27767823,435293903
27807856,435966016
27847887,436628397
27887921,437280847
27927958,437857877
27968007,438495943
28008046,439158489
28048073,439721388
28088111,440338133
28128147,440960486
28168183,441466252
28208217,441989955
28248252,442614064
28288294,443293102
28328325,443743256
28368368,444433864
28408411,445200152
28448457,445819903
28488508,446433816
28528544,447096601
28568580,447753290
28608616,448401359
28648658,449058743
28688696,449710599
28728729,450352082
28768767,450974052
28808801,451582153
28848835,452100825
28888870,452676940
28928908,453253175
28968961,453880912
29008993,454463815
29049035,455176756
29089063,455809428
29129101,456466943
29169132,457110944
29209169,457748576
29249204,458299790
29289241,458938860
29329276,459465163
29369310,460087660
29409341,460703022
29449384,461318879
29489429,461931929
29529465,462558693
29569503,463140512
29609536,463686499
29649572,464258426
29689605,464919946
29729638,465517024
29769674,466128654
29809707,466775853
29849742,467309407
29889774,467949474
29929820,468604416
29969869,469234327
30009913,469808285
30049954,470539825
30089992,471106576
30130022,471691289
30170056,472360230
30210090,472815460
30250125,473453997
30290159,474044227
30330189,474699535
30370223,475354542
30410258,475909953
30450303,476577093
30490350,477222157
30530394,477873923
30570431,478519086
30610463,479145278
30650497,479686015
30690535,480304057
30730564,480916469
30770600,481550220
30810636,482051180
30850679,482728734
30890722,483409661
30930766,484096920
30970818,484731208
31010860,485403149
31050890,485959149
31090925,486611727
31130961,487258011
31170996,487814604
31211033,488435153
31251075,489088997
31291115,489703046
31331149,490318969
31371180,490930698
31411212,491426351
31451260,492041664
31491304,492649921
31531348,493325875
31571384,493921481
31611414,494549339
31651451,495212891
31691490,495859149
31731533,496517159
31771573,497172046
31811608,497898679
31851643,498457372
31891678,499071949
31931720,499719980
31971771,500347866
32011819,500987903
32051862,501582832
32091903,502038912
32131937,502705671
32171969,503371587
32212006,503924799
32252041,504573221
32292074,505149878
32332111,505746013
32372148,506269682
32412181,506799687
32452229,507403730
32492274,508098001
32532315,508645389
32572347,509264876
32612377,509875454
32652408,510395646
32692444,510967918
32732480,511423222
32772507,512098150
32812541,512768524
32852575,513423882
32892608,513962772
32932650,514513425
32972701,515141752
33012746,515790439
33052778,516348842
33092811,516982404
33132841,517516776
33172877,518083013
33212911,518647772
33252943,519270945
33292982,519882103
33333011,520390597
33373048,520965850
33413084,521599612
33453139,522210699
33493191,522826233
33533236,523590968
33573280,524271989
33613315,524935805
33653346,525585837
33693380,526216616
33733416,526840581
33773447,527400095
33813480,528026118
33853515,528639495
33893548,529172354
33933592,529759128
33973642,530394558
34013683,530970797
34053727,531651516
34093762,532329906
34133794,532989890
34173832,533626959
34213864,534198943
34253901,534839647
34293931,535481584
34333964,536013583
34374001,536642633
34414032,537189992
34454079,537853553
34494125,538470825
34534167,539099304
34574207,539725858
34614243,540224699
34654279,540904307
34694320,541584136
34734364,542351731
34774409,543011301
34814451,543685831
34854485,544344838
34894515,544987000
34934555,545544056
34974612,546170747
35014650,546826353
35054681,547350151
35094714,547970180
35134746,548585970
35174777,549153613
35214809,549710485
35254846,550336062
35294875,550942952
35334909,551601228
35374944,552145876
35414979,552802858
35455028,553417401
35495076,554130393
35535120,554792161
35575161,555446290
35615203,556092060
35655241,556723826
35695274,557329919
35735313,557949216
35775352,558638444
35815387,559098981
35855428,559775364
35895464,560456328
35935505,561144961
35975556,561776495
36015598,562460365
36055639,563110485
36095672,563723382
36135714,564305417
36175750,564927865
36215779,565472321
36255814,566093754
36295845,566702162
36335878,567236584
36375914,567832581
36415949,568333761
36456000,568947902
36496047,569561458
36536094,570242850
36576141,570921850
36616188,571632031
36656231,572360087
36696280,573024286
36736327,573676217
36776364,574219982
36816401,574718025
36856436,575339859
36896469,575967914
36936507,576521708
36976557,577150459
37016605,577807304
37056652,578480477
37096695,578948594
37136741,579628003
37176782,580342869
37216821,581067111
37256865,581740425
37296901,582396377
37336939,583050908
37376980,583704589
37417019,584351861
37457067,585058122
37497112,585670300
37537146,586298892
37577181,586922428
37617221,587451906
37657261,588030944
37697297,588588905
37737339,589260410
37777373,589918040
37817401,590479282
37857432,591125964
37897469,591774395
37937509,592342426
37977560,592971986
38017599,593628817
38057639,594164227
38097681,594788183
38137711,595367080
38177745,595916461
38217778,596438914
38257815,597102466
38297852,597554692
38337896,598233590
38377934,598914412
38417972,599589539
38458020,600303878
38498068,600923463
38538109,601589798
38578149,602248679
38618195,602915356
38658236,603581039
38698275,604171830
38738310,604802860
38778353,605440147
38818396,606106426
38858440,606657386
38898478,607235627
38938519,607919805
38978570,608549887
39018613,609241816
39058654,609915382
39098698,610681568
39138740,611349098
39178785,612009218
39218823,612663402
39258863,613397767
39298903,614048263
39338939,614676471
39378975,615193029
39419014,615864498
39459063,616477899
39499108,617069248
39539141,617647577
39579178,618215003
39619211,618853345
39659248,619480951
39699279,620078225
39739320,620717428
39779350,621287560
39819383,621892375
39859425,622537108
39899466,623180467
39939511,623841579
39979561,624474438
40019606,625138445
40059646,625769236
40099687,626355895
40139727,626921041
40179765,627595005
40219795,628258350
40259829,628921391
40299867,629587891
40339899,630248996
40379934,630891676
40419971,631523237
40460019,632134415
40500068,632742780
40540112,633383145
40580149,634021840
40620189,634745138
40660223,635376813
40700258,635876624
40740288,636538461
40780316,637140600
40820347,637795133
40860392,638501208
40900429,639104472
40940471,639767080
40980523,640395959
41020570,641072088
41060603,641724891
41100637,642356253
41140674,642981528
41180710,643502845
41220750,644109706
41260789,644748580
41300822,645249851
41340861,645929768
41380895,646604507
41420923,647269605
41460967,647883861
41501015,648522158
41541053,649160260
41581085,649803410
41621119,650436781
41661153,651009702
41701190,651619468
41741223,652250610
41781251,652773570
41821283,653392564
41861319,654006312
41901353,654579674
41941391,655170787
41981439,655806356
42021479,656408465
42061518,657072842
42101563,657747736
42141609,658487250
42181651,659180377
42221692,659838453
42261733,660491796
42301776,661140613
42341822,661879193
42381862,662517612
42421901,663150458
42461950,663833255
42502000,664456332
42542038,664956687
42582071,665624953
42622107,666292048
42662145,666955068
42702176,667523829
42742217,668244893
42782255,668935567
42822285,669482035
42862322,669998517
42902358,670503319
42942394,671133725
42982444,671768872
43022481,672344681
43062524,672971600
43102558,673484298
43142601,674170432
43182637,674692753
43222672,675337898
43262710,675951789
43302743,676512661
43342774,677165169
43382810,677806857
43422841,678375299
43462887,679064321
43502931,679681099
43542969,680329100
43583013,680972218
43623057,681597173
43663091,682121166
43703126,682746272
43743158,683414193
43783194,683868272
43823235,684548608
43863285,685249602
43903331,685947039
43943373,686568910
43983422,687199351
44023462,687863147
44063499,688508998
44103529,689066289
44143568,689692121
44183599,690227193
44223633,690886289
44263671,691583092
44303705,692221502
44343742,692807539
44383777,693368367
44423816,694050760
44463865,694669112
44503913,695384020
44543955,696066535
44583997,696738181
44624036,697404286
44664077,698131599
44704119,698816131
44744157,699462863
44784194,700101949
44824242,700741973
44864286,701430761
44904335,702125249
44944378,702625429
44984428,703255862
45024474,703834013
45064517,704510640
45104554,705164859
45144586,705720193
45184624,706377090
45224658,707013993
45264694,707670867
45304728,708315354
45344767,708961269
45384810,709597995
45424848,710235993
45464894,710847098
45504941,711510214
45544973,712072395
45585017,712653983
45625051,713215005
45665090,713895048
45705132,714573493
45745173,715338037
45785213,716010384
45825249,716663755
45865289,717298383
45905322,717919030
45945366,718546653
45985417,719179766
46025456,719821892
46065487,720446797
46105525,721070441
46145559,721682967
46185592,722183931
46225631,722835221
46265679,723523332
46305717,724095420
46345753,724782408
46385791,725494326
46425824,726101268
46465873,726780945
46505920,727391900
46545964,728039968
46586003,728672810
46626038,729214072
46666069,729828243
46706102,730447888
46746138,730956141
46786172,731541749
46826205,732106540
46866245,732780279
46906285,733450149
46946320,734047615
46986370,734679838
47026407,735332701
47066446,735995873
47106484,736688834
47146512,737325673
47186545,737940439
47226582,738563996
47266614,739192981
47306653,739813315
47346686,740328367
47386722,740911472
47426758,741478355
47466804,742093081
47506852,742751698
47546894,743464527
47586937,744154614
47626984,744821398
47667024,745485476
47707058,746143503
47747092,746780187
47787131,747417608
47827162,748032807
47867192,748574273
47907227,749187656
47947261,749737275
47987311,750366891
48027345,750964446
48067384,751526972
48107425,752209926
48147465,752888102
48187495,753549880
48227524,754206469
48267555,754859016
48307595,755491693
48347626,756046184
48387656,756684113
48427694,757317082
48467740,757922006
48507788,758621909
48547830,759253025
48587859,759830036
48627891,760450835
48667929,760910793
48707976,761647725
48748016,762253485
48788049,762906371
48828081,763553122
48868114,764114699
48908147,764754430
48948183,765371274
48988234,766002519
49028275,766605054
49068314,767225355
49108352,767761403
49148386,768377615
49188418,768995425
49228453,769654504
49268486,770128289
49308529,770808945
49348567,771488959
49388603,772158964
49428644,772823693
49468695,773443281
49508745,774153450
49548785,774811655
49588823,775454395
49628848,775994425
49668878,776629881
49708908,777261753
49748941,777889474
49788979,778515051
49829022,779093046
49869061,779654908
49909102,780338457
49949138,781029497
49989186,781662901
50029225,782342328
50069261,783010324
50109299,783653218
50149334,784312086
50189373,784961366
50229405,785495298
50269441,786119868
50309480,786761600
50349512,787397932
50389545,788012412
50429589,788598821
50469637,789206153
50509684,789804216
50549731,790392511
50589770,791098972
50629817,791847685
50669858,792514720
50709898,793180340
50749939,793836264
50789980,794485580
50830015,795121112
50870056,795740629
50910085,796301711
50950124,796924769
50990174,797562878
51030211,798092333
51070245,798594460
51110278,799092399
51150313,799751982
51190349,800417290
51230392,801101570
51270430,801772534
51310468,802438376
51350501,803093148
51390540,803727202
51430573,804341849
51470622,804966743
51510671,805574581
51550713,806200786
51590742,806799209
51630773,807352480
51670809,807968897
51710847,808465143
51750886,809141621
51790917,809809870
51830948,810459769
51870980,811022744
51911011,811671435
51951047,812235633
51991098,812865117
52031145,813540469
52071189,814187068
52111223,814805745
52151260,815340738
52191291,815966674
52231327,816578059
52271358,817093205
52311394,817675017
52351429,818233640
52391458,818895307
52431488,819467108
52471537,820110049
52511587,820789796
52551620,821350868
52591653,821999541
52631687,822644080
52671723,823179809
52711757,823817579
52751789,824447599
52791826,825072666
52831855,825607153
52871895,826212067
52911926,826731873
52951964,827349911
52992014,827979958
53032057,828559921
53072104,829236099
53112134,829842377
53152174,830441914
53192208,830995602
53232244,831642978
53272277,832286403
53312309,832907256
53352345,833521154
53392378,834096096
53432420,834714049
53472469,835318652
53512519,835926568
53552563,836576681
53592602,837232374
53632637,837793438
53672676,838476073
53712710,839154057
53752746,839821384
53792785,840482235
53832816,841112091
53872847,841669612
53912887,842301548
53952925,842860315
53992977,843497900
54033015,844142949
54073052,844675815
54113084,845304949
54153126,846007303
54193167,846618512
54233199,847177225
54273244,847858388
54313284,848530768
54353326,849205233
54393357,849871974
54433385,850523641
54473430,851132098
54513475,851821385
54553512,852383357
54593543,853014464
54633584,853650195
54673616,854268964
54713643,854807839
54753675,855421676
54793704,855996324
54833737,856543732
54873780,857187984
54913820,857829388
54953863,858457911
54993914,859088552
55033950,859660581
55073988,860299728
55114020,860855446
55154053,861497273
55194085,862134178
55234117,862759350
55274151,863258705
55314188,863802322
55354217,864417130
55394253,865022190
55434290,865521656
55474341,866135983
55514389,866749457
55554433,867418589
55594473,868097974
55634518,868770994
55674554,869433335
55714588,870077350
55754617,870653092
55794653,871207128
55834684,871781646
55874724,872413103
55914754,873043460
55954792,873654730
55994843,874282634
56034891,874899539
56074937,875642851
56114976,876112831
56155013,876678785
56195048,877339374
56235080,877992493
56275111,878553139
56315150,879206263
56355180,879848174
56395215,880470358
56435248,881031713
56475297,881712380
56515345,882330568
56555381,882868779
56595416,883503398
56635453,884179252
56675486,884845999
56715526,885343706
56755560,885905068
56795594,886573285
56835629,887151393
56875667,887792537
56915699,888441860
56955738,889064324
56995791,889699127
57035839,890323911
57075888,891071744
57115936,891722755
57155978,892362051
57196014,892980334
57236045,893512708
57276079,894120169
57316123,894714533
57356165,895278845
57396207,895955887
57436252,896632898
57476302,897246920
57516351,897958652
57556395,898625856
57596435,899290413
57636471,899935847
57676506,900468888
57716548,901087346
57756583,901731675
57796617,902370640
57836651,902999968
57876681,903612000
57916719,904112319
57956764,904783593
57996818,905411076
58036859,906017523
58076894,906674809
58116925,907323675
58156961,907938963
58196997,908542377
58237038,909167450
58277070,909738682
58317102,910355492
58357142,910988963
58397173,911609567
58437205,912225931
58477257,912860608
58517303,913473313
58557344,914101031
58597376,914591464
58637418,915270515
58677456,915952248
58717487,916617625
58757517,917269959
58797555,917819626
58837590,918473197
58877621,919114402
58917654,919749060
58957693,920334802
58997744,920967173
59037787,921628446
59077824,922262356
59117863,922891980
59157902,923510817
59197944,924102695
59237988,924670497
59278029,925346354
59318065,926018896
59358105,926690199
59398153,927434696
59438201,928056051
59478251,928683584
59518299,929342802
59558332,929883494
59598366,930515480
59638405,931146944
59678436,931763202
59718471,932390833
59758507,933030228
59798540,933602606
59838576,934190379
59878617,934871972
59918660,935549439
59958710,936256585
59998760,936884485
60038809,937567342
60078856,938233838
60118900,938893776
60158935,939548797
60198975,940217234
60239016,940921358
60279058,941565550
60319102,942195944
60359140,942861353
60399180,943319563
60439217,943974585
60479266,944607972
60519311,945238916
60559347,945897469
60599383,946506803
60639405,947137974
60679424,947792515
60719445,948450373
60759467,949091180
60799489,949726819
60839513,950364004
60879535,951023285
60919557,951675057
60959595,952335020
60999649,953027278
61039702,953712890
61079757,954398204
61119815,955083508
61159868,955776185
61199920,956463852
61239974,957149277
61280032,957834649
TS,4
31749,0
71807,0
111868,0
151927,0
191987,0
232047,0
272107,0
312167,0
352227,0
392287,0
432347,0
471405,0
511459,0
551509,0
591559,0
631613,0
671664,0
711718,0
751767,0
791820,0
831874,0
871923,0
905962,0
946006,0
982044,0
1022085,0
1062128,0
1102164,0
1142200,0
1182234,0
1222272,0
1262308,0
1302350,0
1342382,0
1382418,0
1422466,0
1462517,0
1502554,0
1542589,0
1582626,0
1622658,0
1662688,0
1702721,0
1742755,0
1782791,0
1822825,0
1862859,0
1902898,0
1942950,0
1982995,0
2023026,0
2063056,0
2103089,0
2143126,0
2183163,0
2223203,0
2263241,0
2303273,0
2343312,0
2383343,0
2423393,0
2463442,0
2503479,0
2543513,0
2583552,0
2623585,0
2663624,0
2703654,0
2743687,0
2783721,0
2823754,0
2863797,0
2903840,0
2943892,0
2983934,0
3023968,0
3064008,0
3104042,0
3144079,0
3184113,0
3224153,0
3264184,0
3304215,0
3344243,0
3384275,0
3424326,0
3464377,0
3504418,0
3544449,0
3584482,0
3624510,0
3664540,0
3704578,0
3744614,0
3784645,0
3824689,0
3864731,0
3904770,0
3944821,0
3984867,0
4024909,0
4064955,0
4104996,0
4145040,0
4185085,0
4225126,0
4265168,0
4305215,0
4345256,0
4385301,0
4425352,0
4465405,0
4505444,0
4545492,0
4585540,0
4625584,0
4665613,0
4705655,0
4745694,0
4785736,0
4825782,0
4865822,0
4905865,0
4945915,0
4985963,0
5026008,0
5066053,0
5106094,0
5146127,0
5186158,0
5226195,0
5266231,0
5306274,0
5346317,0
5386360,0
5426406,0
5466458,0
5506492,0
5546527,0
5586564,0
5626600,0
5666637,0
5706672,0
5746713,0
5786741,0
5826772,0
5866805,0
5906841,0
5946893,0
5986935,0
6026975,0
6067007,0
6107043,0
6147076,0
6187108,0
6227143,0
6267177,0
6307209,0
6347240,0
6387280,0
6427328,0
6467378,0
6507414,0
6547449,0
6587482,0
6627521,0
6667563,0
6707599,0
6747633,0
6787670,0
6827701,0
6867730,0
6907772,0
6947821,0
6987867,0
7027911,0
7067950,0
7107985,0
7148015,0
7188046,0
7228078,0
7268118,0
7308151,0
7348181,0
7388213,0
7428259,0
7468310,0
7508341,0
7548372,0
7588412,0
7628451,0
7668484,0
7708516,0
7748552,0
7788589,0
7828626,0
7868661,0
7908707,0
7948755,0
7988798,0
8028830,0
8068862,0
8108891,0
8148930,0
8188971,0
8229010,0
8269052,0
8309098,0
8349143,0
8389187,0
8429236,0
8469288,0
8509323,0
8549367,0
8589408,0
8629446,0
8669485,0
8709527,0
8749563,0
8789600,0
8829640,0
8869683,0
8909727,0
8949774,0
8989821,0
9029852,0
9069883,0
9109917,0
9149958,0
9189987,0
9230030,0
9270069,0
9310108,0
9350148,0
9390193,0
9430245,0
9470297,0
9510329,0
9550361,0
9590396,0
9630431,0
9670472,0
9710506,0
9750543,0
9790581,0
9830617,0
9870662,0
9910704,0
9950755,0
9990795,0
10030836,0
10070866,0
10110895,0
10150927,0
10190963,0
10230992,0
10271020,0
10311058,0
10351095,0
10391135,0
10431182,0
10471232,0
10511270,0
10551311,0
10591353,0
10631386,0
10671423,0
10711462,0
10751494,0
10791529,0
10831560,0
10871590,0
10911632,0
10951683,0
10991727,0
11031773,0
11071813,0
11111856,0
11151900,0
11191947,0
11231997,0
11272037,0
11312070,0
11352102,0
11392140,0
11432188,0
11472237,0
11512267,0
11552305,0
11592339,0
11632373,0
11672408,0
11712440,0
11752481,0
11792513,0
11832549,0
11872582,0
11912621,0
11952669,0
11992714,0
12032752,0
12072790,0
12112824,0
12152864,0
12192897,0
12232937,0
12272976,0
12313001,0
12353042,0
12393079,0
12433128,0
12473177,0
12513208,0
12553242,0
12593287,0
12633323,0
12673363,0
12713401,0
12753440,0
12793485,0
12833521,0
12873562,0
12913610,0
12953663,0
12993701,0
13033737,0
13073776,0
13113808,0
13153839,0
13193875,0
13233906,0
13273949,0
13313986,0
13354023,0
13394052,0
13434098,0
13474144,0
13514182,0
13554223,0
13594257,0
13634290,0
13674322,0
13714361,0
13754398,0
13794432,0
13834472,0
13874510,0
13914550,0
13954600,0
13994641,0
14034682,0
14074720,0
14114752,0
14154788,0
14194824,0
14234868,0
14274917,0
14314964,0
14354997,0
14395024,0
14435073,0
14475122,0
14515172,0
14555216,0
14595255,0
14635285,0
14675321,0
14715358,0
14755391,0
14795430,0
14835471,0
14875509,0
14915545,0
14955596,0
14995634,0
15035665,0
15075698,0
15115736,0
15155769,0
15195798,0
15235835,0
15275871,0
15315905,0
15355943,0
15395977,0
15436023,0
15476067,0
15516107,0
15556142,0
15596176,0
15636213,0
15676247,0
15716277,0
15756304,0
15796342,0
15836373,0
15876409,0
15916450,0
15956499,0
15996531,0
16036571,0
16076602,0
16116634,0
16156671,0
16196705,0
16236742,0
16276781,0
16316814,0
16356853,0
16396885,0
16436932,0
16476977,0
16517007,0
16557039,0
16597073,0
16637118,0
16677165,0
16717200,0
16757232,0
16797267,0
16837301,0
16877338,0
16917375,0
16957425,0
16997463,0
17037494,0
17077528,0
17117568,0
17157607,0
17197642,0
17237686,0
17277730,0
17317764,0
17357798,0
17397832,0
17437876,0
17477919,0
17517955,0
17557989,0
17598024,0
17638062,0
17678096,0
17718136,0
17758168,0
17798201,0
17838236,0
17878271,0
17918305,0
17958355,0
17998394,0
18038437,0
18078478,0
18118519,0
18158561,0
18198599,0
18238642,0
18278681,0
18318717,0
18358752,0
18398786,0
18438835,0
18478881,0
18518923,0
18558961,0
18598991,0
18639040,0
18679083,0
18719119,0
18759152,0
18799189,0
18839224,0
18879258,0
18919298,0
18959349,0
18999394,0
19039433,0
19079476,0
19119517,0
19159553,0
19199590,0
19239624,0
19279657,0
19319690,0
19359726,0
19399759,0
19439808,0
19479850,0
19519896,0
19559932,0
19599964,0
19639995,0
19680032,0
19720077,0
19760122,0
19800159,0
19840192,0
19880224,0
19920263,0
19960315,0
20000352,0
20040389,0
20080424,0
20120459,0
20160499,0
20200533,0
20240565,0
20280604,0
20320647,0
20360677,0
20400712,0
20440758,0
20480803,0
20520839,0
20560874,0
20600905,0
20640941,0
20680975,0
20721006,0
20761045,0
20801078,0
20841118,0
20881151,0
20921192,0
20961243,0
21001281,0
21041317,0
21081357,0
21121394,0
21161433,0
21201467,0
21241496,0
21281526,0
21321562,0
21361594,0
21401631,0
21441681,0
21481727,0
21521774,0
21561817,0
21601857,0
21641903,0
21681949,0
21721998,0
21762038,0
21802080,0
21842119,0
21882160,0
21922201,0
21962253,0
22002297,0
22042333,0
22082366,0
22122406,0
22162440,0
22202468,0
22242507,0
22282533,0
22322572,0
22362605,0
22402641,0
22442691,0
22482736,0
22522770,0
22562808,0
22602838,0
22642870,0
22682905,0
22722950,0
22762993,0
22803023,0
22843063,0
22883098,0
22923139,0
22963192,0
23003238,0
23043280,0
23083313,0
23123351,0
23163384,0
23203413,0
23243449,0
23283476,0
23323516,0
23363558,0
23403595,0
23443642,0
23483687,0
23523724,0
23563756,0
23603788,0
23643824,0
23683860,0
23723894,0
23763926,0
23803966,0
23844002,0
23884033,0
23924077,0
23964132,0
24004176,0
24044219,0
24084257,0
24124299,0
24164339,0
24204377,0
24244411,0
24284453,0
24324485,0
24364523,0
24404560,0
24444608,0
24484655,0
24524692,0
24564724,0
24604760,0
24644796,0
24684832,0
24724865,0
24764903,0
24804932,0
24844971,0
24885009,0
24925048,0
24965100,0
25005149,0
25045193,0
25085227,0
25125261,0
25165299,0
25205345,0
25245377,0
25285417,0
25325453,0
25365484,0
25405519,0
25445569,0
25485617,0
25525657,0
25565691,0
25605724,0
25645759,0
25685805,0
25725849,0
25765884,0
25805918,0
25845958,0
25885993,0
25926034,0
25966081,0
26006125,0
26046161,0
26086188,0
26126229,0
26166267,0
26206304,0
26246346,0
26286387,0
26326431,0
26366467,0
26406495,0
26446548,0
26486596,0
26526641,0
26566684,0
26606727,0
26646773,0
26686819,0
26726858,0
26766891,0
26806930,0
26846962,0
26886995,0
26927034,0
26967082,0
27007118,0
27047152,0
27087193,0
27127238,0
27167272,0
27207307,0
27247340,0
27287375,0
27327410,0
27367448,0
27407482,0
27447529,0
27487575,0
27527613,0
27567643,0
27607677,0
27647715,0
27687749,0
27727784,0
27767824,0
27807856,0
27847888,0
27887922,0
27927959,0
27968008,0
28008047,0
28048074,0
28088112,0
28128148,0
28168184,0
28208217,0
28248253,0
28288295,0
28328327,0
28368369,0
28408412,0
28448457,0
28488508,0
28528545,0
28568581,0
28608617,0
28648659,0
28688696,0
28728730,0
28768768,0
28808802,0
28848836,0
28888871,0
28928910,0
28968962,0
29008994,0
29049035,0
29089064,0
29129102,0
29169133,0
29209170,0
29249205,0
29289242,0
29329277,0
29369311,0
29409342,0
29449384,0
29489430,0
29529466,0
29569504,0
29609537,0
29649573,0
29689606,0
29729639,0
29769674,0
29809708,0
29849742,0
29889775,0
29929821,0
29969870,0
30009914,0
30049954,0
30089992,0
30130023,0
30170057,0
30210091,0
30250125,0
30290160,0
30330190,0
30370223,0
30410259,0
30450304,0
30490351,0
30530395,0
30570432,0
30610464,0
30650498,0
30690536,0
30730565,0
30770601,0
30810636,0
30850680,0
30890723,0
30930767,0
30970819,0
31010861,0
31050891,0
31090926,0
31130962,0
31170997,0
31211034,0
31251076,0
31291115,0
31331149,0
31371181,0
31411213,0
31451261,0
31491305,0
31531349,0
31571385,0
31611414,0
31651452,0
31691490,0
31731534,0
31771573,0
31811609,0
31851644,0
31891678,0
31931720,0
31971771,0
32011820,0
32051863,0
32091904,0
32131937,0
32171970,0
32212006,0
32252042,0
32292075,0
32332111,0
32372149,0
32412182,0
32452230,0
32492275,0
32532316,0
32572348,0
32612378,0
32652408,0
32692444,0
32732481,0
32772508,0
32812542,0
32852576,0
32892609,0
32932650,0
32972702,0
33012747,0
33052778,0
33092811,0
33132842,0
33172878,0
33212911,0
33252943,0
33292983,0
33333011,0
33373049,0
33413084,0
33453139,0
33493192,0
33533237,0
33573280,0
33613316,0
33653347,0
33693381,0
33733417,0
33773448,0
33813481,0
33853516,0
33893548,0
33933593,0
33973643,0
34013684,0
34053728,0
34093763,0
34133795,0
34173832,0
34213864,0
34253902,0
34293932,0
34333965,0
34374001,0
34414033,0
34454080,0
34494126,0
34534168,0
34574208,0
34614244,0
34654280,0
34694321,0
34734365,0
34774410,0
34814452,0
34854486,0
34894515,0
34934556,0
34974612,0
35014651,0
35054682,0
35094714,0
35134746,0
35174778,0
35214810,0
35254847,0
35294876,0
35334910,0
35374944,0
35414979,0
35455029,0
35495077,0
35535121,0
35575162,0
35615204,0
35655242,0
35695275,0
35735315,0
35775353,0
35815388,0
35855429,0
35895465,0
35935506,0
35975557,0
36015598,0
36055640,0
36095673,0
36135715,0
36175751,0
36215780,0
36255815,0
36295846,0
36335879,0
36375915,0
36415950,0
36456001,0
36496048,0
36536095,0
36576142,0
36616188,0
36656232,0
36696281,0
36736328,0
36776364,0
36816402,0
36856437,0
36896470,0
36936507,0
36976558,0
37016606,0
37056653,0
37096696,0
37136742,0
37176783,0
37216822,0
37256866,0
37296902,0
37336939,0
37376980,0
37417020,0
37457068,0
37497113,0
37537147,0
37577181,0
37617222,0
37657261,0
37697298,0
37737340,0
37777374,0
37817402,0
37857432,0
37897470,0
37937510,0
37977561,0
38017600,0
38057640,0
38097682,0
38137712,0
38177746,0
38217779,0
38257816,0
38297853,0
38337897,0
38377935,0
38417973,0
38458021,0
38498069,0
38538109,0
38578150,0
38618196,0
38658237,0
38698276,0
38738311,0
38778353,0
38818397,0
38858441,0
38898479,0
38938520,0
38978571,0
39018614,0
39058655,0
39098698,0
39138741,0
39178785,0
39218824,0
39258864,0
39298904,0
39338939,0
39378976,0
39419015,0
39459064,0
39499109,0
39539142,0
39579179,0
39619212,0
39659248,0
39699280,0
39739321,0
39779351,0
39819384,0
39859425,0
39899467,0
39939512,0
39979561,0
40019607,0
40059647,0
40099688,0
40139728,0
40179766,0
40219796,0
40259830,0
40299868,0
40339900,0
40379934,0
40419972,0
40460020,0
40500069,0
40540112,0
40580150,0
40620190,0
40660223,0
40700259,0
40740289,0
40780317,0
40820348,0
40860392,0
40900430,0
40940472,0
40980523,0
41020570,0
41060604,0
41100638,0
41140674,0
41180711,0
41220750,0
41260790,0
41300823,0
41340862,0
41380895,0
41420924,0
41460968,0
41501015,0
41541054,0
41581086,0
41621120,0
41661154,0
41701190,0
41741224,0
41781252,0
41821283,0
41861320,0
41901354,0
41941392,0
41981440,0
42021480,0
42061519,0
42101564,0
42141609,0
42181652,0
42221693,0
42261734,0
42301777,0
42341823,0
42381863,0
42421902,0
42461950,0
42502001,0
42542039,0
42582072,0
42622108,0
42662146,0
42702177,0
42742218,0
42782256,0
42822286,0
42862323,0
42902359,0
42942395,0
42982445,0
43022482,0
43062525,0
43102559,0
43142601,0
43182638,0
43222673,0
43262711,0
43302744,0
43342775,0
43382810,0
43422842,0
43462888,0
43502931,0
43542970,0
43583014,0
43623058,0
43663092,0
43703127,0
43743158,0
43783195,0
43823236,0
43863285,0
43903332,0
43943374,0
43983423,0
44023463,0
44063499,0
44103530,0
44143569,0
44183600,0
44223634,0
44263671,0
44303706,0
44343743,0
44383778,0
44423817,0
44463866,0
44503914,0
44543955,0
44583998,0
44624037,0
44664077,0
44704119,0
44744158,0
44784195,0
44824242,0
44864287,0
44904336,0
44944379,0
44984429,0
45024475,0
45064518,0
45104555,0
45144587,0
45184625,0
45224659,0
45264695,0
45304729,0
45344767,0
45384810,0
45424848,0
45464895,0
45504941,0
45544974,0
45585018,0
45625051,0
45665091,0
45705132,0
45745174,0
45785214,0
45825250,0
45865289,0
45905323,0
45945367,0
45985418,0
46025457,0
46065487,0
46105526,0
46145559,0
46185593,0
46225632,0
46265680,0
46305718,0
46345754,0
46385791,0
46425825,0
46465874,0
46505921,0
46545964,0
46586003,0
46626039,0
46666070,0
46706103,0
46746139,0
46786172,0
46826206,0
46866245,0
46906285,0
46946321,0
46986370,0
47026408,0
47066447,0
47106485,0
47146513,0
47186546,0
47226583,0
47266614,0
47306654,0
47346687,0
47386723,0
47426759,0
47466805,0
47506853,0
47546895,0
47586938,0
47626985,0
47667025,0
47707058,0
47747092,0
47787132,0
47827163,0
47867193,0
47907228,0
47947262,0
47987312,0
48027346,0
48067385,0
48107426,0
48147466,0
48187496,0
48227525,0
48267556,0
48307596,0
48347627,0
48387657,0
48427695,0
48467740,0
48507788,0
48547831,0
48587860,0
48627892,0
48667930,0
48707977,0
48748017,0
48788050,0
48828081,0
48868115,0
48908148,0
48948184,0
48988235,0
49028276,0
49068314,0
49108353,0
49148387,0
49188418,0
49228454,0
49268487,0
49308530,0
49348568,0
49388604,0
49428645,0
49468696,0
49508745,0
49548786,0
49588824,0
49628849,0
49668879,0
49708908,0
49748941,0
49788980,0
49829022,0
49869062,0
49909103,0
49949139,0
49989187,0
50029226,0
50069261,0
50109299,0
50149335,0
50189374,0
50229406,0
50269443,0
50309481,0
50349513,0
50389545,0
50429589,0
50469638,0
50509685,0
50549732,0
50589771,0
50629817,0
50669859,0
50709899,0
50749940,0
50789981,0
50830016,0
50870057,0
50910086,0
50950125,0
50990176,0
51030212,0
51070245,0
51110279,0
51150314,0
51190350,0
51230393,0
51270431,0
51310469,0
51350502,0
51390541,0
51430574,0
51470623,0
51510672,0
51550714,0
51590743,0
51630774,0
51670810,0
51710848,0
51750887,0
51790918,0
51830949,0
51870981,0
51911012,0
51951048,0
51991098,0
52031146,0
52071190,0
52111223,0
52151261,0
52191292,0
52231328,0
52271359,0
52311395,0
52351429,0
52391459,0
52431489,0
52471538,0
52511588,0
52551621,0
52591654,0
52631687,0
52671724,0
52711758,0
52751790,0
52791826,0
52831856,0
52871896,0
52911927,0
52951965,0
52992015,0
53032058,0
53072104,0
53112135,0
53152175,0
53192209,0
53232244,0
53272278,0
53312310,0
53352346,0
53392378,0
53432421,0
53472470,0
53512520,0
53552564,0
53592602,0
53632638,0
53672677,0
53712711,0
53752747,0
53792785,0
53832817,0
53872848,0
53912888,0
53952926,0
53992978,0
54033016,0
54073052,0
54113085,0
54153126,0
54193168,0
54233200,0
54273244,0
54313285,0
54353327,0
54393358,0
54433386,0
54473431,0
54513476,0
54553513,0
54593543,0
54633585,0
54673617,0
54713644,0
54753676,0
54793705,0
54833738,0
54873781,0
54913821,0
54953864,0
54993914,0
55033951,0
55073989,0
55114021,0
55154054,0
55194086,0
55234118,0
55274151,0
55314189,0
55354218,0
55394253,0
55434291,0
55474342,0
55514389,0
55554434,0
55594474,0
55634519,0
55674555,0
55714589,0
55754619,0
55794654,0
55834685,0
55874724,0
55914755,0
55954793,0
55994844,0
56034892,0
56074938,0
56114977,0
56155014,0
56195049,0
56235081,0
56275112,0
56315151,0
56355181,0
56395215,0
56435249,0
56475297,0
56515346,0
56555381,0
56595417,0
56635454,0
56675488,0
56715526,0
56755561,0
56795594,0
56835630,0
56875668,0
56915699,0
56955740,0
56995792,0
57035840,0
57075888,0
57115937,0
57155979,0
57196015,0
57236046,0
57276080,0
57316124,0
57356166,0
57396208,0
57436252,0
57476302,0
57516351,0
57556396,0
57596436,0
57636471,0
57676507,0
57716549,0
57756584,0
57796617,0
57836651,0
57876682,0
57916720,0
57956765,0
57996819,0
58036860,0
58076895,0
58116926,0
58156962,0
58196998,0
58237039,0
58277071,0
58317103,0
58357143,0
58397174,0
58437206,0
58477258,0
58517304,0
58557346,0
58597377,0
58637419,0
58677457,0
58717487,0
58757518,0
58797556,0
58837590,0
58877621,0
58917655,0
58957695,0
58997745,0
59037788,0
59077825,0
59117864,0
59157903,0
59197946,0
59237990,0
59278029,0
59318066,0
59358105,0
59398154,0
59438202,0
59478252,0
59518300,0
59558333,0
59598367,0
59638406,0
59678437,0
59718472,0
59758508,0
59798541,0
59838576,0
59878617,0
59918661,0
59958711,0
59998761,0
60038810,0
60078857,0
60118901,0
60158936,0
60198976,0
60239017,0
60279059,0
60319104,0
60359141,0
60399182,0
60439218,0
60479267,0
60519312,0
60559348,0
60599384,0
60639406,0
60679425,0
60719446,0
60759468,0
60799490,0
60839514,0
60879536,0
60919558,0
60959596,0
60999650,0
61039703,0
61079758,0
61119816,0
61159869,0
61199921,0
61239975,0
61280033,0
CPU2
TS,0
39923,694479909
79993,694625833
120062,694770382
160131,694916444
200201,695060908
240270,695205089
280340,695349542
320409,695494643
360479,695640512
400548,695786557
440618,695929485
471239,696081638
510723,755308166
550778,815390360
590830,875469156
630882,935546786
670934,995625514
710990,1055709292
751042,1115787654
791096,1175867540
831151,1235950474
871205,1296031094
911248,1356095612
951291,1416160158
991334,1476224080
1031371,1536280512
1071410,1596338668
1111452,1656400802
1151484,1716449350
1191517,1776499168
1231550,1836548260
1271585,1896601288
1311627,1956663786
1351659,2016712622
1391695,2076765388
1431747,2136843824
1471795,2196916850
1510832,2255470900
1550867,2315523862
1590902,2375575994
1630933,2435623432
1670965,2495671694
1711002,2555725886
1751031,2615770350
1791066,2675822014
1831102,2735876802
1871131,2795920188
1911175,2855985828
1951228,2916066128
1981700,2961774076
2021292,3021161406
2061325,3081211674
2101357,3141259596
2141391,3201310794
2181428,3261365292
2221468,3321426150
2261506,3381482744
2301538,3441530592
2341573,3501583564
2381605,3561631852
2421652,3621701952
2461706,3681781946
2501742,3741836080
2541775,3801885728
2581808,3861936066
2621840,3921983872
2661875,3982035752
2701904,4042078980
2741936,4102128080
2781971,4162180476
2822005,4222231092
2862047,4282294926
2902085,4342351004
2942137,4402429322
2982182,4462496994
3022216,4522546794
3062247,4582594420
3102279,4642642380
3142311,4702690714
3182346,4762741702
3222382,4822797064
3262413,4882842828
3302444,4942890164
3342473,5002933362
3382507,5062983784
3422554,5123054290
3462606,5183132448
3502647,5243193924
3542679,5303241994
3582709,5363286304
3622742,5423336610
3662772,5483381662
3702803,5543427364
3742837,5603478332
3782867,5663523188
3822907,5723583174
3862948,5783645846
3902987,5843704906
3943039,5903782472
3983087,5963854198
4023130,6023918872
4063171,6083979804
4103211,6144039856
4143253,6204102866
4183296,6264167932
4223338,6324230622
4263379,6384291872
4303425,6444360484
4343465,6504421468
4383506,6564482602
4423557,6624559868
4463611,6684640338
4503652,6744702330
4543695,6804766146
4583741,6864835302
4623783,6924898326
4663813,6984942582
4703852,7045002164
4743889,7105057410
4783932,7165121466
4823976,7225188622
4864018,7285249846
4904059,7345312996
4944112,7405392036
4984159,7465462962
5024205,7525530606
5064249,7585597180
5104288,7645655086
5144318,7705700358
5184348,7765745508
5224380,7825793658
5264415,7885846108
5304453,7945902862
5344496,8005967980
5384533,8066023412
5424580,8126094426
5464634,8186175050
5504669,8246226220
5544703,8306277848
5584738,8366330430
5624773,8426382186
5664808,8486436352
5704843,8546487686
5744878,8606540464
5784905,8666581682
5824936,8726627162
5864966,8786673432
5905003,8846728948
5945054,8906804802
5985098,8966870956
6025135,9026925630
6065163,9086967390
6105200,9147022610
6145227,9207064802
6185257,9267108596
6225291,9327160348
6265324,9387209602
6305351,9447249660
6345381,9507294256
6385419,9567351320
6425462,9627416946
6465517,9687498734
6505550,9747548142
6545585,9807601540
6585620,9867653544
6625657,9927709860
6665698,9987770344
6705733,10047822530
6745767,10107874614
6785797,10167918554
6825828,10227965274
6865858,10288010864
6905900,10348074246
6945953,10408153202
6986002,10468226152
7026043,10528288706
7066083,10588348926
7106120,10648403558
7146150,10708448040
7186180,10768493620
7226210,10828537936
7266243,10888588836
7306273,10948633038
7346303,11008678728
7386334,11068724308
7426377,11128789772
7466429,11188866610
7506464,11248919586
7546491,11308960726
7586529,11369016622
7626565,11429070354
7666597,11489118718
7706623,11549157486
7746656,11609208360
7786691,11669260880
7826728,11729315660
7866764,11789368790
7906806,11849432074
7946856,11909507894
7986902,11969577710
8026932,12029622414
8066961,12089665182
8106992,12149711354
8147028,12209765852
8187069,12269826564
8227107,12329883500
8267148,12389945066
8307191,12450010744
8347236,12510077140
8387276,12570138358
8427325,12630211874
8467378,12690290094
8507415,12750345464
8547453,12810403078
8587493,12870462790
8627530,12930518302
8667563,12990568456
8707600,13050624338
8747634,13110675134
8787667,13170724322
8827708,13230786444
8867747,13290844046
8907790,13350908606
8947842,13410986606
8987889,13471056650
9027924,13531110444
9067954,13591153880
9107987,13651204234
9148025,13711260552
9188056,13771307998
9228097,13831368434
9268136,13891427950
9308170,13951478412
9348206,14011533014
9388245,14071591246
9428297,14131669004
9468349,14191747466
9508382,14251796276
9548416,14311846790
9588449,14371896884
9628483,14431948696
9668523,14492008180
9708557,14552059018
9748593,14612113494
9788630,14672168104
9828667,14732224366
9868708,14792286180
9908751,14852349674
9948800,14912424052
9988845,14972491630
10028883,15032548074
10068914,15092593958
10108943,15152637632
10148972,15212682274
10189010,15272738586
10229038,15332780310
10269069,15392827154
10309105,15452881436
10349144,15512939586
10389181,15572996026
10429230,15633067966
10469282,15693147226
10509320,15753203092
10549355,15813256310
10589394,15873313868
10629429,15933366440
10669462,15993416934
10709498,16053471402
10749529,16113517118
10789565,16173570608
10829594,16233614440
10869623,16293657762
10909665,16353721008
10949716,16413797590
10989762,16473867694
11029802,16533926456
11069843,16593987784
11109886,16654052504
11149930,16714118574
11189975,16774186560
11230018,16834250648
11270061,16894315900
11310093,16954362142
11350122,17014406288
11390157,17074458754
11430206,17134532852
11470258,17194610042
11510290,17254658672
11550324,17314709752
11590358,17374761064
11630392,17434811198
11670428,17494866394
11710460,17554913258
11750495,17614965464
11790523,17675008596
11830559,17735062644
11870588,17795105452
11910628,17855165630
11950681,17915246026
11990725,17975310630
12030762,18035366928
12070799,18095422260
12110832,18155471544
12150874,18215534706
12190908,18275584850
12230944,18335639706
12270982,18395696970
12311012,18455741600
12351046,18515793108
12391081,18575844886
12431128,18635915678
12471182,18695996684
12511213,18756043756
12551246,18816093256
12591289,18876156502
12631326,18936212880
12671365,18996271188
12711401,19056324768
12751440,19116384308
12791484,19176449578
12831522,19236506780
12871564,19296569914
12911611,19356640178
12951665,19416720634
12991703,19476778658
13031737,19536829526
13071775,19596885708
13111809,19656936808
13151841,19716985446
13191874,19777034782
13231909,19837086596
13271945,19897140606
13311982,19957196066
13352023,20017258056
13392057,20077308968
13432105,20137381306
13472149,20197446920
13512187,20257503902
13552228,20317565762
13592261,20377615188
13632294,20437664170
13672327,20497713648
13712360,20557763766
13752396,20617817360
13792429,20677867630
13832469,20737926776
13872507,20797983824
13912547,20858044782
13952599,20918121468
13992640,20978184144
14032684,21038249176
14072720,21098303346
14112752,21158352188
14152788,21218405406
14192823,21278458104
14232865,21338520654
14272912,21398592132
14312958,21458660876
14352995,21518715888
14393025,21578761346
14433073,21638834430
14473124,21698909576
14513170,21758979252
14553214,21819045226
14593250,21879098478
14633284,21939149218
14673315,21999196060
14713347,22059244416
14753381,22119294788
14793418,22179350378
14833454,22239405748
14873491,22299459706
14913528,22359515904
14953580,22419594340
14993616,22479647254
15033645,22539691720
15073679,22599741416
15113713,22659793398
15153743,22719838436
15193773,22779883654
15233806,22839932710
15273842,22899985938
15313873,22960033776
15353910,23020088068
15393944,23080140240
15433990,23140207928
15474037,23200278714
15514072,23260331072
15554104,23320380018
15594137,23380428744
15634175,23440485374
15674204,23500528802
15714231,23560569640
15754261,23620615266
15794291,23680659420
15834326,23740712278
15874362,23800765872
15914400,23860823458
15954449,23920897540
15994486,23980953104
16034524,24041009862
16074554,24101055184
16114585,24161100704
16154621,24221155410
16194650,24281199104
16234685,24341250304
16274722,24401306852
16314756,24461357770
16354790,24521408366
16394823,24581458560
16434870,24641527990
16474915,24701595770
16514943,24761638360
16554975,24821686600
16595008,24881735744
16635052,24941801812
16675094,25001865246
16715127,25061914160
16755157,25121958524
16795194,25182013834
16835223,25242058696
16875255,25302106440
16915291,25362160760
16955345,25422241624
16995384,25482299316
17035416,25542347800
17075447,25602393972
17115485,25662450910
17155522,25722506954
17195558,25782560374
17235598,25842620982
17275639,25902682672
17315673,25962732754
17355707,26022783312
17395736,26082827820
17435782,26142896114
17475830,26202968336
17515864,26263018890
17555896,26323067502
17595927,26383113872
17635970,26443178374
17676003,26503227970
17716040,26563283236
17756069,26623327292
17796100,26683374338
17836134,26743425216
17876167,26803474654
17916200,26863523886
17956254,26923604386
17996291,26983660392
18036331,27043720982
18076369,27103776822
18116411,27163840028
18156451,27223900594
18196489,27283957766
18236534,27344024094
18276571,27404080830
18316606,27464133118
18356641,27524185216
18396674,27584235194
18436719,27644302372
18476767,27704374170
18516809,27764437056
18556850,27824497728
18596879,27884541728
18636924,27944608926
18676967,28004673890
18717002,28064726804
18757031,28124769848
18797065,28184820524
18837100,28244873672
18877131,28304919852
18917172,28364981752
18957222,28425057572
18997266,28485122344
19037304,28545178920
19077342,28605236426
19117380,28665294232
19157415,28725345956
19197451,28785400614
19237483,28845447426
19277512,28905490982
19317545,28965540824
19357574,29025584966
19397604,29085629998
19437651,29145700776
19477701,29205774572
19517740,29265833824
19557781,29325895462
19597809,29385937180
19637840,29445983122
19677878,29506040844
19717921,29566105582
19757966,29626173066
19798005,29686231112
19838036,29746278136
19878065,29806321662
19918100,29866374082
19958152,29926452082
19998192,29986512344
20038231,30046570614
20078264,30106619764
20118295,30166665734
20158331,30226720130
20198363,30286767862
20238394,30346814240
20278435,30406875782
20318474,30466934262
20358505,30526981226
20398537,30587029824
20438582,30647097044
20478627,30707164420
20518662,30767217156
20558693,30827263682
20598727,30887314324
20638760,30947363084
20678792,31007411212
20718822,31067455922
20758859,31127512946
20798894,31187564426
20838929,31247617364
20878961,31307664236
20919003,31367728454
20959054,31427804800
20999091,31487859784
21039127,31547914226
21079165,31607971336
21119199,31668022704
21159235,31728076492
21199270,31788128260
21239301,31848175024
21279333,31908222802
21319365,31968271066
21359400,32028323072
21399433,32088373244
21439482,32148446984
21479530,32208519208
21519571,32268579570
21559615,32328647022
21599654,32388705074
21639698,32448769950
21679744,32508838880
21719791,32568910546
21759833,32628973578
21799871,32689031002
21839910,32749089316
21879952,32809151668
21919993,32869213880
21960046,32929292444
22000093,32989363678
22040127,33049413562
22080162,33109467246
22120196,33169516904
22160229,33229567596
22200258,33289609932
22240292,33349661478
22280321,33409705238
22320358,33469760628
22360391,33529809976
22400424,33589860204
22440470,33649928124
22480517,33709999590
22520548,33770045438
22560584,33830099496
22600615,33890145644
22640646,33950191886
22680678,34010240850
22720718,34070301002
22760760,34130363086
22800791,34190410218
22840826,34250462638
22880860,34310512724
22920902,34370577014
22960953,34430654068
23001000,34490722946
23041040,34550783692
23081069,34610826866
23121103,34670877766
23161136,34730927078
23201160,34790963964
23241196,34851017496
23281225,34911061928
23321267,34971123558
23361307,35031184386
23401345,35091240544
23441391,35151310450
23481443,35211388704
23521480,35271444042
23561509,35331487378
23601542,35391535944
23641576,35451587646
23681611,35511640572
23721643,35571688732
23761675,35631735474
23801706,35691782884
23841745,35751840364
23881774,35811884828
23921811,35871940118
23961864,35932019362
24001911,35992090084
24041949,36052146398
24081988,36112205818
24122032,36172271056
24162072,36232332084
24202105,36292380740
24242143,36352438102
24282182,36412496482
24322217,36472548254
24362253,36532603382
24402287,36592653340
24442333,36652723654
24482381,36712795150
24522418,36772850678
24562455,36832906990
24602488,36892955330
24642522,36953007050
24682555,37013056118
24722588,37073105236
24762621,37133155838
24802650,37193198268
24842688,37253254938
24882718,37313300064
24922757,37373359188
24962809,37433437122
25002856,37493506790
25042901,37553574656
25082936,37613628138
25122969,37673676918
25163005,37733730232
25203051,37793799728
25243085,37853851540
25283124,37913908872
25323160,37973965126
25363191,38034010434
25403225,38094061190
25443274,38154134676
25483327,38214214240
25523369,38274276866
25563398,38334321258
25603429,38394366676
25643465,38454420558
25683505,38514480780
25723548,38574545880
25763583,38634599050
25803615,38694646878
25843652,38754701852
25883685,38814750776
25923723,38874808878
25963776,38934887056
26003818,38994950876
26043854,39055004762
26083884,39115049300
26123918,39175100546
26163961,39235164984
26203992,39295211340
26244034,39355275078
26284075,39415335230
26324114,39475395028
26364150,39535448484
26404180,39595493984
26444229,39655567660
26484280,39715643232
26524320,39775703042
26564363,39835767832
26604405,39895830586
26644451,39955900780
26684496,40015967334
26724534,40076024906
26764569,40136077302
26804607,40196133506
26844641,40256184358
26884673,40316233384
26924711,40376290264
26964763,40436368524
27004800,40496424040
27044835,40556476592
27084875,40616536506
27124916,40676598080
27164952,40736650996
27204982,40796696970
27245013,40856742656
27285051,40916799232
27325084,40976849464
27365116,41036897990
27405144,41096938780
27445191,41157010128
27485240,41217082928
27525281,41277144914
27565312,41337191624
27605347,41397243810
27645381,41457295384
27685412,41517340710
27725448,41577394960
27765488,41637456046
27805521,41697504610
27845550,41757549236
27885585,41817600994
27925626,41877662990
27965679,41937742866
28005719,41997802954
28045749,42057846454
28085786,42117902434
28125818,42177951492
28165853,42238003018
28205883,42298047336
28245914,42358093756
28285953,42418153210
28325983,42478198544
28366025,42538261652
28406067,42598324568
28446118,42658401450
28486168,42718476170
28526209,42778536616
28566238,42838581056
28606269,42898627198
28646309,42958687778
28686346,43018742578
28726378,43078789984
28766415,43138846634
28806445,43198891284
28846479,43258941894
28886511,43318989800
28926548,43379045984
28966602,43439126788
29006639,43499181312
29046679,43559241542
29086709,43619287742
29126749,43679347758
29166777,43739388600
29206810,43799438236
29246846,43859492352
29286879,43919542152
29326914,43979594510
29366945,44039641562
29406972,44099681782
29447019,44159752054
29487065,44219821610
29527098,44279869848
29567134,44339924170
29607166,44399972160
29647203,44460027936
29687235,44520075438
29727264,44580119980
29767301,44640174692
29807330,44700218650
29847364,44760269382
29887391,44820310696
29927431,44880369790
29967482,44940447326
30007525,45000511150
30047565,45060571544
30087602,45120626682
30127629,45180667756
30167658,45240711114
30207694,45300765000
30247724,45360810188
30287758,45420861350
30327792,45480911858
30367820,45540953638
30407854,45601004316
30447901,45661075706
30487950,45721148546
30527987,45781204474
30568019,45841252684
30608048,45901295146
30648082,45961346574
30688120,46021404274
30728151,46081449260
30768186,46141502842
30808223,46201558462
30848262,46261617364
30888307,46321683440
30928348,46381746408
30968398,46441821246
31008441,46501884956
31048473,46561934006
31088508,46621986088
31128540,46682033796
31168576,46742087166
31208610,46802138568
31248652,46862202468
31288691,46922260052
31328721,46982304442
31368753,47042353180
31408784,47102399800
31448834,47162474572
31488884,47222550270
31528927,47282613606
31568961,47342665218
31608993,47402712984
31649025,47462761492
31689063,47522817762
31729103,47582877514
31769142,47642936748
31809177,47702989190
31849213,47763042980
31889248,47823095992
31929285,47883152208
31969338,47943230780
32009382,48003296700
32049421,48063355530
32089461,48123414204
32129495,48183466096
32169526,48243513080
32209561,48303565502
32249594,48363615706
32289625,48423660656
32329660,48483713038
32369698,48543770060
32409730,48603818648
32449781,48663895306
32489828,48723965804
32529868,48784025526
32569899,48844072458
32609930,48904118668
32649961,48964164512
32689994,49024214634
32730028,49084265070
32770060,49144313886
32810093,49204363058
32850127,49264413876
32890160,49324462894
32930199,49384522890
32970255,49444606530
33010301,49504674800
33050334,49564724042
33090364,49624770326
33130393,49684813426
33170425,49744861506
33210459,49804912048
33250489,49864957832
33290524,49925010040
33330558,49985060382
33370591,50045109710
33410630,50105168482
33450680,50165243374
33490730,50225318116
33530777,50285388622
33570819,50345452246
33610858,50405511058
33650888,50465556104
33690917,50525598912
33730953,50585653140
33770981,50645695662
33811013,50705742582
33851048,50765795710
33891080,50825843790
33931122,50885906920
33971176,50945987876
34011221,51006054606
34051263,51066118412
34091301,51126175118
34131329,51186216946
34171368,51246275038
34211397,51306318682
34251436,51366377766
34291466,51426422520
34331500,51486473908
34371535,51546525680
34411563,51606568188
34451610,51666638926
34491659,51726711990
34531699,51786771716
34571739,51846832386
34611773,51906882824
34651808,51966934830
34691849,52026996994
34731895,52087066374
34771939,52147132700
34811977,52207189854
34852014,52267245550
34892042,52327286976
34932081,52387345056
34972132,52447421322
35012173,52507483866
35052208,52567536204
35092240,52627583112
35132267,52687623598
35172296,52747668146
35212330,52807717994
35252364,52867769904
35292392,52927811914
35332421,52987855846
35372457,53047908552
35412488,53107955784
35452534,53168024814
35492584,53228099944
35532629,53288167766
35572666,53348223114
35612705,53408280454
35652744,53468339446
35692774,53528384006
35732810,53588438620
35772850,53648498804
35812885,53708551280
35852922,53768606366
35892963,53828668274
35933000,53888723458
35973051,53948800534
36004686,53996252262
36041122,54050906330
36081157,54110959660
36121193,54171012952
36161233,54231073658
36201266,54291122628
36241295,54351165964
36281327,54411213932
36321361,54471265398
36361394,54531314014
36401428,54591365018
36441469,54651427734
36481521,54711504918
36512517,54757999616
36551598,54816619994
36591643,54876688194
36631686,54936752790
36671729,54996818856
36711776,55056886776
36751816,55116948344
36791851,55176999468
36831888,55237055280
36871915,55297097170
36911946,55357142248
36951995,55417216940
36992047,55477293840
37032090,55537358676
37072134,55597424682
37112176,55657487568
37152219,55717551488
37192256,55777607796
37232300,55837673918
37272337,55897728796
37312371,55957780276
37352408,56017835176
37392450,56077898534
37432488,56137956098
37472538,56198030498
37512579,56258092712
37552611,56318139346
37592647,56378193720
37632680,56438243640
37672720,56498303486
37712756,56558357832
37752796,56618418504
37792823,56678458532
37832853,56738502572
37872882,56798546676
37912918,56858600772
37952963,56918668918
37993012,56978741994
38033045,57038792006
38073079,57098841672
38113118,57158900622
38153147,57218943334
38193178,57278991074
38233216,57339047132
38273249,57399096934
38313289,57459157658
38353330,57519218828
38393370,57579278188
38433413,57639343776
38473464,57699419530
38513508,57759486094
38553547,57819545038
38593587,57879604414
38633628,57939666040
38673665,57999721052
38713697,58059769114
38753734,58119824994
38793773,58179882400
38833815,58239946082
38873857,58300008748
38913897,58360069230
38953944,58420140290
38993996,58480218212
39034040,58540283714
39074082,58600346516
39114125,58660411370
39154166,58720472566
39194208,58780535694
39234247,58840594326
39274289,58900656786
39314323,58960708620
39354359,59020762498
39394393,59080813014
39434440,59140882986
39474492,59200961662
39514534,59261024892
39554568,59321075028
39594603,59381127992
39634636,59441177872
39674669,59501226954
39714703,59561277846
39754739,59621331880
39794771,59681380034
39834807,59741434218
39874848,59801495570
39914890,59861557824
39954939,59921631962
39994987,59981704420
40035029,60041766790
40075067,60101824352
40115106,60161882414
40155149,60221947606
40195181,60281995194
40235211,60342040388
40275242,60402086464
40315280,60462144194
40355311,60522189260
40395341,60582234696
40435382,60642296270
40475432,60702372324
40515478,60762440198
40555516,60822498156
40595552,60882552170
40635593,60942614048
40675626,61002662970
40715659,61062711646
40755687,61122754844
40795721,61182804482
40835756,61242857316
40875799,61302922412
40915834,61362974372
40955882,61423046118
40995932,61483121818
41035973,61543183106
41076006,61603232112
41116038,61663281122
41156073,61723332378
41196111,61783390076
41236147,61843443612
41276184,61903499084
41316217,61963549702
41356257,62023609356
41396289,62083656546
41436319,62143702900
41476372,62203782384
41516414,62263843990
41556447,62323894668
41596480,62383943272
41636508,62443985032
41676540,62504033446
41716573,62564083980
41756606,62624132398
41796633,62684173630
41836666,62744222642
41876703,62804278222
41916737,62864328308
41956781,62924395756
41996829,62984466800
42036867,63044524596
42076906,63104581944
42116950,63164648184
42156993,63224713634
42197034,63284774934
42237073,63344833316
42277116,63404897216
42317159,63464962622
42357199,63525021942
42397238,63585080102
42437280,63645144488
42477332,63705222208
42517378,63765290670
42557416,63825347374
42597448,63885395316
42637484,63945449852
42677520,64005503686
42717550,64065549150
42757593,64125612700
42797626,64185663188
42837659,64245712516
42877693,64305763246
42917727,64365813978
42957771,64425880490
42997817,64485948350
43037853,64546003118
43077884,64606049302
43117920,64666103702
43157958,64726159752
43197994,64786214566
43238025,64846260430
43278058,64906310628
43318085,64966351132
43358120,65026404108
43398151,65086450060
43438183,65146498028
43478234,65206574704
43518274,65266634384
43558312,65326691244
43598352,65386751252
43638389,65446807762
43678423,65506858934
43718452,65566901728
43758483,65626947430
43798521,65687004592
43838566,65747072102
43878610,65807139398
43918650,65867199354
43958699,65927272312
43998747,65987345046
44038780,66047393654
44078814,66107444028
44118847,66167493308
44158879,66227542454
44198909,66287586540
44238944,66347639666
44278981,66407695354
44319020,66467753250
44359053,66527803652
44399092,66587861170
44439132,66647921148
44479183,66707998554
44519226,66768062928
44559267,66828124606
44599308,66888185630
44639348,66948246352
44679386,67008302276
44719426,67068362426
44759463,67128417756
44799501,67188474718
44839545,67248542204
44879589,67308606636
44919632,67368671868
44959677,67428739420
44999726,67488812004
45039766,67548872970
45079805,67608930658
45119840,67668984312
45159879,67729041824
45199914,67789095590
45239943,67849137930
45279974,67909184558
45320006,67969232726
45360046,68029292754
45400087,68089353340
45440128,68149416130
45480182,68209496772
45520217,68269549132
45560251,68329599410
45600290,68389658476
45640324,68449709078
45680367,68509773534
45720408,68569835598
45760448,68629895500
45800483,68689948152
45840522,68750006198
45880552,68810050712
45920589,68870107872
45960637,68930179686
46000687,68990254388
46040719,69050302062
46080750,69110348456
46120788,69170406098
46160821,69230454274
46200850,69290498492
46240891,69350560550
46280935,69410626070
46320969,69470676544
46361006,69530732866
46401042,69590786664
46441079,69650842578
46481130,69710919090
46521175,69770986454
46561211,69831040478
46601247,69891093548
46641278,69951139706
46681308,70011186620
46721339,70071232428
46761375,70131285634
46801407,70191334560
46841444,70251389674
46881477,70311438710
46921512,70371491084
46961555,70431556734
47001606,70491632178
47041642,70551686834
47081681,70611745180
47121717,70671799404
47161749,70731846980
47201786,70791902018
47241816,70851947766
47281849,70911997300
47321882,70972047016
47361920,71032103668
47401951,71092150066
47441990,71152208592
47482042,71212287202
47522090,71272358706
47562131,71332420074
47602176,71392487274
47642219,71452552326
47682259,71512612794
47722290,71572658734
47762324,71632709356
47802359,71692762290
47842388,71752805838
47882417,71812849250
47922452,71872901660
47962496,71932968442
48002543,71993037812
48042576,72053087888
48082615,72113146046
48122655,72173206270
48162688,72233255832
48202717,72293298904
48242744,72353339812
48282780,72413392848
48322811,72473440094
48362838,72533480546
48402871,72593530866
48442909,72653587922
48482963,72713668942
48523007,72773733626
48563042,72833786822
48603073,72893833630
48643108,72953885924
48683147,73013943648
48723192,73074011326
48763232,73134070880
48803260,73194114338
48843296,73254167600
48883328,73314216008
48923360,73374263832
48963404,73434329728
49003450,73494398128
49043489,73554457196
49083525,73614510580
49123563,73674567194
49163593,73734612870
49203625,73794661772
49243658,73854710350
49283694,73914764988
49323737,73974829838
49363771,74034880498
49403808,74094936498
49443851,74155000824
49483904,74215079212
49523949,74275146398
49563989,74335206980
49604019,74395251840
49644050,74455298116
49684079,74515342454
49724110,74575388284
49764145,74635440578
49804185,74695501666
49844221,74755555330
49884258,74815610350
49924295,74875666890
49964342,74935737734
50004391,74995809562
50044425,75055860548
50084459,75115912138
50124496,75175967828
50164530,75236019168
50204566,75296072022
50244598,75356121182
50284632,75416172060
50324670,75476228662
50364701,75536274714
50404733,75596322476
50444778,75656389952
50484831,75716470634
50524876,75776537722
50564918,75836600620
50604958,75896660150
50645001,75956725874
50685042,76016787328
50725079,76076841526
50765118,76136900174
50805158,76196960760
50845198,76257020380
50885231,76317070018
50925260,76377112772
50965307,76437184368
51005355,76497256184
51045388,76557306202
51085422,76617356628
51125455,76677406656
51165488,76737455946
51205528,76797515492
51245567,76857574152
51285608,76917635046
51325640,76977684046
51365678,77037740506
51405711,77097790318
51445748,77157845772
51485801,77217925586
51525847,77277993796
51565881,77338044704
51605909,77398086976
51645941,77458134776
51685978,77518190042
51726013,77578243886
51766046,77638293008
51806078,77698341182
51846107,77758383776
51886139,77818431886
51926168,77878475702
51966213,77938543238
52006263,77998618644
52046309,78058686928
52086350,78118748298
52126381,78178795378
52166414,78238844276
52206446,78298892222
52246479,78358942516
52286510,78418989010
52326548,78479045852
52366578,78539090530
52406608,78599135804
52446644,78659190430
52486699,78719272852
52526745,78779341174
52566776,78839388018
52606807,78899433570
52646835,78959475840
52686870,79019529298
52726902,79079577118
52766934,79139624178
52806968,79199675962
52847003,79259728316
52887035,79319775804
52927067,79379823716
52967113,79439892918
53007163,79499967752
53047205,79560031056
53087244,79620089232
53127273,79680132216
53167309,79740187272
53207340,79800234240
53247371,79860279680
53287403,79920327294
53327435,79980375446
53367466,80040422154
53407500,80100474008
53447543,80160538110
53487595,80220616872
53527640,80280684374
53567679,80340742150
53607715,80400795644
53647752,80460851432
53687788,80520905468
53727819,80580951962
53767857,80641009134
53807897,80701069016
53847924,80761110096
53887954,80821154624
53927993,80881212620
53968038,80941281182
54008086,81001353284
54048119,81061401766
54088157,81121458372
54128195,81181515548
54168236,81241578398
54208271,81301630578
54248313,81361693280
54288355,81421756946
54328392,81481811440
54368432,81541871814
54408464,81601919162
54448498,81661971564
54488551,81722049990
54528591,81782109308
54568623,81842158284
54608658,81902210186
54648693,81962263702
54688722,82022306128
54728750,82082348478
54768779,82142392062
54808811,82202440960
54848842,82262486186
54888885,82322551316
54928923,82382608656
54968967,82442674568
55009013,82502742450
55049053,82562803388
55089085,82622851180
55129118,82682900246
55169146,82742943224
55209176,82802987382
55249204,82863028772
55289237,82923079686
55329276,82983137508
55369306,83043183022
55409340,83103233804
55449383,83163298904
55489435,83223376156
55529482,83283446676
55569523,83343507548
55609563,83403567330
55649602,83463627108
55689638,83523681016
55729665,83583720776
55769696,83643767226
55809729,83703817536
55849763,83763868582
55889795,83823915584
55929824,83883959798
55969864,83944020614
56009916,84004097924
56049961,84064164602
56090004,84124230060
56130041,84184284546
56170075,84244336388
56210107,84304383784
56250135,84364426880
56290168,84424474728
56330204,84484529056
56370230,84544569108
56410261,84604615382
56450294,84664664748
56490347,84724744412
56530392,84784811252
56570421,84844854754
56610462,84904917280
56650494,84964964850
56690530,85025019098
56730569,85085076270
56770598,85145120382
56810632,85205172794
56850663,85265218510
56890701,85325275618
56930734,85385324370
56970776,85445387976
57010826,85505462116
57050874,85565534180
57090920,85625603932
57130964,85685669334
57171001,85745725908
57211033,85805774004
57251067,85865824530
57291102,85925875866
57331143,85985938018
57371184,86045999582
57411226,86106062018
57451275,86166136636
57491330,86226218510
57531379,86286291908
57571418,86346350252
57611458,86406410788
57651494,86466465454
57691527,86526513426
57731565,86586570616
57771604,86646629120
57811636,86706678038
57851669,86766727944
57891703,86826777972
57931740,86886832658
57971788,86946906244
58011839,87006981988
58050879,87065542730
58090909,87125587688
58130940,87185633226
58170978,87245691204
58211016,87305747902
58251054,87365805342
58291086,87425852098
58331119,87485901630
58371158,87545960524
58411187,87606003730
58451227,87666064484
58491280,87726143998
58531323,87786208548
58571361,87846264620
58611396,87906317734
58651436,87966377846
58691473,88026433464
58731506,88086481918
58771537,88146529444
58811577,88206589806
58851610,88266638586
58891641,88326684440
58931670,88386728066
58971721,88446804690
59011768,88506876304
59051808,88566935298
59091841,88626985640
59131883,88687048524
59171921,88747104884
59211962,88807166268
59252006,88867232600
59292041,88927285672
59332080,88987343756
59372124,89047409644
59412172,89107481134
59452219,89167552470
59492272,89227631610
59532314,89287693728
59572346,89347743182
59612383,89407797736
59652415,89467846218
59692448,89527895188
59732487,89587954822
59772521,89648005058
59812553,89708053814
59852590,89768108894
59892636,89828178322
59932682,89888246222
59972734,89948324838
60012785,90008401118
60052832,90068471534
60092875,90128535796
60132914,90188594454
60172952,90248651486
60212992,90308712184
60253036,90368778302
60293078,90428840856
60333119,90488902254
60373158,90548960560
60413194,90609014084
60453238,90669080980
60493290,90729159464
60533331,90789220180
60573365,90849271120
60607355,90900256476
60647440,90900440928
60687490,90900561392
60727539,90900682711
60767586,90900797115
60807635,90900925212
60847682,90901045355
60887730,90901164426
60927781,90901285640
60967846,90901447002
61007912,90901621581
61043972,90901790490
61084039,90901968985
61124107,90902144784
61164174,90902325804
61204241,90902502348
61244309,90902682575
61284377,90902860152
TS,1
39924,37580004
79993,37590389
120063,37600774
160132,37611159
200201,37621544
240271,37631929
280340,37642314
320410,37652699
360479,37663084
400549,37673469
440618,37683854
471240,37692305
510724,42461223
550779,48877929
590832,55251444
630883,60860457
670936,67133695
710992,73510922
751044,79867071
791097,86200633
831152,92510225
871206,98558626
911249,105136160
951292,111503105
991335,117849475
1031372,123661340
1071411,129104485
1111452,136344452
1151485,142929539
1191518,149690353
1231551,156137551
1271586,162520792
1311628,168853252
1351660,174827363
1391696,181564453
1431748,187824440
1471797,194078130
1510833,200300833
1550868,206137081
1590903,211065951
1630934,217799942
1670966,224394648
1711003,231049510
1751032,237529830
1791067,244401980
1831103,251491210
1871132,257884855
1911176,264241525
1951230,270486298
1981701,275425275
2021293,280657845
2061327,287362331
2101358,291677420
2141393,298210019
2181429,304762509
2221469,311569867
2261507,317632483
2301539,323916397
2341574,330407100
2381607,336801774
2421653,343139289
2461707,349411492
2501743,355745571
2541776,361959487
2581809,368273066
2621841,373861782
2661876,380428429
2701905,386630540
2741937,393474394
2781972,399988429
2822006,406607076
2862049,413101897
2902086,419506936
2942138,425795888
2982183,432082181
3022216,438366994
3062248,444668840
3102280,450957286
3142313,456048078
3182346,462217535
3222383,467905536
3262414,474003622
3302446,480454178
3342474,486817594
3382508,493160144
3422555,499510268
3462607,505813949
3502648,512260362
3542680,517997676
3582710,523666776
3622743,529822606
3662773,535594778
3702804,540991605
3742838,547586132
3782868,554067896
3822907,561250876
3862949,568073666
3902989,574031553
3943040,579780036
3983088,586119064
4023131,593342936
4063172,599972686
4103212,606308485
4143254,613082129
4183297,619510929
4223339,624929236
4263380,631516586
4303426,638256159
4343466,645643986
4383507,652137780
4423559,658538526
4463612,664866891
4503654,671335728
4543696,678099062
4583742,685133703
4623784,691457177
4663814,697686569
4703853,703538089
4743890,708973372
4783933,715536822
4823978,723002812
4864019,729629299
4904061,736050400
4944113,742266954
4984161,748739416
5024206,755231745
5064250,761636671
5104289,768080213
5144319,774150901
5184349,780327706
5224381,786183993
5264416,791617414
5304454,798202138
5344498,805704796
5384534,811402662
5424582,817529243
5464636,823868935
5504669,830339749
5544704,836703041
5584739,843171270
5624774,850410969
5664810,856753463
5704844,863055677
5744879,868952792
5784906,874334886
5824937,880768269
5864968,886959933
5905005,893619826
5945055,899064115
5985099,905346592
6025136,912763818
6065164,918789482
6105200,925594416
6145228,931858584
6185258,938134906
6225292,944488307
6265325,950349527
6305352,955752090
6345382,962245279
6385420,969715600
6425463,975773626
6465518,981633854
6505551,988078344
6545586,994763095
6585621,1001023896
6625659,1008223842
6665699,1014530493
6705734,1019996426
6745768,1027009867
6785798,1032837769
6825829,1037875097
6865859,1043828191
6905901,1050778078
6945954,1056619179
6986003,1063139595
7026045,1070577226
7066085,1077000726
7106121,1083416081
7146151,1089691287
7186181,1095927675
7226211,1102198317
7266245,1108519815
7306274,1114336291
7346304,1119739853
7386335,1126206944
7426379,1132632683
7466430,1138406910
7506465,1144433308
7546492,1150853047
7586530,1158238000
7626566,1164711395
7666598,1170718790
7706624,1176830494
7746658,1183608577
7786693,1189885797
7826729,1196084544
7866764,1201027064
7906807,1207227277
7946857,1212868235
7986904,1219228369
8026934,1225418864
8066962,1231339795
8106993,1237600120
8147029,1244850699
8187070,1251292052
8227108,1257628009
8267149,1263973247
8307193,1271310103
8347237,1277636286
8387278,1282601342
8427327,1288957625
8467379,1295382602
8507416,1301942456
8547454,1308482522
8587494,1315450033
8627531,1321275042
8667564,1327662959
8707602,1334248800
8747636,1340976651
8787668,1347695130
8827710,1354041528
8867748,1360344987
8907791,1365329895
8947843,1371553201
8987890,1377330874
9027926,1383400055
9067955,1389778472
9107988,1396154793
9148026,1401866721
9188057,1407771697
9228098,1414186052
9268137,1421390572
9308171,1427789070
9348207,1434178545
9388247,1440513472
9428299,1446309112
9468350,1451620954
9508383,1458043635
9548417,1464645490
9588450,1471146258
9628484,1477621635
9668524,1483643631
9708558,1489228008
9748594,1495483592
9788631,1501742899
9828668,1508100967
9868710,1514494779
9908752,1520726792
9948801,1527324263
9988846,1531715265
10028884,1537864010
10068915,1543626237
10108944,1550074324
10148973,1556562432
10189011,1563821068
10229039,1569375315
10269070,1575669208
10309106,1582136077
10349145,1589472446
10389183,1595482819
10429231,1601146227
10469284,1607173586
10509321,1613090663
10549356,1619413499
10589395,1625746015
10629430,1631416267
10669463,1637788168
10709500,1643696071
10749530,1650402453
10789566,1656971428
10829596,1662999680
10869624,1668859429
10909666,1675858308
10949717,1681722940
10989764,1688418045
11029803,1694319535
11069844,1699699836
11109887,1706267886
11149931,1712835733
11189976,1720116441
11230019,1726915719
11270063,1733341788
11310093,1739667490
11350123,1745996725
11390158,1752411827
11430207,1758687290
11470259,1764893588
11510291,1771179173
11550325,1777073883
11590359,1782417261
11630393,1788879663
11670429,1795415709
11710461,1801865601
11750496,1808397673
11790524,1814830800
11830560,1821927610
11870589,1828644732
11910629,1835029031
11950683,1841241111
11990726,1847512190
12030763,1853940184
12070800,1859814487
12110833,1865240582
12150875,1871740625
12190908,1878114876
12230945,1884037687
12270984,1889829424
12311013,1896165319
12351047,1902602619
12391082,1908988119
12431129,1915285266
12471183,1921473413
12511215,1927576695
12551248,1934017585
12591290,1940911644
12631327,1945207416
12671366,1951749554
12711402,1958276837
12751442,1965440130
12791485,1972359391
12831523,1978790876
12871565,1985204178
12911612,1991607084
12951666,1997900703
12991704,2004268049
13031738,2010563264
13071776,2017817130
13111810,2023676714
13151842,2029087312
13191875,2035594823
13231910,2042122086
13271946,2048668899
13311983,2055689282
13352024,2061453341
13392058,2067767754
13432106,2073875347
13472150,2079320137
13512188,2085580291
13552229,2091859731
13592262,2098038429
13632295,2104264744
13672328,2109112120
13712361,2115673609
13752397,2122199044
13792430,2128685056
13832470,2135426963
13872508,2141564086
13912549,2147842155
13952600,2154086282
13992641,2160514887
14032685,2166943513
14072721,2173489298
14112753,2180058697
14152789,2186856225
14192824,2191710363
14232866,2198248681
14272913,2204830926
14312959,2211494430
14352996,2217726511
14393026,2224096617
14433075,2230482663
14473125,2236834279
14513172,2243284999
14553216,2250252169
14593251,2255850977
14633285,2262053157
14673316,2268299982
14713348,2274145275
14753382,2279582910
14793419,2286169185
14833456,2293301750
14873492,2299436202
14913529,2305502570
14953582,2311773255
14993617,2317485553
15033646,2323386242
15073679,2329754140
15113714,2337086866
15153744,2343376424
15193774,2349611326
15233807,2355442906
15273843,2360640804
15313875,2366787513
15353911,2373805745
15393945,2380314458
15433991,2386003000
15474038,2391947368
15514073,2398573307
15554106,2405431709
15594138,2411039826
15634176,2417179826
15674205,2422955096
15714232,2428648482
15754262,2434808221
15794292,2439664182
15834327,2446083200
15874363,2452561676
15914401,2459018697
15954451,2464362786
15994487,2470707059
16034525,2477156348
16074555,2483530765
16114586,2489934012
16154622,2497319829
16194651,2503630631
16234685,2509994925
16274723,2517229781
16314757,2522206388
16354791,2528768880
16394824,2535277200
16434871,2541662629
16474916,2547424465
16514944,2553383237
16554976,2559768865
16595009,2566171087
16635053,2573606455
16675095,2579970922
16715128,2585727076
16755158,2591392372
16795194,2598704472
16835224,2604339195
16875256,2610082696
16915293,2616561396
16955346,2622970880
16995385,2629422797
17035417,2635839053
17075448,2642262182
17115486,2648729747
17155523,2655046759
17195559,2661300342
17235599,2667693603
17275641,2674214191
17315674,2680243331
17355707,2686088898
17395737,2691656618
17435783,2697990747
17475831,2704416029
17515864,2710904564
17555897,2717368033
17595928,2723739582
17635971,2730076006
17676004,2736437859
17716041,2743352730
17756070,2749526337
17796101,2755390980
17836135,2761621733
17876169,2768151552
17916201,2772803604
17956255,2779215893
17996292,2785660266
18036333,2792218879
18076370,2798925065
18116412,2805352037
18156452,2812121564
18196491,2818965591
18236535,2825404826
18276573,2831682857
18316607,2837716423
18356642,2844070858
18396675,2849898282
18436720,2854840008
18476768,2860589528
18516810,2867097145
18556850,2873568328
18596880,2880005958
18636925,2887201577
18676968,2893967463
18717003,2900286128
18757032,2906528062
18797066,2913009061
18837101,2919368490
18877132,2926465878
18917173,2932552532
18957224,2937551893
18997267,2944293472
19037305,2950916203
19077343,2957430460
19117381,2963906500
19157416,2970359922
19197452,2977816348
19237484,2983910802
19277513,2990491617
19317546,2996803742
19357575,3002348212
19397605,3008218647
19437652,3014971476
19477702,3019236018
19517741,3025744301
19557782,3032232788
19597810,3037781772
19637841,3043959570
19677879,3050424991
19717922,3057773480
19757967,3064315031
19798006,3070588120
19838037,3075947276
19878066,3082059293
19918101,3088213071
19958154,3093389167
19998194,3099174896
20038232,3104571447
20078265,3111001545
20118296,3117442187
20158332,3123995518
20198364,3130444429
20238395,3136883299
20278436,3144334576
20318475,3150129391
20358506,3155860549
20398538,3162062892
20438584,3167896500
20478628,3173615277
20518663,3180414102
20558694,3185831072
20598728,3192403826
20638761,3199041320
20678793,3206212138
20718823,3212328878
20758861,3219346394
20798895,3225776302
20838930,3232160006
20878961,3238517599
20919005,3244867596
20959055,3251107004
20999092,3257358050
21039128,3263095593
21079166,3268485275
21119200,3274847842
21159236,3280674530
21199271,3286707474
21239303,3293092292
21279334,3299399853
21319366,3304866231
21359401,3310945593
21399434,3317299646
21439483,3323628327
21479531,3329886608
21519572,3336174342
21559617,3342504687
21599655,3348353634
21639699,3354258171
21679744,3361463211
21719793,3368034063
21759834,3374888900
21799873,3381069255
21839912,3388418231
21879953,3394880266
21919995,3401180394
21960047,3407458608
22000094,3413798521
22040128,3420046756
22080163,3426309149
22120196,3431170929
22160230,3437733127
22200259,3444163639
22240293,3450676964
22280322,3457065621
22320359,3463047120
22360392,3468605824
22400425,3474957726
22440471,3481258685
22480518,3487185752
22520549,3493437817
22560585,3500163559
22600616,3506389656
22640646,3512216741
22680679,3517650665
22720719,3524244767
22760761,3531049943
22800792,3537084129
22840827,3543530945
22880860,3550008743
22920903,3556247199
22960955,3562557674
23001001,3568940513
23041041,3575279507
23081070,3581486625
23121104,3587844668
23161137,3594244972
23201161,3599067643
23241197,3606028310
23281227,3612558956
23321268,3619660476
23361308,3626182984
23401346,3632461971
23441392,3638314055
23481445,3644395845
23521481,3651524724
23561510,3657813619
23601543,3664164627
23641577,3670447523
23681612,3676984328
23721645,3681677247
23761676,3688177146
23801707,3694677535
23841746,3701074954
23881775,3707429551
23921812,3713883184
23961865,3720222650
24001912,3726601313
24041949,3733015969
24081989,3739686646
24122033,3746721568
24162073,3753039461
24202106,3758833710
24242144,3764194935
24282183,3770625996
24322217,3776164932
24362254,3783587989
24402287,3790045282
24442335,3796436634
24482382,3802572916
24522419,3808066660
24562457,3814267797
24602489,3820534019
24642523,3826842373
24682556,3833142998
24722589,3839427890
24762623,3844382363
24802651,3850828253
24842689,3858260862
24882719,3864570445
24922758,3871368978
24962810,3877371713
25002856,3884177438
25042902,3890587328
25082938,3896649758
25122970,3903064991
25163005,3909511536
25203052,3915839544
25243086,3922064445
25283124,3926913796
25323162,3933371232
25363192,3939819702
25403226,3946310923
25443275,3952757900
25483328,3959148322
25523370,3965380822
25563399,3970797260
25603430,3977115839
25643466,3983362217
25683506,3989726324
25723549,3996406590
25763585,4003168310
25803617,4008452663
25843653,4014673375
25883686,4021217871
25923725,4027713621
25963777,4033995687
26003819,4039735684
26043855,4045690243
26083885,4052032066
26123919,4058440724
26163962,4064662904
26203993,4070893564
26244035,4077267107
26284075,4083564574
26324115,4090178280
26364151,4094766765
26404181,4101230086
26444231,4107715898
26484281,4114153531
26524321,4120664827
26564364,4127431901
26604406,4134566424
26644453,4141021716
26684497,4147830498
26724535,4154064074
26764570,4160658839
26804608,4167351308
26844642,4173201870
26884674,4178599709
26924712,4185076956
26964764,4191068742
27004802,4197887743
27044836,4204436275
27084876,4210933674
27124917,4217532419
27164953,4223591283
27204983,4229690662
27245014,4235657849
27285051,4242464851
27325085,4248732419
27365117,4254710867
27405145,4259961299
27445192,4266374059
27485241,4272077511
27525282,4278172269
27565313,4284546490
27605348,4291002706
27645382,4297788963
27685412,4303801327
27725449,4310091245
27765489,4316353031
27805522,4322573807
27845552,4328815941
27885586,4335093432
27925627,4339961895
27965681,4346191819
28005721,4352365306
28045750,4358248721
28085787,4365725067
28125820,4372211596
28165854,4378664560
28205883,4385023059
28245914,4391336345
28285954,4397041196
28325984,4403088344
28366026,4410194614
28406068,4416538961
28446120,4422338522
28486169,4427713808
28526210,4434211875
28566239,4440476744
28606270,4446035478
28646310,4452433400
28686347,4458838913
28726379,4465241585
28766417,4472563863
28806446,4478679327
28846480,4485033483
28886512,4490956322
28926549,4496733567
28966603,4502430780
29006639,4507769790
29046680,4513441902
29086710,4519591950
29126750,4526572683
29166778,4533406051
29206811,4540119410
29246847,4546582669
29286880,4553530085
29326915,4560374126
29366946,4566478008
29406973,4571889809
29447020,4578071969
29487066,4584221616
29527098,4589070356
29567135,4594803662
29607167,4601118680
29647204,4608298783
29687236,4614781159
29727265,4621047811
29767302,4627814932
29807331,4634066129
29847365,4640500131
29887392,4646861011
29927432,4653230328
29967484,4659459700
30007526,4665696807
30047566,4671121872
30087603,4677006897
30127630,4683436029
30167659,4689537169
30207696,4696119814
30247725,4702282713
30287759,4709183855
30327793,4715484781
30367821,4721873847
30407855,4728258439
30447903,4734490826
30487951,4740700023
30527989,4747046057
30568020,4752924792
30608049,4758362274
30648083,4764767634
30688122,4770709669
30728152,4776502560
30768187,4782891642
30808224,4789264199
30848264,4795708115
30888308,4802640372
30928350,4809496093
30968400,4815432255
31008442,4822092313
31048475,4828379031
31088509,4834260965
31128541,4839714634
31168577,4846161696
31208611,4852624147
31248654,4859107179
31288692,4865487932
31328722,4871732516
31368754,4877372273
31408785,4883436356
31448835,4889748892
31488886,4896023027
31528928,4902684947
31568962,4908570683
31608994,4915336390
31649026,4919677401
31689064,4926220068
31729104,4933425911
31769143,4939703090
31809178,4946037557
31849214,4953150529
31889249,4959581354
31929287,4965987554
31969339,4972281411
32009383,4978645087
32049422,4984920234
32089461,4991479480
32129496,4998112440
32169527,5003512694
32209562,5010069113
32249596,5016407884
32289626,5021762067
32329661,5028200974
32369699,5034658959
32409731,5041070080
32449783,5047524998
32489829,5053726218
32529869,5059924361
32569900,5065522778
32609931,5071331576
32649962,5077528193
32689995,5083410405
32730029,5088839859
32770061,5095290709
32810094,5101772035
32850128,5108265816
32890160,5114740554
32930201,5121695579
32970256,5127632821
33010302,5133830373
33050335,5140000004
33090366,5145879229
33130394,5151666261
33170426,5158778831
33210460,5164661912
33250491,5170096629
33290525,5176686782
33330559,5183116851
33370592,5189571181
33410631,5195806791
33450681,5201412903
33490731,5207615839
33530778,5215050396
33570820,5221445696
33610859,5227677006
33650889,5233921337
33690918,5240179239
33730954,5246067813
33770982,5251471226
33811014,5258026763
33851049,5265239264
33891081,5271438231
33931123,5278500668
33971177,5284373296
34011222,5291125497
34051264,5297689905
34091302,5303972435
34131330,5310250715
34171369,5316632340
34211398,5322943377
34251437,5329837960
34291467,5335243814
34331501,5341835696
34371536,5348388589
34411564,5354851180
34451611,5361218424
34491660,5367564068
34531700,5374039514
34571740,5380410657
34611774,5386731204
34651808,5393055603
34691850,5400122068
34731896,5406730224
34771940,5412542105
34811978,5417945675
34852016,5424426132
34892043,5430856337
34932082,5437344807
34972133,5443686120
35012175,5449887706
35052209,5455344420
35092241,5461600434
35132268,5467121280
35172298,5473136695
35212331,5479376848
35252365,5485634626
35292393,5491789061
35332423,5496653858
35372458,5503145013
35412489,5509627020
35452535,5516064308
35492586,5522296932
35532631,5528989455
35572667,5535470510
35612706,5542146668
35652745,5549320417
35692775,5555642656
35732811,5562009580
35772851,5568241035
35812886,5574510689
35852923,5579473850
35892964,5585820277
35933001,5592274937
35973053,5598679762
36004687,5605300476
36041123,5611433905
36081158,5617772757
36121194,5623059689
36161234,5629266623
36201267,5635161789
36241296,5640732260
36281328,5646948324
36321362,5653291935
36361395,5659635833
36401429,5665438249
36441471,5671020926
36481522,5677372033
36512518,5682584338
36551599,5689091830
36591644,5696616426
36631687,5703087588
36671732,5709541636
36711777,5716956672
36751818,5723285917
36791852,5729236718
36831889,5735841108
36871917,5742094640
36911947,5746956147
36951997,5753439442
36992048,5759910213
37032091,5766511761
37072135,5773026531
37112177,5780229543
37152220,5786991261
37192257,5793416588
37232301,5799861375
37272338,5806701493
37312372,5813064974
37352409,5819711303
37392451,5826530056
37432489,5830888462
37472539,5836592917
37512580,5842678402
37552612,5849187607
37592648,5855912675
37632681,5863234080
37672721,5869714823
37712757,5876153743
37752798,5883555098
37792824,5889198934
37832854,5895013546
37872883,5901258164
37912920,5907825963
37952965,5913438259
37993013,5918825530
38033047,5925413004
38073080,5931863128
38113119,5938009782
38153148,5943620077
38193180,5950344178
38233217,5956191304
38273250,5962535343
38313290,5968951681
38353331,5975971140
38393371,5982220301
38433415,5988740433
38473465,5993577265
38513509,5998994109
38553549,6006072856
38593588,6013169885
38633629,6019724827
38673666,6026162867
38713698,6032409316
38753735,6038509175
38793774,6045160614
38833816,6051566361
38873858,6058072470
38913898,6065240967
38953946,6071468935
38993998,6076272489
39034041,6081779176
39074083,6089330390
39114126,6095893805
39154167,6102412132
39194209,6108986817
39234248,6116104801
39274290,6122782543
39314325,6129187658
39354360,6135571201
39394394,6142548005
39434441,6149229733
39474493,6155423631
39514535,6160282279
39554569,6165900084
39594604,6172101408
39634637,6178589806
39674670,6185096796
39714704,6191414052
39754740,6197154740
39794772,6203001389
39834808,6209383406
39874849,6216271356
39914891,6222669447
39954940,6228632606
39994988,6234520595
40035030,6241445301
40075068,6246657682
40115107,6253418141
40155150,6259963152
40195182,6266396649
40235212,6272734414
40275243,6278685817
40315281,6284616903
40355312,6290744306
40395342,6296974227
40435383,6302556216
40475434,6308484011
40515479,6315587119
40555517,6322706400
40595554,6327028025
40635595,6333532430
40675627,6340018982
40715660,6346461978
40755689,6352622655
40795722,6359053561
40835757,6365728769
40875800,6372197215
40915835,6378489302
40955883,6384744034
40995933,6391021323
41035974,6397393419
41076007,6403567701
41116039,6408430337
41156074,6415011878
41196112,6421514375
41236148,6427925485
41276185,6434278428
41316219,6440230077
41356258,6445958183
41396290,6452247240
41436321,6458548521
41476374,6464570264
41516415,6471132465
41556449,6477530196
41596481,6483711215
41636509,6489531636
41676541,6494967473
41716575,6501534715
41756607,6508128530
41796634,6514497741
41836667,6520981238
41876704,6528233778
41916738,6534352516
41956783,6540082893
41996830,6546332992
42036869,6552723912
42076907,6559065248
42116951,6566385671
42156994,6572266954
42197035,6577674167
42237074,6584238071
42277117,6590789369
42317160,6598335703
42357200,6604834617
42397239,6611297683
42437282,6617905595
42477333,6624045653
42517379,6630477913
42557417,6637786482
42597449,6644049787
42637485,6650375864
42677521,6656267778
42717551,6661687242
42757594,6668142832
42797628,6674187374
42837661,6680796342
42877694,6687445200
42917728,6693850013
42957772,6699656720
42997818,6705437260
43037854,6712267497
43077885,6719217443
43117921,6725588602
43157959,6731879228
43197995,6737696340
43238026,6743074080
43278059,6749873432
43318086,6756109863
43358121,6763481120
43398152,6769520769
43438184,6775546903
43478235,6781734139
43518275,6788085544
43558313,6795002830
43598353,6801937375
43638391,6807679421
43678425,6813322856
43718453,6820161866
43758484,6824548581
43798522,6831892601
43838567,6838678406
43878612,6845215926
43918652,6851671195
43958700,6857970957
43998749,6864285513
44038781,6870765157
44078815,6877185401
44118848,6883463596
44158880,6890138286
44198910,6896206199
44238945,6902841094
44278982,6907503698
44319021,6913750394
44359054,6920530009
44399093,6927319137
44439133,6933952434
44479185,6939501300
44519228,6945852030
44559268,6952879747
44599309,6959704642
44639350,6966071022
44679387,6972401379
44719427,6978977433
44759464,6985557817
44799502,6990945875
44839547,6997543770
44879590,7004112774
44919633,7010811601
44959678,7017252835
44999727,7023417465
45039767,7030571280
45079806,7037292896
45119842,7042861674
45159880,7049670239
45199916,7056149353
45239944,7062398836
45279975,7068263979
45320007,7073664903
45360047,7080253631
45400088,7086868819
45440130,7093188508
45480184,7099401651
45520218,7104981460
45560252,7112333821
45600291,7118782160
45640325,7125127689
45680368,7131499801
45720409,7138823084
45760449,7145117501
45800484,7150994959
45840523,7156439531
45880553,7162968597
45920591,7169405231
45960638,7175767707
46000688,7181519408
46040720,7187509434
46080751,7193924029
46120789,7201362378
46160822,7207702686
46200851,7214020887
46240892,7220407336
46280936,7227095361
46320970,7233508164
46361007,7238285613
46401043,7244804634
46441081,7251463562
46481132,7257326791
46521176,7264292125
46561212,7271326544
46601248,7277150344
46641278,7282899220
46681310,7289152333
46721340,7295396660
46761376,7301743436
46801408,7308035909
46841445,7314890154
46881478,7319628067
46921513,7326730113
46961557,7332243028
47001607,7338562872
47041643,7345010908
47081682,7351404889
47121718,7357350312
47161750,7363322331
47201787,7370516330
47241817,7376863903
47281850,7383226370
47321884,7389858586
47361921,7396480421
47401952,7401712112
47441991,7408215518
47482044,7414106150
47522091,7420696617
47562132,7427678500
47602177,7434186385
47642220,7440702565
47682260,7447155456
47722291,7453301829
47762325,7459667141
47802360,7466687496
47842389,7472207869
47882418,7478385033
47922453,7483659861
47962498,7489708425
48002544,7496144931
48042577,7502608131
48082616,7508539362
48122656,7514698006
48162689,7520737793
48202718,7527058247
48242745,7533391169
48282781,7539780454
48322812,7546161067
48362839,7552371975
48402873,7558905498
48442911,7564532633
48482965,7569858946
48523008,7576554350
48563043,7583652550
48603075,7589827410
48643109,7596874745
48683148,7603371463
48723193,7609813261
48763233,7616023470
48803262,7622207651
48843297,7628664544
48883329,7634966871
48923361,7641110409
48963405,7646891001
49003451,7651166134
49043490,7657595922
49083526,7663051145
49123563,7669289867
49163594,7675436989
49203627,7681272104
49243659,7687399152
49283695,7693761815
49323738,7700064040
49363772,7706381800
49403810,7712977525
49443853,7720078411
49483905,7726288050
49523950,7731136297
49563990,7737478373
49604020,7743391437
49644051,7749509837
49684080,7755922737
49724111,7762330463
49764146,7768767658
49804186,7775927858
49844222,7782612255
49884259,7788904889
49924297,7794713655
49964344,7800380130
50004392,7806522231
50044426,7812386898
50084460,7817769533
50124497,7823802194
50164532,7830533758
50204567,7836567734
50244599,7842798883
50284633,7848984643
50324671,7855421469
50364702,7861614994
50404734,7867970826
50444779,7874683345
50484833,7880651740
50524877,7887205391
50564919,7893772769
50604959,7899141215
50645003,7905725275
50685044,7912264713
50725080,7918755861
50765119,7926276753
50805159,7932771543
50845199,7939086207
50885232,7944469878
50925260,7950623652
50965308,7956842059
51005356,7962946259
51045389,7969410273
51085423,7976120670
51125456,7980580655
51165489,7987055589
51205529,7993645031
51245568,8000318988
51285609,8006740794
51325641,8013009312
51365679,8020349921
51405712,8026749403
51445749,8033218761
51485803,8039492721
51525848,8045771124
51565882,8051523156
51605910,8057208458
51645942,8062689424
51685979,8069192548
51726015,8076171723
51766047,8082682815
51806080,8088843770
51846108,8094387624
51886140,8100679492
51926169,8106976048
51966214,8113330933
52006264,8119634409
52046310,8126057989
52086351,8132255047
52126382,8138472218
52166415,8144390788
52206447,8149786841
52246480,8156377147
52286511,8162740527
52326549,8169222829
52366579,8175548914
52406609,8181430731
52446646,8188240684
52486701,8194100958
52526746,8200132510
52566777,8206226218
52606808,8212419951
52646836,8218198880
52686871,8224485497
52726903,8229867023
52766935,8236431378
52806969,8243010455
52847004,8249352631
52887036,8254867785
52927068,8261168040
52967114,8267421628
53007164,8273747619
53047206,8280889750
53087245,8287118816
53127273,8292713795
53167310,8299559186
53207341,8305802482
53247372,8311201812
53287403,8317710826
53327436,8324287798
53367467,8330817245
53407502,8337198859
53447544,8343508732
53487597,8349373995
53527642,8356275472
53567680,8362764062
53607716,8369065911
53647753,8375351104
53687789,8381615897
53727820,8387842798
53767858,8392682000
53807898,8399072000
53847925,8404463362
53887955,8410841861
53927994,8416639891
53968040,8422465737
54008087,8428773699
54048120,8435174951
54088157,8441594637
54128196,8447892891
54168238,8454217042
54208272,8460522180
54248314,8466853342
54288357,8473687562
54328393,8478079827
54368433,8484556379
54408465,8490961237
54448500,8497378383
54488552,8503747976
54528592,8510170592
54568624,8516665098
54608659,8523106726
54648694,8530203587
54688723,8535888560
54728751,8541969861
54768780,8548154055
54808813,8554844934
54848843,8559292002
54888886,8565882718
54928924,8572365022
54968968,8578469262
55009014,8584044868
55049054,8590341083
55089086,8595665564
55129119,8601934473
55169147,8608189163
55209177,8614226909
55249204,8619707841
55289238,8626863016
55329277,8633325185
55369307,8639168390
55409341,8644583834
55449385,8651135164
55489436,8657568488
55529483,8664039540
55569524,8670614363
55609564,8677903926
55649604,8684514288
55689639,8690818218
55729666,8696454323
55769697,8702316122
55809730,8708605512
55849764,8715252359
55889796,8721808878
55929825,8727222760
55969866,8733721666
56009917,8740173398
56049962,8746772282
56090005,8753288144
56130042,8759966103
56170076,8765969006
56210108,8772170966
56250137,8777859761
56290169,8784635279
56330205,8791168046
56370231,8797388795
56410262,8803277820
56450295,8808606103
56490348,8815023759
56530393,8820596104
56570422,8826843011
56610464,8833118693
56650495,8839576471
56690531,8846054021
56730569,8852459994
56770599,8858761435
56810634,8865154806
56850664,8871889523
56890702,8878853504
56930735,8885684320
56970777,8889979750
57010827,8896432738
57050875,8903072374
57090922,8909632391
57130965,8916823957
57171003,8923564148
57211035,8929049212
57251068,8935211576
57291102,8941546018
57331144,8948940323
57371185,8955250644
57411227,8961575937
57451276,8968454063
57491331,8972706615
57531380,8979244636
57571419,8985886955
57611459,8992263893
57651496,8998698031
57691528,9005096032
57731566,9011417995
57771605,9017856496
57811637,9024204907
57851671,9030475008
57891704,9036785659
57931740,9043130700
57971790,9049461470
58011840,9054258367
58050881,9060623285
58090910,9066636074
58130941,9073240351
58170979,9080023406
58211017,9086383402
58251056,9091656264
58291087,9098019954
58331120,9104382972
58371159,9111775774
58411188,9117738063
58451228,9124343684
58491281,9130491388
58531324,9135510825
58571362,9141135144
58611397,9147614768
58651437,9153778398
58691474,9160149052
58731507,9166518289
58771538,9172920203
58811579,9179348657
58851611,9185703252
58891642,9191938128
58931671,9197635512
58971722,9203428872
59011770,9209625369
59051809,9216551390
59091843,9221768039
59131884,9228526223
59171922,9234993250
59211963,9241525546
59252007,9248062963
59292042,9255198542
59332081,9261259626
59372125,9268327028
59412173,9274751003
59452221,9281039000
59492273,9287279420
59532314,9293582929
59572347,9299397010
59612384,9304818970
59652416,9311571356
59692449,9317783040
59732489,9324172039
59772522,9330081642
59812555,9336092895
59852591,9342226271
59892638,9348621586
59932683,9356033067
59972735,9362099766
60012786,9368221010
60052833,9375005022
60092876,9381864543
60132915,9386210070
60172953,9392724946
60212994,9399246602
60253038,9406366960
60293079,9413238614
60333120,9419691036
60373159,9426154253
60413195,9432695835
60453239,9438878492
60493292,9445067302
60533332,9451311311
60573366,9457713198
60607356,9462777860
60647441,9462839531
60687491,9462849916
60727540,9462860301
60767587,9462870686
60807636,9462881071
60847683,9462891456
60887731,9462901841
60927782,9462912226
60967847,9462922611
61007913,9462932996
61043973,9462943643
61084040,9462954028
61124108,9462964413
61164175,9462974798
61204242,9462985183
61244310,9462995568
61284378,9463005953
TS,2
39924,638
79993,678
120063,718
160132,758
200201,798
240271,838
280340,878
320410,918
360479,958
400549,998
440618,1038
471240,1069
510725,1110
550780,1150
590832,1190
630884,1230
670936,1270
710992,1310
751045,1350
791098,1390
831153,1430
871207,1470
911250,1510
951293,1550
991335,1590
1031373,1630
1071412,1670
1111453,1710
1151486,1750
1191519,1790
1231552,1830
1271587,1870
1311628,1910
1351661,1950
1391696,1990
1431749,2030
1471797,2070
1510833,2110
1550869,2150
1590904,2190
1630935,2230
1670967,2270
1711003,2310
1751033,2350
1791067,2390
1831104,2430
1871133,2470
1911177,2510
1951230,2550
1981702,2581
2021294,2621
2061327,2661
2101359,2701
2141393,2741
2181430,2781
2221470,2821
2261508,2861
2301540,2901
2341575,2941
2381607,2981
2421654,3021
2461707,3061
2501744,3102
2541776,3142
2581810,3182
2621842,3222
2661877,3262
2701905,3302
2741938,3342
2781973,3382
2822007,3422
2862050,3462
2902087,3502
2942139,3542
2982184,3582
3022217,3623
3062249,3663
3102281,3703
3142313,3743
3182347,3783
3222384,3823
3262415,3863
3302446,3903
3342475,3943
3382509,3983
3422556,4023
3462608,4063
3502649,4104
3542681,4144
3582710,4184
3622744,4224
3662774,4264
3702804,4304
3742838,4344
3782868,4384
3822908,4424
3862950,4464
3902990,4504
3943041,4544
3983089,4584
4023132,4625
4063173,4665
4103213,4705
4143255,4745
4183298,4785
4223340,4825
4263381,4865
4303426,4905
4343467,4945
4383508,4985
4423560,5025
4463613,5065
4503655,5106
4543697,5146
4583743,5186
4623785,5226
4663815,5266
4703854,5306
4743891,5346
4783934,5386
4823979,5426
4864020,5466
4904062,5506
4944114,5546
4984162,5586
5024206,5627
5064251,5667
5104290,5707
5144320,5747
5184350,5787
5224382,5827
5264417,5867
5304455,5907
5344498,5947
5384535,5987
5424582,6027
5464636,6067
5504670,6108
5544705,6148
5584740,6188
5624774,6228
5664810,6268
5704845,6308
5744880,6348
5784907,6388
5824938,6428
5864969,6468
5905006,6508
5945056,6548
5985100,6588
6025137,6629
6065164,6669
6105201,6709
6145229,6749
6185259,6789
6225293,6829
6265326,6869
6305352,6909
6345382,6949
6385420,6989
6425464,7029
6465519,7069
6505552,7110
6545587,7150
6585622,7190
6625659,7230
6665700,7270
6705734,7310
6745769,7350
6785799,7390
6825830,7430
6865860,7470
6905902,7510
6945955,7550
6986004,7590
7026045,7631
7066085,7671
7106122,7711
7146152,7751
7186182,7791
7226211,7831
7266245,7871
7306275,7911
7346305,7951
7386336,7991
7426379,8031
7466431,8071
7506466,8112
7546493,8152
7586531,8192
7626566,8232
7666599,8272
7706625,8312
7746659,8352
7786693,8392
7826730,8432
7866765,8472
7906808,8512
7946858,8552
7986905,8592
8026935,8633
8066963,8673
8106994,8713
8147030,8753
8187071,8793
8227109,8833
8267150,8873
8307194,8913
8347238,8953
8387279,8993
8427328,9033
8467379,9073
8507416,9114
8547455,9154
8587495,9194
8627532,9234
8667565,9274
8707602,9314
8747636,9354
8787669,9394
8827710,9434
8867749,9474
8907792,9514
8947844,9554
8987891,9594
9027927,9635
9067955,9675
9107989,9715
9148027,9755
9188058,9795
9228099,9835
9268138,9875
9308172,9915
9348208,9955
9388247,9995
9428299,10035
9468352,10075
9508384,10116
9548418,10156
9588451,10196
9628485,10236
9668525,10276
9708559,10316
9748595,10356
9788632,10396
9828669,10436
9868711,10476
9908753,10516
9948802,10556
9988847,10596
10028885,10637
10068915,10677
10108944,10717
10148974,10757
10189012,10797
10229039,10837
10269071,10877
10309107,10917
10349146,10957
10389183,10997
10429231,11037
10469284,11077
10509322,11118
10549357,11158
10589395,11198
10629430,11238
10669464,11278
10709500,11318
10749531,11358
10789566,11398
10829596,11438
10869625,11478
10909667,11518
10949718,11558
10989765,11598
11029804,11639
11069845,11679
11109888,11719
11149932,11759
11189977,11799
11230020,11839
11270063,11879
11310094,11919
11350124,11959
11390159,11999
11430208,12039
11470260,12079
11510292,12120
11550326,12160
11590360,12200
11630394,12240
11670430,12280
11710462,12320
11750496,12360
11790525,12400
11830561,12440
11870590,12480
11910630,12520
11950684,12560
11990727,12600
12030764,12640
12070801,12680
12110834,12720
12150876,12760
12190909,12800
12230946,12840
12270984,12880
12311014,12920
12351048,12960
12391083,13000
12431130,13040
12471184,13080
12511215,13121
12551249,13161
12591291,13201
12631328,13241
12671367,13281
12711403,13321
12751442,13361
12791486,13401
12831524,13441
12871566,13481
12911613,13521
12951667,13561
12991705,13601
13031739,13641
13071777,13681
13111811,13721
13151843,13761
13191876,13801
13231911,13841
13271946,13881
13311984,13921
13352025,13961
13392059,14001
13432107,14041
13472151,14081
13512189,14121
13552230,14161
13592263,14201
13632295,14241
13672328,14281
13712362,14321
13752398,14361
13792431,14401
13832471,14441
13872509,14481
13912550,14521
13952601,14561
13992642,14601
14032686,14641
14072722,14681
14112754,14721
14152790,14761
14192825,14801
14232866,14841
14272914,14881
14312960,14921
14352997,14961
14393027,15001
14433076,15041
14473126,15081
14513172,15121
14553217,15161
14593252,15201
14633285,15241
14673317,15281
14713349,15321
14753382,15361
14793419,15401
14833457,15441
14873493,15481
14913530,15521
14953582,15561
14993618,15601
15033647,15641
15073680,15681
15113715,15721
15153745,15761
15193775,15801
15233808,15841
15273843,15881
15313875,15921
15353912,15961
15393946,16001
15433992,16041
15474039,16081
15514073,16121
15554107,16161
15594139,16201
15634177,16241
15674205,16281
15714232,16321
15754263,16361
15794292,16401
15834327,16441
15874363,16481
15914402,16521
15954452,16561
15994488,16601
16034526,16641
16074556,16681
16114587,16721
16154623,16761
16194652,16801
16234686,16841
16274724,16881
16314758,16921
16354791,16961
16394825,17001
16434872,17041
16474917,17081
16514945,17121
16554977,17161
16595010,17201
16635054,17241
16675096,17281
16715129,17321
16755158,17361
16795195,17401
16835226,17441
16875257,17481
16915294,17521
16955347,17561
16995386,17601
17035418,17641
17075449,17681
17115487,17721
17155524,17761
17195560,17801
17235600,17841
17275641,17881
17315674,17921
17355708,17961
17395738,18001
17435784,18041
17475832,18081
17515865,18121
17555898,18161
17595929,18201
17635972,18241
17676005,18281
17716042,18321
17756071,18361
17796102,18401
17836136,18441
17876169,18481
17916202,18521
17956256,18561
17996293,18601
18036334,18641
18076371,18681
18116413,18721
18156453,18761
18196491,18801
18236536,18841
18276573,18881
18316608,18921
18356643,18961
18396676,19001
18436721,19041
18476769,19081
18516811,19121
18556851,19161
18596880,19201
18636926,19241
18676969,19281
18717004,19321
18757033,19361
18797066,19401
18837102,19441
18877133,19481
18917174,19521
18957225,19561
18997268,19601
19037306,19641
19077344,19681
19117382,19721
19157417,19761
19197453,19801
19237485,19841
19277513,19881
19317547,19921
19357576,19961
19397606,20001
19437654,20041
19477703,20081
19517742,20121
19557783,20161
19597811,20201
19637841,20241
19677880,20281
19717924,20321
19757968,20361
19798007,20401
19838038,20441
19878067,20481
19918102,20521
19958154,20561
19998194,20601
20038233,20641
20078266,20681
20118297,20721
20158333,20761
20198365,20801
20238396,20841
20278437,20881
20318476,20921
20358507,20961
20398539,21001
20438585,21041
20478629,21081
20518664,21121
20558695,21161
20598729,21201
20638761,21241
20678794,21281
20718823,21321
20758861,21361
20798896,21401
20838931,21441
20878962,21481
20919005,21521
20959056,21561
20999093,21601
21039129,21641
21079167,21681
21119201,21721
21159237,21761
21199271,21801
21239304,21841
21279335,21881
21319367,21921
21359401,21961
21399435,22001
21439484,22041
21479532,22081
21519573,22121
21559618,22161
21599656,22201
21639700,22241
21679745,22281
21719794,22321
21759835,22361
21799873,22401
21839912,22441
21879954,22481
21919995,22521
21960048,22561
22000095,22601
22040129,22641
22080164,22681
22120197,22721
22160231,22761
22200259,22801
22240294,22841
22280323,22881
22320360,22921
22360393,22961
22400426,23001
22440472,23041
22480519,23081
22520550,23121
22560586,23161
22600616,23201
22640647,23241
22680680,23281
22720720,23321
22760762,23361
22800793,23401
22840828,23441
22880861,23481
22920904,23521
22960956,23561
23001002,23601
23041042,23641
23081071,23681
23121105,23721
23161138,23761
23201162,23801
23241198,23841
23281227,23881
23321269,23921
23361309,23961
23401346,24001
23441393,24041
23481445,24081
23521482,24121
23561511,24161
23601543,24201
23641578,24241
23681613,24281
23721645,24321
23761676,24361
23801708,24401
23841747,24441
23881776,24481
23921813,24521
23961866,24561
24001913,24601
24041950,24641
24081990,24681
24122034,24721
24162074,24761
24202106,24801
24242145,24841
24282184,24881
24322218,24921
24362255,24961
24402288,25001
24442335,25041
24482383,25081
24522420,25121
24562457,25161
24602490,25201
24642524,25241
24682557,25281
24722590,25321
24762623,25361
24802651,25401
24842690,25441
24882720,25481
24922759,25521
24962811,25561
25002857,25601
25042903,25641
25082939,25681
25122971,25721
25163006,25761
25203053,25801
25243087,25841
25283125,25881
25323163,25921
25363193,25961
25403227,26001
25443276,26041
25483329,26081
25523371,26121
25563400,26161
25603430,26201
25643466,26241
25683507,26281
25723550,26321
25763586,26361
25803617,26401
25843654,26441
25883687,26481
25923726,26521
25963778,26561
26003820,26601
26043856,26641
26083885,26681
26123920,26721
26163963,26761
26203994,26801
26244036,26841
26284076,26881
26324116,26921
26364152,26961
26404182,27001
26444231,27041
26484282,27081
26524321,27121
26564365,27161
26604406,27201
26644453,27241
26684498,27281
26724536,27321
26764571,27361
26804608,27401
26844642,27441
26884675,27481
26924713,27521
26964765,27561
27004802,27601
27044837,27641
27084877,27681
27124918,27721
27164953,27761
27204984,27801
27245014,27841
27285052,27881
27325086,27921
27365118,27961
27405145,28001
27445193,28041
27485241,28081
27525282,28121
27565314,28161
27605349,28201
27645383,28241
27685413,28281
27725449,28321
27765490,28361
27805523,28401
27845552,28441
27885587,28481
27925628,28521
27965682,28561
28005722,28601
28045750,28641
28085788,28681
28125820,28721
28165855,28761
28205884,28801
28245915,28841
28285955,28881
28325985,28921
28366027,28961
28406069,29001
28446121,29041
28486170,29081
28526211,29121
28566240,29161
28606271,29201
28646311,29241
28686348,29281
28726379,29321
28766417,29361
28806447,29401
28846481,29441
28886513,29481
28926550,29521
28966604,29561
29006640,29601
29046680,29641
29086711,29681
29126751,29721
29166779,29761
29206811,29801
29246848,29841
29286881,29881
29326916,29921
29366947,29961
29406974,30001
29447021,30041
29487067,30081
29527099,30121
29567136,30161
29607168,30201
29647205,30241
29687237,30281
29727266,30321
29767302,30361
29807332,30401
29847366,30441
29887393,30481
29927433,30521
29967484,30561
30007527,30601
30047567,30641
30087604,30681
30127631,30721
30167660,30761
30207696,30801
30247726,30841
30287760,30881
30327794,30921
30367822,30961
30407856,31001
30447903,31041
30487952,31081
30527989,31121
30568021,31161
30608049,31201
30648084,31241
30688123,31281
30728152,31321
30768188,31361
30808225,31401
30848265,31441
30888308,31481
30928351,31521
30968400,31561
31008443,31601
31048475,31641
31088510,31681
31128542,31721
31168578,31761
31208612,31801
31248655,31841
31288693,31881
31328723,31921
31368755,31961
31408786,32001
31448836,32041
31488887,32081
31528929,32121
31568963,32161
31608995,32201
31649027,32241
31689065,32281
31729104,32321
31769145,32361
31809179,32401
31849215,32441
31889250,32481
31929288,32521
31969340,32561
32009384,32601
32049423,32641
32089462,32681
32129497,32721
32169528,32761
32209563,32801
32249597,32841
32289627,32881
32329662,32921
32369699,32961
32409732,33001
32449783,33041
32489830,33081
32529870,33121
32569901,33161
32609932,33201
32649962,33241
32689996,33281
32730029,33321
32770062,33361
32810095,33401
32850129,33441
32890161,33481
32930202,33521
32970257,33561
33010303,33601
33050335,33641
33090366,33681
33130395,33721
33170427,33761
33210461,33801
33250492,33841
33290526,33881
33330560,33921
33370593,33961
33410632,34001
33450682,34041
33490731,34081
33530778,34121
33570821,34161
33610860,34201
33650890,34241
33690919,34281
33730955,34321
33770983,34361
33811014,34401
33851050,34441
33891082,34481
33931124,34521
33971178,34561
34011223,34601
34051265,34641
34091303,34681
34131331,34721
34171369,34761
34211399,34801
34251438,34841
34291468,34881
34331502,34921
34371537,34961
34411565,35001
34451612,35041
34491661,35081
34531701,35121
34571741,35161
34611775,35201
34651809,35241
34691851,35281
34731897,35321
34771941,35361
34811979,35401
34852017,35441
34892044,35481
34932083,35521
34972134,35561
35012176,35601
35052210,35641
35092242,35681
35132269,35721
35172298,35761
35212332,35801
35252366,35841
35292394,35881
35332424,35921
35372458,35961
35412490,36001
35452536,36041
35492586,36081
35532631,36121
35572668,36161
35612706,36201
35652746,36241
35692776,36281
35732812,36321
35772852,36361
35812887,36401
35852924,36441
35892965,36481
35933002,36521
35973053,36561
36004687,36592
36041124,36630
36081159,36670
36121195,36710
36161235,36750
36201268,36790
36241297,36830
36281329,36870
36321363,36910
36361395,36950
36401430,36990
36441472,37030
36481523,37070
36512519,37101
36551599,37141
36591645,37181
36631688,37221
36671733,37261
36711777,37301
36751819,37341
36791852,37381
36831890,37421
36871918,37461
36911948,37501
36951998,37541
36992049,37581
37032092,37622
37072136,37662
37112178,37702
37152220,37742
37192258,37782
37232302,37822
37272339,37862
37312373,37902
37352410,37942
37392452,37982
37432490,38022
37472540,38062
37512581,38102
37552612,38143
37592648,38183
37632682,38223
37672722,38263
37712758,38303
37752798,38343
37792825,38383
37832855,38423
37872884,38463
37912921,38503
37952965,38543
37993014,38583
38033048,38624
38073080,38664
38113120,38704
38153148,38744
38193180,38784
38233218,38824
38273251,38864
38313291,38904
38353332,38944
38393372,38984
38433416,39024
38473466,39064
38513510,39104
38553549,39145
38593589,39185
38633630,39225
38673667,39265
38713699,39305
38753736,39345
38793774,39385
38833817,39425
38873859,39465
38913899,39505
38953946,39545
38993998,39585
39034042,39626
39074084,39666
39114127,39706
39154168,39746
39194210,39786
39234249,39826
39274291,39866
39314325,39906
39354361,39946
39394395,39986
39434441,40026
39474494,40066
39514536,40106
39554570,40147
39594605,40187
39634638,40227
39674671,40267
39714705,40307
39754741,40347
39794773,40387
39834809,40427
39874850,40467
39914891,40507
39954941,40547
39994989,40587
40035031,40628
40075069,40668
40115108,40708
40155151,40748
40195183,40788
40235213,40828
40275244,40868
40315282,40908
40355312,40948
40395342,40988
40435384,41028
40475434,41068
40515480,41108
40555518,41149
40595554,41189
40635596,41229
40675628,41269
40715660,41309
40755690,41349
40795722,41389
40835758,41429
40875801,41469
40915836,41509
40955884,41549
40995934,41589
41035975,41630
41076008,41670
41116040,41710
41156074,41750
41196113,41790
41236149,41830
41276185,41870
41316219,41910
41356259,41950
41396291,41990
41436321,42030
41476374,42070
41516415,42110
41556449,42151
41596482,42191
41636510,42231
41676542,42271
41716576,42311
41756608,42351
41796635,42391
41836668,42431
41876705,42471
41916738,42511
41956783,42551
41996831,42591
42036869,42632
42076907,42672
42116951,42712
42156995,42752
42197036,42792
42237075,42832
42277118,42872
42317161,42912
42357201,42952
42397239,42992
42437283,43032
42477334,43072
42517380,43112
42557418,43153
42597450,43193
42637486,43233
42677522,43273
42717552,43313
42757595,43353
42797629,43393
42837661,43433
42877695,43473
42917729,43513
42957773,43553
42997818,43593
43037855,43634
43077886,43674
43117922,43714
43157959,43754
43197996,43794
43238026,43834
43278060,43874
43318087,43914
43358122,43954
43398153,43994
43438185,44034
43478236,44074
43518276,44114
43558313,44155
43598353,44195
43638391,44235
43678425,44275
43718454,44315
43758484,44355
43798523,44395
43838568,44435
43878612,44475
43918653,44515
43958701,44555
43998750,44595
44038782,44636
44078815,44676
44118848,44716
44158881,44756
44198910,44796
44238946,44836
44278983,44876
44319022,44916
44359055,44956
44399094,44996
44439134,45036
44479185,45076
44519229,45116
44559269,45157
44599310,45197
44639350,45237
44679388,45277
44719428,45317
44759465,45357
44799503,45397
44839548,45437
44879591,45477
44919634,45517
44959679,45557
44999727,45597
45039768,45638
45079807,45678
45119842,45718
45159881,45758
45199917,45798
45239945,45838
45279976,45878
45320008,45918
45360048,45958
45400088,45998
45440130,46038
45480184,46078
45520219,46118
45560252,46159
45600292,46199
45640325,46239
45680369,46279
45720410,46319
45760450,46359
45800485,46399
45840523,46439
45880553,46479
45920591,46519
45960639,46559
46000689,46599
46040721,46640
46080752,46680
46120790,46720
46160822,46760
46200852,46800
46240893,46840
46280937,46880
46320970,46920
46361008,46960
46401044,47000
46441082,47040
46481132,47080
46521177,47120
46561213,47161
46601248,47201
46641279,47241
46681311,47281
46721341,47321
46761376,47361
46801409,47401
46841446,47441
46881479,47481
46921513,47521
46961557,47561
47001608,47601
47041644,47642
47081683,47682
47121719,47722
47161751,47762
47201787,47802
47241818,47842
47281851,47882
47321885,47922
47361922,47962
47401953,48002
47441992,48042
47482044,48082
47522092,48122
47562133,48163
47602178,48203
47642221,48243
47682261,48283
47722292,48323
47762325,48363
47802361,48403
47842390,48443
47882419,48483
47922454,48523
47962499,48563
48002544,48603
48042578,48644
48082617,48684
48122657,48724
48162690,48764
48202719,48804
48242746,48844
48282781,48884
48322813,48924
48362840,48964
48402873,49004
48442912,49044
48482965,49084
48523008,49124
48563044,49165
48603075,49205
48643110,49245
48683149,49285
48723193,49325
48763233,49365
48803262,49405
48843298,49445
48883330,49485
48923362,49525
48963406,49565
49003451,49605
49043491,49646
49083527,49686
49123564,49726
49163595,49766
49203627,49806
49243660,49846
49283696,49886
49323739,49926
49363773,49966
49403810,50006
49443853,50046
49483906,50086
49523950,50126
49563991,50167
49604021,50207
49644051,50247
49684081,50287
49724112,50327
49764146,50367
49804187,50407
49844223,50447
49884260,50487
49924297,50527
49964345,50567
50004392,50607
50044427,50648
50084461,50688
50124498,50728
50164532,50768
50204568,50808
50244600,50848
50284634,50888
50324672,50928
50364703,50968
50404734,51008
50444779,51048
50484834,51088
50524878,51128
50564920,51169
50604959,51209
50645003,51249
50685044,51289
50725080,51329
50765119,51369
50805160,51409
50845200,51449
50885233,51489
50925261,51529
50965309,51569
51005357,51609
51045390,51650
51085424,51690
51125457,51730
51165490,51770
51205530,51810
51245569,51850
51285609,51890
51325642,51930
51365680,51970
51405713,52010
51445750,52050
51485803,52090
51525848,52130
51565883,52171
51605911,52211
51645943,52251
51685979,52291
51726015,52331
51766048,52371
51806080,52411
51846108,52451
51886141,52491
51926170,52531
51966215,52571
52006265,52611
52046311,52652
52086351,52692
52126383,52732
52166415,52772
52206448,52812
52246481,52852
52286512,52892
52326550,52932
52366580,52972
52406610,53012
52446647,53052
52486702,53092
52526747,53132
52566778,53173
52606809,53213
52646837,53253
52686872,53293
52726904,53333
52766936,53373
52806970,53413
52847005,53453
52887036,53493
52927069,53533
52967115,53573
53007164,53613
53047207,53654
53087246,53694
53127274,53734
53167311,53774
53207342,53814
53247372,53854
53287404,53894
53327436,53934
53367467,53974
53407502,54014
53447545,54054
53487598,54094
53527642,54134
53567681,54175
53607717,54215
53647754,54255
53687790,54295
53727821,54335
53767859,54375
53807899,54415
53847926,54455
53887956,54495
53927994,54535
53968040,54575
54008088,54615
54048121,54656
54088158,54696
54128196,54736
54168239,54776
54208273,54816
54248315,54856
54288357,54896
54328394,54936
54368434,54976
54408466,55016
54448501,55056
54488553,55096
54528592,55136
54568625,55177
54608659,55217
54648695,55257
54688724,55297
54728752,55337
54768781,55377
54808814,55417
54848844,55457
54888887,55497
54928925,55537
54968970,55577
55009014,55617
55049055,55658
55089087,55698
55129120,55738
55169148,55778
55209178,55818
55249205,55858
55289239,55898
55329278,55938
55369308,55978
55409342,56018
55449386,56058
55489437,56098
55529484,56138
55569524,56179
55609565,56219
55649605,56259
55689640,56299
55729667,56339
55769697,56379
55809731,56419
55849765,56459
55889796,56499
55929826,56539
55969867,56579
56009918,56619
56049962,56660
56090006,56700
56130043,56740
56170077,56780
56210109,56820
56250137,56860
56290169,56900
56330205,56940
56370232,56980
56410263,57020
56450296,57060
56490349,57100
56530394,57140
56570422,57181
56610465,57221
56650496,57261
56690532,57301
56730570,57341
56770600,57381
56810635,57421
56850665,57461
56890703,57501
56930736,57541
56970778,57581
57010827,57621
57050875,57662
57090923,57702
57130966,57742
57171003,57782
57211035,57822
57251069,57862
57291104,57902
57331145,57942
57371186,57982
57411228,58022
57451277,58062
57491332,58102
57531381,58142
57571420,58182
57611460,58222
57651496,58262
57691528,58302
57731567,58342
57771605,58382
57811638,58422
57851671,58462
57891705,58502
57931741,58542
57971790,58582
58011841,58622
58050881,58662
58090911,58702
58130942,58742
58170980,58782
58211018,58822
58251056,58862
58291087,58902
58331120,58942
58371160,58982
58411189,59022
58451229,59062
58491282,59102
58531325,59142
58571363,59183
58611398,59223
58651438,59263
58691475,59303
58731507,59343
58771539,59383
58811579,59423
58851612,59463
58891642,59503
58931672,59543
58971723,59583
59011770,59623
59051810,59664
59091843,59704
59131885,59744
59171923,59784
59211964,59824
59252008,59864
59292043,59904
59332082,59944
59372126,59984
59412174,60024
59452221,60064
59492274,60104
59532315,60144
59572348,60185
59612385,60225
59652417,60265
59692450,60305
59732489,60345
59772523,60385
59812556,60425
59852592,60465
59892638,60505
59932684,60545
59972736,60585
60012787,60625
60052834,60666
60092877,60706
60132916,60746
60172954,60786
60212994,60826
60253038,60866
60293080,60906
60333121,60946
60373160,60986
60413196,61026
60453240,61066
60493293,61106
60533333,61146
60573367,61187
60607357,61220
60647442,61261
60687491,61301
60727541,61341
60767588,61381
60807637,61421
60847684,61461
60887732,61501
60927783,61541
60967848,61581
61007914,61621
61043974,61658
61084041,61698
61124109,61738
61164176,61778
61204243,61818
61244311,61858
61284379,61898
TS,3
39924,10489064
79993,10491167
120063,10493270
160132,10495373
200201,10497476
240271,10499579
280340,10501682
320410,10503785
360479,10505888
400549,10507991
440618,10510094
471241,10511833
510726,11001066
550781,11667702
590833,12333481
630885,12917038
670937,13557921
710993,14212101
751046,14861661
791099,15506423
831154,16146224
871208,16773914
911251,17420177
951294,18060272
991336,18690080
1031373,19274787
1071412,19844409
1111454,20618165
1151488,21291722
1191519,21973032
1231553,22635428
1271587,23288170
1311629,23932802
1351663,24560583
1391697,25221062
1431750,25850744
1471798,26477540
1510834,27098547
1550870,27686387
1590904,28235060
1630936,28916404
1670968,29591578
1711004,30272097
1751034,30938813
1791069,31676436
1831104,32363183
1871134,33012854
1911178,33656036
1951231,34283931
1981703,34775276
2021294,35299684
2061328,35962775
2101360,36416986
2141394,37096903
2181431,37777247
2221471,38503630
2261509,39103900
2301541,39746264
2341576,40410766
2381608,41061846
2421655,41704067
2461708,42336471
2501744,42968318
2541777,43589584
2581811,44220406
2621843,44815638
2661878,45499714
2701906,46159500
2741939,46844039
2781974,47509468
2822008,48177161
2862051,48842147
2902088,49494444
2942140,50130962
2982185,50765025
3022218,51391082
3062250,52022674
3102282,52650545
3142314,53192684
3182348,53815106
3222385,54435255
3262415,55038120
3302447,55703061
3342476,56355619
3382509,57003582
3422557,57650289
3462609,58289395
3502650,58937439
3542682,59546545
3582711,60085750
3622745,60699337
3662775,61274765
3702805,61838859
3742839,62525754
3782869,63197363
3822909,63964738
3862951,64637668
3902990,65280428
3943042,65837097
3983090,66481217
4023133,67220154
4063174,67874029
4103214,68510896
4143256,69219882
4183299,69832140
4223341,70398627
4263382,71084327
4303427,71792177
4343468,72542361
4383508,73210229
4423561,73865026
4463614,74509178
4503656,75162002
4543698,75877616
4583744,76552071
4623786,77186632
4663815,77807998
4703855,78402281
4743892,78970869
4783935,79653358
4823979,80430359
4864020,81106347
4904063,81765249
4944115,82406445
4984163,83058635
5024207,83713545
5064252,84361965
5104291,85015433
5144320,85617648
5184350,86232839
5224384,86827728
5264418,87396051
5304455,88081038
5344499,88859913
5384536,89460609
5424584,90072971
5464637,90720599
5504671,91375802
5544705,92021908
5584740,92678170
5624775,93401403
5664811,94038198
5704846,94668115
5744881,95267606
5784908,95830094
5824938,96497310
5864969,97150935
5905007,97823517
5945057,98386489
5985101,99028768
6025137,99783369
6065165,100418452
6105202,101077671
6145230,101707844
6185260,102337297
6225294,102973655
6265327,103564112
6305353,104129015
6345383,104803681
6385421,105582493
6425465,106234203
6465520,106804121
6505552,107458807
6545588,108162038
6585622,108788260
6625660,109501375
6665700,110136537
6705735,110708505
6745770,111384692
6785799,111971579
6825831,112522006
6865861,113128515
6905903,113869736
6945956,114440551
6986004,115115540
7026046,115867181
7066086,116522934
7106123,117175584
7146152,117809629
7186183,118436969
7226212,119066184
7266246,119699225
7306276,120279765
7346306,120844709
7386336,121516672
7426380,122181701
7466432,122816219
7506467,123395002
7546494,124053316
7586531,124810660
7626567,125462753
7666600,126090260
7706626,126720765
7746659,127368140
7786694,127996411
7826731,128648731
7866766,129128060
7906809,129789787
7946859,130360360
7986905,131016402
8026935,131663238
8066964,132285335
8106995,132910959
8147031,133634524
8187072,134289368
8227110,134929689
8267151,135568952
8307195,136300483
8347238,136932785
8387279,137445364
8427329,138104520
8467380,138770319
8507417,139444134
8547456,140119156
8587496,140868031
8627533,141428983
8667566,142079699
8707603,142760090
8747637,143454945
8787670,144099341
8827711,144736165
8867749,145365799
8907793,145885491
8947845,146524249
8987892,147158075
9027928,147748741
9067956,148405173
9107990,149059246
9148027,149679682
9188059,150247731
9228099,150900264
9268139,151636916
9308173,152274295
9348209,152911125
9388248,153545313
9428300,154128215
9468353,154682343
9508385,155352471
9548418,156028311
9588452,156699577
9628486,157365713
9668526,157999547
9708560,158553733
9748596,159188050
9788632,159820604
9828670,160462662
9868711,161106771
9908754,161729733
9948803,162388921
9988848,162843463
10028886,163504597
10068916,164078258
10108945,164744625
10148975,165413546
10189013,166170123
10229040,166725764
10269071,167365438
10309107,168019139
10349147,168759904
10389185,169379267
10429232,169946624
10469285,170535708
10509322,171131835
10549358,171803448
10589396,172472458
10629431,173035651
10669465,173691355
10709502,174331133
10749532,174994044
10789567,175653517
10829597,176282948
10869626,176884923
10909668,177564188
10949719,178181293
10989765,178819155
11029805,179408941
11069845,179970973
11109888,180654406
11149933,181335695
11189978,182103600
11230020,182783436
11270064,183441207
11310095,184085046
11350125,184727153
11390159,185377197
11430209,186008696
11470261,186629926
11510293,187252644
11550326,187847154
11590361,188405010
11630394,189076038
11670431,189753592
11710462,190418884
11750497,191091677
11790526,191750706
11830563,192493555
11870590,193153039
11910631,193799466
11950685,194423522
11990727,195052364
12030765,195685878
12070802,196277956
12110835,196845539
12150876,197521009
12190910,198179564
12230947,198824080
12270985,199388016
12311014,200036055
12351049,200693857
12391084,201343430
12431131,201980481
12471185,202602585
12511216,203224147
12551250,203859850
12591291,204545119
12631329,204997117
12671368,205678127
12711403,206355511
12751443,207122371
12791487,207805445
12831524,208464708
12871567,209119693
12911614,209771310
12951668,210407946
12991706,211051094
13031740,211682285
13071777,212406016
13111812,212990116
13151844,213555790
13191876,214232461
13231911,214909412
13271947,215586515
13311985,216339810
13352026,216897969
13392060,217541341
13432108,218172305
13472151,218716068
13512189,219347057
13552231,219978165
13592264,220595295
13632296,221215827
13672330,221714325
13712363,222397840
13752399,223075436
13792432,223746256
13832471,224458397
13872509,225070536
13912551,225710498
13952602,226348512
13992643,226997675
14032687,227648878
14072723,228320116
14112755,228996718
14152791,229640752
14192826,230140080
14232867,230820838
14272915,231505105
14312961,232200428
14352997,232835624
14393028,233488539
14433077,234141181
14473127,234787633
14513173,235443577
14553217,236173248
14593252,236709631
14633286,237329948
14673317,237953361
14713350,238546967
14753383,239115777
14793420,239800946
14833458,240569577
14873494,241194649
14913531,241793617
14953583,242433141
14993619,243052660
15033648,243617303
15073681,244258447
15113716,244996885
15153746,245627893
15193776,246250335
15233809,246837588
15273844,247391062
15313876,248055382
15353913,248746338
15393947,249418537
15433992,250038293
15474039,250613535
15514074,251300014
15554108,252009464
15594140,252554734
15634177,253171184
15674206,253784602
15714233,254324486
15754264,254937243
15794293,255436628
15834328,256103534
15874364,256775615
15914403,257443031
15954452,257996550
15994489,258646861
16034527,259307358
16074557,259956918
16114587,260604821
16154624,261350664
16194653,261985884
16234687,262625238
16274725,263348292
16314759,263855903
16354792,264539521
16394826,265215107
16434873,265874116
16474918,266506312
16514945,267081732
16554978,267734755
16595010,268387579
16635055,269138921
16675097,269782590
16715130,270392826
16755159,270931894
16795196,271658457
16835226,272249291
16875258,272832063
16915295,273504600
16955348,274166863
16995386,274831963
17035419,275490726
17075449,276148152
17115487,276808650
17155525,277449322
17195560,278080398
17235601,278725730
17275642,279391435
17315675,279982148
17355709,280570745
17395739,281159589
17435785,281811052
17475832,282475600
17515866,283145429
17555899,283810166
17595930,284461964
17635972,285107491
17676005,285753858
17716042,286485125
17756072,287110167
17796103,287664495
17836137,288286879
17876170,288958817
17916203,289427847
17956257,290093408
17996294,290760626
18036335,291439114
18076371,292142417
18116413,292802937
18156454,293507408
18196492,294171266
18236537,294824573
18276574,295456803
18316609,296065564
18356644,296695068
18396677,297277013
18436722,297819017
18476769,298393111
18516812,299068185
18556852,299736835
18596881,300399399
18636927,301156183
18676969,301825671
18717005,302467395
18757034,303103756
18797067,303754457
18837103,304394528
18877134,305114157
18917175,305709243
18957226,306249456
18997269,306936432
19037306,307619011
19077345,308292290
19117383,308958935
19157418,309620774
19197454,310378196
19237485,311012966
19277514,311663095
19317548,312299329
19357577,312886475
19397607,313445546
19437654,314114268
19477703,314562632
19517742,315239651
19557784,315912479
19597812,316501596
19637842,317123913
19677881,317787965
19717924,318542996
19757969,319202069
19798008,319836724
19838039,320382906
19878068,320994959
19918103,321609592
19958155,322129641
19998195,322711280
20038234,323275435
20078267,323942692
20118298,324609043
20158333,325286482
20198366,325949509
20238396,326609212
20278438,327365514
20318477,327989147
20358507,328535594
20398540,329158936
20438586,329772409
20478630,330320752
20518665,330993823
20558696,331560254
20598730,332244599
20638762,332933918
20678795,333687934
20718824,334336005
20758862,335017780
20798896,335674285
20838932,336323218
20878963,336966939
20919006,337607619
20959057,338233167
20999093,338857934
21039130,339429200
21079168,339992522
21119202,340653655
21159238,341292325
21199272,341882332
21239304,342538694
21279335,343183829
21319368,343752978
21359402,344362412
21399436,345007004
21439485,345646470
21479533,346275522
21519574,346905757
21559618,347538978
21599657,348132845
21639700,348787018
21679746,349496400
21719794,350177184
21759836,350912197
21799874,351521162
21839913,352265590
21879954,352924580
21919996,353562411
21960049,354195521
22000096,354833729
22040129,355459026
22080165,356083837
22120198,356583774
22160232,357267625
22200260,357934074
22240295,358608102
22280323,359265344
22320361,359898373
22360394,360447911
22400427,361094826
22440473,361733613
22480520,362353352
22520551,362986478
22560587,363637327
22600617,364258735
22640648,364845404
22680681,365413784
22720721,366100286
22760763,366827029
22800793,367425920
22840829,368088702
22880862,368752976
22920905,369386999
22960956,370027333
23001002,370674017
23041043,371313406
23081072,371935162
23121105,372572494
23161138,373245218
23201163,373718284
23241199,374478589
23281228,375153927
23321270,375849069
23361310,376520738
23401347,377161666
23441394,377792759
23481446,378400258
23521483,379098089
23561512,379731594
23601544,380370247
23641579,380998755
23681614,381675260
23721646,382145346
23761677,382821191
23801709,383494987
23841747,384154547
23881777,384806930
23921814,385468794
23961867,386115108
24001914,386763878
24041951,387414728
24081991,388113186
24122034,388791116
24162075,389423734
24202107,390001679
24242145,390561666
24282184,391229367
24322219,391811946
24362256,392570260
24402289,393234703
24442336,393889253
24482384,394528980
24522420,395076962
24562458,395703167
24602491,396334832
24642525,396969277
24682558,397600725
24722590,398228179
24762624,398738440
24802652,399409193
24842690,400189862
24882720,400852210
24922760,401529769
24962812,402172198
25002858,402840609
25042903,403493476
25082939,404119066
25122972,404759606
25163007,405403324
25203054,406037988
25243088,406658397
25283126,407156057
25323164,407828424
25363194,408496981
25403228,409168413
25443277,409832504
25483329,410487804
25523372,411131422
25563401,411679279
25603431,412320134
25643467,412950364
25683508,413592166
25723551,414292991
25763586,414942953
25803618,415493715
25843655,416119781
25883688,416800042
25923727,417472433
25963779,418117586
26003821,418742642
26043857,419319046
26083886,419965206
26123920,420617069
26163964,421244887
26203995,421871554
26244037,422512853
26284077,423143072
26324117,423819972
26364152,424286431
26404183,424957980
26444233,425630064
26484282,426294346
26524322,426965130
26564365,427685723
26604407,428383423
26644454,429040762
26684499,429764733
26724537,430387136
26764572,431042547
26804609,431685937
26844643,432275325
26884676,432839511
26924714,433512286
26964766,434164522
27004803,434840297
27044838,435509290
27084878,436175866
27124919,436856416
27164954,437462985
27204985,438088682
27245015,438713501
27285053,439364310
27325087,439991018
27365119,440592393
27405146,441137543
27445194,441803123
27485242,442421797
27525283,443026034
27565314,443681152
27605349,444343750
27645384,445064009
27685414,445649100
27725450,446285732
27765491,446916913
27805523,447541131
27845553,448165711
27885588,448792296
27925629,449293220
27965682,449952469
28005723,450616436
28045751,451192685
28085789,451963825
28125821,452625729
28165856,453286229
28205885,453933490
28245916,454573295
28285956,455185053
28325986,455776527
28366028,456470248
28406070,457105113
28446122,457693367
28486171,458254837
28526211,458929648
28566241,459590413
28606272,460153997
28646312,460811037
28686348,461466823
28726380,462120130
28766418,462866080
28806448,463497549
28846482,464133334
28886514,464748040
28926551,465293238
28966605,465859680
29006641,466417019
29046681,467029623
29086712,467646490
29126752,468403796
29166779,469082482
29206812,469757263
29246848,470418114
29286882,471155558
29326916,471814030
29366948,472440379
29406975,472975946
29447022,473593054
29487068,474236903
29527100,474707954
29567136,475331834
29607168,475968179
29647205,476716184
29687237,477380475
29727267,478032772
29767303,478703397
29807333,479341947
29847366,479991179
29887394,480633997
29927434,481275659
29967485,481898740
30007528,482520582
30047568,483111167
30087605,483690996
30127632,484357283
30167661,485008242
30207697,485676988
30247727,486329360
30287761,487004642
30327795,487645142
30367823,488293846
30407856,488939878
30447904,489565889
30487953,490187030
30527990,490822093
30568022,491419500
30608050,491988418
30648085,492652343
30688124,493300395
30728153,493866279
30768188,494522281
30808226,495174197
30848266,495832347
30888309,496568419
30928352,497226910
30968401,497846665
31008444,498493080
31048476,499121608
31088511,499714578
31128543,500285402
31168578,500954652
31208612,501623564
31248655,502292748
31288693,502947772
31328723,503589373
31368756,504182913
31408787,504780263
31448837,505419121
31488888,506051323
31528929,506745849
31568964,507309214
31608996,507979446
31649028,508436686
31689066,509117849
31729105,509891726
31769146,510548308
31809180,511196699
31849216,511891411
31889251,512548454
31929289,513200458
31969341,513837122
32009385,514479839
32049424,515110013
32089463,515783366
32129498,516425763
32169529,516990218
32209564,517672626
32249597,518330771
32289627,518883178
32329663,519545891
32369700,520208696
32409732,520863853
32449784,521521071
32489831,522148223
32529871,522771930
32569902,523371033
32609933,523918790
32649963,524536307
32689996,525134119
32730030,525702098
32770063,526371364
32810096,527042039
32850130,527712056
32890162,528377686
32930203,529120612
32970258,529696714
33010303,530322439
33050336,530943656
33090367,531561462
33130396,532128577
33170428,532826128
33210461,533419391
33250493,533987849
33290527,534673884
33330560,535338994
33370593,536004807
33410633,536648349
33450683,537232683
33490732,537852172
33530779,538606885
33570822,539255033
33610861,539881776
33650891,540507902
33690920,541133475
33730955,541722464
33770984,542287406
33811015,542969756
33851052,543739994
33891083,544392680
33931125,545079737
33971179,545716219
34011223,546379329
34051266,547037450
34091304,547672355
34131332,548304615
34171370,548946863
34211399,549578675
34251439,550268557
34291469,550833505
34331502,551519737
34371537,552199269
34411566,552866052
34451613,553519490
34491662,554168245
34531702,554830098
34571742,555477556
34611775,556116925
34651810,556754600
34691852,557477007
34731898,558121683
34771942,558706535
34811980,559271387
34852017,559944539
34892045,560609664
34932084,561279487
34972135,561933485
35012176,562581741
35052211,563123997
35092243,563758365
35132270,564338012
35172299,564927334
35212332,565553828
35252367,566180245
35292395,566792379
35332424,567292919
35372459,567968178
35412491,568640675
35452537,569305773
35492587,569961300
35532632,570635468
35572669,571299267
35612707,571997620
35652746,572703936
35692776,573342216
35732813,573983597
35772853,574606923
35812888,575232587
35852925,575746669
35892966,576402942
35933003,577072227
35973054,577733513
36004688,578186879
36041125,578806857
36081160,579454814
36121196,579997156
36161236,580625760
36201269,581247190
36241297,581786436
36281330,582410101
36321364,583046597
36361396,583672822
36401430,584274189
36441473,584860566
36481524,585517326
36512520,586051200
36551600,586722464
36591646,587492371
36631689,588155008
36671733,588813490
36711778,589561929
36751819,590201032
36791853,590817766
36831890,591460667
36871918,592084438
36911949,592584551
36951998,593258928
36992049,593930105
37032093,594608816
37072137,595280867
37112179,596036546
37152222,596708462
37192259,597363142
37232303,598013542
37272339,598736908
37312374,599369795
37352410,600007957
37392453,600688398
37432491,601143812
37472541,601765523
37512582,602370108
37552613,603037750
37592649,603742546
37632683,604479667
37672722,605143000
37712759,605799276
37752799,606545593
37792826,607151669
37832855,607701561
37872885,608326432
37912922,608976334
37952966,609558195
37993015,610121057
38033049,610799610
38073081,611466216
38113121,612108881
38153149,612676975
38193181,613399363
38233219,613958508
38273251,614602354
38313292,615252543
38353333,615976626
38393373,616603518
38433416,617235888
38473467,617723769
38513511,618290358
38553550,619055394
38593590,619753110
38633631,620430309
38673668,621091630
38713700,621728308
38753737,622365885
38793775,623025483
38833818,623674429
38873859,624335268
38913900,625045635
38953947,625667500
38993999,626155093
39034043,626721984
39074085,627507485
39114128,628187824
39154169,628860723
39194211,629538010
39234250,630276852
39274292,630942064
39314326,631592652
39354362,632238561
39394396,632960014
39434442,633606588
39474495,634223356
39514537,634723221
39554571,635315664
39594605,635947816
39634639,636619346
39674672,637290914
39714705,637938051
39754742,638561479
39794774,639123064
39834810,639771799
39874851,640499235
39914892,641137291
39954942,641738278
39994990,642299369
40035031,642987137
40075070,643545551
40115109,644235367
40155152,644913974
40195184,645577341
40235214,646227318
40275245,646869650
40315283,647452943
40355313,648067026
40395343,648696087
40435385,649291385
40475435,649857938
40515480,650576912
40555519,651267814
40595555,651722769
40635596,652399358
40675629,653071958
40715661,653737298
40755691,654386105
40795723,655044306
40835759,655713133
40875802,656372876
40915837,657009762
40955885,657640115
40995935,658270970
41035976,658905135
41076008,659519599
41116041,660019818
41156075,660705758
41196114,661380661
41236149,662042686
41276186,662695734
41316220,663337317
41356260,663894688
41396291,664534224
41436323,665173048
41476375,665796930
41516416,666442047
41556450,667080076
41596482,667696191
41636510,668282153
41676543,668850691
41716576,669534030
41756609,670215050
41796636,670874186
41836668,671541275
41876706,672294472
41916739,672937144
41956784,673488705
41996832,674119801
42036870,674759480
42076908,675396997
42116952,676125052
42156996,676718069
42197037,677283335
42237076,677966285
42277118,678645630
42317162,679420823
42357202,680089293
42397240,680751408
42437283,681435124
42477335,682048279
42517381,682699147
42557419,683425961
42597451,684053456
42637487,684686176
42677523,685285173
42717553,685851933
42757596,686521756
42797630,687170274
42837662,687840484
42877696,688510784
42917729,689166059
42957774,689792355
42997819,690347198
43037856,691067998
43077887,691730446
43117923,692371036
43157960,693000022
43197997,693585346
43238027,694147288
43278061,694868235
43318088,695500277
43358123,696269494
43398154,696914557
43438186,697502061
43478237,698127977
43518276,698773121
43558314,699501141
43598354,700164778
43638392,700771422
43678427,701306767
43718455,701990196
43758485,702447989
43798523,703227569
43838569,703916832
43878613,704592414
43918654,705256188
43958702,705899556
43998750,706542515
44038783,707197037
44078816,707848114
44118849,708480364
44158882,709182037
44198911,709768770
44238947,710419732
44278984,710934707
44319023,711557160
44359056,712289746
44399094,712988347
44439135,713654558
44479186,714211507
44519229,714861463
44559270,715599981
44599311,716258879
44639351,716901484
44679388,717537712
44719428,718218513
44759466,718853592
44799503,719416489
44839548,720103427
44879591,720784851
44919635,721489100
44959680,722152410
44999728,722769000
45039769,723512695
45079807,724172879
45119843,724765198
45159881,725434158
45199918,726070907
45239946,726695062
45279977,727286232
45320009,727850714
45360049,728536576
45400089,729219632
45440131,729873426
45480185,730515441
45520220,731091873
45560253,731826743
45600292,732483266
45640326,733125569
45680369,733768847
45720411,734499814
45760451,735129245
45800485,735721748
45840525,736291446
45880554,736970325
45920592,737636206
45960640,738291232
46000690,738920762
46040721,739493332
46080752,740148469
46120791,740901192
46160823,741542882
46200853,742179829
46240894,742822644
46280937,743524456
46320971,744132114
46361009,744669968
46401045,745348384
46441082,746033984
46481133,746607194
46521178,747356582
46561214,748036879
46601249,748664632
46641280,749217080
46681312,749848960
46721342,750477662
46761377,751116247
46801410,751746308
46841447,752426812
46881479,752959132
46921514,753668135
46961558,754235194
47001608,754886781
47041645,755544890
47081684,756200179
47121720,756838866
47161751,757434242
47201788,758144894
47241819,758786149
47281851,759427007
47321886,760117285
47361923,760748226
47401953,761290596
47441993,761966999
47482045,762615928
47522093,763292830
47562133,763972769
47602178,764641434
47642222,765304646
47682262,765968870
47722292,766586619
47762326,767229957
47802362,767951335
47842390,768487894
47882419,769102697
47922455,769682183
47962500,770274672
48002545,770941826
48042579,771603915
48082618,772250039
48122658,772872483
48162691,773467304
48202719,774110527
48242746,774753067
48282782,775400079
48322814,776039757
48362840,776665698
48402874,777338559
48442912,777882178
48482966,778442125
48523009,779147105
48563045,779886997
48603076,780539637
48643111,781225439
48683149,781891507
48723194,782548979
48763234,783177109
48803264,783806807
48843298,784452840
48883330,785085347
48923363,785697060
48963407,786278475
49003452,786728108
49043491,787390013
49083528,787955918
49123565,788600682
49163596,789249095
49203628,789850667
49243660,790460475
49283697,791108226
49323740,791746731
49363774,792384915
49403811,793066696
49443855,793757414
49483906,794376031
49523951,794874691
49563992,795541270
49604022,796169929
49644052,796778551
49684082,797439070
49724112,798096831
49764147,798755909
49804188,799503401
49844224,800160899
49884260,800796132
49924298,801413422
49964346,801951753
50004393,802563297
50044427,803148714
50084461,803711069
50124499,804369701
50164533,805046777
50204569,805695409
50244601,806320295
50284635,806931263
50324672,807593501
50364703,808220437
50404735,808864379
50444780,809573131
50484834,810139305
50524879,810827434
50564920,811443894
50604960,812004649
50645004,812690300
50685045,813368682
50725081,814039248
50765120,814809390
50805160,815475659
50845200,816118631
50885234,816672546
50925262,817290831
50965310,817916489
51005358,818534414
51045391,819171117
51085425,819844269
51125458,820305999
51165491,820979145
51205531,821663828
51245569,822360374
51285610,823019664
51325643,823657552
51365681,824411334
51405714,825058986
51445751,825710376
51485804,826342557
51525849,826973118
51565883,827576841
51605911,828113196
51645943,828704184
51685980,829386074
51726016,830075468
51766048,830748805
51806081,831396755
51846109,831953793
51886141,832595375
51926171,833235362
51966216,833880052
52006266,834516558
52046312,835159344
52086352,835779060
52126384,836398991
52166416,837001214
52206448,837565129
52246482,838250772
52286513,838907620
52326551,839576289
52366581,840227700
52406611,840863078
52446648,841528554
52486703,842152956
52526747,842736777
52566779,843336977
52606809,843957161
52646838,844564879
52686873,845162346
52726905,845724637
52766937,846407977
52806971,847091013
52847005,847744085
52887037,848329294
52927070,848963410
52967116,849597946
53007165,850240960
53047207,850978356
53087247,851613609
53127275,852150060
53167312,852865455
53207343,853452762
53247373,854013913
53287405,854690978
53327437,855374196
53367468,856049688
53407503,856705674
53447546,857351086
53487598,857984817
53527643,858652741
53567682,859307021
53607717,859942907
53647755,860574690
53687790,861201930
53727821,861822574
53767859,862320005
53807900,862983489
53847927,863545993
53887956,864204617
53927995,864837222
53968041,865401648
54008089,866045978
54048122,866693441
54088159,867346599
54128197,867983351
54168239,868620997
54208274,869254263
54248316,869888439
54288358,870571305
54328395,871030078
54368435,871706819
54408466,872370331
54448501,873032163
54488554,873686307
54528593,874344533
54568626,875003372
54608660,875659536
54648696,876394694
54688724,876955029
54728752,877560925
54768781,878178272
54808814,878849158
54848845,879309457
54888888,879996182
54928926,880668284
54968971,881310803
55009015,881874187
55049056,882512747
55089088,883057041
55129120,883697698
55169149,884331051
55209179,884955802
55249206,885496410
55289240,886220511
55329278,886856767
55369309,887445312
55409342,888011542
55449387,888693018
55489438,889358510
55529485,890026291
55569525,890698423
55609565,891453829
55649606,892115576
55689641,892754712
55729667,893358818
55769698,893917631
55809732,894549048
55849766,895243173
55889797,895870376
55929827,896436367
55969867,897111682
56009919,897779335
56049963,898456446
56090007,899127336
56130044,899829590
56170078,900421477
56210109,901052759
56250138,901659333
56290170,902321528
56330206,902964897
56370233,903586107
56410263,904175151
56450297,904731310
56490350,905398985
56530394,905984188
56570423,906617134
56610465,907266639
56650497,907925864
56690533,908586413
56730571,909238820
56770600,909876804
56810636,910523438
56850666,911234946
56890704,911895237
56930737,912573161
56970779,913025093
57010828,913695634
57050876,914380534
57090923,915059616
57130966,915817794
57171004,916487117
57211036,917059125
57251070,917676869
57291105,918318729
57331146,919061642
57371186,919695947
57411228,920329863
57451279,921013148
57491332,921460161
57531382,922140770
57571420,922819350
57611461,923476933
57651497,924137898
57691529,924793659
57731567,925438346
57771606,926094572
57811639,926738073
57851672,927370230
57891706,928005003
57931742,928641667
57971791,929265785
58011841,929766627
58050882,930427237
58090912,931077445
58130942,931749807
58170981,932432898
58211019,933084625
58251057,933626345
58291088,934274645
58331121,934920719
58371161,935664487
58411190,936284634
58451230,936926474
58491283,937543322
58531326,938053784
58571364,938657794
58611399,939328355
58651439,939944391
58691476,940600378
58731508,941254050
58771540,941909413
58811580,942565747
58851613,943211262
58891643,943840571
58931673,944450584
58971724,944999558
59011771,945618349
59051810,946301568
59091844,946858500
59131886,947550443
59171924,948220321
59211965,948895719
59252009,949569571
59292044,950319491
59332083,950951459
59372127,951634227
59412174,952285742
59452222,952919142
59492275,953544808
59532316,954175741
59572349,954750179
59612386,955317412
59652418,956031530
59692450,956662781
59732490,957321351
59772524,957961526
59812556,958560334
59852593,959173449
59892639,959824524
59932684,960572031
59972737,961198741
60012788,961825140
60052835,962474081
60092877,963155271
60132917,963613054
60172955,964290999
60212995,964967722
60253039,965730947
60293081,966407024
60333122,967068746
60373161,967729592
60413197,968398532
60453241,969021101
60493293,969643282
60533334,970269804
60573367,970907033
60607358,971413277
60647443,971415659
60687492,971417762
60727542,971419865
60767589,971421968
60807638,971424071
60847685,971426174
60887733,971428277
60927784,971430380
60967849,971432483
61007915,971434586
61043975,971436780
61084042,971438883
61124110,971440986
61164177,971443089
61204244,971445192
61244312,971447295
61284380,971449398
TS,4
39925,0
79993,0
120063,0
160132,0
200202,0
240271,0
280341,0
320410,0
360480,0
400549,0
440619,0
471242,0
510727,0
550782,0
590834,0
630886,0
670938,0
710994,0
751047,0
791100,0
831155,0
871209,0
911251,0
951295,0
991337,0
1031374,0
1071413,0
1111455,0
1151489,0
1191520,0
1231554,0
1271588,0
1311630,0
1351663,0
1391698,0
1431750,0
1471799,0
1510835,0
1550870,0
1590905,0
1630937,0
1670969,0
1711005,0
1751034,0
1791069,0
1831105,0
1871134,0
1911179,0
1951232,0
1981703,0
2021295,0
2061329,0
2101361,0
2141395,0
2181431,0
2221472,0
2261509,0
2301542,0
2341576,0
2381609,0
2421656,0
2461709,0
2501745,0
2541778,0
2581811,0
2621843,0
2661878,0
2701907,0
2741940,0
2781975,0
2822009,0
2862051,0
2902089,0
2942141,0
2982186,0
3022218,0
3062251,0
3102282,0
3142315,0
3182349,0
3222386,0
3262416,0
3302447,0
3342476,0
3382510,0
3422558,0
3462610,0
3502650,0
3542682,0
3582711,0
3622745,0
3662775,0
3702806,0
3742840,0
3782869,0
3822909,0
3862951,0
3902991,0
3943043,0
3983091,0
4023134,0
4063175,0
4103215,0
4143256,0
4183300,0
4223343,0
4263382,0
4303428,0
4343469,0
4383509,0
4423562,0
4463615,0
4503657,0
4543698,0
4583745,0
4623787,0
4663816,0
4703856,0
4743893,0
4783935,0
4823980,0
4864021,0
4904063,0
4944116,0
4984163,0
5024208,0
5064253,0
5104291,0
5144321,0
5184351,0
5224384,0
5264418,0
5304456,0
5344499,0
5384537,0
5424584,0
5464638,0
5504671,0
5544706,0
5584741,0
5624776,0
5664812,0
5704847,0
5744881,0
5784909,0
5824939,0
5864970,0
5905007,0
5945058,0
5985102,0
6025138,0
6065166,0
6105202,0
6145231,0
6185261,0
6225294,0
6265327,0
6305354,0
6345384,0
6385422,0
6425466,0
6465520,0
6505553,0
6545589,0
6585623,0
6625661,0
6665701,0
6705736,0
6745771,0
6785800,0
6825831,0
6865861,0
6905904,0
6945957,0
6986005,0
7026047,0
7066087,0
7106124,0
7146153,0
7186183,0
7226213,0
7266247,0
7306276,0
7346307,0
7386337,0
7426381,0
7466432,0
7506467,0
7546494,0
7586532,0
7626568,0
7666600,0
7706626,0
7746660,0
7786695,0
7826732,0
7866767,0
7906809,0
7946860,0
7986906,0
8026936,0
8066964,0
8106995,0
8147031,0
8187072,0
8227110,0
8267151,0
8307195,0
8347239,0
8387280,0
8427329,0
8467381,0
8507418,0
8547457,0
8587496,0
8627533,0
8667567,0
8707604,0
8747638,0
8787671,0
8827712,0
8867750,0
8907794,0
8947846,0
8987892,0
9027928,0
9067957,0
9107990,0
9148028,0
9188059,0
9228100,0
9268140,0
9308174,0
9348210,0
9388249,0
9428301,0
9468354,0
9508385,0
9548419,0
9588452,0
9628486,0
9668527,0
9708561,0
9748597,0
9788633,0
9828671,0
9868712,0
9908754,0
9948804,0
9988848,0
10028887,0
10068916,0
10108945,0
10148975,0
10189013,0
10229041,0
10269072,0
10309108,0
10349147,0
10389185,0
10429233,0
10469286,0
10509323,0
10549359,0
10589397,0
10629432,0
10669466,0
10709502,0
10749532,0
10789568,0
10829598,0
10869626,0
10909669,0
10949719,0
10989766,0
11029805,0
11069846,0
11109889,0
11149934,0
11189979,0
11230021,0
11270065,0
11310095,0
11350125,0
11390160,0
11430210,0
11470261,0
11510294,0
11550327,0
11590361,0
11630395,0
11670431,0
11710463,0
11750498,0
11790526,0
11830563,0
11870591,0
11910632,0
11950686,0
11990728,0
12030766,0
12070802,0
12110835,0
12150877,0
12190910,0
12230947,0
12270985,0
12311015,0
12351049,0
12391084,0
12431131,0
12471186,0
12511217,0
12551250,0
12591292,0
12631330,0
12671368,0
12711404,0
12751444,0
12791487,0
12831525,0
12871567,0
12911615,0
12951668,0
12991707,0
13031740,0
13071778,0
13111812,0
13151844,0
13191877,0
13231912,0
13271948,0
13311985,0
13352026,0
13392060,0
13432109,0
13472152,0
13512190,0
13552232,0
13592264,0
13632297,0
13672330,0
13712363,0
13752399,0
13792432,0
13832472,0
13872510,0
13912552,0
13952602,0
13992644,0
14032687,0
14072724,0
14112756,0
14152791,0
14192826,0
14232868,0
14272915,0
14312961,0
14352998,0
14393028,0
14433077,0
14473127,0
14513174,0
14553218,0
14593253,0
14633286,0
14673318,0
14713350,0
14753384,0
14793421,0
14833459,0
14873495,0
14913532,0
14953584,0
14993619,0
15033648,0
15073681,0
15113716,0
15153746,0
15193776,0
15233809,0
15273845,0
15313877,0
15353913,0
15393947,0
15433993,0
15474040,0
15514075,0
15554108,0
15594140,0
15634178,0
15674207,0
15714233,0
15754264,0
15794294,0
15834329,0
15874365,0
15914404,0
15954453,0
15994489,0
16034527,0
16074557,0
16114588,0
16154624,0
16194654,0
16234687,0
16274725,0
16314760,0
16354793,0
16394826,0
16434873,0
16474918,0
16514946,0
16554978,0
16595011,0
16635055,0
16675098,0
16715131,0
16755160,0
16795197,0
16835227,0
16875258,0
16915295,0
16955349,0
16995387,0
17035419,0
17075450,0
17115488,0
17155526,0
17195561,0
17235602,0
17275643,0
17315675,0
17355709,0
17395740,0
17435785,0
17475833,0
17515866,0
17555899,0
17595930,0
17635973,0
17676006,0
17716043,0
17756073,0
17796103,0
17836137,0
17876171,0
17916204,0
17956258,0
17996295,0
18036335,0
18076372,0
18116414,0
18156455,0
18196493,0
18236537,0
18276575,0
18316610,0
18356645,0
18396678,0
18436723,0
18476770,0
18516812,0
18556853,0
18596881,0
18636927,0
18676970,0
18717006,0
18757034,0
18797068,0
18837104,0
18877135,0
18917176,0
18957226,0
18997269,0
19037307,0
19077345,0
19117383,0
19157418,0
19197455,0
19237486,0
19277515,0
19317548,0
19357578,0
19397607,0
19437655,0
19477704,0
19517743,0
19557785,0
19597812,0
19637843,0
19677881,0
19717925,0
19757969,0
19798009,0
19838040,0
19878068,0
19918104,0
19958156,0
19998196,0
20038235,0
20078267,0
20118298,0
20158334,0
20198366,0
20238397,0
20278438,0
20318477,0
20358508,0
20398540,0
20438587,0
20478630,0
20518666,0
20558697,0
20598730,0
20638762,0
20678795,0
20718825,0
20758863,0
20798897,0
20838933,0
20878963,0
20919008,0
20959058,0
20999094,0
21039131,0
21079168,0
21119203,0
21159239,0
21199272,0
21239305,0
21279336,0
21319369,0
21359402,0
21399437,0
21439486,0
21479533,0
21519574,0
21559620,0
21599658,0
21639701,0
21679747,0
21719795,0
21759837,0
21799875,0
21839914,0
21879955,0
21919997,0
21960049,0
22000097,0
22040130,0
22080166,0
22120199,0
22160232,0
22200261,0
22240295,0
22280324,0
22320362,0
22360395,0
22400427,0
22440473,0
22480521,0
22520551,0
22560587,0
22600618,0
22640649,0
22680682,0
22720721,0
22760763,0
22800794,0
22840830,0
22880862,0
22920906,0
22960957,0
23001003,0
23041043,0
23081072,0
23121106,0
23161139,0
23201163,0
23241199,0
23281229,0
23321270,0
23361311,0
23401348,0
23441395,0
23481447,0
23521483,0
23561513,0
23601544,0
23641579,0
23681615,0
23721647,0
23761678,0
23801710,0
23841748,0
23881777,0
23921815,0
23961867,0
24001914,0
24041951,0
24081991,0
24122035,0
24162075,0
24202108,0
24242146,0
24282185,0
24322219,0
24362256,0
24402289,0
24442337,0
24482385,0
24522421,0
24562460,0
24602491,0
24642525,0
24682558,0
24722591,0
24762625,0
24802653,0
24842691,0
24882721,0
24922761,0
24962813,0
25002859,0
25042904,0
25082940,0
25122973,0
25163007,0
25203054,0
25243089,0
25283127,0
25323164,0
25363194,0
25403229,0
25443278,0
25483330,0
25523372,0
25563402,0
25603432,0
25643468,0
25683508,0
25723551,0
25763587,0
25803619,0
25843656,0
25883688,0
25923727,0
25963779,0
26003821,0
26043857,0
26083887,0
26123921,0
26163964,0
26203995,0
26244038,0
26284078,0
26324118,0
26364153,0
26404183,0
26444233,0
26484283,0
26524323,0
26564366,0
26604408,0
26644455,0
26684500,0
26724538,0
26764572,0
26804609,0
26844644,0
26884676,0
26924714,0
26964767,0
27004804,0
27044839,0
27084879,0
27124920,0
27164954,0
27204986,0
27245016,0
27285053,0
27325087,0
27365120,0
27405146,0
27445194,0
27485243,0
27525284,0
27565315,0
27605350,0
27645385,0
27685415,0
27725451,0
27765492,0
27805524,0
27845554,0
27885588,0
27925630,0
27965683,0
28005723,0
28045752,0
28085789,0
28125822,0
28165857,0
28205885,0
28245916,0
28285957,0
28325986,0
28366029,0
28406070,0
28446123,0
28486171,0
28526212,0
28566242,0
28606273,0
28646312,0
28686349,0
28726380,0
28766419,0
28806449,0
28846482,0
28886514,0
28926552,0
28966606,0
29006641,0
29046682,0
29086712,0
29126753,0
29166780,0
29206813,0
29246849,0
29286883,0
29326917,0
29366949,0
29406975,0
29447023,0
29487069,0
29527100,0
29567137,0
29607169,0
29647206,0
29687238,0
29727268,0
29767304,0
29807333,0
29847367,0
29887394,0
29927434,0
29967486,0
30007528,0
30047569,0
30087605,0
30127632,0
30167662,0
30207698,0
30247728,0
30287761,0
30327796,0
30367824,0
30407857,0
30447905,0
30487953,0
30527991,0
30568023,0
30608051,0
30648086,0
30688124,0
30728154,0
30768189,0
30808226,0
30848266,0
30888310,0
30928353,0
30968402,0
31008444,0
31048477,0
31088512,0
31128543,0
31168579,0
31208613,0
31248656,0
31288694,0
31328724,0
31368757,0
31408787,0
31448837,0
31488888,0
31528930,0
31568964,0
31608996,0
31649028,0
31689067,0
31729106,0
31769147,0
31809181,0
31849216,0
31889251,0
31929289,0
31969342,0
32009386,0
32049425,0
32089463,0
32129498,0
32169530,0
32209564,0
32249598,0
32289628,0
32329663,0
32369701,0
32409733,0
32449785,0
32489831,0
32529872,0
32569903,0
32609933,0
32649964,0
32689997,0
32730031,0
32770063,0
32810096,0
32850130,0
32890163,0
32930203,0
32970259,0
33010304,0
33050337,0
33090368,0
33130396,0
33170428,0
33210462,0
33250493,0
33290527,0
33330561,0
33370594,0
33410633,0
33450683,0
33490733,0
33530780,0
33570823,0
33610861,0
33650892,0
33690921,0
33730956,0
33770984,0
33811016,0
33851053,0
33891083,0
33931126,0
33971180,0
34011224,0
34051267,0
34091305,0
34131333,0
34171370,0
34211400,0
34251440,0
34291469,0
34331503,0
34371538,0
34411566,0
34451614,0
34491662,0
34531703,0
34571743,0
34611776,0
34651810,0
34691852,0
34731899,0
34771943,0
34811981,0
34852018,0
34892046,0
34932085,0
34972135,0
35012177,0
35052211,0
35092244,0
35132270,0
35172299,0
35212333,0
35252367,0
35292395,0
35332425,0
35372460,0
35412491,0
35452538,0
35492588,0
35532633,0
35572670,0
35612707,0
35652747,0
35692777,0
35732813,0
35772854,0
35812888,0
35852925,0
35892966,0
35933003,0
35973055,0
36004689,0
36041125,0
36081161,0
36121196,0
36161237,0
36201269,0
36241298,0
36281330,0
36321365,0
36361397,0
36401431,0
36441473,0
36481525,0
36512521,0
36551601,0
36591646,0
36631690,0
36671734,0
36711779,0
36751820,0
36791854,0
36831891,0
36871919,0
36911949,0
36951999,0
36992050,0
37032095,0
37072138,0
37112180,0
37152223,0
37192259,0
37232304,0
37272340,0
37312375,0
37352411,0
37392453,0
37432492,0
37472542,0
37512583,0
37552614,0
37592650,0
37632683,0
37672723,0
37712760,0
37752800,0
37792827,0
37832856,0
37872885,0
37912922,0
37952967,0
37993015,0
38033049,0
38073082,0
38113121,0
38153150,0
38193182,0
38233220,0
38273252,0
38313293,0
38353334,0
38393373,0
38433417,0
38473468,0
38513512,0
38553551,0
38593591,0
38633632,0
38673668,0
38713700,0
38753738,0
38793776,0
38833818,0
38873860,0
38913900,0
38953948,0
38994000,0
39034043,0
39074085,0
39114129,0
39154169,0
39194211,0
39234251,0
39274293,0
39314327,0
39354363,0
39394396,0
39434443,0
39474496,0
39514538,0
39554571,0
39594606,0
39634640,0
39674672,0
39714706,0
39754742,0
39794774,0
39834811,0
39874851,0
39914893,0
39954942,0
39994991,0
40035032,0
40075070,0
40115109,0
40155153,0
40195184,0
40235215,0
40275246,0
40315284,0
40355313,0
40395344,0
40435386,0
40475436,0
40515481,0
40555520,0
40595556,0
40635597,0
40675629,0
40715662,0
40755691,0
40795724,0
40835759,0
40875803,0
40915837,0
40955885,0
40995936,0
41035976,0
41076009,0
41116042,0
41156076,0
41196114,0
41236150,0
41276187,0
41316221,0
41356260,0
41396292,0
41436323,0
41476376,0
41516417,0
41556450,0
41596483,0
41636511,0
41676543,0
41716577,0
41756610,0
41796636,0
41836669,0
41876707,0
41916740,0
41956785,0
41996832,0
42036871,0
42076909,0
42116953,0
42156997,0
42197037,0
42237077,0
42277119,0
42317163,0
42357202,0
42397241,0
42437284,0
42477336,0
42517382,0
42557419,0
42597453,0
42637488,0
42677524,0
42717554,0
42757597,0
42797631,0
42837663,0
42877697,0
42917730,0
42957775,0
42997820,0
43037856,0
43077887,0
43117923,0
43157961,0
43197998,0
43238028,0
43278061,0
43318088,0
43358124,0
43398154,0
43438186,0
43478238,0
43518277,0
43558315,0
43598355,0
43638393,0
43678428,0
43718455,0
43758486,0
43798524,0
43838569,0
43878614,0
43918654,0
43958703,0
43998751,0
44038783,0
44078817,0
44118850,0
44158883,0
44198912,0
44238947,0
44278985,0
44319023,0
44359057,0
44399095,0
44439135,0
44479187,0
44519230,0
44559271,0
44599312,0
44639352,0
44679389,0
44719429,0
44759466,0
44799504,0
44839549,0
44879592,0
44919636,0
44959681,0
44999729,0
45039769,0
45079808,0
45119844,0
45159882,0
45199918,0
45239947,0
45279978,0
45320010,0
45360050,0
45400090,0
45440132,0
45480186,0
45520220,0
45560254,0
45600293,0
45640327,0
45680370,0
45720411,0
45760452,0
45800486,0
45840526,0
45880554,0
45920593,0
45960641,0
46000691,0
46040722,0
46080753,0
46120791,0
46160824,0
46200853,0
46240895,0
46280938,0
46320972,0
46361010,0
46401046,0
46441083,0
46481134,0
46521179,0
46561214,0
46601250,0
46641280,0
46681312,0
46721343,0
46761378,0
46801410,0
46841447,0
46881480,0
46921515,0
46961559,0
47001609,0
47041645,0
47081684,0
47121721,0
47161752,0
47201789,0
47241819,0
47281852,0
47321886,0
47361923,0
47401954,0
47441993,0
47482046,0
47522094,0
47562134,0
47602179,0
47642223,0
47682263,0
47722293,0
47762327,0
47802364,0
47842391,0
47882420,0
47922455,0
47962500,0
48002546,0
48042580,0
48082618,0
48122658,0
48162691,0
48202720,0
48242747,0
48282783,0
48322814,0
48362841,0
48402875,0
48442913,0
48482967,0
48523010,0
48563046,0
48603077,0
48643111,0
48683150,0
48723195,0
48763235,0
48803264,0
48843299,0
48883331,0
48923364,0
48963408,0
49003453,0
49043492,0
49083529,0
49123566,0
49163597,0
49203629,0
49243661,0
49283698,0
49323740,0
49363774,0
49403812,0
49443855,0
49483907,0
49523952,0
49563993,0
49604022,0
49644053,0
49684082,0
49724113,0
49764148,0
49804188,0
49844224,0
49884261,0
49924299,0
49964346,0
50004394,0
50044428,0
50084462,0
50124500,0
50164534,0
50204569,0
50244602,0
50284636,0
50324673,0
50364704,0
50404735,0
50444781,0
50484835,0
50524880,0
50564921,0
50604961,0
50645005,0
50685045,0
50725082,0
50765121,0
50805161,0
50845201,0
50885234,0
50925262,0
50965311,0
51005359,0
51045392,0
51085425,0
51125458,0
51165492,0
51205532,0
51245570,0
51285610,0
51325643,0
51365681,0
51405715,0
51445752,0
51485805,0
51525850,0
51565884,0
51605912,0
51645944,0
51685981,0
51726017,0
51766049,0
51806082,0
51846110,0
51886142,0
51926171,0
51966217,0
52006266,0
52046313,0
52086353,0
52126384,0
52166417,0
52206449,0
52246482,0
52286513,0
52326551,0
52366581,0
52406611,0
52446648,0
52486704,0
52526748,0
52566779,0
52606810,0
52646838,0
52686873,0
52726905,0
52766937,0
52806972,0
52847006,0
52887038,0
52927070,0
52967117,0
53007166,0
53047208,0
53087247,0
53127275,0
53167313,0
53207343,0
53247374,0
53287406,0
53327438,0
53367469,0
53407504,0
53447547,0
53487599,0
53527643,0
53567682,0
53607718,0
53647755,0
53687791,0
53727822,0
53767860,0
53807900,0
53847927,0
53887957,0
53927996,0
53968042,0
54008089,0
54048122,0
54088159,0
54128197,0
54168240,0
54208274,0
54248317,0
54288359,0
54328395,0
54368435,0
54408467,0
54448502,0
54488555,0
54528593,0
54568626,0
54608661,0
54648697,0
54688725,0
54728753,0
54768782,0
54808815,0
54848846,0
54888889,0
54928927,0
54968971,0
55009015,0
55049056,0
55089088,0
55129121,0
55169150,0
55209179,0
55249206,0
55289241,0
55329279,0
55369310,0
55409343,0
55449387,0
55489439,0
55529485,0
55569526,0
55609566,0
55649606,0
55689642,0
55729668,0
55769699,0
55809732,0
55849767,0
55889798,0
55929827,0
55969868,0
56009920,0
56049964,0
56090008,0
56130044,0
56170078,0
56210110,0
56250139,0
56290171,0
56330207,0
56370234,0
56410264,0
56450298,0
56490351,0
56530395,0
56570424,0
56610466,0
56650498,0
56690533,0
56730572,0
56770601,0
56810637,0
56850666,0
56890704,0
56930737,0
56970780,0
57010829,0
57050877,0
57090924,0
57130967,0
57171005,0
57211037,0
57251071,0
57291106,0
57331146,0
57371187,0
57411229,0
57451279,0
57491333,0
57531382,0
57571421,0
57611462,0
57651498,0
57691529,0
57731568,0
57771607,0
57811639,0
57851672,0
57891706,0
57931742,0
57971792,0
58011842,0
58050883,0
58090913,0
58130943,0
58170981,0
58211019,0
58251058,0
58291089,0
58331122,0
58371161,0
58411190,0
58451231,0
58491284,0
58531327,0
58571364,0
58611399,0
58651439,0
58691477,0
58731509,0
58771540,0
58811581,0
58851613,0
58891644,0
58931673,0
58971724,0
59011772,0
59051811,0
59091845,0
59131887,0
59171924,0
59211965,0
59252009,0
59292045,0
59332084,0
59372128,0
59412175,0
59452223,0
59492276,0
59532316,0
59572350,0
59612386,0
59652419,0
59692451,0
59732491,0
59772524,0
59812557,0
59852594,0
59892640,0
59932685,0
59972738,0
60012789,0
60052836,0
60092878,0
60132917,0
60172956,0
60212996,0
60253040,0
60293082,0
60333123,0
60373161,0
60413197,0
60453242,0
60493294,0
60533335,0
60573368,0
60607359,0
60647444,0
60687493,0
60727542,0
60767590,0
60807638,0
60847685,0
60887734,0
60927785,0
60967849,0
61007916,0
61043976,0
61084043,0
61124111,0
61164178,0
61204245,0
61244313,0
61284381,0
CPU3
TS,0
38924,694351117
78994,694495131
119063,694637210
159132,694779280
199202,694921133
239271,695061730
279341,695204123
319410,695345982
359480,695488846
399549,695631427
439618,695771468
479684,695926943
518735,725275504
558790,785359102
598843,845437564
638895,905517164
678949,965597330
719003,1025677614
759054,1085755552
799108,1145836008
839164,1205919854
879217,1265999192
919262,1326066114
959304,1386128700
990811,1433389380
1030377,1492739200
1070417,1552798938
1110459,1612862380
1150492,1672911940
1190527,1732963554
1230559,1793012438
1270596,1853067786
1310635,1913125546
1350664,1973169080
1390703,2033227586
1430754,2093304402
1470803,2153378514
1510841,2213434648
1550876,2273487860
1590911,2333540178
1630943,2393587946
1670975,2453635854
1711011,2513689374
1751042,2573735732
1791077,2633788736
1831116,2693846414
1871146,2753892580
1911187,2813954198
1951240,2874033788
1991283,2934098208
2031311,2994139982
2071343,3054188554
2111375,3114236560
2151412,3174291780
2191451,3234350444
2231492,3294411040
2271528,3354465138
2311560,3414512772
2351595,3474566062
2391626,3534612758
2431679,3594692252
2471729,3654767560
2511762,3714816934
2551791,3774859990
2591826,3834912654
2631861,3894964470
2671896,3955017476
2711928,4015066006
2751959,4075111384
2791991,4135159990
2832029,4195216846
2872072,4255281814
2912115,4315346624
2952166,4375421764
2992208,4435486124
3032238,4495530252
3072273,4555582342
3112303,4615627346
3152335,4675675476
3192369,4735727474
3232404,4795779392
3272432,4855821944
3312461,4915864426
3352489,4975906902
3392523,5035958602
3432574,5096034232
3472624,5156110200
3512666,5216171994
3552697,5276219190
3592726,5336262878
3632756,5396307100
3672789,5456356714
3712823,5516407850
3752856,5576457508
3792892,5636512128
3832936,5696577602
3872977,5756638578
3913019,5816702286
3953070,5876779282
3993115,5936846112
4033160,5996912928
4073205,6056980920
4113246,6117042500
4153294,6177114284
4193335,6237175912
4233375,6297235496
4273417,6357299782
4313465,6417370306
4353503,6477428500
4393548,6537494986
4433600,6597574328
4473651,6657649836
4513691,6717709976
4553740,6777784066
4593789,6837856402
4633829,6897916928
4673859,6957962564
4713900,7018024104
4753938,7078081076
4793985,7138151242
4834033,7198222742
4874072,7258281656
4914116,7318348424
4954168,7378426004
4994213,7438493484
5034261,7498565260
5074307,7558634326
5114343,7618688168
5154372,7678731304
5194400,7738773734
5234434,7798825232
5274467,7858873740
5314509,7918937544
5354554,7979003546
5394591,8039059868
5434644,8099139200
5474692,8159212110
5514726,8219261974
5554758,8279311356
5594797,8339368964
5634829,8399417362
5674865,8459471076
5714903,8519528370
5754939,8579581518
5794967,8639623482
5834995,8699665014
5875027,8759713560
5915069,8819777256
5955122,8879855800
5995159,8939912616
6035196,8999967792
6075227,9060013702
6115262,9120067080
6155293,9180113282
6195324,9240159854
6235357,9300209086
6275393,9360262398
6315421,9420304630
6355450,9480348456
6395488,9540405906
6435539,9600482602
6475589,9660557448
6515622,9720606688
6555656,9780658238
6595690,9840709192
6635729,9900766986
6675770,9960828304
6715801,10020874886
6755836,10080927248
6795865,10140971592
6835899,10201022590
6875927,10261063552
6915972,10321130990
6956023,10381208010
6996070,10441278432
7036114,10501344592
7076151,10561400460
7116190,10621458944
7156219,10681502602
7196251,10741550194
7236279,10801592312
7276315,10861646432
7316348,10921695560
7356382,10981746938
7396408,11041785830
7436460,11101863474
7476508,11161935872
7516541,11221984622
7556571,11282029304
7596612,11342090924
7636651,11402150320
7676682,11462196086
7716709,11522237340
7756746,11582292472
7796779,11642341602
7836814,11702393774
7876849,11762447518
7916896,11822518162
7956947,11882594716
7996991,11942659734
8037021,12002704536
8077048,12062745062
8117080,12122792806
8157117,12182849394
8197158,12242909868
8237194,12302963954
8277237,12363029598
8317284,12423099982
8357332,12483172356
8397371,12543229976
8437425,12603310852
8477473,12663383574
8517508,12723435574
8557552,12783500740
8597593,12843562924
8637621,12903605614
8677659,12963661538
8717698,13023720650
8757729,13083766858
8797767,13143823740
8837809,13203886410
8877850,13263948146
8917895,13324016262
8957948,13384095242
8997990,13444158650
9038021,13504205450
9078052,13564250920
9118086,13624303124
9158126,13684362854
9198155,13744406038
9238200,13804473408
9278239,13864531224
9318274,13924584024
9358311,13984640098
9398354,14044704180
9438406,14104783640
9478453,14164852366
9518482,14224895834
9558517,14284948660
9598549,14344997132
9638584,14405049296
9678629,14465116880
9718661,14525165786
9758698,14585219926
9798735,14645275600
9838772,14705331966
9878814,14765394534
9918859,14825461878
9958914,14885544024
9998949,14945597360
10037993,15004163494
10078020,15064203912
10118048,15124245432
10158083,15184298582
10198117,15244349614
10238146,15304392920
10278175,15364435180
10318211,15424489636
10358249,15484547388
10398288,15544605876
10438340,15604683740
10478392,15664761128
10509419,15711301826
10549460,15771362390
10589500,15831423486
10629532,15891471666
10669569,15951525834
10709606,16011582806
10749640,16071632698
10789678,16131690700
10829708,16191735498
10869738,16251779972
10909782,16311845870
10949835,16371926256
10989882,16431996238
11028923,16490557432
11068963,16550617282
11109004,16610680044
11149049,16670747226
11189097,16730818582
11229145,16790890494
11269189,16850957422
11309224,16911008784
11349251,16971050464
11389288,17031105476
11429337,17091178486
11469389,17151257228
11500327,17197663910
11539449,17256346204
11579479,17316391324
11619511,17376439252
11659548,17436495104
11699574,17496534610
11739612,17556591988
11779648,17616645840
11819683,17676698200
11859715,17736746194
11899753,17796803644
11939804,17856879822
11979854,17916954682
12019889,17977007526
12059933,18037072506
12099966,18097122908
12140005,18157180944
12180040,18217233224
12220073,18277282924
12260113,18337343584
12300142,18397386802
12340176,18457437930
12380204,18517480072
12420252,18577551546
12460305,18637630568
12500340,18697683200
12540373,18757733040
12580410,18817788874
12620453,18877852742
12660497,18937919386
12700537,18997978336
12740575,19058035862
12780620,19118103502
12820662,19178165848
12860699,19238221378
12900738,19298280952
12940793,19358362362
12980842,19418437010
13020874,19478483774
13060912,19538541586
13100948,19598595454
13140982,19658645886
13181013,19718692798
13221050,19778748540
13261088,19838805662
13301122,19898855820
13341161,19958914770
13381193,20018962568
13421234,20079025104
13461285,20139100514
13501322,20199155634
13541361,20259214694
13581397,20319269048
13621425,20379311190
13661459,20439362236
13701494,20499414446
13741528,20559465148
13781563,20619517546
13821599,20679571122
13861633,20739622290
13901669,20799677862
13941721,20859754588
13981762,20919817114
14021805,20979880996
14061843,21039938464
14101878,21099990678
14141911,21160039822
14181950,21220098502
14221989,21280157172
14262035,21340226784
14302079,21400291448
14342119,21460352604
14382147,21520394314
14422187,21580454508
14462240,21640533926
14502287,21700604314
14542334,21760674388
14582374,21820734692
14622405,21880781178
14662436,21940828246
14702469,22000876882
14742503,22060927274
14782536,22120977294
14822576,22181037882
14862611,22241090322
14902651,22301150008
14942701,22361225212
14982743,22421287988
15022771,22481330644
15062804,22541378968
15102841,22601434834
15142871,22661480036
15182906,22721532304
15222934,22781574104
15262966,22841623206
15303002,22901676784
15343040,22961733734
15383075,23021786438
15423112,23081841456
15463163,23141917796
15503200,23201973408
15543235,23262025740
15583267,23322074792
15623308,23382135422
15663335,23442176228
15703363,23502217256
15743393,23562263082
15783426,23622311820
15823458,23682360934
15863495,23742415690
15903532,23802472062
15943585,23862551724
15983625,23922610480
16023657,23982659010
16063694,24042714812
16103723,24102757636
16143762,24162816100
16183791,24222860626
16223829,24282917070
16263864,24342969692
16303897,24403019532
16343935,24463075318
16383967,24523124706
16424007,24583184802
16464059,24643261314
16504090,24703308096
16544120,24763353322
16584152,24823401714
16624194,24883463960
16664239,24943531852
16704275,25003585422
16744303,25063628142
16784341,25123685118
16824374,25183734674
16864407,25243783782
16904439,25303832640
16944490,25363908706
16984529,25423967276
17024563,25484018450
17064592,25544061940
17104632,25604121516
17144669,25664176816
17184705,25724230398
17224745,25784291310
17264787,25844353588
17304821,25904405564
17344852,25964451676
17384884,26024498686
17424927,26084563820
17464979,26144641830
17505012,26204690816
17545044,26264739886
17585079,26324792474
17625118,26384850360
17665155,26444905170
17705192,26504960860
17745224,26565008848
17785253,26625052750
17825285,26685101578
17865316,26745147668
17905351,26805199316
17945401,26865274264
17985440,26925334266
18025482,26985396098
18065523,27045458132
18105563,27105517720
18145602,27165576548
18185637,27225628388
18225682,27285696244
18265717,27345749540
18305756,27405806896
18345790,27465857994
18385819,27525901372
18425864,27585969088
18465914,27646044484
18505953,27706103726
18545995,27766165976
18586029,27826216596
18626068,27886275104
18666115,27946346964
18706155,28006406568
18746183,28066448370
18786220,28126503322
18826252,28186550758
18866285,28246601176
18906323,28306657132
18946375,28366736142
18986426,28426811990
19026463,28486868666
19066501,28546925218
19106544,28606988816
19146584,28667049886
19186620,28727103538
19226650,28787148560
19266682,28847197142
19306718,28907251228
19346747,28967294132
19386780,29027344030
19426822,29087406022
19466876,29147487760
19506918,29207549842
19546956,29267607848
19586987,29327653524
19627016,29387696858
19667053,29447752818
19707095,29507816712
19747144,29567889640
19787179,29627942394
19827209,29687986366
19867239,29748032208
19907267,29808074602
19947318,29868151124
19987362,29928217274
20027396,29988268138
20067437,30048328202
20107467,30108373820
20147503,30168428520
20187537,30228479726
20227566,30288522930
20267602,30348576958
20307643,30408637796
20347676,30468687494
20387706,30528732086
20427743,30588788120
20467794,30648865152
20507832,30708922114
20547864,30768969828
20587899,30829021226
20627928,30889066086
20667963,30949118422
20707992,31009161808
20748028,31069215614
20788065,31129270872
20828102,31189326638
20868138,31249381434
20908170,31309428480
20948222,31369506874
20988265,31429570820
21028295,31489615760
21068337,31549679208
21108370,31609729118
21148403,31669777896
21188445,31729840868
21228473,31789882736
21268499,31849922094
21308532,31909971128
21348567,31970023872
21388597,32030068702
21428643,32090138712
21468694,32150214792
21508737,32210279380
21548778,32270341004
21588823,32330408028
21628864,32390469546
21668907,32450534038
21708955,32510606210
21749000,32570673734
21789039,32630731510
21829081,32690794550
21869124,32750859328
21909163,32810917398
21949215,32870995558
21989266,32931072408
22029307,32991133676
22069338,33051180900
22109372,33111232100
22149406,33171281994
22189439,33231332314
22229470,33291379270
22269506,33351432494
22309541,33411484888
22349575,33471536610
22389608,33531585200
22429649,33591646466
22469701,33651724758
22509729,33711766868
22549766,33771822914
22589797,33831869166
22629826,33891911924
22669857,33951958632
22709899,34012021242
22749941,34072084362
22789979,34132141360
22830010,34192188900
22870049,34252247684
22910080,34312292686
22950132,34372371066
22990181,34432445432
23030224,34492509588
23070258,34552560658
23110292,34612611304
23150327,34672664630
23190354,34732705118
23230388,34792755976
23270415,34852796022
23310451,34912849508
23350492,34972911882
23390532,35032971124
23430570,35093029130
23470621,35153105630
23510662,35213166250
23550690,35273208712
23590727,35333263566
23630757,35393309366
23670793,35453363006
23710821,35513404186
23750856,35573457794
23790892,35633511622
23830930,35693567884
23870962,35753616180
23910996,35813667830
23951048,35873745130
23991096,35933817504
24031139,35993883006
24071176,36053936672
24111218,36114000160
24151260,36174063108
24191292,36234111982
24231329,36294167526
24271366,36354223074
24311400,36414273374
24351439,36474331668
24391468,36534376052
24431514,36594444308
24471567,36654523796
24511600,36714573920
24551639,36774632062
24591669,36834677440
24631706,36894733436
24671738,36954779718
24711776,37014836700
24751807,37074884622
24791839,37134931924
24831871,37194979712
24871902,37255025660
24911939,37315081394
24951993,37375162584
24992043,37435237260
25032089,37495306546
25072125,37555361408
25112156,37615407898
25152194,37675464626
25192241,37735535178
25232277,37795589636
25272312,37855641628
25312350,37915698972
25352378,37975740640
25392406,38035782948
25432453,38095853820
25472504,38155930104
25512549,38215997100
25552578,38276039720
25592610,38336088806
25632640,38396134270
25672681,38456195470
25712723,38516258694
25752761,38576314720
25792795,38636366618
25832831,38696420284
25872870,38756478336
25912906,38816531560
25952955,38876605614
25993001,38936674744
26033043,38996738700
26073075,39056785508
26113109,39116836692
26153145,39176891380
26193178,39236940568
26233221,39297005564
26273265,39357070506
26313306,39417132076
26353344,39477189450
26393376,39537237082
26433421,39597305242
26473475,39657386674
26513516,39717447574
26553557,39777508356
26593598,39837571164
26633643,39897637644
26673689,39957707688
26713732,40017771580
26753766,40077822942
26793801,40137874868
26833834,40197924402
26873869,40257976314
26913899,40318021740
26953947,40378094630
26993991,40438159990
27034028,40498214978
27074067,40558273990
27114110,40618338208
27154150,40678398048
27194176,40738437612
27234204,40798479796
27274244,40858539436
27314274,40918585004
27354310,40978638868
27394343,41038687558
27434383,41098747322
27474436,41158827152
27514476,41218888652
27554510,41278939166
27594539,41338982222
27634574,41399035012
27674607,41459083214
27714641,41519135380
27754679,41579191960
27794714,41639245228
27834742,41699286290
27874777,41759339462
27914809,41819386502
27954860,41879462894
27994902,41939526770
28034931,41999570028
28074967,42059624750
28115002,42119676410
28155036,42179728284
28195073,42239783242
28235103,42299827982
28275139,42359881270
28315174,42419933910
28355212,42479992382
28395257,42540059132
28435303,42600127982
28475354,42660203946
28515392,42720260754
28555426,42780311962
28595458,42840359980
28635495,42900415290
28675534,42960474438
28715570,43020528362
28755607,43080584224
28795636,43140628034
28835668,43200674790
28875699,43260721256
28915733,43320773152
28955788,43380854934
28995830,43440917980
29035866,43500972816
29075902,43561026418
29115934,43621074944
29155967,43681123242
29196003,43741178256
29236040,43801233000
29276077,43861288900
29316108,43921335898
29356139,43981382516
29396168,44041426348
29436210,44101489474
29476260,44161563164
29516293,44221612202
29556323,44281658456
29596360,44341713952
29636396,44401767842
29676432,44461821690
29716462,44521866818
29756500,44581924194
29796530,44641968848
29836565,44702021394
29876594,44762065086
29916632,44822120966
29956685,44882201180
29996730,44942268708
30035770,45000829080
30075809,45060886508
30115841,45120934486
30155870,45180979076
30195902,45241026202
30235934,45301074574
30275973,45361132740
30316000,45421173414
30356029,45481217318
30396069,45541276276
30436104,45601330342
30476155,45661406762
30516194,45721464716
30556234,45781525094
30596267,45841574140
30636300,45901623296
30676336,45961677550
30716366,46021722498
30756398,46081770318
30796433,46141823552
30836470,46201878042
30876515,46261945824
30916554,46322004576
30956607,46382083522
30996653,46442153560
31036690,46502209124
31076725,46562260422
31116757,46622309408
31156795,46682365550
31196829,46742417578
31236869,46802477128
31276909,46862537470
31316937,46922578930
31356966,46982622506
31396999,47042672298
31437040,47102734100
31477092,47162810968
31517135,47222875726
31557175,47282936342
31597202,47342976906
31637235,47403026710
31677270,47463077794
31717313,47523142714
31757353,47583202646
31797391,47643260410
31837425,47703311204
31877462,47763367068
31917497,47823418410
31957548,47883495356
31997598,47943569766
32037640,48003633608
32077684,48063698996
32117719,48123752786
32157751,48183800340
32197789,48243856388
32237820,48303903926
32277859,48363961380
32317887,48424004238
32357925,48484060882
32397958,48544111274
32438000,48604173786
32478053,48664252554
32518091,48724310326
32558124,48784359780
32598158,48844409870
32638189,48904456576
32678226,48964512210
32718261,49024564362
32758290,49084607868
32798319,49144651220
32838351,49204700730
32878385,49264750748
32918421,49324805598
32958472,49384882246
32998519,49444952124
33038555,49505005668
33078584,49565049422
33118615,49625096278
33158646,49685142702
33198680,49745194048
33238712,49805242126
33278753,49865302668
33318786,49925353240
33358824,49985408922
33398860,50045463090
33438909,50105536854
33478962,50165616460
33519010,50225688716
33559055,50285756734
33599092,50345812336
33639119,50405852682
33679151,50465900286
33719191,50525960208
33759224,50586010180
33799253,50646052520
33839289,50706107696
33879319,50766152830
33919356,50826206694
33959409,50886287058
33999456,50946358272
34039496,51006418312
34079538,51066480232
34119566,51126522218
34159601,51186575564
34199632,51246621622
34239671,51306679962
34279701,51366724334
34319736,51426777920
34359770,51486828366
34399805,51546880694
34439840,51606933820
34479894,51667014022
34519933,51727073034
34559975,51787135712
34600012,51847191006
34640046,51907242106
34680087,51967304128
34720132,52027371176
34760180,52087443566
34800221,52147505108
34840261,52207564576
34880289,52267607270
34920323,52327657494
34960376,52387738056
35000422,52447806772
35040455,52507855422
35080488,52567905518
35120516,52627947394
35160546,52687991948
35200578,52748039670
35240612,52808091436
35280644,52868139000
35320673,52928183004
35360711,52988239898
35400744,53048290052
35440786,53108352700
35480839,53168432688
35520885,53228500880
35560925,53288560996
35600966,53348622758
35641010,53408688550
35681042,53468735720
35721082,53528796294
35761118,53588850438
35801153,53648902972
35841189,53708957474
35881230,53769018134
35921266,53829072004
35961317,53889149006
36001360,53949214006
36041405,54009280848
36081440,54069333558
36121478,54129389704
36161516,54189447010
36201546,54249491988
36241573,54309531994
36281602,54369575814
36321636,54429626700
36361670,54489677810
36401702,54549727260
36441746,54609791702
36481800,54669872900
36521844,54729938928
36561891,54790009934
36601942,54850085614
36641987,54910154152
36682030,54970218902
36722079,55030291408
36762117,55090348418
36802149,55150397206
36842181,55210444488
36882212,55270491786
36922243,55330537602
36962296,55390617536
37002346,55450692860
37042394,55510764938
37082436,55570828188
37122478,55630890120
37162522,55690956528
37202561,55751014790
37242601,55811075754
37282637,55871129786
37322670,55931178456
37362706,55991232694
37402751,56051299968
37442793,56111363028
37482844,56171439268
37522878,56231490280
37562911,56291539872
37602949,56351597508
37642988,56411655226
37683024,56471709478
37723066,56531772862
37763103,56591827836
37803132,56651871938
37843161,56711914450
37883192,56771961772
37923232,56832021662
37963281,56892095338
38003322,56952156650
38043365,57012220630
38083401,57072275418
38123435,57132325932
38163468,57192375982
38203501,57252424214
38243539,57312481830
38283574,57372534086
38323619,57432602426
38363660,57492663058
38403701,57552724688
38443745,57612791490
38483798,57672871116
38523841,57732935312
38563881,57792995270
38603923,57853058376
38643968,57913125322
38684008,57973185324
38724038,58033230606
38764076,58093287914
38804121,58153354790
38844166,58213423086
38884208,58273484866
38924249,58333546540
38964300,58393624114
39004345,58453690954
39044388,58513756098
39084433,58573822256
39124478,58633891124
39164525,58693961132
39204567,58754024508
39244607,58814084118
39284645,58874141536
39324683,58934198314
39364721,58994254276
39404758,59054309886
39444802,59114377268
39484856,59174457276
39524889,59234507816
39564926,59294563274
39604957,59354609096
39644995,59414666118
39685026,59474712304
39725058,59534760402
39765094,59594814056
39805124,59654859802
39845165,59714920748
39885205,59774980900
39925245,59835041280
39965296,59895116962
40005342,59955187096
40045385,60015250484
40085426,60075312004
40125460,60135363768
40165502,60195427110
40205532,60255471990
40245562,60315517014
40285600,60375573778
40325638,60435629996
40365666,60495672104
40405703,60555728134
40445750,60615798674
40485802,60675876834
40525843,60735937464
40565883,60795998242
40605923,60856057546
40645959,60916112806
40685991,60976159214
40726020,61036202982
40766050,61096247982
40806080,61156293692
40846122,61216356938
40886164,61276418804
40926195,61336465946
40966249,61396547066
41006300,61456622674
41046341,61516685674
41086371,61576729600
41126404,61636780052
41166441,61696834806
41206476,61756886996
41246510,61816938072
41286546,61876991862
41326584,61937049746
41366622,61997106276
41406651,62057149788
41446692,62117210788
41486746,62177292516
41526783,62237347232
41566816,62297397656
41606852,62357451118
41646886,62417502744
41686920,62477554214
41726951,62537600306
41766985,62597650720
41807011,62657689988
41847046,62717743010
41887078,62777789982
41927114,62837844188
41967165,62897920854
42007208,62957984646
42047246,63018042584
42087290,63078108708
42127342,63138185820
42167382,63198246972
42207425,63258310688
42247469,63318377938
42287515,63378445296
42327557,63438508466
42367600,63498573406
42407644,63558639308
42447692,63618710786
42487744,63678789788
42527787,63738853388
42567821,63798905598
42607853,63858953512
42647895,63919015298
42687931,63979070390
42727965,64039121302
42768005,64099180326
42808035,64159225454
42848068,64219275328
42888103,64279327488
42928134,64339374700
42968184,64399449130
43008226,64459511820
43048263,64519568474
43088300,64579623494
43128341,64639685028
43168376,64699737994
43208413,64759792300
43248442,64819837010
43288477,64879889724
43328505,64939930694
43368542,64999986902
43408574,65060034366
43448613,65120092332
43488667,65180173690
43528699,65240221408
43568740,65300283034
43608780,65360343428
43648819,65420402562
43688852,65480451844
43728881,65540494886
43768918,65600549918
43808956,65660607740
43849001,65720675132
43889049,65780747588
43929088,65840806056
43969140,65900883186
44009181,65960944620
44049219,66021002522
44089256,66081057642
44129289,66141106294
44169322,66201156128
44209355,66261206014
44249388,66321256056
44289425,66381311552
44329459,66441362736
44369493,66501413076
44409529,66561467508
44449573,66621533436
44489625,66681611746
44529664,66741669550
44569702,66801726564
44609743,66861787628
44649783,66921847856
44689821,66981905460
44729861,67041965380
44769902,67102026924
44809943,67162088036
44849991,67222160602
44890041,67282234838
44930084,67342299508
44970135,67402376236
45010179,67462442740
45050221,67522504506
45090263,67582567612
45130292,67642611768
45170330,67702667910
45210361,67762714812
45250395,67822766112
45290431,67882820162
45330467,67942873446
45370511,68002940606
45410549,68062997158
45450595,68123065732
45490647,68183144216
45530671,68243180246
45569717,68301749474
45609755,68361805988
45649791,68421860996
45689833,68481922360
45729878,68541990756
45769919,68602052210
45809955,68662105644
45849993,68722163620
45890023,68782208846
45930062,68842267440
45970112,68902342322
46010160,68962413288
46050189,69022457436
46090229,69082517238
46130266,69142573158
46170298,69202620440
46210330,69262668010
46250375,69322735644
46290416,69382797158
46330453,69442853606
46370490,69502908450
46410522,69562956280
46450563,69623017650
46490616,69683097012
46530659,69743161768
46570697,69803218262
46610737,69863278520
46650763,69923318426
46690797,69983368460
46730826,70043412610
46770857,70103459598
46810888,70163505530
46850926,70223562308
46890967,70283624354
46931003,70343678834
46971050,70403749540
47011095,70463816336
47051129,70523866906
47091171,70583930488
47131205,70643980596
47171233,70704022260
47211270,70764078958
47251298,70824120876
47291333,70884173224
47331363,70944218682
47371396,71004268146
47411431,71064320204
47451473,71124383526
47491524,71184459726
47531563,71244518452
47571604,71304578902
47611650,71364648010
47651692,71424710978
47691733,71484772694
47731763,71544817290
47771804,71604879206
47811836,71664927892
47851868,71724974920
47891897,71785018834
47931928,71845066114
47971978,71905140726
48012023,71965207402
48052055,72025255526
48092096,72085317038
48132135,72145375960
48172161,72205415046
48212190,72265458360
48252219,72325502138
48292257,72385559508
48332288,72445604772
48372316,72505646984
48412347,72565693462
48452386,72625752802
48492439,72685831524
48532484,72745898848
48572513,72805943538
48612541,72865985392
48652579,72926042436
48692624,72986109958
48732669,73046176318
48772700,73106222764
48812727,73166264636
48852762,73226316512
48892791,73286360342
48932820,73346403490
48972869,73406476878
49012917,73466549180
49052952,73526601276
49092991,73586659308
49133029,73646717380
49173056,73706758250
49213088,73766805990
49253121,73826855194
49293157,73886908380
49333195,73946965940
49373230,74007018816
49413271,74067080516
49453317,74127149052
49493371,74187230194
49533411,74247289380
49573447,74307343698
49613475,74367386446
49653506,74427432694
49693534,74487474284
49733564,74547519906
49773597,74607568412
49813640,74667633006
49853675,74727685448
49893713,74787742806
49933750,74847799024
49973798,74907870716
50013842,74967937242
50053878,75027989926
50093918,75088050782
50133953,75148102860
50173988,75208154956
50214019,75268202680
50254056,75328257850
50294091,75388309606
50334132,75448371664
50374161,75508414692
50414200,75568473074
50454248,75628546034
50494301,75688624716
50534346,75748691744
50574390,75808759164
50614430,75868819128
50654469,75928876712
50694511,75988939508
50734549,76048996450
50774591,76109059606
50814627,76169114394
50854670,76229177878
50894698,76289220830
50934729,76349266848
50974781,76409344548
51014826,76469412294
51054862,76529466304
51094895,76589516520
51134929,76649566550
51174963,76709617810
51215005,76769681408
51255046,76829741882
51295086,76889803224
51335121,76949855000
51375158,77009910876
51415192,77069962014
51455235,77130025688
51495289,77190106914
51535332,77250172050
51575364,77310219418
51615392,77370262092
51655426,77430312290
51695466,77490372466
51735502,77550426562
51775536,77610477884
51815565,77670521450
51855593,77730563134
51895622,77790606314
51935655,77850656080
51975706,77910731720
52015756,77970808014
52055801,78030874892
52095842,78090936014
52135877,78150988210
52175909,78211037090
52215939,78271082674
52255974,78331134888
52296008,78391185574
52336044,78451238996
52376074,78511284506
52416101,78571324958
52456140,78631384196
52496192,78691461670
52536232,78751521966
52576263,78811567282
52616293,78871612728
52656323,78931658016
52696356,78991707584
52736386,79051752730
52776421,79111805598
52816457,79171858402
52856488,79231904888
52896521,79291955316
52936552,79352001308
52976604,79412079280
53016649,79472147538
53056696,79532217448
53096735,79592276738
53136762,79652316270
53176800,79712374124
53216830,79772417982
53256863,79832468616
53296895,79892516616
53336933,79952573692
53376965,80012621284
53417002,80072676734
53457049,80132747730
53497102,80192826982
53537147,80252894354
53577189,80312956500
53617221,80373005526
53657257,80433059336
53697293,80493113578
53737328,80553166066
53777364,80613219934
53817403,80673277600
53857432,80733321308
53897464,80793369274
53937500,80853424028
53977548,80913496286
54017589,80973556286
54057621,81033604914
54097659,81093662380
54137697,81153719198
54177739,81213782066
54217770,81273828354
54257811,81333890214
54297851,81393950532
54337891,81454009494
54377928,81514066086
54417956,81574107304
54457994,81634164120
54498045,81694240430
54538082,81754296834
54578112,81814341636
54618152,81874400976
54658183,81934448334
54698213,81994492806
54738239,82054532446
54778268,82114575442
54818299,82174622582
54858334,82234674242
54898378,82294740336
54938416,82354798020
54978468,82414875282
55018510,82474938914
55058551,82535000272
55098584,82595048810
55138612,82655091164
55178642,82715136878
55218672,82775181148
55258702,82835226194
55298733,82895272478
55338764,82955320332
55378798,83015370332
55418837,83075429428
55458882,83135496154
55498934,83195574418
55538978,83255639758
55579020,83315704222
55619063,83375768618
55659104,83435829388
55699135,83495875442
55739164,83555919602
55779194,83615964678
55819225,83676011674
55859263,83736068590
55899296,83796117938
55939328,83856165996
55979380,83916243872
56019429,83976317360
56059479,84036392010
56099522,84096457408
56139563,84156518426
56179596,84216566570
56219626,84276612666
56259653,84336652740
56299683,84396698394
56339716,84456747244
56379748,84516795792
56419781,84576845616
56459821,84636905152
56499873,84696983656
56539911,84757040126
56579941,84817084982
56619982,84877145820
56660016,84937196840
56700051,84997250380
56740089,85057306200
56780116,85117347338
56820153,85177402666
56860181,85237445242
56900218,85297499852
56940249,85357547352
56980302,85417626200
57020351,85477699400
57060401,85537774602
57100450,85597848110
57140495,85657915538
57180532,85717970862
57220564,85778018720
57260591,85838060398
57300630,85898117796
57340672,85958181204
57380711,86018239782
57420754,86078304124
57460804,86138379512
57500855,86198455636
57540898,86258521224
57580935,86318576778
57620968,86378625842
57661006,86438681940
57701045,86498741270
57741080,86558793526
57781120,86618852716
57821153,86678902886
57861184,86738949938
57901217,86798999674
57941256,86859057780
57981311,86919139450
58021358,86979210526
58061393,87039263180
58101427,87099313966
58141460,87159364078
58181499,87219422450
58221537,87279479322
58261569,87339526156
58301600,87399573296
58341630,87459618784
58381665,87519670860
58421698,87579720244
58461743,87639788574
58501799,87699871580
58541840,87759933224
58581877,87819988958
58621910,87880039062
58661951,87940099508
58701980,88000143066
58742009,88060186624
58782045,88120241764
58822081,88180295612
58862108,88240335656
58902139,88300381710
58942170,88360428865
58982220,88420504066
59022269,88480576384
59062307,88540634194
59102345,88600690450
59142383,88660748564
59182424,88720808916
59222466,88780872140
59262511,88840939932
59302548,88900995014
59342590,88961059006
59382637,89021128682
59422685,89081201268
59462730,89141269268
59502784,89201349318
59542822,89261406114
59582851,89321449574
59622889,89381506762
59662919,89441552080
59702950,89501598806
59742990,89561657792
59783022,89621706862
59823054,89681754416
59863091,89741810314
59903134,89801875072
59943185,89861950668
59983239,89922032034
60023291,89982109420
60063339,90042181602
60103382,90102246592
60143425,90162310832
60183460,90222363560
60223499,90282421282
60263537,90342479204
60303578,90402540548
60343613,90462592528
60383655,90522655436
60423689,90582707198
60463729,90642767692
60503779,90702842154
60543814,90762895156
60583853,90822952920
60623882,90882995732
60663904,90943029270
60703929,91003066618
60743952,91063101312
60783976,91123136972
60823996,91183168142
60864021,91243204616
60904044,91303239668
60938078,91325228068
60978140,91325402451
61018199,91325575365
61058260,91325748900
61098320,91325925733
61138380,91326099758
61178441,91326274305
61218503,91326449406
61258563,91326624110
TS,1
38925,37575688
78994,37586073
119064,37596458
159133,37606843
199202,37617228
239271,37627613
279341,37637998
319410,37648383
359480,37658768
399549,37669153
439618,37679538
479685,37689923
518736,40892628
558791,45195842
598844,51634004
638897,58043488
678950,64446015
719004,70289270
759056,76203984
799109,82546863
839166,88865229
879219,95158433
919263,101510226
959305,107861452
990812,112850995
1030378,119128590
1070418,124943122
1110460,130306420
1150493,135673739
1190528,142025342
1230560,147311956
1270597,153582817
1310636,159889107
1350665,165262468
1390704,171550927
1430755,177838477
1470804,184112367
1510842,190430310
1550877,196364875
1590912,202899151
1630944,207752065
1670976,213390157
1711012,219628448
1751043,226007074
1791078,231408360
1831116,237671024
1871147,243965298
1911188,250298980
1951241,255914952
1991284,262669241
2031312,268500024
2071344,274460154
2111376,280703898
2151413,287539519
2191452,291817652
2231493,298327291
2271529,304862453
2311561,311137227
2351596,317025734
2391627,322918277
2431680,329265116
2471730,335608495
2511763,342053279
2551792,348270324
2591827,353433964
2631862,359639691
2671897,365822222
2711929,371635606
2751960,377001018
2791992,383523584
2832030,389996677
2872073,396464036
2912116,402870840
2952166,408477798
2992209,414559654
3032239,420914604
3072274,426860864
3112304,432339605
3152336,438208056
3192371,444191484
3232405,450715909
3272433,455764147
3312462,461201773
3352490,467633416
3392524,474045296
3432575,480434582
3472626,486730204
3512667,493340418
3552698,499560408
3592727,505099713
3632757,511205464
3672790,517431347
3712824,523640332
3752857,529212257
3792893,535560567
3832937,539878708
3872978,546328117
3913020,552589749
3953072,558142777
3993116,564583499
4033161,571821854
4073206,578545592
4113247,584972460
4153295,591379447
4193336,597726081
4233376,604971353
4273419,611374170
4313465,618235742
4353504,622524356
4393549,629057405
4433602,635491378
4473652,641919083
4513692,648468574
4553741,654948130
4593790,661393882
4633830,667804067
4673860,674064706
4713902,680706141
4753939,687739885
4793986,694075029
4834034,700936573
4874073,705259263
4914118,711702951
4954169,718104151
4994214,724589286
5034262,731148943
5074308,737632423
5114344,744292566
5154373,750422999
5194401,756689398
5234435,762981735
5274468,769289534
5314510,775577582
5354554,781858454
5394592,787084696
5434645,793097153
5474693,799514518
5514727,804833882
5554760,810080750
5594798,816458887
5634830,821642041
5674866,826693981
5714904,832701294
5754940,837852053
5794968,843327356
5834995,849496321
5875028,855669394
5915070,861894330
5955123,867677970
5995160,871985251
6035197,878484004
6075228,884298298
6115263,890217366
6155294,896574797
6195325,902904007
6235358,908159996
6275394,914459028
6315422,919906028
6355451,925951165
6395489,932196518
6435541,938400133
6475590,944599340
6515623,950504493
6555658,955164520
6595691,961757002
6635730,967800732
6675771,974946915
6715802,981040018
6755837,986923146
6795867,993246951
6835900,999576504
6875928,1005015803
6915973,1011057643
6956024,1017290969
6996071,1023598053
7036115,1029952666
7076152,1034743112
7116191,1040486756
7156220,1046459456
7196252,1052892373
7236280,1059323996
7276316,1064799294
7316349,1070927376
7356383,1076612364
7396409,1082401763
7436461,1088660632
7476509,1094738173
7516542,1100363076
7556572,1106427733
7596613,1112636218
7636652,1117388265
7676683,1123827965
7716710,1129989746
7756747,1135651735
7796780,1142042613
7836815,1148457917
7876850,1154894037
7916898,1161171536
7956949,1166723968
7996992,1172677723
8037022,1178947504
8077049,1184899461
8117081,1190770768
8157118,1197204931
8197159,1201946973
8237195,1208004886
8277238,1214757761
8317285,1222064487
8357334,1228565326
8397372,1235031983
8437426,1241361588
8477474,1247680605
8517509,1254081973
8557552,1260406300
8597594,1266735318
8637622,1273020307
8677660,1279587016
8717699,1283999533
8757730,1290483960
8797768,1297005016
8837810,1303537428
8877851,1310035243
8917896,1316452127
8957949,1322731570
8997991,1329033083
9038022,1334356045
9078053,1340604279
9118087,1346843303
9158127,1352488683
9198156,1358175756
9238201,1363948501
9278240,1369299734
9318275,1375805845
9358312,1382324458
9398355,1388849104
9438408,1395203969
9478454,1401563337
9518483,1407802078
9558518,1413046559
9598550,1418190462
9638585,1423331951
9678630,1429463646
9718662,1435078804
9758699,1440838776
9798736,1446622504
9838773,1451967437
9878815,1458472326
9918860,1463831708
9958915,1470188429
9998950,1476603431
10037995,1482827125
10078021,1488304841
10118049,1494628697
10158084,1500922260
10198119,1507104139
10238147,1512675370
10278176,1518500995
10318212,1524800232
10358250,1530640349
10398289,1536117358
10438341,1542577416
10478393,1549008549
10509420,1554132925
10549460,1560620535
10589501,1567073592
10629533,1573432280
10669569,1579716582
10709607,1585589267
10749640,1591200136
10789679,1597366033
10829709,1603268620
10869739,1608725114
10909783,1613859259
10949836,1619985532
10989883,1626471604
11028924,1632979374
11068964,1639488431
11109005,1645965211
11149050,1652867115
11189098,1659840433
11229146,1666236763
11269190,1672540044
11309225,1678763037
11349252,1684321555
11389289,1690335419
11429338,1695970603
11469390,1701297348
11500328,1705456959
11539450,1711719834
11579480,1717989445
11619512,1723732152
11659549,1729722972
11699575,1735054455
11739613,1741377052
11779649,1747638076
11819684,1753043000
11859716,1758992178
11899755,1765192732
11939805,1770878444
11979855,1776469300
12019890,1781516141
12059934,1788030595
12099967,1794506626
12140006,1800919607
12180041,1806814611
12220074,1812621607
12260115,1818889735
12300143,1825090700
12340177,1830346927
12380206,1836033522
12420253,1841667322
12460306,1847616208
12500341,1853031927
12540374,1859009700
12580411,1864195884
12620454,1870722664
12660499,1877268107
12700538,1884173450
12740576,1891161937
12780621,1897662296
12820663,1904085633
12860700,1910497640
12900739,1916898451
12940794,1923173873
12980843,1929419249
13020875,1935302150
13060913,1941318325
13100949,1945951483
13140983,1952023519
13181014,1957294304
13221051,1962891507
13261089,1969024283
13301123,1975383107
13341162,1981659759
13381194,1987799343
13421236,1993266774
13461286,1999491209
13501323,2005719154
13541362,2012040665
13581398,2018046144
13621426,2024014602
13661460,2028593193
13701495,2034797709
13741529,2040002903
13781564,2046101385
13821600,2051629842
13861634,2057971995
13901671,2064021448
13941722,2069557044
13981764,2075863469
14021806,2082248463
14061844,2088573474
14101879,2094806145
14141912,2101053943
14181951,2106845979
14221990,2112179205
14262037,2118732183
14302080,2125236200
14342120,2131615488
14382148,2137396808
14422188,2143323305
14462241,2149659692
14502288,2156067841
14542335,2163129188
14582375,2169872587
14622406,2175845694
14662438,2181914027
14702470,2187876842
14742504,2193428505
14782537,2198879932
14822577,2205379781
14862612,2211783337
14902652,2218177364
14942702,2224021365
14982744,2229800234
15022772,2236152490
15062805,2242413900
15102842,2248010162
15142872,2253911404
15182907,2259397628
15222935,2265203624
15262968,2271975328
15303003,2276273549
15343042,2281886021
15383077,2287889639
15423113,2293249238
15463164,2299582707
15503201,2305223925
15543236,2311311667
15583269,2317635066
15623309,2324054222
15663336,2330325180
15703364,2336555951
15743394,2342768740
15783427,2348612208
15823459,2354821529
15863496,2360174796
15903533,2366238904
15943587,2372004922
15983626,2378373448
16023658,2383822436
16063695,2390071756
16103724,2396390187
16143763,2402554667
16183793,2407964767
16223830,2414201192
16263865,2420180095
16303898,2425658763
16343936,2431768823
16383969,2437550251
16424009,2442855508
16464060,2448237293
16504091,2454655241
16544121,2460946948
16584153,2467554997
16624195,2473985297
16664240,2480430355
16704276,2486851026
16744304,2493110609
16784342,2498826429
16824375,2504571103
16864408,2510746075
16904441,2516886528
16944491,2521657773
16984530,2526994816
17024564,2532654491
17064593,2538710047
17104633,2545133083
17144670,2551464611
17184706,2557639704
17224746,2563325114
17264788,2570665478
17304822,2577045856
17344853,2582629948
17384885,2588500242
17424928,2594710507
17464980,2600874538
17505013,2605708664
17545045,2611084704
17585080,2617483001
17625119,2623898911
17665156,2630143969
17705193,2635738762
17745225,2642045657
17785254,2648347545
17825286,2654664985
17865317,2660972682
17905352,2667282547
17945402,2673406407
17985442,2678706771
18025483,2685502693
18065524,2689813155
18105564,2696286443
18145603,2702792533
18185638,2709264118
18225683,2715716602
18265718,2722141437
18305757,2728585579
18345791,2734288985
18385820,2740006944
18425865,2746321043
18465915,2752529625
18505955,2758853563
18545996,2765677563
18586030,2771050424
18626069,2776546312
18666117,2783630297
18706156,2789780115
18746184,2795821260
18786221,2802203469
18826253,2807420220
18866286,2813728101
18906324,2820017820
18946376,2826003710
18986427,2832194936
19026465,2838909411
19066502,2845212284
19106545,2851033806
19146585,2856387477
19186621,2862323029
19226651,2868230929
19266684,2874596472
19306720,2880288192
19346748,2886232501
19386781,2892565779
19426823,2898906457
19466877,2905188574
19506919,2911562728
19546957,2917978273
19586988,2924242848
19627017,2930409191
19667054,2936102902
19707097,2941662126
19747145,2948228066
19787180,2954770252
19827210,2961156692
19867240,2967486207
19907268,2973262648
19947319,2979058678
19987364,2985378278
20027397,2991783601
20067438,2997986781
20107468,3003516796
20147505,3009361550
20187539,3016140075
20227568,3020415909
20267603,3026646031
20307644,3033411851
20347677,3039852992
20387707,3045479973
20427744,3051576007
20467795,3057889665
20507834,3063931375
20547865,3069452500
20587900,3075636311
20627930,3081692151
20667964,3087135746
20707993,3093272357
20748029,3098963876
20788066,3103581270
20828103,3110095658
20868140,3117179442
20908171,3122719859
20948223,3129107438
20988266,3135480866
21028296,3141925018
21068338,3148349248
21108372,3154854853
21148404,3160982578
21188446,3167201206
21228474,3173390731
21268500,3179162652
21308533,3184409760
21348568,3190368501
21388598,3196293435
21428645,3202719650
21468695,3209109068
21508738,3215576590
21548779,3222097772
21588824,3228492639
21628865,3235296845
21668908,3242275355
21708956,3248638468
21749001,3254957683
21789040,3261179375
21829082,3266941810
21869125,3272373840
21909164,3278893210
21949216,3285319721
21989267,3291761996
22029308,3298226429
22069339,3303679057
22109374,3309939420
22149407,3316205573
22189440,3322453580
22229472,3327638183
22269507,3333762707
22309542,3339997260
22349576,3346852838
22389609,3351158111
22429650,3357569551
22469702,3362991805
22509730,3369388417
22549767,3375821291
22589798,3382080753
22629827,3387685888
22669858,3393859159
22709900,3400220390
22749942,3407073839
22789980,3413721106
22830011,3419039354
22870051,3425257379
22910081,3431062228
22950133,3436383879
22990182,3442872298
23030225,3449426289
23070259,3454788591
23110293,3461146395
23150329,3467254484
23190355,3472666801
23230389,3477744934
23270416,3484059458
23310452,3490343071
23350493,3496700893
23390533,3503035675
23430571,3509180853
23470623,3514316092
23510663,3519765999
23550691,3525811861
23590728,3532113374
23630758,3537286950
23670794,3542438908
23710822,3547749061
23750857,3553976561
23790893,3559143776
23830931,3565436410
23870963,3571236364
23910997,3576908659
23951049,3583134676
23991097,3589394770
24031141,3595937043
24071177,3600597511
24111219,3607133648
24151261,3613686005
24191293,3620501122
24231330,3627137711
24271368,3633248808
24311401,3639265308
24351440,3645090469
24391470,3650722504
24431515,3656682780
24471568,3662202183
24511601,3668409502
24551640,3675208955
24591670,3680562260
24631708,3686235524
24671739,3692434003
24711777,3698793439
24751809,3704104256
24791840,3710364321
24831872,3716251307
24871903,3722061974
24911940,3728301240
24951994,3734590403
24992044,3740904370
25032090,3747307850
25072127,3753632957
25112158,3760358817
25152195,3764618644
25192242,3771121132
25232279,3777521467
25272313,3784029351
25312351,3790498423
25352379,3796439637
25392407,3802141107
25432455,3808470118
25472506,3814767299
25512550,3821154860
25552579,3827453163
25592611,3833689255
25632642,3839886743
25672682,3844869445
25712725,3850865743
25752762,3856771410
25792797,3862924544
25832832,3869367188
25872871,3875539619
25912906,3880950196
25952956,3886835641
25993002,3892473840
26033045,3898779185
26073076,3905022635
26113110,3910182414
26153146,3916421101
26193179,3922712885
26233223,3928482189
26273266,3933878270
26313307,3940380143
26353345,3946910773
26393377,3952813867
26433422,3958609402
26473477,3964960291
26513517,3971370782
26553558,3978406967
26593599,3985217182
26633644,3991583481
26673691,3997909832
26713733,4004139818
26753767,4009930173
26793802,4015272984
26833835,4020637176
26873870,4027149045
26913900,4033580002
26953949,4039936073
26993992,4046276743
27034029,4052131031
27074068,4057878180
27114111,4064258383
27154151,4071194211
27194177,4076849996
27234205,4082937921
27274245,4089022172
27314275,4093953432
27354311,4099358281
27394344,4105801788
27434384,4112046469
27474437,4117475744
27514478,4123843580
27554512,4130163587
27594540,4135600100
27634575,4141854538
27674608,4148100345
27714642,4154365186
27754680,4160609024
27794716,4166307238
27834743,4172010069
27874778,4177201868
27914810,4183219614
27954861,4189204726
27994903,4195035334
28034932,4201441467
28074969,4207595942
28115003,4213426724
28155038,4218967712
28195074,4224040446
28235104,4229818634
28275140,4235937262
28315175,4242163156
28355214,4248418074
28395258,4254729777
28435304,4259939127
28475355,4265954206
28515393,4272512570
28555427,4279050509
28595459,4285431435
28635496,4291805097
28675535,4298199898
28715571,4304548757
28755608,4310030344
28795637,4316073357
28835669,4321130969
28875700,4327380061
28915734,4333568950
28955789,4339298792
28995831,4344060850
29035867,4350065110
29075903,4356396189
29115936,4362232315
29155968,4368157725
29196004,4374514640
29236041,4379849020
29276078,4386105258
29316109,4391998274
29356140,4397526959
29396170,4403751145
29436212,4409950363
29476261,4415550565
29516294,4421896293
29556324,4426248733
29596361,4432732330
29636397,4438734136
29676433,4444648320
29716463,4450810732
29756502,4456886096
29796531,4462539946
29836566,4468610790
29876595,4473927627
29916633,4480193945
29956686,4486439243
29996731,4492714852
30035772,4499047996
30075810,4505902436
30115842,4510242429
30155871,4516705673
30195903,4523162942
30235935,4529538905
30275974,4535725596
30316001,4541273022
30356030,4547573738
30396070,4553832465
30436106,4559097102
30476157,4565343776
30516195,4571615620
30556235,4577908621
30596268,4584104235
30636301,4589526089
30676337,4595393385
30716367,4601859306
30756399,4607978343
30796435,4613680398
30836471,4620249042
30876516,4627589333
30916555,4634038246
30956608,4640349512
30996654,4646649135
31036692,4652221970
31076726,4658151230
31116758,4664362688
31156796,4670096682
31196830,4675460499
31236870,4682024172
31276910,4688576419
31316938,4695027124
31356967,4701390451
31397000,4707745971
31437041,4713799053
31477093,4719472522
31517136,4725684430
31557177,4732588657
31597203,4738828636
31637237,4744699714
31677271,4750806557
31717314,4756031565
31757354,4762086854
31797392,4768557577
31837427,4774941295
31877464,4780915117
31917498,4786679648
31957549,4793031160
31997599,4799395587
32037641,4805869493
32077685,4812411992
32117721,4818501504
32157753,4824735513
32197790,4830831211
32237821,4836669777
32277860,4841881268
32317888,4847404747
32357926,4852710492
32397960,4858784036
32438001,4864230621
32478054,4870573855
32518093,4876972594
32558125,4883407666
32598159,4889678007
32638190,4895614013
32678227,4900526547
32718262,4907271554
32758291,4913265784
32798320,4919307586
32838353,4923702190
32878386,4929463852
32918423,4934866729
32958474,4940494103
32998520,4946931517
33038556,4953466608
33078585,4959748519
33118616,4966049571
33158647,4971135056
33198681,4976313638
33238713,4982563997
33278754,4988793607
33318788,4994762739
33358825,5000739494
33398861,5005809491
33438910,5012166945
33478963,5018026863
33519011,5024857732
33559057,5031831902
33599094,5037800537
33639121,5043762085
33679152,5050051027
33719192,5056305062
33759226,5062387939
33799254,5068237653
33839291,5074034182
33879321,5080033356
33919357,5085025369
33959410,5090415250
33999458,5096805913
34039498,5103735233
34079539,5110064299
34119567,5116149246
34159602,5122459211
34199633,5128248931
34239672,5134053404
34279702,5140322041
34319737,5146568083
34359771,5151714818
34399806,5157814254
34439841,5163281962
34479895,5168785339
34519934,5174184782
34559976,5180747875
34600013,5187115955
34640047,5193564906
34680088,5200017195
34720133,5206483536
34760181,5212903946
34800222,5219302767
34840262,5225688602
34880290,5231855791
34920324,5238001396
34960377,5244185392
35000423,5250042984
35040456,5254877040
35080489,5260907933
35120517,5267296881
35160547,5273677206
35200579,5279918239
35240613,5286072073
35280645,5291909581
35320674,5298135203
35360712,5304207939
35400745,5310025074
35440787,5316312868
35480841,5322150577
35520886,5329296780
35560926,5334291842
35600967,5340411236
35641011,5346704780
35681043,5352596697
35721083,5358927839
35761119,5364684691
35801154,5371098581
35841190,5378075828
35881231,5384332227
35921267,5390513107
35961318,5396099285
36001361,5402265982
36041406,5409272601
36081441,5415449745
36121478,5420857394
36161517,5427402133
36201547,5433318777
36241573,5439177803
36281603,5445491415
36321636,5451866694
36361671,5457058779
36401704,5463262567
36441747,5469660556
36481801,5475470854
36521845,5482286419
36561892,5488673451
36601942,5494981389
36641988,5500246693
36682031,5506328270
36722080,5513494257
36762118,5520420133
36802150,5525411500
36842182,5530789279
36882213,5537151817
36922244,5543475638
36962297,5549549962
37002347,5555882978
37042395,5562523532
37082437,5568860542
37122479,5575175310
37162523,5580994784
37202562,5586376538
37242603,5593241126
37282639,5600480939
37322671,5606951768
37362707,5613402785
37402752,5619839928
37442794,5626217239
37482845,5632380818
37522879,5637769504
37562912,5644005143
37602950,5650213704
37642989,5656392726
37683025,5662153487
37723067,5666434470
37763104,5672881729
37803133,5678974169
37843162,5684797653
37883193,5691004050
37923233,5697347497
37963282,5703302719
38003323,5708943747
38043366,5715236593
38083402,5721545099
38123436,5727844333
38163469,5732994593
38203502,5739104638
38243540,5744965288
38283575,5750292862
38323620,5756838838
38363661,5763305107
38403702,5769758095
38443746,5776157074
38483800,5781730979
38523842,5788406335
38563882,5795170580
38603924,5801697123
38643969,5808026259
38684009,5814378090
38724039,5820593629
38764077,5827387765
38804122,5831695057
38844167,5838208159
38884209,5844728657
38924250,5851253329
38964302,5857636717
39004346,5864030285
39044389,5870493882
39084434,5876929935
39124480,5883850258
39164526,5890674332
39204568,5897006460
39244608,5903330891
39284646,5910172336
39324684,5914427291
39364722,5920069496
39404759,5926261917
39444804,5932677351
39484857,5939043460
39524891,5945474468
39564928,5951922231
39604958,5958299680
39644996,5964508182
39685027,5970231771
39725059,5976297184
39765095,5983083107
39805125,5988719743
39845166,5994291057
39885206,5999632478
39925246,6006122545
39965297,6011947754
40005343,6018104340
40045386,6025155246
40085427,6031915080
40125461,6038330481
40165503,6044758850
40205533,6051098638
40245563,6057318390
40285601,6063548831
40325639,6069468573
40365667,6075529129
40405704,6080089092
40445751,6086415434
40485803,6092807553
40525844,6099284235
40565884,6105761421
40605924,6112202380
40645961,6118592533
40685991,6124952842
40726021,6131233394
40766051,6137445258
40806081,6143716924
40846123,6149997005
40886165,6156263824
40926196,6161077739
40966250,6166895392
41006300,6173205507
41046343,6179793772
41086372,6185859010
41126405,6192199437
41166442,6197903862
41206477,6203628676
41246511,6208919696
41286547,6215166732
41326585,6221377302
41366623,6226892044
41406652,6232804102
41446693,6238973024
41486747,6243759903
41526784,6249690984
41566817,6255658184
41606853,6262064439
41646887,6268385661
41686921,6274260520
41726952,6280076120
41766986,6286222260
41807012,6291607825
41847047,6297881621
41887079,6304111489
41927115,6310336756
41967166,6315900858
42007209,6321738279
42047247,6327007683
42087291,6333069018
42127343,6339615175
42167383,6346121649
42207426,6353071713
42247471,6360095146
42287516,6366555012
42327558,6372989792
42367601,6379888151
42407645,6386752203
42447693,6393057468
42487745,6399259044
42527788,6405989809
42567822,6410447319
42607854,6416942744
42647896,6423442930
42687932,6429567313
42727966,6435327960
42768006,6441582079
42808036,6447860003
42848069,6452946626
42888104,6457787922
42928135,6463198489
42968185,6469405482
43008227,6474612224
43048264,6480887403
43088301,6486792035
43128342,6491806521
43168377,6497591676
43208413,6504219866
43248443,6510053205
43288479,6516431149
43328506,6521833810
43368543,6528099564
43408575,6534375883
43448614,6540191983
43488668,6545957786
43528700,6552248694
43568741,6558604476
43608781,6565215332
43648820,6571725420
43688853,6577065195
43728882,6582894565
43768919,6589452876
43808957,6596453074
43849002,6603028715
43889050,6609501725
43929089,6615952292
43969141,6622245953
44009182,6628512036
44049220,6634830105
44089257,6640900885
44129290,6646170175
44169323,6652240316
44209356,6657154502
44249389,6662720811
44289427,6669701846
44329460,6676321730
44369494,6682997402
44409530,6689514408
44449575,6695890305
44489627,6701483442
44529665,6708035170
44569703,6714969613
44609744,6721331452
44649784,6727664292
44689822,6734140079
44729862,6739796444
44769903,6745712465
44809944,6752848905
44849992,6759386892
44890042,6765895539
44930085,6772477954
44970136,6778735338
45010181,6785101554
45050222,6791506411
45090264,6798334288
45130293,6804839990
45170331,6810357188
45210362,6816482712
45250396,6822006251
45290432,6827692221
45330468,6834210050
45370512,6840692266
45410550,6847115080
45450596,6852438605
45490648,6858709040
45530672,6864492652
45569718,6870337902
45609756,6876851057
45649793,6883750882
45689834,6890387091
45729879,6896694894
45769920,6902663300
45809956,6907860043
45849995,6914280022
45890025,6919653544
45930064,6926085178
45970114,6932421572
46010161,6938535556
46050190,6944115985
46090230,6950441958
46130268,6956742443
46170299,6963014914
46210331,6969272820
46250376,6975591856
46290417,6981913328
46330455,6987766956
46370491,6993217495
46410523,6999898913
46450564,7006212651
46490617,7012603906
46530660,7019031183
46570698,7025487899
46610738,7032017217
46650764,7038218565
46690798,7044469782
46730827,7050403749
46770858,7055798328
46810889,7062061701
46850927,7067839563
46890968,7073214236
46931005,7079630175
46971052,7085013714
47011096,7091364595
47051130,7097831598
47091173,7104226873
47131206,7110444380
47171234,7115948654
47211271,7122143936
47251299,7128392649
47291334,7134658873
47331365,7140270422
47371398,7145070836
47411432,7151712746
47451475,7156110926
47491525,7162497216
47531564,7169022087
47571605,7175871689
47611651,7182999019
47651693,7189428216
47691734,7195324920
47731764,7201072782
47771805,7207354869
47811838,7213581866
47851869,7219343495
47891898,7224974460
47931930,7230916971
47971979,7235871187
48012024,7241218439
48052056,7247704219
48092097,7254159722
48132136,7260403412
48172162,7265944359
48212191,7272296994
48252220,7278624195
48292258,7284942106
48332289,7290677114
48372317,7296557806
48412348,7302720570
48452387,7308926574
48492440,7315678485
48532485,7319989841
48572515,7326385796
48612542,7332331983
48652580,7339203674
48692625,7345893449
48732670,7352376152
48772701,7358746153
48812729,7365025614
48852763,7370726717
48892792,7376571907
48932821,7382764547
48972870,7388982218
49012918,7395196090
49052953,7400517680
49092992,7406574927
49133030,7413085548
49173058,7419278015
49213089,7425441515
49253122,7431502144
49293158,7437691102
49333196,7444063933
49373231,7450398471
49413272,7456735434
49453318,7463040868
49493372,7469274033
49533412,7475550775
49573448,7482462054
49613476,7486799931
49653507,7493283304
49693535,7499736599
49733565,7506169999
49773598,7512602486
49813641,7519033552
49853676,7525362674
49893714,7531682637
49933752,7537804806
49973799,7543222390
50013844,7549423281
50053879,7555737672
50093919,7562025984
50133954,7567382712
50173989,7573531650
50214021,7580321758
50254057,7586195340
50294092,7592217801
50334133,7598502200
50374162,7604328674
50414201,7610600751
50454250,7616954132
50494302,7623234701
50534347,7629587542
50574391,7635948488
50614432,7642302223
50654470,7648082205
50694512,7653473893
50734550,7659985003
50774592,7666463686
50814628,7672923699
50854671,7680133690
50894699,7686164091
50934730,7692102751
50974782,7698366232
51014827,7704165995
51054863,7708877866
51094896,7714854242
51134930,7721145002
51174964,7727249532
51215006,7732111984
51255047,7738222209
51295088,7744252075
51335122,7750500902
51375159,7756832098
51415193,7763001870
51455236,7768804401
51495290,7774825913
51535334,7781745380
51575365,7788105516
51615393,7793854753
51655427,7800083422
51695467,7806297458
51735503,7812103743
51775537,7817438830
51815566,7823721846
51855594,7829370843
51895623,7835687535
51935656,7841902159
51975707,7847717126
52015757,7853993387
52055802,7861233047
52095843,7867597747
52135878,7872791865
52175910,7879042260
52215940,7885164912
52255975,7890326826
52296009,7896102632
52336045,7901478703
52376075,7907917194
52416102,7914058360
52456142,7919693357
52496193,7926075013
52536233,7932533304
52576264,7938941683
52616294,7945211367
52656324,7950662309
52696357,7956663982
52736387,7962883760
52776422,7969094942
52816458,7975175327
52856489,7980137690
52896522,7985629393
52936553,7992141254
52976605,7998498187
53016651,8004919122
53056697,8011458597
53096737,8018434317
53136763,8024117827
53176802,8030376450
53216831,8035635364
53256864,8041862908
53296897,8047967680
53336935,8053926364
53376966,8060025123
53417003,8064875400
53457051,8071260636
53497104,8077311157
53537148,8083791528
53577190,8090275643
53617222,8096665436
53657258,8103058137
53697294,8109426857
53737329,8115755196
53777365,8122461958
53817404,8129426251
53857433,8135053391
53897465,8141361226
53937501,8146771648
53977550,8152136132
54017590,8158559359
54057622,8163921010
54097660,8170312256
54137698,8176705430
54177740,8183126523
54217771,8189512289
54257812,8195913375
54297853,8202982175
54337892,8209509982
54377929,8215202469
54417957,8221017540
54457995,8226788044
54498046,8232096022
54538083,8237764383
54578113,8243922484
54618153,8250345134
54658184,8256740700
54698214,8262602530
54738240,8268416255
54778269,8274707721
54818300,8281015129
54858335,8287231941
54898379,8293550610
54938417,8299886336
54978469,8306025404
55018511,8310849411
55058552,8317161141
55098585,8323025679
55138613,8329256115
55178643,8335623591
55218673,8341972205
55258703,8347166702
55298734,8352544327
55338766,8358626740
55378799,8364923190
55418838,8370345613
55458883,8377165601
55498935,8383002728
55538979,8389955660
55579022,8394853811
55619064,8400803473
55659105,8407942270
55699136,8414397997
55739165,8420146178
55779195,8425965404
55819227,8431254438
55859265,8437560491
55899297,8443865793
55939329,8450143346
55979381,8456399199
56019431,8462673089
56059480,8469046048
56099524,8474908067
56139564,8480339884
56179596,8486821458
56219627,8493225651
56259654,8499341515
56299684,8504973305
56339717,8511291754
56379749,8517350759
56419783,8523043702
56459822,8529161310
56499875,8535421728
56539912,8541761376
56579942,8548013603
56619983,8554149326
56660017,8559003329
56700052,8564356463
56740090,8570836667
56780117,8577236010
56820154,8583617498
56860182,8589011820
56900219,8595250286
56940250,8601559054
56980303,8607705453
57020352,8613965768
57060402,8620608924
57100451,8626958269
57140496,8633462814
57180533,8640129488
57220565,8644623696
57260592,8650946876
57300631,8657332370
57340673,8663837911
57380712,8670391415
57420755,8677817774
57460805,8684203458
57500856,8689924469
57540900,8696647121
57580937,8702497737
57620969,8708391596
57661007,8714070122
57701046,8720180454
57741081,8724941311
57781121,8731014250
57821154,8737518667
57861185,8743877425
57901219,8750306005
57941257,8756767214
57981312,8763129861
58021359,8769485158
58061394,8775928513
58101428,8782147758
58141461,8788106804
58181500,8794055544
58221538,8800745767
58261570,8805922648
58301601,8811531544
58341631,8817571797
58381666,8823971989
58421699,8830350981
58461745,8836419328
58501800,8842217266
58541841,8849224610
58581878,8855958773
58621911,8862066461
58661952,8868214189
58701981,8873766345
58742010,8879974490
58782047,8885403807
58822083,8890722668
58862109,8896334645
58902140,8902744061
58942171,8909145987
58982221,8914641798
59022270,8920896612
59062308,8927356686
59102346,8933740605
59142384,8940151556
59182425,8947148314
59222467,8953812755
59262512,8960115640
59302549,8966312992
59342591,8971702992
59382638,8977584027
59422686,8984146711
59462732,8990612908
59502785,8997007454
59542823,9003083653
59582852,9008692468
59622890,9015024612
59662920,9021246150
59702952,9026580933
59742990,9032815113
59783023,9038968846
59823055,9045139470
59863092,9050671734
59903135,9056277229
59943186,9062280162
59983240,9068234005
60023292,9074694951
60063340,9081638854
60103383,9088289116
60143426,9095097124
60183461,9101489644
60223500,9107901666
60263538,9114290970
60303579,9121539451
60343614,9127940685
60383656,9134575847
60423690,9139049718
60463731,9144831611
60503780,9150818480
60543816,9157247841
60583854,9163353740
60623883,9169231988
60663905,9175668561
60703930,9182056619
60743953,9188537923
60783977,9194659501
60823998,9201006282
60864022,9207376037
60904045,9213758469
60938079,9215700470
60978141,9215710855
61018201,9215721240
61058261,9215731625
61098321,9215742010
61138382,9215752395
61178443,9215762780
61218504,9215773165
61258565,9215783550
TS,2
38925,637
78994,677
119064,717
159133,757
199202,797
239271,837
279341,877
319411,917
359480,957
399549,997
439619,1037
479686,1077
518737,1118
558792,1158
598845,1198
638898,1238
678951,1278
719005,1318
759057,1358
799110,1398
839166,1438
879219,1478
919264,1518
959305,1558
990812,1590
1030379,1630
1070419,1670
1110461,1710
1150494,1750
1190528,1790
1230561,1830
1270598,1870
1310637,1910
1350665,1950
1390705,1990
1430756,2030
1470805,2070
1510843,2111
1550878,2151
1590913,2191
1630945,2231
1670977,2271
1711012,2311
1751043,2351
1791079,2391
1831117,2431
1871148,2471
1911189,2511
1951242,2551
1991285,2591
2031313,2632
2071345,2672
2111377,2712
2151414,2752
2191453,2792
2231493,2832
2271529,2872
2311561,2912
2351597,2952
2391628,2992
2431681,3032
2471731,3072
2511764,3113
2551793,3153
2591828,3193
2631862,3233
2671898,3273
2711930,3313
2751960,3353
2791993,3393
2832031,3433
2872074,3473
2912117,3513
2952167,3553
2992210,3593
3032239,3634
3072274,3674
3112304,3714
3152336,3754
3192372,3794
3232406,3834
3272434,3874
3312462,3914
3352490,3954
3392525,3994
3432575,4034
3472626,4074
3512667,4115
3552699,4155
3592728,4195
3632757,4235
3672790,4275
3712824,4315
3752858,4355
3792894,4395
3832938,4435
3872978,4475
3913021,4515
3953072,4555
3993117,4595
4033161,4636
4073207,4676
4113248,4716
4153295,4756
4193337,4796
4233376,4836
4273419,4876
4313466,4916
4353505,4956
4393549,4996
4433603,5036
4473652,5076
4513693,5117
4553742,5157
4593790,5197
4633831,5237
4673861,5277
4713902,5317
4753940,5357
4793987,5397
4834035,5437
4874074,5477
4914118,5517
4954170,5557
4994215,5597
5034263,5638
5074309,5678
5114345,5718
5154373,5758
5194402,5798
5234436,5838
5274468,5878
5314512,5918
5354555,5958
5394593,5998
5434646,6038
5474694,6078
5514727,6119
5554761,6159
5594799,6199
5634831,6239
5674867,6279
5714905,6319
5754940,6359
5794969,6399
5834996,6439
5875028,6479
5915071,6519
5955123,6559
5995161,6599
6035198,6640
6075228,6680
6115264,6720
6155295,6760
6195326,6800
6235359,6840
6275394,6880
6315422,6920
6355452,6960
6395490,7000
6435542,7040
6475591,7080
6515624,7121
6555658,7161
6595692,7201
6635731,7241
6675772,7281
6715803,7321
6755838,7361
6795867,7401
6835901,7441
6875929,7481
6915973,7521
6956025,7561
6996072,7601
7036116,7642
7076153,7682
7116192,7722
7156221,7762
7196253,7802
7236281,7842
7276317,7882
7316350,7922
7356384,7962
7396410,8002
7436462,8042
7476510,8082
7516542,8123
7556572,8163
7596613,8203
7636653,8243
7676683,8283
7716711,8323
7756747,8363
7796780,8403
7836815,8443
7876851,8483
7916898,8523
7956949,8563
7996993,8603
8037022,8644
8077049,8684
8117081,8724
8157119,8764
8197159,8804
8237195,8844
8277239,8884
8317286,8924
8357334,8964
8397373,9004
8437427,9044
8477475,9084
8517510,9125
8557553,9165
8597595,9205
8637623,9245
8677660,9285
8717700,9325
8757731,9365
8797768,9405
8837810,9445
8877852,9485
8917897,9525
8957950,9565
8997992,9605
9038023,9646
9078053,9686
9118088,9726
9158128,9766
9198156,9806
9238202,9846
9278240,9886
9318275,9926
9358313,9966
9398356,10006
9438408,10046
9478454,10086
9518483,10127
9558519,10167
9598551,10207
9638585,10247
9678630,10287
9718663,10327
9758699,10367
9798736,10407
9838774,10447
9878816,10487
9918861,10527
9958915,10567
9998951,10607
10037995,10647
10078022,10687
10118050,10727
10158085,10767
10198119,10807
10238148,10847
10278176,10887
10318212,10927
10358251,10967
10398290,11007
10438342,11047
10478394,11087
10509421,11119
10549461,11159
10589502,11199
10629534,11239
10669570,11279
10709608,11319
10749641,11359
10789680,11399
10829710,11439
10869739,11479
10909783,11519
10949837,11559
10989883,11599
11028925,11639
11068964,11679
11109006,11719
11149051,11759
11189098,11799
11229146,11839
11269191,11879
11309225,11919
11349253,11959
11389290,11999
11429338,12039
11469391,12079
11500328,12110
11539450,12150
11579480,12190
11619512,12230
11659549,12270
11699576,12310
11739614,12350
11779650,12390
11819685,12430
11859717,12470
11899755,12510
11939806,12550
11979856,12590
12019891,12631
12059934,12671
12099968,12711
12140007,12751
12180042,12791
12220075,12831
12260116,12871
12300144,12911
12340178,12951
12380206,12991
12420254,13031
12460307,13071
12500341,13111
12540375,13152
12580412,13192
12620455,13232
12660499,13272
12700538,13312
12740577,13352
12780622,13392
12820663,13432
12860701,13472
12900740,13512
12940795,13552
12980844,13592
13020875,13633
13060914,13673
13100950,13713
13140983,13753
13181015,13793
13221052,13833
13261090,13873
13301123,13913
13341163,13953
13381195,13993
13421236,14033
13461287,14073
13501323,14113
13541363,14154
13581399,14194
13621427,14234
13661461,14274
13701496,14314
13741529,14354
13781564,14394
13821600,14434
13861634,14474
13901671,14514
13941723,14554
13981764,14594
14021807,14635
14061845,14675
14101880,14715
14141913,14755
14181952,14795
14221991,14835
14262037,14875
14302081,14915
14342121,14955
14382149,14995
14422189,15035
14462242,15075
14502289,15115
14542336,15156
14582376,15196
14622407,15236
14662438,15276
14702471,15316
14742504,15356
14782538,15396
14822578,15436
14862613,15476
14902653,15516
14942703,15556
14982745,15596
15022773,15637
15062805,15677
15102843,15717
15142873,15757
15182908,15797
15222935,15837
15262968,15877
15303004,15917
15343042,15957
15383077,15997
15423114,16037
15463165,16077
15503202,16117
15543236,16158
15583269,16198
15623310,16238
15663337,16278
15703364,16318
15743395,16358
15783427,16398
15823460,16438
15863497,16478
15903534,16518
15943587,16558
15983627,16598
16023659,16639
16063696,16679
16103725,16719
16143764,16759
16183794,16799
16223831,16839
16263866,16879
16303899,16919
16343936,16959
16383969,16999
16424010,17039
16464061,17079
16504091,17119
16544122,17160
16584154,17200
16624196,17240
16664241,17280
16704276,17320
16744305,17360
16784343,17400
16824376,17440
16864409,17480
16904441,17520
16944492,17560
16984531,17600
17024565,17641
17064594,17681
17104634,17721
17144671,17761
17184706,17801
17224747,17841
17264789,17881
17304823,17921
17344854,17961
17384885,18001
17424929,18041
17464981,18081
17505013,18121
17545046,18162
17585081,18202
17625120,18242
17665156,18282
17705194,18322
17745226,18362
17785255,18402
17825287,18442
17865318,18482
17905352,18522
17945403,18562
17985442,18602
18025484,18643
18065525,18683
18105565,18723
18145604,18763
18185638,18803
18225684,18843
18265719,18883
18305757,18923
18345792,18963
18385820,19003
18425866,19043
18465916,19083
18505955,19123
18545997,19164
18586031,19204
18626070,19244
18666118,19284
18706157,19324
18746185,19364
18786222,19404
18826253,19444
18866287,19484
18906324,19524
18946377,19564
18986428,19604
19026465,19645
19066503,19685
19106545,19725
19146586,19765
19186622,19805
19226652,19845
19266684,19885
19306720,19925
19346749,19965
19386782,20005
19426824,20045
19466878,20085
19506919,20125
19546958,20166
19586988,20206
19627018,20246
19667055,20286
19707097,20326
19747146,20366
19787181,20406
19827210,20446
19867241,20486
19907269,20526
19947321,20566
19987364,20606
20027398,20647
20067438,20687
20107469,20727
20147505,20767
20187539,20807
20227568,20847
20267604,20887
20307645,20927
20347678,20967
20387708,21007
20427745,21047
20467797,21087
20507834,21127
20547866,21168
20587900,21208
20627930,21248
20667965,21288
20707994,21328
20748030,21368
20788067,21408
20828104,21448
20868140,21488
20908172,21528
20948224,21568
20988267,21608
21028297,21649
21068339,21689
21108372,21729
21148405,21769
21188447,21809
21228475,21849
21268501,21889
21308534,21929
21348569,21969
21388599,22009
21428646,22049
21468696,22089
21508739,22129
21548780,22170
21588825,22210
21628866,22250
21668909,22290
21708957,22330
21749003,22370
21789040,22410
21829082,22450
21869126,22490
21909164,22530
21949217,22570
21989268,22610
22029309,22651
22069340,22691
22109374,22731
22149408,22771
22189441,22811
22229472,22851
22269508,22891
22309543,22931
22349577,22971
22389610,23011
22429651,23051
22469703,23091
22509731,23131
22549768,23172
22589799,23212
22629827,23252
22669859,23292
22709900,23332
22749942,23372
22789980,23412
22830012,23452
22870051,23492
22910081,23532
22950134,23572
22990183,23612
23030226,23653
23070260,23693
23110294,23733
23150330,23773
23190356,23813
23230390,23853
23270417,23893
23310453,23933
23350494,23973
23390534,24013
23430572,24053
23470624,24093
23510664,24133
23550692,24174
23590729,24214
23630759,24254
23670795,24294
23710822,24334
23750858,24374
23790894,24414
23830931,24454
23870964,24494
23910998,24534
23951050,24574
23991098,24614
24031141,24655
24071177,24695
24111220,24735
24151261,24775
24191294,24815
24231331,24855
24271368,24895
24311402,24935
24351441,24975
24391470,25015
24431516,25055
24471569,25095
24511602,25135
24551641,25176
24591671,25216
24631708,25256
24671739,25296
24711777,25336
24751809,25376
24791841,25416
24831873,25456
24871903,25496
24911940,25536
24951995,25576
24992044,25616
25032090,25657
25072127,25697
25112158,25737
25152196,25777
25192243,25817
25232279,25857
25272314,25897
25312352,25937
25352380,25977
25392408,26017
25432456,26057
25472506,26097
25512551,26137
25552579,26178
25592612,26218
25632642,26258
25672683,26298
25712725,26338
25752763,26378
25792797,26418
25832833,26458
25872872,26498
25912907,26538
25952957,26578
25993003,26618
26033045,26659
26073076,26699
26113110,26739
26153147,26779
26193180,26819
26233223,26859
26273266,26899
26313308,26939
26353346,26979
26393378,27019
26433423,27059
26473478,27099
26513518,27139
26553558,27180
26593600,27220
26633645,27260
26673691,27300
26713734,27340
26753768,27380
26793803,27420
26833836,27460
26873870,27500
26913901,27540
26953949,27580
26993993,27620
27034029,27661
27074069,27701
27114112,27741
27154152,27781
27194178,27821
27234206,27861
27274246,27901
27314276,27941
27354312,27981
27394344,28021
27434384,28061
27474438,28101
27514478,28141
27554512,28182
27594541,28222
27634576,28262
27674608,28302
27714643,28342
27754681,28382
27794716,28422
27834744,28462
27874779,28502
27914811,28542
27954862,28582
27994904,28622
28034933,28663
28074969,28703
28115004,28743
28155038,28783
28195075,28823
28235105,28863
28275141,28903
28315175,28943
28355215,28983
28395259,29023
28435305,29063
28475356,29103
28515393,29143
28555428,29184
28595460,29224
28635497,29264
28675536,29304
28715572,29344
28755609,29384
28795638,29424
28835669,29464
28875700,29504
28915735,29544
28955790,29584
28995832,29624
29035868,29665
29075904,29705
29115937,29745
29155968,29785
29196005,29825
29236042,29865
29276079,29905
29316110,29945
29356141,29985
29396171,30025
29436213,30065
29476262,30105
29516294,30145
29556325,30186
29596362,30226
29636398,30266
29676434,30306
29716464,30346
29756502,30386
29796532,30426
29836567,30466
29876596,30506
29916633,30546
29956687,30586
29996732,30626
30035772,30666
30075811,30706
30115842,30746
30155872,30786
30195904,30826
30235936,30866
30275975,30906
30316002,30946
30356031,30986
30396071,31026
30436107,31066
30476157,31106
30516196,31146
30556236,31187
30596269,31227
30636302,31267
30676338,31307
30716368,31347
30756400,31387
30796435,31427
30836472,31467
30876517,31507
30916556,31547
30956609,31587
30996655,31627
31036694,31668
31076726,31708
31116759,31748
31156797,31788
31196831,31828
31236871,31868
31276911,31908
31316939,31948
31356968,31988
31397001,32028
31437042,32068
31477094,32108
31517137,32148
31557177,32189
31597204,32229
31637237,32269
31677271,32309
31717315,32349
31757355,32389
31797393,32429
31837427,32469
31877464,32509
31917498,32549
31957550,32589
31997599,32629
32037642,32670
32077686,32710
32117721,32750
32157754,32790
32197791,32830
32237822,32870
32277861,32910
32317889,32950
32357927,32990
32397960,33030
32438002,33070
32478055,33110
32518094,33150
32558126,33191
32598160,33231
32638191,33271
32678228,33311
32718262,33351
32758292,33391
32798320,33431
32838353,33471
32878387,33511
32918424,33551
32958475,33591
32998521,33631
33038557,33672
33078586,33712
33118617,33752
33158648,33792
33198682,33832
33238714,33872
33278755,33912
33318788,33952
33358826,33992
33398862,34032
33438911,34072
33478964,34112
33519012,34152
33559057,34193
33599094,34233
33639121,34273
33679153,34313
33719193,34353
33759226,34393
33799255,34433
33839291,34473
33879322,34513
33919357,34553
33959411,34593
33999458,34633
34039499,34674
34079540,34714
34119568,34754
34159603,34794
34199634,34834
34239673,34874
34279702,34914
34319738,34954
34359772,34994
34399807,35034
34439842,35074
34479896,35114
34519935,35154
34559977,35195
34600014,35235
34640047,35275
34680089,35315
34720133,35355
34760182,35395
34800223,35435
34840263,35475
34880291,35515
34920325,35555
34960378,35595
35000424,35635
35040457,35676
35080490,35716
35120518,35756
35160547,35796
35200579,35836
35240614,35876
35280646,35916
35320675,35956
35360713,35996
35400746,36036
35440788,36076
35480842,36116
35520887,36156
35560927,36197
35600968,36237
35641012,36277
35681043,36317
35721084,36357
35761120,36397
35801155,36437
35841191,36477
35881232,36517
35921268,36557
35961319,36597
36001362,36637
36041407,36678
36081442,36718
36121479,36758
36161517,36798
36201548,36838
36241574,36878
36281603,36918
36321637,36958
36361671,36998
36401704,37038
36441747,37078
36481802,37118
36521845,37158
36561893,37199
36601943,37239
36641989,37279
36682032,37319
36722080,37359
36762118,37399
36802151,37439
36842182,37479
36882214,37519
36922245,37559
36962298,37599
37002348,37639
37042396,37680
37082438,37720
37122480,37760
37162524,37800
37202563,37840
37242603,37880
37282639,37920
37322671,37960
37362708,38000
37402753,38040
37442795,38080
37482846,38120
37522879,38160
37562913,38201
37602951,38241
37642990,38281
37683025,38321
37723068,38361
37763104,38401
37803134,38441
37843162,38481
37883194,38521
37923234,38561
37963283,38601
38003324,38641
38043367,38682
38083403,38722
38123437,38762
38163470,38802
38203503,38842
38243540,38882
38283575,38922
38323621,38962
38363661,39002
38403703,39042
38443747,39082
38483800,39122
38523843,39162
38563883,39203
38603925,39243
38643970,39283
38684010,39323
38724040,39363
38764078,39403
38804123,39443
38844168,39483
38884209,39523
38924250,39563
38964302,39603
39004347,39643
39044390,39684
39084434,39724
39124480,39764
39164527,39804
39204569,39844
39244609,39884
39284647,39924
39324685,39964
39364722,40004
39404759,40044
39444804,40084
39484858,40124
39524891,40164
39564928,40205
39604959,40245
39644997,40285
39685027,40325
39725060,40365
39765095,40405
39805126,40445
39845166,40485
39885206,40525
39925247,40565
39965298,40605
40005344,40645
40045386,40686
40085427,40726
40125462,40766
40165504,40806
40205534,40846
40245564,40886
40285602,40926
40325639,40966
40365667,41006
40405705,41046
40445752,41086
40485804,41126
40525844,41166
40565885,41207
40605924,41247
40645961,41287
40685992,41327
40726021,41367
40766051,41407
40806082,41447
40846124,41487
40886165,41527
40926197,41567
40966251,41607
41006301,41647
41046343,41688
41086372,41728
41126406,41768
41166443,41808
41206477,41848
41246511,41888
41286547,41928
41326586,41968
41366624,42008
41406653,42048
41446693,42088
41486748,42128
41526784,42168
41566818,42209
41606853,42249
41646888,42289
41686922,42329
41726953,42369
41766987,42409
41807013,42449
41847048,42489
41887079,42529
41927115,42569
41967167,42609
42007209,42649
42047248,42690
42087292,42730
42127343,42770
42167384,42810
42207427,42850
42247472,42890
42287516,42930
42327558,42970
42367602,43010
42407646,43050
42447694,43090
42487746,43130
42527788,43170
42567823,43211
42607855,43251
42647896,43291
42687933,43331
42727967,43371
42768006,43411
42808036,43451
42848070,43491
42888104,43531
42928136,43571
42968185,43611
43008227,43651
43048265,43692
43088302,43732
43128343,43772
43168378,43812
43208414,43852
43248444,43892
43288479,43932
43328507,43972
43368544,44012
43408575,44052
43448614,44092
43488669,44132
43528700,44172
43568741,44213
43608782,44253
43648821,44293
43688854,44333
43728883,44373
43768920,44413
43808958,44453
43849003,44493
43889051,44533
43929090,44573
43969142,44613
44009182,44653
44049221,44694
44089258,44734
44129290,44774
44169324,44814
44209357,44854
44249390,44894
44289428,44934
44329461,44974
44369495,45014
44409531,45054
44449576,45094
44489627,45134
44529666,45174
44569704,45215
44609745,45255
44649785,45295
44689823,45335
44729863,45375
44769904,45415
44809945,45455
44849993,45495
44890043,45535
44930086,45575
44970137,45615
45010181,45655
45050222,45696
45090265,45736
45130294,45776
45170331,45816
45210362,45856
45250397,45896
45290433,45936
45330468,45976
45370513,46016
45410551,46056
45450597,46096
45490649,46136
45530673,46176
45569719,46216
45609757,46256
45649794,46296
45689834,46336
45729880,46376
45769921,46416
45809956,46456
45849995,46496
45890026,46536
45930065,46576
45970114,46616
46010162,46656
46050191,46697
46090231,46737
46130268,46777
46170300,46817
46210332,46857
46250376,46897
46290418,46937
46330455,46977
46370492,47017
46410524,47057
46450565,47097
46490618,47137
46530661,47177
46570698,47218
46610739,47258
46650765,47298
46690798,47338
46730828,47378
46770859,47418
46810890,47458
46850928,47498
46890969,47538
46931005,47578
46971053,47618
47011097,47658
47051131,47699
47091174,47739
47131207,47779
47171235,47819
47211272,47859
47251300,47899
47291335,47939
47331366,47979
47371398,48019
47411433,48059
47451476,48099
47491526,48139
47531565,48179
47571606,48220
47611652,48260
47651694,48300
47691735,48340
47731764,48380
47771806,48420
47811838,48460
47851870,48500
47891899,48540
47931930,48580
47971981,48620
48012024,48660
48052056,48701
48092097,48741
48132137,48781
48172163,48821
48212192,48861
48252221,48901
48292259,48941
48332289,48981
48372317,49021
48412348,49061
48452388,49101
48492441,49141
48532485,49181
48572515,49222
48612543,49262
48652581,49302
48692626,49342
48732671,49382
48772701,49422
48812729,49462
48852764,49502
48892793,49542
48932822,49582
48972871,49622
49012919,49662
49052954,49703
49092992,49743
49133031,49783
49173058,49823
49213090,49863
49253123,49903
49293158,49943
49333197,49983
49373232,50023
49413273,50063
49453319,50103
49493373,50143
49533413,50183
49573449,50224
49613477,50264
49653508,50304
49693536,50344
49733566,50384
49773598,50424
49813641,50464
49853676,50504
49893715,50544
49933752,50584
49973800,50624
50013844,50664
50053879,50705
50093920,50745
50133955,50785
50173989,50825
50214022,50865
50254058,50905
50294093,50945
50334134,50985
50374163,51025
50414201,51065
50454250,51105
50494303,51145
50534348,51185
50574392,51226
50614432,51266
50654471,51306
50694512,51346
50734550,51386
50774592,51426
50814629,51466
50854672,51506
50894700,51546
50934731,51586
50974783,51626
51014828,51666
51054864,51707
51094897,51747
51134930,51787
51174965,51827
51215007,51867
51255048,51907
51295088,51947
51335123,51987
51375160,52027
51415194,52067
51455237,52107
51495291,52147
51535334,52187
51575366,52228
51615394,52268
51655428,52308
51695468,52348
51735504,52388
51775538,52428
51815567,52468
51855595,52508
51895624,52548
51935657,52588
51975708,52628
52015758,52668
52055803,52709
52095843,52749
52135878,52789
52175911,52829
52215941,52869
52255976,52909
52296010,52949
52336045,52989
52376076,53029
52416103,53069
52456143,53109
52496194,53149
52536234,53189
52576264,53230
52616295,53270
52656325,53310
52696358,53350
52736388,53390
52776423,53430
52816459,53470
52856489,53510
52896523,53550
52936554,53590
52976606,53630
53016651,53670
53056698,53711
53096738,53751
53136763,53791
53176802,53831
53216831,53871
53256865,53911
53296897,53951
53336935,53991
53376967,54031
53417004,54071
53457052,54111
53497104,54151
53537149,54191
53577191,54232
53617223,54272
53657259,54312
53697295,54352
53737330,54392
53777366,54432
53817404,54472
53857434,54512
53897466,54552
53937502,54592
53977550,54632
54017590,54672
54057623,54713
54097661,54753
54137699,54793
54177741,54833
54217772,54873
54257813,54913
54297853,54953
54337892,54993
54377930,55033
54417958,55073
54457996,55113
54498047,55153
54538084,55193
54578114,55234
54618153,55274
54658185,55314
54698215,55354
54738241,55394
54778270,55434
54818301,55474
54858336,55514
54898380,55554
54938418,55594
54978470,55634
55018512,55674
55058553,55715
55098585,55755
55138614,55795
55178644,55835
55218674,55875
55258704,55915
55298735,55955
55338766,55995
55378800,56035
55418839,56075
55458884,56115
55498936,56155
55538979,56195
55579022,56236
55619065,56276
55659106,56316
55699136,56356
55739166,56396
55779196,56436
55819227,56476
55859265,56516
55899298,56556
55939331,56596
55979382,56636
56019431,56676
56059481,56717
56099524,56757
56139565,56797
56179597,56837
56219628,56877
56259655,56917
56299685,56957
56339718,56997
56379750,57037
56419783,57077
56459823,57117
56499876,57157
56539913,57197
56579943,57238
56619983,57278
56660017,57318
56700053,57358
56740090,57398
56780118,57438
56820155,57478
56860183,57518
56900219,57558
56940251,57598
56980304,57638
57020352,57678
57060402,57719
57100452,57759
57140496,57799
57180534,57839
57220565,57879
57260593,57919
57300631,57959
57340674,57999
57380713,58039
57420756,58079
57460806,58119
57500857,58159
57540900,58199
57580938,58240
57620970,58280
57661007,58320
57701047,58360
57741082,58400
57781121,58440
57821155,58480
57861186,58520
57901219,58560
57941258,58600
57981313,58640
58021360,58680
58061395,58721
58101428,58761
58141462,58801
58181501,58841
58221539,58881
58261570,58921
58301602,58961
58341632,59001
58381667,59041
58421699,59081
58461746,59121
58501801,59161
58541842,59201
58581879,59242
58621912,59282
58661953,59322
58701981,59362
58742010,59402
58782047,59442
58822084,59482
58862110,59522
58902140,59562
58942172,59602
58982222,59642
59022270,59682
59062309,59723
59102346,59763
59142385,59803
59182426,59843
59222467,59883
59262512,59923
59302549,59963
59342592,60003
59382639,60043
59422687,60083
59462732,60123
59502786,60163
59542823,60203
59582852,60244
59622891,60284
59662921,60324
59702952,60364
59742991,60404
59783024,60444
59823056,60484
59863093,60524
59903136,60564
59943187,60604
59983241,60644
60023292,60684
60063340,60725
60103384,60765
60143427,60805
60183462,60845
60223500,60885
60263539,60925
60303580,60965
60343614,61005
60383656,61045
60423692,61085
60463731,61125
60503781,61165
60543816,61205
60583855,61246
60623884,61286
60663906,61326
60703931,61366
60743954,61406
60783978,61446
60823998,61486
60864023,61526
60904046,61566
60938080,61600
60978142,61640
61018201,61680
61058262,61720
61098322,61760
61138382,61800
61178443,61840
61218505,61880
61258565,61920
TS,3
38926,10491970
78994,10494073
119064,10496176
159133,10498279
199202,10500382
239271,10502485
279341,10504588
319411,10506691
359480,10508794
399549,10510897
439619,10513000
479686,10515103
518738,10832896
558793,11284171
598846,11954491
638898,12617612
678952,13277771
719005,13915831
759058,14488229
799111,15135372
839167,15777491
879220,16414508
919264,17056259
959306,17695796
990813,18195197
1030380,18816431
1070420,19406385
1110461,19966505
1150495,20526528
1190529,21182423
1230562,21729880
1270599,22372430
1310637,23022621
1350666,23569827
1390705,24208434
1430757,24844787
1470806,25477389
1510843,26107341
1550879,26720234
1590913,27352539
1630945,27851780
1670977,28455910
1711013,29088726
1751044,29747365
1791079,30308738
1831117,30949101
1871148,31591824
1911190,32237029
1951243,32836564
1991285,33510385
2031314,34092573
2071345,34674670
2111378,35299010
2151415,35977399
2191454,36427353
2231494,37104593
2271530,37782901
2311562,38431898
2351597,39073020
2391628,39642428
2431682,40290466
2471732,40935951
2511765,41585521
2551793,42211877
2591828,42733902
2631863,43355065
2671898,43971358
2711931,44556466
2751961,45116763
2791993,45794855
2832031,46465016
2872074,47132359
2912118,47790443
2952168,48387600
2992211,48988144
3032240,49628452
3072275,50244470
3112305,50784356
3152337,51385976
3192373,52003786
3232406,52634133
3272435,53139195
3312463,53706274
3352491,54375272
3392526,55037816
3432576,55695562
3472627,56347795
3512668,57013877
3552700,57652159
3592729,58220316
3632758,58829366
3672791,59455389
3712825,60077364
3752858,60668680
3792895,61265795
3832938,61720380
3872979,62390569
3913022,63050443
3953073,63616186
3993117,64279542
4033162,65034149
4073207,65701150
4113248,66356010
4153296,67006389
4193337,67647534
4233377,68377056
4273420,69013390
4313467,69694861
4353506,70146022
4393550,70826000
4433603,71492426
4473653,72155971
4513694,72825994
4553743,73491332
4593791,74150556
4633831,74798864
4673862,75436650
4713903,76130799
4753941,76810410
4793987,77445483
4834036,78126893
4874074,78582028
4914119,79251597
4954171,79914175
4994216,80584464
5034264,81255680
5074310,81921479
5114345,82616785
5154374,83225928
5194402,83859798
5234437,84494360
5274469,85128798
5314512,85758770
5354556,86385751
5394594,86958818
5434646,87547782
5474695,88212687
5514728,88759342
5554762,89301788
5594799,89956505
5634831,90488376
5674867,91003466
5714906,91627552
5754941,92144744
5794969,92689450
5834997,93311996
5875029,93929141
5915072,94550413
5955124,95132198
5995162,95585587
6035199,96255597
6075229,96894091
6115265,97470894
6155296,98124040
6195327,98771723
6235359,99311118
6275395,99951396
6315423,100523182
6355452,101116729
6395491,101744692
6435543,102365607
6475592,102983858
6515624,103574042
6555659,104096645
6595693,104784493
6635732,105371282
6675772,106132538
6715803,106771264
6755838,107339961
6795869,107984436
6835902,108627905
6875929,109188868
6915974,109789935
6956025,110415628
6996072,111047834
7036117,111677798
7076154,112169519
7116193,112805790
7156222,113387856
7196253,114052871
7236281,114715589
7276318,115290486
7316351,115906323
7356385,116520738
7396410,117074982
7436462,117707538
7476512,118329808
7516543,118891256
7556573,119489407
7596614,120107888
7636654,120595180
7676684,121264405
7716712,121925897
7756748,122491863
7796781,123149796
7836816,123808447
7876851,124467399
7916899,125105577
7956950,125694190
7996993,126273333
8037023,126898432
8077050,127512329
8117082,128118685
8157120,128723703
8197160,129258683
8237196,129852472
8277240,130569333
8317287,131304432
8357335,131973989
8397373,132637382
8437428,133282538
8477476,133924304
8517510,134567917
8557554,135206013
8597595,135842513
8637624,136471696
8677661,137128896
8717700,137584335
8757731,138258521
8797769,138935173
8837811,139611013
8877852,140280644
8917898,140938623
8957950,141578317
8997993,142218456
9038023,142756605
9078054,143386535
9118089,144013325
9158128,144612498
9198157,145148314
9238202,145728554
9278241,146287281
9318276,146963441
9358314,147638948
9398356,148313019
9438409,148965003
9478455,149615369
9518484,150256556
9558519,150779388
9598551,151301843
9638586,151822641
9678631,152436828
9718664,153036596
9758700,153576829
9798737,154158370
9838775,154716346
9878816,155392362
9918861,155950080
9958916,156604860
9998951,157264336
10037996,157906371
10078023,158458534
10118050,159101298
10158086,159738357
10198120,160360155
10238149,160950689
10278177,161505798
10318213,162135366
10358252,162728245
10398291,163301797
10438343,163972145
10478395,164636951
10509421,165164896
10549461,165826712
10589503,166488081
10629534,167136223
10669570,167773483
10709609,168395133
10749642,168935490
10789680,169552834
10829711,170161215
10869740,170689404
10909784,171241271
10949838,171853985
10989884,172526958
11028925,173194580
11068965,173865961
11109007,174531402
11149052,175270426
11189099,175943766
11229147,176592894
11269192,177228947
11309226,177853426
11349254,178444196
11389291,179019670
11429339,179584666
11469392,180140538
11500329,180574070
11539451,181216668
11579481,181875847
11619513,182469223
11659550,183069675
11699577,183617066
11739615,184260111
11779651,184893779
11819686,185456494
11859718,186039038
11899756,186659594
11939807,187261257
11979857,187818320
12019892,188311261
12059935,188988781
12099969,189659717
12140007,190321104
12180042,190960275
12220075,191524989
12260116,192163354
12300145,192797496
12340179,193327675
12380207,193934620
12420255,194468977
12460307,195079043
12500342,195608514
12540375,196208976
12580413,196741739
12620455,197420707
12660500,198099794
12700539,198848856
12740578,199533396
12780622,200193543
12820664,200849277
12860702,201501533
12900741,202150328
12940795,202782252
12980845,203408501
13020876,204006116
13060915,204588639
13100951,205099582
13140984,205706221
13181015,206254222
13221053,206861079
13261091,207463251
13301124,208118823
13341164,208759048
13381195,209395360
13421237,209942509
13461288,210570592
13501324,211196940
13541363,211826452
13581400,212438948
13621428,213021033
13661462,213522013
13701497,214147790
13741530,214688089
13781565,215329844
13821601,215888571
13861635,216538632
13901672,217173579
13941723,217723377
13981765,218363235
14021808,219004495
14061846,219642242
14101881,220266999
14141913,220891385
14181953,221469046
14221991,222025778
14262038,222707787
14302081,223382009
14342122,224039439
14382150,224671179
14422190,225244008
14462243,225890389
14502290,226543051
14542336,227277413
14582376,227931072
14622408,228546734
14662439,229168799
14702472,229728011
14742505,230305031
14782538,230875631
14822579,231550222
14862614,232211360
14902653,232869233
14942704,233502347
14982746,234061507
15022774,234702787
15062806,235336929
15102843,235933021
15142873,236499802
15182908,237085355
15222936,237631612
15262969,238302400
15303005,238754664
15343043,239360006
15383078,239960563
15423115,240517644
15463166,241168835
15503202,241778130
15543237,242368663
15583270,243012661
15623311,243665757
15663337,244299303
15703365,244925983
15743395,245548405
15783428,246159271
15823461,246752026
15863498,247310929
15903535,247975602
15943588,248541334
15983627,249197929
16023659,249753612
16063697,250396477
16103725,251041178
16143765,251680359
16183794,252220057
16223831,252849119
16263867,253465669
16303900,254002832
16343937,254611649
16383970,255188167
16424010,255741520
16464061,256303812
16504092,256968357
16544122,257621329
16584155,258292830
16624196,258952385
16664241,259611526
16704277,260265659
16744306,260898728
16784344,261508043
16824377,262055583
16864409,262672705
16904442,263283627
16944493,263768456
16984532,264325673
17024566,264933831
17064595,265536252
17104634,266198820
17144672,266851768
17184707,267499917
17224748,268066095
17264789,268808860
17304824,269455685
17344855,270054429
17384886,270611175
17424930,271232013
17464982,271845274
17505014,272342215
17545047,272897984
17585082,273561079
17625121,274224097
17665157,274879910
17705194,275442593
17745226,276090694
17785255,276732148
17825288,277373300
17865319,278011160
17905353,278647129
17945403,279266708
17985443,279794440
18025484,280462186
18065526,280915896
18105565,281588906
18145605,282263801
18185639,282932498
18225684,283596806
18265720,284255719
18305758,284914753
18345792,285524781
18385821,286074867
18425866,286712621
18465917,287335836
18505956,287970452
18545998,288677206
18586031,289193832
18626070,289767643
18666119,290532584
18706158,291165835
18746186,291761994
18786222,292416759
18826254,292952232
18866287,293594408
18906325,294232304
18946378,294855016
18986428,295487243
19026466,296130069
19066504,296760923
19106546,297342108
19146587,297901184
19186623,298553453
19226652,299133158
19266685,299789403
19306721,300412859
19346749,300986314
19386783,301632759
19426824,302277928
19466879,302914072
19506920,303558878
19546959,304200721
19586989,304828365
19627018,305442327
19667055,306029829
19707098,306601221
19747147,307284002
19787182,307961848
19827211,308619260
19867241,309267837
19907270,309895802
19947321,310451104
19987365,311092509
20027399,311736157
20067439,312359597
20107470,312941642
20147506,313501101
20187540,314172920
20227569,314622561
20267605,315286550
20307645,315972280
20347678,316637403
20387708,317238533
20427746,317844529
20467797,318488670
20507835,319118698
20547867,319660493
20587901,320283376
20627931,320907408
20667966,321442610
20707995,322053940
20748031,322620045
20788067,323130800
20828104,323806742
20868141,324526325
20908172,325089855
20948225,325746541
20988267,326399417
21028297,327052775
21068340,327707326
21108373,328371589
21148406,328984724
21188447,329608690
21228475,330227092
21268502,330832186
21308534,331339910
21348569,331997898
21388599,332577641
21428646,333241869
21468697,333899630
21508740,334564413
21548781,335227676
21588825,335879637
21628867,336604665
21668909,337272638
21708958,337914001
21749004,338548061
21789041,339168523
21829083,339752841
21869126,340320551
21909165,340997863
21949217,341662126
21989268,342326094
22029309,342984837
22069341,343550556
22109375,344184489
22149408,344819617
22189442,345450468
22229473,345975642
22269509,346588128
22309544,347211388
22349578,347892270
22389611,348345326
22429651,349014003
22469704,349576758
22509731,350237080
22549769,350893838
22589800,351542581
22629829,352119878
22669859,352740437
22709901,353386301
22749943,354110222
22789981,354755220
22830013,355279927
22870052,355900387
22910082,356484407
22950135,357039651
22990184,357714577
23030226,358387717
23070260,358944062
23110294,359596822
23150330,360232021
23190357,360775446
23230391,361292239
23270417,361932189
23310453,362566363
23350495,363207104
23390534,363842993
23430573,364454469
23470625,365008848
23510664,365581864
23550692,366168972
23590729,366818986
23630760,367353168
23670796,367883438
23710823,368430909
23750859,369064932
23790895,369592529
23830932,370230338
23870964,370849370
23910999,371390245
23951051,372014220
23991099,372640050
24031142,373318496
24071178,373777847
24111221,374457896
24151262,375137795
24191295,375867175
24231332,376556422
24271369,377165641
24311402,377761930
24351442,378385351
24391471,378925479
24431516,379539908
24471570,380080214
24511603,380705633
24551642,381409170
24591672,381923858
24631709,382532700
24671740,383160206
24711778,383816592
24751810,384366495
24791841,385007347
24831874,385644957
24871904,386206085
24911941,386838486
24951995,387474600
24992045,388111479
25032091,388751046
25072128,389384940
25112159,390050495
25152197,390498312
25192243,391174644
25232280,391840334
25272314,392510080
25312353,393176336
25352381,393817543
25392409,394370164
25432456,395013962
25472507,395651876
25512551,396298256
25552580,396926331
25592613,397550631
25632643,398168250
25672684,398684507
25712726,399317291
25752763,399927740
25792798,400550806
25832834,401215247
25872873,401859671
25912908,402404385
25952957,403029911
25993003,403579602
26033046,404212367
26073077,404841395
26113111,405362623
26153148,405987228
26193180,406615920
26233224,407200598
26273267,407764533
26313308,408439791
26353346,409116280
26393378,409755347
26433424,410321991
26473478,410971362
26513519,411625587
26553559,412364583
26593601,413021334
26633645,413663500
26673692,414298828
26713735,414920693
26753769,415502943
26793803,416060738
26833837,416619353
26873871,417291476
26913901,417958367
26953950,418611912
26993994,419260511
27034030,419886592
27074069,420439185
27114112,421086419
27154152,421813625
27194179,422354624
27234207,422961095
27274246,423574520
27314277,424073509
27354313,424638680
27394345,425307084
27434385,425959526
27474439,426513860
27514479,427167367
27554513,427811106
27594542,428363929
27634577,429001004
27674609,429632022
27714644,430263086
27754682,430889583
27794717,431493892
27834744,432031081
27874780,432595295
27914811,433189688
27954863,433844694
27994904,434416201
28034933,435069246
28074970,435713035
28115004,436322857
28155039,436883085
28195076,437399519
28235106,437974798
28275141,438583747
28315176,439208567
28355215,439834648
28395259,440465250
28435306,441036021
28475356,441625605
28515394,442307068
28555428,442978309
28595460,443634643
28635497,444287975
28675536,444941645
28715572,445587774
28755610,446162318
28795639,446756920
28835670,447266837
28875701,447893522
28915736,448510990
28955790,449081496
28995832,449615703
29035869,450200728
29075905,450855072
29115938,451497016
29155969,452070587
29196006,452721953
29236043,453269780
29276079,453906578
29316111,454519137
29356142,455064413
29396171,455690321
29436213,456311148
29476262,456905873
29516295,457502456
29556326,457955460
29596363,458629736
29636399,459272835
29676435,459874511
29716465,460497821
29756503,461134413
29796533,461702164
29836568,462316435
29876597,462856117
29916634,463493230
29956688,464121616
29996733,464751415
30035773,465380069
30075811,466065322
30115843,466522513
30155873,467194057
30195904,467862789
30235937,468519829
30275975,469169855
30316002,469727486
30356032,470369678
30396071,471004793
30436108,471541769
30476158,472171605
30516197,472802250
30556237,473427555
30596270,474044955
30636302,474628466
30676339,475208102
30716369,475879138
30756401,476534170
30796436,477103192
30836472,477782983
30876518,478526123
30916557,479184431
30956610,479824428
30996656,480460911
31036694,481044006
31076727,481614781
31116760,482234900
31156797,482805828
31196832,483366075
31236872,484049335
31276912,484729220
31316940,485395037
31356969,486048446
31397002,486698788
31437043,487334296
31477094,487896975
31517137,488525302
31557178,489248638
31597205,489876418
31637238,490432187
31677272,491040274
31717315,491610902
31757355,492207189
31797394,492878360
31837428,493537757
31877465,494186873
31917499,494746868
31957551,495395884
31997600,496044270
32037643,496697689
32077686,497369716
32117722,497972356
32157754,498596840
32197791,499202936
32237823,499791052
32277861,500346620
32317890,500911902
32357928,501458995
32397961,502096509
32438003,502650832
32478055,503300591
32518094,503954723
32558127,504605299
32598161,505240061
32638191,505861293
32678228,506366513
32718263,507010443
32758293,507623665
32798321,508216694
32838354,508677359
32878387,509310595
32918424,509854347
32958475,510420827
32998521,511083794
33038557,511746723
33078587,512390819
33118618,513031334
33158649,513547616
33198683,514073444
33238715,514702406
33278755,515326803
33318789,515932951
33358827,516518036
33398862,517066839
33438911,517742961
33478965,518319527
33519013,519053824
33559058,519749502
33599095,520382752
33639122,520958012
33679154,521596676
33719194,522229094
33759227,522854858
33799255,523467841
33839292,524014194
33879323,524614613
33919358,525117576
33959412,525683107
33999459,526345327
34039499,527089131
34079540,527728636
34119568,528334778
34159604,528979343
34199635,529605139
34239673,530162071
34279703,530795774
34319739,531424677
34359773,531944030
34399807,532551852
34439843,533122168
34479896,533659170
34519936,534223585
34559977,534900355
34600014,535557756
34640048,536222508
34680090,536885502
34720134,537548003
34760182,538202963
34800223,538853242
34840263,539496598
34880292,540118633
34920325,540732736
34960379,541351642
35000425,541939599
35040457,542479280
35080491,543069988
35120518,543730697
35160548,544388249
35200580,545041067
35240615,545691230
35280646,546260426
35320676,546892523
35360713,547511236
35400747,548128723
35440789,548760589
35480842,549309550
35520887,550027240
35560927,550530642
35600969,551193040
35641013,551858010
35681044,552432086
35721085,553083004
35761120,553712731
35801156,554368810
35841192,555042913
35881232,555683714
35921268,556317535
35961320,556867602
36001363,557486113
36041407,558199772
36081442,558799554
36121480,559364723
36161518,560045418
36201548,560693226
36241575,561264911
36281604,561912482
36321638,562565144
36361672,563096692
36401705,563729749
36441748,564374678
36481802,564994563
36521846,565646906
36561893,566282824
36601944,566912984
36641990,567490517
36682032,568087718
36722081,568860015
36762119,569544411
36802151,570066748
36842183,570611922
36882214,571262232
36922245,571905850
36962299,572537968
37002349,573177258
37042397,573827122
37082439,574463702
37122480,575095523
37162525,575681067
37202563,576243538
37242604,576981531
37282640,577703590
37322672,578370911
37362708,579033756
37402754,579692827
37442796,580342727
37482847,580972229
37522880,581511963
37562913,582137084
37602951,582759010
37642990,583375671
37683026,583949593
37723069,584399908
37763105,585069894
37803135,585720686
37843163,586310007
37883195,586943242
37923234,587593025
37963284,588230014
38003325,588778312
38043367,589410262
38083403,590047788
38123437,590682079
38163470,591201158
38203503,591809368
38243541,592395142
38283576,592951163
38323622,593632342
38363662,594302131
38403703,594968216
38443748,595625811
38483801,596216492
38523844,596913582
38563884,597572385
38603926,598222487
38643970,598861148
38684010,599500327
38724040,600121354
38764079,600795007
38804124,601248302
38844169,601925896
38884210,602602483
38924251,603277414
38964303,603933609
39004347,604588849
39044391,605244492
39084435,605900430
39124481,606632033
39164528,607287042
39204570,607923907
39244609,608557722
39284648,609236702
39324685,609683994
39364723,610299396
39404760,610911072
39444805,611578165
39484859,612232760
39524892,612892826
39564929,613547038
39604959,614196524
39644998,614824024
39685028,615437792
39725060,616033681
39765096,616709506
39805127,617267277
39845167,617818382
39885207,618375998
39925248,619050275
39965298,619691819
40005345,620298818
40045387,621031115
40085428,621700641
40125463,622355442
40165505,623009620
40205534,623651249
40245565,624276635
40285603,624901130
40325640,625511525
40365668,626096466
40405705,626592993
40445753,627230805
40485805,627896845
40525845,628566141
40565886,629227611
40605925,629888417
40645962,630541111
40685993,631188156
40726022,631823687
40766052,632449006
40806083,633079200
40846125,633708236
40886166,634333568
40926198,634828175
40966252,635472990
41006302,636108113
41046344,636791407
41086373,637391968
41126407,638041827
41166443,638663128
41206478,639208962
41246512,639749379
41286548,640380546
41326586,641005283
41366624,641585694
41406653,642153670
41446694,642767505
41486749,643258934
41526785,643911765
41566819,644492832
41606854,645154716
41646889,645805206
41686923,646444528
41726954,647005452
41766988,647636386
41807013,648180842
41847049,648815151
41887080,649442155
41927116,650066471
41967167,650657661
42007210,651208025
42047249,651779036
42087293,652375186
42127344,653055216
42167385,653728439
42207427,654478084
42247472,655161787
42287517,655822668
42327559,656478457
42367602,657208539
42407646,657867184
42447695,658500895
42487747,659120283
42527789,659795934
42567824,660251790
42607856,660927270
42647897,661601472
42687934,662254428
42727968,662830101
42768007,663470783
42808037,664110728
42848071,664628861
42888105,665135584
42928136,665670237
42968186,666294555
43008228,666820955
43048266,667443737
43088303,668039547
43128344,668544754
43168379,669179662
43208415,669872351
43248445,670439359
43288480,671095773
43328507,671650717
43368544,672294168
43408576,672932638
43448615,673557424
43488670,674110058
43528701,674744229
43568742,675378195
43608782,676068889
43648822,676685578
43688855,677242932
43728884,677884927
43768921,678568016
43808959,679256954
43849004,679929212
43889052,680593351
43929091,681252712
43969142,681891500
44009183,682524903
44049222,683156587
44089258,683776576
44129291,684294789
44169324,684902450
44209358,685403477
44249391,685991933
44289428,686740968
44329462,687412050
44369495,688084142
44409532,688748769
44449576,689400219
44489628,689995444
44529666,690669795
44569704,691330333
44609745,691971545
44649786,692607206
44689824,693265658
44729863,693828705
44769905,694483600
44809945,695185606
44849994,695862530
44890043,696533863
44930087,697212423
44970138,697849242
45010182,698497409
45050223,699142291
45090265,699863338
45130295,700502892
45170332,701038364
45210363,701647506
45250398,702229972
45290433,702801428
45330469,703478559
45370514,704149360
45410552,704811041
45450597,705360768
45490650,706000692
45530674,706624969
45569720,707181736
45609757,707848028
45649794,708552795
45689835,709200629
45729882,709832061
45769921,710435805
45809957,710971106
45849996,711637530
45890026,712197251
45930065,712861258
45970115,713511933
46010163,714152913
46050192,714706159
46090232,715349600
46130269,715987902
46170301,716620767
46210332,717249775
46250377,717883815
46290418,718515994
46330456,719110419
46370493,719680903
46410524,720381930
46450565,721028265
46490618,721686242
46530661,722346300
46570699,723001992
46610739,723670225
46650766,724296831
46690799,724927630
46730828,725539433
46770860,726066797
46810890,726693012
46850928,727269000
46890970,727830574
46931006,728496525
46971053,729056738
47011098,729711946
47051131,730372282
47091175,731027723
47131208,731668968
47171235,732225997
47211273,732852926
47251301,733483001
47291336,734112986
47331367,734709813
47371399,735170242
47411434,735822027
47451476,736283275
47491527,736948599
47531566,737625270
47571606,738350187
47611652,739060936
47651695,739717375
47691735,740351127
47731765,740902765
47771806,741538048
47811839,742164714
47851870,742776652
47891899,743309084
47931931,743909369
47971981,744407590
48012025,744965956
48052057,745633572
48092098,746301239
48132138,746958298
48172163,747517148
48212192,748166724
48252221,748811168
48292260,749452375
48332290,750066359
48372318,750629660
48412349,751246877
48452389,751866784
48492441,752535435
48532486,752989216
48572516,753653293
48612544,754304156
48652582,754989545
48692627,755664401
48732671,756330109
48772702,756980437
48812730,757617987
48852764,758233425
48892794,758788907
48932823,759410251
48972872,760032387
49012920,760651931
49052954,761226265
49092993,761819933
49133032,762496218
49173059,763151698
49213091,763807140
49253125,764407972
49293159,765030870
49333197,765680673
49373233,766323832
49413274,766965130
49453320,767600577
49493374,768225392
49533413,768853177
49573449,769539411
49613478,769996362
49653509,770670277
49693536,771338543
49733567,772002328
49773599,772663858
49813642,773323072
49853677,773968171
49893715,774610048
49933753,775239522
49973801,775779428
50013845,776401311
50053880,777028699
50093921,777656554
50133955,778240903
50173990,778852862
50214022,779588426
50254059,780157514
50294093,780803317
50334135,781457201
50374163,782021334
50414202,782658848
50454251,783303685
50494304,783937930
50534348,784578516
50574393,785212230
50614433,785844338
50654471,786429505
50694513,786993170
50734551,787669941
50774593,788340759
50814630,789007240
50854672,789763879
50894701,790399082
50934731,790970195
50974783,791605010
51014829,792221304
51054864,792680038
51094898,793263826
51134931,793894116
51174966,794500390
51215008,795000708
51255048,795660527
51295089,796282584
51335124,796907978
51375161,797562986
51415195,798203064
51455238,798818727
51495292,799405613
51535335,800138942
51575367,800777354
51615395,801325936
51655428,801950223
51695468,802570377
51735504,803149760
51775539,803706670
51815568,804371294
51855596,804946183
51895624,805599549
51935658,806243484
51975708,806867358
52015759,807496385
52055803,808207170
52095844,808852583
52135879,809379561
52175912,810007687
52215942,810618665
52255977,811137053
52296011,811717578
52336046,812279281
52376076,812947515
52416103,813602962
52456143,814167066
52496195,814822627
52536235,815485038
52576265,816133767
52616295,816769740
52656326,817339338
52696358,817928887
52736389,818552988
52776424,819173933
52816459,819787787
52856490,820289505
52896524,820862003
52936555,821539257
52976606,822197438
53016652,822858900
53056698,823526456
53096738,824270716
53136764,824817199
53176803,825451014
53216832,825986288
53256866,826612589
53296898,827224745
53336936,827838634
53376968,828426691
53417005,828969689
53457052,829635097
53497105,830227994
53537150,830897724
53577192,831560069
53617224,832214866
53657260,832867860
53697296,833515892
53737331,834157035
53777367,834864636
53817405,835530311
53857434,836129752
53897467,836725481
53937503,837281685
53977551,837842075
54017591,838507669
54057624,839059290
54097662,839717266
54137700,840373318
54177741,841030505
54217772,841681397
54257814,842331942
54297854,843063161
54337893,843704337
54377931,844307450
54417958,844853916
54457996,845433847
54498048,845987541
54538085,846598288
54578115,847211158
54618154,847873680
54658186,848530875
54698215,849166184
54738242,849727790
54778270,850366750
54818302,851005343
54858337,851632530
54898380,852266957
54938419,852902527
54978471,853512857
55018513,854008750
55058554,854678004
55098586,855282944
55138614,855916425
55178645,856571610
55218674,857222430
55258705,857755290
55298735,858311041
55338767,858922264
55378801,859559233
55418840,860119802
55458884,860811297
55498937,861402394
55538980,862102385
55579023,862571397
55619066,863230217
55659106,863931960
55699137,864598795
55739167,865226779
55779197,865787648
55819228,866331266
55859266,866972798
55899299,867612095
55939331,868245986
55979383,868875182
56019432,869504350
56059482,870137327
56099525,870728001
56139566,871296217
56179598,871969519
56219629,872631590
56259655,873281088
56299686,873843930
56339718,874489919
56379751,875120862
56419784,875698311
56459824,876308342
56499876,876939363
56539913,877577540
56579943,878197628
56619984,878807565
56660018,879306891
56700054,879866111
56740091,880538825
56780119,881199897
56820155,881856727
56860184,882411367
56900220,883050939
56940252,883693218
56980305,884327557
57020353,884965086
57060404,885616010
57100453,886254468
57140497,886916714
57180534,887572132
57220567,888053925
57260594,888702604
57300632,889362908
57340674,890035164
57380713,890706801
57420756,891467369
57460807,892118681
57500857,892737237
57540901,893393972
57580938,893994405
57620971,894559362
57661008,895153985
57701048,895737390
57741083,896264485
57781122,896860883
57821155,897536011
57861187,898191888
57901220,898853818
57941259,899517431
57981313,900167325
58021360,900814210
58061396,901463261
58101429,902089876
58141463,902708137
58181502,903321707
58221540,903962712
58261571,904488910
58301603,905100807
58341633,905692907
58381667,906354508
58421700,907011474
58461747,907657790
58501801,908234923
58541842,908964454
58581879,909622974
58621913,910253861
58661953,910883417
58701982,911420894
58742011,912041053
58782048,912580152
58822084,913141279
58862110,913716032
58902141,914380004
58942173,915040950
58982223,915614470
59022271,916252091
59062309,916908178
59102347,917558854
59142386,918206202
59182426,918933855
59222468,919584565
59262513,920216708
59302550,920834312
59342593,921415721
59382639,921995331
59422688,922677730
59462733,923346652
59502787,924005016
59542824,924649129
59582853,925199683
59622892,925844708
59662922,926478576
59702953,927017876
59742992,927646634
59783024,928262481
59823057,928883399
59863094,929430452
59903137,930009509
59943188,930671819
59983242,931255346
60023293,931923223
60063341,932669619
60103385,933341754
60143427,934008101
60183462,934658928
60223501,935309899
60263539,935956054
60303581,936686065
60343615,937322101
60383657,937990889
60423693,938449965
60463732,939087381
60503782,939673761
60543817,940337929
60583856,940983797
60623884,941590792
60663906,942253474
60703931,942906239
60743954,943572895
60783978,944176148
60823999,944821037
60864023,945468691
60904046,946101305
60938081,946266530
60978143,946268633
61018202,946270736
61058263,946272839
61098323,946274942
61138383,946277045
61178444,946279148
61218505,946281251
61258566,946283354
TS,4
38926,0
78995,0
119064,0
159133,0
199203,0
239271,0
279341,0
319411,0
359480,0
399550,0
439619,0
479687,0
518738,0
558794,0
598847,0
638899,0
678953,0
719006,0
759058,0
799112,0
839168,0
879220,0
919265,0
959307,0
990814,0
1030380,0
1070420,0
1110462,0
1150496,0
1190530,0
1230562,0
1270599,0
1310638,0
1350667,0
1390706,0
1430757,0
1470807,0
1510844,0
1550879,0
1590914,0
1630946,0
1670978,0
1711013,0
1751045,0
1791080,0
1831118,0
1871149,0
1911190,0
1951243,0
1991286,0
2031314,0
2071346,0
2111378,0
2151415,0
2191454,0
2231494,0
2271530,0
2311562,0
2351598,0
2391629,0
2431682,0
2471732,0
2511765,0
2551794,0
2591829,0
2631863,0
2671899,0
2711931,0
2751962,0
2791994,0
2832032,0
2872075,0
2912118,0
2952168,0
2992211,0
3032241,0
3072276,0
3112305,0
3152338,0
3192374,0
3232407,0
3272435,0
3312463,0
3352492,0
3392526,0
3432577,0
3472629,0
3512669,0
3552701,0
3592729,0
3632759,0
3672792,0
3712826,0
3752859,0
3792895,0
3832939,0
3872980,0
3913022,0
3953074,0
3993118,0
4033162,0
4073208,0
4113249,0
4153297,0
4193338,0
4233377,0
4273421,0
4313468,0
4353507,0
4393550,0
4433604,0
4473654,0
4513694,0
4553743,0
4593791,0
4633832,0
4673862,0
4713904,0
4753941,0
4793988,0
4834036,0
4874075,0
4914120,0
4954172,0
4994216,0
5034264,0
5074310,0
5114346,0
5154375,0
5194403,0
5234437,0
5274470,0
5314513,0
5354556,0
5394594,0
5434647,0
5474695,0
5514728,0
5554762,0
5594800,0
5634832,0
5674868,0
5714906,0
5754942,0
5794970,0
5834997,0
5875030,0
5915072,0
5955125,0
5995162,0
6035199,0
6075230,0
6115265,0
6155296,0
6195327,0
6235360,0
6275395,0
6315424,0
6355453,0
6395491,0
6435544,0
6475592,0
6515625,0
6555660,0
6595693,0
6635732,0
6675773,0
6715804,0
6755839,0
6795869,0
6835903,0
6875930,0
6915975,0
6956026,0
6996073,0
7036117,0
7076154,0
7116193,0
7156222,0
7196254,0
7236282,0
7276318,0
7316351,0
7356386,0
7396411,0
7436463,0
7476512,0
7516544,0
7556573,0
7596614,0
7636654,0
7676685,0
7716712,0
7756749,0
7796782,0
7836817,0
7876852,0
7916899,0
7956951,0
7996994,0
8037023,0
8077051,0
8117083,0
8157120,0
8197160,0
8237197,0
8277240,0
8317287,0
8357335,0
8397374,0
8437429,0
8477476,0
8517511,0
8557555,0
8597596,0
8637624,0
8677662,0
8717701,0
8757732,0
8797770,0
8837811,0
8877853,0
8917899,0
8957951,0
8997993,0
9038024,0
9078055,0
9118089,0
9158129,0
9198158,0
9238203,0
9278242,0
9318277,0
9358314,0
9398357,0
9438410,0
9478455,0
9518484,0
9558520,0
9598552,0
9638587,0
9678632,0
9718665,0
9758701,0
9798738,0
9838775,0
9878817,0
9918862,0
9958917,0
9998952,0
10037997,0
10078023,0
10118051,0
10158087,0
10198121,0
10238150,0
10278178,0
10318214,0
10358253,0
10398291,0
10438344,0
10478395,0
10509422,0
10549462,0
10589503,0
10629535,0
10669571,0
10709610,0
10749642,0
10789681,0
10829712,0
10869740,0
10909785,0
10949839,0
10989885,0
11028926,0
11068966,0
11109008,0
11149052,0
11189100,0
11229148,0
11269193,0
11309227,0
11349255,0
11389291,0
11429340,0
11469393,0
11500330,0
11539451,0
11579482,0
11619514,0
11659551,0
11699577,0
11739615,0
11779652,0
11819687,0
11859718,0
11899757,0
11939808,0
11979857,0
12019893,0
12059936,0
12099969,0
12140008,0
12180043,0
12220076,0
12260117,0
12300146,0
12340179,0
12380208,0
12420256,0
12460308,0
12500343,0
12540376,0
12580414,0
12620457,0
12660501,0
12700540,0
12740578,0
12780623,0
12820665,0
12860703,0
12900742,0
12940796,0
12980845,0
13020876,0
13060915,0
13100951,0
13140985,0
13181016,0
13221054,0
13261092,0
13301125,0
13341164,0
13381196,0
13421238,0
13461288,0
13501325,0
13541364,0
13581400,0
13621428,0
13661462,0
13701497,0
13741531,0
13781566,0
13821601,0
13861636,0
13901673,0
13941724,0
13981766,0
14021808,0
14061846,0
14101882,0
14141914,0
14181953,0
14221992,0
14262039,0
14302082,0
14342123,0
14382151,0
14422191,0
14462244,0
14502291,0
14542337,0
14582377,0
14622408,0
14662440,0
14702473,0
14742506,0
14782539,0
14822580,0
14862615,0
14902654,0
14942704,0
14982746,0
15022775,0
15062807,0
15102844,0
15142874,0
15182909,0
15222937,0
15262970,0
15303005,0
15343044,0
15383078,0
15423115,0
15463166,0
15503203,0
15543238,0
15583271,0
15623311,0
15663338,0
15703366,0
15743396,0
15783429,0
15823462,0
15863499,0
15903535,0
15943589,0
15983628,0
16023660,0
16063697,0
16103726,0
16143766,0
16183795,0
16223832,0
16263868,0
16303900,0
16343938,0
16383971,0
16424011,0
16464062,0
16504093,0
16544123,0
16584155,0
16624197,0
16664242,0
16704278,0
16744306,0
16784344,0
16824377,0
16864410,0
16904443,0
16944494,0
16984532,0
17024566,0
17064596,0
17104635,0
17144672,0
17184708,0
17224748,0
17264790,0
17304824,0
17344855,0
17384887,0
17424930,0
17464982,0
17505015,0
17545048,0
17585082,0
17625121,0
17665158,0
17705195,0
17745227,0
17785256,0
17825288,0
17865319,0
17905354,0
17945404,0
17985444,0
18025485,0
18065526,0
18105566,0
18145605,0
18185640,0
18225685,0
18265720,0
18305759,0
18345793,0
18385822,0
18425867,0
18465917,0
18505957,0
18545998,0
18586032,0
18626071,0
18666119,0
18706159,0
18746186,0
18786223,0
18826255,0
18866289,0
18906326,0
18946378,0
18986429,0
19026467,0
19066504,0
19106546,0
19146587,0
19186624,0
19226653,0
19266686,0
19306722,0
19346750,0
19386783,0
19426825,0
19466880,0
19506921,0
19546959,0
19586990,0
19627019,0
19667056,0
19707099,0
19747148,0
19787183,0
19827212,0
19867242,0
19907271,0
19947322,0
19987366,0
20027399,0
20067440,0
20107471,0
20147507,0
20187540,0
20227569,0
20267606,0
20307646,0
20347679,0
20387709,0
20427747,0
20467798,0
20507836,0
20547867,0
20587902,0
20627932,0
20667966,0
20707995,0
20748031,0
20788068,0
20828105,0
20868142,0
20908173,0
20948226,0
20988268,0
21028298,0
21068340,0
21108374,0
21148406,0
21188448,0
21228476,0
21268502,0
21308535,0
21348570,0
21388600,0
21428647,0
21468698,0
21508740,0
21548782,0
21588826,0
21628867,0
21668910,0
21708959,0
21749005,0
21789042,0
21829084,0
21869127,0
21909166,0
21949218,0
21989269,0
22029310,0
22069342,0
22109376,0
22149409,0
22189442,0
22229474,0
22269509,0
22309544,0
22349579,0
22389612,0
22429652,0
22469704,0
22509732,0
22549769,0
22589801,0
22629831,0
22669860,0
22709902,0
22749944,0
22789982,0
22830013,0
22870053,0
22910083,0
22950135,0
22990185,0
23030227,0
23070261,0
23110295,0
23150331,0
23190358,0
23230391,0
23270418,0
23310454,0
23350495,0
23390535,0
23430574,0
23470625,0
23510665,0
23550693,0
23590730,0
23630761,0
23670796,0
23710824,0
23750859,0
23790895,0
23830933,0
23870965,0
23910999,0
23951051,0
23991100,0
24031143,0
24071178,0
24111222,0
24151263,0
24191295,0
24231332,0
24271369,0
24311403,0
24351443,0
24391471,0
24431517,0
24471571,0
24511603,0
24551643,0
24591672,0
24631710,0
24671740,0
24711778,0
24751811,0
24791842,0
24831874,0
24871904,0
24911942,0
24951996,0
24992046,0
25032092,0
25072129,0
25112160,0
25152197,0
25192244,0
25232281,0
25272315,0
25312353,0
25352381,0
25392410,0
25432457,0
25472508,0
25512552,0
25552581,0
25592613,0
25632644,0
25672684,0
25712727,0
25752764,0
25792799,0
25832834,0
25872873,0
25912909,0
25952958,0
25993004,0
26033047,0
26073078,0
26113112,0
26153148,0
26193181,0
26233225,0
26273268,0
26313309,0
26353347,0
26393379,0
26433425,0
26473479,0
26513519,0
26553560,0
26593601,0
26633646,0
26673693,0
26713735,0
26753769,0
26793804,0
26833837,0
26873872,0
26913902,0
26953951,0
26993994,0
27034031,0
27074070,0
27114113,0
27154153,0
27194179,0
27234207,0
27274247,0
27314277,0
27354314,0
27394346,0
27434386,0
27474439,0
27514480,0
27554514,0
27594543,0
27634577,0
27674610,0
27714644,0
27754683,0
27794718,0
27834745,0
27874781,0
27914812,0
27954863,0
27994905,0
28034934,0
28074972,0
28115005,0
28155040,0
28195077,0
28235106,0
28275142,0
28315177,0
28355216,0
28395260,0
28435307,0
28475357,0
28515395,0
28555429,0
28595461,0
28635498,0
28675537,0
28715573,0
28755610,0
28795639,0
28835671,0
28875702,0
28915736,0
28955791,0
28995833,0
29035869,0
29075906,0
29115938,0
29155970,0
29196006,0
29236043,0
29276080,0
29316112,0
29356142,0
29396172,0
29436214,0
29476263,0
29516296,0
29556327,0
29596364,0
29636399,0
29676436,0
29716466,0
29756504,0
29796533,0
29836568,0
29876598,0
29916635,0
29956688,0
29996733,0
30035774,0
30075812,0
30115844,0
30155873,0
30195905,0
30235937,0
30275976,0
30316003,0
30356032,0
30396072,0
30436109,0
30476159,0
30516197,0
30556238,0
30596271,0
30636303,0
30676340,0
30716369,0
30756402,0
30796436,0
30836473,0
30876518,0
30916557,0
30956610,0
30996657,0
31036695,0
31076728,0
31116760,0
31156798,0
31196833,0
31236873,0
31276913,0
31316940,0
31356969,0
31397002,0
31437044,0
31477095,0
31517138,0
31557179,0
31597205,0
31637239,0
31677273,0
31717316,0
31757356,0
31797395,0
31837429,0
31877466,0
31917500,0
31957552,0
31997601,0
32037643,0
32077687,0
32117723,0
32157755,0
32197792,0
32237823,0
32277862,0
32317890,0
32357929,0
32397962,0
32438004,0
32478056,0
32518095,0
32558127,0
32598161,0
32638192,0
32678229,0
32718264,0
32758293,0
32798322,0
32838355,0
32878388,0
32918425,0
32958476,0
32998522,0
33038558,0
33078587,0
33118619,0
33158649,0
33198684,0
33238716,0
33278756,0
33318790,0
33358827,0
33398863,0
33438912,0
33478965,0
33519013,0
33559059,0
33599096,0
33639122,0
33679154,0
33719195,0
33759228,0
33799256,0
33839292,0
33879323,0
33919359,0
33959412,0
33999460,0
34039500,0
34079541,0
34119569,0
34159604,0
34199636,0
34239674,0
34279704,0
34319739,0
34359773,0
34399808,0
34439844,0
34479897,0
34519937,0
34559978,0
34600015,0
34640049,0
34680090,0
34720135,0
34760183,0
34800224,0
34840264,0
34880292,0
34920326,0
34960380,0
35000425,0
35040458,0
35080491,0
35120519,0
35160549,0
35200581,0
35240615,0
35280647,0
35320676,0
35360714,0
35400748,0
35440789,0
35480843,0
35520888,0
35560928,0
35600970,0
35641014,0
35681045,0
35721085,0
35761121,0
35801157,0
35841193,0
35881233,0
35921269,0
35961321,0
36001364,0
36041408,0
36081443,0
36121481,0
36161519,0
36201549,0
36241575,0
36281604,0
36321638,0
36361673,0
36401706,0
36441749,0
36481803,0
36521846,0
36561894,0
36601945,0
36641990,0
36682033,0
36722082,0
36762120,0
36802152,0
36842183,0
36882215,0
36922246,0
36962300,0
37002349,0
37042397,0
37082440,0
37122481,0
37162525,0
37202564,0
37242604,0
37282641,0
37322673,0
37362709,0
37402754,0
37442797,0
37482847,0
37522881,0
37562914,0
37602952,0
37642991,0
37683027,0
37723069,0
37763106,0
37803135,0
37843164,0
37883195,0
37923235,0
37963285,0
38003325,0
38043368,0
38083404,0
38123438,0
38163471,0
38203504,0
38243542,0
38283577,0
38323622,0
38363663,0
38403704,0
38443749,0
38483802,0
38523844,0
38563884,0
38603926,0
38643971,0
38684011,0
38724041,0
38764079,0
38804124,0
38844169,0
38884211,0
38924252,0
38964304,0
39004348,0
39044392,0
39084435,0
39124482,0
39164528,0
39204571,0
39244610,0
39284648,0
39324686,0
39364724,0
39404761,0
39444806,0
39484860,0
39524892,0
39564930,0
39604960,0
39644998,0
39685029,0
39725061,0
39765097,0
39805127,0
39845168,0
39885208,0
39925248,0
39965299,0
40005345,0
40045388,0
40085429,0
40125463,0
40165506,0
40205535,0
40245565,0
40285603,0
40325641,0
40365669,0
40405706,0
40445754,0
40485806,0
40525846,0
40565886,0
40605926,0
40645963,0
40685993,0
40726023,0
40766053,0
40806083,0
40846125,0
40886167,0
40926198,0
40966252,0
41006303,0
41046344,0
41086374,0
41126407,0
41166444,0
41206479,0
41246513,0
41286548,0
41326587,0
41366625,0
41406654,0
41446695,0
41486749,0
41526786,0
41566819,0
41606855,0
41646889,0
41686923,0
41726954,0
41766989,0
41807014,0
41847049,0
41887080,0
41927117,0
41967168,0
42007210,0
42047249,0
42087293,0
42127345,0
42167385,0
42207428,0
42247473,0
42287518,0
42327559,0
42367603,0
42407647,0
42447695,0
42487747,0
42527790,0
42567824,0
42607857,0
42647898,0
42687935,0
42727968,0
42768007,0
42808038,0
42848071,0
42888106,0
42928137,0
42968187,0
43008229,0
43048266,0
43088304,0
43128344,0
43168380,0
43208416,0
43248445,0
43288481,0
43328508,0
43368545,0
43408577,0
43448616,0
43488670,0
43528702,0
43568742,0
43608783,0
43648823,0
43688856,0
43728884,0
43768921,0
43808959,0
43849005,0
43889053,0
43929091,0
43969143,0
44009184,0
44049222,0
44089259,0
44129292,0
44169325,0
44209358,0
44249392,0
44289429,0
44329463,0
44369496,0
44409532,0
44449577,0
44489629,0
44529667,0
44569705,0
44609746,0
44649787,0
44689824,0
44729864,0
44769906,0
44809946,0
44849995,0
44890044,0
44930087,0
44970139,0
45010183,0
45050224,0
45090266,0
45130296,0
45170333,0
45210364,0
45250399,0
45290434,0
45330469,0
45370514,0
45410552,0
45450598,0
45490650,0
45530674,0
45569721,0
45609758,0
45649795,0
45689836,0
45729883,0
45769922,0
45809958,0
45849997,0
45890027,0
45930066,0
45970116,0
46010163,0
46050192,0
46090232,0
46130270,0
46170301,0
46210333,0
46250378,0
46290419,0
46330457,0
46370494,0
46410525,0
46450566,0
46490619,0
46530662,0
46570700,0
46610740,0
46650766,0
46690800,0
46730829,0
46770861,0
46810891,0
46850929,0
46890971,0
46931007,0
46971054,0
47011098,0
47051132,0
47091176,0
47131208,0
47171236,0
47211273,0
47251301,0
47291336,0
47331367,0
47371400,0
47411434,0
47451477,0
47491528,0
47531567,0
47571607,0
47611653,0
47651695,0
47691736,0
47731765,0
47771807,0
47811840,0
47851871,0
47891900,0
47931932,0
47971982,0
48012026,0
48052058,0
48092099,0
48132138,0
48172164,0
48212193,0
48252222,0
48292261,0
48332291,0
48372319,0
48412350,0
48452390,0
48492442,0
48532487,0
48572517,0
48612545,0
48652582,0
48692627,0
48732672,0
48772703,0
48812731,0
48852765,0
48892795,0
48932823,0
48972873,0
49012920,0
49052955,0
49092994,0
49133032,0
49173060,0
49213092,0
49253125,0
49293160,0
49333198,0
49373234,0
49413275,0
49453321,0
49493374,0
49533414,0
49573450,0
49613479,0
49653509,0
49693537,0
49733568,0
49773600,0
49813643,0
49853678,0
49893716,0
49933754,0
49973802,0
50013846,0
50053881,0
50093921,0
50133956,0
50173991,0
50214023,0
50254060,0
50294094,0
50334136,0
50374164,0
50414203,0
50454252,0
50494304,0
50534349,0
50574394,0
50614434,0
50654472,0
50694514,0
50734552,0
50774594,0
50814630,0
50854673,0
50894702,0
50934732,0
50974784,0
51014829,0
51054865,0
51094898,0
51134932,0
51174967,0
51215008,0
51255049,0
51295089,0
51335124,0
51375161,0
51415196,0
51455238,0
51495293,0
51535336,0
51575368,0
51615395,0
51655429,0
51695469,0
51735505,0
51775539,0
51815569,0
51855596,0
51895625,0
51935658,0
51975709,0
52015760,0
52055804,0
52095845,0
52135880,0
52175912,0
52215943,0
52255977,0
52296011,0
52336047,0
52376077,0
52416104,0
52456144,0
52496196,0
52536235,0
52576266,0
52616296,0
52656326,0
52696359,0
52736389,0
52776425,0
52816460,0
52856491,0
52896525,0
52936555,0
52976608,0
53016653,0
53056699,0
53096739,0
53136765,0
53176804,0
53216832,0
53256867,0
53296899,0
53336937,0
53376969,0
53417005,0
53457053,0
53497106,0
53537150,0
53577192,0
53617224,0
53657261,0
53697296,0
53737332,0
53777367,0
53817406,0
53857435,0
53897467,0
53937504,0
53977552,0
54017591,0
54057624,0
54097662,0
54137700,0
54177742,0
54217773,0
54257815,0
54297855,0
54337894,0
54377932,0
54417959,0
54457997,0
54498048,0
54538086,0
54578115,0
54618155,0
54658186,0
54698216,0
54738243,0
54778271,0
54818302,0
54858337,0
54898381,0
54938419,0
54978471,0
55018514,0
55058555,0
55098587,0
55138615,0
55178645,0
55218675,0
55258705,0
55298736,0
55338768,0
55378802,0
55418840,0
55458885,0
55498938,0
55538981,0
55579024,0
55619067,0
55659107,0
55699138,0
55739167,0
55779197,0
55819229,0
55859267,0
55899299,0
55939332,0
55979384,0
56019433,0
56059482,0
56099526,0
56139567,0
56179598,0
56219629,0
56259656,0
56299686,0
56339719,0
56379751,0
56419785,0
56459825,0
56499877,0
56539914,0
56579944,0
56619985,0
56660019,0
56700054,0
56740092,0
56780119,0
56820156,0
56860184,0
56900221,0
56940252,0
56980305,0
57020354,0
57060405,0
57100453,0
57140498,0
57180535,0
57220567,0
57260595,0
57300633,0
57340675,0
57380714,0
57420757,0
57460808,0
57500858,0
57540902,0
57580939,0
57620971,0
57661009,0
57701048,0
57741084,0
57781123,0
57821156,0
57861188,0
57901221,0
57941259,0
57981314,0
58021361,0
58061396,0
58101430,0
58141464,0
58181503,0
58221540,0
58261572,0
58301603,0
58341633,0
58381668,0
58421701,0
58461748,0
58501802,0
58541843,0
58581880,0
58621913,0
58661954,0
58701982,0
58742012,0
58782049,0
58822085,0
58862111,0
58902142,0
58942173,0
58982224,0
59022272,0
59062310,0
59102347,0
59142386,0
59182427,0
59222469,0
59262514,0
59302550,0
59342593,0
59382640,0
59422688,0
59462734,0
59502787,0
59542825,0
59582853,0
59622892,0
59662922,0
59702954,0
59742992,0
59783025,0
59823057,0
59863095,0
59903137,0
59943188,0
59983242,0
60023294,0
60063342,0
60103385,0
60143428,0
60183463,0
60223502,0
60263540,0
60303582,0
60343616,0
60383658,0
60423694,0
60463733,0
60503782,0
60543817,0
60583856,0
60623885,0
60663907,0
60703932,0
60743955,0
60783979,0
60824000,0
60864024,0
60904047,0
60938081,0
60978144,0
61018203,0
61058264,0
61098324,0
61138384,0
61178445,0
61218506,0
61258567,0
end_data


*** The last thread under control of EPOS has finished.
*** EPOS is shutting down!

(C)StarFive
CCCCCCCCCCCCCCCCCC