
U-Boot SPL 2026.04-rc3-dirty (Feb 24 2026 - 23:57:14 -0300)
DDR version: dc2e84f0.
Trying to boot from SPI










This is EPOS!

Setting up this machine as follows: 
  Mode:         library
  Processor:    4 x RV64 at 600 MHz (BUS clock = 33 MHz)
  Machine:      VisionFive2
  Memory:       131072 KB [0x0000000040000000:0x0000000047ffffff]
  User memory:  130551 KB [0x0000000040000000:0x0000000047f7dfff]
  I/O space:    524288 KB [0x0000000000000000:0x000000001fffffff]
  Node Id:      will get from the network!
  Position:     will get from the network!

PMU::config(c=0,e=0,ee=0,f=0)
PMU::config(c=2,e=2,ee=2,f=0)
PMU::config(c=3,e=17,ee=256,f=0)
PMU::config(c=4,e=3,ee=512,f=0)
Stress feature test
Running experiments with the following configurations:
>  Measure time: true
>  Test duration: 120
>  Selected taskset: 1
>  Size of image 1: 49160
>  Size of image 2: 49160
>  Size of the bandwidth allocation: 2097152
>  CPU Clock: 1503MHz
>  CPU voltage: 1040mV
Taskset initialization...
Done.
Creating threads...
>  Thread[0]: period = 500000, deadline = 500000, wcet = 100000, activation = 10
000, times = 240, cpu = 1
>  Thread[1]: period = 500000, deadline = 500000, wcet = 100000, activation = 10
000, times = 240, cpu = 1
>  Thread[2]: period = 500000, deadline = 500000, wcet = 100000, activation = 10
000, times = 240, cpu = 2
>  Thread[3]: period = 500000, deadline = 500000, wcet = 100000, activation = 10
000, times = 240, cpu = 2
>  Thread[4]: period = 500000, deadline = 500000, wcet = 100000, activation = 10
000, times = 240, cpu = 3
>  Thread[5]: period = 500000, deadline = 500000, wcet = 100000, activation = 10
000, times = 240, cpu = 3
Done
Current time: 3916429
>  Iteration [0]...
>  Iteration [1]...
>  Iteration [2]...
>  Iteration [3]...
>  Iteration [4]...
>  Iteration [5]...
>  Iteration [6]...
>  Iteration [7]...
>  Iteration [8]...
>  Iteration [9]...
>  Iteration [10]...
>  Iteration [11]...
>  Iteration [12]...
>  Iteration [13]...
>  Iteration [14]...
>  Iteration [15]...
>  Iteration [16]...
>  Iteration [17]...
>  Iteration [18]...
>  Iteration [19]...
>  Iteration [20]...
>  Iteration [21]...
>  Iteration [22]...
>  Iteration [23]...
>  Iteration [24]...
>  Iteration [25]...
>  Iteration [26]...
>  Iteration [27]...
>  Iteration [28]...
>  Iteration [29]...
>  Iteration [30]...
>  Iteration [31]...
>  Iteration [32]...
>  Iteration [33]...
>  Iteration [34]...
>  Iteration [35]...
>  Iteration [36]...
>  Iteration [37]...
>  Iteration [38]...
>  Iteration [39]...
>  Iteration [40]...
>  Iteration [41]...
>  Iteration [42]...
>  Iteration [43]...
>  Iteration [44]...
>  Iteration [45]...
>  Iteration [46]...
>  Iteration [47]...
>  Iteration [48]...
>  Iteration [49]...
>  Iteration [50]...
>  Iteration [51]...
>  Iteration [52]...
>  Iteration [53]...
>  Iteration [54]...
>  Iteration [55]...
>  Iteration [56]...
>  Iteration [57]...
>  Iteration [58]...
>  Iteration [59]...
>  Iteration [60]...
>  Iteration [61]...
>  Iteration [62]...
>  Iteration [63]...
>  Iteration [64]...
>  Iteration [65]...
>  Iteration [66]...
>  Iteration [67]...
>  Iteration [68]...
>  Iteration [69]...
>  Iteration [70]...
>  Iteration [71]...
>  Iteration [72]...
>  Iteration [73]...
>  Iteration [74]...
>  Iteration [75]...
>  Iteration [76]...
>  Iteration [77]...
>  Iteration [78]...
>  Iteration [79]...
>  Iteration [80]...
>  Iteration [81]...
>  Iteration [82]...
>  Iteration [83]...
>  Iteration [84]...
>  Iteration [85]...
>  Iteration [86]...
>  Iteration [87]...
>  Iteration [88]...
>  Iteration [89]...
>  Iteration [90]...
>  Iteration [91]...
>  Iteration [92]...
>  Iteration [93]...
>  Iteration [94]...
>  Iteration [95]...
>  Iteration [96]...
>  Iteration [97]...
>  Iteration [98]...
>  Iteration [99]...
>  Iteration [100]...
>  Iteration [101]...
>  Iteration [102]...
>  Iteration [103]...
>  Iteration [104]...
>  Iteration [105]...
>  Iteration [106]...
>  Iteration [107]...
>  Iteration [108]...
>  Iteration [109]...
>  Iteration [110]...
>  Iteration [111]...
>  Iteration [112]...
>  Iteration [113]...
>  Iteration [114]...
>  Iteration [115]...
>  Iteration [116]...
>  Iteration [117]...
>  Iteration [118]...
>  Iteration [119]...
Returned to application main!
Elapsed: 121279604
Threads: 6
-----------------------------------------------------
...............Threads Timing Behavior...............
-----------------------------------------------------
Task [0]: 0x0000000047bc6568
>   Counted iterations: 37
>   Execution time: 120215885 us
>   Job WCET: 4014652 us
>   Iteration WCET: 40146 us
>   Average job runtime: 500899 us
>   Agerage iteration runtime: 5008 us
>   Iterations per job: 100
Task [1]: 0x0000000047ba62e8
>   Counted iterations: 191
>   Execution time: 120343898 us
>   Job WCET: 746940 us
>   Iteration WCET: 746940 us
>   Average job runtime: 501432 us
>   Agerage iteration runtime: 501432 us
>   Iterations per job: 1
Task [2]: 0x0000000047b86068
>   Counted iterations: 227
>   Execution time: 120248443 us
>   Job WCET: 553504 us
>   Iteration WCET: 553504 us
>   Average job runtime: 501035 us
>   Agerage iteration runtime: 501035 us
>   Iterations per job: 1
Task [3]: 0x0000000047b65de8
>   Counted iterations: 240
>   Execution time: 8097 us
>   Job WCET: 34 us
>   Iteration WCET: 1 us
>   Average job runtime: 33 us
>   Agerage iteration runtime: 1 us
>   Iterations per job: 25
Task [4]: 0x0000000047b45b68
>   Counted iterations: 240
>   Execution time: 8105 us
>   Job WCET: 34 us
>   Iteration WCET: 1 us
>   Average job runtime: 33 us
>   Agerage iteration runtime: 1 us
>   Iterations per job: 25
Task [5]: 0x0000000047b258e8
>   Counted iterations: 220
>   Execution time: 120185934 us
>   Job WCET: 574260 us
>   Iteration WCET: 574260 us
>   Average job runtime: 500774 us
>   Agerage iteration runtime: 500774 us
>   Iterations per job: 1
Taskset deallocation...
>  Deleting thread 0x0000000047bc6568
>  Deleting thread 0x0000000047ba62e8
>  Deleting thread 0x0000000047b86068
>  Deleting thread 0x0000000047b65de8
>  Deleting thread 0x0000000047b45b68
>  Deleting thread 0x0000000047b258e8
Done.
FINAL_TS<121402193>
begin_data
CPU0
TS,0
32550,841839821
72620,841986158
112689,842131753
152758,842277971
192828,842424170
232897,842569800
272966,842715497
313036,842861446
353105,843007042
393174,843153248
433244,843299662
473315,843506650
513368,843756536
553415,843974394
593467,844202323
633519,844426766
673572,844655585
713621,844877024
753674,845103424
793724,845328314
833775,845549513
873829,845780352
913870,845965260
953906,846146300
993940,846329788
1024969,848964164
1065007,849129854
1105042,849290031
1145072,849443107
1185100,849578607
1225129,849720614
1265162,849872661
1305189,850010935
1345215,850145035
1385242,850280654
1425289,850482564
1465338,850693609
1505371,850865858
1545405,851023673
1585443,851193063
1625477,851355618
1665515,851523403
1705552,851691740
1745585,851851326
1785617,852001509
1825647,852147788
1865672,852286314
1905715,852466981
1945765,852683507
1985807,852884523
2016836,855525539
2056869,855688097
2096902,855849343
2136936,856008477
2176971,856171628
2217009,856348593
2257049,856527476
2297086,856701593
2337121,856866187
2377149,857016197
2417195,857211349
2457246,857437487
2497281,857613020
2537307,857753167
2577337,857905767
2617366,858050537
2657394,858185437
2697427,858346449
2737459,858497730
2777493,858663377
2817523,858817716
2857555,858971618
2897587,859123080
2937637,859344497
2977684,859567339
3008714,859721862
3048737,862365287
3088767,862514964
3128801,862667763
3168826,862803253
3208852,862940882
3248886,863109631
3288913,863255787
3328943,863411579
3368974,863569502
3409014,863758306
3449066,863989252
3489104,864183426
3529141,864368234
3569171,864528790
3609207,864698441
3649239,864860122
3689270,865000907
3729295,865134843
3769328,865286418
3809362,865461209
3849396,865630564
3889429,865791537
3929477,866009815
3969526,866230771
4009558,866408961
4040585,869048644
4080618,869207099
4120655,869376192
4160689,869550270
4200726,869720547
4240762,869891918
4280799,870061852
4320833,870235585
4360867,870398465
4400904,870564863
4440954,870792794
4480996,871001278
4521027,871164093
4561058,871323052
4601085,871476946
4641114,871618571
4681144,871774240
4721176,871932162
4761204,872080334
4801235,872234951
4841268,872394267
4881301,872561185
4921343,872761271
4961393,872994010
5001425,873173609
5032448,875799044
5072475,875944750
5112507,876099825
5152535,876247280
5192562,876395818
5232591,876553933
5272621,876702577
5312652,876851484
5352680,877005069
5392713,877166197
5432767,877399132
5472814,877621424
5512852,877815637
5552884,877979974
5592912,878136021
5632943,878297105
5672970,878446057
5712998,878598690
5753025,878747656
5793056,878899179
5833086,879052937
5873112,879195896
5913151,879387122
5953204,879623377
5993244,879833318
6024269,882467134
6064310,882659001
6104346,882830625
6144379,882998682
6184407,883143374
6224438,883296612
6264466,883449180
6304497,883605121
6344522,883735696
6384547,883876414
6424593,884089646
6464645,884330087
6504681,884520780
6544715,884692192
6584752,884869127
6624787,885046127
6664826,885234845
6704866,885418326
6744902,885593343
6784934,885756829
6824962,885911774
6864993,886071016
6905028,886248993
6945078,886478277
6985121,886692507
7016151,886859652
7056183,889526406
7096217,889692008
7136249,889867837
7176285,890041017
7216314,890198164
7256350,890377266
7296393,890566778
7336432,890756171
7376466,890930230
7416512,891139448
7456561,891374001
7496604,891587225
7536634,891759489
7576666,891913723
7616700,892079929
7656734,892247904
7696772,892430236
7736802,892596481
7776831,892756699
7816865,892921034
7856900,893103183
7896936,893282873
7936985,893512579
7977033,893735523
8017066,893920260
8048089,896562462
8088128,896740203
8128160,896904372
8168190,897068974
8208223,897221515
8248250,897363874
8288280,897512881
8328310,897662366
8368340,897808817
8408377,897980644
8448432,898204306
8488469,898394655
8528502,898560419
8568533,898711016
8608562,898857485
8648591,899007945
8688621,899161612
8728656,899316149
8768692,899478271
8808729,899653446
8848758,899808389
8888797,899983162
8928848,900208571
8968898,900423895
9008935,900605406
9039957,903225306
9079989,903384126
9120022,903541443
9160059,903702891
9200094,903871288
9240125,904026045
9280159,904181867
9320189,904337483
9360218,904479844
9400247,904626330
9440298,904839727
9480341,905042092
9520373,905216634
9560403,905366962
9600436,905529394
9640468,905684381
9680501,905839108
9720538,906010957
9760572,906168991
9800605,906325503
9840642,906494946
9880681,906674074
9920725,906878126
9960778,907104147
10000816,907294761
10031844,910059115
10071879,910226566
10111915,910395314
10151946,910554214
10191978,910710137
10232008,910849270
10272035,910987243
10312068,911146154
10352099,911304243
10392138,911478009
10432189,911705053
10472240,911928930
10512273,912114475
10552306,912280057
10592345,912449539
10632377,912613122
10672409,912781787
10712448,912957100
10752483,913127240
10792510,913273893
10832537,913428522
10872574,913594358
10912612,913779196
10952664,914007865
10992699,914195528
11023727,914339034
11063753,917105418
11103786,917256144
11143817,917403418
11183843,917548114
11223873,917697551
11263903,917844366
11303933,917993483
11343957,918130517
11383984,918273393
11424027,918475081
11464077,918705106
11504113,918897518
11544141,919049761
11584170,919198590
11624202,919361549
11664233,919514985
11704258,919661757
11744286,919809741
11784321,919976385
11824356,920150244
11864388,920305518
11904421,920469927
11944473,920710456
11984517,920928931
12024549,921110089
12055575,923868499
12095607,924025326
12135637,924177174
12175666,924328184
12215701,924489001
12255737,924660341
12295776,924838941
12335814,925017711
12375845,925179160
12415883,925365226
12455935,925598767
12495972,925798830
12536009,925981391
12576045,926154982
12616082,926330358
12656115,926498505
12696145,926652568
12736178,926796792
12776208,926943184
12816240,927091865
12856279,927261966
12896317,927435415
12936367,927651054
12976417,927866793
13016446,928034842
13047473,930794215
13087506,930952693
13127546,931124798
13167587,931299569
13207623,931466447
13247659,931635685
13287691,931793389
13327720,931940043
13367751,932093106
13407784,932257607
13447835,932476668
13487880,932684422
13527911,932854019
13567947,933029202
13607985,933199600
13648013,933343276
13688048,933497842
13728076,933641283
13768110,933797533
13808138,933944222
13848167,934090143
13888197,934237754
13928242,934438512
13968294,934665427
14008328,934848296
14039349,937591104
14079378,937738119
14119408,937884975
14159440,938047716
14199467,938191515
14239498,938342654
14279527,938489806
14319557,938648581
14359586,938795254
14399611,938936528
14439661,939156600
14479709,939375080
14519742,939539043
14559767,939686298
14599797,939838177
14639827,939986851
14679852,940128627
14719881,940277295
14759912,940434121
14799944,940592755
14839976,940753189
14880009,940916409
14920049,941116642
14960102,941342251
15000140,941545470
15031166,941689497
15071198,944480649
15111225,944630964
15151254,944776894
15191288,944943428
15231319,945107471
15271355,945270380
15311382,945410193
15351417,945573700
15391448,945730833
15431492,945926682
15471542,946147329
15511574,946324072
15551605,946472237
15591636,946627849
15631670,946786948
15671703,946954203
15711734,947118654
15751766,947271391
15791796,947417834
15831825,947572642
15871856,947726008
15911890,947896244
15951941,948114616
15991979,948307961
16032010,948473921
16063040,951245828
16103076,951413983
16143105,951561632
16183135,951709595
16223169,951877536
16263202,952043469
16303235,952206196
16343263,952353736
16383299,952521801
16423345,952730715
16463396,952953982
16503431,953139998
16543460,953299040
16583498,953472090
16623529,953630410
16663559,953784458
16703591,953945506
16743628,954118350
16783661,954284405
16823692,954443084
16863721,954597532
16903751,954762035
16943806,954989481
16983852,955205717
17023879,955370013
17054905,958137195
17094932,958282034
17134970,958457611
17175003,958622563
17215031,958766638
17255061,958917946
17295093,959070901
17335131,959244201
17375167,959420206
17415208,959604958
17455260,959837151
17495302,960041334
17535329,960201255
17575358,960360625
17615388,960525080
17655426,960696301
17695455,960854130
17735484,961001279
17775516,961149997
17815546,961296699
17855576,961442731
17895605,961600313
17935654,961811937
17975702,962042033
18015732,962212179
18046757,964970257
18086791,965140689
18126817,965285551
18166846,965432427
18206880,965595369
18246907,965739465
18286939,965892983
18326968,966045903
18366997,966189534
18407029,966347131
18447080,966558903
18487129,966765977
18527164,966950781
18567197,967112452
18607230,967266611
18647266,967435283
18687303,967612062
18727335,967774116
18767367,967931607
18807397,968085834
18847427,968233499
18887457,968383525
18927497,968567252
18967547,968788702
19007578,968965299
19038603,969086660
19078634,971866220
19118662,972010604
19158694,972164371
19198723,972306109
19238762,972477204
19278799,972655838
19318836,972825689
19358868,972985674
19398897,973141143
19438947,973351477
19478996,973574142
19519032,973763681
19559068,973935233
19599102,974099959
19639140,974271839
19679177,974445636
19719209,974609977
19759245,974779051
19799273,974926060
19839308,975095656
19879340,975261955
19919381,975454040
19959435,975686232
19999475,975893516
20039511,976080712
20070537,978847263
20110570,979010659
20150602,979178080
20190636,979340870
20230675,979515100
20270708,979684848
20310746,979858198
20350780,980023936
20390807,980166279
20430848,980363706
20470900,980595176
20510934,980777682
20550964,980932976
20590999,981096348
20631034,981265437
20671069,981438819
20711107,981616064
20751141,981784802
20791176,981954047
20831205,982109659
20871235,982267496
20911267,982433815
20951316,982660748
20991364,982881285
21031396,983067076
21062423,985827582
21102455,985991058
21142489,986155479
21182522,986329706
21222557,986502405
21262595,986675747
21302633,986853266
21342674,987042978
21382713,987233817
21422755,987427174
21462807,987659367
21502852,987879266
21542890,988066086
21582924,988235962
21622954,988395049
21662988,988554368
21703017,988711823
21743051,988890415
21783085,989060739
21823114,989214511
21863143,989373021
21903172,989523575
21943224,989753835
21983274,989982451
22023315,990182290
22054341,992951811
22094370,993110236
22134398,993261542
22174427,993408486
22214459,993566594
22254495,993738983
22294534,993920981
22334562,994086977
22374592,994240042
22414628,994410753
22454680,994644385
22494728,994866321
22534760,995040392
22574788,995194533
22614815,995337413
22654846,995488939
22694874,995636954
22734899,995783536
22774930,995932977
22814960,996081312
22854988,996219781
22895017,996369111
22935061,996565478
22975110,996785138
23015148,996969266
23046179,997112982
23086218,999926780
23126256,1000100014
23166288,1000259566
23206320,1000410464
23246350,1000564409
23286379,1000703964
23326414,1000864950
23366441,1001002621
23406471,1001152123
23446523,1001370794
23486569,1001581716
23526599,1001751059
23566629,1001890054
23606663,1002050314
23646696,1002207265
23686725,1002363637
23726755,1002517038
23766786,1002669456
23806817,1002829383
23846851,1002989607
23886886,1003158797
23926933,1003366169
23966982,1003595269
24007026,1003807369
24047061,1003986164
24078088,1006755160
24118129,1006931687
24158168,1007109095
24198204,1007285976
24238241,1007454208
24278275,1007630492
24318313,1007799425
24358346,1007963974
24398389,1008145394
24438437,1008362225
24478489,1008604153
24518521,1008781394
24558551,1008948443
24598581,1009105576
24638612,1009258155
24678642,1009410037
24718677,1009585736
24758705,1009747169
24798733,1009892435
24838763,1010044017
24878799,1010207540
24918837,1010381974
24958890,1010600571
24998930,1010794911
25038962,1010970012
25069991,1013736170
25110026,1013901623
25150062,1014069608
25190097,1014232233
25230129,1014388103
25270160,1014541085
25310186,1014679903
25350220,1014841674
25390248,1014986128
25430286,1015163648
25470337,1015381705
25510373,1015567806
25550410,1015743681
25590441,1015902787
25630479,1016065127
25670515,1016226409
25710545,1016382361
25750581,1016549120
25790619,1016720403
25830653,1016880298
25870685,1017040439
25910719,1017205033
25950771,1017426959
25990816,1017640311
26030851,1017822943
26061875,1020581856
26101911,1020750594
26141944,1020916909
26181982,1021094211
26222025,1021281350
26262063,1021457045
26302092,1021611910
26342122,1021764592
26382154,1021915039
26422189,1022086869
26462238,1022308048
26502278,1022509446
26542308,1022675664
26582338,1022831224
26622363,1022968991
26662391,1023116062
26702421,1023265396
26742451,1023419140
26782485,1023584112
26822522,1023760570
26862555,1023920433
26902583,1024064431
26942628,1024277589
26982679,1024501307
27022709,1024673219
27053735,1024806143
27093760,1027566087
27133786,1027705353
27173818,1027860029
27213846,1028005685
27253878,1028162982
27293912,1028320151
27333944,1028491119
27373975,1028649505
27414014,1028840238
27454068,1029064974
27494116,1029269677
27534145,1029437800
27574180,1029590923
27614211,1029730962
27654240,1029872110
27694274,1030022758
27734299,1030154606
27774331,1030303731
27814365,1030461700
27854398,1030617526
27894433,1030790489
27934474,1030977473
27974527,1031199205
28014566,1031389969
28054592,1031545865
28085621,1034314948
28125653,1034468778
28165686,1034630288
28205716,1034779853
28245753,1034954151
28285781,1035103818
28325812,1035253428
28365850,1035427687
28405884,1035590843
28445929,1035801402
28485978,1036025066
28526013,1036205343
28566051,1036379785
28606079,1036530229
28646107,1036675888
28686147,1036848595
28726184,1037021710
28766213,1037175182
28806249,1037342871
28846277,1037498335
28886308,1037649392
28926348,1037839648
28966399,1038068474
29006442,1038281574
29046476,1038465472
29077502,1041228010
29117536,1041388803
29157570,1041551339
29197609,1041729118
29237644,1041897157
29277682,1042070205
29317722,1042251054
29357757,1042411823
29397795,1042581110
29437840,1042777926
29477894,1042998513
29517932,1043205679
29557970,1043382950
29598007,1043555906
29638045,1043721921
29678082,1043888171
29718123,1044059124
29758160,1044231984
29798200,1044403207
29838230,1044555501
29878265,1044722565
29918303,1044899945
29958352,1045120590
29998397,1045329104
30038439,1045523180
30069465,1048283903
30109496,1048440781
30149530,1048598944
30189560,1048754130
30229592,1048911536
30269622,1049072173
30309652,1049225252
30349684,1049374038
30389712,1049524054
30429753,1049716418
30469804,1049945219
30509845,1050139623
30549883,1050323984
30589924,1050511661
30629962,1050692766
30670000,1050870932
30710040,1051050055
30750078,1051230722
30790117,1051414083
30830149,1051585495
30870184,1051758815
30910216,1051921830
30950265,1052140607
30990311,1052361996
31030348,1052550636
31061372,1052674271
31101399,1055460718
31141430,1055621031
31181460,1055777927
31221490,1055933238
31261521,1056085820
31301554,1056244958
31341582,1056390594
31381611,1056540831
31421647,1056705826
31461699,1056934298
31501741,1057146042
31541771,1057319263
31581800,1057480713
31621829,1057641143
31661859,1057796925
31701891,1057966699
31741925,1058131136
31781957,1058289065
31821983,1058437706
31862013,1058586080
31902046,1058745846
31942087,1058944204
31982134,1059172360
32022166,1059355066
32062198,1059522427
32093222,1062279969
32133253,1062439063
32173281,1062592294
32213315,1062759525
32253347,1062927637
32293371,1063062955
32333406,1063238360
32373437,1063409946
32413478,1063597083
32453527,1063829467
32493576,1064059081
32533616,1064262420
32573651,1064433084
32613683,1064599607
32653714,1064759513
32693750,1064929544
32733778,1065089440
32773809,1065251203
32813837,1065408266
32853873,1065583593
32893907,1065749499
32933944,1065937241
32973996,1066169711
33014032,1066369907
33054064,1066549152
33085088,1069312154
33125125,1069494428
33165158,1069666710
33205193,1069841743
33245221,1069992355
33285250,1070137706
33325279,1070292822
33365306,1070447340
33405341,1070614524
33445388,1070829096
33485435,1071063286
33525466,1071243605
33565495,1071394117
33605525,1071543267
33645555,1071698433
33685587,1071864649
33725616,1072013380
33765647,1072175737
33805681,1072348157
33845707,1072503855
33885738,1072662096
33925777,1072841819
33965827,1073077993
34005870,1073290973
34045903,1073475498
34076927,1076239789
34116956,1076398234
34156983,1076544925
34197018,1076713816
34237052,1076877299
34277088,1077051451
34317119,1077219809
34357156,1077397244
34397194,1077579031
34437239,1077795970
34477290,1078026707
34517327,1078233595
34557367,1078422921
34597409,1078612303
34637448,1078800398
34677484,1078980136
34717519,1079155551
34757549,1079323833
34797582,1079493950
34837612,1079659128
34877645,1079824339
34917675,1079993711
34957727,1080225477
34997776,1080457250
35037816,1080663620
35068846,1080816571
35108877,1083631577
35148911,1083804836
35188939,1083962705
35228967,1084120934
35268998,1084281006
35309026,1084438970
35349060,1084607666
35389088,1084763099
35429130,1084960873
35469183,1085198591
35509224,1085412048
35549262,1085611207
35589303,1085793304
35629342,1085962636
35669379,1086131658
35709411,1086286600
35749441,1086433249
35789469,1086580236
35829499,1086722338
35869532,1086879574
35909565,1087038114
35949611,1087243048
35989657,1087456507
36029689,1087618632
36069717,1087773135
36100742,1090531197
36140776,1090687677
36180810,1090848977
36220839,1091001557
36260872,1091158424
36300908,1091320698
36340937,1091475191
36380972,1091630984
36421004,1091791563
36461054,1092005338
36501099,1092204239
36541131,1092370183
36581158,1092515111
36621188,1092665174
36661221,1092824737
36701262,1093002652
36741290,1093151738
36781323,1093313164
36821354,1093467109
36861390,1093625592
36901420,1093779776
36941468,1093984140
36981519,1094200408
37021553,1094387335
37061586,1094558448
37092607,1097299119
37132641,1097456034
37172671,1097602153
37212700,1097742148
37252730,1097884537
37292758,1098021838
37332792,1098190567
37372824,1098343195
37412860,1098515660
37452911,1098733090
37492959,1098948038
37532991,1099130366
37573023,1099284380
37613058,1099448595
37653086,1099594478
37693115,1099737761
37733143,1099879425
37773170,1100013741
37813196,1100151491
37853226,1100297126
37893252,1100433263
37933290,1100609396
37973344,1100838438
38013389,1101034528
38053418,1101204623
38084446,1103969245
38124476,1104127437
38164504,1104272725
38204533,1104423549
38244559,1104565618
38284587,1104710632
38324615,1104854198
38364646,1105009383
38404673,1105151704
38444719,1105346908
38484771,1105571789
38524809,1105765234
38564842,1105931373
38604874,1106095287
38644909,1106253535
38684937,1106408791
38724963,1106549315
38764991,1106689126
38805019,1106836842
38845045,1106975620
38885074,1107120127
38925110,1107291159
38965161,1107517920
39005208,1107724143
39045242,1107909911
39076267,1108042604
39116300,1110837036
39156331,1110996767
39196366,1111164255
39236399,1111332205
39276432,1111500951
39316463,1111665944
39356492,1111818813
39396523,1111974131
39436561,1112159104
39476615,1112386554
39516655,1112588620
39556687,1112753438
39596716,1112898275
39636745,1113037173
39676777,1113201746
39716804,1113344175
39756836,1113496158
39796869,1113664001
39836899,1113827707
39876931,1113997245
39916962,1114156147
39957011,1114376957
39997060,1114601660
40037092,1114781821
40077121,1114940523
40108139,1117691933
40148168,1117843540
40188196,1117990701
40228221,1118123684
40268252,1118274843
40308286,1118442452
40348319,1118605201
40388349,1118764296
40428380,1118921184
40468432,1119154308
40508472,1119354718
40548503,1119516630
40588540,1119688394
40628574,1119859958
40668608,1120023982
40708639,1120180831
40748663,1120325817
40788694,1120483702
40828723,1120636286
40868753,1120794312
40908784,1120952717
40948827,1121158797
40988879,1121395552
41028914,1121583772
41068949,1121761912
41099969,1124516384
41139998,1124664435
41180028,1124817014
41220059,1124969366
41260087,1125121347
41300118,1125278552
41340147,1125439696
41380181,1125603413
41420212,1125769714
41460265,1126003588
41500313,1126228996
41540348,1126419381
41580374,1126560161
41620401,1126706759
41660431,1126852848
41700457,1126993041
41740492,1127148672
41780517,1127291154
41820551,1127462610
41860581,1127627502
41900614,1127794385
41940652,1127982649
41980705,1128217078
42020735,1128407029
42060768,1128575325
42091787,1131318423
42131816,1131468812
42171844,1131613585
42211872,1131761972
42251900,1131903142
42291927,1132055401
42331955,1132211961
42371988,1132376785
42412014,1132522022
42452059,1132731151
42492111,1132968716
42532143,1133153085
42572170,1133311874
42612199,1133465945
42652229,1133620006
42692261,1133776851
42732291,1133933445
42772320,1134086327
42812345,1134231899
42852371,1134373264
42892397,1134518130
42932432,1134686033
42972483,1134924442
43012525,1135137697
43052556,1135305217
43083581,1135447677
43123614,1138247415
43163645,1138409713
43203678,1138567487
43243716,1138749459
43283754,1138932806
43323787,1139108110
43363823,1139275976
43403855,1139435841
43443898,1139626668
43483950,1139837906
43523984,1140014902
43564017,1140173540
43604046,1140315321
43644079,1140476025
43684113,1140643570
43724144,1140798195
43764171,1140941574
43804202,1141091432
43844236,1141250469
43884268,1141412685
43924304,1141580508
43964352,1141798534
44004394,1142001071
44044426,1142164752
44084451,1142312473
44115476,1145064405
44155503,1145204854
44195534,1145353806
44235565,1145504986
44275592,1145644497
44315623,1145790045
44355648,1145934958
44395676,1146076783
44435718,1146263595
44475769,1146490368
44515806,1146679759
44555837,1146854211
44595865,1147008912
44635893,1147156352
44675923,1147308466
44715955,1147469336
44755990,1147636559
44796018,1147787761
44836051,1147940110
44876075,1148072940
44916098,1148200612
44956145,1148415366
44996195,1148641435
45036227,1148817779
45076262,1148996195
45107287,1151759368
45147314,1151907332
45187350,1152074814
45227385,1152244235
45267418,1152406651
45307455,1152583421
45347493,1152764829
45387530,1152940853
45427570,1153121322
45467621,1153339732
45507668,1153551431
45547703,1153732020
45587735,1153890807
45627760,1154023413
45667793,1154173262
45707823,1154322407
45747853,1154473299
45787885,1154635102
45827920,1154794512
45867956,1154958242
45907983,1155100546
45948027,1155296623
45988078,1155510822
46028115,1155694511
46068153,1155872166
46099183,1158645317
46139219,1158814578
46179258,1158985170
46219296,1159158822
46259336,1159337966
46299371,1159502343
46339401,1159650660
46379431,1159807895
46419462,1159954568
46459512,1160169121
46499558,1160394604
46539594,1160574108
46579628,1160737062
46619658,1160903279
46659691,1161069639
46699725,1161234287
46739752,1161383572
46779783,1161526714
46819808,1161665000
46859837,1161813268
46899870,1161980469
46939912,1162175949
46979964,1162401635
47020004,1162599695
47060034,1162776428
47091058,1162908460
47131088,1165708580
47171116,1165858239
47211148,1166003282
47251177,1166150114
47291205,1166294144
47331238,1166465012
47371269,1166622314
47411295,1166768017
47451338,1166972503
47491393,1167209980
47531430,1167404179
47571459,1167566424
47611491,1167723635
47651524,1167886817
47691555,1168041725
47731582,1168182000
47771612,1168328268
47811640,1168484700
47851668,1168622339
47891693,1168764354
47931726,1168923527
47971775,1169147857
48011818,1169356650
48051857,1169553150
48091892,1169738389
48122920,1172504342
48162954,1172674214
48202987,1172836297
48243018,1172991899
48283049,1173161707
48323079,1173316810
48363110,1173469517
48403137,1173621527
48443175,1173811668
48483228,1174042524
48523267,1174246198
48563296,1174415373
48603329,1174585334
48643363,1174751817
48683390,1174904951
48723423,1175060185
48763449,1175202983
48803477,1175342692
48843506,1175495376
48883541,1175669181
48923570,1175829075
48963616,1176042842
49003659,1176256936
49043692,1176430047
49083724,1176590077
49114747,1179355244
49154777,1179506760
49194803,1179651516
49234829,1179791741
49274859,1179937769
49314889,1180089784
49354917,1180235949
49394943,1180384606
49434975,1180549391
49475028,1180784918
49515071,1180992923
49555103,1181172586
49595135,1181330359
49635169,1181502378
49675204,1181676378
49715239,1181853377
49755273,1182025672
49795302,1182178468
49835330,1182335073
49875366,1182511489
49915398,1182672751
49955443,1182877260
49995494,1183107665
50035525,1183297638
50075557,1183460566
50106582,1186222943
50146614,1186380049
50186640,1186530279
50226670,1186684212
50266698,1186825560
50306722,1186974815
50346758,1187149891
50386785,1187296999
50426817,1187447997
50466866,1187673933
50506914,1187899369
50546953,1188091245
50586991,1188264470
50627030,1188444474
50667065,1188614634
50707099,1188786690
50747129,1188950149
50787163,1189120081
50827201,1189304647
50867230,1189459377
50907261,1189615772
50947299,1189803850
50987350,1190036518
51027388,1190238527
51067417,1190413228
51098442,1190550642
51138471,1193333556
51178500,1193479709
51218532,1193639344
51258562,1193810294
51298596,1193979538
51338628,1194150042
51378659,1194307410
51418689,1194460696
51458729,1194644438
51498781,1194866541
51538809,1195039000
51578839,1195199314
51618869,1195348314
51658898,1195491294
51698926,1195633649
51738952,1195768218
51778980,1195913954
51819010,1196062913
51859037,1196200169
51899069,1196357371
51939101,1196518930
51979151,1196737363
52019191,1196930239
52059219,1197092112
52099249,1197251019
52130267,1199993728
52170296,1200139658
52210329,1200298146
52250363,1200465598
52290399,1200628258
52330426,1200771928
52370456,1200925227
52410485,1201073874
52450517,1201227326
52490566,1201444948
52530606,1201637385
52570631,1201784774
52610659,1201933814
52650690,1202092357
52690725,1202259334
52730753,1202410467
52770782,1202561298
52810812,1202709095
52850839,1202860208
52890872,1203018825
52930909,1203187326
52970958,1203408953
53011005,1203627300
53051036,1203807427
53091065,1203957598
53122089,1206704454
53162114,1206836526
53202140,1206978979
53242170,1207126332
53282202,1207281197
53322231,1207434756
53362264,1207589801
53402294,1207746020
53442327,1207899144
53482375,1208108518
53522413,1208303345
53562444,1208476594
53602472,1208626449
53642504,1208783436
53682535,1208937891
53722564,1209080588
53762590,1209217304
53802614,1209359114
53842644,1209512835
53882681,1209673765
53922711,1209830684
53962753,1210024002
54002805,1210247410
54042832,1210404505
54082858,1210548557
54113879,1213302358
54153910,1213454282
54193937,1213582869
54233965,1213727163
54273992,1213866322
54314018,1213997825
54354051,1214155690
54394078,1214293505
54434109,1214442862
54474157,1214656898
54514201,1214861615
54554232,1215035646
54594264,1215188561
54634291,1215340510
54674321,1215489959
54714346,1215629344
54754373,1215767578
54794404,1215919023
54834430,1216057849
54874460,1216200162
54914489,1216351330
54954527,1216523697
54994577,1216746633
55034617,1216948383
55074650,1217122286
55105677,1217252198
55145708,1220042430
55185742,1220208464
55225773,1220365052
55265800,1220509612
55305826,1220655667
55345855,1220791792
55385882,1220932148
55425911,1221076132
55465953,1221277458
55506008,1221517786
55546041,1221703011
55586073,1221866222
55626102,1222018404
55666135,1222180842
55706166,1222340569
55746200,1222502269
55786227,1222650514
55826255,1222796700
55866286,1222951204
55906313,1223092323
55946345,1223246862
55986396,1223472294
56026435,1223652777
56066462,1223816378
56106492,1223964936
56137510,1226707227
56177536,1226843278
56217565,1226997530
56257596,1227149123
56297627,1227305883
56337659,1227466278
56377690,1227626947
56417724,1227796967
56457768,1228002086
56497818,1228228536
56537847,1228396832
56577879,1228552957
56617907,1228698586
56657933,1228846679
56697961,1228994274
56737987,1229131492
56778019,1229287046
56818054,1229455246
56858090,1229636233
56898130,1229820185
56938164,1230002277
56978212,1230219901
57018256,1230426333
57058285,1230599598
57098320,1230777600
57129342,1233535008
57169373,1233695418
57209410,1233861236
57249438,1234003369
57289473,1234158925
57329504,1234320906
57369537,1234478414
57409571,1234633517
57449602,1234788970
57489652,1235008614
57529696,1235207468
57569727,1235379459
57609757,1235522508
57649786,1235668532
57689818,1235822055
57729845,1235961951
57769872,1236099814
57809902,1236247313
57849931,1236400802
57889964,1236561314
57929997,1236724421
57970042,1236924765
58010086,1237134420
58050120,1237314038
58090146,1237450109
58121169,1240196889
58161194,1240331097
58201221,1240475795
58241251,1240630719
58281282,1240784427
58321316,1240946398
58361346,1241099240
58401376,1241255531
58441410,1241416963
58481460,1241637217
58521504,1241838100
58561533,1242009935
58601569,1242180485
58641595,1242326286
58681621,1242466132
58721648,1242608993
58761676,1242757041
58801703,1242887040
58841734,1243049427
58881769,1243216930
58921799,1243367390
58961842,1243561825
59001894,1243783050
59041927,1243966478
59081957,1244129453
59112982,1244253790
59153007,1247019365
59193038,1247179795
59233064,1247321324
59273091,1247457682
59313119,1247595154
59353145,1247737455
59393179,1247900793
59433210,1248049531
59473253,1248255156
59513300,1248478216
59553334,1248661042
59593370,1248836692
59633411,1249028851
59673448,1249211354
59713487,1249388803
59753523,1249568064
59793552,1249726486
59833583,1249885047
59873618,1250053759
59913659,1250231099
59953700,1250422846
59993753,1250639876
60033790,1250815906
60073820,1250982019
60113851,1251137986
60144874,1253893891
60184902,1254032033
60224933,1254176581
60264960,1254314798
60304988,1254459954
60345015,1254601769
60385042,1254734966
60425068,1254872789
60465110,1255057532
60505160,1255277728
60545195,1255461986
60585224,1255612917
60625256,1255771133
60665289,1255935010
60705320,1256089194
60745355,1256250982
60785391,1256419948
60825425,1256580477
60865456,1256735690
60905483,1256880877
60945512,1257024172
60985563,1257246819
61025607,1257451539
61065639,1257619041
61105669,1257764090
61136688,1260507332
61176722,1260675236
61216752,1260827718
61256782,1260977452
61296811,1261123313
61336842,1261274808
61376876,1261440396
61416913,1261611197
61456953,1261795559
61497003,1262020493
61537040,1262216490
61577075,1262390494
61617112,1262558919
61657149,1262734685
61697180,1262889054
61737213,1263055938
61777249,1263225534
61817276,1263370687
61857308,1263532178
61897336,1263678193
61937366,1263831156
61977413,1264046854
62017455,1264253944
62057483,1264425562
62097510,1264579223
62128533,1267331171
62168561,1267481050
62208590,1267630538
62248619,1267778538
62288647,1267928227
62328682,1268095232
62368711,1268251676
62408745,1268411031
62448769,1268555209
62488818,1268780223
62528855,1268969890
62568886,1269144687
62608918,1269305694
62648956,1269482162
62688993,1269650608
62729020,1269801391
62769050,1269954686
62809080,1270114074
62849111,1270272434
62889139,1270418970
62929165,1270562591
62969210,1270767483
63009258,1270993027
63049284,1271158093
63089319,1271329689
63120344,1271459858
63160369,1274229026
63200398,1274383027
63240428,1274536056
63280458,1274695008
63320487,1274849245
63360516,1275007572
63400547,1275164459
63440573,1275312089
63480621,1275525046
63520663,1275734615
63560690,1275911740
63600718,1276058860
63640748,1276211448
63680773,1276348309
63720804,1276500602
63760831,1276642221
63800864,1276789802
63840890,1276936625
63880920,1277095818
63920946,1277240779
63960983,1277415964
64001034,1277647530
64041070,1277833391
64081098,1277995831
64121126,1278158974
64152153,1280932903
64192182,1281090966
64232210,1281242712
64272236,1281391537
64312266,1281543338
64352294,1281688521
64392323,1281839747
64432351,1281987242
64472399,1282202348
64512449,1282436523
64552479,1282609859
64592514,1282787147
64632547,1282954063
64672576,1283113829
64712611,1283287733
64752638,1283439916
64792666,1283584361
64832692,1283725078
64872721,1283871057
64912753,1284021246
64952781,1284177654
64992833,1284411145
65032870,1284608046
65072905,1284799989
65112945,1284993216
65143969,1287752604
65183999,1287914666
65224031,1288082710
65264062,1288247859
65304088,1288394640
65344113,1288542945
65384145,1288703209
65424178,1288873377
65464214,1289054043
65504265,1289291667
65544302,1289484297
65584331,1289647780
65624364,1289805223
65664391,1289950797
65704418,1290098858
65744450,1290260497
65784479,1290414572
65824504,1290559561
65864535,1290722885
65904562,1290866076
65944597,1291033888
65984646,1291259977
66024690,1291478299
66064722,1291670952
66104751,1291830958
66135773,1294592052
66175798,1294739835
66215826,1294890533
66255855,1295039358
66295888,1295212278
66335919,1295380044
66375947,1295542112
66415978,1295706929
66456012,1295872297
66496061,1296096673
66536099,1296295372
66576130,1296467855
66616164,1296635043
66656192,1296793430
66696223,1296957009
66736251,1297106387
66776278,1297248939
66816305,1297402261
66856331,1297549921
66896363,1297707697
66936392,1297863666
66976438,1298078594
67016484,1298301950
67056515,1298487580
67096549,1298669056
67127571,1298798656
67167597,1301586475
67207627,1301744189
67247660,1301910772
67287691,1302078004
67327720,1302230568
67367747,1302376671
67407774,1302529676
67447808,1302709289
67487857,1302927040
67527898,1303140611
67567929,1303316770
67607959,1303481163
67647992,1303653905
67688026,1303826072
67728050,1303971783
67768082,1304133895
67808114,1304296069
67848146,1304469713
67888175,1304622921
67928203,1304778471
67968242,1304969849
68008293,1305197894
68048324,1305365618
68088349,1305528588
68128377,1305682965
68159398,1308420561
68199426,1308566802
68239455,1308722050
68279488,1308895966
68319522,1309058151
68359552,1309209533
68399585,1309369615
68439618,1309531246
68479665,1309728151
68519711,1309928671
68559742,1310101460
68599777,1310271095
68639809,1310426652
68679839,1310571867
68719867,1310709766
68759894,1310849450
68799926,1310994939
68839953,1311139545
68879981,1311280112
68920011,1311433100
68960046,1311600639
69000099,1311822412
69040137,1312011252
69080168,1312175321
69120203,1312334936
69151224,1315074883
69191258,1315224673
69231282,1315362248
69271308,1315504413
69311335,1315641581
69351363,1315782795
69391394,1315933418
69431425,1316079853
69471464,1316265239
69511518,1316495144
69551550,1316673853
69591586,1316843677
69631614,1316994598
69671641,1317138013
69711668,1317281938
69751696,1317424606
69791724,1317563851
69831754,1317715699
69871783,1317865889
69911811,1318008229
69951841,1318160210
69991894,1318385266
70031934,1318575437
70071965,1318756141
70111993,1318902033
70143017,1321657792
70183050,1321819840
70223084,1321993059
70263112,1322136956
70303139,1322280626
70343169,1322427104
70383196,1322562821
70423223,1322708155
70463259,1322890829
70503313,1323116752
70543345,1323291782
70583377,1323457252
70623408,1323607384
70663439,1323762048
70703468,1323914258
70743498,1324070076
70783531,1324228006
70823560,1324378304
70863587,1324523089
70903616,1324666627
70943644,1324804472
70983691,1325020455
71023741,1325241629
71063775,1325425433
71103809,1325597438
71134837,1325740457
71174860,1328504818
71214892,1328664679
71254917,1328804817
71294948,1328960488
71334978,1329111222
71375012,1329284512
71415043,1329440414
71455080,1329616654
71495132,1329844023
71535168,1330037113
71575201,1330214442
71615230,1330362442
71655263,1330515056
71695295,1330675419
71735329,1330836399
71775356,1330987669
71815387,1331139986
71855414,1331277657
71895441,1331422130
71935473,1331573504
71975514,1331769802
72015563,1332007290
72055600,1332198544
72095633,1332373572
72135665,1332540395
72166691,1335296040
72206721,1335452786
72246755,1335620290
72286794,1335802477
72326830,1335967544
72366861,1336118213
72406890,1336257579
72446917,1336396896
72486965,1336605112
72527013,1336816017
72567049,1337001316
72607081,1337160334
72647111,1337312132
72687144,1337474663
72727181,1337643425
72767211,1337793737
72807244,1337948472
72847274,1338101733
72887302,1338240279
72927333,1338387735
72967372,1338557362
73007424,1338776399
73047461,1338969694
73087496,1339146125
73127528,1339312114
73158552,1342066374
73198582,1342206967
73238608,1342344732
73278642,1342498180
73318674,1342657284
73358702,1342797626
73398728,1342941501
73438759,1343088735
73478799,1343276569
73518849,1343502811
73558885,1343683293
73598920,1343852560
73638954,1344017733
73678979,1344156982
73719005,1344296995
73759035,1344447081
73799064,1344587603
73839094,1344734538
73879126,1344893590
73919157,1345048908
73959190,1345223892
73999242,1345445284
74039283,1345646315
74079311,1345804795
74119336,1345952998
74150361,1348713453
74190390,1348867347
74230417,1349006425
74270444,1349142284
74310472,1349290463
74350501,1349448176
74390530,1349602768
74430558,1349752573
74470597,1349937646
74510652,1350166905
74550691,1350362884
74590722,1350529452
74630750,1350683469
74670778,1350822182
74710804,1350964812
74750831,1351106034
74790864,1351260857
74830888,1351393987
74870917,1351539888
74910945,1351691167
74950976,1351854725
74991024,1352068606
75031067,1352267005
75071103,1352454013
75111144,1352642878
75142172,1352782143
75182205,1355574020
75222239,1355734737
75262273,1355904265
75302312,1356090369
75342348,1356257689
75382379,1356411185
75422405,1356555809
75462443,1356735536
75502498,1356968120
75542537,1357180912
75582576,1357372973
75622613,1357538305
75662648,1357699542
75702680,1357854657
75742711,1358008181
75782741,1358153965
75822778,1358319399
75862812,1358482643
75902842,1358632860
75942876,1358787956
75982924,1358995266
76022976,1359220007
76063011,1359400027
76103043,1359568220
76143077,1359739211
76174106,1362506762
76214142,1362675520
76254172,1362832726
76294201,1362975016
76334228,1363116765
76374258,1363264959
76414295,1363440865
76454327,1363607033
76494379,1363828240
76534425,1364043309
76574460,1364225163
76614492,1364378601
76654525,1364547482
76694561,1364715541
76734596,1364885172
76774632,1365051174
76814666,1365217328
76854695,1365375022
76894728,1365540724
76934762,1365706633
76974804,1365896980
77014854,1366121752
77054892,1366319177
77094928,1366500374
77134966,1366675817
77165991,1369437108
77206017,1369577032
77246048,1369732470
77286079,1369883582
77326110,1370034546
77366137,1370178228
77406163,1370327204
77446197,1370482416
77486243,1370688313
77526292,1370920707
77566328,1371107696
77606357,1371251532
77646383,1371404679
77686418,1371568822
77726450,1371732093
77766483,1371891348
77806515,1372044247
77846541,1372187856
77886573,1372348786
77926603,1372508041
77966634,1372673413
78006686,1372893563
78046731,1373089894
78086759,1373257332
78126785,1373397721
78157808,1376148789
78197834,1376280748
78237868,1376439368
78277900,1376595446
78317931,1376746397
78357967,1376912658
78398009,1377088468
78438047,1377258523
78478093,1377455067
78518146,1377680228
78558179,1377860953
78598205,1378001849
78638234,1378147702
78678266,1378299578
78718295,1378443781
78758325,1378587727
78798358,1378751199
78838390,1378908176
78878424,1379064749
78918456,1379221251
78958488,1379377025
78998539,1379594417
79038587,1379807358
79078614,1379969566
79118646,1380131317
79149673,1380261398
79189705,1383065485
79229736,1383221740
79269764,1383368437
79309795,1383524520
79349826,1383675308
79389857,1383824495
79429886,1383980598
79469928,1384167652
79509982,1384398885
79550022,1384604003
79590056,1384772813
79630088,1384929669
79670128,1385111305
79710167,1385288617
79750203,1385457870
79790233,1385611960
79830262,1385763148
79870290,1385908161
79910323,1386064636
79950352,1386214131
79990402,1386434877
80030452,1386658595
80070488,1386850655
80110516,1387003585
80150544,1387157877
80181566,1389894035
80221596,1390055514
80261626,1390212158
80301663,1390380446
80341704,1390565785
80381742,1390742398
80421777,1390915243
80461810,1391078907
80501860,1391307433
80541903,1391519958
80581935,1391696752
80621967,1391859618
80662004,1392028338
80702034,1392185324
80742062,1392332072
80782092,1392485111
80822121,1392635072
80862154,1392791843
80902186,1392950761
80942222,1393126116
80982269,1393337588
81022320,1393564796
81062362,1393768289
81102399,1393946364
81142432,1394120079
81173459,1396884013
81213493,1397048747
81253524,1397211267
81293559,1397381198
81333587,1397533341
81373622,1397704495
81413657,1397872122
81453690,1398032509
81493736,1398250805
81533785,1398475120
81573816,1398661982
81613850,1398821199
81653877,1398969181
81693904,1399118164
81733940,1399276551
81773966,1399426421
81813994,1399577233
81854023,1399725375
81894052,1399880401
81934086,1400042563
81974117,1400211814
82014168,1400448732
82054207,1400653800
82094237,1400819066
82134271,1400993986
82165297,1403760328
82205333,1403946560
82245365,1404114773
82285402,1404294670
82325434,1404455204
82365464,1404609898
82405490,1404757661
82445519,1404906103
82485565,1405110678
82525616,1405345518
82565651,1405530150
82605682,1405678138
82645713,1405824086
82685741,1405970574
82725771,1406113877
82765803,1406266812
82805836,1406423399
82845872,1406575851
82885900,1406715766
82925927,1406853755
82965958,1407007667
83006009,1407227851
83046056,1407446429
83086088,1407615626
83126113,1407766518
83157139,1407891925
83197168,1410677730
83237198,1410830819
83277230,1410979405
83317260,1411133609
83357294,1411295126
83397331,1411468920
83437361,1411627276
83477407,1411827483
83517458,1412048815
83557497,1412253765
83597535,1412439596
83637567,1412608095
83677604,1412781017
83717637,1412941289
83757667,1413094792
83797696,1413254518
83837733,1413421757
83877762,1413576709
83917794,1413733690
83957826,1413899268
83997872,1414109324
84037919,1414328571
84077950,1414506132
84117987,1414679229
84158018,1414845021
84189038,1417596416
84229067,1417750190
84269099,1417916205
84309131,1418075103
84349165,1418238188
84389200,1418409128
84429233,1418575390
84469269,1418753111
84509320,1418985484
84549364,1419196100
84589392,1419360286
84629419,1419505410
84669451,1419663732
84709483,1419823538
84749519,1419992622
84789559,1420180874
84829594,1420345383
84869631,1420508860
84909669,1420680180
84949712,1420858424
84989758,1421065170
85029807,1421285028
85069836,1421456500
85109872,1421632807
85149901,1421783299
85180923,1424521831
85220955,1424673466
85260983,1424817139
85301013,1424969272
85341048,1425136945
85381077,1425288167
85421118,1425461971
85461152,1425628209
85501203,1425842266
85541252,1426051153
85581285,1426228875
85621315,1426381392
85661350,1426548064
85701386,1426717738
85741420,1426877398
85781445,1427017298
85821473,1427154180
85861501,1427301968
85901531,1427460266
85941567,1427618358
85981607,1427808752
86021660,1428035396
86061700,1428234254
86101732,1428397307
86141759,1428545833
86172788,1431302489
86212817,1431440781
86252847,1431593277
86292874,1431739817
86332903,1431881504
86372929,1432021808
86412959,1432168330
86452987,1432313627
86493038,1432529612
86533090,1432760195
86573128,1432947360
86613163,1433108798
86653195,1433269743
86693229,1433426285
86733256,1433575559
86773287,1433721739
86813318,1433865710
86853345,1434017390
86893375,1434159016
86933401,1434289543
86973440,1434462915
87013491,1434677509
87053534,1434875500
87093568,1435055554
87133604,1435229143
87164635,1435369723
87204667,1438160986
87244702,1438325935
87284741,1438499712
87324782,1438673898
87364822,1438840460
87404856,1439006693
87444890,1439168349
87484930,1439357550
87524978,1439572646
87565014,1439751206
87605046,1439921568
87645077,1440081383
87685105,1440227088
87725138,1440389263
87765173,1440554923
87805210,1440723538
87845244,1440887039
87885281,1441053425
87925315,1441215006
87965347,1441365862
88005400,1441592718
88045448,1441817940
88085484,1441996331
88125521,1442173441
88165549,1442331051
88196571,1445081353
88236600,1445240081
88276630,1445393573
88316659,1445543286
88356689,1445699466
88396728,1445879538
88436762,1446040605
88476804,1446230440
88516856,1446458310
88556895,1446661032
88596932,1446842089
88636967,1447003855
88676998,1447163784
88717028,1447325332
88757068,1447506587
88797106,1447681458
88837135,1447834428
88877163,1447979470
88917193,1448134791
88957221,1448280156
88997267,1448497192
89037317,1448724287
89077352,1448908287
89117381,1449069686
89157417,1449251163
89188443,1452015186
89228472,1452162052
89268503,1452310226
89308530,1452450499
89348565,1452609572
89388594,1452748826
89428625,1452903065
89468655,1453045810
89508707,1453266356
89548752,1453475980
89588791,1453659389
89628826,1453827212
89668867,1453994843
89708900,1454153334
89748931,1454311570
89788968,1454482246
89828999,1454634762
89869030,1454784807
89909063,1454935504
89949090,1455074361
89989131,1455266084
90029185,1455492264
90069223,1455686957
90109262,1455868245
90149300,1456052073
90180322,1458805206
90220356,1458967483
90260388,1459129030
90300421,1459294649
90340457,1459461738
90380486,1459610896
90420518,1459764188
90460549,1459916914
90500599,1460138570
90540649,1460367171
90580683,1460554403
90620718,1460724004
90660752,1460890823
90700783,1461050987
90740813,1461205455
90780847,1461370507
90820879,1461527238
90860913,1461697983
90900950,1461873608
90940981,1462036314
90981017,1462214562
91021067,1462441203
91061103,1462641695
91101136,1462815524
91141170,1462992867
91172199,1463134377
91212233,1465930480
91252261,1466091326
91292293,1466246667
91332319,1466399985
91372352,1466558110
91412384,1466720332
91452414,1466876439
91492457,1467078250
91532509,1467313958
91572543,1467506621
91612576,1467672175
91652616,1467852860
91692652,1468024117
91732686,1468198003
91772715,1468351918
91812745,1468505661
91852776,1468665172
91892810,1468835330
91932848,1469004009
91972885,1469186842
92012935,1469418589
92052982,1469640711
92093017,1469834212
92133046,1469998097
92173075,1470157516
92204103,1472924283
92244133,1473092105
92284171,1473274180
92324199,1473426923
92364229,1473588269
92404266,1473764581
92444299,1473932154
92484341,1474125221
92524390,1474353868
92564429,1474555142
92604456,1474708922
92644482,1474859968
92684516,1475019439
92724545,1475173772
92764576,1475328699
92804607,1475485874
92844638,1475652941
92884668,1475816474
92924708,1476006791
92964749,1476192925
93004800,1476424451
93044846,1476643874
93084873,1476810370
93124903,1476966414
93164935,1477130072
93195957,1479859924
93235986,1480021832
93276015,1480172053
93316048,1480328485
93356074,1480478908
93396107,1480652567
93436141,1480817822
93476178,1481006185
93516230,1481244391
93556272,1481457003
93596309,1481653202
93636344,1481826439
93676378,1482008841
93716409,1482179227
93756445,1482362537
93796478,1482533583
93836512,1482708783
93876548,1482879893
93916575,1483031265
93956608,1483192804
93996651,1483404596
94036702,1483641614
94076741,1483835183
94116773,1484008570
94156805,1484176362
94187827,1486928415
94227863,1487094483
94267889,1487244281
94307917,1487393863
94347945,1487548285
94387977,1487718961
94428011,1487893497
94468041,1488056762
94508092,1488286930
94548137,1488509391
94588172,1488706856
94628206,1488867183
94668239,1489034127
94708274,1489216552
94748305,1489383135
94788340,1489553203
94828368,1489706532
94868399,1489866683
94908430,1490038010
94948467,1490207258
94988509,1490402879
95028561,1490616255
95068600,1490805989
95108631,1490967449
95148656,1491113352
95179684,1491243368
95219713,1494024807
95259743,1494171887
95299773,1494313952
95339803,1494466034
95379833,1494620669
95419868,1494780679
95459904,1494954212
95499949,1495153567
95539999,1495379539
95580029,1495554773
95620061,1495713002
95660099,1495884262
95700129,1496052341
95740159,1496204141
95780197,1496374309
95820233,1496549806
95860267,1496711118
95900298,1496865989
95940331,1497022396
95980364,1497191707
96020416,1497409728
96060457,1497604617
96100490,1497774857
96140525,1497942493
96180559,1498103453
96211583,1500854358
96251614,1501012145
96291647,1501164609
96331680,1501310358
96371717,1501473072
96411745,1501623528
96451773,1501768100
96491814,1501959209
96531865,1502180498
96571898,1502365027
96611936,1502543323
96651965,1502695671
96691997,1502851140
96732033,1503014299
96772070,1503191853
96812105,1503352468
96852138,1503510579
96892173,1503677008
96932208,1503844584
96972248,1504022618
97012298,1504236616
97052347,1504442425
97092379,1504611658
97132407,1504760962
97172438,1504911183
97203462,1507657402
97243493,1507800273
97283524,1507949204
97323558,1508112589
97363593,1508278078
97403630,1508437111
97443662,1508592897
97483701,1508772205
97523751,1508990050
97563797,1509193241
97603835,1509376551
97643874,1509547121
97683913,1509721523
97723948,1509888507
97763980,1510047601
97804014,1510215644
97844043,1510371008
97884070,1510519904
97924103,1510675131
97964140,1510851309
98004189,1511066187
98044238,1511285757
98084277,1511479560
98124317,1511658120
98164352,1511825334
98195378,1514586022
98235413,1514755268
98275450,1514929635
98315481,1515081204
98355509,1515244204
98395539,1515403955
98435567,1515550890
98475602,1515719291
98515652,1515946133
98555700,1516159770
98595729,1516329779
98635766,1516505416
98675806,1516688415
98715843,1516871841
98755881,1517044892
98795917,1517209722
98835954,1517378219
98875991,1517544619
98916029,1517717304
98956060,1517877476
98996102,1518075168
99036155,1518305721
99076195,1518503974
99116228,1518672182
99156262,1518834896
99187288,1518977209
99227322,1521768956
99267346,1521907056
99307379,1522059996
99347405,1522204204
99387432,1522344872
99427460,1522489185
99467491,1522627948
99507542,1522850166
99547589,1523075378
99587617,1523241751
99627644,1523381926
99667671,1523528975
99707699,1523672708
99747727,1523821230
99787761,1523984720
99827790,1524140297
99867819,1524290130
99907849,1524443580
99947882,1524607260
99987923,1524799189
100027980,1525036685
100068017,1525238953
100108050,1525416901
100148085,1525587386
100188119,1525760529
100219146,1528659565
100259180,1528822617
100299214,1528990897
100339243,1529145301
100379276,1529301785
100419307,1529454307
100459343,1529619850
100499391,1529831436
100539442,1530062376
100579476,1530251622
100619506,1530412481
100659543,1530590176
100699577,1530760818
100739612,1530930747
100779651,1531109943
100819686,1531284784
100859714,1531440563
100899742,1531586171
100939774,1531737064
100979804,1531895529
101019854,1532124703
101059901,1532344795
101099934,1532530524
101139970,1532709688
101180001,1532883422
101211032,1535794503
101251071,1535972476
101291108,1536149863
101331145,1536326073
101371183,1536507797
101411223,1536693336
101451262,1536871127
101491306,1537073729
101531359,1537306114
101571401,1537512082
101611427,1537670097
101651465,1537844788
101691497,1538003124
101731522,1538143995
101771546,1538289156
101811576,1538434171
101851608,1538580624
101891635,1538728555
101931665,1538888150
101971696,1539034552
102011742,1539253540
102051791,1539477872
102091816,1539635637
102131845,1539790203
102171875,1539946828
102202900,1542832660
102242931,1542994020
102282967,1543174481
102322996,1543327784
102363023,1543475464
102403046,1543606379
102443071,1543750266
102483107,1543925414
102523156,1544148735
102563199,1544359313
102603226,1544519913
102643256,1544662985
102683283,1544813657
102723314,1544975062
102763343,1545126686
102803380,1545295431
102843418,1545467880
102883456,1545642603
102923490,1545797573
102963523,1545960539
103003564,1546154065
103043616,1546373466
103083648,1546549545
103123679,1546713220
103163706,1546857809
103194730,1546984377
103234760,1549881024
103274788,1550017546
103314820,1550174900
103354850,1550327343
103394882,1550482562
103434908,1550626156
103474941,1550789337
103514991,1551010060
103555038,1551222071
103595069,1551394470
103635099,1551553003
103675131,1551710505
103715161,1551861880
103755188,1552009213
103795226,1552182681
103835261,1552347688
103875290,1552497590
103915323,1552660669
103955359,1552824023
103995403,1553023190
104035453,1553249006
104075489,1553439162
104115522,1553614470
104155557,1553787878
104195589,1553953016
104226610,1556838289
104266647,1557011342
104306677,1557162963
104346703,1557307925
104386731,1557453397
104426764,1557617755
104466800,1557790064
104506847,1558002674
104546896,1558229441
104586928,1558408390
104626957,1558570556
104666988,1558723350
104707019,1558877852
104747044,1559023992
104787075,1559188504
104827108,1559349203
104867144,1559521309
104907180,1559685617
104947216,1559851601
104987253,1560027450
105027304,1560244383
105067347,1560442504
105107379,1560609611
105147406,1560759772
105187437,1560917683
105218458,1563785008
105258485,1563925996
105298512,1564064394
105338541,1564208396
105378567,1564340738
105418600,1564494536
105458633,1564654172
105498680,1564856497
105538735,1565084433
105578776,1565285305
105618816,1565471102
105658853,1565642687
105698889,1565812444
105738925,1565976631
105778955,1566131518
105818984,1566291004
105859015,1566447521
105899045,1566604281
105939073,1566755159
105979104,1566907244
106019156,1567125951
106059201,1567334594
106099229,1567499547
106139270,1567682278
106179309,1567864672
106210336,1570768023
106250373,1570939351
106290406,1571100826
106330435,1571261448
106370464,1571409697
106410490,1571548521
106450522,1571701839
106490558,1571862112
106530608,1572084826
106570646,1572277195
106610675,1572440982
106650704,1572584089
106690737,1572755327
106730771,1572915536
106770810,1573094824
106810848,1573270934
106850882,1573431484
106890914,1573592449
106930941,1573732161
106970970,1573872866
107011016,1574079326
107051069,1574310300
107091105,1574490567
107131133,1574649179
107171162,1574799010
107202185,1574919376
107242209,1577808264
107282239,1577952703
107322270,1578118505
107362300,1578268493
107402338,1578443228
107442374,1578616877
107482413,1578801742
107522463,1579036406
107562509,1579252811
107602544,1579442081
107642579,1579608298
107682613,1579771918
107722649,1579950430
107762686,1580131656
107802724,1580310804
107842759,1580475396
107882793,1580646866
107922820,1580793785
107962852,1580958132
108002894,1581160179
108042944,1581391449
108082982,1581586832
108123015,1581763800
108163041,1581920769
108203072,1582081599
108234097,1584976797
108274127,1585123664
108314156,1585274131
108354189,1585441917
108394225,1585618521
108434259,1585783053
108474287,1585935991
108514338,1586164214
108554386,1586390424
108594417,1586565681
108634449,1586723078
108674490,1586903838
108714524,1587066858
108754554,1587222279
108794585,1587378767
108834613,1587532410
108874640,1587682786
108914668,1587827850
108954698,1587974468
108994734,1588154057
109034784,1588383811
109074824,1588587053
109114860,1588765876
109154889,1588933496
109194925,1589108525
109225948,1591997790
109265981,1592161417
109306014,1592331308
109346044,1592494114
109386078,1592662214
109426107,1592823159
109466134,1592966960
109506179,1593173471
109546233,1593407957
109586267,1593601322
109626305,1593780508
109666340,1593953232
109706371,1594118949
109746401,1594277275
109786432,1594423784
109826456,1594557486
109866484,1594701706
109906509,1594842359
109946535,1594990288
109986570,1595165188
110026621,1595399169
110066664,1595613539
110106702,1595801999
110146741,1595985068
110186772,1596157529
110217797,1599057391
110257826,1599221491
110297858,1599385941
110337891,1599564833
110377925,1599727634
110417961,1599907475
110457992,1600069449
110498031,1600266649
110538081,1600499893
110578122,1600714925
110618151,1600889993
110658183,1601056888
110698218,1601229333
110738251,1601398259
110778286,1601572827
110818316,1601727941
110858347,1601869675
110898379,1602025276
110938416,1602189393
110978454,1602365514
111018504,1602585989
111058552,1602797046
111098583,1602970556
111138609,1603121690
111178642,1603278752
111209662,1603396822
111249685,1606281971
111289712,1606419599
111329741,1606569838
111369769,1606710211
111409794,1606846814
111449825,1606996395
111489865,1607176549
111529915,1607397766
111569958,1607606139
111609986,1607771307
111650015,1607912602
111690044,1608056446
111730076,1608219491
111770111,1608381804
111810146,1608548936
111850179,1608707468
111890210,1608861476
111930243,1609024525
111970274,1609177771
112010319,1609390216
112050370,1609616671
112090400,1609782442
112130428,1609939431
112170461,1610104995
112210486,1610248469
112241507,1613114432
112281538,1613259514
112321562,1613391619
112361597,1613558173
112401633,1613729850
112441671,1613907854
112481708,1614079823
112521759,1614306892
112561804,1614521095
112601842,1614711696
112641876,1614886814
112681905,1615043382
112721941,1615209843
112761972,1615371290
112802002,1615527503
112842024,1615652434
112882052,1615797406
112922080,1615944979
112962113,1616105832
113002151,1616298704
113042205,1616534542
113082240,1616722168
113122274,1616906484
113162313,1617094678
113202348,1617273228
113233373,1620171298
113273408,1620338494
113313439,1620492630
113353464,1620640145
113393495,1620800670
113433523,1620943197
113473550,1621084646
113513599,1621297027
113553648,1621527691
113593684,1621723808
113633716,1621889933
113673750,1622063489
113713783,1622231733
113753814,1622397580
113793842,1622551564
113833874,1622708589
113873901,1622849580
113913931,1622994922
113953960,1623144769
113993993,1623323595
114034044,1623555511
114074089,1623770033
114114128,1623967749
114154161,1624144862
114194195,1624317424
114225215,1627198913
114265246,1627355659
114305280,1627530586
114345316,1627707726
114385346,1627872333
114425377,1628033372
114465412,1628203072
114505458,1628410961
114545507,1628637985
114585542,1628827428
114625572,1628995481
114665604,1629154101
114705638,1629328246
114745670,1629500522
114785703,1629666041
114825733,1629825276
114865764,1629988636
114905796,1630157174
114945826,1630312237
114985855,1630466915
115025903,1630692179
115065950,1630909732
115105985,1631097801
115146012,1631258655
115186047,1631428421
115217070,1631547928
115257096,1634459662
115297124,1634612337
115337157,1634773264
115377183,1634918227
115417214,1635075771
115457250,1635239389
115497290,1635420945
115537342,1635638595
115577383,1635837386
115617417,1636007674
115657445,1636153368
115697476,1636293376
115737500,1636428636
115777533,1636576279
115817566,1636734758
115857600,1636898736
115897633,1637062193
115937665,1637218651
115977693,1637369716
116017739,1637582502
116057788,1637799607
116097817,1637962383
116137849,1638127948
116177880,1638284863
116217912,1638446787
116248935,1641333730
116288964,1641476515
116328994,1641623600
116369021,1641769057
116409052,1641917578
116449082,1642068594
116489110,1642208998
116529163,1642426951
116569208,1642628106
116609235,1642787283
116649266,1642940604
116689292,1643076829
116729321,1643225368
116769348,1643363199
116809378,1643519719
116849413,1643678569
116889443,1643829018
116929474,1643978625
116969505,1644132047
117009549,1644329331
117049601,1644548977
117089633,1644725737
117129663,1644891479
117169698,1645055543
117209724,1645208805
117240747,1648093093
117280783,1648256419
117320813,1648410860
117360842,1648551929
117400874,1648705896
117440909,1648871797
117480941,1649032330
117520990,1649246086
117561038,1649464551
117601074,1649650743
117641108,1649811923
117681142,1649971279
117721169,1650117939
117761198,1650268717
117801231,1650412224
117841256,1650558018
117881290,1650714272
117921317,1650854747
117961345,1650995660
118001382,1651177680
118041433,1651403515
118081473,1651592663
118121498,1651758817
118161529,1651917671
118201558,1652073765
118232582,1654958164
118272611,1655109252
118312640,1655254175
118352673,1655407998
118392699,1655545564
118432728,1655695681
118472761,1655846355
118512805,1656048589
118552855,1656273746
118592888,1656459465
118632917,1656603078
118672944,1656744640
118712976,1656909618
118753011,1657075165
118793039,1657212808
118833071,1657364287
118873099,1657504258
118913126,1657648381
118953155,1657792869
118993187,1657946816
119033237,1658165084
119073282,1658367470
119113314,1658539488
119153344,1658695553
119193377,1658862705
119224401,1658991505
119264430,1661900279
119304458,1662039417
119344488,1662195610
119384523,1662366457
119424551,1662519574
119464581,1662664399
119504619,1662846754
119544670,1663069234
119584715,1663285157
119624753,1663468529
119664788,1663639106
119704824,1663803560
119744854,1663962226
119784881,1664107357
119824914,1664257649
119864940,1664398364
119904968,1664545241
119945001,1664709666
119985035,1664878029
120025084,1665098210
120065133,1665316108
120105170,1665510205
120145207,1665680468
120185241,1665854798
120225274,1666015385
120265308,1666197707
120305343,1666364096
120345380,1666542213
120385417,1666711185
120425456,1666885488
120465494,1667056006
120505540,1667263866
120545591,1667492631
120585629,1667679725
120625663,1667851836
120665701,1668031853
120705749,1668213598
120745806,1668391981
120785866,1668564570
120825928,1668741250
120865990,1668917371
120906050,1669092050
120946111,1669268320
120986173,1669442841
121026240,1669677067
121066310,1669920171
121106376,1670152758
121146445,1670382300
TS,1
32551,905585643
72620,905598951
112689,905612259
152759,905625567
192828,905638875
232897,905652183
272967,905665491
313036,905678799
353105,905692107
393175,905705415
433244,905718723
473316,905733110
513369,905747497
553416,905760805
593468,905774113
633520,905787421
673573,905800729
713623,905814037
753676,905827345
793725,905840653
833776,905853961
873830,905867269
913871,905880577
953907,905904192
993941,905922166
1024970,905951017
1065008,905964325
1105043,905977633
1145073,906001677
1185101,906017285
1225130,906030593
1265163,906043901
1305190,906057209
1345216,906070517
1385243,906083825
1425290,906097392
1465339,906110959
1505372,906125527
1545406,906138835
1585445,906152143
1625478,906165451
1665516,906178759
1705553,906192067
1745586,906205375
1785618,906218683
1825648,906231991
1865673,906245299
1905716,906258870
1945766,906272178
1985808,906286387
2016837,906315610
2056870,906328918
2096903,906342226
2136937,906355534
2176972,906368842
2217010,906382150
2257050,906395458
2297089,906408766
2337122,906422074
2377150,906435382
2417196,906448949
2457248,906462516
2497282,906476825
2537308,906490392
2577339,906503700
2617367,906517008
2657395,906530316
2697428,906543624
2737460,906556932
2777494,906570240
2817524,906583548
2857556,906596856
2897588,906610427
2937639,906623735
2977685,906637569
3008715,906649377
3048737,906680469
3088768,906693777
3128802,906707085
3168827,906720393
3208853,906733701
3248887,906747009
3288914,906760317
3328944,906773625
3368975,906786933
3409015,906800500
3449067,906813808
3489106,906828005
3529142,906841943
3569172,906855251
3609208,906868559
3649240,906881867
3689271,906895175
3729296,906908483
3769329,906921791
3809363,906935099
3849397,906948407
3889430,906961978
3929478,906975286
3969527,906988857
4009559,907003441
4040586,907032032
4080619,907045340
4120656,907058648
4160690,907071956
4200727,907085264
4240763,907098572
4280800,907111880
4320835,907125188
4360868,907138496
4400905,907152063
4440955,907165371
4480997,907179197
4521028,907193506
4561059,907206814
4601086,907220122
4641115,907233430
4681145,907246738
4721177,907260046
4761205,907273354
4801236,907286662
4841269,907299970
4881302,907313278
4921344,907326849
4961394,907340420
5001426,907354741
5032449,907383580
5072476,907396888
5112508,907410196
5152536,907423504
5192563,907436812
5232592,907450120
5272622,907463428
5312653,907476736
5352681,907490044
5392714,907503611
5432768,907516919
5472815,907530486
5512853,907545054
5552885,907558362
5592913,907571670
5632944,907584978
5672971,907598286
5712999,907611594
5753027,907624902
5793057,907638210
5833087,907651518
5873113,907664826
5913152,907678397
5953206,907691705
5993245,907705914
6024270,907735149
6064310,907748457
6104347,907761765
6144380,907775073
6184408,907788381
6224439,907801689
6264467,907814997
6304498,907828305
6344523,907841613
6384548,907854921
6424594,907868488
6464646,907882055
6504682,907896623
6544716,907909931
6584753,907923239
6624787,907936547
6664827,907949855
6704867,907963163
6744904,907976471
6784935,907989779
6824963,908003087
6864994,908016395
6905029,908029966
6945079,908043274
6985122,908057108
7016152,908068916
7056184,908100026
7096218,908113334
7136250,908126642
7176286,908139950
7216315,908153258
7256351,908166566
7296393,908179874
7336433,908193182
7376466,908206490
7416513,908220057
7456562,908233365
7496605,908247933
7536635,908261500
7576666,908274808
7616701,908288116
7656734,908301424
7696773,908314732
7736803,908328040
7776832,908341348
7816865,908354656
7856901,908367964
7896937,908381535
7936986,908394843
7977034,908408414
8017067,908422998
8048090,908451559
8088129,908464867
8128161,908478175
8168191,908505507
8208224,908518815
8248252,908532123
8288281,908545431
8328311,908558739
8368341,908572047
8408378,908585614
8448433,908598922
8488470,908613119
8528503,908627057
8568534,908640365
8608563,908653673
8648592,908666981
8688622,908680289
8728658,908693597
8768693,908706905
8808730,908720213
8848759,908733521
8888799,908746829
8928849,908779372
8968899,908792943
9008937,908807527
9039958,908836133
9079990,908849441
9120023,908862749
9160060,908876057
9200095,908889365
9240126,908902673
9280160,908915981
9320190,908929289
9360220,908942597
9400249,908956164
9440299,908969472
9480342,908983298
9520374,908997607
9560404,909010915
9600437,909024223
9640469,909037531
9680502,909050839
9720539,909064147
9760573,909077455
9800606,909090763
9840643,909104071
9880682,909117379
9920726,909130950
9960779,909144521
10000818,909158842
10031845,909188592
10071881,909201900
10111915,909215208
10151947,909228516
10191979,909241824
10232009,909255132
10272036,909268440
10312069,909281748
10352100,909295056
10392139,909308364
10432190,909321931
10472241,909335498
10512274,909350066
10552306,909363374
10592346,909376682
10632378,909389990
10672410,909403298
10712449,909416606
10752484,909429914
10792511,909443222
10832539,909456530
10872575,909469838
10912613,909483409
10952665,909496717
10992700,909510926
11023728,909522359
11063754,909554362
11103787,909567670
11143818,909580978
11183844,909594286
11223874,909607594
11263904,909620902
11303934,909634210
11343958,909647518
11383985,909660826
11424030,909674393
11464078,909687960
11504114,909702269
11544142,909715836
11584171,909729144
11624203,909742452
11664234,909755760
11704259,909769068
11744287,909782376
11784322,909795684
11824357,909808992
11864389,909822300
11904423,909835871
11944474,909849179
11984519,909863013
12024551,909877334
12055576,909906776
12095608,909920084
12135638,909933392
12175667,909946700
12215702,909960008
12255738,909973316
12295777,909986624
12335815,909999932
12375847,910013240
12415885,910026807
12455936,910040115
12495974,910054312
12536010,910068250
12576046,910081558
12616083,910094866
12656116,910114498
12696146,910142078
12736179,910155386
12776209,910168694
12816241,910182002
12856280,910195310
12896318,910208881
12936368,910222189
12976418,910235760
13016447,910250344
13047474,910279783
13087507,910293091
13127547,910306399
13167588,910319707
13207624,910333015
13247660,910346323
13287692,910359631
13327721,910372939
13367752,910386247
13407785,910399814
13447836,910413122
13487882,910426948
13527912,910441257
13567948,910454565
13607986,910467873
13648014,910481181
13688049,910494489
13728077,910507797
13768111,910521105
13808139,910534413
13848168,910547721
13888198,910561029
13928243,910574600
13968295,910588171
14008329,910602492
14039350,910632239
14079379,910645547
14119409,910658855
14159442,910672163
14199468,910685471
14239499,910698779
14279528,910712087
14319558,910725395
14359587,910738703
14399612,910752270
14439662,910765578
14479710,910779145
14519743,910793713
14559768,910807021
14599798,910820329
14639828,910833637
14679853,910846945
14719882,910860253
14759914,910873561
14799945,910886869
14839977,910900177
14880010,910913485
14920051,910927056
14960103,910940364
15000141,910954573
15031166,910966006
15071200,910997991
15111226,911011299
15151255,911024607
15191289,911037915
15231320,911051223
15271356,911064531
15311383,911077839
15351418,911091147
15391450,911104455
15431493,911118022
15471543,911131589
15511575,911145898
15551606,911159465
15591638,911172773
15631671,911186081
15671704,911199389
15711735,911212697
15751767,911226005
15791797,911239313
15831826,911252621
15871857,911265929
15911892,911279500
15951942,911292808
15991980,911306642
16032011,911320963
16063041,911350423
16103077,911363731
16143106,911377039
16183136,911390347
16223170,911403655
16263203,911416963
16303236,911430271
16343265,911443579
16383300,911456887
16423347,911470454
16463397,911483762
16503432,911497959
16543461,911511897
16583499,911525205
16623530,911538513
16663561,911551821
16703592,911565129
16743629,911578437
16783662,911591745
16823693,911605053
16863722,911618361
16903752,911631932
16943807,911645240
16983853,911658811
17023880,911673395
17054906,911702870
17094933,911716178
17134971,911729486
17175004,911742794
17215032,911756102
17255062,911769410
17295094,911782718
17335132,911796026
17375168,911809334
17415209,911822901
17455261,911836209
17495303,911850406
17535330,911865628
17575359,911878936
17615389,911892244
17655427,911905552
17695456,911918860
17735485,911932168
17775517,911945476
17815547,911958784
17855577,911972092
17895605,911985400
17935655,911998971
17975703,912012542
18015733,912030310
18046757,912059776
18086792,912073084
18126818,912086392
18166847,912099700
18206881,912113008
18246908,912126316
18286940,912139624
18326969,912162016
18366998,912178956
18407030,912192523
18447081,912205831
18487130,912219657
18527165,912233966
18567198,912247274
18607231,912260582
18647267,912273890
18687304,912287198
18727336,912300506
18767367,912313814
18807398,912327122
18847427,912340430
18887458,912353738
18927498,912367309
18967548,912380617
19007579,912395201
19038603,912406259
19078635,912438229
19118664,912451537
19158694,912464845
19198725,912478153
19238763,912491461
19278800,912504769
19318838,912518077
19358869,912531385
19398898,912544693
19438948,912558260
19478997,912571827
19519033,912586395
19559069,912599703
19599103,912613011
19639141,912626319
19679178,912639627
19719209,912652935
19759246,912666243
19799274,912679551
19839309,912692859
19879341,912706167
19919383,912719738
19959436,912733046
19999476,912747255
20039512,912761201
20070538,912790655
20110571,912803963
20150603,912817271
20190637,912830579
20230676,912843887
20270709,912857195
20310747,912870503
20350781,912883811
20390808,912897119
20430850,912910686
20470902,912924253
20510935,912938562
20550966,912952129
20591000,912965437
20631036,912978745
20671070,912992053
20711109,913005361
20751142,913018669
20791177,913031977
20831206,913045285
20871236,913058593
20911268,913072164
20951317,913085472
20991365,913099306
21031399,913113627
21062424,913143117
21102457,913156425
21142490,913169733
21182523,913183041
21222559,913196349
21262597,913209657
21302634,913222965
21342675,913236273
21382714,913249581
21422756,913263148
21462809,913276456
21502853,913290653
21542891,913304591
21582925,913317899
21622955,913331207
21662989,913344515
21703018,913357823
21743053,913371131
21783086,913384439
21823115,913397747
21863145,913411055
21903174,913424363
21943225,913437934
21983275,913451505
22023316,913466089
22054343,913495555
22094371,913508863
22134399,913522171
22174428,913535479
22214460,913548787
22254496,913562095
22294535,913575403
22334563,913588711
22374593,913602019
22414629,913615586
22454681,913628894
22494729,913642720
22534761,913657029
22574789,913670337
22614816,913683645
22654847,913696953
22694875,913710261
22734900,913723569
22774931,913749137
22814961,913762445
22854989,913775753
22895018,913789061
22935062,913802632
22975111,913816203
23015150,913830524
23046179,913841582
23086219,913873564
23126257,913886872
23166290,913900180
23206321,913913488
23246352,913926796
23286380,913940104
23326415,913953412
23366442,913966720
23406472,913980287
23446524,913993595
23486571,914007162
23526600,914021730
23566630,914035038
23606665,914048346
23646697,914061654
23686726,914074962
23726756,914088270
23766787,914101578
23806818,914114886
23846852,914128194
23886887,914141502
23926934,914155073
23966983,914168381
24007027,914182590
24047062,914196536
24078090,914225999
24118130,914239307
24158169,914252615
24198206,914265923
24238242,914279231
24278277,914292539
24318314,914305847
24358347,914319155
24398390,914332463
24438438,914346030
24478491,914359597
24518522,914373906
24558552,914387473
24598582,914400781
24638613,914414089
24678643,914427397
24718678,914451777
24758706,914487981
24798734,914502753
24838764,914516313
24878800,914529621
24918838,914543192
24958891,914556500
24998931,914570334
25038963,914584655
25069992,914614121
25110027,914627429
25150064,914640737
25190098,914654045
25230130,914667353
25270161,914680661
25310187,914693969
25350221,914707277
25390250,914720585
25430288,914734152
25470338,914747460
25510374,914761657
25550411,914775595
25590443,914788903
25630480,914802211
25670516,914815519
25710546,914828827
25750582,914842135
25790620,914855443
25830653,914868751
25870686,914882059
25910720,914895630
25950772,914908938
25990817,914922509
26030853,914937093
26061876,914966577
26101912,914979885
26141945,914993193
26181983,915006501
26222026,915019809
26262064,915033117
26302093,915046425
26342123,915059733
26382155,915073041
26422191,915086608
26462239,915099916
26502280,915113742
26542309,915128051
26582339,915141359
26622364,915154667
26662393,915167975
26702422,915181283
26742452,915194591
26782486,915207899
26822523,915221207
26862556,915234515
26902584,915247823
26942629,915261394
26982680,915274965
27022711,915289549
27053736,915300344
27093761,915332341
27133787,915345649
27173819,915358957
27213847,915372265
27253880,915385573
27293914,915398881
27333945,915412189
27373976,915425497
27414015,915445700
27454069,915461944
27494117,915475511
27534146,915490831
27574181,915504139
27614212,915517447
27654241,915530755
27694275,915544063
27734300,915557371
27774332,915570679
27814367,915583987
27854399,915597295
27894435,915610603
27934476,915624174
27974528,915637482
28014567,915652066
28054594,915665637
28085622,915695100
28125654,915708408
28165687,915721716
28205717,915735024
28245755,915748332
28285782,915761640
28325813,915774948
28365851,915788256
28405885,915801564
28445930,915815131
28485979,915828698
28526014,915843266
28566052,915856574
28606080,915869882
28646108,915883190
28686148,915896498
28726185,915909806
28766214,915923114
28806251,915936422
28846278,915949730
28886309,915963038
28926349,915976609
28966400,915989917
29006443,916004126
29046477,916018072
29077503,916047544
29117537,916060852
29157571,916074160
29197610,916087468
29237645,916100776
29277683,916114084
29317723,916132252
29357758,916145696
29397796,916159004
29437841,916172571
29477895,916186138
29517934,916200447
29557971,916214014
29598008,916227322
29638046,916240630
29678083,916253938
29718125,916267246
29758161,916280554
29798201,916293862
29838231,916307170
29878266,916320478
29918304,916334049
29958353,916347357
29998399,916361191
30038440,916375512
30069466,916405002
30109497,916418310
30149531,916431618
30189561,916444926
30229593,916458234
30269623,916471542
30309654,916484850
30349685,916498158
30389713,916511466
30429754,916525033
30469806,916538341
30509846,916552538
30549883,916566476
30589925,916579784
30629963,916593092
30670001,916606400
30710042,916619708
30750079,916633016
30790118,916646324
30830150,916659632
30870185,916672940
30910217,916686248
30950266,916699819
30990312,916713390
31030349,916727974
31061373,916738769
31101400,916770724
31141431,916784032
31181461,916797340
31221491,916810648
31261522,916823956
31301555,916837264
31341583,916850572
31381612,916863880
31421648,916877447
31461700,916890755
31501742,916904581
31541772,916918890
31581801,916932198
31621830,916945506
31661861,916958814
31701892,916972122
31741927,916985430
31781958,916998738
31821985,917012046
31862014,917025354
31902047,917038662
31942088,917052233
31982135,917065804
32022167,917080125
32062199,917093696
32093223,917123174
32133254,917136482
32173283,917149790
32213317,917163098
32253348,917176406
32293372,917189714
32333407,917203022
32373439,917216330
32413479,917229897
32453528,917243205
32493577,917256772
32533617,917271340
32573652,917284648
32613684,917297956
32653715,917311264
32693751,917324572
32733779,917337880
32773810,917351188
32813837,917364496
32853874,917377804
32893908,917391112
32933945,917404683
32973997,917417991
33014033,917432200
33054065,917446146
33085089,917475606
33125126,917488914
33165159,917502222
33205194,917515530
33245222,917528838
33285250,917542146
33325280,917555454
33365307,917568762
33405342,917582070
33445389,917595637
33485436,917609204
33525467,917623513
33565496,917637080
33605525,917650388
33645556,917663696
33685589,917677004
33725617,917690312
33765648,917703620
33805682,917716928
33845708,917730236
33885739,917743544
33925778,917757115
33965828,917770423
34005871,917784257
34045904,917798578
34076928,917828032
34116957,917841340
34156984,917854648
34197019,917867956
34237053,917881264
34277089,917894572
34317120,917907880
34357157,917921188
34397195,917934496
34437240,917948063
34477291,917961371
34517329,917975568
34557368,917989506
34597410,918002814
34637449,918016122
34677485,918029430
34717520,918042738
34757550,918056046
34797583,918069354
34837613,918082662
34877646,918095970
34917676,918109541
34957728,918122849
34997777,918136420
35037817,918151004
35068847,918161799
35108878,918193787
35148912,918207095
35188940,918220403
35228968,918233711
35268999,918247019
35309027,918260327
35349061,918273635
35389089,918286943
35429131,918300510
35469184,918313818
35509225,918327644
35549263,918349853
35589304,918363161
35629344,918376469
35669380,918389777
35709412,918403085
35749442,918416393
35789470,918429701
35829500,918443009
35869533,918461457
35909566,918474765
35949612,918488336
35989658,918501907
36029690,918516228
36069718,918529799
36100743,918559256
36140777,918572564
36180812,918585872
36220841,918599180
36260873,918620156
36300909,918633464
36340938,918646772
36380973,918660080
36421005,918673647
36461055,918686955
36501100,918700522
36541132,918715090
36581159,918728398
36621189,918741706
36661222,918755014
36701262,918768322
36741291,918781630
36781324,918794938
36821355,918808246
36861391,918821554
36901421,918834862
36941469,918848433
36981521,918861741
37021554,918875950
37061587,918889896
37092608,918919380
37132643,918932688
37172672,918945996
37212701,918959304
37252731,918972612
37292759,918985920
37332793,918999228
37372825,919012536
37412861,919025844
37452912,919039411
37492960,919052978
37532992,919067546
37573024,919080854
37613059,919094162
37653087,919107470
37693116,919120778
37733144,919134086
37773171,919147394
37813197,919160702
37853227,919174010
37893253,919187318
37933292,919200889
37973345,919214197
38013390,919228406
38053419,919243876
38084447,919273366
38124477,919286674
38164505,919299982
38204534,919313290
38244560,919326598
38284588,919339906
38324616,919353214
38364647,919366522
38404674,919379830
38444720,919393397
38484772,919406705
38524810,919421273
38564843,919434840
38604875,919448148
38644910,919461456
38684938,919474764
38724964,919488072
38764992,919501380
38805020,919514688
38845046,919527996
38885075,919541304
38925111,919554875
38965163,919568183
39005209,919582017
39045243,919596338
39076268,919607133
39116301,919639136
39156332,919652444
39196367,919665752
39236401,919679060
39276433,919692368
39316464,919705676
39356493,919718984
39396524,919732292
39436562,919745859
39476616,919759167
39516656,919773364
39556688,919787302
39596717,919800610
39636745,919813918
39676779,919827226
39716805,919840534
39756837,919853842
39796870,919867150
39836900,919880458
39876932,919893766
39916963,919907074
39957012,919920645
39997061,919934216
40037093,919948800
40077122,919962108
40108140,919991565
40148169,920004873
40188197,920018181
40228222,920031489
40268254,920044797
40308287,920058105
40348320,920071413
40388349,920084721
40428381,920098288
40468433,920111596
40508472,920125422
40548504,920139731
40588541,920153039
40628575,920166347
40668609,920179655
40708640,920192963
40748664,920206271
40788695,920219579
40828724,920232887
40868754,920246195
40908785,920259503
40948828,920273074
40988880,920286645
41028915,920300966
41068950,920314537
41099971,920344012
41139999,920357320
41180029,920370628
41220060,920383936
41260088,920397244
41300119,920410552
41340148,920423860
41380182,920437168
41420213,920450476
41460266,920464043
41500314,920477610
41540349,920492178
41580375,920505486
41620402,920518794
41660432,920532102
41700458,920545410
41740493,920558718
41780518,920572026
41820551,920585334
41860582,920598642
41900615,920611950
41940653,920625521
41980706,920638829
42020736,920653038
42060769,920666984
42091788,920696471
42131817,920709779
42171845,920723087
42211873,920736395
42251900,920749703
42291928,920763011
42331956,920776319
42371989,920789627
42412015,920802935
42452060,920816502
42492113,920830069
42532144,920844378
42572171,920857945
42612200,920871253
42652230,920884561
42692262,920897869
42732292,920911177
42772321,920924485
42812346,920937793
42852372,920951101
42892399,920964409
42932433,920977980
42972484,920991288
43012526,921005122
43052557,921019443
43083582,921030238
43123615,921062217
43163647,921075525
43203679,921088833
43243718,921102141
43283755,921115449
43323788,921128757
43363824,921146069
43403856,921159377
43443900,921172944
43483951,921186252
43523985,921200449
43564018,921214387
43604046,921227695
43644080,921241003
43684114,921254311
43724146,921267619
43764172,921280927
43804203,921294235
43844237,921307543
43884269,921320851
43924305,921334422
43964353,921347730
44004395,921361301
44044427,921375885
44084452,921389193
44115478,921418656
44155503,921431964
44195535,921445272
44235566,921458580
44275593,921471888
44315624,921485196
44355649,921498504
44395677,921511812
44435719,921525379
44475770,921538687
44515807,921552513
44555838,921566822
44595866,921580130
44635894,921593438
44675924,921606746
44715955,921620054
44755993,921633362
44796019,921646670
44836052,921659978
44876076,921673286
44916100,921686594
44956147,921700165
44996196,921713736
45036228,921728057
45076263,921741628
45107288,921771085
45147315,921784393
45187351,921797701
45227386,921811009
45267419,921824317
45307456,921837625
45347494,921850933
45387531,921864241
45427572,921881752
45467622,921895060
45507669,921908627
45547704,921923195
45587736,921936503
45627760,921949811
45667793,921963119
45707825,921976427
45747854,921989735
45787886,922003043
45827921,922016351
45867957,922029659
45907984,922042967
45948028,922056538
45988079,922069846
46028116,922084055
46068154,922098001
46099184,922127473
46139220,922140781
46179259,922154089
46219297,922167397
46259337,922180705
46299373,922194013
46339402,922207321
46379432,922220629
46419463,922233937
46459513,922247504
46499560,922261071
46539595,922275639
46579629,922288947
46619659,922302255
46659692,922315563
46699726,922328871
46739753,922342179
46779784,922355487
46819809,922368795
46859838,922382103
46899871,922395411
46939913,922408982
46979965,922422290
47020005,922436124
47060035,922450445
47091059,922461240
47131089,922493216
47171117,922506524
47211149,922519832
47251178,922533140
47291206,922546448
47331239,922559756
47371270,922573064
47411296,922586372
47451339,922599939
47491394,922613247
47531431,922627815
47571460,922641382
47611492,922654690
47651525,922667998
47691556,922681306
47731583,922694614
47771613,922707922
47811641,922721230
47851669,922734538
47891694,922747846
47931727,922761417
47971776,922774725
48011819,922788296
48051858,922802880
48091894,922816188
48122921,922845642
48162955,922858950
48202989,922872258
48243019,922885566
48283050,922898874
48323080,922912182
48363111,922925490
48403138,922938798
48443176,922952365
48483229,922965673
48523268,922979870
48563297,922993808
48603330,923007116
48643364,923020424
48683391,923033732
48723424,923047040
48763450,923060348
48803478,923073656
48843507,923086964
48883543,923100272
48923571,923113580
48963617,923127151
49003661,923140722
49043693,923155306
49083726,923168614
49114748,923198074
49154778,923211382
49194805,923224690
49234830,923237998
49274860,923251306
49314890,923264614
49354919,923277922
49394944,923291230
49434976,923304797
49475029,923318105
49515072,923331931
49555104,923346240
49595136,923359548
49635170,923372856
49675205,923386164
49715240,923399472
49755274,923412780
49795303,923426088
49835331,923439396
49875367,923452704
49915400,923466012
49955444,923479583
49995495,923493154
50035526,923507475
50075558,923521046
50106584,923550500
50146614,923563808
50186641,923577116
50226671,923590424
50266698,923603732
50306723,923617040
50346759,923630348
50386786,923643656
50426818,923656964
50466867,923670531
50506915,923684098
50546954,923698666
50586991,923711974
50627031,923725282
50667066,923738590
50707100,923751898
50747130,923765206
50787164,923778514
50827202,923791822
50867231,923805130
50907262,923818438
50947301,923832009
50987351,923845317
51027389,923859526
51067418,923873472
51098443,923884267
51138472,923916156
51178501,923929464
51218533,923942772
51258563,923956080
51298597,923969388
51338629,923982696
51378660,924005776
51418690,924019084
51458731,924032651
51498782,924046218
51538810,924060527
51578840,924074094
51618871,924087402
51658899,924100710
51698927,924114018
51738953,924127326
51778981,924140634
51819011,924153942
51859038,924167250
51899070,924180558
51939102,924194129
51979152,924207437
52019192,924221271
52059220,924235592
52099250,924248900
52130269,924278366
52170297,924291674
52210330,924304982
52250364,924318290
52290400,924331598
52330427,924344906
52370457,924358214
52410485,924371522
52450518,924385089
52490567,924398397
52530607,924412594
52570632,924426532
52610660,924439840
52650691,924453148
52690726,924466456
52730754,924479764
52770783,924493072
52810813,924506380
52850840,924519688
52890873,924532996
52930910,924546567
52970959,924559875
53011006,924573446
53051037,924599254
53091065,924613002
53122090,924644295
53162115,924657603
53202141,924670911
53242171,924684219
53282203,924697527
53322232,924710835
53362265,924724143
53402295,924737451
53442328,924751018
53482376,924764326
53522413,924778152
53562445,924792461
53602473,924805769
53642506,924819077
53682536,924832385
53722564,924845693
53762591,924859001
53802615,924872309
53842645,924885617
53882682,924898925
53922712,924912233
53962755,924925804
54002806,924939375
54042833,924953696
54082859,924967267
54113880,924996724
54153911,925010032
54193938,925023340
54233965,925036648
54273993,925049956
54314019,925063264
54354052,925076572
54394079,925089880
54434110,925103447
54474159,925116755
54514202,925130322
54554233,925144890
54594265,925158198
54634292,925171506
54674322,925184814
54714347,925198122
54754374,925211430
54794405,925224738
54834431,925238046
54874461,925251354
54914490,925264662
54954528,925278233
54994578,925291541
55034618,925305750
55074652,925319696
55105678,925330491
55145709,925362461
55185743,925375769
55225775,925389077
55265801,925402385
55305827,925415693
55345856,925429001
55385883,925442309
55425912,925455617
55465954,925469184
55506009,925482751
55546042,925497060
55586074,925510627
55626103,925523935
55666136,925537243
55706167,925550551
55746201,925563859
55786227,925577167
55826256,925590475
55866287,925603783
55906314,925617091
55946346,925630662
55986397,925643970
56026436,925657804
56066463,925672125
56106493,925685433
56137511,925714887
56177537,925728195
56217566,925741503
56257597,925754811
56297628,925768119
56337660,925781427
56377691,925794735
56417725,925808043
56457769,925821610
56497819,925834918
56537849,925849115
56577880,925863053
56617908,925876361
56657934,925889669
56697962,925902977
56737988,925916285
56778020,925929593
56818055,925942901
56858091,925956209
56898131,925969517
56938165,925983088
56978213,925996396
57018257,926009967
57058286,926024551
57098321,926037859
57129344,926067684
57169374,926085164
57209411,926098472
57249439,926111780
57289474,926125088
57329506,926138396
57369538,926151704
57409572,926165012
57449603,926178579
57489654,926191887
57529697,926205972
57569728,926219910
57609758,926233218
57649787,926246526
57689819,926259834
57729846,926273142
57769873,926286450
57809903,926299758
57849932,926313066
57889965,926326374
57929998,926339682
57970043,926353253
58010087,926366824
58050122,926381408
58090147,926394716
58121170,926424203
58161195,926437511
58201221,926450819
58241252,926464127
58281283,926477435
58321317,926490743
58361346,926504051
58401377,926517359
58441411,926530926
58481461,926544234
58521505,926558060
58561535,926572369
58601569,926585677
58641596,926598985
58681622,926612293
58721649,926625601
58761677,926638909
58801704,926652217
58841734,926665525
58881770,926678833
58921800,926692141
58961843,926705712
59001895,926719020
59041928,926733604
59081958,926747175
59112983,926757970
59153008,926789973
59193039,926803281
59233065,926816589
59273093,926829897
59313120,926843205
59353146,926856513
59393180,926869821
59433211,926883129
59473254,926896696
59513301,926910263
59553335,926924831
59593371,926938139
59633412,926951447
59673449,926964755
59713488,926978063
59753525,926991371
59793553,927004679
59833584,927017987
59873619,927031295
59913660,927044603
59953701,927071734
59993754,927085042
60033791,927099251
60073821,927113197
60113852,927126505
60144875,927155986
60184903,927169294
60224934,927182602
60264961,927195910
60304989,927209218
60345016,927222526
60385043,927235834
60425069,927249142
60465111,927262709
60505161,927276276
60545196,927290585
60585225,927304152
60625258,927317460
60665290,927330768
60705321,927344076
60745357,927357384
60785392,927370692
60825426,927384000
60865457,927397308
60905484,927410616
60945513,927424187
60985564,927437495
61025608,927451329
61065640,927465650
61105670,927478958
61136689,927508448
61176723,927521756
61216753,927535064
61256783,927548372
61296811,927561680
61336843,927574988
61376877,927588296
61416914,927601604
61456954,927615171
61497004,927628479
61537041,927642676
61577076,927656614
61617113,927669922
61657150,927683230
61697181,927696538
61737213,927709846
61777250,927723154
61817277,927736462
61857309,927749770
61897337,927763078
61937367,927776386
61977414,927789957
62017456,927803528
62057484,927818112
62097511,927831420
62128533,927860895
62168562,927874203
62208591,927887511
62248620,927900819
62288648,927914127
62328683,927927435
62368712,927940743
62408745,927954051
62448770,927967618
62488819,927980926
62528856,927994752
62568887,928009061
62608919,928022369
62648957,928035677
62688994,928048985
62729021,928062293
62769051,928075601
62809081,928088909
62849112,928102217
62889140,928115525
62929166,928128833
62969211,928142404
63009259,928155975
63049285,928170296
63089320,928183867
63120345,928194662
63160370,928226662
63200400,928239970
63240429,928253278
63280459,928266586
63320488,928279894
63360517,928293202
63400548,928306510
63440574,928320077
63480622,928333385
63520664,928346952
63560691,928361520
63600719,928374828
63640749,928388136
63680774,928401444
63720805,928414752
63760832,928428060
63800865,928441368
63840891,928454676
63880921,928467984
63920947,928481292
63960984,928494863
64001035,928508171
64041071,928522380
64081099,928536326
64121127,928549634
64152154,928579103
64192183,928592411
64232211,928605719
64272237,928619027
64312267,928632335
64352295,928645643
64392324,928658951
64432352,928672259
64472400,928685826
64512450,928699393
64552480,928713702
64592516,928727269
64632548,928740577
64672578,928753885
64712611,928767193
64752639,928780501
64792667,928793809
64832693,928807117
64872722,928820425
64912754,928833733
64952782,928847304
64992834,928860612
65032871,928874446
65072906,928888767
65112946,928902075
65143969,928931535
65184000,928944843
65224033,928958151
65264063,928971459
65304089,928984767
65344114,928998075
65384146,929011383
65424179,929024691
65464215,929038258
65504266,929051566
65544303,929065763
65584332,929079701
65624365,929093009
65664393,929106317
65704419,929119625
65744451,929132933
65784480,929146241
65824505,929159549
65864536,929172857
65904563,929186165
65944598,929199736
65984647,929213044
66024691,929226615
66064723,929241199
66104752,929254507
66135774,929283952
66175799,929297260
66215827,929310568
66255856,929323876
66295889,929337184
66335922,929350492
66375948,929363800
66415980,929377108
66456013,929390675
66496062,929403983
66536100,929417809
66576131,929432118
66616165,929445426
66656193,929458734
66696224,929472042
66736252,929485350
66776279,929498658
66816307,929511966
66856332,929525274
66896364,929538582
66936393,929551890
66976440,929565461
67016485,929579032
67056516,929593616
67096550,929606924
67127571,929617719
67167598,929649695
67207628,929663003
67247661,929676311
67287692,929689619
67327721,929702927
67367748,929716235
67407775,929729543
67447809,929743110
67487858,929756418
67527899,929769985
67567930,929784553
67607960,929797861
67647993,929811169
67688027,929824477
67728051,929837785
67768083,929851093
67808115,929864401
67848147,929877709
67888175,929891017
67928204,929904325
67968243,929917896
68008294,929931204
68048325,929945788
68088350,929959359
68128378,929972667
68159400,930002148
68199426,930015456
68239456,930028764
68279489,930055032
68319523,930070548
68359553,930089820
68399586,930103128
68439619,930116436
68479666,930130003
68519711,930143570
68559743,930158138
68599778,930171446
68639810,930184754
68679840,930198062
68719868,930211370
68759895,930224678
68799926,930237986
68839954,930251294
68879982,930264602
68920012,930277910
68960047,930291481
69000100,930304789
69040139,930318998
69080169,930332944
69120204,930346252
69151224,930375742
69191259,930389050
69231284,930402358
69271309,930415666
69311336,930428974
69351364,930442282
69391394,930455590
69431426,930468898
69471465,930482465
69511520,930496032
69551551,930510341
69591587,930523908
69631615,930537216
69671642,930550524
69711669,930563832
69751697,930577140
69791724,930590448
69831755,930603756
69871784,930617064
69911811,930630372
69951843,930643943
69991896,930657251
70031935,930671085
70071966,930685406
70111994,930698714
70143018,930728183
70183051,930741491
70223086,930754799
70263113,930768107
70303140,930781415
70343170,930794723
70383196,930808031
70423224,930821339
70463261,930834906
70503314,930848214
70543346,930862411
70583378,930876349
70623409,930889657
70663440,930902965
70703468,930916273
70743499,930929581
70783532,930942889
70823561,930956197
70863588,930969505
70903617,930982813
70943645,930996121
70983692,931009692
71023743,931023263
71063777,931037847
71103810,931051155
71134838,931061950
71174861,931093950
71214893,931107258
71254918,931120566
71294949,931133874
71334979,931147182
71375013,931160490
71415044,931173798
71455081,931187365
71495133,931200673
71535169,931214499
71575202,931228808
71615231,931242116
71655264,931255424
71695296,931268732
71735331,931282040
71775357,931295348
71815388,931308656
71855414,931321964
71895442,931335272
71935474,931348580
71975515,931362151
72015564,931375722
72055601,931390043
72095634,931403614
72135666,931416922
72166692,931446382
72206723,931459690
72246756,931472998
72286795,931486306
72326831,931505042
72366862,931518350
72406892,931531658
72446918,931545225
72486966,931558533
72527014,931572100
72567050,931586668
72607082,931599976
72647112,931613284
72687145,931626592
72727182,931639900
72767212,931653208
72807245,931666516
72847276,931679824
72887303,931693132
72927334,931706440
72967373,931720011
73007426,931733319
73047462,931747528
73087498,931761474
73127529,931774782
73158553,931804251
73198583,931817559
73238609,931830867
73278643,931844175
73318675,931857483
73358703,931870791
73398728,931884099
73438761,931897407
73478801,931910974
73518850,931924541
73558886,931938850
73598921,931952417
73638955,931965725
73678980,931979033
73719006,931992341
73759036,932005649
73799065,932018957
73839095,932032265
73879127,932045573
73919158,932058881
73959192,932072452
73999243,932085760
74039284,932099594
74079312,932113915
74119337,932127223
74150362,932156692
74190391,932170000
74230418,932183308
74270445,932196616
74310473,932209924
74350502,932223232
74390531,932236540
74430559,932249848
74470598,932263415
74510653,932276723
74550692,932290920
74590723,932304858
74630751,932318166
74670779,932331474
74710805,932344782
74750832,932358090
74790865,932371398
74830889,932384706
74870918,932398014
74910946,932411322
74950977,932424893
74991025,932438201
75031067,932451772
75071105,932466356
75111145,932479664
75142173,932490459
75182206,932522444
75222240,932535752
75262274,932549060
75302313,932562368
75342349,932575676
75382381,932588984
75422406,932602292
75462445,932615859
75502499,932629167
75542538,932658481
75582577,932675822
75622614,932689130
75662649,932702438
75702682,932715746
75742712,932729054
75782742,932742362
75822779,932755670
75862813,932768978
75902843,932782286
75942877,932795594
75982925,932809165
76022977,932822736
76063012,932837057
76103044,932850628
76143078,932863936
76174108,932893423
76214143,932906731
76254173,932920039
76294202,932933347
76334229,932946655
76374259,932959963
76414296,932973271
76454328,932986838
76494380,933000146
76534426,933013713
76574461,933028281
76614494,933041589
76654526,933054897
76694562,933068205
76734597,933081513
76774633,933094821
76814667,933108129
76854696,933121437
76894729,933134745
76934763,933148053
76974805,933161624
77014855,933174932
77054893,933189141
77094928,933203087
77134967,933216395
77165992,933248893
77206019,933262201
77246049,933275509
77286080,933288817
77326111,933302125
77366138,933315433
77406164,933328741
77446198,933342049
77486244,933355616
77526293,933369183
77566329,933383751
77606358,933397059
77646384,933410367
77686419,933423675
77726451,933436983
77766484,933450291
77806516,933463599
77846541,933476907
77886574,933490215
77926604,933516999
77966636,933543594
78006687,933564426
78046732,933578635
78086760,933592873
78126786,933606181
78157809,933635632
78197835,933648940
78237869,933662248
78277901,933675556
78317932,933688864
78357968,933702172
78398010,933715480
78438048,933728788
78478094,933742355
78518147,933755663
78558180,933770231
78598206,933783798
78638235,933797106
78678267,933810414
78718296,933823722
78758326,933837030
78798359,933850338
78838391,933863646
78878425,933876954
78918457,933890262
78958489,933903833
78998541,933917141
79038588,933930975
79078615,933945296
79118647,933958604
79149674,933969399
79189706,934001369
79229737,934014677
79269765,934027985
79309796,934041293
79349828,934054601
79389858,934067909
79429887,934081217
79469929,934094784
79509983,934108092
79550023,934122289
79590057,934136227
79630089,934149535
79670129,934162843
79710169,934176151
79750204,934189459
79790234,934202767
79830263,934216075
79870290,934229383
79910324,934242691
79950353,934255999
79990404,934269570
80030453,934283141
80070491,934297725
80110517,934311033
80150545,934324341
80181567,934353825
80221597,934367133
80261627,934380441
80301664,934393749
80341705,934407057
80381743,934420365
80421778,934433673
80461812,934447240
80501861,934460548
80541904,934474374
80581936,934488683
80621968,934501991
80662005,934515299
80702035,934528607
80742063,934541915
80782093,934555223
80822122,934568531
80862155,934581839
80902188,934595147
80942223,934608455
80982270,934622026
81022321,934635597
81062363,934649918
81102400,934663489
81142433,934676797
81173460,934706257
81213494,934719565
81253525,934732873
81293560,934746181
81333588,934759489
81373623,934772797
81413658,934786105
81453691,934799413
81493737,934812980
81533786,934826547
81573818,934841115
81613851,934854423
81653878,934867731
81693906,934881039
81733941,934894347
81773967,934907655
81813995,934920963
81854024,934934271
81894053,934947579
81934087,934960887
81974119,934974458
82014169,934987766
82054208,935001975
82094238,935015921
82134272,935029229
82165298,935058704
82205334,935072012
82245366,935085320
82285403,935098628
82325435,935111936
82365465,935125244
82405491,935138552
82445520,935151860
82485567,935175195
82525618,935209778
82565651,935230139
82605683,935243706
82645714,935257014
82685743,935270322
82725772,935283630
82765804,935296938
82805837,935310246
82845873,935323554
82885901,935336862
82925928,935350170
82965959,935363741
83006011,935377049
83046057,935390883
83086089,935405204
83126114,935418512
83157140,935429307
83197169,935461277
83237199,935474585
83277231,935487893
83317261,935501201
83357295,935514509
83397332,935527817
83437362,935541125
83477408,935554692
83517459,935568000
83557498,935582197
83597536,935596135
83637568,935609443
83677605,935622751
83717638,935636059
83757668,935649367
83797697,935662675
83837734,935675983
83877763,935689291
83917795,935702599
83957827,935716170
83997873,935729478
84037920,935743049
84077951,935757633
84117988,935770941
84158020,935784249
84189039,935813718
84229068,935827026
84269100,935840334
84309132,935853642
84349166,935866950
84389201,935880258
84429234,935893566
84469270,935907133
84509322,935920441
84549365,935934267
84589393,935948576
84629421,935961884
84669452,935975192
84709484,935988500
84749520,936001808
84789560,936025308
84829595,936040936
84869632,936054244
84909670,936067552
84949712,936080860
84989759,936094431
85029808,936108002
85069837,936122323
85109873,936135894
85149902,936149202
85180924,936178680
85220956,936191988
85260984,936205296
85301014,936218604
85341049,936231912
85381078,936245220
85421119,936258528
85461153,936272095
85501204,936285403
85541253,936298970
85581286,936313538
85621316,936326846
85661351,936340154
85701387,936353462
85741421,936366770
85781446,936380078
85821474,936393386
85861502,936406694
85901532,936420002
85941568,936433310
85981608,936446881
86021661,936460189
86061701,936474398
86101733,936488344
86141760,936501652
86172789,936531118
86212818,936544426
86252848,936557734
86292875,936571042
86332904,936584350
86372930,936597658
86412960,936610966
86452988,936624274
86493040,936637841
86533092,936651408
86573129,936665976
86613164,936679284
86653197,936692592
86693230,936705900
86733257,936719208
86773288,936732516
86813319,936754840
86853346,936768148
86893375,936781456
86933402,936794764
86973441,936808335
87013492,936821643
87053535,936835477
87093569,936849798
87133605,936863106
87164636,936873901
87204668,936905880
87244703,936919188
87284742,936932496
87324783,936945804
87364823,936959112
87404857,936972420
87444891,936985728
87484931,936999295
87524979,937012603
87565015,937027171
87605047,937040738
87645078,937054046
87685106,937067354
87725139,937080662
87765174,937093970
87805211,937107278
87845245,937120586
87885281,937133894
87925316,937147202
87965348,937160773
88005402,937174081
88045449,937187652
88085485,937202236
88125522,937215544
88165550,937228852
88196572,937258315
88236601,937271623
88276631,937284931
88316660,937298239
88356690,937311547
88396730,937324855
88436763,937338163
88476805,937351730
88516857,937365038
88556896,937379235
88596933,937393173
88636968,937406481
88676999,937419789
88717029,937433097
88757069,937446405
88797107,937459713
88837136,937473021
88877164,937486329
88917194,937499637
88957222,937512945
88997268,937526516
89037318,937540087
89077353,937554671
89117382,937567979
89157418,937587239
89188444,937625232
89228473,937638540
89268504,937651848
89308531,937665156
89348566,937678464
89388595,937691772
89428626,937705080
89468656,937718647
89508709,937731955
89548753,937745781
89588792,937760090
89628827,937773398
89668869,937786706
89708901,937800014
89748932,937813322
89788969,937826630
89829000,937839938
89869031,937853246
89909064,937866554
89949090,937879862
89989133,937893433
90029186,937907004
90069224,937921325
90109262,937934896
90149301,937948204
90180323,937977694
90220357,937991002
90260389,938004310
90300423,938017618
90340459,938030926
90380487,938044234
90420519,938057542
90460550,938070850
90500600,938084417
90540650,938097984
90580684,938112552
90620719,938125860
90660753,938139168
90700784,938152476
90740814,938165784
90780848,938179092
90820880,938192400
90860914,938205708
90900951,938219016
90940982,938232324
90981018,938245895
91021068,938259203
91061104,938273412
91101137,938287358
91141171,938300666
91172200,938311461
91212233,938343446
91252263,938356754
91292294,938370062
91332320,938383370
91372353,938396678
91412385,938409986
91452415,938423294
91492458,938436861
91532510,938450428
91572544,938464737
91612577,938478304
91652617,938491612
91692653,938504920
91732687,938518228
91772716,938531536
91812746,938544844
91852777,938558152
91892811,938571460
91932849,938584768
91972886,938598339
92012936,938611647
92052983,938625481
92093019,938639802
92133047,938653110
92173076,938666418
92204104,938695884
92244134,938709192
92284172,938722500
92324200,938735808
92364230,938749116
92404268,938762424
92444300,938775732
92484342,938789299
92524392,938802607
92564430,938816804
92604457,938830742
92644483,938844050
92684517,938857358
92724545,938870666
92764577,938883974
92804608,938897282
92844639,938910590
92884669,938923898
92924709,938937206
92964750,938950777
93004802,938964085
93044847,938977656
93084874,938992240
93124904,939005548
93164936,939018856
93195958,939048265
93235987,939061573
93276016,939074881
93316049,939088189
93356075,939101497
93396108,939114805
93436142,939128113
93476179,939141680
93516231,939154988
93556273,939168814
93596310,939183123
93636345,939196431
93676379,939209739
93716410,939223047
93756446,939236355
93796480,939249663
93836513,939262971
93876549,939276279
93916576,939289587
93956609,939302895
93996652,939316466
94036703,939330037
94076742,939344358
94116774,939357929
94156806,939371237
94187828,939400724
94227864,939414032
94267890,939427340
94307918,939440648
94347946,939453956
94387979,939467264
94428012,939480572
94468041,939494139
94508093,939507447
94548138,939521014
94588173,939535582
94628210,939548890
94668240,939562198
94708275,939575506
94748306,939588814
94788341,939602122
94828369,939615430
94868400,939628738
94908431,939642046
94948468,939655354
94988510,939681065
95028562,939694373
95068601,939710046
95108632,939723992
95148657,939737300
95179685,939748095
95219714,939780083
95259744,939793391
95299774,939806699
95339804,939820007
95379834,939833315
95419869,939846623
95459905,939859931
95499950,939873498
95540001,939887065
95580030,939901374
95620062,939914941
95660100,939928249
95700130,939941557
95740160,939954865
95780198,939968173
95820234,939986333
95860268,939999641
95900300,940012949
95940332,940026257
95980365,940039828
96020417,940053136
96060458,940066970
96100492,940081291
96140526,940094599
96180560,940107907
96211583,940137358
96251615,940150666
96291648,940163974
96331681,940177282
96371718,940190590
96411745,940203898
96451774,940217206
96491815,940230773
96531866,940244081
96571899,940258278
96611936,940272216
96651966,940285524
96691998,940298832
96732034,940312140
96772071,940325448
96812105,940338756
96852139,940352064
96892174,940365372
96932209,940378680
96972249,940395579
97012299,940408887
97052348,940422458
97092380,940437042
97132408,940450350
97172438,940463658
97203463,940493115
97243493,940506423
97283525,940519731
97323559,940533039
97363593,940546347
97403631,940559655
97443663,940572963
97483702,940586530
97523752,940599838
97563798,940614035
97603837,940627973
97643875,940641281
97683914,940654589
97723949,940667897
97763981,940681205
97804015,940694513
97844044,940707821
97884071,940721129
97924104,940734437
97964141,940747745
98004190,940761316
98044239,940774887
98084279,940789471
98124318,940802779
98164353,940816087
98195379,940845547
98235414,940858855
98275451,940872163
98315482,940885471
98355511,940898779
98395541,940912087
98435568,940925395
98475603,940938962
98515654,940952270
98555701,940966096
98595730,940980405
98635767,940993713
98675807,941007021
98715845,941020329
98755882,941033637
98795918,941046945
98835955,941060253
98875992,941073561
98916030,941086869
98956061,941100177
98996104,941113748
99036156,941127056
99076196,941141640
99116229,941155211
99156263,941168519
99187289,941179314
99227323,941211299
99267347,941224607
99307380,941237915
99347406,941251223
99387433,941264531
99427461,941277839
99467492,941291147
99507543,941304714
99547590,941318281
99587618,941332849
99627645,941346157
99667672,941359465
99707700,941372773
99747728,941386081
99787762,941399389
99827791,941412697
99867820,941426005
99907850,941439313
99947883,941452621
99987924,941466192
100027981,941479500
100068018,941493709
100108051,941507655
100148086,941520963
100188122,941534271
100219147,941564624
100259181,941577932
100299215,941591240
100339244,941604548
100379277,941617856
100419308,941631164
100459344,941644472
100499392,941658039
100539443,941671606
100579477,941685915
100619508,941699482
100659544,941712790
100699578,941726098
100739613,941739406
100779652,941752714
100819687,941766022
100859715,941779330
100899743,941792638
100939775,941805946
100979805,941819517
101019855,941832825
101059902,941846659
101099935,941860980
101139970,941874288
101180002,941887596
101211033,941917952
101251072,941931260
101291109,941944568
101331146,941957876
101371184,941971184
101411225,941984492
101451263,941997800
101491307,942011367
101531360,942024675
101571402,942038872
101611428,942052810
101651466,942066118
101691498,942079426
101731523,942092734
101771548,942106042
101811577,942119350
101851609,942132658
101891636,942145966
101931666,942159274
101971697,942172582
102011744,942186153
102051792,942199724
102091817,942214308
102131846,942227616
102171876,942240924
102202901,942271283
102242932,942284591
102282968,942297899
102322997,942311207
102363024,942324515
102403047,942337823
102443072,942351131
102483108,942364698
102523157,942378006
102563200,942391832
102603227,942406141
102643257,942419449
102683284,942432757
102723315,942446065
102763344,942459373
102803381,942478909
102843419,942492217
102883458,942505525
102923491,942518833
102963525,942532141
103003565,942545712
103043617,942559283
103083649,942573604
103123680,942587175
103163707,942600483
103194730,942611278
103234761,942644162
103274789,942657470
103314821,942670778
103354851,942684086
103394883,942697394
103434909,942710702
103474942,942724269
103514992,942737577
103555039,942751144
103595070,942765712
103635100,942779020
103675132,942792328
103715162,942805636
103755189,942818944
103795227,942832252
103835262,942845560
103875291,942858868
103915324,942872176
103955360,942885484
103995404,942899055
104035454,942912363
104075490,942926572
104115524,942940518
104155558,942953826
104195590,942967134
104226611,942997478
104266648,943010786
104306679,943024094
104346704,943037402
104386733,943050710
104426765,943064018
104466801,943077326
104506848,943090893
104546897,943104460
104586929,943118769
104626958,943132336
104666989,943145644
104707019,943158952
104747045,943172260
104787077,943198100
104827109,943211408
104867145,943224716
104907181,943238024
104947217,943251332
104987254,943264903
105027305,943278211
105067348,943292045
105107379,943306366
105147406,943319674
105187438,943332982
105218460,943363347
105258486,943376655
105298513,943389963
105338542,943403271
105378568,943416579
105418601,943429887
105458634,943443195
105498681,943456762
105538736,943470070
105578777,943484267
105618817,943498205
105658854,943511513
105698890,943524821
105738925,943538129
105778956,943551437
105818985,943564745
105859015,943578053
105899046,943591361
105939074,943604669
105979105,943618240
106019157,943631548
106059202,943645119
106099230,943659703
106139271,943673011
106179311,943686319
106210337,943716675
106250374,943729983
106290407,943743291
106330437,943756599
106370465,943769907
106410491,943783215
106450523,943796523
106490559,943810090
106530609,943823398
106570647,943837224
106610676,943851533
106650706,943864841
106690738,943878149
106730771,943891457
106770811,943904765
106810849,943918073
106850883,943931381
106890915,943944689
106930942,943957997
106970971,943971305
107011017,943984876
107051070,943998447
107091106,944013031
107131134,944026339
107171163,944039647
107202186,944050442
107242210,944083329
107282240,944096637
107322271,944109945
107362301,944123253
107402340,944136561
107442375,944149869
107482414,944163436
107522465,944176744
107562510,944190311
107602545,944204879
107642580,944218187
107682614,944231495
107722650,944244803
107762688,944258111
107802725,944271419
107842760,944284727
107882794,944298035
107922821,944311343
107962853,944324651
108002895,944338222
108042944,944351530
108082983,944366114
108123016,944379685
108163042,944392993
108203073,944406301
108234098,944436678
108274128,944449986
108314157,944463294
108354190,944476602
108394226,944489910
108434260,944503218
108474288,944516526
108514339,944530093
108554387,944543660
108594418,944558228
108634450,944571536
108674491,944584844
108714526,944598152
108754555,944611460
108794586,944624768
108834615,944638076
108874641,944651384
108914669,944664692
108954699,944678000
108994736,944691571
109034785,944704879
109074825,944719088
109114861,944733034
109154890,944746342
109194926,944759650
109225949,944789988
109265982,944803296
109306015,944816604
109346045,944829912
109386079,944843220
109426108,944856528
109466135,944869836
109506181,944883403
109546234,944896970
109586268,944911279
109626306,944924846
109666341,944938154
109706372,944951462
109746402,944964770
109786433,944978078
109826457,944991386
109866485,945004694
109906509,945018002
109946536,945031310
109986572,945044881
110026622,945058189
110066665,945072023
110106703,945086344
110146743,945099652
110186773,945112960
110217799,945143334
110257827,945156642
110297859,945169950
110337892,945183258
110377926,945196566
110417962,945209874
110457993,945223182
110498032,945236749
110538083,945250057
110578122,945264254
110618152,945278192
110658184,945291500
110698219,945304808
110738252,945324408
110778287,945341948
110818317,945355256
110858348,945368564
110898380,945381872
110938417,945395180
110978455,945408488
111018506,945422059
111058553,945435630
111098584,945450214
111138611,945463522
111178643,945476830
111209663,945487625
111249687,945520488
111289713,945533796
111329742,945547104
111369770,945560412
111409796,945573720
111449826,945587028
111489866,945600595
111529916,945613903
111569959,945627729
111609987,945642038
111650016,945655346
111690045,945668654
111730078,945681962
111770112,945695270
111810147,945708578
111850180,945721886
111890211,945735194
111930244,945748502
111970275,945761810
112010320,945775381
112050371,945788952
112090401,945803273
112130429,945816844
112170462,945830152
112210487,945843460
112241507,945879654
112281539,945892962
112321563,945906270
112361598,945919578
112401634,945932886
112441673,945946194
112481709,945959761
112521760,945973069
112561805,945986636
112601843,946001204
112641877,946014512
112681906,946027820
112721942,946041128
112761973,946054436
112802003,946067744
112842025,946081052
112882053,946094360
112922081,946107668
112962114,946120976
113002152,946134547
113042206,946147855
113082241,946162064
113122275,946176010
113162314,946189318
113202349,946202626
113233374,946232970
113273409,946246278
113313440,946259586
113353466,946272894
113393496,946286202
113433524,946299510
113473551,946312818
113513600,946326385
113553649,946339952
113593685,946354261
113633718,946367828
113673751,946381136
113713784,946394444
113753815,946407752
113793843,946421060
113833875,946434368
113873902,946447676
113913932,946460984
113953961,946474292
113993994,946487863
114034045,946501171
114074090,946515005
114114129,946529326
114154163,946542634
114194196,946555942
114225216,946586322
114265247,946599630
114305281,946612938
114345316,946626246
114385347,946639554
114425378,946652862
114465412,946666170
114505459,946679737
114545508,946693045
114585542,946707242
114625573,946721180
114665606,946734488
114705639,946747796
114745671,946761104
114785704,946774412
114825734,946787720
114865765,946801028
114905797,946814336
114945827,946827644
114985856,946841215
115025905,946854523
115065951,946868094
115105986,946882678
115146013,946895986
115186048,946909294
115217071,946920089
115257097,946952934
115297125,946966242
115337158,946979550
115377184,946992858
115417215,947006166
115457251,947019474
115497291,947033041
115537343,947046349
115577384,947060175
115617418,947074484
115657446,947087792
115697477,947101100
115737501,947114408
115777534,947127716
115817568,947141024
115857601,947154332
115897634,947167640
115937666,947180948
115977694,947194256
116017740,947207827
116057789,947221398
116097818,947235719
116137850,947256170
116177881,947269478
116217913,947282786
116248936,947313145
116288965,947326453
116328995,947339761
116369022,947353069
116409053,947366377
116449083,947379685
116489112,947393252
116529164,947406560
116569209,947420127
116609236,947434695
116649267,947448003
116689292,947461311
116729322,947474619
116769349,947487927
116809379,947501235
116849414,947514543
116889444,947527851
116929475,947541159
116969506,947554467
117009550,947568038
117049602,947581346
117089634,947595555
117129665,947609501
117169699,947622809
117209725,947636117
117240748,947666461
117280785,947679769
117320813,947693077
117360842,947706385
117400874,947719693
117440910,947733001
117480942,947746309
117520991,947759876
117561039,947773443
117601075,947788011
117641109,947801319
117681143,947814627
117721170,947827935
117761199,947841243
117801232,947854551
117841256,947867859
117881291,947881167
117921319,947894475
117961346,947907783
118001384,947921354
118041434,947934662
118081474,947948871
118121499,947962817
118161530,947976125
118201559,947989433
118232583,948019789
118272612,948033097
118312641,948046405
118352674,948059713
118392700,948073021
118432729,948086329
118472762,948099637
118512806,948113204
118552857,948126512
118592889,948141080
118632918,948154647
118672945,948167955
118712977,948191935
118753013,948205243
118793040,948218551
118833072,948231859
118873100,948245167
118913126,948258475
118953156,948271783
118993189,948285354
119033238,948298662
119073283,948312496
119113315,948326817
119153346,948340125
119193378,948353433
119224401,948364228
119264431,948397079
119304459,948410387
119344490,948423695
119384524,948437003
119424552,948450311
119464582,948463619
119504620,948477186
119544671,948490494
119584715,948504691
119624754,948518629
119664790,948531937
119704825,948545245
119744855,948558553
119784882,948571861
119824915,948585169
119864941,948598477
119904969,948611785
119945002,948625093
119985037,948638401
120025086,948651972
120065134,948665543
120105171,948680127
120145208,948693435
120185243,948706743
120225275,948720051
120265309,948734905
120305344,948748213
120345382,948761521
120385418,948774829
120425457,948788137
120465495,948801445
120505542,948815009
120545593,948828317
120585630,948842381
120625664,948856203
120665702,948869511
120705750,948882819
120745807,948896127
120785867,948909435
120825929,948922743
120865991,948936051
120906051,948949359
120946112,948962667
120986174,948975975
121026241,948989484
121066311,949002792
121106378,949016238
121146446,949029266
TS,2
32551,629
72620,669
112689,709
152759,749
192828,789
232898,829
272967,869
313036,909
353105,949
393175,989
433244,1029
473317,1069
513370,1109
553417,1149
593469,1189
633521,1229
673574,1269
713623,1309
753676,1349
793726,1389
833777,1429
873831,1469
913872,1509
953908,1549
993942,1589
1024971,1620
1065009,1660
1105043,1700
1145074,1740
1185101,1780
1225130,1820
1265164,1860
1305191,1900
1345217,1940
1385243,1980
1425291,2020
1465340,2060
1505373,2100
1545407,2140
1585445,2180
1625479,2220
1665516,2260
1705554,2300
1745587,2340
1785619,2380
1825649,2420
1865674,2460
1905717,2500
1945767,2540
1985808,2580
2016837,2611
2056871,2651
2096904,2691
2136937,2731
2176973,2771
2217011,2811
2257051,2851
2297089,2891
2337123,2931
2377151,2971
2417197,3011
2457248,3051
2497282,3091
2537309,3131
2577339,3171
2617368,3211
2657396,3251
2697429,3291
2737460,3331
2777495,3371
2817525,3411
2857556,3451
2897589,3491
2937639,3531
2977686,3571
3008716,3602
3048738,3642
3088769,3682
3128803,3722
3168827,3762
3208853,3802
3248888,3842
3288915,3882
3328945,3922
3368975,3962
3409016,4002
3449068,4042
3489107,4082
3529143,4122
3569173,4162
3609209,4202
3649241,4242
3689272,4282
3729296,4322
3769329,4362
3809363,4402
3849398,4442
3889430,4482
3929479,4522
3969528,4562
4009559,4602
4040587,4633
4080619,4673
4120657,4713
4160691,4753
4200728,4793
4240764,4833
4280800,4873
4320835,4913
4360869,4953
4400906,4993
4440956,5033
4480997,5073
4521030,5113
4561060,5153
4601087,5193
4641116,5233
4681146,5273
4721178,5313
4761206,5353
4801236,5393
4841270,5433
4881303,5473
4921345,5513
4961395,5553
5001426,5593
5032451,5624
5072477,5664
5112509,5704
5152537,5744
5192564,5784
5232593,5824
5272623,5864
5312654,5904
5352682,5944
5392715,5984
5432769,6024
5472816,6064
5512854,6104
5552886,6144
5592914,6184
5632945,6224
5672972,6264
5713000,6304
5753028,6344
5793058,6384
5833087,6424
5873114,6464
5913153,6504
5953207,6544
5993246,6584
6024271,6615
6064311,6655
6104348,6695
6144381,6735
6184409,6775
6224440,6815
6264468,6855
6304499,6895
6344523,6935
6384549,6975
6424595,7015
6464646,7055
6504682,7095
6544717,7135
6584754,7175
6624788,7215
6664828,7255
6704868,7295
6744904,7335
6784936,7375
6824964,7415
6864995,7455
6905029,7495
6945080,7535
6985123,7575
7016153,7606
7056184,7646
7096219,7686
7136251,7726
7176287,7766
7216315,7806
7256351,7846
7296394,7886
7336434,7926
7376467,7966
7416513,8006
7456563,8046
7496606,8086
7536636,8126
7576667,8166
7616701,8206
7656735,8246
7696773,8286
7736804,8326
7776833,8366
7816866,8406
7856901,8446
7896937,8486
7936987,8526
7977035,8566
8017068,8606
8048091,8637
8088129,8677
8128162,8717
8168191,8757
8208225,8797
8248252,8837
8288281,8877
8328312,8917
8368341,8957
8408379,8997
8448434,9037
8488471,9077
8528504,9117
8568534,9157
8608563,9197
8648593,9237
8688623,9277
8728659,9317
8768693,9357
8808731,9397
8848759,9437
8888799,9477
8928850,9517
8968900,9557
9008937,9597
9039959,9628
9079991,9668
9120024,9708
9160060,9748
9200095,9788
9240127,9828
9280161,9868
9320191,9908
9360220,9948
9400249,9988
9440300,10028
9480343,10068
9520374,10108
9560405,10148
9600437,10188
9640470,10228
9680503,10268
9720540,10308
9760573,10348
9800606,10388
9840644,10428
9880683,10468
9920727,10508
9960780,10548
10000819,10588
10031846,10619
10071881,10659
10111916,10699
10151947,10739
10191980,10779
10232010,10819
10272037,10859
10312070,10899
10352101,10939
10392139,10979
10432191,11019
10472242,11059
10512274,11099
10552307,11139
10592346,11179
10632379,11219
10672411,11259
10712450,11299
10752485,11339
10792512,11379
10832540,11419
10872575,11459
10912614,11499
10952666,11539
10992700,11579
11023728,11610
11063755,11650
11103788,11690
11143818,11730
11183844,11770
11223875,11810
11263904,11850
11303935,11890
11343958,11930
11383985,11970
11424031,12010
11464079,12050
11504115,12090
11544142,12130
11584172,12170
11624204,12210
11664235,12250
11704260,12290
11744288,12330
11784323,12370
11824358,12410
11864390,12450
11904423,12490
11944475,12530
11984519,12570
12024552,12610
12055577,12641
12095608,12681
12135639,12721
12175667,12761
12215703,12801
12255738,12841
12295778,12881
12335815,12921
12375847,12961
12415885,13001
12455937,13041
12495974,13081
12536010,13121
12576047,13161
12616084,13201
12656116,13241
12696147,13281
12736179,13321
12776210,13361
12816242,13401
12856281,13441
12896319,13481
12936369,13521
12976419,13561
13016447,13601
13047475,13632
13087508,13672
13127548,13712
13167589,13752
13207625,13792
13247660,13832
13287693,13872
13327722,13912
13367752,13952
13407786,13992
13447837,14032
13487882,14072
13527912,14112
13567949,14152
13607987,14192
13648015,14232
13688050,14272
13728078,14312
13768112,14352
13808139,14392
13848169,14432
13888199,14472
13928244,14512
13968296,14552
14008330,14592
14039351,14623
14079380,14663
14119410,14703
14159442,14743
14199469,14783
14239500,14823
14279529,14863
14319559,14903
14359587,14943
14399613,14983
14439663,15023
14479711,15063
14519743,15103
14559768,15143
14599799,15183
14639829,15223
14679854,15263
14719883,15303
14759914,15343
14799946,15383
14839978,15423
14880011,15463
14920052,15503
14960104,15543
15000142,15583
15031167,15614
15071201,15654
15111226,15694
15151256,15734
15191290,15774
15231321,15814
15271357,15854
15311384,15894
15351419,15934
15391450,15974
15431494,16014
15471544,16054
15511575,16094
15551607,16134
15591639,16174
15631672,16214
15671705,16254
15711736,16294
15751768,16334
15791798,16374
15831826,16414
15871858,16454
15911893,16494
15951943,16534
15991981,16574
16032012,16614
16063041,16645
16103078,16685
16143107,16725
16183137,16765
16223170,16805
16263204,16845
16303236,16885
16343265,16925
16383301,16965
16423347,17005
16463398,17045
16503433,17085
16543461,17125
16583499,17165
16623531,17205
16663561,17245
16703593,17285
16743630,17325
16783662,17365
16823694,17405
16863723,17445
16903753,17485
16943807,17525
16983853,17565
17023881,17605
17054907,17636
17094933,17676
17134972,17716
17175005,17756
17215032,17796
17255063,17836
17295095,17876
17335133,17916
17375168,17956
17415210,17996
17455261,18036
17495303,18076
17535331,18116
17575359,18156
17615390,18196
17655427,18236
17695457,18276
17735486,18316
17775518,18356
17815547,18396
17855578,18436
17895606,18476
17935656,18516
17975704,18556
18015734,18596
18046758,18627
18086793,18667
18126819,18707
18166848,18747
18206882,18787
18246909,18827
18286941,18867
18326970,18907
18366998,18947
18407031,18987
18447082,19027
18487131,19067
18527166,19107
18567199,19147
18607232,19187
18647268,19227
18687305,19267
18727337,19307
18767368,19347
18807399,19387
18847428,19427
18887459,19467
18927499,19507
18967549,19547
19007580,19587
19038604,19618
19078636,19658
19118664,19698
19158695,19738
19198725,19778
19238764,19818
19278801,19858
19318838,19898
19358870,19938
19398899,19978
19438949,20018
19478998,20058
19519034,20098
19559070,20138
19599104,20178
19639142,20218
19679178,20258
19719210,20298
19759246,20338
19799275,20378
19839310,20418
19879342,20458
19919383,20498
19959437,20538
19999477,20578
20039513,20618
20070539,20649
20110571,20689
20150603,20729
20190638,20769
20230677,20809
20270710,20849
20310748,20889
20350782,20929
20390809,20969
20430850,21009
20470903,21049
20510936,21089
20550967,21129
20591001,21169
20631037,21209
20671071,21249
20711109,21289
20751143,21329
20791178,21369
20831206,21409
20871236,21449
20911268,21489
20951318,21529
20991366,21569
21031400,21609
21062425,21640
21102457,21680
21142491,21720
21182524,21760
21222559,21800
21262597,21840
21302635,21880
21342676,21920
21382715,21960
21422756,22000
21462809,22040
21502854,22080
21542892,22120
21582926,22160
21622955,22200
21662990,22240
21703019,22280
21743053,22320
21783087,22360
21823116,22400
21863145,22440
21903175,22480
21943226,22520
21983276,22560
22023317,22600
22054344,22631
22094372,22671
22134400,22711
22174429,22751
22214461,22791
22254497,22831
22294536,22871
22334564,22911
22374594,22951
22414630,22991
22454682,23031
22494730,23071
22534762,23111
22574790,23151
22614817,23191
22654848,23231
22694875,23271
22734901,23311
22774932,23351
22814962,23391
22854990,23431
22895019,23471
22935063,23511
22975112,23551
23015150,23591
23046180,23622
23086220,23662
23126258,23702
23166290,23742
23206323,23782
23246352,23822
23286381,23862
23326416,23902
23366443,23942
23406473,23982
23446525,24022
23486571,24062
23526601,24102
23566631,24142
23606665,24182
23646698,24222
23686727,24262
23726757,24302
23766788,24342
23806819,24382
23846853,24422
23886888,24462
23926935,24502
23966984,24542
24007028,24582
24047062,24622
24078090,24653
24118131,24693
24158169,24733
24198206,24773
24238243,24813
24278277,24853
24318314,24893
24358347,24933
24398390,24973
24438439,25013
24478491,25053
24518523,25093
24558552,25133
24598583,25173
24638613,25213
24678643,25253
24718679,25293
24758707,25333
24798735,25373
24838765,25413
24878801,25453
24918839,25493
24958891,25533
24998932,25573
25038963,25613
25069993,25644
25110027,25684
25150064,25724
25190099,25764
25230131,25804
25270162,25844
25310188,25884
25350222,25924
25390250,25964
25430288,26004
25470339,26044
25510375,26084
25550412,26124
25590443,26164
25630480,26204
25670517,26244
25710547,26284
25750583,26324
25790621,26364
25830654,26404
25870687,26444
25910722,26484
25950773,26524
25990818,26564
26030854,26604
26061877,26635
26101913,26675
26141946,26715
26181984,26755
26222026,26795
26262065,26835
26302094,26875
26342124,26915
26382155,26955
26422191,26995
26462240,27035
26502282,27075
26542309,27115
26582340,27155
26622365,27195
26662393,27235
26702423,27275
26742453,27315
26782487,27355
26822524,27395
26862557,27435
26902584,27475
26942630,27515
26982680,27555
27022712,27595
27053737,27626
27093762,27666
27133788,27706
27173820,27746
27213847,27786
27253880,27826
27293914,27866
27333945,27906
27373977,27946
27414016,27986
27454070,28026
27494118,28066
27534147,28106
27574182,28146
27614213,28186
27654242,28226
27694276,28266
27734301,28306
27774333,28346
27814367,28386
27854399,28426
27894435,28466
27934477,28506
27974529,28546
28014568,28586
28054594,28626
28085623,28657
28125655,28697
28165688,28737
28205717,28777
28245755,28817
28285783,28857
28325814,28897
28365852,28937
28405886,28977
28445931,29017
28485980,29057
28526014,29097
28566053,29137
28606081,29177
28646109,29217
28686148,29257
28726186,29297
28766215,29337
28806252,29377
28846279,29417
28886310,29457
28926350,29497
28966401,29537
29006444,29577
29046477,29617
29077504,29648
29117538,29688
29157572,29728
29197611,29768
29237646,29808
29277684,29848
29317724,29888
29357759,29928
29397797,29968
29437841,30008
29477895,30048
29517934,30088
29557971,30128
29598009,30168
29638047,30208
29678083,30248
29718125,30288
29758161,30328
29798202,30368
29838232,30408
29878267,30448
29918305,30488
29958354,30528
29998399,30568
30038441,30608
30069467,30639
30109498,30679
30149531,30719
30189562,30759
30229594,30799
30269624,30839
30309654,30879
30349686,30919
30389714,30959
30429755,30999
30469806,31039
30509847,31079
30549884,31119
30589926,31159
30629964,31199
30670001,31239
30710042,31279
30750080,31319
30790118,31359
30830151,31399
30870186,31439
30910218,31479
30950266,31519
30990313,31559
31030349,31599
31061374,31630
31101401,31670
31141432,31710
31181462,31750
31221492,31790
31261523,31830
31301556,31870
31341584,31910
31381612,31950
31421649,31990
31461700,32030
31501743,32070
31541772,32110
31581801,32150
31621831,32190
31661861,32230
31701893,32270
31741927,32310
31781958,32350
31821986,32390
31862015,32430
31902048,32470
31942089,32510
31982136,32550
32022168,32590
32062200,32630
32093224,32661
32133255,32701
32173283,32741
32213317,32781
32253348,32821
32293373,32861
32333408,32901
32373439,32941
32413480,32981
32453529,33021
32493578,33061
32533618,33101
32573653,33141
32613685,33181
32653716,33221
32693752,33261
32733779,33301
32773811,33341
32813838,33381
32853875,33421
32893909,33461
32933946,33501
32973997,33541
33014034,33581
33054066,33621
33085090,33652
33125126,33692
33165160,33732
33205195,33772
33245223,33812
33285251,33852
33325281,33892
33365308,33932
33405342,33972
33445389,34012
33485437,34052
33525467,34092
33565497,34132
33605526,34172
33645556,34212
33685589,34252
33725617,34292
33765649,34332
33805683,34372
33845709,34412
33885740,34452
33925779,34492
33965829,34532
34005871,34572
34045905,34612
34076928,34643
34116958,34683
34156985,34723
34197020,34763
34237054,34803
34277090,34843
34317121,34883
34357157,34923
34397196,34963
34437241,35003
34477291,35043
34517329,35083
34557369,35123
34597411,35163
34637451,35203
34677486,35243
34717521,35283
34757551,35323
34797584,35363
34837614,35403
34877646,35443
34917677,35483
34957728,35523
34997778,35563
35037818,35603
35068847,35634
35108879,35674
35148913,35714
35188940,35754
35228969,35794
35269000,35834
35309028,35874
35349062,35914
35389090,35954
35429132,35994
35469185,36034
35509226,36074
35549264,36114
35589305,36154
35629344,36194
35669381,36234
35709413,36274
35749443,36314
35789470,36354
35829500,36394
35869534,36434
35909567,36474
35949613,36514
35989659,36554
36029691,36594
36069718,36634
36100743,36665
36140778,36705
36180813,36745
36220841,36785
36260873,36825
36300910,36865
36340939,36905
36380974,36945
36421006,36985
36461056,37025
36501101,37065
36541132,37105
36581160,37145
36621191,37185
36661223,37225
36701263,37265
36741292,37305
36781325,37345
36821356,37385
36861392,37425
36901422,37465
36941469,37505
36981522,37545
37021555,37585
37061587,37625
37092609,37656
37132643,37696
37172673,37736
37212702,37776
37252732,37816
37292760,37856
37332794,37896
37372825,37936
37412862,37976
37452913,38016
37492960,38056
37532993,38096
37573024,38136
37613060,38176
37653088,38216
37693116,38256
37733144,38296
37773172,38336
37813199,38376
37853227,38416
37893254,38456
37933292,38496
37973346,38536
38013391,38576
38053419,38616
38084448,38647
38124477,38687
38164505,38727
38204534,38767
38244561,38807
38284588,38847
38324617,38887
38364648,38927
38404675,38967
38444721,39007
38484772,39047
38524810,39087
38564844,39127
38604876,39167
38644911,39207
38684939,39247
38724965,39287
38764993,39327
38805020,39367
38845047,39407
38885076,39447
38925112,39487
38965163,39527
39005209,39567
39045244,39607
39076269,39638
39116302,39678
39156333,39718
39196367,39758
39236402,39798
39276434,39838
39316465,39878
39356494,39918
39396525,39958
39436563,39998
39476617,40038
39516657,40078
39556689,40118
39596718,40158
39636746,40198
39676780,40238
39716806,40278
39756837,40318
39796870,40358
39836900,40398
39876933,40438
39916964,40478
39957013,40518
39997062,40558
40037094,40598
40077122,40638
40108141,40669
40148170,40709
40188197,40749
40228223,40789
40268254,40829
40308288,40869
40348321,40909
40388350,40949
40428382,40989
40468434,41029
40508473,41069
40548505,41109
40588542,41149
40628575,41189
40668610,41229
40708641,41269
40748665,41309
40788696,41349
40828725,41389
40868754,41429
40908786,41469
40948829,41509
40988881,41549
41028915,41589
41068951,41629
41099971,41660
41139999,41700
41180030,41740
41220061,41780
41260089,41820
41300120,41860
41340149,41900
41380182,41940
41420214,41980
41460267,42020
41500314,42060
41540350,42100
41580376,42140
41620402,42180
41660432,42220
41700459,42260
41740494,42300
41780519,42340
41820552,42380
41860583,42420
41900616,42460
41940654,42500
41980707,42540
42020737,42580
42060770,42620
42091789,42651
42131818,42691
42171846,42731
42211874,42771
42251901,42811
42291928,42851
42331957,42891
42371990,42931
42412015,42971
42452061,43011
42492114,43051
42532144,43091
42572172,43131
42612200,43171
42652231,43211
42692263,43251
42732292,43291
42772321,43331
42812346,43371
42852373,43411
42892400,43451
42932434,43491
42972485,43531
43012527,43571
43052557,43611
43083582,43642
43123616,43682
43163647,43722
43203680,43762
43243718,43802
43283756,43842
43323789,43882
43363825,43922
43403857,43962
43443900,44002
43483952,44042
43523986,44082
43564019,44122
43604047,44162
43644081,44202
43684115,44242
43724146,44282
43764173,44322
43804203,44362
43844237,44402
43884269,44442
43924306,44482
43964354,44522
44004396,44562
44044427,44602
44084453,44642
44115478,44673
44155504,44713
44195536,44753
44235567,44793
44275594,44833
44315624,44873
44355650,44913
44395678,44953
44435720,44993
44475771,45033
44515808,45073
44555839,45113
44595866,45153
44635894,45193
44675924,45233
44715956,45273
44755993,45313
44796020,45353
44836053,45393
44876077,45433
44916101,45473
44956147,45513
44996197,45553
45036229,45593
45076264,45633
45107288,45664
45147316,45704
45187352,45744
45227387,45784
45267419,45824
45307457,45864
45347495,45904
45387532,45944
45427573,45984
45467622,46024
45507670,46064
45547705,46104
45587737,46144
45627761,46184
45667795,46224
45707825,46264
45747854,46304
45787886,46344
45827922,46384
45867958,46424
45907985,46464
45948029,46504
45988080,46544
46028117,46584
46068155,46624
46099185,46655
46139221,46695
46179260,46735
46219298,46775
46259338,46815
46299373,46855
46339403,46895
46379433,46935
46419464,46975
46459514,47015
46499560,47055
46539595,47095
46579631,47135
46619660,47175
46659693,47215
46699727,47255
46739754,47295
46779784,47335
46819809,47375
46859839,47415
46899872,47455
46939914,47495
46979967,47535
47020006,47575
47060036,47615
47091060,47646
47131090,47686
47171118,47726
47211149,47766
47251179,47806
47291208,47846
47331240,47886
47371271,47926
47411297,47966
47451340,48006
47491395,48046
47531432,48086
47571460,48126
47611492,48166
47651526,48206
47691556,48246
47731583,48286
47771614,48326
47811642,48366
47851670,48406
47891695,48446
47931728,48486
47971777,48526
48011820,48566
48051859,48606
48091894,48646
48122921,48677
48162956,48717
48202989,48757
48243020,48797
48283051,48837
48323080,48877
48363112,48917
48403138,48957
48443177,48997
48483230,49037
48523269,49077
48563298,49117
48603331,49157
48643365,49197
48683392,49237
48723425,49277
48763451,49317
48803478,49357
48843508,49397
48883543,49437
48923572,49477
48963618,49517
49003662,49557
49043694,49597
49083726,49637
49114749,49668
49154779,49708
49194805,49748
49234830,49788
49274861,49828
49314891,49868
49354919,49908
49394945,49948
49434977,49988
49475030,50028
49515073,50068
49555105,50108
49595137,50148
49635171,50188
49675206,50228
49715240,50268
49755275,50308
49795303,50348
49835332,50388
49875368,50428
49915400,50468
49955445,50508
49995495,50548
50035526,50588
50075559,50628
50106585,50659
50146615,50699
50186642,50739
50226671,50779
50266699,50819
50306724,50859
50346760,50899
50386786,50939
50426818,50979
50466868,51019
50506916,51059
50546955,51099
50586992,51139
50627032,51179
50667066,51219
50707101,51259
50747131,51299
50787165,51339
50827203,51379
50867232,51419
50907263,51459
50947302,51499
50987352,51539
51027389,51579
51067419,51619
51098443,51650
51138473,51690
51178502,51730
51218533,51770
51258564,51810
51298597,51850
51338630,51890
51378661,51930
51418691,51970
51458731,52010
51498782,52050
51538810,52090
51578841,52130
51618871,52170
51658900,52210
51698928,52250
51738954,52290
51778982,52330
51819012,52370
51859038,52410
51899071,52450
51939103,52490
51979153,52530
52019192,52570
52059221,52610
52099251,52650
52130269,52681
52170298,52721
52210331,52761
52250365,52801
52290401,52841
52330427,52881
52370458,52921
52410486,52961
52450518,53001
52490568,53041
52530608,53081
52570633,53121
52610661,53161
52650691,53201
52690727,53241
52730755,53281
52770784,53321
52810814,53361
52850841,53401
52890874,53441
52930911,53481
52970960,53521
53011006,53561
53051038,53601
53091066,53641
53122090,53672
53162116,53712
53202142,53752
53242172,53792
53282204,53832
53322233,53872
53362266,53912
53402296,53952
53442329,53992
53482377,54032
53522414,54072
53562446,54112
53602474,54152
53642506,54192
53682537,54232
53722565,54272
53762591,54312
53802616,54352
53842646,54392
53882682,54432
53922713,54472
53962755,54512
54002806,54552
54042834,54592
54082859,54632
54113881,54663
54153912,54703
54193939,54743
54233966,54783
54273994,54823
54314020,54863
54354053,54903
54394080,54943
54434111,54983
54474160,55023
54514203,55063
54554234,55103
54594266,55143
54634293,55183
54674323,55223
54714348,55263
54754375,55303
54794406,55343
54834431,55383
54874462,55423
54914491,55463
54954529,55503
54994579,55543
55034619,55583
55074652,55623
55105678,55654
55145710,55694
55185744,55734
55225775,55774
55265801,55814
55305828,55854
55345857,55894
55385883,55934
55425913,55974
55465955,56014
55506009,56054
55546042,56094
55586075,56134
55626104,56174
55666136,56214
55706168,56254
55746201,56294
55786228,56334
55826256,56374
55866288,56414
55906315,56454
55946347,56494
55986398,56534
56026437,56574
56066464,56614
56106493,56654
56137512,56685
56177538,56725
56217567,56765
56257597,56805
56297629,56845
56337661,56885
56377692,56925
56417726,56965
56457770,57005
56497820,57045
56537849,57085
56577881,57125
56617909,57165
56657934,57205
56697963,57245
56737988,57285
56778020,57325
56818056,57365
56858092,57405
56898132,57445
56938166,57485
56978214,57525
57018258,57565
57058287,57605
57098321,57645
57129345,57676
57169375,57716
57209411,57756
57249440,57796
57289475,57836
57329506,57876
57369539,57916
57409572,57956
57449604,57996
57489654,58036
57529698,58076
57569729,58116
57609759,58156
57649788,58196
57689820,58236
57729847,58276
57769873,58316
57809903,58356
57849933,58396
57889966,58436
57929999,58476
57970043,58516
58010088,58556
58050122,58596
58090148,58636
58121170,58667
58161196,58707
58201222,58747
58241253,58787
58281284,58827
58321318,58867
58361347,58907
58401378,58947
58441411,58987
58481462,59027
58521506,59067
58561535,59107
58601570,59147
58641596,59187
58681623,59227
58721650,59267
58761678,59307
58801704,59347
58841735,59387
58881771,59427
58921801,59467
58961844,59507
59001896,59547
59041929,59587
59081958,59627
59112984,59658
59153009,59698
59193040,59738
59233065,59778
59273094,59818
59313121,59858
59353147,59898
59393180,59938
59433212,59978
59473255,60018
59513302,60058
59553335,60098
59593371,60138
59633412,60178
59673450,60218
59713489,60258
59753525,60298
59793554,60338
59833585,60378
59873620,60418
59913661,60458
59953702,60498
59993755,60538
60033792,60578
60073822,60618
60113853,60658
60144876,60689
60184904,60729
60224934,60769
60264962,60809
60304990,60849
60345017,60889
60385044,60929
60425070,60969
60465112,61009
60505162,61049
60545197,61089
60585226,61129
60625258,61169
60665291,61209
60705322,61249
60745357,61289
60785393,61329
60825426,61369
60865458,61409
60905485,61449
60945514,61489
60985565,61529
61025608,61569
61065641,61609
61105671,61649
61136689,61680
61176724,61720
61216754,61760
61256784,61800
61296812,61840
61336844,61880
61376878,61920
61416915,61960
61456954,62000
61497005,62040
61537041,62080
61577077,62120
61617114,62160
61657151,62200
61697181,62240
61737214,62280
61777251,62320
61817277,62360
61857310,62400
61897338,62440
61937368,62480
61977415,62520
62017456,62560
62057485,62600
62097511,62640
62128534,62671
62168563,62711
62208592,62751
62248621,62791
62288648,62831
62328684,62871
62368712,62911
62408746,62951
62448771,62991
62488820,63031
62528857,63071
62568888,63111
62608920,63151
62648958,63191
62688995,63231
62729021,63271
62769051,63311
62809082,63351
62849113,63391
62889140,63431
62929167,63471
62969212,63511
63009260,63551
63049286,63591
63089320,63631
63120346,63662
63160371,63702
63200400,63742
63240430,63782
63280460,63822
63320489,63862
63360518,63902
63400548,63942
63440575,63982
63480623,64022
63520664,64062
63560692,64102
63600719,64142
63640750,64182
63680775,64222
63720806,64262
63760833,64302
63800865,64342
63840891,64382
63880922,64422
63920948,64462
63960984,64502
64001036,64542
64041071,64582
64081100,64622
64121128,64662
64152155,64693
64192184,64733
64232212,64773
64272238,64813
64312268,64853
64352295,64893
64392325,64933
64432353,64973
64472401,65013
64512451,65053
64552481,65093
64592516,65133
64632548,65173
64672578,65213
64712612,65253
64752639,65293
64792668,65333
64832693,65373
64872722,65413
64912754,65453
64952783,65493
64992835,65533
65032872,65573
65072907,65613
65112947,65653
65143970,65684
65184001,65724
65224034,65764
65264064,65804
65304090,65844
65344114,65884
65384146,65924
65424180,65964
65464216,66004
65504267,66044
65544303,66084
65584333,66124
65624366,66164
65664393,66204
65704420,66244
65744452,66284
65784481,66324
65824506,66364
65864537,66404
65904563,66444
65944598,66484
65984648,66524
66024693,66564
66064724,66604
66104753,66644
66135775,66675
66175800,66715
66215827,66755
66255857,66795
66295890,66835
66335922,66875
66375949,66915
66415980,66955
66456014,66995
66496063,67035
66536101,67075
66576132,67115
66616165,67155
66656194,67195
66696225,67235
66736253,67275
66776280,67315
66816307,67355
66856333,67395
66896365,67435
66936394,67475
66976441,67515
67016485,67555
67056517,67595
67096552,67635
67127572,67666
67167599,67706
67207629,67746
67247662,67786
67287693,67826
67327721,67866
67367748,67906
67407775,67946
67447810,67986
67487858,68026
67527899,68066
67567931,68106
67607961,68146
67647993,68186
67688027,68226
67728051,68266
67768084,68306
67808116,68346
67848148,68386
67888176,68426
67928204,68466
67968244,68506
68008295,68546
68048326,68586
68088351,68626
68128378,68666
68159400,68697
68199427,68737
68239457,68777
68279490,68817
68319524,68857
68359554,68897
68399587,68937
68439620,68977
68479667,69017
68519712,69057
68559743,69097
68599779,69137
68639811,69177
68679841,69217
68719869,69257
68759896,69297
68799927,69337
68839955,69377
68879982,69417
68920013,69457
68960048,69497
69000100,69537
69040139,69577
69080170,69617
69120205,69657
69151225,69688
69191260,69728
69231284,69768
69271310,69808
69311337,69848
69351365,69888
69391395,69928
69431426,69968
69471466,70008
69511521,70048
69551551,70088
69591587,70128
69631616,70168
69671642,70208
69711669,70248
69751697,70288
69791726,70328
69831756,70368
69871784,70408
69911812,70448
69951844,70488
69991896,70528
70031935,70568
70071967,70608
70111995,70648
70143018,70679
70183052,70719
70223086,70759
70263114,70799
70303141,70839
70343171,70879
70383198,70919
70423225,70959
70463261,70999
70503315,71039
70543347,71079
70583379,71119
70623409,71159
70663441,71199
70703469,71239
70743500,71279
70783533,71319
70823561,71359
70863589,71399
70903618,71439
70943646,71479
70983693,71519
71023743,71559
71063777,71599
71103811,71639
71134839,71670
71174861,71710
71214893,71750
71254919,71790
71294950,71830
71334981,71870
71375014,71910
71415045,71950
71455082,71990
71495134,72030
71535170,72070
71575203,72110
71615232,72150
71655265,72190
71695297,72230
71735331,72270
71775357,72310
71815389,72350
71855415,72390
71895443,72430
71935475,72470
71975516,72510
72015566,72550
72055603,72590
72095635,72630
72135667,72670
72166693,72701
72206723,72741
72246757,72781
72286796,72821
72326831,72861
72366863,72901
72406892,72941
72446919,72981
72486967,73021
72527014,73061
72567051,73101
72607083,73141
72647112,73181
72687146,73221
72727183,73261
72767213,73301
72807246,73341
72847276,73381
72887303,73421
72927335,73461
72967374,73501
73007426,73541
73047462,73581
73087499,73621
73127530,73661
73158554,73692
73198583,73732
73238610,73772
73278644,73812
73318676,73852
73358703,73892
73398729,73932
73438762,73972
73478802,74012
73518851,74052
73558887,74092
73598922,74132
73638956,74172
73678981,74212
73719007,74252
73759036,74292
73799066,74332
73839095,74372
73879127,74412
73919159,74452
73959192,74492
73999244,74532
74039285,74572
74079313,74612
74119338,74652
74150363,74683
74190392,74723
74230419,74763
74270446,74803
74310474,74843
74350503,74883
74390531,74923
74430560,74963
74470599,75003
74510654,75043
74550693,75083
74590724,75123
74630752,75163
74670780,75203
74710806,75243
74750832,75283
74790866,75323
74830890,75363
74870919,75403
74910947,75443
74950978,75483
74991026,75523
75031068,75563
75071105,75603
75111146,75643
75142173,75674
75182207,75714
75222241,75754
75262275,75794
75302313,75834
75342350,75874
75382381,75914
75422407,75954
75462445,75994
75502499,76034
75542538,76074
75582578,76114
75622615,76154
75662650,76194
75702683,76234
75742713,76274
75782742,76314
75822780,76354
75862814,76394
75902844,76434
75942878,76474
75982926,76514
76022978,76554
76063013,76594
76103045,76634
76143079,76674
76174108,76705
76214143,76745
76254174,76785
76294203,76825
76334230,76865
76374260,76905
76414297,76945
76454329,76985
76494381,77025
76534427,77065
76574461,77105
76614496,77145
76654527,77185
76694563,77225
76734597,77265
76774633,77305
76814668,77345
76854697,77385
76894729,77425
76934764,77465
76974806,77505
77014856,77545
77054894,77585
77094930,77625
77134969,77665
77165993,77696
77206019,77736
77246050,77776
77286081,77816
77326111,77856
77366139,77896
77406165,77936
77446199,77976
77486245,78016
77526294,78056
77566329,78096
77606359,78136
77646385,78176
77686420,78216
77726452,78256
77766485,78296
77806516,78336
77846542,78376
77886575,78416
77926605,78456
77966637,78496
78006688,78536
78046733,78576
78086761,78616
78126787,78656
78157810,78687
78197836,78727
78237870,78767
78277902,78807
78317933,78847
78357969,78887
78398011,78927
78438048,78967
78478095,79007
78518147,79047
78558181,79087
78598207,79127
78638236,79167
78678268,79207
78718297,79247
78758326,79287
78798359,79327
78838392,79367
78878426,79407
78918458,79447
78958489,79487
78998541,79527
79038589,79567
79078616,79607
79118648,79647
79149674,79678
79189707,79718
79229738,79758
79269766,79798
79309796,79838
79349828,79878
79389859,79918
79429888,79958
79469930,79998
79509984,80038
79550024,80078
79590058,80118
79630089,80158
79670130,80198
79710169,80238
79750204,80278
79790235,80318
79830264,80358
79870291,80398
79910324,80438
79950354,80478
79990405,80518
80030454,80558
80070491,80598
80110517,80638
80150546,80678
80181568,80709
80221598,80749
80261628,80789
80301665,80829
80341706,80869
80381744,80909
80421779,80949
80461812,80989
80501861,81029
80541904,81069
80581937,81109
80621969,81149
80662005,81189
80702036,81229
80742064,81269
80782094,81309
80822123,81349
80862156,81389
80902188,81429
80942223,81469
80982271,81509
81022322,81549
81062364,81589
81102401,81629
81142434,81669
81173461,81700
81213494,81740
81253526,81780
81293560,81820
81333589,81860
81373624,81900
81413659,81940
81453692,81980
81493738,82020
81533787,82060
81573818,82100
81613852,82140
81653879,82180
81693906,82220
81733941,82260
81773968,82300
81813995,82340
81854025,82380
81894054,82420
81934088,82460
81974120,82500
82014170,82540
82054209,82580
82094239,82620
82134273,82660
82165300,82691
82205334,82731
82245367,82771
82285403,82811
82325436,82851
82365466,82891
82405492,82931
82445521,82971
82485567,83011
82525618,83051
82565652,83091
82605684,83131
82645715,83171
82685743,83211
82725772,83251
82765805,83291
82805838,83331
82845874,83371
82885902,83411
82925929,83451
82965960,83491
83006012,83531
83046057,83571
83086090,83611
83126114,83651
83157140,83682
83197170,83722
83237200,83762
83277232,83802
83317262,83842
83357295,83882
83397333,83922
83437362,83962
83477409,84002
83517460,84042
83557499,84082
83597537,84122
83637569,84162
83677606,84202
83717639,84242
83757669,84282
83797698,84322
83837735,84362
83877763,84402
83917796,84442
83957828,84482
83997874,84522
84037920,84562
84077952,84602
84117989,84642
84158020,84682
84189040,84713
84229069,84753
84269101,84793
84309133,84833
84349167,84873
84389202,84913
84429235,84953
84469271,84993
84509322,85033
84549365,85073
84589394,85113
84629421,85153
84669453,85193
84709485,85233
84749521,85273
84789561,85313
84829595,85353
84869633,85393
84909671,85433
84949713,85473
84989760,85513
85029809,85553
85069838,85593
85109873,85633
85149903,85673
85180925,85704
85220957,85744
85260985,85784
85301015,85824
85341050,85864
85381079,85904
85421120,85944
85461154,85984
85501205,86024
85541254,86064
85581286,86104
85621317,86144
85661352,86184
85701388,86224
85741422,86264
85781447,86304
85821475,86344
85861503,86384
85901533,86424
85941569,86464
85981609,86504
86021662,86544
86061702,86584
86101734,86624
86141761,86664
86172790,86695
86212819,86735
86252849,86775
86292876,86815
86332905,86855
86372930,86895
86412961,86935
86452989,86975
86493041,87015
86533092,87055
86573130,87095
86613165,87135
86653197,87175
86693231,87215
86733258,87255
86773289,87295
86813319,87335
86853346,87375
86893376,87415
86933403,87455
86973442,87495
87013493,87535
87053536,87575
87093570,87615
87133606,87655
87164637,87686
87204669,87726
87244704,87766
87284743,87806
87324783,87846
87364824,87886
87404858,87926
87444891,87966
87484931,88006
87524980,88046
87565016,88086
87605048,88126
87645079,88166
87685107,88206
87725140,88246
87765175,88286
87805212,88326
87845246,88366
87885282,88406
87925316,88446
87965349,88486
88005403,88526
88045450,88566
88085486,88606
88125522,88646
88165551,88686
88196573,88717
88236602,88757
88276632,88797
88316661,88837
88356691,88877
88396731,88917
88436764,88957
88476806,88997
88516858,89037
88556897,89077
88596934,89117
88636969,89157
88676999,89197
88717030,89237
88757070,89277
88797107,89317
88837137,89357
88877165,89397
88917195,89437
88957223,89477
88997269,89517
89037319,89557
89077354,89597
89117383,89637
89157419,89677
89188445,89708
89228474,89748
89268505,89788
89308531,89828
89348567,89868
89388595,89908
89428627,89948
89468657,89988
89508709,90028
89548754,90068
89588792,90108
89628827,90148
89668870,90188
89708902,90228
89748933,90268
89788970,90308
89829000,90348
89869031,90388
89909065,90428
89949091,90468
89989134,90508
90029187,90548
90069225,90588
90109263,90628
90149302,90668
90180324,90699
90220357,90739
90260390,90779
90300423,90819
90340459,90859
90380488,90899
90420520,90939
90460551,90979
90500600,91019
90540652,91059
90580685,91099
90620720,91139
90660753,91179
90700785,91219
90740814,91259
90780849,91299
90820881,91339
90860915,91379
90900952,91419
90940983,91459
90981018,91499
91021069,91539
91061105,91579
91101138,91619
91141172,91659
91172201,91690
91212234,91730
91252263,91770
91292295,91810
91332321,91850
91372354,91890
91412386,91930
91452416,91970
91492459,92010
91532511,92050
91572545,92090
91612578,92130
91652618,92170
91692653,92210
91732688,92250
91772717,92290
91812747,92330
91852778,92370
91892812,92410
91932849,92450
91972887,92490
92012937,92530
92052984,92570
92093019,92610
92133047,92650
92173077,92690
92204105,92721
92244135,92761
92284173,92801
92324201,92841
92364231,92881
92404268,92921
92444300,92961
92484343,93001
92524393,93041
92564431,93081
92604458,93121
92644484,93161
92684517,93201
92724546,93241
92764578,93281
92804609,93321
92844640,93361
92884670,93401
92924709,93441
92964751,93481
93004802,93521
93044848,93561
93084875,93601
93124905,93641
93164937,93681
93195958,93712
93235988,93752
93276017,93792
93316050,93832
93356075,93872
93396109,93912
93436143,93952
93476180,93992
93516232,94032
93556274,94072
93596311,94112
93636346,94152
93676380,94192
93716411,94232
93756446,94272
93796480,94312
93836514,94352
93876550,94392
93916576,94432
93956609,94472
93996653,94512
94036704,94552
94076743,94592
94116775,94632
94156808,94672
94187829,94703
94227865,94743
94267891,94783
94307919,94823
94347946,94863
94387979,94903
94428013,94943
94468042,94983
94508094,95023
94548139,95063
94588174,95103
94628210,95143
94668240,95183
94708275,95223
94748307,95263
94788342,95303
94828370,95343
94868400,95383
94908432,95423
94948469,95463
94988511,95503
95028563,95543
95068602,95583
95108632,95623
95148658,95663
95179686,95694
95219715,95734
95259745,95774
95299775,95814
95339805,95854
95379835,95894
95419870,95934
95459905,95974
95499951,96014
95540002,96054
95580031,96094
95620063,96134
95660100,96174
95700131,96214
95740161,96254
95780198,96294
95820235,96334
95860269,96374
95900300,96414
95940332,96454
95980366,96494
96020418,96534
96060459,96574
96100492,96614
96140527,96654
96180561,96694
96211584,96725
96251615,96765
96291649,96805
96331682,96845
96371718,96885
96411746,96925
96451775,96965
96491816,97005
96531867,97045
96571900,97085
96611937,97125
96651967,97165
96691999,97205
96732034,97245
96772072,97285
96812106,97325
96852139,97365
96892175,97405
96932210,97445
96972250,97485
97012300,97525
97052349,97565
97092381,97605
97132409,97645
97172439,97685
97203463,97716
97243494,97756
97283525,97796
97323559,97836
97363595,97876
97403631,97916
97443664,97956
97483702,97996
97523753,98036
97563799,98076
97603837,98116
97643876,98156
97683915,98196
97723950,98236
97763982,98276
97804016,98316
97844045,98356
97884072,98396
97924105,98436
97964142,98476
98004191,98516
98044240,98556
98084279,98596
98124318,98636
98164354,98676
98195380,98707
98235415,98747
98275452,98787
98315482,98827
98355511,98867
98395541,98907
98435569,98947
98475604,98987
98515654,99027
98555702,99067
98595731,99107
98635767,99147
98675808,99187
98715846,99227
98755883,99267
98795918,99307
98835955,99347
98875993,99387
98916031,99427
98956061,99467
98996104,99507
99036157,99547
99076197,99587
99116229,99627
99156263,99667
99187289,99698
99227323,99738
99267348,99778
99307381,99818
99347407,99858
99387434,99898
99427462,99938
99467493,99978
99507544,100018
99547590,100058
99587619,100098
99627646,100138
99667673,100178
99707701,100218
99747729,100258
99787763,100298
99827792,100338
99867821,100378
99907850,100418
99947884,100458
99987925,100498
100027982,100538
100068019,100578
100108052,100618
100148087,100658
100188123,100698
100219148,100729
100259182,100769
100299216,100809
100339244,100849
100379277,100889
100419308,100929
100459344,100969
100499392,101009
100539444,101049
100579478,101089
100619509,101129
100659544,101169
100699579,101209
100739614,101249
100779654,101289
100819688,101329
100859716,101369
100899744,101409
100939775,101449
100979806,101489
101019856,101529
101059902,101569
101099936,101609
101139972,101649
101180003,101689
101211034,101720
101251073,101760
101291110,101800
101331147,101840
101371185,101880
101411225,101920
101451263,101960
101491307,102000
101531361,102040
101571403,102080
101611429,102120
101651466,102160
101691498,102200
101731524,102240
101771548,102280
101811578,102320
101851610,102360
101891636,102400
101931667,102440
101971697,102480
102011744,102520
102051793,102560
102091818,102600
102131846,102640
102171877,102680
102202902,102711
102242932,102751
102282968,102791
102322998,102831
102363024,102871
102403047,102911
102443072,102951
102483109,102991
102523158,103031
102563201,103071
102603228,103111
102643258,103151
102683285,103191
102723315,103231
102763344,103271
102803382,103311
102843420,103351
102883458,103391
102923491,103431
102963525,103471
103003566,103511
103043618,103551
103083650,103591
103123681,103631
103163707,103671
103194731,103702
103234762,103742
103274790,103782
103314822,103822
103354852,103862
103394884,103902
103434909,103942
103474943,103982
103514993,104022
103555040,104062
103595071,104102
103635101,104142
103675132,104182
103715162,104222
103755189,104262
103795228,104302
103835263,104342
103875291,104382
103915325,104422
103955361,104462
103995404,104502
104035455,104542
104075491,104582
104115525,104622
104155559,104662
104195591,104702
104226612,104733
104266649,104773
104306679,104813
104346705,104853
104386733,104893
104426766,104933
104466802,104973
104506849,105013
104546898,105053
104586929,105093
104626959,105133
104666990,105173
104707020,105213
104747047,105253
104787077,105293
104827110,105333
104867146,105373
104907182,105413
104947218,105453
104987255,105493
105027306,105533
105067349,105573
105107380,105613
105147407,105653
105187438,105693
105218460,105724
105258486,105764
105298514,105804
105338543,105844
105378569,105884
105418601,105924
105458635,105964
105498682,106004
105538737,106044
105578778,106084
105618817,106124
105658855,106164
105698891,106204
105738926,106244
105778957,106284
105818986,106324
105859016,106364
105899047,106404
105939075,106444
105979106,106484
106019158,106524
106059203,106564
106099231,106604
106139271,106644
106179311,106684
106210338,106715
106250375,106755
106290407,106795
106330437,106835
106370466,106875
106410492,106915
106450524,106955
106490560,106995
106530610,107035
106570648,107075
106610677,107115
106650707,107155
106690739,107195
106730772,107235
106770812,107275
106810850,107315
106850883,107355
106890916,107395
106930942,107435
106970972,107475
107011018,107515
107051071,107555
107091107,107595
107131135,107635
107171164,107675
107202187,107706
107242211,107746
107282241,107786
107322272,107826
107362301,107866
107402340,107906
107442375,107946
107482414,107986
107522465,108026
107562511,108066
107602546,108106
107642581,108146
107682615,108186
107722651,108226
107762689,108266
107802726,108306
107842761,108346
107882795,108386
107922822,108426
107962853,108466
108002896,108506
108042945,108546
108082984,108586
108123017,108626
108163043,108666
108203074,108706
108234099,108737
108274129,108777
108314158,108817
108354191,108857
108394227,108897
108434260,108937
108474289,108977
108514340,109017
108554388,109057
108594419,109097
108634451,109137
108674492,109177
108714526,109217
108754556,109257
108794587,109297
108834615,109337
108874641,109377
108914669,109417
108954700,109457
108994736,109497
109034786,109537
109074825,109577
109114861,109617
109154890,109657
109194927,109697
109225950,109728
109265982,109768
109306015,109808
109346046,109848
109386079,109888
109426108,109928
109466136,109968
109506181,110008
109546235,110048
109586269,110088
109626307,110128
109666342,110168
109706373,110208
109746403,110248
109786433,110288
109826458,110328
109866486,110368
109906510,110408
109946537,110448
109986572,110488
110026623,110528
110066665,110568
110106703,110608
110146743,110648
110186773,110688
110217799,110719
110257828,110759
110297859,110799
110337893,110839
110377927,110879
110417962,110919
110457994,110959
110498033,110999
110538083,111039
110578123,111079
110618153,111119
110658185,111159
110698220,111199
110738252,111239
110778288,111279
110818318,111319
110858349,111359
110898381,111399
110938418,111439
110978456,111479
111018506,111519
111058554,111559
111098585,111599
111138612,111639
111178644,111679
111209664,111710
111249687,111750
111289713,111790
111329743,111830
111369771,111870
111409796,111910
111449827,111950
111489867,111990
111529917,112030
111569960,112070
111609988,112110
111650016,112150
111690045,112190
111730078,112230
111770113,112270
111810148,112310
111850181,112350
111890212,112390
111930245,112430
111970276,112470
112010321,112510
112050372,112550
112090401,112590
112130430,112630
112170463,112670
112210488,112710
112241508,112741
112281540,112781
112321564,112821
112361599,112861
112401635,112901
112441673,112941
112481710,112981
112521760,113021
112561805,113061
112601843,113101
112641878,113141
112681907,113181
112721942,113221
112761974,113261
112802003,113301
112842026,113341
112882053,113381
112922081,113421
112962114,113461
113002153,113501
113042207,113541
113082242,113581
113122276,113621
113162314,113661
113202350,113701
113233375,113732
113273410,113772
113313440,113812
113353466,113852
113393497,113892
113433525,113932
113473552,113972
113513600,114012
113553650,114052
113593686,114092
113633719,114132
113673752,114172
113713785,114212
113753816,114252
113793843,114292
113833876,114332
113873903,114372
113913933,114412
113953961,114452
113993995,114492
114034045,114532
114074091,114572
114114130,114612
114154163,114652
114194196,114692
114225217,114723
114265248,114763
114305282,114803
114345317,114843
114385348,114883
114425379,114923
114465413,114963
114505459,115003
114545509,115043
114585543,115083
114625574,115123
114665606,115163
114705639,115203
114745672,115243
114785705,115283
114825735,115323
114865766,115363
114905798,115403
114945828,115443
114985857,115483
115025905,115523
115065952,115563
115105987,115603
115146013,115643
115186049,115683
115217071,115714
115257098,115754
115297125,115794
115337159,115834
115377185,115874
115417216,115914
115457252,115954
115497292,115994
115537344,116034
115577385,116074
115617418,116114
115657446,116154
115697477,116194
115737502,116234
115777535,116274
115817568,116314
115857602,116354
115897634,116394
115937667,116434
115977695,116474
116017741,116514
116057790,116554
116097820,116594
116137851,116634
116177881,116674
116217914,116714
116248937,116745
116288966,116785
116328996,116825
116369022,116865
116409054,116905
116449084,116945
116489113,116985
116529164,117025
116569209,117065
116609237,117105
116649268,117145
116689293,117185
116729323,117225
116769350,117265
116809380,117305
116849414,117345
116889444,117385
116929476,117425
116969507,117465
117009551,117505
117049603,117545
117089635,117585
117129665,117625
117169699,117665
117209726,117705
117240748,117736
117280785,117776
117320814,117816
117360843,117856
117400875,117896
117440911,117936
117480943,117976
117520992,118016
117561040,118056
117601076,118096
117641110,118136
117681144,118176
117721171,118216
117761200,118256
117801232,118296
117841257,118336
117881292,118376
117921319,118416
117961347,118456
118001384,118496
118041435,118536
118081475,118576
118121500,118616
118161531,118656
118201559,118696
118232584,118727
118272613,118767
118312642,118807
118352675,118847
118392701,118887
118432730,118927
118472763,118967
118512806,119007
118552858,119047
118592890,119087
118632918,119127
118672946,119167
118712978,119207
118753013,119247
118793041,119287
118833072,119327
118873101,119367
118913127,119407
118953157,119447
118993189,119487
119033239,119527
119073284,119567
119113316,119607
119153346,119647
119193379,119687
119224402,119718
119264431,119758
119304460,119798
119344491,119838
119384525,119878
119424553,119918
119464583,119958
119504621,119998
119544672,120038
119584716,120078
119624755,120118
119664790,120158
119704826,120198
119744856,120238
119784882,120278
119824916,120318
119864942,120358
119904969,120398
119945003,120438
119985037,120478
120025086,120518
120065134,120558
120105172,120598
120145209,120638
120185243,120678
120225276,120718
120265310,120758
120305345,120798
120345383,120838
120385419,120878
120425458,120918
120465496,120958
120505542,120998
120545593,121038
120585631,121078
120625665,121118
120665703,121158
120705751,121198
120745808,121238
120785868,121278
120825930,121318
120865992,121358
120906052,121398
120946113,121438
120986175,121478
121026242,121518
121066312,121558
121106378,121598
121146447,121638
TS,3
32551,1466334
72620,1468970
112690,1471606
152759,1474242
192828,1476878
232898,1479514
272967,1482150
313036,1484786
353105,1487422
393175,1490058
433244,1492694
473318,1495578
513371,1498462
553418,1501098
593470,1503734
633522,1506370
673574,1509006
713624,1511642
753677,1514278
793727,1516914
833778,1519550
873832,1522186
913873,1524822
953908,1527545
993942,1530333
1024971,1538316
1065010,1540952
1105044,1543588
1145074,1546224
1185102,1548860
1225131,1551496
1265164,1554132
1305191,1556768
1345218,1559404
1385244,1562040
1425292,1564740
1465341,1567440
1505374,1570376
1545407,1573012
1585446,1575648
1625480,1578284
1665517,1580920
1705555,1583556
1745588,1586192
1785620,1588828
1825650,1591464
1865675,1594100
1905717,1596801
1945767,1599437
1985809,1602290
2016838,1610359
2056872,1612995
2096904,1615631
2136938,1618267
2176973,1620903
2217012,1623539
2257052,1626175
2297090,1628811
2337123,1631447
2377152,1634083
2417198,1636783
2457249,1639483
2497283,1642355
2537310,1645055
2577340,1647691
2617369,1650327
2657397,1652963
2697430,1655599
2737461,1658235
2777495,1660871
2817525,1663507
2857557,1666143
2897590,1668844
2937640,1671480
2977687,1674246
3008717,1676646
3048739,1685036
3088769,1687672
3128803,1690308
3168828,1692944
3208854,1695580
3248889,1698216
3288915,1700852
3328946,1703488
3368976,1706124
3409017,1708824
3449069,1711460
3489108,1714310
3529143,1717096
3569173,1719732
3609210,1722368
3649242,1725004
3689273,1727640
3729297,1730276
3769330,1732912
3809364,1735548
3849399,1738184
3889433,1740885
3929480,1743521
3969528,1746222
4009560,1749162
4040588,1757081
4080620,1759717
4120658,1762353
4160692,1764989
4200728,1767625
4240765,1770261
4280801,1772897
4320836,1775533
4360870,1778169
4400906,1780869
4440956,1783505
4480998,1786269
4521031,1789141
4561061,1791777
4601088,1794413
4641117,1797049
4681147,1799685
4721178,1802321
4761207,1804957
4801237,1807593
4841271,1810229
4881303,1812865
4921346,1815566
4961396,1818267
5001427,1821142
5032452,1829121
5072477,1831757
5112509,1834393
5152538,1837029
5192564,1839665
5232594,1842301
5272623,1844937
5312655,1847573
5352683,1850209
5392715,1852909
5432770,1855545
5472817,1858245
5512854,1861181
5552886,1863817
5592914,1866453
5632946,1869089
5672972,1871725
5713001,1874361
5753028,1876997
5793058,1879633
5833088,1882269
5873115,1884905
5913153,1887606
5953208,1890242
5993247,1893095
6024272,1901168
6064312,1903804
6104349,1906440
6144382,1909076
6184410,1911712
6224441,1914348
6264469,1916984
6304500,1919620
6344524,1922256
6384550,1924892
6424596,1927592
6464647,1930292
6504683,1933228
6544717,1935864
6584754,1938500
6624789,1941136
6664829,1943772
6704869,1946408
6744905,1949044
6784936,1951680
6824964,1954316
6864996,1956952
6905030,1959653
6945081,1962289
6985123,1965055
7016153,1967455
7056185,1975851
7096220,1978487
7136252,1981123
7176288,1983759
7216316,1986395
7256352,1989031
7296395,1991667
7336434,1994303
7376468,1996939
7416514,1999639
7456564,2002275
7496606,2005211
7536636,2007911
7576668,2010547
7616702,2013183
7656736,2015819
7696774,2018455
7736805,2021091
7776834,2023727
7816867,2026363
7856902,2028999
7896938,2031700
7936988,2034336
7977036,2037037
8017069,2039977
8048092,2047886
8088130,2050522
8128163,2053158
8168192,2055794
8208226,2058430
8248253,2061066
8288282,2063702
8328313,2066338
8368342,2068974
8408380,2071674
8448435,2074310
8488472,2077160
8528504,2079946
8568535,2082582
8608564,2085218
8648594,2087854
8688624,2090490
8728659,2093126
8768694,2095762
8808732,2098398
8848760,2101034
8888800,2103670
8928850,2106371
8968901,2109072
9008938,2112012
9039959,2119936
9079992,2122572
9120024,2125208
9160061,2127844
9200096,2130480
9240127,2133116
9280162,2135752
9320192,2138388
9360221,2141024
9400250,2143724
9440300,2146360
9480344,2149124
9520375,2151996
9560406,2154632
9600438,2157268
9640471,2159904
9680504,2162540
9720541,2165176
9760574,2167812
9800607,2170448
9840645,2173084
9880684,2175720
9920728,2178421
9960781,2181122
10000819,2183997
10031847,2192275
10071882,2194911
10111917,2197547
10151948,2200183
10191981,2202819
10232011,2205455
10272037,2208091
10312070,2210727
10352102,2213363
10392140,2215999
10432191,2218699
10472242,2221399
10512275,2224335
10552308,2226971
10592347,2229607
10632379,2232243
10672412,2234879
10712451,2237515
10752486,2240151
10792513,2242787
10832540,2245423
10872576,2248059
10912615,2250760
10952667,2253396
10992701,2256249
11023729,2258562
11063756,2267251
11103789,2269887
11143819,2272523
11183845,2275159
11223876,2277795
11263905,2280431
11303936,2283067
11343959,2285703
11383986,2288339
11424031,2291039
11464080,2293739
11504116,2296611
11544143,2299311
11584172,2301947
11624205,2304583
11664236,2307219
11704261,2309855
11744288,2312491
11784323,2315127
11824359,2317763
11864391,2320399
11904424,2323100
11944476,2325736
11984520,2328502
12024553,2331377
12055577,2339575
12095609,2342211
12135639,2344847
12175668,2347483
12215704,2350119
12255739,2352755
12295778,2355391
12335816,2358027
12375848,2360663
12415886,2363363
12455938,2365999
12495975,2368849
12536011,2371635
12576048,2374271
12616085,2376907
12656117,2379543
12696147,2382179
12736180,2384815
12776211,2387451
12816243,2390087
12856282,2392723
12896319,2395424
12936370,2398060
12976419,2400761
13016448,2403701
13047475,2411898
13087509,2414534
13127549,2417170
13167590,2419806
13207626,2422442
13247661,2425078
13287693,2427714
13327723,2430350
13367753,2432986
13407786,2435686
13447838,2438322
13487884,2441086
13527914,2443958
13567950,2446594
13607988,2449230
13648016,2451866
13688051,2454502
13728078,2457138
13768113,2459774
13808140,2462410
13848170,2465046
13888199,2467682
13928244,2470383
13968296,2473084
14008330,2475959
14039351,2484236
14079381,2486872
14119410,2489508
14159443,2492144
14199470,2494780
14239501,2497416
14279530,2500052
14319560,2502688
14359588,2505324
14399614,2508024
14439663,2510660
14479712,2513360
14519744,2516296
14559769,2518932
14599800,2521568
14639830,2524204
14679855,2526840
14719884,2529476
14759915,2532112
14799946,2534748
14839978,2537384
14880012,2540020
14920053,2542721
14960105,2545357
15000143,2548210
15031168,2550523
15071201,2559206
15111227,2561842
15151257,2564478
15191291,2567114
15231322,2569750
15271358,2572386
15311384,2575022
15351420,2577658
15391451,2580294
15431495,2582994
15471545,2585694
15511576,2588566
15551608,2591266
15591639,2593902
15631672,2596538
15671705,2599174
15711737,2601810
15751768,2604446
15791799,2607082
15831827,2609718
15871859,2612354
15911894,2615055
15951943,2617691
15991982,2620457
16032013,2623332
16063042,2631536
16103079,2634172
16143108,2636808
16183138,2639444
16223171,2642080
16263205,2644716
16303237,2647352
16343266,2649988
16383301,2652624
16423348,2655324
16463399,2657960
16503433,2660810
16543462,2663596
16583500,2666232
16623532,2668868
16663562,2671504
16703594,2674140
16743630,2676776
16783663,2679412
16823695,2682048
16863723,2684684
16903754,2687385
16943808,2690021
16983854,2692722
17023881,2695662
17054908,2703871
17094934,2706507
17134972,2709143
17175005,2711779
17215033,2714415
17255064,2717051
17295095,2719687
17335134,2722323
17375169,2724959
17415211,2727659
17455262,2730295
17495304,2733145
17535331,2735931
17575360,2738567
17615391,2741203
17655428,2743839
17695458,2746475
17735487,2749111
17775518,2751747
17815548,2754383
17855578,2757019
17895607,2759655
17935657,2762356
17975705,2765057
18015735,2767997
18046759,2776203
18086794,2778839
18126819,2781475
18166848,2784111
18206883,2786747
18246910,2789383
18286941,2792019
18326970,2794655
18366999,2797291
18407032,2799991
18447082,2802627
18487132,2805391
18527167,2808263
18567200,2810899
18607233,2813535
18647269,2816171
18687305,2818807
18727338,2821443
18767369,2824079
18807400,2826715
18847429,2829351
18887459,2831987
18927500,2834688
18967550,2837324
19007581,2840264
19038604,2842490
19078637,2851168
19118665,2853804
19158696,2856440
19198726,2859076
19238764,2861712
19278802,2864348
19318839,2866984
19358870,2869620
19398899,2872256
19438949,2874956
19478999,2877656
19519035,2880592
19559071,2883228
19599105,2885864
19639143,2888500
19679179,2891136
19719211,2893772
19759247,2896408
19799276,2899044
19839310,2901680
19879343,2904316
19919384,2907017
19959438,2909653
19999478,2912506
20039514,2915294
20070539,2923496
20110572,2926132
20150604,2928768
20190638,2931404
20230677,2934040
20270711,2936676
20310748,2939312
20350782,2941948
20390810,2944584
20430851,2947284
20470903,2949984
20510936,2952856
20550967,2955556
20591002,2958192
20631038,2960828
20671072,2963464
20711110,2966100
20751143,2968736
20791179,2971372
20831207,2974008
20871238,2976644
20911269,2979345
20951318,2981981
20991366,2984747
21031401,2987622
21062426,2995836
21102458,2998472
21142492,3001108
21182525,3003744
21222560,3006380
21262598,3009016
21302636,3011652
21342676,3014288
21382716,3016924
21422757,3019624
21462810,3022260
21502855,3025110
21542893,3027896
21582927,3030532
21622956,3033168
21662990,3035804
21703020,3038440
21743054,3041076
21783088,3043712
21823117,3046348
21863146,3048984
21903175,3051620
21943227,3054321
21983277,3057022
22023318,3059962
22054345,3068168
22094372,3070804
22134401,3073440
22174429,3076076
22214462,3078712
22254498,3081348
22294537,3083984
22334565,3086620
22374594,3089256
22414631,3091956
22454683,3094592
22494731,3097356
22534763,3100228
22574791,3102864
22614817,3105500
22654849,3108136
22694876,3110772
22734902,3113408
22774932,3116044
22814963,3118680
22854991,3121316
22895020,3123952
22935064,3126653
22975113,3129354
23015151,3132229
23046181,3134455
23086220,3143137
23126259,3145773
23166291,3148409
23206324,3151045
23246353,3153681
23286382,3156317
23326417,3158953
23366444,3161589
23406473,3164289
23446526,3166925
23486572,3169625
23526601,3172561
23566631,3175197
23606666,3177833
23646698,3180469
23686727,3183105
23726757,3185741
23766789,3188377
23806820,3191013
23846854,3193649
23886889,3196285
23926935,3198986
23966985,3201622
24007028,3204475
24047063,3207263
24078091,3215468
24118131,3218104
24158170,3220740
24198207,3223376
24238243,3226012
24278278,3228648
24318316,3231284
24358348,3233920
24398391,3236556
24438439,3239256
24478492,3241956
24518523,3244828
24558553,3247528
24598584,3250164
24638614,3252800
24678644,3255436
24718680,3258072
24758707,3260708
24798736,3263344
24838766,3265980
24878802,3268616
24918840,3271317
24958892,3273953
24998933,3276719
25038964,3279594
25069993,3287800
25110028,3290436
25150065,3293072
25190099,3295708
25230131,3298344
25270163,3300980
25310190,3303616
25350223,3306252
25390251,3308888
25430289,3311588
25470340,3314224
25510376,3317074
25550412,3319860
25590444,3322496
25630481,3325132
25670517,3327768
25710547,3330404
25750583,3333040
25790622,3335676
25830655,3338312
25870687,3340948
25910722,3343649
25950774,3346285
25990819,3348986
26030854,3351926
26061878,3360138
26101914,3362774
26141947,3365410
26181984,3368046
26222027,3370682
26262066,3373318
26302095,3375954
26342125,3378590
26382156,3381226
26422192,3383926
26462241,3386562
26502282,3389326
26542310,3392198
26582341,3394834
26622366,3397470
26662394,3400106
26702423,3402742
26742454,3405378
26782488,3408014
26822524,3410650
26862557,3413286
26902585,3415922
26942630,3418623
26982681,3421324
27022712,3424264
27053737,3426425
27093763,3435112
27133789,3437748
27173821,3440384
27213848,3443020
27253881,3445656
27293915,3448292
27333946,3450928
27373977,3453564
27414017,3456264
27454071,3458900
27494119,3461600
27534148,3464536
27574183,3467172
27614214,3469808
27654243,3472444
27694276,3475080
27734302,3477716
27774333,3480352
27814368,3482988
27854400,3485624
27894436,3488260
27934477,3490961
27974530,3493597
28014568,3496537
28054595,3499238
28085623,3507443
28125656,3510079
28165688,3512715
28205718,3515351
28245756,3517987
28285783,3520623
28325815,3523259
28365852,3525895
28405887,3528531
28445932,3531231
28485981,3533931
28526015,3536867
28566054,3539503
28606081,3542139
28646110,3544775
28686149,3547411
28726186,3550047
28766216,3552683
28806252,3555319
28846280,3557955
28886311,3560591
28926350,3563292
28966402,3565928
29006445,3568781
29046478,3571569
29077504,3579777
29117538,3582413
29157573,3585049
29197612,3587685
29237647,3590321
29277684,3592957
29317724,3595593
29357760,3598229
29397797,3600865
29437842,3603565
29477896,3606265
29517935,3609137
29557972,3611837
29598010,3614473
29638048,3617109
29678084,3619745
29718126,3622381
29758162,3625017
29798203,3627653
29838232,3630289
29878267,3632925
29918306,3635626
29958355,3638262
29998400,3641028
30038441,3643903
30069468,3652117
30109499,3654753
30149532,3657389
30189563,3660025
30229595,3662661
30269624,3665297
30309655,3667933
30349687,3670569
30389715,3673205
30429756,3675905
30469807,3678541
30509847,3681391
30549885,3684177
30589927,3686813
30629964,3689449
30670002,3692085
30710044,3694721
30750080,3697357
30790119,3699993
30830151,3702629
30870187,3705265
30910219,3707901
30950267,3710602
30990314,3713303
31030350,3716243
31061375,3718404
31101402,3727077
31141432,3729713
31181462,3732349
31221492,3734985
31261523,3737621
31301556,3740257
31341584,3742893
31381613,3745529
31421650,3748229
31461701,3750865
31501744,3753629
31541773,3756501
31581802,3759137
31621832,3761773
31661862,3764409
31701894,3767045
31741928,3769681
31781959,3772317
31821986,3774953
31862016,3777589
31902049,3780225
31942090,3782926
31982137,3785627
32022168,3788502
32062201,3791203
32093225,3799413
32133256,3802049
32173284,3804685
32213318,3807321
32253349,3809957
32293373,3812593
32333409,3815229
32373440,3817865
32413481,3820565
32453529,3823201
32493579,3825901
32533618,3828837
32573654,3831473
32613686,3834109
32653717,3836745
32693752,3839381
32733780,3842017
32773812,3844653
32813839,3847289
32853875,3849925
32893910,3852561
32933947,3855262
32973999,3857898
33014035,3860751
33054066,3863539
33085091,3871743
33125127,3874379
33165160,3877015
33205195,3879651
33245223,3882287
33285252,3884923
33325282,3887559
33365309,3890195
33405343,3892831
33445390,3895531
33485438,3898231
33525468,3901103
33565498,3903803
33605527,3906439
33645557,3909075
33685590,3911711
33725618,3914347
33765650,3916983
33805683,3919619
33845710,3922255
33885741,3924891
33925779,3927592
33965830,3930228
34005872,3932994
34045906,3935869
34076929,3944071
34116958,3946707
34156986,3949343
34197021,3951979
34237054,3954615
34277090,3957251
34317121,3959887
34357158,3962523
34397196,3965159
34437242,3967859
34477292,3970495
34517330,3973345
34557370,3976131
34597412,3978767
34637452,3981403
34677487,3984039
34717522,3986675
34757552,3989311
34797585,3991947
34837615,3994583
34877647,3997219
34917678,3999920
34957729,4002556
34997778,4005257
35037819,4008197
35068848,4010358
35108880,4019042
35148913,4021678
35188941,4024314
35228969,4026950
35269001,4029586
35309028,4032222
35349063,4034858
35389090,4037494
35429133,4040194
35469186,4042830
35509227,4045594
35549265,4048466
35589306,4051102
35629345,4053738
35669382,4056374
35709414,4059010
35749444,4061646
35789471,4064282
35829501,4066918
35869534,4069554
35909568,4072190
35949614,4074891
35989660,4077592
36029692,4080467
36069719,4083168
36100744,4091371
36140779,4094007
36180813,4096643
36220842,4099279
36260874,4101915
36300911,4104551
36340939,4107187
36380975,4109823
36421007,4112523
36461057,4115159
36501101,4117859
36541133,4120795
36581160,4123431
36621191,4126067
36661223,4128703
36701264,4131339
36741293,4133975
36781326,4136611
36821357,4139247
36861392,4141883
36901423,4144519
36941471,4147220
36981522,4149856
37021556,4152709
37061588,4155497
37092610,4163709
37132644,4166345
37172673,4168981
37212703,4171617
37252733,4174253
37292760,4176889
37332794,4179525
37372826,4182161
37412864,4184797
37452914,4187497
37492961,4190197
37532994,4193133
37573025,4195769
37613061,4198405
37653088,4201041
37693117,4203677
37733145,4206313
37773172,4208949
37813199,4211585
37853228,4214221
37893254,4216857
37933293,4219558
37973347,4222194
38013392,4225047
38053420,4227835
38084448,4236049
38124478,4238685
38164506,4241321
38204535,4243957
38244562,4246593
38284589,4249229
38324618,4251865
38364648,4254501
38404675,4257137
38444722,4259837
38484773,4262473
38524811,4265409
38564845,4268109
38604877,4270745
38644911,4273381
38684939,4276017
38724966,4278653
38764994,4281289
38805021,4283925
38845048,4286561
38885077,4289197
38925113,4291898
38965164,4294534
39005210,4297300
39045245,4300175
39076269,4302336
39116302,4311025
39156334,4313661
39196368,4316297
39236402,4318933
39276435,4321569
39316466,4324205
39356495,4326841
39396525,4329477
39436564,4332177
39476618,4334813
39516657,4337663
39556690,4340449
39596719,4343085
39636747,4345721
39676781,4348357
39716806,4350993
39756838,4353629
39796871,4356265
39836901,4358901
39876933,4361537
39916964,4364173
39957014,4366874
39997062,4369575
40037095,4372515
40077123,4375151
40108142,4383354
40148171,4385990
40188198,4388626
40228223,4391262
40268255,4393898
40308289,4396534
40348322,4399170
40388351,4401806
40428383,4404506
40468435,4407142
40508474,4409906
40548506,4412778
40588543,4415414
40628576,4418050
40668611,4420686
40708641,4423322
40748666,4425958
40788696,4428594
40828726,4431230
40868755,4433866
40908787,4436502
40948829,4439203
40988881,4441904
41028916,4444779
41068952,4447480
41099972,4455689
41140000,4458325
41180031,4460961
41220062,4463597
41260090,4466233
41300120,4468869
41340150,4471505
41380183,4474141
41420215,4476777
41460267,4479477
41500315,4482177
41540351,4485113
41580377,4487749
41620403,4490385
41660433,4493021
41700460,4495657
41740494,4498293
41780519,4500929
41820553,4503565
41860584,4506201
41900617,4508837
41940654,4511538
41980707,4514174
42020738,4517027
42060771,4519815
42091790,4528028
42131819,4530664
42171847,4533300
42211875,4535936
42251902,4538572
42291929,4541208
42331957,4543844
42371991,4546480
42412016,4549116
42452061,4551816
42492115,4554516
42532145,4557388
42572172,4560088
42612201,4562724
42652231,4565360
42692264,4567996
42732293,4570632
42772322,4573268
42812347,4575904
42852373,4578540
42892400,4581176
42932435,4583877
42972486,4586513
43012528,4589279
43052558,4592154
43083582,4594315
43123617,4602996
43163648,4605632
43203680,4608268
43243719,4610904
43283757,4613540
43323789,4616176
43363826,4618812
43403858,4621448
43443901,4624148
43483953,4626784
43523987,4629634
43564019,4632420
43604048,4635056
43644082,4637692
43684116,4640328
43724147,4642964
43764173,4645600
43804204,4648236
43844238,4650872
43884270,4653508
43924307,4656209
43964355,4658845
44004397,4661546
44044428,4664486
44084454,4667122
44115479,4675327
44155505,4677963
44195537,4680599
44235568,4683235
44275595,4685871
44315625,4688507
44355650,4691143
44395679,4693779
44435720,4696479
44475772,4699115
44515808,4701879
44555839,4704751
44595867,4707387
44635895,4710023
44675925,4712659
44715957,4715295
44755994,4717931
44796021,4720567
44836053,4723203
44876077,4725839
44916101,4728475
44956148,4731176
44996197,4733877
45036230,4736752
45076264,4739453
45107289,4747656
45147317,4750292
45187352,4752928
45227388,4755564
45267420,4758200
45307458,4760836
45347496,4763472
45387533,4766108
45427574,4768808
45467623,4771444
45507670,4774144
45547706,4777080
45587738,4779716
45627762,4782352
45667796,4784988
45707826,4787624
45747855,4790260
45787887,4792896
45827923,4795532
45867959,4798168
45907986,4800804
45948030,4803505
45988081,4806141
46028118,4808994
46068156,4811782
46099185,4819990
46139222,4822626
46179260,4825262
46219299,4827898
46259338,4830534
46299374,4833170
46339403,4835806
46379434,4838442
46419464,4841078
46459515,4843778
46499561,4846478
46539596,4849414
46579632,4852050
46619661,4854686
46659693,4857322
46699728,4859958
46739755,4862594
46779785,4865230
46819810,4867866
46859841,4870502
46899872,4873138
46939915,4875839
46979968,4878475
47020007,4881241
47060036,4884116
47091061,4886277
47131091,4894957
47171118,4897593
47211150,4900229
47251179,4902865
47291208,4905501
47331241,4908137
47371272,4910773
47411298,4913409
47451340,4916109
47491395,4918745
47531433,4921681
47571461,4924381
47611493,4927017
47651527,4929653
47691557,4932289
47731584,4934925
47771614,4937561
47811642,4940197
47851671,4942833
47891696,4945469
47931729,4948170
47971778,4950806
48011821,4953507
48051860,4956447
48091895,4959083
48122922,4967285
48162956,4969921
48202990,4972557
48243021,4975193
48283051,4977829
48323081,4980465
48363113,4983101
48403139,4985737
48443178,4988437
48483231,4991073
48523270,4993923
48563298,4996709
48603332,4999345
48643365,5001981
48683393,5004617
48723426,5007253
48763452,5009889
48803479,5012525
48843509,5015161
48883544,5017797
48923573,5020433
48963619,5023134
49003662,5025835
49043695,5028775
49083727,5031411
49114750,5039615
49154780,5042251
49194806,5044887
49234831,5047523
49274862,5050159
49314892,5052795
49354920,5055431
49394946,5058067
49434978,5060767
49475031,5063403
49515073,5066167
49555106,5069039
49595138,5071675
49635172,5074311
49675207,5076947
49715241,5079583
49755276,5082219
49795304,5084855
49835332,5087491
49875369,5090127
49915401,5092763
49955446,5095464
49995496,5098165
50035527,5101040
50075560,5103741
50106585,5111943
50146616,5114579
50186643,5117215
50226672,5119851
50266700,5122487
50306725,5125123
50346761,5127759
50386787,5130395
50426819,5133031
50466869,5135731
50506917,5138431
50546955,5141367
50586993,5144003
50627032,5146639
50667067,5149275
50707101,5151911
50747131,5154547
50787165,5157183
50827203,5159819
50867232,5162455
50907263,5165091
50947305,5167792
50987353,5170428
51027390,5173281
51067419,5176069
51098443,5178230
51138474,5186881
51178502,5189517
51218534,5192153
51258565,5194789
51298598,5197425
51338631,5200061
51378662,5202697
51418692,5205333
51458732,5208033
51498783,5210733
51538811,5213605
51578841,5216305
51618872,5218941
51658900,5221577
51698928,5224213
51738955,5226849
51778982,5229485
51819013,5232121
51859039,5234757
51899071,5237393
51939103,5240094
51979154,5242730
52019193,5245496
52059222,5248371
52099251,5251007
52130270,5259213
52170299,5261849
52210331,5264485
52250366,5267121
52290401,5269757
52330428,5272393
52370458,5275029
52410487,5277665
52450519,5280365
52490568,5283001
52530608,5285851
52570633,5288637
52610662,5291273
52650692,5293909
52690727,5296545
52730756,5299181
52770785,5301817
52810815,5304453
52850842,5307089
52890874,5309725
52930911,5312426
52970961,5315062
53011007,5317763
53051039,5320703
53091067,5323339
53122091,5331546
53162117,5334182
53202143,5336818
53242172,5339454
53282204,5342090
53322234,5344726
53362267,5347362
53402296,5349998
53442330,5352698
53482378,5355334
53522415,5358098
53562446,5360970
53602475,5363606
53642507,5366242
53682538,5368878
53722566,5371514
53762592,5374150
53802617,5376786
53842646,5379422
53882683,5382058
53922713,5384694
53962756,5387395
54002807,5390096
54042834,5392971
54082860,5395672
54113882,5403875
54153912,5406511
54193940,5409147
54233967,5411783
54273995,5414419
54314021,5417055
54354053,5419691
54394081,5422327
54434111,5425027
54474160,5427663
54514204,5430363
54554235,5433299
54594266,5435935
54634294,5438571
54674323,5441207
54714349,5443843
54754376,5446479
54794406,5449115
54834432,5451751
54874463,5454387
54914491,5457023
54954529,5459724
54994579,5462360
55034619,5465213
55074653,5468001
55105678,5470162
55145711,5478840
55185745,5481476
55225776,5484112
55265802,5486748
55305828,5489384
55345858,5492020
55385884,5494656
55425914,5497292
55465955,5499992
55506010,5502692
55546043,5505564
55586075,5508264
55626104,5510900
55666137,5513536
55706168,5516172
55746202,5518808
55786229,5521444
55826257,5524080
55866289,5526716
55906315,5529352
55946347,5532053
55986399,5534689
56026437,5537455
56066465,5540330
56106494,5542966
56137513,5551168
56177539,5553804
56217568,5556440
56257598,5559076
56297630,5561712
56337661,5564348
56377693,5566984
56417727,5569620
56457771,5572320
56497821,5574956
56537850,5577806
56577881,5580592
56617910,5583228
56657935,5585864
56697964,5588500
56737989,5591136
56778021,5593772
56818057,5596408
56858093,5599044
56898133,5601680
56938167,5604381
56978214,5607017
57018259,5609718
57058287,5612658
57098322,5615294
57129345,5623501
57169376,5626137
57209412,5628773
57249441,5631409
57289476,5634045
57329507,5636681
57369540,5639317
57409573,5641953
57449605,5644653
57489655,5647289
57529699,5650117
57569730,5652903
57609760,5655539
57649788,5658175
57689821,5660811
57729848,5663447
57769874,5666083
57809904,5668719
57849933,5671355
57889967,5673991
57929999,5676627
57970044,5679328
58010089,5682029
58050123,5684969
58090149,5687605
58121171,5695818
58161197,5698454
58201223,5701090
58241254,5703726
58281285,5706362
58321318,5708998
58361348,5711634
58401378,5714270
58441412,5716970
58481463,5719606
58521507,5722370
58561536,5725242
58601571,5727878
58641597,5730514
58681623,5733150
58721650,5735786
58761679,5738422
58801705,5741058
58841736,5743694
58881772,5746330
58921803,5748966
58961845,5751667
59001897,5754303
59041929,5757243
59081959,5759944
59112985,5762105
59153009,5770794
59193041,5773430
59233066,5776066
59273094,5778702
59313122,5781338
59353148,5783974
59393181,5786610
59433212,5789246
59473256,5791946
59513303,5794646
59553336,5797582
59593372,5800218
59633413,5802854
59673451,5805490
59713490,5808126
59753526,5810762
59793555,5813398
59833586,5816034
59873620,5818670
59913662,5821306
59953703,5824007
59993755,5826643
60033792,5829496
60073823,5832284
60113854,5834920
60144877,5843131
60184904,5845767
60224935,5848403
60264963,5851039
60304990,5853675
60345018,5856311
60385045,5858947
60425071,5861583
60465113,5864283
60505162,5866983
60545198,5869855
60585227,5872555
60625259,5875191
60665291,5877827
60705322,5880463
60745358,5883099
60785394,5885735
60825427,5888371
60865459,5891007
60905486,5893643
60945515,5896344
60985566,5898980
61025609,5901746
61065642,5904621
61105671,5907257
61136690,5915471
61176724,5918107
61216755,5920743
61256785,5923379
61296813,5926015
61336844,5928651
61376879,5931287
61416915,5933923
61456955,5936623
61497006,5939259
61537042,5942109
61577078,5944895
61617115,5947531
61657152,5950167
61697182,5952803
61737215,5955439
61777251,5958075
61817278,5960711
61857310,5963347
61897338,5965983
61937368,5968619
61977415,5971320
62017457,5974021
62057486,5976961
62097512,5979597
62128535,5987806
62168564,5990442
62208593,5993078
62248621,5995714
62288649,5998350
62328685,6000986
62368713,6003622
62408747,6006258
62448772,6008958
62488821,6011594
62528857,6014358
62568889,6017230
62608921,6019866
62648959,6022502
62688996,6025138
62729022,6027774
62769052,6030410
62809083,6033046
62849114,6035682
62889141,6038318
62929168,6040954
62969212,6043655
63009260,6046356
63049287,6049231
63089321,6051932
63120346,6054093
63160371,6062781
63200401,6065417
63240431,6068053
63280461,6070689
63320489,6073325
63360518,6075961
63400549,6078597
63440575,6081297
63480624,6083933
63520665,6086633
63560692,6089569
63600720,6092205
63640751,6094841
63680775,6097477
63720807,6100113
63760834,6102749
63800866,6105385
63840892,6108021
63880923,6110657
63920949,6113293
63960985,6115994
64001036,6118630
64041072,6121483
64081101,6124271
64121129,6126907
64152156,6135114
64192184,6137750
64232213,6140386
64272239,6143022
64312269,6145658
64352296,6148294
64392326,6150930
64432354,6153566
64472401,6156266
64512452,6158966
64552482,6161838
64592517,6164538
64632549,6167174
64672579,6169810
64712613,6172446
64752640,6175082
64792669,6177718
64832694,6180354
64872723,6182990
64912755,6185626
64952784,6188327
64992835,6190963
65032872,6193729
65072908,6196604
65112948,6199240
65143971,6207444
65184002,6210080
65224034,6212716
65264065,6215352
65304090,6217988
65344115,6220624
65384147,6223260
65424180,6225896
65464217,6228596
65504268,6231232
65544304,6234082
65584334,6236868
65624367,6239504
65664394,6242140
65704420,6244776
65744452,6247412
65784481,6250048
65824507,6252684
65864538,6255320
65904564,6257956
65944599,6260657
65984649,6263293
66024693,6265994
66064725,6268934
66104753,6271570
66135776,6279769
66175801,6282405
66215828,6285041
66255857,6287677
66295891,6290313
66335923,6292949
66375950,6295585
66415981,6298221
66456015,6300921
66496063,6303557
66536102,6306321
66576132,6309193
66616166,6311829
66656195,6314465
66696226,6317101
66736254,6319737
66776281,6322373
66816308,6325009
66856334,6327645
66896365,6330281
66936394,6332917
66976442,6335618
67016486,6338319
67056517,6341259
67096553,6343895
67127572,6346056
67167599,6354736
67207630,6357372
67247663,6360008
67287694,6362644
67327722,6365280
67367749,6367916
67407776,6370552
67447811,6373252
67487859,6375888
67527900,6378588
67567932,6381524
67607961,6384160
67647994,6386796
67688028,6389432
67728052,6392068
67768085,6394704
67808117,6397340
67848149,6399976
67888177,6402612
67928205,6405248
67968245,6407949
68008296,6410585
68048327,6413525
68088352,6416226
68128379,6418862
68159401,6427073
68199428,6429709
68239458,6432345
68279491,6434981
68319525,6437617
68359555,6440253
68399588,6442889
68439620,6445525
68479668,6448225
68519713,6450925
68559744,6453861
68599779,6456497
68639812,6459133
68679842,6461769
68719869,6464405
68759897,6467041
68799928,6469677
68839957,6472313
68879983,6474949
68920014,6477585
68960048,6480286
69000101,6482922
69040140,6485775
69080171,6488563
69120206,6491199
69151226,6499413
69191260,6502049
69231285,6504685
69271310,6507321
69311337,6509957
69351365,6512593
69391396,6515229
69431427,6517865
69471467,6520565
69511521,6523265
69551552,6526137
69591588,6528837
69631617,6531473
69671643,6534109
69711670,6536745
69751698,6539381
69791726,6542017
69831757,6544653
69871785,6547289
69911813,6549925
69951844,6552626
69991897,6555262
70031936,6558028
70071968,6560903
70111996,6563539
70143019,6571746
70183053,6574382
70223087,6577018
70263115,6579654
70303141,6582290
70343172,6584926
70383198,6587562
70423226,6590198
70463262,6592898
70503315,6595534
70543347,6598384
70583380,6601170
70623410,6603806
70663441,6606442
70703470,6609078
70743501,6611714
70783534,6614350
70823562,6616986
70863590,6619622
70903619,6622258
70943646,6624894
70983694,6627595
71023744,6630296
71063778,6633236
71103812,6635872
71134839,6638033
71174862,6646721
71214894,6649357
71254920,6651993
71294951,6654629
71334982,6657265
71375014,6659901
71415046,6662537
71455083,6665237
71495134,6667873
71535171,6670637
71575204,6673509
71615233,6676145
71655266,6678781
71695297,6681417
71735332,6684053
71775358,6686689
71815389,6689325
71855416,6691961
71895444,6694597
71935475,6697233
71975517,6699934
72015566,6702635
72055604,6705510
72095636,6708211
72135668,6710847
72166693,6719051
72206724,6721687
72246757,6724323
72286797,6726959
72326832,6729595
72366863,6732231
72406893,6734867
72446919,6737567
72486968,6740203
72527015,6742903
72567052,6745839
72607084,6748475
72647113,6751111
72687146,6753747
72727184,6756383
72767214,6759019
72807247,6761655
72847277,6764291
72887304,6766927
72927336,6769563
72967375,6772264
73007427,6774900
73047463,6777753
73087500,6780541
73127531,6783177
73158555,6791384
73198584,6794020
73238611,6796656
73278645,6799292
73318677,6801928
73358704,6804564
73398730,6807200
73438763,6809836
73478802,6812536
73518852,6815236
73558888,6818108
73598923,6820808
73638957,6823444
73678982,6826080
73719008,6828716
73759037,6831352
73799066,6833988
73839096,6836624
73879128,6839260
73919159,6841896
73959193,6844597
73999245,6847233
74039286,6849999
74079314,6852874
74119338,6855510
74150364,6863717
74190393,6866353
74230419,6868989
74270446,6871625
74310475,6874261
74350504,6876897
74390532,6879533
74430561,6882169
74470599,6884869
74510655,6887505
74550694,6890355
74590724,6893141
74630753,6895777
74670781,6898413
74710806,6901049
74750833,6903685
74790866,6906321
74830891,6908957
74870919,6911593
74910948,6914229
74950978,6916930
74991027,6919566
75031069,6922267
75071106,6925207
75111147,6927843
75142173,6930004
75182208,6938687
75222242,6941323
75262275,6943959
75302314,6946595
75342351,6949231
75382382,6951867
75422408,6954503
75462446,6957203
75502500,6959839
75542539,6962603
75582578,6965475
75622616,6968111
75662651,6970747
75702683,6973383
75742714,6976019
75782743,6978655
75822781,6981291
75862815,6983927
75902844,6986563
75942879,6989199
75982927,6991900
76022979,6994601
76063014,6997476
76103046,7000177
76143080,7002813
76174109,7011026
76214144,7013662
76254174,7016298
76294203,7018934
76334230,7021570
76374261,7024206
76414297,7026842
76454329,7029542
76494382,7032178
76534427,7034878
76574462,7037814
76614497,7040450
76654528,7043086
76694564,7045722
76734598,7048358
76774634,7050994
76814668,7053630
76854698,7056266
76894730,7058902
76934764,7061538
76974806,7064239
77014857,7066875
77054895,7069728
77094930,7072516
77134969,7075152
77165994,7083354
77206020,7085990
77246051,7088626
77286082,7091262
77326112,7093898
77366140,7096534
77406166,7099170
77446199,7101806
77486246,7104506
77526295,7107206
77566330,7110142
77606360,7112778
77646386,7115414
77686421,7118050
77726453,7120686
77766486,7123322
77806517,7125958
77846543,7128594
77886576,7131230
77926606,7133866
77966637,7136567
78006688,7139203
78046734,7142056
78086762,7144844
78126788,7147480
78157810,7155681
78197837,7158317
78237871,7160953
78277902,7163589
78317933,7166225
78357970,7168861
78398011,7171497
78438049,7174133
78478096,7176833
78518149,7179469
78558182,7182405
78598208,7185105
78638236,7187741
78678269,7190377
78718298,7193013
78758327,7195649
78798360,7198285
78838393,7200921
78878427,7203557
78918459,7206193
78958490,7208894
78998542,7211530
79038589,7214296
79078616,7217171
79118650,7219807
79149675,7221968
79189708,7230646
79229739,7233282
79269767,7235918
79309797,7238554
79349829,7241190
79389860,7243826
79429888,7246462
79469930,7249162
79509985,7251798
79550025,7254648
79590059,7257434
79630090,7260070
79670131,7262706
79710170,7265342
79750205,7267978
79790236,7270614
79830265,7273250
79870292,7275886
79910325,7278522
79950355,7281158
79990405,7283859
80030454,7286560
80070492,7289500
80110518,7292136
80150546,7294772
80181569,7302984
80221598,7305620
80261629,7308256
80301666,7310892
80341706,7313528
80381744,7316164
80421781,7318800
80461813,7321500
80501862,7324136
80541905,7326900
80581938,7329772
80621969,7332408
80662006,7335044
80702037,7337680
80742065,7340316
80782095,7342952
80822124,7345588
80862156,7348224
80902189,7350860
80942224,7353496
80982272,7356197
81022323,7358898
81062365,7361773
81102401,7364474
81142434,7367110
81173462,7375314
81213495,7377950
81253527,7380586
81293561,7383222
81333590,7385858
81373625,7388494
81413660,7391130
81453693,7393766
81493739,7396466
81533788,7399166
81573819,7402102
81613852,7404738
81653879,7407374
81693907,7410010
81733942,7412646
81773969,7415282
81813996,7417918
81854025,7420554
81894054,7423190
81934089,7425826
81974120,7428527
82014171,7431163
82054209,7434016
82094239,7436804
82134273,7439440
82165301,7447649
82205335,7450285
82245367,7452921
82285404,7455557
82325437,7458193
82365467,7460829
82405492,7463465
82445522,7466101
82485568,7468801
82525619,7471501
82565653,7474373
82605685,7477073
82645716,7479709
82685744,7482345
82725773,7484981
82765805,7487617
82805839,7490253
82845874,7492889
82885902,7495525
82925930,7498161
82965961,7500862
83006012,7503498
83046058,7506264
83086091,7509139
83126115,7511775
83157141,7513936
83197170,7522614
83237200,7525250
83277233,7527886
83317263,7530522
83357296,7533158
83397334,7535794
83437363,7538430
83477410,7541130
83517461,7543766
83557500,7546616
83597538,7549402
83637570,7552038
83677607,7554674
83717640,7557310
83757669,7559946
83797698,7562582
83837735,7565218
83877764,7567854
83917797,7570490
83957828,7573191
83997875,7575827
84037921,7578528
84077953,7581468
84117990,7584104
84158021,7586740
84189041,7594947
84229069,7597583
84269101,7600219
84309133,7602855
84349167,7605491
84389203,7608127
84429236,7610763
84469273,7613463
84509323,7616099
84549366,7618863
84589395,7621735
84629422,7624371
84669453,7627007
84709485,7629643
84749522,7632279
84789562,7634915
84829596,7637551
84869633,7640187
84909671,7642823
84949714,7645459
84989760,7648160
85029810,7650861
85069838,7653736
85109874,7656437
85149904,7659073
85180926,7667283
85220958,7669919
85260986,7672555
85301016,7675191
85341051,7677827
85381080,7680463
85421121,7683099
85461155,7685799
85501206,7688435
85541254,7691135
85581287,7694071
85621318,7696707
85661353,7699343
85701388,7701979
85741423,7704615
85781447,7707251
85821477,7709887
85861504,7712523
85901534,7715159
85941570,7717795
85981610,7720496
86021663,7723132
86061702,7725985
86101735,7728773
86141761,7731409
86172790,7739615
86212820,7742251
86252850,7744887
86292877,7747523
86332905,7750159
86372931,7752795
86412961,7755431
86452989,7758067
86493042,7760767
86533093,7763467
86573130,7766403
86613166,7769039
86653198,7771675
86693232,7774311
86733259,7776947
86773290,7779583
86813320,7782219
86853347,7784855
86893377,7787491
86933403,7790127
86973442,7792828
87013494,7795464
87053537,7798230
87093571,7801105
87133606,7803741
87164637,7805902
87204670,7814583
87244705,7817219
87284743,7819855
87324784,7822491
87364824,7825127
87404859,7827763
87444892,7830399
87484932,7833099
87524981,7835735
87565017,7838671
87605049,7841371
87645080,7844007
87685107,7846643
87725141,7849279
87765175,7851915
87805212,7854551
87845246,7857187
87885283,7859823
87925317,7862459
87965350,7865160
88005404,7867796
88045451,7870497
88085487,7873437
88125523,7876073
88165552,7878709
88196574,7886914
88236602,7889550
88276633,7892186
88316662,7894822
88356692,7897458
88396732,7900094
88436764,7902730
88476806,7905430
88516858,7908066
88556897,7910916
88596935,7913702
88636969,7916338
88677000,7918974
88717030,7921610
88757070,7924246
88797108,7926882
88837138,7929518
88877165,7932154
88917196,7934790
88957224,7937426
88997270,7940127
89037319,7942828
89077355,7945768
89117384,7948404
89157420,7951040
89188445,7959247
89228475,7961883
89268506,7964519
89308532,7967155
89348567,7969791
89388596,7972427
89428627,7975063
89468658,7977763
89508710,7980399
89548755,7983163
89588793,7986035
89628828,7988671
89668870,7991307
89708903,7993943
89748934,7996579
89788971,7999215
89829001,8001851
89869032,8004487
89909065,8007123
89949092,8009759
89989134,8012460
90029188,8015161
90069225,8018036
90109264,8020737
90149303,8023373
90180325,8031587
90220358,8034223
90260391,8036859
90300424,8039495
90340460,8042131
90380489,8044767
90420521,8047403
90460552,8050039
90500601,8052739
90540653,8055439
90580686,8058375
90620720,8061011
90660754,8063647
90700785,8066283
90740815,8068919
90780849,8071555
90820881,8074191
90860916,8076827
90900953,8079463
90940984,8082099
90981019,8084800
91021070,8087436
91061105,8090289
91101139,8093077
91141173,8095713
91172202,8097874
91212235,8106557
91252264,8109193
91292296,8111829
91332322,8114465
91372355,8117101
91412386,8119737
91452417,8122373
91492461,8125073
91532512,8127773
91572546,8130645
91612578,8133345
91652618,8135981
91692654,8138617
91732688,8141253
91772717,8143889
91812748,8146525
91852779,8149161
91892813,8151797
91932850,8154433
91972887,8157134
92012938,8159770
92052985,8162536
92093020,8165411
92133048,8168047
92173078,8170683
92204106,8178889
92244135,8181525
92284174,8184161
92324201,8186797
92364232,8189433
92404269,8192069
92444301,8194705
92484343,8197405
92524394,8200041
92564432,8202891
92604458,8205677
92644484,8208313
92684518,8210949
92724547,8213585
92764578,8216221
92804610,8218857
92844640,8221493
92884671,8224129
92924710,8226765
92964751,8229466
93004803,8232102
93044849,8234803
93084875,8237743
93124905,8240379
93164938,8243015
93195959,8251202
93235989,8253838
93276017,8256474
93316051,8259110
93356076,8261746
93396110,8264382
93436144,8267018
93476181,8269718
93516232,8272354
93556274,8275118
93596311,8277990
93636347,8280626
93676380,8283262
93716412,8285898
93756447,8288534
93796481,8291170
93836515,8293806
93876550,8296442
93916577,8299078
93956610,8301714
93996654,8304415
94036705,8307116
94076743,8309991
94116776,8312692
94156808,8315328
94187829,8323541
94227865,8326177
94267891,8328813
94307919,8331449
94347947,8334085
94387980,8336721
94428014,8339357
94468043,8342057
94508095,8344693
94548139,8347393
94588175,8350329
94628211,8352965
94668241,8355601
94708276,8358237
94748308,8360873
94788342,8363509
94828371,8366145
94868401,8368781
94908433,8371417
94948469,8374053
94988512,8376754
95028564,8379390
95068602,8382243
95108633,8385031
95148658,8387667
95179687,8389828
95219716,8398512
95259746,8401148
95299775,8403784
95339806,8406420
95379836,8409056
95419870,8411692
95459906,8414328
95499951,8417028
95540003,8419728
95580031,8422600
95620064,8425300
95660101,8427936
95700132,8430572
95740162,8433208
95780199,8435844
95820236,8438480
95860270,8441116
95900301,8443752
95940333,8446388
95980367,8449089
96020418,8451725
96060460,8454491
96100493,8457366
96140527,8460002
96180561,8462638
96211585,8470839
96251616,8473475
96291650,8476111
96331682,8478747
96371719,8481383
96411747,8484019
96451776,8486655
96491817,8489355
96531867,8491991
96571901,8494841
96611938,8497627
96651967,8500263
96691999,8502899
96732035,8505535
96772072,8508171
96812107,8510807
96852140,8513443
96892176,8516079
96932210,8518715
96972251,8521416
97012301,8524052
97052350,8526753
97092382,8529693
97132410,8532329
97172440,8534965
97203464,8543168
97243495,8545804
97283526,8548440
97323560,8551076
97363595,8553712
97403632,8556348
97443664,8558984
97483703,8561684
97523754,8564320
97563799,8567170
97603838,8569956
97643877,8572592
97683916,8575228
97723950,8577864
97763983,8580500
97804016,8583136
97844045,8585772
97884073,8588408
97924106,8591044
97964143,8593680
98004192,8596381
98044241,8599082
98084280,8602022
98124319,8604658
98164355,8607294
98195381,8615498
98235415,8618134
98275452,8620770
98315483,8623406
98355512,8626042
98395542,8628678
98435570,8631314
98475605,8634014
98515655,8636650
98555703,8639414
98595732,8642286
98635768,8644922
98675809,8647558
98715846,8650194
98755884,8652830
98795919,8655466
98835956,8658102
98875993,8660738
98916032,8663374
98956062,8666010
98996105,8668711
99036158,8671347
99076198,8674287
99116230,8676988
99156264,8679624
99187289,8681785
99227324,8690468
99267348,8693104
99307382,8695740
99347408,8698376
99387434,8701012
99427463,8703648
99467493,8706284
99507544,8708984
99547591,8711684
99587619,8714620
99627647,8717256
99667674,8719892
99707701,8722528
99747729,8725164
99787764,8727800
99827792,8730436
99867822,8733072
99907851,8735708
99947884,8738344
99987926,8741045
100027983,8743681
100068020,8746534
100108053,8749322
100148088,8751958
100188124,8754594
100219149,8763091
100259183,8765727
100299217,8768363
100339245,8770999
100379278,8773635
100419309,8776271
100459345,8778907
100499393,8781607
100539445,8784307
100579479,8787179
100619510,8789879
100659545,8792515
100699580,8795151
100739615,8797787
100779655,8800423
100819688,8803059
100859717,8805695
100899745,8808331
100939776,8810967
100979806,8813668
101019856,8816304
101059903,8819070
101099937,8821945
101139974,8824581
101180004,8827217
101211035,8835715
101251073,8838351
101291110,8840987
101331147,8843623
101371186,8846259
101411226,8848895
101451264,8851531
101491308,8854231
101531362,8856867
101571404,8859717
101611430,8862503
101651467,8865139
101691499,8867775
101731524,8870411
101771549,8873047
101811578,8875683
101851611,8878319
101891637,8880955
101931668,8883591
101971698,8886227
102011745,8888928
102051794,8891629
102091818,8894569
102131847,8897205
102171878,8899841
102202903,8908340
102242933,8910976
102282969,8913612
102322999,8916248
102363025,8918884
102403048,8921520
102443073,8924156
102483110,8926856
102523159,8929492
102563201,8932256
102603228,8935128
102643259,8937764
102683286,8940400
102723316,8943036
102763345,8945672
102803382,8948308
102843421,8950944
102883459,8953580
102923492,8956216
102963526,8958852
103003567,8961553
103043618,8964254
103083650,8967129
103123681,8969830
103163708,8972466
103194731,8974627
103234763,8983605
103274790,8986241
103314823,8988877
103354852,8991513
103394885,8994149
103434910,8996785
103474944,8999485
103514993,9002121
103555041,9004821
103595072,9007757
103635102,9010393
103675133,9013029
103715163,9015665
103755190,9018301
103795229,9020937
103835263,9023573
103875292,9026209
103915326,9028845
103955362,9031481
103995405,9034182
104035456,9036818
104075492,9039671
104115526,9042459
104155560,9045095
104195591,9047731
104226613,9056225
104266650,9058861
104306680,9061497
104346706,9064133
104386734,9066769
104426767,9069405
104466803,9072041
104506850,9074741
104546899,9077441
104586930,9080313
104626960,9083013
104666990,9085649
104707021,9088285
104747047,9090921
104787078,9093557
104827110,9096193
104867147,9098829
104907183,9101465
104947219,9104101
104987256,9106802
105027308,9109438
105067350,9112204
105107381,9115079
105147408,9117715
105187439,9120351
105218461,9128852
105258487,9131488
105298514,9134124
105338543,9136760
105378570,9139396
105418602,9142032
105458636,9144668
105498683,9147368
105538738,9150004
105578779,9152854
105618818,9155640
105658856,9158276
105698892,9160912
105738927,9163548
105778957,9166184
105818987,9168820
105859017,9171456
105899047,9174092
105939075,9176728
105979107,9179429
106019159,9182065
106059203,9184766
106099232,9187706
106139272,9190342
106179312,9192978
106210339,9201476
106250375,9204112
106290408,9206748
106330438,9209384
106370467,9212020
106410492,9214656
106450524,9217292
106490560,9219992
106530610,9222628
106570649,9225392
106610678,9228264
106650707,9230900
106690739,9233536
106730773,9236172
106770813,9238808
106810850,9241444
106850884,9244080
106890916,9246716
106930943,9249352
106970973,9251988
107011018,9254689
107051071,9257390
107091108,9260330
107131136,9262966
107171164,9265602
107202187,9267763
107242212,9276742
107282241,9279378
107322272,9282014
107362302,9284650
107402342,9287286
107442376,9289922
107482415,9292622
107522466,9295258
107562512,9297958
107602547,9300894
107642581,9303530
107682616,9306166
107722651,9308802
107762690,9311438
107802726,9314074
107842762,9316710
107882796,9319346
107922823,9321982
107962854,9324618
108002897,9327319
108042946,9329955
108082984,9332895
108123018,9335596
108163044,9338232
108203075,9340868
108234100,9349373
108274130,9352009
108314158,9354645
108354192,9357281
108394227,9359917
108434261,9362553
108474290,9365189
108514341,9367889
108554389,9370589
108594419,9373525
108634452,9376161
108674492,9378797
108714527,9381433
108754557,9384069
108794587,9386705
108834616,9389341
108874642,9391977
108914670,9394613
108954700,9397249
108994737,9399950
109034787,9402586
109074826,9405439
109114862,9408227
109154891,9410863
109194927,9413499
109225951,9421991
109265983,9424627
109306016,9427263
109346047,9429899
109386080,9432535
109426109,9435171
109466136,9437807
109506182,9440507
109546236,9443207
109586270,9446079
109626307,9448779
109666343,9451415
109706374,9454051
109746403,9456687
109786434,9459323
109826458,9461959
109866486,9464595
109906511,9467231
109946537,9469867
109986573,9472568
110026624,9475204
110066666,9477970
110106704,9480845
110146744,9483481
110186774,9486117
110217800,9494621
110257829,9497257
110297860,9499893
110337894,9502529
110377927,9505165
110417963,9507801
110457994,9510437
110498034,9513137
110538084,9515773
110578124,9518623
110618154,9521409
110658185,9524045
110698220,9526681
110738253,9529317
110778289,9531953
110818319,9534589
110858349,9537225
110898382,9539861
110938419,9542497
110978457,9545133
111018507,9547834
111058555,9550535
111098586,9553475
111138613,9556111
111178645,9558747
111209665,9560908
111249688,9569879
111289714,9572515
111329744,9575151
111369771,9577787
111409797,9580423
111449827,9583059
111489867,9585759
111529917,9588395
111569961,9591159
111609989,9594031
111650017,9596667
111690046,9599303
111730079,9601939
111770113,9604575
111810148,9607211
111850182,9609847
111890213,9612483
111930246,9615119
111970276,9617755
112010322,9620456
112050372,9623157
112090402,9626032
112130431,9628733
112170463,9631369
112210489,9634005
112241509,9642477
112281540,9645113
112321565,9647749
112361600,9650385
112401635,9653021
112441674,9655657
112481711,9658357
112521761,9660993
112561806,9663693
112601844,9666629
112641879,9669265
112681908,9671901
112721943,9674537
112761974,9677173
112802004,9679809
112842026,9682445
112882054,9685081
112922082,9687717
112962115,9690353
113002154,9693054
113042208,9695690
113082243,9698543
113122276,9701331
113162315,9703967
113202351,9706603
113233376,9715097
113273411,9717733
113313441,9720369
113353467,9723005
113393497,9725641
113433525,9728277
113473552,9730913
113513601,9733613
113553651,9736313
113593687,9739185
113633719,9741885
113673753,9744521
113713785,9747157
113753817,9749793
113793844,9752429
113833877,9755065
113873903,9757701
113913934,9760337
113953962,9762973
113993996,9765674
114034046,9768310
114074091,9771076
114114131,9773951
114154164,9776587
114194197,9779223
114225217,9787729
114265248,9790365
114305282,9793001
114345318,9795637
114385348,9798273
114425379,9800909
114465414,9803545
114505460,9806245
114545510,9808881
114585544,9811731
114625574,9814517
114665607,9817153
114705640,9819789
114745673,9822425
114785705,9825061
114825736,9827697
114865766,9830333
114905798,9832969
114945828,9835605
114985857,9838306
115025906,9840942
115065952,9843643
115105987,9846583
115146014,9849219
115186050,9851855
115217072,9854016
115257099,9862981
115297126,9865617
115337159,9868253
115377185,9870889
115417216,9873525
115457253,9876161
115497293,9878861
115537344,9881497
115577386,9884261
115617419,9887133
115657447,9889769
115697478,9892405
115737503,9895041
115777536,9897677
115817569,9900313
115857603,9902949
115897635,9905585
115937667,9908221
115977696,9910857
116017742,9913558
116057791,9916259
116097820,9919134
116137852,9921835
116177882,9924471
116217914,9927107
116248938,9935606
116288966,9938242
116328996,9940878
116369023,9943514
116409054,9946150
116449084,9948786
116489113,9951486
116529165,9954122
116569210,9956822
116609237,9959758
116649268,9962394
116689294,9965030
116729324,9967666
116769351,9970302
116809380,9972938
116849415,9975574
116889445,9978210
116929477,9980846
116969508,9983482
117009551,9986183
117049604,9988819
117089636,9991672
117129666,9994460
117169700,9997096
117209727,9999732
117240749,10008226
117280786,10010862
117320815,10013498
117360844,10016134
117400876,10018770
117440912,10021406
117480944,10024042
117520993,10026742
117561040,10029442
117601077,10032378
117641110,10035014
117681145,10037650
117721172,10040286
117761200,10042922
117801233,10045558
117841258,10048194
117881293,10050830
117921320,10053466
117961347,10056102
118001385,10058803
118041436,10061439
118081475,10064292
118121500,10067080
118161532,10069716
118201560,10072352
118232585,10080850
118272614,10083486
118312643,10086122
118352675,10088758
118392702,10091394
118432730,10094030
118472763,10096666
118512808,10099366
118552858,10102002
118592891,10104938
118632919,10107638
118672947,10110274
118712979,10112910
118753014,10115546
118793041,10118182
118833073,10120818
118873102,10123454
118913128,10126090
118953158,10128726
118993191,10131427
119033240,10134063
119073285,10136829
119113316,10139704
119153347,10142340
119193380,10144976
119224403,10147137
119264432,10156104
119304461,10158740
119344491,10161376
119384526,10164012
119424553,10166648
119464583,10169284
119504622,10171984
119544673,10174620
119584717,10177470
119624756,10180256
119664791,10182892
119704826,10185528
119744857,10188164
119784883,10190800
119824917,10193436
119864943,10196072
119904970,10198708
119945003,10201344
119985038,10203980
120025087,10206681
120065135,10209382
120105173,10212322
120145210,10214958
120185244,10217594
120225277,10220230
120265310,10223233
120305346,10225869
120345384,10228505
120385419,10231141
120425459,10233777
120465496,10236413
120505543,10239111
120545594,10241747
120585631,10244547
120625665,10247291
120665704,10249927
120705752,10252563
120745808,10255199
120785869,10257835
120825930,10260471
120865993,10263107
120906053,10265743
120946114,10268379
120986175,10271015
121026242,10273694
121066313,10276330
121106379,10278979
121146448,10281535
CPU1
TS,0
31643,690358022
71705,690479267
111767,690599716
151829,690720492
191891,690841101
231953,690961164
272015,691081590
312077,691202018
352139,691322534
392201,691442644
432263,691563188
471318,720182664
511373,780263364
551420,840334798
591470,900409402
631522,960487750
671574,1020565542
711624,1080640590
751674,1140715836
791726,1200793294
831780,1260874026
871834,1320954984
905867,1372004172
945897,1432049524
982926,1487594284
1022957,1547639856
1062982,1607677390
1103007,1667715032
1143033,1727754134
1183054,1787785958
1223079,1847823664
1263099,1907853318
1303123,1967889058
1343149,2027928470
1383173,2087964182
1423214,2148026190
1463261,2208096588
1503287,2268134400
1543314,2328176144
1583340,2388214840
1623371,2448260914
1663405,2508311870
1703436,2568358460
1743461,2628395324
1783482,2688427476
1823503,2748458312
1863530,2808499218
1903561,2868546382
1943613,2928624296
1983654,2988685650
2023686,3048733426
2063715,3108777406
2103740,3168814846
2143769,3228858258
2183794,3288895420
2223824,3348941116
2263861,3408996404
2303892,3469042610
2343925,3529092144
2383953,3589134166
2423993,3649194756
2464040,3709265106
2504063,3769299386
2544089,3829337244
2584110,3889369024
2624132,3949402992
2664154,4009434830
2704175,4069466984
2744195,4129496390
2784222,4189537490
2824246,4249573896
2864273,4309614320
2904299,4369653226
2944349,4429728252
2984391,4489790286
3024420,4549834486
3064443,4609868974
3104465,4669901896
3144489,4729938610
3184511,4789971102
3224537,4850010234
3264569,4910058056
3304593,4970093848
3344617,5030129580
3384642,5090167178
3424685,5150232546
3464731,5210300964
3504754,5270335740
3544787,5330384726
3584819,5390433266
3624851,5450480894
3664872,5510513110
3704895,5570546632
3744912,5630572228
3784937,5690609454
3824967,5750655120
3865002,5810706984
3905031,5870751580
3945078,5930822636
3985121,5990886444
4025149,6050927196
4065174,6110964944
4105196,6170998132
4145219,6231033494
4185248,6291076512
4225274,6351116124
4265309,6411167808
4305334,6471205832
4345356,6531238078
4385386,6591283954
4425430,6651350390
4465482,6711427414
4505508,6771467060
4545533,6831503466
4585557,6891539822
4625579,6951573108
4665602,7011606616
4705627,7071644874
4745648,7131676768
4785675,7191717516
4825698,7251751420
4865727,7311794492
4905760,7371844576
4945808,7431916560
4985848,7491976486
5025873,7552014414
5065898,7612052296
5105919,7672082562
5145940,7732114518
5185968,7792155950
5225992,7852192608
5266014,7912224664
5306037,7972260238
5346066,8032303024
5386090,8092339898
5426133,8152404124
5466182,8212478116
5506215,8272526374
5546247,8332575670
5586268,8392606478
5626294,8452644908
5666317,8512680490
5706337,8572710058
5746361,8632746622
5786381,8692776380
5826401,8752805144
5866426,8812843936
5906455,8872887018
5946506,8932963708
5986549,8993027710
6026572,9053062056
6066602,9113107842
6106637,9173159732
6146662,9233197850
6186681,9293226228
6226706,9353263634
6266727,9413295114
6306749,9473327836
6346769,9533357406
6386793,9593394458
6426836,9653458878
6466883,9713529044
6506914,9773575196
6546941,9833616062
6586973,9893663246
6627003,9953709178
6667035,10013756292
6707068,10073807122
6747105,10133861738
6787130,10193899456
6827154,10253935316
6867180,10313975172
6907207,10374015232
6947256,10434089248
6987294,10494144990
7027321,10554185400
7067347,10614225240
7107377,10674269546
7147409,10734318092
7187439,10794362158
7227461,10854395108
7267487,10914435634
7307516,10974478100
7347545,11034521356
7387576,11094569372
7427618,11154631798
7467667,11214705906
7507697,11274749184
7547722,11334787216
7587745,11394822096
7627771,11454861528
7667801,11514905398
7707838,11574960698
7747863,11634999428
7787885,11695032286
7827909,11755068594
7867946,11815122734
7907975,11875167380
7948021,11935236304
7988063,11995298332
8028093,12055344292
8068121,12115385618
8108147,12175424614
8148172,12235462396
8188200,12295504096
8228223,12355539078
8268249,12415578748
8308271,12475611398
8348294,12535645274
8388318,12595681832
8428363,12655749438
8468415,12715827184
8508441,12775866604
8548464,12835899788
8588491,12895940298
8628521,12955985816
8668550,13016028976
8708572,13076062058
8748596,13136097716
8788628,13196145892
8828659,13256192954
8868690,13316239276
8908723,13376288678
8948770,13436360560
8988807,13496415192
9028837,13556459590
9068861,13616496624
9108883,13676529440
9148905,13736562824
9188935,13796606688
9228967,13856654804
9268995,13916696892
9309023,13976738442
9349045,14036772290
9389070,14096808990
9429114,14156875710
9469164,14216950926
9509190,14276989348
9549218,14337031362
9589249,14397078546
9629274,14457115162
9669295,14517147420
9709322,14577187702
9749351,14637230252
9789379,14697273570
9829403,14757309338
9869427,14817344950
9909462,14877397606
9949512,14937473210
9989550,14997529978
10029578,15057571806
10069601,15117605982
10109634,15177655092
10149655,15237687640
10189676,15297717834
10229698,15357752220
10269720,15417784536
10309748,15477826594
10349776,15537868598
10389809,15597917958
10429853,15657983592
10469902,15718057418
10509935,15778107496
10549967,15838154950
10589995,15898196584
10630019,15958232616
10670049,16018278514
10710077,16078320000
10750101,16138356382
10790123,16198389062
10830144,16258420206
10870170,16318458860
10910198,16378502368
10950248,16438576040
10990285,16498631358
11030307,16558664684
11070331,16618700830
11110353,16678734630
11150375,16738766812
11190396,16798798224
11230415,16858827552
11270440,16918864236
11310464,16978899784
11350486,17038933404
11390510,17098968930
11430553,17159034206
11470603,17219109910
11510628,17279145698
11550654,17339185974
11590681,17399225952
11630705,17459261304
11670727,17519294670
11710750,17579328922
11750774,17639365876
11790806,17699413836
11830833,17759453550
11870857,17819490352
11910892,17879542750
11950939,17939613646
11990979,17999673754
12031012,18059722318
12071037,18119759372
12111060,18179794906
12151086,18239833626
12191113,18299873902
12231136,18359908588
12271166,18419952812
12311198,18480002116
12351234,18540055982
12391262,18600097906
12431306,18660164304
12471355,18720237918
12511383,18780278788
12551415,18840327490
12591446,18900373310
12631471,18960410624
12671499,19020452670
12711516,19080478850
12751542,19140517738
12791561,19200546068
12831586,19260583578
12871617,19320630148
12911655,19380687030
12951705,19440761876
12991741,19500815842
13031765,19560851456
13071792,19620892376
13111818,19680931386
13151842,19740967182
13191873,19801014280
13231902,19861058214
13271934,19921104802
13311960,19981144352
13351980,20041175020
13392011,20101220616
13432056,20161289246
13472105,20221362442
13512137,20281409812
13552161,20341446562
13592189,20401488304
13632213,20461523456
13672236,20521559012
13712258,20581591452
13752275,20641617390
13792299,20701652978
13832319,20761683384
13872342,20821718002
13912371,20881760740
13952420,20941834540
13992459,21001892826
14032484,21061930380
14072503,21121958778
14112526,21181993490
14152552,21242031814
14192577,21302070340
14232601,21362105552
14272621,21422136200
14312643,21482169282
14352669,21542208446
14392697,21602249252
14432737,21662310806
14472788,21722387226
14512810,21782419334
14552833,21842454734
14592859,21902492940
14632881,21962526494
14672906,22022563940
14712934,22082605254
14752955,22142636210
14792976,22202668148
14833001,22262705304
14873032,22322752324
14913068,22382807076
14953122,22442887446
14993161,22502946146
15033192,22562991640
15073222,22623037718
15113244,22683070584
15153265,22743102352
15193292,22803142860
15233320,22863185064
15273350,22923230030
15313373,22983263938
15353401,23043305800
15393427,23103345064
15433469,23163407454
15473520,23223484930
15513548,23283525838
15553569,23343557274
15593590,23403589476
15633614,23463626020
15673644,23523670742
15713675,23583717190
15753701,23643755066
15793725,23703792210
15833754,23763836026
15873780,23823873968
15913811,23883921192
15953860,23943994750
15993896,24004047588
16033926,24064092716
16073953,24124133794
16113977,24184169892
16154003,24244209082
16194026,24304243946
16234058,24364290850
16274088,24424337094
16314116,24484377978
16354142,24544417958
16394173,24604463952
16434218,24664532230
16474267,24724605152
16514295,24784646702
16554325,24844692404
16594356,24904738698
16634377,24964770456
16674403,25024808666
16714432,25084851662
16754462,25144898096
16794487,25204935046
16834511,25264970278
16874533,25325003390
16914561,25385046844
16954609,25445118346
16994648,25505176784
17034675,25565216298
17074700,25625254328
17114733,25685303816
17154762,25745347044
17194784,25805380290
17234802,25865407608
17274826,25925442736
17314854,25985484996
17354886,26045532708
17394918,26105581902
17434963,26165649578
17475015,26225727020
17515037,26285760498
17555067,26345805538
17595098,26405851788
17635130,26465899006
17675157,26525939780
17715178,26585971654
17755200,26646004692
17795223,26706038528
17835241,26766065592
17875268,26826106666
17915300,26886154372
17955349,26946227440
17995388,27006285712
18035412,27066322300
18075436,27126357764
18115459,27186392508
18155481,27246425968
18195501,27306456396
18235523,27366488916
18275545,27426521718
18315564,27486550736
18355589,27546588508
18395614,27606625822
18435656,27666688120
18475703,27726758922
18515732,27786802818
18555759,27846843212
18595783,27906878968
18635800,27966904332
18675834,28026954798
18715865,28087001172
18755893,28147043224
18795915,28207076352
18835940,28267113892
18875966,28327154130
18915995,28387197210
18956043,28447269822
18996079,28507323268
19036097,28567349718
19076119,28627383136
19116144,28687420368
19156164,28747450778
19196185,28807481736
19236211,28867520570
19276240,28927564920
19316271,28987610442
19356294,29047645362
19396320,29107684456
19436361,29167746580
19476409,29227818812
19516435,29287856602
19556467,29347905532
19596496,29407948124
19636524,29467989760
19676552,29528033142
19716586,29588083186
19756614,29648126028
19796633,29708153814
19836657,29768189974
19876688,29828235820
19916723,29888289598
19956773,29948364276
19996816,30008428702
20036848,30068475968
20076881,30128526466
20116908,30188566700
20156938,30248610950
20196967,30308655594
20237000,30368703890
20277033,30428753474
20317064,30488799944
20357089,30548838514
20397112,30608871874
20437155,30668937170
20477206,30729012982
20517232,30789053032
20557249,30849078664
20597273,30909114342
20637305,30969162388
20677334,31029204988
20717363,31089248418
20757395,31149297546
20797424,31209340726
20837453,31269384626
20877479,31329423004
20917513,31389474352
20957564,31449549944
20997602,31509607952
21037625,31569641490
21077654,31629684756
21117680,31689724438
21157710,31749769196
21197738,31809811446
21237769,31869858688
21277798,31929902144
21317827,31989944458
21357859,32049993066
21397892,32110042424
21437939,32170112788
21477987,32230185704
21518022,32290237424
21558055,32350287110
21598086,32410333888
21638109,32470367446
21678137,32530410700
21718163,32590449530
21758197,32650500458
21798220,32710534400
21838245,32770571904
21878267,32830604992
21918296,32890648256
21958344,32950720950
21998385,33010782590
22038416,33070828658
22078447,33130875288
22118469,33190908452
22158492,33250941950
22198515,33310977704
22238541,33371015608
22278568,33431056846
22318593,33491094576
22358621,33551136756
22398647,33611174528
22438686,33671233214
22478736,33731308400
22518766,33791353204
22558793,33851394456
22598817,33911430546
22638842,33971466790
22678868,34031506498
22718892,34091541650
22758915,34151576748
22798939,34211612818
22838967,34271654380
22878987,34331685234
22919017,34391730028
22959066,34451803764
22999104,34511859950
23039134,34571905466
23079167,34631955018
23119200,34692004978
23159231,34752050554
23199252,34812082456
23239275,34872116494
23279299,34932153352
23319325,34992192178
23359350,35052229642
23399372,35112262944
23439416,35172329682
23479465,35232402082
23519486,35292433836
23559511,35352470366
23599532,35412503134
23639559,35472542886
23679582,35532577244
23719603,35592608622
23759626,35652643404
23799650,35712679874
23839673,35772713288
23879702,35832757134
23919736,35892808416
23959787,35952885010
23999825,36012942408
24039852,36072982506
24079881,36133026238
24119909,36193068020
24159933,36253103722
24199958,36313141056
24239987,36373185538
24280018,36433231526
24320048,36493276922
24360076,36553318798
24400099,36613353704
24440146,36673422892
24480194,36733496390
24520222,36793537594
24560246,36853572702
24600269,36913608064
24640294,36973645992
24680319,37033682536
24720341,37093716486
24760368,37153756264
24800394,37213795622
24840420,37273834684
24880455,37333887474
24920485,37393932920
24960534,37454006618
25000575,37514067482
25040599,37574102972
25080629,37634147912
25120662,37694197206
25160689,37754237632
25200712,37814272182
25240739,37874312768
25280759,37934343628
25320784,37994380134
25360807,38054414964
25400827,38114445266
25440871,38174511066
25480920,38234584978
25520947,38294624988
25560980,38354674138
25601007,38414714382
25641033,38474754208
25681061,38534796646
25721091,38594841226
25761124,38654890172
25801146,38714923682
25841173,38774963730
25881199,38835002394
25921231,38895051466
25961281,38955125626
26001321,39015185338
26041348,39075226442
26081377,39135270652
26121404,39195310732
26161433,39255354272
26201462,39315397698
26241495,39375447636
26281527,39435494954
26321550,39495529128
26361571,39555560512
26401594,39615594896
26441634,39675654988
26481681,39735726504
26521709,39795767864
26561730,39855799726
26601755,39915836242
26641777,39975869842
26681800,40035905158
26721824,40095940514
26761850,40155980194
26801883,40216029760
26841913,40276074642
26881936,40336107784
26921967,40396155204
26962017,40456229636
27002051,40516281600
27042072,40576312728
27082099,40636352638
27122123,40696389670
27162145,40756422760
27202168,40816456944
27242190,40876489820
27282212,40936523122
27322240,40996565186
27362270,41056608894
27402300,41116653888
27442345,41176721932
27482395,41236796812
27522420,41296834742
27562445,41356872708
27602468,41416905814
27642492,41476942442
27682509,41536968728
27722533,41597004082
27762555,41657036740
27802583,41717078896
27842604,41777110442
27882631,41837150832
27922666,41897203240
27962715,41957277726
28002760,42017344200
28042788,42077386244
28082822,42137438106
28122847,42197474570
28162869,42257508608
28202892,42317543152
28242925,42377591316
28282946,42437623338
28322966,42497654090
28362993,42557694258
28403024,42617740988
28443068,42677806014
28483118,42737881324
28523151,42797930942
28563177,42857970702
28603202,42918007398
28643227,42978044832
28683260,43038095240
28723289,43098138166
28763311,43158171120
28803339,43218213172
28843367,43278254286
28883386,43338282748
28923418,43398331134
28963466,43458403324
29003506,43518463888
29043534,43578506224
29083567,43638555062
29123591,43698591170
29163615,43758627080
29203643,43818668824
29243666,43878703954
29283694,43938745142
29323722,43998787758
29363748,44058826466
29403774,44118864942
29443818,44178931608
29483869,44239008446
29523901,44299055226
29563936,44359108250
29603966,44419152736
29643994,44479195476
29684022,44539238016
29724049,44599278396
29764079,44659323086
29804109,44719368438
29844134,44779404942
29884163,44839449030
29924199,44899503606
29964246,44959573992
30004283,45019628574
30044312,45079672134
30084342,45139716930
30124366,45199754002
30164387,45259784372
30204405,45319811468
30244426,45379843916
30284446,45439873420
30324462,45499897992
30364482,45559927164
30404508,45619966016
30444550,45680029128
30484599,45740103424
30524624,45800140092
30564651,45860181626
30604680,45920225258
30644711,45980270716
30684739,46040312388
30724766,46100354036
30764798,46160401400
30804832,46220452084
30844867,46280505038
30884899,46340552414
30924929,46400598186
30964974,46460666484
31005016,46520728326
31045044,46580769812
31085067,46640805026
31125095,46700847124
31165122,46760887052
31205142,46820917044
31245163,46880948692
31285182,46940977280
31325206,47001013730
31365229,47061048596
31405253,47121083438
31445294,47181146286
31485343,47241219524
31525370,47301259504
31565399,47361302504
31605426,47421343342
31645452,47481382968
31685477,47541419258
31725497,47601450450
31765519,47661483366
31805540,47721514642
31845566,47781553912
31885588,47841587048
31925619,47901632824
31965669,47961707550
32005705,48021761930
32045731,48081801676
32085753,48141833328
32125782,48201877186
32165804,48261910356
32205828,48321946182
32245852,48381982484
32285878,48442021190
32325903,48502059262
32365931,48562100144
32405962,48622147696
32446002,48682207878
32486052,48742282462
32526085,48802332702
32566118,48862381316
32606147,48922425656
32646172,48982461830
32686203,49042508788
32726225,49102541716
32766250,49162579274
32806275,49222617138
32846305,49282662262
32886336,49342708486
32926364,49402750748
32966413,49462824100
33006452,49522882292
33046474,49582914736
33086499,49642952314
33126526,49702992642
33166557,49763039712
33206579,49823073448
33246602,49883107428
33286622,49943136842
33326648,50003176144
33366675,50063216376
33406709,50123267812
33446752,50183332314
33486800,50243404030
33526826,50303442564
33566848,50363476010
33606869,50423507152
33646895,50483547218
33686920,50543583850
33726942,50603617882
33766970,50663658784
33806995,50723696518
33847019,50783732810
33887037,50843760166
33927065,50903802610
33967115,50963876788
34007155,51023937860
34047187,51083984544
34087212,51144022010
34127235,51204056214
34167264,51264099816
34207294,51324146776
34247323,51384188830
34287354,51444235152
34327380,51504273730
34367407,51564314556
34407432,51624351940
34447476,51684419398
34487528,51744496778
34527552,51804533536
34567578,51864571152
34607604,51924610580
34647637,51984660206
34687669,52044708480
34727701,52104755820
34767727,52164794652
34807750,52224830106
34847778,52284871096
34887800,52344905238
34927827,52404944854
34967875,52465017240
35007913,52525074806
35047940,52585114410
35087974,52645164756
35128006,52705213766
35168036,52765258610
35208055,52825287556
35248080,52885325120
35288100,52945354716
35328121,53005385924
35368150,53065429592
35408173,53125464316
35448213,53185523920
35488265,53245602830
35528295,53305646528
35568321,53365685870
35608353,53425734716
35648386,53485783102
35688418,53545831890
35728442,53605867600
35768467,53665905622
35808489,53725937996
35848508,53785967116
35888536,53846008176
35928568,53906056022
35968619,53966133214
36008655,54026187376
36048678,54086221176
36088702,54146257674
36128728,54206296898
36168761,54266346106
36208788,54326386560
36248805,54386411232
36288828,54446447044
36328858,54506491572
36368888,54566535740
36408916,54626579086
36448953,54686634562
36489003,54746708664
36529029,54806748712
36569056,54866788984
36609080,54926824086
36649107,54986866864
36689137,55046910120
36729160,55106944860
36769185,55166982796
36809207,55227014672
36849226,55287043954
36889251,55347081594
36929286,55407133807
36969335,55467207694
37009372,55527262688
37049403,55587309586
37089433,55647354216
37129465,55707401918
37169488,55767436622
37209512,55827472522
37249535,55887506286
37289559,55947543482
37329589,56007587884
37369616,56067628788
37409641,56127665684
37449684,56187730934
37489734,56247805622
37529763,56307849214
37569793,56367893746
37609823,56427939546
37649847,56487975590
37689867,56548005560
37729888,56608036540
37769909,56668068304
37809930,56728099356
37849949,56788128152
37889976,56848168020
37930003,56908209344
37970051,56968281532
38010089,57028338824
38050117,57088380672
38090137,57148410652
38130158,57208441468
38170178,57268471766
38210205,57328512576
38250224,57388540154
38290244,57448570612
38330269,57508607912
38370289,57568637566
38410313,57628673438
38450354,57688736298
38490403,57748809690
38530433,57808853586
38570458,57868891870
38610488,57928936996
38650511,57988970874
38690539,58049012694
38730557,58109039274
38770578,58169072104
38810601,58229106216
38850619,58289133446
38890638,58349161968
38930669,58409208542
38970717,58469281224
39010759,58529343432
39050792,58589392588
39090821,58649435406
39130850,58709480148
39170882,58769526804
39210908,58829566846
39250938,58889612048
39290964,58949650072
39330994,59009695258
39371014,59069724830
39411039,59129762748
39451077,59189820990
39491129,59249898632
39531153,59309934072
39571178,59369971086
39611194,59429995178
39651210,59490018912
39691233,59550054126
39731257,59610090472
39771280,59670123668
39811310,59730170106
39851338,59790211558
39891371,59850260886
39931402,59910307622
39971453,59970384864
40011495,60030446508
40051520,60090484720
40091544,60150520422
40131566,60210553330
40171586,60270583780
40211604,60330610792
40251625,60390642376
40291647,60450674338
40331677,60510720762
40371707,60570765632
40411732,60630802518
40451774,60690865470
40491822,60750936992
40531843,60810968332
40571872,60871012584
40611901,60931056376
40651930,60991099398
40691954,61051135736
40731980,61111173904
40772005,61171211214
40812024,61231240390
40852053,61291284596
40892083,61351328894
40932115,61411376930
40972162,61471448270
41012202,61531507708
41052231,61591550746
41092258,61651590900
41132276,61711618490
41172297,61771649800
41212320,61831684804
41252349,61891727646
41292370,61951758728
41332396,62011798340
41372424,62071840808
41412448,62131876838
41452493,62191943656
41492545,62252022220
41532578,62312071438
41572599,62372102684
41612619,62432133088
41652638,62492162702
41692659,62552192542
41732679,62612223518
41772702,62672257528
41812730,62732299688
41852760,62792344756
41892788,62852385750
41932814,62912426100
41972861,62972495754
42012895,63032546750
42052915,63092576974
42092935,63152606964
42132961,63212646840
42172981,63272675924
42213002,63332706604
42253023,63392739026
42293048,63452776322
42333079,63512822174
42373114,63572875916
42413136,63632908376
42453179,63692973618
42493228,63753046262
42533252,63813082914
42573278,63873122152
42613301,63933155908
42653330,63993198872
42693347,64053224666
42733369,64113257608
42773394,64173295574
42813412,64233322334
42853436,64293358070
42893455,64353386910
42933486,64413433530
42973536,64473509198
43013576,64533567934
43053598,64593601802
43093626,64653644228
43133654,64713685384
43173680,64773724998
43213704,64833760210
43253735,64893806366
43293769,64953857850
43333799,65013903168
43373823,65073938400
43413849,65133978734
43453892,65194043238
43493942,65254117400
43533965,65314152438
43573985,65374181304
43614008,65434216140
43654039,65494262646
43694067,65554304720
43734089,65614338622
43774116,65674377784
43814143,65734418172
43854174,65794464776
43894204,65854509986
43934239,65914563164
43974287,65974635622
44014322,66034688068
44054346,66094723134
44094365,66154751456
44134390,66214789726
44174416,66274828920
44214443,66334868480
44254467,66394905504
44294488,66454935968
44334512,66514971940
44374535,66575006632
44414556,66635038740
44454597,66695100776
44494645,66755172792
44534670,66815209574
44574693,66875244286
44614715,66935276504
44654740,66995314656
44694768,67055356688
44734799,67115403262
44774830,67175449774
44814850,67235479442
44854874,67295516086
44894896,67355548314
44934926,67415594030
44974978,67475672476
45015019,67535732934
45055044,67595770014
45095076,67655818058
45135104,67715859890
45175135,67775906424
45215157,67835940846
45255183,67895979470
45295207,67956014644
45335232,68016053198
45375257,68076090270
45415284,68136131044
45455326,68196193356
45495377,68256269674
45535405,68316312636
45575437,68376359704
45615461,68436396594
45655482,68496427516
45695506,68556463274
45735533,68616503400
45775564,68676550286
45815592,68736591696
45855617,68796630618
45895642,68856667308
45935671,68916711254
45975721,68976786370
46015760,69036844280
46055784,69096880328
46095812,69156922944
46135841,69216965376
46175868,69277006912
46215894,69337045012
46255921,69397086632
46295948,69457126912
46335968,69517157100
46375995,69577196720
46416016,69637228056
46456058,69697292174
46496108,69757366188
46536136,69817408700
46576173,69877463294
46616201,69937505238
46656227,69997544792
46696252,70057582688
46736275,70117616210
46776295,70177646314
46816318,70237681660
46856342,70297718086
46896374,70357765178
46936409,70417818290
46976458,70477891380
47016498,70537951246
47056527,70597994818
47096559,70658043290
47136590,70718090180
47176611,70778120456
47216630,70838149470
47256655,70898186714
47296687,70958234660
47336714,71018275200
47376742,71078317856
47416768,71138357242
47456812,71198422264
47496864,71258500768
47536892,71318542718
47576922,71378587044
47616946,71438623018
47656981,71498675566
47697003,71558709204
47737022,71618736678
47777045,71678771356
47817065,71738801254
47857085,71798831840
47897105,71858862058
47937137,71918909594
47977186,71978983466
48017226,72039043518
48057255,72099086286
48097281,72159125566
48137306,72219163530
48177336,72279208928
48217363,72339248886
48257393,72399293484
48297426,72459343456
48337452,72519381760
48377472,72579412374
48417501,72639456084
48457545,72699521822
48497596,72759597946
48537624,72819640436
48577652,72879682130
48617682,72939727358
48657709,72999768404
48697730,73059799600
48737753,73119833190
48777778,73179871266
48817800,73239904528
48857829,73299947358
48897860,73359994262
48937889,73420038810
48977942,73480118002
49017980,73540174144
49058007,73600215266
49098041,73660265358
49138067,73720304248
49178089,73780337328
49218110,73840369336
49258129,73900397904
49298153,73960433690
49338174,74020464920
49378198,74080501964
49418219,74140533518
49458262,74200597876
49498308,74260666630
49538336,74320707944
49578360,74380745144
49618385,74440782580
49658419,74500832528
49698448,74560876256
49738474,74620915054
49778503,74680958450
49818529,74740997338
49858560,74801045082
49898591,74861091826
49938620,74921135510
49978669,74981207718
50018707,75041265268
50058729,75101297710
50098753,75161333288
50138777,75221370104
50178803,75281409322
50218821,75341435386
50258845,75401471924
50298868,75461506616
50338899,75521552736
50378922,75581588518
50418939,75641612534
50458984,75701680750
50499032,75761753012
50539060,75821794998
50579089,75881837856
50619115,75941876812
50659140,76001914396
50699167,76061955806
50739197,76121999286
50779225,76182041476
50819252,76242082656
50859274,76302115684
50899294,76362145844
50939322,76422188318
50979370,76482260224
51019410,76542320290
51059441,76602366768
51099468,76662406540
51139493,76722444190
51179515,76782476798
51219540,76842515206
51259570,76902559560
51299600,76962604062
51339630,77022649290
51379653,77082683192
51419674,77142714690
51459715,77202777684
51499768,77262856154
51539795,77322896532
51579826,77382942840
51619848,77442977254
51659870,77503010114
51699891,77563040742
51739912,77623071558
51779941,77683115622
51819968,77743156346
51859990,77803190272
51900015,77863227898
51940043,77923268324
51980090,77983340132
52020127,78043394694
52060153,78103434452
52100178,78163471156
52140200,78223503992
52180228,78283546500
52220257,78343590028
52260288,78403637558
52300313,78463674522
52340341,78523715370
52380361,78583746236
52420382,78643778130
52460420,78703834708
52500469,78763909148
52540501,78823956134
52580524,78883990652
52620548,78944026674
52660577,79004070306
52700604,79064109966
52740628,79124146874
52780647,79184175302
52820670,79244210056
52860696,79304248030
52900727,79364295060
52940754,79424334854
52980803,79484409162
53020841,79544465324
53060861,79604496280
53100882,79664526948
53140907,79724565308
53180932,79784601890
53220955,79844636460
53260983,79904679186
53301011,79964720798
53341032,80024751864
53381059,80084793182
53421084,80144831046
53461123,80204889882
53501171,80264961926
53541200,80325004534
53581225,80385041336
53621254,80445085542
53661286,80505134190
53701310,80565169964
53741328,80625196470
53781351,80685230680
53821372,80745262574
53861401,80805305438
53901436,80865358872
53941460,80925395238
53981505,80985462390
54021541,81045516242
54061568,81105556798
54101591,81165591122
54141615,81225626920
54181636,81285658490
54221657,81345690328
54261680,81405724024
54301703,81465758998
54341727,81525795032
54381746,81585823238
54421767,81645855254
54461806,81705912900
54501857,81765990522
54541883,81826028624
54581904,81886060912
54621927,81946095092
54661951,82006130390
54701973,82066163670
54741998,82126200750
54782019,82186233740
54822040,82246264432
54862059,82306293452
54902081,82366326602
54942102,82426357788
54982152,82486432746
55022196,82546497974
55062228,82606547390
55102258,82666591816
55142283,82726628284
55182312,82786672428
55222337,82846710594
55262365,82906751358
55302392,82966793142
55342411,83026821394
55382431,83086851702
55422454,83146885266
55462493,83206944016
55502539,83267013702
55542571,83327060888
55582599,83387103508
55622620,83447135122
55662643,83507169474
55702676,83567218508
55742704,83627260796
55782730,83687298892
55822755,83747336278
55862779,83807372784
55902799,83867402836
55942827,83927444916
55982874,83987516224
56022911,84047570228
56062933,84107603244
56102953,84167634504
56142973,84227663950
56182995,84287697186
56223019,84347732906
56263042,84407766978
56303065,84467801618
56343095,84527847224
56383126,84587893642
56423152,84647933016
56463189,84707988124
56503241,84768065614
56543267,84828104930
56583288,84888136040
56623311,84948171560
56663330,85008199092
56703353,85068233898
56743376,85128269044
56783400,85188304022
56823428,85248346728
56863455,85308387846
56903487,85368434990
56943520,85428483874
56983569,85488558636
57023604,85548609746
57063635,85608657452
57103667,85668705490
57143697,85728750982
57183722,85788787814
57223750,85848829736
57263773,85908863318
57303798,85968901806
57343826,86028943910
57383857,86088990774
57423884,86149029870
57463918,86209082324
57503967,86269155952
57543998,86329200666
57584022,86389237812
57624049,86449277892
57664075,86509316986
57704097,86569350802
57744118,86629381902
57784144,86689420656
57824165,86749451622
57864194,86809495836
57904221,86869536570
57944251,86929580518
57984302,86989658476
58024346,87049723242
58064370,87109758864
58104390,87169789404
58144415,87229826318
58184433,87289854332
58224457,87349889722
58264481,87409925446
58304507,87469964522
58344538,87530011538
58384560,87590044944
58424581,87650076414
58464622,87710137546
58504671,87770211434
58544699,87830252868
58584733,87890304286
58624758,87950340788
58664778,88010371434
58704801,88070406264
58744826,88130443558
58784846,88190473802
58824867,88250505058
58864895,88310547550
58904919,88370583558
58944945,88430622276
58984994,88490695110
59025035,88550756636
59065066,88610803362
59105086,88670834098
59145108,88730866206
59185132,88790902210
59225154,88850935442
59265173,88910964210
59305196,88970998920
59345215,89031026708
59385243,89091070106
59425267,89151105608
59465305,89211161698
59505357,89271240438
59545387,89331285294
59585411,89391320588
59625441,89451365578
59665474,89511415420
59705510,89571469442
59745546,89631522974
59785575,89691566298
59825602,89751606768
59865629,89811647366
59905656,89871687972
59945686,89931734210
59985735,89991806652
60025772,90051862382
60065801,90111905988
60105828,90171946062
60145856,90231987660
60185879,90292022870
60225902,90352056640
60265926,90412092698
60305946,90472122780
60345972,90532162712
60385997,90592200379
60426017,90652230314
60466057,90712290466
60506106,90772363196
60546138,90832411396
60586165,90892452228
60626189,90952487494
60666219,91012533434
60706244,91072570652
60746270,91132609622
60786303,91192658850
60826333,91252704472
60866360,91312743954
60906385,91372782552
60946409,91432817654
60986459,91492893718
61026498,91552952042
61066521,91612986068
61106543,91673019048
61146567,91733054976
61186599,91793102476
61226623,91853139110
61266646,91913173266
61306673,91973214452
61346700,92033254658
61386730,92093299128
61426757,92153339822
61466794,92213395400
61506844,92273470576
61546876,92333518072
61586905,92393562388
61626931,92453601404
61666960,92513644050
61706983,92573678652
61747014,92633725934
61787042,92693767268
61827064,92753800016
61867090,92813838798
61907119,92873883600
61947145,92933921736
61987194,92993995082
62027227,93054045206
62067257,93114089490
62107280,93174125020
62147300,93234154092
62187328,93294196686
62227347,93354225524
62267370,93414259822
62307399,93474302914
62347429,93534347214
62387448,93594376626
62427472,93654411732
62467510,93714469510
62507557,93774540512
62547578,93834570894
62587605,93894611830
62627629,93954648008
62667655,94014687592
62707679,94074723080
62747700,94134755120
62787727,94194795310
62827756,94254838574
62867779,94314872878
62907801,94374905494
62947825,94434942460
62987876,94495018262
63027913,94555074442
63067936,94615108922
63107965,94675151310
63147984,94735180548
63188006,94795212920
63228031,94855250354
63268050,94915278458
63308072,94975311702
63348100,95035354466
63388126,95095392588
63428149,95155427438
63468187,95215485234
63508237,95275560086
63548267,95335605696
63588287,95395635442
63628307,95455665302
63668326,95515693676
63708351,95575731204
63748376,95635767916
63788399,95695802234
63828420,95755835034
63868442,95815867234
63908467,95875905046
63948492,95935942486
63988541,95996015898
64028578,96056070846
64068604,96116110498
64108628,96176146664
64148659,96236192228
64188682,96296227670
64228706,96356263468
64268726,96416293926
64308748,96476326418
64348771,96536361248
64388792,96596392430
64428815,96656427570
64468854,96716485532
64508901,96776555966
64548927,96836594936
64588956,96896638732
64628984,96956680806
64669011,97016721082
64709041,97076766144
64749062,97136796722
64789085,97196831404
64829105,97256861462
64869128,97316897024
64909153,97376933404
64949173,97436963392
64989222,97497038070
65029261,97557096190
65069288,97617135662
65109309,97677168708
65149335,97737206594
65189364,97797250160
65229391,97857291300
65269410,97917319096
65309435,97977357198
65349457,98037390172
65389483,98097428944
65429510,98157470138
65469548,98217527330
65509598,98277601802
65549625,98337642702
65589646,98397673592
65629669,98457708456
65669693,98517744152
65709720,98577784292
65749741,98637816486
65789764,98697850660
65829789,98757887528
65869812,98817922920
65909834,98877954898
65949854,98937985978
65989904,98998060804
66029944,99058120024
66069979,99118172368
66110004,99178209704
66150028,99238245764
66190049,99298278382
66230073,99358314604
66270098,99418351482
66310129,99478398658
66350161,99538446610
66390187,99598485300
66430211,99658520934
66470243,99718569538
66510296,99778649482
66550327,99838695034
66590350,99898729574
66630376,99958769016
66670402,100018807836
66710421,100078836016
66750448,100138876106
66790470,100198909442
66830493,100258945362
66870520,100318984898
66910541,100379015732
66950563,100439048568
66990612,100499122666
67030648,100559175920
67070680,100619225120
67110708,100679266410
67150733,100739303560
67190756,100799339048
67230781,100859376210
67270811,100919421412
67310834,100979456082
67350860,101039493712
67390886,101099532958
67430919,101159582712
67470953,101219634224
67511002,101279706998
67551030,101339749902
67591049,101399778040
67631078,101459821394
67671107,101519864770
67711129,101579898380
67751154,101639935226
67791175,101699966466
67831201,101760006098
67871228,101820046370
67911245,101880072206
67951271,101940111238
67991322,102000187352
68031353,102060234450
68071377,102120269932
68111397,102180299814
68151424,102240341514
68191442,102300367566
68231466,102360403440
68271487,102420434630
68311516,102480478954
68351537,102540510176
68391565,102600551624
68431590,102660589896
68471630,102720649094
68511680,102780724618
68551708,102840765826
68591739,102900813004
68631766,102960853578
68671786,103020883682
68711810,103080919704
68751832,103140953012
68791849,103200977988
68831876,103261018492
68871899,103321052868
68911923,103381088390
68951948,103441126084
68991997,103501199532
69032037,103561260300
69072063,103621298688
69112085,103681331470
69152105,103741362280
69192131,103801400624
69232153,103861434656
69272173,103921464132
69312196,103981497876
69352215,104041526170
69392240,104101564398
69432266,104161603608
69472302,104221658086
69512352,104281732660
69552382,104341777892
69592412,104401822172
69632440,104461865080
69672466,104521903812
69712490,104581939462
69752512,104641971724
69792535,104702006174
69832557,104762039658
69872584,104822079952
69912605,104882112146
69952629,104942148732
69992681,105002225626
70032714,105062275918
70072736,105122308764
70112760,105182345032
70152785,105242381840
70192814,105302425758
70232841,105362466042
70272864,105422499924
70312885,105482531462
70352906,105542563456
70392933,105602604594
70432958,105662641446
70472999,105722703246
70513047,105782776086
70553074,105842814948
70593104,105902861058
70633129,105962898292
70673154,106022934466
70713183,106082978614
70753215,106143026954
70793243,106203068920
70833270,106263109916
70873289,106323137800
70913317,106383179302
70953338,106443212022
70993385,106503282990
71033425,106563341348
71073457,106623390008
71113484,106683430262
71153512,106743473040
71193532,106803502942
71233558,106863541144
71273582,106923577856
71313606,106983612912
71353633,107043653778
71393663,107103698798
71433689,107163737428
71473726,107223793656
71513776,107283868058
71553803,107343907998
71593822,107403937248
71633842,107463966996
71673866,107524002512
71713888,107584036514
71753914,107644076112
71793940,107704114556
71833960,107764145102
71873984,107824180312
71914008,107884216282
71954027,107944245108
71994074,108004316034
72034114,108064375110
72074141,108124415294
72114165,108184452720
72154187,108244484630
72194213,108304523698
72234240,108364565164
72274267,108424604906
72314290,108484639536
72354317,108544679888
72394341,108604716340
72434366,108664753584
72474396,108724799598
72514447,108784875814
72554477,108844919268
72594507,108904965854
72634534,108965006098
72674562,109025047724
72714589,109085088414
72754613,109145123424
72794634,109205155460
72834655,109265187214
72874679,109325223314
72914704,109385260168
72954720,109445285066
72994773,109505364200
73034814,109565424902
73074845,109625472096
73114872,109685512928
73154895,109745546940
73194912,109805572988
73234933,109865604442
73274956,109925638134
73314978,109985671982
73355002,110045707214
73395022,110105737130
73435039,110165763364
73475078,110225821586
73515125,110285892944
73555154,110345935820
73595184,110405980652
73635208,110466017108
73675233,110526054118
73715256,110586087936
73755281,110646125566
73795305,110706162338
73835326,110766193906
73875352,110826232608
73915373,110886263806
73955403,110946309348
73995450,111006379628
74035490,111066439408
74075510,111126470084
74115536,111186508836
74155558,111246540906
74195581,111306575338
74235603,111366608514
74275621,111426636280
74315648,111486676908
74355674,111546715938
74395700,111606755066
74435726,111666793182
74475767,111726854652
74515818,111786931794
74555849,111846977774
74595874,111907015282
74635901,111967055808
74675919,112027082374
74715945,112087121812
74755965,112147152006
74795990,112207190196
74836015,112267227282
74876035,112327256484
74916059,112387293594
74956092,112447342712
74996141,112507416418
75036177,112567469830
75076203,112627508768
75116228,112687547142
75156252,112747583184
75196275,112807617220
75236303,112867659698
75276330,112927700276
75316357,112987739926
75356378,113047771488
75396402,113107807376
75436430,113167849078
75476468,113227907420
75516517,113287980914
75556547,113348024954
75596578,113408071016
75636608,113468116538
75676640,113528164298
75716664,113588200300
75756688,113648237158
75796714,113708274972
75836738,113768311384
75876761,113828346346
75916784,113888380162
75956810,113948420002
75996861,114008496422
76036906,114068563204
76076935,114128607078
76116959,114188642414
76156983,114248680276
76197013,114308724244
76237038,114368760940
76277063,114428798576
76317084,114488831192
76357108,114548866024
76397138,114608910802
76437166,114668953262
76477202,114729008194
76517253,114789083668
76557286,114849133296
76597309,114909168328
76637334,114969205920
76677366,115029253198
76717394,115089295986
76757418,115149330930
76797450,115209379588
76837474,115269416168
76877502,115329457612
76917534,115389505192
76957561,115449545362
76997609,115509618450
77037653,115569684632
77077684,115629731046
77117710,115689769578
77157738,115749811434
77197762,115809847394
77237784,115869880348
77277806,115929913120
77317832,115989952256
77357849,116049977640
77397874,116110015186
77437898,116170050978
77477933,116230104314
77517981,116290175974
77558017,116350230732
77598042,116410267446
77638064,116470299788
77678089,116530338024
77718112,116590372452
77758132,116650402940
77798159,116710443558
77838180,116770474622
77878203,116830509500
77918224,116890540622
77958249,116950577648
77998296,117010649456
78038340,117070715136
78078365,117130751408
78118384,117190781148
78158413,117250823962
78198438,117310862068
78238461,117370895656
78278481,117430925448
78318509,117490968200
78358539,117551012708
78398568,117611056948
78438597,117671099648
78478638,117731162102
78518690,117791239974
78558721,117851285124
78598745,117911321690
78638765,117971352422
78678791,118031390338
78718809,118091417084
78758838,118151461324
78798863,118211498854
78838889,118271537562
78878913,118331573450
78918943,118391618906
78958969,118451658324
78999016,118511727878
79039059,118571792828
79079086,118631833168
79119106,118691862844
79159134,118751905916
79199159,118811942702
79239184,118871981214
79279208,118932016940
79319233,118992053836
79359261,119052095344
79399286,119112134008
79439316,119172178332
79479356,119232238864
79519405,119292312258
79559442,119352367380
79599461,119412396400
79639483,119472428836
79679518,119532481904
79719551,119592531622
79759583,119652578522
79799607,119712614377
79839631,119772650266
79879653,119832684332
79919682,119892726760
79959704,119952761114
79999754,120012836428
80039800,120072905034
80079830,120132949794
80119854,120192985182
80159880,120253025128
80199906,120313063780
80239931,120373100390
80279954,120433136058
80319983,120493178840
80360012,120553222792
80400046,120613273960
80440075,120673316404
80480111,120733371860
80520160,120793445218
80560190,120853489504
80600216,120913528556
80640247,120973574574
80680265,121033602644
80720291,121093641428
80760314,121153675054
80800338,121213711806
80840368,121273756326
80880393,121333794416
80920420,121393834042
80960445,121453872622
81000495,121513947080
81040543,121574018984
81080576,121634067934
81120603,121694109336
81160628,121754146442
81200654,121814184716
81240680,121874224296
81280713,121934273820
81320736,121994308630
81360764,122054350798
81400792,122114391996
81440820,122174433830
81480861,122234496058
81520910,122294569420
81560941,122354617688
81600963,122414648452
81640984,122474680466
81681012,122534722072
81721031,122594751552
81761059,122654793454
81801085,122714832116
81841108,122774866822
81881132,122834901892
81921154,122894935958
81961182,122954976764
82001231,123015051724
82041273,123075114414
82081296,123135148176
82121315,123195176906
82161343,123255218900
82201370,123315258982
82241399,123375303730
82281430,123435349116
82321453,123495383446
82361474,123555415964
82401499,123615453266
82441522,123675487528
82481557,123735540480
82521610,123795619344
82561643,123855668438
82601665,123915702264
82641694,123975745394
82681718,124035780852
82721740,124095814068
82761765,124155852446
82801792,124215893094
82841811,124275920926
82881835,124335957736
82921860,124395994424
82961882,124456027842
83001931,124516101920
83041971,124576160992
83081996,124636198390
83122021,124696236680
83162046,124756273260
83202073,124816313806
83242095,124876347426
83282115,124936376266
83322129,124996398514
83362153,125056433704
83402183,125116479570
83442211,125176522276
83482254,125236585364
83522301,125296657102
83562335,125356707110
83602366,125416753280
83642396,125476798190
83682424,125536840528
83722454,125596884894
83762476,125656918926
83802506,125716962990
83842536,125777009212
83882560,125837043712
83922581,125897076438
83962609,125957117780
84002660,126017194934
84042707,126077264286
84082735,126137307286
84122764,126197351170
84162789,126257387774
84202811,126317420418
84242835,126377456716
84282862,126437497108
84322885,126497531896
84362911,126557571392
84402943,126617618360
84442972,126677662418
84483011,126737721012
84523058,126797791114
84563090,126857839860
84603109,126917867584
84643135,126977906402
84683163,127037948954
84723191,127097991304
84763219,127158032666
84803250,127218079538
84843274,127278116168
84883302,127338156868
84923329,127398197746
84963357,127458240366
85003407,127518315440
85043452,127578382290
85083484,127638430284
85123515,127698476280
85163537,127758509802
85203560,127818543586
85243580,127878575196
85283607,127938615196
85323636,127998658774
85363659,128058692646
85403690,128118739518
85443719,128178782588
85483755,128238837632
85523803,128298909702
85563830,128358949232
85603860,128418995106
85643894,128479045108
85683920,128539085244
85723946,128599123234
85763972,128659162944
85803996,128719198126
85844022,128779236940
85884046,128839273878
85924072,128899312228
85964096,128959349204
86004144,129019420810
86044189,129079487878
86084218,129139531258
86124240,129199565068
86164259,129259593034
86204280,129319624936
86244303,129379659780
86284324,129439690706
86324349,129499727974
86364374,129559765192
86404392,129619792138
86444414,129679826126
86484450,129739879280
86524498,129799950984
86564526,129859993594
86604551,129920031420
86644577,129980069164
86684601,130040105798
86724623,130100138656
86764650,130160178692
86804672,130220213108
86844693,130280243380
86884719,130340283380
86924740,130400314748
86964764,130460350956
87004812,130520423026
87044855,130580486888
87084887,130640535310
87124912,130700571744
87164936,130760608510
87204961,130820645328
87244987,130880685386
87285012,130940722306
87325038,131000761618
87365068,131060805940
87405096,131120848122
87445122,131180886954
87485160,131240944484
87525210,131301019048
87565243,131361069124
87605273,131421113484
87645295,131481146974
87685321,131541185732
87725352,131601232378
87765382,131661276470
87805404,131721309884
87845429,131781347340
87885461,131841395420
87925485,131901431748
87965506,131961463552
88005556,132021538816
88045601,132081605488
88085627,132141644182
88125656,132201687982
88165681,132261725016
88205704,132321760206
88245731,132381800000
88285754,132441835304
88325779,132501873078
88365803,132561909506
88405831,132621950442
88445855,132681987372
88485893,132742044920
88525939,132802113636
88565974,132862165500
88606009,132922217304
88646034,132982255584
88686060,133042295046
88726094,133102345794
88766124,133162389952
88806147,133222425612
88846172,133282462056
88886195,133342496528
88926213,133402524042
88966240,133462564546
89006290,133522638964
89046335,133582707248
89086363,133642749558
89126396,133702797932
89166423,133762839156
89206448,133822876560
89246471,133882911348
89286491,133942940470
89326513,134002973878
89366536,134063007972
89406558,134123040888
89446579,134183073008
89486614,134243125896
89526665,134303202984
89566695,134363246318
89606724,134423290072
89646751,134483330456
89686776,134543367980
89726799,134603403092
89766827,134663445310
89806855,134723486246
89846878,134783521038
89886898,134843550802
89926925,134903591258
89966947,134963624424
90006996,135023698318
90047044,135083770686
90087075,135143816490
90127101,135203854964
90167125,135263891950
90207146,135323923862
90247169,135383958106
90287195,135443996220
90327213,135504023662
90367237,135564059042
90407256,135624088902
90447280,135684124804
90487315,135744176842
90527363,135804249732
90567400,135864304122
90607426,135924343798
90647457,135984389144
90687490,136044440118
90727512,136104471916
90767533,136164503654
90807556,136224537780
90847577,136284569288
90887606,136344614202
90927636,136404657896
90967661,136464696254
91007710,136524769120
91047750,136584829618
91087781,136644875488
91127811,136704920212
91167840,136764963526
91207872,136825011898
91247900,136885054344
91287923,136945088792
91327949,137005128624
91367975,137065166560
91407996,137125198852
91448022,137185236766
91488067,137245305204
91528117,137305380298
91568151,137365430762
91608171,137425460906
91648203,137485509490
91688233,137545553898
91728261,137605595582
91768285,137665631662
91808304,137725659878
91848330,137785699400
91888361,137845746604
91928388,137905786446
91968418,137965831562
92008466,138025903262
92048508,138085965912
92088540,138146014756
92128568,138206056620
92168588,138266086876
92208620,138326133920
92248649,138386177404
92288677,138446220218
92328708,138506265678
92368725,138566291920
92408751,138626331392
92448778,138686371460
92488816,138746427902
92528863,138806499128
92568894,138866544616
92608920,138926584828
92648944,138986620424
92688964,139046650578
92728986,139106683420
92769007,139166714536
92809029,139226748518
92849058,139286791362
92889084,139346830014
92929107,139406864948
92969136,139466907690
93009185,139526982054
93049228,139587046306
93089256,139647088144
93129273,139707113748
93169297,139767149968
93209316,139827178130
93249340,139887213990
93289362,139947247460
93329385,140007281210
93369413,140067323804
93409441,140127365058
93449466,140187402852
93489506,140247463174
93529553,140307533816
93569586,140367582964
93609614,140427625586
93649640,140487664798
93689669,140547708052
93729700,140607754116
93769731,140667800012
93809758,140727841262
93849787,140787885400
93889813,140847923864
93929838,140907961718
93969857,140967990162
94009907,141028064400
94049952,141088132560
94089979,141148173124
94130004,141208210832
94170032,141268252232
94210050,141328279590
94250076,141388318446
94290101,141448356234
94330126,141508393926
94370153,141568434444
94410185,141628481694
94450213,141688523732
94490250,141748580210
94530301,141808656172
94570338,141868711986
94610363,141928748708
94650385,141988782520
94690411,142048820542
94730439,142108863244
94770465,142168901380
94810491,142228940596
94850515,142288976286
94890542,142349017142
94930574,142409065760
94970597,142469099508
95010646,142529173440
95050691,142589240388
95090718,142649281906
95130742,142709317878
95170767,142769354900
95210789,142829388596
95250810,142889419378
95290831,142949450498
95330857,143009490532
95370884,143069530684
95410907,143129565016
95450940,143189613836
95490975,143249667152
95531023,143309739646
95571055,143369787262
95611074,143429815912
95651101,143489855574
95691132,143549901994
95731162,143609947986
95771190,143669989538
95811219,143730033040
95851248,143790076314
95891267,143850105148
95931295,143910147228
95971319,143970182450
96011369,144030257954
96051412,144090322784
96091441,144150365892
96131473,144210414078
96171492,144270443052
96211516,144330478162
96251542,144390517290
96291562,144450547242
96331583,144510579476
96371608,144570616450
96411634,144630655426
96451655,144690686396
96491690,144750740390
96531739,144810812936
96571769,144870858090
96611798,144930901674
96651824,144990941586
96691846,145050973628
96731871,145111010604
96771904,145171060244
96811934,145231104798
96851964,145291150048
96891996,145351198748
96932025,145411241884
96972052,145471282970
97012102,145531357196
97052150,145591430076
97092176,145651468970
97132194,145711495948
97172218,145771532148
97212235,145831556894
97252257,145891590442
97292283,145951628914
97332311,146011671232
97372334,146071706118
97412365,146131751708
97452383,146191778622
97492422,146251838202
97532471,146311910850
97572507,146371964930
97612533,146432004362
97652558,146492042138
97692585,146552081696
97732612,146612123454
97772644,146672170776
97812673,146732214438
97852697,146792249746
97892720,146852284706
97932748,146912326220
97972774,146972365350
98012824,147032440348
98052870,147092509660
98092903,147152559722
98132935,147212606854
98172965,147272652568
98212991,147332691266
98253017,147392729874
98293044,147452770146
98333066,147512803052
98373093,147572843874
98413120,147632885134
98453145,147692921964
98493184,147752980764
98533232,147813052718
98573268,147873106096
98613296,147933148792
98653327,147993194512
98693361,148053245784
98733395,148113296418
98773423,148173339296
98813454,148233386182
98853480,148293424134
98893503,148353459654
98933533,148413503588
98973562,148473547836
99013610,148533620208
99053654,148593685936
99093682,148653727288
99133713,148713774554
99173738,148773812014
99213766,148833853012
99253787,148893884776
99293806,148953912928
99333829,149013948442
99373853,149073984484
99413874,149134016148
99453895,149194046508
99493934,149254105628
99533983,149314179910
99574014,149374225434
99614038,149434261584
99654061,149494295428
99694086,149554332748
99734110,149614369938
99774144,149674420906
99814173,149734463266
99854198,149794501964
99894219,149854532520
99934247,149914575150
99974279,149974623120
100014327,150034695552
100054370,150094760120
100094400,150154804456
100134429,150214847912
100174461,150274895490
100214492,150334942612
100254517,150394979936
100294545,150455021488
100334570,150515058768
100374595,150575097218
100414622,150635136764
100454648,150695175954
100494686,150755234086
100534735,150815306968
100574770,150875359252
100614801,150935405504
100654829,150995447688
100694856,151055489110
100734883,151115528716
100774908,151175566146
100814931,151235601442
100854957,151295640140
100894979,151355673572
100935006,151415712926
100975028,151475746016
101015076,151535818570
101055118,151595882034
101095144,151655920940
101135170,151715958978
101175201,151776006356
101215228,151836045924
101255252,151896082892
101295283,151956128472
101335314,152016175966
101375345,152076222120
101415377,152136270152
101455409,152196318432
101495450,152256379080
101535496,152316448826
101575532,152376502456
101615555,152436537362
101655586,152496583080
101695613,152556624512
101735643,152616669026
101775668,152676707156
101815690,152736738694
101855709,152796767240
101895735,152856806464
101935754,152916834984
101975777,152976869636
102015826,153036943670
102055868,153097005600
102095890,153157039588
102135911,153217069964
102175937,153277109626
102215959,153337143550
102255989,153397187612
102296017,153457229918
102336047,153517275092
102376065,153577302692
102416089,153637337798
102456114,153697375546
102496150,153757430120
102536197,153817500490
102576229,153877548010
102616251,153937580512
102656274,153997614944
102696302,154057656678
102736326,154117693910
102776350,154177729124
102816378,154237771266
102856406,154297814134
102896435,154357857066
102936459,154417893510
102976487,154477935024
103016536,154538008920
103056583,154598078278
103096617,154658129428
103136637,154718159774
103176660,154778193816
103216678,154838221916
103256700,154898254940
103296723,154958288670
103336745,155018322058
103376769,155078358342
103416794,155138395144
103456823,155198438674
103496863,155258499088
103536913,155318574180
103576947,155378625674
103616975,155438667338
103657009,155498717698
103697034,155558754844
103737056,155618788452
103777082,155678827228
103817110,155738870424
103857136,155798909204
103897168,155858956436
103937194,155918995190
103977219,155979033342
104017266,156039104174
104057307,156099164714
104097336,156159208020
104137366,156219253480
104177391,156279291578
104217421,156339335248
104257456,156399388296
104297479,156459423226
104337504,156519461106
104377527,156579494608
104417554,156639535300
104457586,156699584194
104497627,156759645570
104537680,156819724158
104577718,156879782054
104617746,156939823608
104657769,156999858432
104697793,157059894318
104737814,157119925930
104777837,157179959802
104817867,157240005574
104857894,157300046196
104897927,157360094478
104937953,157420134196
104977975,157480167608
105018025,157540241696
105058070,157600309960
105098102,157660357210
105138129,157720398106
105178152,157780432822
105218178,157840470880
105258201,157900506776
105298227,157960545282
105338246,158020573760
105378271,158080610476
105418296,158140647826
105458322,158200687608
105498363,158260749006
105538412,158320823572
105578448,158380875968
105618480,158440925432
105658512,158500972816
105698543,158561019310
105738574,158621065584
105778605,158681111622
105818632,158741153164
105858659,158801193420
105898687,158861235304
105938714,158921275024
105978741,158981315732
106018790,159041390892
106058835,159101457162
106098860,159161495134
106138890,159221539774
106178921,159281586228
106218954,159341635980
106258988,159401686588
106299014,159461726030
106339038,159521760974
106379061,159581796732
106419083,159641829294
106459104,159701860986
106499138,159761912290
106539186,159821983424
106579214,159882024940
106619233,159942054672
106659255,160002086570
106699285,160062132442
106739310,160122169488
106779335,160182207080
106819358,160242241980
106859383,160302278410
106899410,160362320320
106939432,160422352104
106979453,160482384238
107019504,160542460444
107059548,160602526250
107099577,160662570124
107139598,160722601348
107179621,160782636556
107219643,160842668278
107259666,160902703862
107299692,160962742996
107339721,161022786490
107379749,161082828390
107419775,161142866574
107459799,161202903248
107499837,161262960318
107539885,161323032532
107579922,161383087406
107619946,161443123508
107659970,161503158896
107700001,161563206140
107740034,161623255108
107780067,161683305580
107820100,161743354342
107860132,161803402784
107900160,161863444262
107940181,161923475606
107980209,161983518162
108020258,162043591474
108060300,162103654082
108100330,162163699002
108140355,162223737580
108180385,162283782182
108220413,162343823462
108260435,162403857234
108300457,162463889258
108340482,162523928104
108380512,162583972520
108420540,162644014622
108460560,162704044964
108500595,162764097342
108540647,162824175726
108580677,162884220684
108620699,162944252546
108660724,163004290354
108700752,163064332084
108740772,163124362892
108780799,163184402808
108820822,163244436720
108860846,163304473204
108900864,163364500424
108940884,163424530656
108980910,163484569404
109020957,163544640158
109061001,163604706672
109101031,163664751822
109141059,163724792940
109181086,163784832892
109221111,163844870694
109261137,163904910180
109301169,163964957448
109341201,164025005864
109381233,164085054610
109421257,164145089636
109461277,164205119802
109501314,164265176726
109541363,164325249754
109581398,164385300782
109621426,164445343854
109661456,164505387974
109701483,164565429232
109741501,164625455778
109781523,164685488542
109821541,164745516590
109861562,164805547296
109901585,164865582622
109941609,164925617978
109981634,164985655510
110021684,165045730860
110061726,165105793920
110101758,165165840830
110141785,165225882186
110181813,165285923708
110221844,165345970034
110261871,165406010898
110301901,165466055808
110341929,165526097992
110381955,165586137266
110421983,165646179420
110462013,165706223460
110502052,165766283420
110542100,165826354376
110582136,165886408030
110622165,165946451834
110662196,166006498514
110702224,166066540210
110742251,166126580840
110782284,166186629912
110822306,166246663834
110862325,166306692210
110902346,166366722722
110942377,166426769364
110982409,166486817964
111022457,166546890388
111062502,166606957806
111102529,166666998424
111142552,166727031864
111182574,166787066132
111222597,166847099722
111262618,166907130854
111302641,166967165228
111342668,167027206126
111382689,167087238276
111422718,167147281494
111462748,167207326514
111502792,167267392272
111542839,167327463224
111582875,167387517100
111622899,167447552512
111662926,167507594024
111702947,167567624518
111742972,167627662788
111783000,167687704754
111823025,167747741786
111863047,167807774342
111903073,167867814458
111943106,167927864076
111983130,167987899750
112023178,168047970936
112063218,168108032026
112103244,168168070272
112143276,168228119120
112183298,168288151100
112223324,168348191044
112263343,168408219012
112303364,168468250522
112343388,168528285934
112383415,168588326528
112423450,168648379048
112463483,168708428598
112503525,168768492342
112543575,168828567420
112583611,168888621434
112623647,168948675010
112663673,169008713662
112703703,169068758360
112743731,169128801532
112783753,169188833906
112823770,169248860188
112863792,169308892030
112903816,169368929004
112943841,169428965536
112983863,169488999434
113023914,169549075466
113063956,169609138290
113103982,169669177830
113144013,169729223316
113184046,169789272902
113224078,169849321454
113264111,169909371322
113304136,169969407920
113344154,170029435862
113384178,170089471740
113424199,170149502954
113464221,170209535404
113504257,170269589916
113544305,170329662928
113584338,170389712106
113624359,170449742646
113664386,170509782688
113704419,170569832234
113744453,170629884096
113784475,170689916418
113824495,170749947618
113864521,170809986566
113904536,170870007860
113944561,170930045892
113984580,170990074176
114024630,171050150106
114064674,171110214888
114104702,171170258148
114144731,171230300788
114184755,171290337440
114224784,171350380048
114264812,171410422702
114304842,171470467192
114344872,171530512812
114384900,171590554414
114424927,171650595482
114464960,171710644362
114504999,171770703770
114545048,171830776112
114585084,171890830418
114625113,171950873660
114665137,172010909414
114705165,172070951274
114745195,172130997356
114785224,172191040354
114825245,172251072386
114865264,172311099884
114905290,172371140176
114945313,172431173594
114985337,172491210694
115025387,172551285868
115065437,172611359906
115105471,172671410324
115145494,172731445648
115185517,172791480270
115225544,172851520338
115265565,172911551384
115305585,172971581934
115345613,173031623950
115385633,173091654418
115425653,173151683398
115465679,173211722902
115505715,173271777752
115545763,173331848570
115585796,173391898580
115625817,173451930452
115665833,173511953836
115705853,173571984146
115745876,173632018774
115785898,173692051774
115825929,173752098484
115865961,173812146144
115905990,173872189716
115946017,173932229328
115986042,173992267792
116026091,174052341808
116066133,174112404774
116106158,174172441546
116146189,174232487434
116186221,174292536086
116226249,174352577656
116266274,174412614812
116306296,174472648206
116346320,174532684138
116386348,174592726248
116426374,174652765636
116466398,174712801774
116506432,174772852436
116546480,174832924996
116586515,174892977258
116626537,174953010824
116666561,175013046264
116706585,175073081276
116746608,175133117074
116786635,175193157196
116826666,175253203850
116866691,175313240452
116906714,175373275168
116946741,175433315944
116986770,175493360132
117026820,175553435108
117066861,175613495868
117106884,175673530788
117146915,175733577538
117186940,175793614002
117226967,175853654236
117266999,175913702470
117307021,175973735476
117347043,176033768500
117387067,176093805276
117427092,176153841722
117467122,176213888220
117507162,176273947040
117547211,176334020706
117587248,176394075814
117627274,176454116220
117667301,176514155856
117707324,176574190446
117747345,176634221834
117787363,176694249888
117827390,176754289398
117867408,176814316996
117907433,176874353808
117947450,176934378958
117987474,176994415938
118027522,177054487408
118067563,177114549606
118107587,177174584888
118147606,177234614044
118187633,177294654154
118227664,177354700644
118267686,177414733702
118307708,177474765888
118347727,177534794714
118387753,177594833544
118427771,177654860900
118467792,177714891940
118507827,177774945646
118547874,177835016354
118587905,177895061598
118627924,177955090868
118667941,178015116622
118707969,178075157660
118747999,178135202546
118788023,178195239902
118828043,178255269190
118868065,178315302166
118908085,178375332770
118948108,178435366562
118988128,178495395712
119028176,178555469282
119068222,178615537718
119108247,178675575508
119148271,178735611440
119188293,178795643442
119228317,178855680484
119268343,178915719302
119308370,178975759544
119348400,179035803754
119388434,179095854844
119428456,179155889252
119468481,179215925212
119508518,179275981316
119548566,179336054172
119588599,179396102480
119628630,179456149296
119668659,179516192332
119708682,179576226826
119748710,179636268748
119788734,179696306026
119828752,179756332958
119868777,179816370230
119908801,179876406140
119948830,179936449698
119988862,179996496826
120028911,180056571108
120068953,180116634692
120108990,180176689544
120149021,180236735510
120189052,180296781664
120229082,180356827246
120269109,180416867522
120309141,180476915348
120349173,180536963674
120389208,180597016928
120429241,180657065232
120469271,180717111384
120509313,180777174700
120549363,180837248936
120589393,180897294120
120629418,180957332200
120669449,181017377710
120709476,181077418608
120749494,181137444822
120789508,181197465948
120829522,181257488068
120869535,181317507334
120909552,181377531760
120949567,181437554410
120989579,181497572742
121029633,181557654670
121069688,181617736334
121109745,181677822050
121149800,181737904054
TS,1
31643,62655747
71705,62665935
111767,62676123
151829,62686311
191891,62696499
231953,62706687
272015,62716875
312077,62727063
352139,62737251
392201,62747439
432263,62757627
471320,65255506
511373,70219394
551421,75043695
591471,79854348
631523,84662012
671575,89484677
711625,94342301
751675,99150559
791727,103957761
831781,108776754
871834,113634211
905867,118564056
945898,123964657
982927,130286730
1022958,136957364
1062983,143460778
1103008,149911526
1143034,155627143
1183055,161470232
1223080,167757241
1263100,174000281
1303124,179526843
1343150,185470847
1383174,191666550
1423215,196601643
1463262,201456709
1503288,207503046
1543315,212385889
1583341,218376657
1623372,225432151
1663406,231936405
1703437,238370840
1743461,243660956
1783483,249087621
1823503,255139363
1863531,261356673
1903562,266306306
1943614,271119145
1983655,276253648
2023687,282873371
2063716,289424282
2103741,296144610
2143770,301632531
2183795,307449948
2223825,314011481
2263862,320546018
2303893,327017564
2343926,333344103
2383954,339670188
2423994,344702586
2464041,349546907
2504064,355079027
2544089,361069717
2584111,366138407
2624133,372271786
2664154,377503072
2704176,383752110
2744195,390542943
2784223,394843199
2824247,401266522
2864274,407675749
2904300,412948906
2944351,417756242
2984391,423862085
3024421,429650819
3064444,435531693
3104466,441808065
3144490,447761841
3184512,453660114
3224538,459626137
3264570,465317500
3304594,471029276
3344618,477238914
3384642,483018737
3424686,487970987
3464732,492854257
3504755,498277280
3544788,504797087
3584820,511234041
3624852,517635632
3664873,523483436
3704896,529389300
3744913,535556233
3784937,541905632
3824968,548279722
3865003,554792603
3905032,560831715
3945080,565671951
3985122,571637023
4025149,578000122
4065175,583872938
4105197,589321425
4145220,595853088
4185249,602377366
4225275,609005421
4265310,616353648
4305335,622817206
4345357,629178812
4385387,635514252
4425432,640452604
4465483,645294424
4505509,651033127
4545534,656762720
4585558,662876257
4625580,668937401
4665602,673749115
4705628,679123376
4745649,685587043
4785676,691270901
4825699,696934534
4865728,702493687
4905761,708666882
4945809,713538439
4985849,718613327
5025874,724927138
5065899,730819207
5105920,736618245
5145941,742739684
5185969,748980354
5225993,755185712
5266014,760301527
5306038,766088671
5346067,771201669
5386091,777449945
5426134,782870334
5466183,787681371
5506216,794178686
5546248,800250369
5586269,805884200
5626294,812164548
5666318,818186676
5706338,823747142
5746362,829755229
5786382,835007319
5826401,841249247
5866427,846502162
5906456,851707830
5946507,856531345
5986550,862775310
6026573,867080334
6066603,873628758
6106638,880187053
6146663,886699863
6186682,893045138
6226707,898925949
6266728,904549530
6306750,910878504
6346769,917148046
6386794,922564387
6426837,928224176
6466884,933039789
6506915,939459547
6546942,945774177
6586973,952079682
6627004,956897985
6667035,963404358
6707069,969964519
6747106,977024369
6787131,983821937
6827155,989753469
6867181,996249346
6907208,1001963809
6947257,1006793149
6987294,1012906050
7027321,1019308645
7067348,1025642696
7107378,1032344587
7147410,1039261387
7187439,1045130663
7227461,1050481965
7267488,1057021819
7307517,1063546717
7347545,1070066338
7387577,1076860240
7427619,1082541414
7467668,1087436672
7507697,1093904459
7547723,1100214987
7587746,1105406765
7627772,1111712921
7667802,1118012244
7707838,1124552348
7747864,1131153900
7787886,1137437861
7827910,1141891624
7867946,1148794507
7907976,1154660981
7948022,1159473371
7988063,1165628276
8028094,1172067330
8068122,1178535378
8108148,1184989262
8148173,1191308751
8188200,1196523550
8228224,1202727461
8268250,1208952815
8308272,1214539998
8348295,1220376910
8388319,1227150687
8428364,1232093857
8468416,1236918849
8508442,1241253172
8548464,1247608952
8588491,1253715005
8628522,1259320249
8668550,1265223753
8708573,1271256415
8748596,1277807876
8788628,1284837035
8828660,1291182741
8868691,1297564412
8908724,1303784210
8948772,1308684196
8988808,1314388905
9028838,1321042490
9068862,1326814400
9108884,1331780115
9148906,1338197705
9188936,1345109565
9228968,1351509989
9268996,1356951129
9309023,1363210489
9349046,1368505945
9389070,1374804897
9429115,1379757131
9469165,1384615134
9509191,1390940158
9549219,1397230446
9589250,1403943992
9629275,1410229299
9669296,1416183101
9709323,1421921067
9749351,1427366609
9789380,1433766674
9829404,1440242150
9869428,1446721029
9909463,1453038463
9949513,1457854628
9989551,1462966744
10029579,1469308314
10069602,1475715004
10109635,1482849053
10149656,1488842242
10189676,1494938556
10229699,1501027143
10269721,1507114705
10309749,1512992126
10349777,1518835563
10389810,1525537906
10429854,1530994133
10469903,1535800087
10509936,1542269685
10549968,1548428557
10589996,1555098102
10630020,1561492395
10670050,1567910767
10710078,1574319880
10750102,1580652152
10790124,1586855383
10830145,1593075466
10870170,1599266327
10910200,1603989423
10950249,1608836567
10990286,1613911312
11030308,1619862697
11070332,1625667234
11110354,1632043145
11150376,1637740948
11190397,1643778348
11230416,1650115988
11270441,1656357553
11310464,1661676055
11350487,1667917795
11390510,1674127865
11430554,1679055984
11470604,1683954940
11510628,1690166757
11550655,1696358289
11590682,1701285906
11630705,1707429147
11670728,1713176032
11710751,1719429425
11750775,1725446556
11790807,1730973914
11830834,1736276553
11870858,1742234712
11910893,1747547613
11950940,1752349146
11990980,1758102979
12031013,1764830293
12071038,1771160523
12111061,1777359863
12151087,1782969410
12191114,1789337010
12231137,1794304873
12271166,1800135800
12311199,1807054150
12351235,1813669568
12391263,1819509687
12431307,1824528672
12471357,1829392429
12511384,1835673854
12551416,1842102500
12591447,1848928939
12631472,1855759983
12671500,1861279691
12711517,1867372263
12751543,1873599426
12791562,1879724806
12831587,1884595249
12871618,1891084474
12911656,1897146750
12951706,1901973808
12991742,1907419122
13031766,1913822171
13071793,1920078992
13111819,1926545890
13151843,1933060562
13191874,1939483648
13231903,1945865224
13271934,1952148463
13311961,1958349143
13351981,1963367956
13392012,1969638172
13432057,1974616126
13472106,1979455635
13512138,1984610172
13552162,1990824162
13592190,1997642975
13632213,2003787745
13672237,2008978308
13712259,2014541992
13752276,2020475564
13792300,2026764798
13832320,2031960808
13872343,2038184668
13912372,2043572048
13952421,2048392153
13992460,2054131598
14032485,2059346432
14072504,2065528640
14112527,2071329007
14152552,2076524566
14192578,2081963133
14232602,2087931989
14272622,2092915798
14312644,2098721210
14352670,2105066512
14392697,2111097984
14432738,2116353936
14472789,2121191821
14512811,2127063572
14552834,2132796568
14592860,2138987061
14632882,2144255324
14672907,2150437023
14712935,2156642594
14752955,2163460174
14792977,2167777710
14833001,2174230790
14873033,2180574464
14913069,2185864252
14953123,2190668172
14993162,2196803833
15033192,2203265957
15073223,2209697773
15113245,2216030322
15153266,2221849167
15193293,2228071749
15233321,2233951263
15273351,2240124062
15313374,2246314791
15353402,2252584413
15393428,2257455654
15433470,2262470871
15473521,2267341447
15513549,2273849344
15553569,2280271050
15593591,2286712564
15633615,2293153925
15673645,2299570597
15713676,2305691184
15753701,2311160703
15793726,2317457658
15833755,2323756652
15873781,2330029796
15913812,2335988756
15953861,2340842281
15993896,2346019781
16033926,2351721131
16073954,2356981233
16113978,2362396825
16154004,2368816877
16194027,2375192988
16234058,2381643937
16274089,2386985701
16314116,2393289942
16354143,2399557763
16394174,2404964750
16434219,2410812800
16474268,2415671431
16514296,2421890605
16554326,2428161851
16594357,2434591932
16634378,2439717166
16674404,2445431510
16714433,2450812716
16754463,2457368921
16794488,2463842846
16834511,2470264804
16874534,2476659539
16914562,2482946253
16954610,2487754701
16994649,2492811252
17034676,2498491584
17074701,2504252715
17114734,2510607493
17154763,2516977133
17194785,2523212501
17234803,2529433284
17274826,2534929541
17314854,2540409164
17354887,2546252320
17394920,2552432784
17434964,2558053307
17475016,2562836504
17515038,2568495048
17555068,2574892103
17595099,2581294005
17635131,2587748367
17675158,2594324310
17715179,2600388330
17755201,2606294376
17795224,2612126480
17835242,2617923939
17875269,2624111689
17915301,2629847262
17955349,2634729924
17995388,2639628864
18035413,2645352961
18075436,2651819790
18115460,2658225302
18155482,2664588102
18195502,2670549661
18235524,2676238004
18275546,2682544311
18315565,2687618211
18355590,2692775300
18395615,2698654504
18435657,2703836112
18475704,2708679901
18515733,2715016527
18555760,2721284856
18595784,2727482916
18635801,2732449433
18675834,2738984117
18715865,2745457440
18755893,2751435943
18795916,2757150519
18835940,2763416929
18875967,2769766389
18915996,2774946567
18956045,2779787187
18996080,2785870955
19036098,2791856230
19076120,2797866195
19116145,2803582461
19156165,2809807879
19196186,2815783253
19236212,2820859784
19276241,2826265834
19316271,2832769838
19356295,2839229735
19396321,2845639885
19436362,2850613875
19476410,2855453730
19516436,2861928349
19556468,2868672751
19596497,2875620251
19636524,2882136169
19676553,2888469771
19716587,2894816096
19756615,2901135807
19796634,2907268026
19836658,2912123450
19876688,2918598201
19916724,2923859664
19956774,2928676936
19996817,2934829629
20036848,2941327792
20076882,2947720183
20116909,2954184067
20156939,2960600573
20196968,2967006578
20237001,2973959476
20277033,2980713901
20317065,2986997238
20357090,2992691503
20397113,2998407993
20437156,3003900635
20477206,3008790426
20517233,3013099976
20557250,3019574115
20597274,3026062932
20637306,3032512724
20677334,3038990051
20717364,3045645657
20757396,3052213453
20797425,3058103595
20837454,3064311820
20877480,3070070811
20917514,3075768940
20957564,3080604349
20997603,3086693003
21037626,3092990746
21077654,3099660247
21117681,3104039445
21157711,3110583026
21197739,3117108247
21237770,3123630630
21277799,3130375591
21317827,3137594143
21357860,3144044749
21397893,3150462602
21437940,3155564610
21477988,3160374891
21518023,3167592776
21558056,3173960826
21598087,3180308838
21638110,3186502931
21678138,3192330508
21718164,3197728073
21758198,3204215224
21798221,3210094389
21838246,3216108747
21878268,3222358295
21918297,3228597081
21958345,3233464354
21998386,3238770082
22038417,3245823695
22078448,3251879197
22118470,3257584504
22158493,3263510551
22198516,3268873233
22238542,3275171466
22278569,3281979604
22318594,3286304569
22358622,3292716257
22398648,3298406499
22438687,3304040010
22478737,3308839894
22518767,3314211795
22558794,3320555830
22598818,3326043745
22638842,3332086070
22678869,3338122437
22718892,3343620911
22758916,3349902167
22798940,3356123724
22838967,3361770892
22878988,3367603807
22919018,3374165802
22959067,3378993388
22999104,3382989186
23039135,3388470712
23079168,3395848960
23119201,3402527364
23159232,3409010892
23199253,3415095882
23239275,3420590392
23279300,3426918544
23319326,3433246611
23359351,3439526080
23399373,3444728176
23439418,3450169324
23479466,3454999672
23519487,3461034299
23559511,3466987109
23599533,3472699279
23639560,3477275057
23679583,3483419905
23719604,3489881723
23759627,3495928655
23799651,3501521916
23839673,3507948478
23879703,3514348508
23919737,3520586983
23959788,3525373198
23999826,3531477559
24039853,3537864290
24079882,3544230900
24119910,3550572003
24159934,3557643848
24199959,3563711416
24239988,3569044398
24280019,3575609275
24320049,3582150283
24360077,3588643526
24400100,3595100868
24440146,3600553438
24480196,3605402948
24520223,3611954185
24560246,3617644395
24600270,3623830587
24640295,3629455621
24680319,3634921900
24720342,3640318797
24760369,3646548450
24800395,3652740826
24840421,3657615587
24880456,3664153425
24920486,3670513996
24960536,3675347131
25000576,3681093743
25040600,3686887043
25080630,3693365836
25120663,3700510016
25160690,3707268810
25200713,3713643659
25240740,3719514091
25280760,3725026963
25320785,3730168704
25360808,3736314134
25400828,3741356807
25440872,3746296197
25480921,3751148385
25520948,3756985289
25560981,3762485811
25601007,3769206050
25641034,3775992876
25681062,3782523727
25721092,3789196145
25761125,3795839708
25801147,3802261878
25841174,3808617499
25881200,3814872810
25921232,3821067730
25961282,3825961303
26001322,3831073872
26041349,3837898485
26081378,3844473211
26121405,3849529398
26161434,3856052053
26201463,3862606812
26241496,3869118577
26281528,3875510208
26321551,3881336601
26361571,3887110224
26401594,3893329768
26441634,3898280963
26481682,3903120900
26521710,3909451632
26561731,3915362225
26601755,3921223875
26641778,3927152567
26681802,3933325728
26721825,3938862854
26761851,3944555320
26801885,3950797689
26841914,3956498080
26881936,3962761801
26921968,3968656155
26962018,3973482279
27002052,3978970542
27042073,3985120765
27082100,3990494581
27122124,3996773409
27162146,4002051291
27202169,4008153975
27242191,4014399543
27282213,4020532356
27322241,4026955825
27362270,4031763340
27402300,4038300194
27442346,4043346182
27482396,4048150549
27522421,4054603759
27562446,4060398534
27602468,4066210646
27642493,4071573743
27682510,4077836467
27722534,4084103903
27762556,4090414980
27802584,4096756571
27842605,4102535948
27882632,4109027797
27922667,4114453748
27962716,4119294227
28002761,4125272752
28042789,4130054617
28082823,4136574418
28122848,4143070100
28162870,4148944136
28202893,4154713977
28242926,4160827679
28282947,4166325656
28322967,4172688054
28362994,4179093973
28403025,4185693235
28443069,4191438081
28483119,4196351004
28523152,4202715047
28563179,4209045797
28603203,4215264934
28643228,4221083725
28683261,4226556313
28723290,4233149720
28763312,4239228852
28803340,4244711088
28843367,4251001181
28883386,4257375387
28923419,4263057788
28963467,4267877168
29003507,4273561004
29043535,4279849569
29083568,4286224149
29123592,4292501781
29163616,4298849873
29203644,4305775968
29243667,4311079265
29283695,4317454293
29323723,4323989274
29363749,4330509583
29403775,4337024749
29443819,4342284786
29483870,4347108174
29523901,4354294813
29563937,4360748935
29603966,4367175538
29643995,4373709189
29684023,4380929921
29724050,4387283904
29764080,4393616078
29804110,4400471359
29844135,4405137523
29884164,4412212279
29924200,4418166848
29964247,4422994349
30004284,4428792296
30044313,4435296557
30084343,4441671083
30124367,4448076838
30164387,4454424436
30204405,4460758278
30244427,4467067043
30284447,4473333840
30324463,4479584320
30364483,4484700106
30404508,4491423375
30444551,4495373576
30484600,4500172620
30524625,4505494335
30564652,4512009971
30604681,4518548847
30644712,4525019612
30684739,4531503906
30724767,4538454994
30764799,4545389571
30804833,4551783276
30844868,4558170075
30884899,4564539285
30924930,4570646918
30964976,4575534343
31005017,4581263189
31045044,4587703802
31085068,4592622471
31125096,4598029301
31165123,4604524348
31205143,4610985971
31245164,4616369721
31285183,4622503829
31325207,4627834228
31365230,4634087047
31405254,4640219522
31445295,4645216712
31485344,4650018576
31525371,4655183620
31565399,4661454905
31605427,4667720908
31645453,4673796902
31685477,4680164841
31725498,4685022776
31765520,4690740972
31805541,4696893543
31845567,4703259428
31885589,4709664463
31925620,4714895794
31965670,4719742650
32005706,4725864090
32045732,4731942344
32085753,4737506452
32125783,4744174543
32165805,4750159986
32205829,4756376810
32245853,4762613550
32285879,4768266731
32325904,4773865356
32365931,4778869375
32405963,4785333268
32446003,4790351459
32486053,4795189194
32526086,4801759850
32566119,4808744890
32606148,4814661194
32646172,4820903304
32686204,4826761772
32726226,4832469236
32766251,4838805778
32806276,4845045079
32846306,4851381882
32886337,4858373727
32926365,4863794259
32966414,4868641017
33006453,4874254831
33046474,4879620218
33086499,4886128936
33126526,4892620318
33166558,4898793947
33206580,4905453028
33246603,4911263024
33286622,4917176421
33326649,4923315464
33366676,4928910937
33406710,4935979013
33446753,4940944354
33486801,4945836548
33526826,4952084377
33566849,4957964638
33606869,4964059592
33646896,4969067031
33686920,4974766127
33726943,4980981824
33766970,4987067502
33806996,4993524266
33847020,4999655447
33887038,5005778307
33927066,5011992548
33967116,5016804154
34007157,5022284509
34047188,5028173379
34087212,5034331117
34127235,5039832078
34167264,5045970402
34207296,5053101663
34247324,5057974584
34287355,5064475254
34327381,5070995443
34367408,5077506420
34407433,5084019899
34447478,5089875428
34487529,5094704993
34527554,5101305507
34567579,5107761036
34607605,5114190818
34647638,5121452709
34687670,5127929170
34727702,5134230671
34767728,5140409252
34807751,5146181117
34847779,5150915788
34887801,5157215820
34927828,5163344558
34967876,5168234805
35007914,5174422442
35047941,5180918243
35087974,5187384176
35128007,5193781188
35168037,5199632631
35208056,5205305348
35248081,5211577468
35288101,5217485642
35328122,5222964828
35368151,5229252426
35408174,5235486047
35448214,5240941744
35488266,5245750143
35528296,5250621594
35568322,5257474288
35608354,5264174416
35648387,5270701679
35688419,5277185922
35728443,5283455651
35768468,5288734960
35808490,5295036350
35848510,5301330464
35888537,5307660390
35928569,5313856830
35968620,5318686203
36008656,5323689665
36048679,5329870681
36088703,5335234278
36128729,5340845692
36168762,5347161217
36208789,5353772924
36248805,5359642847
36288829,5366114173
36328859,5372399221
36368888,5378503950
36408917,5384785918
36448954,5389801719
36489004,5394648957
36529030,5400809541
36569057,5406472339
36609081,5412330777
36649109,5418585934
36689138,5425611251
36729161,5430747705
36769186,5436963797
36809208,5443597000
36849227,5449644547
36889252,5455456603
36929287,5461571823
36969336,5466344169
37009373,5471587011
37049404,5477997249
37089434,5484403292
37129466,5491314073
37169489,5497018883
37209513,5502780899
37249535,5508291402
37289560,5514232300
37329590,5520210455
37369617,5524551127
37409642,5531126428
37449685,5537051117
37489735,5541905258
37529764,5548378044
37569794,5554753580
37609824,5561312561
37649848,5567714742
37689868,5573934183
37729889,5579230796
37769910,5585372313
37809931,5590606463
37849950,5596820203
37889977,5603001787
37930004,5608089768
37970052,5612900549
38010091,5618483476
38050118,5623824387
38090138,5630049172
38130159,5636078511
38170179,5642105280
38210206,5648067621
38250225,5653663835
38290245,5659414403
38330270,5665130278
38370290,5670330933
38410313,5676541851
38450355,5681373621
38490404,5686230790
38530434,5692577474
38570459,5698872707
38610489,5705012764
38650512,5710804058
38690540,5715178187
38730557,5721505694
38770579,5726804475
38810602,5733125032
38850620,5738926538
38890639,5744794280
38930670,5750890420
38970719,5755755933
39010760,5760983713
39050793,5767685505
39090822,5774654490
39130851,5780310209
39170882,5787322882
39210909,5793667242
39250939,5800514947
39290965,5804806021
39330995,5811025028
39371014,5816538025
39411040,5822917684
39451079,5827883867
39491130,5832732072
39531154,5839173085
39571179,5844501489
39611195,5850802737
39651210,5857111598
39691234,5863290397
39731258,5868515736
39771280,5874809333
39811311,5881068496
39851339,5887319571
39891372,5893175451
39931403,5898421442
39971454,5903267897
40011495,5908928572
40051521,5915484165
40091545,5921387479
40131567,5927801168
40171587,5934148164
40211605,5939396639
40251626,5945670484
40291647,5952013093
40331678,5958379813
40371708,5964749727
40411733,5970971845
40451775,5975930183
40491823,5980780251
40531843,5986921092
40571873,5992746546
40611902,5997786142
40651931,6004158971
40691955,6010755785
40731981,6016603126
40772005,6022741455
40812025,6027986130
40852054,6034221807
40892084,6039936652
40932116,6045659391
40972163,6050495778
41012203,6056217399
41052232,6062972716
41092258,6069323633
41132277,6075547439
41172298,6080898690
41212321,6085404261
41252350,6091310129
41292370,6097033705
41332397,6102597232
41372425,6108667991
41412449,6115143454
41452494,6120119407
41492546,6125001571
41532579,6131267836
41572600,6136561162
41612620,6142797640
41652640,6148799019
41692660,6154223809
41732680,6160384853
41772703,6165883064
41812731,6171727646
41852761,6176786830
41892788,6182984360
41932815,6188930898
41972862,6193750359
42012896,6199221426
42052916,6205622893
42092936,6210915124
42132962,6217157216
42172982,6222628394
42213002,6228795086
42253024,6234001062
42293049,6240230537
42333079,6246506456
42373115,6252570145
42413137,6257839571
42453180,6263282775
42493229,6268115298
42533253,6274395425
42573279,6278726601
42613302,6285143035
42653331,6291055704
42693348,6296870630
42733370,6303167915
42773395,6309017409
42813413,6314761177
42853437,6319964932
42893456,6326236225
42933487,6331943621
42973537,6336810724
43013576,6342210100
43053599,6347526306
43093627,6354249159
43133655,6361007517
43173681,6366817736
43213705,6372278360
43253736,6378841376
43293770,6385365434
43333800,6391868243
43373823,6398648652
43413850,6405420338
43453894,6410703428
43493943,6415540131
43533966,6421322403
43573985,6427086665
43614009,6433310133
43654040,6439610035
43694068,6445502232
43734090,6450868629
43774116,6456686965
43814143,6462074749
43854174,6468624540
43894205,6475163166
43934240,6481507117
43974288,6486359491
44014323,6491468056
44054347,6497749465
44094366,6502972287
44134391,6508922125
44174417,6514470425
44214444,6520471974
44254468,6525636997
44294488,6530814784
44334512,6536390256
44374536,6542184143
44414557,6547927587
44454598,6552895470
44494646,6557723508
44534671,6563220176
44574694,6569686093
44614715,6575980629
44654741,6581308077
44694769,6587723785
44734800,6594119934
44774831,6600373482
44814851,6605584818
44854875,6611778220
44894897,6616957168
44934927,6622282323
44974980,6627087388
45015020,6632797006
45055045,6639103003
45095077,6645967774
45135104,6650235988
45175135,6656770139
45215159,6663289318
45255184,6669765412
45295208,6676234336
45335233,6683014538
45375258,6689654948
45415285,6696363613
45455327,6701432410
45495378,6706266557
45535406,6712646422
45575438,6718978776
45615462,6725129889
45655483,6730992082
45695507,6737033237
45735533,6741356453
45775565,6747914745
45815592,6754841899
45855619,6761666116
45895643,6767344749
45935672,6773373052
45975722,6778157725
46015761,6783361804
46055785,6789801297
46095813,6797190349
46135841,6803610531
46175869,6809984538
46215895,6816485607
46255922,6823620372
46295949,6829464982
46335969,6834205611
46375996,6841124516
46416017,6846778456
46456059,6852368032
46496109,6857230277
46536137,6863890083
46576173,6870462692
46616201,6876869886
46656228,6883284295
46696253,6889694724
46736276,6895964218
46776295,6902190832
46816319,6907800396
46856343,6913589908
46896375,6919350584
46936410,6924531117
46976459,6929359498
47016499,6934476235
47056528,6940991012
47096560,6947440396
47136591,6953193264
47176612,6959075221
47216631,6965397425
47256656,6970822512
47296688,6976952121
47336715,6983181923
47376743,6989055784
47416769,6994673616
47456813,6999563001
47496865,7004359315
47536893,7010606014
47576923,7016997311
47616947,7022298046
47656982,7028516150
47697004,7035002569
47737022,7041125619
47777046,7047523964
47817065,7053204015
47857086,7059080889
47897106,7065369778
47937138,7070934266
47977187,7075797937
48017227,7081528477
48057255,7087861309
48097282,7094157137
48137307,7100435095
48177337,7106985378
48217364,7112588091
48257394,7119043558
48297427,7125647180
48337452,7132074098
48377473,7137375324
48417502,7143595691
48457546,7148578638
48497596,7153377965
48537625,7159760494
48577653,7166172703
48617683,7172585050
48657710,7178921716
48697731,7185166008
48737754,7191323311
48777779,7196536885
48817801,7202315831
48857830,7207803222
48897861,7214836956
48937890,7220597806
48977943,7225444087
49017981,7231049137
49058008,7237333694
49098041,7243302111
49138067,7248882091
49178089,7254765930
49218111,7260480823
49258130,7266197195
49298154,7272411630
49338174,7277605064
49378199,7283701144
49418220,7288878849
49458263,7294467449
49498309,7299289932
49538337,7304526956
49578361,7309910748
49618386,7316461069
49658420,7323471069
49698449,7330477136
49738475,7336903518
49778503,7342353474
49818529,7348495998
49858561,7354865284
49898592,7361484450
49938621,7367332119
49978670,7372160661
50018708,7377985814
50058730,7384512485
50098753,7390707573
50138778,7395645187
50178804,7401878249
50218821,7407432455
50258846,7413810469
50298869,7419396366
50338900,7425483539
50378924,7431319545
50418940,7437060430
50458985,7442329962
50499033,7447188806
50539061,7454257426
50579090,7460645007
50619116,7467009153
50659141,7473726472
50699169,7480604260
50739197,7485458729
50779225,7491581364
50819253,7498426151
50859275,7504476900
50899295,7510156606
50939323,7515397678
50979372,7520258555
51019411,7526313283
51059442,7532712155
51099469,7539153228
51139494,7545500133
51179516,7551730187
51219541,7558028403
51259571,7564311964
51299601,7570630141
51339631,7576499255
51379653,7581965922
51419674,7588395456
51459716,7593932447
51499769,7598739452
51539796,7605044387
51579826,7611099479
51619849,7616767795
51659871,7622549465
51699892,7627973154
51739912,7634093640
51779942,7640431400
51819969,7646564956
51859991,7652474739
51900017,7658623495
51940043,7664881142
51980091,7669723656
52020128,7673825884
52060154,7679959808
52100179,7686177276
52140200,7692087397
52180229,7698437114
52220258,7704830251
52260290,7711250287
52300314,7717595580
52340342,7723318818
52380362,7729090876
52420383,7735334197
52460421,7740627686
52500471,7745469787
52540502,7752527018
52580525,7758427950
52620549,7763584118
52660578,7770058413
52700604,7776641909
52740629,7782894853
52780648,7788977451
52820671,7794925381
52860697,7801213020
52900728,7807481981
52940754,7813890410
52980804,7818693500
53020841,7824271029
53060862,7829882359
53100882,7835036602
53140908,7841184806
53180932,7846353097
53220956,7852117071
53260984,7857545621
53301012,7864581117
53341032,7870528694
53381060,7876519513
53421085,7882126940
53461124,7888132743
53501172,7892996429
53541201,7899324256
53581225,7904729682
53621255,7911071945
53661287,7917974832
53701311,7924068806
53741329,7929826142
53781352,7935475720
53821373,7941727472
53861402,7946213863
53901437,7953390255
53941461,7959748208
53981506,7964571756
54021542,7970125531
54061569,7975839195
54101592,7981721565
54141616,7987830058
54181637,7993223404
54221658,7999496155
54261680,8004956229
54301704,8010844155
54341728,8016068796
54381747,8022155464
54421768,8027281946
54461806,8032814477
54501858,8037620789
54541884,8042969882
54581905,8048339372
54621928,8054811368
54661952,8060886120
54701974,8066425526
54741998,8072776647
54782020,8078087092
54822041,8084336619
54862060,8090565547
54902082,8096288088
54942103,8101997453
54982153,8106814619
55022197,8112622059
55062229,8119243080
55102259,8125531512
55142284,8130382545
55182313,8136809564
55222338,8142177505
55262365,8148576991
55302393,8154769825
55342412,8160183471
55382432,8165895976
55422455,8171741252
55462494,8177602856
55502540,8182457432
55542572,8189073651
55582600,8195365442
55622621,8201659789
55662644,8207963469
55702677,8214230214
55742705,8220097917
55782731,8225493746
55822755,8231789604
55862780,8237843734
55902800,8243628996
55942828,8249339661
55982875,8254186168
56022911,8259852604
56062933,8265076076
56102954,8271406254
56142974,8277200357
56182996,8282881112
56223020,8289153851
56263043,8295427971
56303066,8301656719
56343096,8307429248
56383127,8312756716
56423153,8319225248
56463190,8324375289
56503242,8329227233
56543268,8335155827
56583289,8340910078
56623312,8347224524
56663331,8353324400
56703354,8359089463
56743377,8365121644
56783401,8371501950
56823429,8377858780
56863456,8385074643
56903488,8391500133
56943520,8397349037
56983570,8402196876
57023604,8407240628
57063636,8413274634
57103668,8420301871
57143698,8426751138
57183723,8433227221
57223751,8438874503
57263773,8444738698
57303799,8451138607
57343827,8457481699
57383859,8463862108
57423884,8470193690
57463919,8475583436
57503968,8480397507
57543998,8487297251
57584023,8492438860
57624050,8497583647
57664076,8503678208
57704099,8509021217
57744119,8515427465
57784145,8521712981
57824166,8527067160
57864195,8533630641
57904222,8540639357
57944251,8547320458
57984303,8552186360
58024347,8557378507
58064370,8563895676
58104391,8569824067
58144415,8575595054
58184434,8581156778
58224458,8586989398
58264481,8592416368
58304508,8598872967
58344539,8604335281
58384561,8610419422
58424582,8616819305
58464623,8622002233
58504672,8626817190
58544700,8633201384
58584734,8639922848
58624758,8646347434
58664779,8652242779
58704802,8658405035
58744827,8664194101
58784847,8670094626
58824868,8675475951
58864896,8680531948
58904920,8686752601
58944946,8692740093
58984995,8697549616
59025036,8703642585
59065067,8709025777
59105087,8715249784
59145109,8720534380
59185133,8726751225
59225155,8731951345
59265174,8737732119
59305197,8742848408
59345216,8748328653
59385245,8754488680
59425268,8759615291
59465306,8764846637
59505358,8769729053
59545388,8776476215
59585412,8783052908
59625442,8789598918
59665475,8796121375
59705511,8803286651
59745546,8810000137
59785576,8815523691
59825602,8821691022
59865629,8828427192
59905656,8835408912
59945687,8841759347
59985736,8846613086
60025773,8852328596
60065802,8858908024
60105829,8863759812
60145856,8869256920
60185880,8875630359
60225902,8881988568
60265926,8887440942
60305946,8893561581
60345973,8898762763
60385998,8904909368
60426018,8910318812
60466058,8916148772
60506107,8921000666
60546139,8927556978
60586166,8933543290
60626190,8939990285
60666220,8946382470
60706245,8952220772
60746271,8957580944
60786304,8964134898
60826334,8970640173
60866361,8977035849
60906386,8983417433
60946410,8989178373
60986460,8994009658
61026499,8999694787
61066522,9004933171
61106544,9010969605
61146568,9016313926
61186599,9022523654
61226624,9028483021
61266647,9033852537
61306674,9040628180
61346701,9044953411
61386731,9051507138
61426758,9058157254
61466795,9064246372
61506845,9069080546
61546877,9075596308
61586906,9082500728
61626932,9089544866
61666961,9095957092
61706984,9102313157
61747015,9108659628
61787043,9114847932
61827065,9120333558
61867091,9126237889
61907120,9132046380
61947146,9137397821
61987195,9142219751
62027228,9147347034
62067257,9153765187
62107281,9160115204
62147301,9165430146
62187329,9171729430
62227348,9178127591
62267371,9183397881
62307400,9189745660
62347429,9196826013
62387449,9202594150
62427472,9208580541
62467511,9213540798
62507558,9218369015
62547578,9224539663
62587606,9230366694
62627630,9235722224
62667656,9242239615
62707680,9248470648
62747701,9253967490
62787728,9260296671
62827757,9265828349
62867780,9271810316
62907801,9276901891
62947826,9282076772
62987877,9286938341
63027914,9292503871
63067937,9298163051
63107965,9304045199
63147985,9309422700
63188006,9314773383
63228031,9320345072
63268050,9325747811
63308072,9332209678
63348101,9338338627
63388126,9343921362
63428149,9350207347
63468188,9355263648
63508238,9360104972
63548268,9366490559
63588288,9372834740
63628308,9378571609
63668327,9384200968
63708352,9389499303
63748376,9395345136
63788399,9400628017
63828421,9406230731
63868443,9411561486
63908468,9417163768
63948493,9423350382
63988542,9428193739
64028578,9433303786
64068605,9439623072
64108629,9446088243
64148659,9451888332
64188683,9457627128
64228707,9462894224
64268727,9469111945
64308749,9475381223
64348772,9481019086
64388793,9486772234
64428816,9492957206
64468855,9498285546
64508902,9503112498
64548928,9508661292
64588957,9514173704
64628985,9520660495
64669012,9527120463
64709042,9533613522
64749062,9539962973
64789085,9546268083
64829105,9551855791
64869129,9557717575
64909154,9563821151
64949173,9569226024
64989223,9574057722
65029262,9580088851
65069288,9586408032
65109310,9592722446
65149336,9598444342
65189365,9604451701
65229392,9611153167
65269411,9617018150
65309436,9623312082
65349458,9629030886
65389484,9635019438
65429511,9641288450
65469550,9646481328
65509599,9651353379
65549626,9658321662
65589647,9664927592
65629670,9670314076
65669694,9676373406
65709721,9682568160
65749742,9687412316
65789765,9693832275
65829790,9700087971
65869813,9705586482
65909834,9711544145
65949855,9717326342
65989905,9722188417
66029945,9728248544
66069979,9734667441
66110004,9740955821
66150028,9746489238
66190050,9752423410
66230074,9758426780
66270099,9763965747
66310130,9770946514
66350162,9776399954
66390188,9782389095
66430212,9788561407
66470244,9793981111
66510298,9798822945
66550328,9805355348
66590351,9811656347
66630377,9816968780
66670403,9823294573
66710422,9829639021
66750449,9835406173
66790471,9841133987
66830496,9847315012
66870521,9853355089
66910542,9858944830
66950564,9865506446
66990613,9870351717
67030648,9874411396
67070681,9880924863
67110709,9887468919
67150734,9893900971
67190757,9900295868
67230782,9906669733
67270812,9912155878
67310835,9918281352
67350860,9923844492
67390886,9930013427
67430920,9936961374
67470954,9942235069
67511003,9947102997
67551031,9953436492
67591050,9959513604
67631079,9964374057
67671108,9970804779
67711130,9976143691
67751155,9982547661
67791176,9988970041
67831202,9995361807
67871229,10001739131
67911246,10006940907
67951272,10013147280
67991323,10017983416
68031354,10023093568
68071378,10029293950
68111398,10034422139
68151426,10040278396
68191443,10045764659
68231467,10051436296
68271488,10056759358
68311517,10062404534
68351538,10068670476
68391566,10075122321
68431591,10081565403
68471631,10087095181
68511681,10091956914
68551708,10098241846
68591740,10105268334
68631767,10111664669
68671787,10117312879
68711811,10123048908
68751833,10128702467
68791850,10134350424
68831877,10139972291
68871900,10145297640
68911923,10150843147
68951949,10157233379
68991998,10162101664
69032038,10168220232
69072064,10173485521
69112086,10179787080
69152106,10185117673
69192132,10191405967
69232154,10197045541
69272174,10202883261
69312196,10208576834
69352215,10214267912
69392241,10220460413
69432267,10226677596
69472303,10231732520
69512353,10236538605
69552383,10241550080
69592413,10247832908
69632441,10254226656
69672467,10260214805
69712491,10266007221
69752512,10272312406
69792535,10277564042
69832558,10283802133
69872585,10289912738
69912606,10295359046
69952631,10301472527
69992682,10306263528
70032715,10311341467
70072737,10317582035
70112761,10323707332
70152786,10329527528
70192815,10334354661
70232842,10340293126
70272864,10346170260
70312885,10351905534
70352907,10358275679
70392934,10363973990
70432959,10369946162
70473000,10376095822
70513049,10380925746
70553075,10386836492
70593105,10392466314
70633130,10398094375
70673154,10403828130
70713184,10410074665
70753216,10416704313
70793244,10422213987
70833271,10427866135
70873290,10434101676
70913317,10439877619
70953339,10445838124
70993387,10450645585
71033425,10456734655
71073458,10463201574
71113485,10469614625
71153513,10475882135
71193533,10481047093
71233558,10487295417
71273583,10493101645
71313607,10498607607
71353634,10504908422
71393664,10510772524
71433689,10516500518
71473727,10522438788
71513777,10527298543
71553803,10532589616
71593823,10539016583
71633843,10545415026
71673866,10551859589
71713889,10558204800
71753915,10564497390
71793941,10569786764
71833961,10575537102
71873985,10581013521
71914009,10586727921
71954028,10592217771
71994075,10597081526
72034115,10602398974
72074141,10607962575
72114166,10613612004
72154188,10619861110
72194214,10626319388
72234241,10632812069
72274268,10639890409
72314291,10646749527
72354318,10652976180
72394342,10658351211
72434367,10664261592
72474398,10669489191
72514448,10674322177
72554477,10680658024
72594509,10686941540
72634535,10693170132
72674563,10697985886
72714590,10704417445
72754614,10710923263
72794635,10717350633
72834656,10723403835
72874680,10728997853
72914705,10734519103
72954721,10740456452
72994774,10745256444
73034814,10750475511
73074847,10757168513
73114873,10763020127
73154896,10769324444
73194914,10775489176
73234934,10780825012
73274957,10786372781
73314979,10791809311
73355003,10798251411
73395023,10804635220
73435040,10809954744
73475079,10815771681
73515126,10820647044
73555155,10827410475
73595185,10833868496
73635209,10840220585
73675234,10845734477
73715257,10851608912
73755282,10857024396
73795306,10862899242
73835327,10868031953
73875353,10874825875
73915374,10879125178
73955404,10885650665
73995451,10890443286
74035491,10895951733
74075511,10901865787
74115537,10907687761
74155558,10913502556
74195582,10919208992
74235604,10924749317
74275622,10930028849
74315649,10936067883
74355675,10942284456
74395701,10948432888
74435727,10954241249
74475768,10959997479
74515819,10964819090
74555850,10971719948
74595875,10976085583
74635902,10981575954
74675920,10987858617
74715946,10994219618
74755966,11000281223
74795991,11006005239
74836016,11012258224
74876035,11018571871
74916060,11023985476
74956093,11030462239
74996142,11035337685
75036178,11041145010
75076204,11047503650
75116229,11054284248
75156253,11061075952
75196276,11065975471
75236304,11072477935
75276331,11079025685
75316358,11085551957
75356379,11092024365
75396403,11098365516
75436431,11104666642
75476470,11109719333
75516518,11114536911
75556548,11120947026
75596579,11127837869
75636609,11134688744
75676641,11141036321
75716665,11147304224
75756689,11153080015
75796715,11158387277
75836739,11164946546
75876762,11171445479
75916785,11177806042
75956811,11184262729
75996862,11189065465
76036907,11194029506
76076936,11200353020
76116960,11206558489
76156986,11213128405
76197014,11219522307
76237038,11225856523
76277064,11232068498
76317085,11238274970
76357109,11244092689
76397138,11249502196
76437167,11256062653
76477203,11261966633
76517254,11266826086
76557287,11272447565
76597310,11279179882
76637335,11285538773
76677367,11292044384
76717395,11299178450
76757419,11305570378
76797451,11311908466
76837475,11318182242
76877503,11324448725
76917535,11330299945
76957561,11335378554
76997610,11340218171
77037654,11345186789
77077685,11351704746
77117711,11358228064
77157739,11364713591
77197763,11370845854
77237785,11376267564
77277807,11381490738
77317833,11387647310
77357850,11392843559
77397875,11397953581
77437899,11404184760
77477934,11409243183
77517982,11414108781
77558018,11420263006
77598043,11425988912
77638064,11431598244
77678090,11436748960
77718113,11442889074
77758133,11449305445
77798160,11455439347
77838181,11461096861
77878204,11467368795
77918225,11473743204
77958250,11479155042
77998298,11484005155
78038341,11489535480
78078365,11494855213
78118385,11500095546
78158414,11506329642
78198439,11511988478
78238462,11518122414
78278482,11524596031
78318510,11528996310
78358540,11535950656
78398569,11542998753
78438598,11549521650
78478639,11555155025
78518692,11559998955
78558721,11565699306
78598746,11571365410
78638766,11577305299
78678791,11583478769
78718809,11588650400
78758839,11594643190
78798864,11600072911
78838890,11606236630
78878913,11612477098
78918944,11617579485
78958970,11622853726
78999017,11627746019
79039060,11633542596
79079087,11639477081
79119106,11645314837
79159135,11651149205
79199160,11656932066
79239185,11663245533
79279209,11668858431
79319234,11674725132
79359261,11680894929
79399287,11686763067
79439317,11693358919
79479357,11698657635
79519406,11703468969
79559443,11709666592
79599462,11715425124
79639484,11720760944
79679519,11727318370
79719552,11733848996
79759584,11740295946
79799608,11746103868
79839631,11752029538
79879654,11758219880
79919682,11764018047
79959705,11769689217
79999755,11774514600
80039801,11779903147
80079831,11786269257
80119855,11791992590
80159881,11798167783
80199907,11804336904
80239931,11809148976
80279955,11814571695
80319984,11821373593
80360013,11828640810
80400047,11835113257
80440076,11841448968
80480112,11846560867
80520161,11851403615
80560191,11857115728
80600217,11863250706
80640248,11870365565
80680266,11876282727
80720292,11882312919
80760315,11888082918
80800339,11894133855
80840369,11899013951
80880394,11904743524
80920421,11911445645
80960446,11918237342
81000496,11923051038
81040544,11928259603
81080577,11934767698
81120604,11941239725
81160629,11947644882
81200654,11954018068
81240681,11960380624
81280714,11966584696
81320737,11972755264
81360765,11979059469
81400793,11985380207
81440821,11991230868
81480862,11996361949
81520911,12001233864
81560944,12006551638
81600964,12013000411
81640985,12019348042
81681013,12025332289
81721032,12031018377
81761060,12037355277
81801086,12043375023
81841109,12048770476
81881133,12053935172
81921155,12059045294
81961182,12065225219
82001232,12070075018
82041274,12075037897
82081297,12081260447
82121316,12088067740
82161344,12092387477
82201371,12098890958
82241400,12105383446
82281431,12111912124
82321453,12118323543
82361475,12124533817
82401500,12130370208
82441523,12136167056
82481558,12141183410
82521611,12146004266
82561643,12152119664
82601666,12157537308
82641695,12163581613
82681719,12169857483
82721741,12176034746
82761766,12181498101
82801794,12187088819
82841812,12192640727
82881836,12199058097
82921861,12205287261
82961883,12210663354
83001933,12215563357
83041972,12220568283
83081997,12226551689
83122022,12232103492
83162047,12238392584
83202074,12244728422
83242096,12251050539
83282115,12257260767
83322130,12263495685
83362154,12270313677
83402184,12274631070
83442213,12280465333
83482255,12286066821
83522303,12290895191
83562336,12296567413
83602367,12303374265
83642397,12309686826
83682425,12315461783
83722454,12321721238
83762477,12328112250
83802507,12334460643
83842537,12340826474
83882560,12347089044
83922582,12353050543
83962610,12359116925
84002661,12363978803
84042707,12369783458
84082736,12374224479
84122765,12380771539
84162790,12387252233
84202811,12393684241
84242836,12400105613
84282863,12406506277
84322886,12412901969
84362912,12419275511
84402943,12425628311
84442973,12432015765
84483012,12437969090
84523059,12442811451
84563091,12448160540
84603110,12454338495
84643135,12461099180
84683164,12465402025
84723192,12471877612
84763220,12478408748
84803251,12484929004
84843275,12491393303
84883302,12497958141
84923330,12504696483
84963358,12511641920
85003408,12516431793
85043453,12521391750
85083485,12527661392
85123515,12532950971
85163538,12537919802
85203560,12544086555
85243581,12550237679
85283608,12555102161
85323637,12561590219
85363660,12568108656
85403691,12574596250
85443720,12581039168
85483756,12586725610
85523804,12591624276
85563831,12597215399
85603861,12602995118
85643895,12609907088
85683921,12616317806
85723947,12622659946
85763973,12628856931
85803997,12634667496
85844022,12640276797
85884047,12646119087
85924073,12651548706
85964097,12658036979
86004145,12662834913
86044190,12667907676
86084219,12673976056
86124241,12679341675
86164260,12685651524
86204282,12690893480
86244304,12697132951
86284325,12702394978
86324350,12708700908
86364375,12714914471
86404393,12720671782
86444415,12726376045
86484451,12732323970
86524499,12737158515
86564527,12742924025
86604552,12747475056
86644577,12753635141
86684602,12759662109
86724624,12765259070
86764650,12771539914
86804673,12777021057
86844694,12783344167
86884720,12789682674
86924741,12796000652
86964765,12802298639
87004813,12807156347
87044856,12812092662
87084888,12818308823
87124912,12824608821
87164937,12831185650
87204961,12836730556
87244988,12842348703
87285013,12849783108
87325039,12856319199
87365068,12862822494
87405096,12869239060
87445122,12875636954
87485161,12881611255
87525210,12886436520
87565244,12891713711
87605274,12897692764
87645296,12903095937
87685322,12909359469
87725353,12915662990
87765382,12922292405
87805404,12927778788
87845429,12933238877
87885461,12939734256
87925486,12946089584
87965507,12952493677
88005557,12957315558
88045601,12962317622
88085627,12968001364
88125657,12973852479
88165681,12979744578
88205705,12985406637
88245731,12991661613
88285755,12997875322
88325780,13003740890
88365804,13010374464
88405831,13016244164
88445856,13021621450
88485894,13027357304
88525940,13032168491
88565975,13037953691
88606009,13044588090
88646035,13051616422
88686061,13057635767
88726095,13064044694
88766125,13071206433
88806148,13077588648
88846172,13083793769
88886196,13089160263
88926214,13095354863
88966241,13101525467
89006290,13106364282
89046336,13111298311
89086364,13117106927
89126396,13122527384
89166424,13129222890
89206449,13135566423
89246472,13141870246
89286491,13147491002
89326514,13153418269
89366536,13158873759
89406558,13164994964
89446580,13171233629
89486615,13176337521
89526666,13181164855
89566696,13187379196
89606725,13194109670
89646751,13200995952
89686776,13206852683
89726800,13212120986
89766828,13218682665
89806855,13225174863
89846879,13231201169
89886899,13236861339
89926925,13243214293
89966947,13248853305
90006997,13253676868
90047045,13259274315
90087075,13265684775
90127101,13272089179
90167126,13278504487
90207147,13284690868
90247170,13290857843
90287195,13297685621
90327214,13302006331
90367238,13308414436
90407257,13314388680
90447281,13320228588
90487316,13326000883
90527364,13330828601
90567401,13336441597
90607427,13342900065
90647457,13349284125
90687492,13356192569
90727512,13361989556
90767534,13368285205
90807556,13374684642
90847578,13381125545
90887607,13387849582
90927636,13392953791
90967662,13398331736
91007711,13403198652
91047751,13408205048
91087782,13414679594
91127811,13421163389
91167840,13427888920
91207872,13435112834
91247901,13441516170
91287924,13446747393
91327950,13452924065
91367976,13459208941
91407997,13464448426
91448022,13470687299
91488068,13476724612
91528118,13481571146
91568152,13488218808
91608172,13492650496
91648204,13499187510
91688234,13505709022
91728262,13512227467
91768286,13518610231
91808305,13524649713
91848331,13530144531
91888362,13536094564
91928389,13541613400
91968419,13547826430
92008467,13552723343
92048508,13557716248
92088541,13564038913
92128569,13570233944
92168589,13576417439
92208621,13581726188
92248649,13587290814
92288678,13593053221
92328708,13599359209
92368726,13605526551
92408752,13611898831
92448779,13618674666
92488816,13623792703
92528864,13628628191
92568894,13633672154
92608921,13639911985
92648945,13646162558
92688965,13651427207
92728987,13656712849
92769008,13662439672
92809030,13667579016
92849059,13673045076
92889085,13678321042
92929108,13685109091
92969136,13691771397
93009186,13696576750
93049229,13701551578
93089257,13707686517
93129274,13713242738
93169299,13719522125
93209317,13725851075
93249341,13731702990
93289363,13737566953
93329385,13743622118
93369414,13749626115
93409441,13754969190
93449466,13760731737
93489507,13765701743
93529554,13770515688
93569587,13775761999
93609615,13782310358
93649641,13788806471
93689670,13795256219
93729701,13801605495
93769731,13807938774
93809759,13814404951
93849788,13820832904
93889814,13827162272
93929839,13833254184
93969858,13838563550
94009907,13843385595
94049953,13849196038
94089980,13855610093
94130005,13861458179
94170033,13866822761
94210051,13873276165
94250077,13879202476
94290102,13885017596
94330127,13891385956
94370154,13897188979
94410186,13903029698
94450214,13909158678
94490251,13914283367
94530302,13919171002
94570339,13925445828
94610364,13931795661
94650386,13938129221
94690412,13944396440
94730440,13950664353
94770466,13955407438
94810492,13960721047
94850515,13967102644
94890543,13973504191
94930575,13979048242
94970598,13985094188
95010647,13989905668
95050691,13994854273
95090719,14000976182
95130743,14006376829
95170768,14012615913
95210790,14018310094
95250811,14024141125
95290831,14030292080
95330858,14036272825
95370885,14042533833
95410908,14047607723
95450940,14053935602
95490976,14059327911
95531024,14064181920
95571056,14070520682
95611075,14076922834
95651102,14083354374
95691133,14089769417
95731163,14095739910
95771191,14102035649
95811220,14108600377
95851249,14114101497
95891268,14120342875
95931296,14126839732
95971320,14132815509
96011370,14137705284
96051413,14143208712
96091442,14148273512
96131474,14155112368
96171493,14160487168
96211517,14166872291
96251543,14173258615
96291563,14179663576
96331584,14184897009
96371609,14191198963
96411635,14196518784
96451656,14202658830
96491692,14208417707
96531740,14213246437
96571770,14218698366
96611799,14224882656
96651826,14230896622
96691847,14235762918
96731872,14241162206
96771905,14248174818
96811934,14254164058
96851965,14260450072
96891997,14266885107
96932026,14273352274
96972053,14279795547
97012103,14284641131
97052151,14290382955
97092177,14296500502
97132195,14302493440
97172219,14308414983
97212236,14314662198
97252258,14319774589
97292284,14325430385
97332312,14329679514
97372335,14336204638
97412366,14343013023
97452384,14349141072
97492423,14355250445
97532472,14360073298
97572508,14365579180
97612534,14372294599
97652559,14378934174
97692586,14385472633
97732614,14391887946
97772645,14398235997
97812674,14404572638
97852698,14410790690
97892721,14416478681
97932749,14421171432
97972775,14427290023
98012825,14432096950
98052871,14438104165
98092904,14444648469
98132936,14451171564
98172966,14457667563
98212992,14464370708
98253018,14470841347
98293045,14477083671
98333067,14483082203
98373094,14489383100
98413121,14495689944
98453146,14501938193
98493185,14507958064
98533233,14512808628
98573269,14517541218
98613297,14523509761
98653328,14530536863
98693362,14537074457
98733396,14543586644
98773424,14550075051
98813455,14557139552
98853481,14563918195
98893504,14570330690
98933534,14576717087
98973563,14583019660
99013611,14587830566
99053655,14593536371
99093683,14600045609
99133714,14606861280
99173739,14611121378
99213766,14617110196
99253788,14622880364
99293806,14628231369
99333830,14634613178
99373854,14640902735
99413875,14646186084
99453896,14652454570
99493935,14657489895
99533984,14662328751
99574015,14668534077
99614039,14674803185
99654062,14680084285
99694086,14686040537
99734111,14691390510
99774145,14698138884
99814173,14703123645
99854199,14709310338
99894219,14715292936
99934248,14721081100
99974280,14727614154
100014328,14732484486
100054371,14737927090
100094401,14744375495
100134430,14750786455
100174461,14757216427
100214493,14764438246
100254518,14770948159
100294546,14777236228
100334570,14782775332
100374596,14789080222
100414622,14793395349
100454649,14799879268
100494687,14805173625
100534736,14809988636
100574771,14816166325
100614802,14822558689
100654830,14829044779
100694857,14835477427
100734884,14841936001
100774909,14849325187
100814932,14855715763
100854958,14861977345
100894980,14867146420
100935007,14873305646
100975028,14878667766
101015077,14883487715
101055119,14888781923
101095145,14894124379
101135171,14900643680
101175202,14907172746
101215228,14913680287
101255253,14920171614
101295284,14926709820
101335315,14934081910
101375346,14940503409
101415378,14946898991
101455410,14953352545
101495451,14959356278
101535497,14964172826
101575533,14969687308
101615556,14975363315
101655587,14981227068
101695614,14986617218
101735644,14993021578
101775669,14998563846
101815690,15004723982
101855709,15009990947
101895736,15016233624
101935755,15021889197
101975778,15027842190
102015827,15032679069
102055868,15037630431
102095891,15043848546
102135911,15049015646
102175938,15055232811
102215960,15061521965
102255990,15067781255
102296018,15073618621
102336048,15078956586
102376066,15084986323
102416090,15090687239
102456115,15096011420
102496151,15101992022
102536198,15106865931
102576230,15112143688
102616252,15118414952
102656274,15123663816
102696302,15129950818
102736327,15136174736
102776351,15142543734
102816379,15148892952
102856407,15155214001
102896436,15162053734
102936460,15166693522
102976488,15172845100
103016537,15177694272
103056583,15183561239
103096618,15190229598
103136638,15195500223
103176661,15201843587
103216679,15207798823
103256701,15213423907
103296724,15219775575
103336746,15226105788
103376770,15231444533
103416795,15237508887
103456824,15243780915
103496864,15249856642
103536914,15254718071
103576948,15260612279
103616976,15265799455
103657010,15272332933
103697034,15278516562
103737057,15284071617
103777083,15290483733
103817112,15296938474
103857137,15303327352
103897169,15309714088
103937195,15316083481
103977220,15322455235
104017267,15327300027
104057308,15332985650
104097337,15339524935
104137367,15345857891
104177392,15352711563
104217421,15357048315
104257457,15363609176
104297480,15370237927
104337505,15376470807
104377528,15382822887
104417555,15389290551
104457587,15395733857
104497628,15401875174
104537681,15406727602
104577719,15412991875
104617747,15419339058
104657770,15425613926
104697794,15430785409
104737815,15436105357
104777838,15441981266
104817868,15446833918
104857895,15453352972
104897927,15459901250
104937954,15466673241
104977976,15473420835
105018026,15478256109
105058071,15483763158
105098103,15490242763
105138130,15496608192
105178153,15502869412
105218178,15508392786
105258202,15514336932
105298228,15519587500
105338247,15525639695
105378272,15531548669
105418296,15536516994
105458323,15541931611
105498364,15548115160
105538414,15552925038
105578449,15559283306
105618481,15565814653
105658513,15572321212
105698544,15578827111
105738575,15586260406
105778606,15592680025
105818633,15599011886
105858660,15605290386
105898688,15611564941
105938714,15617834881
105978742,15624039084
106018792,15628874893
106058836,15634403557
106098861,15638632699
106138891,15645162653
106178922,15651712508
106218955,15658225117
106258989,15664692366
106299015,15671090219
106339038,15677424113
106379063,15683435779
106419084,15689021285
106459105,15695211229
106499139,15700600525
106539187,15705457268
106579214,15711308789
106619234,15717569754
106659256,15723781825
106699286,15728717087
106739311,15735046063
106779336,15741573659
106819359,15748072277
106859384,15754508889
106899411,15760798636
106939433,15766572043
106979454,15772420269
107019505,15777235437
107059549,15782165735
107099578,15788348107
107139599,15793992160
107179622,15799799954
107219643,15806009075
107259667,15811018365
107299693,15816692476
107339722,15821259465
107379750,15827504767
107419776,15834019577
107459800,15840747031
107499838,15846635170
107539886,15851498146
107579923,15857829343
107619947,15864279333
107659971,15870693940
107700002,15877081608
107740035,15884302760
107780068,15890823173
107820101,15897169486
107860133,15903691572
107900161,15909309570
107940182,15914660888
107980210,15921044912
108020259,15925887550
108060301,15930873681
108100331,15937349474
108140356,15943707336
108180386,15949730458
108220414,15955342305
108260436,15961058448
108300457,15966768286
108340483,15973130047
108380513,15979512555
108420541,15986596435
108460561,15992286131
108500596,15998011903
108540648,16002839738
108580678,16008588285
108620700,16012951800
108660725,16019505972
108700753,16025956130
108740773,16032441649
108780800,16038815183
108820822,16045132612
108860847,16050667075
108900865,16056502829
108940885,16061670116
108980911,16067887676
109020958,16072789859
109061002,16077802780
109101033,16084162149
109141060,16090425937
109181086,16096605295
109221112,16101438614
109261138,16107908239
109301169,16114423652
109341202,16120896015
109381234,16127402341
109421258,16133823781
109461278,16140114087
109501316,16145184779
109541365,16150002028
109581399,16156253177
109621427,16162911626
109661456,16169833350
109701484,16176093533
109741502,16181452556
109781524,16187618154
109821542,16192349863
109861563,16197707851
109901587,16204124249
109941610,16209427905
109981635,16215788863
110021685,16220610267
110061727,16225612944
110101758,16232373725
110141786,16239551968
110181814,16245973951
110221845,16252337365
110261872,16258625665
110301902,16264966003
110341930,16271300943
110381956,16277867666
110421984,16283391540
110462013,16288764014
110502053,16294333674
110542101,16299152329
110582137,16305099201
110622166,16311506735
110662197,16317935080
110702225,16324391640
110742252,16330760726
110782285,16337191570
110822307,16343538189
110862326,16349777650
110902346,16356118625
110942377,16362798362
110982410,16369716398
111022458,16374526966
111062503,16380025449
111102530,16384322167
111142552,16390527942
111182575,16396711877
111222598,16402510012
111262619,16408155075
111302641,16414046188
111342669,16419943901
111382690,16425675603
111422719,16431960675
111462749,16438075145
111502793,16443225256
111542840,16448098022
111582876,16454193938
111622900,16459456034
111662927,16465265444
111702948,16471289207
111742973,16476094399
111783001,16482857391
111823026,16489698656
111863047,16496167477
111903074,16501460051
111943107,16507716063
111983131,16513943703
112023179,16518777977
112063219,16523853445
112103245,16529041399
112143277,16535253234
112183299,16540445455
112223325,16546279295
112263344,16551762572
112303365,16557886743
112343388,16563691188
112383415,16569064074
112423451,16575622201
112463484,16582145900
112503526,16587803218
112543576,16592634213
112583612,16598417738
112623648,16605132050
112663674,16611615221
112703703,16618523407
112743732,16625071075
112783754,16631382096
112823771,16637100270
112863792,16642677752
112903817,16648314507
112943842,16654599585
112983864,16658984856
113023915,16663858961
113063957,16668887476
113103983,16675312558
113144013,16682597150
113184046,16689370078
113224079,16695842397
113264112,16702310871
113304137,16708719032
113344155,16715035980
113384179,16721276869
113424200,16726691573
113464221,16732512896
113504258,16737505319
113544306,16742312802
113584339,16748441527
113624360,16754267409
113664386,16759633859
113704419,16766192130
113744454,16772737868
113784475,16779195422
113824496,16785553581
113864522,16791127261
113904536,16797151097
113944562,16803360626
113984581,16808619045
114024631,16813450737
114064675,16819441148
114104703,16825815126
114144732,16832163080
114184756,16838538520
114224785,16845283848
114264813,16849795410
114304843,16857098921
114344873,16863766363
114384901,16870199913
114424928,16876650025
114464961,16883017957
114505000,16888065582
114545049,16892915291
114585085,16899191037
114625114,16905565940
114665137,16911350225
114705165,16918133419
114745196,16924460593
114785225,16930775341
114825246,16936595384
114865265,16941972624
114905291,16948425380
114945314,16953727282
114985338,16960013239
115025389,16964865062
115065438,16969878464
115105471,16976375524
115145495,16982770311
115185518,16989009044
115225545,16994802433
115265565,17000623649
115305586,17006853501
115345614,17013055915
115385634,17019041795
115425653,17024717443
115465680,17030349628
115505716,17035489607
115545764,17040358593
115585797,17046685919
115625818,17052100336
115665834,17058397063
115705854,17064182612
115745877,17069994700
115785899,17075340773
115825930,17082021286
115865962,17089020709
115905991,17095413391
115946017,17101736377
115986043,17107950195
116026092,17112765568
116066134,17117736548
116106159,17123897951
116146190,17128751749
116186222,17135263642
116226250,17141805093
116266274,17148221092
116306297,17154323807
116346321,17159839537
116386349,17166163135
116426375,17171731932
116466399,17177587842
116506433,17182604382
116546481,17187418614
116586516,17193631326
116626539,17198816919
116666562,17204939804
116706585,17210085226
116746609,17216788659
116786636,17221099662
116826667,17227650552
116866691,17234168653
116906715,17240601674
116946742,17246932601
116986771,17252679996
117026821,17257558217
117066862,17263098000
117106885,17268385516
117146916,17274650712
117186941,17280578585
117226967,17286397413
117267000,17293498078
117307021,17299217571
117347044,17304832884
117387068,17310647274
117427092,17316081804
117467123,17322637390
117507163,17328380070
117547212,17333193307
117587249,17339157301
117627276,17345923136
117667302,17352267389
117707325,17358020668
117747346,17363259556
117787364,17369541870
117827391,17375458825
117867409,17381055263
117907434,17387103297
117947450,17392946274
117987475,17399078743
118027523,17403895027
118067564,17408898137
118107588,17413939873
118147607,17419612154
118187634,17426061826
118227665,17432208912
118267687,17437671730
118307708,17444008194
118347728,17449210286
118387754,17454829145
118427772,17460722673
118467793,17467001935
118507828,17472546140
118547876,17477369684
118587906,17483099483
118627925,17489533749
118667942,17495557314
118707970,17501391051
118748000,17506815631
118788024,17512692560
118828044,17518561226
118868066,17524829401
118908086,17531226566
118948109,17536477218
118988128,17542828151
119028177,17547662285
119068223,17552668068
119108248,17559364279
119148272,17566169201
119188294,17572231307
119228318,17578248024
119268344,17584163291
119308371,17589914820
119348400,17595281264
119388434,17601849633
119428457,17608322787
119468481,17614637317
119508519,17619762536
119548568,17624635915
119588599,17630953001
119628631,17637652584
119668660,17644844672
119708682,17651256550
119748710,17657613834
119788735,17663828123
119828753,17669137303
119868778,17675166900
119908802,17680901549
119948831,17686254744
119988862,17692016579
120028912,17696832345
120068954,17702491768
120108991,17709015388
120149022,17715528035
120189052,17721977474
120229083,17728389850
120269110,17734824372
120309141,17741969379
120349174,17748577930
120389209,17754931797
120429241,17761266045
120469272,17767963599
120509314,17774191818
120549364,17779034555
120589394,17783233113
120629419,17789691552
120669450,17796249252
120709477,17802796935
120749494,17810083210
120789509,17816923069
120829523,17824249134
120869536,17830947518
120909552,17838404498
120949568,17844858233
120989580,17852252262
121029634,17857518578
121069689,17862765536
121109746,17868012554
121149801,17873276865
TS,2
31644,630
71705,670
111767,710
151829,750
191891,790
231953,830
272015,870
312077,910
352139,950
392201,990
432263,1030
471320,1071
511374,1111
551422,1151
591471,1191
631524,1231
671576,1271
711626,1311
751676,1351
791727,1391
831781,1431
871835,1471
905868,1505
945899,1545
982928,1583
1022958,1623
1062983,1663
1103008,1703
1143035,1743
1183056,1783
1223081,1823
1263101,1863
1303125,1903
1343151,1943
1383175,1983
1423216,2023
1463263,2063
1503288,2103
1543316,2143
1583342,2183
1623372,2223
1663407,2263
1703438,2303
1743462,2343
1783484,2383
1823504,2423
1863531,2463
1903563,2503
1943615,2543
1983656,2583
2023688,2623
2063717,2663
2103742,2703
2143771,2743
2183795,2783
2223826,2823
2263863,2863
2303894,2903
2343927,2943
2383955,2983
2423995,3023
2464042,3063
2504065,3103
2544090,3143
2584111,3183
2624134,3223
2664155,3263
2704176,3303
2744196,3343
2784224,3383
2824248,3423
2864275,3463
2904301,3503
2944351,3543
2984392,3583
3024422,3623
3064444,3663
3104467,3703
3144491,3743
3184512,3783
3224538,3823
3264571,3863
3304594,3903
3344618,3943
3384643,3983
3424687,4023
3464733,4063
3504756,4103
3544788,4143
3584821,4183
3624852,4223
3664874,4263
3704896,4303
3744913,4343
3784938,4383
3824969,4423
3865003,4463
3905033,4503
3945080,4543
3985123,4583
4025150,4623
4065175,4663
4105197,4703
4145221,4743
4185249,4783
4225276,4823
4265310,4863
4305336,4903
4345357,4943
4385388,4983
4425432,5023
4465483,5063
4505510,5103
4545534,5143
4585558,5183
4625580,5223
4665603,5263
4705628,5303
4745649,5343
4785677,5383
4825699,5423
4865728,5463
4905762,5503
4945809,5543
4985849,5583
5025875,5623
5065900,5663
5105920,5703
5145941,5743
5185969,5783
5225994,5823
5266015,5863
5306039,5903
5346067,5943
5386092,5983
5426135,6023
5466184,6063
5506216,6103
5546249,6143
5586269,6183
5626295,6223
5666319,6263
5706338,6303
5746363,6343
5786383,6383
5826402,6423
5866428,6463
5906457,6503
5946508,6543
5986551,6583
6026573,6623
6066604,6663
6106638,6703
6146664,6743
6186683,6783
6226708,6823
6266728,6863
6306750,6903
6346770,6943
6386795,6983
6426838,7023
6466885,7063
6506916,7103
6546942,7143
6586974,7183
6627005,7223
6667036,7263
6707070,7303
6747106,7343
6787132,7383
6827156,7423
6867182,7463
6907209,7503
6947258,7543
6987295,7583
7027322,7623
7067349,7663
7107378,7703
7147411,7743
7187440,7783
7227462,7823
7267489,7863
7307517,7903
7347546,7943
7387578,7983
7427620,8023
7467669,8063
7507698,8103
7547723,8143
7587747,8183
7627773,8223
7667802,8263
7707839,8303
7747865,8343
7787887,8383
7827911,8423
7867947,8463
7907977,8503
7948023,8543
7988064,8583
8028095,8623
8068123,8663
8108148,8703
8148173,8743
8188201,8783
8228225,8823
8268251,8863
8308273,8903
8348295,8943
8388320,8983
8428365,9023
8468417,9063
8508443,9103
8548465,9143
8588492,9183
8628522,9223
8668551,9263
8708573,9303
8748597,9343
8788629,9383
8828660,9423
8868691,9463
8908724,9503
8948772,9543
8988809,9583
9028838,9623
9068863,9663
9108885,9703
9148907,9743
9188936,9783
9228968,9823
9268996,9863
9309024,9903
9349047,9943
9389071,9983
9429116,10023
9469166,10063
9509192,10103
9549219,10143
9589251,10183
9629275,10223
9669297,10263
9709324,10303
9749352,10343
9789381,10383
9829405,10423
9869428,10463
9909464,10503
9949514,10543
9989552,10583
10029580,10623
10069602,10663
10109635,10703
10149657,10743
10189677,10783
10229700,10823
10269721,10863
10309750,10903
10349778,10943
10389810,10983
10429854,11023
10469904,11063
10509937,11103
10549969,11143
10589996,11183
10630021,11223
10670051,11263
10710079,11303
10750103,11343
10790125,11383
10830145,11423
10870171,11463
10910200,11503
10950250,11543
10990286,11583
11030308,11623
11070332,11663
11110355,11703
11150377,11743
11190397,11783
11230417,11823
11270441,11863
11310465,11903
11350487,11943
11390511,11983
11430555,12023
11470605,12063
11510629,12103
11550656,12143
11590683,12183
11630706,12223
11670728,12263
11710751,12303
11750776,12343
11790808,12383
11830834,12423
11870859,12463
11910894,12503
11950941,12543
11990981,12583
12031013,12623
12071038,12663
12111062,12703
12151088,12743
12191114,12783
12231138,12823
12271167,12863
12311200,12903
12351236,12943
12391264,12983
12431308,13023
12471357,13063
12511384,13103
12551417,13143
12591447,13183
12631472,13223
12671501,13263
12711518,13303
12751544,13343
12791562,13383
12831587,13423
12871619,13463
12911657,13503
12951706,13543
12991742,13583
13031766,13623
13071794,13663
13111819,13703
13151843,13743
13191875,13783
13231904,13823
13271935,13863
13311961,13903
13351982,13943
13392012,13983
13432058,14023
13472107,14063
13512139,14103
13552163,14143
13592191,14183
13632214,14223
13672238,14263
13712259,14303
13752277,14343
13792300,14383
13832321,14423
13872344,14463
13912372,14503
13952422,14543
13992460,14583
14032485,14623
14072504,14663
14112528,14703
14152553,14743
14192579,14783
14232602,14823
14272623,14863
14312645,14903
14352671,14943
14392698,14983
14432739,15023
14472790,15063
14512811,15103
14552835,15143
14592860,15183
14632883,15223
14672908,15263
14712935,15303
14752956,15343
14792977,15383
14833002,15423
14873033,15463
14913070,15503
14953124,15543
14993163,15583
15033193,15623
15073223,15663
15113246,15703
15153267,15743
15193294,15783
15233322,15823
15273352,15863
15313375,15903
15353402,15943
15393428,15983
15433470,16023
15473522,16063
15513549,16103
15553570,16143
15593591,16183
15633616,16223
15673646,16263
15713677,16303
15753702,16343
15793726,16383
15833756,16423
15873781,16463
15913813,16503
15953862,16543
15993897,16583
16033927,16623
16073954,16663
16113978,16703
16154004,16743
16194028,16783
16234059,16823
16274090,16863
16314117,16903
16354144,16943
16394175,16983
16434220,17023
16474269,17063
16514296,17103
16554327,17143
16594358,17183
16634379,17223
16674404,17263
16714433,17303
16754464,17343
16794488,17383
16834512,17423
16874534,17463
16914563,17503
16954611,17543
16994650,17583
17034676,17623
17074701,17663
17114734,17703
17154763,17743
17194785,17783
17234803,17823
17274827,17863
17314855,17903
17354887,17943
17394920,17983
17434965,18023
17475017,18063
17515039,18103
17555069,18143
17595100,18183
17635131,18223
17675158,18263
17715180,18303
17755202,18343
17795224,18383
17835242,18423
17875270,18463
17915301,18503
17955350,18543
17995389,18583
18035413,18623
18075437,18663
18115460,18703
18155483,18743
18195503,18783
18235524,18823
18275546,18863
18315566,18903
18355591,18943
18395616,18983
18435657,19023
18475705,19063
18515734,19103
18555760,19143
18595784,19183
18635801,19223
18675835,19263
18715866,19303
18755894,19343
18795916,19383
18835941,19423
18875968,19463
18915997,19503
18956045,19543
18996081,19583
19036098,19623
19076121,19663
19116145,19703
19156166,19743
19196186,19783
19236212,19823
19276242,19863
19316272,19903
19356295,19943
19396322,19983
19436363,20023
19476411,20063
19516436,20103
19556469,20143
19596497,20183
19636525,20223
19676554,20263
19716588,20303
19756616,20343
19796634,20383
19836658,20423
19876689,20463
19916725,20503
19956775,20543
19996818,20583
20036849,20623
20076883,20663
20116910,20703
20156939,20743
20196969,20783
20237001,20823
20277034,20863
20317065,20903
20357091,20943
20397113,20983
20437157,21023
20477207,21063
20517234,21103
20557251,21143
20597275,21183
20637307,21223
20677335,21263
20717364,21303
20757397,21343
20797426,21383
20837455,21423
20877481,21463
20917515,21503
20957565,21543
20997604,21583
21037626,21623
21077655,21663
21117682,21703
21157711,21743
21197740,21783
21237771,21823
21277800,21863
21317828,21903
21357861,21943
21397893,21983
21437941,22023
21477989,22063
21518024,22103
21558057,22143
21598088,22183
21638110,22223
21678139,22263
21718165,22303
21758199,22343
21798222,22383
21838247,22423
21878269,22463
21918298,22503
21958346,22543
21998387,22583
22038418,22623
22078449,22663
22118471,22703
22158494,22743
22198517,22783
22238542,22823
22278570,22863
22318595,22903
22358623,22943
22398648,22983
22438688,23023
22478738,23063
22518767,23103
22558795,23143
22598819,23183
22638843,23223
22678869,23263
22718893,23303
22758916,23343
22798940,23383
22838968,23423
22878989,23463
22919019,23503
22959068,23543
22999105,23583
23039136,23623
23079169,23663
23119202,23703
23159232,23743
23199253,23783
23239276,23823
23279301,23863
23319327,23903
23359352,23943
23399374,23983
23439419,24023
23479467,24063
23519488,24103
23559512,24143
23599534,24183
23639561,24223
23679584,24263
23719604,24303
23759628,24343
23799652,24383
23839674,24423
23879703,24463
23919738,24503
23959789,24543
23999827,24583
24039854,24623
24079883,24663
24119911,24703
24159934,24743
24199959,24783
24239989,24823
24280020,24863
24320050,24903
24360078,24943
24400101,24983
24440147,25023
24480196,25063
24520224,25103
24560247,25143
24600271,25183
24640296,25223
24680320,25263
24720343,25303
24760369,25343
24800396,25383
24840422,25423
24880457,25463
24920487,25503
24960536,25543
25000577,25583
25040601,25623
25080630,25663
25120664,25703
25160691,25743
25200714,25783
25240740,25823
25280761,25863
25320785,25903
25360809,25943
25400830,25983
25440873,26023
25480922,26063
25520949,26103
25560981,26143
25601008,26183
25641035,26223
25681063,26263
25721093,26303
25761125,26343
25801148,26383
25841174,26423
25881200,26463
25921233,26503
25961283,26543
26001322,26583
26041350,26623
26081379,26663
26121406,26703
26161435,26743
26201464,26783
26241497,26823
26281529,26863
26321551,26903
26361572,26943
26401595,26983
26441635,27023
26481683,27063
26521711,27103
26561732,27143
26601756,27183
26641779,27223
26681802,27263
26721826,27303
26761852,27343
26801885,27383
26841915,27423
26881937,27463
26921969,27503
26962020,27543
27002053,27583
27042074,27623
27082100,27663
27122125,27703
27162147,27743
27202170,27783
27242192,27823
27282214,27863
27322242,27903
27362271,27943
27402301,27983
27442347,28023
27482397,28063
27522422,28103
27562447,28143
27602469,28183
27642493,28223
27682511,28263
27722535,28303
27762556,28343
27802584,28383
27842605,28423
27882633,28463
27922667,28503
27962717,28543
28002761,28583
28042789,28623
28082824,28663
28122848,28703
28162871,28743
28202894,28783
28242926,28823
28282947,28863
28322968,28903
28362995,28943
28403026,28983
28443069,29023
28483119,29063
28523153,29103
28563179,29143
28603203,29183
28643228,29223
28683262,29263
28723291,29303
28763313,29343
28803341,29383
28843368,29423
28883387,29463
28923419,29503
28963468,29543
29003508,29583
29043536,29623
29083569,29663
29123593,29703
29163616,29743
29203645,29783
29243668,29823
29283695,29863
29323724,29903
29363750,29943
29403775,29983
29443820,30023
29483871,30063
29523902,30103
29563937,30143
29603967,30183
29643996,30223
29684024,30263
29724051,30303
29764081,30343
29804111,30383
29844135,30423
29884165,30463
29924201,30503
29964248,30543
30004285,30583
30044313,30623
30084343,30663
30124368,30703
30164388,30743
30204406,30783
30244428,30823
30284447,30863
30324464,30903
30364483,30943
30404509,30983
30444551,31023
30484601,31063
30524625,31103
30564653,31143
30604682,31183
30644713,31223
30684740,31263
30724768,31303
30764799,31343
30804833,31383
30844869,31423
30884900,31463
30924931,31503
30964977,31543
31005017,31583
31045045,31623
31085068,31663
31125097,31703
31165123,31743
31205143,31783
31245164,31823
31285183,31863
31325208,31903
31365231,31943
31405254,31983
31445297,32023
31485345,32063
31525371,32103
31565400,32143
31605427,32183
31645454,32223
31685478,32263
31725499,32303
31765521,32343
31805542,32383
31845568,32423
31885590,32463
31925621,32503
31965670,32543
32005706,32583
32045733,32623
32085754,32663
32125784,32703
32165805,32743
32205829,32783
32245854,32823
32285879,32863
32325905,32903
32365932,32943
32405964,32983
32446004,33023
32486054,33063
32526087,33103
32566120,33143
32606149,33183
32646173,33223
32686204,33263
32726226,33303
32766251,33343
32806277,33383
32846307,33423
32886338,33463
32926366,33503
32966415,33543
33006453,33583
33046475,33623
33086500,33663
33126527,33703
33166558,33743
33206581,33783
33246603,33823
33286623,33863
33326649,33903
33366676,33943
33406710,33983
33446753,34023
33486802,34063
33526827,34103
33566849,34143
33606870,34183
33646897,34223
33686921,34263
33726944,34303
33766971,34343
33806996,34383
33847021,34423
33887039,34463
33927067,34503
33967117,34543
34007157,34583
34047188,34623
34087213,34663
34127236,34703
34167265,34743
34207297,34783
34247324,34823
34287356,34863
34327381,34903
34367409,34943
34407433,34983
34447478,35023
34487530,35063
34527554,35103
34567580,35143
34607606,35183
34647639,35223
34687671,35263
34727702,35303
34767728,35343
34807752,35383
34847779,35423
34887802,35463
34927828,35503
34967877,35543
35007915,35583
35047941,35623
35087975,35663
35128008,35703
35168038,35743
35208057,35783
35248082,35823
35288102,35863
35328122,35903
35368152,35943
35408175,35983
35448215,36023
35488267,36063
35528297,36103
35568322,36143
35608355,36183
35648387,36223
35688420,36263
35728444,36303
35768469,36343
35808490,36383
35848510,36423
35888537,36463
35928570,36503
35968621,36543
36008657,36583
36048679,36623
36088704,36663
36128730,36703
36168763,36743
36208790,36783
36248806,36823
36288830,36863
36328860,36903
36368889,36943
36408918,36983
36448955,37023
36489004,37063
36529031,37103
36569058,37143
36609081,37183
36649110,37223
36689139,37263
36729162,37303
36769187,37343
36809208,37383
36849228,37423
36889253,37463
36929288,37503
36969338,37543
37009374,37583
37049405,37623
37089435,37663
37129467,37703
37169490,37743
37209514,37783
37249536,37823
37289561,37863
37329591,37903
37369618,37943
37409642,37983
37449686,38023
37489736,38063
37529765,38103
37569794,38143
37609825,38183
37649849,38223
37689869,38263
37729890,38303
37769911,38343
37809932,38383
37849951,38423
37889977,38463
37930005,38503
37970053,38543
38010091,38583
38050119,38623
38090139,38663
38130160,38703
38170180,38743
38210207,38783
38250225,38823
38290246,38863
38330271,38903
38370290,38943
38410314,38983
38450356,39023
38490405,39063
38530434,39103
38570460,39143
38610490,39183
38650513,39223
38690540,39263
38730558,39303
38770580,39343
38810603,39383
38850621,39423
38890640,39463
38930671,39503
38970719,39543
39010761,39583
39050794,39623
39090822,39663
39130852,39703
39170883,39743
39210910,39783
39250940,39823
39290965,39863
39330995,39903
39371015,39943
39411040,39983
39451080,40023
39491131,40063
39531154,40103
39571179,40143
39611196,40183
39651211,40223
39691235,40263
39731259,40303
39771281,40343
39811312,40383
39851339,40423
39891373,40463
39931404,40503
39971455,40543
40011496,40583
40051522,40623
40091546,40663
40131567,40703
40171588,40743
40211606,40783
40251627,40823
40291648,40863
40331679,40903
40371709,40943
40411734,40983
40451776,41023
40491823,41063
40531844,41103
40571874,41143
40611903,41183
40651932,41223
40691956,41263
40731981,41303
40772006,41343
40812025,41383
40852055,41423
40892085,41463
40932117,41503
40972164,41543
41012204,41583
41052232,41623
41092259,41663
41132277,41703
41172298,41743
41212322,41783
41252351,41823
41292371,41863
41332397,41903
41372426,41943
41412450,41983
41452494,42023
41492547,42063
41532580,42103
41572601,42143
41612620,42183
41652641,42223
41692660,42263
41732681,42303
41772704,42343
41812732,42383
41852762,42423
41892789,42463
41932816,42503
41972863,42543
42012897,42583
42052916,42623
42092936,42663
42132963,42703
42172983,42743
42213003,42783
42253025,42823
42293049,42863
42333080,42903
42373116,42943
42413137,42983
42453181,43023
42493230,43063
42533254,43103
42573280,43143
42613302,43183
42653331,43223
42693348,43263
42733370,43303
42773396,43343
42813413,43383
42853437,43423
42893457,43463
42933488,43503
42973538,43543
43013577,43583
43053600,43623
43093628,43663
43133655,43703
43173682,43743
43213706,43783
43253736,43823
43293771,43863
43333801,43903
43373824,43943
43413851,43983
43453894,44023
43493944,44063
43533967,44103
43573986,44143
43614009,44183
43654040,44223
43694068,44263
43734091,44303
43774117,44343
43814144,44383
43854175,44423
43894205,44463
43934241,44503
43974289,44543
44014324,44583
44054347,44623
44094366,44663
44134392,44703
44174418,44743
44214444,44783
44254469,44823
44294489,44863
44334513,44903
44374536,44943
44414558,44983
44454599,45023
44494647,45063
44534672,45103
44574695,45143
44614716,45183
44654742,45223
44694770,45263
44734801,45303
44774832,45343
44814851,45383
44854876,45423
44894897,45463
44934928,45503
44974980,45543
45015020,45583
45055045,45623
45095077,45663
45135105,45703
45175137,45743
45215159,45783
45255185,45823
45295208,45863
45335234,45903
45375259,45943
45415286,45983
45455327,46023
45495378,46063
45535407,46103
45575438,46143
45615463,46183
45655484,46223
45695508,46263
45735534,46303
45775566,46343
45815593,46383
45855620,46423
45895644,46463
45935673,46503
45975723,46543
46015762,46583
46055785,46623
46095814,46663
46135842,46703
46175870,46743
46215895,46783
46255923,46823
46295950,46863
46335970,46903
46375996,46943
46416017,46983
46456060,47023
46496109,47063
46536138,47103
46576174,47143
46616202,47183
46656228,47223
46696254,47263
46736276,47303
46776296,47343
46816320,47383
46856344,47423
46896375,47463
46936411,47503
46976460,47543
47016500,47583
47056528,47623
47096561,47663
47136592,47703
47176612,47743
47216631,47783
47256656,47823
47296689,47863
47336715,47903
47376744,47943
47416770,47983
47456813,48023
47496866,48063
47536894,48103
47576923,48143
47616947,48183
47656982,48223
47697005,48263
47737023,48303
47777046,48343
47817066,48383
47857086,48423
47897107,48463
47937139,48503
47977188,48543
48017228,48583
48057256,48623
48097282,48663
48137308,48703
48177338,48743
48217365,48783
48257394,48823
48297427,48863
48337453,48903
48377474,48943
48417503,48983
48457546,49023
48497597,49063
48537626,49103
48577654,49143
48617683,49183
48657711,49223
48697732,49263
48737754,49303
48777779,49343
48817801,49383
48857830,49423
48897861,49463
48937891,49503
48977944,49543
49017981,49583
49058009,49623
49098042,49663
49138068,49703
49178090,49743
49218112,49783
49258130,49823
49298154,49863
49338175,49903
49378200,49943
49418221,49983
49458264,50023
49498310,50063
49538337,50103
49578362,50143
49618387,50183
49658420,50223
49698450,50263
49738475,50303
49778504,50343
49818530,50383
49858562,50423
49898593,50463
49938622,50503
49978671,50543
50018709,50583
50058730,50623
50098754,50663
50138779,50703
50178805,50743
50218822,50783
50258847,50823
50298870,50863
50338901,50903
50378924,50943
50418940,50983
50458986,51023
50499034,51063
50539062,51103
50579091,51143
50619116,51183
50659142,51223
50699169,51263
50739198,51303
50779226,51343
50819254,51383
50859276,51423
50899296,51463
50939324,51503
50979372,51543
51019412,51583
51059443,51623
51099469,51663
51139495,51703
51179516,51743
51219542,51783
51259572,51823
51299602,51863
51339631,51903
51379654,51943
51419675,51983
51459717,52023
51499770,52063
51539796,52103
51579827,52143
51619850,52183
51659872,52223
51699892,52263
51739913,52303
51779942,52343
51819969,52383
51859992,52423
51900017,52463
51940044,52503
51980092,52543
52020128,52583
52060155,52623
52100180,52663
52140201,52703
52180230,52743
52220259,52783
52260290,52823
52300315,52863
52340342,52903
52380363,52943
52420384,52983
52460422,53023
52500471,53063
52540502,53103
52580526,53143
52620550,53183
52660579,53223
52700605,53263
52740630,53303
52780649,53343
52820672,53383
52860697,53423
52900729,53463
52940755,53503
52980805,53543
53020842,53583
53060863,53623
53100883,53663
53140909,53703
53180933,53743
53220956,53783
53260985,53823
53301013,53863
53341033,53903
53381061,53943
53421086,53983
53461125,54023
53501173,54063
53541202,54103
53581226,54143
53621256,54183
53661288,54223
53701312,54263
53741329,54303
53781352,54343
53821373,54383
53861402,54423
53901438,54463
53941462,54503
53981507,54543
54021543,54583
54061570,54623
54101593,54663
54141617,54703
54181638,54743
54221659,54783
54261681,54823
54301704,54863
54341729,54903
54381747,54943
54421769,54983
54461807,55023
54501859,55063
54541884,55103
54581906,55143
54621929,55183
54661952,55223
54701974,55263
54741999,55303
54782021,55343
54822042,55383
54862061,55423
54902083,55463
54942104,55503
54982154,55543
55022197,55583
55062230,55623
55102260,55663
55142284,55703
55182314,55743
55222339,55783
55262366,55823
55302394,55863
55342413,55903
55382433,55943
55422455,55983
55462495,56023
55502541,56063
55542572,56103
55582601,56143
55622622,56183
55662645,56223
55702678,56263
55742706,56303
55782731,56343
55822756,56383
55862780,56423
55902800,56463
55942829,56503
55982876,56543
56022912,56583
56062934,56623
56102955,56663
56142974,56703
56182996,56743
56223020,56783
56263043,56823
56303066,56863
56343097,56903
56383128,56943
56423154,56983
56463191,57023
56503242,57063
56543269,57103
56583289,57143
56623313,57183
56663331,57223
56703354,57263
56743378,57303
56783401,57343
56823430,57383
56863457,57423
56903489,57463
56943521,57503
56983571,57543
57023605,57583
57063637,57623
57103669,57663
57143699,57703
57183724,57743
57223752,57783
57263774,57823
57303800,57863
57343828,57903
57383859,57943
57423885,57983
57463920,58023
57503969,58063
57543999,58103
57584024,58143
57624051,58183
57664076,58223
57704099,58263
57744120,58303
57784146,58343
57824166,58383
57864196,58423
57904223,58463
57944252,58503
57984304,58543
58024348,58583
58064371,58623
58104392,58663
58144416,58703
58184435,58743
58224458,58783
58264482,58823
58304508,58863
58344540,58903
58384562,58943
58424583,58983
58464624,59023
58504673,59063
58544700,59103
58584735,59143
58624759,59183
58664780,59223
58704803,59263
58744828,59303
58784848,59343
58824869,59383
58864897,59423
58904921,59463
58944947,59503
58984995,59543
59025036,59583
59065067,59623
59105088,59663
59145110,59703
59185134,59743
59225155,59783
59265175,59823
59305198,59863
59345216,59903
59385245,59943
59425269,59983
59465307,60023
59505359,60063
59545389,60103
59585412,60143
59625442,60183
59665475,60223
59705512,60263
59745547,60303
59785576,60343
59825603,60383
59865630,60423
59905657,60463
59945688,60503
59985736,60543
60025773,60583
60065802,60623
60105829,60663
60145857,60703
60185880,60743
60225903,60783
60265927,60823
60305948,60863
60345974,60903
60385999,60943
60426019,60983
60466059,61023
60506108,61063
60546139,61103
60586167,61143
60626190,61183
60666221,61223
60706246,61263
60746272,61303
60786305,61343
60826335,61383
60866361,61423
60906387,61463
60946411,61503
60986461,61543
61026500,61583
61066523,61623
61106545,61663
61146568,61703
61186600,61743
61226625,61783
61266647,61823
61306675,61863
61346702,61903
61386731,61943
61426758,61983
61466796,62023
61506846,62063
61546878,62103
61586907,62143
61626933,62183
61666961,62223
61706984,62263
61747016,62303
61787043,62343
61827065,62383
61867091,62423
61907121,62463
61947146,62503
61987195,62543
62027229,62583
62067258,62623
62107282,62663
62147301,62703
62187330,62743
62227349,62783
62267372,62823
62307400,62863
62347430,62903
62387450,62943
62427473,62983
62467512,63023
62507559,63063
62547579,63103
62587606,63143
62627630,63183
62667657,63223
62707681,63263
62747702,63303
62787729,63343
62827758,63383
62867780,63423
62907802,63463
62947827,63503
62987878,63543
63027915,63583
63067938,63623
63107966,63663
63147986,63703
63188007,63743
63228032,63783
63268051,63823
63308073,63863
63348101,63903
63388127,63943
63428150,63983
63468189,64023
63508239,64063
63548269,64103
63588289,64143
63628309,64183
63668328,64223
63708353,64263
63748377,64303
63788400,64343
63828422,64383
63868443,64423
63908468,64463
63948494,64503
63988543,64543
64028579,64583
64068606,64623
64108630,64663
64148660,64703
64188684,64743
64228707,64783
64268728,64823
64308749,64863
64348773,64903
64388793,64943
64428817,64983
64468856,65023
64508903,65063
64548928,65103
64588958,65143
64628986,65183
64669013,65223
64709043,65263
64749063,65303
64789086,65343
64829106,65383
64869130,65423
64909154,65463
64949174,65503
64989224,65543
65029263,65583
65069289,65623
65109311,65663
65149336,65703
65189365,65743
65229393,65783
65269411,65823
65309437,65863
65349459,65903
65389485,65943
65429512,65983
65469551,66023
65509600,66063
65549627,66103
65589648,66143
65629671,66183
65669694,66223
65709721,66263
65749743,66303
65789766,66343
65829790,66383
65869814,66423
65909835,66463
65949856,66503
65989906,66543
66029945,66583
66069980,66623
66110005,66663
66150029,66703
66190051,66743
66230075,66783
66270100,66823
66310131,66863
66350163,66903
66390189,66943
66430213,66983
66470245,67023
66510298,67063
66550329,67103
66590351,67143
66630378,67183
66670404,67223
66710422,67263
66750449,67303
66790472,67343
66830496,67383
66870522,67423
66910542,67463
66950564,67503
66990614,67543
67030649,67583
67070682,67623
67110709,67663
67150735,67703
67190758,67743
67230783,67783
67270813,67823
67310836,67863
67350861,67903
67390887,67943
67430920,67983
67470955,68023
67511003,68063
67551032,68103
67591051,68143
67631080,68183
67671109,68223
67711131,68263
67751155,68303
67791176,68343
67831202,68383
67871229,68423
67911247,68463
67951273,68503
67991324,68543
68031355,68583
68071378,68623
68111399,68663
68151426,68703
68191444,68743
68231467,68783
68271488,68823
68311518,68863
68351539,68903
68391566,68943
68431592,68983
68471631,69023
68511682,69063
68551710,69103
68591741,69143
68631768,69183
68671788,69223
68711812,69263
68751834,69303
68791850,69343
68831878,69383
68871901,69423
68911924,69463
68951949,69503
68991998,69543
69032039,69583
69072065,69623
69112086,69663
69152107,69703
69192132,69743
69232155,69783
69272175,69823
69312197,69863
69352216,69903
69392242,69943
69432268,69983
69472304,70023
69512354,70063
69552384,70103
69592414,70143
69632442,70183
69672468,70223
69712491,70263
69752513,70303
69792536,70343
69832558,70383
69872585,70423
69912607,70463
69952631,70503
69992682,70543
70032716,70583
70072738,70623
70112762,70663
70152787,70703
70192816,70743
70232843,70783
70272865,70823
70312886,70863
70352908,70903
70392935,70943
70432960,70983
70473001,71023
70513049,71063
70553075,71103
70593106,71143
70633131,71183
70673155,71223
70713184,71263
70753217,71303
70793245,71343
70833272,71383
70873290,71423
70913318,71463
70953340,71503
70993387,71543
71033426,71583
71073458,71623
71113485,71663
71153514,71703
71193534,71743
71233559,71783
71273584,71823
71313607,71863
71353634,71903
71393664,71943
71433690,71983
71473728,72023
71513777,72063
71553804,72103
71593823,72143
71633843,72183
71673867,72223
71713889,72263
71753916,72303
71793942,72343
71833962,72383
71873986,72423
71914009,72463
71954029,72503
71994076,72543
72034115,72583
72074142,72623
72114167,72663
72154188,72703
72194215,72743
72234242,72783
72274269,72823
72314292,72863
72354318,72903
72394343,72943
72434368,72983
72474398,73023
72514449,73063
72554478,73103
72594509,73143
72634536,73183
72674564,73223
72714591,73263
72754614,73303
72794636,73343
72834657,73383
72874681,73423
72914706,73463
72954722,73503
72994775,73543
73034815,73583
73074848,73623
73114874,73663
73154897,73703
73194914,73743
73234935,73783
73274957,73823
73314980,73863
73355003,73903
73395023,73943
73435041,73983
73475080,74023
73515127,74063
73555156,74103
73595185,74143
73635210,74183
73675235,74223
73715257,74263
73755282,74303
73795307,74343
73835328,74383
73875354,74423
73915374,74463
73955405,74503
73995452,74543
74035492,74583
74075512,74623
74115538,74663
74155559,74703
74195582,74743
74235604,74783
74275623,74823
74315650,74863
74355676,74903
74395702,74943
74435727,74983
74475768,75023
74515820,75063
74555850,75103
74595875,75143
74635902,75183
74675920,75223
74715947,75263
74755967,75303
74795992,75343
74836017,75383
74876036,75423
74916061,75463
74956094,75503
74996143,75543
75036178,75583
75076204,75623
75116230,75663
75156254,75703
75196276,75743
75236305,75783
75276332,75823
75316359,75863
75356380,75903
75396403,75943
75436431,75983
75476470,76023
75516519,76063
75556549,76103
75596579,76143
75636610,76183
75676641,76223
75716665,76263
75756690,76303
75796715,76343
75836740,76383
75876763,76423
75916785,76463
75956812,76503
75996863,76543
76036907,76583
76076937,76623
76116960,76663
76156986,76703
76197015,76743
76237039,76783
76277064,76823
76317086,76863
76357109,76903
76397139,76943
76437167,76983
76477204,77023
76517254,77063
76557287,77103
76597311,77143
76637336,77183
76677367,77223
76717396,77263
76757419,77303
76797451,77343
76837476,77383
76877504,77423
76917535,77463
76957562,77503
76997611,77543
77037655,77583
77077686,77623
77117711,77663
77157739,77703
77197763,77743
77237786,77783
77277807,77823
77317833,77863
77357850,77903
77397875,77943
77437899,77983
77477935,78023
77517983,78063
77558019,78103
77598043,78143
77638065,78183
77678091,78223
77718114,78263
77758134,78303
77798161,78343
77838181,78383
77878205,78423
77918226,78463
77958251,78503
77998299,78543
78038342,78583
78078366,78623
78118386,78663
78158414,78703
78198440,78743
78238462,78783
78278482,78823
78318511,78863
78358541,78903
78398570,78943
78438598,78983
78478640,79023
78518693,79063
78558722,79103
78598746,79143
78638767,79183
78678792,79223
78718810,79263
78758839,79303
78798864,79343
78838890,79383
78878914,79423
78918945,79463
78958971,79503
78999018,79543
79039060,79583
79079087,79623
79119107,79663
79159136,79703
79199160,79743
79239186,79783
79279210,79823
79319234,79863
79359262,79903
79399288,79943
79439317,79983
79479358,80023
79519407,80063
79559444,80103
79599463,80143
79639484,80183
79679520,80223
79719553,80263
79759584,80303
79799608,80343
79839632,80383
79879655,80423
79919683,80463
79959706,80503
79999756,80543
80039802,80583
80079832,80623
80119855,80663
80159882,80703
80199908,80743
80239932,80783
80279956,80823
80319985,80863
80360014,80903
80400048,80943
80440077,80983
80480113,81023
80520162,81063
80560192,81103
80600218,81143
80640248,81183
80680267,81223
80720293,81263
80760315,81303
80800340,81343
80840369,81383
80880395,81423
80920422,81463
80960447,81503
81000497,81543
81040545,81583
81080577,81623
81120605,81663
81160629,81703
81200655,81743
81240682,81783
81280715,81823
81320738,81863
81360766,81903
81400793,81943
81440821,81983
81480863,82023
81520911,82063
81560944,82103
81600964,82143
81640986,82183
81681013,82223
81721033,82263
81761061,82303
81801087,82343
81841110,82383
81881133,82423
81921156,82463
81961183,82503
82001233,82543
82041275,82583
82081297,82623
82121316,82663
82161345,82703
82201371,82743
82241401,82783
82281431,82823
82321454,82863
82361476,82903
82401501,82943
82441523,82983
82481559,83023
82521612,83063
82561644,83103
82601667,83143
82641695,83183
82681719,83223
82721741,83263
82761767,83303
82801794,83343
82841812,83383
82881837,83423
82921862,83463
82961884,83503
83001933,83543
83041972,83583
83081998,83623
83122023,83663
83162047,83703
83202074,83743
83242097,83783
83282116,83823
83322131,83863
83362154,83903
83402185,83943
83442213,83983
83482256,84023
83522303,84063
83562337,84103
83602367,84143
83642397,84183
83682425,84223
83722455,84263
83762478,84303
83802507,84343
83842538,84383
83882561,84423
83922583,84463
83962610,84503
84002662,84543
84042708,84583
84082737,84623
84122766,84663
84162790,84703
84202812,84743
84242836,84783
84282863,84823
84322886,84863
84362913,84903
84402944,84943
84442973,84983
84483013,85023
84523060,85063
84563092,85103
84603110,85143
84643136,85183
84683164,85223
84723193,85263
84763221,85303
84803252,85343
84843276,85383
84883303,85423
84923331,85463
84963359,85503
85003409,85543
85043453,85583
85083486,85623
85123516,85663
85163538,85703
85203561,85743
85243582,85783
85283609,85823
85323638,85863
85363660,85903
85403692,85943
85443720,85983
85483757,86023
85523805,86063
85563831,86103
85603862,86143
85643895,86183
85683922,86223
85723947,86263
85763974,86303
85803997,86343
85844023,86383
85884048,86423
85924073,86463
85964098,86503
86004146,86543
86044191,86583
86084219,86623
86124242,86663
86164261,86703
86204282,86743
86244305,86783
86284326,86823
86324350,86863
86364375,86903
86404393,86943
86444416,86983
86484452,87023
86524499,87063
86564527,87103
86604553,87143
86644578,87183
86684602,87223
86724624,87263
86764651,87303
86804674,87343
86844694,87383
86884721,87423
86924741,87463
86964766,87503
87004814,87543
87044856,87583
87084888,87623
87124913,87663
87164938,87703
87204962,87743
87244989,87783
87285013,87823
87325040,87863
87365069,87903
87405097,87943
87445123,87983
87485162,88023
87525211,88063
87565245,88103
87605274,88143
87645296,88183
87685322,88223
87725353,88263
87765383,88303
87805405,88343
87845430,88383
87885462,88423
87925486,88463
87965507,88503
88005558,88543
88045602,88583
88085628,88623
88125657,88663
88165682,88703
88205705,88743
88245732,88783
88285755,88823
88325781,88863
88365805,88903
88405832,88943
88445857,88983
88485895,89023
88525941,89063
88565975,89103
88606010,89143
88646035,89183
88686062,89223
88726096,89263
88766125,89303
88806149,89343
88846173,89383
88886196,89423
88926214,89463
88966241,89503
89006291,89543
89046336,89583
89086365,89623
89126397,89663
89166424,89703
89206449,89743
89246472,89783
89286492,89823
89326514,89863
89366537,89903
89406559,89943
89446580,89983
89486616,90023
89526667,90063
89566696,90103
89606725,90143
89646752,90183
89686777,90223
89726801,90263
89766828,90303
89806856,90343
89846879,90383
89886899,90423
89926926,90463
89966948,90503
90006997,90543
90047046,90583
90087076,90623
90127102,90663
90167127,90703
90207148,90743
90247171,90783
90287196,90823
90327214,90863
90367238,90903
90407258,90943
90447281,90983
90487316,91023
90527365,91063
90567401,91103
90607428,91143
90647458,91183
90687492,91223
90727513,91263
90767534,91303
90807557,91343
90847578,91383
90887608,91423
90927637,91463
90967662,91503
91007711,91543
91047751,91583
91087782,91623
91127812,91663
91167841,91703
91207873,91743
91247901,91783
91287924,91823
91327951,91863
91367976,91903
91407997,91943
91448023,91983
91488069,92023
91528119,92063
91568152,92103
91608172,92143
91648205,92183
91688234,92223
91728262,92263
91768286,92303
91808305,92343
91848331,92383
91888363,92423
91928389,92463
91968419,92503
92008467,92543
92048509,92583
92088542,92623
92128569,92663
92168590,92703
92208621,92743
92248650,92783
92288679,92823
92328709,92863
92368726,92903
92408753,92943
92448780,92983
92488817,93023
92528864,93063
92568895,93103
92608922,93143
92648945,93183
92688965,93223
92728988,93263
92769008,93303
92809031,93343
92849059,93383
92889085,93423
92929108,93463
92969137,93503
93009187,93543
93049229,93583
93089257,93623
93129274,93663
93169299,93703
93209317,93743
93249341,93783
93289364,93823
93329386,93863
93369414,93903
93409442,93943
93449467,93983
93489507,94023
93529554,94063
93569587,94103
93609615,94143
93649642,94183
93689670,94223
93729701,94263
93769732,94303
93809759,94343
93849789,94383
93889814,94423
93929839,94463
93969858,94503
94009908,94543
94049953,94583
94089980,94623
94130006,94663
94170033,94703
94210052,94743
94250077,94783
94290103,94823
94330128,94863
94370155,94903
94410186,94943
94450215,94983
94490252,95023
94530303,95063
94570340,95103
94610364,95143
94650387,95183
94690412,95223
94730441,95263
94770466,95303
94810492,95343
94850516,95383
94890543,95423
94930576,95463
94970598,95503
95010648,95543
95050692,95583
95090720,95623
95130744,95663
95170769,95703
95210791,95743
95250811,95783
95290832,95823
95330859,95863
95370886,95903
95410909,95943
95450941,95983
95490977,96023
95531025,96063
95571057,96103
95611076,96143
95651102,96183
95691133,96223
95731164,96263
95771192,96303
95811221,96343
95851249,96383
95891269,96423
95931298,96463
95971320,96503
96011371,96543
96051414,96583
96091442,96623
96131475,96663
96171494,96703
96211517,96743
96251543,96783
96291563,96823
96331585,96863
96371610,96903
96411635,96943
96451656,96983
96491693,97023
96531740,97063
96571771,97103
96611800,97143
96651826,97183
96691848,97223
96731872,97263
96771906,97303
96811935,97343
96851965,97383
96891998,97423
96932026,97463
96972054,97503
97012103,97543
97052152,97583
97092178,97623
97132196,97663
97172220,97703
97212237,97743
97252259,97783
97292284,97823
97332313,97863
97372336,97903
97412366,97943
97452384,97983
97492424,98023
97532472,98063
97572509,98103
97612535,98143
97652560,98183
97692586,98223
97732615,98263
97772646,98303
97812675,98343
97852698,98383
97892722,98423
97932749,98463
97972775,98503
98012825,98543
98052872,98583
98092905,98623
98132936,98663
98172967,98703
98212993,98743
98253019,98783
98293045,98823
98333067,98863
98373095,98903
98413122,98943
98453146,98983
98493186,99023
98533234,99063
98573269,99103
98613298,99143
98653328,99183
98693363,99223
98733396,99263
98773425,99303
98813456,99343
98853481,99383
98893505,99423
98933534,99463
98973564,99503
99013612,99543
99053656,99583
99093683,99623
99133715,99663
99173740,99703
99213767,99743
99253788,99783
99293807,99823
99333831,99863
99373855,99903
99413876,99943
99453896,99983
99493936,100023
99533985,100063
99574015,100103
99614039,100143
99654062,100183
99694087,100223
99734112,100263
99774146,100303
99814174,100343
99854200,100383
99894220,100423
99934249,100463
99974281,100503
100014329,100543
100054372,100583
100094401,100623
100134431,100663
100174462,100703
100214494,100743
100254518,100783
100294546,100823
100334571,100863
100374597,100903
100414623,100943
100454649,100983
100494688,101023
100534737,101063
100574772,101103
100614802,101143
100654830,101183
100694858,101223
100734885,101263
100774909,101303
100814933,101343
100854959,101383
100894981,101423
100935007,101463
100975029,101503
101015078,101543
101055120,101583
101095146,101623
101135171,101663
101175203,101703
101215229,101743
101255254,101783
101295284,101823
101335316,101863
101375347,101903
101415379,101943
101455411,101983
101495451,102023
101535498,102063
101575534,102103
101615557,102143
101655587,102183
101695615,102223
101735645,102263
101775670,102303
101815691,102343
101855710,102383
101895736,102423
101935755,102463
101975778,102503
102015828,102543
102055869,102583
102095892,102623
102135912,102663
102175938,102703
102215961,102743
102255990,102783
102296019,102823
102336049,102863
102376067,102903
102416090,102943
102456116,102983
102496152,103023
102536199,103063
102576230,103103
102616252,103143
102656275,103183
102696303,103223
102736328,103263
102776351,103303
102816379,103343
102856408,103383
102896437,103423
102936461,103463
102976488,103503
103016538,103543
103056584,103583
103096618,103623
103136638,103663
103176661,103703
103216680,103743
103256702,103783
103296724,103823
103336747,103863
103376771,103903
103416795,103943
103456824,103983
103496865,104023
103536915,104063
103576949,104103
103616977,104143
103657011,104183
103697035,104223
103737057,104263
103777083,104303
103817112,104343
103857138,104383
103897170,104423
103937195,104463
103977221,104503
104017268,104543
104057308,104583
104097337,104623
104137368,104663
104177393,104703
104217422,104743
104257457,104783
104297481,104823
104337506,104863
104377528,104903
104417555,104943
104457588,104983
104497629,105023
104537681,105063
104577720,105103
104617748,105143
104657771,105183
104697795,105223
104737816,105263
104777838,105303
104817869,105343
104857896,105383
104897928,105423
104937955,105463
104977977,105503
105018027,105543
105058072,105583
105098103,105623
105138131,105663
105178154,105703
105218179,105743
105258203,105783
105298229,105823
105338248,105863
105378272,105903
105418297,105943
105458324,105983
105498365,106023
105538414,106063
105578449,106103
105618482,106143
105658514,106183
105698545,106223
105738576,106263
105778606,106303
105818634,106343
105858661,106383
105898689,106423
105938715,106463
105978742,106503
106018793,106543
106058837,106583
106098862,106623
106138892,106663
106178923,106703
106218956,106743
106258990,106783
106299016,106823
106339039,106863
106379063,106903
106419085,106943
106459106,106983
106499140,107023
106539188,107063
106579215,107103
106619235,107143
106659256,107183
106699287,107223
106739312,107263
106779337,107303
106819360,107343
106859384,107383
106899412,107423
106939433,107463
106979455,107503
107019506,107543
107059550,107583
107099579,107623
107139600,107663
107179623,107703
107219644,107743
107259668,107783
107299694,107823
107339723,107863
107379751,107903
107419776,107943
107459801,107983
107499839,108023
107539887,108063
107579923,108103
107619947,108143
107659971,108183
107700003,108223
107740035,108263
107780069,108303
107820102,108343
107860134,108383
107900161,108423
107940182,108463
107980211,108503
108020260,108543
108060301,108583
108100331,108623
108140357,108663
108180387,108703
108220414,108743
108260437,108783
108300458,108823
108340484,108863
108380513,108903
108420542,108943
108460562,108983
108500597,109023
108540649,109063
108580679,109103
108620700,109143
108660725,109183
108700753,109223
108740774,109263
108780801,109303
108820823,109343
108860847,109383
108900865,109423
108940886,109463
108980911,109503
109020959,109543
109061003,109583
109101033,109623
109141061,109663
109181087,109703
109221112,109743
109261139,109783
109301170,109823
109341202,109863
109381235,109903
109421258,109943
109461278,109983
109501316,110023
109541366,110063
109581399,110103
109621428,110143
109661457,110183
109701485,110223
109741502,110263
109781524,110303
109821543,110343
109861563,110383
109901587,110423
109941610,110463
109981636,110503
110021686,110543
110061728,110583
110101759,110623
110141787,110663
110181814,110703
110221845,110743
110261872,110783
110301903,110823
110341931,110863
110381957,110903
110421985,110943
110462014,110983
110502054,111023
110542102,111063
110582137,111103
110622167,111143
110662198,111183
110702225,111223
110742252,111263
110782285,111303
110822308,111343
110862327,111383
110902347,111423
110942378,111463
110982411,111503
111022459,111543
111062504,111583
111102531,111623
111142553,111663
111182576,111703
111222599,111743
111262619,111783
111302642,111823
111342670,111863
111382691,111903
111422719,111943
111462750,111983
111502794,112023
111542841,112063
111582877,112103
111622900,112143
111662928,112183
111702948,112223
111742974,112263
111783002,112303
111823026,112343
111863048,112383
111903075,112423
111943108,112463
111983132,112503
112023179,112543
112063220,112583
112103245,112623
112143278,112663
112183299,112703
112223326,112743
112263344,112783
112303366,112823
112343389,112863
112383416,112903
112423451,112943
112463484,112983
112503527,113023
112543577,113063
112583613,113103
112623649,113143
112663675,113183
112703704,113223
112743733,113263
112783754,113303
112823772,113343
112863793,113383
112903818,113423
112943843,113463
112983865,113503
113023916,113543
113063957,113583
113103984,113623
113144014,113663
113184047,113703
113224080,113743
113264113,113783
113304137,113823
113344156,113863
113384180,113903
113424201,113943
113464222,113983
113504259,114023
113544307,114063
113584340,114103
113624360,114143
113664387,114183
113704420,114223
113744455,114263
113784476,114303
113824497,114343
113864523,114383
113904537,114423
113944563,114463
113984582,114503
114024632,114543
114064675,114583
114104704,114623
114144732,114663
114184757,114703
114224785,114743
114264814,114783
114304843,114823
114344874,114863
114384902,114903
114424929,114943
114464961,114983
114505001,115023
114545049,115063
114585085,115103
114625114,115143
114665138,115183
114705166,115223
114745197,115263
114785225,115303
114825247,115343
114865265,115383
114905292,115423
114945314,115463
114985339,115503
115025389,115543
115065439,115583
115105473,115623
115145496,115663
115185519,115703
115225546,115743
115265566,115783
115305586,115823
115345615,115863
115385635,115903
115425654,115943
115465681,115983
115505717,116023
115545764,116063
115585798,116103
115625819,116143
115665835,116183
115705855,116223
115745878,116263
115785900,116303
115825931,116343
115865963,116383
115905992,116423
115946018,116463
115986044,116503
116026093,116543
116066135,116583
116106159,116623
116146190,116663
116186223,116703
116226250,116743
116266275,116783
116306297,116823
116346321,116863
116386349,116903
116426376,116943
116466400,116983
116506433,117023
116546482,117063
116586517,117103
116626539,117143
116666563,117183
116706586,117223
116746610,117263
116786637,117303
116826668,117343
116866692,117383
116906715,117423
116946743,117463
116986772,117503
117026822,117543
117066863,117583
117106886,117623
117146917,117663
117186941,117703
117226968,117743
117267000,117783
117307022,117823
117347044,117863
117387069,117903
117427093,117943
117467124,117983
117507163,118023
117547212,118063
117587249,118103
117627276,118143
117667302,118183
117707326,118223
117747346,118263
117787365,118303
117827392,118343
117867410,118383
117907435,118423
117947451,118463
117987476,118503
118027524,118543
118067565,118583
118107589,118623
118147608,118663
118187635,118703
118227666,118743
118267688,118783
118307709,118823
118347728,118863
118387754,118903
118427772,118943
118467793,118983
118507829,119023
118547876,119063
118587906,119103
118627926,119143
118667943,119183
118707970,119223
118748000,119263
118788025,119303
118828045,119343
118868067,119383
118908087,119423
118948110,119463
118988129,119503
119028178,119543
119068224,119583
119108249,119623
119148273,119663
119188294,119703
119228319,119743
119268345,119783
119308372,119823
119348401,119863
119388435,119903
119428458,119943
119468482,119983
119508519,120023
119548568,120063
119588600,120103
119628631,120143
119668660,120183
119708683,120223
119748711,120263
119788736,120303
119828754,120343
119868779,120383
119908803,120423
119948832,120463
119988863,120503
120028913,120543
120068955,120583
120108992,120623
120149022,120663
120189053,120703
120229084,120743
120269110,120783
120309142,120823
120349174,120863
120389210,120903
120429242,120943
120469273,120983
120509315,121023
120549365,121063
120589395,121103
120629420,121143
120669450,121183
120709478,121223
120749495,121263
120789509,121303
120829524,121343
120869537,121383
120909553,121423
120949568,121463
120989580,121503
121029635,121543
121069689,121583
121109747,121623
121149801,121663
TS,3
31644,8285989
71705,8288025
111768,8290061
151829,8292097
191891,8294133
231953,8296169
272016,8298205
312077,8300241
352139,8302277
392201,8304313
432264,8306349
471321,8632907
511375,9280968
551423,9910830
591472,10538950
631524,11166689
671576,11796353
711627,12430522
751677,13058331
791728,13686000
831782,14315201
871836,14949380
905869,15498187
945899,16062575
982929,16728249
1022959,17410363
1062984,18081896
1103009,18745096
1143035,19364955
1183057,19927431
1223082,20565394
1263101,21196048
1303125,21778372
1343151,22353350
1383175,22972434
1423217,23577757
1463264,24211667
1503289,24843487
1543317,25318375
1583342,25979410
1623373,26673895
1663408,27346385
1703438,28008530
1743463,28553604
1783485,29130440
1823504,29724964
1863532,30353884
1903564,30889372
1943615,31517786
1983657,32111187
2023688,32800605
2063717,33463006
2103742,34101750
2143771,34689345
2183796,35266709
2223827,35948929
2263864,36625833
2303894,37293194
2343927,37941378
2383955,38587364
2423996,39207185
2464043,39839686
2504066,40428161
2544090,41012414
2584112,41525306
2624135,42140505
2664156,42669114
2704177,43294317
2744197,43967302
2784224,44419813
2824248,45086970
2864275,45750446
2904301,46331005
2944352,46958685
2984393,47651869
3024422,48284695
3064445,48851863
3104467,49491153
3144492,50121496
3184513,50714435
3224539,51298589
3264571,51902689
3304594,52445655
3344618,53065087
3384643,53646052
3424688,54257841
3464733,54895391
3504756,55462626
3544789,56139946
3584821,56805391
3624853,57464538
3664875,58097499
3704897,58672452
3744914,59298436
3784939,59943297
3824969,60588910
3865004,61252879
3905034,61888325
3945081,62520280
3985123,63191498
4025151,63824435
4065176,64421226
4105198,64991269
4145221,65669981
4185250,66345681
4225277,67035703
4265311,67780212
4305336,68441912
4345357,69089494
4385389,69731857
4425433,70338988
4465484,70971178
4505511,71581102
4545535,72125314
4585559,72738867
4625581,73346968
4665603,73830058
4705629,74391516
4745650,75062668
4785677,75681452
4825700,76250151
4865729,76809835
4905762,77474441
4945810,78110442
4985850,78699446
5025876,79342704
5065901,79971419
5105921,80533146
5145942,81148290
5185970,81774800
5225994,82395018
5266016,82907604
5306039,83494348
5346068,84043928
5386093,84711981
5426136,85336222
5466185,85964389
5506217,86636510
5546250,87280681
5586270,87842265
5626296,88482880
5666320,89112871
5706339,89663315
5746364,90274499
5786383,90799073
5826403,91425302
5866429,91955516
5906457,92541008
5946508,93170783
5986551,93830752
6026574,94283766
6066604,94965516
6106639,95646497
6146665,96315379
6186684,96971667
6226708,97597417
6266729,98149167
6306751,98792917
6346771,99427541
6386796,99988064
6426839,100660992
6466886,101289740
6506916,101927765
6546943,102560814
6586974,103190645
6627006,103685577
6667037,104362683
6707070,105044314
6747107,105806320
6787132,106480602
6827156,107117702
6867183,107777760
6907209,108361928
6947259,108992486
6987296,109681469
7027323,110330859
7067349,110970053
7107379,111676234
7147411,112331424
7187440,112918166
7227462,113476927
7267490,114157347
7307518,114833977
7347547,115507843
7387579,116233272
7427621,116888276
7467670,117527382
7507698,118190024
7547724,118832037
7587747,119361101
7627774,119998737
7667803,120633423
7707840,121303193
7747866,121978856
7787888,122578291
7827912,123050860
7867948,123799515
7907978,124405225
7948024,125033572
7988065,125733605
8028095,126397152
8068123,127061952
8108149,127722946
8148174,128364659
8188202,128896426
8228225,129522055
8268252,130148055
8308274,130742718
8348296,131295264
8388320,131966369
8428366,132576833
8468417,133206805
8508444,133663309
8548466,134322185
8588493,134977750
8628523,135534803
8668552,136174353
8708574,136778928
8748598,137465795
8788630,138144552
8828661,138787691
8868692,139432906
8908726,140094166
8948773,140733860
8988809,141401496
9028839,142042578
9068864,142618028
9108886,143163255
9148908,143839178
9188937,144524734
9228969,145189430
9268997,145743554
9309025,146382991
9349048,146926976
9389072,147567201
9429116,148176150
9469166,148810451
9509192,149451177
9549220,150085661
9589252,150793531
9629276,151422959
9669298,151969864
9709325,152571434
9749353,153141299
9789381,153804129
9829405,154473669
9869429,155141462
9909464,155823130
9949515,156451962
9989553,157046036
10029580,157692981
10069603,158345428
10109636,159081339
10149658,159704828
10189678,160307322
10229701,160898288
10269722,161501039
10309750,162103234
10349779,162744807
10389811,163441921
10429855,164070397
10469904,164697909
10509938,165365915
10549969,166014714
10589997,166682442
10630021,167335150
10670052,167988540
10710079,168638695
10750103,169277681
10790125,169899365
10830146,170520882
10870172,171169489
10910201,171659137
10950251,172292010
10990287,172884852
11030309,173539076
11070333,174106457
11110356,174763875
11150377,175379700
11190398,175972345
11230417,176619258
11270442,177253566
11310466,177793902
11350488,178425987
11390512,179049763
11430555,179654706
11470606,180294270
11510629,180915691
11550657,181532567
11590683,182037388
11630707,182685201
11670729,183277780
11710752,183918863
11750777,184558552
11790809,185107257
11830835,185649826
11870859,186270556
11910895,186835473
11950942,187462389
11990983,188136981
12031014,188796557
12071039,189435302
12111063,190056530
12151088,190654933
12191115,191252261
12231140,191791166
12271168,192375876
12311200,193126964
12351236,193810316
12391264,194378324
12431309,194993048
12471358,195628092
12511385,196273477
12551418,196930648
12591448,197660072
12631473,198321994
12671502,198879054
12711518,199485633
12751544,200108411
12791563,200717089
12831588,201218285
12871619,201893237
12911657,202578529
12951707,203208766
12991743,203815937
13031767,204476542
13071794,205129048
13111820,205788483
13151844,206448910
13191875,207103283
13231905,207750634
13271935,208384290
13311962,209006105
13351983,209509018
13392013,210135134
13432059,210745301
13472107,211377190
13512139,211933709
13552164,212554394
13592191,213285052
13632215,213897102
13672238,214430399
13712260,215039331
13752277,215610757
13792301,216250699
13832321,216780603
13872344,217409004
13912373,218012021
13952423,218641359
13992461,219267192
14032486,219794155
14072505,220411224
14112528,220989952
14152554,221525751
14192580,222091685
14232603,222730569
14272624,223261431
14312645,223827870
14352671,224478687
14392699,225114829
14432740,225736114
14472791,226367783
14512812,226998930
14552835,227550906
14592861,228174959
14632884,228706915
14672908,229329069
14712936,229948882
14752956,230625099
14792978,231079588
14833003,231750200
14873034,232410332
14913071,232988531
14953124,233615782
14993163,234312639
15033193,234977606
15073224,235636864
15113246,236282322
15153267,236908948
15193295,237542116
15233322,238100636
15273353,238719177
15313375,239337676
15353403,239963293
15393429,240464515
15433471,241084325
15473523,241720227
15513550,242397268
15553570,243062210
15593592,243727332
15633616,244390290
15673646,245048200
15713677,245687375
15753702,246231905
15793727,246869748
15833756,247505684
15873782,248136437
15913814,248780168
15953862,249413873
15993897,249995560
16033928,250593463
16073955,251101522
16113979,251667926
16154005,252333532
16194028,252991832
16234060,253656775
16274090,254208601
16314118,254852451
16354144,255489878
16394175,256044859
16434221,256737811
16474270,257372123
16514297,258005090
16554328,258637834
16594358,259277556
16634379,259791936
16674405,260360440
16714434,260922719
16754465,261605096
16794489,262275741
16834513,262938138
16874535,263595191
16914563,264272809
16954612,264900626
16994650,265487273
17034677,266102149
17074702,266651978
17114735,267295753
17154764,267939126
17194786,268564585
17234804,269186184
17274828,269736131
17314856,270298361
17354888,270939704
17394921,271548671
17434965,272247452
17475017,272872004
17515039,273439128
17555069,274096884
17595100,274753059
17635132,275413250
17675159,276094609
17715181,276695632
17755202,277305852
17795225,277906237
17835243,278457877
17875271,279074309
17915302,279688638
17955351,280326104
17995390,280918124
18035414,281501359
18075437,282172025
18115461,282833344
18155483,283487503
18195504,284130585
18235525,284682857
18275547,285324374
18315566,285839595
18355591,286363211
18395616,286970432
18435658,287583976
18475705,288216423
18515734,288853359
18555761,289480112
18595785,290131358
18635802,290619005
18675836,291298852
18715867,291969425
18755895,292609450
18795917,293176041
18835942,293816306
18875969,294464178
18915997,295028806
18956046,295660843
18996081,296346758
19036099,296974415
19076121,297596380
19116146,298134467
19156166,298757040
19196187,299366427
19236213,299873568
19276243,300438431
19316273,301111418
19356296,301778325
19396322,302438477
19436364,303052156
19476412,303684066
19516437,304349226
19556470,305063913
19596498,305752215
19636526,306403101
19676555,307042672
19716588,307681590
19756617,308315236
19796635,308924717
19836659,309424063
19876690,310097402
19916726,310676214
19956776,311305190
19996818,312007452
20036850,312679227
20076884,313336434
20116910,313999888
20156940,314655634
20196970,315308000
20237002,316041426
20277035,316690170
20317066,317321263
20357091,317925471
20397114,318463812
20437157,319120781
20477208,319759166
20517235,320209640
20557252,320885938
20597275,321558761
20637308,322224855
20677336,322892037
20717365,323589052
20757398,324279407
20797426,324843305
20837456,325470299
20877481,326085781
20917516,326664116
20957566,327295465
20997605,327977938
21037627,328608575
21077656,329273520
21117682,329729263
21157712,330410373
21197740,331087470
21237772,331762089
21277800,332476008
21317829,333193231
21357861,333852552
21397894,334505881
21437941,335137616
21477990,335765685
21518024,336483827
21558057,337126155
21598088,337763983
21638111,338381589
21678140,338968178
21718166,339532329
21758199,340206238
21798223,340849000
21838247,341441743
21878269,342079486
21918298,342751395
21958347,343386847
21998388,344008661
22038419,344729544
22078450,345364549
22118471,345910022
22158494,346519272
22198518,347045199
22238543,347675893
22278570,348350972
22318596,348806333
22358624,349472114
22398649,350092143
22438688,350742013
22478738,351368742
22518768,351926529
22558795,352578058
22598820,353159868
22638844,353758595
22678870,354385300
22718894,354932719
22758917,355567001
22798941,356192126
22838969,356790756
22878989,357345219
22919019,358029100
22959068,358659406
22999106,359142548
23039136,359714146
23079169,360488770
23119203,361171058
23159233,361839827
23199254,362479420
23239277,363027693
23279301,363672205
23319327,364314560
23359352,364949062
23399374,365476246
23439419,366166235
23479468,366796913
23519489,367386322
23559513,367964096
23599535,368532430
23639561,369042280
23679585,369651939
23719605,370321591
23759628,370960502
23799652,371522749
23839675,372182250
23879704,372836490
23919739,373505393
23959789,374130326
23999827,374818416
24039854,375465943
24079884,376108961
24119911,376746836
24159935,377463578
24199960,378056261
24239990,378612812
24280021,379296167
24320051,379974689
24360079,380645457
24400102,381309862
24440148,382003775
24480197,382636890
24520224,383298773
24560248,383854263
24600271,384479958
24640297,385083907
24680321,385615734
24720344,386144502
24760370,386767572
24800396,387384118
24840423,387885954
24880458,388566774
24920488,389258820
24960537,389889873
25000578,390582536
25040601,391149803
25080631,391817156
25120664,392568408
25160692,393236467
25200714,393884745
25240741,394506166
25280761,395035665
25320786,395554730
25360809,396168339
25400831,396672680
25440873,397278126
25480923,397911661
25520949,398504115
25560982,399077939
25601009,399793146
25641036,400512739
25681065,401182445
25721094,401846749
25761126,402514387
25801149,403169081
25841175,403813814
25881201,404444455
25921234,405103279
25961283,405742137
26001323,406331635
26041350,407044488
26081380,407685128
26121406,408191546
26161436,408870163
26201465,409550729
26241498,410224101
26281529,410881219
26321552,411511886
26361573,412069949
26401596,412700849
26441636,413309649
26481684,413941610
26521711,414583006
26561733,415198887
26601757,415794516
26641779,416364665
26681803,416979236
26721826,417560865
26761853,418135301
26801886,418798386
26841916,419375431
26881938,420020803
26921969,420682405
26962021,421312536
27002054,421922179
27042075,422558112
27082101,423099671
27122126,423736245
27162148,424271630
27202171,424886070
27242192,425512575
27282215,426131175
27322243,426797838
27362272,427265970
27402302,427946258
27442347,428569235
27482397,429196540
27522422,429864768
27562448,430498624
27602470,431061263
27642494,431615818
27682512,432253023
27722535,432889546
27762557,433529048
27802585,434169986
27842606,434778652
27882633,435411844
27922668,435981627
27962718,436613639
28002762,437283694
28042790,437774505
28082825,438453031
28122849,439127089
28162872,439770117
28202894,440329473
28242927,440972298
28282948,441521118
28322969,442169651
28362996,442821149
28403027,443505474
28443070,444173706
28483120,444815093
28523153,445456537
28563180,446091909
28603204,446712026
28643229,447302406
28683263,447875347
28723292,448557053
28763313,449195602
28803341,449754777
28843369,450399111
28883388,451051176
28923420,451702797
28963468,452332048
29003508,452944068
29043537,453581355
29083569,454226529
29123594,454858239
29163617,455496077
29203645,456209149
29243669,456723577
29283696,457386027
29323724,458065128
29363750,458740361
29403776,459412845
29443821,460078401
29483872,460708171
29523903,461418197
29563938,462078360
29603968,462733145
29643996,463401296
29684025,464120842
29724052,464760229
29764081,465394909
29804111,466075441
29844136,466595631
29884165,467310559
29924202,467988458
29964249,468618736
30004285,469247638
30044314,469919271
30084344,470573520
30124369,471229246
30164389,471876042
30204407,472519076
30244428,473157018
30284448,473787885
30324465,474414689
30364484,474928302
30404510,475595396
30444552,476103105
30484602,476729724
30524626,477286582
30564654,477964170
30604683,478642441
30644713,479310569
30684741,479978139
30724769,480722208
30764800,481394473
30804834,482044536
30844870,482691642
30884901,483334535
30924931,483982021
30964977,484620099
31005018,485287703
31045046,485917050
31085069,486407582
31125097,486972941
31165124,487647782
31205144,488316553
31245165,488880882
31285184,489501820
31325209,490048572
31365232,490687805
31405255,491314611
31445297,491922161
31485346,492549140
31525372,493074050
31565401,493706187
31605428,494335673
31645455,494950805
31685479,495577861
31725500,496077622
31765522,496699981
31805542,497313847
31845568,497970946
31885590,498630497
31925621,499204206
31965671,499837057
32005707,500530510
32045734,501169174
32085755,501721124
32125785,502421346
32165806,503002524
32205830,503626919
32245854,504251680
32285880,504849735
32325906,505407632
32365933,505900953
32405964,506572495
32446005,507191912
32486055,507823522
32526088,508500201
32566120,509256631
32606150,509830088
32646174,510470197
32686205,511094911
32726227,511648973
32766252,512289785
32806277,512919219
32846307,513555809
32886338,514269889
32926367,514832402
32966416,515465224
33006454,516103027
33046476,516663292
33086501,517339714
33126528,518011979
33166559,518665288
33206582,519334170
33246604,519965704
33286624,520534124
33326650,521156529
33366677,521747412
33406711,522434712
33446754,523044537
33486802,523683251
33526828,524309760
33566850,524917055
33606871,525504391
33646898,526053785
33686922,526622081
33726945,527277490
33766972,527931092
33806997,528595037
33847021,529207192
33887040,529816467
33927068,530482757
33967117,531110992
34007158,531774168
34047189,532335455
34087214,532954374
34127237,533532618
34167266,534133970
34207298,534833165
34247325,535334630
34287357,536010948
34327382,536687884
34367410,537361592
34407434,538033449
34447479,538741888
34487531,539372488
34527556,540040342
34567580,540700241
34607606,541354971
34647639,542094614
34687672,542739840
34727703,543372635
34767729,543988849
34807753,544564340
34847780,545098829
34887803,545730886
34927829,546385059
34967877,547023500
35007916,547727484
35047942,548398123
35087976,549063106
35128008,549717849
35168038,550342199
35208058,550892265
35248083,551526333
35288102,552137947
35328123,552673865
35368152,553303740
35408176,553925129
35448215,554577298
35488268,555205121
35528297,555748613
35568323,556437295
35608356,557121758
35648388,557796521
35688421,558464085
35728444,559104309
35768470,559646056
35808491,560286138
35848511,560923218
35888538,561562357
35928571,562220900
35968622,562851455
36008657,563427847
36048680,564044776
36088705,564577181
36128730,565156851
36168763,565830255
36208790,566507689
36248807,567138872
36288831,567808360
36328860,568438913
36368890,569044342
36408919,569682572
36448956,570299442
36489005,570932315
36529032,571553730
36569059,572163108
36609082,572717756
36649111,573344251
36689139,574058589
36729162,574569052
36769188,575233430
36809209,575912490
36849229,576565897
36889254,577129812
36929289,577798396
36969338,578421528
37009374,579020298
37049406,579675737
37089435,580328537
37129467,581059518
37169490,581604623
37209514,582205650
37249537,582736350
37289562,583337813
37329591,583928769
37369618,584384066
37409643,585068467
37449687,585778194
37489736,586411929
37529766,587081597
37569795,587743423
37609826,588413164
37649850,589068086
37689870,589706088
37729890,590240777
37769911,590863028
37809932,591390027
37849951,592012946
37889978,592629942
37930006,593177039
37970053,593805168
38010092,594434043
38050120,594991491
38090140,595657941
38130160,596293019
38170180,596888019
38210208,597524732
38250226,598075744
38290246,598697807
38330271,599245700
38370291,599775806
38410315,600402258
38450357,600996487
38490406,601630656
38530435,602270491
38570460,602902121
38610491,603513382
38650513,604096000
38690541,604552256
38730559,605212751
38770581,605763652
38810603,606414570
38850622,607049688
38890640,607615295
38930672,608276822
38970720,608912020
39010762,609510685
39050794,610215644
39090823,610902668
39130853,611490303
39170884,612171831
39210910,612805673
39250941,613485509
39290966,613936900
39330996,614596877
39371016,615156334
39411041,615814622
39451080,616427034
39491132,617060057
39531155,617722990
39571181,618268435
39611196,618915200
39651212,619556588
39691235,620184190
39731260,620711500
39771282,621345085
39811313,621972479
39851340,622596777
39891373,623186629
39931404,623766331
39971456,624399113
40011497,625091991
40051522,625770363
40091546,626345860
40131568,627006427
40171588,627657013
40211606,628196168
40251627,628834303
40291649,629478274
40331680,630123022
40371709,630765998
40411734,631389472
40451777,631997875
40491824,632631141
40531845,633242510
40571875,633828938
40611904,634374312
40651932,635048835
40691956,635721212
40731982,636313962
40772007,636936297
40812026,637475691
40852056,638110202
40892085,638728527
40932117,639308561
40972165,639940054
41012204,640616003
41052233,641270581
41092260,641909609
41132278,642531563
41172299,643061180
41212323,643529656
41252352,644176948
41292372,644737722
41332398,645329367
41372427,645939752
41412450,646605807
41452495,647218612
41492547,647855971
41532580,648494948
41572602,649036186
41612621,649669254
41652642,650288435
41692661,650824435
41732682,651441165
41772704,652021184
41812732,652575735
41852763,653110286
41892790,653739793
41932817,654414554
41972863,655043816
42012897,655650641
42052917,656311061
42092937,656858103
42132964,657497728
42172983,658062240
42213004,658686027
42253025,659211924
42293050,659845389
42333081,660477327
42373117,661088163
42413138,661613852
42453182,662297999
42493231,662928969
42533255,663527512
42573281,663983641
42613303,664649647
42653332,665295224
42693349,665864179
42733371,666510218
42773396,667145226
42813414,667698155
42853438,668229999
42893457,668865258
42933488,669506322
42973539,670141727
43013578,670728220
43053600,671267757
43093629,671969248
43133656,672611369
43173683,673206996
43213706,673772278
43253737,674454672
43293771,675130196
43333802,675799759
43373825,676520646
43413852,677210754
43453895,677828152
43493945,678459675
43533967,679084199
43573987,679634416
43614010,680261456
43654041,680895352
43694069,681506058
43734092,682021580
43774118,682607251
43814145,683170106
43854176,683851351
43894206,684529164
43934242,685216300
43974290,685849861
44014325,686444885
44054348,687087769
44094367,687623912
44134392,688249490
44174419,688795188
44214445,689411981
44254470,689925532
44294490,690443955
44334514,691037379
44374537,691583191
44414558,692159907
44454600,692773548
44494648,693403941
44534673,693976051
44574696,694650817
44614717,695299537
44654742,695851402
44694770,696510487
44734801,697165129
44774832,697800880
44814852,698332584
44854877,698957408
44894898,699482218
44934929,700078686
44974981,700706086
45015021,701325143
45055046,701956749
45095078,702638471
45135106,703087243
45175138,703767337
45215160,704443725
45255186,705112908
45295209,705778796
45335235,706503834
45375260,707180697
45415287,707836130
45455328,708452040
45495379,709083206
45535408,709729514
45575439,710368079
45615464,710983214
45655484,711590445
45695508,712169541
45735535,712624685
45775566,713307643
45815594,714060245
45855620,714747813
45895644,715313587
45935674,715969704
45975724,716594436
46015762,717191703
46055786,717849720
46095814,718598388
46135843,719247636
46175871,719891093
46215896,720552917
46255924,721253533
46295950,721842279
46335971,722376785
46375997,723070861
46416018,723641103
46456061,724341754
46496110,724976538
46536139,725648728
46576175,726314591
46616203,726970102
46656229,727624314
46696254,728275912
46736277,728908813
46776297,729534532
46816320,730134152
46856345,730677839
46896376,731251843
46936412,731823671
46976460,732454078
47016500,733051623
47056529,733728771
47096561,734396105
47136593,735026983
47176613,735595108
47216632,736241494
47256657,736803210
47296689,737420269
47336716,738049797
47376744,738672373
47416771,739210353
47456815,739810417
47496866,740436672
47536894,741061760
47576924,741685127
47616948,742273131
47656983,742915191
47697005,743587289
47737024,744197629
47777047,744855965
47817067,745475349
47857087,746040407
47897107,746679879
47937139,747314584
47977188,747949550
48017228,748566984
48057257,749206894
48097283,749840311
48137308,750469483
48177339,751142673
48217366,751693319
48257395,752369134
48297428,753050934
48337454,753714771
48377474,754263213
48417503,754903652
48457547,755512398
48497598,756139045
48537626,756791246
48577655,757444770
48617684,758096164
48657712,758736524
48697732,759363890
48737755,759978893
48777780,760500781
48817802,761084071
48857831,761655150
48897862,762421186
48937892,763017412
48977945,763650188
49017982,764330271
49058010,764972881
49098043,765555712
49138069,766157446
49178091,766726132
49218112,767341086
49258131,767885775
49298155,768510923
49338176,769035716
49378201,769643100
49418222,770162955
49458264,770825519
49498310,771455171
49538338,772001570
49578363,772564184
49618387,773244658
49658421,774002424
49698450,774687641
49738476,775346691
49778505,775913980
49818531,776530675
49858563,777177012
49898594,777866181
49938623,778468570
49978671,779099016
50018710,779771295
50058731,780407912
50098755,781058563
50138779,781538490
50178806,782203183
50218823,782764349
50258847,783422443
50298870,784015743
50338901,784624389
50378925,785252853
50418941,785808088
50458986,786476857
50499035,787111221
50539063,787797185
50579091,788443524
50619117,789084964
50659142,789791526
50699170,790440732
50739199,790940074
50779227,791600113
50819254,792287009
50859276,792943103
50899296,793499560
50939325,794070763
50979373,794705411
51019413,795394656
51059444,796048760
51099470,796705675
51139495,797349383
51179517,797977223
51219543,798610780
51259572,799240610
51299603,799872358
51339632,800468588
51379655,801040892
51419676,801707612
51459718,802383712
51499771,803011370
51539797,803646737
51579828,804247957
51619851,804866159
51659873,805419068
51699893,805980888
51739914,806594289
51779943,807235207
51819970,807850049
51859993,808466030
51900018,809088570
51940045,809686025
51980093,810318299
52020129,810814551
52060155,811469016
52100180,812133238
52140202,812710940
52180230,813363995
52220259,814019999
52260291,814677018
52300316,815323114
52340343,815939138
52380363,816489503
52420385,817117613
52460423,817741514
52500472,818373741
52540503,819059316
52580526,819667915
52620550,820176487
52660579,820852751
52700606,821533955
52740631,822191135
52780649,822842226
52820673,823418299
52860698,824062756
52900730,824699840
52940756,825351176
52980806,825978323
53020843,826645464
53060863,827178665
53100884,827699199
53140909,828313134
53180934,828828160
53220957,829411239
53260986,829979131
53301013,830744356
53341034,831325843
53381061,831958328
53421087,832520550
53461126,833204881
53501174,833839861
53541203,834490893
53581227,835036421
53621256,835680015
53661289,836408043
53701313,837020548
53741330,837565902
53781353,838163325
53821374,838761062
53861403,839227809
53901439,839997426
53941463,840665806
53981508,841295620
54021543,841901229
54061571,842526616
54101593,843094128
54141617,843727569
54181638,844269014
54221660,844904873
54261682,845476344
54301705,846050874
54341730,846576635
54381748,847185611
54421769,847699450
54461808,848322682
54501860,848950249
54541885,849508643
54581906,850069447
54621929,850740295
54661953,851383360
54701975,851938416
54742000,852589057
54782022,853130443
54822042,853769996
54862062,854400280
54902084,855014964
54942104,855555366
54982155,856184342
55022198,856861646
55062231,857503497
55102260,858131323
55142285,858630153
55182314,859297887
55222340,859857596
55262367,860518641
55302395,861165170
55342414,861713541
55382434,862333119
55422456,862895767
55462495,863573419
55502542,864207273
55542573,864865259
55582601,865500349
55622623,866133592
55662646,866765678
55702678,867391386
55742706,867987540
55782732,868551437
55822757,869212880
55862781,869867417
55902801,870428574
55942829,871053271
55982877,871686081
56022913,872296658
56062935,872832534
56102956,873476855
56142975,874096016
56182997,874640844
56223021,875272409
56263044,875901989
56303067,876524094
56343097,877099448
56383128,877655440
56423155,878327482
56463191,878928349
56503243,879561813
56543270,880200450
56583290,880769562
56623314,881416756
56663332,882054459
56703355,882646105
56743379,883242978
56783402,883889722
56823431,884531591
56863458,885259026
56903489,885895624
56943522,886479911
56983572,887112848
57023605,887702084
57063638,888365371
57103670,889059928
57143700,889726390
57183725,890393854
57223753,891003020
57263775,891572960
57303800,892225469
57343828,892869160
57383860,893515086
57423886,894153131
57463921,894802086
57503970,895430657
57544000,896083346
57584024,896598618
57624051,897151652
57664077,897760637
57704100,898317418
57744121,898979257
57784146,899627534
57824167,900178057
57864197,900854226
57904224,901581060
57944253,902240025
57984305,902875371
58024348,903473002
58064372,904149479
58104392,904727302
58144417,905330103
58184435,905861461
58224459,906453409
58264483,907021048
58304509,907690946
58344540,908266159
58384563,908882662
58424583,909541619
58464624,910142099
58504674,910770786
58544701,911423183
58584736,912131175
58624760,912791917
58664780,913354389
58704803,913972121
58744829,914580391
58784849,915165063
58824869,915683293
58864898,916231476
58904922,916896053
58944947,917481236
58984996,918109214
59025037,918801548
59065068,919356620
59105089,919995759
59145110,920539156
59185135,921170597
59225156,921700984
59265176,922311033
59305199,922821138
59345217,923353620
59385246,923968943
59425270,924483141
59465307,925075622
59505360,925713037
59545390,926409736
59585413,927094598
59625443,927773710
59665476,928447910
59705512,929204149
59745548,929870707
59785577,930444426
59825604,931062154
59865631,931777278
59905658,932444621
59945689,933083167
59985737,933716881
60025774,934382295
60065803,935016372
60105830,935515434
60145858,936090946
60185881,936751610
60225904,937407808
60265928,937977367
60305949,938598778
60345974,939132722
60386000,939765811
60426020,940311656
60466060,940982137
60506108,941615657
60546140,942267111
60586168,942885448
60626191,943520247
60666222,944154931
60706246,944742842
60746272,945302559
60786305,945984293
60826336,946658190
60866362,947317050
60906388,947972129
60946412,948600631
60986462,949231425
61026501,949843520
61066523,950379430
61106545,950996384
61146569,951532368
61186601,952156533
61226625,952767948
61266648,953292561
61306676,953963933
61346702,954419288
61386732,955101676
61426759,955793884
61466796,956485622
61506846,957116805
61546878,957789375
61586908,958533741
61626933,959215927
61666962,959869453
61706985,960514238
61747017,961155749
61787044,961776540
61827066,962351495
61867092,962918194
61907122,963502502
61947147,964061293
61987196,964690890
62027229,965289837
62067259,965954791
62107283,966609598
62147301,967159650
62187330,967804633
62227350,968459083
62267372,968999084
62307401,969643754
62347431,970375637
62387450,970955026
62427474,971540405
62467512,972110986
62507560,972741386
62547580,973355826
62587607,973947208
62627631,974506368
62667658,975183404
62707681,975840445
62747703,976396370
62787729,977045281
62827758,977628598
62867781,978222324
62907803,978740308
62947828,979266705
62987878,979901402
63027916,980566651
63067939,981105458
63107967,981711900
63147987,982234128
63188008,982787399
63228033,983335569
63268051,983900395
63308074,984570912
63348102,985219890
63388127,985782031
63428151,986425883
63468190,987013209
63508240,987645334
63548270,988297894
63588290,988943430
63628310,989558857
63668328,990093890
63708353,990631509
63748378,991220907
63788401,991744553
63828423,992296192
63868444,992851750
63908469,993444390
63948494,994077790
63988543,994710167
64028580,995306105
64068606,995956445
64108631,996621770
64148661,997252054
64188684,997802548
64228708,998338345
64268729,998970026
64308750,999602472
64348773,1000204443
64388794,1000748114
64428818,1001364601
64468857,1001966406
64508904,1002596633
64548929,1003177922
64588958,1003749392
64628987,1004422406
64669013,1005090124
64709043,1005759582
64749064,1006410028
64789087,1007053121
64829107,1007649469
64869130,1008217223
64909155,1008844447
64949174,1009381297
64989225,1010012176
65029263,1010687885
65069290,1011321468
65109312,1011952345
65149337,1012548293
65189366,1013196327
65229394,1013894251
65269412,1014467966
65309437,1015114041
65349459,1015737187
65389485,1016316148
65429513,1016953286
65469552,1017556563
65509601,1018192687
65549628,1018910032
65589648,1019557431
65629672,1020109836
65669695,1020707963
65709722,1021324788
65749743,1021822736
65789766,1022489715
65829792,1023150682
65869815,1023708917
65909836,1024345661
65949857,1024916668
65989907,1025551431
66029946,1026239780
66069981,1026895807
66110006,1027534360
66150030,1028121000
66190051,1028695950
66230076,1029307187
66270100,1029864750
66310132,1030557356
66350164,1031141417
66390189,1031728049
66430213,1032389221
66470246,1032997063
66510299,1033629255
66550329,1034305066
66590352,1034951541
66630379,1035499236
66670405,1036144758
66710423,1036790325
66750450,1037406223
66790472,1037955540
66830497,1038576269
66870523,1039188082
66910543,1039760848
66950565,1040397686
66990615,1041030328
67030650,1041521169
67070683,1042199033
67110710,1042878772
67150735,1043543212
67190759,1044201143
67230783,1044854455
67270814,1045426423
67310837,1046041459
67350862,1046641499
67390888,1047248647
67430921,1047936949
67470956,1048533989
67511004,1049169545
67551033,1049802721
67591051,1050407836
67631080,1050907777
67671109,1051575941
67711131,1052132241
67751156,1052793813
67791177,1053455401
67831203,1054111244
67871230,1054763247
67911248,1055295202
67951274,1055926173
67991325,1056557631
68031355,1057145666
68071379,1057770022
68111399,1058287840
68151427,1058892244
68191444,1059424696
68231468,1059988276
68271489,1060543677
68311519,1061147949
68351539,1061782543
68391567,1062449738
68431593,1063112898
68471632,1063780362
68511683,1064415142
68551710,1065061508
68591741,1065738891
68631768,1066388834
68671788,1066995830
68711812,1067538317
68751835,1068138463
68791851,1068671132
68831878,1069227946
68871901,1069779943
68911925,1070358790
68951950,1071023226
68991999,1071658813
69032040,1072355279
69072065,1072899623
69112088,1073549111
69152107,1074095219
69192133,1074735908
69232156,1075345195
69272175,1075902502
69312198,1076510271
69352217,1077051261
69392242,1077670827
69432268,1078290977
69472305,1078871619
69512354,1079499156
69552385,1080026222
69592414,1080667644
69632442,1081329732
69672469,1081981973
69712492,1082548167
69752514,1083193843
69792536,1083733370
69832559,1084367306
69872586,1084999138
69912608,1085541704
69952632,1086155001
69992683,1086780580
70032717,1087366321
70072739,1087991532
70112763,1088601059
70152787,1089187021
70192816,1089729442
70232844,1090311333
70272866,1090952039
70312887,1091512339
70352908,1092166934
70392936,1092786099
70432960,1093363939
70473002,1094058999
70513050,1094689598
70553076,1095319060
70593106,1095861991
70633131,1096461557
70673155,1097006523
70713185,1097631576
70753217,1098289101
70793245,1098858259
70833273,1099458353
70873291,1100095895
70913319,1100728578
70953340,1101306519
70993388,1101934237
71033427,1102626776
71073459,1103290156
71113486,1103945068
71153515,1104580741
71193535,1105105625
71233560,1105735181
71273584,1106341636
71313608,1106870794
71353635,1107500504
71393665,1108096063
71433691,1108715101
71473729,1109375519
71513778,1110010041
71553804,1110560053
71593824,1111223467
71633844,1111881385
71673867,1112542570
71713890,1113189943
71753917,1113828992
71793942,1114364784
71833963,1114964621
71873986,1115499047
71914010,1116098051
71954030,1116619670
71994077,1117254676
72034116,1117883056
72074142,1118426820
72114168,1119029566
72154189,1119666205
72194216,1120334154
72234242,1121003997
72274270,1121759314
72314293,1122429246
72354319,1123069438
72394343,1123611220
72434368,1124219352
72474399,1124805689
72514450,1125436719
72554479,1126074422
72594510,1126703818
72634536,1127324616
72674565,1127819243
72714592,1128487570
72754615,1129162819
72794637,1129826709
72834657,1130475028
72874681,1131025619
72914706,1131612407
72954723,1132195431
72994776,1132822182
73034816,1133426014
73074848,1134137576
73114874,1134694623
73154898,1135329037
73194915,1135944913
73234936,1136496100
73274958,1137037325
73314980,1137606133
73355004,1138274756
73395024,1138934389
73435041,1139485667
73475080,1140169609
73515128,1140806151
73555157,1141480428
73595186,1142141478
73635210,1142787942
73675235,1143374033
73715258,1143940997
73755283,1144506241
73795308,1145075589
73835328,1145591190
73875354,1146264439
73915375,1146716817
73955405,1147395923
73995452,1148021705
74035492,1148695371
74075512,1149269321
74115538,1149904886
74155560,1150468553
74195583,1151088230
74235605,1151626683
74275623,1152155425
74315651,1152783932
74355677,1153418498
74395703,1154047276
74435728,1154600133
74475769,1155249781
74515821,1155879312
74555851,1156563008
74595876,1157018862
74635903,1157596317
74675921,1158243085
74715948,1158899181
74755967,1159548170
74795993,1160113060
74836018,1160751746
74876037,1161394126
74916061,1161952413
74956094,1162624290
74996144,1163260813
75036179,1163894510
75076205,1164534874
75116230,1165244902
75156255,1165921855
75196277,1166396694
75236306,1167072945
75276333,1167752688
75316359,1168427764
75356381,1169094368
75396404,1169743409
75436432,1170385605
75476471,1170970730
75516520,1171599757
75556549,1172251763
75596580,1172979694
75636610,1173636083
75676642,1174273860
75716666,1174900134
75756690,1175480673
75796716,1176034208
75836740,1176716566
75876763,1177389718
75916786,1178045685
75956813,1178708378
75996864,1179335488
76036908,1179946796
76076938,1180592480
76116961,1181235035
76156987,1181892483
76197015,1182539994
76237040,1183178348
76277065,1183800201
76317087,1184419261
76357110,1185004761
76397140,1185570260
76437168,1186252763
76477205,1186950522
76517255,1187584982
76557288,1188180861
76597312,1188894383
76637337,1189540405
76677368,1190217579
76717397,1190916388
76757420,1191565384
76797452,1192205911
76837477,1192836739
76877504,1193464564
76917536,1194065231
76957563,1194562351
76997611,1195194255
77037656,1195808147
77077687,1196486434
77117712,1197163737
77157740,1197834111
77197764,1198480204
77237786,1199022071
77277808,1199558255
77317834,1200188246
77357851,1200712551
77397876,1201230983
77437900,1201858526
77477936,1202441906
77517984,1203077123
77558020,1203730096
77598044,1204333592
77638065,1204863778
77678091,1205418786
77718114,1206031842
77758135,1206696587
77798162,1207350442
77838182,1207916296
77878206,1208558067
77918226,1209209728
77958251,1209767941
77998299,1210401206
78038343,1211082002
78078367,1211605891
78118386,1212133436
78158415,1212760462
78198441,1213362952
78238463,1213974240
78278483,1214586638
78318511,1215053604
78358541,1215806338
78398571,1216500716
78438599,1217174967
78478641,1217857258
78518693,1218489727
78558723,1219073363
78598747,1219688298
78638768,1220261251
78678793,1220887375
78718811,1221411549
78758840,1222029868
78798865,1222563982
78838891,1223179738
78878915,1223802361
78918946,1224347436
78958971,1224888947
78999018,1225527683
79039061,1226208110
79079088,1226860736
79119108,1227429429
79159137,1228064477
79199161,1228625591
79239187,1229270524
79279211,1229872557
79319235,1230439707
79359263,1231069656
79399288,1231689931
79439318,1232331470
79479359,1232924677
79519408,1233552878
79559444,1234208938
79599463,1234782609
79639485,1235339608
79679521,1236022101
79719554,1236699404
79759585,1237364736
79799609,1237993357
79839633,1238573681
79879655,1239201430
79919684,1239820058
79959706,1240367094
79999757,1240997148
80039803,1241682717
80079833,1242322800
80119856,1242866205
80159883,1243482880
80199908,1244096695
80239933,1244591134
80279957,1245158393
80319985,1245886370
80360014,1246613279
80400049,1247280317
80440077,1247932452
80480114,1248523099
80520163,1249155382
80560192,1249807191
80600218,1250421753
80640249,1251117429
80680268,1251739295
80720293,1252357782
80760316,1252901017
80800341,1253505310
80840370,1253998862
80880395,1254625492
80920422,1255326801
80960448,1256007622
81000497,1256636145
81040545,1257260057
81080578,1257931281
81120606,1258596120
81160630,1259250962
81200656,1259899727
81240682,1260542619
81280715,1261170240
81320738,1261788948
81360766,1262421202
81400794,1263053251
81440822,1263647375
81480863,1264246995
81520912,1264883044
81560945,1265471144
81600965,1266139694
81640986,1266794221
81681014,1267441885
81721034,1267995845
81761062,1268643101
81801087,1269274918
81841110,1269803949
81881134,1270328458
81921156,1270845185
81961183,1271464567
82001234,1272097807
82041275,1272706957
82081298,1273328763
82121317,1274003819
82161345,1274458549
82201372,1275135050
82241402,1275808304
82281432,1276483662
82321455,1277143104
82361477,1277780360
82401502,1278410947
82441524,1278965546
82481560,1279545873
82521612,1280175317
82561645,1280827495
82601668,1281387600
82641696,1281984304
82681720,1282613212
82721742,1283228412
82761768,1283811965
82801795,1284377907
82841813,1284945522
82881837,1285609096
82921862,1286257767
82961884,1286804631
83001934,1287444365
83041973,1288061073
83081998,1288686453
83122024,1289240649
83162048,1289878857
83202075,1290520408
83242097,1291158200
83282116,1291780707
83322132,1292403966
83362155,1293080333
83402186,1293534769
83442214,1294178331
83482256,1294786887
83522304,1295417318
83562337,1296069393
83602368,1296765790
83642398,1297424105
83682426,1297984091
83722456,1298621310
83762478,1299271916
83802508,1299915370
83842538,1300558725
83882561,1301187808
83922584,1301795634
83962611,1302411482
84002663,1303046267
84042709,1303720751
84082737,1304179341
84122766,1304860869
84162791,1305532738
84202813,1306196744
84242837,1306857355
84282864,1307513385
84322887,1308166686
84362913,1308815240
84402945,1309459212
84442974,1310105107
84483014,1310783111
84523060,1311415368
84563092,1311981422
84603111,1312601545
84643137,1313271128
84683165,1313723895
84723193,1314397100
84763221,1315074893
84803252,1315749261
84843277,1316414913
84883304,1317092987
84923331,1317809298
84963359,1318479076
85003410,1319104516
85043454,1319714191
85083486,1320347539
85123517,1320882578
85163539,1321381455
85203562,1321999097
85243582,1322610799
85283609,1323111236
85323638,1323786110
85363661,1324462840
85403692,1325133802
85443721,1325797373
85483758,1326481087
85523806,1327120610
85563832,1327694404
85603863,1328319757
85643896,1328987153
85683922,1329637926
85723948,1330278500
85763975,1330899880
85803998,1331510486
85844024,1332044211
85884049,1332637254
85924074,1333205245
85964099,1333878866
86004146,1334505341
86044191,1335131856
86084220,1335758057
86124243,1336308289
86164261,1336954513
86204283,1337492903
86244306,1338127001
86284326,1338664658
86324351,1339302696
86364376,1339927741
86404394,1340537034
86444416,1341075905
86484452,1341743779
86524500,1342375023
86564528,1342987825
86604554,1343486303
86644578,1344106097
86684603,1344752265
86724625,1345309228
86764652,1345960352
86804675,1346517232
86844695,1347167252
86884721,1347812551
86924742,1348453292
86964766,1349089544
87004815,1349723738
87044857,1350329806
87084889,1350953868
87124913,1351585628
87164938,1352263934
87204963,1352805867
87244989,1353400189
87285014,1354162641
87325040,1354839298
87365070,1355509958
87405098,1356168285
87445124,1356822274
87485162,1357506211
87525212,1358136229
87565245,1358701344
87605275,1359318483
87645297,1359852911
87685323,1360482535
87725354,1361114709
87765384,1361804918
87805406,1362334244
87845431,1362905824
87885462,1363580275
87925487,1364236135
87965508,1364895580
88005559,1365525171
88045603,1366141889
88085629,1366762838
88125658,1367323740
88165683,1367949785
88205706,1368500906
88245732,1369132531
88285756,1369757164
88325782,1370369483
88365805,1371008412
88405833,1371595198
88445857,1372156999
88485896,1372851661
88525941,1373479836
88565975,1374080426
88606011,1374771428
88646036,1375515224
88686062,1376132058
88726096,1376788840
88766126,1377493600
88806149,1378141885
88846174,1378771484
88886197,1379310150
88926215,1379933615
88966242,1380548897
89006292,1381180704
89046337,1381785705
89086365,1382369997
89126398,1382936902
89166425,1383639633
89206450,1384287906
89246473,1384938281
89286493,1385544801
89326514,1386123223
89366538,1386694838
89406559,1387304581
89446581,1387935150
89486616,1388525303
89526668,1389155590
89566697,1389817050
89606726,1390525655
89646753,1391178194
89686778,1391763444
89726802,1392312481
89766829,1392995460
89806856,1393668250
89846880,1394316870
89886900,1394874091
89926926,1395524519
89966949,1396133872
90006998,1396763682
90047046,1397403760
90087077,1398056221
90127102,1398705823
90167127,1399351101
90207148,1399974265
90247171,1400589546
90287196,1401267016
90327214,1401721855
90367238,1402387153
90407258,1403041478
90447282,1403612622
90487317,1404294483
90527365,1404924814
90567401,1405516131
90607428,1406178905
90647458,1406830840
90687493,1407564825
90727514,1408120909
90767535,1408756024
90807558,1409401171
90847579,1410065907
90887609,1410717746
90927637,1411239209
90967663,1411801141
91007712,1412436574
91047752,1413054723
91087782,1413725870
91127812,1414395957
91167841,1415107527
91207873,1415825447
91247901,1416479218
91287925,1417013600
91327952,1417636889
91367977,1418270603
91407998,1418801282
91448023,1419425864
91488069,1420100763
91528119,1420733572
91568153,1421438125
91608172,1421895732
91648205,1422576070
91688235,1423252732
91728262,1423926888
91768286,1424582965
91808306,1425218066
91848332,1425763978
91888363,1426387546
91928390,1426930355
91968420,1427556630
92008469,1428195945
92048509,1428809308
92088542,1429445877
92128570,1430065311
92168590,1430681244
92208622,1431257851
92248651,1431827611
92288679,1432401852
92328709,1433052347
92368727,1433707576
92408753,1434366147
92448780,1435037630
92488818,1435631330
92528865,1436262682
92568895,1436811609
92608922,1437443603
92648946,1438074712
92688966,1438607610
92728988,1439160330
92769009,1439712545
92809031,1440224234
92849060,1440802681
92889085,1441362309
92929109,1442044434
92969137,1442723776
93009187,1443351227
93049230,1443964661
93089258,1444609296
93129275,1445168731
93169299,1445809233
93209317,1446453410
93249341,1447079216
93289364,1447649201
93329386,1448251717
93369415,1448862170
93409442,1449389881
93449467,1449965355
93489508,1450540682
93529555,1451169216
93569587,1451748785
93609616,1452430211
93649642,1453103462
93689671,1453769121
93729701,1454420836
93769732,1455071857
93809760,1455729673
93849789,1456384187
93889815,1457024978
93929840,1457643550
93969859,1458174149
94009908,1458803761
94049954,1459499783
94089981,1460134144
94130006,1460718375
94170033,1461277166
94210052,1461947439
94250078,1462597799
94290104,1463163596
94330128,1463817981
94370156,1464449573
94410187,1465011846
94450215,1465639192
94490253,1466224949
94530303,1466863064
94570340,1467534106
94610365,1468175583
94650387,1468813001
94690413,1469440483
94730441,1470065899
94770467,1470552050
94810494,1471106691
94850517,1471767782
94890544,1472429069
94930576,1473013155
94970599,1473622038
95010648,1474250256
95050693,1474859691
95090721,1475498342
95130744,1476037009
95170769,1476670209
95210792,1477283020
95250812,1477835726
95290833,1478451272
95330860,1479065474
95370887,1479683784
95410909,1480199021
95450942,1480872936
95490978,1481484393
95531026,1482118177
95571057,1482806756
95611076,1483466828
95651103,1484128203
95691134,1484785491
95731165,1485421001
95771192,1486066951
95811221,1486712751
95851250,1487254375
95891269,1487885047
95931298,1488551307
95971321,1489130609
96011371,1489769001
96051414,1490427387
96091443,1490977069
96131475,1491667846
96171495,1492227674
96211518,1492886175
96251544,1493542670
96291564,1494199204
96331585,1494735906
96371611,1495376483
96411636,1495922695
96451657,1496537940
96491693,1497203747
96531741,1497834219
96571771,1498404796
96611800,1499023756
96651827,1499626410
96691848,1500115722
96731873,1500680210
96771906,1501444322
96811936,1502029127
96851966,1502675131
96891998,1503336486
96932027,1503999467
96972055,1504657503
97012104,1505290170
97052153,1505995813
97092179,1506631838
97132197,1507220407
97172220,1507800177
97212237,1508426168
97252260,1508939040
97292285,1509500858
97332313,1509947449
97372336,1510626559
97412367,1511354620
97452385,1511965221
97492425,1512658462
97532473,1513288150
97572509,1513906016
97612536,1514610093
97652561,1515268937
97692587,1515920672
97732615,1516565620
97772646,1517206029
97812675,1517842951
97852699,1518463800
97892723,1519029420
97932750,1519557410
97972776,1520158139
98012826,1520785787
98052873,1521504597
98092906,1522183077
98132937,1522856921
98172968,1523525434
98212993,1524233794
98253020,1524903843
98293046,1525526156
98333068,1526111170
98373095,1526746041
98413123,1527379464
98453147,1528003859
98493186,1528676005
98533235,1529309277
98573270,1529827613
98613298,1530483243
98653329,1531178350
98693363,1531855612
98733397,1532527746
98773425,1533193465
98813457,1533940415
98853482,1534604392
98893506,1535255804
98933535,1535902003
98973565,1536536217
99013613,1537164384
99053657,1537855928
99093684,1538494127
99133716,1539171006
99173741,1539618033
99213768,1540277100
99253789,1540840557
99293808,1541395172
99333832,1542053385
99373856,1542697226
99413877,1543240476
99453897,1543877982
99493936,1544460884
99533986,1545092674
99574016,1545756114
99614040,1546388970
99654063,1546920765
99694088,1547521737
99734113,1548056790
99774146,1548726390
99814175,1549273057
99854201,1549922886
99894221,1550512093
99934249,1551147356
99974282,1551816758
100014330,1552452598
100054373,1553077523
100094402,1553738729
100134431,1554393394
100174463,1555048146
100214494,1555786617
100254519,1556432238
100294547,1557063456
100334572,1557652609
100374598,1558242899
100414624,1558697070
100454650,1559371231
100494689,1559993229
100534738,1560621918
100574773,1561287259
100614803,1561946180
100654831,1562613961
100694858,1563273317
100734885,1563930587
100774910,1564680480
100814934,1565328029
100854959,1565958284
100894982,1566479872
100935008,1567094243
100975030,1567625006
101015078,1568254345
101055121,1568898743
101095147,1569456358
101135172,1570134361
101175203,1570811480
101215230,1571483927
101255254,1572152323
101295285,1572821569
101335316,1573571549
101375347,1574224876
101415379,1574873014
101455412,1575524676
101495452,1576198511
101535499,1576827400
101575535,1577450529
101615557,1577982903
101655588,1578573746
101695616,1579137027
101735645,1579801207
101775671,1580383809
101815692,1581012008
101855711,1581555740
101895737,1582193217
101935756,1582800306
101975779,1583379094
102015829,1584010641
102055870,1584619906
102095892,1585248062
102135913,1585771823
102175939,1586395951
102215962,1587026339
102255991,1587651172
102296019,1588243785
102336050,1588800866
102376068,1589461186
102416091,1590018073
102456116,1590569898
102496153,1591254125
102536200,1591890424
102576231,1592462781
102616253,1593102758
102656276,1593640586
102696304,1594278549
102736329,1594908308
102776352,1595550217
102816380,1596189045
102856409,1596822419
102896437,1597501108
102936462,1598016749
102976489,1598628779
103016539,1599261922
103056585,1599977448
103096619,1600656172
103136639,1601201708
103176662,1601852728
103216681,1602493870
103256702,1603038372
103296725,1603684358
103336747,1604325678
103376772,1604873519
103416796,1605475830
103456825,1606104306
103496866,1606783798
103536916,1607418534
103576950,1608046698
103616978,1608581541
103657012,1609261425
103697036,1609921427
103737058,1610478032
103777084,1611137985
103817113,1611800794
103857139,1612453725
103897170,1613104258
103937196,1613750608
103977221,1614395092
104017269,1615027656
104057309,1615721892
104097338,1616361974
104137370,1616996746
104177394,1617677229
104217423,1618133942
104257458,1618817215
104297481,1619508732
104337507,1620147093
104377529,1620799567
104417556,1621463465
104457589,1622122357
104497630,1622815703
104537683,1623449272
104577721,1624119990
104617748,1624762444
104657772,1625394259
104697795,1625916130
104737816,1626468058
104777839,1627033445
104817870,1627532418
104857897,1628211006
104897929,1628891241
104937955,1629611357
104977978,1630317575
105018027,1630948905
105058072,1631583365
105098104,1632248235
105138131,1632897554
105178155,1633532489
105218180,1634113208
105258204,1634693298
105298230,1635225797
105338248,1635827804
105378273,1636428890
105418298,1636919477
105458324,1637485711
105498365,1638190810
105538415,1638818822
105578450,1639510085
105618483,1640186185
105658514,1640857229
105698545,1641523259
105738576,1642281737
105778607,1642935702
105818635,1643577215
105858661,1644210315
105898690,1644840805
105938716,1645468606
105978743,1646086545
106018793,1646717960
106058838,1647379084
106098863,1647823250
106138892,1648502722
106178923,1649182712
106218957,1649856183
106258991,1650522181
106299017,1651177881
106339040,1651823925
106379064,1652450782
106419086,1652999968
106459106,1653627727
106499141,1654272209
106539189,1654906302
106579216,1655502503
106619236,1656129250
106659257,1656748109
106699288,1657257877
106739312,1657913050
106779337,1658590856
106819360,1659263113
106859385,1659925943
106899413,1660569377
106939434,1661197400
106979455,1661757561
107019506,1662386276
107059550,1662992716
107099579,1663617104
107139600,1664224664
107179624,1664773754
107219645,1665395272
107259669,1665896036
107299695,1666460088
107339724,1666957933
107379752,1667590174
107419777,1668266049
107459801,1668978521
107499840,1669631679
107539888,1670266554
107579924,1670950375
107619948,1671611339
107659972,1672266004
107700003,1672915359
107740036,1673652514
107780070,1674299661
107820102,1674937289
107860134,1675603574
107900162,1676155220
107940183,1676714105
107980211,1677375913
108020261,1678008203
108060302,1678623272
108100332,1679293278
108140358,1679947290
108180388,1680590123
108220415,1681141667
108260438,1681758064
108300459,1682304553
108340485,1682949148
108380514,1683594032
108420542,1684317005
108460563,1684890409
108500597,1685516093
108540650,1686146463
108580680,1686762289
108620701,1687220046
108660726,1687900548
108700754,1688569815
108740774,1689237452
108780801,1689896666
108820824,1690542491
108860848,1691133849
108900866,1691699602
108940887,1692225103
108980912,1692851481
109020959,1693491507
109061004,1694107310
109101034,1694747760
109141062,1695374839
109181088,1695989855
109221113,1696486564
109261139,1697159343
109301171,1697835718
109341203,1698504892
109381236,1699175908
109421259,1699834807
109461279,1700476162
109501317,1701063692
109541366,1701692665
109581400,1702362366
109621428,1703057495
109661458,1703742618
109701485,1704372405
109741503,1704900498
109781525,1705513899
109821544,1705998887
109861564,1706558567
109901588,1707223744
109941611,1707774531
109981637,1708429340
110021686,1709058861
110061729,1709675387
110101760,1710392639
110141787,1711100820
110181815,1711755492
110221847,1712401140
110261873,1713035820
110301903,1713674464
110341931,1714310328
110381957,1714991260
110421986,1715526869
110462015,1716088194
110502055,1716769189
110542103,1717398329
110582138,1718011643
110622167,1718673204
110662198,1719335063
110702226,1719998086
110742253,1720648692
110782286,1721304405
110822308,1721948080
110862327,1722577025
110902348,1723215744
110942379,1723918267
110982411,1724571830
111022460,1725199945
111062505,1725857535
111102532,1726309578
111142554,1726968936
111182577,1727631509
111222599,1728196248
111262620,1728809119
111302643,1729382118
111342670,1730017753
111382692,1730571985
111422720,1731209291
111462750,1731832197
111502795,1732419451
111542842,1733055611
111582877,1733706085
111622901,1734234875
111662929,1734826811
111702949,1735412800
111742974,1735952142
111783002,1736640435
111823027,1737327656
111863049,1737995556
111903076,1738542295
111943109,1739181338
111983133,1739826034
112023180,1740457249
112063220,1741070021
112103246,1741599323
112143279,1742226741
112183300,1742753452
112223327,1743356956
112263345,1743890417
112303366,1744499812
112343390,1745083860
112383417,1745644957
112423452,1746327181
112463485,1747003242
112503528,1747686166
112543578,1748316946
112583614,1748913892
112623649,1749623774
112663675,1750296229
112703705,1750976289
112743734,1751631297
112783755,1752268645
112823773,1752877152
112863794,1753403089
112903819,1754000035
112943843,1754599764
112983866,1755058365
113023916,1755694721
113063958,1756313805
113103984,1756981744
113144015,1757751257
113184048,1758431740
113224080,1759097043
113264114,1759759749
113304138,1760413228
113344156,1761053848
113384180,1761683390
113424201,1762249872
113464223,1762811605
113504259,1763386062
113544308,1764013777
113584341,1764661181
113624361,1765247699
113664388,1765808088
113704421,1766490329
113744455,1767168977
113784477,1767835125
113824498,1768487452
113864524,1769083009
113904538,1769674344
113944563,1770303209
113984583,1770839073
114024633,1771469928
114064676,1772179906
114104705,1772823359
114144733,1773461610
114184758,1774098516
114224786,1774773332
114264814,1775255497
114304844,1776013910
114344875,1776695834
114384902,1777359163
114424930,1778022288
114464962,1778673617
114505002,1779259348
114545050,1779892547
114585086,1780565920
114625115,1781213346
114665139,1781829708
114705167,1782480347
114745198,1783115728
114785226,1783747503
114825247,1784333150
114865266,1784894967
114905293,1785564841
114945315,1786115765
114985340,1786762196
115025390,1787395700
115065439,1788013642
115105473,1788682280
115145496,1789336762
115185519,1789970774
115225547,1790593960
115265567,1791151823
115305587,1791778780
115345615,1792400369
115385636,1793011275
115425655,1793563368
115465681,1794145542
115505718,1794746123
115545765,1795381788
115585798,1796070424
115625819,1796631880
115665835,1797283024
115705855,1797915041
115745878,1798475339
115785901,1799026131
115825932,1799738627
115865963,1800411098
115905992,1801058035
115946019,1801694642
115986045,1802316286
116026094,1802945036
116066136,1803554823
116106160,1804167731
116146191,1804666890
116186223,1805344587
116226251,1806024019
116266276,1806686574
116306298,1807330447
116346322,1807882106
116386350,1808527800
116426377,1809121596
116466401,1809689764
116506434,1810269781
116546483,1810898360
116586517,1811561034
116626540,1812085936
116666564,1812697757
116706587,1813214850
116746610,1813877806
116786637,1814331488
116826669,1815013482
116866693,1815689744
116906716,1816353869
116946743,1817003859
116986773,1817629933
117026823,1818266802
117066863,1818898426
117106887,1819441136
117146918,1820076967
117186942,1820696827
117226969,1821283606
117267001,1821977660
117307023,1822584210
117347045,1823112065
117387070,1823703018
117427094,1824270400
117467125,1824951921
117507164,1825642379
117547213,1826270853
117587250,1826903870
117627277,1827620191
117667303,1828272767
117707326,1828823618
117747347,1829359588
117787366,1829996141
117827392,1830610902
117867411,1831157303
117907435,1831763822
117947452,1832369977
117987476,1832958481
118027524,1833587343
118067566,1834205675
118107590,1834754199
118147609,1835324001
118187635,1835991798
118227667,1836639279
118267688,1837188647
118307710,1837837138
118347729,1838370159
118387755,1838979009
118427773,1839541647
118467794,1840175695
118507830,1840838159
118547877,1841467961
118587907,1842046316
118627927,1842706926
118667944,1843294881
118707971,1843886912
118748001,1844454319
118788026,1845096063
118828046,1845670664
118868067,1846317191
118908088,1846974099
118948110,1847513852
118988130,1848161473
119028179,1848792670
119068224,1849408546
119108250,1850114876
119148273,1850788555
119188295,1851416421
119228320,1852016376
119268345,1852581815
119308372,1853151494
119348402,1853715225
119388436,1854399037
119428459,1855069591
119468483,1855719373
119508520,1856315592
119548569,1856951816
119588601,1857633778
119628632,1858337179
119668661,1859049874
119708684,1859701642
119748712,1860344853
119788736,1860969124
119828755,1861507641
119868779,1862105541
119908803,1862676556
119948832,1863235460
119988864,1863865473
120028914,1864494266
120068956,1865147501
120108992,1865823552
120149023,1866496170
120189054,1867159215
120229084,1867815763
120269111,1868471152
120309143,1869210443
120349175,1869863200
120389210,1870503862
120429243,1871140074
120469273,1871841891
120509316,1872499801
120549365,1873132091
120589395,1873606394
120629421,1874277734
120669451,1874959074
120709478,1875637093
120749496,1876404977
120789510,1877088278
120829525,1877847546
120869537,1878517132
120909554,1879269423
120949569,1879921760
120989581,1880660995
121029636,1881348524
121069690,1882033546
121109747,1882718584
121149802,1883405854
CPU2
TS,0
30509,689848262
70571,689962396
110633,690075628
150695,690188777
190757,690302627
230819,690415525
270881,690528666
310943,690641835
351005,690755896
391067,690868828
431129,690982081
471191,691124354
511246,751029552
551297,811106034
591348,871182806
631399,931259574
671449,991334358
711500,1051410744
751551,1111487050
791601,1171561256
831652,1231638074
871701,1291711686
911738,1351766454
951774,1411820738
991801,1471861888
1031833,1531909578
1071864,1591956296
1111893,1651999416
1151918,1712037990
1191940,1772069592
1231963,1832103834
1271987,1892140406
1312013,1952180018
1352036,2012214000
1392064,2072255830
1432115,2132332884
1472158,2192397078
1511185,2250938276
1551215,2310983322
1591243,2371025202
1631274,2431070626
1671308,2491121472
1711340,2551170910
1751363,2611204600
1791386,2671239758
1831409,2731273276
1871436,2791313574
1911474,2851371438
1951526,2911448912
1991561,2971501902
2031595,3031552608
2071624,3091595964
2111649,3151634226
2151679,3211679210
2191705,3271718128
2231737,3331766014
2271774,3391821900
2311807,3451871008
2351836,3511914088
2391864,3571955664
2431912,3632028496
2471955,3692092788
2511979,3752129404
2552003,3812164224
2592026,3872198532
2632047,3932230816
2672067,3992261126
2712090,4052295894
2752115,4112332900
2792143,4172374882
2832171,4232417618
2872195,4292452808
2912229,4352503578
2952280,4412580432
2982696,4458203986
3022337,4517666394
3062362,4577702896
3102385,4637737844
3142408,4697772594
3182432,4757808148
3222462,4817853404
3262490,4877895500
3302516,4937934280
3342540,4997969820
3382563,5058005362
3422605,5118067300
3462656,5178143934
3502683,5238184530
3542714,5298231064
3582746,5358279394
3622778,5418327688
3662799,5478358780
3702825,5538398090
3742845,5598427246
3782871,5658467374
3822902,5718512780
3862933,5778559292
3902964,5838606578
3943014,5898681638
3983055,5958742692
4023086,6018790104
4063114,6078831010
4103139,6138869450
4143168,6198911678
4183195,6258952642
4223222,6318992560
4263255,6379042946
4303288,6439092800
4343311,6499126404
4383337,6559165444
4423381,6619232356
4463433,6679309612
4503459,6739348232
4543488,6799392220
4583514,6859431340
4623537,6919465314
4663564,6979507048
4703590,7039545792
4743612,7099578040
4783637,7159614996
4823662,7219653114
4863694,7279701494
4903726,7339749134
4943776,7399824820
4983818,7459886986
5023846,7519928848
5063869,7579964014
5103890,7639995758
5143913,7700030094
5183940,7760070808
5223964,7820106794
5263985,7880137162
5304012,7940178226
5344042,8000222828
5384066,8060259474
5424108,8120323114
5464159,8180398502
5504195,8240453506
5544227,8300501182
5584252,8360538336
5624279,8420578392
5664298,8480607862
5704324,8540646068
5744347,8600680274
5784368,8660712328
5824389,8720744422
5864416,8780784398
5904447,8840830868
5944497,8900906440
5984541,8960972212
6024569,9021013242
6064600,9081060022
6104636,9141114488
6144663,9201154664
6184684,9261186096
6224713,9321228888
6264736,9381263850
6304757,9441296188
6344777,9501326028
6384802,9561363562
6424849,9621433790
6464896,9681505442
6504929,9741552940
6544958,9801597286
6584988,9861641534
6625017,9921685074
6665052,9981737708
6705087,10041791252
6745122,10101844072
6785146,10161880016
6825172,10221917410
6865200,10281960574
6905232,10342008224
6945282,10402083380
6985320,10462140740
7025349,10522183246
7065375,10582222040
7105405,10642267114
7145440,10702320780
7185473,10762369688
7225497,10822405982
7265525,10882447062
7305551,10942486994
7345584,11002536116
7385616,11062584076
7425661,11122652232
7465711,11182727726
7505744,11242776336
7545769,11302813208
7585793,11362849726
7625821,11422891402
7665849,11482934518
7705884,11542986464
7745911,11603026460
7785935,11663062614
7825959,11723098744
7865994,11783151332
7906030,11843205080
7946080,11903280504
7986120,11963340138
8026148,12023383232
8066180,12083429776
8106208,12143472938
8146232,12203509078
8186261,12263552080
8226288,12323591948
8266313,12383629986
8306335,12443662128
8346360,12503700886
8386388,12563742208
8426434,12623811872
8466486,12683889096
8506512,12743928602
8546538,12803967502
8586567,12864010938
8626600,12924060010
8666624,12984096330
8706650,13044135166
8746678,13104177540
8786713,13164230024
8826747,13224281190
8866782,13284332712
8906817,13344385436
8946865,13404458642
8986904,13464517232
9017931,13511056572
9057954,13571091546
9097982,13631132630
9138005,13691168148
9178036,13751214400
9218070,13811264976
9258100,13871310674
9298131,13931356972
9338154,13991391262
9378181,14051431746
9418219,14111488718
9458267,14171560782
9498303,14231614362
9538331,14291656100
9578361,14351702566
9618387,14411740344
9658410,14471774708
9698439,14531818414
9738470,14591864862
9778506,14651919900
9818530,14711955280
9858559,14771998734
9898592,14832047790
9938642,14892122934
9978689,14952193204
10018721,15012241970
10058749,15072283720
10098779,15132329360
10138802,15192362890
10178826,15252399610
10218847,15312430460
10258875,15372473184
10298905,15432517756
10338931,15492555818
10378964,15552605642
10419006,15612669862
10459058,15672747354
10499097,15732806538
10539127,15792850420
10579156,15852894184
10619190,15912944202
10659219,15972988552
10699247,16033030930
10739273,16093069876
10779297,16153106122
10819322,16213144062
10859345,16273177768
10899375,16333222198
10939423,16393294516
10979470,16453365298
11019494,16513400802
11059519,16573439286
11099545,16633477688
11139566,16693508668
11179591,16753546006
11219613,16813579090
11259640,16873619564
11299660,16933650058
11339687,16993690102
11379712,17053728124
11419749,17113783660
11459799,17173859042
11490106,17219318916
11529846,17278928972
11569876,17338973962
11609903,17399015674
11649928,17459052848
11689954,17519091368
11729977,17579125802
11770003,17639164450
11810033,17699209402
11850059,17759249080
11890087,17819290758
11930137,17879366114
11970188,17939442516
12010218,17999486948
12050246,18059529314
12090270,18119564802
12130295,18179602746
12170324,18239645682
12210350,18299685298
12250377,18359725380
12290413,18419780282
12330447,18479830214
12370480,18539881252
12410508,18599923106
12450561,18660001868
12490600,18720060900
12530631,18780107058
12570659,18840148634
12610685,18900188180
12650711,18960227292
12690739,19020269148
12730764,19080306962
12770785,19140338090
12810811,19200376882
12850839,19260419508
12890874,19320471002
12930918,19380538580
12970968,19440612150
13010995,19500652322
13051021,19560692346
13091050,19620735592
13131079,19680779778
13171109,19740824374
13211139,19800869494
13251171,19860917034
13291196,19920954138
13331223,19980994614
13371248,20041031610
13411286,20101088622
13451337,20161165152
13491375,20221222434
13531402,20281262654
13571430,20341304808
13611460,20401349866
13651485,20461387264
13691507,20521420482
13731529,20581453730
13771551,20641487092
13811575,20701522934
13851602,20761563716
13891623,20821595832
13931669,20881663776
13971721,20941741846
14011749,21001783928
14051776,21061823848
14091796,21121853798
14131820,21181890204
14171847,21241931090
14211868,21301962256
14251894,21362001664
14291915,21422033000
14331944,21482076496
14371969,21542114100
14412004,21602166588
14452055,21662243166
14492090,21722295290
14532117,21782335564
14572142,21842372990
14612163,21902405042
14652191,21962447366
14692218,22022487740
14732243,22082524774
14772271,22142566072
14812296,22202604336
14852326,22262649408
14892353,22322690262
14932402,22382763084
14972452,22442837806
15012481,22502881596
15052512,22562929064
15092537,22622966510
15132558,22682997834
15172584,22743035846
15212614,22803081020
15252648,22863132048
15292673,22923169924
15332704,22983215958
15372732,23043257880
15412766,23103309086
15452816,23163383906
15492855,23223443396
15532879,23283478564
15572897,23343506310
15612919,23403539422
15652949,23463583280
15692983,23523634684
15733014,23583681416
15773037,23643715112
15813061,23703751436
15853088,23763792944
15893117,23823835784
15933161,23883901810
15973211,23943977110
16013237,24004015692
16053270,24064065720
16093300,24124110020
16133331,24184156700
16173353,24244189990
16213379,24304228432
16253408,24364272080
16293440,24424320028
16333466,24484359728
16373493,24544400516
16413530,24604455084
16453581,24664531678
16493621,24724592782
16533649,24784633238
16573684,24844686100
16613707,24904720614
16653735,24964763654
16693758,25024797152
16733795,25084852930
16773823,25144895148
16813848,25204931950
16853870,25264965706
16893892,25324998920
16933940,25385070108
16973992,25445148468
17014019,25505188148
17054045,25565227530
17094071,25625266676
17134105,25685317680
17174131,25745356788
17214151,25805386322
17254177,25865426464
17294201,25925461474
17334234,25985512304
17374267,26045560608
17414303,26105614794
17454355,26165692718
17494393,26225749736
17534424,26285796150
17574451,26345837584
17614480,26405880322
17654511,26465927200
17694535,26525963172
17734559,26585998352
17774579,26646028630
17814605,26706067376
17854626,26766099096
17894657,26826146212
17934700,26886209748
17974748,26946282660
18014772,27006318606
18054798,27066356788
18094826,27126398830
18134851,27186437388
18174873,27246469778
18214898,27306507318
18254919,27366539016
18294946,27426580032
18334971,27486616470
18374992,27546648294
18415027,27606701216
18455079,27666778246
18495121,27726841236
18526142,27773374058
18566170,27833415292
18606198,27893457092
18646227,27953500704
18686263,28013554032
18726294,28073601456
18766323,28133644584
18806349,28193684132
18846372,28253718566
18886398,28313756680
18926438,28373817186
18966486,28433888854
19006515,28493932718
19046542,28553973262
19086564,28614006388
19126587,28674040586
19166611,28734077130
19206636,28794113946
19246670,28854164558
19286702,28914213052
19326729,28974254038
19366757,29034296526
19406784,29094336414
19446834,29154411238
19486880,29214479892
19526909,29274524470
19566940,29334569364
19606969,29394614038
19646998,29454657698
19687029,29514703244
19727060,29574750712
19767089,29634794162
19807111,29694827286
19847140,29754869960
19887175,29814922462
19927216,29874984502
19967268,29935062890
20007304,29995116780
20047336,30055163908
20087368,30115211922
20127396,30175254564
20167428,30235302398
20207461,30295352218
20247494,30355400994
20287528,30415452204
20327558,30475498106
20367588,30535542706
20407611,30595577542
20447662,30655653780
20487704,30715715696
20527731,30775755858
20567758,30835796856
20607787,30895840280
20647816,30955884778
20687853,31015939936
20727881,31075982052
20767910,31136025602
20807941,31196071278
20847966,31256109636
20887994,31316150522
20928033,31376209602
20968085,31436287072
21008121,31496342234
21048148,31556382270
21088174,31616421716
21128205,31676466708
21168234,31736510758
21208265,31796558128
21248301,31856611612
21288331,31916656996
21328364,31976706816
21368401,32036761512
21408435,32096812674
21448484,32156886346
21488531,32216957370
21528566,32277009542
21568599,32337057732
21608632,32397108824
21648658,32457146830
21688687,32517190592
21728714,32577231404
21768745,32637276708
21808773,32697319526
21848796,32757354252
21888814,32817381270
21928850,32877435124
21968902,32937512974
21999294,32983100602
22038966,33042609246
22078997,33102655888
22119018,33162687050
22159045,33222727776
22199070,33282765714
22239099,33342807970
22279126,33402849258
22319154,33462891640
22359182,33522932786
22399206,33582969584
22439250,33643036048
22479299,33703108794
22519329,33763154060
22559351,33823186626
22599377,33883225938
22639401,33943262138
22679423,34003295478
22719444,34063325812
22759466,34123359056
22799488,34183392430
22839517,34243435064
22879537,34303466432
22919570,34363515132
22959621,34423592476
22999658,34483646858
23039690,34543695908
23079722,34603743348
23119760,34663800788
23159788,34723842240
23199814,34783880706
23239837,34843915150
23279861,34903951366
23319887,34963991390
23359913,35024029902
23399937,35084066546
23439984,35144136648
23480034,35204211562
23520055,35264243272
23560076,35324274160
23600101,35384311410
23640130,35444355484
23680154,35504391064
23720174,35564420854
23760197,35624456090
23800221,35684492446
23840247,35744531332
23880276,35804574608
23920315,35864632786
23960365,35924708378
24000401,35984761784
24040432,36044808208
24080463,36104855258
24120492,36164898210
24160520,36224940218
24200550,36284984400
24240580,36345029914
24280617,36405085858
24320646,36465129688
24360676,36525173878
24400703,36585215616
24440751,36645286252
24480801,36705361650
24520829,36765404388
24560855,36825442960
24600881,36885481388
24640910,36945525186
24680937,37005566083
24720961,37065601974
24760990,37125645346
24801016,37185684032
24841043,37245725664
24881072,37305767812
24921105,37365818498
24961153,37425889436
25001193,37485950502
25041222,37545993216
25081253,37606039030
25121283,37666085366
25161311,37726126868
25201341,37786171354
25241370,37846215360
25281393,37906249492
25321417,37966285666
25361445,38026327484
25401467,38086360536
25441511,38146426246
25481561,38206502414
25521585,38266538062
25561622,38326594010
25601650,38386635346
25641676,38446674806
25681704,38506717126
25721736,38566764468
25761764,38626806484
25801792,38686849430
25841824,38746895926
25881852,38806938220
25921889,38866994178
25961938,38927067892
26001980,38987130670
26042010,39047175417
26082036,39107214386
26122063,39167254204
26162095,39227303508
26202123,39287344854
26242159,39347398592
26282192,39407447748
26322217,39467485908
26362238,39527518090
26402263,39587555122
26442311,39647627722
26482359,39707698864
26522384,39767735976
26562409,39827774248
26602432,39887807526
26642457,39947845402
26682485,40007887626
26722507,40067921326
26762537,40127965422
26802570,40188014958
26842598,40248056746
26882620,40308089670
26922651,40368137618
26962702,40428212768
27002738,40488267708
27042762,40548303070
27082787,40608340108
27122814,40668381284
27162838,40728417516
27202864,40788456664
27242889,40848494318
27282912,40908528606
27322943,40968574782
27362973,41028619086
27403004,41088666842
27443048,41148733092
27483099,41208809034
27514120,41255340330
27554148,41315382422
27594169,41375413602
27634194,41435450948
27674214,41495481548
27714240,41555520364
27754262,41615553092
27794290,41675595308
27834317,41735636780
27874344,41795676718
27914375,41855722116
27954425,41915797682
27994471,41975866488
28034500,42035910910
28074532,42095958280
28114561,42156001276
28154586,42216039630
28194613,42276080260
28234645,42336127838
28274672,42396167896
28314692,42456197622
28354722,42516243328
28394752,42576288488
28434796,42636354072
28474844,42696426224
28514877,42756475464
28554909,42816522944
28594932,42876558572
28634960,42936599756
28674991,42996645806
28715023,43056693834
28755047,43116730574
28795075,43176771724
28835100,43236810344
28875124,43296846166
28915148,43356882744
28955199,43416958666
28995245,43477027748
29035276,43537074532
29075307,43597119956
29115334,43657160758
29155360,43717200598
29195387,43777240580
29235412,43837278510
29275439,43897318068
29315471,43957366574
29355499,44017409228
29395530,44077454338
29435570,44137515176
29475622,44197593138
29515660,44257650168
29555693,44317699814
29595724,44377746438
29635757,44437795668
29675786,44497839232
29715814,44557881400
29755846,44617929074
29795877,44677976552
29835910,44738025370
29875942,44798072932
29915978,44858127030
29956027,44918200552
29996070,44978264206
30036100,45038309402
30076129,45098352758
30116158,45158396806
30156182,45218432240
30196203,45278464794
30236225,45338496888
30276247,45398531100
30316267,45458560046
30356290,45518594272
30396313,45578628700
30436353,45638689090
30476400,45698759558
30506848,45744431778
30546456,45803843878
30586483,45863885256
30626515,45923932840
30666543,45983974778
30706572,46044019000
30746604,46104066594
30786639,46164119038
30826675,46224172504
30866705,46284217022
30906730,46344255328
30946774,46404321322
30986824,46464396254
31026854,46524441072
31066880,46584480114
31106907,46644520474
31146934,46704561716
31186961,46764601554
31226982,46824632842
31267004,46884665968
31307027,46944700954
31347051,47004736854
31387081,47064781578
31427110,47124825986
31467163,47184904788
31507199,47244958252
31547228,47305001986
31587258,47365046788
31627285,47425088010
31667309,47485123874
31707333,47545160214
31747359,47605198668
31787384,47665236374
31827412,47725277714
31867434,47785311592
31907460,47845349680
31947507,47905420086
31987554,47965490780
32027577,48025525834
32067600,48085560100
32107628,48145601784
32147654,48205641610
32187679,48265679146
32227702,48325712954
32267731,48385756370
32307751,48445785958
32347782,48505833050
32387812,48565878436
32427849,48625933436
32467897,48686005970
32507935,48746063276
32547971,48806116892
32588006,48866169588
32628033,48926209166
32668064,48986255872
32708089,49046293812
32748116,49106334164
32788140,49166370876
32828170,49226415308
32868202,49286462608
32908224,49346495694
32948270,49406566010
32988320,49466640732
33028347,49526681470
33068372,49586718308
33108401,49646762102
33148432,49706807950
33188454,49766842006
33228475,49826872104
33268498,49886906886
33308527,49946951106
33348552,50006987708
33388587,50067040512
33428628,50127101720
33468679,50187179138
33508716,50247233556
33548738,50307266536
33588760,50367299702
33628790,50427344674
33668815,50487383020
33708842,50547423222
33748865,50607457806
33788895,50667503050
33828920,50727539598
33868942,50787572780
33908962,50847603652
33949009,50907673540
33989059,50967748176
34029089,51027793514
34069116,51087834704
34109138,51147866598
34149164,51207906720
34189196,51267954496
34229227,51328000204
34269252,51388038388
34309282,51448083062
34349309,51508123726
34389338,51568167802
34429371,51628216240
34469419,51688288310
34509458,51748347602
34549485,51808388434
34589515,51868432946
34629546,51928479318
34669579,51988528440
34709614,52048580976
34749643,52108624234
34789671,52168666636
34829695,52228703086
34869720,52288740044
34909742,52348772808
34949785,52408837444
34989835,52468913152
35029861,52528951488
35069892,52588997712
35109928,52649051840
35149961,52709102114
35189984,52769135328
35230008,52829171964
35270029,52889203270
35310054,52949241092
35350079,53009278200
35390103,53069314310
35430140,53129369812
35470190,53189445910
35510229,53249503674
35541253,53296039298
35581285,53356087672
35621321,53416142436
35661352,53476188678
35701377,53536226468
35741401,53596262014
35781429,53656303000
35821452,53716338156
35861477,53776376394
35901502,53836413156
35941546,53896479702
35981595,53956553494
36021626,54016599534
36061651,54076636758
36101673,54136669958
36141703,54196714738
36181734,54256761252
36221756,54316793730
36261776,54376824136
36301802,54436863788
36341828,54496902208
36381860,54556950788
36421887,54616990440
36461936,54677063810
36501978,54737126616
36542003,54797164900
36582030,54857204366
36622055,54917241952
36662084,54977287052
36702116,55037334114
36742140,55097370336
36782166,55157409052
36822187,55217441048
36862213,55277480128
36902241,55337521786
36942284,55397586116
36982336,55457664260
37022371,55517717412
37062407,55577770270
37102440,55637820152
37142465,55697857214
37182489,55757893604
37222512,55817928906
37262540,55877970308
37302562,55938003802
37342594,55998050930
37382623,56058094266
37422649,56118133672
37462699,56178209770
37502742,56238273610
37542776,56298324690
37582808,56358372966
37622839,56418418842
37662861,56478452090
37702883,56538484592
37742912,56598528170
37782933,56658559494
37822956,56718593872
37862978,56778627276
37903000,56838660454
37943041,56898721736
37983092,56958798698
38023123,57018845616
38063149,57078883528
38103172,57138918232
38143196,57198953998
38183222,57258993740
38223247,57319030968
38263272,57379068042
38303295,57439102844
38343320,57499140378
38383340,57559170102
38423370,57619215640
38463420,57679291196
38503466,57739359370
38543497,57799406414
38583525,57859447370
38623550,57919485100
38663575,57979523104
38703603,58039564028
38743623,58099594284
38783647,58159631036
38823670,58219664550
38863695,58279703202
38903718,58339737092
38943760,58399800090
38983810,58459875902
39014216,58505484564
39053866,58564959694
39093900,58625010408
39133926,58685049360
39173956,58745093498
39213986,58805139092
39254016,58865184640
39294044,58925226142
39334074,58985270966
39374097,59045306350
39414120,59105340384
39454169,59165413368
39494219,59225489222
39534242,59285523788
39574269,59345563602
39614289,59405593802
39654310,59465624816
39694333,59525659768
39734360,59585700364
39774386,59645739380
39814414,59705780668
39854442,59765823678
39894475,59825872522
39934507,59885921408
39974559,59945998524
40014595,60006051976
40054618,60066087640
40094646,60126129092
40134667,60186160912
40174688,60246191644
40214713,60306230208
40254733,60366260158
40294763,60426304086
40334791,60486347034
40374822,60546393908
40414847,60606430938
40454891,60666497186
40494941,60726572440
40534962,60786603214
40574990,60846645860
40615022,60906692848
40655052,60966738214
40695078,61026776904
40735106,61086819034
40775129,61146853682
40815156,61206894938
40855181,61266930868
40895212,61326979254
40935246,61387029486
40975295,61447102232
41015335,61507163022
41055366,61567208862
41095393,61627250226
41135414,61687281568
41175439,61747318920
41215463,61807354870
41255486,61867389744
41295510,61927424910
41335540,61987470840
41375568,62047511964
41415593,62107550124
41455642,62167623564
41495690,62227695042
41535718,62287737126
41575738,62347767720
41615760,62407799612
41655782,62467832554
41695807,62527870844
41735829,62587903804
41775850,62647935742
41815883,62707984294
41855910,62768026042
41895937,62828065360
41935974,62888121222
41976023,62948195312
42016055,63008242572
42056080,63068280744
42096103,63128315200
42136127,63188350280
42176150,63248385152
42216177,63308425110
42256196,63368454898
42296224,63428496702
42336257,63488545520
42376286,63548589680
42416312,63608629048
42456359,63668698994
42496404,63728766924
42536431,63788806564
42576457,63848846052
42616481,63908882468
42656505,63968917830
42696529,64028954218
42736553,64088989550
42776579,64149028066
42816600,64209060254
42856627,64269100208
42896648,64329132510
42936683,64389185124
42976734,64449261326
43016770,64509314476
43056797,64569355548
43096828,64629402690
43136859,64689449578
43176889,64749494432
43216915,64809532310
43256948,64869582418
43296984,64929635818
43337012,64989678968
43377039,65049718820
43417064,65109756780
43457112,65169828280
43497158,65229896598
43537183,65289934972
43577210,65349975672
43617235,65410013470
43657264,65470056696
43697295,65530101962
43737317,65590135326
43777344,65650176118
43817370,65710215194
43857400,65770259698
43897431,65830306454
43937472,65890368648
43977521,65950442584
44017561,66010501214
44057584,66070536744
44097604,66130567092
44137626,66190599706
44177657,66250645626
44217679,66310678702
44257706,66370718574
44297732,66430758096
44337758,66490797450
44377782,66550834532
44417805,66610868454
44457850,66670935694
44497896,66731004758
44537924,66791046484
44577948,66851083104
44617974,66911121792
44658004,66971166512
44698031,67031207230
44738059,67091249118
44778086,67151288572
44818111,67211327218
44858136,67271363444
44898160,67331400524
44938189,67391444732
44978241,67451522124
45018278,67511577360
45058310,67571625374
45098341,67631671754
45138368,67691712086
45178393,67751749970
45218419,67811789380
45258445,67871827964
45298469,67931864206
45338498,67991907374
45378524,68051946494
45418550,68111985798
45458599,68172059466
45498647,68232131174
45529672,68278668774
45569704,68338716982
45609730,68398755230
45649747,68458780308
45689779,68518828588
45729804,68578866682
45769836,68638914788
45809865,68698957252
45849892,68758998148
45889922,68819043256
45929946,68879079312
45969997,68939155350
46010037,68999216384
46050071,69059267568
46090099,69119309168
46130131,69179357140
46170161,69239401806
46210192,69299447852
46250222,69359493422
46290255,69419543342
46330276,69479574862
46370306,69539619014
46410331,69599656550
46450372,69659718404
46490422,69719793860
46530456,69779844834
46570491,69839897050
46610524,69899946004
46650551,69959987432
46690585,70020037036
46730605,70080068862
46770627,70140100848
46810653,70200139304
46850675,70260173052
46890703,70320214786
46930735,70380262720
46970787,70440341368
47010832,70500408370
47050859,70560448162
47090892,70620497622
47130922,70680542670
47170949,70740583502
47210970,70800614510
47250996,70860653728
47291021,70920692294
47331048,70980733146
47371076,71040773818
47411102,71100813688
47451145,71160878214
47491196,71220955022
47531234,71281010612
47571263,71341054684
47611287,71401091478
47651317,71461135616
47691344,71521176344
47731370,71581215006
47771395,71641252870
47811414,71701281858
47851442,71761323050
47891461,71821352468
47931492,71881398436
47971542,71941473346
48011583,72001534720
48051613,72061579744
48091642,72121622976
48131669,72181662944
48171699,72241709048
48211729,72301754254
48251759,72361798296
48291784,72421836384
48331808,72481872384
48371834,72541910780
48411860,72601950848
48451906,72662019564
48491958,72722097092
48522270,72767565070
48562016,72827185052
48602046,72887228778
48642074,72947271578
48682099,73007308454
48722120,73067341024
48762148,73127381756
48802167,73187410808
48842196,73247454698
48882229,73307504840
48922257,73367545556
48962304,73427616358
49002353,73487690526
49042378,73547727998
49082408,73607771844
49122435,73667813250
49162459,73727848662
49202477,73787876446
49242503,73847914034
49282527,73907951090
49322555,73967993016
49362575,74028022800
49402605,74088067976
49442636,74148114170
49482689,74208193584
49522726,74268249518
49562752,74328287920
49602780,74388329772
49642812,74448377986
49682844,74508425934
49722870,74568464896
49762904,74628516124
49802928,74688551702
49842957,74748596046
49882990,74808645776
49923012,74868678772
49963057,74928745618
50003105,74988818218
50043133,75048860186
50083158,75108897043
50123189,75168944176
50163216,75228983924
50203240,75289019942
50243264,75349056600
50283289,75409094232
50323314,75469131104
50363346,75529179492
50403367,75589211208
50443400,75649260128
50483449,75709333730
50523490,75769394952
50563522,75829442868
50603553,75889489954
50643583,75949534238
50683611,76009577230
50723643,76069624316
50763672,76129668544
50803701,76189711644
50843728,76249751942
50883749,76309783562
50923777,76369825232
50963823,76429895186
51003874,76489971984
51043906,76550019402
51083941,76610071408
51123964,76670105872
51163987,76730141360
51204011,76790176988
51244041,76850221292
51284072,76910268242
51324101,76970312388
51364129,77030354218
51404155,77090392248
51444182,77150433294
51484233,77210509692
51524273,77270569716
51564303,77330615182
51604331,77390656884
51644353,77450689778
51684377,77510726422
51724397,77570755118
51764424,77630796170
51804452,77690838546
51844479,77750878100
51884503,77810914508
51924534,77870960882
51964579,77931028968
52004624,77991095852
52044653,78051139064
52084678,78111176564
52124702,78171212994
52164723,78231245404
52204750,78291286020
52244782,78351333458
52284811,78411376510
52324838,78471417514
52364859,78531448010
52404884,78591485770
52444913,78651529436
52484963,78711604412
52525001,78771662434
52565029,78831703654
52605055,78891742460
52645081,78951781826
52685112,79011829204
52725136,79071864014
52765157,79131895812
52805179,79191928502
52845202,79251962626
52885234,79312010960
52925263,79372054586
52965306,79432119022
53005355,79492193230
53045378,79552228090
53085404,79612266342
53125425,79672297138
53165450,79732334930
53205472,79792368540
53245502,79852413730
53285537,79912465418
53325562,79972502872
53365582,80032533934
53405614,80092581770
53445644,80152626476
53485696,80212704406
53525733,80272759726
53565762,80332803144
53605786,80392838310
53645817,80452885892
53685847,80512930982
53725867,80572961376
53765892,80632997844
53805914,80693031740
53845941,80753071526
53885974,80813121846
53926002,80873162912
53966041,80933221716
54006085,80993286928
54046110,81053325216
54086135,81113362298
54126161,81173401216
54166185,81233437112
54206208,81293471712
54246237,81353516042
54286258,81413547138
54326282,81473582792
54366303,81533614588
54406330,81593654650
54446358,81653697526
54486408,81713771692
54526444,81773825700
54566471,81833866408
54606498,81893906544
54646520,81953939616
54686545,82013977038
54726571,82074016172
54766594,82134051160
54806620,82194090598
54846646,82254129902
54886669,82314164378
54926693,82374199034
54966732,82434258308
55006781,82494331540
55046814,82554381796
55086845,82614427366
55126872,82674468910
55166903,82734514912
55206934,82794561540
55246958,82854596592
55286985,82914638690
55327009,82974673210
55367028,83034702550
55407053,83094740280
55447079,83154778906
55487129,83214853214
55527166,83274909976
55567194,83334950782
55607216,83394984418
55647247,83455031166
55687278,83515077402
55727308,83575122296
55767333,83635159990
55807358,83695197702
55847382,83755233470
55887404,83815265640
55927431,83875307146
55967471,83935367604
56007517,83995435938
56047540,84055469622
56087560,84115500502
56127583,84175534384
56167604,84235566066
56207628,84295602938
56247650,84355635238
56287676,84415674768
56327705,84475718130
56367736,84535763938
56407768,84595812944
56447802,84655863078
56487850,84715936094
56527891,84775996090
56567913,84836029384
56607934,84896061768
56647958,84956097938
56687982,85016134042
56728007,85076170280
56768034,85136211418
56808062,85196252626
56848091,85256296910
56888124,85316347154
56928161,85376402302
56968203,85436465574
57008252,85496537874
57039274,85543070656
57079308,85603123030
57119338,85663167720
57159363,85723205486
57199392,85783247602
57239418,85843287598
57279443,85903324290
57319471,85963367146
57359504,86023417010
57399533,86083460578
57439555,86143492058
57479605,86203568684
57519648,86263632614
57559677,86323676092
57599703,86383715342
57639728,86443751602
57679755,86503793002
57719775,86563822038
57759798,86623857900
57799821,86683891664
57839848,86743932616
57879881,86803982318
57919915,86864032820
57959953,86924090096
58000002,86984163210
58040034,87044212102
58080056,87104244488
58120085,87164288450
58160112,87224328898
58200134,87284360490
58240157,87344395826
58280182,87404433784
58320209,87464473996
58360238,87524517626
58400267,87584561126
58440293,87644600418
58480342,87704673954
58520385,87764737640
58560418,87824786460
58600449,87884833846
58640470,87944865846
58680491,88004897322
58720517,88064935598
58760542,88124973140
58800561,88185001304
58840591,88245046218
58880618,88305088032
58920645,88365128266
58960684,88425187022
59000733,88485260304
59040768,88545312476
59080797,88605355920
59120823,88665394284
59160845,88725427280
59200874,88785471264
59240900,88845509590
59280922,88905543250
59320942,88965572476
59360970,89025614598
59401003,89085664356
59441026,89145699304
59481075,89205773768
59521118,89265837488
59561147,89325880834
59601175,89385923036
59641206,89445969892
59681240,89506020384
59721275,89566073560
59761308,89626121820
59801335,89686163236
59841360,89746200616
59881393,89806250010
59921426,89866299194
59961465,89926358346
60001511,89986427426
60041545,90046477636
60081574,90106521362
60121602,90166564564
60161624,90226596746
60201650,90286635146
60241672,90346667772
60281693,90406699112
60321717,90466735706
60361738,90526767132
60401762,90586803134
60441787,90646840372
60481836,90706914220
60521878,90766977550
60561904,90827016366
60601931,90887057072
60641962,90947103308
60681996,91007153908
60722021,91067192408
60762055,91127242488
60802088,91187292626
60842121,91247342068
60882146,91307379486
60922170,91367414906
60962204,91427466658
61002254,91487541854
61032617,91533085322
61072305,91592617140
61112329,91652653360
61152357,91712696504
61192387,91772740412
61232407,91832770330
61272436,91892814740
61312463,91952855534
61352489,92012894342
61392519,92072938510
61432548,92132981844
61472592,92193047872
61512640,92253120284
61552676,92313174324
61592708,92373221748
61632739,92433269326
61672768,92493311872
61712796,92553354536
61752825,92613397660
61792850,92673435772
61832873,92733469346
61872901,92793511888
61912930,92853555726
61952962,92913603126
61993013,92973680190
62033049,93033733410
62073077,93093776068
62113103,93153814938
62153129,93213853354
62193156,93273893878
62233180,93333930498
62273202,93393963506
62313235,93454013104
62353266,93514059894
62393288,93574092806
62433317,93634135672
62473358,93694197844
62513399,93754258738
62553422,93814293830
62593453,93874339464
62633481,93934381834
62673508,93994422636
62713533,94054460356
62753560,94114500856
62793589,94174543550
62833616,94234584180
62873638,94294617722
62913665,94354658642
62953693,94414700682
62993744,94474776684
63033777,94534825200
63073805,94594867180
63113828,94654901924
63153854,94714942088
63193874,94774971650
63233900,94835010944
63273925,94895047200
63313947,94955080650
63353972,95015118446
63393999,95075158806
63434023,95135194240
63474068,95195261672
63514115,95255332662
63554140,95315370048
63594163,95375404218
63634182,95435433536
63674202,95495463352
63714227,95555500328
63754253,95615539944
63794280,95675580136
63834302,95735612734
63874328,95795652284
63914354,95855690674
63954382,95915733534
63994430,95975804800
64034466,96035859022
64074492,96095898944
64114517,96155936460
64154546,96215979050
64194569,96276013938
64234593,96336050348
64274614,96396081636
64314638,96456117356
64354661,96516152320
64394684,96576187028
64434710,96636225934
64474754,96696291308
64514802,96756363002
64554830,96816405514
64594860,96876450946
64634887,96936491578
64674920,96996539640
64714947,97056581004
64754970,97116615802
64794995,97176653602
64835017,97236685418
64875043,97296725086
64915064,97356755520
64955093,97416800702
64995145,97476878138
65035182,97536933270
65075208,97596973038
65115235,97657012156
65155259,97717049028
65195289,97777094792
65235313,97837129764
65275335,97897163170
65315362,97957202706
65355384,98017235962
65395414,98077281498
65435443,98137325230
65475483,98197385858
65515530,98257455222
65555554,98317492010
65595579,98377528920
65635603,98437564758
65675631,98497606270
65715653,98557640130
65755678,98617677622
65795701,98677712090
65835722,98737743560
65875749,98797784294
65915772,98857818442
65955802,98917863950
65995851,98977936926
66035892,99037998102
66075923,99098044612
66115946,99158078912
66155970,99218114646
66195995,99278153352
66236018,99338187334
66276049,99398233498
66316083,99458284170
66356111,99518327554
66396137,99578365280
66436158,99638397868
66476198,99698457200
66516244,99758525740
66556273,99818570574
66596301,99878612448
66636329,99938653142
66676354,99998691244
66716376,100058724266
66756399,100118759442
66796422,100178792808
66836449,100238833768
66876471,100298866898
66916492,100358898830
66956522,100418943346
66996573,100479020192
67036607,100539071342
67076638,100599117740
67116665,100659157550
67156688,100719191678
67196709,100779224606
67236738,100839267038
67276769,100899313630
67316793,100959349366
67356817,101019386296
67396846,101079429674
67436880,101139480598
67476921,101199541742
67516972,101259618372
67556998,101319656546
67597024,101379696974
67637052,101439738768
67677080,101499780916
67717109,101559823942
67757135,101619863014
67797156,101679893854
67837184,101739936912
67877208,101799971838
67917229,101860004468
67957260,101920049838
67997309,101980123464
68037339,102040169332
68077364,102100206204
68117388,102160241950
68157410,102220275564
68197432,102280308480
68237459,102340349348
68277486,102400389280
68317514,102460432248
68357536,102520464482
68397567,102580511336
68437597,102640556478
68477641,102700622552
68517687,102760691092
68548709,102807223422
68588742,102867273350
68628774,102927320974
68668793,102987350494
68708821,103047392702
68748843,103107424550
68788865,103167457052
68828887,103227491004
68868914,103287532066
68908940,103347570282
68948965,103407607098
68989017,103467686038
69029059,103527748886
69069090,103587794922
69109110,103647825472
69149136,103707863532
69189163,103767904484
69229186,103827939670
69269212,103887978602
69309234,103948011636
69349260,104008049768
69389284,104068085478
69429307,104128120976
69469345,104188178464
69509397,104248256566
69549433,104308308836
69589463,104368354028
69629490,104428395582
69669516,104488434604
69709542,104548472528
69749567,104608510924
69789590,104668545872
69829618,104728586974
69869640,104788620384
69909662,104848653558
69949690,104908694848
69989741,104968772176
70029779,105028827996
70069801,105088862394
70109825,105148897166
70149854,105208940744
70189882,105268982760
70229917,105329036118
70269941,105389071412
70309967,105449110648
70349987,105509141534
70390014,105569180518
70430043,105629225308
70470085,105689287466
70510137,105749365798
70550165,105809407512
70590201,105869461278
70630222,105929493726
70670248,105989532338
70710276,106049574884
70750309,106109623410
70790334,106169661798
70830362,106229703656
70870387,106289740656
70910410,106349775064
70950432,106409807610
70990481,106469881914
71030521,106529942128
71070551,106589986648
71110579,106650029422
71150613,106710080068
71190636,106770114640
71230662,106830153346
71270681,106890181450
71310709,106950223826
71350739,107010268388
71390766,107070308664
71430793,107130349392
71470830,107190406088
71510883,107250484404
71550910,107310525264
71590932,107370557434
71630955,107430592412
71670975,107490623068
71711003,107550664038
71751029,107610703880
71791053,107670739142
71831078,107730777582
71871104,107790815910
71911126,107850848954
71951152,107910887588
71991202,107970962958
72031245,108031028386
72071273,108091069294
72111297,108151106166
72151321,108211141830
72191349,108271183646
72231376,108331224370
72271404,108391266816
72311432,108451307782
72351456,108511343618
72391483,108571383712
72431506,108631418254
72471541,108691472038
72511590,108751545340
72542030,108797204490
72581647,108856631376
72621675,108916672814
72661702,108976712864
72701731,109036756720
72741759,109096798938
72781784,109156835692
72821810,109216875796
72861837,109276916408
72901858,109336947838
72941884,109396986232
72981926,109457049748
73021971,109517116132
73062003,109577163982
73102039,109637218496
73142066,109697259594
73182087,109757291458
73222109,109817324246
73262134,109877361682
73302162,109937403028
73342189,109997443450
73382210,110057475854
73422232,110117508944
73462263,110177554522
73502313,110237630496
73542350,110297686000
73582379,110357728688
73622407,110417770904
73662428,110477802834
73702454,110537840820
73742475,110597872848
73782500,110657909768
73822523,110717944170
73862546,110777978974
73902572,110838018176
73942603,110898064222
73982648,110958131726
74022698,111018206868
74062725,111078247674
74102748,111138281984
74142773,111198320148
74182795,111258352114
74222816,111318384028
74262840,111378420400
74302863,111438454512
74342893,111498499968
74382919,111558539394
74422946,111618578502
74462979,111678629186
74503031,111738706920
74543069,111798764302
74583099,111858809304
74623130,111918855036
74663151,111978886310
74703177,112038925846
74743197,112098956066
74783227,112159000792
74823254,112219040786
74863274,112279070678
74903298,112339107952
74943327,112399150900
74983370,112459216062
75023414,112519281100
75063443,112579325386
75103474,112639370884
75143501,112699410906
75183530,112759455644
75223556,112819493666
75263587,112879540830
75303615,112939582324
75343645,112999628498
75383671,113059666808
75423700,113119709538
75463739,113179769472
75503792,113239848302
75543828,113299902198
75583862,113359953066
75623896,113420003646
75663929,113480053336
75703956,113540094958
75743981,113600132132
75784003,113660164282
75824034,113720211066
75864061,113780252214
75904085,113840287464
75944114,113900331726
75984160,113960400422
76024211,114020476972
76064239,114080519230
76104268,114140561754
76144298,114200607190
76184330,114260655934
76224355,114320693318
76264385,114380738560
76304404,114440765952
76344430,114500805020
76384458,114560847270
76424491,114620896356
76464522,114680942824
76504571,114741016550
76544612,114801078724
76584637,114861116402
76624663,114921155190
76664695,114981202370
76704726,115041248642
76744754,115101291190
76784784,115161336360
76824810,115221374810
76864842,115281423246
76904873,115341469066
76944900,115401510122
76984943,115461574730
77024993,115521650296
77065025,115581698474
77105054,115641742298
77145084,115701786128
77185106,115761818510
77225129,115821854344
77265151,115881886450
77305175,115941923374
77345197,116001956062
77385222,116061993096
77425242,116122023154
77465272,116182067914
77505320,116242140224
77545361,116302201712
77585387,116362240522
77625412,116422278414
77665440,116482320260
77705468,116542362536
77745488,116602392778
77785514,116662431242
77825539,116722468572
77865564,116782506586
77905587,116842540342
77945612,116902578750
77985655,116962643354
78025706,117022719708
78056729,117069252904
78096755,117129291970
78136778,117189326140
78176806,117249369418
78216828,117309402626
78256853,117369439998
78296881,117429480856
78336909,117489523110
78376939,117549567972
78416967,117609610332
78456997,117669655260
78497046,117729729638
78537087,117789791232
78577113,117849829740
78617143,117909875224
78657162,117969904026
78697187,118029941110
78737212,118089978580
78777247,118150031134
78817275,118210073438
78857301,118270110802
78897332,118330159020
78937359,118390198718
78977398,118450257382
79017446,118510328742
79057475,118570372402
79097502,118630413956
79137527,118690450464
79177561,118750501628
79217585,118810537252
79257610,118870574162
79297637,118930616660
79337663,118990654808
79377691,119050696094
79417718,119110736990
79457747,119170781866
79497798,119230857880
79537842,119290922294
79577873,119350969950
79617901,119411011456
79657928,119471052900
79697963,119531104528
79738000,119591159866
79778022,119651193522
79818049,119711233692
79858077,119771275180
79898103,119831313780
79938130,119891355230
79978163,119951404926
80018216,120011483452
80058248,120071531556
80098278,120131576892
80138303,120191615252
80178328,120251651690
80218352,120311687760
80258376,120371723228
80298407,120431770182
80338439,120491818958
80378474,120551871874
80418505,120611916884
80458533,120671959328
80498584,120732035990
80538629,120792103024
80578655,120852143286
80618689,120912194372
80658721,120972241134
80698740,121032269400
80738767,121092311260
80778791,121152346454
80818818,121212386644
80858843,121272425062
80898871,121332466132
80938898,121392506608
80978941,121452571904
81018992,121512648566
81049354,121558191146
81089052,121617738554
81129084,121677785464
81169116,121737834000
81209149,121797883294
81249175,121857923266
81289208,121917971896
81329236,121978015044
81369265,122038058186
81409295,122098102308
81449326,122158148718
81489371,122218217336
81529423,122278295456
81569449,122338334212
81609469,122398364394
81649491,122458397308
81689519,122518438650
81729542,122578473728
81769568,122638512546
81809595,122698553336
81849622,122758592822
81889646,122818629034
81929666,122878659592
81969699,122938708194
82009749,122998784566
82049785,123058837826
82089812,123118878990
82129838,123178917830
82169864,123238956404
82209897,123299006428
82249930,123359054982
82289958,123419096662
82329979,123479128388
82370007,123539170446
82410035,123599212946
82450058,123659247824
82490102,123719312612
82530152,123779387928
82570180,123839430252
82610201,123899462322
82650229,123959503646
82690253,124019539418
82730274,124079571816
82770298,124139606960
82810323,124199644490
82850344,124259676134
82890369,124319714134
82930396,124379753522
82970428,124439801798
83010476,124499875020
83050515,124559932314
83090542,124619973806
83130568,124680012074
83170590,124740045004
83210616,124800083638
83250639,124860118786
83290661,124920151506
83330685,124980188284
83370713,125040230080
83410746,125100278650
83450780,125160330862
83490826,125220398976
83530877,125280475410
83570906,125340519526
83610938,125400566740
83650969,125460614204
83690995,125520653064
83731021,125580691348
83771049,125640733804
83811084,125700786552
83851110,125760825138
83891133,125820859512
83931159,125880899186
83971192,125940948512
84011243,126001024242
84051282,126061083242
84091313,126121130890
84131344,126181176524
84171370,126241215446
84211392,126301247602
84251412,126361277692
84291438,126421317696
84331462,126481353506
84371494,126541401758
84411526,126601448600
84451556,126661493692
84491599,126721558446
84531650,126781635336
84571675,126841673062
84611694,126901702284
84651724,126961746268
84691752,127021788464
84731781,127081832004
84771809,127141874024
84811836,127201914204
84851865,127261957034
84891889,127321995540
84931919,127382038630
84971954,127442092090
85012002,127502163202
85052044,127562226918
85092076,127622274446
85132107,127682320122
85172129,127742353758
85212150,127802385598
85252178,127862427270
85292205,127922467630
85332236,127982513618
85372260,128042549792
85412291,128102597398
85452318,128162637806
85492361,128222701874
85532409,128282774758
85572432,128342808934
85612460,128402850766
85652488,128462892674
85692518,128522936842
85732543,128582974294
85772570,128643014532
85812595,128703053030
85852623,128763094816
85892651,128823136820
85932678,128883177548
85972708,128943222938
86012759,129003299332
86052800,129063360380
86092824,129123396034
86132849,129183433322
86172869,129243463938
86212895,129303502116
86252922,129363542794
86292943,129423574444
86332968,129483612644
86372993,129543649294
86413013,129603680352
86453037,129663715716
86493082,129723783296
86533130,129783854568
86573155,129843892988
86613187,129903941314
86653214,129963981696
86693243,130024024168
86733264,130084055704
86773292,130144098362
86813313,130204129744
86853335,130264163404
86893360,130324199810
86933379,130384229168
86973409,130444274204
87013461,130504351708
87053503,130564414750
87084525,130610947750
87124551,130670986850
87164578,130731027650
87204603,130791065270
87244631,130851106214
87284658,130911147644
87324688,130971192190
87364720,131031240842
87404748,131091282952
87444777,131151326010
87484819,131211389008
87524870,131271465014
87564902,131331513492
87604933,131391559444
87644957,131451595100
87684987,131511640602
87725017,131571685820
87765049,131631733168
87805074,131691771672
87845103,131751814696
87885135,131811863050
87925159,131871899308
87965184,131931935714
88005235,131992013332
88045282,132052082924
88085310,132112125120
88125340,132172170792
88165367,132232210598
88205389,132292243332
88245415,132352282510
88285442,132412323104
88325471,132472367384
88365501,132532412494
88405530,132592456198
88445557,132652495910
88485596,132712555098
88525647,132772630164
88565680,132832680224
88605711,132892726100
88645737,132952766060
88685765,133012807608
88725793,133072850016
88765823,133132895126
88805849,133192933318
88845877,133252976066
88885897,133313005910
88925922,133373042182
88965948,133433082126
89006001,133493161490
89046049,133553234046
89086077,133613275964
89126104,133673316410
89166130,133733354790
89206156,133793394216
89246185,133853438226
89286209,133913473274
89326231,133973507126
89366257,134033545654
89406279,134093578316
89446300,134153610192
89486338,134213667784
89526391,134273746632
89556766,134319308758
89596447,134378831106
89636477,134438875464
89676506,134498919348
89716531,134558956594
89756561,134619001880
89796590,134679045578
89836613,134739079416
89876636,134799113892
89916665,134859157218
89956686,134919189644
89996734,134979261852
90036784,135039336848
90076815,135099382394
90116843,135159424390
90156870,135219464982
90196892,135279497816
90236918,135339537478
90276947,135399580014
90316970,135459615834
90356996,135519653776
90397019,135579688248
90437045,135639727720
90477075,135699772940
90517127,135759850372
90557171,135819917138
90597199,135879959396
90637233,135940009532
90677265,136000057758
90717288,136060092186
90757308,136120122996
90797329,136180154274
90837355,136240192414
90877388,136300243010
90917417,136360286034
90957445,136420327418
90997491,136480397368
91037543,136540474966
91077579,136600528602
91117606,136660569354
91157634,136720610972
91197667,136780660176
91237695,136840702962
91277721,136900741592
91317746,136960779376
91357770,137020814772
91397793,137080850080
91437821,137140892204
91477860,137200950704
91517911,137261026232
91557951,137321087110
91597977,137381126288
91638007,137441171466
91678036,137501214938
91718067,137561260150
91758090,137621295474
91798113,137681330602
91838140,137741370090
91878171,137801416758
91918198,137861457232
91958230,137921505318
91998272,137981568464
92038322,138041643000
92078352,138101687956
92118383,138161734702
92158406,138221768996
92198434,138281812074
92238460,138341850976
92278492,138401898100
92318518,138461937148
92358538,138521967066
92398567,138582011076
92438599,138642058760
92478632,138702108338
92518681,138762181962
92558714,138822231692
92598741,138882272270
92638765,138942308488
92678786,139002339280
92718808,139062372110
92758831,139122407426
92798855,139182443110
92838884,139242486290
92878912,139302528990
92918942,139362573846
92958970,139422615990
92999015,139482682962
93039066,139542759132
93079093,139602800522
93119113,139662830544
93159140,139722871160
93199164,139782906932
93239188,139842942594
93279210,139902975336
93319236,139963014454
93359264,140023056108
93399295,140083103432
93439319,140143139522
93479355,140203192796
93519402,140263264124
93559439,140323318456
93599469,140383364840
93639496,140443405286
93679529,140503453872
93719561,140563501844
93759588,140623542930
93799618,140683587474
93839648,140743632028
93879673,140803670460
93919699,140863709578
93959721,140923741832
93999764,140983806988
94039813,141043880066
94079843,141103924650
94119865,141163958648
94159889,141223994324
94199912,141284029080
94239937,141344066034
94279960,141404100792
94319986,141464139218
94360012,141524178678
94400047,141584231584
94440075,141644272918
94480105,141704317998
94520156,141764393928
94560198,141824457874
94600227,141884501502
94640251,141944536952
94680275,142004573246
94720307,142064620962
94760339,142124668432
94800363,142184704598
94840390,142244745688
94880415,142304782432
94920446,142364829602
94960474,142424872294
95000519,142484938412
95040572,142545017734
95071595,142591552220
95111618,142651587356
95151645,142711627592
95191670,142771664774
95231688,142831692678
95271714,142891731134
95311738,142951766602
95351766,143011809764
95391790,143071846046
95431820,143131890678
95471848,143191932778
95511895,143252003446
95551941,143312071384
95591964,143372106540
95631988,143432143048
95672019,143492189152
95712050,143552234858
95752079,143612279596
95792111,143672326612
95832139,143732369230
95872159,143792398952
95912185,143852437582
95952211,143912477664
95992253,143972539796
96032303,144032614496
96072333,144092659210
96112366,144152709272
96152390,144212745574
96192418,144272786512
96232446,144332828938
96272470,144392864656
96312495,144452902802
96352518,144512937450
96392543,144572974546
96432567,144633011318
96472593,144693050206
96512643,144753124848
96552685,144813187162
96592716,144873235182
96632743,144933275762
96672765,144993308014
96712791,145053346802
96752823,145113395210
96792859,145173448558
96832886,145233489162
96872914,145293531564
96912946,145353579382
96952976,145413624010
96993016,145473685314
97033066,145533759298
97073100,145593810768
97113124,145653845910
97153151,145713886792
97193172,145773919044
97233193,145833950212
97273221,145893991754
97313248,145954031996
97353276,146014075214
97393305,146074117806
97433328,146134152352
97473358,146194196980
97513408,146254272550
97553454,146314341522
97593482,146374383990
97633510,146434425620
97673539,146494468816
97713570,146554515134
97753598,146614557972
97793632,146674608702
97833658,146734647426
97873681,146794681404
97913707,146854720606
97953736,146914764412
97993776,146974823924
98033827,147034901044
98064265,147080557992
98103892,147139997992
98143926,147200049868
98183953,147260089460
98223980,147320130148
98264011,147380176212
98304038,147440216716
98344062,147500253100
98384090,147560295064
98424115,147620332598
98464144,147680375830
98504192,147740448058
98544243,147800525236
98584271,147860567042
98624303,147920615500
98664338,147980667806
98704374,148040721402
98744409,148100773986
98784443,148160824740
98824477,148220875952
98864505,148280917492
98904533,148340960740
98944559,148400999660
98984598,148461057230
99024650,148521135706
99064690,148581194966
99104719,148641238906
99144748,148701282828
99184778,148761326602
99224806,148821369584
99264828,148881401900
99304850,148941436004
99344877,149001475924
99384901,149061512572
99424926,149121549300
99464947,149181580212
99504995,149241653308
99545047,149301730254
99585071,149361766518
99625096,149421803720
99665121,149481841432
99705146,149541878754
99745178,149601927936
99785205,149661968422
99825235,149722012232
99865259,149782048134
99905283,149842085888
99945315,149902132048
99985353,149962190598
100025407,150022270344
100065445,150082328592
100105474,150142371924
100145503,150202415366
100185538,150262467712
100225575,150322522336
100265604,150382566316
100305633,150442610276
100345658,150502647028
100385687,150562690792
100425714,150622731118
100465743,150682775124
100505789,150742844296
100545839,150802919016
100585871,150862966380
100625903,150923014530
100665928,150983053366
100705963,151043105430
100745992,151103148468
100786019,151163188474
100826046,151223228720
100866072,151283268190
100906098,151343307196
100946121,151403341194
100986153,151463390890
101026204,151523466718
101066243,151583524848
101106265,151643558432
101146296,151703604788
101186327,151763651692
101226359,151823698252
101266392,151883747626
101306423,151943794302
101346458,152003847014
101386493,152063899658
101426526,152123949868
101466559,152183998904
101506608,152244073078
101546659,152304148614
101586692,152364198780
101626717,152424235186
101666746,152484279090
101706773,152544319408
101746799,152604359644
101786824,152664396502
101826848,152724431526
101866867,152784461210
101906892,152844497484
101946911,152904527374
101986947,152964581404
102026995,153024652918
102067032,153084708114
102107052,153144738744
102147076,153204773720
102187103,153264814422
102227128,153324851528
102267159,153384898890
102307191,153444947170
102347215,153504982478
102387237,153565015366
102427261,153625051858
102467286,153685089124
102507331,153745156404
102547379,153805229354
102587407,153865271506
102627431,153925306620
102667455,153985342312
102707479,154045378930
102747505,154105417214
102787532,154165457772
102827565,154225507658
102867596,154285554072
102907624,154345596962
102947653,154405639658
102987689,154465694388
103027739,154525768440
103067781,154585831346
103107804,154645865922
103147829,154705903692
103187855,154765942232
103227875,154825972944
103267894,154886001436
103307919,154946038750
103347941,155006072398
103387966,155066109924
103427994,155126151852
103468025,155186197422
103508073,155246269498
103548121,155306341910
103588149,155366384710
103628180,155426430082
103668210,155486475810
103708232,155546508256
103748259,155606548606
103788288,155666591700
103828319,155726638682
103868346,155786678854
103908380,155846731000
103948409,155906774190
103988441,155966822282
104028489,156026893984
104068528,156086952614
104108558,156146996814
104148588,156207041652
104188619,156267088904
104228647,156327130288
104268678,156387176930
104308706,156447218946
104348729,156507253984
104388754,156567291708
104428786,156627339324
104468818,156687387156
104508864,156747455986
104548913,156807529336
104588945,156867578386
104628971,156927616652
104668995,156987651890
104709023,157047694360
104749044,157107726830
104789070,157167764746
104829100,157227810374
104869132,157287858394
104909162,157347904058
104949190,157407945016
104989226,157467999242
105029277,157528076242
105069315,157588132932
105100343,157634674912
105140365,157694707754
105180390,157754744932
105220417,157814785990
105260438,157874817592
105300467,157934860650
105340485,157994888432
105380509,158054924328
105420539,158114969134
105460567,158175010436
105500610,158235075770
105540663,158295155352
105580696,158355204738
105620729,158415253610
105660764,158475306232
105700795,158535353174
105740831,158595407712
105780861,158655452030
105820887,158715490342
105860914,158775531172
105900944,158835575582
105940972,158895617702
105981001,158955661214
106021051,159015737278
106061097,159075805466
106101121,159135841650
106141155,159195892952
106181194,159255950746
106221227,159316001306
106261259,159376048962
106301286,159436089892
106341309,159496124026
106381335,159556163140
106421357,159616196460
106461380,159676229540
106501417,159736285886
106541466,159796360096
106581494,159856400572
106621517,159916436598
106661545,159976478564
106701575,160036522674
106741601,160096562026
106781629,160156603334
106821655,160216642966
106861682,160276683872
106901707,160336721382
106941729,160396753232
106981755,160456793052
107021804,160516866920
107061849,160576934296
107101879,160636977990
107141903,160697014682
107181932,160757057754
107221954,160817090840
107261977,160877125680
107302005,160937167162
107342034,160997210870
107382060,161057250720
107422087,161117291078
107462113,161177330032
107502155,161237392432
107542202,161297463218
107572523,161342944718
107612256,161402544378
107652284,161462586304
107692310,161522625366
107732344,161582676692
107772381,161642731786
107812414,161702781180
107852446,161762829744
107892471,161822867458
107932502,161882912720
107972528,161942951970
108012575,162003023832
108052624,162063096788
108092651,162123136808
108132682,162183182504
108172708,162243223096
108212736,162303264184
108252763,162363304830
108292786,162423338584
108332816,162483384018
108372845,162543427592
108412875,162603473194
108452900,162663510298
108492932,162723557990
108532982,162783632924
108573020,162843690476
108613043,162903725422
108653072,162963767616
108693100,163023809744
108733124,163083846746
108773149,163143883848
108813174,163203921606
108853199,163263959632
108893221,163323991028
108933242,163384022820
108973270,163444065286
109013318,163504137000
109053368,163564212356
109093398,163624257200
109133426,163684299022
109173453,163744339678
109213480,163804380558
109253510,163864424862
109293538,163924466634
109333568,163984512960
109373603,164044564768
109413628,164104602302
109453649,164164633998
109493685,164224687494
109533734,164284760960
109573771,164344817410
109613804,164404866558
109653834,164464911928
109693862,164524953744
109733886,164584990042
109773913,164645029806
109813937,164705065756
109853958,164765097598
109893980,164825129910
109934004,164885166712
109974029,164945203668
110014079,165005279806
110054126,165065349474
110094159,165125397990
110134189,165185444192
110174217,165245485706
110214248,165305532910
110254276,165365574958
110294307,165425620516
110334337,165485665180
110374367,165545710142
110414395,165605752594
110454426,165665799180
110494463,165725855340
110534516,165785934226
110574554,165845990592
110614580,165906030130
110654612,165966078014
110694641,166026122386
110734669,166086163612
110774700,166146210194
110814727,166206250904
110854748,166266282982
110894775,166326323320
110934807,166386370794
110974836,166446414656
111014882,166506483786
111054931,166566556374
111094962,166626603132
111134987,166686640148
111175013,166746680000
111215032,166806708796
111255054,166866742212
111295077,166926775016
111335103,166986814740
111375128,167046851992
111415153,167106890148
111455181,167166931092
111495219,167226988684
111535270,167287065334
111575311,167347127416
111615340,167407169832
111655361,167467201370
111695387,167527240690
111735413,167587279762
111775441,167647322360
111815468,167707361650
111855492,167767398626
111895519,167827439346
111935549,167887483708
111975576,167947524488
112015622,168007593252
112055670,168067664620
112095693,168127699804
112135723,168187745104
112175749,168247783858
112215775,168307822102
112255794,168367851112
112295816,168427883998
112335838,168487917624
112375867,168547961140
112415904,168608016712
112455937,168668065384
112495976,168728124724
112536028,168788202432
112576068,168848262206
112616102,168908313320
112656137,168968365638
112696169,169028413804
112736200,169088460872
112776224,169148496490
112816248,169208531880
112856269,169268563858
112896293,169328600180
112936314,169388631022
112976341,169448671222
113016387,169508741218
113056438,169568817716
113096464,169628855606
113136492,169688899002
113176525,169748947792
113216561,169809002032
113256596,169869054628
113296620,169929091142
113336644,169989126476
113376670,170049164822
113416696,170109204834
113456718,170169236488
113496752,170229287834
113536803,170289364508
113576842,170349422558
113616869,170409464316
113656900,170469510066
113696936,170529563972
113736966,170589609280
113776991,170649646380
113817013,170709680758
113857037,170769716228
113897063,170829754898
113937089,170889794766
113977116,170949834110
114017162,171009904166
114057215,171069982006
114097246,171130029720
114137279,171190078628
114177310,171250125592
114217338,171310166938
114257365,171370207778
114297392,171430247740
114337420,171490290066
114377448,171550332758
114417475,171610373318
114457505,171670417262
114497543,171730474806
114537593,171790549894
114577634,171850611830
114617660,171910651010
114657684,171970687022
114697713,172030730248
114737744,172090775830
114777773,172150820356
114817800,172210860788
114857821,172270891990
114897848,172330932308
114937871,172390966436
114977894,172451000578
115017941,172511071754
115057988,172571143092
115098022,172631192780
115138046,172691228934
115178069,172751264226
115218099,172811309260
115258122,172871343996
115298147,172931380228
115338172,172991418670
115378197,173051455556
115418218,173111486728
115458247,173171530366
115498281,173231582504
115538333,173291659508
115578372,173351718048
115609393,173398249600
115649414,173458281038
115689436,173518314222
115729461,173578352078
115769488,173638392660
115809514,173698431798
115849547,173758481380
115889578,173818526832
115929608,173878571604
115969630,173938604900
116009670,173998666090
116049723,174058745256
116089751,174118786960
116129781,174178832636
116169812,174238879106
116209841,174298921238
116249866,174358959856
116289891,174418995922
116329915,174479032186
116369945,174539078124
116409977,174599126428
116449998,174659157226
116490031,174719206252
116530079,174779279442
116570121,174839340914
116610144,174899376644
116650164,174959406404
116690192,175019447678
116730213,175079480176
116770242,175139523712
116810269,175199564448
116850296,175259604684
116890320,175319640576
116930344,175379675998
116970375,175439723236
117010416,175499784080
117050468,175559861812
117090499,175619909196
117130525,175679947646
117170557,175739996212
117210582,175800034190
117250614,175860081472
117290642,175920123776
117330662,175980153860
117370687,176040191478
117410714,176100231350
117450751,176160286740
117490782,176220332848
117530832,176280408128
117570876,176340474600
117610909,176400523042
117650939,176460569368
117690965,176520607748
117730990,176580645906
117771011,176640676418
117811040,176700720552
117851063,176760754886
117891085,176820787858
117931107,176880820090
117971130,176940854820
118011170,177000916014
118051222,177060992778
118091248,177121032872
118131275,177181072048
118171300,177241110778
118211331,177301157278
118251359,177361198014
118291381,177421231714
118331405,177481267350
118371429,177541304344
118411449,177601333788
118451470,177661365422
118491498,177721407002
118531548,177781481840
118571591,177841547066
118611616,177901583694
118651635,177961612384
118691662,178021653384
118731690,178081695848
118771723,178141744954
118811745,178201777742
118851767,178261811000
118891789,178321843810
118931815,178381882862
118971839,178441919052
119011878,178501977806
119051928,178562052364
119082293,178607599610
119121979,178667128294
119162003,178727164388
119202027,178787200584
119242057,178847245044
119282083,178907284634
119322108,178967322124
119362138,179027367992
119402167,179087409962
119442190,179147445650
119482217,179207486370
119522266,179267558884
119562312,179327628038
119602345,179387677132
119642381,179447731916
119682411,179507776986
119722437,179567816184
119762463,179627855368
119802486,179687889146
119842506,179747919540
119882533,179807959162
119922559,179867998310
119962592,179928048024
120002631,179988106886
120042682,180048183176
120082721,180108242366
120122756,180168294930
120162789,180228344152
120202819,180288388946
120242844,180348426554
120282880,180408480678
120322912,180468527982
120362946,180528579432
120402980,180588630882
120443012,180648678574
120483043,180708725110
120523094,180768801722
120563141,180828871228
120603165,180888908482
120643198,180948957922
120683234,181009010954
120720101,181064312024
120759309,181064511734
120799364,181064645531
120839417,181064781330
120879470,181064913496
120919522,181065047061
120959577,181065181625
120999631,181065313589
121039691,181065464876
121079751,181065617543
121113802,181065766821
121153862,181065920245
TS,1
30510,30968221
70571,30978409
110633,30988597
150695,30998785
190757,31008973
230819,31019161
270881,31029349
310943,31039537
351005,31049725
391067,31059913
431129,31070101
471193,31080289
511247,35990783
551298,42292018
591349,48735058
631401,54505318
671450,60547536
711501,66923799
751552,73279979
791602,79616520
831653,85927490
871702,92213270
911738,98544243
951775,104917604
991802,111255489
1031834,117068486
1071865,122842715
1111894,130109621
1151919,136460838
1191940,143053534
1231963,149560042
1271988,156036306
1312014,162893278
1352037,168731174
1392065,174984110
1432116,180931468
1472159,186346437
1511186,192593050
1551216,199066796
1591244,203783177
1631274,210716215
1671308,217898049
1711341,224364565
1751364,230386248
1791387,237156093
1831410,243663311
1871436,250009546
1911475,256346688
1951527,262601601
1991562,268985109
2031596,275301127
2071625,281641137
2111650,286411111
2151680,292924349
2191706,299469967
2231738,307031790
2271775,313556195
2311808,320005436
2351837,326271970
2391865,332494774
2431913,337827553
2471956,344039768
2511980,350469212
2552003,356709664
2592026,363547474
2632048,368706059
2672068,374814680
2712091,381464672
2752116,388180208
2792144,394894011
2832173,401316240
2872196,407666734
2912230,414055625
2952281,420325825
2982697,424841008
3022338,430600979
3062363,436766082
3102386,442985821
3142409,448903542
3182433,454349971
3222463,460747166
3262491,466102945
3302517,472473066
3342541,478878343
3382564,485198206
3422606,491048013
3462657,496833888
3502684,503234917
3542715,510626499
3582747,516933734
3622779,523148963
3662800,528977885
3702826,534353958
3742846,540875061
3782872,547439031
3822903,554504470
3862934,560719984
3902965,566720391
3943015,572402199
3983056,578215190
4023088,584622604
4063115,591219962
4103140,598027207
4143169,604534401
4183196,611085064
4223222,615699107
4263256,622199297
4303289,628720513
4343312,635238349
4383338,641752290
4423383,648111843
4463434,654389322
4503460,660783140
4543489,667199873
4583515,673436671
4623538,679674914
4663566,686009574
4703591,692263951
4743613,697117720
4783637,703680769
4823663,710214190
4863695,716601919
4903727,722860286
4943778,728404129
4983819,735036625
5023847,741913499
5063870,747463174
5103891,754200386
5143914,761140514
5183941,767026915
5223965,773209180
5263985,778414046
5304013,784335313
5344043,790904778
5384067,797881111
5424109,804161030
5464160,809755246
5504196,816696829
5544228,822557862
5584253,828755854
5624280,834942176
5664299,840212465
5704325,846416165
5744348,852597069
5784369,859429775
5824391,863775173
5864417,870301727
5904448,876793088
5944498,883209548
5984542,889625416
6024570,896135975
6064601,902613771
6104637,909246907
6144664,915291666
6184685,921614909
6224713,928840779
6264737,935299133
6304758,942153657
6344778,946497127
6384803,953212696
6424850,959612035
6464898,965960229
6504929,972482820
6544959,979129437
6584988,986373423
6625017,992800255
6665053,999207766
6705088,1006061317
6745123,1012555106
6785147,1018683669
6825172,1024885284
6865201,1030017528
6905233,1036177099
6945283,1042175209
6985321,1048608053
7025350,1055137979
7065375,1061754062
7105405,1069057190
7145442,1075482281
7185474,1081818119
7225498,1088131421
7265525,1094448653
7305552,1100760738
7345585,1107625332
7385617,1112995130
7425662,1119041355
7465713,1124828259
7505745,1131311293
7545770,1137671373
7585794,1144151405
7625822,1150547747
7665850,1156987721
7705885,1164031401
7745912,1169771245
7785936,1176188768
7825960,1183018311
7865995,1190124410
7906031,1194415591
7946081,1200512903
7986121,1206472558
8026150,1212939644
8066181,1219186137
8106209,1225521818
8146233,1231793139
8186262,1237062673
8226289,1243213737
8266314,1248842425
8306335,1254796418
8346361,1260979870
8386389,1267200817
8426436,1272976557
8466487,1277582228
8506513,1283760918
8546539,1290225444
8586568,1296750204
8626601,1302998149
8666625,1308327690
8706651,1314890854
8746679,1321405181
8786714,1328533330
8826748,1334937179
8866783,1341258017
8906818,1347508196
8946867,1353677793
8986906,1358485882
9017932,1363366678
9057955,1369130807
9097982,1375855417
9138006,1382549926
9178037,1389563952
9218071,1396063430
9258101,1402366258
9298132,1408049625
9338155,1413812670
9378182,1420277230
9418220,1426615005
9458268,1432608870
9498304,1438406753
9538332,1443742095
9578362,1449808348
9618388,1455609407
9658410,1462072905
9698440,1469134685
9738471,1476080355
9778507,1482282748
9818531,1488771685
9858560,1495160562
9898592,1501562663
9938643,1507812969
9978690,1514052796
10018722,1520477492
10058750,1525140944
10098780,1530984312
10138803,1536986953
10178827,1543447188
10218848,1550057520
10258876,1557452071
10298906,1563814960
10338931,1570239315
10378964,1576630007
10419007,1582924833
10459059,1589171844
10499099,1595563934
10539128,1601814623
10579157,1607516718
10619190,1613163873
10659220,1619659868
10699248,1626151001
10739274,1632532919
10779298,1638854096
10819324,1645224356
10859346,1650672005
10899375,1657405785
10939424,1663152390
10979471,1669288381
11019495,1674852826
11059520,1681838126
11099546,1687687703
11139567,1693124010
11179591,1699658741
11219613,1706189678
11259640,1713009361
11299661,1720117265
11339687,1726665668
11379713,1732778480
11419750,1738337059
11459800,1744533308
11490106,1749491240
11529847,1755873865
11569877,1762114323
11609905,1768917585
11649929,1773258063
11689955,1779497397
11729978,1785406084
11770004,1792149932
11810034,1797888226
11850060,1804246003
11890088,1810631171
11930138,1816611159
11970189,1822386105
12010219,1829342706
12050247,1835481001
12090271,1842213183
12130296,1848523963
12170324,1854385147
12210351,1859820846
12250378,1866389849
12290414,1873470339
12330447,1880494333
12370482,1886875170
12410510,1892188117
12450562,1898442844
12490601,1904751974
12530632,1911215421
12570660,1917537861
12610686,1923809927
12650712,1930901573
12690740,1936556361
12730766,1942506825
12770786,1949096649
12810812,1955953158
12850840,1963147369
12890875,1969654845
12930920,1976027890
12970969,1982351695
13010996,1988849428
13051022,1995107971
13091051,2001412266
13131081,2007723883
13171110,2014788051
13211141,2019874208
13251172,2025707137
13291197,2031770372
13331224,2038155516
13371249,2044635201
13411286,2050928888
13451338,2056341622
13491376,2062553013
13531403,2068949500
13571431,2075312655
13611461,2082196474
13651486,2088980192
13691508,2095296474
13731530,2101140399
13771552,2106594174
13811576,2113121764
13851603,2120144209
13891625,2126720260
13931670,2133026079
13971722,2138944101
14011750,2145208074
14051777,2151491403
14091797,2157898190
14131821,2164185976
14171848,2170510817
14211869,2176774335
14251895,2182662046
14291916,2188010746
14331945,2194920236
14371970,2200989643
14412005,2207349743
14452056,2212829124
14492091,2219035987
14532118,2226463249
14572143,2232630032
14612164,2238407149
14652192,2245572424
14692219,2251364477
14732244,2257957295
14772271,2264394852
14812297,2269249079
14852327,2275823864
14892354,2282294354
14932403,2288696027
14972453,2294737609
15012482,2301642240
15052513,2307410083
15092538,2313241425
15132559,2319565290
15172585,2326456028
15212615,2333308179
15252649,2338771685
15292674,2344656822
15332705,2350463167
15372733,2355821429
15412767,2361900712
15452817,2367619088
15492856,2373947510
15532880,2379823482
15572898,2385908192
15612920,2392588961
15652950,2399605856
15692984,2406008898
15733015,2412187244
15773038,2417917567
15813062,2423665937
15853089,2430455409
15893118,2435124077
15933162,2441183011
15973212,2447234393
16013238,2452971160
16053271,2459354127
16093301,2465843044
16133332,2472827935
16173354,2478876558
16213380,2486070982
16253409,2492457630
16293441,2498275861
16333467,2503838204
16373494,2509972641
16413531,2515670276
16453582,2520904589
16493623,2527690440
16533650,2534282281
16573685,2540327790
16613708,2545992817
16653737,2552588389
16693759,2558769756
16733796,2565046774
16773824,2571288809
16813849,2577393303
16853871,2583249854
16893893,2589518395
16933941,2595804245
16973993,2600035925
17014020,2606646267
17054046,2613144215
17094072,2619619565
17134106,2625996553
17174132,2632281134
17214152,2638718781
17254178,2645173870
17294202,2651560365
17334236,2658529541
17374268,2665289604
17414304,2671520287
17454356,2677241028
17494394,2682567871
17534425,2688562814
17574453,2694743760
17614481,2701027902
17654512,2707412200
17694536,2713774737
17734560,2720221239
17774580,2726670613
17814606,2734097194
17854627,2740517496
17894658,2746733067
17934701,2752646238
17974749,2758088440
18014773,2763954436
18054799,2769388968
18094827,2776063413
18134852,2782424501
18174874,2788887356
18214899,2796354941
18254920,2802843026
18294947,2809246069
18334972,2815632414
18374993,2821979237
18415028,2828199775
18455080,2834395626
18495122,2840624379
18526144,2845234350
18566171,2850500682
18606199,2857132884
18646228,2863681225
18686263,2870237416
18726295,2876671389
18766324,2882918166
18806350,2888627099
18846373,2895637729
18886398,2902024104
18926439,2908118087
18966487,2913463254
19006516,2919714887
19046543,2926582477
19086565,2931241157
19126588,2937334965
19166612,2943829962
19206637,2950363684
19246670,2957896833
19286703,2964288256
19326730,2970673254
19366758,2977109007
19406785,2983515624
19446835,2989751151
19486881,2995993588
19526910,3002367973
19566940,3009250091
19606970,3013771714
19646999,3020712509
19687029,3027720250
19727061,3034185295
19767090,3040401109
19807112,3046476799
19847141,3053392295
19887176,3059789296
19927217,3066073901
19967269,3072339445
20007305,3078746103
20047337,3085090029
20087369,3091856778
20127397,3096191738
20167429,3102704871
20207462,3109515108
20247495,3116804452
20287529,3123289589
20327560,3129705577
20367589,3135977941
20407613,3141663440
20447663,3147597137
20487704,3153834382
20527731,3160096949
20567759,3166382365
20607788,3172720781
20647817,3177856538
20687854,3184213231
20727882,3191532149
20767911,3198176481
20807941,3203491495
20847967,3209804327
20887994,3216101995
20928034,3221745488
20968086,3227630937
21008122,3233647528
21048149,3240260668
21088175,3246599960
21128205,3252786353
21168234,3258636445
21208266,3264053754
21248302,3270617517
21288332,3277162320
21328365,3284707842
21368402,3291234459
21408436,3297719314
21448485,3304048743
21488532,3310388426
21528567,3317540142
21568599,3324207627
21608633,3330415408
21648658,3336670551
21688688,3342597479
21728715,3348097882
21768745,3354580224
21808774,3360974523
21848797,3367365113
21888815,3373447286
21928851,3379616468
21968903,3385493075
21999295,3390605326
22038967,3397483180
22078998,3403933712
22119019,3409500547
22159046,3415746783
22199071,3422579435
22239099,3427490224
22279127,3434515619
22319155,3441070799
22359183,3447553357
22399207,3453968786
22439251,3460358331
22479300,3466699436
22519330,3472212689
22559352,3478280317
22599378,3484669667
22639402,3491068166
22679424,3498185370
22719444,3503902834
22759467,3509354622
22799489,3515923751
22839518,3522109744
22879538,3528576438
22919571,3534822752
22959623,3540646033
22999659,3547302085
23039691,3554518790
23079723,3560957571
23119761,3567332823
23159789,3573557758
23199815,3579799593
23239837,3586097125
23279862,3591529096
23319888,3598180009
23359914,3605047960
23399938,3610446907
23439985,3616832007
23480035,3623121974
23520056,3629575657
23560077,3636052837
23600102,3642733681
23640131,3649614170
23680155,3655515138
23720175,3661415289
23760198,3668045253
23800222,3673421972
23840248,3679918451
23880277,3686497226
23920316,3693038973
23960366,3699431270
24000402,3705847866
24040433,3712349736
24080464,3718917293
24120493,3726160592
24160521,3732534015
24200550,3738894581
24240581,3745204849
24280618,3751522892
24320647,3757345210
24360677,3762791186
24400704,3769786698
24440751,3775947173
24480802,3782165863
24520830,3789255072
24560856,3795131600
24600882,3801366948
24640911,3808070857
24680938,3814931209
24720962,3821500896
24760991,3827775244
24801017,3833949896
24841044,3838831846
24881073,3845210590
24921106,3850836796
24961154,3857054720
25001194,3863383992
25041223,3869900825
25081253,3876403024
25121284,3882773804
25161312,3889112352
25201342,3895715145
25241371,3902832574
25281394,3909163207
25321418,3915420546
25361446,3921307594
25401468,3926765750
25441512,3933193849
25481562,3938828016
25521586,3944988712
25561623,3951313993
25601651,3957675181
25641677,3964081218
25681706,3970541491
25721737,3977095295
25761765,3983194802
25801794,3989741418
25841825,3996811096
25881853,4002693948
25921890,4008069941
25961939,4014508582
26001981,4020994019
26042011,4027527156
26082037,4033962302
26122064,4040449005
26162097,4046983573
26202124,4054326610
26242160,4060741690
26282193,4067026987
26322218,4072933587
26362239,4078970548
26402264,4085308987
26442313,4090412075
26482360,4096046833
26522385,4102530402
26562410,4108986660
26602432,4115669532
26642458,4121901809
26682486,4128234057
26722508,4134617719
26762538,4141781605
26802571,4148302816
26842599,4153941607
26882620,4159724755
26922653,4166248538
26962703,4170707738
27002739,4176100388
27042763,4182633856
27082787,4189121761
27122815,4195482065
27162839,4201848407
27202865,4208312811
27242890,4214664501
27282913,4221046690
27322944,4227771139
27362973,4234265867
27403005,4240669848
27443050,4246572505
27483100,4252008131
27514121,4256135490
27554149,4262616621
27594170,4269194799
27634195,4276078064
27674215,4283246876
27714241,4289731822
27754263,4296179067
27794291,4303601355
27834318,4309905297
27874345,4316290842
27914376,4322612538
27954426,4328717160
27994472,4333489343
28034501,4338992311
28074533,4345404168
28114561,4351789343
28154587,4358185148
28194614,4364674971
28234646,4370919069
28274673,4376265197
28314692,4382636413
28354723,4389619600
28394753,4396427740
28434797,4402621390
28474845,4407963273
28514878,4414668140
28554909,4419483782
28594933,4425488920
28634961,4431918324
28674991,4438268320
28715023,4444168050
28755048,4450483202
28795075,4456429509
28835101,4462648808
28875125,4468963667
28915149,4475280232
28955200,4481385995
28995246,4487804829
29035277,4494154239
29075307,4500025358
29115334,4505401534
29155361,4511925298
29195388,4518444140
29235413,4524930871
29275439,4531426712
29315472,4538629164
29355500,4545257804
29395530,4551649597
29435571,4557967723
29475623,4564223271
29515661,4570616070
29555694,4576962481
29595725,4582825579
29635758,4589081801
29675787,4595878994
29715815,4602424698
29755847,4608952985
29795878,4616447366
29835911,4622901985
29875943,4629338804
29915979,4635651143
29956028,4641912513
29996070,4648177857
30036100,4654566825
30076129,4660790228
30116158,4665651825
30156182,4672139981
30196204,4678615197
30236225,4685063906
30276248,4691486825
30316267,4697894009
30356290,4704351192
30396313,4710688058
30436353,4717021570
30476401,4723282225
30506849,4728088866
30546457,4734647071
30586484,4740964206
30626516,4746832556
30666544,4752246884
30706573,4758924453
30746605,4766394559
30786640,4772945164
30826676,4779481351
30866705,4785922196
30906731,4792152704
30946775,4798433061
30986825,4804703259
31026855,4811119887
31066881,4817413329
31106908,4823643458
31146935,4829473193
31186962,4834879532
31226983,4841389796
31267005,4847891378
31307028,4854410611
31347052,4861246289
31387082,4868223207
31427112,4874550073
31467164,4880414798
31507199,4886286364
31547229,4892638930
31587259,4899444436
31627286,4905515480
31667310,4911911992
31707334,4916548948
31747360,4923335216
31787385,4930476678
31827412,4936949021
31867435,4943429468
31907461,4949911298
31947507,4956191093
31987554,4962446767
32027578,4968361868
32067601,4974763169
32107628,4981470918
32147655,4987759602
32187680,4993526524
32227703,4998934590
32267732,5005577232
32307751,5011997337
32347783,5019559782
32387813,5026019119
32427850,5032393064
32467898,5038292467
32507936,5045115866
32547972,5051599293
32588007,5057951755
32628033,5064126083
32668065,5069939471
32708090,5075994916
32748117,5080327695
32788141,5086749894
32828171,5093191906
32868202,5099275636
32908224,5105012759
32948271,5111324820
32988321,5117505515
33028348,5123927246
33068373,5130387865
33108402,5136799464
33148433,5143297539
33188456,5149985095
33228475,5156720922
33268499,5161628747
33308528,5168103552
33348553,5174711204
33388588,5181085673
33428628,5186418208
33468680,5192752258
33508716,5199064869
33548738,5205430235
33588760,5211946029
33628790,5218322462
33668816,5224663802
33708843,5231527926
33748866,5237218544
33788896,5243048907
33828921,5248461715
33868943,5254926392
33908963,5261446064
33949010,5267868027
33989060,5274253008
34029090,5280741868
34069117,5286973839
34109138,5293351711
34149165,5299735927
34189197,5305975597
34229228,5311951441
34269253,5317412058
34309283,5324281680
34349310,5329292964
34389339,5335742705
34429372,5342154138
34469420,5348010906
34509459,5354427039
34549486,5360930479
34589516,5368153995
34629547,5374833842
34669580,5381262062
34709615,5388048631
34749644,5394055337
34789672,5400113409
34829696,5406906066
34869721,5411689784
34909743,5417752927
34949786,5424176809
34989836,5430563461
35029862,5437091111
35069893,5443594188
35109929,5451074029
35149962,5456902966
35189984,5462626898
35230009,5468895247
35270030,5475174408
35310055,5481486761
35350079,5487754271
35390104,5492895289
35430141,5499101710
35470191,5505545458
35510230,5512048125
35541253,5517274018
35581286,5524745903
35621322,5531260730
35661353,5537673782
35701378,5543951180
35741402,5550316909
35781429,5556558160
35821453,5562803590
35861478,5569126865
35901503,5575000946
35941547,5580409585
35981596,5586861147
36021627,5593376646
36061652,5599917591
36101674,5606274546
36141704,5612618875
36181735,5618386063
36221757,5624229278
36261777,5630602876
36301803,5637952474
36341829,5644281669
36381862,5650466885
36421888,5656210046
36461937,5661640179
36501978,5668015475
36542004,5674639328
36582030,5681082157
36622055,5687456630
36662086,5693764971
36702117,5700115242
36742141,5706009532
36782167,5712273219
36822188,5718233490
36862214,5725346650
36902242,5731335185
36942285,5737480063
36982337,5741739053
37022373,5748329716
37062408,5755486155
37102441,5761865852
37142466,5767724859
37182490,5774175412
37222513,5780748638
37262541,5787653775
37302563,5794302478
37342595,5800680359
37382624,5807009135
37422650,5813287857
37462701,5820048735
37502743,5824332112
37542777,5830941503
37582809,5837412165
37622840,5843790345
37662862,5849798918
37702884,5856557992
37742913,5862799853
37782934,5869418088
37822957,5875749167
37862979,5882120975
37903001,5888479635
37943042,5894745396
37983093,5900941651
38023124,5906881472
38063150,5912544107
38103173,5918822575
38143197,5925251144
38183223,5931682682
38223248,5938162004
38263273,5945126286
38303296,5952051667
38343321,5958390932
38383341,5964787067
38423371,5971110998
38463422,5977297386
38503467,5983490684
38543498,5988364303
38583526,5994546630
38623551,6000168505
38663576,6006642315
38703603,6013042415
38743624,6019528637
38783648,6026133765
38823670,6032872404
38863696,6039790978
38903719,6046168272
38943761,6052480474
38983811,6058713286
39014217,6063742821
39053867,6069581374
39093901,6074968845
39133927,6081387055
39173956,6087245877
39213987,6094342481
39254017,6100843845
39294045,6107322997
39334075,6113629698
39374098,6119959338
39414121,6126368271
39454170,6132587251
39494220,6138448777
39534243,6144063253
39574270,6150895745
39614290,6156263264
39654311,6162786772
39694334,6169344829
39734361,6175720155
39774387,6182199573
39814415,6188699565
39854443,6195113279
39894476,6201402718
39934508,6207655837
39974560,6213042710
40014595,6219113833
40054619,6225381811
40094647,6231825984
40134668,6237600617
40174688,6243135577
40214714,6250244230
40254734,6256744265
40294763,6263589552
40334792,6270049455
40374823,6276328667
40414848,6281966699
40454892,6287913216
40494942,6294078948
40534963,6300418070
40574991,6306781339
40615023,6313037469
40655053,6318867455
40695079,6324274389
40735107,6330703854
40775130,6336318438
40815157,6343187767
40855181,6348928140
40895214,6355216177
40935247,6360830709
40975296,6366718395
41015336,6372967468
41055367,6379324397
41095394,6385368518
41135415,6391848045
41175440,6398194846
41215464,6402839895
41255487,6408272487
41295511,6414805369
41335541,6421177088
41375569,6427088203
41415594,6434037461
41455643,6440409855
41495691,6446364355
41535719,6452040704
41575739,6458310205
41615760,6464706674
41655783,6471447807
41695808,6478293537
41735830,6484194733
41775851,6489581114
41815884,6495703396
41855912,6502559115
41895938,6509084284
41935975,6515516240
41976025,6521803838
42016056,6527398395
42056081,6534564652
42096104,6540959590
42136128,6547293490
42176151,6553598696
42216178,6560215725
42256197,6565711228
42296226,6571122906
42336258,6577883275
42376287,6584010881
42416313,6590381038
42456360,6595704731
42496406,6602014919
42536432,6608433010
42576458,6614746497
42616483,6621119118
42656506,6627447772
42696530,6633787752
42736554,6640090595
42776580,6646951804
42816601,6652349717
42856628,6658829838
42896649,6664932359
42936684,6671761211
42976735,6677587309
43016770,6683480725
43056798,6689945091
43096829,6697187452
43136860,6703735302
43176890,6709891366
43216916,6716322101
43256949,6722667593
43296985,6729539771
43337013,6733913143
43377040,6740368590
43417065,6746791617
43457113,6753169234
43497158,6758498544
43537184,6764911185
43577211,6771486918
43617236,6777692116
43657265,6784030003
43697295,6790253272
43737318,6796538911
43777345,6802806312
43817371,6809025805
43857401,6814893565
43897432,6820323531
43937473,6826829926
43977522,6833242944
44017562,6839674387
44057585,6846223160
44097605,6852622731
44137627,6859004225
44177658,6864760006
44217680,6870455904
44257706,6876776824
44297733,6883160278
44337759,6890357605
44377784,6896278148
44417806,6901651972
44457851,6907590483
44497897,6913487130
44537925,6919973873
44577950,6926311224
44617975,6932704387
44658005,6939079109
44698032,6945430624
44738060,6951495399
44778086,6956955557
44818112,6963257726
44858136,6969518603
44898161,6976468864
44938191,6981704707
44978242,6987157118
45018279,6993557346
45058311,7000068710
45098342,7006444315
45138369,7012803847
45178394,7019205290
45218420,7025580721
45258446,7031929872
45298470,7038277935
45338499,7044602873
45378525,7050883111
45418551,7057157508
45458600,7062942301
45498648,7068308707
45529673,7073566426
45569705,7080119527
45609731,7086635234
45649748,7093074587
45689780,7099663601
45729805,7105848862
45769837,7112148692
45809866,7118539921
45849893,7124865347
45889923,7131894943
45929947,7138440328
45969998,7144238722
46010038,7148551796
46050072,7155220291
46090100,7162448365
46130132,7169207511
46170162,7175711065
46210192,7182192271
46250223,7189611663
46290256,7196060463
46330277,7202451900
46370307,7208726438
46410332,7215014095
46450373,7221278645
46490423,7227027926
46530457,7232416284
46570492,7238961198
46610525,7245467454
46650552,7251905290
46690586,7257912789
46730607,7263742478
46770628,7270504659
46810653,7277411278
46850676,7282896577
46890704,7288949347
46930736,7295280857
46970788,7301498867
47010833,7308304743
47050859,7312653809
47090893,7319195313
47130922,7325544746
47170950,7331446558
47210970,7337892404
47250997,7344832023
47291022,7350322470
47331049,7356387017
47371077,7362673100
47411103,7368445978
47451146,7374174838
47491197,7380408426
47531234,7386918938
47571264,7392578161
47611288,7398225770
47651318,7404437406
47691345,7410828688
47731371,7417236973
47771396,7423742799
47811415,7430204346
47851443,7436988494
47891462,7443001636
47931493,7450134397
47971543,7455884042
48011584,7462021010
48051614,7468569226
48091643,7475022937
48131669,7479332845
48171700,7485767474
48211730,7492146198
48251760,7497967802
48291785,7503957531
48331809,7510295271
48371835,7516667696
48411861,7523030536
48451907,7529268793
48491959,7535077658
48522271,7540008644
48562017,7546447446
48602047,7552521694
48642075,7557925882
48682100,7563323396
48722121,7569864769
48762149,7576854977
48802168,7582774854
48842197,7589149470
48882231,7595469129
48922258,7601583779
48962305,7607019303
49002354,7613190871
49042380,7619096702
49082408,7624768716
49122436,7630907982
49162460,7637207779
49202478,7642078311
49242503,7648608862
49282528,7655189558
49322556,7662270826
49362576,7669029338
49402606,7675336931
49442637,7681635779
49482690,7687431301
49522727,7694036152
49562753,7700649398
49602780,7707318792
49642813,7713667202
49682845,7719876900
49722871,7724700301
49762905,7730997965
49802929,7736459853
49842958,7742873830
49882991,7749241883
49923013,7754973334
49963058,7760938578
50003106,7767243972
50043134,7773660395
50083159,7780060300
50123190,7786546234
50163217,7793560757
50203241,7799075114
50243265,7805774087
50283290,7810784455
50323315,7816551523
50363347,7822865439
50403368,7828859526
50443401,7835270494
50483450,7841093459
50523491,7847645282
50563523,7854960987
50603554,7861363509
50643584,7867746314
50683612,7874378490
50723643,7881392251
50763673,7887235991
50803702,7892586854
50843729,7899055092
50883750,7905441193
50923778,7912018747
50963824,7917330364
51003875,7923590204
51043907,7930009361
51083942,7935962416
51123965,7941622281
51163988,7947863485
51204012,7954212592
51244042,7961431230
51284073,7967752507
51324102,7972660061
51364130,7979116533
51404156,7984587509
51444183,7991536903
51484234,7997412529
51524274,8003857851
51564304,8010415051
51604332,8016535142
51644354,8022934825
51684378,8029272970
51724397,8035634638
51764425,8041854934
51804453,8048094293
51844479,8053905789
51884504,8059325004
51924535,8065916810
51964580,8072368266
52004625,8078772157
52044654,8085230165
52084678,8091658490
52124703,8098182438
52164724,8104416912
52204751,8110688347
52244783,8116994061
52284812,8123278183
52324839,8129413072
52364859,8135221060
52404884,8140614436
52444914,8147155452
52484964,8152988769
52525003,8158886567
52565030,8165261445
52605056,8171110741
52645082,8176974494
52685114,8183283673
52725137,8189544257
52765158,8195839401
52805180,8202191113
52845203,8208500703
52885235,8214706162
52925264,8220536124
52965307,8225925906
53005356,8232286510
53045379,8237913466
53085405,8244640372
53125425,8251059168
53165451,8257833311
53205473,8263473087
53245503,8269778732
53285538,8276030326
53325563,8282197546
53365583,8288562598
53405615,8294208574
53445645,8300520504
53485697,8304779517
53525734,8311279901
53565763,8317900620
53605786,8324310684
53645818,8330691428
53685848,8337030032
53725868,8343439406
53765893,8349769011
53805915,8355483976
53845942,8361338133
53885975,8367534765
53926003,8373727865
53966042,8379144228
54006085,8384694994
54046111,8390181354
54086136,8396699200
54126162,8403128771
54166185,8409631075
54206209,8416072890
54246238,8423352457
54286259,8429978301
54326283,8436338902
54366304,8442741258
54406330,8449426471
54446359,8456401031
54486409,8462294315
54526444,8467456511
54566472,8472900318
54606499,8479355348
54646520,8485786409
54686545,8492291233
54726571,8498659539
54766595,8504991739
54806621,8511442474
54846647,8517765281
54886670,8524141133
54926693,8530490663
54966733,8536765953
55006782,8542985697
55046815,8549901155
55086846,8554485020
55126873,8561566947
55166904,8568375133
55206935,8574298570
55246959,8580058206
55286986,8586406942
55327010,8592806280
55367029,8599238841
55407054,8606011507
55447080,8611854242
55487130,8617621274
55527167,8623173157
55567195,8629430439
55607217,8634623106
55647248,8640969389
55687279,8648417926
55727309,8654217173
55767334,8660194970
55807359,8666543445
55847383,8672985300
55887405,8679685742
55927432,8686755851
55967473,8692221908
56007518,8698269514
56047541,8704645989
56087561,8711117295
56127584,8716790545
56167605,8722556239
56207629,8728725679
56247651,8735182146
56287677,8741901423
56327706,8749144544
56367737,8755573281
56407769,8761931301
56447803,8768269773
56487851,8774544974
56527892,8780853282
56567914,8787174209
56607935,8793503927
56647959,8799366804
56687984,8804967302
56728008,8811357616
56768035,8818067215
56808063,8825326267
56848092,8831853558
56888125,8838329823
56928162,8845206738
56968204,8851585150
57008253,8857437754
57039274,8862475768
57079309,8868711138
57119339,8874905277
57159364,8880708888
57199393,8886016789
57239419,8891412627
57279443,8897903561
57319472,8904436429
57359505,8911559848
57399534,8917358993
57439555,8923585607
57479607,8929902728
57519649,8936236071
57559678,8942713996
57599704,8948962094
57639729,8955184193
57679756,8961938242
57719776,8966255612
57759799,8972763899
57799822,8978810476
57839849,8985680522
57879882,8992206818
57919916,8998599685
57959954,9004773742
58000003,9010086352
58040035,9015947570
58080057,9022298357
58120087,9028925250
58160113,9034250295
58200134,9040364641
58240158,9046188258
58280183,9051827151
58320210,9058901151
58360239,9064539292
58400268,9070912397
58440294,9077391298
58480343,9083765003
58520386,9090140715
58560418,9096522109
58600450,9102635067
58640471,9108583719
58680492,9115395601
58720518,9121618219
58760543,9127393622
58800561,9132774601
58840591,9139292276
58880619,9145770161
58920646,9152270368
58960685,9158730773
59000734,9165087657
59040769,9171126388
59080798,9176724596
59120823,9183087594
59160845,9189904608
59200875,9196693481
59240900,9203102591
59280923,9209952809
59320942,9214288290
59360970,9220743360
59401004,9226844072
59441027,9233403448
59481076,9239329504
59521119,9245386968
59561148,9251875198
59601176,9258783472
59641207,9265648306
59681241,9272052184
59721276,9278610130
59761309,9285376464
59801336,9290835617
59841361,9296094816
59881394,9302214487
59921427,9309354839
59961466,9316146777
60001512,9321700976
60041546,9328360149
60081575,9335036924
60121604,9341956625
60161625,9348388041
60201651,9354720939
60241672,9361283727
60281693,9368389939
60321718,9374848737
60361739,9379521752
60401763,9385608878
60441788,9391322490
60481837,9397332831
60521879,9402954021
60561905,9409341280
60601932,9415772782
60641963,9422222117
60681997,9428710711
60722022,9434925410
60762056,9442031847
60802089,9448587411
60842122,9454852433
60882147,9460550554
60922171,9466156580
60962205,9472691392
61002255,9479120181
61032618,9483787147
61072305,9489588952
61112330,9496007652
61152359,9502257244
61192388,9508233014
61232407,9513804778
61272437,9521163730
61312464,9527282895
61352490,9533288481
61392520,9539356099
61432549,9544831301
61472593,9550254063
61512641,9556697971
61552677,9563263219
61592708,9570297619
61632740,9577231977
61672769,9583603329
61712797,9589975794
61752826,9596335454
61792851,9601918280
61832874,9608005058
61872902,9615169680
61912931,9621171390
61952963,9626209103
61993014,9631579202
62033050,9638041886
62073078,9644480297
62113104,9650987618
62153130,9657424253
62193157,9663602029
62233181,9670099944
62273203,9676531302
62313236,9682800373
62353267,9688542040
62393289,9694787777
62433318,9701635542
62473360,9707418497
62513400,9711697525
62553423,9718292610
62593454,9725600103
62633482,9732283870
62673509,9738753196
62713534,9745205453
62753561,9751565715
62793590,9757257299
62833617,9763072732
62873639,9769437943
62913667,9775862577
62953695,9782570536
62993745,9788780257
63033777,9793057747
63073806,9799468323
63113829,9804847336
63153855,9811756408
63193875,9817770460
63233901,9824176096
63273926,9830477232
63313948,9836779602
63353973,9842044015
63394000,9848234332
63434024,9854600558
63474068,9860814231
63514116,9866852089
63554141,9872865012
63594164,9878051466
63634183,9884782654
63674203,9891314445
63714228,9897795008
63754254,9904298234
63794281,9911142298
63834303,9917082468
63874329,9923381039
63914355,9929721089
63954383,9935888508
63994431,9941361951
64034467,9947989989
64074493,9954263981
64114518,9959359378
64154547,9965006427
64194570,9971399426
64234594,9977904253
64274615,9984331339
64314639,9990820222
64354662,9997192324
64394685,10003508457
64434712,10009876606
64474755,10016125889
64514803,10022360160
64554831,10028746982
64594861,10034947895
64634888,10039810011
64674921,10046158826
64714948,10051582316
64754971,10058030985
64794996,10064556517
64835018,10071521440
64875044,10078449761
64915064,10084892529
64955095,10091231446
64995146,10096700727
65035183,10103086792
65075209,10109646244
65115235,10116335946
65155260,10121578379
65195291,10127546991
65235314,10133050167
65275336,10139506384
65315363,10146444273
65355385,10152332995
65395415,10158736905
65435444,10164921636
65475485,10170244118
65515531,10176394464
65555555,10182628779
65595580,10188953586
65635604,10195397146
65675632,10202213019
65715654,10206547777
65755679,10213021856
65795702,10219331677
65835723,10225066441
65875750,10232041261
65915773,10238034223
65955804,10244928179
65995852,10250724166
66035893,10257444969
66075924,10264216908
66115947,10270065121
66155970,10275604657
66195996,10281765863
66236019,10287647381
66276050,10293055761
66316084,10299611462
66356113,10306049732
66396138,10312183829
66436159,10317917024
66476199,10324042048
66516245,10329481649
66556274,10335640571
66596303,10341958342
66636329,10348244501
66676355,10354535542
66716377,10360788867
66756400,10367654927
66796423,10372675764
66836450,10379587196
66876472,10385130617
66916493,10391407742
66956523,10397809058
66996574,10404122696
67036608,10410027183
67076639,10415796647
67116666,10422048914
67156688,10428317898
67196710,10433890821
67236739,10440066517
67276770,10445982605
67316794,10451768337
67356818,10457164088
67396847,10463695287
67436881,10469808533
67476922,10475367956
67516973,10481038472
67556999,10487019468
67597026,10493368491
67637053,10499808553
67677081,10506483845
67717110,10512312755
67757136,10518586518
67797157,10524855645
67837185,10531189465
67877209,10536669555
67917230,10542594374
67957261,10549512544
67997310,10555486184
68037340,10561886284
68077365,10568435408
68117389,10575255375
68157411,10581399861
68197434,10587960792
68237461,10594943119
68277488,10601296974
68317516,10607621882
68357538,10613861319
68397569,10618825253
68437599,10625089250
68477643,10630864481
68517688,10636861339
68548710,10642016088
68588743,10648420240
68628775,10654551536
68668795,10660524651
68708823,10667207632
68748844,10673829817
68788865,10680205557
68828888,10686558300
68868915,10692867267
68908941,10699655419
68948965,10704501493
68989018,10710534518
69029060,10716989401
69069091,10723341864
69109111,10729852892
69149137,10736269926
69189164,10742733235
69229187,10749024590
69269213,10755343340
69309235,10761793849
69349261,10769050208
69389284,10775001028
69429308,10781130894
69469347,10786470842
69509398,10792150329
69549433,10799250955
69589463,10805991831
69629491,10811421506
69669517,10817673291
69709542,10823981496
69749568,10830332979
69789591,10836706799
69829619,10842996277
69869641,10849377047
69909663,10855646455
69949691,10862637611
69989742,10867325401
70029779,10873178300
70069802,10879822569
70109826,10886798948
70149855,10893813888
70189882,10900314094
70229918,10906632135
70269942,10912704480
70309968,10919285194
70349988,10925629545
70390014,10931997024
70430044,10938167122
70470086,10944236377
70510138,10949163158
70550166,10954616313
70590202,10961007486
70630223,10966849072
70670249,10973926950
70710277,10980324600
70750310,10986376818
70790335,10992377262
70830363,10998322986
70870388,11004593571
70910411,11010958645
70950432,11017294903
70990482,11023503195
71030522,11030060947
71070552,11034693155
71110580,11041429236
71150614,11048622386
71190637,11054712550
71230663,11061698236
71270682,11067770476
71310710,11074123041
71350740,11080505106
71390767,11086560045
71430794,11092559956
71470831,11098621730
71510884,11104763598
71550911,11111669277
71590932,11116006475
71630956,11122497402
71670976,11128976992
71711004,11135456190
71751030,11141978415
71791053,11148410114
71831079,11155668859
71871105,11162246314
71911127,11168628522
71951153,11175001221
71991203,11181257313
72031246,11187506732
72071273,11194400020
72111298,11198722923
72151322,11205247666
72191350,11212289660
72231377,11219299515
72271405,11225763695
72311433,11232183984
72351457,11238633831
72391483,11245006153
72431506,11251401497
72471542,11257690042
72511591,11263909070
72542030,11268961403
72581648,11275275411
72621676,11280653367
72661703,11286742885
72701732,11293265174
72741760,11299765590
72781784,11306048312
72821811,11312755943
72861838,11319492613
72901859,11325221515
72941885,11332556997
72981927,11338712239
73021971,11344720455
73062003,11351574038
73102040,11357779838
73142067,11362657902
73182088,11369109520
73222110,11375673652
73262135,11382200185
73302163,11388669030
73342190,11395324015
73382211,11401548786
73422233,11408236530
73462264,11414577833
73502314,11420440562
73542351,11426670414
73582380,11433005644
73622408,11439153071
73662429,11444017067
73702455,11450110764
73742476,11457029390
73782501,11463533666
73822523,11469953027
73862547,11476366442
73902573,11482805028
73942604,11489239921
73982649,11495595071
74022699,11501857464
74062726,11508112799
74102749,11514460381
74142775,11520673760
74182795,11526558150
74222817,11532012321
74262841,11538567266
74302864,11544949733
74342894,11551396716
74382920,11557810599
74422947,11564161776
74462980,11569922269
74503032,11575792098
74543070,11582637339
74583101,11589573356
74623131,11595883336
74663152,11602159840
74703178,11608827315
74743198,11613429118
74783228,11620811851
74823255,11626969180
74863274,11633235104
74903300,11640425141
74943328,11646704026
74983371,11652424845
75023415,11658437610
75063444,11664811923
75103475,11671138291
75143501,11677602570
75183531,11684737163
75223557,11690594620
75263588,11695951816
75303616,11702471340
75343646,11708961946
75383672,11715476850
75423700,11721960037
75463740,11728282608
75503793,11734606993
75543829,11741003298
75583863,11747471159
75623896,11754188093
75663930,11761167100
75703958,11767393138
75743982,11773183844
75784004,11779458890
75824035,11786117641
75864062,11792323017
75904086,11798109622
75944115,11805414563
75984161,11811459473
76024212,11817288371
76064240,11823654623
76104269,11829895018
76144299,11836207111
76184332,11842505321
76224356,11848786006
76264386,11855662244
76304405,11859959557
76344431,11866498103
76384459,11872923059
76424492,11879314060
76464523,11885363327
76504572,11891031580
76544613,11897330561
76584638,11903793196
76624664,11910201761
76664696,11917449419
76704726,11923274793
76744755,11930091062
76784785,11936447093
76824811,11941381863
76864843,11947874760
76904873,11954351385
76944901,11960677467
76984944,11966288215
77024994,11972356222
77065026,11978597561
77105056,11984727370
77145085,11991479045
77185106,11997870123
77225130,12004230380
77265152,12010866248
77305177,12016848070
77345198,12022539095
77385223,12028278207
77425243,12034485709
77465273,12041910148
77505321,12047749895
77545362,12053946404
77585388,12060203789
77625413,12066491101
77665441,12072490276
77705469,12078785100
77745489,12085110067
77785515,12091826488
77825540,12098054497
77865565,12103793824
77905588,12109191501
77945614,12115745881
77985656,12121570871
78025707,12127449081
78056729,12132570471
78096755,12139042546
78136778,12145511581
78176807,12151798914
78216829,12158134060
78256854,12164491104
78296881,12170859430
78336909,12177347667
78376939,12183869905
78416968,12189250030
78456998,12195398273
78497047,12201038609
78537088,12207176927
78577114,12213990970
78617144,12220227199
78657163,12226817970
78697188,12233243663
78737213,12239591003
78777248,12245695971
78817276,12251143769
78857301,12257291683
78897333,12264593115
78937360,12270460882
78977399,12275812128
79017446,12281224379
79057476,12287663699
79097503,12294076352
79137528,12300559147
79177562,12306794859
79217586,12312150963
79257610,12318446723
79297639,12324820949
79337664,12331097038
79377691,12337421488
79417719,12344535677
79457749,12350314883
79497799,12355175039
79537842,12361164353
79577874,12367361940
79617902,12374107634
79657929,12380629469
79697964,12387147981
79738001,12393931893
79778023,12399914110
79818050,12406964601
79858078,12413401937
79898103,12418804484
79938131,12424744190
79978164,12430564319
80018216,12435906682
80058248,12441368366
80098279,12448360868
80138304,12454562834
80178329,12460791477
80218352,12467153077
80258376,12473574895
80298408,12480009092
80338440,12487028044
80378475,12493862064
80418505,12500203958
80458533,12506451564
80498585,12512659730
80538629,12518446266
80578656,12523646542
80618690,12529878616
80658722,12535696702
80698740,12542204685
80738768,12549550367
80778792,12555211964
80818819,12562523615
80858844,12568956032
80898871,12575289129
80938898,12581609876
80978942,12587882151
81018993,12594082591
81049355,12598660679
81089053,12603960939
81129084,12609836700
81169117,12616280624
81209150,12622730816
81249176,12629211263
81289209,12635075327
81329237,12641226908
81369266,12647228105
81409295,12653008094
81449327,12659277891
81489372,12665493113
81529424,12671251929
81569450,12677502081
81609470,12683835853
81649492,12689001639
81689520,12695420064
81729543,12701897756
81769569,12708722239
81809596,12714655765
81849623,12721443362
81889647,12727916027
81929667,12734340892
81969700,12740641996
82009750,12746379008
82049786,12752072692
82089813,12758366988
82129839,12765215104
82169865,12770602409
82209898,12777194472
82249931,12783633112
82289958,12789436954
82329980,12795406399
82370008,12802442124
82410036,12808761786
82450059,12814549725
82490102,12820886840
82530153,12827161253
82570181,12833378748
82610202,12839733244
82650230,12845961290
82690254,12850806176
82730275,12857234956
82770299,12863726570
82810324,12870159652
82850345,12876700603
82890370,12883121950
82930396,12889501491
82970429,12895892551
83010477,12902044419
83050516,12907468355
83090543,12914299990
83130569,12920028039
83170591,12926207716
83210617,12932036201
83250640,12937456611
83290662,12943909662
83330686,12950404230
83370714,12957177956
83410746,12964455210
83450781,12970180863
83490827,12976031552
83530878,12982305086
83570907,12988745233
83610938,12995294058
83650970,13002106493
83690996,13007629614
83731022,13014475682
83771050,13019555155
83811085,13025797507
83851111,13031784874
83891134,13038222741
83931160,13044749860
83971193,13051090032
84011244,13057369074
84051283,13063361319
84091315,13069111354
84131345,13075272247
84171371,13081508429
84211392,13087734453
84251412,13093948684
84291439,13098818859
84331463,13105334968
84371495,13112052428
84411526,13119369417
84451556,13124907090
84491600,13131147703
84531651,13137436577
84571676,13143245262
84611695,13149617577
84651725,13156556306
84691753,13162903920
84731782,13169189996
84771810,13175716875
84811837,13181351919
84851865,13187343770
84891891,13194371070
84931920,13200885424
84971956,13207371526
85012003,13213745763
85052045,13220166716
85092077,13226538137
85132108,13231792781
85172130,13238538696
85212151,13245477519
85252179,13251776120
85292206,13258009550
85332237,13263760334
85372261,13269325347
85412292,13275855712
85452319,13282318394
85492362,13288701381
85532411,13294330409
85572433,13301012039
85612461,13307020457
85652489,13313203385
85692519,13319522498
85732544,13326008582
85772570,13333174950
85812596,13339101531
85852624,13345207982
85892652,13350342488
85932679,13356956200
85972709,13363627310
86012760,13369631598
86052801,13375524012
86092825,13381762459
86132850,13388174709
86172870,13394594950
86212895,13402006362
86252923,13408294271
86292944,13414653630
86332969,13420955765
86372994,13426716540
86413014,13432133170
86453038,13438701266
86493083,13445165112
86533130,13451536542
86573156,13458069538
86613188,13464560349
86653215,13470836901
86693244,13477176929
86733265,13483604827
86773293,13490734242
86813314,13497171443
86853336,13503593565
86893361,13510020411
86933380,13514891991
86973410,13522054026
87013462,13527866066
87053504,13534279196
87084526,13539390320
87124552,13545800160
87164579,13552237669
87204604,13558600203
87244631,13564957810
87284659,13571308658
87324689,13578217952
87364721,13584972555
87404749,13591793504
87444778,13596083012
87484820,13602549994
87524871,13608023489
87564903,13614396229
87604934,13620501489
87644957,13627162303
87684988,13633580482
87725018,13639927648
87765049,13646247993
87805075,13652579439
87845104,13658965000
87885136,13665259155
87925160,13671471095
87965184,13677366323
88005236,13682751171
88045283,13689192456
88085311,13694937398
88125341,13700883943
88165368,13706705167
88205389,13712529369
88245416,13718850377
88285443,13725109456
88325472,13730571904
88365502,13736671087
88405531,13743139105
88445558,13749858650
88485598,13755856542
88525647,13760494474
88565681,13766742477
88605711,13773148130
88645738,13779677268
88685766,13786223266
88725794,13792613700
88765824,13798979141
88805850,13805354325
88845878,13811861464
88885898,13819006359
88925922,13825532183
88965949,13831793359
89006002,13837937469
89046050,13842737777
89086078,13848607114
89126105,13855382243
89166130,13862294054
89206157,13868801364
89246186,13875250097
89286210,13881737021
89326232,13888052951
89366258,13895168877
89406279,13901886504
89446301,13908229336
89486339,13914531483
89526392,13920736171
89556766,13925333877
89596448,13930772635
89636478,13937329123
89676507,13943941413
89716532,13951044758
89756562,13957859693
89796591,13964208578
89836614,13970595103
89876637,13977032715
89916666,13983718362
89956687,13989848159
89996735,13995978362
90036785,14002182750
90076816,14008089709
90116844,14013551422
90156871,14020048616
90196892,14026471736
90236919,14032951224
90276947,14040127772
90316971,14046873922
90356996,14052780489
90397020,14059451682
90437046,14066023317
90477076,14072355699
90517128,14078585901
90557172,14084833375
90597200,14090295390
90637234,14095558618
90677266,14101991931
90717289,14107958156
90757309,14114406482
90797330,14120849884
90837356,14127276056
90877389,14134382190
90917418,14141174458
90957446,14147514959
90997493,14153200060
91037544,14158819213
91077580,14165096420
91117607,14170920040
91157635,14176264444
91197668,14182785591
91237696,14189040448
91277722,14195148982
91317747,14201930779
91357771,14207730467
91397794,14214041584
91437822,14221328847
91477861,14227612422
91517912,14232847501
91557952,14239057103
91597978,14245361521
91638008,14251682842
91678037,14257323452
91718067,14262970099
91758091,14269392053
91798115,14275828703
91838141,14282301913
91878172,14287898489
91918199,14293880301
91958231,14300000715
91998273,14305426266
92038323,14311682012
92078353,14318263420
92118384,14325453703
92158407,14331739590
92198435,14337612512
92238461,14343066542
92278493,14349521254
92318519,14355709019
92358539,14362109530
92398568,14368830775
92438600,14375314892
92478633,14381702539
92518682,14387978335
92558715,14394311641
92598742,14400573173
92638767,14406396072
92678787,14413128735
92718809,14418958998
92758832,14424364005
92798856,14430906796
92838885,14437493820
92878913,14444167235
92918943,14450825985
92958972,14457842535
92999016,14464038089
93039067,14469886129
93079094,14476213814
93119115,14482187781
93159142,14489525142
93199165,14495658834
93239189,14501533732
93279211,14506905568
93319237,14513473547
93359265,14519405027
93399296,14525214781
93439321,14531592332
93479356,14538077812
93519403,14544426287
93559440,14550787777
93599471,14557191160
93639498,14563562424
93679530,14570929127
93719562,14576759979
93759590,14582405378
93799619,14588033044
93839649,14593660260
93879674,14600068265
93919701,14606253919
93959722,14612928677
93999765,14619337628
94039814,14625198510
94079844,14632167171
94119866,14638525589
94159890,14644823597
94199913,14651137914
94239938,14657511314
94279961,14663724688
94319987,14669619936
94360013,14675050871
94400049,14681458091
94440076,14687343581
94480106,14693141867
94520157,14699517293
94560200,14705929838
94600228,14712338645
94640252,14718750275
94680276,14725132364
94720308,14732517969
94760340,14738852476
94800364,14745166299
94840391,14750982130
94880416,14756412257
94920447,14762913315
94960476,14769272398
95000520,14775708462
95040573,14781818111
95071595,14786417259
95111619,14792587893
95151646,14799166977
95191671,14805253169
95231689,14811555241
95271715,14818430989
95311738,14825242771
95351767,14832093052
95391791,14836402180
95431821,14842828977
95471849,14848530581
95511897,14854609545
95551942,14860939687
95591965,14867032447
95631989,14873815860
95672020,14880293176
95712051,14886671657
95752080,14892967364
95792112,14899269788
95832140,14905528434
95872160,14911707157
95912186,14917560853
95952213,14922978028
95992254,14929341280
96032304,14934733180
96072333,14941155321
96112367,14947305607
96152391,14952836783
96192418,14959948226
96232447,14966063177
96272471,14972564475
96312496,14979305907
96352519,14985649149
96392544,14992006218
96432568,14998817170
96472594,15003362673
96512644,15009623275
96552685,15016061463
96592717,15022516861
96632745,15028167362
96672766,15034198638
96712792,15040752536
96752824,15048077759
96792860,15054481308
96832887,15060690116
96872915,15067066308
96912947,15073367933
96952977,15080148972
96993017,15084451660
97033067,15090840768
97073101,15096281581
97113125,15102728942
97153152,15109735626
97193173,15116253901
97233194,15123095382
97273222,15129445843
97313249,15135834435
97353278,15142194613
97393306,15148549585
97433329,15154812363
97473359,15161891104
97513409,15166730472
97553455,15172334044
97593484,15178916716
97633511,15185413579
97673540,15192329618
97713571,15199423815
97753600,15205896520
97793633,15212212900
97833659,15218469406
97873682,15224723967
97913708,15231093444
97953737,15237412540
97993777,15243661751
98033828,15248424874
98064266,15253108687
98103893,15260149603
98143927,15266674323
98183954,15273148529
98223981,15279553551
98264012,15285942582
98304039,15292245745
98344063,15298056901
98384091,15304318243
98424116,15311037066
98464145,15317477625
98504193,15323283002
98544244,15329444448
98584272,15333969832
98624304,15341069831
98664339,15348028478
98704375,15354563768
98744410,15361107774
98784444,15368378970
98824478,15374958404
98864506,15381340857
98904535,15387689755
98944561,15394045725
98984599,15400681286
99024651,15406583505
99064691,15412346220
99104720,15417798393
99144749,15424330087
99184779,15431172560
99224807,15438395033
99264829,15444901390
99304851,15451350584
99344878,15458041201
99384902,15465212737
99424927,15471380064
99464948,15477853319
99504997,15484070878
99545048,15489807359
99585072,15495134094
99625097,15501077769
99665122,15507842998
99705147,15514368048
99745179,15520719584
99785206,15526395414
99825236,15532746786
99865259,15539041397
99905285,15545439768
99945315,15551733630
99985355,15558030111
100025408,15564267108
100065446,15570546115
100105475,15576487899
100145504,15581809025
100185539,15588348928
100225576,15594873344
100265605,15601331926
100305634,15607731547
100345659,15614061105
100385688,15620518880
100425715,15626933992
100465744,15633422272
100505790,15639567343
100545840,15645811878
100585872,15652432493
100625904,15658930788
100665930,15663591403
100705964,15670042960
100745993,15676859471
100786020,15683445112
100826047,15690067490
100866073,15696708285
100906099,15703131654
100946122,15709556359
100986155,15715883077
101026205,15722140039
101066244,15728433779
101106267,15734785975
101146297,15741653750
101186328,15746661082
101226360,15753549402
101266393,15760104000
101306424,15766636007
101346459,15773305428
101386494,15780633988
101426527,15787099660
101466560,15793539570
101506609,15799850646
101546660,15806109176
101586693,15812296582
101626717,15818594701
101666747,15824537592
101706774,15829832665
101746801,15836306459
101786825,15842728524
101826848,15849258838
101866868,15855743338
101906892,15862145657
101946912,15868556804
101986948,15874939107
102026996,15881128081
102067033,15886821945
102107053,15893366893
102147077,15899970979
102187104,15906860801
102227129,15911150208
102267160,15917696741
102307192,15924238989
102347216,15930698114
102387238,15937157526
102427262,15943533895
102467287,15949874863
102507332,15956218369
102547380,15962514778
102587408,15968082700
102627432,15974735628
102667456,15980672227
102707480,15986606500
102747506,15992413729
102787533,15998380257
102827566,16005483824
102867597,16012024678
102907625,16018525343
102947654,16025365060
102987690,16031627461
103027740,16037583449
103067782,16043063039
103107805,16049123319
103147830,16055474352
103187856,16061716988
103227876,16068109800
103267895,16073853716
103307920,16079547782
103347942,16085726867
103387967,16092157370
103427995,16098673569
103468026,16105006564
103508074,16111015897
103548122,16116459070
103588151,16122767875
103628181,16128554231
103668212,16134365646
103708233,16140610490
103748260,16146914251
103788288,16153141426
103828320,16159022708
103868347,16164489899
103908381,16171036447
103948410,16177696014
103988442,16183979071
104028490,16190249334
104068529,16196557767
104108559,16202976684
104148589,16209307718
104188620,16215087123
104228648,16220825856
104268679,16227018367
104308707,16233182302
104348730,16238979733
104388755,16244390161
104428787,16250973783
104468819,16257432454
104508865,16262904248
104548914,16268974138
104588946,16274633051
104628972,16280676428
104668995,16286979572
104709024,16293268965
104749045,16299552294
104789071,16304775423
104829101,16312091201
104869133,16318420907
104909163,16323278096
104949191,16329825752
104989227,16336303432
105029278,16342710711
105069316,16349123114
105100344,16353901392
105140366,16359632385
105180391,16366102341
105220418,16373285244
105260439,16379717672
105300468,16385979040
105340486,16392293058
105380510,16398578520
105420540,16404463144
105460568,16409922595
105500611,16416430127
105540664,16422853704
105580697,16429399924
105620730,16436492731
105660765,16443388787
105700796,16449831390
105740833,16456232289
105780862,16462542717
105820888,16468815572
105860915,16475052642
105900945,16481285818
105940972,16487113585
105981001,16492486087
106021052,16498708317
106061098,16504761505
106101122,16510901922
106141156,16518329018
106181195,16524820822
106221228,16531265385
106261260,16537784785
106301287,16543993009
106341310,16550239284
106381336,16556426539
106421358,16562686227
106461380,16569185704
106501418,16573882402
106541468,16580295100
106581494,16586844949
106621518,16593311488
106661547,16599823164
106701576,16606295217
106741602,16612697183
106781629,16619377774
106821656,16626082305
106861683,16632769295
106901708,16639105424
106941729,16645356419
106981756,16651636037
107021806,16656485862
107061850,16662432726
107101879,16668297427
107141904,16674775069
107181933,16681286452
107221954,16687674383
107261978,16694108584
107302005,16700933519
107342035,16707845259
107382061,16714151893
107422088,16720466896
107462114,16726756932
107502156,16733557075
107542203,16737804955
107572524,16742016806
107612257,16748743829
107652285,16755237659
107692311,16762480719
107732345,16768980869
107772382,16775462137
107812415,16782441247
107852447,16789278373
107892472,16795582251
107932503,16801504885
107972529,16808144300
108012577,16814053099
108052625,16819118512
108092652,16824597112
108132682,16830974461
108172709,16837370537
108212737,16842728686
108252764,16849039557
108292786,16855522153
108332817,16861835997
108372846,16868204285
108412876,16874529186
108452901,16880829086
108492933,16887151273
108532983,16893334430
108573021,16899100808
108613044,16904478999
108653072,16910595969
108693101,16917123783
108733125,16923320077
108773150,16929538418
108813175,16935631529
108853200,16941979824
108893221,16948404873
108933243,16954807665
108973271,16962171380
109013319,16967449388
109053369,16973450751
109093399,16979240348
109133427,16984552155
109173454,16989941838
109213481,16996452852
109253511,17003086153
109293538,17010497682
109333569,17016949989
109373604,17022968982
109413629,17028738293
109453650,17034922498
109493686,17041602270
109533735,17047562498
109573772,17053997563
109613805,17061184911
109653835,17066453259
109693863,17072424530
109733887,17078613630
109773914,17085473193
109813938,17091984742
109853959,17098493910
109893981,17105389302
109934005,17111729030
109974030,17118642821
110014081,17124800634
110054127,17130652152
110094160,17137614081
110134190,17143922516
110174218,17149779326
110214249,17155206030
110254277,17161677357
110294308,17168119771
110334338,17174390379
110374368,17181020826
110414396,17187507476
110454427,17193917957
110494464,17200186628
110534517,17206461822
110574554,17212791943
110614581,17219182845
110654613,17225416035
110694642,17231242242
110734670,17236593568
110774701,17243015319
110814728,17248986409
110854749,17254967344
110894776,17261992696
110934808,17268808753
110974837,17275269739
111014883,17281608105
111054932,17287895196
111094963,17294308178
111134987,17300519603
111175014,17306814190
111215033,17313715088
111255056,17318162966
111295077,17324529544
111335104,17331189656
111375129,17337559950
111415154,17343883502
111455181,17350189192
111495220,17355861189
111535271,17361822261
111575312,17368324262
111615341,17375463843
111655362,17381896655
111695388,17388164245
111735414,17395018233
111775442,17399351134
111815469,17405870715
111855493,17412383911
111895520,17418959755
111935550,17425222141
111975577,17431562653
112015623,17437028922
112055670,17443124801
112095694,17449580011
112135724,17455776392
112175750,17461309388
112215775,17468287677
112255795,17474570236
112295817,17480470567
112335839,17485942076
112375868,17492490457
112415905,17499823828
112455938,17506569959
112495977,17512998984
112536029,17519200630
112576069,17525708292
112616103,17532189117
112656138,17538587990
112696170,17544878985
112736201,17551106024
112776225,17557286067
112816249,17563153209
112856270,17568557894
112896294,17574791833
112936315,17581456412
112976341,17587952821
113016388,17594347628
113056439,17600246510
113096465,17607148183
113136493,17613580145
113176526,17619993186
113216562,17626729260
113256597,17633454268
113296621,17639428783
113336645,17644668207
113376671,17650867735
113416697,17657691645
113456718,17664233222
113496753,17670726548
113536804,17677115345
113576842,17683507411
113616870,17689935523
113656901,17696360298
113696937,17703255357
113736967,17709357144
113776992,17715308429
113817014,17721540678
113857038,17727411370
113897064,17733401233
113937091,17740474265
113977117,17746935916
114017163,17753158171
114057215,17758913557
114097247,17766284699
114137280,17772749021
114177311,17779167556
114217339,17785538881
114257366,17791801458
114297393,17798047242
114337421,17804281523
114377449,17810097732
114417476,17815462681
114457506,17821935859
114497544,17827253666
114537594,17833546855
114577635,17839027686
114617661,17845266263
114657685,17851640001
114697714,17858093893
114737745,17865225832
114777774,17871313044
114817801,17877179404
114857822,17883518367
114897849,17890624776
114937872,17895486622
114977895,17901997285
115017942,17907344635
115057990,17913639032
115098023,17919890110
115138047,17925537767
115178070,17931954585
115218100,17939130967
115258123,17945173545
115298148,17951250887
115338173,17958244377
115378198,17964536245
115418219,17970805974
115458248,17976712227
115498283,17982174248
115538334,17988619241
115578373,17995071205
115609394,18000261317
115649415,18006759583
115689437,18013216117
115729462,18019600332
115769489,18026650970
115809515,18033386051
115849548,18039776966
115889578,18046090960
115929608,18052307424
115969631,18058120307
116009672,18063449348
116049724,18069033894
116089752,18075255188
116129783,18081631355
116169814,18087962298
116209842,18093365074
116249867,18099665573
116289891,18105970337
116329915,18112357150
116369946,18118637403
116409978,18124488720
116449999,18130029068
116490032,18136689821
116530080,18142081440
116570121,18147424747
116610145,18153931037
116650165,18160447591
116690193,18166724602
116730214,18173320228
116770243,18179543616
116810270,18185365566
116850297,18191311207
116890321,18197578469
116930345,18203787797
116970376,18209507409
117010417,18215239914
117050469,18221979986
117090500,18226361757
117130526,18232845136
117170558,18239004678
117210583,18244585005
117250615,18250917677
117290643,18257270451
117330663,18263743540
117370688,18270151084
117410715,18276532119
117450752,18283841342
117490783,18290262411
117530833,18296484869
117570877,18302700703
117610910,18307607056
117650940,18313758459
117690966,18319451838
117730991,18325917544
117771012,18332422790
117811041,18339920831
117851064,18346312160
117891086,18352769866
117931107,18359052019
117971131,18365448703
118011172,18371733925
118051223,18377950573
118091249,18384232742
118131276,18390049808
118171301,18395530104
118211332,18401974045
118251359,18407335909
118291382,18413783752
118331406,18420228115
118371430,18427181445
118411450,18433039813
118451471,18439699393
118491499,18446780450
118531549,18452895020
118571592,18458817286
118611617,18465489533
118651636,18471480632
118691663,18476903052
118731691,18483485695
118771724,18489840393
118811746,18496284833
118851768,18502796738
118891790,18509214123
118931816,18515660976
118971840,18521980641
119011879,18528256502
119051929,18534477426
119082294,18539016151
119121980,18545003572
119162004,18551638585
119202028,18556906025
119242057,18563463917
119282084,18569976074
119322109,18576389025
119362139,18582185646
119402167,18588119064
119442191,18594454406
119482219,18600856429
119522267,18607186429
119562313,18613473938
119602345,18619900330
119642382,18626982298
119682412,18633516067
119722438,18638376073
119762464,18644836442
119802487,18651283046
119842507,18657818490
119882533,18664247920
119922560,18670748069
119962593,18677218925
120002632,18683522016
120042683,18689818381
120082722,18696165648
120122758,18702808134
120162790,18709904991
120202820,18716169321
120242845,18721039436
120282881,18727550665
120322913,18734107449
120362947,18740646365
120402981,18747877450
120443013,18754616672
120483044,18761077520
120523095,18767387722
120563142,18773686373
120603167,18780044960
120643199,18786414728
120683235,18792828281
120720102,18798988719
120759311,18799049951
120799365,18799060139
120839419,18799070327
120879471,18799080515
120919524,18799090703
120959578,18799100891
120999632,18799111079
121039692,18799121267
121079752,18799131455
121113803,18799141435
121153863,18799151623
TS,2
30510,629
70571,669
110633,709
150695,749
190757,789
230819,829
270881,869
310943,909
351005,949
391067,989
431129,1029
471193,1069
511248,1111
551299,1151
591350,1191
631401,1231
671451,1271
711502,1311
751553,1351
791602,1391
831654,1431
871703,1471
911739,1511
951775,1551
991803,1591
1031834,1631
1071866,1671
1111894,1711
1151920,1751
1191941,1791
1231964,1831
1271988,1871
1312015,1911
1352037,1951
1392065,1991
1432117,2031
1472159,2071
1511187,2111
1551217,2151
1591245,2191
1631275,2231
1671309,2271
1711342,2311
1751365,2351
1791389,2391
1831411,2431
1871438,2471
1911476,2511
1951528,2551
1991563,2592
2031597,2632
2071625,2672
2111651,2712
2151681,2752
2191707,2792
2231739,2832
2271776,2872
2311809,2912
2351838,2952
2391865,2992
2431914,3032
2471957,3072
2511981,3113
2552004,3153
2592027,3193
2632049,3233
2672069,3273
2712092,3313
2752117,3353
2792145,3393
2832173,3433
2872197,3473
2912231,3513
2952282,3553
2982697,3584
3022339,3624
3062363,3664
3102387,3704
3142410,3744
3182434,3784
3222464,3824
3262492,3864
3302518,3904
3342541,3944
3382565,3984
3422607,4024
3462658,4064
3502685,4105
3542716,4145
3582748,4185
3622780,4225
3662801,4265
3702827,4305
3742846,4345
3782873,4385
3822903,4425
3862935,4465
3902966,4505
3943016,4545
3983056,4585
4023088,4626
4063116,4666
4103141,4706
4143169,4746
4183197,4786
4223223,4826
4263257,4866
4303290,4906
4343313,4946
4383339,4986
4423384,5026
4463435,5066
4503460,5107
4543490,5147
4583516,5187
4623538,5227
4663566,5267
4703592,5307
4743614,5347
4783638,5387
4823664,5427
4863696,5467
4903728,5507
4943778,5547
4983819,5587
5023847,5628
5063871,5668
5103892,5708
5143915,5748
5183942,5788
5223966,5828
5263986,5868
5304014,5908
5344044,5948
5384068,5988
5424110,6028
5464161,6068
5504197,6109
5544229,6149
5584254,6189
5624281,6229
5664300,6269
5704326,6309
5744348,6349
5784370,6389
5824391,6429
5864418,6469
5904449,6509
5944500,6549
5984543,6589
6024571,6630
6064602,6670
6104638,6710
6144665,6750
6184686,6790
6224714,6830
6264737,6870
6304759,6910
6344779,6950
6384804,6990
6424851,7030
6464899,7070
6504930,7111
6544960,7151
6584989,7191
6625018,7231
6665054,7271
6705089,7311
6745124,7351
6785148,7391
6825173,7431
6865202,7471
6905234,7511
6945284,7551
6985322,7591
7025350,7632
7065376,7672
7105406,7712
7145443,7752
7185475,7792
7225499,7832
7265526,7872
7305553,7912
7345585,7952
7385618,7992
7425663,8032
7465714,8072
7505746,8113
7545771,8153
7585795,8193
7625823,8233
7665851,8273
7705886,8313
7745912,8353
7785937,8393
7825961,8433
7865996,8473
7906032,8513
7946082,8553
7986122,8593
8026150,8634
8066181,8674
8106210,8714
8146234,8754
8186263,8794
8226290,8834
8266315,8874
8306336,8914
8346362,8954
8386390,8994
8426437,9034
8466488,9074
8506514,9115
8546540,9155
8586569,9195
8626602,9235
8666626,9275
8706652,9315
8746680,9355
8786715,9395
8826749,9435
8866783,9475
8906819,9515
8946867,9555
8986907,9595
9017933,9627
9057956,9667
9097983,9707
9138007,9747
9178038,9787
9218072,9827
9258102,9867
9298133,9907
9338156,9947
9378183,9987
9418221,10027
9458269,10067
9498304,10108
9538332,10148
9578363,10188
9618388,10228
9658411,10268
9698441,10308
9738471,10348
9778508,10388
9818532,10428
9858561,10468
9898593,10508
9938644,10548
9978690,10588
10018723,10629
10058750,10669
10098781,10709
10138803,10749
10178828,10789
10218848,10829
10258877,10869
10298907,10909
10338932,10949
10378965,10989
10419008,11029
10459060,11069
10499099,11110
10539128,11150
10579158,11190
10619191,11230
10659221,11270
10699249,11310
10739275,11350
10779299,11390
10819324,11430
10859347,11470
10899376,11510
10939425,11550
10979472,11590
11019495,11631
11059521,11671
11099547,11711
11139567,11751
11179592,11791
11219614,11831
11259641,11871
11299662,11911
11339688,11951
11379714,11991
11419751,12031
11459801,12071
11490107,12102
11529847,12142
11569877,12182
11609905,12222
11649930,12262
11689956,12302
11729979,12342
11770004,12382
11810034,12422
11850061,12462
11890089,12502
11930139,12542
11970190,12582
12010219,12623
12050248,12663
12090272,12703
12130296,12743
12170325,12783
12210352,12823
12250378,12863
12290415,12903
12330448,12943
12370482,12983
12410510,13023
12450563,13063
12490602,13103
12530633,13144
12570661,13184
12610687,13224
12650713,13264
12690741,13304
12730766,13344
12770787,13384
12810813,13424
12850841,13464
12890876,13504
12930921,13544
12970970,13584
13010996,13625
13051023,13665
13091052,13705
13131081,13745
13171111,13785
13211141,13825
13251173,13865
13291197,13905
13331224,13945
13371249,13985
13411287,14025
13451338,14065
13491376,14105
13531404,14146
13571431,14186
13611461,14226
13651486,14266
13691509,14306
13731531,14346
13771553,14386
13811577,14426
13851604,14466
13891625,14506
13931671,14546
13971723,14586
14011751,14627
14051778,14667
14091797,14707
14131822,14747
14171849,14787
14211870,14827
14251896,14867
14291917,14907
14331946,14947
14371971,14987
14412006,15027
14452057,15067
14492092,15107
14532118,15148
14572144,15188
14612165,15228
14652193,15268
14692220,15308
14732245,15348
14772273,15388
14812298,15428
14852328,15468
14892355,15508
14932404,15548
14972454,15588
15012482,15629
15052514,15669
15092539,15709
15132560,15749
15172586,15789
15212615,15829
15252650,15869
15292675,15909
15332705,15949
15372733,15989
15412768,16029
15452818,16069
15492857,16109
15532881,16150
15572899,16190
15612921,16230
15652950,16270
15692985,16310
15733016,16350
15773038,16390
15813063,16430
15853090,16470
15893119,16510
15933163,16550
15973213,16590
16013239,16631
16053272,16671
16093302,16711
16133333,16751
16173355,16791
16213380,16831
16253410,16871
16293442,16911
16333468,16951
16373495,16991
16413532,17031
16453583,17071
16493624,17111
16533650,17152
16573686,17192
16613709,17232
16653737,17272
16693760,17312
16733797,17352
16773825,17392
16813850,17432
16853872,17472
16893894,17512
16933942,17552
16973994,17592
17014020,17633
17054047,17673
17094073,17713
17134107,17753
17174133,17793
17214153,17833
17254179,17873
17294202,17913
17334236,17953
17374269,17993
17414306,18033
17454357,18073
17494395,18113
17534426,18154
17574453,18194
17614482,18234
17654513,18274
17694537,18314
17734561,18354
17774580,18394
17814607,18434
17854628,18474
17894659,18514
17934701,18554
17974750,18594
18014774,18635
18054800,18675
18094827,18715
18134853,18755
18174875,18795
18214900,18835
18254921,18875
18294948,18915
18334973,18955
18374994,18995
18415029,19035
18455080,19075
18495122,19115
18526144,19147
18566172,19187
18606199,19227
18646229,19267
18686264,19307
18726296,19347
18766324,19387
18806351,19427
18846374,19467
18886399,19507
18926440,19547
18966487,19587
19006516,19628
19046543,19668
19086566,19708
19126589,19748
19166613,19788
19206637,19828
19246671,19868
19286704,19908
19326731,19948
19366759,19988
19406786,20028
19446836,20068
19486881,20108
19526911,20149
19566941,20189
19606971,20229
19647000,20269
19687030,20309
19727062,20349
19767091,20389
19807113,20429
19847141,20469
19887177,20509
19927218,20549
19967270,20589
20007306,20630
20047337,20670
20087369,20710
20127398,20750
20167430,20790
20207463,20830
20247495,20870
20287530,20910
20327561,20950
20367590,20990
20407613,21030
20447664,21070
20487705,21110
20527732,21151
20567760,21191
20607788,21231
20647818,21271
20687855,21311
20727883,21351
20767912,21391
20807942,21431
20847968,21471
20887995,21511
20928035,21551
20968087,21591
21008123,21632
21048150,21672
21088176,21712
21128206,21752
21168235,21792
21208267,21832
21248303,21872
21288333,21912
21328366,21952
21368403,21992
21408437,22032
21448486,22072
21488533,22112
21528568,22153
21568600,22193
21608634,22233
21648659,22273
21688688,22313
21728716,22353
21768746,22393
21808774,22433
21848798,22473
21888816,22513
21928852,22553
21968904,22593
21999295,22624
22038967,22664
22078999,22704
22119019,22744
22159047,22784
22199072,22824
22239100,22864
22279127,22904
22319156,22944
22359183,22984
22399208,23024
22439252,23064
22479301,23104
22519331,23145
22559352,23185
22599379,23225
22639403,23265
22679425,23305
22719445,23345
22759467,23385
22799490,23425
22839518,23465
22879539,23505
22919572,23545
22959623,23585
22999659,23625
23039692,23666
23079724,23706
23119762,23746
23159789,23786
23199815,23826
23239838,23866
23279862,23906
23319889,23946
23359915,23986
23399939,24026
23439986,24066
23480036,24106
23520057,24147
23560077,24187
23600103,24227
23640132,24267
23680155,24307
23720175,24347
23760199,24387
23800223,24427
23840249,24467
23880278,24507
23920317,24547
23960367,24587
24000402,24627
24040433,24668
24080465,24708
24120494,24748
24160521,24788
24200551,24828
24240582,24868
24280619,24908
24320648,24948
24360677,24988
24400705,25028
24440752,25068
24480802,25108
24520831,25149
24560857,25189
24600882,25229
24640912,25269
24680939,25309
24720963,25349
24760992,25389
24801017,25429
24841045,25469
24881074,25509
24921108,25549
24961155,25589
25001195,25629
25041224,25670
25081254,25710
25121285,25750
25161313,25790
25201342,25830
25241372,25870
25281394,25910
25321418,25950
25361446,25990
25401468,26030
25441512,26070
25481563,26110
25521587,26151
25561625,26191
25601652,26231
25641678,26271
25681707,26311
25721738,26351
25761766,26391
25801794,26431
25841825,26471
25881853,26511
25921891,26551
25961940,26591
26001982,26631
26042012,26672
26082038,26712
26122064,26752
26162097,26792
26202125,26832
26242161,26872
26282193,26912
26322219,26952
26362240,26992
26402265,27032
26442314,27072
26482361,27112
26522385,27153
26562411,27193
26602433,27233
26642458,27273
26682486,27313
26722509,27353
26762538,27393
26802572,27433
26842599,27473
26882621,27513
26922653,27553
26962704,27593
27002740,27633
27042763,27674
27082788,27714
27122816,27754
27162840,27794
27202866,27834
27242891,27874
27282914,27914
27322945,27954
27362974,27994
27403006,28034
27443050,28074
27483101,28114
27514121,28146
27554150,28186
27594171,28226
27634195,28266
27674216,28306
27714242,28346
27754263,28386
27794292,28426
27834319,28466
27874346,28506
27914376,28546
27954427,28586
27994472,28626
28034502,28667
28074534,28707
28114562,28747
28154588,28787
28194615,28827
28234647,28867
28274673,28907
28314693,28947
28354724,28987
28394754,29027
28434798,29067
28474846,29107
28514878,29148
28554910,29188
28594934,29228
28634961,29268
28674992,29308
28715024,29348
28755049,29388
28795076,29428
28835102,29468
28875126,29508
28915150,29548
28955201,29588
28995247,29628
29035278,29669
29075308,29709
29115335,29749
29155362,29789
29195389,29829
29235414,29869
29275440,29909
29315473,29949
29355501,29989
29395531,30029
29435572,30069
29475624,30109
29515662,30150
29555695,30190
29595726,30230
29635759,30270
29675788,30310
29715815,30350
29755847,30390
29795879,30430
29835912,30470
29875944,30510
29915980,30550
29956029,30590
29996071,30630
30036101,30671
30076130,30711
30116159,30751
30156183,30791
30196204,30831
30236226,30871
30276249,30911
30316268,30951
30356291,30991
30396314,31031
30436354,31071
30476401,31111
30506849,31142
30546457,31182
30586485,31222
30626517,31262
30666545,31302
30706574,31342
30746606,31382
30786641,31422
30826676,31462
30866706,31502
30906732,31542
30946776,31582
30986826,31622
31026856,31663
31066881,31703
31106908,31743
31146936,31783
31186962,31823
31226983,31863
31267006,31903
31307029,31943
31347053,31983
31387082,32023
31427112,32063
31467165,32103
31507200,32143
31547229,32184
31587259,32224
31627287,32264
31667311,32304
31707335,32344
31747361,32384
31787386,32424
31827413,32464
31867436,32504
31907461,32544
31947508,32584
31987555,32624
32027579,32665
32067601,32705
32107629,32745
32147656,32785
32187681,32825
32227704,32865
32267732,32905
32307752,32945
32347784,32985
32387814,33025
32427850,33065
32467899,33105
32507937,33145
32547973,33186
32588008,33226
32628034,33266
32668065,33306
32708091,33346
32748117,33386
32788142,33426
32828172,33466
32868203,33506
32908225,33546
32948272,33586
32988322,33626
33028349,33667
33068374,33707
33108403,33747
33148433,33787
33188456,33827
33228476,33867
33268499,33907
33308529,33947
33348553,33987
33388589,34027
33428629,34067
33468681,34107
33508718,34147
33548739,34188
33588761,34228
33628791,34268
33668817,34308
33708844,34348
33748867,34388
33788897,34428
33828921,34468
33868943,34508
33908964,34548
33949011,34588
33989060,34628
34029090,34669
34069118,34709
34109139,34749
34149166,34789
34189198,34829
34229229,34869
34269254,34909
34309284,34949
34349311,34989
34389340,35029
34429372,35069
34469421,35109
34509460,35149
34549487,35190
34589517,35230
34629548,35270
34669581,35310
34709616,35350
34749644,35390
34789673,35430
34829697,35470
34869721,35510
34909743,35550
34949787,35590
34989837,35630
35029862,35671
35069893,35711
35109929,35751
35149963,35791
35189985,35831
35230009,35871
35270030,35911
35310055,35951
35350080,35991
35390104,36031
35430142,36071
35470192,36111
35510231,36151
35541254,36183
35581287,36223
35621323,36263
35661354,36303
35701379,36343
35741403,36383
35781430,36423
35821454,36463
35861479,36503
35901504,36543
35941548,36583
35981597,36623
36021628,36664
36061653,36704
36101675,36744
36141705,36784
36181736,36824
36221757,36864
36261777,36904
36301804,36944
36341829,36984
36381862,37024
36421889,37064
36461938,37104
36501980,37144
36542005,37185
36582031,37225
36622056,37265
36662086,37305
36702118,37345
36742142,37385
36782167,37425
36822189,37465
36862215,37505
36902243,37545
36942286,37585
36982338,37625
37022373,37666
37062408,37706
37102442,37746
37142466,37786
37182491,37826
37222514,37866
37262542,37906
37302564,37946
37342596,37986
37382624,38026
37422651,38066
37462701,38106
37502744,38146
37542778,38187
37582810,38227
37622841,38267
37662863,38307
37702885,38347
37742914,38387
37782935,38427
37822957,38467
37862980,38507
37903002,38547
37943043,38587
37983094,38627
38023125,38668
38063150,38708
38103174,38748
38143198,38788
38183224,38828
38223249,38868
38263273,38908
38303297,38948
38343322,38988
38383341,39028
38423372,39068
38463422,39108
38503468,39148
38543499,39189
38583527,39229
38623552,39269
38663577,39309
38703604,39349
38743624,39389
38783649,39429
38823671,39469
38863697,39509
38903720,39549
38943762,39589
38983812,39629
39014217,39660
39053868,39700
39093902,39740
39133928,39780
39173957,39820
39213988,39860
39254018,39900
39294046,39940
39334075,39980
39374099,40020
39414122,40060
39454171,40100
39494221,40140
39534244,40181
39574271,40221
39614291,40261
39654311,40301
39694335,40341
39734362,40381
39774388,40421
39814415,40461
39854444,40501
39894476,40541
39934509,40581
39974561,40621
40014596,40661
40054620,40702
40094648,40742
40134669,40782
40174689,40822
40214715,40862
40254735,40902
40294764,40942
40334793,40982
40374824,41022
40414849,41062
40454893,41102
40494943,41142
40534964,41183
40574992,41223
40615024,41263
40655054,41303
40695079,41343
40735107,41383
40775131,41423
40815158,41463
40855182,41503
40895214,41543
40935248,41583
40975297,41623
41015337,41663
41055368,41704
41095395,41744
41135416,41784
41175441,41824
41215465,41864
41255488,41904
41295511,41944
41335542,41984
41375569,42024
41415595,42064
41455644,42104
41495692,42144
41535720,42185
41575740,42225
41615761,42265
41655783,42305
41695809,42345
41735831,42385
41775852,42425
41815885,42465
41855912,42505
41895938,42545
41935976,42585
41976025,42625
42016056,42665
42056082,42706
42096105,42746
42136128,42786
42176152,42826
42216178,42866
42256198,42906
42296226,42946
42336259,42986
42376288,43026
42416314,43066
42456361,43106
42496406,43146
42536433,43187
42576459,43227
42616484,43267
42656507,43307
42696531,43347
42736555,43387
42776580,43427
42816602,43467
42856628,43507
42896650,43547
42936685,43587
42976736,43627
43016771,43667
43056798,43708
43096830,43748
43136861,43788
43176891,43828
43216916,43868
43256950,43908
43296985,43948
43337014,43988
43377041,44028
43417066,44068
43457114,44108
43497159,44148
43537185,44189
43577212,44229
43617237,44269
43657266,44309
43697296,44349
43737318,44389
43777345,44429
43817372,44469
43857401,44509
43897433,44549
43937474,44589
43977523,44629
44017563,44669
44057586,44710
44097606,44750
44137628,44790
44177659,44830
44217681,44870
44257707,44910
44297733,44950
44337760,44990
44377785,45030
44417807,45070
44457852,45110
44497898,45150
44537926,45191
44577950,45231
44617976,45271
44658006,45311
44698033,45351
44738061,45391
44778087,45431
44818113,45471
44858137,45511
44898162,45551
44938191,45591
44978243,45631
45018280,45671
45058312,45712
45098343,45752
45138370,45792
45178395,45832
45218421,45872
45258447,45912
45298471,45952
45338500,45992
45378526,46032
45418552,46072
45458601,46112
45498649,46152
45529674,46184
45569706,46224
45609731,46264
45649748,46304
45689781,46344
45729806,46384
45769838,46424
45809866,46464
45849893,46504
45889924,46544
45929948,46584
45969999,46624
46010039,46664
46050073,46705
46090101,46745
46130133,46785
46170163,46825
46210193,46865
46250224,46905
46290257,46945
46330278,46985
46370307,47025
46410332,47065
46450374,47105
46490424,47145
46530458,47186
46570493,47226
46610525,47266
46650553,47306
46690586,47346
46730607,47386
46770629,47426
46810654,47466
46850677,47506
46890705,47546
46930737,47586
46970789,47626
47010834,47666
47050860,47707
47090893,47747
47130923,47787
47170951,47827
47210971,47867
47250997,47907
47291023,47947
47331050,47987
47371078,48027
47411104,48067
47451147,48107
47491198,48147
47531235,48188
47571265,48228
47611289,48268
47651318,48308
47691346,48348
47731372,48388
47771397,48428
47811416,48468
47851443,48508
47891463,48548
47931494,48588
47971544,48628
48011585,48668
48051615,48709
48091643,48749
48131670,48789
48171701,48829
48211731,48869
48251760,48909
48291786,48949
48331810,48989
48371836,49029
48411862,49069
48451908,49109
48491959,49149
48522272,49180
48562018,49220
48602047,49260
48642076,49300
48682100,49340
48722122,49380
48762150,49420
48802169,49460
48842199,49500
48882231,49540
48922259,49580
48962306,49620
49002355,49660
49042380,49701
49082409,49741
49122437,49781
49162461,49821
49202479,49861
49242504,49901
49282529,49941
49322557,49981
49362577,50021
49402607,50061
49442638,50101
49482691,50141
49522728,50181
49562754,50222
49602781,50262
49642814,50302
49682845,50342
49722871,50382
49762906,50422
49802929,50462
49842959,50502
49882992,50542
49923014,50582
49963059,50622
50003107,50662
50043135,50703
50083159,50743
50123191,50783
50163217,50823
50203241,50863
50243266,50903
50283291,50943
50323315,50983
50363348,51023
50403369,51063
50443402,51103
50483451,51143
50523491,51183
50563523,51224
50603555,51264
50643584,51304
50683613,51344
50723644,51384
50763674,51424
50803702,51464
50843730,51504
50883751,51544
50923778,51584
50963825,51624
51003876,51664
51043908,51705
51083943,51745
51123965,51785
51163989,51825
51204013,51865
51244042,51905
51284074,51945
51324103,51985
51364131,52025
51404156,52065
51444184,52105
51484235,52145
51524275,52185
51564305,52226
51604333,52266
51644355,52306
51684379,52346
51724398,52386
51764425,52426
51804454,52466
51844480,52506
51884505,52546
51924536,52586
51964581,52626
52004625,52666
52044654,52707
52084679,52747
52124703,52787
52164725,52827
52204752,52867
52244784,52907
52284813,52947
52324840,52987
52364860,53027
52404885,53067
52444915,53107
52484965,53147
52525003,53187
52565030,53228
52605057,53268
52645083,53308
52685114,53348
52725137,53388
52765159,53428
52805181,53468
52845203,53508
52885236,53548
52925265,53588
52965308,53628
53005357,53668
53045380,53709
53085406,53749
53125426,53789
53165452,53829
53205474,53869
53245505,53909
53285538,53949
53325564,53989
53365584,54029
53405616,54069
53445646,54109
53485698,54149
53525735,54189
53565764,54230
53605787,54270
53645819,54310
53685849,54350
53725869,54390
53765893,54430
53805916,54470
53845943,54510
53885976,54550
53926003,54590
53966043,54630
54006086,54670
54046112,54711
54086136,54751
54126162,54791
54166186,54831
54206209,54871
54246239,54911
54286260,54951
54326284,54991
54366304,55031
54406331,55071
54446360,55111
54486409,55151
54526445,55191
54566472,55232
54606499,55272
54646521,55312
54686546,55352
54726572,55392
54766596,55432
54806622,55472
54846648,55512
54886671,55552
54926694,55592
54966734,55632
55006783,55672
55046816,55713
55086847,55753
55126874,55793
55166905,55833
55206936,55873
55246959,55913
55286987,55953
55327010,55993
55367030,56033
55407055,56073
55447081,56113
55487130,56153
55527168,56193
55567196,56234
55607218,56274
55647249,56314
55687280,56354
55727310,56394
55767335,56434
55807360,56474
55847384,56514
55887405,56554
55927433,56594
55967474,56634
56007519,56674
56047542,56715
56087562,56755
56127584,56795
56167606,56835
56207630,56875
56247652,56915
56287678,56955
56327707,56995
56367738,57035
56407770,57075
56447804,57115
56487852,57155
56527893,57195
56567915,57236
56607936,57276
56647960,57316
56687984,57356
56728008,57396
56768036,57436
56808063,57476
56848093,57516
56888126,57556
56928163,57596
56968205,57636
57008254,57676
57039275,57708
57079310,57748
57119340,57788
57159365,57828
57199393,57868
57239420,57908
57279444,57948
57319473,57988
57359506,58028
57399535,58068
57439556,58108
57479608,58148
57519650,58188
57559679,58228
57599705,58268
57639729,58308
57679757,58348
57719776,58388
57759800,58428
57799823,58468
57839850,58508
57879883,58548
57919917,58588
57959955,58628
58000004,58668
58040036,58709
58080058,58749
58120087,58789
58160114,58829
58200135,58869
58240159,58909
58280184,58949
58320211,58989
58360240,59029
58400269,59069
58440295,59109
58480344,59149
58520386,59189
58560419,59230
58600451,59270
58640472,59310
58680493,59350
58720518,59390
58760544,59430
58800562,59470
58840592,59510
58880620,59550
58920647,59590
58960686,59630
59000735,59670
59040770,59711
59080799,59751
59120824,59791
59160846,59831
59200876,59871
59240901,59911
59280923,59951
59320943,59991
59360971,60031
59401004,60071
59441028,60111
59481077,60151
59521120,60191
59561149,60232
59601177,60272
59641208,60312
59681242,60352
59721277,60392
59761310,60432
59801337,60472
59841362,60512
59881395,60552
59921427,60592
59961467,60632
60001513,60672
60041547,60713
60081576,60753
60121604,60793
60161626,60833
60201652,60873
60241673,60913
60281694,60953
60321719,60993
60361740,61033
60401763,61073
60441788,61113
60481838,61153
60521880,61193
60561906,61234
60601933,61274
60641964,61314
60681998,61354
60722023,61394
60762056,61434
60802090,61474
60842123,61514
60882148,61554
60922171,61594
60962206,61634
61002256,61674
61032618,61705
61072306,61745
61112330,61785
61152359,61825
61192388,61865
61232408,61905
61272438,61945
61312465,61985
61352491,62025
61392520,62065
61432549,62105
61472594,62145
61512642,62185
61552678,62226
61592709,62266
61632741,62306
61672769,62346
61712798,62386
61752826,62426
61792852,62466
61832874,62506
61872903,62546
61912932,62586
61952964,62626
61993015,62666
62033050,62706
62073079,62747
62113105,62787
62153130,62827
62193158,62867
62233182,62907
62273204,62947
62313237,62987
62353268,63027
62393290,63067
62433319,63107
62473361,63147
62513401,63187
62553424,63228
62593455,63268
62633483,63308
62673510,63348
62713535,63388
62753562,63428
62793591,63468
62833618,63508
62873640,63548
62913668,63588
62953695,63628
62993746,63668
63033778,63708
63073806,63749
63113830,63789
63153856,63829
63193876,63869
63233902,63909
63273927,63949
63313949,63989
63353974,64029
63394001,64069
63434024,64109
63474069,64149
63514117,64189
63554142,64230
63594164,64270
63634184,64310
63674204,64350
63714229,64390
63754255,64430
63794281,64470
63834304,64510
63874330,64550
63914355,64590
63954384,64630
63994432,64670
64034468,64710
64074494,64751
64114519,64791
64154547,64831
64194571,64871
64234595,64911
64274616,64951
64314640,64991
64354663,65031
64394686,65071
64434713,65111
64474756,65151
64514804,65191
64554832,65232
64594862,65272
64634889,65312
64674922,65352
64714949,65392
64754972,65432
64794997,65472
64835019,65512
64875045,65552
64915065,65592
64955096,65632
64995147,65672
65035184,65712
65075211,65753
65115236,65793
65155261,65833
65195291,65873
65235315,65913
65275337,65953
65315363,65993
65355386,66033
65395416,66073
65435445,66113
65475486,66153
65515532,66193
65555556,66234
65595581,66274
65635605,66314
65675632,66354
65715655,66394
65755680,66434
65795703,66474
65835724,66514
65875751,66554
65915774,66594
65955804,66634
65995853,66674
66035894,66714
66075925,66755
66115948,66795
66155971,66835
66195997,66875
66236020,66915
66276051,66955
66316085,66995
66356113,67035
66396139,67075
66436160,67115
66476200,67155
66516245,67195
66556275,67236
66596303,67276
66636330,67316
66676356,67356
66716378,67396
66756401,67436
66796423,67476
66836451,67516
66876473,67556
66916494,67596
66956524,67636
66996575,67676
67036609,67716
67076640,67757
67116666,67797
67156689,67837
67196711,67877
67236740,67917
67276771,67957
67316794,67997
67356819,68037
67396848,68077
67436882,68117
67476923,68157
67516974,68197
67556999,68238
67597026,68278
67637054,68318
67677082,68358
67717111,68398
67757137,68438
67797157,68478
67837186,68518
67877210,68558
67917231,68598
67957262,68638
67997311,68678
68037341,68718
68077366,68759
68117389,68799
68157412,68839
68197435,68879
68237462,68919
68277489,68959
68317518,68999
68357539,69039
68397571,69079
68437601,69119
68477645,69159
68517690,69199
68548711,69231
68588744,69271
68628776,69311
68668795,69351
68708824,69391
68748845,69431
68788866,69471
68828889,69511
68868916,69551
68908942,69591
68948966,69631
68989019,69671
69029061,69711
69069092,69752
69109112,69792
69149137,69832
69189165,69872
69229188,69912
69269214,69952
69309236,69992
69349261,70032
69389285,70072
69429309,70112
69469347,70152
69509399,70192
69549434,70233
69589464,70273
69629492,70313
69669518,70353
69709543,70393
69749569,70433
69789592,70473
69829620,70513
69869642,70553
69909664,70593
69949692,70633
69989743,70673
70029780,70713
70069803,70754
70109826,70794
70149855,70834
70189883,70874
70229919,70914
70269943,70954
70309969,70994
70349989,71034
70390015,71074
70430045,71114
70470087,71154
70510139,71194
70550166,71235
70590203,71275
70630224,71315
70670250,71355
70710278,71395
70750311,71435
70790336,71475
70830364,71515
70870389,71555
70910412,71595
70950433,71635
70990483,71675
71030523,71715
71070553,71756
71110581,71796
71150615,71836
71190638,71876
71230664,71916
71270682,71956
71310711,71996
71350740,72036
71390767,72076
71430794,72116
71470832,72156
71510885,72196
71550912,72237
71590933,72277
71630956,72317
71670977,72357
71711004,72397
71751031,72437
71791054,72477
71831080,72517
71871106,72557
71911127,72597
71951153,72637
71991204,72677
72031247,72717
72071274,72758
72111299,72798
72151323,72838
72191351,72878
72231378,72918
72271406,72958
72311433,72998
72351457,73038
72391484,73078
72431507,73118
72471543,73158
72511592,73198
72542031,73229
72581649,73269
72621677,73309
72661704,73349
72701733,73389
72741761,73429
72781785,73469
72821812,73509
72861840,73549
72901860,73589
72941886,73629
72981929,73669
73021972,73709
73062004,73750
73102040,73790
73142068,73830
73182089,73870
73222111,73910
73262136,73950
73302164,73990
73342191,74030
73382212,74070
73422234,74110
73462265,74150
73502315,74190
73542352,74230
73582381,74271
73622409,74311
73662430,74351
73702455,74391
73742477,74431
73782502,74471
73822524,74511
73862548,74551
73902574,74591
73942605,74631
73982650,74671
74022700,74711
74062727,74752
74102750,74792
74142776,74832
74182796,74872
74222817,74912
74262842,74952
74302864,74992
74342895,75032
74382921,75072
74422947,75112
74462981,75152
74503033,75192
74543071,75232
74583101,75273
74623132,75313
74663152,75353
74703179,75393
74743199,75433
74783229,75473
74823255,75513
74863275,75553
74903300,75593
74943329,75633
74983372,75673
75023416,75713
75063445,75754
75103475,75794
75143502,75834
75183532,75874
75223558,75914
75263589,75954
75303616,75994
75343647,76034
75383673,76074
75423701,76114
75463741,76154
75503794,76194
75543830,76234
75583864,76275
75623897,76315
75663930,76355
75703958,76395
75743983,76435
75784004,76475
75824036,76515
75864063,76555
75904086,76595
75944116,76635
75984162,76675
76024213,76715
76064241,76756
76104269,76796
76144300,76836
76184332,76876
76224357,76916
76264387,76956
76304406,76996
76344432,77036
76384460,77076
76424492,77116
76464524,77156
76504573,77196
76544614,77236
76584639,77277
76624665,77317
76664697,77357
76704727,77397
76744756,77437
76784786,77477
76824811,77517
76864844,77557
76904874,77597
76944902,77637
76984945,77677
77024995,77717
77065027,77758
77105056,77798
77145086,77838
77185107,77878
77225131,77918
77265152,77958
77305177,77998
77345199,78038
77385224,78078
77425244,78118
77465274,78158
77505322,78198
77545363,78238
77585388,78279
77625414,78319
77665442,78359
77705470,78399
77745490,78439
77785516,78479
77825541,78519
77865566,78559
77905589,78599
77945615,78639
77985657,78679
78025708,78719
78056730,78751
78096756,78791
78136779,78831
78176808,78871
78216830,78911
78256855,78951
78296882,78991
78336911,79031
78376941,79071
78416969,79111
78456999,79151
78497048,79191
78537089,79231
78577115,79272
78617145,79312
78657164,79352
78697189,79392
78737214,79432
78777250,79472
78817277,79512
78857303,79552
78897335,79592
78937360,79632
78977400,79672
79017447,79712
79057476,79753
79097505,79793
79137528,79833
79177562,79873
79217586,79913
79257611,79953
79297639,79993
79337665,80033
79377692,80073
79417719,80113
79457750,80153
79497800,80193
79537843,80233
79577875,80274
79617902,80314
79657930,80354
79697965,80394
79738002,80434
79778024,80474
79818051,80514
79858079,80554
79898104,80594
79938132,80634
79978165,80674
80018217,80714
80058249,80755
80098279,80795
80138305,80835
80178329,80875
80218353,80915
80258377,80955
80298408,80995
80338441,81035
80378476,81075
80418506,81115
80458534,81155
80498586,81195
80538630,81235
80578657,81276
80618691,81316
80658722,81356
80698741,81396
80738769,81436
80778792,81476
80818819,81516
80858845,81556
80898872,81596
80938899,81636
80978943,81676
81018994,81716
81049356,81747
81089054,81787
81129085,81827
81169117,81867
81209150,81907
81249177,81947
81289209,81987
81329238,82027
81369267,82067
81409296,82107
81449327,82147
81489373,82187
81529425,82227
81569451,82268
81609471,82308
81649493,82348
81689521,82388
81729544,82428
81769570,82468
81809597,82508
81849623,82548
81889647,82588
81929668,82628
81969700,82668
82009751,82708
82049787,82748
82089814,82789
82129840,82829
82169866,82869
82209899,82909
82249931,82949
82289959,82989
82329980,83029
82370008,83069
82410037,83109
82450060,83149
82490103,83189
82530153,83229
82570182,83270
82610203,83310
82650230,83350
82690254,83390
82730276,83430
82770299,83470
82810325,83510
82850345,83550
82890371,83590
82930397,83630
82970430,83670
83010478,83710
83050516,83750
83090544,83791
83130569,83831
83170591,83871
83210617,83911
83250641,83951
83290662,83991
83330687,84031
83370715,84071
83410747,84111
83450782,84151
83490828,84191
83530879,84231
83570908,84272
83610939,84312
83650971,84352
83690997,84392
83731022,84432
83771051,84472
83811086,84512
83851112,84552
83891134,84592
83931161,84632
83971194,84672
84011245,84712
84051284,84752
84091315,84793
84131346,84833
84171372,84873
84211393,84913
84251413,84953
84291440,84993
84331464,85033
84371496,85073
84411527,85113
84451557,85153
84491601,85193
84531652,85233
84571677,85274
84611696,85314
84651726,85354
84691754,85394
84731783,85434
84771811,85474
84811838,85514
84851866,85554
84891892,85594
84931920,85634
84971957,85674
85012004,85714
85052046,85754
85092078,85795
85132108,85835
85172131,85875
85212152,85915
85252180,85955
85292207,85995
85332237,86035
85372261,86075
85412293,86115
85452320,86155
85492363,86195
85532411,86235
85572434,86276
85612462,86316
85652490,86356
85692519,86396
85732544,86436
85772571,86476
85812597,86516
85852625,86556
85892653,86596
85932680,86636
85972710,86676
86012761,86716
86052802,86756
86092826,86797
86132850,86837
86172871,86877
86212896,86917
86252924,86957
86292945,86997
86332970,87037
86372994,87077
86413015,87117
86453039,87157
86493084,87197
86533131,87237
86573157,87278
86613189,87318
86653216,87358
86693245,87398
86733265,87438
86773294,87478
86813315,87518
86853337,87558
86893361,87598
86933381,87638
86973411,87678
87013463,87718
87053505,87758
87084527,87790
87124553,87830
87164580,87870
87204605,87910
87244632,87950
87284660,87990
87324689,88030
87364722,88070
87404750,88110
87444779,88150
87484821,88190
87524872,88230
87564904,88271
87604934,88311
87644958,88351
87684989,88391
87725019,88431
87765050,88471
87805076,88511
87845105,88551
87885137,88591
87925161,88631
87965185,88671
88005237,88711
88045283,88751
88085311,88792
88125342,88832
88165369,88872
88205390,88912
88245416,88952
88285443,88992
88325473,89032
88365503,89072
88405532,89112
88445559,89152
88485598,89192
88525648,89232
88565681,89273
88605712,89313
88645739,89353
88685767,89393
88725795,89433
88765825,89473
88805850,89513
88845879,89553
88885899,89593
88925923,89633
88965950,89673
89006002,89713
89046051,89753
89086079,89794
89126106,89834
89166131,89874
89206158,89914
89246187,89954
89286210,89994
89326233,90034
89366259,90074
89406280,90114
89446302,90154
89486340,90194
89526393,90234
89556767,90265
89596449,90305
89636479,90345
89676508,90385
89716532,90425
89756563,90465
89796592,90505
89836614,90545
89876637,90585
89916666,90625
89956688,90665
89996736,90705
90036786,90745
90076817,90786
90116844,90826
90156871,90866
90196893,90906
90236920,90946
90276948,90986
90316972,91026
90356997,91066
90397020,91106
90437047,91146
90477077,91186
90517129,91226
90557173,91266
90597201,91307
90637234,91347
90677267,91387
90717290,91427
90757310,91467
90797331,91507
90837356,91547
90877390,91587
90917419,91627
90957446,91667
90997494,91707
91037545,91747
91077581,91788
91117608,91828
91157635,91868
91197668,91908
91237697,91948
91277722,91988
91317748,92028
91357772,92068
91397795,92108
91437823,92148
91477862,92188
91517912,92228
91557953,92268
91597979,92309
91638009,92349
91678038,92389
91718068,92429
91758092,92469
91798116,92509
91838142,92549
91878173,92589
91918200,92629
91958232,92669
91998274,92709
92038323,92749
92078353,92790
92118385,92830
92158408,92870
92198436,92910
92238462,92950
92278494,92990
92318520,93030
92358539,93070
92398569,93110
92438601,93150
92478634,93190
92518683,93230
92558716,93270
92598743,93311
92638767,93351
92678788,93391
92718810,93431
92758833,93471
92798857,93511
92838886,93551
92878915,93591
92918944,93631
92958973,93671
92999017,93711
93039068,93751
93079095,93792
93119115,93832
93159142,93872
93199166,93912
93239190,93952
93279212,93992
93319238,94032
93359266,94072
93399297,94112
93439321,94152
93479357,94192
93519405,94232
93559441,94272
93599471,94313
93639498,94353
93679531,94393
93719563,94433
93759590,94473
93799620,94513
93839649,94553
93879675,94593
93919701,94633
93959723,94673
93999766,94713
94039815,94753
94079845,94794
94119867,94834
94159891,94874
94199914,94914
94239939,94954
94279962,94994
94319988,95034
94360014,95074
94400050,95114
94440077,95154
94480107,95194
94520158,95234
94560200,95274
94600229,95315
94640253,95355
94680277,95395
94720309,95435
94760340,95475
94800364,95515
94840392,95555
94880417,95595
94920448,95635
94960477,95675
95000520,95715
95040574,95755
95071596,95787
95111619,95827
95151647,95867
95191672,95907
95231690,95947
95271716,95987
95311739,96027
95351768,96067
95391792,96107
95431822,96147
95471850,96187
95511897,96227
95551943,96267
95591966,96308
95631990,96348
95672021,96388
95712051,96428
95752081,96468
95792113,96508
95832141,96548
95872161,96588
95912186,96628
95952213,96668
95992255,96708
96032304,96748
96072334,96789
96112368,96829
96152392,96869
96192419,96909
96232447,96949
96272471,96989
96312497,97029
96352520,97069
96392545,97109
96432569,97149
96472595,97189
96512645,97229
96552686,97269
96592718,97310
96632745,97350
96672767,97390
96712792,97430
96752825,97470
96792861,97510
96832887,97550
96872916,97590
96912948,97630
96952977,97670
96993019,97710
97033068,97750
97073102,97791
97113125,97831
97153153,97871
97193174,97911
97233195,97951
97273223,97991
97313249,98031
97353278,98071
97393307,98111
97433330,98151
97473360,98191
97513410,98231
97553456,98271
97593484,98312
97633512,98352
97673541,98392
97713571,98432
97753600,98472
97793634,98512
97833660,98552
97873683,98592
97913709,98632
97953738,98672
97993778,98712
98033829,98752
98064267,98783
98103893,98823
98143928,98863
98183954,98903
98223982,98943
98264012,98983
98304039,99023
98344064,99063
98384092,99103
98424116,99143
98464145,99183
98504194,99223
98544245,99263
98584273,99304
98624305,99344
98664340,99384
98704376,99424
98744411,99464
98784445,99504
98824479,99544
98864507,99584
98904535,99624
98944562,99664
98984600,99704
99024652,99744
99064691,99784
99104721,99825
99144750,99865
99184779,99905
99224808,99945
99264829,99985
99304852,100025
99344879,100065
99384903,100105
99424928,100145
99464948,100185
99504997,100225
99545048,100265
99585072,100306
99625097,100346
99665123,100386
99705147,100426
99745180,100466
99785207,100506
99825236,100546
99865260,100586
99905285,100626
99945316,100666
99985356,100706
100025408,100746
100065447,100786
100105476,100827
100145505,100867
100185540,100907
100225576,100947
100265606,100987
100305635,101027
100345659,101067
100385689,101107
100425716,101147
100465745,101187
100505791,101227
100545841,101267
100585872,101308
100625905,101348
100665930,101388
100705965,101428
100745994,101468
100786021,101508
100826047,101548
100866074,101588
100906100,101628
100946122,101668
100986156,101708
101026206,101748
101066245,101788
101106267,101829
101146298,101869
101186329,101909
101226360,101949
101266393,101989
101306424,102029
101346459,102069
101386495,102109
101426528,102149
101466561,102189
101506610,102229
101546661,102269
101586694,102310
101626718,102350
101666747,102390
101706774,102430
101746801,102470
101786826,102510
101826849,102550
101866869,102590
101906893,102630
101946913,102670
101986949,102710
102026997,102750
102067034,102790
102107054,102831
102147078,102871
102187104,102911
102227129,102951
102267161,102991
102307193,103031
102347216,103071
102387238,103111
102427263,103151
102467288,103191
102507333,103231
102547381,103271
102587409,103312
102627433,103352
102667456,103392
102707481,103432
102747506,103472
102787533,103512
102827567,103552
102867598,103592
102907626,103632
102947655,103672
102987691,103712
103027741,103752
103067782,103792
103107805,103833
103147831,103873
103187856,103913
103227877,103953
103267896,103993
103307921,104033
103347943,104073
103387968,104113
103427996,104153
103468026,104193
103508075,104233
103548123,104273
103588151,104314
103628181,104354
103668212,104394
103708234,104434
103748261,104474
103788289,104514
103828321,104554
103868347,104594
103908382,104634
103948411,104674
103988443,104714
104028491,104754
104068530,104794
104108559,104835
104148589,104875
104188621,104915
104228649,104955
104268679,104995
104308707,105035
104348731,105075
104388756,105115
104428788,105155
104468820,105195
104508866,105235
104548914,105275
104588947,105316
104628973,105356
104668996,105396
104709024,105436
104749046,105476
104789071,105516
104829102,105556
104869134,105596
104909164,105636
104949192,105676
104989228,105716
105029279,105756
105069317,105796
105100345,105828
105140366,105868
105180391,105908
105220419,105948
105260440,105988
105300469,106028
105340487,106068
105380511,106108
105420541,106148
105460569,106188
105500612,106228
105540665,106268
105580698,106309
105620730,106349
105660766,106389
105700797,106429
105740833,106469
105780863,106509
105820888,106549
105860916,106589
105900945,106629
105940973,106669
105981002,106709
106021053,106749
106061099,106789
106101122,106830
106141157,106870
106181195,106910
106221229,106950
106261261,106990
106301288,107030
106341311,107070
106381337,107110
106421359,107150
106461381,107190
106501419,107230
106541468,107270
106581495,107311
106621519,107351
106661548,107391
106701577,107431
106741603,107471
106781630,107511
106821657,107551
106861684,107591
106901709,107631
106941730,107671
106981757,107711
107021807,107751
107061851,107791
107101880,107832
107141905,107872
107181933,107912
107221955,107952
107261978,107992
107302006,108032
107342036,108072
107382062,108112
107422089,108152
107462115,108192
107502157,108232
107542204,108272
107572524,108303
107612258,108343
107652286,108383
107692312,108423
107732346,108463
107772383,108503
107812416,108543
107852448,108583
107892473,108623
107932503,108663
107972529,108703
108012577,108743
108052626,108783
108092653,108824
108132683,108864
108172710,108904
108212737,108944
108252765,108984
108292787,109024
108332817,109064
108372847,109104
108412877,109144
108452902,109184
108492933,109224
108532983,109264
108573022,109304
108613045,109345
108653073,109385
108693101,109425
108733126,109465
108773151,109505
108813176,109545
108853201,109585
108893222,109625
108933243,109665
108973272,109705
109013320,109745
109053370,109785
109093400,109826
109133427,109866
109173454,109906
109213482,109946
109253512,109986
109293539,110026
109333570,110066
109373605,110106
109413630,110146
109453651,110186
109493687,110226
109533736,110266
109573773,110306
109613806,110347
109653836,110387
109693864,110427
109733888,110467
109773915,110507
109813939,110547
109853960,110587
109893981,110627
109934006,110667
109974030,110707
110014081,110747
110054128,110787
110094160,110828
110134191,110868
110174218,110908
110214250,110948
110254278,110988
110294308,111028
110334339,111068
110374369,111108
110414397,111148
110454428,111188
110494465,111228
110534518,111268
110574555,111308
110614581,111349
110654614,111389
110694643,111429
110734670,111469
110774702,111509
110814729,111549
110854750,111589
110894777,111629
110934809,111669
110974838,111709
111014884,111749
111054932,111789
111094963,111830
111134988,111870
111175015,111910
111215034,111950
111255056,111990
111295078,112030
111335105,112070
111375129,112110
111415155,112150
111455182,112190
111495221,112230
111535272,112270
111575313,112310
111615342,112351
111655362,112391
111695389,112431
111735414,112471
111775443,112511
111815469,112551
111855494,112591
111895521,112631
111935550,112671
111975578,112711
112015624,112751
112055671,112791
112095695,112832
112135725,112872
112175751,112912
112215776,112952
112255795,112992
112295817,113032
112335840,113072
112375869,113112
112415906,113152
112455939,113192
112495978,113232
112536030,113272
112576070,113312
112616104,113353
112656139,113393
112696171,113433
112736202,113473
112776226,113513
112816250,113553
112856270,113593
112896295,113633
112936315,113673
112976342,113713
113016389,113753
113056440,113793
113096466,113834
113136494,113874
113176527,113914
113216563,113954
113256598,113994
113296622,114034
113336646,114074
113376671,114114
113416698,114154
113456719,114194
113496753,114234
113536805,114274
113576843,114314
113616871,114355
113656902,114395
113696938,114435
113736968,114475
113776992,114515
113817015,114555
113857039,114595
113897065,114635
113937091,114675
113977117,114715
114017164,114755
114057216,114795
114097248,114836
114137281,114876
114177312,114916
114217340,114956
114257367,114996
114297393,115036
114337422,115076
114377450,115116
114417477,115156
114457506,115196
114497545,115236
114537595,115276
114577636,115316
114617662,115357
114657686,115397
114697715,115437
114737745,115477
114777775,115517
114817802,115557
114857823,115597
114897850,115637
114937873,115677
114977895,115717
115017943,115757
115057990,115797
115098024,115838
115138048,115878
115178071,115918
115218101,115958
115258124,115998
115298148,116038
115338174,116078
115378198,116118
115418219,116158
115458248,116198
115498284,116238
115538335,116278
115578374,116318
115609395,116350
115649415,116390
115689437,116430
115729463,116470
115769490,116510
115809516,116550
115849549,116590
115889579,116630
115929609,116670
115969631,116710
116009672,116750
116049725,116790
116089753,116831
116129783,116871
116169815,116911
116209843,116951
116249868,116991
116289892,117031
116329916,117071
116369947,117111
116409979,117151
116450000,117191
116490032,117231
116530081,117271
116570122,117311
116610146,117352
116650166,117392
116690194,117432
116730215,117472
116770244,117512
116810271,117552
116850298,117592
116890322,117632
116930346,117672
116970377,117712
117010418,117752
117050470,117792
117090501,117833
117130527,117873
117170559,117913
117210584,117953
117250616,117993
117290644,118033
117330664,118073
117370689,118113
117410716,118153
117450753,118193
117490784,118233
117530834,118273
117570878,118313
117610910,118354
117650941,118394
117690967,118434
117730992,118474
117771012,118514
117811042,118554
117851065,118594
117891087,118634
117931108,118674
117971131,118714
118011172,118754
118051224,118794
118091250,118835
118131276,118875
118171302,118915
118211333,118955
118251360,118995
118291383,119035
118331406,119075
118371431,119115
118411451,119155
118451472,119195
118491500,119235
118531550,119275
118571593,119315
118611617,119356
118651637,119396
118691664,119436
118731692,119476
118771725,119516
118811747,119556
118851769,119596
118891791,119636
118931817,119676
118971841,119716
119011880,119756
119051930,119796
119082295,119827
119121980,119867
119162005,119907
119202028,119947
119242058,119987
119282085,120027
119322110,120067
119362140,120107
119402168,120147
119442192,120187
119482219,120227
119522268,120267
119562314,120307
119602346,120348
119642383,120388
119682413,120428
119722439,120468
119762465,120508
119802488,120548
119842508,120588
119882534,120628
119922560,120668
119962594,120708
120002633,120748
120042684,120788
120082723,120828
120122758,120869
120162791,120909
120202821,120949
120242846,120989
120282882,121029
120322914,121069
120362948,121109
120402982,121149
120443014,121189
120483045,121229
120523096,121269
120563142,121309
120603167,121350
120643200,121390
120683235,121430
120720103,121466
120759311,121506
120799366,121546
120839419,121586
120879472,121626
120919525,121666
120959578,121706
120999633,121746
121039693,121786
121079753,121826
121113804,121861
121153864,121901
TS,3
30510,8288218
70571,8290254
110633,8292290
150695,8294326
190757,8296362
230819,8298398
270881,8300434
310943,8302470
351005,8304506
391067,8306542
431129,8308578
471194,8310614
511249,8818384
551299,9469019
591351,10136896
631402,10768574
671452,11359078
711503,12013101
751554,12662621
791603,13307689
831654,13947607
871703,14582421
911740,15220395
951776,15861199
991803,16489956
1031835,17074722
1071866,17704782
1111895,18430694
1151921,19094572
1191942,19767660
1231964,20436977
1271989,21100598
1312015,21832545
1352038,22391146
1392066,23022103
1432118,23633978
1472160,24165149
1511188,24789350
1551218,25462307
1591247,25931214
1631276,26683929
1671310,27393303
1711343,28060503
1751365,28706331
1791390,29373457
1831411,30037383
1871438,30681872
1911476,31323147
1951528,31952618
1991563,32589347
2031597,33221700
2071626,33887564
2111651,34354173
2151682,35031510
2191707,35710574
2231739,36488056
2271777,37159906
2311809,37820782
2351838,38458059
2391866,39094191
2431915,39632301
2471957,40257187
2511982,40899740
2552005,41523649
2592028,42202112
2632049,42755187
2672069,43416115
2712093,44099897
2752117,44773330
2792145,45450546
2832174,46108678
2872197,46756243
2912231,47406171
2952283,48040013
2982698,48525768
3022339,49072644
3062364,49688563
3102387,50308752
3142411,50910766
3182434,51480618
3222464,52143540
3262492,52700447
3302518,53356328
3342542,54014188
3382566,54659872
3422607,55291070
3462658,55847384
3502685,56490894
3542716,57232928
3582748,57866397
3622781,58486915
3662801,59068946
3702827,59630584
3742847,60308806
3782874,60990024
3822904,61752221
3862935,62385291
3902966,62972590
3943017,63586424
3983057,64144335
4023089,64789020
4063116,65474312
4103142,66151217
4143170,66786151
4183197,67456692
4223224,67920469
4263257,68596476
4303291,69273103
4343313,69947188
4383339,70618669
4423384,71269872
4463435,71909291
4503461,72554530
4543490,73206009
4583516,73834212
4623539,74461858
4663567,75095839
4703592,75719666
4743614,76218820
4783639,76902525
4823664,77581015
4863696,78240250
4903728,78888426
4943779,79458405
4983820,80161807
5023848,80842455
5063871,81391489
5103893,82107083
5143916,82768486
5183943,83379574
5223967,84001562
5263987,84503124
5304014,85156260
5344044,85836303
5384068,86523317
5424111,87181131
5464161,87747774
5504198,88484944
5544230,89048144
5584254,89679383
5624281,90305084
5664300,90838138
5704326,91459878
5744349,92076794
5784370,92754919
5824392,93212594
5864419,93891788
5904449,94564909
5944500,95227090
5984543,95887058
6024571,96550292
6064602,97213235
6104638,97906041
6144665,98500072
6184686,99138426
6224715,99868344
6264738,100508438
6304759,101189007
6344780,101646504
6384804,102352807
6424851,103007609
6464899,103664443
6504931,104331243
6544960,105026358
6584990,105749101
6625019,106403484
6665054,107053451
6705089,107776366
6745125,108413670
6785149,109036852
6825174,109624007
6865202,110177697
6905234,110840638
6945284,111425614
6985323,112089722
7025351,112757379
7065377,113444930
7105407,114178597
7145443,114832775
7185475,115474326
7225499,116111083
7265527,116746155
7305554,117377717
7345586,118059988
7385618,118620831
7425664,119281369
7465714,119851502
7505746,120515346
7545771,121168759
7585795,121834109
7625823,122487487
7665852,123143842
7705886,123876853
7745913,124441045
7785937,125100857
7825961,125773416
7865996,126467650
7906032,126919052
7946083,127574832
7986122,128186634
8026151,128844134
8066182,129479797
8106211,130128625
8146235,130770976
8186264,131307232
8226290,131933429
8266315,132524473
8306337,133101160
8346363,133720093
8386390,134341282
8426437,134917156
8466488,135429416
8506514,136038377
8546540,136708347
8586570,137383245
8626602,138023490
8666626,138573194
8706652,139252052
8746681,139931394
8786716,140626813
8826750,141274633
8866784,141910558
8906819,142536039
8946868,143149909
8986907,143643722
9017933,144165084
9057956,144744572
9097984,145465655
9138007,146166614
9178038,146851892
9218072,147518240
9258103,148159349
9298133,148770937
9338156,149319998
9378184,149972930
9418221,150615626
9458270,151205666
9498305,151778378
9538333,152335218
9578364,152997135
9618389,153569903
9658412,154237607
9698441,154995365
9738472,155673909
9778509,156313592
9818532,156965758
9858561,157613537
9898594,158260722
9938644,158887935
9978691,159511771
10018723,160166393
10058751,160631401
10098781,161277777
10138804,161864177
10178828,162531927
10218849,163217741
10258877,163968872
10298907,164618308
10338933,165272774
10378966,165921196
10419009,166556213
10459060,167183468
10499100,167819917
10539129,168443311
10579158,169040300
10619191,169618235
10659221,170292330
10699249,170963708
10739275,171620115
10779299,172267240
10819325,172917984
10859348,173482116
10899377,174190208
10939425,174739435
10979472,175354512
11019496,175934625
11059521,176605147
11099547,177194496
11139568,177763038
11179592,178442516
11219615,179119426
11259642,179845293
11299662,180556854
11339689,181221276
11379714,181856489
11419751,182409090
11459802,183036938
11490108,183529554
11529848,184172304
11569878,184796182
11609906,185470707
11649930,185927805
11689956,186587023
11729980,187216495
11770005,187919521
11810035,188478000
11850061,189129423
11890089,189781918
11930139,190412642
11970190,190985235
12010220,191694525
12050248,192324284
12090272,192966122
12130297,193597002
12170326,194192446
12210352,194760969
12250379,195444066
12290415,196210189
12330449,196898376
12370483,197552507
12410511,198098890
12450563,198734350
12490603,199374057
12530634,200024033
12570661,200661005
12610687,201289914
12650714,202007779
12690741,202603244
12730767,203190724
12770787,203876266
12810813,204614359
12850842,205324263
12890876,205993265
12930921,206644336
12970970,207287479
13010997,207943203
13051024,208574389
13091053,209208801
13131082,209841925
13171112,210557930
13211142,211065409
13251173,211710046
13291198,212304582
13331225,212963943
13371250,213632260
13411288,214276586
13451339,214833845
13491377,215465836
13531404,216110525
13571432,216754845
13611462,217479015
13651487,218125731
13691509,218757686
13731531,219346222
13771553,219916942
13811577,220595604
13851605,221357268
13891626,222031071
13931671,222682238
13971724,223252324
14011751,223886250
14051778,224523352
14091798,225172805
14131822,225806078
14171850,226441452
14211870,227067640
14251896,227653892
14291917,228214950
14331946,228961868
14371971,229561970
14412007,230217103
14452058,230791537
14492092,231419055
14532119,232176458
14572144,232815684
14612165,233397267
14652194,234104412
14692220,234718681
14732245,235353667
14772273,236019926
14812299,236492350
14852328,237177107
14892355,237847777
14932404,238508221
14972454,239155890
15012483,239833747
15052515,240458024
15092540,241018518
15132561,241659521
15172586,242386561
15212616,243042090
15252651,243615122
15292675,244178119
15332706,244767075
15372734,245326553
15412768,245985101
15452818,246551630
15492858,247202618
15532881,247838623
15572899,248435375
15612922,249143246
15652951,249819855
15692985,250468868
15733016,251089348
15773039,251697881
15813063,252242754
15853091,252915603
15893119,253433550
15933164,254035720
15973214,254686299
16013239,255252439
16053272,255908951
16093302,256575774
16133334,257321850
16173355,257920432
16213381,258632012
16253410,259277812
16293442,259884299
16333469,260421372
16373496,261031543
16413532,261619932
16453583,262175099
16493624,262861222
16533651,263539154
16573686,264183405
16613709,264746273
16653738,265430227
16693760,266051610
16733797,266687970
16773825,267318076
16813850,267942920
16853873,268556116
16893895,269182067
16933942,269773120
16973995,270217652
17014021,270900945
17054048,271574840
17094073,272243935
17134107,272899334
17174134,273545081
17214153,274199960
17254180,274858091
17294203,275506019
17334237,276238236
17374269,276886040
17414306,277508802
17454357,278077222
17494395,278629404
17534426,279287628
17574454,279898245
17614482,280541639
17654514,281198325
17694538,281850307
17734561,282510004
17774581,283167893
17814607,283917644
17854628,284567396
17894660,285190960
17934702,285799630
17974751,286327780
18014775,286917608
18054800,287486076
18094828,288180652
18134853,288838092
18174875,289504433
18214900,290269883
18254922,290931820
18294949,291584268
18334973,292232609
18374994,292874161
18415030,293498737
18455081,294118267
18495123,294739519
18526145,295199821
18566173,295757895
18606200,296439295
18646229,297118249
18686266,297795980
18726296,298457209
18766325,299094311
18806352,299714600
18846374,300388617
18886399,301035674
18926440,301656545
18966488,302188514
19006517,302808039
19046544,303490024
19086566,304008075
19126589,304613121
19166613,305286670
19206638,305962620
19246671,306734674
19286704,307389190
19326731,308040806
19366760,308696237
19406786,309346099
19446836,309973723
19486882,310600012
19526912,311233952
19566941,311917639
19606971,312407186
19647000,313146186
19687031,313839593
19727062,314507050
19767092,315154593
19807113,315801515
19847142,316474444
19887177,317125324
19927219,317760858
19967271,318392007
20007307,319031884
20047338,319667944
20087370,320338190
20127398,320794703
20167430,321472380
20207463,322198465
20247496,322928948
20287530,323596617
20327561,324254017
20367590,324894296
20407614,325503685
20447665,326074891
20487705,326703147
20527733,327326532
20567760,327956151
20607789,328589846
20647819,329141082
20687855,329781290
20727883,330547204
20767912,331223089
20807942,331772806
20847968,332418951
20887996,333062889
20928035,333663704
20968087,334234602
21008124,334855599
21048150,335503217
21088176,336140021
21128206,336756723
21168235,337346046
21208268,337912440
21248303,338595331
21288333,339273869
21328366,340048923
21368403,340720602
21408438,341385232
21448487,342029465
21488534,342672755
21528568,343408699
21568600,344059533
21608635,344680464
21648660,345304810
21688689,345907956
21728716,346484095
21768746,347157016
21808775,347817452
21848798,348475307
21888816,349122419
21928852,349767651
21968905,350333556
21999296,350847729
22038968,351575383
22078999,352215894
22119020,352752752
22159047,353377340
22199072,354055243
22239101,354603725
22279128,355299477
22319156,355979663
22359184,356649176
22399208,357308659
22439253,357962953
22479301,358609416
22519331,359178081
22559353,359781705
22599379,360427822
22639403,361073513
22679426,361783142
22719446,362356292
22759468,362912929
22799490,363596999
22839519,364255450
22879540,364923387
22919572,365582340
22959624,366147018
22999660,366851167
23039693,367556367
23079724,368210436
23119763,368854897
23159790,369479560
23199816,370104061
23239838,370732955
23279863,371322406
23319889,372006900
23359915,372693636
23399939,373252347
23439987,373911707
23480036,374555167
23520058,375210011
23560078,375871165
23600103,376571589
23640132,377252046
23680156,377868937
23720176,378431027
23760199,379119287
23800224,379636775
23840250,380312517
23880279,380996332
23920318,381673654
23960368,382331280
24000403,382989614
24040434,383650112
24080465,384325966
24120494,385050108
24160522,385694355
24200551,386334945
24240582,386967482
24280619,387589876
24320648,388194286
24360678,388764202
24400706,389524924
24440753,390136592
24480803,390766744
24520832,391520460
24560857,392088020
24600883,392723883
24640912,393427220
24680940,394106567
24720963,394755345
24760992,395383664
24801018,395998129
24841046,396500606
24881074,397165799
24921108,397758552
24961155,398392415
25001196,399043074
25041225,399707903
25081255,400374570
25121286,401023659
25161313,401666816
25201343,402349325
25241373,403047667
25281395,403683025
25321419,404307629
25361447,404906038
25401469,405477270
25441513,406143821
25481564,406752252
25521587,407359011
25561626,408007477
25601652,408658003
25641679,409311661
25681707,409969542
25721738,410644005
25761766,411247481
25801795,411923916
25841826,412607627
25881854,413200723
25921891,413762339
25961941,414430537
26001982,415102108
26042013,415771431
26082038,416432799
26122065,417098074
26162098,417765449
26202125,418507798
26242161,419157795
26282194,419790405
26322220,420396483
26362241,421015490
26402265,421622245
26442314,422170891
26482361,422743424
26522386,423409505
26562412,424075930
26602434,424772007
26642459,425402645
26682487,426048068
26722509,426697381
26762539,427435291
26802572,428077876
26842600,428678322
26882621,429222952
26922654,429882843
26962704,430335963
27002740,430899622
27042764,431572416
27082788,432243415
27122816,432897284
27162841,433549713
27202866,434211512
27242891,434857930
27282914,435505782
27322945,436212904
27362975,436868963
27403007,437499217
27443051,438098202
27483101,438620738
27514122,439047023
27554150,439720210
27594171,440402668
27634196,441143378
27674216,441847044
27714242,442511685
27754264,443169753
27794292,443919516
27834320,444556033
27874346,445199986
27914377,445834294
27954427,446440965
27994473,446925808
28034503,447493047
28074534,448161557
28114563,448821351
28154588,449480248
28194615,450148036
28234647,450790847
28274674,451334072
28314694,451981924
28354724,452715982
28394754,453373014
28434798,453993145
28474846,454536061
28514879,455190506
28554911,455732117
28594934,456321585
28634962,456987422
28674992,457641797
28715025,458284583
28755049,458935079
28795076,459507554
28835102,460138425
28875126,460778371
28915151,461416370
28955201,462039158
28995247,462673183
29035278,463302903
29075308,463899501
29115336,464461047
29155362,465138831
29195389,465813892
29235414,466483037
29275441,467151102
29315473,467901383
29355501,468559140
29395532,469208121
29435572,469846303
29475624,470474990
29515662,471111952
29555695,471746493
29595726,472342412
29635759,473010566
29675788,473699373
29715816,474377159
29755848,475050754
29795880,475816193
29835913,476476414
29875944,477132399
29915981,477771517
29956029,478402575
29996072,479031983
30036101,479668065
30076130,480288255
30116160,480788263
30156183,481463238
30196205,482134893
30236226,482801289
30276249,483462511
30316269,484119736
30356291,484780687
30396314,485425364
30436355,486067500
30476402,486698934
30506850,487194256
30546458,487835606
30586485,488467661
30626517,489058992
30666545,489625153
30706575,490322702
30746606,491090199
30786642,491766845
30826677,492435974
30866706,493096767
30906732,493731726
30946777,494368049
30986826,495001033
31026856,495643369
31066882,496274789
31106909,496896522
31146936,497483394
31186963,498048551
31226984,498725168
31267006,499398632
31307030,500072023
31347053,500806676
31387083,501491429
31427113,502138971
31467165,502762784
31507201,503322179
31547230,503957417
31587260,504670789
31627287,505274678
31667311,505890355
31707335,506385048
31747361,507115225
31787386,507816564
31827413,508484449
31867436,509151136
31907462,509815840
31947509,510454673
31987556,511088528
32027579,511714579
32067602,512349923
32107629,513001708
32147656,513630852
32187681,514205559
32227704,514770960
32267733,515459129
32307752,516127816
32347784,516905371
32387814,517569580
32427851,518221614
32467899,518856299
32507937,519516305
32547973,520169057
32588008,520809984
32628034,521427845
32668066,522031040
32708091,522610120
32748118,523066374
32788142,523733362
32828172,524400688
32868204,525054298
32908225,525622477
32948272,526269136
32988322,526905855
33028350,527554462
33068374,528203628
33108403,528852787
33148434,529511278
33188457,530206944
33228477,530845557
33268500,531350702
33308530,532023677
33348554,532708787
33388589,533365714
33428630,533916665
33468682,534563990
33508718,535207626
33548740,535854749
33588761,536513260
33628791,537156301
33668817,537793125
33708845,538510247
33748867,539048919
33788897,539635704
33828922,540201771
33868944,540873045
33908964,541548633
33949011,542210602
33989061,542866078
34029091,543525911
34069119,544159128
34109140,544807332
34149166,545454135
34189198,546081816
34229229,546696842
34269254,547230285
34309285,547912417
34349311,548459491
34389340,549138738
34429373,549806548
34469421,550378932
34509460,551038932
34549488,551701330
34589517,552451222
34629548,553115966
34669581,553768365
34709616,554485561
34749645,555066676
34789673,555661798
34829697,556335007
34869722,556874503
34909744,557468986
34949787,558134340
34989838,558793020
35029863,559460414
35069894,560128470
35109930,560889112
35149964,561516019
35189985,562063808
35230010,562695717
35270031,563326747
35310056,563959529
35350081,564584897
35390105,565139769
35430142,565759609
35470193,566427569
35510231,567100306
35541255,567634014
35581287,568400640
35621324,569065047
35661355,569718670
35701380,570354217
35741403,570997990
35781430,571624998
35821454,572250350
35861480,572882697
35901504,573479509
35941549,574045001
35981598,574714307
36021628,575383279
36061653,576058790
36101675,576710474
36141705,577358601
36181736,577982158
36221758,578542372
36261778,579184136
36301804,579924517
36341830,580560135
36381863,581176699
36421889,581753691
36461938,582322591
36501980,582983281
36542005,583665352
36582031,584329734
36622057,584983961
36662087,585632374
36702118,586282092
36742142,586910941
36782168,587546523
36822189,588114803
36862216,588831299
36902243,589447333
36942286,590035463
36982338,590483181
37022374,591164258
37062409,591936841
37102442,592597952
37142467,593167915
37182491,593828622
37222515,594512053
37262542,595220175
37302565,595872823
37342596,596517163
37382625,597153591
37422651,597781994
37462702,598451623
37502745,598902125
37542778,599584869
37582810,600255560
37622841,600913245
37662864,601561422
37702885,602228953
37742915,602876009
37782935,603536024
37822958,604177445
37862980,604821502
37903002,605461869
37943043,606089179
37983095,606706180
38023126,607309500
38063151,607911739
38103174,608553408
38143198,609217439
38183225,609879673
38223249,610545369
38263274,611288854
38303297,611959341
38343322,612601723
38383342,613248637
38423373,613884926
38463423,614502915
38503468,615119569
38543500,615615432
38583527,616276116
38623552,616843883
38663577,617513656
38703605,618172628
38743625,618839563
38783650,619523162
38823672,620233891
38863697,620901215
38903720,621546346
38943763,622181686
38983813,622805557
39014218,623302459
39053868,623890361
39093902,624453314
39133928,625119114
39173958,625765051
39213988,626458241
39254019,627127385
39294046,627791774
39334076,628433767
39374099,629076307
39414122,629726012
39454171,630351264
39494222,630959355
39534244,631496613
39574271,632176648
39614291,632737189
39654312,633415686
39694335,634096210
39734363,634753131
39774389,635420129
39814416,636087392
39854444,636742382
39894477,637380630
39934510,638012467
39974561,638567371
40014596,639168298
40054621,639790168
40094648,640421092
40134669,641026184
40174690,641605673
40214715,642366366
40254735,643034321
40294765,643716807
40334793,644379793
40374825,645019416
40414849,645623078
40454894,646198605
40494944,646818892
40534964,647451697
40574993,648090887
40615024,648715349
40655054,649307096
40695080,649872275
40735108,650538986
40775131,651136608
40815159,651860777
40855182,652420567
40895215,653062514
40935249,653665065
40975297,654234353
41015337,654865719
41055368,655501899
41095396,656123215
41135417,656756883
41175442,657421116
41215465,657876320
41255488,658439280
41295512,659117707
41335543,659775062
41375570,660418325
41415595,661097063
41455644,661748058
41495692,662382280
41535720,662927760
41575740,663560662
41615762,664206327
41655784,664913841
41695809,665562072
41735831,666162214
41775852,666724946
41815885,667383407
41855913,668070202
41895939,668743861
41935976,669404424
41976026,670045890
42016057,670641228
42056083,671338485
42096106,671986117
42136129,672624435
42176152,673257236
42216179,673944809
42256199,674471955
42296227,675037698
42336259,675757207
42376288,676373449
42416315,677029334
42456362,677579383
42496407,678224307
42536433,678874036
42576459,679515109
42616484,680160979
42656507,680799539
42696531,681437283
42736555,682068413
42776581,682749649
42816603,683313777
42856629,683987179
42896650,684644200
42936686,685324388
42976736,685961430
43016772,686530247
43056799,687185912
43096831,687932057
43136862,688582538
43176892,689211028
43216917,689849232
43256950,690485476
43296986,691168028
43337015,691625642
43377041,692300040
43417066,692965137
43457115,693622756
43497159,694174152
43537185,694826321
43577214,695502991
43617238,696130409
43657267,696773059
43697297,697400102
43737319,698032323
43777346,698660256
43817372,699280415
43857402,699876634
43897433,700444481
43937475,701120226
43977524,701782860
44017563,702445517
44057586,703114097
44097607,703768712
44137628,704418966
44177659,705036537
44217681,705580233
44257708,706217456
44297734,706855065
44337760,707576448
44377785,708171060
44417808,708732320
44457853,709385875
44497898,709962547
44537927,710626855
44577951,711277170
44617976,711931889
44658006,712582299
44698034,713227837
44738061,713857496
44778088,714395389
44818114,715029121
44858138,715655858
44898162,716344283
44938192,716888030
44978244,717453849
45018280,718121560
45058312,718789612
45098343,719445278
45138370,720096907
45178395,720751313
45218422,721400518
45258447,722044491
45298472,722686189
45338501,723323025
45378526,723952465
45418552,724579072
45458602,725165509
45498650,725725931
45529675,726267159
45569707,726946671
45609732,727619648
45649749,728281509
45689781,728963445
45729806,729586532
45769839,730225466
45809867,730872991
45849894,731510743
45889924,732231733
45929948,732866037
45969999,733449493
46010040,733903521
46050074,734591496
46090102,735355334
46130134,736035845
46170163,736705246
46210194,737369876
46250225,738124634
46290258,738778494
46330279,739425715
46370308,740057062
46410333,740687802
46450375,741313682
46490425,741891121
46530458,742448470
46570493,743129142
46610526,743803154
46650553,744466986
46690587,745106225
46730608,745689450
46770629,746405406
46810655,747072033
46850678,747642525
46890705,748240110
46930738,748876849
46970790,749498122
47010834,750172913
47050861,750625450
47090894,751306455
47130924,751962910
47170951,752607556
47210972,753270721
47250998,753947459
47291024,754521229
47331051,755127041
47371078,755763607
47411105,756380029
47451148,756926116
47491199,757550507
47531236,758204489
47571265,758765890
47611290,759371353
47651319,760001108
47691346,760661618
47731372,761321980
47771399,761991648
47811416,762653970
47851444,763374620
47891464,763955641
47931494,764689419
47971544,765277801
48011585,765878762
48051615,766555044
48091644,767167235
48131671,767620898
48171701,768289030
48211732,768948495
48251761,769588763
48291786,770168998
48331810,770817639
48371836,771468208
48411862,772115505
48451909,772746026
48491960,773365250
48522272,773860495
48562019,774500424
48602048,775110960
48642077,775622655
48682101,776186946
48722123,776864348
48762150,777623933
48802169,778201065
48842199,778855323
48882232,779500983
48922259,780135908
48962306,780678454
49002356,781300714
49042381,781924697
49082410,782464752
49122438,783077208
49162461,783706368
49202480,784206021
49242504,784887379
49282529,785567211
49322558,786329716
49362577,787001414
49402607,787655122
49442639,788304227
49482691,788890474
49522728,789581026
49562754,790228629
49602782,790878548
49642814,791515564
49682846,792134144
49722872,792629711
49762906,793290348
49802930,793853014
49842959,794515761
49882993,795170970
49923015,795795077
49963059,796372598
50003108,797014437
50043135,797661472
50083160,798310117
50123192,798972086
50163218,799672026
50203242,800227878
50243266,800888295
50283292,801438335
50323316,802014026
50363348,802665881
50403369,803318323
50443402,803978327
50483451,804544296
50523492,805221090
50563524,805949027
50603555,806598408
50643585,807243328
50683613,807934054
50723645,808607899
50763674,809191655
50803703,809750354
50843730,810422361
50883751,811089577
50923779,811763361
50963826,812312336
51003876,812951829
51043908,813602189
51083943,814234349
51123966,814784710
51163990,815413859
51204013,816053533
51244043,816779341
51284075,817403649
51324104,817908365
51364131,818579480
51404157,819148163
51444184,819902404
51484235,820474292
51524275,821136429
51564305,821803195
51604333,822423504
51644355,823073841
51684380,823714803
51724399,824356382
51764426,824978995
51804454,825601917
51844481,826186656
51884505,826753312
51924536,827439509
51964582,828107086
52004626,828766932
52044655,829425288
52084680,830083709
52124704,830747666
52164725,831382578
52204753,832016136
52244784,832651573
52284813,833282328
52324840,833893411
52364860,834473084
52404886,835036661
52444915,835717214
52484965,836358678
52525004,836932164
52565031,837581614
52605057,838217080
52645083,838783574
52685115,839424999
52725138,840058571
52765159,840694055
52805181,841334035
52845204,841966922
52885236,842585434
52925265,843177170
52965308,843740342
53005358,844405297
53045381,844981869
53085406,845704259
53125427,846362824
53165452,847045310
53205474,847601873
53245506,848241585
53285539,848872813
53325565,849496267
53365585,850132245
53405616,850730886
53445647,851324877
53485699,851772595
53525735,852448745
53565764,853131356
53605787,853792785
53645819,854448625
53685849,855097367
53725871,855752275
53765894,856395670
53805917,857012120
53845943,857569183
53885977,858190952
53926004,858810159
53966043,859368674
54006087,859912259
54046112,860481191
54086137,861158709
54126163,861823716
54166186,862495119
54206210,863157269
54246239,863911616
54286260,864574979
54326284,865220726
54366305,865869229
54406332,866570560
54446361,867238259
54486410,867847046
54526446,868350723
54566473,868911840
54606500,869584961
54646522,870250143
54686546,870921842
54726573,871575361
54766596,872222493
54806622,872881400
54846649,873523138
54886672,874168958
54926695,874809541
54966734,875439258
55006783,876060306
55046816,876746954
55086847,877245425
55126875,877981079
55166905,878668478
55206936,879312933
55246960,879873146
55286988,880522648
55327011,881175949
55367030,881831005
55407056,882551457
55447081,883105351
55487131,883705079
55527169,884240985
55567196,884859452
55607218,885422761
55647249,886060254
55687280,886824437
55727310,887462230
55767335,888041686
55807361,888692017
55847384,889351168
55887406,890054133
55927433,890750059
55967474,891310070
56007519,891909567
56047542,892544612
56087562,893204649
56127585,893767404
56167606,894398660
56207631,895007054
56247652,895677017
56287678,896391659
56327707,897111804
56367738,897769416
56407771,898416576
56447804,899059295
56487853,899692437
56527893,900327324
56567915,900955841
56607936,901588945
56647961,902184454
56687985,902773066
56728009,903434576
56768036,904143420
56808064,904875355
56848093,905544265
56888127,906207457
56928164,906941277
56968206,907585556
57008254,908141808
57039276,908644624
57079311,909269224
57119340,909886425
57159366,910469024
57199394,911024959
57239420,911586200
57279445,912258842
57319474,912931999
57359507,913687710
57399536,914261564
57439557,914894867
57479608,915536366
57519650,916177624
57559679,916821410
57599705,917448363
57639730,918070117
57679757,918739017
57719777,919193437
57759800,919870438
57799824,920521867
57839851,921206773
57879884,921879705
57919917,922534820
57959955,923170750
58000004,923706377
58040037,924323662
58080058,924961797
58120088,925607026
58160115,926146478
58200136,926754486
58240159,927340494
58280185,927942380
58320211,928682803
58360240,929247991
58400269,929904222
58440296,930570728
58480345,931222734
58520387,931872832
58560419,932515753
58600452,933142472
58640473,933766144
58680493,934416938
58720519,935038323
58760544,935614208
58800563,936176291
58840593,936854103
58880621,937525212
58920648,938196798
58960687,938861563
59000735,939512021
59040770,940148893
59080799,940694758
59120825,941339927
59160847,942061124
59200876,942711479
59240902,943349177
59280924,944029263
59320943,944485826
59360972,945156669
59401005,945808089
59441028,946479358
59481078,947107249
59521120,947700511
59561149,948354632
59601177,949091869
59641209,949754970
59681242,950402793
59721278,951076595
59761310,951755811
59801337,952283098
59841362,952860162
59881395,953461500
59921428,954233171
59961468,954909693
60001514,955473678
60041547,956171291
60081576,956868600
60121605,957537834
60161626,958191038
60201652,958830526
60241674,959505462
60281695,960198750
60321719,960864715
60361740,961329209
60401764,961988465
60441789,962556665
60481838,963197598
60521880,963757598
60561906,964407216
60601933,965065581
60641964,965723894
60681998,966384278
60722023,967011138
60762057,967737751
60802090,968380429
60842123,969005936
60882148,969593730
60922172,970170755
60962206,970849837
61002257,971514323
61032619,972022873
61072307,972588924
61112331,973246642
61152360,973882317
61192389,974508827
61232409,975056387
61272438,975795951
61312466,976420669
61352492,977039515
61392521,977622850
61432550,978181997
61472594,978748267
61512642,979417168
61552678,980091553
61592710,980846973
61632742,981524256
61672770,982174699
61712798,982823127
61752827,983467904
61792853,984065729
61832875,984655976
61872903,985359848
61912933,985969154
61952964,986473421
61993015,987033142
62033051,987703414
62073079,988363109
62113105,989032474
62153131,989693586
62193158,990334637
62233182,990988328
62273204,991640230
62313237,992273081
62353269,992885977
62393291,993512779
62433319,994162038
62473361,994743629
62513401,995193719
62553425,995874985
62593455,996646467
62633483,997320495
62673511,997983270
62713535,998644500
62753563,999292720
62793591,999908364
62833618,1000461259
62873640,1001104112
62913668,1001753306
62953696,1002448533
62993747,1003035354
63033779,1003485223
63073807,1004145151
63113830,1004705817
63153857,1005454502
63193876,1006039482
63233903,1006696525
63273927,1007339152
63313949,1007979655
63353974,1008516905
63394001,1009140508
63434025,1009782622
63474070,1010404674
63514117,1011013256
63554142,1011606791
63594165,1012161674
63634184,1012848518
63674204,1013525528
63714229,1014194378
63754255,1014863740
63794282,1015598790
63834304,1016169872
63874330,1016808733
63914356,1017450347
63954385,1018069544
63994432,1018639495
64034468,1019310343
64074495,1019902812
64114520,1020451743
64154548,1021024778
64194571,1021686349
64234595,1022358906
64274616,1023020188
64314640,1023686577
64354664,1024337108
64394687,1024978921
64434713,1025624695
64474756,1026254288
64514804,1026880030
64554832,1027515860
64594863,1028133408
64634890,1028633552
64674922,1029297444
64714949,1029858323
64754973,1030525143
64794998,1031198844
64835019,1031946309
64875046,1032618901
64915066,1033276014
64955096,1033918785
64995148,1034491726
65035185,1035144852
65075211,1035797544
65115237,1036433027
65155261,1037000924
65195292,1037592877
65235315,1038161353
65275337,1038830983
65315364,1039581595
65355386,1040150738
65395416,1040806291
65435446,1041437804
65475486,1041978717
65515532,1042598485
65555557,1043231870
65595581,1043863981
65635605,1044503764
65675633,1045179868
65715655,1045636327
65755680,1046309370
65795704,1046968770
65835724,1047575169
65875752,1048292328
65915774,1048919661
65955805,1049605225
65995853,1050206843
66035894,1050888957
66075925,1051542136
66115948,1052157395
66155972,1052686622
66195998,1053299937
66236020,1053897778
66276051,1054463084
66316085,1055144619
66356114,1055810218
66396139,1056457826
66436161,1057038288
66476200,1057658549
66516246,1058226432
66556276,1058836001
66596304,1059475430
66636331,1060109000
66676356,1060740997
66716378,1061366417
66756402,1062048229
66796424,1062599098
66836451,1063292017
66876473,1063875381
66916495,1064517464
66956525,1065175719
66996576,1065821530
67036610,1066456906
67076641,1067009384
67116667,1067641980
67156690,1068274392
67196712,1068865847
67236740,1069475004
67276771,1070046780
67316795,1070628504
67356820,1071192407
67396848,1071871474
67436883,1072520257
67476923,1073078784
67516974,1073698888
67557000,1074270451
67597027,1074918272
67637054,1075574638
67677083,1076277716
67717112,1076836784
67757137,1077467181
67797158,1078094887
67837187,1078728042
67877210,1079320426
67917232,1079906998
67957262,1080663617
67997311,1081243783
68037342,1081902329
68077366,1082570150
68117390,1083301291
68157412,1083902869
68197435,1084592279
68237463,1085259638
68277490,1085899440
68317518,1086533696
68357540,1087155768
68397571,1087672116
68437601,1088316446
68477646,1088952574
68517690,1089537748
68548711,1090063450
68588744,1090721178
68628776,1091361131
68668796,1091994555
68708824,1092653740
68748845,1093306319
68788867,1093949979
68828889,1094588792
68868917,1095216255
68908942,1095897730
68948967,1096443160
68989020,1097033191
69029062,1097703706
69069092,1098352245
69109112,1099022955
69149138,1099680477
69189165,1100341290
69229189,1100979764
69269215,1101619308
69309236,1102269273
69349262,1102995757
69389286,1103608654
69429309,1104202652
69469348,1104759999
69509400,1105371375
69549435,1106099031
69589465,1106777772
69629493,1107339445
69669518,1107979158
69709544,1108622185
69749569,1109268149
69789593,1109914589
69829620,1110548978
69869642,1111191941
69909664,1111819680
69949692,1112515416
69989743,1113032049
70029781,1113610001
70069803,1114293378
70109827,1115050093
70149856,1115735889
70189884,1116403608
70229919,1117047790
70269943,1117680907
70309969,1118331602
70349990,1118972544
70390015,1119613946
70430046,1120230022
70470087,1120842417
70510139,1121340090
70550167,1121905164
70590203,1122567379
70630224,1123209200
70670250,1123901473
70710278,1124558007
70750311,1125198836
70790336,1125820559
70830364,1126395033
70870389,1127028491
70910412,1127670899
70950434,1128304407
70990483,1128927479
71030523,1129599087
71070553,1130063641
71110582,1130773587
71150616,1131519564
71190638,1132171715
71230664,1132852875
71270683,1133496421
71310711,1134146087
71350741,1134791853
71390768,1135420159
71430795,1135998985
71470833,1136599700
71510885,1137212032
71550912,1137893020
71590934,1138349747
71630957,1139024752
71670977,1139696492
71711005,1140366039
71751031,1141038493
71791055,1141698168
71831080,1142449479
71871106,1143104916
71911128,1143751912
71951154,1144395645
71991204,1145023537
72031248,1145648499
72071275,1146327903
72111299,1146783017
72151323,1147462056
72191351,1148226901
72231378,1148914448
72271407,1149578227
72311434,1150236131
72351458,1150895364
72391484,1151543345
72431507,1152191884
72471544,1152825734
72511592,1153449274
72542032,1153949884
72581650,1154580711
72621677,1155166932
72661704,1155768629
72701733,1156447927
72741761,1157122867
72781786,1157763928
72821813,1158471911
72861840,1159169608
72901860,1159723490
72941887,1160468393
72981929,1161099526
73021973,1161722579
73062005,1162371025
73102041,1162989147
73142069,1163491226
73182090,1164161774
73222112,1164843870
73262137,1165519405
73302164,1166186020
73342191,1166878592
73382213,1167504861
73422235,1168212574
73462265,1168855804
73502316,1169419640
73542353,1170045314
73582381,1170675511
73622409,1171289792
73662430,1171782796
73702456,1172441506
73742477,1173135497
73782502,1173808847
73822525,1174470081
73862548,1175128457
73902574,1175787654
73942605,1176444271
73982650,1177089378
74022701,1177721445
74062727,1178344840
74102750,1178982618
74142776,1179602489
74182797,1180195753
74222818,1180766543
74262842,1181447483
74302865,1182107893
74342896,1182772799
74382922,1183431670
74422948,1184081031
74462982,1184704230
74503034,1185267267
74543072,1185991864
74583102,1186652125
74623132,1187285916
74663153,1187913629
74703179,1188595405
74743199,1189062921
74783229,1189842901
74823256,1190502807
74863276,1191144934
74903301,1191853036
74943330,1192500242
74983373,1193105410
75023416,1193692794
75063446,1194333166
75103476,1194971458
75143503,1195629383
75183532,1196330502
75223558,1196915881
75263589,1197475312
75303617,1198153342
75343648,1198825945
75383674,1199499257
75423702,1200166697
75463742,1200813126
75503794,1201457625
75543831,1202108428
75583864,1202759781
75623898,1203467627
75663931,1204134947
75703959,1204756734
75743984,1205334419
75784005,1206001716
75824036,1206684949
75864064,1207347331
75904087,1207918854
75944117,1208681559
75984162,1209325239
76024214,1209887753
76064242,1210529289
76104270,1211159609
76144300,1211796198
76184333,1212429013
76224358,1213057631
76264388,1213740680
76304406,1214192832
76344432,1214873479
76384460,1215538803
76424493,1216197993
76464525,1216843809
76504574,1217404386
76544615,1218046764
76584640,1218700509
76624665,1219351459
76664697,1220087512
76704728,1220701189
76744756,1221348889
76784787,1221983086
76824812,1222487891
76864844,1223167219
76904875,1223839040
76944902,1224491036
76984946,1225089968
77024996,1225693649
77065028,1226331226
77105057,1226972603
77145086,1227636371
77185108,1228283550
77225132,1228924963
77265153,1229620155
77305178,1230189041
77345200,1230759732
77385224,1231381604
77425244,1232004976
77465274,1232779492
77505322,1233401013
77545363,1234013511
77585389,1234646225
77625414,1235285941
77665442,1235918316
77705470,1236558057
77745491,1237192657
77785516,1237845071
77825541,1238467089
77865567,1239038710
77905589,1239602690
77945615,1240284812
77985658,1240925210
78025709,1241496479
78056731,1242016688
78096757,1242681533
78136779,1243343876
78176808,1243982736
78216830,1244625064
78256855,1245267817
78296883,1245909748
78336911,1246574095
78376941,1247240214
78416970,1247757972
78456999,1248420802
78497049,1248984518
78537090,1249634567
78577115,1250316779
78617145,1250963779
78657165,1251631425
78697189,1252286962
78737214,1252931152
78777250,1253551229
78817278,1254101584
78857303,1254715185
78897335,1255440966
78937361,1256032397
78977400,1256591006
79017448,1257156580
79057477,1257817464
79097505,1258478769
79137529,1259146163
79177563,1259787358
79217587,1260333157
79257611,1260972577
79297640,1261619065
79337665,1262251882
79377693,1262888231
79417720,1263610947
79457750,1264173000
79497801,1264714455
79537844,1265299435
79577875,1265955008
79617903,1266634062
79657931,1267306900
79697965,1267977198
79738002,1268699875
79778024,1269279548
79818051,1270015462
79858079,1270656042
79898105,1271186580
79938132,1271791108
79978165,1272396133
80018218,1272901217
80058249,1273467258
80098280,1274230853
80138305,1274843405
80178330,1275478061
80218354,1276130792
80258377,1276788448
80298409,1277445413
80338441,1278187639
80378477,1278847521
80418506,1279486777
80458535,1280112814
80498586,1280732073
80538631,1281314022
80578658,1281867128
80618692,1282535263
80658723,1283104624
80698741,1283777123
80738770,1284542246
80778793,1285116991
80818820,1285855034
80858845,1286509644
80898873,1287150443
80938899,1287787645
80978944,1288417009
81018994,1289035790
81049356,1289479802
81089054,1290035380
81129086,1290685334
81169118,1291352806
81209151,1292017578
81249177,1292687514
81289210,1293251750
81329239,1293888425
81369267,1294524611
81409297,1295079867
81449328,1295712804
81489374,1296337185
81529426,1296946356
81569452,1297566807
81609472,1298170415
81649494,1298726406
81689521,1299399756
81729544,1300070663
81769570,1300752832
81809597,1301395532
81849624,1302061811
81889648,1302717387
81929669,1303371109
81969701,1304008152
82009752,1304618379
82049787,1305160004
82089815,1305784535
82129841,1306464217
82169866,1307027011
82209900,1307713558
82249932,1308380059
82289960,1309017964
82329981,1309596094
82370009,1310347737
82410038,1310994534
82450060,1311550859
82490104,1312192989
82530154,1312825610
82570182,1313443702
82610204,1314081433
82650231,1314702167
82690255,1315200233
82730276,1315868216
82770300,1316541797
82810325,1317206358
82850346,1317881440
82890371,1318540328
82930398,1319192162
82970430,1319843203
83010479,1320469867
83050517,1321016778
83090544,1321728644
83130570,1322270493
83170592,1322890283
83210618,1323476869
83250641,1324043807
83290663,1324713716
83330688,1325386356
83370715,1326104395
83410748,1326830603
83450783,1327453924
83490828,1328014237
83530879,1328650189
83570909,1329297863
83610940,1329966129
83650971,1330660871
83690997,1331193886
83731023,1331878112
83771051,1332434854
83811086,1333097996
83851112,1333681165
83891135,1334345430
83931161,1335014846
83971195,1335666525
84011245,1336305700
84051284,1336933098
84091316,1337498609
84131346,1338116231
84171372,1338742215
84211394,1339364859
84251414,1339983971
84291440,1340485006
84331465,1341163244
84371497,1341866571
84411528,1342620247
84451558,1343187322
84491602,1343826636
84531652,1344467823
84571677,1345091355
84611697,1345736560
84651726,1346402532
84691754,1347042031
84731783,1347672156
84771811,1348339496
84811838,1348897042
84851867,1349556844
84891892,1350249965
84931921,1350924070
84971957,1351592711
85012004,1352246067
85052046,1352902768
85092078,1353545802
85132109,1354081905
85172131,1354797525
85212153,1355458589
85252180,1356090158
85292207,1356711850
85332238,1357305386
85372262,1357878038
85412294,1358556598
85452321,1359225064
85492363,1359882026
85532412,1360484528
85572435,1361174561
85612463,1361761025
85652490,1362382334
85692520,1363021490
85732545,1363683671
85772572,1364390605
85812598,1365000528
85852625,1365596400
85892653,1366151321
85932681,1366831778
85972711,1367511579
86012762,1368162170
86052802,1368741627
86092826,1369372186
86132851,1370027003
86172871,1370680612
86212897,1371427552
86252924,1372060898
86292945,1372700488
86332971,1373331211
86372995,1373905174
86413016,1374471599
86453039,1375155380
86493084,1375824841
86533132,1376481305
86573158,1377148897
86613190,1377813180
86653216,1378453965
86693245,1379098155
86733266,1379750516
86773294,1380479853
86813315,1381114964
86853338,1381754124
86893362,1382430749
86933382,1382905699
86973412,1383680554
87013463,1384255170
87053505,1384916535
87084527,1385436079
87124553,1386093186
87164580,1386751398
87204605,1387398660
87244633,1388043196
87284660,1388684792
87324690,1389407076
87364723,1390052417
87404751,1390729168
87444779,1391180358
87484821,1391852472
87524872,1392422064
87564904,1393075519
87604935,1393716022
87644959,1394386446
87684989,1395042817
87725019,1395688703
87765051,1396329293
87805077,1396969040
87845105,1397612995
87885137,1398244069
87925161,1398863342
87965186,1399462580
88005238,1400025335
88045284,1400693434
88085312,1401314297
88125342,1401896016
88165369,1402528845
88205391,1403092396
88245417,1403736499
88285444,1404371182
88325474,1404939032
88365504,1405543043
88405533,1406202135
88445559,1406889484
88485599,1407463333
88525649,1407958512
88565682,1408585378
88605713,1409248864
88645740,1409924705
88685768,1410600380
88725795,1411255638
88765825,1411905816
88805851,1412554993
88845879,1413215547
88885899,1413942675
88925923,1414591611
88965950,1415218383
89006003,1415829261
89046052,1416322338
89086079,1416961668
89126106,1417663011
89166132,1418346335
89206158,1419017467
89246187,1419679571
89286211,1420344015
89326233,1420986233
89366259,1421726551
89406281,1422384171
89446302,1423022679
89486341,1423654262
89526393,1424272254
89556767,1424735879
89596449,1425304631
89636479,1425986258
89676508,1426670061
89716533,1427422848
89756563,1428100013
89796592,1428748247
89836615,1429398755
89876638,1430053116
89916667,1430751273
89956688,1431350565
89996737,1431960198
90036787,1432578584
90076818,1433173525
90116845,1433745284
90156872,1434419949
90196894,1435083769
90236921,1435752064
90276949,1436508949
90316973,1437175579
90356998,1437809555
90397021,1438460747
90437047,1439115011
90477078,1439750406
90517130,1440373950
90557174,1440997171
90597202,1441576342
90637235,1442130590
90677267,1442799935
90717290,1443381123
90757310,1444045963
90797331,1444708137
90837357,1445365273
90877391,1446109118
90917419,1446773539
90957447,1447414778
90997494,1448019921
91037546,1448551005
91077581,1449172204
91117608,1449751071
91157636,1450308969
91197669,1450987189
91237697,1451647781
91277723,1452301903
91317748,1452976126
91357772,1453578708
91397795,1454215092
91437823,1454943583
91477863,1455578996
91517913,1456110397
91557954,1456733264
91597979,1457359413
91638010,1457991101
91678039,1458583502
91718069,1459158388
91758092,1459823788
91798116,1460488768
91838142,1461155896
91878173,1461756376
91918200,1462342858
91958232,1462973896
91998275,1463519062
92038324,1464150778
92078354,1464817554
92118385,1465528198
92158408,1466156584
92198437,1466748488
92238463,1467319275
92278494,1467989379
92318520,1468639518
92358540,1469303363
92398569,1469980404
92438601,1470645376
92478635,1471296875
92518683,1471933092
92558716,1472573921
92598744,1473198468
92638768,1473814069
92678788,1474456341
92718810,1475038518
92758834,1475603537
92798858,1476284334
92838886,1476964536
92878915,1477672696
92918944,1478375823
92958973,1479056538
92999018,1479699064
93039068,1480317664
93079096,1480947651
93119116,1481523483
93159143,1482256849
93199167,1482875070
93239190,1483455382
93279212,1484016371
93319238,1484700089
93359266,1485349833
93399298,1485916222
93439322,1486571687
93479358,1487237677
93519405,1487885434
93559441,1488532577
93599472,1489176788
93639499,1489820781
93679531,1490557834
93719563,1491169416
93759591,1491703581
93799621,1492296894
93839650,1492871918
93879676,1493535680
93919702,1494188661
93959723,1494861981
93999767,1495519413
94039815,1496153673
94079845,1496823513
94119868,1497468574
94159891,1498104394
94199915,1498739983
94239940,1499380363
94279962,1499999804
94319988,1500599055
94360014,1501167211
94400050,1501831310
94440077,1502474310
94480107,1503039152
94520158,1503693507
94560201,1504350079
94600230,1504998361
94640253,1505650529
94680278,1506297082
94720310,1507037900
94760341,1507674142
94800365,1508305808
94840392,1508890968
94880417,1509458988
94920449,1510134534
94960477,1510791189
95000521,1511454813
95040574,1512101420
95071597,1512563377
95111620,1513181738
95151647,1513863235
95191672,1514467093
95231690,1515102961
95271716,1515824506
95311739,1516473361
95351768,1517153502
95391792,1517606986
95431823,1518274446
95471851,1518891414
95511898,1519495971
95551943,1520146298
95591967,1520790907
95631991,1521460164
95672022,1522121334
95712051,1522768751
95752082,1523404301
95792113,1524038493
95832141,1524665397
95872161,1525280769
95912187,1525875279
95952214,1526441681
95992256,1527103876
96032305,1527661767
96072335,1528318059
96112368,1528961845
96152392,1529518671
96192420,1530262541
96232448,1530898142
96272472,1531546793
96312497,1532200022
96352520,1532837719
96392545,1533472162
96432569,1534154963
96472596,1534645494
96512645,1535283979
96552686,1535950427
96592719,1536611054
96632746,1537222289
96672767,1537812477
96712793,1538487110
96752825,1539224266
96792861,1539873768
96832888,1540498255
96872916,1541140251
96912949,1541771344
96952978,1542443267
96993019,1542896034
97033069,1543559115
97073102,1544121341
97113126,1544787579
97153153,1545542155
97193175,1546206251
97233195,1546873817
97273223,1547519661
97313250,1548167836
97353279,1548810528
97393307,1549450461
97433330,1550077421
97473360,1550792668
97513410,1551293754
97553456,1551866549
97593485,1552544489
97633512,1553216540
97673541,1553964099
97713572,1554654114
97753601,1555316459
97793634,1555958301
97833660,1556590965
97873683,1557223238
97913709,1557862864
97953738,1558496438
97993778,1559119658
98033829,1559608232
98064267,1560125433
98103894,1560821211
98143929,1561496962
98183955,1562164637
98223982,1562822036
98264013,1563475414
98304040,1564116562
98344064,1564741243
98384092,1565375844
98424117,1566026235
98464146,1566661946
98504194,1567270988
98544246,1567863020
98584273,1568331179
98624306,1569098893
98664341,1569788747
98704376,1570464023
98744412,1571133610
98784445,1571888597
98824479,1572549451
98864507,1573197764
98904536,1573839989
98944562,1574480898
98984600,1575174049
99024653,1575735825
99064692,1576314757
99104721,1576879659
99144751,1577558803
99184780,1578291635
99224809,1579009415
99264830,1579678715
99304853,1580339158
99344879,1581039449
99384904,1581746122
99424928,1582376116
99464949,1583020849
99504998,1583642928
99545049,1584247440
99585073,1584750655
99625098,1585405794
99665124,1586090601
99705148,1586762354
99745181,1587423580
99785207,1587987783
99825237,1588637168
99865261,1589277741
99905286,1589928352
99945317,1590564544
99985356,1591198897
100025409,1591824118
100065448,1592452129
100105477,1593037067
100145506,1593596864
100185540,1594277328
100225577,1594953902
100265606,1595620599
100305635,1596278226
100345660,1596925476
100385689,1597585639
100425716,1598238646
100465746,1598902765
100505792,1599515100
100545842,1600141635
100585873,1600821012
100625905,1601443138
100665931,1601959808
100705966,1602622514
100745994,1603343327
100786021,1604013739
100826048,1604681359
100866074,1605350675
100906100,1606006798
100946123,1606660931
100986156,1607301411
101026207,1607931500
101066245,1608563812
101106268,1609195142
101146298,1609877105
101186330,1610424139
101226361,1611116643
101266394,1611796761
101306425,1612472081
101346460,1613167124
101386495,1613906326
101426529,1614566987
101466562,1615222477
101506611,1615860690
101546661,1616490586
101586695,1617104287
101626718,1617734538
101666748,1618328421
101706775,1618882041
101746802,1619554745
101786827,1620219300
101826849,1620894421
101866869,1621562015
101906894,1622217810
101946913,1622872497
101986950,1623521651
102026998,1624145955
102067034,1624754287
102107055,1625392979
102147079,1626032699
102187105,1626717482
102227130,1627168679
102267161,1627850171
102307193,1628529268
102347217,1629196459
102387239,1629861536
102427263,1630514713
102467288,1631161588
102507333,1631806615
102547381,1632443965
102587410,1633026837
102627433,1633694765
102667457,1634295062
102707481,1634855915
102747507,1635449086
102787534,1636107801
102827567,1636807958
102867598,1637485175
102907627,1638155526
102947655,1638888354
102987692,1639514443
103027741,1640101572
103067783,1640676415
103107806,1641266726
103147831,1641907056
103187857,1642532509
103227877,1643174399
103267896,1643750001
103307921,1644368782
103347944,1644986917
103387969,1645652034
103427997,1646324236
103468027,1646974440
103508075,1647605695
103548123,1648144304
103588152,1648781641
103628182,1649401761
103668213,1649955235
103708234,1650582236
103748261,1651214009
103788290,1651834641
103828321,1652437010
103868348,1653009474
103908383,1653685257
103948411,1654391308
103988444,1655022284
104028492,1655666607
104068531,1656310095
104108560,1656958706
104148590,1657600551
104188621,1658217576
104228649,1658764986
104268680,1659384553
104308708,1659998618
104348731,1660581856
104388756,1661147348
104428788,1661832566
104468820,1662500991
104508866,1663076548
104548915,1663689055
104588948,1664288377
104628973,1664883326
104668996,1665523613
104709025,1666160139
104749046,1666793806
104789072,1667322290
104829102,1668051292
104869135,1668683964
104909165,1669183474
104949192,1669865417
104989228,1670537361
105029280,1671198892
105069317,1671858884
105100345,1672368011
105140367,1672929540
105180392,1673597665
105220419,1674324642
105260440,1674969492
105300469,1675599836
105340488,1676233128
105380511,1676861464
105420542,1677454717
105460569,1678026165
105500613,1678702472
105540666,1679366775
105580698,1680037639
105620731,1680795515
105660766,1681469868
105700798,1682127391
105740834,1682777870
105780863,1683415578
105820889,1684046727
105860916,1684671527
105900946,1685293723
105940973,1685880330
105981003,1686441554
106021054,1687099826
106061099,1687752760
106101123,1688346190
106141157,1689106212
106181196,1689772087
106221230,1690430269
106261261,1691097233
106301289,1691719618
106341311,1692349685
106381337,1692969065
106421360,1693594803
106461382,1694275171
106501419,1694737401
106541469,1695402928
106581496,1696076792
106621520,1696744424
106661548,1697415210
106701577,1698079193
106741603,1698732802
106781631,1699436752
106821658,1700109987
106861685,1700761125
106901709,1701397987
106941731,1702022705
106981758,1702688910
107021807,1703157507
107061852,1703810648
107101880,1704379951
107141905,1705049316
107181934,1705720497
107221956,1706375031
107261979,1707031391
107302007,1707759842
107342036,1708423195
107382063,1709059169
107422089,1709693979
107462115,1710323711
107502157,1710998027
107542204,1711444357
107572525,1711876053
107612258,1712597244
107652286,1713271130
107692312,1713993474
107732347,1714661616
107772383,1715325396
107812416,1716066129
107852449,1716726023
107892474,1717362103
107932504,1717978593
107972530,1718622456
108012578,1719228081
108052627,1719729980
108092653,1720297596
108132684,1720958188
108172711,1721621920
108212738,1722174289
108252765,1722821063
108292788,1723485856
108332818,1724128688
108372847,1724775767
108412877,1725415604
108452902,1726050358
108492934,1726685583
108532984,1727302334
108573022,1727877105
108613046,1728433219
108653074,1729099816
108693102,1729771922
108733127,1730425145
108773151,1731042771
108813176,1731652211
108853202,1732299946
108893223,1732954549
108933244,1733604391
108973272,1734343669
109013320,1734873773
109053370,1735474655
109093400,1736079935
109133428,1736591355
109173455,1737154717
109213482,1737831001
109253512,1738520894
109293540,1739278306
109333570,1739940830
109373605,1740577190
109413630,1741150834
109453651,1741773614
109493687,1742475418
109533736,1743049131
109573774,1743702699
109613806,1744403354
109653837,1744977385
109693865,1745562205
109733889,1746226172
109773915,1746914154
109813939,1747586213
109853960,1748255843
109893982,1748994621
109934006,1749640840
109974031,1750306561
110014082,1750938639
110054128,1751552578
110094161,1752208568
110134191,1752839172
110174219,1753434073
110214251,1754001569
110254279,1754673196
110294309,1755339282
110334339,1755995884
110374369,1756666853
110414397,1757331694
110454428,1757985445
110494466,1758620396
110534518,1759253967
110574556,1759891845
110614582,1760529009
110654614,1761151206
110694644,1761737574
110734671,1762296362
110774702,1762962584
110814729,1763615477
110854751,1764203407
110894777,1764945240
110934809,1765618557
110974839,1766278668
111014885,1766922233
111054933,1767557630
111094964,1768199967
111134988,1768822185
111175016,1769452022
111215035,1770142676
111255057,1770612371
111295078,1771272650
111335105,1771967055
111375130,1772617117
111415155,1773270183
111455183,1773914630
111495221,1774528315
111535273,1775102608
111575313,1775768459
111615342,1776480405
111655363,1777120007
111695389,1777747103
111735415,1778427673
111775444,1778883920
111815470,1779562310
111855494,1780237995
111895521,1780915130
111935551,1781560833
111975578,1782209799
112015624,1782778634
112055671,1783390221
112095695,1784040951
112135725,1784664837
112175751,1785251392
112215777,1785920087
112255796,1786547653
112295818,1787147662
112335840,1787720421
112375869,1788401097
112415907,1789173303
112455939,1789852474
112495979,1790512264
112536031,1791153260
112576070,1791807945
112616104,1792461679
112656139,1793109344
112696171,1793742194
112736202,1794365387
112776226,1794980913
112816250,1795576999
112856271,1796141938
112896296,1796800320
112936316,1797477863
112976343,1798148145
113016390,1798804345
113056440,1799441020
113096466,1800105900
113136495,1800760026
113176527,1801409784
113216563,1802121607
113256599,1802768402
113296623,1803383757
113336646,1803886572
113376672,1804549466
113416699,1805240554
113456719,1805918285
113496754,1806587377
113536805,1807241717
113576844,1807894516
113616871,1808544636
113656902,1809196699
113696938,1809923589
113736968,1810528546
113776993,1811100053
113817016,1811721722
113857039,1812311832
113897065,1812969071
113937092,1813667441
113977118,1814334160
114017165,1814988424
114057217,1815573320
114097249,1816311680
114137281,1816969907
114177312,1817622457
114217340,1818267316
114257367,1818897258
114297394,1819523081
114337423,1820145407
114377451,1820730631
114417477,1821290991
114457507,1821963250
114497546,1822516041
114537596,1823163317
114577637,1823735844
114617662,1824362757
114657687,1825013480
114697716,1825671470
114737746,1826407037
114777776,1827037287
114817803,1827604646
114857823,1828248238
114897850,1828969216
114937873,1829442596
114977896,1830119833
115017943,1830676781
115057991,1831325057
115098024,1831978235
115138048,1832545747
115178071,1833203977
115218102,1833940503
115258125,1834575875
115298149,1835190176
115338174,1835861132
115378199,1836491937
115418220,1837117996
115458249,1837718573
115498284,1838290271
115538335,1838958806
115578374,1839626018
115609395,1840155475
115649416,1840824255
115689438,1841485988
115729463,1842137084
115769491,1842875926
115809516,1843531294
115849549,1844176307
115889580,1844810140
115929610,1845430373
115969632,1846015202
116009673,1846571359
116049726,1847168244
116089753,1847792449
116129784,1848449459
116169815,1849104000
116209843,1849656982
116249868,1850299104
116289893,1850939582
116329917,1851587548
116369947,1852220854
116409980,1852829278
116450000,1853365800
116490033,1854063292
116530082,1854577950
116570123,1855135753
116610147,1855805789
116650166,1856480581
116690194,1857134477
116730215,1857804881
116770245,1858448353
116810272,1859069893
116850298,1859641037
116890322,1860274105
116930346,1860898078
116970378,1861505793
117010418,1862048578
117050470,1862715701
117090502,1863172018
117130527,1863846198
117170560,1864496661
117210585,1865062944
117250616,1865713568
117290645,1866364403
117330664,1867027223
117370690,1867680199
117410716,1868327916
117450753,1869067155
117490784,1869709005
117530834,1870331231
117570879,1870950531
117610911,1871449643
117650942,1872111673
117690967,1872682809
117730993,1873351630
117771013,1874022949
117811042,1874789333
117851066,1875442551
117891087,1876101418
117931109,1876737523
117971132,1877384931
118011173,1878017103
118051224,1878639075
118091251,1879260225
118131277,1879854510
118171302,1880424248
118211334,1881092659
118251360,1881650281
118291383,1882315289
118331407,1882977738
118371432,1883721495
118411451,1884284830
118451472,1884988934
118491500,1885676072
118531550,1886300123
118571593,1886918021
118611618,1887553194
118651637,1888150437
118691664,1888717404
118731692,1889402509
118771725,1890058724
118811747,1890723332
118851769,1891393713
118891791,1892050849
118931817,1892709300
118971841,1893350669
119011881,1893984747
119051930,1894610227
119082295,1895094282
119121981,1895681790
119162005,1896316067
119202029,1896866992
119242059,1897549743
119282085,1898225307
119322110,1898887038
119362141,1899522495
119402168,1900094901
119442192,1900741545
119482220,1901393873
119522268,1902035597
119562314,1902670184
119602347,1903313237
119642383,1904033496
119682414,1904671428
119722439,1905171321
119762466,1905842962
119802488,1906511482
119842508,1907187838
119882535,1907849825
119922561,1908517966
119962594,1909180523
120002634,1909821234
120042684,1910459008
120082724,1911100617
120122759,1911780139
120162792,1912472345
120202821,1913097340
120242847,1913598428
120282883,1914276034
120322914,1914957267
120362948,1915632933
120402983,1916393666
120443015,1917067142
120483045,1917728094
120523097,1918369210
120563143,1919006823
120603168,1919643631
120643201,1920285302
120683236,1920927215
120720104,1921542772
120759312,1921545034
120799367,1921547070
120839420,1921549106
120879473,1921551142
120919525,1921553178
120959579,1921555214
120999634,1921557250
121039693,1921559286
121079753,1921561322
121113805,1921563353
121153864,1921565389
CPU3
TS,0
38647,690429531
78709,690551183
118771,690672237
158833,690793248
198895,690914486
238957,691035478
279019,691156620
319081,691277515
359143,691398588
399205,691519728
439267,691640752
479328,691776109
518387,720474988
558436,780547646
598489,840626502
638540,900704100
678595,960785338
718645,1020861542
758697,1080939058
798750,1141018358
838804,1201099964
878856,1261177382
918892,1321231194
958927,1381283332
990942,1429306868
1029989,1487876808
1070017,1547919092
1110048,1607965612
1150071,1667999958
1190095,1728036580
1230126,1788082310
1270149,1848116988
1310175,1908156220
1350200,1968193672
1390225,2028230966
1430273,2088303026
1470317,2148368794
1501337,2194899650
1541371,2254950510
1581394,2314985048
1621431,2375039702
1661467,2435094196
1701503,2495148410
1741527,2555184404
1781551,2615220212
1821578,2675260566
1861607,2735304542
1901640,2795353646
1941694,2855435016
1981737,2915498442
2021773,2975552792
2061806,3035602262
2101835,3095645422
2141866,3155691830
2181897,3215739006
2221928,3275785760
2261967,3335844496
2302007,3395903630
2342040,3455953706
2382063,3515987338
2422106,3576052064
2462154,3636125304
2502181,3696164400
2542207,3756203888
2582232,3816240794
2622257,3876279210
2662278,3936310892
2702302,3996346138
2742323,4056378680
2782359,4116431672
2822389,4176476232
2862411,4236509372
2902438,4296549746
2942491,4356630462
2982536,4416697822
3022563,4476737074
3062589,4536776024
3102612,4596811792
3142641,4656854068
3182665,4716890628
3222695,4776935708
3262721,4836974286
3302748,4897015208
3342772,4957051604
3382798,5017090274
3422841,5077154636
3462889,5137227654
3502914,5197264884
3542949,5257316182
3582982,5317366638
3623013,5377412898
3663035,5437445388
3703062,5497486088
3743084,5557519404
3783110,5617557516
3823148,5677614636
3863179,5737661132
3903206,5797701946
3943256,5857777574
3983296,5917837708
4023327,5977882990
4063357,6037928378
4103386,6097972324
4143415,6158016502
4183446,6218062476
4223474,6278104624
4263510,6338157618
4303540,6398203046
4343566,6458242608
4383595,6518286350
4423640,6578354162
4463693,6638432666
4494010,6683908774
4533744,6743509858
4573770,6803548910
4613792,6863581750
4653819,6923622426
4693848,6983665810
4733871,7043699498
4773898,7103740328
4813929,7163787604
4853958,7223829702
4893989,7283877408
4934040,7343953234
4974089,7404027568
5014120,7464072926
5054144,7524109390
5094166,7584142648
5134200,7644193132
5174223,7704228508
5214248,7764265092
5254274,7824303790
5294298,7884340828
5334329,7944386904
5374350,8004418806
5414389,8064476694
5454439,8124551714
5494477,8184608876
5534508,8244655514
5574535,8304695908
5614561,8364734584
5654583,8424768258
5694609,8484807494
5734635,8544845504
5774661,8604885214
5814680,8664914058
5854706,8724952992
5894732,8784991888
5934785,8845071542
5974832,8905141106
6014860,8965183162
6054895,9025235912
6094931,9085290012
6134957,9145328916
6174979,9205361382
6215007,9265403652
6255033,9325442544
6295054,9385475078
6335079,9445511734
6375105,9505550552
6415143,9565608510
6455194,9625685106
6495230,9685738576
6535260,9745783424
6575294,9805833872
6615326,9865882648
6655361,9925935296
6695399,9985992150
6735431,10046039266
6775456,10106077594
6815477,10166108204
6855506,10226152136
6895529,10286186788
6935581,10346264558
6975626,10406331978
7015658,10466381140
7055689,10526426386
7095721,10586474820
7135755,10646525358
7175788,10706576094
7215815,10766616260
7255844,10826659588
7295874,10886705016
7335909,10946757540
7375938,11006800784
7415984,11066869186
7456030,11126938386
7496067,11186993798
7536095,11247035601
7576119,11307072566
7616147,11367113784
7656173,11427153134
7696210,11487207748
7736237,11547249562
7776261,11607284788
7816287,11667324482
7856323,11727377504
7896354,11787424244
7936402,11847496608
7976445,11907561092
8016474,11967604530
8056501,12027644988
8096536,12087697892
8136559,12147732040
8176583,12207767466
8216610,12267809036
8256634,12327844420
8296658,12387880920
8336685,12447920752
8376711,12507959612
8416748,12568015304
8456799,12628091712
8496831,12688139304
8536855,12748175968
8576882,12808216376
8616916,12868267822
8656943,12928308252
8696969,12988347888
8736996,13048387764
8777032,13108441262
8817070,13168497826
8857103,13228548788
8897134,13288594792
8937182,13348666764
8977227,13408733746
9017260,13468782910
9057287,13528823340
9097313,13588862682
9137339,13648901718
9177371,13708950226
9217405,13769001598
9257436,13829046920
9297465,13889090488
9337490,13949127746
9377518,14009169968
9417559,14069231796
9457609,14129307168
9497644,14189360376
9537673,14249402864
9577704,14309449072
9617729,14369487272
9657750,14429518968
9697781,14489565238
9737814,14549613950
9777845,14609660846
9817868,14669695616
9857898,14729740972
9897934,14789794690
9937986,14849872452
9978035,14909946082
10018068,14969994778
10058096,15030037000
10098124,15090080078
10138147,15150114704
10178168,15210145220
10218190,15270178830
10258222,15330226386
10298249,15390266808
10338283,15450318578
10378317,15510369450
10418359,15570432426
10458409,15630507562
10498449,15690566690
10538480,15750613604
10578514,15810664884
10618540,15870703144
10658570,15930747860
10698598,15990790960
10738626,16050832324
10778650,16110869266
10818673,16170903386
10858696,16230937912
10898729,16290986218
10938778,16351060158
10978826,16411132910
11018849,16471166300
11058881,16531215014
11098904,16591249238
11138926,16651282826
11178955,16711326608
11218979,16771362190
11259009,16831407632
11299032,16891441306
11339062,16951485934
11379087,17011523352
11419123,17071578550
11459174,17131655102
11499210,17191708544
11539239,17251752488
11579266,17311792752
11619293,17371832232
11659317,17431869476
11699343,17491907562
11739366,17551941674
11779394,17611983958
11819421,17672025602
11859446,17732062232
11899474,17792104550
11939525,17852181244
11979572,17912251134
12019606,17972302462
12059634,18032344770
12099657,18092378968
12139684,18152420046
12179710,18212458428
12219737,18272498704
12259769,18332546854
12299807,18392603432
12339846,18452661850
12379874,18512704378
12419910,18572758902
12459960,18632833854
12499996,18692888240
12540028,18752935822
12580060,18812983450
12620089,18873026400
12660118,18933070870
12700141,18993104968
12740169,19053147368
12780198,19113190722
12820226,19173233012
12860258,19233279874
12900298,19293340010
12940348,19353416074
12980394,19413484674
13011415,19460016310
13051442,19520055670
13091473,19580103532
13131504,19640148786
13171537,19700198020
13211570,19760249062
13251602,19820296806
13291630,19880338392
13331656,19940377014
13371684,20000418974
13411723,20060477224
13451771,20120550536
13491809,20180606336
13531836,20240647118
13571867,20300694002
13611901,20360744650
13651926,20420781944
13691951,20480819188
13731975,20540855630
13771999,20600891492
13812023,20660928032
13852053,20720973494
13892078,20781010446
13932123,20841077732
13972175,20901156040
14012202,20961196544
14052228,21021236124
14092251,21081270524
14132276,21141306984
14172306,21201351410
14212329,21261386348
14252356,21321428136
14292378,21381460092
14332409,21441507182
14372433,21501541862
14412467,21561593552
14452515,21621665892
14492550,21681718202
14532582,21741765998
14572608,21801805674
14612629,21861836654
14652659,21921881056
14692684,21981919614
14732710,22041958106
14772735,22101996774
14812758,22162030566
14852790,22222078064
14892818,22282119466
14932867,22342193360
14972919,22402271782
15012956,22462327622
15052991,22522379148
15093011,22582409554
15133033,22642442826
15173069,22702497450
15213102,22762545828
15253134,22822594156
15293156,22882626974
15333184,22942668564
15373213,23002713462
15413240,23062754064
15453292,23122831864
15493331,23182889376
15533353,23242923326
15573375,23302956662
15613398,23362990210
15653427,23423033416
15693462,23483085592
15733493,23543131968
15773518,23603170052
15813545,23663211146
15853571,23723249548
15893601,23783295054
15933644,23843359770
15973696,23903436958
16013721,23963475134
16053753,24023523748
16093783,24083567180
16133816,24143616694
16173839,24203651892
16213867,24263693770
16253899,24323741646
16293930,24383787770
16333956,24443828214
16373985,24503870562
16414025,24563931554
16454076,24624007092
16494116,24684067442
16534146,24744111340
16574177,24804158574
16614200,24864192336
16654233,24924242364
16694257,24984278124
16734288,25044325708
16774313,25104362900
16814335,25164395930
16854356,25224427470
16894382,25284465926
16934427,25344534254
16974482,25404615892
17004868,25450195908
17044532,25509691132
17084560,25569732946
17124591,25629780608
17164619,25689822178
17204640,25749852826
17244664,25809889764
17284691,25869930404
17324722,25929976724
17364763,25990037172
17404796,26050088386
17444847,26110164078
17484888,26170224826
17524917,26230269494
17564944,26290310026
17604976,26350357002
17645011,26410409968
17685036,26470446870
17725057,26530478496
17765084,26590519452
17805111,26650560656
17845137,26710598978
17885166,26770643220
17925205,26830701290
17965256,26890777912
18005290,26950828162
18045316,27010867584
18085346,27070912238
18125373,27130953536
18165395,27190986378
18205425,27251031704
18245450,27311068210
18285475,27371105588
18325499,27431141452
18365524,27491178806
18405547,27551213328
18445597,27611288814
18485643,27671358092
18525672,27731401494
18565702,27791446186
18605726,27851481930
18645754,27911524178
18685791,27971580050
18725824,28031630102
18765854,28091675016
18805879,28151711334
18845907,28211753224
18885937,28271798316
18925974,28331855408
18966026,28391932024
19006051,28451970206
19046079,28512012490
19086104,28572049742
19126130,28632088120
19166153,28692122690
19206180,28752162816
19246215,28812215812
19286247,28872263582
19326277,28932309176
19366309,28992357386
19406338,29052400110
19446389,29112477352
19486436,29172546816
19526465,29232590702
19566499,29292641930
19606527,29352684060
19646558,29412729728
19686591,29472780764
19726624,29532829022
19766651,29592870670
19806676,29652907228
19846708,29712955784
19886746,29773012220
19926786,29833072254
19966834,29893144740
20006875,29953205410
20046910,30013258636
20086945,30073310204
20126973,30133353554
20167003,30193397790
20207035,30253446106
20247076,30313507396
20287115,30373566344
20327146,30433612232
20367173,30493652912
20407199,30553691526
20447247,30613763706
20487292,30673831140
20527319,30733872612
20567343,30793908584
20607372,30853951624
20647404,30913999726
20687437,30974049506
20727470,31034098816
20767504,31094148890
20807533,31154192456
20847559,31214231794
20887588,31274275540
20927625,31334331258
20967676,31394407290
21007712,31454462124
21047742,31514505798
21087769,31574546290
21127799,31634591508
21167828,31694635680
21207862,31754686772
21247895,31814735568
21287928,31874784718
21327965,31934841334
21368005,31994901210
21408045,32054960878
21448098,32115040668
21488146,32175112316
21528183,32235167948
21568217,32295219276
21608244,32355259012
21648266,32415291754
21688293,32475333332
21728326,32535381784
21768358,32595429720
21808386,32655472144
21848411,32715509590
21888431,32775539414
21928469,32835597726
21968517,32895668926
22008558,32955729718
22048595,33015785840
22088624,33075829582
22128649,33135867714
22168671,33195899612
22208696,33255937520
22248727,33315984448
22288758,33376030358
22328788,33436076156
22368815,33496116302
22408840,33556153248
22448895,33616235618
22488941,33676304546
22528967,33736343416
22568990,33796378078
22609021,33856424620
22649045,33916461112
22689075,33976505992
22729099,34036541936
22769124,34096579830
22809150,34156618044
22849176,34216658130
22889203,34276697868
22929241,34336755376
22969293,34396833444
23009330,34456888650
23049366,34516942002
23089405,34577000412
23129439,34637051498
23169461,34697083958
23209487,34757124238
23249513,34817162154
23289539,34877201922
23329568,34937245306
23369596,34997286872
23409622,35057326170
23449673,35117402336
23489715,35177466074
23529737,35237499236
23569765,35297540296
23609793,35357583528
23649822,35417626794
23689845,35477660380
23729866,35537692136
23769894,35597734978
23809918,35657771166
23849941,35717805028
23889971,35777850586
23930014,35837915026
23970069,35897997116
24010105,35958051390
24050141,36018105356
24090172,36078151712
24130206,36138203044
24170237,36198248230
24210268,36258295234
24250305,36318350800
24290332,36378391854
24330363,36438438566
24370392,36498482116
24410423,36558528038
24450473,36618603628
24490521,36678675490
24530551,36738719414
24570575,36798755650
24610599,36858791442
24650630,36918838802
24690655,36978875782
24730683,37038917878
24770707,37098954576
24810737,37158999306
24850763,37219037970
24890796,37279087016
24930834,37339144004
24970882,37399216414
25010913,37459262760
25041936,37505797742
25081969,37565847278
25121999,37625891580
25162027,37685933054
25202057,37745978432
25242090,37806028482
25282117,37866069248
25322144,37926109368
25362171,37986149586
25402196,38046186558
25442240,38106253518
25482292,38166330878
25522312,38226361636
25562345,38286411198
25602368,38346446296
25642398,38406490300
25682432,38466540878
25722467,38526594364
25762496,38586637610
25802523,38646677214
25842552,38706720976
25882582,38766766698
25922618,38826820546
25962669,38886897646
26002715,38946965500
26042748,39007015794
26082780,39067063570
26122812,39127110636
26162846,39187162286
26202881,39247214110
26242918,39307269718
26282951,39367319430
26322979,39427361508
26362999,39487391540
26403021,39547425062
26443071,39607500656
26483118,39667570632
26523140,39727602908
26563163,39787638250
26603197,39847689514
26643222,39907726680
26683249,39967766432
26723273,40027802956
26763306,40087852362
26803340,40147903328
26843369,40207947576
26883392,40267980656
26923426,40328032002
26963479,40388111906
27003511,40448159826
27043535,40508195464
27083568,40568244358
27123594,40628283878
27163619,40688322006
27203647,40748364148
27243671,40808399414
27283698,40868439604
27323735,40928496144
27363766,40988541964
27403796,41048587866
27443844,41108659388
27483893,41168733342
27523920,41228773256
27563946,41288812614
27603975,41348855264
27644001,41408894574
27684029,41468936282
27724053,41528972994
27764083,41589017152
27804114,41649064290
27844145,41709110272
27884179,41769161248
27924217,41829219570
27964267,41889294176
28004305,41949350114
28044333,42009393300
28084365,42069440238
28124393,42129482538
28164417,42189518338
28204445,42249560170
28244479,42309611886
28284503,42369647798
28324525,42429681514
28364557,42489729672
28404593,42549782308
28444639,42609852532
28484688,42669925186
28515004,42715399406
28554740,42775003754
28594765,42835040850
28634788,42895075874
28674817,42955118690
28714845,43015161522
28754870,43075198394
28794899,43135241984
28834926,43195282012
28874951,43255319242
28914976,43315357756
28955028,43375435310
28995077,43435508802
29035110,43495558938
29075144,43555610020
29115177,43615658584
29155204,43675699444
29195235,43735746280
29235262,43795786874
29275293,43855833602
29315327,43915883998
29355354,43975924130
29395386,44035971880
29435427,44096033854
29475479,44156111570
29515520,44216172710
29555558,44276230238
29595589,44336277000
29635621,44396324712
29675652,44456371864
29715683,44516417798
29755717,44576468412
29795751,44636519416
29835783,44696568336
29875820,44756623722
29915855,44816676862
29955907,44876754110
29995950,44936818524
30035987,44996874066
30076017,45056918362
30116046,45116962198
30156071,45177000552
30196095,45237035694
30236117,45297068786
30276139,45357102106
30316162,45417136950
30356186,45477171784
30396208,45537205594
30436251,45597269722
30476303,45657347442
30516334,45717394096
30556365,45777441058
30596393,45837483104
30636424,45897529534
30676458,45957580024
30716492,46017631282
30756530,46077688200
30796568,46137746334
30836608,46197805236
30876636,46257846702
30916661,46317885902
30956712,46377961916
30996759,46438032190
31036792,46498081106
31076820,46558123818
31116845,46618161010
31156872,46678200834
31196895,46738235802
31236918,46798271092
31276938,46858300954
31316968,46918345782
31356995,46978385854
31397019,47038422626
31437058,47098480100
31477110,47158558316
31517143,47218608718
31557177,47278659356
31597208,47338705026
31637236,47398748376
31677263,47458788646
31717293,47518833210
31757318,47578869652
31797343,47638907850
31837371,47698949746
31877397,47758989090
31917427,47819034410
31957477,47879109234
31997518,47939170830
32037546,47999212446
32077573,48059253044
32117604,48119299698
32157630,48179338310
32197655,48239376566
32237681,48299414992
32277715,48359465680
32317739,48419501508
32357770,48479548208
32397804,48539599400
32437846,48599663100
32477898,48659740026
32517934,48719794502
32557973,48779853020
32598008,48839906218
32638031,48899940884
32678062,48959987112
32718087,49020024336
32758116,49080066964
32798138,49140100930
32838166,49200143200
32878198,49260190082
32918219,49320221494
32958269,49380296926
32998311,49440359760
33038339,49500401206
33078367,49560443348
33118401,49620494364
33158434,49680545248
33198457,49740578274
33238480,49800613694
33278500,49860643610
33318530,49920688912
33358564,49980738760
33398600,50040793258
33438637,50100849580
33478689,50160927244
33518716,50220967898
33558739,50281002130
33598765,50341041248
33638795,50401086336
33678821,50461125494
33718853,50521173168
33758878,50581210190
33798907,50641254420
33838930,50701288002
33878950,50761318764
33918976,50821357386
33959029,50881436718
33999077,50941508186
34039108,51001554854
34079136,51061597922
34119160,51121633300
34159187,51181674312
34199220,51241723642
34239249,51301766432
34279277,51361808654
34319308,51421854732
34359335,51481895844
34399365,51541940496
34439410,51602007968
34479463,51662087624
34519497,51722138722
34559526,51782182878
34599559,51842232668
34639593,51902283068
34679633,51962342286
34719667,52022394282
34759694,52082435030
34799719,52142472002
34839744,52202510314
34879774,52262555068
34919796,52322587362
34959846,52382662698
34999891,52442729284
35039923,52502777292
35079962,52562837602
35119998,52622890254
35160031,52682939722
35200051,52742969886
35240075,52803006434
35280096,52863036932
35320122,52923075906
35360151,52983119224
35400177,53043158488
35440221,53103225674
35480273,53163303462
35520309,53223356258
35560339,53283401688
35600374,53343454552
35640413,53403513248
35680445,53463561492
35720466,53523593008
35760495,53583635694
35800518,53643670186
35840538,53703700650
35880570,53763747916
35920599,53823791888
35960649,53883867176
36000694,53943934226
36040719,54003971826
36080751,54064019962
36120772,54124051892
36160808,54184104794
36200833,54244143594
36240856,54304177522
36280882,54364216724
36320913,54424262356
36360945,54484311154
36400970,54544347912
36441012,54604412288
36481062,54664485888
36521092,54724530788
36552117,54771068206
36592144,54831109188
36632170,54891148232
36672200,54951193512
36712232,55011240968
36752259,55071282032
36792286,55131322982
36832307,55191353990
36872334,55251395008
36912365,55311440618
36952413,55371513702
36992464,55431589936
37032503,55491648094
37072539,55551702262
37112573,55611752378
37152593,55671782130
37192620,55731823206
37232643,55791857608
37272670,55851898878
37312699,55911942452
37352730,55971988016
37392755,56032026574
37432793,56092083172
37472844,56152159610
37512880,56212213242
37552915,56272265456
37592943,56332308310
37632971,56392350102
37672994,56452384328
37713016,56512417044
37753041,56572454668
37793064,56632489988
37833088,56692524764
37873117,56752568606
37913144,56812609920
37953190,56872677872
37993238,56932751146
38033269,56992796406
38073300,57052843425
38113324,57112879162
38153349,57172916704
38193380,57232963352
38233404,57292999826
38273430,57353038476
38313459,57413081328
38353486,57473122190
38393513,57533163062
38433549,57593217214
38473599,57653291740
38513638,57713351192
38553667,57773394024
38593697,57833439176
38633721,57893475404
38673753,57953523462
38713775,58013556258
38753802,58073596226
38793832,58133640868
38833855,58193676580
38873883,58253717614
38913906,58313753076
38953957,58373828960
38994008,58433905148
39034045,58493960884
39074077,58554008840
39114105,58614050850
39154135,58674096594
39194163,58734137756
39234193,58794183480
39274229,58854237372
39314261,58914285430
39354283,58974318392
39394314,59034364462
39434349,59094416482
39474399,59154491306
39514434,59214545396
39554460,59274582960
39594487,59334623320
39634508,59394655072
39674534,59454694182
39714560,59514733888
39754585,59574770846
39794615,59634815538
39834647,59694864384
39874682,59754917090
39914703,59814947576
39954750,59875019064
39994798,59935090604
40034825,59995130590
40074852,60055171196
40114881,60115214922
40154904,60175248902
40194926,60235282296
40234950,60295317870
40274977,60355359622
40315013,60415412718
40355043,60475458128
40395064,60535489864
40435095,60595536414
40475149,60655616888
40515180,60715663764
40555209,60775706924
40595245,60835761314
40635275,60895805310
40675307,60955854144
40715331,61015890536
40755352,61075920732
40795379,61135961328
40835403,61195997604
40875433,61256043220
40915458,61316079950
40955505,61376151008
40995555,61436225438
41025912,61481761182
41065609,61541306784
41105637,61601348982
41145661,61661384632
41185689,61721426788
41225716,61781466662
41265737,61841499664
41305767,61901543628
41345795,61961585622
41385823,62021628262
41425855,62081675242
41465905,62141751030
41505951,62201820100
41545978,62261860138
41586000,62321893534
41626032,62381941140
41666056,62441977120
41706081,62502015568
41746105,62562051208
41786128,62622085632
41826158,62682130732
41866190,62742178694
41906221,62802224234
41946265,62862290510
41986317,62922369692
42026341,62982404884
42066369,63042446598
42106397,63102489650
42146425,63162530656
42186452,63222572006
42226479,63282612494
42266501,63342644552
42306532,63402691792
42346564,63462739792
42386590,63522777812
42426616,63582817418
42466669,63642897116
42506707,63702954660
42546740,63763003644
42586768,63823044718
42626793,63883082788
42666817,63943119386
42706848,64003164906
42746873,64063203472
42786896,64123236978
42826920,64183273542
42866945,64243310380
42906970,64303347900
42947013,64363412882
42987064,64423489660
43027093,64483533352
43067130,64543588766
43107162,64603636184
43147197,64663689202
43187223,64723728230
43227256,64783777206
43267296,64843836842
43307330,64903888586
43347363,64963938328
43387393,65023982964
43427419,65084022406
43467469,65144097964
43507512,65204161590
43547535,65264195318
43587563,65324237948
43627588,65384275954
43667620,65444322916
43707647,65504363338
43747674,65564405362
43787701,65624444352
43827729,65684487528
43867761,65744534514
43907798,65804590660
43947846,65864663124
43987897,65924739358
44027927,65984783300
44067954,66044823922
44107981,66104865130
44148008,66164905000
44188040,66224953192
44228066,66284991844
44268090,66345029144
44308118,66405071028
44348141,66465105286
44388165,66525140926
44428198,66585190134
44468246,66645262738
44508285,66705321522
44548310,66765358310
44588335,66825396046
44628361,66885434412
44668389,66945477480
44708420,67005522814
44748448,67065565300
44788473,67125603422
44828499,67185642044
44868521,67245674966
44908547,67305713646
44948590,67365778302
44988642,67425855920
45028677,67485909086
45068710,67545959102
45108740,67606002456
45148766,67666043210
45188794,67726084274
45228825,67786130528
45268850,67846168282
45308883,67906217570
45348911,67966259088
45388943,68026308330
45428979,68086361594
45469029,68146437216
45509074,68206504786
45549106,68266552386
45589142,68326606426
45629167,68386644412
45669194,68446685174
45709222,68506726334
45749246,68566762460
45789276,68626807874
45829307,68686854122
45869339,68746902388
45909367,68806943422
45949409,68867006772
45989462,68927087092
46029499,68987142040
46069533,69047193152
46109568,69107245508
46149601,69167295554
46189637,69227349536
46229670,69287397892
46269706,69347452546
46309734,69407493978
46349763,69467538690
46389786,69527571922
46429818,69587619778
46469868,69647695892
46509911,69707759844
46549944,69767808974
46589981,69827865538
46630012,69887910708
46670042,69947956532
46710068,70007995252
46750092,70068030800
46790119,70128071582
46830145,70188111224
46870172,70248151598
46910206,70308201960
46950251,70368270156
46990303,70428347526
47030334,70488394106
47070368,70548445208
47110403,70608497310
47150429,70668536490
47190453,70728572400
47230479,70788611926
47270504,70848649120
47310534,70908695180
47350560,70968733754
47390590,71028778138
47430620,71088823272
47470672,71148902110
47510715,71208965906
47550748,71269015542
47590775,71329055630
47630802,71389097124
47670830,71449137726
47710851,71509169694
47750875,71569205970
47790904,71629249768
47830928,71689285522
47870954,71749324944
47910976,71809356960
47951018,71869420772
47991070,71929498882
48031101,71989545610
48071137,72049599774
48111168,72109646448
48151197,72169688688
48191224,72229729272
48231249,72289767354
48271281,72349815070
48311308,72409856064
48351330,72469888888
48391360,72529933346
48431393,72589982566
48471445,72650060876
48511488,72710125130
48551519,72770172628
48591548,72830215866
48631578,72890260786
48671607,72950303518
48711629,73010337580
48751657,73070378772
48791681,73130415382
48831706,73190452130
48871741,73250504514
48911767,73310543146
48951808,73370604958
48991860,73430684096
49031887,73490723936
49071919,73550771688
49111951,73610819366
49151977,73670858690
49192001,73730895008
49232030,73790937846
49272052,73850970922
49312081,73911014882
49352106,73971052556
49392135,74031095936
49432162,74091136542
49472214,74151214646
49512260,74211282794
49552284,74271319466
49592313,74331363138
49632347,74391413296
49672381,74451464420
49712409,74511506542
49752438,74571551116
49792468,74631594708
49832496,74691637942
49872527,74751684468
49912551,74811719858
49952595,74871786636
49992647,74931863314
50032678,74991910650
50072706,75051952186
50112737,75111999386
50152768,75172045192
50192791,75232079902
50232818,75292121092
50272841,75352154684
50312869,75412196966
50352901,75472244660
50392922,75532275914
50432947,75592314864
50472998,75652390442
50513042,75712456092
50553077,75772508304
50593112,75832561442
50633144,75892609686
50673175,75952656068
50713208,76012705086
50753243,76072757312
50793270,76132798578
50833299,76192842522
50873323,76252878302
50913352,76312921826
50953392,76372982064
50993445,76433060622
51033475,76493105504
51073504,76553150158
51113536,76613197196
51153559,76673231612
51193581,76733265646
51233616,76793317608
51273647,76853364508
51313680,76913413854
51353706,76973453048
51393735,77033495568
51433760,77093533312
51473810,77153609050
51513854,77213674718
51553887,77273723708
51593920,77333773462
51633942,77393806640
51673969,77453846592
51713995,77513886428
51754022,77573926636
51794054,77633974954
51834075,77694006080
51874099,77754041604
51914130,77814088594
51954172,77874151106
51994223,77934227666
52034255,77994275338
52074281,78054314806
52114314,78114364224
52154342,78174406380
52194369,78234447418
52234400,78294493540
52274429,78354536836
52314460,78414583276
52354483,78474618322
52394511,78534660006
52434541,78594704902
52474586,78654772704
52514631,78714839802
52554659,78774882246
52594679,78834912386
52634706,78894951916
52674739,78955002408
52714763,79015038214
52754785,79075071456
52794808,79135105580
52834842,79195157064
52874868,79255195582
52914901,79315245622
52954939,79375301424
52994993,79435382676
53035022,79495426178
53066043,79541958108
53106071,79601999580
53146099,79662042316
53186123,79722078220
53226147,79782114210
53266175,79842155624
53306200,79902193158
53346221,79962225300
53386253,80022273666
53426278,80082310792
53466321,80142374662
53506370,80202448974
53546404,80262500106
53586437,80322548344
53626470,80382598846
53666495,80442636010
53706515,80502666490
53746541,80562705154
53786566,80622742296
53826592,80682782068
53866623,80742828048
53906650,80802868094
53946678,80862910694
53986729,80922987120
54026764,80983040232
54066794,81043085106
54106823,81103127954
54146847,81163163144
54186873,81223202614
54226900,81283243216
54266924,81343279238
54306952,81403321376
54346978,81463360856
54387004,81523399432
54427026,81583432570
54467072,81643502358
54507125,81703581182
54547153,81763622772
54587181,81823664772
54627203,81883698826
54667225,81943730244
54707253,82003773084
54747275,82063805632
54787300,82123843894
54827330,82183888684
54867352,82243920974
54907378,82303959964
54947407,82364004558
54987459,82424082470
55027500,82484144034
55067532,82544191832
55107568,82604245402
55147596,82664288244
55187635,82724346122
55227660,82784383168
55267688,82844424840
55307711,82904459838
55347735,82964495884
55387762,83024536894
55427787,83084574248
55467831,83144640586
55507877,83204709050
55547910,83264757812
55587934,83324794898
55627957,83384828286
55667989,83444877238
55708022,83504926324
55748049,83564967124
55788074,83625004806
55828098,83685039970
55868129,83745086186
55908155,83805125414
55948186,83865172176
55988237,83925249466
56028269,83985297584
56068294,84045334832
56108325,84105380926
56148345,84165411566
56188370,84225447926
56228396,84285488096
56268421,84345525760
56308454,84405574968
56348488,84465625438
56388516,84525667116
56428546,84585712154
56468590,84645778266
56508637,84705848316
56548659,84765881976
56588690,84825928272
56628717,84885968694
56668739,84946001712
56708769,85006046864
56748797,85066089328
56788824,85126129494
56828859,85186182428
56868898,85246239868
56908935,85306296592
56948975,85366355778
56989028,85426435888
57029066,85486492994
57069095,85546535252
57109128,85606585562
57149153,85666623584
57189182,85726666932
57229211,85786710268
57269239,85846751556
57309269,85906797590
57349303,85966848442
57389334,86026894778
57429357,86086928184
57469401,86146994428
57509448,86207065778
57549483,86267117508
57589509,86327157636
57629536,86387197234
57669563,86447237538
57709586,86507272210
57749615,86567315726
57789638,86627350066
57829666,86687391760
57869698,86747440162
57909728,86807485854
57949759,86867531554
57989808,86927606002
58029845,86987660580
58069870,87047698654
58109905,87107751504
58149930,87167788462
58189956,87227828058
58229980,87287863886
58270004,87347900064
58310039,87407951674
58350069,87467997446
58390098,87528039928
58430123,87588077618
58470171,87648149880
58510221,87708224718
58550257,87768278716
58590282,87828315916
58630305,87888351076
58670329,87948386196
58710356,88008426992
58750376,88068458220
58790401,88128495342
58830432,88188541850
58870467,88248594280
58910497,88308638636
58950534,88368695130
58990585,88428770342
59030625,88488831208
59070656,88548876926
59110684,88608919782
59150710,88668959278
59190740,88729004068
59230767,88789043996
59270793,88849082670
59310815,88909115362
59350844,88969159438
59390875,89029205746
59430902,89089246670
59470947,89149314364
59510999,89209391394
59541326,89254882108
59581051,89314470144
59621086,89374522812
59661125,89434580262
59701164,89494639858
59741203,89554697688
59781233,89614742690
59821257,89674779266
59861288,89734826296
59901324,89794880364
59941358,89854930480
59981407,89915004342
60021452,89975071726
60061482,90035116938
60101515,90095165816
60141547,90155213210
60181576,90215257886
60221599,90275292002
60261626,90335332086
60301653,90395372940
60341680,90455414546
60381704,90515450138
60421729,90575486632
60461766,90635542490
60501816,90695618330
60541845,90755661338
60581867,90815694142
60621899,90875741436
60661934,90935793930
60701968,90995846212
60741994,91055885258
60782030,91115938788
60822065,91175991216
60862094,91236034136
60902121,91296074334
60942150,91356117940
60982200,91416193568
61022241,91476254612
61062270,91536298920
61102304,91596349456
61142332,91656391352
61182359,91716431708
61222382,91776466316
61262409,91836506800
61302437,91896549706
61342460,91956583432
61382492,92016631382
61422523,92076677746
61462560,92136733684
61502611,92196809708
61542650,92256868046
61582685,92316921444
61622719,92376972078
61662751,92437020424
61702774,92497054816
61742808,92557105112
61782834,92617144912
61822857,92677179456
61862890,92737227976
61902920,92797272958
61942945,92857311576
61982997,92917389508
62023039,92977451850
62063066,93037492442
62103092,93097531746
62143127,93157583272
62183152,93217621660
62223178,93277660108
62263204,93337698882
62303234,93397744482
62343261,93457785016
62383285,93517821104
62423318,93577869708
62463351,93637919642
62503401,93697994690
62543426,93758032198
62583458,93818080470
62623489,93878127508
62663518,93938170968
62703545,93998210978
62743574,94058255054
62783599,94118292468
62823629,94178337428
62863653,94238372308
62903679,94298411868
62943707,94358454092
62983755,94418525768
63023797,94478588746
63063822,94538626086
63103851,94598669418
63143882,94658715950
63183906,94718751700
63223933,94778793538
63263957,94838829598
63303980,94898863470
63344005,94958900874
63384034,95018945106
63424056,95078977968
63464094,95139035404
63504145,95199111320
63544176,95259157238
63584203,95319197338
63624226,95379232066
63664251,95439270334
63704277,95499309118
63744307,95559354050
63784334,95619394944
63824361,95679435132
63864383,95739468078
63904411,95799509902
63944434,95859543778
63984481,95919614922
64024521,95979675746
64064551,96039719692
64104581,96099765152
64144612,96159811476
64184638,96219850258
64224665,96279891372
64264690,96339928420
64304718,96399969884
64344743,96460008258
64384769,96520046656
64424794,96580084262
64464833,96640142514
64504882,96700216414
64544913,96760263176
64584950,96820318338
64624977,96880358510
64665005,96940401366
64705037,97000448324
64745061,97060485119
64785086,97120523078
64825110,97180559234
64865139,97240601312
64905163,97300638054
64945190,97360678594
64985236,97420747262
65025278,97480810410
65065310,97540858120
65105341,97600905158
65145370,97660948546
65185401,97720994874
65225426,97781032442
65265451,97841069508
65305480,97901113502
65345506,97961151666
65385535,98021196402
65425567,98081244730
65465600,98141293930
65505653,98201373078
65545680,98261412946
65585703,98321447226
65625733,98381492438
65665760,98441533526
65705788,98501575026
65745817,98561619414
65785840,98621653920
65825860,98681682464
65865888,98741725220
65905913,98801762434
65945937,98861798726
65985988,98921874802
66026033,98981942580
66066071,99041999936
66106103,99102048310
66146129,99162087536
66186154,99222123688
66226177,99282158248
66266206,99342202030
66306242,99402256626
66346275,99462305252
66386298,99522340898
66426319,99582372150
66466354,99642424756
66506404,99702499162
66546437,99762548514
66586464,99822589282
66626494,99882634058
66666519,99942672376
66706544,100002708898
66746572,100062751868
66786596,100122787958
66826626,100182832502
66866649,100242866500
66906674,100302904792
66946698,100362940854
66986750,100423018516
67026786,100483072690
67066818,100543120504
67106850,100603167822
67146876,100663206812
67186898,100723239684
67226922,100783277082
67266956,100843328102
67306984,100903369134
67347008,100963405908
67387040,101023453102
67427071,101083500460
67467105,101143550848
67507156,101203626876
67547182,101263666164
67587205,101323700820
67627236,101383747286
67667266,101443792238
67707294,101503834814
67747319,101563871372
67787345,101623911366
67827372,101683951666
67867403,101743997438
67907426,101804031656
67947456,101864078110
67987506,101924152130
68027545,101984211292
68067568,102044245120
68107597,102104288454
68147624,102164329718
68187648,102224364974
68227675,102284405508
68267708,102344455504
68307738,102404500996
68347762,102464536608
68387793,102524583130
68427825,102584631234
68467868,102644695106
68507918,102704770338
68547951,102764819220
68587982,102824866224
68628012,102884911854
68668035,102944946366
68708061,103004984950
68748088,103065024904
68788112,103125061076
68828136,103185097584
68868161,103245135318
68908190,103305178542
68948217,103365218524
68988268,103425296168
69028312,103485360982
69068343,103545408066
69108372,103605451518
69148403,103665498480
69188427,103725534086
69228454,103785574726
69268480,103845613366
69308506,103905652468
69348537,103965699030
69388561,104025734726
69428589,104085776964
69468625,104145831098
69508677,104205908902
69548714,104265963642
69588749,104326016266
69628770,104386048094
69668798,104446089706
69708825,104506131102
69748849,104566167110
69788875,104626205486
69828901,104686244938
69868931,104746289574
69908956,104806327784
69948983,104866368446
69989035,104926445892
70029073,104986502130
70069105,105046551340
70109136,105106596626
70149167,105166644046
70189198,105226689702
70229233,105286743020
70269256,105346777844
70309285,105406820676
70349307,105466854406
70389333,105526893044
70429361,105586934718
70469400,105646992850
70509450,105707068546
70549473,105767102576
70589504,105827149526
70629527,105887183504
70669561,105947234690
70709590,106007277816
70749614,106067314442
70789642,106127356718
70829665,106187391034
70869687,106247424594
70909713,106307463434
70949735,106367495950
70989787,106427574266
71029832,106487640968
71069862,106547687098
71109897,106607738566
71149934,106667794238
71189959,106727831760
71229988,106787875864
71270008,106847905798
71310038,106907950620
71350066,106967992722
71390095,107028035328
71430120,107088072890
71470157,107148129688
71510210,107208208060
71550241,107268254504
71590266,107328292740
71630291,107388330959
71670316,107448367404
71710343,107508407390
71750374,107568454494
71790401,107628494878
71830429,107688536204
71870459,107748581262
71910484,107808619144
71950507,107868654268
71990557,107928729490
72030600,107988794168
72070634,108048845124
72110664,108108889494
72150690,108168928822
72190724,108228978874
72230757,108289028674
72270783,108349068016
72310812,108409112018
72350842,108469156918
72390868,108529194856
72430892,108589230808
72470930,108649287880
72510980,108709363396
72551016,108769417928
72582040,108815953770
72622069,108875997444
72662099,108936042404
72702130,108996087528
72742154,109056124316
72782178,109116160120
72822210,109176208536
72862238,109236251086
72902259,109296281524
72942288,109356325230
72982331,109416390100
73022381,109476464486
73062417,109536518278
73102452,109596571756
73142483,109656617694
73182508,109716654944
73222532,109776691726
73262560,109836733680
73302588,109896775612
73342621,109956824918
73382646,110016862538
73422670,110076898992
73462704,110136949424
73502753,110197022342
73542790,110257078728
73582820,110317122946
73622850,110377169202
73662873,110437203148
73702900,110497243700
73742924,110557279104
73782952,110617320992
73822975,110677356268
73863004,110737398926
73903029,110797436630
73943062,110857487116
73983109,110917556640
74023157,110977629174
74063186,111037672910
74103214,111097714098
74143244,111157759704
74183268,111217794794
74223291,111277829950
74263315,111337865272
74303338,111397899974
74343364,111457938652
74383391,111517979380
74423418,111578020246
74463457,111638078966
74503508,111698155566
74543545,111758211208
74583578,111818260458
74623610,111878308192
74663633,111938342382
74703663,111998388240
74743687,112058423576
74783716,112118467098
74823743,112178508288
74863767,112238543134
74903793,112298582124
74943819,112358621618
74983863,112418687922
75023910,112478758570
75063944,112538809404
75103974,112598854558
75144008,112658904848
75184042,112718955412
75224074,112779004162
75264103,112839048286
75304135,112899095176
75344164,112959138432
75384193,113019183311
75424222,113079227206
75464258,113139280192
75504311,113199359250
75544351,113259418998
75584385,113319470902
75624424,113379529016
75664461,113439584254
75704490,113499627580
75744515,113559666002
75784538,113619700456
75824571,113679750184
75864601,113739795476
75904624,113799829416
75944654,113859874394
75984703,113919948442
76024752,113980021174
76064780,114040063248
76104811,114100109556
76144846,114160162014
76184880,114220213984
76224906,114280252332
76264936,114340297238
76304959,114400331978
76344984,114460369552
76385012,114520410788
76425042,114580456480
76465070,114640498808
76505120,114700574082
76545158,114760630766
76585184,114820669476
76625219,114880721326
76665252,114940771562
76705281,115000814712
76745311,115060859844
76785344,115120908952
76825369,115180946288
76865401,115240995702
76905433,115301043232
76945459,115361082396
76985503,115421147650
77025553,115481222560
77055899,115526741740
77095606,115586302420
77135639,115646352716
77175670,115706399238
77215696,115766437342
77255718,115826470484
77295745,115886510604
77335769,115946547084
77375793,116006582494
77415815,116066615250
77455844,116126659408
77495895,116186736002
77535943,116246808404
77575972,116306850992
77615999,116366892712
77656020,116426923760
77696045,116486960820
77736067,116546993462
77776098,116607040176
77816126,116667081826
77856144,116727109518
77896166,116787143192
77936196,116847187776
77976236,116907247100
78016286,116967322158
78056320,117027372972
78096347,117087414600
78136378,117147460888
78176405,117207500926
78216427,117267533576
78256452,117327571376
78296481,117387614406
78336513,117447663790
78376543,117507707736
78416574,117567754892
78456606,117627802530
78496657,117687879144
78536702,117747946556
78576731,117807990352
78616757,117868029144
78656782,117928066094
78696807,117988104738
78736833,118048143540
78776865,118108191102
78816890,118168228474
78856914,118228263754
78896950,118288319034
78936979,118348361650
78977017,118408418398
79017066,118468492482
79057100,118528543394
79097126,118588583258
79137157,118648628314
79177189,118708676384
79217212,118768711866
79257236,118828748142
79297261,118888785674
79337292,118948831508
79377317,119008869688
79417349,119068916296
79457379,119128961588
79497428,119189035658
79537472,119249102100
79577501,119309145152
79617529,119369186668
79657560,119429232780
79697598,119489290826
79737638,119549351380
79777664,119609389504
79817695,119669435352
79857724,119729480294
79897752,119789521314
79937780,119849564134
79977815,119909616024
80017866,119969692504
80057904,120029749784
80097941,120089804820
80137969,120149847754
80177997,120209888268
80218021,120269925616
80258050,120329968428
80298080,120390013486
80338116,120450067078
80378153,120510123270
80418188,120570174898
80458215,120630215624
80498268,120690295528
80538312,120750362120
80578337,120810398406
80618365,120870441622
80658390,120930479064
80698413,120990513604
80738447,121050564102
80778468,121110595860
80818500,121170644158
80858530,121230689002
80898558,121290730052
80938587,121350773462
80978625,121410831714
81018677,121470908324
81058714,121530963792
81098749,121591017410
81138782,121651065944
81178811,121711109612
81218838,121771150516
81258865,121831191210
81298895,121891236344
81338923,121951278448
81378954,122011323852
81418981,122071365290
81459007,122131404690
81499060,122191483314
81539108,122251555750
81579131,122311590066
81619157,122371628266
81659185,122431671160
81699211,122491709632
81739235,122551745788
81779264,122611789348
81819291,122671830640
81859318,122731869964
81899341,122791904930
81939372,122851950780
81979409,122912007616
82019458,122972081052
82059488,123032126094
82099516,123092167310
82139547,123152213602
82179577,123212258466
82219608,123272305054
82259640,123332353300
82299666,123392393154
82339687,123452423566
82379716,123512467096
82419742,123572507098
82459766,123632541940
82499816,123692617262
82539862,123752687182
82579888,123812725540
82619914,123872764752
82659941,123932804584
82699960,123992833252
82739984,124052870324
82780010,124112909206
82820038,124172949960
82860065,124232991790
82900091,124293030482
82940116,124353066750
82980153,124413123006
83020202,124473196494
83060233,124533243140
83100264,124593289508
83140292,124653332162
83180320,124713374158
83220351,124773420218
83260373,124833452882
83300392,124893482006
83340418,124953520898
83380449,125013567632
83420481,125073615292
83460513,125133663342
83500563,125193739158
83540608,125253804832
83580636,125313847124
83620673,125373902550
83660704,125433949738
83700727,125493983182
83740757,125554029084
83780789,125614076944
83820820,125674123324
83860843,125734157604
83900861,125794184560
83940894,125854234822
83980932,125914291340
84020982,125974366214
84061018,126034420606
84101049,126094466168
84141078,126154510228
84181099,126214542606
84221123,126274577598
84261143,126334608178
84301172,126394651722
84341199,126454692030
84381230,126514738978
84421265,126574790454
84461291,126634829762
84501337,126694899674
84541383,126754967380
84581406,126815002536
84621428,126875035632
84661457,126935079608
84701488,126995125560
84741523,127055177652
84781553,127115223562
84821583,127175268176
84861609,127235307562
84901637,127295349068
84941667,127355394078
84981707,127415454718
85021759,127475531570
85061795,127535586502
85092822,127582125786
85132853,127642172536
85172880,127702212536
85212905,127762250060
85252933,127822292608
85292965,127882340074
85332995,127942386420
85373022,128002426546
85413056,128062477430
85453085,128122520046
85493131,128182590398
85533180,128242663030
85573205,128302701158
85613235,128362746288
85653265,128422790694
85693296,128482837256
85733324,128542880446
85773352,128602921246
85813378,128662960258
85853403,128722998130
85893432,128783040336
85933460,128843083030
85973493,128903132586
86013544,128963208888
86053585,129023270670
86093613,129083313444
86133642,129143356500
86173673,129203403466
86213700,129263443444
86253728,129323485072
86293754,129383523594
86333781,129443564832
86373809,129503606718
86413832,129563641976
86453861,129623684328
86493911,129683760002
86533961,129743835200
86573990,129803877680
86614026,129863931892
86654052,129923970836
86694077,129984008462
86734099,130044042608
86774127,130104084220
86814149,130164117168
86854177,130224158200
86894204,130284198716
86934230,130344237740
86974261,130404285512
87014313,130464362808
87054354,130524424684
87094385,130584471390
87134418,130644520732
87174452,130704571476
87214478,130764610268
87254508,130824655124
87294537,130884699534
87334568,130944745700
87374599,131004791808
87414633,131064842528
87454663,131124888054
87494710,131184958358
87534761,131245035248
87574787,131305074632
87614819,131365122214
87654847,131425163840
87694877,131485209262
87734909,131545256648
87774937,131605299104
87814961,131665335458
87855000,131725393858
87895032,131785441414
87935056,131845478206
87975089,131905527356
88015141,131965604722
88055181,132025665504
88095212,132085711252
88135245,132145760232
88175276,132205807282
88215300,132265843146
88255323,132325878162
88295348,132385916214
88335377,132445959272
88375405,132506000954
88415432,132566041888
88455461,132626084350
88495506,132686152040
88535556,132746226974
88565904,132791749590
88605608,132851305494
88645639,132911351878
88685670,132971398054
88725698,133031440980
88765729,133091487300
88805757,133151529242
88845788,133211576190
88885814,133271615106
88925841,133331655182
88965871,133391699826
89005924,133451778936
89045973,133511852890
89086006,133571902054
89126038,133631950792
89166072,133692000932
89206103,133752047500
89246132,133812092016
89286159,133872131390
89326181,133932164848
89366210,133992208982
89406234,134052244494
89446256,134112277728
89486296,134172337506
89526348,134232415380
89566382,134292465660
89606414,134352514176
89646446,134412563006
89686477,134472609314
89726506,134532652490
89766541,134592705210
89806568,134652745736
89846592,134712781270
89886619,134772821258
89926650,134832868574
89966674,134892904386
90006725,134952981400
90046773,135013052888
90086802,135073095996
90126837,135133148438
90166864,135193189728
90206888,135253225698
90246916,135313267540
90286946,135373311992
90326974,135433354892
90366999,135493392248
90407022,135553426684
90447047,135613463414
90487083,135673518266
90527134,135733594878
90567173,135793653244
90607203,135853697238
90647238,135913750954
90687269,135973796710
90727290,136033828414
90767310,136093858314
90807334,136153894840
90847360,136213932808
90887395,136273985784
90927428,136334035650
90967455,136394075830
91007508,136454154766
91047552,136514221238
91087582,136574265660
91127615,136634316286
91167650,136694369200
91207687,136754423202
91247712,136814460862
91287737,136874499518
91327766,136934543026
91367794,136994584668
91407818,137054620254
91447848,137114665086
91487892,137174732324
91527944,137234809172
91567979,137294861382
91608005,137354901760
91648039,137414951452
91688071,137474999978
91728097,137535039514
91768121,137595075498
91808144,137655109826
91848171,137715150484
91888204,137775198906
91928231,137835240124
91968259,137895282522
92008310,137955358390
92048352,138015420988
92088386,138075472650
92128419,138135521784
92168447,138195563884
92208481,138255614482
92248508,138315655888
92288539,138375701636
92328567,138435743552
92368589,138495777270
92408621,138555825102
92448657,138615879276
92488695,138675936348
92528744,138736010628
92568776,138796056798
92608802,138856096338
92648826,138916132980
92688850,138976167844
92728875,139036206082
92768901,139096244842
92808930,139156288920
92848962,139216335708
92888994,139276384110
92929022,139336426752
92969056,139396476812
93009108,139456556016
93049158,139516629720
93089188,139576675382
93129212,139636711126
93169245,139696760726
93209270,139756798040
93249296,139816837108
93289317,139876869300
93329345,139936911604
93369374,139996953802
93409402,140056996158
93449427,140117034366
93489471,140177100532
93529521,140237175686
93569554,140297224476
93609583,140357267300
93649615,140417315480
93689647,140477364556
93729678,140537411016
93769711,140597461206
93809738,140657501086
93849765,140717541348
93889789,140777576560
93929816,140837617580
93969840,140897652982
94009891,140957729376
94049937,141017798966
94089968,141077844888
94129998,141137890902
94170028,141197934864
94210054,141257974500
94250083,141318017336
94290106,141378053572
94330131,141438089620
94370161,141498134164
94410192,141558180576
94450219,141618221280
94490256,141678277838
94530307,141738354336
94570350,141798418096
94610374,141858454762
94650397,141918489270
94690430,141978537818
94730464,142038588960
94770495,142098635988
94810527,142158683808
94850550,142218718948
94890584,142278769472
94930617,142338819178
94970643,142398857786
95010694,142458934870
95050744,142519009558
95090772,142579051314
95130804,142639098814
95170835,142699145174
95210862,142759186442
95250886,142819221584
95290913,142879262174
95330945,142939310924
95370975,142999355216
95411000,143059393600
95451032,143119441062
95491069,143179497210
95531120,143239573316
95571150,143299617836
95611171,143359650498
95651198,143419690532
95691235,143479745178
95731266,143539791796
95771292,143599831270
95811324,143659878986
95851353,143719923384
95891375,143779956006
95931405,143840000546
95971426,143900032230
96011478,143960109680
96051521,144020174978
96091549,144080216600
96131582,144140266136
96171609,144200306478
96211644,144260359210
96251672,144320400758
96291696,144380437268
96331720,144440473666
96371750,144500518954
96411780,144560563676
96451804,144620599070
96491846,144680661852
96531896,144740736950
96571930,144800787544
96611961,144860834906
96651985,144920870210
96692010,144980908090
96732039,145040952392
96772078,145101010378
96812111,145161060436
96852142,145221106656
96892180,145281163116
96932213,145341212966
96972240,145401253878
97012290,145461328350
97052337,145521398472
97083358,145567930668
97123382,145627966996
97163412,145688011958
97203436,145748047838
97243461,145808085604
97283486,145868122068
97323521,145928174860
97363551,145988220414
97403578,146048261194
97443600,146108292960
97483638,146168351002
97523688,146228425612
97563727,146288483662
97603757,146348529596
97643785,146408571120
97683820,146468623126
97723855,146528675628
97763885,146588721464
97803914,146648764432
97843936,146708798162
97883961,146768834502
97923989,146828877650
97964020,146888923230
98004067,146948994746
98044117,147009068514
98084155,147069126002
98124195,147129185644
98164233,147189243844
98204265,147249290940
98244294,147309334348
98284324,147369380044
98324349,147429417348
98364377,147489459376
98404405,147549501220
98444434,147609544198
98484474,147669605176
98524524,147729679566
98564564,147789738982
98604595,147849786060
98644629,147909837310
98684666,147969892500
98724707,148029953964
98764742,148090006318
98804783,148150067774
98844817,148210119542
98884847,148270163886
98924875,148330205902
98964909,148390257512
99004957,148450328576
99045008,148510405356
99085036,148570448172
99125073,148630502322
99165104,148690549244
99205139,148750601334
99245163,148810638378
99285194,148870685096
99325225,148930730788
99365253,148990773116
99405278,149050810504
99445300,149110844190
99485337,149170898690
99525389,149230976414
99565425,149291030864
99605452,149351071418
99645481,149411115542
99685507,149471154248
99725534,149531194884
99765565,149591241822
99805588,149651275514
99845613,149711312878
99885637,149771349112
99925670,149831397854
99965699,149891442272
100005747,149951513272
100045794,150011584342
100085831,150071640238
100125862,150131686434
100165898,150191740422
100205937,150251798608
100245965,150311840476
100285994,150371885500
100326022,150431927162
100366046,150491962172
100406080,150552013342
100446111,150612060158
100486150,150672118148
100526201,150732195026
100566243,150792257374
100606271,150852300116
100646304,150912349642
100686335,150972396046
100726367,151032443428
100766398,151092491190
100806424,151152529542
100846455,151212575868
100886488,151272625902
100926514,151332663722
100966539,151392701872
101006585,151452770294
101046636,151512848060
101086667,151572894282
101126699,151632942386
101166733,151692993054
101206769,151753046786
101246801,151813095466
101286840,151873153154
101326875,151933205542
101366910,151993258224
101406948,152053315352
101446987,152113373338
101487029,152173437026
101527079,152233512504
101567118,152293570310
101607146,152353611886
101647180,152413664078
101687210,152473708446
101727243,152533757560
101767266,152593793210
101807294,152653833930
101847317,152713868096
101887344,152773909588
101927366,152833942774
101967392,152893981276
102007437,152954049296
102047486,153014121936
102077810,153059608220
102117535,153119196366
102157559,153179232690
102197592,153239281702
102237617,153299319300
102277654,153359373742
102317688,153419425912
102357711,153479460372
102397735,153539496482
102437764,153599539272
102477793,153659583318
102517844,153719660032
102557889,153779726462
102597914,153839764632
102637939,153899801388
102677965,153959841380
102717990,154019878262
102758015,154079916272
102798048,154139964732
102838080,154200013284
102878113,154260063186
102918148,154320115494
102958178,154380161148
102998221,154440225554
103038270,154500299044
103078310,154560358052
103118334,154620394252
103158368,154680445014
103198392,154740481438
103238416,154800517892
103278442,154860556434
103318470,154920599472
103358493,154980633390
103398521,155040675284
103438551,155100720494
103478581,155160765374
103518630,155220838330
103558673,155280902136
103598702,155340946410
103638730,155400988744
103678756,155461027320
103718780,155521063372
103758810,155581108736
103798838,155641150418
103838868,155701195418
103878895,155761235782
103918930,155821288830
103958959,155881331584
103998999,155941391726
104039046,156001462814
104079078,156061510660
104119111,156121559998
104159141,156181605306
104199174,156241655282
104239203,156301697548
104279229,156361737618
104319253,156421772356
104359280,156481814044
104399309,156541857286
104439346,156601913034
104479380,156661963214
104519431,156722040406
104559472,156782101996
104599503,156842148556
104639525,156902180282
104679549,156962217642
104719575,157022256518
104759599,157082291490
104799632,157142341110
104839665,157202391332
104879704,157262449214
104919732,157322491566
104959762,157382536150
104999803,157442598688
105039856,157502677082
105079895,157562736670
105119924,157622779802
105159952,157682821098
105199983,157742867906
105240010,157802908950
105280037,157862949132
105320059,157922982184
105360085,157983021234
105400114,158043064110
105440144,158103109762
105480183,158163168618
105520234,158223244898
105560277,158283309166
105600313,158343362380
105640348,158403415264
105680387,158463473796
105720426,158523532400
105760460,158583583632
105800486,158643622258
105840513,158703662490
105880542,158763706018
105920568,158823746016
105960598,158883790182
106000639,158943852010
106040691,159003930046
106080723,159063977812
106120751,159124019950
106160792,159184081188
106200834,159244144082
106240872,159304201168
106280909,159364256276
106320935,159424295602
106360958,159484330622
106400978,159544361026
106441007,159604404290
106481035,159664445974
106521086,159724522294
106561130,159784588468
106601154,159844624276
106641175,159904656110
106681208,159964705860
106721241,160024755560
106761269,160084797394
106801299,160144842002
106841329,160204887616
106881360,160264932884
106921388,160324975926
106961414,160385015120
107001453,160445072888
107041506,160505151768
107081541,160565205552
107121569,160625247130
107161600,160685294082
107201632,160745341666
107241657,160805378712
107281684,160865419478
107321716,160925467906
107361745,160985511614
107401775,161045556564
107441805,161105601258
107481840,161165653480
107521891,161225730186
107561942,161285805942
107601973,161345852178
107642002,161405896092
107682031,161465939868
107722073,161526002996
107762109,161586056642
107802146,161646112628
107842184,161706169596
107882214,161766214494
107922237,161826249342
107962263,161886288784
108002309,161946357008
108042360,162006433234
108082390,162066479102
108122425,162126530290
108162451,162186570558
108202484,162246620248
108242513,162306663650
108282538,162366701020
108322566,162426741936
108362596,162486787944
108402622,162546827020
108442647,162606864546
108482677,162666909298
108522729,162726986572
108562770,162787048964
108602797,162847089376
108642825,162907130516
108682856,162967177210
108722886,163027221776
108762909,163087256580
108802934,163147295180
108842959,163207332812
108882982,163267366988
108923008,163327405224
108963033,163387443252
109003078,163447509770
109043128,163507585868
109083161,163567635548
109123192,163627681776
109163224,163687729528
109203256,163747777124
109243287,163807823958
109283316,163867867568
109323350,163927918784
109363382,163987967276
109403405,164048001338
109443430,164108038530
109483460,164168083296
109523512,164228160860
109563553,164288223712
109603588,164348275782
109643622,164408325816
109683649,164468366544
109723671,164528399486
109763700,164588443588
109803726,164648482336
109843751,164708519594
109883774,164768553660
109923802,164828596288
109963826,164888632518
110003872,164948701900
110043923,165008777950
110083962,165068836220
110123999,165128893044
110164033,165188943282
110204067,165248993816
110244102,165309046418
110284130,165369088532
110324159,165429131764
110364187,165489174080
110404220,165549222898
110444253,165609272516
110484289,165669326524
110524342,165729406276
110564386,165789471940
110604420,165849523438
110644452,165909571182
110684483,165969617480
110724511,166029660142
110764544,166089709214
110804567,166149744024
110844591,166209779548
110884619,166269822660
110924649,166329866580
110964686,166389922896
111004731,166449989534
111044782,166510066698
111084821,166570125228
111124850,166630168876
111164876,166690207388
111204906,166750252898
111244926,166810282552
111284954,166870323886
111324982,166930366424
111365006,166990402930
111405034,167050443740
111445060,167110483340
111485092,167170532224
111525144,167230609906
111565192,167290681726
111605223,167350727664
111645248,167410764918
111685272,167470800946
111725301,167530844756
111765328,167590884860
111805360,167650933704
111845386,167710973020
111885416,167771016954
111925447,167831064338
111965473,167891102154
112005514,167951163970
112045565,168011240808
112085594,168071285002
112125627,168131333290
112165656,168191376738
112205684,168251419840
112245707,168311454268
112285734,168371494874
112325755,168431526532
112365791,168491579332
112405829,168551637266
112445867,168611694296
112485906,168671753072
112525961,168731834654
112566006,168791901892
112606042,168851955692
112646079,168912012116
112686113,168972062784
112726147,169032113644
112766171,169092149532
112806193,169152183686
112846216,169212216940
112886238,169272250238
112926261,169332284288
112966292,169392331248
113006335,169452395490
113046388,169512474890
113086414,169572514228
113126452,169632571290
113166491,169692629976
113206533,169752692958
113246571,169812749390
113286598,169872789750
113326622,169932827248
113366647,169992864168
113406680,170052913602
113446708,170112955522
113486737,170172998668
113526787,170233074392
113566830,170293139098
113606858,170353180248
113646887,170413223716
113686924,170473279334
113726957,170533328736
113766982,170593367120
113807007,170653403202
113847030,170713439070
113887051,170773469352
113927083,170833517110
113967107,170893553304
114007147,170953614296
114047199,171013691746
114087235,171073745402
114127269,171133797360
114167307,171193854336
114207343,171253907678
114247370,171313948380
114287396,171373987206
114327427,171434033604
114367454,171494074876
114407483,171554118304
114447510,171614158068
114487541,171674204474
114527590,171734278856
114567633,171794343464
114607663,171854387804
114647684,171914418878
114687715,171974465652
114727746,172034512864
114767778,172094559816
114807807,172154603368
114847832,172214641878
114887856,172274677414
114927885,172334721282
114967914,172394764080
115007953,172454823742
115048006,172514902092
115088039,172574952476
115128066,172634992034
115168093,172695032830
115208126,172755083048
115248151,172815120144
115288175,172875156558
115328201,172935194316
115368230,172995237734
115408250,173055268634
115448277,173115308854
115488307,173175354850
115528358,173235430760
115568405,173295501692
115608436,173355546988
115648464,173415589022
115688490,173475628456
115728516,173535667660
115768542,173595707166
115808570,173655748646
115848605,173715801508
115888639,173775852480
115928666,173835892656
115968693,173895932626
116008731,173955989926
116048783,174016068428
116088812,174076111086
116119832,174122641442
116159860,174182683328
116199893,174242732468
116239919,174302772604
116279943,174362807926
116319969,174422847522
116359999,174482892366
116400025,174542930608
116440052,174602971432
116480077,174663009470
116520128,174723086142
116560178,174783160660
116600201,174843194286
116640225,174903231312
116680251,174963269220
116720274,175023305100
116760300,175083343688
116800330,175143388612
116840360,175203432964
116880380,175263463774
116920405,175323500508
116960431,175383539522
117000469,175443597326
117040520,175503673954
117080556,175563727376
117120588,175623775306
117160621,175683825300
117200648,175743866064
117240679,175803912164
117280707,175863953318
117320730,175923988986
117360755,175984025552
117400781,176044064268
117440814,176104115000
117480847,176164164154
117520897,176224239220
117560948,176284315206
117600980,176344363262
117641009,176404407194
117681037,176464449258
117721066,176524492114
117761091,176584530150
117801121,176644574648
117841145,176704611310
117881171,176764650376
117921194,176824684896
117961219,176884722684
118001255,176944775362
118041306,177004853214
118081340,177064903492
118121364,177124938798
118161397,177184988598
118201431,177245039290
118241463,177305088386
118281491,177365129266
118321513,177425163878
118361538,177485200490
118401563,177545237888
118441588,177605275854
118481619,177665322210
118521667,177725393824
118561711,177785460476
118601740,177845503666
118641763,177905537850
118681786,177965573022
118721820,178025623874
118761852,178085671396
118801875,178145706476
118841904,178205748746
118881927,178265784240
118921951,178325819990
118961978,178385860438
119002011,178445909832
119042059,178505981880
119082098,178566040304
119122124,178626078952
119162155,178686126212
119202183,178746167516
119242220,178806222368
119282250,178866267770
119322276,178926307102
119362304,178986349424
119402330,179046388366
119442353,179106422100
119482380,179166463792
119522430,179226537920
119562478,179286610702
119602513,179346662434
119642551,179406719680
119682583,179466768304
119722611,179526809274
119762638,179586850104
119802662,179646886954
119842688,179706925614
119882716,179766966682
119922745,179827011314
119962782,179887066930
120002821,179947125014
120042872,180007202026
120082914,180067263990
120122952,180127321636
120162990,180187378278
120203024,180247429140
120243055,180307475628
120283093,180367532640
120323132,180427591764
120363171,180487650286
120403209,180547706866
120443245,180607761632
120483278,180667810164
120523329,180727886698
120563380,180787962618
120603405,180848000716
120643436,180908047318
120683474,180968104860
120715509,180971452160
120755560,180971572005
120795611,180971690449
120835661,180971807570
120875713,180971927219
120915764,180972045757
120955816,180972168089
120995869,180972295139
121035928,180972449449
121075987,180972603285
121116045,180972754031
121156105,180972911020
TS,1
38648,30954835
78709,30965023
118772,30975211
158833,30985399
198895,30995587
238957,31005775
279020,31015963
319081,31026151
359143,31036339
399205,31046527
439268,31056715
479329,31066903
518389,34255988
558437,38545781
598490,44996141
638542,51407903
678596,57810340
718646,63536759
758698,69568740
798751,75911890
838805,82228827
878857,88521655
918893,94875549
958928,101223357
990943,106217427
1029990,112481733
1070018,118335908
1110049,123659313
1150072,129119613
1190096,135455397
1230127,141786154
1270150,147846683
1310176,153526838
1350201,159839970
1390226,166134757
1430274,171773849
1470318,177561571
1501339,181532235
1541372,188542847
1581395,195090282
1621432,200965265
1661468,206412833
1701504,212983799
1741528,219408894
1781552,224635119
1821579,230997318
1861608,237130330
1901641,242181338
1941695,247894872
1981738,254376668
2021774,261475332
2061807,267767103
2101836,274097901
2141866,280865113
2181898,285171949
2221929,291708672
2261968,298263470
2302008,305060601
2342041,312158685
2382064,317808941
2422107,323918932
2462156,330159653
2502181,335393671
2542208,341668876
2582232,346711203
2622258,352077522
2662279,358035812
2702303,363840919
2742324,369136934
2782360,375675249
2822389,382092536
2862412,387833269
2902438,393866134
2942492,400227646
2982537,406589357
3022563,413044332
3062589,419298352
3102613,425023738
3142641,431089814
3182666,436982687
3222696,443169860
3262721,449037393
3302749,454429859
3342773,460917290
3382799,467323318
3422842,472963756
3462890,479066073
3502915,485456812
3542949,491894013
3582983,498281283
3623014,505279810
3663035,510903369
3703063,517139800
3743085,523274471
3783110,529074755
3823148,534429895
3863179,540277595
3903207,546245109
3943257,551850840
3983297,557888991
4023327,564371300
4063358,570783762
4103387,577378232
4143416,584120386
4183447,590777648
4223475,597215280
4263510,603483981
4303541,609749500
4343567,614553322
4383596,620991835
4423641,626351947
4463694,632705399
4494011,636673021
4533745,643085288
4573771,649169054
4613793,654824611
4653820,660930344
4693849,667265289
4733872,672991669
4773899,678778664
4813930,684271254
4853958,690020991
4893990,695849648
4934041,701169339
4974090,707553510
5014121,713326767
5054145,719457218
5094167,725818244
5134201,732078862
5174224,737438956
5214249,743790367
5254274,749998573
5294299,755361326
5334330,761698088
5374351,767689962
5414390,773920796
5454440,779540191
5494478,785125850
5534509,791744055
5574536,798133039
5614562,804050169
5654584,809826557
5694610,816153535
5734636,822040370
5774662,827178188
5814681,833070633
5854707,839020911
5894733,844128061
5934786,850355248
5974833,856581746
6014861,862499472
6054896,867967610
6094932,874473534
6134958,880885816
6174979,887255665
6215008,892778863
6255034,898803837
6295055,904780511
6335080,910529625
6375106,916739739
6415144,922919008
6455195,929155573
6495231,935458701
6535261,942355957
6575294,946644368
6615327,953177699
6655362,959733233
6695400,966378965
6735431,972673056
6775457,979081530
6815477,985423442
6855507,991782509
6895530,998092814
6935582,1004348722
6975626,1010586595
7015659,1016935379
7055689,1023199774
7095722,1028029933
7135755,1034497648
7175789,1040974434
7215816,1047423638
7255845,1053894429
7295875,1060343113
7335910,1066800406
7375939,1073209717
7415985,1079555355
7456031,1085799123
7496068,1092032350
7536096,1098202151
7576120,1103379572
7616148,1109098609
7656174,1113407275
7696211,1120143050
7736238,1126371856
7776262,1132777306
7816288,1139244777
7856324,1145682283
7896355,1152261298
7936403,1158434607
7976446,1164711750
8016475,1171083001
8056502,1177317051
8096537,1183536331
8136560,1189376480
8176583,1194586530
8216611,1200398015
8256635,1206470624
8296659,1212860927
8336686,1219224799
8376712,1225095206
8416749,1231106065
8456800,1237263471
8496831,1243569967
8536856,1249667038
8576883,1255053003
8616917,1261337428
8656944,1267566518
8696971,1273306730
8736997,1278624897
8777033,1285159442
8817070,1291687657
8857105,1298136068
8897135,1304560595
8937183,1310890975
8977228,1316970884
9017261,1323302574
9057287,1328881327
9097314,1335203008
9137340,1341480241
9177372,1347757023
9217406,1354142378
9257437,1359170178
9297466,1365345065
9337490,1371741794
9377519,1378120641
9417560,1383558934
9457610,1389781146
9497646,1396095075
9537674,1402517257
9577705,1408219702
9617730,1414076361
9657751,1420324023
9697782,1426601194
9737815,1432890848
9777846,1439317066
9817869,1444096023
9857899,1450657923
9897935,1457767604
9937987,1463709751
9978036,1470019647
10018068,1476927546
10058097,1483789776
10098125,1489534180
10138148,1495510224
10178169,1501783548
10218191,1508038204
10258223,1514247844
10298250,1520234120
10338284,1525303609
10378318,1531838700
10418360,1538321164
10458410,1544145043
10498450,1550503624
10538481,1557309696
10578515,1564113750
10618541,1570538100
10658571,1576901664
10698599,1583238378
10738627,1589471224
10778651,1595652284
10818674,1601799228
10858697,1606689963
10898729,1612740040
10938779,1618538273
10978827,1624865845
11018849,1630255133
11058882,1636522720
11098905,1641833308
11138927,1648156418
11178956,1654419352
11218980,1660703079
11259011,1666352798
11299033,1672153015
11339063,1678331565
11379088,1684247870
11419125,1689328095
11459176,1694673478
11499211,1700434117
11539240,1706570048
11579267,1712910279
11619293,1719313620
11659318,1725714957
11699344,1732010482
11739366,1737496735
11779395,1743473604
11819422,1749800013
11859447,1755587329
11899475,1761159374
11939526,1767363519
11979573,1772145222
12019607,1778621666
12059635,1784856383
12099658,1790679289
12139685,1796824302
12179711,1803242089
12219738,1809627772
12259770,1816034612
12299808,1822445907
12339847,1829422433
12379875,1836138006
12419911,1841412462
12459961,1847483161
12499998,1853211124
12540029,1858121661
12580061,1864205392
12620090,1870552013
12660119,1876936619
12700142,1883298320
12740170,1889669389
12780199,1894977596
12820227,1901343420
12860259,1908334546
12900299,1915090726
12940349,1921331916
12980395,1927432157
13011416,1931787607
13051442,1937386400
13091474,1943027838
13131504,1950447140
13171537,1956982716
13211572,1963447042
13251603,1969925528
13291631,1976357651
13331657,1982582788
13371685,1987754240
13411724,1993947582
13451772,1999417424
13491809,2005386062
13531837,2011661249
13571868,2017588449
13611902,2022816882
13651927,2028125890
13691951,2033318423
13731976,2039627577
13772000,2045704544
13812024,2051310840
13852054,2057533549
13892079,2062854951
13932124,2069133720
13972176,2075415420
14012203,2081744368
14052229,2087980398
14092252,2093655977
14132277,2099879542
14172306,2104197307
14212330,2109492530
14252357,2115419279
14292379,2121007948
14332410,2126926828
14372433,2132761919
14412468,2139062023
14452516,2144590445
14492551,2150562264
14532583,2156898298
14572609,2162877374
14612630,2168290950
14652659,2174466098
14692685,2180659210
14732711,2185521288
14772737,2191644035
14812759,2197921838
14852791,2204229325
14892818,2210287195
14932868,2216698526
14972920,2223048064
15012957,2229413698
15052991,2235370515
15093012,2240948122
15133034,2247185163
15173070,2253447264
15213102,2259721915
15253135,2266180398
15293156,2270880910
15333184,2277342426
15373214,2283805134
15413241,2289995781
15453293,2295523693
15493332,2301814525
15533354,2307716401
15573376,2313561147
15613399,2319843676
15653427,2326168349
15693462,2332833343
15733493,2339782872
15773519,2345628930
15813546,2350819375
15853572,2356206299
15893602,2362721645
15933645,2369112879
15973697,2375278297
16013722,2381009713
16053755,2388332033
16093783,2394758047
16133816,2401059641
16173840,2406316530
16213868,2412580119
16253900,2418884701
16293931,2425686434
16333957,2431949334
16373986,2436405919
16414026,2443158085
16454077,2449278258
16494117,2455700615
16534146,2462142080
16574178,2468330222
16614200,2473751435
16654234,2479295295
16694257,2485192406
16734289,2491436111
16774314,2497645103
16814336,2503859914
16854357,2509654870
16894382,2514889125
16934428,2520197786
16974483,2526608354
17004869,2530636942
17044533,2535930190
17084560,2542260666
17124592,2548622956
17164620,2554461612
17204641,2560255440
17244665,2566565475
17284692,2572583800
17324723,2579092917
17364763,2585412708
17404798,2591738313
17444848,2597489641
17484888,2602803148
17524918,2608420432
17564945,2614693008
17604977,2621103854
17645012,2627511968
17685037,2633835334
17725057,2639130639
17765085,2645337837
17805112,2650568956
17845138,2656818237
17885167,2663001788
17925206,2668372409
17965257,2674358280
18005291,2680131817
18045317,2685526658
18085347,2691230653
18125374,2697364523
18165396,2703754858
18205426,2710122203
18245451,2715410713
18285476,2721668354
18325499,2726828476
18365525,2731913240
18405547,2738148851
18445598,2744115025
18485644,2749931910
18525673,2756148731
18565703,2762758491
18605727,2767197553
18645755,2773866419
18685792,2780762210
18725825,2787662582
18765856,2793888280
18805880,2799768775
18845908,2805698131
18885937,2811990379
18925977,2817719614
18966027,2823455648
19006052,2829665053
19046080,2835938294
19086105,2841819441
19126131,2846860486
19166154,2852269399
19206181,2858703444
19246216,2865234057
19286248,2871732818
19326278,2878214624
19366310,2884642059
19406339,2890901824
19446390,2897172014
19486437,2903453774
19526466,2909839259
19566500,2916176883
19606528,2922438491
19646558,2928258021
19686592,2933624988
19726625,2940096355
19766652,2946219130
19806677,2951825483
19846709,2958318254
19886747,2965134444
19926787,2971639480
19966835,2977477614
20006875,2983940437
20046911,2991220245
20086945,2997553849
20126974,3003856294
20167004,3009649480
20207036,3015009511
20247077,3021572957
20287116,3028349427
20327147,3035651671
20367174,3041786039
20407200,3047402147
20447248,3053704865
20487293,3060002913
20527320,3066241890
20567344,3072404343
20607373,3078835817
20647405,3085189480
20687438,3092066612
20727471,3096358155
20767505,3102870962
20807533,3109409727
20847560,3115778984
20887589,3121890961
20927626,3127516882
20967677,3133734049
21007713,3139378654
21047742,3145481600
21087769,3151646013
21127800,3157859118
21167829,3164168154
21207863,3170462586
21247896,3176294557
21287928,3181702055
21327966,3188263769
21368006,3195302984
21408046,3202330927
21448099,3208429005
21488147,3214518261
21528184,3221569329
21568218,3227945569
21608245,3234082327
21648266,3239463922
21688294,3245741624
21728327,3252398693
21768358,3258863854
21808387,3263817668
21848412,3270202159
21888431,3276197697
21928470,3282573928
21968518,3288950660
22008558,3295399515
22048596,3301994382
22088625,3308973296
22128650,3314681998
22168672,3320730825
22208697,3325874090
22248728,3332186375
22288759,3338746673
22328789,3344345328
22368816,3349711117
22408841,3356085779
22448896,3362033250
22488942,3368193274
22528968,3374657249
22568991,3380633283
22609022,3386927309
22649046,3392192680
22689076,3398378748
22729100,3404402731
22769125,3410222660
22809151,3416020526
22849177,3422223346
22889204,3427077313
22929242,3432606716
22969294,3438903111
23009331,3445350392
23049367,3451910048
23089406,3459046750
23129440,3465444201
23169461,3471067835
23209488,3477244620
23249513,3482479875
23289540,3488735737
23329569,3494977082
23369596,3501133183
23409623,3506932624
23449674,3511269351
23489716,3517602533
23529738,3524073538
23569766,3529428308
23609794,3535811765
23649823,3542132277
23689845,3548468565
23729867,3554492521
23769895,3559913045
23809919,3566228838
23849942,3572506565
23889972,3578793870
23930015,3585029682
23970070,3589812937
24010106,3595629313
24050142,3602861893
24090173,3609399738
24130207,3615912157
24170237,3622409524
24210269,3629646029
24250306,3636248379
24290333,3642538665
24330364,3648897891
24370394,3655258624
24410424,3661601492
24450474,3667801361
24490522,3673592823
24530552,3678950195
24570576,3684921073
24610600,3690766778
24650631,3696837224
24690656,3701874137
24730684,3707615297
24770708,3713969105
24810738,3720257904
24850764,3726660934
24890797,3732883721
24930835,3738640644
24970883,3744275798
25010914,3750349011
25041937,3754941747
25081970,3759298204
25122000,3765756960
25162027,3772214057
25202058,3778667561
25242091,3784748690
25282118,3790199615
25322145,3795472167
25362172,3801682297
25402196,3806801922
25442241,3813056354
25482293,3818785282
25522313,3824492535
25562346,3830683948
25602369,3836437109
25642399,3841742311
25682433,3847995419
25722468,3854127674
25762497,3860161761
25802523,3866572094
25842552,3872986855
25882584,3879324756
25922619,3885684737
25962671,3891951946
26002716,3898257584
26042749,3904614894
26082781,3910924206
26122812,3917415078
26162847,3923061985
26202881,3928879409
26242918,3936147015
26282952,3942674654
26322980,3949037671
26363000,3954438137
26403022,3960628797
26443072,3966929057
26483119,3972225413
26523140,3978474009
26563164,3984681828
26603198,3990852390
26643223,3996417036
26683250,4002443638
26723274,4007236168
26763307,4013742962
26803341,4020264219
26843370,4026861907
26883392,4033130308
26923427,4039451168
26963480,4045661883
27003512,4051069533
27043536,4057316590
27083568,4062565746
27123594,4068721552
27163620,4074673856
27203648,4080005303
27243672,4085787326
27283698,4091113394
27323736,4097612909
27363767,4103914096
27403797,4110144445
27443845,4115990006
27483894,4122216022
27523921,4128584922
27563947,4134876390
27603975,4140082908
27644002,4145897897
27684030,4151922289
27724054,4157690079
27764083,4163900232
27804115,4169735286
27844145,4174878070
27884179,4181570851
27924218,4187082706
27964268,4193266761
28004305,4199700053
28044334,4206095904
28084365,4211461550
28124394,4217684491
28164418,4223847043
28204445,4229109952
28244480,4235893690
28284504,4241678170
28324526,4247895515
28364558,4253394581
28404594,4259236669
28444640,4265594979
28484689,4271692122
28515005,4276076474
28554741,4282884780
28594766,4288948147
28634789,4295263204
28674818,4301501326
28714846,4307215538
28754871,4312909598
28794900,4319166846
28834927,4325453850
28874952,4331541228
28914977,4336504211
28955029,4341910692
28995078,4348371871
29035111,4354902001
29075145,4361482044
29115178,4368669416
29155205,4375281616
29195236,4381686033
29235263,4388036048
29275295,4394405241
29315328,4400765013
29355355,4407452081
29395387,4414140971
29435428,4419142278
29475480,4424556080
29515520,4431087705
29555559,4438095480
29595590,4445142017
29635622,4451596113
29675653,4458053575
29715684,4464491477
29755718,4471633002
29795752,4478263413
29835784,4484598246
29875821,4490892874
29915857,4497651315
29955908,4501906549
29995951,4507876943
30035988,4514939183
30076018,4521444383
30116047,4527882658
30156072,4534282002
30196096,4540652441
30236118,4546995496
30276140,4553315192
30316163,4559386642
30356186,4564845040
30396209,4570957847
30436252,4576982576
30476304,4581941227
30516335,4587316418
30556366,4594040696
30596394,4601490719
30636425,4607981610
30676459,4614469642
30716493,4620927037
30756531,4627522011
30796570,4634744012
30836609,4641080110
30876636,4646764116
30916663,4652519748
30956713,4658695440
30996760,4664453442
31036793,4669845195
31076821,4675278299
31116846,4681720002
31156873,4688169348
31196896,4694602257
31236919,4700879834
31276939,4706133153
31316969,4712043456
31356996,4717565398
31397020,4723755443
31437059,4729055346
31477111,4735215425
31517145,4741477145
31557178,4747211882
31597209,4752563574
31637238,4758730999
31677265,4764833260
31717294,4771410084
31757318,4777849181
31797344,4783754732
31837372,4790018444
31877398,4796331874
31917428,4802003387
31957478,4807816533
31997519,4814018453
32037547,4820284539
32077574,4825608145
32117605,4831284256
32157631,4836702149
32197656,4843169950
32237682,4849563388
32277716,4855733062
32317740,4861243551
32357771,4867709160
32397805,4874632990
32437847,4881145605
32477899,4886924813
32517935,4893937122
32557974,4900506130
32598009,4906833640
32638033,4912663437
32678063,4918079637
32718088,4924589611
32758117,4931062976
32798139,4937469054
32838167,4943854864
32878199,4950197672
32918220,4956025179
32958270,4961779430
32998312,4968015175
33038339,4974370295
33078368,4980642650
33118402,4986908749
33158436,4993674993
33198457,4998018357
33238481,5003933184
33278501,5009881569
33318531,5016135604
33358564,5021524758
33398601,5027830741
33438638,5033486256
33478690,5039413690
33518717,5045690517
33558740,5051759227
33598766,5057595352
33638796,5063811291
33678822,5069677262
33718854,5075825868
33758879,5080767293
33798908,5087266942
33838931,5093280075
33878951,5099126370
33918977,5105529994
33959030,5111878192
33999077,5118267329
34039109,5124759004
34079137,5131025043
34119161,5136568447
34159188,5142467243
34199221,5148671708
34239250,5154833545
34279278,5160640982
34319308,5165818196
34359336,5172391770
34399366,5179026045
34439411,5185074227
34479464,5190810661
34519498,5197227390
34559527,5203920108
34599560,5211089752
34639594,5217494111
34679633,5223871469
34719668,5230740430
34759695,5237048264
34799720,5243292562
34839745,5248389581
34879775,5254889359
34919797,5260935615
34959847,5267011144
34999892,5273395710
35039923,5279865318
35079964,5286281284
35119999,5292669714
35160032,5299483192
35200052,5305318529
35240076,5311557721
35280097,5317659917
35320122,5322827576
35360151,5328241099
35400178,5334135674
35440222,5340597840
35480274,5347011925
35520309,5353460931
35560340,5360007226
35600375,5366490700
35640414,5373393917
35680446,5379496435
35720467,5385373370
35760496,5390718663
35800519,5396728418
35840539,5402930212
35880571,5408746610
35920600,5414115747
35960650,5420560135
36000695,5426370712
36040720,5432360789
36080752,5438188603
36120773,5444012848
36160808,5450330103
36200834,5456599698
36240857,5462565168
36280883,5468871330
36320914,5475292167
36360946,5481808934
36400971,5488067343
36441014,5492852991
36481063,5498288873
36521093,5504465880
36552118,5509004677
36592145,5515050176
36632171,5521425863
36672201,5527803284
36712233,5534166221
36752260,5540496896
36792287,5546800726
36832308,5552604137
36872335,5558265478
36912366,5564564608
36952414,5570781158
36992465,5575566919
37032504,5582053437
37072540,5588609705
37112574,5595014737
37152593,5600350882
37192621,5606291248
37232644,5611883706
37272671,5617915745
37312700,5623359961
37352731,5630204289
37392756,5637075226
37432794,5643384443
37472845,5649589099
37512881,5655369115
37552916,5660275429
37592944,5666179134
37632972,5672578848
37672995,5678907048
37713017,5684282386
37753042,5690544547
37793065,5695818445
37833088,5702094536
37873118,5708316940
37913145,5713626293
37953191,5719883464
37993239,5726114477
38033269,5732428405
38073301,5739196733
38113325,5743629110
38153350,5750144174
38193381,5756499436
38233405,5761826539
38273431,5767492765
38313459,5773352161
38353487,5779211514
38393514,5784809612
38433550,5789980514
38473600,5796240261
38513639,5802492431
38553668,5808872341
38593698,5815173711
38633722,5822027519
38673754,5826697893
38713776,5832737783
38753803,5838026478
38793832,5844378033
38833856,5850224028
38873884,5856033477
38913907,5862329719
38953958,5868654056
38994009,5874611717
39034046,5881354958
39074078,5887724943
39114106,5894059114
39154136,5900264176
39194164,5906113203
39234194,5911527825
39274230,5918061052
39314262,5924568084
39354284,5930969015
39394315,5937315152
39434350,5943032816
39474399,5948936816
39514436,5955197927
39554461,5960976576
39594488,5966710739
39634509,5972930539
39674535,5979131906
39714561,5984408881
39754586,5989035407
39794616,5995476733
39834648,6001962732
39874683,6008168969
39914704,6014019541
39954751,6020085627
39994799,6026363089
40034826,6032361609
40074853,6037999916
40114882,6044294611
40154904,6050552139
40194927,6056298759
40234950,6061816341
40274978,6068073437
40315014,6072905193
40355044,6078313705
40395065,6084715409
40435096,6091092462
40475150,6096526399
40515181,6102751886
40555210,6109114741
40595246,6115522418
40635275,6121936158
40675308,6128319966
40715332,6134620078
40755352,6140817636
40795379,6146529211
40835404,6151606272
40875434,6156992929
40915459,6163492460
40955506,6169860685
40995555,6175184593
41025912,6180273858
41065610,6186731846
41105638,6193073283
41145662,6198833267
41185690,6204633743
41225717,6211014196
41265738,6217244555
41305768,6222730965
41345796,6229641184
41385824,6235435124
41425855,6239925273
41465906,6246233083
41505952,6252694265
41545979,6259246069
41586001,6265576246
41626033,6271040590
41666057,6277169417
41706082,6283416374
41746106,6288641485
41786129,6294933980
41826159,6301388776
41866191,6308572289
41906221,6314320214
41946266,6319588644
41986318,6324897121
42026342,6330764932
42066370,6336773020
42106398,6343061752
42146426,6348350706
42186453,6354694827
42226480,6360504170
42266502,6366157314
42306533,6372475472
42346565,6378795426
42386590,6385137187
42426617,6391301773
42466670,6396832184
42506708,6402248694
42546741,6407753433
42586768,6414115491
42626794,6420177220
42666818,6425840062
42706848,6432170517
42746874,6437456974
42786897,6443774086
42826921,6448935278
42866945,6455155304
42906971,6461044452
42947014,6466765166
42987065,6472858929
43027094,6479051856
43067131,6484952046
43107163,6490367888
43147198,6496849192
43187224,6503228026
43227257,6509725466
43267297,6516213667
43307331,6522674996
43347364,6529462648
43387394,6535963567
43427420,6541682006
43467470,6547900147
43507513,6553685632
43547535,6559306867
43587564,6564975064
43627589,6570324569
43667620,6576879479
43707648,6583412548
43747675,6588759028
43787701,6595063615
43827730,6601468576
43867762,6607908481
43907799,6614353552
43947847,6620617668
43987898,6626871921
44027927,6633015854
44067955,6638161606
44107982,6644312953
44148009,6649083114
44188041,6654575768
44228066,6660843578
44268091,6666145676
44308119,6671364718
44348142,6677748576
44388166,6684052136
44428199,6690460037
44468247,6696498022
44508286,6702173411
44548311,6708381758
44588336,6714615830
44628362,6719711272
44668390,6725917873
44708420,6731761702
44748449,6737184710
44788474,6743753006
44828500,6749987623
44868522,6755339686
44908548,6760951882
44948591,6766892964
44988643,6773229727
45028678,6779635691
45068711,6786035042
45108740,6792292116
45148767,6798553792
45188795,6804837771
45228826,6811347905
45268851,6817017983
45308884,6823560093
45348911,6830113914
45388944,6836632297
45428980,6843107615
45469030,6849456583
45509075,6855823295
45549107,6862254992
45589143,6868537669
45629168,6873943974
45669195,6879998894
45709223,6886112704
45749247,6891931470
45789277,6897152485
45829308,6902738439
45869340,6908991753
45909368,6915331600
45949410,6921129266
45989463,6927102390
46029500,6933896914
46069534,6941035260
46109569,6947443483
46149602,6953831017
46189638,6960201883
46229671,6967513365
46269707,6973843154
46309735,6979638290
46349765,6984799218
46389787,6990489566
46429819,6996795934
46469869,7003195189
46509912,7009117279
46549945,7016062945
46589982,7022520474
46630012,7028938896
46670043,7035232374
46710069,7041465170
46750092,7047540336
46790120,7052904372
46830146,7059068569
46870173,7063902135
46910207,7070440107
46950252,7076922072
46990304,7083338139
47030335,7089763446
47070369,7096230617
47110403,7102683549
47150430,7109024498
47190454,7115259020
47230480,7120626388
47270505,7126732660
47310536,7133066291
47350561,7139297245
47390591,7145095664
47430621,7150517732
47470674,7156967951
47510716,7163415428
47550749,7169884632
47590776,7176334629
47630803,7182683365
47670831,7188314502
47710852,7194277518
47750876,7200513258
47790905,7205983643
47830929,7211913120
47870955,7218064728
47910977,7223912926
47951019,7229082458
47991071,7234461594
48031102,7241009998
48071139,7248057262
48111170,7254999656
48151198,7261202034
48191225,7266804490
48231250,7273087980
48271282,7279400829
48311309,7285371509
48351331,7291193449
48391361,7296978332
48431394,7303264780
48471446,7309039001
48511489,7313783999
48551520,7319835575
48591549,7326280632
48631579,7332723214
48671608,7339162495
48711630,7345469392
48751658,7350767822
48791682,7357060088
48831707,7363343519
48871742,7369397186
48911767,7374835201
48951809,7380995755
48991861,7386537066
49031888,7392802986
49071920,7397323564
49111952,7404325384
49151978,7410242779
49192002,7416088542
49232031,7421819150
49272053,7427758980
49312082,7433455041
49352107,7439486118
49392136,7445025009
49432163,7451130904
49472215,7457375189
49512261,7463645711
49552285,7470006373
49592314,7475797040
49632347,7481191852
49672382,7487657195
49712410,7494157237
49752439,7500646274
49792468,7507053289
49832497,7513406628
49872528,7519128804
49912552,7525015531
49952596,7531221431
49992648,7537136012
50032679,7543414104
50072707,7549408829
50112738,7555396381
50152769,7560689726
50192792,7566543474
50232819,7572555026
50272842,7578395266
50312870,7584712482
50352902,7591456036
50392923,7597485639
50432949,7603810544
50472999,7610108696
50513043,7616429242
50553077,7622848983
50593113,7629189226
50633145,7636223451
50673176,7641545595
50713209,7647788546
50753244,7654315492
50793271,7660839085
50833300,7667349153
50873324,7673712004
50913353,7679557608
50953393,7685256321
50993446,7691142591
51033476,7696931855
51073505,7703086065
51113537,7709281147
51153560,7715454582
51193582,7721123443
51233617,7726525914
51273648,7731942605
51313681,7738515123
51353707,7745227204
51393736,7751306234
51433761,7757605211
51473811,7763750506
51513855,7769256806
51553888,7775648323
51593921,7782270547
51633943,7788226572
51673970,7793556375
51713996,7799474415
51754023,7805213467
51794055,7810548608
51834076,7815928406
51874100,7822398555
51914131,7828853427
51954173,7835255998
51994224,7841593692
52034256,7847929650
52074282,7853271673
52114315,7859591816
52154343,7865807681
52194370,7872082287
52234401,7878418950
52274430,7884964685
52314461,7890562143
52354484,7895908571
52394512,7902361117
52434542,7908782957
52474587,7914183669
52514632,7920445851
52554660,7926319676
52594680,7932095052
52634707,7938417247
52674740,7944673372
52714764,7950866138
52754786,7956282507
52794809,7962395947
52834843,7968573798
52874869,7973400518
52914902,7979939717
52954940,7986462155
52994994,7992874862
53035023,7999324022
53066044,8003658259
53106072,8009548704
53146100,8015348919
53186124,8021078431
53226148,8027355582
53266176,8033620478
53306201,8038833973
53346222,8044951752
53386254,8050988603
53426279,8055990545
53466322,8061370971
53506371,8067814195
53546405,8074310881
53586437,8080681909
53626471,8086815148
53666496,8092764908
53706516,8098711997
53746542,8104135135
53786567,8110132579
53826593,8116378525
53866624,8122527144
53906651,8128207457
53946679,8133972177
53986730,8138743073
54026765,8145094202
54066795,8150541139
54106824,8156887623
54146847,8162222215
54186874,8168453379
54226901,8174209124
54266925,8180055801
54306953,8185460961
54346979,8191503526
54387005,8197137164
54427027,8202773970
54467074,8209026752
54507126,8215136840
54547154,8220624609
54587182,8226367803
54627204,8232786621
54667225,8238388565
54707254,8244733606
54747276,8250439355
54787301,8256370574
54827331,8262657980
54867353,8267945966
54907379,8274179053
54947409,8280058509
54987460,8285901396
55027501,8292726542
55067533,8299258832
55107569,8304103307
55147597,8310579799
55187636,8317136383
55227661,8323551258
55267689,8329497802
55307712,8335247825
55347736,8340966678
55387763,8346749221
55427788,8353019509
55467832,8358628725
55507878,8364406994
55547911,8370649915
55587935,8376304726
55627958,8382414963
55667990,8388009780
55708023,8393443886
55748050,8399815832
55788075,8406157549
55828099,8411575150
55868129,8417904260
55908156,8423352071
55948187,8429436108
55988238,8435670911
56028270,8441132961
56068295,8447100046
56108326,8452969698
56148346,8458511635
56188370,8464615049
56228397,8469478418
56268422,8475936712
56308455,8482437476
56348489,8488896547
56388517,8495358784
56428547,8501844399
56468591,8508234874
56508637,8514463442
56548660,8519776439
56588691,8526064007
56628718,8531627296
56668740,8537471488
56708770,8543663222
56748798,8549379688
56788825,8554707176
56828860,8561262239
56868899,8567810607
56908936,8574335746
56948976,8580914903
56989029,8587159316
57029067,8593475163
57069096,8599859195
57109129,8606161025
57149154,8612233622
57189183,8618729609
57229212,8625042275
57269240,8630388069
57309270,8636045909
57349304,8641496534
57389335,8647938862
57429357,8654272922
57469402,8660246530
57509449,8666082436
57549484,8672747937
57589510,8678738302
57629537,8685052542
57669564,8690921831
57709587,8696439020
57749616,8702658674
57789639,8708035788
57829666,8714544374
57869699,8718862188
57909729,8725302206
57949760,8731210114
57989809,8737015944
58029846,8742708859
58069871,8748677656
58109906,8754519203
58149931,8760246638
58189957,8766513908
58229981,8772849509
58270005,8779146022
58310040,8785064613
58350070,8791320979
58390099,8797335350
58430124,8801585784
58470172,8808061647
58510222,8814500734
58550258,8820690573
58590283,8826720118
58630306,8832711591
58670329,8838996406
58710357,8844966646
58750377,8850561281
58790402,8856770026
58830433,8863021370
58870468,8869356421
58910498,8875646036
58950536,8881441354
58990586,8886762430
59030626,8893248061
59070657,8899820661
59110685,8905505670
59150711,8911438646
59190741,8916935071
59230768,8922929140
59270794,8928106833
59310816,8933242327
59350845,8939444770
59390876,8945789179
59430903,8951988536
59470948,8957590579
59511000,8963653559
59541326,8968023355
59581052,8974589785
59621087,8981119844
59661125,8987637815
59701165,8994135708
59741204,9001128890
59781234,9008036413
59821258,9013313709
59861289,9019714131
59901326,9027031436
59941359,9033427025
59981408,9039636971
60021453,9045426578
60061483,9050823528
60101516,9057365831
60141547,9063861318
60181577,9070293426
60221600,9075627568
60261627,9081901518
60301654,9087154717
60341682,9093252573
60381705,9098546871
60421730,9104731061
60461767,9110032726
60501818,9116061611
60541846,9121548231
60581868,9128001664
60621900,9132267467
60661935,9138786296
60701970,9145224601
60741995,9151523099
60782031,9158162321
60822066,9164646867
60862095,9171055776
60902122,9177408174
60942151,9183692782
60982201,9189959035
61022242,9196254392
61062271,9202524853
61102305,9207630091
61142333,9213457734
61182360,9218926650
61222383,9225394592
61262410,9231310092
61302438,9237191833
61342461,9243514873
61382493,9249911808
61422524,9256353530
61462561,9262669110
61502612,9268934265
61542651,9275263711
61582686,9281836597
61622720,9288925054
61662752,9294778412
61702775,9300169332
61742809,9306740989
61782835,9313281919
61822858,9319653265
61862891,9325882369
61902921,9331345314
61942947,9337728598
61982998,9344021967
62023040,9350270000
62063067,9356378260
62103093,9361750184
62143127,9367897346
62183153,9373531706
62223179,9378922209
62263204,9384213295
62303235,9389942258
62343262,9396052938
62383286,9402398318
62423318,9408602058
62463352,9414024144
62503402,9420334328
62543427,9426418837
62583459,9433007411
62623490,9439324440
62663519,9445682024
62703546,9451971494
62743575,9457961846
62783600,9462968880
62823630,9469495788
62863653,9474856545
62903680,9480237263
62943708,9486088213
62983756,9491938228
63023798,9497967806
63063823,9504314936
63103852,9510719614
63143882,9516338434
63183906,9522071165
63223934,9528342393
63263958,9534559932
63303981,9540385015
63344006,9545647144
63384035,9552158368
63424057,9557541161
63464096,9563876063
63504146,9569648089
63544177,9575604121
63584203,9582066811
63624227,9588343981
63664252,9593509113
63704278,9599689161
63744308,9604834383
63784335,9610963235
63824362,9616087223
63864384,9622238409
63904412,9627103281
63944435,9632837443
63984482,9638887289
64024522,9645248763
64064552,9650759921
64104582,9657457536
64144613,9664054725
64184639,9669981377
64224666,9676074823
64264691,9681843428
64304718,9687745925
64344744,9693745196
64384770,9699918354
64424795,9705563010
64464834,9710953987
64504883,9716370462
64544914,9722867357
64584951,9729618204
64624978,9736274171
64665006,9742730648
64705037,9748606726
64745062,9754613897
64785087,9760113264
64825111,9766322437
64865139,9771859503
64905164,9777682653
64945191,9783834466
64985237,9789546236
65025279,9793821690
65065311,9800366336
65105342,9806896863
65145371,9813367641
65185402,9820010535
65225427,9826190906
65265452,9832472865
65305481,9837776868
65345506,9843964318
65385536,9850322053
65425568,9856885446
65465601,9862884920
65505654,9868546537
65545681,9873755267
65585703,9879159529
65625733,9885581805
65665761,9891993839
65705789,9898041318
65745818,9904868296
65785841,9910565996
65825860,9916546525
65865889,9922643566
65905913,9927920953
65945938,9934166556
65985989,9940417379
66026034,9946684415
66066072,9953047383
66106104,9957904928
66146130,9964345757
66186154,9970717786
66226177,9976090567
66266207,9982434264
66306243,9988874397
66346275,9995227576
66386299,10000947234
66426320,10006830792
66466355,10013031190
66506405,10018219886
66546438,10024414230
66586465,10029884199
66626495,10035730445
66666520,10040522303
66706545,10046506863
66746573,10052313900
66786597,10058695368
66826627,10064564399
66866650,10070394708
66906675,10076696342
66946699,10083046353
66986751,10088929211
67026787,10094605837
67066819,10100898247
67106851,10107078996
67146876,10113071962
67186898,10118726256
67226923,10124378050
67266957,10130736853
67306985,10137025707
67347009,10142675592
67387041,10149098216
67427072,10154820270
67467106,10160675918
67507157,10166079821
67547183,10172131789
67587206,10178137252
67627237,10184253884
67667267,10191011933
67707295,10197252376
67747320,10203006030
67787346,10207569882
67827373,10213771131
67867403,10220249740
67907426,10226134439
67947457,10231962167
67987507,10238213713
68027546,10244360836
68067569,10249870064
68107598,10256041705
68147625,10261238391
68187649,10267433442
68227676,10272600516
68267709,10279010001
68307739,10285622447
68347763,10289942342
68387794,10296460661
68427826,10302995958
68467869,10309458936
68507919,10315795886
68547951,10322178634
68587983,10328597681
68628013,10334449631
68668036,10340143587
68708062,10346014554
68748089,10351470565
68788113,10357288846
68828137,10362741583
68868162,10368528857
68908191,10373844158
68948218,10380321375
68988270,10386369101
69028313,10392685758
69068344,10399454346
69108373,10405037402
69148404,10411276571
69188428,10416818878
69228455,10422812723
69268481,10428528527
69308507,10434170495
69348538,10440283556
69388562,10445700120
69428590,10452152648
69468626,10456629247
69508678,10463077689
69548714,10469588862
69588750,10476144520
69628771,10482579116
69668798,10488916634
69708826,10495217289
69748850,10500761142
69788876,10506696153
69828902,10512091603
69868932,10518134154
69908957,10524280225
69948984,10529398725
69989036,10535146319
70029073,10540456977
70069106,10546840645
70109137,10552545524
70149168,10558776909
70189199,10565257775
70229234,10571994809
70269257,10578024000
70309286,10584083580
70349308,10589503714
70389334,10595715474
70429362,10601763873
70469401,10607519515
70509451,10613329153
70549474,10619152066
70589505,10624682318
70629528,10631095188
70669562,10637483485
70709591,10643686362
70749615,10649684005
70789643,10655650151
70829666,10661959668
70869688,10668178077
70909714,10673364661
70949736,10679617117
70989788,10685863801
71029833,10692121894
71069863,10699022873
71109898,10703314796
71149935,10709234429
71189960,10714981889
71229989,10721215586
71270009,10726721885
71310039,10732155527
71350067,10738616709
71390095,10744717617
71430121,10751034244
71470158,10757281421
71510211,10763413784
71550242,10768583358
71590267,10774842754
71630293,10780987652
71670317,10785913529
71710344,10791894918
71750375,10798189860
71790402,10804178284
71830429,10809408021
71870459,10815640697
71910485,10820962154
71950508,10826566773
71990558,10832498425
72030602,10838922365
72070636,10846126219
72110665,10852532883
72150691,10858753926
72190725,10864547733
72230758,10869617129
72270784,10875678941
72310813,10882215876
72350843,10888240295
72390869,10894568463
72430893,10899820320
72470931,10906105718
72510981,10912414783
72551017,10918791218
72582041,10923880349
72622070,10930145878
72662100,10936455242
72702130,10942768143
72742155,10948602234
72782179,10953988968
72822211,10960504147
72862239,10966384585
72902260,10972120738
72942289,10977550845
72982332,10983735773
73022382,10990099301
73062417,10996535091
73102453,11003674940
73142484,11010297462
73182509,11016038534
73222533,11021762068
73262561,11027846971
73302589,11032716867
73342622,11039036555
73382647,11044558170
73422671,11050951763
73462705,11056604588
73502754,11062513112
73542791,11068858242
73582821,11075311022
73622852,11081608167
73662874,11086765687
73702901,11092984897
73742925,11098175298
73782953,11103538565
73822976,11109294249
73863005,11114611647
73903030,11120558372
73943063,11127075953
73983110,11133519762
74023158,11139699184
74063187,11145531938
74103215,11151677719
74143245,11157675354
74183269,11163143410
74223292,11168269431
74263315,11173583133
74303339,11179585644
74343364,11185838826
74383391,11192066717
74423419,11197888424
74463458,11203333037
74503509,11209775842
74543546,11216285243
74583579,11222822836
74623611,11229228829
74663633,11235533529
74703664,11240811678
74743688,11247090986
74783717,11253357200
74823744,11259104150
74863767,11264770718
74903793,11270957223
74943820,11277030539
74983864,11281949886
75023911,11287348440
75063945,11293838844
75103975,11300373742
75144008,11306835626
75184042,11313320747
75224075,11319923166
75264104,11327103208
75304135,11333474890
75344164,11339775214
75384194,11345930515
75424223,11351550284
75464259,11358324071
75504311,11363307011
75544351,11368752711
75584386,11375974722
75624425,11382905230
75664461,11389391837
75704490,11395775648
75744516,11402127807
75784539,11407465702
75824572,11414356202
75864602,11420608509
75904625,11426359310
75944655,11432618258
75984704,11438843716
76024753,11444607085
76064781,11450017866
76104812,11456537040
76144847,11463012545
76184881,11469481436
76224907,11475902603
76264937,11482245669
76304960,11488071133
76344985,11493911117
76385013,11500182695
76425043,11506413136
76465071,11512473303
76505121,11517838383
76545159,11523979888
76585185,11528870318
76625219,11535321067
76665253,11541781692
76705282,11547637949
76745312,11554161623
76785345,11560738521
76825370,11567098395
76865402,11573698567
76905434,11580250312
76945460,11586548133
76985504,11592189559
77025554,11597947344
77055900,11602709456
77095607,11608595718
77135641,11612907015
77175671,11619340288
77215697,11624678179
77255719,11630979775
77295746,11636245918
77335770,11641987761
77375794,11647360975
77415815,11652825465
77455845,11659149281
77495896,11665440636
77535944,11671725605
77575973,11678103872
77616000,11684162668
77656021,11689706708
77696046,11695392308
77736067,11700806529
77776099,11707221119
77816126,11713612747
77856146,11719312074
77896167,11725292882
77936197,11731639091
77976237,11737297319
78016287,11743142456
78056321,11749044196
78096348,11753729918
78136379,11759636334
78176406,11765811222
78216428,11771976448
78256453,11776828707
78296482,11782938643
78336514,11788714355
78376544,11795185245
78416575,11801799680
78456607,11808445626
78496658,11814318328
78536703,11819523282
78576732,11825825562
78616758,11831908664
78656783,11837461645
78696808,11843020544
78736834,11848544615
78776866,11854814351
78816891,11860080388
78856914,11866091305
78896951,11872540031
78936980,11879034661
78977018,11885310868
79017067,11890723252
79057101,11897022835
79097127,11903331495
79137158,11908560619
79177190,11914939835
79217213,11921208229
79257237,11927437763
79297262,11932838099
79337293,11939292987
79377318,11943534595
79417350,11949963102
79457380,11955390937
79497429,11961773934
79537473,11968129812
79577502,11973567077
79617530,11979915969
79657560,11986826992
79697599,11993698057
79737640,12000093933
79777665,12006408839
79817696,12012545541
79857726,12018410018
79897753,12023558261
79937782,12029301184
79977816,12035428851
80017867,12041827195
80057905,12048249937
80097942,12054596717
80137970,12060092621
80177997,12066308176
80218022,12072527180
80258051,12078891315
80298081,12085229886
80338117,12091585334
80378154,12098174032
80418189,12104762709
80458216,12108973305
80498269,12115412391
80538314,12121830397
80578338,12128142018
80618366,12134121580
80658391,12139979766
80698414,12146329863
80738448,12152188862
80778469,12157916268
80818501,12164111398
80858531,12170448603
80898559,12176731290
80938588,12183034927
80978627,12188844339
81018678,12194160393
81058715,12200617276
81098750,12207185266
81138783,12213628771
81178812,12220056726
81218839,12226457730
81258866,12232811991
81298896,12239227147
81338924,12245483262
81378955,12251770358
81418982,12257223453
81459008,12263220202
81499061,12269933647
81539109,12274209782
81579132,12280474305
81619157,12286063338
81659186,12292481058
81699212,12298836021
81739236,12304127713
81779265,12310457573
81819293,12316463685
81859319,12321867533
81899342,12326876847
81939372,12332235663
81979410,12338317461
82019459,12344419955
82059489,12349794352
82099517,12355515274
82139548,12360936966
82179578,12367465647
82219609,12373934310
82259641,12380290292
82299667,12386492282
82339688,12391926994
82379717,12398207717
82419744,12404414073
82459767,12409685251
82499817,12415948824
82539863,12422213020
82579889,12428453639
82619915,12434432587
82659942,12439539399
82699961,12444957669
82739985,12451348318
82780011,12457819327
82820039,12464155669
82860066,12469760314
82900092,12475861141
82940116,12481414380
82980154,12487324844
83020203,12493525791
83060234,12498882463
83100265,12504894896
83140293,12510783935
83180321,12516838266
83220352,12522220239
83260374,12527675508
83300393,12534094943
83340419,12540554554
83380451,12547012824
83420482,12553439339
83460514,12559907173
83500565,12566173956
83540608,12572450264
83580637,12578826647
83620674,12585139486
83660705,12591472966
83700727,12597731416
83740758,12603493747
83780790,12608890570
83820821,12615097608
83860844,12620771669
83900862,12627122481
83940895,12633422833
83980933,12638716879
84020983,12644997306
84061019,12651271655
84101050,12657414499
84141079,12663227341
84181100,12669146972
84221124,12675375691
84261144,12681587723
84301173,12686533766
84341200,12692884772
84381231,12699384713
84421266,12705812180
84461292,12711724277
84501338,12717493900
84541384,12723791290
84581407,12729825588
84621429,12735768553
84661458,12741789361
84701489,12748328763
84741524,12755427499
84781554,12761747756
84821584,12767587629
84861611,12773004035
84901638,12779577818
84941668,12786629728
84981708,12793211580
85021760,12799034271
85061796,12805371962
85092822,12810514792
85132854,12816973350
85172880,12822275917
85212905,12828221358
85252934,12834427081
85292965,12840660810
85332996,12846873887
85373023,12851738743
85413057,12858241710
85453085,12864770488
85493132,12871174161
85533181,12876665920
85573206,12882671811
85613236,12888560245
85653266,12894527280
85693297,12900848961
85733326,12907142367
85773353,12913347924
85813379,12919550842
85853404,12925393971
85893432,12931624758
85933461,12936787657
85973494,12942375204
86013545,12948807664
86053586,12955272474
86093614,12961317676
86133643,12966918001
86173674,12973190988
86213701,12978434357
86253729,12984614131
86293754,12990144347
86333782,12996136066
86373810,13002304459
86413833,13008489978
86453862,13014262388
86493912,13018600285
86533962,13024950417
86573990,13031436806
86614027,13038015883
86654053,13044448191
86694078,13050741353
86734100,13055946344
86774128,13062228876
86814150,13068081055
86854178,13074093984
86894204,13080098246
86934230,13086341137
86974262,13092555195
87014314,13098318631
87054355,13103695466
87094386,13110286085
87134419,13116777088
87174453,13123266844
87214479,13129727356
87254509,13136147721
87294538,13142582467
87334569,13149815646
87374600,13156344931
87414634,13162676294
87454664,13168984965
87494711,13175179903
87534762,13180926509
87574788,13186314470
87614820,13192581061
87654848,13198229059
87694878,13204638517
87734910,13211010693
87774938,13217421690
87814962,13223787998
87855001,13230218753
87895033,13236613949
87935057,13242845518
87975090,13249085271
88015142,13255301938
88055182,13262131865
88095213,13266503615
88135245,13273026828
88175277,13279166449
88215301,13284838307
88255324,13291188123
88295349,13297506696
88335378,13303445601
88375406,13309630627
88415433,13316158959
88455462,13322886694
88495507,13328439601
88535557,13334372945
88565905,13339276228
88605609,13345023940
88645640,13349994013
88685671,13355815226
88725699,13362233088
88765730,13368661785
88805758,13375079159
88845789,13381164592
88885816,13386735249
88925842,13393080673
88965872,13399361397
89005925,13405573344
89045974,13411556809
89086007,13417841138
89126039,13424224529
89166073,13429228340
89206104,13434585633
89246133,13440956818
89286160,13446527469
89326182,13452622746
89366211,13457999672
89406235,13464277013
89446257,13470571085
89486297,13476886751
89526349,13482937076
89566382,13489527278
89606415,13495947383
89646447,13502275098
89686478,13508809100
89726507,13513378263
89766542,13519827721
89806569,13526232213
89846593,13532197732
89886619,13537915603
89926651,13544277444
89966675,13549798224
90006726,13555907126
90046774,13562237446
90086803,13568700274
90126838,13575486622
90166865,13581648324
90206889,13587454888
90246917,13593150010
90286947,13598468624
90326975,13604983782
90367000,13611447134
90407023,13617303408
90447048,13623201583
90487084,13629549966
90527135,13635888781
90567174,13642295864
90607203,13648676797
90647239,13654970856
90687270,13660888263
90727291,13666497791
90767311,13672642300
90807335,13678471005
90847361,13683893519
90887396,13690446846
90927429,13696916701
90967456,13703296326
91007508,13709181864
91047553,13714868220
91087583,13721281805
91127616,13727652143
91167651,13733984852
91207687,13740275026
91247712,13746495557
91287738,13751619721
91327767,13757838475
91367795,13762601549
91407819,13767952396
91447849,13774417691
91487894,13780789036
91527945,13786518315
91567980,13792500853
91608007,13798908464
91648039,13805354278
91688072,13812455853
91728098,13818000674
91768123,13824210075
91808145,13830296764
91848172,13835547895
91888204,13842406746
91928232,13847395261
91968260,13854340100
92008311,13859855278
92048353,13866146258
92088387,13872643789
92128420,13878964176
92168448,13885283815
92208482,13891637017
92248509,13897994893
92288540,13904372561
92328568,13910536516
92368590,13916765286
92408622,13922886957
92448658,13927903809
92488696,13933308013
92528746,13939721437
92568776,13944955932
92608803,13951375868
92648827,13957464986
92688851,13963025666
92728876,13968252314
92768902,13974083507
92808931,13979448699
92848962,13985724792
92888995,13992045999
92929023,13998386985
92969056,14005098042
93009109,14009892152
93049158,14015888619
93089189,14022076378
93129213,14027718126
93169246,14034062432
93209271,14040407157
93249297,14046367544
93289318,14052240243
93329346,14058347527
93369375,14064598644
93409403,14070969657
93449428,14076725586
93489472,14083188674
93529523,14089136586
93569555,14093587873
93609584,14099979008
93649616,14106458646
93689648,14112916063
93729679,14119390413
93769713,14125876657
93809739,14132694589
93849766,14138794963
93889790,14144835804
93929817,14151020717
93969841,14156232728
94009892,14162455295
94049938,14168682609
94089968,14174580554
94129999,14179981162
94170029,14186458662
94210055,14192896038
94250083,14198815515
94290108,14204578343
94330132,14210914548
94370161,14217202561
94410192,14223657915
94450219,14229917736
94490257,14235589522
94530308,14241432260
94570350,14247689362
94610375,14254488957
94650398,14258795458
94690430,14265294539
94730464,14271796866
94770496,14278201008
94810528,14283776623
94850551,14289807831
94890585,14296154512
94930618,14302580158
94970644,14308812988
95010695,14314660041
95050745,14320860479
95090773,14327377991
95130804,14332811152
95170835,14338602141
95210863,14343629207
95250886,14349293334
95290913,14355643150
95330946,14361624609
95370975,14367581300
95411001,14373833953
95451033,14380157428
95491070,14386334637
95531121,14391692211
95571150,14397917844
95611172,14404190102
95651199,14410459614
95691235,14416727186
95731266,14422312112
95771293,14428005356
95811325,14434576935
95851354,14441098595
95891376,14447525768
95931406,14453965792
95971427,14460343493
96011478,14466580286
96051522,14472255475
96091550,14478175711
96131583,14484363658
96171610,14489529548
96211645,14495710594
96251672,14502509143
96291697,14506781518
96331721,14512067451
96371751,14518498052
96411781,14523858003
96451805,14530191020
96491847,14536532026
96531897,14542845338
96571930,14549241830
96611962,14555708196
96651986,14561965185
96692011,14567810599
96732040,14574522594
96772079,14580849661
96812112,14586698290
96852143,14591994979
96892181,14598483690
96932214,14604271207
96972241,14611163189
97012291,14616783104
97052338,14623076224
97083359,14627565592
97123383,14633471637
97163413,14639597193
97203437,14645792078
97243462,14651041420
97283487,14656423110
97323522,14663319580
97363552,14669276411
97403579,14674355792
97443600,14680096684
97483639,14686470543
97523689,14692849826
97563728,14699297464
97603758,14705829618
97643786,14712280182
97683821,14718779806
97723856,14725416483
97763886,14731589202
97803915,14737536732
97843937,14743721331
97883962,14749963119
97923990,14755812709
97964021,14762393715
98004068,14768503687
98044118,14774203700
98084156,14780744794
98124196,14787726656
98164234,14794505949
98204266,14800994360
98244295,14807398370
98284325,14813772401
98324350,14820031641
98364378,14826255833
98404406,14833067293
98444435,14837372454
98484475,14843875504
98524525,14850304259
98564565,14856504228
98604596,14863256188
98644630,14869735897
98684667,14876189069
98724708,14882668539
98764743,14890009709
98804784,14896391472
98844819,14902745993
98884848,14909137726
98924876,14915868596
98964910,14920381510
99004958,14926634058
99045009,14933055684
99085037,14939548598
99125073,14946109135
99165105,14952500534
99205140,14959086191
99245164,14965105949
99285195,14970338648
99325226,14976601862
99365254,14982749814
99405279,14987944558
99445301,14994080403
99485338,14999817938
99525390,15004101795
99565426,15010509694
99605453,15016982750
99645482,15022605096
99685508,15028601891
99725535,15033901325
99765566,15040215133
99805589,15046518387
99845614,15052394639
99885638,15057989274
99925671,15064172927
99965700,15070521801
100005748,15076752124
100045795,15082538302
100085832,15087698079
100125863,15094486992
100165899,15100988801
100205938,15107473039
100245966,15113934544
100285996,15120406398
100326023,15126945779
100366047,15133030499
100406081,15139403487
100446112,15145749912
100486151,15152171491
100526202,15158291638
100566244,15164515614
100606272,15169496738
100646305,15176236912
100686336,15183621694
100726367,15190127939
100766399,15196593607
100806425,15203001743
100846456,15209309353
100886489,15214996624
100926514,15220800764
100966540,15226262974
101006586,15232199664
101046637,15238421084
101086668,15244724024
101126700,15250398821
101166734,15256159770
101206770,15263373308
101246802,15270215890
101286841,15276719152
101326876,15283198981
101366911,15290051592
101406949,15297073426
101446987,15303475158
101487030,15309819955
101527080,15316055274
101567119,15322329028
101607146,15329129599
101647181,15333454646
101687211,15339967669
101727244,15346370384
101767267,15351923329
101807295,15358044366
101847317,15363319820
101887345,15369585681
101927367,15375147315
101967393,15381096127
102007438,15387304046
102047486,15392525886
102077810,15397391580
102117536,15402947649
102157561,15408687149
102197593,15413727096
102237618,15419411030
102277654,15426381007
102317689,15432950523
102357712,15438342738
102397736,15444466018
102437765,15450008006
102477794,15456101050
102517845,15462411604
102557890,15468740023
102597915,15474785516
102637939,15480210042
102677966,15486418003
102717991,15491612156
102758016,15497383144
102798048,15502831888
102838081,15509933487
102878114,15516941396
102918149,15523409165
102958179,15529864079
102998222,15535889716
103038271,15541357242
103078311,15547380145
103118335,15552846054
103158369,15558480210
103198393,15564422295
103238417,15570364960
103278443,15576181924
103318472,15581376368
103358494,15587093815
103398522,15593168463
103438552,15599539771
103478582,15604947947
103518631,15611180921
103558673,15616434179
103598703,15622800598
103638731,15629101559
103678757,15634995535
103718781,15640522134
103758811,15646753929
103798839,15653088368
103838869,15659947650
103878896,15664256591
103918931,15671092435
103958960,15678074604
103999000,15684142679
104039047,15690149041
104079079,15696514092
104119112,15702968111
104159142,15709322399
104199175,15715585381
104239204,15721509027
104279230,15727074100
104319254,15733256612
104359281,15738847938
104399310,15744198821
104439347,15749769854
104479381,15756057269
104519432,15761892127
104559473,15767627918
104599504,15774034417
104639525,15779583278
104679550,15785686086
104719576,15791469035
104759599,15797087125
104799633,15803434974
104839666,15810028202
104879705,15817103662
104919733,15823380196
104959763,15828197430
104999804,15834378980
105039857,15840067097
105079896,15846484171
105119925,15852897979
105159953,15858611691
105199984,15864569211
105240011,15870861139
105280038,15876101195
105320060,15882229354
105360086,15887871257
105400115,15893590646
105440145,15899915018
105480184,15906227067
105520235,15910973048
105560278,15917434987
105600314,15924045831
105640349,15930741359
105680388,15938042031
105720427,15944537065
105760461,15950943577
105800487,15957280722
105840514,15963507077
105880543,15969762666
105920569,15975934219
105960599,15982128035
106000640,15987601103
106040692,15993368806
106080724,15998764943
106120752,16005262549
106160793,16011803497
106200835,16018318408
106240873,16024812459
106280910,16032095668
106320936,16038650779
106360959,16044371509
106400979,16050221706
106441008,16056440297
106481036,16062614322
106521087,16067954548
106561131,16073862295
106601155,16078959956
106641176,16085427680
106681209,16091925156
106721242,16098388175
106761270,16104894562
106801300,16111797198
106841330,16118797675
106881361,16125155338
106921389,16130391828
106961415,16136633210
107001454,16142798604
107041507,16148517770
107081542,16155165833
107121570,16159779834
107161601,16165547345
107201633,16171905904
107241658,16177219664
107281685,16182423237
107321717,16188844109
107361746,16195259550
107401776,16202135517
107441806,16209109729
107481841,16215497877
107521892,16221745915
107561943,16228001459
107601974,16234339231
107642003,16240126896
107682032,16245506147
107722074,16252071131
107762110,16258616258
107802147,16265175254
107842185,16272125333
107882215,16278441909
107922238,16284325684
107962264,16290525595
108002310,16296224260
108042361,16301992726
108082391,16308303035
108122426,16314921788
108162452,16321432589
108202486,16326166438
108242514,16332709653
108282539,16338697602
108322567,16344382675
108362597,16350978476
108402623,16357544490
108442648,16363176891
108482678,16369443077
108522730,16375711786
108562771,16381364913
108602798,16387765148
108642826,16394448891
108682857,16400939339
108722886,16406787274
108762910,16412224349
108802935,16418688077
108842961,16424789171
108882983,16430296282
108923009,16435506555
108963034,16441356574
109003079,16447134654
109043129,16453224109
109083162,16458593691
109123193,16464939562
109163225,16471313363
109203257,16478565902
109243288,16484830301
109283317,16489694529
109323351,16495970927
109363383,16501587883
109403406,16507972430
109443431,16514319324
109483461,16520238243
109523513,16526103740
109563554,16532391858
109603589,16539753041
109643622,16546229982
109683650,16552599913
109723672,16558845555
109763701,16565073035
109803727,16570777749
109843752,16575050235
109883774,16581455022
109923803,16586805659
109963827,16593121309
110003873,16599462003
110043924,16605182397
110083963,16612186257
110124001,16618781618
110164034,16625154190
110204068,16631532392
110244103,16638194705
110284131,16644527005
110324160,16650381165
110364188,16655762747
110404221,16661636785
110444254,16668177205
110484290,16675079344
110524343,16681090800
110564387,16687472915
110604421,16693886147
110644453,16700281688
110684484,16706946783
110724512,16714052036
110764545,16720099718
110804568,16725521798
110844592,16731663082
110884620,16737497883
110924650,16742922433
110964687,16749487207
111004732,16755962457
111044783,16762356704
111084822,16768797155
111124851,16775168544
111164877,16780467617
111204907,16786695665
111244927,16791865182
111284955,16798071816
111324983,16803582581
111365007,16809420527
111405034,16815569699
111445061,16820407951
111485093,16826938243
111525145,16833371947
111565193,16839801070
111605224,16845324230
111645249,16851434383
111685273,16856796395
111725302,16863323122
111765329,16870019188
111805361,16876882563
111845387,16883138209
111885417,16888349337
111925448,16894624626
111965473,16901460718
112005515,16905764193
112045566,16912136878
112085595,16917562303
112125628,16923934141
112165656,16930413292
112205685,16936153455
112245708,16941980106
112285735,16948199577
112325756,16953941241
112365792,16960683786
112405830,16967155197
112445868,16973494131
112485907,16979810162
112525962,16985576639
112566007,16990965915
112606042,16997557182
112646080,17004070751
112686114,17010482079
112726148,17016874461
112766172,17023203208
112806194,17028940804
112846217,17034718573
112886239,17040483113
112926262,17046169375
112966293,17052488908
113006336,17058729294
113046389,17065482251
113086415,17069748258
113126453,17076338758
113166492,17082894581
113206534,17089433946
113246572,17096293326
113286598,17102250142
113326623,17108583785
113366648,17114852982
113406681,17120069630
113446709,17126255997
113486738,17131417969
113526788,17137651778
113566831,17143890496
113606859,17149778360
113646888,17155172175
113686925,17161722761
113726958,17168169775
113766983,17174585370
113807008,17180919359
113847031,17186502681
113887052,17192510032
113927083,17198803926
113967107,17204059870
114007148,17210282610
114047200,17216521428
114087236,17222827297
114127270,17229179990
114167308,17234631332
114207344,17240508728
114247371,17246950667
114287397,17253374791
114327428,17259821775
114367455,17266208914
114407484,17272611420
114447511,17279009611
114487542,17285404590
114527591,17291500312
114567634,17296785318
114607664,17302993404
114647685,17308751808
114687716,17314967129
114727747,17319307358
114767778,17325792079
114807807,17332209025
114847833,17338689461
114887857,17345083611
114927886,17350504979
114967915,17356527810
115007954,17361764923
115048007,17367773360
115088040,17373320483
115128067,17379500859
115168094,17385631439
115208127,17391309300
115248152,17397483350
115288176,17401968553
115328201,17408309968
115368230,17414216903
115408251,17420162937
115448278,17426587142
115488309,17433120622
115528359,17439371313
115568406,17445719167
115608437,17452225165
115648465,17458287839
115688491,17464490614
115728517,17469649244
115768543,17474741421
115808571,17480511825
115848606,17485920981
115888640,17492424141
115928667,17498872065
115968694,17505256783
116008732,17511603136
116048784,17516945945
116088813,17523236343
116119833,17528035520
116159861,17533999669
116199894,17539809956
116239920,17546017436
116279944,17552133633
116319970,17557359149
116360000,17563118424
116400026,17568524753
116440053,17574964543
116480078,17580297217
116520129,17586695595
116560179,17593046653
116600201,17598893390
116640226,17604659896
116680251,17610331958
116720275,17616090842
116760301,17621762417
116800331,17627556505
116840361,17633780810
116880381,17639964198
116920406,17645776213
116960432,17651168148
117000470,17657686014
117040521,17664109378
117080557,17669739097
117120589,17675886243
117160622,17682355755
117200649,17688699512
117240680,17694958256
117280707,17700725630
117320731,17706445418
117360756,17712511237
117400781,17718866773
117440815,17725165201
117480848,17730014605
117520898,17736449106
117560949,17742431654
117600981,17749297082
117641010,17755936963
117681038,17762399028
117721067,17767722108
117761092,17773849325
117801122,17779940208
117841146,17785376937
117881172,17791599080
117921195,17796728736
117961220,17802954114
118001255,17809686991
118041308,17813942695
118081341,17819713184
118121364,17825860567
118161398,17832218291
118201431,17838634600
118241464,17845115204
118281491,17851255348
118321515,17856636015
118361539,17862857758
118401565,17868024067
118441589,17874284212
118481620,17880520541
118521668,17886562031
118561712,17892474986
118601741,17896945838
118641764,17903292615
118681787,17909764736
118721821,17916286980
118761853,17922903605
118801876,17929142396
118841904,17935448322
118881928,17941131298
118921952,17946942733
118961979,17953162397
119002012,17959401994
119042060,17964955832
119082099,17971132164
119122124,17976721053
119162156,17982097866
119202184,17988599445
119242220,17995060285
119282250,18001444228
119322277,18007822368
119362305,18013644583
119402331,18019486302
119442353,18025780283
119482381,18031605198
119522431,18037546787
119562479,18043534981
119602513,18050838799
119642552,18057748589
119682584,18062072097
119722612,18068593719
119762639,18075052272
119802663,18080821671
119842689,18086710114
119882716,18092456614
119922746,18099000480
119962783,18105829948
120002822,18112203084
120042873,18118476904
120082915,18124777172
120122953,18131161224
120162991,18137460783
120203025,18143319293
120243056,18148787114
120283094,18155950432
120323133,18162894153
120363172,18169406395
120403210,18175893012
120443246,18182856520
120483279,18189786700
120523330,18196083368
120563380,18201971056
120603406,18208321530
120643437,18214973844
120683475,18221283595
120715510,18221372605
120755561,18221382793
120795612,18221392981
120835662,18221403169
120875714,18221413357
120915765,18221423545
120955817,18221433733
120995870,18221443921
121035929,18221454109
121075988,18221464297
121116046,18221474485
121156106,18221484673
TS,2
38648,637
78710,677
118772,717
158834,757
198896,797
238958,837
279020,877
319082,917
359144,957
399206,997
439268,1037
479330,1077
518389,1118
558438,1158
598491,1198
638542,1238
678596,1278
718647,1318
758699,1358
798752,1398
838806,1438
878858,1478
918894,1518
958928,1558
990944,1590
1029991,1630
1070019,1670
1110050,1710
1150073,1750
1190097,1790
1230128,1830
1270151,1870
1310177,1910
1350202,1950
1390227,1990
1430275,2030
1470319,2070
1501339,2102
1541373,2142
1581396,2182
1621432,2222
1661469,2262
1701505,2302
1741529,2342
1781553,2382
1821580,2422
1861609,2462
1901642,2502
1941696,2542
1981738,2582
2021775,2623
2061807,2663
2101836,2703
2141867,2743
2181899,2783
2221930,2823
2261969,2863
2302008,2903
2342042,2943
2382064,2983
2422108,3023
2462157,3063
2502182,3104
2542209,3144
2582233,3184
2622259,3224
2662280,3264
2702303,3304
2742325,3344
2782360,3384
2822390,3424
2862412,3464
2902439,3504
2942493,3544
2982538,3584
3022564,3625
3062590,3665
3102614,3705
3142642,3745
3182666,3785
3222696,3825
3262722,3865
3302750,3905
3342774,3945
3382800,3985
3422842,4025
3462891,4065
3502916,4106
3542950,4146
3582984,4186
3623015,4226
3663036,4266
3703063,4306
3743085,4346
3783111,4386
3823149,4426
3863180,4466
3903208,4506
3943258,4546
3983298,4586
4023328,4627
4063358,4667
4103388,4707
4143417,4747
4183448,4787
4223476,4827
4263511,4867
4303541,4907
4343568,4947
4383597,4987
4423643,5027
4463695,5067
4494012,5098
4533746,5138
4573772,5178
4613794,5218
4653821,5258
4693850,5298
4733872,5338
4773899,5378
4813931,5418
4853959,5458
4893991,5498
4934042,5538
4974091,5578
5014121,5619
5054146,5659
5094168,5699
5134202,5739
5174225,5779
5214249,5819
5254275,5859
5294300,5899
5334331,5939
5374352,5979
5414390,6019
5454441,6059
5494479,6099
5534510,6140
5574537,6180
5614563,6220
5654585,6260
5694611,6300
5734636,6340
5774663,6380
5814682,6420
5854708,6460
5894734,6500
5934787,6540
5974833,6580
6014862,6621
6054897,6661
6094933,6701
6134959,6741
6174980,6781
6215008,6821
6255034,6861
6295056,6901
6335081,6941
6375106,6981
6415145,7021
6455196,7061
6495232,7101
6535262,7142
6575295,7182
6615328,7222
6655363,7262
6695401,7302
6735432,7342
6775458,7382
6815478,7422
6855507,7462
6895530,7502
6935582,7542
6975627,7582
7015660,7623
7055690,7663
7095722,7703
7135756,7743
7175790,7783
7215817,7823
7255846,7863
7295876,7903
7335911,7943
7375940,7983
7415986,8023
7456032,8063
7496069,8103
7536096,8144
7576121,8184
7616149,8224
7656175,8264
7696212,8304
7736239,8344
7776263,8384
7816289,8424
7856324,8464
7896355,8504
7936404,8544
7976447,8584
8016476,8625
8056503,8665
8096538,8705
8136561,8745
8176584,8785
8216612,8825
8256636,8865
8296660,8905
8336687,8945
8376712,8985
8416750,9025
8456801,9065
8496832,9105
8536857,9146
8576884,9186
8616918,9226
8656945,9266
8696971,9306
8736998,9346
8777033,9386
8817071,9426
8857105,9466
8897136,9506
8937184,9546
8977228,9586
9017261,9627
9057288,9667
9097314,9707
9137340,9747
9177373,9787
9217407,9827
9257437,9867
9297466,9907
9337491,9947
9377519,9987
9417561,10027
9457611,10067
9497646,10107
9537675,10148
9577705,10188
9617731,10228
9657752,10268
9697783,10308
9737815,10348
9777847,10388
9817870,10428
9857900,10468
9897936,10508
9937988,10548
9978037,10588
10018069,10629
10058097,10669
10098126,10709
10138149,10749
10178170,10789
10218192,10829
10258224,10869
10298251,10909
10338285,10949
10378319,10989
10418361,11029
10458411,11069
10498451,11109
10538482,11150
10578516,11190
10618542,11230
10658571,11270
10698600,11310
10738628,11350
10778652,11390
10818675,11430
10858698,11470
10898730,11510
10938780,11550
10978828,11590
11018850,11631
11058883,11671
11098905,11711
11138928,11751
11178957,11791
11218981,11831
11259011,11871
11299034,11911
11339063,11951
11379088,11991
11419125,12031
11459176,12071
11499212,12111
11539241,12152
11579269,12192
11619294,12232
11659319,12272
11699344,12312
11739367,12352
11779396,12392
11819423,12432
11859447,12472
11899476,12512
11939527,12552
11979573,12592
12019608,12633
12059636,12673
12099659,12713
12139686,12753
12179712,12793
12219738,12833
12259771,12873
12299808,12913
12339848,12953
12379876,12993
12419912,13033
12459962,13073
12499998,13113
12540030,13154
12580062,13194
12620090,13234
12660120,13274
12700143,13314
12740171,13354
12780200,13394
12820228,13434
12860259,13474
12900300,13514
12940350,13554
12980396,13594
13011417,13626
13051443,13666
13091475,13706
13131505,13746
13171538,13786
13211572,13826
13251604,13866
13291631,13906
13331658,13946
13371685,13986
13411724,14026
13451773,14066
13491810,14106
13531837,14147
13571869,14187
13611902,14227
13651927,14267
13691952,14307
13731976,14347
13772000,14387
13812025,14427
13852055,14467
13892080,14507
13932125,14547
13972177,14587
14012204,14628
14052230,14668
14092253,14708
14132277,14748
14172307,14788
14212331,14828
14252358,14868
14292379,14908
14332411,14948
14372434,14988
14412468,15028
14452517,15068
14492552,15108
14532583,15149
14572610,15189
14612630,15229
14652660,15269
14692686,15309
14732711,15349
14772737,15389
14812760,15429
14852792,15469
14892819,15509
14932868,15549
14972921,15589
15012958,15630
15052992,15670
15093012,15710
15133035,15750
15173071,15790
15213103,15830
15253135,15870
15293157,15910
15333185,15950
15373215,15990
15413242,16030
15453294,16070
15493332,16110
15533355,16151
15573377,16191
15613399,16231
15653428,16271
15693463,16311
15733494,16351
15773520,16391
15813547,16431
15853572,16471
15893603,16511
15933647,16551
15973698,16591
16013723,16632
16053755,16672
16093784,16712
16133817,16752
16173841,16792
16213868,16832
16253901,16872
16293931,16912
16333958,16952
16373986,16992
16414027,17032
16454078,17072
16494117,17112
16534147,17153
16574178,17193
16614201,17233
16654234,17273
16694258,17313
16734290,17353
16774314,17393
16814337,17433
16854358,17473
16894383,17513
16934429,17553
16974483,17593
17004869,17624
17044533,17664
17084561,17704
17124593,17744
17164621,17784
17204642,17824
17244666,17864
17284693,17904
17324724,17944
17364764,17984
17404798,18024
17444849,18064
17484889,18104
17524919,18145
17564946,18185
17604977,18225
17645013,18265
17685038,18305
17725058,18345
17765085,18385
17805113,18425
17845139,18465
17885168,18505
17925207,18545
17965258,18585
18005292,18625
18045318,18666
18085347,18706
18125375,18746
18165397,18786
18205427,18826
18245451,18866
18285476,18906
18325500,18946
18365525,18986
18405548,19026
18445599,19066
18485645,19106
18525674,19147
18565703,19187
18605727,19227
18645756,19267
18685793,19307
18725826,19347
18765856,19387
18805880,19427
18845908,19467
18885938,19507
18925977,19547
18966028,19587
19006053,19627
19046081,19668
19086106,19708
19126131,19748
19166155,19788
19206181,19828
19246217,19868
19286249,19908
19326279,19948
19366311,19988
19406339,20028
19446391,20068
19486437,20108
19526466,20149
19566501,20189
19606529,20229
19646559,20269
19686593,20309
19726625,20349
19766653,20389
19806677,20429
19846710,20469
19886747,20509
19926788,20549
19966836,20589
20006876,20629
20046912,20670
20086946,20710
20126975,20750
20167004,20790
20207037,20830
20247078,20870
20287117,20910
20327147,20950
20367174,20990
20407200,21030
20447249,21070
20487293,21110
20527321,21151
20567345,21191
20607374,21231
20647406,21271
20687439,21311
20727472,21351
20767505,21391
20807534,21431
20847560,21471
20887590,21511
20927627,21551
20967677,21591
21007714,21631
21047743,21672
21087770,21712
21127800,21752
21167830,21792
21207864,21832
21247896,21872
21287929,21912
21327967,21952
21368007,21992
21408047,22032
21448100,22072
21488148,22112
21528185,22153
21568219,22193
21608245,22233
21648267,22273
21688295,22313
21728327,22353
21768359,22393
21808388,22433
21848412,22473
21888432,22513
21928471,22553
21968519,22593
22008559,22633
22048596,22674
22088626,22714
22128651,22754
22168672,22794
22208698,22834
22248729,22874
22288759,22914
22328790,22954
22368817,22994
22408841,23034
22448897,23074
22488942,23114
22528968,23155
22568991,23195
22609022,23235
22649047,23275
22689076,23315
22729100,23355
22769126,23395
22809151,23435
22849178,23475
22889204,23515
22929243,23555
22969295,23595
23009332,23635
23049367,23676
23089406,23716
23129440,23756
23169462,23796
23209489,23836
23249514,23876
23289541,23916
23329569,23956
23369597,23996
23409624,24036
23449674,24076
23489716,24116
23529739,24157
23569766,24197
23609795,24237
23649824,24277
23689846,24317
23729867,24357
23769896,24397
23809920,24437
23849943,24477
23889973,24517
23930016,24557
23970071,24597
24010107,24637
24050143,24678
24090174,24718
24130208,24758
24170238,24798
24210269,24838
24250306,24878
24290334,24918
24330365,24958
24370394,24998
24410425,25038
24450475,25078
24490523,25118
24530552,25159
24570577,25199
24610600,25239
24650632,25279
24690657,25319
24730685,25359
24770709,25399
24810739,25439
24850765,25479
24890797,25519
24930835,25559
24970884,25599
25010914,25639
25041938,25671
25081971,25711
25122000,25751
25162028,25791
25202059,25831
25242092,25871
25282119,25911
25322145,25951
25362172,25991
25402197,26031
25442242,26071
25482293,26111
25522313,26152
25562347,26192
25602370,26232
25642399,26272
25682433,26312
25722469,26352
25762497,26392
25802524,26432
25842553,26472
25882584,26512
25922620,26552
25962671,26592
26002716,26632
26042750,26673
26082782,26713
26122813,26753
26162848,26793
26202882,26833
26242919,26873
26282952,26913
26322980,26953
26363000,26993
26403022,27033
26443073,27073
26483120,27113
26523141,27154
26563165,27194
26603199,27234
26643224,27274
26683250,27314
26723274,27354
26763308,27394
26803342,27434
26843371,27474
26883393,27514
26923428,27554
26963481,27594
27003512,27634
27043536,27675
27083569,27715
27123595,27755
27163621,27795
27203649,27835
27243673,27875
27283699,27915
27323737,27955
27363767,27995
27403798,28035
27443846,28075
27483895,28115
27523922,28156
27563948,28196
27603976,28236
27644002,28276
27684030,28316
27724055,28356
27764085,28396
27804115,28436
27844146,28476
27884180,28516
27924220,28556
27964269,28596
28004306,28636
28044335,28677
28084366,28717
28124394,28757
28164418,28797
28204446,28837
28244481,28877
28284505,28917
28324527,28957
28364560,28997
28404594,29037
28444641,29077
28484690,29117
28515005,29148
28554742,29188
28594767,29228
28634790,29268
28674818,29308
28714847,29348
28754872,29388
28794901,29428
28834927,29468
28874953,29508
28914978,29548
28955030,29588
28995079,29628
29035112,29669
29075146,29709
29115178,29749
29155206,29789
29195237,29829
29235264,29869
29275296,29909
29315329,29949
29355356,29989
29395387,30029
29435429,30069
29475481,30109
29515521,30149
29555560,30190
29595591,30230
29635623,30270
29675654,30310
29715685,30350
29755718,30390
29795752,30430
29835785,30470
29875822,30510
29915857,30550
29955909,30590
29995952,30630
30035989,30671
30076018,30711
30116048,30751
30156073,30791
30196097,30831
30236118,30871
30276141,30911
30316164,30951
30356187,30991
30396210,31031
30436253,31071
30476305,31111
30516335,31151
30556367,31192
30596395,31232
30636426,31272
30676459,31312
30716493,31352
30756532,31392
30796570,31432
30836609,31472
30876637,31512
30916663,31552
30956714,31592
30996761,31632
31036794,31673
31076822,31713
31116847,31753
31156873,31793
31196897,31833
31236920,31873
31276940,31913
31316970,31953
31356997,31993
31397021,32033
31437060,32073
31477112,32113
31517145,32153
31557179,32194
31597210,32234
31637238,32274
31677266,32314
31717295,32354
31757319,32394
31797344,32434
31837372,32474
31877399,32514
31917429,32554
31957479,32594
31997520,32634
32037548,32675
32077575,32715
32117606,32755
32157631,32795
32197657,32835
32237683,32875
32277717,32915
32317741,32955
32357771,32995
32397806,33035
32437848,33075
32477900,33115
32517936,33155
32557975,33196
32598011,33236
32638033,33276
32678064,33316
32718089,33356
32758118,33396
32798140,33436
32838168,33476
32878200,33516
32918220,33556
32958271,33596
32998312,33636
33038340,33677
33078368,33717
33118402,33757
33158436,33797
33198458,33837
33238482,33877
33278502,33917
33318532,33957
33358565,33997
33398602,34037
33438639,34077
33478691,34117
33518718,34157
33558741,34198
33598767,34238
33638797,34278
33678823,34318
33718855,34358
33758880,34398
33798909,34438
33838931,34478
33878952,34518
33918978,34558
33959030,34598
33999078,34638
34039109,34679
34079138,34719
34119161,34759
34159189,34799
34199222,34839
34239250,34879
34279279,34919
34319309,34959
34359336,34999
34399366,35039
34439411,35079
34479465,35119
34519499,35159
34559528,35200
34599561,35240
34639595,35280
34679634,35320
34719669,35360
34759696,35400
34799721,35440
34839746,35480
34879776,35520
34919798,35560
34959848,35600
34999892,35640
35039924,35681
35079964,35721
35120000,35761
35160032,35801
35200052,35841
35240077,35881
35280097,35921
35320123,35961
35360152,36001
35400178,36041
35440223,36081
35480275,36121
35520310,36161
35560341,36202
35600376,36242
35640415,36282
35680447,36322
35720468,36362
35760497,36402
35800520,36442
35840540,36482
35880572,36522
35920601,36562
35960651,36602
36000695,36642
36040720,36683
36080753,36723
36120774,36763
36160809,36803
36200835,36843
36240858,36883
36280884,36923
36320914,36963
36360947,37003
36400972,37043
36441014,37083
36481064,37123
36521093,37163
36552119,37195
36592146,37235
36632171,37275
36672202,37315
36712233,37355
36752261,37395
36792288,37435
36832309,37475
36872336,37515
36912366,37555
36952415,37595
36992466,37635
37032505,37676
37072541,37716
37112575,37756
37152594,37796
37192622,37836
37232644,37876
37272672,37916
37312701,37956
37352732,37996
37392757,38036
37432795,38076
37472846,38116
37512882,38156
37552916,38197
37592945,38237
37632973,38277
37672996,38317
37713017,38357
37753042,38397
37793066,38437
37833089,38477
37873118,38517
37913146,38557
37953191,38597
37993240,38637
38033270,38678
38073302,38718
38113325,38758
38153351,38798
38193382,38838
38233406,38878
38273432,38918
38313461,38958
38353487,38998
38393515,39038
38433551,39078
38473601,39118
38513640,39158
38553669,39199
38593699,39239
38633723,39279
38673755,39319
38713777,39359
38753803,39399
38793833,39439
38833857,39479
38873884,39519
38913908,39559
38953959,39599
38994009,39639
39034046,39680
39074078,39720
39114106,39760
39154137,39800
39194164,39840
39234195,39880
39274231,39920
39314263,39960
39354285,40000
39394315,40040
39434350,40080
39474400,40120
39514436,40160
39554461,40201
39594488,40241
39634509,40281
39674535,40321
39714562,40361
39754587,40401
39794616,40441
39834649,40481
39874684,40521
39914705,40561
39954752,40601
39994800,40641
40034826,40682
40074854,40722
40114883,40762
40154905,40802
40194927,40842
40234951,40882
40274979,40922
40315015,40962
40355045,41002
40395066,41042
40435097,41082
40475151,41122
40515182,41162
40555211,41203
40595247,41243
40635276,41283
40675309,41323
40715333,41363
40755353,41403
40795380,41443
40835404,41483
40875435,41523
40915459,41563
40955507,41603
40995556,41643
41025913,41674
41065610,41714
41105639,41754
41145662,41794
41185691,41834
41225717,41874
41265739,41914
41305769,41954
41345796,41994
41385825,42034
41425856,42074
41465907,42114
41505953,42154
41545979,42195
41586001,42235
41626033,42275
41666058,42315
41706083,42355
41746107,42395
41786130,42435
41826160,42475
41866192,42515
41906222,42555
41946266,42595
41986319,42635
42026343,42675
42066370,42716
42106399,42756
42146426,42796
42186454,42836
42226481,42876
42266502,42916
42306534,42956
42346566,42996
42386591,43036
42426618,43076
42466671,43116
42506709,43156
42546742,43197
42586769,43237
42626795,43277
42666819,43317
42706849,43357
42746875,43397
42786897,43437
42826921,43477
42866946,43517
42906971,43557
42947015,43597
42987066,43637
43027095,43677
43067132,43718
43107163,43758
43147199,43798
43187225,43838
43227258,43878
43267297,43918
43307332,43958
43347365,43998
43387395,44038
43427421,44078
43467471,44118
43507514,44158
43547536,44199
43587565,44239
43627590,44279
43667621,44319
43707648,44359
43747676,44399
43787702,44439
43827731,44479
43867762,44519
43907800,44559
43947848,44599
43987899,44639
44027928,44679
44067955,44720
44107983,44760
44148009,44800
44188041,44840
44228067,44880
44268092,44920
44308120,44960
44348143,45000
44388167,45040
44428199,45080
44468248,45120
44508287,45160
44548312,45201
44588337,45241
44628362,45281
44668391,45321
44708421,45361
44748449,45401
44788475,45441
44828501,45481
44868523,45521
44908548,45561
44948592,45601
44988644,45641
45028679,45681
45068712,45722
45108741,45762
45148768,45802
45188796,45842
45228826,45882
45268852,45922
45308884,45962
45348912,46002
45388945,46042
45428980,46082
45469031,46122
45509076,46162
45549108,46203
45589143,46243
45629169,46283
45669196,46323
45709224,46363
45749248,46403
45789278,46443
45829309,46483
45869341,46523
45909368,46563
45949411,46603
45989464,46643
46029501,46683
46069535,46724
46109570,46764
46149603,46804
46189639,46844
46229671,46884
46269708,46924
46309735,46964
46349765,47004
46389787,47044
46429819,47084
46469870,47124
46509912,47164
46549945,47205
46589983,47245
46630013,47285
46670044,47325
46710070,47365
46750093,47405
46790120,47445
46830147,47485
46870174,47525
46910207,47565
46950253,47605
46990304,47645
47030336,47685
47070370,47726
47110404,47766
47150430,47806
47190454,47846
47230481,47886
47270505,47926
47310536,47966
47350562,48006
47390591,48046
47430622,48086
47470675,48126
47510717,48166
47550750,48207
47590777,48247
47630804,48287
47670831,48327
47710852,48367
47750877,48407
47790906,48447
47830930,48487
47870956,48527
47910977,48567
47951020,48607
47991072,48647
48031103,48687
48071139,48728
48111171,48768
48151199,48808
48191226,48848
48231251,48888
48271283,48928
48311310,48968
48351332,49008
48391362,49048
48431395,49088
48471447,49128
48511489,49168
48551521,49209
48591550,49249
48631580,49289
48671609,49329
48711631,49369
48751658,49409
48791683,49449
48831707,49489
48871742,49529
48911768,49569
48951809,49609
48991862,49649
49031889,49689
49071920,49730
49111953,49770
49151979,49810
49192003,49850
49232031,49890
49272054,49930
49312083,49970
49352108,50010
49392137,50050
49432164,50090
49472216,50130
49512261,50170
49552286,50211
49592315,50251
49632348,50291
49672382,50331
49712410,50371
49752440,50411
49792469,50451
49832498,50491
49872529,50531
49912553,50571
49952597,50611
49992649,50651
50032680,50691
50072707,50732
50112739,50772
50152770,50812
50192793,50852
50232820,50892
50272842,50932
50312871,50972
50352903,51012
50392923,51052
50432949,51092
50473000,51132
50513044,51172
50553078,51213
50593114,51253
50633146,51293
50673177,51333
50713209,51373
50753244,51413
50793272,51453
50833301,51493
50873325,51533
50913354,51573
50953394,51613
50993447,51653
51033476,51693
51073506,51734
51113538,51774
51153560,51814
51193583,51854
51233618,51894
51273649,51934
51313682,51974
51353708,52014
51393736,52054
51433762,52094
51473812,52134
51513856,52174
51553888,52215
51593922,52255
51633944,52295
51673970,52335
51713997,52375
51754024,52415
51794056,52455
51834077,52495
51874101,52535
51914132,52575
51954174,52615
51994225,52655
52034256,52695
52074283,52736
52114315,52776
52154344,52816
52194371,52856
52234402,52896
52274431,52936
52314462,52976
52354485,53016
52394513,53056
52434542,53096
52474588,53136
52514633,53176
52554661,53217
52594681,53257
52634707,53297
52674741,53337
52714765,53377
52754787,53417
52794810,53457
52834844,53497
52874870,53537
52914903,53577
52954941,53617
52994994,53657
53035024,53697
53066045,53729
53106072,53769
53146101,53809
53186125,53849
53226149,53889
53266176,53929
53306201,53969
53346223,54009
53386255,54049
53426280,54089
53466323,54129
53506372,54169
53546406,54210
53586438,54250
53626472,54290
53666497,54330
53706517,54370
53746543,54410
53786568,54450
53826594,54490
53866625,54530
53906651,54570
53946680,54610
53986731,54650
54026766,54690
54066796,54731
54106825,54771
54146848,54811
54186874,54851
54226902,54891
54266925,54931
54306954,54971
54346980,55011
54387006,55051
54427028,55091
54467074,55131
54507127,55171
54547155,55212
54587183,55252
54627205,55292
54667226,55332
54707255,55372
54747276,55412
54787302,55452
54827332,55492
54867354,55532
54907379,55572
54947409,55612
54987461,55652
55027502,55692
55067534,55733
55107570,55773
55147598,55813
55187637,55853
55227661,55893
55267690,55933
55307712,55973
55347737,56013
55387764,56053
55427789,56093
55467833,56133
55507879,56173
55547911,56214
55587936,56254
55627958,56294
55667991,56334
55708024,56374
55748051,56414
55788076,56454
55828099,56494
55868130,56534
55908157,56574
55948188,56614
55988239,56654
56028271,56694
56068296,56735
56108327,56775
56148347,56815
56188371,56855
56228398,56895
56268423,56935
56308456,56975
56348490,57015
56388518,57055
56428548,57095
56468592,57135
56508638,57175
56548661,57216
56588691,57256
56628719,57296
56668740,57336
56708771,57376
56748799,57416
56788826,57456
56828861,57496
56868900,57536
56908937,57576
56948977,57616
56989030,57656
57029068,57696
57069096,57737
57109130,57777
57149155,57817
57189184,57857
57229213,57897
57269240,57937
57309271,57977
57349305,58017
57389336,58057
57429358,58097
57469403,58137
57509450,58177
57549484,58218
57589511,58258
57629538,58298
57669565,58338
57709587,58378
57749617,58418
57789640,58458
57829667,58498
57869699,58538
57909730,58578
57949761,58618
57989810,58658
58029846,58698
58069872,58739
58109907,58779
58149932,58819
58189958,58859
58229982,58899
58270006,58939
58310041,58979
58350071,59019
58390099,59059
58430124,59099
58470173,59139
58510223,59179
58550259,59220
58590283,59260
58630307,59300
58670330,59340
58710357,59380
58750378,59420
58790404,59460
58830434,59500
58870469,59540
58910498,59580
58950536,59620
58990586,59660
59030627,59700
59070657,59741
59110686,59781
59150712,59821
59190742,59861
59230769,59901
59270794,59941
59310816,59981
59350846,60021
59390877,60061
59430904,60101
59470949,60141
59511000,60181
59541327,60212
59581053,60252
59621088,60292
59661126,60332
59701166,60372
59741204,60412
59781234,60452
59821259,60492
59861290,60532
59901326,60572
59941360,60612
59981409,60652
60021454,60692
60061484,60733
60101517,60773
60141548,60813
60181578,60853
60221601,60893
60261627,60933
60301655,60973
60341682,61013
60381706,61053
60421730,61093
60461768,61133
60501818,61173
60541847,61213
60581869,61254
60621900,61294
60661935,61334
60701971,61374
60741996,61414
60782032,61454
60822067,61494
60862096,61534
60902122,61574
60942151,61614
60982202,61654
61022243,61694
61062272,61735
61102306,61775
61142334,61815
61182361,61855
61222384,61895
61262411,61935
61302439,61975
61342462,62015
61382494,62055
61422524,62095
61462562,62135
61502613,62175
61542651,62215
61582687,62256
61622721,62296
61662753,62336
61702776,62376
61742809,62416
61782836,62456
61822859,62496
61862891,62536
61902921,62576
61942947,62616
61982999,62656
62023040,62696
62063068,62737
62103094,62777
62143128,62817
62183154,62857
62223179,62897
62263205,62937
62303236,62977
62343262,63017
62383287,63057
62423319,63097
62463353,63137
62503402,63177
62543427,63217
62583460,63258
62623491,63298
62663520,63338
62703546,63378
62743576,63418
62783601,63458
62823631,63498
62863654,63538
62903681,63578
62943709,63618
62983757,63658
63023798,63698
63063823,63739
63103852,63779
63143883,63819
63183907,63859
63223935,63899
63263959,63939
63303982,63979
63344007,64019
63384036,64059
63424058,64099
63464096,64139
63504147,64179
63544177,64219
63584205,64260
63624227,64300
63664253,64340
63704279,64380
63744309,64420
63784336,64460
63824363,64500
63864385,64540
63904413,64580
63944436,64620
63984483,64660
64024523,64700
64064553,64741
64104583,64781
64144614,64821
64184640,64861
64224667,64901
64264692,64941
64304719,64981
64344745,65021
64384771,65061
64424796,65101
64464834,65141
64504884,65181
64544915,65221
64584951,65262
64624978,65302
64665007,65342
64705038,65382
64745063,65422
64785088,65462
64825112,65502
64865140,65542
64905165,65582
64945192,65622
64985238,65662
65025280,65702
65065312,65743
65105343,65783
65145372,65823
65185403,65863
65225427,65903
65265452,65943
65305482,65983
65345507,66023
65385537,66063
65425569,66103
65465602,66143
65505655,66183
65545681,66223
65585704,66264
65625734,66304
65665762,66344
65705790,66384
65745819,66424
65785842,66464
65825861,66504
65865889,66544
65905914,66584
65945939,66624
65985989,66664
66026034,66704
66066072,66745
66106105,66785
66146131,66825
66186155,66865
66226178,66905
66266207,66945
66306244,66985
66346276,67025
66386300,67065
66426321,67105
66466356,67145
66506405,67185
66546438,67225
66586466,67266
66626495,67306
66666521,67346
66706545,67386
66746574,67426
66786598,67466
66826628,67506
66866650,67546
66906676,67586
66946700,67626
66986752,67666
67026788,67706
67066820,67747
67106852,67787
67146877,67827
67186899,67867
67226924,67907
67266958,67947
67306985,67987
67347010,68027
67387041,68067
67427073,68107
67467107,68147
67507157,68187
67547183,68227
67587207,68268
67627238,68308
67667267,68348
67707296,68388
67747321,68428
67787347,68468
67827374,68508
67867404,68548
67907427,68588
67947458,68628
67987508,68668
68027547,68708
68067569,68749
68107598,68789
68147626,68829
68187649,68869
68227676,68909
68267710,68949
68307740,68989
68347764,69029
68387795,69069
68427827,69109
68467869,69149
68507920,69189
68547952,69229
68587984,69270
68628014,69310
68668037,69350
68708063,69390
68748089,69430
68788113,69470
68828138,69510
68868163,69550
68908192,69590
68948218,69630
68988270,69670
69028313,69710
69068345,69751
69108374,69791
69148405,69831
69188429,69871
69228456,69911
69268482,69951
69308508,69991
69348539,70031
69388563,70071
69428591,70111
69468627,70151
69508679,70191
69548715,70231
69588750,70272
69628771,70312
69668799,70352
69708827,70392
69748851,70432
69788876,70472
69828903,70512
69868932,70552
69908958,70592
69948985,70632
69989037,70672
70029074,70712
70069107,70753
70109137,70793
70149169,70833
70189199,70873
70229235,70913
70269258,70953
70309287,70993
70349309,71033
70389335,71073
70429362,71113
70469402,71153
70509452,71193
70549474,71233
70589506,71274
70629528,71314
70669563,71354
70709591,71394
70749616,71434
70789644,71474
70829667,71514
70869689,71554
70909715,71594
70949737,71634
70989789,71674
71029833,71714
71069864,71755
71109899,71795
71149935,71835
71189960,71875
71229990,71915
71270010,71955
71310040,71995
71350068,72035
71390096,72075
71430121,72115
71470159,72155
71510212,72195
71550242,72235
71590268,72276
71630293,72316
71670318,72356
71710344,72396
71750376,72436
71790403,72476
71830430,72516
71870460,72556
71910486,72596
71950509,72636
71990559,72676
72030602,72716
72070636,72757
72110666,72797
72150692,72837
72190725,72877
72230759,72917
72270785,72957
72310814,72997
72350844,73037
72390869,73077
72430893,73117
72470931,73157
72510982,73197
72551018,73237
72582042,73269
72622071,73309
72662101,73349
72702131,73389
72742155,73429
72782179,73469
72822211,73509
72862240,73549
72902260,73589
72942290,73629
72982333,73669
73022383,73709
73062418,73750
73102454,73790
73142484,73830
73182509,73870
73222534,73910
73262562,73950
73302590,73990
73342623,74030
73382648,74070
73422672,74110
73462706,74150
73502754,74190
73542792,74230
73582821,74271
73622852,74311
73662875,74351
73702902,74391
73742925,74431
73782953,74471
73822977,74511
73863005,74551
73903030,74591
73943064,74631
73983111,74671
74023159,74711
74063188,74752
74103215,74792
74143246,74832
74183269,74872
74223292,74912
74263316,74952
74303340,74992
74343365,75032
74383392,75072
74423420,75112
74463459,75152
74503510,75192
74543547,75232
74583580,75273
74623611,75313
74663634,75353
74703665,75393
74743688,75433
74783717,75473
74823745,75513
74863768,75553
74903794,75593
74943821,75633
74983865,75673
75023912,75713
75063946,75754
75103976,75794
75144009,75834
75184043,75874
75224075,75914
75264105,75954
75304136,75994
75344165,76034
75384195,76074
75424224,76114
75464260,76154
75504312,76194
75544352,76234
75584387,76275
75624425,76315
75664462,76355
75704491,76395
75744517,76435
75784539,76475
75824573,76515
75864603,76555
75904626,76595
75944655,76635
75984705,76675
76024754,76715
76064781,76756
76104812,76796
76144847,76836
76184882,76876
76224908,76916
76264937,76956
76304961,76996
76344986,77036
76385013,77076
76425044,77116
76465072,77156
76505122,77196
76545160,77236
76585186,77277
76625220,77317
76665254,77357
76705283,77397
76745313,77437
76785345,77477
76825370,77517
76865403,77557
76905435,77597
76945461,77637
76985504,77677
77025555,77717
77055901,77748
77095607,77788
77135641,77828
77175672,77868
77215698,77908
77255720,77948
77295746,77988
77335771,78028
77375794,78068
77415816,78108
77455845,78148
77495897,78188
77535945,78228
77575973,78269
77616001,78309
77656022,78349
77696047,78389
77736068,78429
77776099,78469
77816127,78509
77856146,78549
77896168,78589
77936198,78629
77976238,78669
78016288,78709
78056321,78749
78096349,78790
78136380,78830
78176407,78870
78216428,78910
78256454,78950
78296482,78990
78336515,79030
78376544,79070
78416576,79110
78456608,79150
78496659,79190
78536704,79230
78576733,79271
78616759,79311
78656783,79351
78696809,79391
78736835,79431
78776867,79471
78816892,79511
78856915,79551
78896952,79591
78936980,79631
78977018,79671
79017068,79711
79057102,79751
79097128,79792
79137158,79832
79177190,79872
79217214,79912
79257238,79952
79297263,79992
79337294,80032
79377319,80072
79417350,80112
79457380,80152
79497430,80192
79537474,80232
79577503,80273
79617531,80313
79657561,80353
79697600,80393
79737641,80433
79777666,80473
79817696,80513
79857727,80553
79897754,80593
79937782,80633
79977817,80673
80017868,80713
80057906,80753
80097943,80794
80137971,80834
80177998,80874
80218023,80914
80258052,80954
80298082,80994
80338117,81034
80378155,81074
80418189,81114
80458217,81154
80498270,81194
80538314,81234
80578338,81275
80618367,81315
80658392,81355
80698415,81395
80738449,81435
80778470,81475
80818502,81515
80858532,81555
80898559,81595
80938588,81635
80978628,81675
81018678,81715
81058715,81755
81098751,81796
81138783,81836
81178813,81876
81218840,81916
81258867,81956
81298897,81996
81338925,82036
81378955,82076
81418983,82116
81459009,82156
81499062,82196
81539110,82236
81579133,82277
81619158,82317
81659187,82357
81699213,82397
81739236,82437
81779266,82477
81819294,82517
81859319,82557
81899343,82597
81939373,82637
81979411,82677
82019460,82717
82059490,82757
82099518,82798
82139548,82838
82179578,82878
82219609,82918
82259642,82958
82299669,82998
82339688,83038
82379718,83078
82419744,83118
82459767,83158
82499818,83198
82539864,83238
82579890,83279
82619916,83319
82659942,83359
82699961,83399
82739986,83439
82780012,83479
82820039,83519
82860067,83559
82900093,83599
82940118,83639
82980155,83679
83020204,83719
83060235,83759
83100266,83800
83140294,83840
83180322,83880
83220353,83920
83260375,83960
83300394,84000
83340420,84040
83380451,84080
83420483,84120
83460515,84160
83500565,84200
83540609,84240
83580637,84281
83620674,84321
83660706,84361
83700728,84401
83740759,84441
83780791,84481
83820822,84521
83860844,84561
83900862,84601
83940896,84641
83980934,84681
84020984,84721
84061020,84761
84101050,84802
84141080,84842
84181101,84882
84221125,84922
84261145,84962
84301174,85002
84341201,85042
84381232,85082
84421266,85122
84461292,85162
84501339,85202
84541384,85242
84581408,85283
84621430,85323
84661459,85363
84701490,85403
84741525,85443
84781555,85483
84821585,85523
84861612,85563
84901639,85603
84941669,85643
84981709,85683
85021761,85723
85061797,85763
85092823,85795
85132854,85835
85172881,85875
85212906,85915
85252934,85955
85292966,85995
85332997,86035
85373024,86075
85413058,86115
85453086,86155
85493133,86195
85533181,86235
85573207,86276
85613237,86316
85653267,86356
85693297,86396
85733326,86436
85773353,86476
85813380,86516
85853405,86556
85893433,86596
85933461,86636
85973495,86676
86013546,86716
86053586,86756
86093615,86797
86133644,86837
86173675,86877
86213701,86917
86253729,86957
86293755,86997
86333782,87037
86373810,87077
86413834,87117
86453862,87157
86493913,87197
86533963,87237
86573991,87278
86614028,87318
86654053,87358
86694078,87398
86734101,87438
86774129,87478
86814151,87518
86854178,87558
86894205,87598
86934231,87638
86974263,87678
87014315,87718
87054356,87758
87094387,87799
87134420,87839
87174454,87879
87214479,87919
87254509,87959
87294539,87999
87334570,88039
87374601,88079
87414634,88119
87454665,88159
87494712,88199
87534763,88239
87574789,88280
87614821,88320
87654849,88360
87694879,88400
87734911,88440
87774939,88480
87814963,88520
87855002,88560
87895034,88600
87935058,88640
87975091,88680
88015143,88720
88055183,88760
88095214,88801
88135246,88841
88175278,88881
88215302,88921
88255325,88961
88295350,89001
88335379,89041
88375407,89081
88415434,89121
88455462,89161
88495508,89201
88535557,89241
88565905,89272
88605610,89312
88645641,89352
88685671,89392
88725700,89432
88765731,89472
88805759,89512
88845790,89552
88885816,89592
88925843,89632
88965872,89672
89005925,89712
89045975,89752
89086007,89793
89126040,89833
89166074,89873
89206104,89913
89246134,89953
89286161,89993
89326183,90033
89366212,90073
89406236,90113
89446258,90153
89486298,90193
89526350,90233
89566383,90273
89606415,90314
89646448,90354
89686479,90394
89726508,90434
89766543,90474
89806570,90514
89846594,90554
89886620,90594
89926652,90634
89966676,90674
90006727,90714
90046775,90754
90086803,90795
90126839,90835
90166866,90875
90206890,90915
90246918,90955
90286948,90995
90326976,91035
90367001,91075
90407024,91115
90447048,91155
90487085,91195
90527136,91235
90567175,91275
90607204,91316
90647240,91356
90687271,91396
90727292,91436
90767312,91476
90807336,91516
90847361,91556
90887397,91596
90927430,91636
90967457,91676
91007509,91716
91047553,91756
91087583,91797
91127617,91837
91167652,91877
91207688,91917
91247713,91957
91287739,91997
91327768,92037
91367796,92077
91407820,92117
91447849,92157
91487894,92197
91527946,92237
91567980,92277
91608007,92318
91648040,92358
91688073,92398
91728099,92438
91768124,92478
91808146,92518
91848173,92558
91888206,92598
91928233,92638
91968261,92678
92008312,92718
92048353,92758
92088388,92799
92128420,92839
92168448,92879
92208483,92919
92248510,92959
92288540,92999
92328568,93039
92368591,93079
92408623,93119
92448659,93159
92488697,93199
92528747,93239
92568777,93279
92608804,93320
92648828,93360
92688851,93400
92728877,93440
92768903,93480
92808932,93520
92848963,93560
92888995,93600
92929024,93640
92969057,93680
93009110,93720
93049159,93760
93089190,93801
93129213,93841
93169247,93881
93209271,93921
93249297,93961
93289319,94001
93329347,94041
93369375,94081
93409403,94121
93449429,94161
93489473,94201
93529523,94241
93569556,94281
93609584,94322
93649616,94362
93689649,94402
93729680,94442
93769714,94482
93809740,94522
93849767,94562
93889790,94602
93929818,94642
93969841,94682
94009892,94722
94049939,94762
94089969,94803
94130000,94843
94170029,94883
94210055,94923
94250084,94963
94290109,95003
94330132,95043
94370162,95083
94410193,95123
94450220,95163
94490258,95203
94530309,95243
94570351,95283
94610376,95324
94650399,95364
94690431,95404
94730465,95444
94770496,95484
94810528,95524
94850552,95564
94890585,95604
94930619,95644
94970644,95684
95010696,95724
95050745,95764
95090773,95805
95130805,95845
95170836,95885
95210863,95925
95250887,95965
95290914,96005
95330946,96045
95370976,96085
95411002,96125
95451033,96165
95491071,96205
95531121,96245
95571151,96285
95611173,96326
95651199,96366
95691236,96406
95731267,96446
95771293,96486
95811325,96526
95851355,96566
95891376,96606
95931406,96646
95971427,96686
96011479,96726
96051523,96766
96091550,96807
96131583,96847
96171610,96887
96211645,96927
96251673,96967
96291697,97007
96331721,97047
96371752,97087
96411782,97127
96451805,97167
96491847,97207
96531898,97247
96571931,97287
96611962,97328
96651986,97368
96692011,97408
96732041,97448
96772079,97488
96812113,97528
96852144,97568
96892181,97608
96932215,97648
96972242,97688
97012292,97728
97052338,97768
97083360,97800
97123384,97840
97163414,97880
97203438,97920
97243463,97960
97283487,98000
97323523,98040
97363553,98080
97403580,98120
97443601,98160
97483640,98200
97523690,98240
97563729,98280
97603759,98321
97643787,98361
97683821,98401
97723857,98441
97763887,98481
97803916,98521
97843938,98561
97883962,98601
97923991,98641
97964022,98681
98004069,98721
98044118,98761
98084157,98802
98124197,98842
98164235,98882
98204267,98922
98244295,98962
98284326,99002
98324351,99042
98364379,99082
98404407,99122
98444435,99162
98484476,99202
98524526,99242
98564565,99282
98604597,99323
98644631,99363
98684667,99403
98724709,99443
98764744,99483
98804785,99523
98844819,99563
98884849,99603
98924877,99643
98964911,99683
99004958,99723
99045010,99763
99085038,99804
99125074,99844
99165105,99884
99205140,99924
99245165,99964
99285197,100004
99325227,100044
99365255,100084
99405280,100124
99445302,100164
99485339,100204
99525390,100244
99565427,100284
99605453,100325
99645483,100365
99685509,100405
99725536,100445
99765567,100485
99805590,100525
99845615,100565
99885639,100605
99925671,100645
99965701,100685
100005748,100725
100045796,100765
100085833,100806
100125864,100846
100165900,100886
100205938,100926
100245966,100966
100285996,101006
100326024,101046
100366048,101086
100406081,101126
100446113,101166
100486152,101206
100526203,101246
100566244,101286
100606273,101327
100646306,101367
100686337,101407
100726368,101447
100766400,101487
100806426,101527
100846457,101567
100886490,101607
100926515,101647
100966541,101687
101006587,101727
101046638,101767
101086669,101808
101126701,101848
101166735,101888
101206771,101928
101246803,101968
101286841,102008
101326877,102048
101366912,102088
101406950,102128
101446988,102168
101487031,102208
101527081,102248
101567120,102288
101607147,102329
101647182,102369
101687212,102409
101727244,102449
101767268,102489
101807295,102529
101847318,102569
101887346,102609
101927368,102649
101967394,102689
102007439,102729
102047487,102769
102077811,102800
102117537,102840
102157561,102880
102197594,102920
102237619,102960
102277655,103000
102317690,103040
102357713,103080
102397737,103120
102437766,103160
102477795,103200
102517846,103240
102557890,103280
102597916,103321
102637940,103361
102677967,103401
102717991,103441
102758017,103481
102798049,103521
102838082,103561
102878115,103601
102918150,103641
102958180,103681
102998223,103721
103038272,103761
103078311,103801
103118335,103842
103158369,103882
103198394,103922
103238418,103962
103278444,104002
103318472,104042
103358495,104082
103398523,104122
103438553,104162
103478583,104202
103518632,104242
103558674,104282
103598704,104323
103638732,104363
103678758,104403
103718782,104443
103758812,104483
103798840,104523
103838870,104563
103878897,104603
103918932,104643
103958961,104683
103999001,104723
104039048,104763
104079080,104803
104119113,104844
104159143,104884
104199176,104924
104239204,104964
104279231,105004
104319254,105044
104359282,105084
104399311,105124
104439348,105164
104479382,105204
104519433,105244
104559474,105284
104599505,105325
104639526,105365
104679551,105405
104719577,105445
104759600,105485
104799633,105525
104839667,105565
104879706,105605
104919734,105645
104959763,105685
104999805,105725
105039858,105765
105079897,105805
105119926,105846
105159954,105886
105199985,105926
105240012,105966
105280039,106006
105320061,106046
105360087,106086
105400115,106126
105440146,106166
105480185,106206
105520236,106246
105560279,106286
105600315,106327
105640350,106367
105680388,106407
105720428,106447
105760462,106487
105800488,106527
105840514,106567
105880543,106607
105920570,106647
105960600,106687
106000641,106727
106040693,106767
106080725,106807
106120753,106848
106160794,106888
106200835,106928
106240873,106968
106280910,107008
106320937,107048
106360960,107088
106400980,107128
106441009,107168
106481037,107208
106521088,107248
106561132,107288
106601156,107329
106641177,107369
106681210,107409
106721243,107449
106761271,107489
106801301,107529
106841331,107569
106881361,107609
106921390,107649
106961416,107689
107001455,107729
107041507,107769
107081543,107809
107121571,107850
107161602,107890
107201634,107930
107241659,107970
107281686,108010
107321718,108050
107361747,108090
107401777,108130
107441807,108170
107481842,108210
107521893,108250
107561944,108290
107601974,108331
107642004,108371
107682033,108411
107722075,108451
107762111,108491
107802148,108531
107842186,108571
107882216,108611
107922239,108651
107962265,108691
108002311,108731
108042362,108771
108082392,108811
108122426,108852
108162453,108892
108202486,108932
108242515,108972
108282540,109012
108322567,109052
108362598,109092
108402624,109132
108442649,109172
108482679,109212
108522731,109252
108562772,109292
108602799,109333
108642826,109373
108682858,109413
108722887,109453
108762910,109493
108802936,109533
108842961,109573
108882984,109613
108923009,109653
108963035,109693
109003080,109733
109043130,109773
109083163,109813
109123194,109854
109163226,109894
109203258,109934
109243289,109974
109283318,110014
109323352,110054
109363384,110094
109403407,110134
109443432,110174
109483462,110214
109523514,110254
109563555,110294
109603590,110335
109643623,110375
109683650,110415
109723672,110455
109763702,110495
109803728,110535
109843753,110575
109883775,110615
109923803,110655
109963828,110695
110003874,110735
110043925,110775
110083964,110815
110124002,110856
110164036,110896
110204069,110936
110244104,110976
110284132,111016
110324161,111056
110364189,111096
110404221,111136
110444255,111176
110484291,111216
110524343,111256
110564387,111296
110604422,111337
110644453,111377
110684484,111417
110724513,111457
110764546,111497
110804569,111537
110844592,111577
110884621,111617
110924650,111657
110964688,111697
111004732,111737
111044784,111777
111084823,111817
111124852,111858
111164878,111898
111204908,111938
111244928,111978
111284955,112018
111324984,112058
111365008,112098
111405035,112138
111445062,112178
111485094,112218
111525146,112258
111565194,112298
111605224,112339
111645249,112379
111685274,112419
111725303,112459
111765329,112499
111805362,112539
111845388,112579
111885418,112619
111925449,112659
111965474,112699
112005515,112739
112045567,112779
112085596,112819
112125629,112860
112165657,112900
112205686,112940
112245709,112980
112285736,113020
112325757,113060
112365792,113100
112405831,113140
112445869,113180
112485908,113220
112525963,113260
112566007,113300
112606043,113341
112646081,113381
112686115,113421
112726149,113461
112766172,113501
112806195,113541
112846217,113581
112886239,113621
112926262,113661
112966294,113701
113006336,113741
113046389,113781
113086415,113821
113126454,113862
113166493,113902
113206535,113942
113246572,113982
113286599,114022
113326624,114062
113366649,114102
113406682,114142
113446710,114182
113486739,114222
113526789,114262
113566832,114302
113606859,114343
113646889,114383
113686926,114423
113726958,114463
113766984,114503
113807008,114543
113847033,114583
113887052,114623
113927084,114663
113967108,114703
114007149,114743
114047201,114783
114087236,114823
114127271,114864
114167309,114904
114207344,114944
114247371,114984
114287398,115024
114327428,115064
114367456,115104
114407485,115144
114447511,115184
114487542,115224
114527592,115264
114567635,115304
114607665,115345
114647685,115385
114687717,115425
114727748,115465
114767779,115505
114807808,115545
114847834,115585
114887858,115625
114927887,115665
114967915,115705
115007955,115745
115048007,115785
115088041,115825
115128067,115866
115168095,115906
115208128,115946
115248153,115986
115288177,116026
115328202,116066
115368231,116106
115408252,116146
115448278,116186
115488309,116226
115528360,116266
115568407,116306
115608437,116347
115648465,116387
115688492,116427
115728518,116467
115768544,116507
115808572,116547
115848607,116587
115888641,116627
115928668,116667
115968694,116707
116008733,116747
116048785,116787
116088813,116827
116119834,116859
116159861,116899
116199894,116939
116239921,116979
116279945,117019
116319971,117059
116360001,117099
116400026,117139
116440054,117179
116480079,117219
116520130,117259
116560180,117299
116600202,117340
116640227,117380
116680252,117420
116720276,117460
116760302,117500
116800332,117540
116840361,117580
116880382,117620
116920406,117660
116960432,117700
117000471,117740
117040522,117780
117080557,117820
117120589,117861
117160623,117901
117200650,117941
117240681,117981
117280708,118021
117320732,118061
117360756,118101
117400782,118141
117440816,118181
117480849,118221
117520899,118261
117560949,118301
117600982,118342
117641011,118382
117681039,118422
117721067,118462
117761093,118502
117801123,118542
117841147,118582
117881173,118622
117921196,118662
117961221,118702
118001256,118742
118041308,118782
118081342,118822
118121365,118863
118161399,118903
118201432,118943
118241465,118983
118281492,119023
118321515,119063
118361540,119103
118401565,119143
118441590,119183
118481621,119223
118521669,119263
118561713,119303
118601742,119344
118641764,119384
118681788,119424
118721822,119464
118761854,119504
118801877,119544
118841905,119584
118881929,119624
118921953,119664
118961980,119704
119002013,119744
119042060,119784
119082100,119824
119122125,119865
119162157,119905
119202185,119945
119242221,119985
119282251,120025
119322277,120065
119362305,120105
119402332,120145
119442354,120185
119482382,120225
119522431,120265
119562480,120305
119602514,120346
119642552,120386
119682585,120426
119722612,120466
119762639,120506
119802664,120546
119842690,120586
119882717,120626
119922747,120666
119962784,120706
120002823,120746
120042874,120786
120082915,120826
120122954,120867
120162991,120907
120203025,120947
120243056,120987
120283095,121027
120323134,121067
120363173,121107
120403211,121147
120443247,121187
120483279,121227
120523331,121267
120563381,121307
120603407,121348
120643438,121388
120683476,121428
120715511,121460
120755562,121500
120795612,121540
120835663,121580
120875714,121620
120915765,121660
120955817,121700
120995871,121740
121035930,121780
121075989,121820
121116047,121860
121156107,121900
TS,3
38648,8282205
78710,8284241
118772,8286277
158834,8288313
198896,8290349
238958,8292385
279020,8294421
319082,8296457
359144,8298493
399206,8300529
439268,8302565
479331,8304601
518390,8620758
558439,9072108
598491,9742094
638543,10405439
678597,11065543
718648,11686996
758700,12275964
798753,12923095
838807,13565003
878859,14201932
918894,14843885
958929,15482977
990945,15982866
1029991,16602446
1070020,17196989
1110051,17752394
1150074,18319809
1190098,18977286
1230129,19628544
1270152,20276309
1310178,20836111
1350203,21479288
1390228,22118165
1430276,22726086
1470320,23274194
1501340,23676402
1541374,24385412
1581397,25023735
1621433,25620804
1661470,26190716
1701506,26874044
1741530,27538096
1781553,28078074
1821581,28730876
1861610,29367546
1901643,29886553
1941697,30468778
1981739,31141603
2021776,31821808
2061808,32453890
2101837,33088408
2141868,33758816
2181900,34212027
2221931,34892377
2261970,35572948
2302009,36297265
2342043,37010022
2382065,37595727
2422108,38207568
2462157,38840525
2502183,39373932
2542209,40001308
2582234,40509043
2622260,41064549
2662281,41643796
2702304,42219499
2742326,42775266
2782361,43455510
2822391,44119504
2862413,44746861
2902440,45335575
2942494,45987008
2982539,46636318
3022565,47288739
3062591,47921111
3102615,48531416
3142643,49137137
3182667,49700821
3222697,50317185
3262723,50913289
3302751,51476821
3342775,52150339
3382800,52812152
3422843,53415781
3462892,54023054
3502917,54677131
3542951,55328683
3582984,55977991
3623016,56709784
3663037,57252263
3703064,57877417
3743086,58488475
3783112,59067197
3823150,59626330
3863181,60273982
3903208,60854898
3943259,61463168
3983299,62056509
4023329,62716859
4063359,63372559
4103389,64056952
4143418,64755901
4183449,65401776
4223476,66044084
4263512,66671739
4303542,67296874
4343569,67790203
4383598,68459244
4423643,69018034
4463696,69673673
4494012,70084488
4533747,70737837
4573773,71377395
4613795,71939797
4653822,72559258
4693851,73201133
4733873,73814985
4773900,74364070
4813932,74947350
4853960,75488388
4893992,76075022
4934043,76630124
4974092,77294971
5014122,77908534
5054146,78520669
5094169,79173764
5134202,79817296
5174226,80364151
5214250,81010107
5254276,81637099
5294301,82188812
5334332,82831621
5374353,83417637
5414391,84039128
5454442,84619372
5494479,85192312
5534510,85875490
5574537,86535302
5614564,87179336
5654586,87740422
5694612,88386942
5734637,89016815
5774664,89533663
5814683,90125645
5854709,90707570
5894735,91222574
5934788,91845784
5974834,92466766
6014862,93063049
6054898,93635485
6094933,94311175
6134959,94973723
6174981,95629142
6215009,96211170
6255035,96813329
6295057,97446456
6335081,98010583
6375107,98638209
6415146,99259227
6455197,99884826
6495233,100516096
6535263,101196044
6575296,101647129
6615329,102327077
6655364,103007734
6695402,103699986
6735433,104342502
6775459,104999449
6815479,105646435
6855508,106293289
6895531,106932271
6935583,107562718
6975628,108188900
7015661,108820264
7055691,109445266
7095723,109941645
7135757,110614158
7175791,111285997
7215818,111952452
7255847,112619295
7295877,113281393
7335912,113942358
7375940,114595542
7415987,115239102
7456033,115868552
7496070,116494618
7536097,117111497
7576122,117624773
7616149,118198873
7656176,118652405
7696212,119365227
7736240,119997772
7776263,120658225
7816290,121323820
7856325,121983746
7896356,122662937
7936405,123282758
7976448,123917416
8016476,124554792
8056503,125180096
8096539,125801519
8136562,126383152
8176585,126922421
8216613,127561280
8256636,128159638
8296661,128819176
8336688,129473464
8376713,130111142
8416751,130700098
8456802,131320025
8496833,131959418
8536857,132579491
8576884,133114807
8616919,133745597
8656945,134367743
8696972,134939264
8736999,135494198
8777034,136173995
8817072,136851015
8857106,137516518
8897137,138177070
8937185,138824416
8977229,139461990
9017262,140105653
9057289,140651196
9097315,141289343
9137341,141920148
9177374,142548752
9217408,143172176
9257438,143733281
9297467,144345673
9337492,145008111
9377520,145666303
9417562,146228827
9457612,146866774
9497647,147511332
9537676,148160760
9577706,148777756
9617732,149334643
9657753,149963263
9697784,150593002
9737816,151222259
9777848,151897968
9817870,152365907
9857901,153048962
9897937,153816277
9937989,154400295
9978037,155047406
10018070,155785762
10058098,156456817
10098127,157056287
10138150,157638078
10178170,158270141
10218193,158897865
10258224,159518155
10298252,160128752
10338286,160639713
10378320,161319786
10418362,161991862
10458412,162632615
10498452,163280100
10538483,163966538
10578517,164636888
10618542,165291409
10658572,165936645
10698601,166576581
10738628,167202173
10778653,167819537
10818676,168434053
10858699,168934397
10898731,169597457
10938781,170167948
10978829,170820548
11018851,171373978
11058884,172015669
11098906,172562461
11138929,173206811
11178958,173841947
11218982,174477378
11259012,175084101
11299034,175632258
11339064,176249327
11379089,176855402
11419126,177359431
11459177,177917568
11499213,178553970
11539242,179144775
11579270,179800913
11619295,180458545
11659320,181113797
11699345,181754477
11739368,182330101
11779397,182917861
11819424,183556158
11859448,184160615
11899477,184696537
11939528,185314465
11979574,185805141
12019609,186472995
12059637,187135682
12099660,187735571
12139687,188356844
12179712,189015743
12219739,189668728
12259771,190322051
12299809,190973750
12339848,191704920
12379876,192351299
12419913,192881152
12459963,193487692
12499999,194062817
12540031,194607744
12580062,195209818
12620091,195863986
12660121,196521997
12700143,197175050
12740172,197827175
12780201,198372315
12820229,199019786
12860260,199751731
12900300,200406829
12940351,201032971
12980397,201650796
13011418,202101489
13051444,202644395
13091476,203243228
13131506,204002127
13171539,204678724
13211573,205344808
13251605,206010406
13291633,206668415
13331658,207299971
13371686,207826304
13411725,208450263
13451774,209021303
13491811,209602252
13531838,210224114
13571870,210819875
13611903,211361956
13651928,211915696
13691953,212454464
13731978,213104432
13772001,213751935
13812025,214307575
13852056,214944477
13892080,215487424
13932125,216123990
13972177,216758754
14012205,217396989
14052231,218016330
14092254,218618412
14132278,219202191
14172308,219656668
14212331,220208980
14252359,220849410
14292380,221400141
14332412,222045274
14372435,222612361
14412469,223255725
14452518,223843280
14492552,224427332
14532584,225063209
14572611,225681147
14612631,226211362
14652661,226828032
14692688,227444664
14732712,227944898
14772738,228604890
14812761,229270370
14852792,229916005
14892820,230512373
14932869,231170514
14972922,231819254
15012959,232467808
15052993,233087497
15093013,233633027
15133035,234260399
15173072,234888568
15213104,235516063
15253136,236191663
15293158,236654294
15333186,237325555
15373216,237994882
15413243,238647518
15453295,239204491
15493333,239847623
15533356,240479247
15573378,241039215
15613400,241680160
15653429,242319112
15693464,243020776
15733495,243681883
15773521,244287396
15813548,244796637
15853573,245359696
15893604,246036493
15933647,246696568
15973699,247342734
16013723,247933535
16053756,248663557
16093785,249319132
16133818,249957949
16173841,250492942
16213869,251123432
16253901,251756589
16293932,252465090
16333959,253061730
16373987,253532417
16414028,254258969
16454079,254867094
16494118,255529538
16534148,256186383
16574180,256826588
16614202,257375436
16654235,257974397
16694259,258537765
16734291,259167208
16774315,259790428
16814338,260412185
16854359,261021076
16894384,261521616
16934430,262075491
16974484,262740408
17004870,263159927
17044534,263701343
17084562,264353408
17124594,265005361
17164622,265635753
17204643,266194815
17244667,266834624
17284694,267451005
17324724,268096765
17364765,268731279
17404800,269364329
17444850,269941975
17484890,270496263
17524920,271085753
17564947,271727218
17604978,272388310
17645013,273046934
17685038,273693457
17725059,274237082
17765086,274866102
17805114,275399099
17845139,276029197
17885169,276649430
17925208,277200650
17965259,277787154
18005293,278367470
18045319,278925551
18085349,279543207
18125376,280156096
18165398,280814779
18205428,281468616
18245453,282013158
18285477,282650248
18325501,283176625
18365526,283692778
18405549,284321700
18445600,284939488
18485646,285532993
18525674,286140523
18565704,286785598
18605728,287254897
18645756,287964017
18685794,288687443
18725827,289370057
18765857,290020303
18805881,290645378
18845910,291218656
18885939,291857235
18925978,292471006
18966028,293017780
19006054,293640619
19046082,294263111
19086107,294867239
19126132,295364619
19166155,295930083
19206182,296597332
19246217,297273775
19286249,297944333
19326280,298610750
19366312,299266156
19406340,299904217
19446392,300539347
19486438,301173688
19526467,301812367
19566501,302448975
19606529,303074510
19646560,303660141
19686594,304220724
19726626,304892767
19766654,305546226
19806678,306106706
19846710,306775272
19886748,307506053
19926788,308169475
19966837,308730632
20006877,309389497
20046912,310110307
20086947,310746873
20126976,311377632
20167005,311955368
20207037,312515192
20247078,313198415
20287118,313916796
20327148,314651588
20367175,315300778
20407201,315860304
20447250,316502259
20487294,317141519
20527322,317771943
20567346,318402482
20607375,319038428
20647407,319670732
20687440,320354010
20727473,320805460
20767506,321483005
20807535,322161693
20847561,322818330
20887591,323465606
20927628,324027116
20967678,324659882
21007715,325267760
21047744,325851067
21087771,326473707
21127801,327097839
21167830,327731090
21207865,328360479
21247897,328947570
21287930,329512897
21327968,330195566
21368007,330957908
21408048,331646438
21448101,332291390
21488149,332932665
21528185,333609247
21568220,334256830
21608246,334883982
21648268,335420809
21688296,336051937
21728328,336750037
21768360,337363727
21808388,337913958
21848413,338582335
21888433,339165565
21928472,339826811
21968519,340481750
22008560,341143009
22048597,341813116
22088627,342539445
22128652,343100435
22168673,343706394
22208698,344225104
22248730,344857878
22288760,345504978
22328791,346086866
22368817,346647365
22408842,347307212
22448898,347956842
22488943,348580844
22528969,349238475
22568992,349827544
22609023,350468162
22649047,351005326
22689077,351628859
22729101,352250288
22769127,352852030
22809152,353401167
22849179,354050193
22889205,354522817
22929244,355106647
22969296,355753214
23009333,356419442
23049368,357091025
23089407,357843681
23129441,358495968
23169462,359048776
23209489,359672507
23249514,360204616
23289541,360833769
23329570,361459071
23369598,362072216
23409625,362655683
23449675,363108780
23489717,363768816
23529739,364433421
23569767,364989181
23609796,365645339
23649825,366291957
23689847,366938282
23729868,367572960
23769897,368101023
23809921,368738932
23849943,369370223
23889974,370000493
23930017,370622569
23970072,371108706
24010108,371752010
24050144,372459982
24090175,373137275
24130209,373809436
24170239,374476494
24210271,375228170
24250308,375886630
24290335,376525869
24330366,377166699
24370395,377807739
24410426,378444533
24450476,379062388
24490524,379649643
24530553,380207743
24570577,380862281
24610601,381430572
24650633,382076407
24690657,382604352
24730685,383165331
24770710,383813714
24810739,384452317
24850765,385102187
24890798,385728745
24930837,386338657
24970885,386873739
25010915,387476721
25041939,387935104
25081972,388392541
25122001,389065173
25162028,389733842
25202059,390399943
25242093,391038034
25282119,391583784
25322146,392120585
25362173,392754874
25402197,393275121
25442243,393906253
25482294,394514867
25522314,395058042
25562348,395669997
25602371,396243164
25642400,396796455
25682434,397465246
25722470,398121639
25762498,398706161
25802525,399368567
25842553,400026252
25882585,400672767
25922621,401319729
25962672,401953650
26002717,402589936
26042751,403224448
26082782,403856872
26122814,404494775
26162848,405083668
26202883,405717319
26242920,406443446
26282953,407118682
26322981,407772440
26363001,408327053
26403023,408960126
26443074,409600504
26483120,410139772
26523142,410772021
26563166,411389767
26603200,412013091
26643225,412588736
26683251,413203130
26723275,413671055
26763308,414347635
26803342,415023838
26843372,415706076
26883393,416349088
26923429,416995317
26963482,417636096
27003513,418181568
27043537,418807426
27083569,419336306
27123596,419957798
27163622,420563560
27203649,421086980
27243673,421668239
27283700,422223994
27323737,422899335
27363768,423561676
27403799,424220543
27443847,424800649
27483895,425435156
27523922,426084952
27563948,426717673
27603977,427247437
27644003,427854072
27684031,428474093
27724055,429018086
27764085,429637148
27804116,430229476
27844147,430778272
27884181,431461282
27924221,432038462
27964270,432670549
28004307,433331688
28044336,433979894
28084367,434527537
28124395,435161876
28164419,435785709
28204447,436317746
28244482,437031613
28284505,437578723
28324528,438198301
28364561,438787897
28404595,439372275
28444642,440030201
28484691,440681208
28515005,441114807
28554743,441832958
28594767,442429795
28634790,443072726
28674819,443704519
28714848,444319741
28754873,444857598
28794901,445485626
28834928,446115002
28874953,446746850
28914979,447235925
28955031,447801203
28995079,448471210
29035113,449141471
29075147,449819469
29115179,450568049
29155206,451229256
29195238,451881436
29235265,452525081
29275297,453168831
29315329,453809328
29355357,454511221
29395388,455160189
29435430,455660054
29475482,456226192
29515522,456904471
29555560,457659223
29595592,458346249
29635623,459008553
29675655,459669108
29715686,460325221
29755719,461062426
29795753,461714978
29835786,462352117
29875823,462982388
29915858,463651721
29955910,464098962
29995953,464754167
30035990,465447227
30076019,466119828
30116048,466782423
30156074,467438298
30196097,468088634
30236119,468733608
30276141,469373692
30316165,470000725
30356188,470538730
30396211,471148508
30436254,471760723
30476306,472252419
30516336,472814056
30556367,473511112
30596396,474276532
30636427,474946166
30676460,475613313
30716494,476274719
30756533,476957098
30796571,477676378
30836610,478316671
30876638,478923825
30916664,479468023
30956715,480083469
30996762,480662058
31036794,481221709
31076823,481787694
31116848,482454555
31156874,483120168
31196897,483781704
31236921,484422850
31276941,484961544
31316971,485580067
31356997,486122848
31397022,486745990
31437061,487282127
31477113,487899731
31517146,488525279
31557180,489095380
31597211,489654053
31637240,490317171
31677267,490959642
31717296,491643216
31757320,492304564
31797345,492875612
31837373,493512986
31877400,494154052
31917430,494764992
31957480,495316874
31997521,495938834
32037549,496559736
32077576,497100554
32117607,497670251
32157632,498236866
32197658,498908079
32237684,499568414
32277718,500219169
32317742,500771967
32357772,501434765
32397807,502172372
32437849,502822128
32477901,503393135
32517936,504100404
32557976,504744076
32598012,505377349
32638034,505964128
32678065,506530534
32718090,507207127
32758119,507877277
32798141,508537380
32838169,509192954
32878200,509841332
32918222,510470574
32958272,511022512
32998313,511652309
33038341,512288280
33078370,512918082
33118403,513545003
33158437,514219200
33198459,514672857
33238483,515324597
33278503,515907646
33318533,516552349
33358566,517108391
33398603,517751951
33438640,518363830
33478692,518935855
33518719,519572193
33558742,520195375
33598768,520800149
33638798,521416244
33678824,521980309
33718856,522624127
33758880,523100964
33798910,523775786
33838932,524433386
33878953,525006047
33918978,525665003
33959031,526315301
33999079,526968262
34039111,527625422
34079139,528259634
34119162,528851561
34159189,529415152
34199223,530036123
34239251,530649941
34279280,531234369
34319310,531789085
34359337,532468013
34399367,533145543
34439412,533797482
34479465,534362136
34519500,535019622
34559529,535714956
34599562,536422803
34639596,537071971
34679635,537715821
34719670,538434772
34759697,539060699
34799724,539660118
34839747,540213213
34879777,540889488
34919799,541523206
34959849,542124180
34999893,542780039
35039925,543438038
35079965,544093292
35120000,544743165
35160033,545466079
35200053,546021435
35240078,546647343
35280098,547255016
35320124,547773347
35360153,548361291
35400179,548943439
35440224,549613562
35480276,550275892
35520311,550940177
35560341,551607374
35600377,552268186
35640416,553004107
35680448,553617959
35720468,554183980
35760498,554736030
35800520,555325399
35840540,555943909
35880572,556529215
35920602,557090016
35960652,557758885
36000696,558398128
36040721,558975528
36080754,559608040
36120775,560173456
36160810,560817546
36200836,561453894
36240859,562079358
36280885,562715917
36320915,563352334
36360948,563992555
36400972,564616855
36441016,565108165
36481064,565675504
36521094,566316787
36552119,566810298
36592146,567405902
36632172,568060718
36672203,568713589
36712234,569362613
36752261,570005700
36792289,570644073
36832310,571262910
36872337,571800111
36912367,572431340
36952416,573050724
36992467,573541885
37032506,574216680
37072542,574892086
37112576,575553354
37152595,576105896
37192623,576731689
37232645,577288281
37272673,577910705
37312702,578457071
37352732,579181545
37392758,579839229
37432796,580472931
37472847,581092207
37512883,581668617
37552917,582210814
37592946,582792279
37632973,583454638
37672997,584110850
37713018,584663255
37753043,585303450
37793066,585845247
37833090,586483216
37873120,587116958
37913147,587653888
37953192,588283624
37993241,588908142
38033271,589540320
38073302,590219486
38113326,590677676
38153351,591355231
38193383,592011941
38233407,592564452
38273432,593182477
38313461,593748310
38353488,594372764
38393516,594917210
38433552,595443822
38473602,596076008
38513641,596705157
38553669,597341464
38593700,597972097
38633724,598657185
38673757,599174680
38713778,599774961
38753804,600324678
38793834,600979236
38833858,601615898
38873885,602178340
38913909,602820392
38953960,603463597
38994010,604093343
39034047,604749770
39074079,605386130
39114107,606021903
39154138,606640368
39194165,607234322
39234196,607800432
39274232,608479328
39314264,609153003
39354286,609812072
39394316,610462557
39434351,611085802
39474401,611651513
39514437,612286006
39554462,612899379
39594489,613445664
39634510,614069295
39674536,614688614
39714562,615203555
39754587,615692183
39794617,616361662
39834650,617034583
39874685,617689044
39914705,618300886
39954753,618903056
39994800,619543332
40034827,620178953
40074854,620724509
40114884,621360799
40154906,621990578
40194928,622598189
40234952,623119010
40274980,623773995
40315016,624244437
40355045,624807707
40395066,625472992
40435098,626130974
40475152,626695216
40515183,627331317
40555212,627975912
40595248,628629275
40635277,629281261
40675310,629927587
40715334,630561936
40755354,631182096
40795381,631777632
40835405,632258978
40875436,632821912
40915460,633497639
40955508,634155871
40995557,634708007
41025913,635231081
41065611,635888508
41105640,636535867
41145663,637158436
41185691,637712852
41225718,638358783
41265740,638984941
41305769,639569000
41345797,640223292
41385826,640806214
41425857,641285813
41465908,641934283
41505954,642603431
41545980,643275380
41586002,643924852
41626034,644498399
41666058,645112005
41706084,645745694
41746107,646277985
41786131,646913158
41826161,647567093
41866193,648278723
41906223,648883927
41946267,649391181
41986320,649944958
42026344,650591312
42066371,651173526
42106400,651819849
42146427,652365819
42186455,653014779
42226482,653639243
42266503,654182725
42306535,654822629
42346567,655460597
42386592,656098979
42426619,656714408
42466672,657301676
42506710,657818748
42546742,658389840
42586770,659048636
42626796,659700628
42666819,660261268
42706850,660910342
42746876,661454300
42786898,662097945
42826922,662624104
42866947,663252484
42906972,663866828
42947016,664430723
42987067,665034459
43027095,665651499
43067132,666245721
43107164,666812018
43147200,667484817
43187225,668143436
43227258,668813839
43267298,669481007
43307333,670142874
43347366,670866921
43387396,671525040
43427422,672071331
43467472,672696056
43507515,673302515
43547537,673834754
43587566,674397972
43627591,674956436
43667622,675638621
43707649,676316210
43747677,676868297
43787703,677517893
43827732,678174428
43867763,678832921
43907801,679486741
43947849,680123433
43987900,680753685
44027929,681368837
44067956,681880959
44107984,682493117
44148010,682977772
44188042,683551081
44228068,684201377
44268093,684752324
44308121,685292145
44348144,685948350
44388168,686592978
44428200,687247643
44468249,687878566
44508288,688443682
44548312,689061555
44588337,689687720
44628363,690199976
44668392,690819050
44708422,691407429
44748450,691974682
44788476,692654491
44828502,693300237
44868524,693855337
44908549,694467873
44948592,695041669
44988644,695688050
45028680,696340412
45068713,696984154
45108742,697614738
45148769,698243715
45188796,698873165
45228827,699514450
45268852,700104649
45308885,700785546
45348913,701466002
45388946,702140151
45428981,702807097
45469032,703457056
45509077,704106955
45549108,704756641
45589144,705392379
45629170,705951407
45669197,706549357
45709225,707159253
45749248,707767140
45789279,708269892
45829310,708865107
45869342,709502813
45909369,710157284
45949412,710794268
45989465,711372253
46029502,712098078
46069536,712788433
46109571,713440202
46149604,714087394
46189640,714730482
46229672,715460288
46269710,716093560
46309736,716676469
46349766,717227770
46389788,717809076
46429820,718461921
46469871,719121652
46509913,719763548
46549946,720437105
46589984,721097240
46630014,721750635
46670045,722387211
46710071,723014515
46750094,723632898
46790121,724163907
46830148,724777507
46870175,725274212
46910208,725955048
46950254,726627496
46990305,727290059
47030336,727951561
47070370,728610134
47110405,729270586
47150431,729915742
47190455,730546254
47230482,731094682
47270506,731705463
47310537,732341603
47350563,732963537
47390592,733546626
47430623,734113726
47470676,734783302
47510717,735450412
47550751,736111616
47590777,736774728
47630805,737423802
47670832,738027461
47710853,738606437
47750877,739236233
47790907,739810520
47830930,740385233
47870957,740999138
47910978,741604900
47951021,742111730
47991073,742673832
48031104,743354511
48071140,744113051
48111172,744796077
48151199,745446858
48191226,746002910
48231252,746641748
48271284,747281887
48311311,747902706
48351335,748496247
48391363,749051456
48431396,749680337
48471448,750256028
48511490,750789382
48551522,751378689
48591551,752046373
48631580,752711620
48671610,753374334
48711632,754019353
48751659,754563688
48791684,755203127
48831708,755839382
48871743,756462223
48911769,757000710
48951810,757616525
48991863,758204078
49031890,758804523
49071921,759268050
49111953,760031969
49151980,760608557
49192004,761244630
49232032,761801468
49272055,762435028
49312083,762994410
49352109,763613566
49392137,764174308
49432165,764786287
49472217,765414025
49512262,766042753
49552286,766674223
49592316,767256534
49632349,767820321
49672383,768491653
49712411,769164936
49752441,769834781
49792470,770492845
49832499,771142459
49872530,771764073
49912553,772326827
49952598,772953119
49992649,773570922
50032681,774201353
50072708,774810862
50112740,775362049
50152771,775950035
50192793,776528620
50232821,777173640
50272843,777759575
50312872,778408520
50352904,779122843
50392924,779716844
50432950,780360546
50473001,780998959
50513044,781637855
50553079,782280557
50593115,782917472
50633147,783632146
50673178,784171960
50713210,784806823
50753245,785484981
50793273,786160600
50833302,786832485
50873326,787484933
50913355,788114715
50953395,788664807
50993448,789281615
51033477,789860850
51073507,790465513
51113538,791086241
51153561,791702280
51193584,792268367
51233619,792825666
51273650,793392143
51313683,794071852
51353709,794790479
51393737,795393387
51433763,796037905
51473813,796679805
51513857,797229604
51553889,797873284
51593923,798563614
51633945,799141550
51673971,799695442
51713998,800267288
51754025,800838756
51794057,801395604
51834077,801957620
51874101,802628250
51914133,803294941
51954175,803953344
51994226,804601979
52034257,805248266
52074283,805790307
52114316,806430873
52154345,807057047
52194372,807687972
52234403,808324038
52274432,808996097
52314462,809546746
52354486,810105023
52394514,810774444
52434543,811438114
52474589,811993637
52514633,812639639
52554662,813269146
52594682,813826878
52634708,814468942
52674742,815101132
52714766,815727795
52754788,816276754
52794811,816884130
52834845,817498970
52874871,817994890
52914904,818675852
52954941,819352979
52994995,820015147
53035024,820679451
53066046,821148420
53106073,821721278
53146102,822347168
53186126,822896348
53226150,823530918
53266177,824161991
53306202,824689140
53346224,825299073
53386256,825908020
53426281,826414027
53466324,826976391
53506373,827644718
53546407,828317247
53586439,828967039
53626473,829613081
53666498,830237645
53706518,830813795
53746543,831385680
53786568,831972183
53826595,832601031
53866626,833219051
53906652,833821463
53946681,834362878
53986732,834852287
54026767,835515158
54066797,836074409
54106825,836729230
54146849,837281934
54186875,837920218
54226902,838546028
54266926,839106816
54306954,839669072
54346981,840269165
54387006,840871821
54427028,841403740
54467075,842029956
54507128,842645047
54547155,843232791
54587183,843804447
54627206,844476673
54667227,845039073
54707255,845692008
54747277,846310851
54787303,846887395
54827333,847527552
54867354,848068600
54907380,848698514
54947410,849311078
54987462,849902035
55027503,850573404
55067535,851208318
55107571,851706450
55147599,852379921
55187637,853061131
55227662,853723554
55267690,854369344
55307714,854928259
55347737,855546545
55387765,856103092
55427790,856738663
55467834,857342962
55507879,857889301
55547912,858515716
55587937,859112299
55627959,859683118
55667992,860262764
55708024,860831286
55748052,861490814
55788077,862149279
55828100,862706754
55868131,863355240
55908157,863928169
55948188,864533649
55988240,865165052
56028272,865734125
56068297,866314884
56108328,866928768
56148348,867461397
56188372,868067496
56228399,868567847
56268424,869239181
56308457,869913836
56348490,870581449
56388518,871247288
56428549,871913723
56468592,872566841
56508639,873202791
56548661,873741825
56588692,874371082
56628719,874967511
56668741,875519324
56708771,876137083
56748800,876705957
56788827,877261848
56828862,877944051
56868900,878623437
56908938,879297950
56948977,879976921
56989031,880613912
57029069,881257408
57069097,881901068
57109131,882538625
57149156,883162840
57189185,883803180
57229214,884435569
57269241,884962893
57309272,885551005
57349306,886121467
57389337,886789260
57429359,887442193
57469403,888090612
57509451,888656146
57549485,889362995
57589512,889944194
57629538,890584478
57669566,891205717
57709588,891734225
57749617,892357409
57789640,892908904
57829668,893541743
57869700,893996228
57909731,894665242
57949762,895314460
57989811,895878919
58029847,896500176
58069872,897073675
58109908,897702790
58149932,898256445
58189959,898891661
58229983,899532671
58270007,900167027
58310042,900776609
58350072,901401141
58390100,901984215
58430125,902430939
58470174,903104202
58510224,903771185
58550259,904425525
58590284,905059914
58630308,905643089
58670331,906283799
58710358,906912820
58750379,907461451
58790405,908087218
58830435,908715841
58870469,909352147
58910499,909980970
58950537,910563785
58990587,911118960
59030627,911792670
59070658,912468777
59110687,913085895
59150713,913665802
59190743,914245258
59230769,914840898
59270795,915369338
59310817,915891448
59350847,916516475
59390877,917156027
59430905,917776398
59470950,918371257
59511001,918964613
59541327,919400228
59581054,920078089
59621090,920755301
59661127,921428966
59701167,922098118
59741206,922845868
59781235,923516211
59821260,924055092
59861291,924704221
59901327,925440685
59941361,926081377
59981410,926701274
60021455,927278753
60061485,927837088
60101518,928517792
60141549,929190968
60181579,929854557
60221602,930406177
60261628,931047327
60301655,931586350
60341683,932207969
60381707,932743719
60421731,933366603
60461769,933902666
60501819,934505918
60541848,935082501
60581870,935690884
60621901,936139356
60661936,936817584
60701971,937484475
60741997,938143937
60782033,938818995
60822068,939484876
60862096,940139729
60902123,940785800
60942152,941421764
60982203,942053426
61022244,942686359
61062273,943308524
61102306,943819869
61142335,944411311
61182362,944983797
61222385,945655027
61262411,946298256
61302440,946873329
61342462,947524396
61382495,948179130
61422525,948834367
61462563,949477868
61502614,950110689
61542652,950748913
61582688,951417327
61622721,952108652
61662754,952698418
61702777,953261659
61742810,953945472
61782837,954623556
61822860,955279580
61862892,955926981
61902922,956481435
61942948,957132748
61983000,957771458
62023041,958402697
62063069,959025485
62103095,959555345
62143129,960166560
62183155,960761836
62223180,961277083
62263206,961828805
62303236,962453215
62343263,963058812
62383287,963711580
62423320,964357646
62463354,964905659
62503404,965548491
62543428,966178363
62583460,966828203
62623492,967465398
62663521,968105209
62703547,968734874
62743577,969354273
62783602,969849567
62823632,970528688
62863655,971087210
62903681,971654200
62943710,972257065
62983758,972870379
63023799,973464295
63063824,974105338
63103853,974756690
63143884,975360091
63183908,975903108
63223936,976532645
63263960,977153863
63303983,977729374
63344008,978279113
63384037,978956384
63424059,979517494
63464097,980170526
63504148,980802954
63544178,981378913
63584205,982035146
63624228,982673340
63664254,983199275
63704279,983822101
63744310,984342607
63784337,984955557
63824363,985470477
63864386,986082033
63904413,986582573
63944437,987210319
63984484,987808645
64024524,988465226
64064554,989032613
64104583,989749092
64144615,990425960
64184640,991001520
64224668,991615575
64264692,992231755
64304720,992804397
64344745,993397252
64384771,994013259
64424796,994582432
64464835,995132640
64504884,995699252
64544916,996373403
64584952,997077506
64624979,997785697
64665008,998449501
64705039,999013861
64745064,999637744
64785089,1000184642
64825113,1000810459
64865141,1001401822
64905166,1001953255
64945192,1002566324
64985239,1003134798
65025280,1003584427
65065312,1004260104
65105344,1004937825
65145372,1005606384
65185403,1006299304
65225428,1006923169
65265453,1007563115
65305482,1008102149
65345508,1008731371
65385538,1009374205
65425570,1010049385
65465603,1010635512
65505656,1011225519
65545682,1011726284
65585705,1012285690
65625735,1012951985
65665762,1013614932
65705791,1014266636
65745820,1014940306
65785843,1015556296
65825862,1016136676
65865890,1016759069
65905915,1017290417
65945939,1017919654
65985990,1018547357
66026036,1019174817
66066073,1019805699
66106106,1020305223
66146132,1020974650
66186156,1021638261
66226179,1022192748
66266208,1022845097
66306245,1023506620
66346277,1024155787
66386300,1024777104
66426321,1025338714
66466357,1025963930
66506407,1026489541
66546439,1027110182
66586467,1027678156
66626496,1028235934
66666522,1028727848
66706546,1029383023
66746575,1029954863
66786599,1030613792
66826629,1031253076
66866651,1031819596
66906677,1032463140
66946701,1033110219
66986753,1033736927
67026788,1034284919
67066820,1034913527
67106853,1035532571
67146878,1036145580
67186900,1036690890
67226925,1037278371
67266959,1037953119
67306986,1038620587
67347011,1039177842
67387042,1039839029
67427074,1040464208
67467107,1041025911
67507158,1041589520
67547184,1042191535
67587208,1042809451
67627239,1043440761
67667268,1044087304
67707297,1044710782
67747321,1045284136
67787348,1045783817
67827374,1046408719
67867405,1047080343
67907428,1047717997
67947459,1048286242
67987509,1048928952
68027548,1049567205
68067570,1050114893
68107599,1050738450
68147626,1051266372
68187650,1051888814
68227677,1052410027
68267711,1053054091
68307742,1053705898
68347765,1054160650
68387797,1054838897
68427828,1055517178
68467871,1056184821
68507922,1056835518
68547954,1057489444
68587985,1058139791
68628015,1058768330
68668038,1059314442
68708064,1059924544
68748090,1060456429
68788114,1061058703
68828139,1061584889
68868164,1062161947
68908193,1062716537
68948219,1063389599
68988271,1064046340
69028314,1064705036
69068346,1065377761
69108374,1065934615
69148406,1066569535
69188430,1067155714
69228457,1067743041
69268483,1068351010
69308509,1068888644
69348540,1069499684
69388564,1070056027
69428591,1070698389
69468628,1071158702
69508680,1071828435
69548716,1072503454
69588751,1073175854
69628772,1073837588
69668800,1074485773
69708828,1075127485
69748852,1075713210
69788877,1076293491
69828903,1076853653
69868933,1077447742
69908959,1078061427
69948986,1078574672
69989038,1079151895
70029075,1079705834
70069108,1080374904
70109138,1080963492
70149170,1081600138
70189200,1082267305
70229235,1082979382
70269259,1083572240
70309288,1084195258
70349310,1084738345
70389335,1085363608
70429363,1085977585
70469403,1086582868
70509453,1087129009
70549475,1087719807
70589506,1088293888
70629529,1088958651
70669564,1089618382
70709592,1090271516
70749617,1090912331
70789645,1091487187
70829668,1092129511
70869690,1092758989
70909716,1093286069
70949738,1093915681
70989790,1094542469
71029834,1095168450
71069865,1095848865
71109900,1096300348
71149936,1096951128
71189961,1097512147
71229991,1098169716
71270011,1098725818
71310041,1099299056
71350068,1099966825
71390097,1100567652
71430122,1101209551
71470160,1101840261
71510213,1102460046
71550243,1102976989
71590269,1103597426
71630294,1104240082
71670318,1104720746
71710345,1105379491
71750377,1106026518
71790403,1106616366
71830431,1107156413
71870461,1107796575
71910486,1108341300
71950510,1108948069
71990560,1109514019
72030603,1110170448
72070638,1110889387
72110667,1111528473
72150693,1112149674
72190726,1112727663
72230760,1113274019
72270786,1113918575
72310815,1114601239
72350845,1115189874
72390870,1115839539
72430894,1116380121
72470932,1117020899
72510983,1117662311
72551019,1118309488
72582043,1118818554
72622072,1119448843
72662102,1120082132
72702132,1120713690
72742156,1121301020
72782180,1121863922
72822212,1122541123
72862241,1123182574
72902261,1123741848
72942291,1124309700
72982334,1124935433
73022384,1125584957
73062419,1126240891
73102455,1126975924
73142485,1127623759
73182510,1128234627
73222535,1128776498
73262562,1129380400
73302590,1129881495
73342624,1130546005
73382649,1131114330
73422673,1131774683
73462706,1132391679
73502755,1132964283
73542793,1133612934
73582822,1134266385
73622853,1134905109
73662875,1135428776
73702903,1136054484
73742926,1136578921
73782954,1137142313
73822978,1137687977
73863006,1138264386
73903031,1138848097
73943065,1139525156
73983111,1140191405
74023160,1140845357
74063189,1141444327
74103216,1142053491
74143247,1142679882
74183270,1143221041
74223293,1143741352
74263317,1144294549
74303340,1144881302
74343366,1145507565
74383393,1146128710
74423420,1146719464
74463460,1147289088
74503511,1147957366
74543548,1148631318
74583580,1149300739
74623612,1149958253
74663635,1150601728
74703666,1151142652
74743689,1151779281
74783718,1152412227
74823746,1153023132
74863769,1153562057
74903795,1154179631
74943821,1154812602
74983866,1155293779
75023912,1155858126
75063946,1156531634
75103977,1157202386
75144010,1157868183
75184044,1158529687
75224076,1159226016
75264106,1159935943
75304137,1160582132
75344166,1161217795
75384196,1161841392
75424225,1162426806
75464261,1163085320
75504313,1163585125
75544353,1164155023
75584387,1164928533
75624426,1165613999
75664463,1166282700
75704492,1166937180
75744518,1167585798
75784541,1168129620
75824574,1168861761
75864604,1169495048
75904626,1170042092
75944657,1170669461
75984706,1171290750
76024755,1171869851
76064782,1172435582
76104813,1173107475
76144848,1173777876
76184884,1174445355
76224908,1175105081
76264938,1175753489
76304961,1176383398
76344987,1176944383
76385014,1177578387
76425045,1178205414
76465073,1178823277
76505123,1179353531
76545161,1179964103
76585187,1180461844
76625221,1181132383
76665255,1181802324
76705284,1182445753
76745313,1183115147
76785346,1183778987
76825371,1184432265
76865404,1185087167
76905436,1185742241
76945462,1186378039
76985505,1186981713
77025556,1187524644
77055901,1188004024
77095608,1188579483
77135642,1189033266
77175673,1189701583
77215699,1190254126
77255720,1190906541
77295747,1191450863
77335772,1192072768
77375795,1192604778
77415817,1193147339
77455846,1193789624
77495898,1194425951
77535946,1195059381
77575974,1195695547
77616002,1196308613
77656023,1196847340
77696047,1197440100
77736069,1198006287
77776100,1198670823
77816128,1199330516
77856147,1199948110
77896169,1200533270
77936199,1201181619
77976239,1201795283
78016289,1202352820
78056322,1202967784
78096350,1203445911
78136381,1204012333
78176408,1204628972
78216429,1205242330
78256454,1205741423
78296483,1206402277
78336516,1206979396
78376545,1207648827
78416577,1208337471
78456609,1209043811
78496660,1209611404
78536705,1210143733
78576734,1210777363
78616760,1211402591
78656784,1211959295
78696810,1212535163
78736836,1213065117
78776868,1213690747
78816893,1214269124
78856916,1214857182
78896953,1215525726
78936981,1216197515
78977019,1216848095
79017069,1217401283
79057102,1218044157
79097129,1218681824
79137159,1219213704
79177191,1219859919
79217215,1220490973
79257239,1221115317
79297264,1221680287
79337294,1222295950
79377320,1222741629
79417351,1223409271
79457381,1223972804
79497431,1224634350
79537475,1225287699
79577504,1225844072
79617532,1226488982
79657562,1227226925
79697601,1227890859
79737642,1228538172
79777666,1229173829
79817697,1229786413
79857727,1230392395
79897754,1230893889
79937783,1231521309
79977818,1232130474
80017869,1232791814
80057907,1233453874
80097943,1234104070
80137972,1234667248
80177999,1235299441
80218024,1235929418
80258052,1236574292
80298083,1237214017
80338118,1237853577
80378156,1238534502
80418190,1239167496
80458218,1239609624
80498271,1240278617
80538315,1240943124
80578339,1241601890
80618368,1242244592
80658393,1242807808
80698416,1243456184
80738450,1244085294
80778470,1244636364
80818503,1245260532
80858533,1245899238
80898560,1246529395
80938589,1247159865
80978628,1247744241
81018680,1248298916
81058716,1248969254
81098752,1249644819
81138784,1250309317
81178813,1250969840
81218842,1251625052
81258868,1252272630
81298898,1252925213
81338926,1253556972
81378956,1254190223
81418984,1254757152
81459010,1255340455
81499063,1256004539
81539111,1256454193
81579134,1257116041
81619159,1257682173
81659188,1258344930
81699213,1258998172
81739237,1259543774
81779266,1260190203
81819295,1260818060
81859320,1261350436
81899344,1261856699
81939374,1262402720
81979412,1263010484
82019461,1263621789
82059491,1264164312
82099518,1264734704
82139549,1265301727
82179579,1265980090
82219610,1266649258
82259642,1267303049
82299669,1267948444
82339689,1268497632
82379718,1269136575
82419745,1269770524
82459768,1270301651
82499819,1270932569
82539865,1271561413
82579890,1272179645
82619917,1272784938
82659943,1273304725
82699962,1273871388
82739987,1274533112
82780013,1275202127
82820041,1275854849
82860068,1276447024
82900094,1277055068
82940118,1277654337
82980156,1278221612
83020205,1278846893
83060236,1279395271
83100267,1279985812
83140295,1280595148
83180323,1281177829
83220354,1281734699
83260376,1282303246
83300395,1282970811
83340421,1283638487
83380452,1284303860
83420484,1284963355
83460516,1285621867
83500566,1286262004
83540610,1286897423
83580638,1287536750
83620675,1288172165
83660707,1288807857
83700729,1289432591
83740760,1290016368
83780792,1290580385
83820822,1291238410
83860845,1291812035
83900863,1292468873
83940897,1293114412
83980935,1293659261
84020985,1294298598
84061021,1294935075
84101051,1295565323
84141080,1296169573
84181102,1296736324
84221125,1297359285
84261146,1297978139
84301174,1298488515
84341201,1299146933
84381233,1299821491
84421268,1300485393
84461293,1301127648
84501340,1301688355
84541385,1302330971
84581409,1302961898
84621431,1303571708
84661460,1304156099
84701491,1304830597
84741526,1305523532
84781556,1306155954
84821586,1306744004
84861612,1307310347
84901640,1307994432
84941670,1308757527
84981710,1309428273
85021761,1310000300
85061798,1310649428
85092824,1311169983
85132855,1311827828
85172882,1312390231
85212907,1312963123
85252935,1313585530
85292967,1314209079
85332998,1314827783
85373025,1315328330
85413058,1316004889
85453087,1316682834
85493134,1317343941
85533182,1317916953
85573207,1318531579
85613238,1319162656
85653267,1319733881
85693298,1320377608
85733327,1321013747
85773354,1321637422
85813380,1322258641
85853406,1322869822
85893434,1323464740
85933462,1324014153
85973495,1324587689
86013547,1325253894
86053587,1325921752
86093616,1326557499
86133645,1327113994
86173676,1327753315
86213702,1328289811
86253730,1328914323
86293756,1329497397
86333783,1330079977
86373811,1330697092
86413835,1331314121
86453863,1331889677
86493914,1332343202
86533964,1333005210
86573992,1333677817
86614029,1334353327
86654054,1335015222
86694079,1335658628
86734102,1336191990
86774130,1336830287
86814153,1337456335
86854179,1338055762
86894206,1338638939
86934232,1339264422
86974264,1339884373
87014316,1340463481
87054356,1341025164
87094388,1341705509
87134421,1342377730
87174455,1343047659
87214480,1343712005
87254510,1344369491
87294540,1345021817
87334571,1345765224
87374602,1346418000
87414635,1347056019
87454666,1347689228
87494713,1348306933
87534764,1348884186
87574790,1349446391
87614822,1350111467
87654849,1350680180
87694880,1351341109
87734912,1351995514
87774940,1352652326
87814964,1353301748
87855003,1353956592
87895034,1354605113
87935059,1355232273
87975092,1355858247
88015144,1356479362
88055184,1357157180
88095215,1357612047
88135247,1358290797
88175279,1358943813
88215303,1359513131
88255326,1360168589
88295351,1360815408
88335380,1361451421
88375408,1362088809
88415435,1362742415
88455463,1363393641
88495509,1363980767
88535559,1364550467
88565906,1365038649
88605611,1365605515
88645642,1366152059
88685672,1366733200
88725701,1367397690
88765732,1368061308
88805760,1368721449
88845791,1369361167
88885817,1369916763
88925844,1370562445
88965873,1371198382
89005927,1371824096
89045975,1372445025
89086008,1373071630
89126041,1373699023
89166075,1374196392
89206105,1374756016
89246135,1375416312
89286161,1376009719
89326183,1376622830
89366213,1377178410
89406236,1377821022
89446259,1378462390
89486299,1379104148
89526351,1379733477
89566384,1380382303
89606416,1381023753
89646449,1381658339
89686481,1382305813
89726509,1382777676
89766543,1383451100
89806571,1384114450
89846595,1384763701
89886621,1385321474
89926653,1385973803
89966677,1386557113
90006728,1387163701
90046775,1387806321
90086804,1388451961
90126839,1389169998
90166867,1389790794
90206890,1390337444
90246919,1390903739
90286948,1391458660
90326977,1392136177
90367001,1392805579
90407025,1393447973
90447049,1394019402
90487086,1394669293
90527137,1395315915
90567176,1395968408
90607205,1396609770
90647241,1397244697
90687271,1397857578
90727293,1398404400
90767313,1399016882
90807337,1399608321
90847362,1400175486
90887397,1400855241
90927431,1401525204
90967457,1402181841
91007510,1402812266
91047554,1403366122
91087584,1404012697
91127618,1404658465
91167653,1405299219
91207689,1405932831
91247714,1406556118
91287740,1407070716
91327769,1407717197
91367797,1408183557
91407821,1408742336
91447850,1409412826
91487895,1410070137
91527947,1410697581
91567981,1411276633
91608008,1411926496
91648041,1412582962
91688073,1413319613
91728100,1413864958
91768124,1414488656
91808147,1415100548
91848174,1415624960
91888206,1416310637
91928234,1416864201
91968262,1417554133
92008312,1418131604
92048354,1418777119
92088389,1419440546
92128421,1420086720
92168449,1420730661
92208484,1421376398
92248511,1422020536
92288541,1422664852
92328569,1423281925
92368592,1423905202
92408624,1424537110
92448660,1425035735
92488698,1425600749
92528748,1426265148
92568778,1426807470
92608804,1427463075
92648829,1428103084
92688852,1428659195
92728878,1429194672
92768903,1429795644
92808933,1430327249
92848964,1430960066
92888996,1431596034
92929025,1432232178
92969058,1432906004
93009111,1433432147
93049160,1434018952
93089190,1434671911
93129214,1435241300
93169247,1435893720
93209272,1436544039
93249298,1437183283
93289320,1437761284
93329348,1438374252
93369376,1439005424
93409404,1439648529
93449430,1440252105
93489474,1440882019
93529525,1441463079
93569557,1441937316
93609585,1442591014
93649617,1443262759
93689650,1443929748
93729681,1444596580
93769715,1445257907
93809741,1445991657
93849768,1446591988
93889791,1447189359
93929819,1447811469
93969842,1448338787
94009893,1448961455
94049940,1449582533
94089970,1450176505
94130001,1450740999
94170030,1451413351
94210056,1452077402
94250085,1452722246
94290109,1453281207
94330133,1453928809
94370162,1454571652
94410194,1455225911
94450220,1455858105
94490259,1456466978
94530309,1457019797
94570352,1457645661
94610376,1458314074
94650399,1458767282
94690431,1459443277
94730465,1460117686
94770497,1460778420
94810529,1461374946
94850552,1461971779
94890586,1462619754
94930620,1463274856
94970645,1463905170
95010696,1464528211
95050746,1465154449
95090774,1465789514
95130806,1466312052
95170837,1466894449
95210864,1467440034
95250888,1468010159
95290915,1468666229
95330947,1469317770
95370977,1469902345
95411002,1470540210
95451034,1471185031
95491072,1471817286
95531122,1472358376
95571152,1472985697
95611173,1473610650
95651200,1474238830
95691237,1474864636
95731268,1475448523
95771294,1476026406
95811326,1476709805
95851355,1477385197
95891377,1478047348
95931407,1478708858
95971428,1479360905
96011479,1479994260
96051523,1480608043
96091551,1481166711
96131584,1481788318
96171611,1482309533
96211646,1482926466
96251674,1483600486
96291698,1484049722
96331722,1484600926
96371752,1485267342
96411782,1485821056
96451806,1486475491
96491848,1487125373
96531898,1487770576
96571932,1488421967
96611963,1489074437
96651987,1489705870
96692012,1490325181
96732041,1490967335
96772081,1491600557
96812113,1492189624
96852144,1492741645
96892182,1493416359
96932215,1494047802
96972243,1494743838
97012293,1495306907
97052339,1495949878
97083361,1496442210
97123385,1497004214
97163415,1497624666
97203439,1498256408
97243464,1498780421
97283488,1499341681
97323524,1500014133
97363554,1500606836
97403581,1501158177
97443602,1501736194
97483641,1502396494
97523691,1503053879
97563729,1503717145
97603760,1504381955
97643788,1505041271
97683822,1505705082
97723857,1506408239
97763888,1507018355
97803916,1507592987
97843939,1508210337
97883963,1508862373
97923992,1509438360
97964022,1510122304
98004070,1510779612
98044119,1511346389
98084158,1512016282
98124197,1512762295
98164236,1513427116
98204267,1514079203
98244296,1514728733
98284327,1515372593
98324352,1516000833
98364380,1516622818
98404407,1517298399
98444436,1517751417
98484477,1518427813
98524527,1519093582
98564566,1519750462
98604598,1520424075
98644632,1521089387
98684668,1521749438
98724709,1522406419
98764744,1523149638
98804785,1523794435
98844820,1524433886
98884849,1525074791
98924878,1525741452
98964912,1526231107
99004959,1526866090
99045010,1527531023
99085039,1528202250
99125075,1528873437
99165106,1529528380
99205141,1530209204
99245166,1530810997
99285198,1531344179
99325227,1531975914
99365255,1532591966
99405280,1533115882
99445303,1533726648
99485339,1534302920
99525392,1534753566
99565427,1535418545
99605454,1536083390
99645484,1536683104
99685509,1537281325
99725536,1537827492
99765568,1538471607
99805590,1539112337
99845615,1539738208
99885640,1540275087
99925672,1540895761
99965702,1541533690
100005749,1542155551
100045796,1542737446
100085834,1543290265
100125865,1543977154
100165900,1544650644
100205939,1545319925
100245967,1545984388
100285997,1546647920
100326025,1547319117
100366049,1547931016
100406082,1548576500
100446113,1549216718
100486153,1549863873
100526204,1550472966
100566245,1551131145
100606273,1551610903
100646307,1552322196
100686338,1553074165
100726369,1553746031
100766401,1554410983
100806427,1555067032
100846457,1555709132
100886491,1556324364
100926516,1556875838
100966541,1557453231
101006588,1558024672
101046639,1558646765
101086670,1559276362
101126702,1559868816
101166736,1560451791
101206772,1561222937
101246804,1561908085
101286842,1562578312
101326878,1563243639
101366912,1563978814
101406950,1564654879
101446989,1565304168
101487032,1565944623
101527082,1566570076
101567120,1567197896
101607148,1567866575
101647183,1568321881
101687213,1568999441
101727246,1569662370
101767269,1570246367
101807296,1570867299
101847319,1571410994
101887346,1572049908
101927369,1572642355
101967394,1573221941
102007440,1573848131
102047488,1574377543
102077811,1574863715
102117538,1575442250
102157562,1575987749
102197595,1576514418
102237620,1577128739
102277656,1577820942
102317691,1578495623
102357714,1579051157
102397738,1579684743
102437767,1580257089
102477796,1580871137
102517847,1581511865
102557891,1582152544
102597917,1582775704
102637941,1583304086
102677968,1583924609
102717992,1584442391
102758018,1585031059
102798050,1585601301
102838082,1586370965
102878116,1587060923
102918151,1587727411
102958181,1588390241
102998224,1589022231
103038273,1589563335
103078312,1590187194
103118336,1590723266
103158370,1591323303
103198395,1591899123
103238419,1592481145
103278445,1593058994
103318473,1593597494
103358496,1594213926
103398524,1594823905
103438554,1595484410
103478584,1596042213
103518632,1596679410
103558675,1597219127
103598704,1597862436
103638733,1598501609
103678758,1599124364
103718782,1599656132
103758813,1600281171
103798841,1600916117
103838871,1601597165
103878898,1602050678
103918933,1602782942
103958962,1603503130
103999001,1604143817
104039049,1604730173
104079081,1605382021
104119114,1606036475
104159144,1606682769
104199177,1607316193
104239206,1607934611
104279232,1608476400
104319255,1609094364
104359283,1609684848
104399312,1610193415
104439349,1610784315
104479383,1611428568
104519434,1612064779
104559475,1612623898
104599506,1613276636
104639527,1613862119
104679552,1614470659
104719578,1615087789
104759601,1615628298
104799634,1616269971
104839668,1616951115
104879706,1617639103
104919735,1618265532
104959764,1618760490
104999806,1619422084
105039859,1619996608
105079898,1620659719
105119927,1621314604
105159954,1621938970
105199985,1622513242
105240013,1623153500
105280040,1623683973
105320062,1624305739
105360088,1624910655
105400116,1625450210
105440147,1626084403
105480186,1626711985
105520238,1627201405
105560279,1627873330
105600315,1628555215
105640351,1629256591
105680389,1629999125
105720428,1630662977
105760463,1631317549
105800489,1631961829
105840515,1632596708
105880544,1633231449
105920571,1633858903
105960600,1634482892
106000642,1635013157
106040694,1635597597
106080725,1636161501
106120754,1636830518
106160795,1637508174
106200836,1638180628
106240874,1638848483
106280911,1639601791
106320937,1640257370
106360961,1640874844
106400980,1641431868
106441010,1642056645
106481038,1642674041
106521089,1643217579
106561133,1643826115
106601156,1644328163
106641177,1645000156
106681211,1645673555
106721244,1646340774
106761272,1647010938
106801302,1647752596
106841332,1648429321
106881362,1649075152
106921391,1649608092
106961417,1650236404
107001456,1650853646
107041508,1651458590
107081544,1652114001
107121572,1652585356
107161603,1653164101
107201635,1653822057
107241660,1654373687
107281686,1654911005
107321719,1655570696
107361748,1656227604
107401778,1656962383
107441808,1657634107
107481843,1658280941
107521894,1658909176
107561945,1659536145
107601975,1660164646
107642004,1660746663
107682033,1661308568
107722076,1661991597
107762111,1662670174
107802149,1663344027
107842187,1664092797
107882217,1664741381
107922240,1665307697
107962266,1665935003
108002312,1666546722
108042363,1667094946
108082393,1667729205
108122427,1668407194
108162454,1669031248
108202487,1669564017
108242516,1670245996
108282541,1670829915
108322568,1671454635
108362599,1672128517
108402625,1672789286
108442650,1673346302
108482680,1673982679
108522732,1674617205
108562773,1675225880
108602800,1675863985
108642827,1676508568
108682859,1677145934
108722888,1677740190
108762911,1678308507
108802937,1678979242
108842962,1679632998
108882985,1680178209
108923010,1680714939
108963036,1681347692
109003081,1681906194
109043131,1682529067
109083164,1683070644
109123195,1683706325
109163227,1684344370
109203259,1685070484
109243290,1685695488
109283319,1686195938
109323353,1686859734
109363385,1687430815
109403407,1688094155
109443433,1688746879
109483463,1689387187
109523515,1689956891
109563556,1690598619
109603591,1691344367
109643624,1691993287
109683651,1692635836
109723673,1693261642
109763702,1693883169
109803729,1694455623
109843753,1694904908
109883776,1695569510
109923804,1696126501
109963829,1696776843
110003875,1697432084
110043925,1698043438
110083964,1698739133
110124003,1699397750
110164036,1700044043
110204070,1700688851
110244104,1701385779
110284133,1702025929
110324161,1702573263
110364190,1703160596
110404222,1703740760
110444256,1704420072
110484291,1705168033
110524345,1705752618
110564388,1706406899
110604423,1707056992
110644454,1707708559
110684485,1708404772
110724514,1709099075
110764547,1709720744
110804569,1710253192
110844593,1710864168
110884622,1711456523
110924651,1712023727
110964689,1712706327
111004733,1713376270
111044785,1714034554
111084824,1714696114
111124853,1715341724
111164878,1715884668
111204909,1716515715
111244928,1717040790
111284956,1717665022
111324984,1718251987
111365009,1718804151
111405036,1719415623
111445063,1719912977
111485095,1720592813
111525147,1721259593
111565195,1721923689
111605225,1722492614
111645250,1723115270
111685275,1723664069
111725303,1724342357
111765330,1725043980
111805363,1725703227
111845389,1726333917
111885418,1726858539
111925450,1727486109
111965475,1728169144
112005516,1728622049
112045568,1729282888
112085597,1729844492
112125629,1730499905
112165658,1731167300
112205687,1731788588
112245710,1732352131
112285737,1732983022
112325758,1733599939
112365793,1734254387
112405832,1734897615
112445870,1735533947
112485909,1736165443
112525963,1736749703
112566008,1737312837
112606044,1737992852
112646082,1738667294
112686115,1739327585
112726149,1739983500
112766173,1740629798
112806196,1741252256
112846218,1741802409
112886240,1742417834
112926263,1742960482
112966294,1743595698
113006337,1744219599
113046390,1744888283
113086416,1745336776
113126455,1746017701
113166493,1746698392
113206536,1747371897
113246573,1748115847
113286600,1748690960
113326625,1749336975
113366650,1749973276
113406683,1750504573
113446710,1751127283
113486740,1751649068
113526790,1752273485
113566833,1752896332
113606860,1753484182
113646890,1754047980
113686927,1754729342
113726959,1755396398
113766985,1756057619
113807009,1756707107
113847034,1757302475
113887053,1757893196
113927085,1758530591
113967109,1759062820
114007150,1759690372
114047201,1760316665
114087237,1760948686
114127272,1761577946
114167310,1762166655
114207345,1762748708
114247372,1763416444
114287398,1764079953
114327430,1764744001
114367457,1765398872
114407486,1766053403
114447512,1766705281
114487543,1767354635
114527593,1767973077
114567636,1768502934
114607665,1769118634
114647686,1769722086
114687717,1770317505
114727749,1770774687
114767780,1771448720
114807809,1772112646
114847835,1772781905
114887858,1773438889
114927888,1774004225
114967916,1774608549
115007956,1775143966
115048008,1775762106
115088042,1776316879
115128068,1776931252
115168096,1777543547
115208129,1778144866
115248154,1778740254
115288178,1779202343
115328203,1779859525
115368232,1780508752
115408253,1781088780
115448279,1781749723
115488310,1782421375
115528361,1783057623
115568408,1783703161
115608438,1784357038
115648466,1784967182
115688493,1785592516
115728519,1786108575
115768545,1786618729
115808573,1787198552
115848608,1787764111
115888642,1788439904
115928669,1789107067
115968695,1789764661
116008734,1790418101
116048786,1790966177
116088814,1791606605
116119834,1792104326
116159862,1792730216
116199895,1793281993
116239922,1793905036
116279946,1794521936
116319972,1795041024
116360002,1795619663
116400027,1796184787
116440055,1796853120
116480079,1797407657
116520131,1798067285
116560181,1798719209
116600203,1799354021
116640228,1799903023
116680253,1800517195
116720277,1801064175
116760302,1801672373
116800333,1802222447
116840362,1802845748
116880383,1803462097
116920407,1804046968
116960433,1804610367
117000472,1805287864
117040523,1805952142
117080558,1806553308
117120590,1807162128
117160624,1807825813
117200651,1808472587
117240681,1809107231
117280709,1809724520
117320733,1810270347
117360757,1810880427
117400783,1811514032
117440817,1812143032
117480850,1812641665
117520900,1813310283
117560950,1813965535
117600982,1814646712
117641012,1815319894
117681040,1815983563
117721068,1816529782
117761094,1817151623
117801123,1817781969
117841147,1818321807
117881174,1818947430
117921197,1819464390
117961222,1820086529
118001257,1820752774
118041309,1821200033
118081342,1821832470
118121366,1822435026
118161400,1823090738
118201433,1823751184
118241466,1824417030
118281493,1825052843
118321516,1825593370
118361540,1826222811
118401566,1826747166
118441591,1827377252
118481622,1828002394
118521669,1828615559
118561714,1829194617
118601743,1829671998
118641765,1830319625
118681789,1830990480
118721823,1831665082
118761855,1832351324
118801878,1832985643
118841906,1833628403
118881929,1834241978
118921953,1834797007
118961980,1835423627
119002014,1836050441
119042061,1836638252
119082100,1837247809
119122126,1837784776
119162158,1838346619
119202185,1839022226
119242222,1839690906
119282252,1840348409
119322278,1841003052
119362306,1841635274
119402332,1842197744
119442355,1842836526
119482383,1843451470
119522432,1844049687
119562481,1844629308
119602515,1845356469
119642553,1846038000
119682586,1846493046
119722613,1847171600
119762640,1847840868
119802665,1848475531
119842691,1849044119
119882718,1849669793
119922748,1850333473
119962785,1850997393
120002824,1851644182
120042875,1852277162
120082916,1852911101
120122955,1853547035
120162992,1854176597
120203026,1854771559
120243057,1855344021
120283095,1856116575
120323135,1856803353
120363174,1857475064
120403212,1858141617
120443248,1858885241
120483280,1859556061
120523332,1860193441
120563382,1860816277
120603407,1861447993
120643439,1862092925
120683477,1862723254
120715511,1862734503
120755563,1862736539
120795613,1862738575
120835664,1862740611
120875715,1862742647
120915766,1862744683
120955818,1862746719
120995872,1862748755
121035931,1862750791
121075990,1862752827
121116048,1862754863
121156108,1862756899
end_data


*** The last thread under control of EPOS has finished.
*** EPOS is shutting down!

(C)StarFive
CCCCCCCCCCCCCCC