
U-Boot SPL 2026.04-rc3-dirty (Feb 24 2026 - 23:57:14 -0300)
DDR version: dc2e84f0.
Trying to boot from SPI










This is EPOS!

Setting up this machine as follows: 
  Mode:         library
  Processor:    4 x RV64 at 600 MHz (BUS clock = 33 MHz)
  Machine:      VisionFive2
  Memory:       131072 KB [0x0000000040000000:0x0000000047ffffff]
  User memory:  130551 KB [0x0000000040000000:0x0000000047f7dfff]
  I/O space:    524288 KB [0x0000000000000000:0x000000001fffffff]
  Node Id:      will get from the network!
  Position:     will get from the network!

<0>: Monitor::init: system event 5 at 33 Hz created :<0>
<0>: Monitor::init: system event 7 at 33 Hz created :<0>
PMU::config(c=0,e=0,ee=0,f=0)
PMU::config(c=2,e=2,ee=2,f=0)
PMU::config(c=3,e=17,ee=256,f=0)
PMU::config(c=4,e=3,ee=512,f=0)
PMU::config(c=5,e=94,ee=262147,f=0)
PMU::config(c=6,e=95,ee=524291,f=0)
PMU::config(c=7,e=96,ee=1048579,f=0)
PMU::config(c=8,e=97,ee=2097155,f=0)
PMU::config(c=9,e=98,ee=260,f=0)
PMU::config(c=10,e=99,ee=0,f=0)
Stress feature test
Running experiments with the following configurations:
>  Measure time: true
>  Test duration: 60
>  Selected taskset: 1
>  Size of image 1: 49160
>  Size of image 2: 49160
>  Size of the bandwidth allocation: 2097152
>  CPU Clock: 1503MHz
>  CPU voltage: 1040mV
Taskset initialization...
Done.
Creating threads...
>  Thread[0]: period = 2500000, deadline = 2500000, wcet = 100000, activation = 
10000, times = 24, cpu = 1
>  Thread[1]: period = 2500000, deadline = 2500000, wcet = 100000, activation = 
10000, times = 24, cpu = 1
>  Thread[2]: period = 2500000, deadline = 2500000, wcet = 100000, activation = 
10000, times = 24, cpu = 2
>  Thread[3]: period = 2500000, deadline = 2500000, wcet = 100000, activation = 
10000, times = 24, cpu = 2
>  Thread[4]: period = 2500000, deadline = 2500000, wcet = 100000, activation = 
10000, times = 24, cpu = 3
>  Thread[5]: period = 2500000, deadline = 2500000, wcet = 100000, activation = 
10000, times = 24, cpu = 3
Done
Current time: 3945582
>  Iteration [0]...
>  Iteration [1]...
>  Iteration [2]...
>  Iteration [3]...
>  Iteration [4]...
>  Iteration [5]...
>  Iteration [6]...
>  Iteration [7]...
>  Iteration [8]...
>  Iteration [9]...
>  Iteration [10]...
>  Iteration [11]...
>  Iteration [12]...
>  Iteration [13]...
>  Iteration [14]...
>  Iteration [15]...
>  Iteration [16]...
>  Iteration [17]...
>  Iteration [18]...
>  Iteration [19]...
>  Iteration [20]...
>  Iteration [21]...
>  Iteration [22]...
>  Iteration [23]...
>  Iteration [24]...
>  Iteration [25]...
>  Iteration [26]...
>  Iteration [27]...
>  Iteration [28]...
>  Iteration [29]...
>  Iteration [30]...
>  Iteration [31]...
>  Iteration [32]...
>  Iteration [33]...
>  Iteration [34]...
>  Iteration [35]...
>  Iteration [36]...
>  Iteration [37]...
>  Iteration [38]...
>  Iteration [39]...
>  Iteration [40]...
>  Iteration [41]...
>  Iteration [42]...
>  Iteration [43]...
>  Iteration [44]...
>  Iteration [45]...
>  Iteration [46]...
>  Iteration [47]...
>  Iteration [48]...
>  Iteration [49]...
>  Iteration [50]...
>  Iteration [51]...
>  Iteration [52]...
>  Iteration [53]...
>  Iteration [54]...
>  Iteration [55]...
>  Iteration [56]...
>  Iteration [57]...
>  Iteration [58]...
>  Iteration [59]...
Returned to application main!
Elapsed: 63151047
Threads: 6
-----------------------------------------------------
...............Threads Timing Behavior...............
-----------------------------------------------------
Task [0]: 0x0000000047b11358
>   Counted iterations: 24
>   Execution time: 7945866 us
>   Job WCET: 395561 us
>   Iteration WCET: 3955 us
>   Average job runtime: 331077 us
>   Agerage iteration runtime: 3310 us
>   Iterations per job: 100
Task [1]: 0x0000000047af1078
>   Counted iterations: 24
>   Execution time: 12051714 us
>   Job WCET: 508806 us
>   Iteration WCET: 508806 us
>   Average job runtime: 502154 us
>   Agerage iteration runtime: 502154 us
>   Iterations per job: 1
Task [2]: 0x0000000047ad0d98
>   Counted iterations: 24
>   Execution time: 12883886 us
>   Job WCET: 544034 us
>   Iteration WCET: 544034 us
>   Average job runtime: 536828 us
>   Agerage iteration runtime: 536828 us
>   Iterations per job: 1
Task [3]: 0x0000000047ab0ab8
>   Counted iterations: 24
>   Execution time: 493 us
>   Job WCET: 20 us
>   Iteration WCET: 0 us
>   Average job runtime: 20 us
>   Agerage iteration runtime: 0 us
>   Iterations per job: 100
Task [4]: 0x0000000047a907d8
>   Counted iterations: 24
>   Execution time: 493 us
>   Job WCET: 20 us
>   Iteration WCET: 0 us
>   Average job runtime: 20 us
>   Agerage iteration runtime: 0 us
>   Iterations per job: 100
Task [5]: 0x0000000047a704f8
>   Counted iterations: 24
>   Execution time: 13063430 us
>   Job WCET: 553721 us
>   Iteration WCET: 553721 us
>   Average job runtime: 544309 us
>   Agerage iteration runtime: 544309 us
>   Iterations per job: 1
Taskset deallocation...
>  Deleting thread 0x0000000047b11358
>  Deleting thread 0x0000000047af1078
>  Deleting thread 0x0000000047ad0d98
>  Deleting thread 0x0000000047ab0ab8
>  Deleting thread 0x0000000047a907d8
>  Deleting thread 0x0000000047a704f8
Done.
FINAL_TS<63271989>
begin_data
CPU0
TS,0
32008,1205706200
72066,1205706200
112124,1205706200
152181,1205706200
192238,1205706200
232296,1205706200
272354,1205706200
312411,1205706200
352468,1205706200
392527,1205706200
432585,1205706200
472642,1205706200
512700,1205706200
552757,1205706200
592816,1205706200
632873,1205706200
672931,1205706200
712988,1205706200
753045,1205706200
793102,1205706200
833159,1205706200
873216,1205706200
913274,1205706200
953332,1205706200
993391,1205706200
1024433,1205706200
1064490,1205706200
1104547,1205706200
1144604,1205706200
1184662,1205706200
1224720,1205706200
1264777,1205706200
1304835,1205706200
1344893,1205706200
1384951,1205706200
1425009,1205706200
1465067,1205706200
1505125,1205706200
1545182,1205706200
1585240,1205706200
1625297,1205706200
1665355,1205706200
1705413,1205706200
1745470,1205706200
1785528,1205706200
1825586,1205706200
1865643,1205706200
1905700,1205706200
1945757,1205706200
1985816,1205706200
2016860,1205706200
2056918,1205706200
2096976,1205706200
2137033,1205706200
2177090,1205706200
2217148,1205706200
2257205,1205706200
2297262,1205706200
2337319,1205706200
2377376,1205706200
2417435,1205706200
2457493,1205706200
2497549,1205706200
2537600,1205706200
2577648,1205706200
2617694,1205706200
2657741,1205706200
2697788,1205706200
2737834,1205706200
2777879,1205706200
2817925,1205706200
2857957,1205706200
2897997,1205706200
2938035,1205706200
2978071,1205706200
3009093,1201996456
3049133,1205706200
3089188,1205706200
3129244,1205706200
3169299,1205706200
3209356,1205706200
3249411,1205706200
3289467,1205706200
3329522,1205706200
3369582,1205706200
3409642,1205706200
3449702,1205706200
3489762,1205706200
3529822,1205706200
3569882,1205706200
3609942,1205706200
3650002,1205706200
3690062,1205706200
3730122,1205706200
3770182,1205706200
3810242,1205706200
3850302,1205706200
3890362,1205706200
3930422,1205706200
3970482,1205706200
4010542,1205706200
4041588,1205706200
4081648,1205706200
4121708,1205706200
4161768,1205706200
4201828,1205706200
4241888,1205706200
4281948,1205706200
4322008,1205706200
4362068,1205706200
4402128,1205706200
4442188,1205706200
4482248,1205706200
4522308,1205706200
4562368,1205706200
4602428,1205706200
4642488,1205706200
4682548,1205706200
4722608,1205706200
4762668,1205706200
4802728,1205706200
4842788,1205706200
4882848,1205706200
4922908,1205706200
4962969,1205706200
5003025,1205706200
5034062,1205706200
5074106,1205706200
5114150,1205706200
5154196,1205706200
5194242,1205706200
5234285,1205706200
5274332,1205706200
5314377,1205706200
5354413,1205706200
5394445,1205706200
5434476,1205706200
5474511,1205706200
5514553,1205706200
5554598,1205706200
5594653,1205706200
5634710,1205706200
5674766,1205706200
5714821,1205706200
5754877,1205706200
5794931,1205706200
5834987,1205706200
5875048,1205706200
5915108,1205706200
5955168,1205706200
5995228,1205706200
6026273,1205706200
6066333,1205706200
6106393,1205706200
6146453,1205706200
6186513,1205706200
6226573,1205706200
6266633,1205706200
6306693,1205706200
6346753,1205706200
6386813,1205706200
6426873,1205706200
6466933,1205706200
6506993,1205706200
6547053,1205706200
6587113,1205706200
6627173,1205706200
6667233,1205706200
6707293,1205706200
6747353,1205706200
6787413,1205706200
6827473,1205706200
6867533,1205706200
6907593,1205706200
6947653,1205706200
6987713,1205706200
7018760,1201996456
7058819,1205706200
7098879,1205706200
7138939,1205706200
7178999,1205706200
7219059,1205706200
7259111,1205706200
7299164,1205706200
7339217,1205706200
7379280,1205706200
7419343,1205706200
7459410,1205706200
7499476,1205706200
7539520,1205706200
7579569,1205706200
7619616,1205706200
7659661,1205706200
7699707,1205706200
7739753,1205706200
7779796,1205706200
7819841,1205706200
7859879,1205706200
7899917,1205706200
7939959,1205706200
7979994,1205706200
8020028,1205706200
8051064,1205706200
8091117,1205706200
8131170,1205706200
8171225,1205706200
8211280,1205706200
8251335,1205706200
8291389,1205706200
8331444,1205706200
8371504,1205706200
8411564,1205706200
8451624,1205706200
8491684,1205706200
8531744,1205706200
8571804,1205706200
8611864,1205706200
8651924,1205706200
8691984,1205706200
8732044,1205706200
8772104,1205706200
8812164,1205706200
8852224,1205706200
8892284,1205706200
8932344,1205706200
8972404,1205706200
9012464,1205706200
9043509,1205706200
9083570,1205706200
9123630,1205706200
9163690,1205706200
9203750,1205706200
9243810,1205706200
9283870,1205706200
9323930,1205706200
9363990,1205706200
9404050,1205706200
9444110,1205706200
9484170,1205706200
9524230,1205706200
9564290,1205706200
9604350,1205706200
9644410,1205706200
9684470,1205706200
9724530,1205706200
9764590,1205706200
9804650,1205706200
9844710,1205706200
9884770,1205706200
9924830,1205706200
9964892,1205706200
10004947,1205706200
10035984,1205706200
10076030,1205706200
10116076,1205706200
10156121,1205706200
10196166,1205706200
10236210,1205706200
10276256,1205706200
10316302,1205706200
10356341,1205706200
10396374,1205706200
10436409,1205706200
10476446,1205706200
10516482,1205706200
10556525,1205706200
10596577,1205706200
10636632,1205706200
10676686,1205706200
10716741,1205706200
10756795,1205706200
10796850,1205706200
10836905,1205706200
10876964,1205706200
10917024,1205706200
10957084,1205706200
10997144,1205706200
11028193,1201996456
11068249,1205706200
11108309,1205706200
11148369,1205706200
11188429,1205706200
11228489,1205706200
11268549,1205706200
11308609,1205706200
11348669,1205706200
11388729,1205706200
11428789,1205706200
11468849,1205706200
11508909,1205706200
11548969,1205706200
11589029,1205706200
11629089,1205706200
11669149,1205706200
11709209,1205706200
11749269,1205706200
11789329,1205706200
11829389,1205706200
11869449,1205706200
11909509,1205706200
11949569,1205706200
11989629,1205706200
12029689,1205706200
12060733,1205706200
12100793,1205706200
12140853,1205706200
12180913,1205706200
12220973,1205706200
12261033,1205706200
12301093,1205706200
12341153,1205706200
12381213,1205706200
12421273,1205706200
12461333,1205706200
12501393,1205706200
12541442,1205706200
12581491,1205706200
12621537,1205706200
12661583,1205706200
12701629,1205706200
12741674,1205706200
12781720,1205706200
12821769,1205706200
12861809,1205706200
12901843,1205706200
12941879,1205706200
12981917,1205706200
13021954,1205706200
13052986,1205706200
13093034,1205706200
13133090,1205706200
13173144,1205706200
13213199,1205706200
13253249,1205706200
13293305,1205706200
13333356,1205706200
13373416,1205706200
13413476,1205706200
13453536,1205706200
13493596,1205706200
13533656,1205706200
13573716,1205706200
13613776,1205706200
13653836,1205706200
13693896,1205706200
13733956,1205706200
13774016,1205706200
13814076,1205706200
13854136,1205706200
13894196,1205706200
13934256,1205706200
13974316,1205706200
14014376,1205706200
14045420,1205706200
14085480,1205706200
14125540,1205706200
14165600,1205706200
14205660,1205706200
14245720,1205706200
14285780,1205706200
14325840,1205706200
14365900,1205706200
14405960,1205706200
14446020,1205706200
14486080,1205706200
14526140,1205706200
14566200,1205706200
14606260,1205706200
14646317,1205706200
14686375,1205706200
14726433,1205706200
14766490,1205706200
14806547,1205706200
14846603,1205706200
14886660,1205706200
14926717,1205706200
14966773,1205706200
15006831,1205706200
15037873,1201996456
15077915,1205706200
15117962,1205706200
15158005,1205706200
15198050,1205706200
15238092,1205706200
15278136,1205706200
15318181,1205706200
15358218,1205706200
15398255,1205706200
15438289,1205706200
15478323,1205706200
15518354,1205706200
15558398,1205706200
15598452,1205706200
15638507,1205706200
15678563,1205706200
15718619,1205706200
15758673,1205706200
15798728,1205706200
15838782,1205706200
15878842,1205706200
15918902,1205706200
15958962,1205706200
15999022,1205706200
16039082,1205706200
16070126,1205706200
16110186,1205706200
16150246,1205706200
16190306,1205706200
16230366,1205706200
16270426,1205706200
16310486,1205706200
16350546,1205706200
16390606,1205706200
16430666,1205706200
16470726,1205706200
16510786,1205706200
16550846,1205706200
16590906,1205706200
16630966,1205706200
16671026,1205706200
16711086,1205706200
16751146,1205706200
16791206,1205706200
16831266,1205706200
16871326,1205706200
16911386,1205706200
16951446,1205706200
16991506,1205706200
17031566,1205706200
17062611,1205706200
17102671,1205706200
17142731,1205706200
17182791,1205706200
17222851,1205706200
17262911,1205706200
17302971,1205706200
17343031,1205706200
17383091,1205706200
17423151,1205706200
17463211,1205706200
17503272,1205706200
17543326,1205706200
17583370,1205706200
17623418,1205706200
17663463,1205706200
17703506,1205706200
17743551,1205706200
17783598,1205706200
17823645,1205706200
17863685,1205706200
17903717,1205706200
17943755,1205706200
17983786,1205706200
18023819,1205706200
18054848,1205706200
18094898,1205706200
18134951,1205706200
18175004,1205706200
18215059,1205706200
18255114,1205706200
18295167,1205706200
18335223,1205706200
18375278,1205706200
18415338,1205706200
18455398,1205706200
18495458,1205706200
18535518,1205706200
18575578,1205706200
18615638,1205706200
18655698,1205706200
18695758,1205706200
18735818,1205706200
18775875,1205706200
18815932,1205706200
18855991,1205706200
18896047,1205706200
18936105,1205706200
18976162,1205706200
19016219,1205706200
19047265,1201996456
19087318,1205706200
19127376,1205706200
19167433,1205706200
19207491,1205706200
19247548,1205706200
19287606,1205706200
19327663,1205706200
19367721,1205706200
19407780,1205706200
19447836,1205706200
19487894,1205706200
19527951,1205706200
19568009,1205706200
19608066,1205706200
19648123,1205706200
19688182,1205706200
19728239,1205706200
19768298,1205706200
19808356,1205706200
19848414,1205706200
19888473,1205706200
19928530,1205706200
19968588,1205706200
20008648,1205706200
20048698,1205706200
20079734,1205706200
20119781,1205706200
20159827,1205706200
20199873,1205706200
20239917,1205706200
20279965,1205706200
20320011,1205706200
20360051,1205706200
20400085,1205706200
20440120,1205706200
20480161,1205706200
20520196,1205706200
20560235,1205706200
20600284,1205706200
20640341,1205706200
20680395,1205706200
20720450,1205706200
20760503,1205706200
20800557,1205706200
20840613,1205706200
20880673,1205706200
20920733,1205706200
20960793,1205706200
21000853,1205706200
21040913,1205706200
21071958,1205706200
21112018,1205706200
21152078,1205706200
21192138,1205706200
21232198,1205706200
21272258,1205706200
21312318,1205706200
21352378,1205706200
21392438,1205706200
21432498,1205706200
21472558,1205706200
21512618,1205706200
21552678,1205706200
21592738,1205706200
21632798,1205706200
21672858,1205706200
21712918,1205706200
21752978,1205706200
21793038,1205706200
21833098,1205706200
21873158,1205706200
21913218,1205706200
21953278,1205706200
21993338,1205706200
22033398,1205706200
22064443,1205706200
22104502,1205706200
22144560,1205706200
22184629,1205706200
22224697,1205706200
22264766,1205706200
22304833,1205706200
22344902,1205706200
22384969,1205706200
22425045,1205706200
22465108,1205706200
22505174,1205706200
22545226,1205706200
22585272,1205706200
22625321,1205706200
22665367,1205706200
22705411,1205706200
22745460,1205706200
22785506,1205706200
22825549,1205706200
22865590,1205706200
22905629,1205706200
22945666,1205706200
22985701,1205706200
23025732,1205706200
23056764,1201996456
23096810,1205706200
23136865,1205706200
23176918,1205706200
23216974,1205706200
23257026,1205706200
23297082,1205706200
23337135,1205706200
23377192,1205706200
23417252,1205706200
23457312,1205706200
23497372,1205706200
23537432,1205706200
23577492,1205706200
23617552,1205706200
23657612,1205706200
23697672,1205706200
23737732,1205706200
23777792,1205706200
23817852,1205706200
23857912,1205706200
23897972,1205706200
23938032,1205706200
23978092,1205706200
24018152,1205706200
24058212,1205706200
24089257,1205706200
24129317,1205706200
24169377,1205706200
24209437,1205706200
24249497,1205706200
24289557,1205706200
24329617,1205706200
24369677,1205706200
24409737,1205706200
24449797,1205706200
24489857,1205706200
24529917,1205706200
24569977,1205706200
24610037,1205706200
24650097,1205706200
24690157,1205706200
24730217,1205706200
24770277,1205706200
24810337,1205706200
24850397,1205706200
24890457,1205706200
24930517,1205706200
24970577,1205706200
25010638,1205706200
25050687,1205706200
25081722,1205706200
25121769,1205706200
25161813,1205706200
25201857,1205706200
25241903,1205706200
25281949,1205706200
25321995,1205706200
25362039,1205706200
25402075,1205706200
25442106,1205706200
25482134,1205706200
25522170,1205706200
25562210,1205706200
25602256,1205706200
25642309,1205706200
25682364,1205706200
25722420,1205706200
25762475,1205706200
25802529,1205706200
25842582,1205706200
25882640,1205706200
25922700,1205706200
25962760,1205706200
26002820,1205706200
26042880,1205706200
26073925,1205706200
26113985,1205706200
26154045,1205706200
26194105,1205706200
26234165,1205706200
26274225,1205706200
26314285,1205706200
26354345,1205706200
26394405,1205706200
26434465,1205706200
26474525,1205706200
26514585,1205706200
26554645,1205706200
26594705,1205706200
26634765,1205706200
26674825,1205706200
26714885,1205706200
26754945,1205706200
26795005,1205706200
26835065,1205706200
26875125,1205706200
26915185,1205706200
26955245,1205706200
26995305,1205706200
27035365,1205706200
27066412,1201996456
27106470,1205706200
27146530,1205706200
27186590,1205706200
27226650,1205706200
27266710,1205706200
27306770,1205706200
27346830,1205706200
27386891,1205706200
27426955,1205706200
27467022,1205706200
27507092,1205706200
27547145,1205706200
27587191,1205706200
27627236,1205706200
27667283,1205706200
27707330,1205706200
27747376,1205706200
27787422,1205706200
27827468,1205706200
27867510,1205706200
27907544,1205706200
27947577,1205706200
27987611,1205706200
28027645,1205706200
28067689,1205706200
28098726,1205706200
28138780,1205706200
28178836,1205706200
28218890,1205706200
28258945,1205706200
28298998,1205706200
28339054,1205706200
28379110,1205706200
28419170,1205706200
28459230,1205706200
28499290,1205706200
28539350,1205706200
28579410,1205706200
28619470,1205706200
28659530,1205706200
28699590,1205706200
28739650,1205706200
28779710,1205706200
28819770,1205706200
28859830,1205706200
28899890,1205706200
28939950,1205706200
28980010,1205706200
29020070,1205706200
29060130,1205706200
29091174,1205706200
29131234,1205706200
29171294,1205706200
29211354,1205706200
29251414,1205706200
29291474,1205706200
29331534,1205706200
29371594,1205706200
29411654,1205706200
29451714,1205706200
29491774,1205706200
29531834,1205706200
29571894,1205706200
29611954,1205706200
29652014,1205706200
29692074,1205706200
29732134,1205706200
29772194,1205706200
29812254,1205706200
29852314,1205706200
29892374,1205706200
29932434,1205706200
29972494,1205706200
30012557,1205706200
30052606,1205706200
30083641,1205706200
30123684,1205706200
30163731,1205706200
30203776,1205706200
30243820,1205706200
30283863,1205706200
30323910,1205706200
30363956,1205706200
30403991,1205706200
30444031,1205706200
30484061,1205706200
30524093,1205706200
30564131,1205706200
30604178,1205706200
30644234,1205706200
30684289,1205706200
30724341,1205706200
30764397,1205706200
30804452,1205706200
30844508,1205706200
30884564,1205706200
30924624,1205706200
30964684,1205706200
31004744,1205706200
31044804,1205706200
31075852,1201996456
31115908,1205706200
31155968,1205706200
31196028,1205706200
31236088,1205706200
31276148,1205706200
31316208,1205706200
31356268,1205706200
31396328,1205706200
31436388,1205706200
31476448,1205706200
31516508,1205706200
31556568,1205706200
31596628,1205706200
31636688,1205706200
31676748,1205706200
31716808,1205706200
31756868,1205706200
31796928,1205706200
31836988,1205706200
31877048,1205706200
31917108,1205706200
31957168,1205706200
31997228,1205706200
32037288,1205706200
32077348,1205706200
32108392,1205706200
32148452,1205706200
32188512,1205706200
32228572,1205706200
32268632,1205706200
32308692,1205706200
32348752,1205706200
32388812,1205706200
32428872,1205706200
32468932,1205706200
32508995,1205706200
32549051,1205706200
32589096,1205706200
32629145,1205706200
32669190,1205706200
32709238,1205706200
32749283,1205706200
32789330,1205706200
32829375,1205706200
32869420,1205706200
32909454,1205706200
32949487,1205706200
32989521,1205706200
33029552,1205706200
33069588,1205706200
33100623,1205706200
33140675,1205706200
33180730,1205706200
33220782,1205706200
33260837,1205706200
33300891,1205706200
33340946,1205706200
33381001,1205706200
33421061,1205706200
33461121,1205706200
33501181,1205706200
33541241,1205706200
33581301,1205706200
33621361,1205706200
33661421,1205706200
33701481,1205706200
33741541,1205706200
33781601,1205706200
33821661,1205706200
33861721,1205706200
33901781,1205706200
33941841,1205706200
33981901,1205706200
34021961,1205706200
34062021,1205706200
34093065,1205706200
34133126,1205706200
34173186,1205706200
34213246,1205706200
34253306,1205706200
34293366,1205706200
34333426,1205706200
34373486,1205706200
34413546,1205706200
34453606,1205706200
34493666,1205706200
34533726,1205706200
34573786,1205706200
34613846,1205706200
34653906,1205706200
34693966,1205706200
34734026,1205706200
34774086,1205706200
34814146,1205706200
34854206,1205706200
34894266,1205706200
34934326,1205706200
34974386,1205706200
35014448,1205706200
35054499,1205706200
35085538,1201996456
35125579,1205706200
35165625,1205706200
35205669,1205706200
35245714,1205706200
35285758,1205706200
35325804,1205706200
35365854,1205706200
35405887,1205706200
35445919,1205706200
35485957,1205706200
35525993,1205706200
35566028,1205706200
35606075,1205706200
35646129,1205706200
35686183,1205706200
35726236,1205706200
35766291,1205706200
35806343,1205706200
35846397,1205706200
35886453,1205706200
35926513,1205706200
35966573,1205706200
36006624,1205706200
36046677,1205706200
36086731,1205706200
36117771,1205706200
36157816,1205706200
36197867,1205706200
36237907,1205706200
36277951,1205706200
36318011,1205706200
36358071,1205706200
36398131,1205706200
36438191,1205706200
36478251,1205706200
36518294,1205706200
36558334,1205706200
36598390,1205706200
36638450,1205706200
36678515,1205706200
36718583,1205706200
36758649,1205706200
36798717,1205706200
36838784,1205706200
36878852,1205706200
36918918,1205706200
36958984,1205706200
36999052,1205706200
37039118,1205706200
37079185,1205706200
37110236,1205706200
37150302,1205706200
37190370,1205706200
37230437,1205706200
37270504,1205706200
37310570,1205706200
37350637,1205706200
37390704,1205706200
37430770,1205706200
37470837,1205706200
37510906,1205706200
37550973,1205706200
37591016,1205706200
37631060,1205706200
37671106,1205706200
37711152,1205706200
37751197,1205706200
37791244,1205706200
37831289,1205706200
37871336,1205706200
37911369,1205706200
37951405,1205706200
37991437,1205706200
38031473,1205706200
38071509,1205706200
38102544,1205706200
38142600,1205706200
38182656,1205706200
38222711,1205706200
38262768,1205706200
38302823,1205706200
38342878,1205706200
38382934,1205706200
38422994,1205706200
38463054,1205706200
38503114,1205706200
38543174,1205706200
38583234,1205706200
38623294,1205706200
38663354,1205706200
38703414,1205706200
38743474,1205706200
38783534,1205706200
38823594,1205706200
38863654,1205706200
38903714,1205706200
38943774,1205706200
38983834,1205706200
39023894,1205706200
39063954,1205706200
39095002,1201996456
39135059,1205706200
39175119,1205706200
39215179,1205706200
39255239,1205706200
39295299,1205706200
39335359,1205706200
39375419,1205706200
39415479,1205706200
39455539,1205706200
39495599,1205706200
39535659,1205706200
39575719,1205706200
39615779,1205706200
39655839,1205706200
39695899,1205706200
39735959,1205706200
39776019,1205706200
39816079,1205706200
39856139,1205706200
39896199,1205706200
39936259,1205706200
39976319,1205706200
40016381,1205706200
40056435,1205706200
40096483,1205706200
40127519,1205706200
40167566,1205706200
40207610,1205706200
40247658,1205706200
40287700,1205706200
40327746,1205706200
40367791,1205706200
40407828,1205706200
40447869,1205706200
40487909,1205706200
40527943,1205706200
40567977,1205706200
40608025,1205706200
40648081,1205706200
40688136,1205706200
40728191,1205706200
40768248,1205706200
40808302,1205706200
40848356,1205706200
40888411,1205706200
40928471,1205706200
40968531,1205706200
41008591,1205706200
41048651,1205706200
41088711,1205706200
41119757,1205706200
41159817,1205706200
41199877,1205706200
41239937,1205706200
41279997,1205706200
41320057,1205706200
41360117,1205706200
41400177,1205706200
41440237,1205706200
41480297,1205706200
41520357,1205706200
41560417,1205706200
41600477,1205706200
41640537,1205706200
41680597,1205706200
41720657,1205706200
41760717,1205706200
41800775,1205706200
41840833,1205706200
41880890,1205706200
41920948,1205706200
41961005,1205706200
42001062,1205706200
42041119,1205706200
42081177,1205706200
42112221,1205706200
42152278,1205706200
42192336,1205706200
42232394,1205706200
42272451,1205706200
42312509,1205706200
42352568,1205706200
42392635,1205706200
42432704,1205706200
42472771,1205706200
42512842,1205706200
42552901,1205706200
42592948,1205706200
42632994,1205706200
42673041,1205706200
42713088,1205706200
42753134,1205706200
42793180,1205706200
42833227,1205706200
42873272,1205706200
42913306,1205706200
42953340,1205706200
42993383,1205706200
43033420,1205706200
43073455,1205706200
43104492,1201996456
43144544,1205706200
43184599,1205706200
43224651,1205706200
43264708,1205706200
43304761,1205706200
43344813,1205706200
43384869,1205706200
43424929,1205706200
43464989,1205706200
43505049,1205706200
43545109,1205706200
43585169,1205706200
43625229,1205706200
43665289,1205706200
43705349,1205706200
43745409,1205706200
43785469,1205706200
43825529,1205706200
43865589,1205706200
43905649,1205706200
43945709,1205706200
43985769,1205706200
44025829,1205706200
44065889,1205706200
44105949,1205706200
44136993,1205706200
44177053,1205706200
44217113,1205706200
44257173,1205706200
44297233,1205706200
44337293,1205706200
44377353,1205706200
44417413,1205706200
44457473,1205706200
44497533,1205706200
44537593,1205706200
44577653,1205706200
44617713,1205706200
44657773,1205706200
44697833,1205706200
44737893,1205706200
44777953,1205706200
44818013,1205706200
44858073,1205706200
44898133,1205706200
44938193,1205706200
44978253,1205706200
45018315,1205706200
45058371,1205706200
45098416,1205706200
45129453,1205706200
45169499,1205706200
45209543,1205706200
45249590,1205706200
45289636,1205706200
45329680,1205706200
45369725,1205706200
45409765,1205706200
45449803,1205706200
45489841,1205706200
45529879,1205706200
45569910,1205706200
45609957,1205706200
45650012,1205706200
45690065,1205706200
45730119,1205706200
45770175,1205706200
45810227,1205706200
45850280,1205706200
45890334,1205706200
45930394,1205706200
45970454,1205706200
46010514,1205706200
46050574,1205706200
46090634,1205706200
46121679,1205706200
46161739,1205706200
46201799,1205706200
46241859,1205706200
46281919,1205706200
46321979,1205706200
46362039,1205706200
46402099,1205706200
46442159,1205706200
46482219,1205706200
46522279,1205706200
46562339,1205706200
46602399,1205706200
46642459,1205706200
46682519,1205706200
46722579,1205706200
46762639,1205706200
46802699,1205706200
46842759,1205706200
46882819,1205706200
46922879,1205706200
46962939,1205706200
47002999,1205706200
47043059,1205706200
47083119,1205706200
47114166,1201996456
47154225,1205706200
47194285,1205706200
47234345,1205706200
47274405,1205706200
47314465,1205706200
47354525,1205706200
47394585,1205706200
47434644,1205706200
47474700,1205706200
47514757,1205706200
47554821,1205706200
47594866,1205706200
47634912,1205706200
47674958,1205706200
47715004,1205706200
47755049,1205706200
47795093,1205706200
47835140,1205706200
47875187,1205706200
47915220,1205706200
47955260,1205706200
47995295,1205706200
48035328,1205706200
48075357,1205706200
48115402,1205706200
48146446,1205706200
48186497,1205706200
48226553,1205706200
48266606,1205706200
48306657,1205706200
48346710,1205706200
48386762,1205706200
48426822,1205706200
48466882,1205706200
48506942,1205706200
48547002,1205706200
48587062,1205706200
48627122,1205706200
48667182,1205706200
48707242,1205706200
48747302,1205706200
48787362,1205706200
48827422,1205706200
48867482,1205706200
48907542,1205706200
48947602,1205706200
48987662,1205706200
49027722,1205706200
49067782,1205706200
49107842,1205706200
49138886,1205706200
49178946,1205706200
49219006,1205706200
49259066,1205706200
49299126,1205706200
49339186,1205706200
49379246,1205706200
49419306,1205706200
49459366,1205706200
49499426,1205706200
49539486,1205706200
49579546,1205706200
49619606,1205706200
49659666,1205706200
49699726,1205706200
49739786,1205706200
49779846,1205706200
49819906,1205706200
49859966,1205706200
49900026,1205706200
49940086,1205706200
49980146,1205706200
50020203,1205706200
50060260,1205706200
50100307,1205706200
50131344,1205706200
50171387,1205706200
50211431,1205706200
50251476,1205706200
50291522,1205706200
50331566,1205706200
50371612,1205706200
50411652,1205706200
50451688,1205706200
50491725,1205706200
50531757,1205706200
50571795,1205706200
50611836,1205706200
50651889,1205706200
50691945,1205706200
50731999,1205706200
50772053,1205706200
50812108,1205706200
50852160,1205706200
50892214,1205706200
50932274,1205706200
50972334,1205706200
51012394,1205706200
51052454,1205706200
51092514,1205706200
51123562,1201996456
51163618,1205706200
51203678,1205706200
51243738,1205706200
51283798,1205706200
51323858,1205706200
51363918,1205706200
51403978,1205706200
51444038,1205706200
51484098,1205706200
51524158,1205706200
51564218,1205706200
51604278,1205706200
51644338,1205706200
51684398,1205706200
51724458,1205706200
51764518,1205706200
51804578,1205706200
51844638,1205706200
51884698,1205706200
51924758,1205706200
51964818,1205706200
52004878,1205706200
52044938,1205706200
52084998,1205706200
52125058,1205706200
52156103,1205706200
52196163,1205706200
52236223,1205706200
52276283,1205706200
52316343,1205706200
52356403,1205706200
52396463,1205706200
52436523,1205706200
52476583,1205706200
52516643,1205706200
52556705,1205706200
52596754,1205706200
52636801,1205706200
52676848,1205706200
52716892,1205706200
52756940,1205706200
52796985,1205706200
52837032,1205706200
52877078,1205706200
52917120,1205706200
52957157,1205706200
52997199,1205706200
53037239,1205706200
53077275,1205706200
53117320,1205706200
53148360,1205706200
53188415,1205706200
53228469,1205706200
53268522,1205706200
53308578,1205706200
53348631,1205706200
53388684,1205706200
53428744,1205706200
53468804,1205706200
53508864,1205706200
53548924,1205706200
53588984,1205706200
53629044,1205706200
53669104,1205706200
53709164,1205706200
53749224,1205706200
53789284,1205706200
53829344,1205706200
53869404,1205706200
53909464,1205706200
53949524,1205706200
53989584,1205706200
54029644,1205706200
54069704,1205706200
54109764,1205706200
54140808,1205706200
54180868,1205706200
54220928,1205706200
54260988,1205706200
54301048,1205706200
54341108,1205706200
54381168,1205706200
54421228,1205706200
54461288,1205706200
54501348,1205706200
54541408,1205706200
54581468,1205706200
54621528,1205706200
54661588,1205706200
54701648,1205706200
54741708,1205706200
54781768,1205706200
54821828,1205706200
54861888,1205706200
54901948,1205706200
54942008,1205706200
54982068,1205706200
55022128,1205706200
55062187,1205706200
55102235,1205706200
55133273,1201996456
55173318,1205706200
55213362,1205706200
55253408,1205706200
55293455,1205706200
55333499,1205706200
55373545,1205706200
55413587,1205706200
55453627,1205706200
55493666,1205706200
55533708,1205706200
55573740,1205706200
55613786,1205706200
55653839,1205706200
55693894,1205706200
55733947,1205706200
55774002,1205706200
55814056,1205706200
55854110,1205706200
55894165,1205706200
55934226,1205706200
55974286,1205706200
56014346,1205706200
56054406,1205706200
56094466,1205706200
56134526,1205706200
56165571,1205706200
56205631,1205706200
56245691,1205706200
56285751,1205706200
56325811,1205706200
56365871,1205706200
56405931,1205706200
56445991,1205706200
56486051,1205706200
56526111,1205706200
56566171,1205706200
56606231,1205706200
56646291,1205706200
56686351,1205706200
56726411,1205706200
56766471,1205706200
56806531,1205706200
56846591,1205706200
56886651,1205706200
56926711,1205706200
56966771,1205706200
57006831,1205706200
57046891,1205706200
57086951,1205706200
57127011,1205706200
57158056,1205706200
57198116,1205706200
57238176,1205706200
57278233,1205706200
57318290,1205706200
57358346,1205706200
57398402,1205706200
57438461,1205706200
57478528,1205706200
57518597,1205706200
57558661,1205706200
57598711,1205706200
57638757,1205706200
57678805,1205706200
57718852,1205706200
57758896,1205706200
57798944,1205706200
57838990,1205706200
57879035,1205706200
57919084,1205706200
57959123,1205706200
57999161,1205706200
58039198,1205706200
58079232,1205706200
58119274,1205706200
58150313,1205706200
58190369,1205706200
58230424,1205706200
58270479,1205706200
58310531,1205706200
58350585,1205706200
58390641,1205706200
58430696,1205706200
58470756,1205706200
58510816,1205706200
58550876,1205706200
58590936,1205706200
58630996,1205706200
58671056,1205706200
58711116,1205706200
58751176,1205706200
58791236,1205706200
58831296,1205706200
58871356,1205706200
58911416,1205706200
58951476,1205706200
58991536,1205706200
59031596,1205706200
59071656,1205706200
59111716,1205706200
59142764,1201996456
59182821,1205706200
59222881,1205706200
59262941,1205706200
59303001,1205706200
59343061,1205706200
59383121,1205706200
59423181,1205706200
59463241,1205706200
59503301,1205706200
59543361,1205706200
59583421,1205706200
59623481,1205706200
59663541,1205706200
59703601,1205706200
59743661,1205706200
59783721,1205706200
59823781,1205706200
59863841,1205706200
59903901,1205706200
59943961,1205706200
59984021,1205706200
60024081,1205706200
60064140,1205706200
60104189,1205706200
60144233,1205706200
60184277,1205706200
60224319,1205706200
60264367,1205706200
60304413,1205706200
60344459,1205706200
60384507,1205706200
60424551,1205706200
60464589,1205706200
60504629,1205706200
60544665,1205706200
60584700,1205706200
60624743,1205706200
60664796,1205706200
60704852,1205706200
60744907,1205706200
60784961,1205706200
60825016,1205706200
60865070,1205706200
60905124,1205706200
60945184,1205706200
60985244,1205706200
61025304,1205706200
61065364,1205706200
61105424,1205706200
61145484,1205706200
61185544,1205706200
61225604,1205706200
61265664,1205706200
61305724,1205706200
61345784,1205706200
61385844,1205706200
61425904,1205706200
61465964,1205706200
61506024,1205706200
61546084,1205706200
61586144,1205706200
61626204,1205706200
61666264,1205706200
61706324,1205706200
61746384,1205706200
61786444,1205706200
61826504,1205706200
61866564,1205706200
61906624,1205706200
61946684,1205706200
61986744,1205706200
62026804,1205706200
62066864,1205706200
62106924,1205706200
62146984,1205706200
62187044,1205706200
62227105,1205706200
62267164,1205706200
62307224,1205706200
62347284,1205706200
62387344,1205706200
62427404,1205706200
62467464,1205706200
62507524,1205706200
62538572,1205837864
TS,1
32009,0
72066,0
112124,0
152181,0
192238,0
232297,0
272354,0
312411,0
352469,0
392527,0
432585,0
472643,0
512700,0
552758,0
592816,0
632873,0
672931,0
712989,0
753045,0
793102,0
833160,0
873217,0
913274,0
953333,0
993391,0
1024433,0
1064490,0
1104547,0
1144605,0
1184662,0
1224720,0
1264777,0
1304835,0
1344893,0
1384951,0
1425009,0
1465068,0
1505126,0
1545182,0
1585240,0
1625297,0
1665356,0
1705413,0
1745470,0
1785529,0
1825586,0
1865643,0
1905700,0
1945757,0
1985816,0
2016860,0
2056918,0
2096976,0
2137033,0
2177090,0
2217148,0
2257205,0
2297263,0
2337319,0
2377376,0
2417435,0
2457494,0
2497551,0
2537602,0
2577650,0
2617695,0
2657742,0
2697789,0
2737835,0
2777880,0
2817926,0
2857958,0
2897998,0
2938036,0
2978073,0
3009094,18446744073709
3049134,0
3089189,0
3129245,0
3169300,0
3209357,0
3249412,0
3289468,0
3329523,0
3369582,0
3409642,0
3449702,0
3489762,0
3529822,0
3569882,0
3609942,0
3650002,0
3690062,0
3730122,0
3770182,0
3810242,0
3850302,0
3890362,0
3930422,0
3970482,0
4010543,0
4041588,0
4081648,0
4121708,0
4161768,0
4201828,0
4241888,0
4281948,0
4322008,0
4362068,0
4402128,0
4442188,0
4482248,0
4522308,0
4562368,0
4602428,0
4642488,0
4682548,0
4722608,0
4762668,0
4802728,0
4842788,0
4882848,0
4922908,0
4962971,0
5003026,0
5034063,0
5074108,0
5114152,0
5154197,0
5194243,0
5234287,0
5274333,0
5314378,0
5354414,0
5394446,0
5434477,0
5474512,0
5514554,0
5554599,0
5594654,0
5634711,0
5674767,0
5714822,0
5754878,0
5794932,0
5834988,0
5875048,0
5915108,0
5955168,0
5995228,0
6026273,0
6066333,0
6106393,0
6146453,0
6186513,0
6226573,0
6266633,0
6306693,0
6346753,0
6386814,0
6426873,0
6466933,0
6506993,0
6547053,0
6587113,0
6627173,0
6667233,0
6707293,0
6747353,0
6787413,0
6827473,0
6867533,0
6907593,0
6947653,0
6987713,0
7018760,18446744073709
7058819,0
7098879,0
7138939,0
7178999,0
7219059,0
7259111,0
7299165,0
7339218,0
7379281,0
7419344,0
7459410,0
7499477,0
7539521,0
7579570,0
7619618,0
7659662,0
7699709,0
7739754,0
7779798,0
7819842,0
7859880,0
7899918,0
7939960,0
7979995,0
8020029,0
8051065,0
8091118,0
8131171,0
8171226,0
8211281,0
8251336,0
8291390,0
8331445,0
8371504,0
8411564,0
8451624,0
8491684,0
8531744,0
8571804,0
8611865,0
8651924,0
8691984,0
8732044,0
8772104,0
8812164,0
8852224,0
8892284,0
8932344,0
8972404,0
9012464,0
9043510,0
9083570,0
9123630,0
9163690,0
9203750,0
9243810,0
9283870,0
9323930,0
9363990,0
9404050,0
9444110,0
9484170,0
9524230,0
9564290,0
9604350,0
9644410,0
9684470,0
9724530,0
9764590,0
9804650,0
9844710,0
9884770,0
9924830,0
9964892,0
10004948,0
10035985,0
10076031,0
10116077,0
10156122,0
10196167,0
10236212,0
10276257,0
10316304,0
10356342,0
10396376,0
10436409,0
10476447,0
10516483,0
10556526,0
10596578,0
10636633,0
10676687,0
10716742,0
10756796,0
10796851,0
10836905,0
10876965,0
10917025,0
10957085,0
10997145,0
11028193,18446744073709
11068249,0
11108309,0
11148369,0
11188429,0
11228489,0
11268549,0
11308609,0
11348669,0
11388729,0
11428789,0
11468849,0
11508909,0
11548969,0
11589029,0
11629089,0
11669149,0
11709209,0
11749269,0
11789329,0
11829389,0
11869449,0
11909509,0
11949569,0
11989629,0
12029689,0
12060734,0
12100794,0
12140854,0
12180914,0
12220974,0
12261034,0
12301094,0
12341154,0
12381214,0
12421274,0
12461334,0
12501394,0
12541443,0
12581492,0
12621538,0
12661584,0
12701630,0
12741675,0
12781721,0
12821770,0
12861810,0
12901845,0
12941880,0
12981919,0
13021955,0
13052987,0
13093035,0
13133091,0
13173145,0
13213200,0
13253250,0
13293306,0
13333357,0
13373416,0
13413476,0
13453536,0
13493596,0
13533656,0
13573716,0
13613776,0
13653836,0
13693896,0
13733956,0
13774016,0
13814076,0
13854136,0
13894196,0
13934256,0
13974316,0
14014376,0
14045420,0
14085480,0
14125540,0
14165600,0
14205660,0
14245720,0
14285780,0
14325840,0
14365900,0
14405960,0
14446020,0
14486080,0
14526140,0
14566200,0
14606260,0
14646318,0
14686376,0
14726433,0
14766490,0
14806547,0
14846603,0
14886660,0
14926717,0
14966773,0
15006832,0
15037874,18446744073709
15077916,0
15117963,0
15158006,0
15198051,0
15238094,0
15278137,0
15318182,0
15358219,0
15398256,0
15438290,0
15478324,0
15518355,0
15558399,0
15598453,0
15638508,0
15678564,0
15718620,0
15758674,0
15798729,0
15838783,0
15878842,0
15918902,0
15958962,0
15999022,0
16039082,0
16070126,0
16110186,0
16150246,0
16190306,0
16230366,0
16270426,0
16310486,0
16350546,0
16390606,0
16430666,0
16470726,0
16510786,0
16550846,0
16590906,0
16630966,0
16671026,0
16711086,0
16751146,0
16791206,0
16831266,0
16871326,0
16911386,0
16951446,0
16991506,0
17031567,0
17062611,0
17102671,0
17142731,0
17182791,0
17222851,0
17262911,0
17302971,0
17343031,0
17383091,0
17423151,0
17463211,0
17503274,0
17543327,0
17583371,0
17623419,0
17663464,0
17703507,0
17743552,0
17783600,0
17823646,0
17863686,0
17903719,0
17943756,0
17983787,0
18023820,0
18054849,0
18094899,0
18134952,0
18175005,0
18215060,0
18255115,0
18295168,0
18335224,0
18375278,0
18415338,0
18455398,0
18495458,0
18535518,0
18575578,0
18615639,0
18655698,0
18695758,0
18735818,0
18775875,0
18815933,0
18855991,0
18896047,0
18936106,0
18976163,0
19016219,0
19047265,18446744073709
19087319,0
19127376,0
19167434,0
19207491,0
19247548,0
19287606,0
19327663,0
19367721,0
19407780,0
19447837,0
19487894,0
19527952,0
19568009,0
19608066,0
19648124,0
19688182,0
19728240,0
19768298,0
19808356,0
19848414,0
19888473,0
19928531,0
19968588,0
20008649,0
20048700,0
20079735,0
20119782,0
20159828,0
20199874,0
20239919,0
20279966,0
20320012,0
20360052,0
20400085,0
20440120,0
20480162,0
20520197,0
20560236,0
20600285,0
20640342,0
20680396,0
20720451,0
20760504,0
20800558,0
20840614,0
20880673,0
20920733,0
20960793,0
21000853,0
21040913,0
21071958,0
21112018,0
21152078,0
21192138,0
21232198,0
21272258,0
21312318,0
21352378,0
21392438,0
21432498,0
21472559,0
21512618,0
21552678,0
21592738,0
21632798,0
21672858,0
21712918,0
21752978,0
21793038,0
21833098,0
21873158,0
21913218,0
21953278,0
21993339,0
22033399,0
22064444,0
22104503,0
22144561,0
22184629,0
22224697,0
22264767,0
22304833,0
22344902,0
22384970,0
22425046,0
22465108,0
22505176,0
22545227,0
22585274,0
22625322,0
22665368,0
22705413,0
22745461,0
22785508,0
22825550,0
22865591,0
22905630,0
22945667,0
22985702,0
23025733,0
23056765,18446744073709
23096811,0
23136867,0
23176919,0
23216975,0
23257027,0
23297083,0
23337136,0
23377193,0
23417252,0
23457312,0
23497372,0
23537432,0
23577492,0
23617552,0
23657612,0
23697672,0
23737732,0
23777792,0
23817852,0
23857912,0
23897972,0
23938032,0
23978092,0
24018152,0
24058212,0
24089257,0
24129317,0
24169377,0
24209437,0
24249497,0
24289557,0
24329617,0
24369677,0
24409737,0
24449797,0
24489857,0
24529917,0
24569977,0
24610037,0
24650097,0
24690157,0
24730217,0
24770277,0
24810337,0
24850397,0
24890457,0
24930517,0
24970577,0
25010640,0
25050688,0
25081723,0
25121770,0
25161814,0
25201858,0
25241904,0
25281950,0
25321996,0
25362040,0
25402076,0
25442107,0
25482135,0
25522171,0
25562211,0
25602257,0
25642310,0
25682365,0
25722421,0
25762476,0
25802530,0
25842583,0
25882640,0
25922700,0
25962760,0
26002820,0
26042880,0
26073925,0
26113985,0
26154045,0
26194105,0
26234165,0
26274225,0
26314285,0
26354345,0
26394405,0
26434465,0
26474525,0
26514585,0
26554645,0
26594705,0
26634765,0
26674825,0
26714885,0
26754945,0
26795005,0
26835065,0
26875125,0
26915185,0
26955245,0
26995305,0
27035365,0
27066412,18446744073709
27106470,0
27146530,0
27186590,0
27226650,0
27266710,0
27306770,0
27346830,0
27386891,0
27426955,0
27467022,0
27507093,0
27547146,0
27587192,0
27627237,0
27667284,0
27707331,0
27747377,0
27787423,0
27827469,0
27867511,0
27907545,0
27947578,0
27987612,0
28027646,0
28067690,0
28098727,0
28138781,0
28178837,0
28218891,0
28258946,0
28298999,0
28339055,0
28379110,0
28419170,0
28459230,0
28499290,0
28539350,0
28579410,0
28619470,0
28659530,0
28699590,0
28739650,0
28779710,0
28819770,0
28859830,0
28899890,0
28939950,0
28980010,0
29020070,0
29060130,0
29091174,0
29131234,0
29171294,0
29211354,0
29251414,0
29291474,0
29331534,0
29371594,0
29411654,0
29451714,0
29491774,0
29531834,0
29571894,0
29611954,0
29652014,0
29692074,0
29732134,0
29772194,0
29812254,0
29852314,0
29892374,0
29932434,0
29972494,0
30012558,0
30052607,0
30083642,0
30123685,0
30163732,0
30203777,0
30243821,0
30283864,0
30323911,0
30363957,0
30403992,0
30444032,0
30484062,0
30524094,0
30564132,0
30604179,0
30644235,0
30684290,0
30724342,0
30764398,0
30804453,0
30844509,0
30884564,0
30924624,0
30964684,0
31004744,0
31044804,0
31075852,18446744073709
31115908,0
31155968,0
31196028,0
31236088,0
31276148,0
31316208,0
31356268,0
31396328,0
31436388,0
31476448,0
31516508,0
31556568,0
31596628,0
31636688,0
31676748,0
31716808,0
31756868,0
31796928,0
31836988,0
31877048,0
31917108,0
31957168,0
31997228,0
32037288,0
32077348,0
32108393,0
32148453,0
32188513,0
32228573,0
32268633,0
32308693,0
32348753,0
32388813,0
32428873,0
32468933,0
32508996,0
32549052,0
32589097,0
32629146,0
32669191,0
32709239,0
32749284,0
32789332,0
32829376,0
32869421,0
32909455,0
32949488,0
32989522,0
33029553,0
33069589,0
33100624,0
33140676,0
33180731,0
33220783,0
33260838,0
33300892,0
33340947,0
33381001,0
33421061,0
33461121,0
33501181,0
33541241,0
33581301,0
33621361,0
33661421,0
33701481,0
33741541,0
33781601,0
33821661,0
33861721,0
33901781,0
33941841,0
33981901,0
34021961,0
34062021,0
34093066,0
34133126,0
34173186,0
34213246,0
34253306,0
34293366,0
34333426,0
34373486,0
34413546,0
34453606,0
34493666,0
34533726,0
34573786,0
34613846,0
34653906,0
34693966,0
34734026,0
34774086,0
34814146,0
34854206,0
34894266,0
34934326,0
34974386,0
35014449,0
35054500,0
35085539,18446744073709
35125581,0
35165626,0
35205671,0
35245715,0
35285759,0
35325806,0
35365856,0
35405888,0
35445920,0
35485958,0
35525994,0
35566029,0
35606076,0
35646130,0
35686184,0
35726237,0
35766292,0
35806344,0
35846397,0
35886453,0
35926513,0
35966573,0
36006624,0
36046677,0
36086731,0
36117772,0
36157816,0
36197867,0
36237908,0
36277951,0
36318011,0
36358071,0
36398131,0
36438191,0
36478251,0
36518294,0
36558334,0
36598390,0
36638451,0
36678516,0
36718583,0
36758650,0
36798717,0
36838784,0
36878852,0
36918918,0
36958985,0
36999053,0
37039119,0
37079186,0
37110236,0
37150303,0
37190371,0
37230438,0
37270504,0
37310571,0
37350638,0
37390705,0
37430771,0
37470837,0
37510907,0
37550974,0
37591018,0
37631061,0
37671108,0
37711153,0
37751198,0
37791246,0
37831290,0
37871337,0
37911370,0
37951406,0
37991438,0
38031475,0
38071510,0
38102545,0
38142601,0
38182657,0
38222712,0
38262769,0
38302824,0
38342879,0
38382934,0
38422994,0
38463054,0
38503114,0
38543174,0
38583234,0
38623294,0
38663354,0
38703414,0
38743474,0
38783534,0
38823594,0
38863654,0
38903714,0
38943774,0
38983834,0
39023894,0
39063954,0
39095002,18446744073709
39135059,0
39175119,0
39215179,0
39255239,0
39295299,0
39335359,0
39375419,0
39415479,0
39455539,0
39495599,0
39535659,0
39575719,0
39615779,0
39655839,0
39695899,0
39735959,0
39776019,0
39816079,0
39856139,0
39896199,0
39936259,0
39976319,0
40016382,0
40056437,0
40096484,0
40127521,0
40167567,0
40207611,0
40247659,0
40287701,0
40327747,0
40367792,0
40407829,0
40447870,0
40487910,0
40527944,0
40567978,0
40608026,0
40648082,0
40688137,0
40728192,0
40768248,0
40808303,0
40848357,0
40888412,0
40928471,0
40968531,0
41008592,0
41048651,0
41088711,0
41119757,0
41159817,0
41199877,0
41239937,0
41279997,0
41320057,0
41360117,0
41400177,0
41440237,0
41480297,0
41520357,0
41560417,0
41600477,0
41640537,0
41680597,0
41720657,0
41760717,0
41800775,0
41840833,0
41880890,0
41920948,0
41961005,0
42001062,0
42041120,0
42081178,0
42112221,0
42152278,0
42192336,0
42232394,0
42272452,0
42312509,0
42352568,0
42392636,0
42432704,0
42472771,0
42512843,0
42552902,0
42592949,0
42632995,0
42673042,0
42713089,0
42753135,0
42793181,0
42833228,0
42873273,0
42913307,0
42953341,0
42993384,0
43033423,0
43073457,0
43104492,18446744073709
43144545,0
43184600,0
43224652,0
43264709,0
43304762,0
43344814,0
43384870,0
43424930,0
43464990,0
43505050,0
43545110,0
43585170,0
43625230,0
43665290,0
43705350,0
43745410,0
43785470,0
43825530,0
43865590,0
43905650,0
43945710,0
43985770,0
44025830,0
44065890,0
44105950,0
44136994,0
44177054,0
44217114,0
44257174,0
44297234,0
44337294,0
44377354,0
44417414,0
44457474,0
44497534,0
44537594,0
44577654,0
44617714,0
44657774,0
44697834,0
44737894,0
44777954,0
44818014,0
44858074,0
44898134,0
44938194,0
44978254,0
45018316,0
45058372,0
45098417,0
45129455,0
45169500,0
45209545,0
45249591,0
45289637,0
45329681,0
45369726,0
45409766,0
45449805,0
45489842,0
45529880,0
45569911,0
45609958,0
45650013,0
45690066,0
45730120,0
45770176,0
45810228,0
45850281,0
45890334,0
45930394,0
45970454,0
46010514,0
46050574,0
46090634,0
46121679,0
46161739,0
46201799,0
46241859,0
46281919,0
46321979,0
46362039,0
46402100,0
46442159,0
46482219,0
46522279,0
46562339,0
46602399,0
46642459,0
46682519,0
46722579,0
46762639,0
46802699,0
46842759,0
46882819,0
46922879,0
46962939,0
47002999,0
47043060,0
47083119,0
47114166,18446744073709
47154225,0
47194285,0
47234345,0
47274405,0
47314465,0
47354525,0
47394585,0
47434644,0
47474700,0
47514757,0
47554822,0
47594867,0
47634913,0
47674959,0
47715005,0
47755050,0
47795095,0
47835141,0
47875188,0
47915221,0
47955261,0
47995296,0
48035329,0
48075358,0
48115403,0
48146447,0
48186498,0
48226554,0
48266607,0
48306658,0
48346711,0
48386763,0
48426822,0
48466883,0
48506942,0
48547002,0
48587062,0
48627122,0
48667182,0
48707242,0
48747302,0
48787363,0
48827422,0
48867482,0
48907542,0
48947602,0
48987662,0
49027722,0
49067782,0
49107842,0
49138886,0
49178946,0
49219006,0
49259066,0
49299126,0
49339186,0
49379246,0
49419306,0
49459366,0
49499426,0
49539486,0
49579546,0
49619606,0
49659666,0
49699726,0
49739787,0
49779846,0
49819906,0
49859966,0
49900027,0
49940086,0
49980146,0
50020204,0
50060261,0
50100308,0
50131345,0
50171388,0
50211432,0
50251478,0
50291523,0
50331567,0
50371613,0
50411653,0
50451689,0
50491726,0
50531758,0
50571796,0
50611837,0
50651890,0
50691946,0
50732001,0
50772054,0
50812109,0
50852161,0
50892215,0
50932274,0
50972334,0
51012394,0
51052454,0
51092514,0
51123562,18446744073709
51163618,0
51203678,0
51243738,0
51283798,0
51323858,0
51363918,0
51403978,0
51444038,0
51484098,0
51524158,0
51564218,0
51604278,0
51644338,0
51684398,0
51724458,0
51764518,0
51804578,0
51844638,0
51884698,0
51924758,0
51964818,0
52004878,0
52044938,0
52084998,0
52125058,0
52156104,0
52196164,0
52236224,0
52276284,0
52316344,0
52356404,0
52396464,0
52436524,0
52476584,0
52516644,0
52556705,0
52596755,0
52636803,0
52676849,0
52716893,0
52756941,0
52796987,0
52837034,0
52877079,0
52917121,0
52957158,0
52997200,0
53037240,0
53077276,0
53117321,0
53148361,0
53188416,0
53228470,0
53268524,0
53308579,0
53348632,0
53388685,0
53428744,0
53468804,0
53508864,0
53548924,0
53588984,0
53629044,0
53669104,0
53709164,0
53749224,0
53789284,0
53829344,0
53869404,0
53909464,0
53949524,0
53989584,0
54029644,0
54069704,0
54109764,0
54140808,0
54180868,0
54220928,0
54260988,0
54301048,0
54341109,0
54381168,0
54421228,0
54461288,0
54501348,0
54541408,0
54581468,0
54621528,0
54661588,0
54701648,0
54741708,0
54781768,0
54821828,0
54861888,0
54901948,0
54942008,0
54982068,0
55022128,0
55062188,0
55102236,0
55133274,18446744073709
55173319,0
55213363,0
55253409,0
55293456,0
55333500,0
55373546,0
55413588,0
55453628,0
55493666,0
55533709,0
55573741,0
55613787,0
55653840,0
55693895,0
55733948,0
55774004,0
55814056,0
55854111,0
55894166,0
55934226,0
55974286,0
56014346,0
56054406,0
56094466,0
56134526,0
56165571,0
56205631,0
56245691,0
56285751,0
56325811,0
56365871,0
56405932,0
56445992,0
56486051,0
56526111,0
56566172,0
56606231,0
56646291,0
56686351,0
56726412,0
56766471,0
56806531,0
56846591,0
56886652,0
56926711,0
56966771,0
57006831,0
57046891,0
57086951,0
57127011,0
57158056,0
57198117,0
57238176,0
57278234,0
57318290,0
57358346,0
57398403,0
57438461,0
57478528,0
57518598,0
57558662,0
57598712,0
57638759,0
57678806,0
57718853,0
57758898,0
57798945,0
57838991,0
57879037,0
57919086,0
57959124,0
57999162,0
58039199,0
58079233,0
58119275,0
58150314,0
58190370,0
58230425,0
58270480,0
58310532,0
58350587,0
58390642,0
58430696,0
58470756,0
58510816,0
58550876,0
58590936,0
58630996,0
58671056,0
58711116,0
58751176,0
58791236,0
58831296,0
58871356,0
58911416,0
58951476,0
58991536,0
59031596,0
59071656,0
59111716,0
59142764,18446744073709
59182821,0
59222881,0
59262941,0
59303001,0
59343061,0
59383121,0
59423181,0
59463241,0
59503301,0
59543361,0
59583421,0
59623481,0
59663541,0
59703601,0
59743661,0
59783721,0
59823781,0
59863841,0
59903901,0
59943961,0
59984021,0
60024081,0
60064142,0
60104190,0
60144234,0
60184279,0
60224321,0
60264368,0
60304414,0
60344460,0
60384508,0
60424552,0
60464590,0
60504630,0
60544666,0
60584701,0
60624744,0
60664797,0
60704853,0
60744909,0
60784962,0
60825017,0
60865071,0
60905125,0
60945185,0
60985245,0
61025305,0
61065365,0
61105425,0
61145485,0
61185545,0
61225605,0
61265665,0
61305725,0
61345785,0
61385845,0
61425905,0
61465965,0
61506025,0
61546085,0
61586145,0
61626205,0
61666265,0
61706325,0
61746385,0
61786445,0
61826505,0
61866565,0
61906625,0
61946685,0
61986745,0
62026805,0
62066865,0
62106925,0
62146985,0
62187045,0
62227105,0
62267165,0
62307225,0
62347285,0
62387345,0
62427405,0
62467465,0
62507525,0
62538572,0
TS,2
32009,885146888
72066,885289080
112125,885432340
152181,885572640
192238,885713880
232297,885857040
272354,885998770
312411,886139498
352469,886281280
392527,886423648
432586,886566242
472643,886708108
512700,886849498
552758,886991158
592816,887134428
632873,887275484
672931,887417234
712989,887559406
753046,887700418
793102,887840992
833160,887982844
873217,888124188
913275,888266878
953333,888408914
993392,888552446
1024433,891149196
1064491,891290582
1104547,891430722
1144605,891573016
1184662,891714770
1224720,891857058
1264778,891998508
1304835,892140888
1344893,892282532
1384952,892424948
1425009,892566940
1465068,892709604
1505126,892851694
1545183,892992514
1585241,893134590
1625298,893275700
1665356,893417996
1705413,893559992
1745470,893701038
1785529,893843820
1825586,893985428
1865643,894126666
1905700,894267374
1945757,894408788
1985816,894551574
2016860,897150924
2056918,897293066
2096976,897436286
2137033,897576858
2177090,897718278
2217148,897859770
2257205,898001170
2297263,898143050
2337319,898283720
2377376,898425182
2417435,898568394
2457495,898722544
2497552,898991724
2537604,899250579
2577651,899504526
2617697,899748639
2657743,899990417
2697790,900238263
2737836,900492596
2777881,900743622
2817928,900995100
2857959,901186754
2897999,901398633
2938036,901606583
2978074,901810309
3009094,901960134
3049135,904663841
3089190,904862165
3129246,905061575
3169301,905267505
3209358,905467217
3249413,905667793
3289469,905867020
3329524,906059400
3369583,906207638
3409642,906352042
3449703,906496614
3489762,906640690
3529823,906785782
3569883,906930124
3609943,907074618
3650002,907219566
3690063,907364254
3730122,907508942
3770183,907654098
3810242,907798326
3850303,907943624
3890362,908087926
3930423,908232368
3970482,908376704
4010543,908521196
4041588,911129956
4081648,911274512
4121708,911418804
4161768,911563314
4201828,911707522
4241888,911852464
4281948,911996604
4322008,912141414
4362068,912285982
4402128,912430920
4442188,912575692
4482248,912720696
4522308,912865298
4562368,913009890
4602428,913154106
4642488,913298776
4682548,913442872
4722608,913587708
4762668,913732156
4802728,913876504
4842788,914020906
4882848,914165708
4922908,914310140
4962972,914472176
5003028,914732154
5034064,917459304
5074109,917700056
5114153,917945501
5154198,918190300
5194244,918442297
5234288,918681199
5274334,918921347
5314380,919160507
5354415,919366379
5394447,919565315
5434478,919754005
5474513,919941900
5514555,920160030
5554600,920367907
5594654,920564755
5634712,920767239
5674767,920966209
5714823,921164027
5754879,921368517
5794933,921564285
5834988,921757322
5875048,921904230
5915108,922049236
5955168,922193814
5995228,922338618
6026273,924947358
6066334,925093314
6106394,925239510
6146454,925386900
6186513,925533822
6226574,925681448
6266633,925828984
6306694,925976734
6346754,926123644
6386814,926271596
6426873,926419004
6466934,926566636
6506993,926713432
6547054,926859900
6587113,927005298
6627174,927150404
6667233,927294700
6707294,927439520
6747354,927583906
6787414,927729060
6827473,927873970
6867534,928018794
6907593,928163388
6947654,928308260
6987714,928452456
7018760,928567305
7058819,931197474
7098879,931342198
7138939,931486556
7178999,931631648
7219059,931775950
7259111,931911890
7299165,932048282
7339218,932183870
7379281,932360356
7419344,932522088
7459410,932683474
7499478,932953603
7539522,933235274
7579572,933479884
7619619,933734163
7659663,933980101
7699710,934234823
7739755,934493659
7779798,934730953
7819843,934936515
7859881,935154899
7899919,935373652
7939962,935598946
7979996,935817574
8020030,936022522
8051066,938704940
8091119,938905710
8131173,939108206
8171227,939306706
8211282,939510194
8251337,939710996
8291391,939911178
8331445,940103144
8371505,940250732
8411564,940394662
8451625,940539600
8491684,940683758
8531745,940828258
8571804,940972636
8611865,941117048
8651924,941261016
8691985,941405890
8732044,941549958
8772105,941694356
8812164,941838428
8852225,941982950
8892284,942127514
8932345,942272412
8972404,942416868
9012465,942561854
9043510,945169018
9083570,945313950
9123630,945458140
9163690,945603002
9203750,945747346
9243810,945891822
9283870,946035840
9323930,946180696
9363990,946324906
9404050,946469180
9444110,946613896
9484170,946758672
9524230,946902756
9564290,947047296
9604350,947191696
9644410,947336450
9684470,947480780
9724530,947625440
9764590,947769984
9804650,947914614
9844710,948058562
9884770,948202990
9924830,948347324
9964893,948495634
10004949,948756702
10035986,951617822
10076033,951866908
10116078,952120995
10156123,952372717
10196168,952620832
10236213,952866540
10276258,953117404
10316305,953377184
10356343,953602458
10396377,953805438
10436411,954019686
10476448,954224062
10516484,954429304
10556527,954639788
10596579,954841172
10636634,955038599
10676688,955237951
10716743,955434289
10756797,955633409
10796852,955833309
10836906,956027193
10876965,956173109
10917025,956315943
10957085,956457991
10997145,956600563
11028193,956715792
11068249,959477285
11108309,959619709
11148369,959762255
11188429,959904443
11228489,960047121
11268549,960189291
11308609,960331775
11348669,960473927
11388729,960616489
11428789,960758889
11468849,960901171
11508909,961043381
11548969,961186185
11589029,961328519
11629089,961471071
11669149,961613363
11709209,961755915
11749269,961898277
11789329,962040913
11829389,962183145
11869449,962326071
11909509,962468101
11949569,962610749
11989629,962753173
12029689,962895835
12060734,965625627
12100794,965768305
12140854,965910525
12180914,966053407
12220974,966195711
12261034,966338911
12301094,966482425
12341154,966626497
12381214,966770291
12421274,966914061
12461334,967057231
12501395,967299854
12541444,967558717
12581494,967813374
12621540,968080630
12661585,968336421
12701632,968594765
12741677,968853553
12781722,969092147
12821771,969296653
12861811,969512457
12901845,969718905
12941881,969928732
12981919,970133834
13021957,970347804
13052988,973137801
13093036,973338541
13133092,973541197
13173146,973743745
13213201,973947053
13253250,974143362
13293306,974347828
13333358,974544447
13373416,974696251
13413476,974840993
13453536,974985675
13493596,975129981
13533656,975274793
13573716,975419271
13613776,975564181
13653836,975708717
13693896,975853213
13733956,975997545
13774016,976142493
13814076,976286961
13854136,976431715
13894196,976576493
13934256,976721263
13974316,976865515
14014376,977010231
14045420,979745659
14085480,979890309
14125540,980034569
14165600,980179901
14205660,980324083
14245720,980469153
14285780,980613653
14325840,980758549
14365900,980902965
14405960,981047877
14446020,981192133
14486080,981336983
14526140,981481447
14566200,981626699
14606260,981771623
14646318,981913713
14686376,982055315
14726433,982196689
14766490,982337637
14806547,982478641
14846603,982618487
14886661,982759723
14926717,982899803
14966773,983039701
15006833,983288614
15037875,983521909
15077917,986419251
15117964,986680951
15158007,986939638
15198052,987192984
15238095,987444438
15278139,987699151
15318183,987953536
15358220,988178351
15398257,988389848
15438291,988603486
15478325,988806337
15518356,989010995
15558401,989228652
15598454,989429809
15638509,989628217
15678565,989830555
15718621,990031907
15758675,990230185
15798730,990431110
15838783,990621718
15878842,990767128
15918903,990909948
15958962,991052068
15999023,991194592
16039082,991337068
16070127,994072576
16110186,994215216
16150247,994357654
16190306,994500072
16230367,994643080
16270426,994785816
16310487,994929200
16350546,995071870
16390607,995215240
16430666,995357834
16470727,995500368
16510786,995642368
16550847,995785166
16590906,995927434
16630967,996070006
16671026,996212104
16711087,996354472
16751146,996497076
16791207,996639606
16831266,996781944
16871327,996924852
16911387,997067072
16951447,997209536
16991506,997352008
17031567,997494772
17062611,1000224952
17102672,1000367900
17142731,1000509992
17182792,1000652846
17222851,1000794968
17262912,1000937256
17302971,1001079708
17343032,1001222172
17383091,1001364404
17423152,1001506954
17463211,1001648996
17503275,1001869291
17543328,1002131856
17583372,1002385473
17623420,1002648870
17663465,1002907142
17703508,1003169459
17743554,1003428904
17783601,1003688466
17823647,1003896579
17863687,1004118741
17903719,1004324566
17943757,1004531894
17983788,1004730428
18023821,1004929181
18054850,1007730702
18094900,1007930484
18134953,1008137719
18175006,1008338978
18215061,1008547562
18255115,1008751673
18295169,1008958221
18335225,1009163217
18375279,1009331405
18415338,1009477811
18455399,1009622997
18495458,1009767555
18535519,1009912229
18575578,1010056895
18615639,1010201513
18655698,1010345809
18695759,1010490991
18735818,1010635665
18775875,1010777611
18815933,1010920671
18855991,1011064277
18896047,1011205555
18936106,1011349319
18976163,1011491327
19016220,1011633289
19047265,1011748486
19087319,1014511697
19127376,1014654887
19167434,1014796643
19207491,1014939187
19247548,1015080911
19287607,1015224097
19327664,1015366325
19367721,1015508673
19407780,1015652901
19447837,1015794347
19487894,1015936471
19527952,1016078301
19568009,1016220081
19608066,1016361513
19648124,1016503005
19688182,1016645305
19728240,1016787325
19768299,1016930547
19808356,1017072301
19848414,1017214625
19888473,1017358595
19928531,1017500289
19968589,1017642271
20008650,1017875226
20048701,1018154074
20079736,1021004872
20119783,1021260309
20159829,1021519827
20199875,1021774960
20239920,1022025909
20279967,1022287773
20320013,1022542426
20360053,1022773545
20400086,1022970482
20440121,1023182965
20480163,1023405866
20520198,1023612729
20560237,1023824474
20600286,1024020270
20640343,1024220669
20680397,1024418060
20720452,1024618355
20760505,1024814968
20800559,1025016529
20840614,1025214977
20880673,1025366813
20920733,1025511839
20960793,1025655893
21000853,1025800783
21040913,1025945387
21071959,1028685043
21112018,1028829745
21152079,1028974269
21192138,1029118425
21232199,1029263021
21272258,1029407063
21312319,1029551885
21352378,1029696185
21392439,1029840815
21432498,1029985265
21472559,1030129955
21512618,1030274165
21552679,1030419205
21592738,1030563475
21632799,1030708343
21672858,1030852695
21712919,1030997163
21752978,1031141865
21793039,1031286577
21833098,1031430911
21873159,1031575879
21913219,1031720151
21953279,1031865253
21993339,1032010673
22033399,1032156179
22064444,1034889643
22104503,1035033871
22144561,1035176123
22184629,1035364507
22224697,1035547125
22264767,1035719587
22304834,1035889719
22344902,1036069665
22384970,1036248011
22425046,1036460639
22465109,1036612389
22505176,1036841228
22545228,1037110328
22585275,1037358576
22625323,1037607656
22665369,1037869981
22705414,1038136952
22745462,1038401700
22785509,1038660295
22825551,1038870565
22865592,1039083743
22905631,1039297676
22945668,1039510165
22985703,1039716725
23025734,1039906542
23056766,1040082375
23096812,1042913045
23136868,1043112423
23176920,1043309544
23216976,1043505867
23257028,1043701117
23297084,1043898153
23337137,1044096245
23377193,1044268951
23417252,1044415391
23457313,1044560611
23497373,1044704783
23537433,1044849369
23577492,1044994061
23617553,1045138677
23657612,1045283125
23697673,1045428077
23737732,1045572327
23777793,1045717407
23817852,1045861697
23857913,1046006443
23897972,1046151021
23938033,1046295691
23978092,1046439821
24018153,1046585305
24058212,1046729597
24089258,1049467775
24129317,1049612093
24169378,1049756817
24209437,1049901391
24249498,1050046103
24289557,1050190295
24329618,1050335645
24369677,1050479903
24409738,1050624677
24449797,1050769205
24489858,1050913761
24529917,1051058499
24569978,1051203141
24610038,1051347601
24650098,1051492793
24690158,1051637243
24730218,1051782005
24770278,1051926727
24810338,1052071649
24850398,1052216137
24890458,1052361025
24930518,1052505629
24970578,1052650993
25010641,1052873985
25050689,1053141085
25081724,1055996852
25121771,1056251645
25161816,1056507225
25201859,1056752649
25241906,1057004645
25281952,1057260455
25321997,1057508977
25362042,1057733691
25402078,1057935751
25442108,1058129236
25482136,1058313929
25522172,1058511201
25562212,1058719565
25602258,1058918535
25642311,1059113599
25682366,1059311361
25722422,1059513133
25762477,1059709205
25802531,1059907193
25842584,1060102823
25882641,1060271011
25922700,1060416211
25962760,1060559317
26002820,1060702171
26042880,1060845081
26073926,1063583705
26113986,1063726221
26154046,1063869355
26194105,1064011519
26234166,1064154101
26274225,1064296585
26314286,1064439161
26354345,1064581201
26394406,1064724253
26434465,1064866405
26474526,1065009091
26514585,1065151205
26554646,1065293617
26594705,1065436417
26634766,1065578953
26674825,1065721131
26714886,1065863999
26754945,1066006085
26795006,1066148533
26835065,1066290977
26875126,1066433643
26915185,1066575885
26955246,1066718413
26995305,1066860367
27035366,1067003287
27066412,1067115888
27106471,1069876367
27146530,1070018863
27186591,1070161447
27226650,1070303615
27266711,1070446175
27306770,1070588271
27346831,1070731255
27386891,1070874597
27426955,1071029063
27467022,1071191075
27507094,1071415659
27547147,1071704696
27587193,1071963862
27627238,1072221008
27667285,1072486024
27707332,1072749312
27747378,1073011453
27787424,1073268305
27827470,1073480533
27867512,1073693189
27907546,1073893911
27947580,1074094429
27987613,1074298888
28027647,1074507099
28067691,1074730154
28098728,1077523998
28138782,1077728579
28178838,1077930643
28218892,1078132233
28258947,1078334483
28299000,1078536377
28339056,1078735805
28379111,1078911943
28419170,1079058609
28459230,1079203899
28499290,1079348711
28539350,1079493579
28579410,1079637851
28619470,1079782849
28659530,1079927591
28699590,1080072395
28739650,1080217193
28779710,1080362455
28819770,1080506927
28859830,1080651697
28899890,1080795983
28939950,1080941229
28980010,1081085797
29020070,1081230637
29060130,1081375503
29091174,1084112403
29131234,1084257035
29171294,1084402215
29211354,1084546359
29251414,1084691705
29291474,1084836711
29331534,1084982009
29371594,1085126723
29411654,1085272105
29451714,1085416421
29491774,1085561397
29531834,1085705743
29571894,1085850479
29611954,1085995039
29652014,1086139633
29692074,1086283903
29732134,1086429053
29772194,1086573371
29812254,1086718133
29852314,1086862567
29892374,1087007185
29932434,1087151587
29972494,1087296275
30012559,1087504391
30052608,1087780328
30083643,1090629655
30123686,1090881449
30163733,1091142945
30203778,1091403237
30243822,1091654603
30283866,1091904308
30323912,1092154844
30363959,1092395378
30403993,1092601586
30444033,1092807588
30484063,1093006524
30524095,1093203504
30564132,1093406845
30604180,1093607818
30644236,1093814920
30684291,1094013410
30724343,1094210934
30764399,1094410471
30804454,1094611847
30844510,1094814213
30884565,1094987577
30924624,1095132741
30964684,1095275825
31004744,1095418811
31044804,1095562007
31075852,1095678572
31115908,1098441309
31155968,1098584593
31196028,1098727221
31236088,1098870247
31276148,1099012567
31316208,1099155337
31356268,1099298321
31396328,1099441205
31436388,1099583867
31476448,1099727097
31516508,1099869733
31556568,1100012853
31596628,1100155533
31636688,1100298685
31676748,1100441851
31716808,1100584821
31756868,1100727381
31796928,1100870817
31836988,1101013287
31877048,1101156725
31917108,1101299689
31957168,1101442797
31997228,1101585511
32037288,1101729017
32077348,1101871865
32108393,1104601965
32148453,1104744851
32188513,1104888283
32228573,1105031171
32268633,1105174279
32308693,1105316947
32348753,1105460377
32388813,1105603093
32428873,1105746221
32468933,1105888905
32508997,1106069596
32549053,1106344041
32589099,1106607102
32629147,1106863290
32669192,1107123995
32709240,1107378771
32749285,1107634393
32789333,1107890253
32829377,1108128652
32869422,1108343179
32909456,1108550708
32949489,1108755792
32989523,1108958794
33029554,1109151990
33069590,1109360427
33100625,1112153036
33140677,1112352366
33180732,1112552872
33220784,1112751974
33260839,1112949905
33300893,1113147861
33340947,1113344495
33381002,1113528641
33421061,1113675601
33461121,1113820465
33501181,1113964821
33541241,1114109617
33581301,1114253873
33621361,1114398557
33661421,1114542833
33701481,1114687535
33741541,1114832123
33781601,1114976627
33821661,1115120947
33861721,1115265897
33901781,1115410305
33941841,1115554945
33981901,1115699337
34021961,1115844105
34062021,1115988365
34093066,1118727621
34133126,1118872267
34173186,1119017353
34213246,1119161953
34253306,1119306827
34293366,1119451395
34333426,1119596235
34373486,1119740787
34413546,1119885685
34453606,1120030479
34493666,1120175661
34533726,1120320175
34573786,1120465067
34613846,1120609959
34653906,1120754821
34693966,1120899155
34734026,1121043961
34774086,1121188189
34814146,1121332873
34854206,1121477401
34894266,1121622435
34934326,1121767323
34974386,1121912057
35014450,1122098025
35054501,1122369322
35085540,1122576078
35125582,1125454811
35165627,1125702393
35205672,1125941909
35245716,1126184425
35285761,1126429470
35325807,1126673581
35365857,1126897554
35405889,1127095322
35445921,1127285854
35485959,1127500499
35525995,1127704377
35566029,1127897404
35606077,1128091619
35646131,1128290524
35686185,1128487229
35726238,1128682839
35766293,1128885831
35806345,1129083013
35846399,1129281231
35886453,1129456935
35926513,1129603859
35966573,1129748221
36006624,1129881729
36046677,1130016875
36086731,1130155359
36117772,1132887413
36157816,1133013383
36197868,1133147659
36237908,1133267407
36277951,1133391821
36318012,1133536963
36358071,1133681505
36398132,1133826867
36438191,1133971559
36478252,1134116595
36518294,1134239545
36558334,1134360265
36598390,1134499349
36638451,1134643449
36678516,1134798779
36718583,1134965745
36758650,1135130199
36798717,1135297191
36838784,1135459109
36878852,1135625353
36918918,1135790231
36958985,1135956917
36999053,1136121911
37039119,1136285433
37079186,1136450617
37110236,1139208237
37150303,1139373879
37190371,1139539759
37230438,1139702785
37270504,1139869345
37310571,1140030505
37350638,1140192439
37390705,1140356805
37430771,1140524059
37470837,1140689713
37510908,1140880105
37550975,1141174777
37591019,1141438736
37631062,1141679318
37671109,1141929793
37711154,1142181585
37751199,1142434207
37791247,1142688259
37831291,1142935445
37871338,1143148373
37911372,1143352995
37951407,1143547304
37991439,1143747665
38031476,1143957514
38071511,1144162820
38102546,1146962402
38142601,1147161099
38182658,1147361337
38222713,1147557121
38262770,1147760150
38302825,1147958616
38342880,1148164168
38382934,1148356585
38422994,1148503225
38463054,1148648471
38503114,1148793033
38543174,1148937983
38583234,1149082793
38623294,1149227825
38663354,1149372629
38703414,1149517295
38743474,1149661873
38783534,1149807093
38823594,1149951813
38863654,1150096543
38903714,1150241405
38943774,1150386309
38983834,1150530949
39023894,1150676005
39063954,1150820793
39095002,1150938752
39135059,1153705425
39175120,1153850569
39215179,1153994925
39255240,1154139551
39295299,1154284115
39335360,1154428849
39375419,1154573005
39415480,1154718021
39455539,1154862345
39495600,1155007329
39535659,1155151837
39575720,1155296663
39615779,1155441395
39655840,1155586141
39695899,1155730507
39735960,1155875371
39776020,1156019715
39816080,1156164295
39856139,1156308801
39896200,1156453537
39936259,1156597931
39976320,1156742547
40016383,1156915549
40056438,1157185148
40096485,1157437153
40127522,1160287123
40167568,1160536633
40207612,1160787012
40247661,1161039899
40287702,1161287446
40327748,1161528812
40367792,1161723830
40407830,1161932139
40447871,1162146604
40487912,1162366223
40527945,1162560919
40567979,1162757211
40608027,1162962630
40648083,1163165934
40688138,1163363140
40728193,1163563047
40768249,1163760097
40808304,1163962358
40848358,1164160364
40888412,1164345440
40928472,1164492094
40968531,1164636622
41008592,1164781404
41048651,1164925588
41088712,1165070826
41119757,1167809500
41159817,1167954718
41199877,1168099388
41239937,1168244288
41279997,1168388982
41320057,1168533736
41360117,1168677890
41400177,1168823292
41440237,1168968024
41480297,1169112836
41520357,1169257436
41560417,1169402530
41600477,1169547268
41640537,1169692026
41680597,1169836356
41720657,1169981372
41760717,1170126176
41800776,1170269436
41840833,1170411858
41880891,1170553992
41920948,1170695788
41961005,1170837140
42001062,1170978118
42041120,1171119716
42081178,1171261922
42112221,1173990744
42152278,1174131526
42192336,1174274122
42232394,1174416446
42272452,1174557810
42312509,1174699396
42352569,1174842788
42392636,1175002904
42432704,1175176610
42472771,1175398266
42512844,1175630190
42552903,1175922909
42592951,1176203936
42632996,1176465902
42673043,1176731757
42713090,1176992935
42753136,1177253393
42793182,1177512523
42833229,1177775364
42873274,1178016148
42913308,1178225820
42953342,1178440729
42993385,1178666077
43033424,1178882163
43073458,1179097046
43104493,1179268511
43144546,1182103719
43184601,1182306805
43224653,1182508847
43264710,1182712669
43304763,1182915103
43344815,1183117238
43384870,1183306669
43424930,1183452487
43464990,1183596727
43505050,1183740881
43545110,1183885115
43585170,1184028129
43625230,1184171513
43665290,1184314255
43705350,1184457097
43745410,1184599491
43785470,1184742591
43825530,1184884863
43865590,1185027527
43905650,1185169657
43945710,1185311937
43985770,1185453961
44025830,1185596399
44065890,1185738399
44105950,1185881093
44136994,1188615405
44177054,1188758057
44217114,1188900033
44257174,1189042383
44297234,1189184693
44337294,1189327305
44377354,1189469319
44417414,1189611867
44457474,1189753845
44497534,1189896439
44537594,1190038463
44577654,1190181097
44617714,1190323421
44657774,1190465747
44697834,1190607771
44737894,1190750517
44777954,1190892531
44818014,1191035239
44858074,1191177399
44898134,1191319729
44938194,1191461981
44978254,1191604447
45018317,1191765465
45058373,1192042213
45098418,1192310250
45129456,1195172059
45169501,1195442049
45209546,1195699849
45249593,1195960005
45289639,1196220577
45329682,1196449365
45369727,1196657186
45409767,1196874409
45449806,1197091181
45489842,1197303269
45529881,1197502785
45569912,1197696702
45609959,1197898551
45650014,1198100975
45690067,1198298956
45730121,1198497356
45770177,1198696520
45810229,1198889338
45850282,1199086014
45890335,1199274252
45930394,1199422102
45970454,1199566468
46010514,1199711470
46050574,1199856104
46090634,1200000840
46121679,1202739400
46161740,1202884798
46201799,1203028938
46241860,1203174006
46281919,1203318358
46321980,1203463256
46362039,1203607538
46402100,1203752806
46442160,1203897874
46482220,1204043008
46522279,1204187976
46562340,1204333312
46602400,1204478032
46642460,1204622980
46682519,1204768250
46722580,1204913294
46762639,1205058248
46802700,1205203260
46842760,1205348732
46882820,1205494834
46922880,1205640388
46962940,1205786814
47003000,1205933290
47043060,1206079416
47083120,1206225246
47114166,1206341393
47154225,1209101610
47194285,1209247766
47234345,1209393898
47274405,1209539990
47314465,1209685930
47354525,1209831692
47394585,1209976214
47434644,1210120394
47474700,1210260464
47514758,1210401882
47554823,1210656453
47594868,1210915180
47634915,1211152797
47674960,1211398206
47715006,1211647946
47755051,1211889404
47795096,1212129088
47835142,1212376948
47875189,1212622007
47915221,1212831747
47955262,1213043476
47995298,1213242601
48035330,1213444330
48075359,1213638140
48115404,1213842431
48146448,1216640781
48186499,1216837287
48226554,1217039153
48266607,1217238929
48306659,1217437860
48346712,1217635230
48386764,1217829896
48426823,1217980422
48466883,1218125488
48506943,1218270204
48547003,1218415068
48587062,1218559504
48627123,1218704702
48667182,1218849252
48707243,1218994348
48747303,1219139726
48787363,1219284858
48827423,1219429412
48867483,1219574740
48907543,1219719208
48947603,1219864134
48987663,1220008642
49027723,1220153732
49067782,1220298556
49107843,1220443192
49138886,1223179686
49178947,1223324676
49219006,1223469012
49259067,1223613950
49299127,1223758208
49339187,1223903612
49379247,1224049362
49419307,1224195864
49459367,1224342070
49499427,1224488612
49539487,1224634400
49579547,1224780600
49619607,1224926386
49659667,1225073634
49699727,1225219976
49739787,1225367264
49779847,1225514276
49819907,1225662002
49859967,1225808524
49900027,1225956194
49940087,1226102692
49980147,1226249072
50020204,1226392228
50060262,1226660351
50100310,1226931830
50131346,1229787458
50171389,1230044133
50211433,1230305181
50251479,1230564496
50291524,1230820664
50331568,1231066462
50371614,1231263732
50411654,1231471680
50451690,1231678231
50491726,1231890128
50531759,1232093469
50571797,1232302623
50611838,1232514273
50651891,1232710861
50691947,1232912760
50732002,1233112202
50772055,1233312672
50812110,1233510734
50852162,1233712150
50892216,1233907807
50932275,1234057331
50972334,1234199531
51012395,1234342689
51052454,1234484851
51092515,1234627777
51123562,1234742732
51163619,1237505997
51203678,1237648453
51243739,1237791047
51283798,1237934029
51323859,1238076561
51363918,1238218677
51403979,1238361471
51444039,1238503633
51484099,1238646237
51524158,1238789121
51564219,1238931865
51604278,1239074237
51644339,1239216777
51684398,1239358957
51724459,1239502101
51764518,1239644425
51804579,1239787065
51844638,1239929515
51884699,1240072195
51924758,1240214273
51964819,1240357501
52004878,1240499769
52044939,1240642617
52084998,1240785017
52125059,1240927409
52156104,1243658179
52196164,1243801215
52236224,1243943475
52276284,1244086067
52316344,1244228713
52356404,1244371389
52396464,1244513821
52436524,1244657327
52476584,1244799735
52516644,1244942861
52556707,1245183626
52596756,1245454321
52636804,1245713227
52676850,1245976263
52716895,1246235211
52756942,1246490093
52796988,1246745822
52837035,1247001980
52877080,1247255215
52917123,1247491561
52957159,1247699494
52997201,1247924278
53037241,1248146606
53077277,1248365275
53117322,1248574040
53148362,1251366820
53188417,1251567562
53228471,1251769322
53268525,1251970207
53308580,1252173423
53348633,1252376867
53388686,1252571387
53428744,1252723989
53468805,1252870401
53508864,1253015691
53548925,1253161357
53588984,1253306575
53629045,1253451953
53669104,1253596823
53709165,1253742009
53749224,1253887305
53789285,1254032809
53829345,1254177881
53869405,1254323339
53909464,1254468877
53949525,1254614467
53989584,1254759635
54029645,1254904829
54069704,1255049825
54109765,1255195131
54140808,1257931939
54180869,1258077621
54220929,1258222881
54260989,1258368449
54301049,1258513613
54341109,1258658631
54381168,1258803237
54421229,1258948757
54461288,1259093521
54501349,1259239723
54541408,1259385089
54581469,1259530879
54621528,1259676217
54661589,1259821617
54701648,1259966937
54741709,1260112763
54781769,1260257969
54821829,1260403289
54861888,1260548551
54901949,1260694033
54942008,1260838435
54982069,1260983425
55022128,1261127929
55062189,1261380943
55102237,1261654207
55133275,1261866298
55173321,1264766021
55213364,1265016151
55253410,1265275610
55293457,1265536619
55333501,1265749224
55373547,1265953774
55413589,1266169224
55453630,1266384297
55493668,1266601999
55533710,1266829216
55573742,1267043066
55613788,1267256484
55653841,1267451674
55693896,1267650964
55733949,1267848826
55774005,1268051448
55814057,1268246848
55854112,1268444284
55894167,1268637300
55934226,1268786998
55974286,1268933620
56014346,1269080890
56054406,1269227064
56094466,1269373960
56134526,1269519638
56165572,1272259814
56205631,1272405706
56245692,1272552238
56285752,1272699050
56325812,1272846224
56365872,1272991692
56405932,1273137882
56445992,1273283710
56486052,1273429888
56526112,1273575300
56566172,1273721056
56606232,1273867028
56646292,1274012974
56686352,1274158168
56726412,1274303852
56766471,1274448590
56806532,1274593422
56846591,1274737974
56886652,1274882834
56926711,1275026890
56966772,1275172234
57006831,1275316536
57046892,1275461232
57086951,1275605430
57127012,1275749952
57158056,1278479974
57198117,1278624828
57238176,1278768996
57278234,1278911172
57318290,1279050746
57358346,1279192102
57398403,1279332356
57438461,1279476204
57478528,1279685566
57518598,1279881130
57558663,1280134654
57598714,1280411574
57638759,1280657216
57678807,1280923932
57718854,1281179756
57758899,1281437406
57798946,1281698276
57838992,1281958834
57879038,1282217023
57919087,1282483463
57959126,1282702201
57999163,1282915083
58039200,1283127449
58079234,1283330482
58119276,1283531182
58150315,1286313214
58190371,1286516932
58230426,1286717006
58270481,1286916006
58310533,1287110004
58350587,1287311910
58390642,1287508804
58430697,1287705183
58470756,1287853921
58510816,1287998475
58550876,1288143169
58590936,1288287613
58630996,1288432293
58671056,1288576763
58711116,1288721759
58751176,1288866217
58791236,1289011225
58831296,1289155401
58871356,1289300151
58911416,1289444749
58951476,1289589631
58991536,1289734195
59031596,1289879605
59071656,1290024181
59111716,1290169091
59142764,1290285644
59182822,1293053685
59222881,1293197971
59262942,1293342675
59303001,1293487315
59343062,1293631863
59383121,1293776223
59423182,1293921527
59463241,1294066009
59503302,1294210927
59543361,1294355769
59583422,1294500571
59623481,1294645459
59663542,1294790677
59703601,1294935609
59743662,1295081135
59783722,1295225813
59823782,1295370861
59863841,1295515767
59903902,1295660801
59943961,1295805379
59984022,1295950215
60024081,1296094811
60064142,1296330479
60104191,1296598359
60144235,1296843343
60184280,1297119785
60224322,1297367753
60264369,1297622697
60304415,1297850107
60344461,1298044324
60384509,1298240068
60424553,1298456383
60464591,1298665023
60504631,1298878711
60544667,1299083469
60584703,1299290307
60624744,1299490360
60664798,1299685224
60704854,1299886150
60744909,1300081973
60784963,1300281334
60825018,1300476372
60865072,1300673806
60905125,1300861096
60945185,1301006330
60985245,1301149046
61025305,1301292088
61065365,1301435644
61105425,1301578604
61145485,1301720890
61185545,1301863864
61225605,1302006456
61265665,1302149212
61305725,1302291674
61345785,1302434254
61385845,1302576754
61425905,1302719868
61465965,1302862162
61506025,1303005206
61546085,1303147278
61586145,1303289954
61626205,1303432718
61666265,1303575674
61706325,1303717926
61746385,1303860948
61786445,1304003508
61826505,1304146460
61866565,1304289038
61906625,1304431670
61946685,1304574382
61986745,1304717090
62026805,1304860154
62066865,1305003850
62106925,1305147868
62146985,1305293078
62187045,1305438628
62227105,1305584318
62267165,1305729914
62307225,1305875996
62347285,1306022136
62387345,1306168804
62427405,1306315058
62467465,1306461670
62507525,1306607462
62538573,1306729609
TS,3
32010,904020210
72066,904035098
112125,904049986
152181,904064874
192238,904079762
232297,904094650
272354,904109538
312411,904124426
352469,904139314
392527,904154202
432586,904169090
472643,904183978
512700,904198866
552758,904213754
592816,904228642
632874,904243530
672931,904258418
712989,904273306
753046,904288194
793103,904303082
833160,904317970
873217,904332858
913275,904347746
953333,904362634
993392,904377522
1024434,904408434
1064491,904423322
1104547,904438210
1144605,904453098
1184662,904467986
1224720,904482874
1264778,904497762
1304835,904512650
1344893,904527538
1384952,904542426
1425010,904557314
1465068,904572202
1505126,904587090
1545183,904601978
1585241,904616866
1625298,904631754
1665356,904646642
1705413,904661530
1745470,904676418
1785529,904691306
1825586,904706194
1865643,904721082
1905700,904735970
1945757,904750858
1985816,904765746
2016860,904796691
2056918,904811579
2096976,904826467
2137033,904841355
2177090,904856243
2217148,904871131
2257205,904886019
2297263,904900907
2337320,904915795
2377377,904930683
2417435,904945571
2457496,904960821
2497553,904977191
2537605,904992441
2577652,905007329
2617698,905022217
2657744,905037105
2697791,905051993
2737837,905076189
2777882,905091077
2817929,905105965
2857960,905120853
2898000,905135741
2938037,905150629
2978074,905165517
3009094,905177918
3049136,905211295
3089191,905226183
3129247,905241071
3169302,905255959
3209359,905270847
3249414,905285735
3289470,905300623
3329524,905315511
3369583,905330399
3409643,905345287
3449703,905360175
3489763,905375063
3529823,905389951
3569883,905404839
3609943,905419727
3650003,905434615
3690063,905449503
3730123,905464391
3770183,905479279
3810243,905494167
3850303,905509055
3890363,905523943
3930423,905538831
3970483,905553719
4010543,905568607
4041588,905599538
4081648,905614426
4121708,905629314
4161768,905644202
4201828,905659090
4241888,905673978
4281948,905688866
4322008,905703754
4362068,905718642
4402128,905733530
4442188,905748418
4482248,905763306
4522308,905778194
4562368,905793082
4602428,905807970
4642488,905822858
4682548,905837746
4722608,905852634
4762668,905867522
4802728,905882410
4842788,905897298
4882848,905912186
4922908,905927074
4962973,905942324
5003028,905957936
5034065,905989167
5074110,906004055
5114154,906018943
5154199,906033831
5194245,906048719
5234289,906063607
5274335,906078495
5314381,906093383
5354416,906108633
5394448,906123521
5434479,906138409
5474514,906153297
5514556,906168185
5554601,906183435
5594655,906198323
5634713,906213211
5674768,906228099
5714824,906242987
5754879,906267563
5794934,906282451
5834989,906297339
5875048,906312227
5915108,906327115
5955168,906342003
5995228,906356891
6026274,906387791
6066334,906402679
6106394,906417567
6146454,906432455
6186514,906447343
6226574,906462231
6266634,906477119
6306694,906492007
6346754,906506895
6386814,906521783
6426874,906536671
6466934,906551559
6506994,906566447
6547054,906581335
6587114,906596223
6627174,906611111
6667234,906625999
6707294,906640887
6747354,906655775
6787414,906670663
6827474,906685551
6867534,906700439
6907594,906715327
6947654,906730215
6987714,906745103
7018760,906757504
7058819,906790958
7098879,906805846
7138939,906820734
7178999,906835622
7219059,906850510
7259112,906865398
7299165,906880286
7339218,906895174
7379281,906910062
7419344,906924950
7459411,906939838
7499479,906971108
7539523,907020262
7579573,907035150
7619620,907050038
7659664,907070066
7699711,907092510
7739756,907107398
7779799,907122286
7819844,907137174
7859881,907152424
7899920,907167312
7939962,907182200
7979997,907197088
8020031,907211976
8051067,907243239
8091120,907258127
8131174,907273015
8171228,907287903
8211283,907302791
8251338,907317679
8291392,907332567
8331446,907347455
8371505,907362343
8411565,907377231
8451625,907392119
8491685,907407007
8531745,907421895
8571805,907436783
8611865,907451671
8651925,907466559
8691985,907481447
8732045,907496335
8772105,907511223
8812165,907526111
8852225,907540999
8892285,907555887
8932345,907570775
8972405,907585663
9012465,907600551
9043510,907631476
9083570,907646364
9123630,907661252
9163690,907676140
9203750,907691028
9243810,907705916
9283870,907720804
9323930,907735692
9363990,907750580
9404050,907765468
9444110,907780356
9484170,907795244
9524230,907810132
9564290,907825020
9604350,907839908
9644410,907854796
9684470,907869684
9724530,907884572
9764590,907899460
9804650,907914348
9844710,907929236
9884770,907944124
9924830,907959012
9964893,907974262
10004950,907989874
10035987,908021989
10076034,908036877
10116079,908051765
10156124,908066653
10196169,908081541
10236213,908096429
10276259,908111317
10316306,908126205
10356343,908141455
10396379,908156343
10436411,908171231
10476448,908186119
10516485,908201007
10556527,908216661
10596580,908231549
10636635,908246437
10676689,908261325
10716744,908276213
10756798,908291101
10796853,908305989
10836907,908320877
10876965,908335765
10917025,908350653
10957085,908365541
10997145,908380429
11028193,908392830
11068249,908427130
11108309,908442018
11148369,908456906
11188429,908471794
11228489,908486682
11268549,908501570
11308609,908516458
11348669,908531346
11388729,908546234
11428789,908561122
11468849,908576010
11508909,908590898
11548969,908605786
11589029,908620674
11629089,908635562
11669149,908650450
11709209,908665338
11749269,908680226
11789329,908695114
11829389,908710002
11869449,908724890
11909509,908739778
11949569,908754666
11989629,908769554
12029689,908784442
12060734,908816277
12100794,908831165
12140854,908846053
12180914,908860941
12220974,908875829
12261034,908890717
12301094,908905605
12341154,908920493
12381215,908935381
12421274,908950269
12461334,908965157
12501396,908980769
12541445,908996381
12581495,909016481
12621540,909031369
12661586,909046257
12701633,909061145
12741677,909076033
12781723,909090921
12821772,909105809
12861812,909121059
12901846,909135947
12941882,909150835
12981920,909165723
13021958,909180611
13052989,909212751
13093037,909227639
13133092,909242527
13173147,909257415
13213202,909272303
13253251,909287191
13293307,909302079
13333359,909316967
13373416,909331855
13413476,909346743
13453536,909361631
13493596,909376519
13533656,909391407
13573716,909406295
13613776,909421183
13653836,909436071
13693896,909450959
13733956,909465847
13774016,909480735
13814076,909495623
13854136,909510511
13894196,909525399
13934256,909540287
13974316,909555175
14014376,909570063
14045420,909601875
14085480,909616763
14125540,909631651
14165600,909646539
14205660,909661427
14245720,909676315
14285780,909691203
14325840,909706091
14365900,909720979
14405960,909735867
14446020,909750755
14486080,909765643
14526140,909780531
14566200,909795419
14606260,909810307
14646318,909825195
14686376,909840083
14726433,909854971
14766491,909869859
14806547,909884747
14846604,909899635
14886661,909914523
14926717,909929411
14966773,909944299
15006834,909959911
15037876,909973036
15077918,910007305
15117965,910022193
15158008,910037081
15198053,910051969
15238096,910066857
15278140,910081745
15318184,910096633
15358221,910111883
15398258,910126771
15438292,910141659
15478326,910156547
15518357,910171435
15558402,910186685
15598454,910201573
15638510,910216461
15678565,910231349
15718622,910246237
15758676,910261125
15798730,910276013
15838784,910290901
15878843,910305789
15918903,910320677
15958963,910335565
15999023,910350453
16039083,910365341
16070127,910397128
16110187,910412016
16150247,910426904
16190307,910441792
16230367,910456680
16270427,910471568
16310487,910486456
16350547,910501344
16390607,910516232
16430667,910531120
16470727,910546008
16510787,910560896
16550847,910575784
16590907,910590672
16630967,910605560
16671027,910620448
16711087,910635336
16751147,910650224
16791207,910665112
16831267,910680000
16871327,910694888
16911387,910709776
16951447,910724664
16991507,910739552
17031567,910754440
17062612,910786272
17102672,910801160
17142732,910816048
17182792,910830936
17222852,910845824
17262912,910860712
17302972,910875600
17343032,910890488
17383092,910905376
17423152,910920264
17463212,910935152
17503276,910950764
17543330,910968772
17583373,910983660
17623421,910998548
17663466,911013436
17703509,911028324
17743554,911043212
17783602,911058100
17823648,911072988
17863688,911088238
17903720,911103126
17943758,911118014
17983789,911132902
18023822,911147790
18054851,911179933
18094900,911194821
18134954,911209709
18175007,911224597
18215062,911239485
18255116,911254373
18295169,911269261
18335226,911284149
18375279,911299037
18415339,911313925
18455399,911328813
18495459,911343701
18535519,911358589
18575579,911373477
18615639,911388365
18655699,911403253
18695759,911418141
18735819,911433029
18775875,911447917
18815933,911462805
18855991,911477693
18896047,911492581
18936106,911507469
18976163,911522357
19016220,911537245
19047265,911549646
19087319,911583974
19127377,911598862
19167434,911613750
19207491,911628638
19247548,911643526
19287607,911658414
19327664,911673302
19367722,911688190
19407780,911703078
19447837,911717966
19487894,911732854
19527952,911747742
19568010,911762630
19608067,911777518
19648124,911792406
19688182,911807294
19728240,911822182
19768299,911837070
19808356,911851958
19848414,911866846
19888473,911881734
19928531,911896622
19968589,911911510
20008651,911927122
20048702,911942734
20079737,911974478
20119784,911989366
20159830,912004254
20199876,912019142
20239921,912034030
20279968,912048918
20320014,912063806
20360054,912079056
20400087,912093944
20440122,912108832
20480164,912123720
20520199,912138608
20560237,912153858
20600287,912168746
20640344,912183634
20680397,912198522
20720453,912213410
20760505,912228298
20800560,912243186
20840615,912259414
20880673,912274302
20920733,912289190
20960793,912304078
21000853,912318966
21040913,912333854
21071959,912365644
21112019,912380532
21152079,912395420
21192139,912410308
21232199,912425196
21272259,912440084
21312319,912454972
21352379,912469860
21392439,912484748
21432499,912499636
21472559,912514524
21512619,912529412
21552679,912544300
21592739,912559188
21632799,912574076
21672859,912588964
21712919,912603852
21752979,912618740
21793039,912633628
21833099,912648516
21873159,912663404
21913219,912678292
21953279,912693180
21993339,912708068
22033399,912722956
22064444,912754788
22104503,912769676
22144561,912784564
22184629,912799452
22224697,912814340
22264767,912829228
22304834,912844116
22344903,912859004
22384970,912873892
22425046,912888852
22465109,912903740
22505178,912920352
22545229,912943532
22585276,912958420
22625324,912979008
22665370,913012108
22705415,913040872
22745463,913055760
22785509,913070648
22825552,913085536
22865593,913100786
22905632,913115674
22945669,913130562
22985704,913145450
23025735,913160338
23056767,913173101
23096813,913207362
23136868,913222250
23176921,913237138
23216977,913252026
23257029,913266914
23297085,913281802
23337138,913296690
23377194,913311578
23417253,913326466
23457313,913341354
23497373,913356242
23537433,913371130
23577493,913386018
23617553,913400906
23657613,913415794
23697673,913430682
23737733,913445570
23777793,913460458
23817853,913475346
23857913,913490234
23897973,913505122
23938033,913520010
23978093,913534898
24018153,913549786
24058213,913564674
24089258,913596486
24129318,913611374
24169378,913626262
24209438,913641150
24249498,913656038
24289558,913670926
24329618,913685814
24369678,913700702
24409738,913715590
24449798,913730478
24489858,913745366
24529918,913760254
24569978,913775142
24610038,913790030
24650098,913804918
24690158,913819806
24730218,913834694
24770278,913849582
24810338,913864470
24850398,913879358
24890458,913894246
24930518,913909134
24970578,913924022
25010641,913939634
25050690,913955246
25081725,913986969
25121772,914001857
25161816,914016745
25201860,914031633
25241907,914046521
25281952,914061409
25321998,914076297
25362042,914091547
25402078,914106435
25442109,914121323
25482137,914136211
25522173,914151099
25562214,914166349
25602259,914181237
25642312,914196125
25682366,914211013
25722423,914225901
25762478,914240789
25802532,914255677
25842585,914270565
25882641,914285453
25922700,914300341
25962760,914315229
26002820,914330117
26042880,914345005
26073926,914376798
26113986,914391686
26154046,914406574
26194106,914421462
26234166,914436350
26274226,914451238
26314286,914466126
26354346,914481014
26394406,914495902
26434466,914510790
26474526,914525678
26514586,914540566
26554646,914555454
26594706,914570342
26634766,914585230
26674826,914600118
26714886,914615006
26754946,914629894
26795006,914644782
26835066,914659670
26875126,914674558
26915186,914689446
26955246,914704334
26995306,914719222
27035366,914734110
27066412,914746511
27106471,914780859
27146531,914795747
27186591,914810635
27226651,914825523
27266711,914840411
27306771,914855299
27346831,914870187
27386891,914885075
27426955,914899963
27467022,914914851
27507095,914942941
27547148,914972771
27587194,914987659
27627240,915002547
27667287,915017435
27707333,915032323
27747379,915047211
27787426,915062099
27827470,915076987
27867513,915092237
27907547,915107125
27947581,915122013
27987614,915136901
28027648,915151789
28067691,915167039
28098729,915198796
28138783,915213684
28178838,915228572
28218893,915243460
28258948,915258348
28299001,915273236
28339057,915288124
28379111,915303012
28419170,915317900
28459230,915332788
28499290,915347676
28539350,915362564
28579410,915377452
28619470,915392340
28659530,915407228
28699590,915422116
28739650,915437004
28779710,915451892
28819770,915466780
28859830,915481668
28899890,915496556
28939950,915511444
28980010,915526332
29020070,915541220
29060130,915556108
29091174,915587920
29131234,915602808
29171294,915617696
29211354,915632584
29251414,915647472
29291474,915662360
29331534,915677248
29371594,915692136
29411654,915707024
29451714,915721912
29491774,915736800
29531834,915751688
29571894,915766576
29611954,915781464
29652014,915796352
29692074,915811240
29732134,915826128
29772194,915841016
29812254,915855904
29852314,915870792
29892374,915885680
29932434,915900568
29972494,915915456
30012560,915931068
30052609,915946680
30083644,915978430
30123687,915993318
30163734,916008206
30203779,916023094
30243823,916037982
30283867,916052870
30323913,916067758
30363959,916083008
30403994,916097896
30444033,916112784
30484064,916127672
30524096,916142560
30564133,916157810
30604181,916172698
30644237,916187586
30684292,916202474
30724344,916217362
30764400,916232250
30804455,916247138
30844511,916262026
30884565,916276914
30924624,916291802
30964684,916306690
31004744,916321578
31044804,916336466
31075853,916348867
31115908,916383170
31155968,916398058
31196028,916412946
31236088,916427834
31276148,916442722
31316208,916457610
31356268,916472498
31396328,916487386
31436388,916502274
31476448,916517162
31516508,916532050
31556568,916546938
31596628,916561826
31636688,916576714
31676748,916591602
31716808,916606490
31756868,916621378
31796928,916636266
31836988,916651154
31877048,916666042
31917108,916680930
31957168,916695818
31997228,916710706
32037288,916725594
32077348,916740482
32108393,916772317
32148453,916787205
32188513,916802093
32228573,916816981
32268633,916831869
32308693,916846757
32348753,916861645
32388813,916876533
32428873,916891421
32468933,916906309
32508998,916921559
32549054,916938253
32589099,916966533
32629148,916981421
32669193,916996309
32709241,917011197
32749286,917026085
32789335,917040973
32829378,917055861
32869423,917071111
32909457,917085999
32949490,917100887
32989524,917115775
33029555,917130663
33069591,917145913
33100626,917177697
33140678,917192585
33180733,917207473
33220785,917222361
33260840,917237249
33300894,917252137
33340949,917267025
33381002,917281913
33421061,917296801
33461121,917311689
33501181,917326577
33541241,917341465
33581301,917356353
33621361,917371241
33661421,917386129
33701481,917401017
33741541,917415905
33781601,917430793
33821661,917445681
33861721,917460569
33901781,917475457
33941841,917490345
33981901,917505233
34021961,917520121
34062021,917535009
34093066,917566824
34133126,917581712
34173186,917596600
34213246,917611488
34253306,917626376
34293366,917641264
34333426,917656152
34373486,917671040
34413546,917685928
34453606,917700816
34493666,917715704
34533726,917730592
34573786,917745480
34613846,917760368
34653906,917775256
34693966,917790144
34734026,917805032
34774086,917819920
34814146,917834808
34854206,917849696
34894266,917864584
34934326,917879472
34974386,917894360
35014450,917909610
35054502,917925584
35085541,917937985
35125582,917972260
35165628,917987148
35205673,918002036
35245717,918016924
35285762,918031812
35325808,918046700
35365858,918061950
35405890,918076838
35445922,918091726
35485960,918106614
35525996,918121502
35566030,918136752
35606078,918151640
35646132,918166528
35686186,918181416
35726239,918196304
35766294,918211192
35806346,918226080
35846399,918240968
35886454,918255856
35926513,918270744
35966573,918285632
36006624,918300520
36046677,918315408
36086731,918330296
36117772,918362086
36157817,918376974
36197868,918391862
36237908,918406750
36277952,918421638
36318012,918436526
36358072,918451414
36398132,918466302
36438192,918481190
36478252,918496078
36518294,918510966
36558334,918525854
36598391,918540742
36638451,918555630
36678516,918570518
36718583,918585422
36758650,918600310
36798717,918615198
36838785,918630086
36878852,918645154
36918918,918660562
36958985,918675590
36999053,918690478
37039119,918706342
37079186,918721442
37110236,918753609
37150303,918768497
37190371,918783385
37230438,918798273
37270505,918813161
37310571,918828049
37350638,918842937
37390705,918857825
37430771,918872713
37470838,918887601
37510909,918912467
37550976,918941293
37591020,918966049
37631063,918980937
37671110,918995825
37711155,919010713
37751200,919025601
37791248,919040489
37831292,919055377
37871339,919070627
37911373,919085515
37951407,919100403
37991440,919115291
38031476,919130179
38071512,919145429
38102547,919177171
38142602,919192059
38182659,919206947
38222713,919221835
38262771,919236723
38302826,919251611
38342881,919266499
38382935,919281387
38422994,919296275
38463054,919311163
38503114,919326051
38543174,919340939
38583234,919355827
38623294,919370715
38663354,919385603
38703414,919400491
38743474,919415379
38783534,919430267
38823594,919445155
38863654,919460043
38903714,919474931
38943774,919489819
38983834,919504707
39023894,919519595
39063954,919534483
39095003,919546884
39135060,919581209
39175120,919596097
39215180,919610985
39255240,919625873
39295300,919640761
39335360,919655649
39375420,919670537
39415480,919685425
39455540,919700313
39495600,919715201
39535660,919730089
39575720,919744977
39615780,919759865
39655840,919774753
39695900,919789641
39735960,919804529
39776020,919819417
39816080,919834305
39856140,919849193
39896200,919864081
39936260,919878969
39976320,919893857
40016384,919909107
40056439,919925081
40096486,919939969
40127523,919971722
40167569,919986610
40207613,920001498
40247662,920016386
40287703,920031274
40327749,920046162
40367793,920061050
40407831,920076300
40447872,920091188
40487912,920106076
40527946,920120964
40567979,920135852
40608028,920151102
40648084,920165990
40688139,920180878
40728193,920195766
40768250,920210654
40808305,920225542
40848359,920240430
40888413,920255318
40928472,920270206
40968532,920285094
41008592,920299982
41048652,920314870
41088712,920329758
41119757,920361545
41159817,920376433
41199877,920391321
41239937,920406209
41279997,920421097
41320057,920435985
41360117,920450873
41400177,920465761
41440237,920480649
41480297,920495537
41520357,920510425
41560417,920525313
41600477,920540201
41640537,920555089
41680597,920569977
41720657,920584865
41760717,920599753
41800776,920614641
41840833,920629529
41880891,920644417
41920948,920659305
41961005,920674193
42001062,920689081
42041120,920703969
42081178,920718857
42112221,920750692
42152278,920765580
42192336,920780468
42232395,920795356
42272452,920810244
42312509,920825132
42352569,920840020
42392636,920854908
42432704,920869796
42472771,920885332
42512845,920904286
42552904,920946230
42592952,920983080
42632997,920997968
42673044,921012856
42713091,921027744
42753137,921042632
42793183,921057520
42833230,921072408
42873275,921087296
42913309,921102546
42953342,921117434
42993385,921132322
43033425,921147210
43073459,921162460
43104494,921174861
43144547,921209125
43184602,921224013
43224654,921238901
43264711,921253789
43304763,921268677
43344816,921283565
43384871,921298453
43424930,921313341
43464990,921328229
43505050,921343117
43545110,921358005
43585170,921372893
43625230,921387781
43665290,921402669
43705350,921417557
43745410,921432445
43785470,921447333
43825530,921462221
43865590,921477109
43905650,921491997
43945710,921506885
43985770,921521773
44025830,921536661
44065890,921551549
44105950,921566437
44136994,921598252
44177054,921613140
44217114,921628028
44257174,921642916
44297234,921657804
44337294,921672692
44377354,921687580
44417414,921702468
44457474,921717356
44497534,921732244
44537594,921747132
44577654,921762020
44617714,921776908
44657774,921791796
44697834,921806684
44737894,921821572
44777954,921836460
44818014,921851348
44858074,921866236
44898134,921881124
44938194,921896012
44978254,921910900
45018318,921926150
45058374,921941762
45098419,921957012
45129457,921988753
45169502,922003641
45209547,922018529
45249594,922033417
45289639,922048305
45329683,922063193
45369728,922078081
45409768,922093331
45449807,922108219
45489843,922123107
45529882,922137995
45569913,922152883
45609960,922168133
45650015,922183021
45690068,922197909
45730122,922212797
45770178,922227685
45810230,922242573
45850283,922257461
45890335,922272349
45930394,922287237
45970454,922302125
46010514,922317013
46050574,922331901
46090634,922346789
46121679,922378579
46161740,922393467
46201800,922408355
46241860,922423243
46281920,922438131
46321980,922453019
46362040,922467907
46402100,922482795
46442160,922497683
46482220,922512571
46522280,922527459
46562340,922542347
46602400,922557235
46642460,922572123
46682520,922587011
46722580,922601899
46762640,922616787
46802700,922631675
46842760,922646563
46882820,922661451
46922880,922676339
46962940,922691227
47003000,922706115
47043060,922721003
47083120,922735891
47114166,922748292
47154225,922782628
47194286,922797516
47234345,922812404
47274406,922827292
47314465,922842180
47354525,922857068
47394585,922871956
47434644,922886844
47474700,922901732
47514758,922916620
47554824,922932594
47594869,922947844
47634916,922962732
47674961,922977620
47715007,923003832
47755052,923018720
47795097,923033608
47835143,923048496
47875190,923063384
47915222,923078651
47955263,923093539
47995299,923108427
48035331,923123315
48075360,923138203
48115405,923153453
48146449,923185210
48186500,923200098
48226556,923214986
48266608,923229874
48306660,923244762
48346712,923259650
48386764,923274538
48426823,923289426
48466883,923304314
48506943,923319202
48547003,923334090
48587063,923348978
48627123,923363866
48667183,923378754
48707243,923393642
48747303,923408530
48787363,923423418
48827423,923438306
48867483,923453194
48907543,923468082
48947603,923482970
48987663,923497858
49027723,923512746
49067783,923527634
49107843,923542522
49138887,923574340
49178947,923589228
49219007,923604116
49259067,923619004
49299127,923633892
49339187,923648780
49379247,923663668
49419307,923678556
49459367,923693444
49499427,923708332
49539487,923723220
49579547,923738108
49619607,923752996
49659667,923767884
49699727,923782772
49739787,923797660
49779847,923812548
49819907,923827436
49859967,923842324
49900027,923857212
49940087,923872100
49980147,923886988
50020204,923902238
50060263,923917850
50100310,923933100
50131348,923964853
50171391,923979741
50211434,923994629
50251480,924009517
50291525,924024405
50331569,924039293
50371615,924054181
50411655,924069431
50451691,924084319
50491728,924099207
50531760,924114095
50571798,924128983
50611839,924144233
50651892,924159121
50691948,924174009
50732003,924188897
50772056,924203785
50812111,924218673
50852163,924233561
50892217,924248449
50932275,924263337
50972335,924278225
51012395,924293113
51052455,924308001
51092515,924322889
51123563,924335290
51163619,924369593
51203679,924384481
51243739,924399369
51283799,924414257
51323859,924429145
51363919,924444033
51403979,924458921
51444039,924473809
51484099,924488697
51524159,924503585
51564219,924518473
51604279,924533361
51644339,924548249
51684399,924563137
51724459,924578025
51764519,924592913
51804579,924607801
51844639,924622689
51884699,924637577
51924759,924652465
51964819,924667353
52004879,924682241
52044939,924697129
52084999,924712017
52125059,924726905
52156104,924758740
52196164,924773628
52236224,924788516
52276284,924803404
52316344,924818292
52356404,924833180
52396464,924848068
52436524,924862956
52476584,924877844
52516644,924892732
52556708,924908344
52596758,924933252
52636805,924948140
52676851,924963028
52716896,924977916
52756943,924992804
52796989,925007692
52837036,925022580
52877081,925037468
52917124,925052735
52957160,925067623
52997201,925082511
53037242,925097399
53077278,925112287
53117323,925127537
53148363,925159279
53188418,925174167
53228472,925189055
53268525,925203943
53308581,925218831
53348634,925233719
53388686,925248607
53428745,925263495
53468805,925278383
53508865,925293271
53548925,925308159
53588985,925323047
53629045,925337935
53669105,925352823
53709165,925367711
53749225,925382599
53789285,925397487
53829345,925412375
53869405,925427263
53909465,925442151
53949525,925457039
53989585,925471927
54029645,925486815
54069705,925501703
54109765,925516591
54140809,925548406
54180869,925563294
54220929,925578182
54260989,925593070
54301049,925607958
54341109,925622846
54381169,925637734
54421229,925652622
54461289,925667510
54501349,925682398
54541409,925697286
54581469,925712174
54621529,925727062
54661589,925741950
54701649,925756838
54741709,925771726
54781769,925786614
54821829,925801502
54861889,925816390
54901949,925831278
54942009,925846166
54982069,925861054
55022129,925875942
55062190,925891554
55102238,925907166
55133275,925919567
55173321,925953836
55213365,925968724
55253412,925983612
55293458,925998500
55333502,926013388
55373548,926028276
55413590,926043526
55453631,926058414
55493668,926073302
55533711,926088190
55573744,926103078
55613789,926118328
55653841,926133216
55693897,926148104
55733950,926162992
55774006,926177880
55814058,926192768
55854113,926207656
55894167,926222544
55934227,926237432
55974286,926252320
56014347,926267208
56054407,926282096
56094466,926296984
56134526,926311872
56165572,926343662
56205632,926358550
56245692,926373438
56285752,926388326
56325812,926403214
56365872,926418102
56405932,926432990
56445992,926447878
56486052,926462766
56526112,926477654
56566172,926492542
56606232,926507430
56646292,926522318
56686352,926537206
56726412,926552094
56766472,926566982
56806532,926581870
56846592,926596758
56886652,926611646
56926712,926626534
56966772,926641422
57006832,926656310
57046892,926671198
57086952,926686086
57127012,926700974
57158057,926732809
57198117,926747697
57238177,926762585
57278234,926777473
57318290,926792361
57358346,926807249
57398403,926822137
57438461,926837025
57478528,926854413
57518598,926870677
57558664,926905209
57598714,926931881
57638761,926949389
57678808,926985921
57718855,927008997
57758900,927023885
57798947,927038773
57838993,927053661
57879039,927068549
57919087,927083816
57959126,927098704
57999164,927113592
58039200,927128480
58079235,927143368
58119277,927158618
58150316,927194948
58190372,927213580
58230427,927228468
58270482,927243356
58310534,927258244
58350588,927273132
58390643,927288020
58430698,927302908
58470756,927317796
58510816,927332684
58550876,927347572
58590936,927362460
58630996,927377348
58671056,927392236
58711116,927407124
58751176,927422012
58791236,927436900
58831296,927451788
58871356,927466676
58911416,927481564
58951476,927496452
58991536,927511340
59031596,927526228
59071656,927541116
59111716,927556004
59142764,927568405
59182822,927602733
59222882,927617621
59262942,927632509
59303002,927647397
59343062,927662285
59383122,927677173
59423182,927692061
59463242,927706949
59503302,927721837
59543362,927736725
59583422,927751613
59623482,927766501
59663542,927781389
59703602,927796277
59743662,927811165
59783722,927826053
59823782,927840941
59863842,927855829
59903902,927870717
59943962,927885605
59984022,927900493
60024082,927915381
60064143,927930993
60104192,927946605
60144236,927961493
60184281,927978973
60224323,927993861
60264370,928008749
60304416,928023637
60344462,928038525
60384509,928053413
60424554,928068656
60464592,928083544
60504632,928098432
60544668,928113320
60584704,928128208
60624745,928143451
60664799,928158339
60704855,928173227
60744910,928188115
60784964,928203003
60825019,928217891
60865073,928232779
60905126,928247667
60945185,928262555
60985245,928277443
61025305,928292331
61065365,928307219
61105425,928322107
61145485,928336995
61185545,928351883
61225605,928366771
61265665,928381659
61305725,928396547
61345785,928411435
61385845,928426323
61425905,928441211
61465965,928456099
61506025,928470987
61546085,928485875
61586145,928500763
61626205,928515651
61666265,928530539
61706325,928545427
61746385,928560315
61786445,928575203
61826505,928590091
61866565,928604979
61906625,928619867
61946685,928634755
61986745,928649643
62026805,928664531
62066865,928679419
62106925,928694307
62146985,928709195
62187045,928724083
62227105,928738971
62267165,928753859
62307225,928768747
62347285,928783635
62387345,928798523
62427405,928813411
62467465,928828299
62507525,928843187
62538573,928855837
TS,4
32010,629
72066,669
112125,709
152182,749
192239,789
232297,829
272355,869
312412,909
352469,949
392528,989
432586,1029
472643,1069
512701,1109
552758,1149
592817,1189
632874,1229
672931,1269
712989,1309
753046,1349
793103,1389
833160,1429
873217,1469
913275,1509
953333,1549
993392,1589
1024434,1620
1064491,1660
1104547,1700
1144605,1740
1184663,1780
1224720,1820
1264778,1860
1304836,1900
1344893,1940
1384952,1980
1425010,2020
1465068,2060
1505126,2100
1545183,2140
1585241,2180
1625298,2220
1665356,2260
1705414,2300
1745471,2340
1785529,2380
1825587,2420
1865644,2460
1905700,2500
1945758,2540
1985816,2580
2016860,2611
2056918,2651
2096976,2691
2137033,2731
2177091,2771
2217148,2811
2257205,2851
2297263,2891
2337320,2931
2377377,2971
2417435,3011
2457497,3051
2497553,3091
2537605,3131
2577653,3171
2617698,3211
2657745,3251
2697792,3291
2737838,3331
2777882,3371
2817930,3411
2857961,3451
2898001,3491
2938038,3531
2978075,3571
3009095,3602
3049137,3642
3089192,3682
3129248,3722
3169303,3762
3209359,3802
3249415,3842
3289471,3882
3329525,3922
3369583,3962
3409643,4002
3449703,4042
3489763,4082
3529823,4122
3569883,4162
3609943,4202
3650003,4242
3690063,4282
3730123,4322
3770183,4362
3810243,4402
3850303,4442
3890363,4482
3930423,4522
3970483,4562
4010543,4602
4041588,4633
4081648,4673
4121708,4713
4161768,4753
4201828,4793
4241888,4833
4281948,4873
4322008,4913
4362068,4953
4402128,4993
4442188,5033
4482248,5073
4522308,5113
4562368,5153
4602428,5193
4642488,5233
4682548,5273
4722608,5313
4762668,5353
4802728,5393
4842788,5433
4882848,5473
4922908,5513
4962973,5553
5003029,5593
5034066,5624
5074110,5664
5114154,5704
5154200,5744
5194246,5784
5234290,5824
5274336,5864
5314381,5904
5354416,5944
5394448,5984
5434479,6024
5474514,6064
5514557,6104
5554601,6144
5594656,6184
5634713,6224
5674769,6264
5714824,6304
5754880,6344
5794934,6384
5834989,6424
5875049,6464
5915109,6504
5955168,6544
5995229,6584
6026274,6615
6066334,6655
6106394,6695
6146454,6735
6186514,6775
6226574,6815
6266634,6855
6306694,6895
6346754,6935
6386814,6975
6426874,7015
6466934,7055
6506994,7095
6547054,7135
6587114,7175
6627174,7215
6667234,7255
6707294,7295
6747354,7335
6787414,7375
6827474,7415
6867534,7455
6907594,7495
6947654,7535
6987714,7575
7018760,7606
7058819,7646
7098879,7686
7138939,7726
7178999,7766
7219059,7806
7259112,7846
7299165,7886
7339218,7926
7379281,7966
7419344,8006
7459411,8046
7499480,8086
7539524,8126
7579573,8166
7619620,8206
7659665,8246
7699711,8286
7739756,8326
7779800,8366
7819845,8406
7859882,8446
7899921,8486
7939963,8526
7979997,8566
8020032,8606
8051068,8637
8091121,8677
8131174,8717
8171229,8757
8211284,8797
8251338,8837
8291392,8877
8331446,8917
8371505,8957
8411565,8997
8451625,9037
8491685,9077
8531745,9117
8571805,9157
8611865,9197
8651925,9237
8691985,9277
8732045,9317
8772105,9357
8812165,9397
8852225,9437
8892285,9477
8932345,9517
8972405,9557
9012465,9597
9043510,9628
9083570,9668
9123630,9708
9163690,9748
9203750,9788
9243810,9828
9283870,9868
9323930,9908
9363990,9948
9404050,9988
9444110,10028
9484170,10068
9524230,10108
9564290,10148
9604350,10188
9644410,10228
9684470,10268
9724530,10308
9764590,10348
9804650,10388
9844710,10428
9884770,10468
9924830,10508
9964893,10548
10004951,10588
10035988,10619
10076035,10659
10116080,10699
10156125,10739
10196170,10779
10236214,10819
10276260,10859
10316307,10899
10356344,10939
10396380,10979
10436412,11019
10476449,11059
10516486,11099
10556528,11139
10596581,11179
10636635,11219
10676689,11259
10716745,11299
10756798,11339
10796853,11379
10836907,11419
10876965,11459
10917025,11499
10957085,11539
10997145,11579
11028193,11610
11068249,11650
11108309,11690
11148369,11730
11188429,11770
11228489,11810
11268549,11850
11308609,11890
11348669,11930
11388729,11970
11428789,12010
11468849,12050
11508909,12090
11548969,12130
11589029,12170
11629089,12210
11669149,12250
11709209,12290
11749269,12330
11789329,12370
11829389,12410
11869449,12450
11909509,12490
11949569,12530
11989629,12570
12029689,12610
12060734,12641
12100794,12681
12140854,12721
12180914,12761
12220974,12801
12261035,12841
12301095,12881
12341154,12921
12381215,12961
12421275,13001
12461335,13041
12501397,13081
12541446,13121
12581495,13161
12621541,13201
12661587,13241
12701633,13281
12741678,13321
12781723,13361
12821773,13401
12861812,13441
12901847,13481
12941882,13521
12981921,13561
13021958,13601
13052990,13632
13093038,13672
13133093,13712
13173147,13752
13213203,13792
13253252,13832
13293308,13872
13333360,13912
13373416,13952
13413476,13992
13453536,14032
13493596,14072
13533656,14112
13573716,14152
13613776,14192
13653836,14232
13693896,14272
13733956,14312
13774016,14352
13814076,14392
13854136,14432
13894196,14472
13934256,14512
13974316,14552
14014376,14592
14045420,14623
14085480,14663
14125540,14703
14165600,14743
14205660,14783
14245720,14823
14285780,14863
14325841,14903
14365900,14943
14405960,14983
14446020,15023
14486080,15063
14526140,15103
14566200,15143
14606260,15183
14646318,15223
14686376,15263
14726434,15303
14766491,15343
14806548,15383
14846604,15423
14886661,15463
14926717,15503
14966773,15543
15006835,15583
15037877,15614
15077919,15654
15117966,15694
15158009,15734
15198054,15774
15238097,15814
15278140,15854
15318185,15894
15358221,15934
15398259,15974
15438292,16014
15478326,16054
15518357,16094
15558402,16134
15598455,16174
15638511,16214
15678566,16254
15718623,16294
15758676,16334
15798731,16374
15838784,16414
15878843,16454
15918903,16494
15958963,16534
15999023,16574
16039083,16614
16070127,16645
16110187,16685
16150247,16725
16190307,16765
16230367,16805
16270427,16845
16310487,16885
16350547,16925
16390607,16965
16430667,17005
16470727,17045
16510787,17085
16550847,17125
16590907,17165
16630967,17205
16671027,17245
16711087,17285
16751147,17325
16791207,17365
16831267,17405
16871327,17445
16911387,17485
16951447,17525
16991507,17565
17031567,17605
17062612,17636
17102672,17676
17142732,17716
17182792,17756
17222852,17796
17262912,17836
17302972,17876
17343032,17916
17383092,17956
17423152,17996
17463212,18036
17503277,18076
17543331,18116
17583373,18156
17623421,18196
17663467,18236
17703510,18276
17743555,18316
17783602,18356
17823649,18396
17863689,18436
17903721,18476
17943759,18516
17983789,18556
18023822,18596
18054851,18627
18094901,18667
18134955,18707
18175007,18747
18215063,18787
18255117,18827
18295170,18867
18335227,18907
18375279,18947
18415339,18987
18455399,19027
18495459,19067
18535519,19107
18575579,19147
18615639,19187
18655699,19227
18695759,19267
18735819,19307
18775876,19347
18815933,19387
18855991,19427
18896048,19467
18936106,19507
18976163,19547
19016220,19587
19047266,19618
19087319,19658
19127377,19698
19167434,19738
19207492,19778
19247549,19818
19287607,19858
19327664,19898
19367722,19938
19407780,19978
19447837,20018
19487894,20058
19527952,20098
19568010,20138
19608067,20178
19648124,20218
19688183,20258
19728240,20298
19768299,20338
19808356,20378
19848414,20418
19888473,20458
19928531,20498
19968589,20538
20008652,20578
20048703,20618
20079738,20649
20119785,20689
20159831,20729
20199877,20769
20239921,20809
20279968,20849
20320015,20889
20360055,20929
20400088,20969
20440123,21009
20480165,21049
20520200,21089
20560238,21129
20600288,21169
20640345,21209
20680398,21249
20720453,21289
20760506,21329
20800561,21369
20840616,21409
20880673,21449
20920733,21489
20960793,21529
21000853,21569
21040913,21609
21071959,21640
21112019,21680
21152079,21720
21192139,21760
21232199,21800
21272259,21840
21312319,21880
21352379,21920
21392439,21960
21432499,22000
21472559,22040
21512619,22080
21552679,22120
21592739,22160
21632799,22200
21672859,22240
21712919,22280
21752979,22320
21793039,22360
21833099,22400
21873159,22440
21913219,22480
21953279,22520
21993339,22560
22033399,22600
22064444,22631
22104503,22671
22144561,22711
22184629,22751
22224697,22791
22264767,22831
22304834,22871
22344903,22911
22384970,22951
22425046,22991
22465109,23031
22505178,23071
22545230,23111
22585277,23151
22625325,23191
22665371,23231
22705416,23271
22745464,23311
22785510,23351
22825553,23391
22865594,23431
22905633,23471
22945669,23511
22985705,23551
23025736,23591
23056768,23622
23096813,23662
23136869,23702
23176922,23742
23216978,23782
23257030,23822
23297086,23862
23337139,23902
23377194,23942
23417253,23982
23457313,24022
23497373,24062
23537433,24102
23577493,24142
23617553,24182
23657613,24222
23697673,24262
23737733,24302
23777793,24342
23817853,24382
23857913,24422
23897973,24462
23938033,24502
23978093,24542
24018153,24582
24058213,24622
24089258,24653
24129318,24693
24169378,24733
24209438,24773
24249498,24813
24289558,24853
24329618,24893
24369678,24933
24409738,24973
24449798,25013
24489858,25053
24529918,25093
24569978,25133
24610038,25173
24650098,25213
24690158,25253
24730218,25293
24770278,25333
24810338,25373
24850398,25413
24890458,25453
24930518,25493
24970578,25533
25010642,25573
25050691,25613
25081726,25644
25121773,25684
25161817,25724
25201861,25764
25241908,25804
25281953,25844
25321999,25884
25362043,25924
25402079,25964
25442110,26004
25482138,26044
25522174,26084
25562214,26124
25602260,26164
25642313,26204
25682367,26244
25722424,26284
25762478,26324
25802532,26364
25842586,26404
25882642,26444
25922700,26484
25962760,26524
26002820,26564
26042880,26604
26073926,26635
26113986,26675
26154046,26715
26194106,26755
26234166,26795
26274226,26835
26314286,26875
26354346,26915
26394406,26955
26434466,26995
26474526,27035
26514586,27075
26554646,27115
26594706,27155
26634766,27195
26674826,27235
26714886,27275
26754946,27315
26795006,27355
26835066,27395
26875126,27435
26915186,27475
26955246,27515
26995306,27555
27035366,27595
27066412,27626
27106471,27666
27146531,27706
27186591,27746
27226651,27786
27266711,27826
27306771,27866
27346831,27906
27386891,27946
27426955,27986
27467023,28026
27507096,28066
27547149,28106
27587195,28146
27627240,28186
27667287,28226
27707334,28266
27747379,28306
27787426,28346
27827471,28386
27867514,28426
27907547,28466
27947581,28506
27987615,28546
28027648,28586
28067692,28626
28098730,28657
28138784,28697
28178839,28737
28218894,28777
28258949,28817
28299002,28857
28339057,28897
28379111,28937
28419170,28977
28459230,29017
28499290,29057
28539350,29097
28579410,29137
28619470,29177
28659530,29217
28699590,29257
28739650,29297
28779711,29337
28819770,29377
28859830,29417
28899890,29457
28939950,29497
28980010,29537
29020070,29577
29060130,29617
29091174,29648
29131234,29688
29171294,29728
29211354,29768
29251414,29808
29291474,29848
29331534,29888
29371594,29928
29411654,29968
29451714,30008
29491774,30048
29531834,30088
29571894,30128
29611954,30168
29652014,30208
29692074,30248
29732134,30288
29772194,30328
29812254,30368
29852314,30408
29892374,30448
29932434,30488
29972494,30528
30012561,30568
30052610,30608
30083644,30639
30123688,30679
30163735,30719
30203780,30759
30243824,30799
30283867,30839
30323914,30879
30363960,30919
30403995,30959
30444034,30999
30484065,31039
30524097,31079
30564134,31119
30604181,31159
30644237,31199
30684292,31239
30724344,31279
30764400,31319
30804455,31359
30844512,31399
30884565,31439
30924624,31479
30964685,31519
31004744,31559
31044804,31599
31075853,31630
31115908,31670
31155968,31710
31196028,31750
31236088,31790
31276148,31830
31316208,31870
31356268,31910
31396328,31950
31436388,31990
31476448,32030
31516508,32070
31556568,32110
31596628,32150
31636688,32190
31676748,32230
31716808,32270
31756868,32310
31796928,32350
31836988,32390
31877048,32430
31917108,32470
31957168,32510
31997228,32550
32037288,32590
32077348,32630
32108393,32661
32148453,32701
32188513,32741
32228573,32781
32268633,32821
32308693,32861
32348753,32901
32388813,32941
32428873,32981
32468933,33021
32508998,33061
32549054,33101
32589100,33141
32629149,33181
32669194,33221
32709242,33261
32749287,33301
32789336,33341
32829379,33381
32869423,33421
32909458,33461
32949491,33501
32989525,33541
33029555,33581
33069591,33621
33100627,33652
33140679,33692
33180733,33732
33220786,33772
33260840,33812
33300895,33852
33340949,33892
33381003,33932
33421061,33972
33461121,34012
33501181,34052
33541241,34092
33581301,34132
33621361,34172
33661421,34212
33701481,34252
33741541,34292
33781601,34332
33821661,34372
33861721,34412
33901781,34452
33941841,34492
33981901,34532
34021961,34572
34062021,34612
34093066,34643
34133126,34683
34173186,34723
34213246,34763
34253306,34803
34293366,34843
34333426,34883
34373486,34923
34413546,34963
34453606,35003
34493666,35043
34533726,35083
34573786,35123
34613846,35163
34653906,35203
34693966,35243
34734026,35283
34774086,35323
34814146,35363
34854206,35403
34894266,35443
34934326,35483
34974386,35523
35014451,35563
35054503,35603
35085542,35634
35125583,35674
35165629,35714
35205674,35754
35245718,35794
35285762,35834
35325808,35874
35365859,35914
35405891,35954
35445923,35994
35485960,36034
35525996,36074
35566031,36114
35606079,36154
35646132,36194
35686186,36234
35726240,36274
35766295,36314
35806346,36354
35846400,36394
35886454,36434
35926513,36474
35966573,36514
36006624,36554
36046677,36594
36086732,36634
36117772,36665
36157817,36705
36197868,36745
36237908,36785
36277952,36825
36318012,36865
36358072,36905
36398132,36945
36438192,36985
36478252,37025
36518294,37065
36558334,37105
36598391,37145
36638451,37185
36678516,37225
36718583,37265
36758650,37305
36798717,37345
36838785,37385
36878852,37425
36918918,37465
36958985,37505
36999053,37545
37039119,37585
37079186,37625
37110236,37656
37150303,37696
37190371,37736
37230438,37776
37270505,37816
37310571,37856
37350638,37896
37390705,37936
37430771,37976
37470838,38016
37510910,38056
37550977,38096
37591021,38136
37631064,38176
37671111,38216
37711156,38256
37751201,38296
37791248,38336
37831293,38376
37871340,38416
37911373,38456
37951408,38496
37991441,38536
38031477,38576
38071513,38616
38102547,38647
38142603,38687
38182660,38727
38222714,38767
38262771,38807
38302827,38847
38342881,38887
38382935,38927
38422994,38967
38463054,39007
38503114,39047
38543174,39087
38583234,39127
38623294,39167
38663354,39207
38703414,39247
38743474,39287
38783534,39327
38823594,39367
38863654,39407
38903714,39447
38943774,39487
38983834,39527
39023894,39567
39063954,39607
39095003,39638
39135060,39678
39175120,39718
39215180,39758
39255240,39798
39295300,39838
39335360,39878
39375420,39918
39415480,39958
39455540,39998
39495600,40038
39535660,40078
39575720,40118
39615780,40158
39655840,40198
39695900,40238
39735960,40278
39776020,40318
39816080,40358
39856140,40398
39896200,40438
39936260,40478
39976320,40518
40016385,40558
40056439,40598
40096487,40638
40127524,40669
40167570,40709
40207614,40749
40247663,40789
40287703,40829
40327750,40869
40367794,40909
40407832,40949
40447872,40989
40487913,41029
40527947,41069
40567980,41109
40608029,41149
40648084,41189
40688139,41229
40728194,41269
40768251,41309
40808305,41349
40848360,41389
40888413,41429
40928472,41469
40968532,41509
41008592,41549
41048652,41589
41088712,41629
41119757,41660
41159817,41700
41199877,41740
41239937,41780
41279997,41820
41320057,41860
41360117,41900
41400177,41940
41440237,41980
41480297,42020
41520357,42060
41560418,42100
41600477,42140
41640537,42180
41680597,42220
41720657,42260
41760717,42300
41800776,42340
41840834,42380
41880891,42420
41920949,42460
41961005,42500
42001063,42540
42041120,42580
42081178,42620
42112221,42651
42152278,42691
42192336,42731
42232395,42771
42272452,42811
42312510,42851
42352569,42891
42392636,42931
42432704,42971
42472771,43011
42512845,43051
42552904,43091
42592952,43131
42632998,43171
42673045,43211
42713092,43251
42753138,43291
42793184,43331
42833231,43371
42873275,43411
42913310,43451
42953343,43491
42993386,43531
43033426,43571
43073459,43611
43104494,43642
43144548,43682
43184603,43722
43224655,43762
43264711,43802
43304764,43842
43344817,43882
43384871,43922
43424930,43962
43464990,44002
43505050,44042
43545110,44082
43585170,44122
43625230,44162
43665290,44202
43705350,44242
43745410,44282
43785470,44322
43825530,44362
43865590,44402
43905650,44442
43945710,44482
43985770,44522
44025830,44562
44065890,44602
44105950,44642
44136994,44673
44177054,44713
44217114,44753
44257174,44793
44297234,44833
44337294,44873
44377354,44913
44417414,44953
44457474,44993
44497534,45033
44537594,45073
44577654,45113
44617714,45153
44657774,45193
44697834,45233
44737894,45273
44777954,45313
44818014,45353
44858074,45393
44898134,45433
44938194,45473
44978254,45513
45018319,45553
45058375,45593
45098420,45633
45129458,45664
45169503,45704
45209547,45744
45249594,45784
45289640,45824
45329684,45864
45369728,45904
45409769,45944
45449808,45984
45489844,46024
45529882,46064
45569914,46104
45609961,46144
45650015,46184
45690068,46224
45730123,46264
45770179,46304
45810230,46344
45850284,46384
45890336,46424
45930394,46464
45970454,46504
46010514,46544
46050574,46584
46090634,46624
46121680,46655
46161740,46695
46201800,46735
46241860,46775
46281920,46815
46321980,46855
46362040,46895
46402100,46935
46442160,46975
46482220,47015
46522280,47055
46562340,47095
46602400,47135
46642460,47175
46682520,47215
46722580,47255
46762640,47295
46802700,47335
46842760,47375
46882820,47415
46922880,47455
46962940,47495
47003000,47535
47043060,47575
47083120,47615
47114167,47646
47154225,47686
47194286,47726
47234346,47766
47274406,47806
47314466,47846
47354525,47886
47394585,47926
47434645,47966
47474701,48006
47514758,48046
47554825,48086
47594870,48126
47634916,48166
47674962,48206
47715008,48246
47755053,48286
47795098,48326
47835144,48366
47875191,48406
47915223,48446
47955264,48486
47995300,48526
48035332,48566
48075361,48606
48115405,48646
48146450,48677
48186501,48717
48226556,48757
48266609,48797
48306660,48837
48346713,48877
48386765,48917
48426823,48957
48466883,48997
48506943,49037
48547003,49077
48587063,49117
48627123,49157
48667183,49197
48707243,49237
48747303,49277
48787363,49317
48827423,49357
48867483,49397
48907543,49437
48947603,49477
48987663,49517
49027723,49557
49067783,49597
49107843,49637
49138887,49668
49178947,49708
49219007,49748
49259067,49788
49299127,49828
49339187,49868
49379247,49908
49419307,49948
49459367,49988
49499427,50028
49539487,50068
49579547,50108
49619607,50148
49659667,50188
49699727,50228
49739787,50268
49779847,50308
49819907,50348
49859967,50388
49900027,50428
49940087,50468
49980147,50508
50020204,50548
50060264,50588
50100311,50628
50131349,50659
50171391,50699
50211435,50739
50251480,50779
50291525,50819
50331570,50859
50371615,50899
50411656,50939
50451692,50979
50491728,51019
50531760,51059
50571799,51099
50611840,51139
50651893,51179
50691948,51219
50732003,51259
50772057,51299
50812112,51339
50852163,51379
50892217,51419
50932275,51459
50972335,51499
51012395,51539
51052455,51579
51092515,51619
51123563,51650
51163619,51690
51203679,51730
51243739,51770
51283799,51810
51323859,51850
51363919,51890
51403979,51930
51444039,51970
51484099,52010
51524159,52050
51564219,52090
51604279,52130
51644339,52170
51684399,52210
51724459,52250
51764519,52290
51804579,52330
51844639,52370
51884699,52410
51924759,52450
51964819,52490
52004879,52530
52044939,52570
52084999,52610
52125059,52650
52156104,52681
52196164,52721
52236224,52761
52276284,52801
52316344,52841
52356404,52881
52396464,52921
52436524,52961
52476584,53001
52516644,53041
52556709,53081
52596758,53121
52636806,53161
52676852,53201
52716896,53241
52756944,53281
52796989,53321
52837036,53361
52877082,53401
52917124,53441
52957160,53481
52997202,53521
53037243,53561
53077279,53601
53117324,53641
53148363,53672
53188418,53712
53228472,53752
53268526,53792
53308581,53832
53348635,53872
53388687,53912
53428745,53952
53468805,53992
53508865,54032
53548925,54072
53588985,54112
53629045,54152
53669105,54192
53709165,54232
53749225,54272
53789285,54312
53829345,54352
53869405,54392
53909465,54432
53949525,54472
53989585,54512
54029645,54552
54069705,54592
54109765,54632
54140809,54663
54180869,54703
54220929,54743
54260989,54783
54301049,54823
54341109,54863
54381169,54903
54421229,54943
54461289,54983
54501349,55023
54541409,55063
54581469,55103
54621529,55143
54661589,55183
54701649,55223
54741709,55263
54781769,55303
54821829,55343
54861889,55383
54901949,55423
54942009,55463
54982069,55503
55022129,55543
55062191,55583
55102239,55623
55133276,55654
55173322,55694
55213366,55734
55253412,55774
55293459,55814
55333503,55854
55373549,55894
55413591,55934
55453631,55974
55493669,56014
55533711,56054
55573744,56094
55613789,56134
55653842,56174
55693897,56214
55733950,56254
55774006,56294
55814059,56334
55854114,56374
55894168,56414
55934227,56454
55974287,56494
56014347,56534
56054407,56574
56094466,56614
56134527,56654
56165572,56685
56205632,56725
56245692,56765
56285752,56805
56325812,56845
56365872,56885
56405932,56925
56445992,56965
56486052,57005
56526112,57045
56566172,57085
56606232,57125
56646292,57165
56686352,57205
56726412,57245
56766472,57285
56806532,57325
56846592,57365
56886652,57405
56926712,57445
56966772,57485
57006832,57525
57046892,57565
57086952,57605
57127012,57645
57158057,57676
57198117,57716
57238177,57756
57278234,57796
57318290,57836
57358347,57876
57398403,57916
57438461,57956
57478528,57996
57518598,58036
57558665,58076
57598715,58116
57638761,58156
57678809,58196
57718856,58236
57758901,58276
57798948,58316
57838994,58356
57879039,58396
57919088,58436
57959127,58476
57999165,58516
58039201,58556
58079235,58596
58119278,58636
58150317,58667
58190372,58707
58230428,58747
58270483,58787
58310534,58827
58350589,58867
58390644,58907
58430698,58947
58470756,58987
58510816,59027
58550876,59067
58590936,59107
58630996,59147
58671056,59187
58711116,59227
58751176,59267
58791236,59307
58831296,59347
58871356,59387
58911416,59427
58951476,59467
58991536,59507
59031596,59547
59071656,59587
59111716,59627
59142764,59658
59182822,59698
59222882,59738
59262942,59778
59303002,59818
59343062,59858
59383122,59898
59423182,59938
59463242,59978
59503302,60018
59543362,60058
59583422,60098
59623482,60138
59663542,60178
59703602,60218
59743662,60258
59783722,60298
59823782,60338
59863842,60378
59903902,60418
59943962,60458
59984022,60498
60024082,60538
60064144,60578
60104193,60618
60144236,60658
60184281,60698
60224323,60738
60264371,60778
60304416,60818
60344463,60858
60384510,60898
60424554,60938
60464593,60978
60504633,61018
60544668,61058
60584704,61098
60624746,61138
60664799,61178
60704856,61218
60744911,61258
60784965,61298
60825020,61338
60865073,61378
60905126,61418
60945185,61458
60985245,61498
61025305,61538
61065365,61578
61105425,61618
61145485,61658
61185545,61698
61225605,61738
61265665,61778
61305725,61818
61345785,61858
61385845,61898
61425905,61938
61465965,61978
61506025,62018
61546085,62058
61586145,62098
61626205,62138
61666265,62178
61706325,62218
61746385,62258
61786445,62298
61826505,62338
61866565,62378
61906625,62418
61946685,62458
61986745,62498
62026805,62538
62066865,62578
62106926,62618
62146986,62658
62187046,62698
62227106,62738
62267166,62778
62307226,62818
62347286,62858
62387346,62898
62427406,62938
62467466,62978
62507525,63018
62538573,63049
TS,5
32010,1531731
72066,1534915
112125,1538099
152182,1541283
192239,1544467
232297,1547651
272355,1550835
312412,1554019
352469,1557203
392528,1560387
432586,1563571
472643,1566755
512701,1569939
552758,1573123
592817,1576307
632874,1579491
672931,1582675
712989,1585859
753046,1589043
793103,1592227
833160,1595411
873217,1598595
913275,1601779
953333,1604963
993392,1608147
1024434,1616812
1064491,1619996
1104547,1623180
1144605,1626364
1184663,1629548
1224721,1632732
1264778,1635916
1304836,1639100
1344893,1642284
1384952,1645468
1425010,1648652
1465068,1651836
1505126,1655020
1545183,1658204
1585241,1661388
1625298,1664572
1665356,1667756
1705414,1670940
1745471,1674124
1785529,1677308
1825587,1680492
1865644,1683676
1905700,1686860
1945758,1690044
1985816,1693228
2016861,1701907
2056918,1705091
2096977,1708275
2137033,1711459
2177091,1714643
2217148,1717827
2257205,1721011
2297263,1724195
2337320,1727379
2377377,1730563
2417435,1733747
2457498,1737013
2497554,1740535
2537606,1743801
2577653,1746985
2617699,1750169
2657746,1753353
2697792,1756537
2737839,1759721
2777883,1762905
2817931,1766089
2857961,1769273
2898001,1772457
2938039,1775641
2978076,1778825
3009095,1781536
3049138,1790660
3089192,1793844
3129248,1797028
3169303,1800212
3209360,1803396
3249415,1806580
3289472,1809764
3329525,1812948
3369583,1816132
3409643,1819316
3449703,1822500
3489763,1825684
3529823,1828868
3569883,1832052
3609943,1835236
3650003,1838420
3690063,1841604
3730123,1844788
3770183,1847972
3810243,1851156
3850303,1854340
3890363,1857524
3930423,1860708
3970483,1863892
4010543,1867076
4041588,1875750
4081648,1878934
4121708,1882118
4161768,1885302
4201828,1888486
4241889,1891670
4281948,1894854
4322008,1898038
4362068,1901222
4402129,1904406
4442188,1907590
4482249,1910774
4522308,1913958
4562368,1917142
4602428,1920326
4642488,1923510
4682548,1926694
4722608,1929878
4762668,1933062
4802728,1936246
4842788,1939430
4882848,1942614
4922908,1945798
4962974,1949064
5003030,1952412
5034067,1961146
5074111,1964330
5114155,1967514
5154201,1970698
5194246,1973882
5234290,1977066
5274336,1980250
5314382,1983434
5354417,1986700
5394449,1989884
5434480,1993068
5474515,1996252
5514557,1999436
5554602,2002702
5594656,2005886
5634714,2009070
5674770,2012254
5714825,2015438
5754881,2018622
5794935,2021806
5834989,2024990
5875049,2028174
5915109,2031358
5955169,2034542
5995229,2037726
6026274,2046387
6066334,2049571
6106394,2052755
6146454,2055939
6186514,2059123
6226574,2062307
6266634,2065491
6306694,2068675
6346754,2071859
6386814,2075043
6426874,2078227
6466934,2081411
6506994,2084595
6547054,2087779
6587114,2090963
6627174,2094147
6667234,2097331
6707294,2100515
6747354,2103699
6787414,2106883
6827474,2110067
6867534,2113251
6907594,2116435
6947654,2119619
6987714,2122803
7018760,2125514
7058819,2134667
7098880,2137851
7138939,2141035
7179000,2144219
7219060,2147403
7259112,2150587
7299165,2153771
7339218,2156955
7379281,2160139
7419344,2163323
7459411,2166507
7499480,2169937
7539525,2173203
7579574,2176387
7619621,2179571
7659666,2182755
7699712,2185939
7739757,2189123
7779801,2192307
7819845,2195491
7859883,2198757
7899922,2201941
7939964,2205125
7979998,2208309
8020033,2211493
8051068,2220237
8091121,2223421
8131175,2226605
8171229,2229789
8211285,2232973
8251339,2236157
8291393,2239341
8331446,2242525
8371505,2245709
8411565,2248893
8451625,2252077
8491685,2255261
8531745,2258445
8571805,2261629
8611865,2264813
8651925,2267997
8691985,2271181
8732045,2274365
8772105,2277549
8812165,2280733
8852225,2283917
8892285,2287101
8932345,2290285
8972405,2293469
9012465,2296653
9043510,2305325
9083570,2308509
9123630,2311693
9163691,2314877
9203750,2318061
9243810,2321245
9283870,2324429
9323931,2327613
9363990,2330797
9404050,2333981
9444110,2337165
9484171,2340349
9524230,2343533
9564290,2346717
9604350,2349901
9644411,2353085
9684470,2356269
9724531,2359453
9764590,2362637
9804651,2365821
9844710,2369005
9884770,2372189
9924830,2375373
9964893,2378639
10004951,2381987
10035989,2391011
10076035,2394195
10116081,2397379
10156125,2400563
10196170,2403747
10236215,2406931
10276260,2410115
10316307,2413299
10356345,2416565
10396381,2419749
10436413,2422933
10476450,2426117
10516487,2429301
10556529,2432567
10596582,2435751
10636636,2438935
10676690,2442119
10716745,2445303
10756799,2448487
10796854,2451671
10836907,2454855
10876965,2458039
10917025,2461223
10957085,2464407
10997145,2467591
11028193,2470302
11068249,2479729
11108309,2482913
11148369,2486097
11188429,2489281
11228489,2492465
11268549,2495649
11308609,2498833
11348669,2502017
11388729,2505201
11428789,2508385
11468849,2511569
11508909,2514753
11548969,2517937
11589029,2521121
11629089,2524305
11669149,2527489
11709209,2530673
11749269,2533857
11789329,2537041
11829389,2540225
11869449,2543409
11909509,2546593
11949569,2549777
11989629,2552961
12029689,2556145
12060734,2565116
12100794,2568300
12140854,2571484
12180914,2574668
12220975,2577852
12261035,2581036
12301095,2584220
12341155,2587404
12381215,2590588
12421275,2593772
12461335,2596956
12501398,2600304
12541447,2603652
12581496,2606836
12621542,2610020
12661588,2613204
12701634,2616388
12741679,2619572
12781724,2622756
12821774,2625940
12861813,2629206
12901847,2632390
12941883,2635574
12981922,2638758
13021959,2641942
13052990,2650973
13093038,2654157
13133094,2657341
13173148,2660525
13213203,2663709
13253252,2666893
13293309,2670077
13333361,2673261
13373417,2676445
13413476,2679629
13453536,2682813
13493596,2685997
13533656,2689181
13573716,2692365
13613776,2695549
13653836,2698733
13693896,2701917
13733956,2705101
13774016,2708285
13814076,2711469
13854136,2714653
13894196,2717837
13934256,2721021
13974316,2724205
14014376,2727389
14045420,2736352
14085481,2739536
14125540,2742720
14165600,2745904
14205660,2749088
14245721,2752272
14285780,2755456
14325841,2758640
14365900,2761824
14405961,2765008
14446020,2768192
14486080,2771376
14526140,2774560
14566201,2777744
14606260,2780928
14646318,2784112
14686376,2787296
14726434,2790480
14766491,2793664
14806548,2796848
14846604,2800032
14886661,2803216
14926717,2806400
14966773,2809584
15006836,2812932
15037878,2815807
15077920,2825225
15117967,2828409
15158010,2831593
15198055,2834777
15238097,2837961
15278141,2841145
15318186,2844329
15358222,2847595
15398260,2850779
15438293,2853963
15478327,2857147
15518358,2860331
15558403,2863597
15598456,2866781
15638512,2869965
15678567,2873149
15718623,2876333
15758677,2879517
15798732,2882701
15838785,2885885
15878843,2889069
15918903,2892253
15958963,2895437
15999023,2898621
16039083,2901805
16070127,2910757
16110187,2913941
16150247,2917125
16190307,2920309
16230367,2923493
16270427,2926677
16310487,2929861
16350547,2933045
16390607,2936229
16430667,2939413
16470727,2942597
16510787,2945781
16550847,2948965
16590907,2952149
16630967,2955333
16671027,2958517
16711087,2961701
16751147,2964885
16791207,2968069
16831267,2971253
16871327,2974437
16911387,2977621
16951447,2980805
16991507,2983989
17031567,2987173
17062612,2996143
17102672,2999327
17142732,3002511
17182792,3005695
17222852,3008879
17262912,3012063
17302972,3015247
17343032,3018431
17383092,3021615
17423152,3024799
17463212,3027983
17503277,3031331
17543332,3034679
17583374,3037863
17623422,3041047
17663467,3044231
17703511,3047415
17743556,3050599
17783603,3053783
17823649,3056967
17863689,3060233
17903722,3063417
17943760,3066601
17983790,3069785
18023823,3072969
18054852,3082001
18094902,3085185
18134956,3088369
18175008,3091553
18215064,3094737
18255118,3097921
18295171,3101105
18335228,3104289
18375280,3107473
18415339,3110657
18455399,3113841
18495459,3117025
18535519,3120209
18575579,3123393
18615639,3126577
18655699,3129761
18695759,3132945
18735819,3136129
18775876,3139313
18815933,3142497
18855992,3145681
18896048,3148865
18936106,3152049
18976163,3155233
19016220,3158417
19047266,3161128
19087319,3170567
19127377,3173751
19167435,3176935
19207492,3180119
19247549,3183303
19287607,3186487
19327664,3189671
19367722,3192855
19407781,3196039
19447837,3199223
19487895,3202407
19527952,3205591
19568010,3208775
19608067,3211959
19648124,3215143
19688183,3218327
19728240,3221511
19768299,3224695
19808357,3227879
19848414,3231063
19888473,3234247
19928531,3237431
19968589,3240615
20008652,3243963
20048703,3247311
20079739,3256250
20119786,3259434
20159832,3262618
20199878,3265802
20239922,3268986
20279969,3272170
20320015,3275354
20360055,3278620
20400088,3281804
20440124,3284988
20480165,3288172
20520200,3291356
20560239,3294622
20600289,3297806
20640345,3300990
20680399,3304174
20720454,3307358
20760507,3310542
20800562,3313726
20840617,3316910
20880673,3320094
20920733,3323278
20960793,3326462
21000853,3329646
21040913,3332830
21071959,3341783
21112019,3344967
21152079,3348151
21192139,3351335
21232199,3354519
21272259,3357703
21312319,3360887
21352379,3364071
21392439,3367255
21432499,3370439
21472559,3373623
21512619,3376807
21552679,3379991
21592739,3383175
21632799,3386359
21672859,3389543
21712919,3392727
21752979,3395911
21793039,3399095
21833099,3402279
21873159,3405463
21913219,3408647
21953279,3411831
21993339,3415015
22033400,3418199
22064445,3427169
22104503,3430353
22144561,3433537
22184630,3436721
22224697,3439905
22264767,3443089
22304834,3446273
22344903,3449457
22384970,3452641
22425046,3455825
22465109,3459009
22505180,3462357
22545231,3465705
22585277,3468889
22625325,3472073
22665372,3475257
22705416,3478441
22745465,3481625
22785511,3484809
22825553,3487993
22865594,3491259
22905634,3494443
22945670,3497627
22985706,3500811
23025736,3503995
23056769,3506788
23096814,3516202
23136870,3519386
23176922,3522570
23216979,3525754
23257030,3528938
23297086,3532122
23337139,3535306
23377194,3538490
23417253,3541674
23457313,3544858
23497373,3548042
23537433,3551226
23577493,3554410
23617553,3557594
23657613,3560778
23697673,3563962
23737733,3567146
23777793,3570330
23817853,3573514
23857913,3576698
23897973,3579882
23938033,3583066
23978093,3586250
24018153,3589434
24058213,3592618
24089258,3601581
24129318,3604765
24169378,3607949
24209438,3611133
24249498,3614317
24289558,3617501
24329618,3620685
24369678,3623869
24409738,3627053
24449798,3630237
24489858,3633421
24529918,3636605
24569978,3639789
24610038,3642973
24650098,3646157
24690158,3649341
24730218,3652525
24770278,3655709
24810338,3658893
24850398,3662077
24890458,3665261
24930518,3668445
24970578,3671629
25010643,3674977
25050692,3678325
25081727,3687257
25121774,3690441
25161818,3693625
25201862,3696809
25241908,3699993
25281954,3703177
25321999,3706361
25362044,3709627
25402080,3712811
25442110,3715995
25482138,3719179
25522175,3722363
25562215,3725629
25602260,3728813
25642313,3731997
25682368,3735181
25722424,3738365
25762479,3741549
25802533,3744733
25842586,3747917
25882642,3751101
25922701,3754285
25962761,3757469
26002821,3760653
26042881,3763837
26073926,3772791
26113986,3775975
26154046,3779159
26194106,3782343
26234166,3785527
26274226,3788711
26314286,3791895
26354346,3795079
26394406,3798263
26434466,3801447
26474526,3804631
26514586,3807815
26554646,3810999
26594706,3814183
26634766,3817367
26674826,3820551
26714886,3823735
26754946,3826919
26795006,3830103
26835066,3833287
26875126,3836471
26915186,3839655
26955246,3842839
26995306,3846023
27035366,3849207
27066412,3851918
27106471,3861364
27146531,3864548
27186591,3867732
27226651,3870916
27266711,3874100
27306771,3877284
27346831,3880468
27386892,3883652
27426956,3886836
27467023,3890020
27507096,3893286
27547150,3896716
27587196,3899900
27627241,3903084
27667288,3906268
27707335,3909452
27747380,3912636
27787427,3915820
27827473,3919004
27867514,3922270
27907548,3925454
27947582,3928638
27987615,3931822
28027649,3935006
28067693,3938272
28098731,3947214
28138785,3950398
28178840,3953582
28218895,3956766
28258950,3959950
28299002,3963134
28339058,3966318
28379112,3969502
28419170,3972686
28459230,3975870
28499290,3979054
28539351,3982238
28579410,3985422
28619470,3988606
28659531,3991790
28699591,3994974
28739651,3998158
28779711,4001342
28819771,4004526
28859831,4007710
28899890,4010894
28939950,4014078
28980011,4017262
29020071,4020446
29060131,4023630
29091174,4032593
29131234,4035777
29171295,4038961
29211354,4042145
29251414,4045329
29291475,4048513
29331535,4051697
29371595,4054881
29411654,4058065
29451714,4061249
29491775,4064433
29531834,4067617
29571894,4070801
29611954,4073985
29652014,4077169
29692074,4080353
29732134,4083537
29772194,4086721
29812255,4089905
29852314,4093089
29892374,4096273
29932434,4099457
29972494,4102641
30012562,4105989
30052611,4109337
30083645,4118278
30123689,4121462
30163735,4124646
30203781,4127830
30243824,4131014
30283868,4134198
30323914,4137382
30363961,4140648
30403995,4143832
30444035,4147016
30484065,4150200
30524097,4153384
30564135,4156650
30604182,4159834
30644238,4163018
30684293,4166202
30724345,4169386
30764401,4172570
30804456,4175754
30844512,4178938
30884566,4182122
30924625,4185306
30964685,4188490
31004745,4191674
31044805,4194858
31075853,4197569
31115908,4206997
31155968,4210181
31196028,4213365
31236088,4216549
31276148,4219733
31316208,4222917
31356268,4226101
31396328,4229285
31436388,4232469
31476448,4235653
31516508,4238837
31556568,4242021
31596628,4245205
31636688,4248389
31676748,4251573
31716808,4254757
31756868,4257941
31796928,4261125
31836988,4264309
31877048,4267493
31917108,4270677
31957168,4273861
31997228,4277045
32037289,4280229
32077348,4283413
32108393,4292384
32148453,4295568
32188513,4298752
32228573,4301936
32268633,4305120
32308693,4308304
32348754,4311488
32388813,4314672
32428873,4317856
32468933,4321040
32508999,4324306
32549055,4327736
32589101,4330920
32629150,4334104
32669195,4337288
32709243,4340472
32749287,4343656
32789337,4346840
32829380,4350024
32869424,4353290
32909459,4356474
32949491,4359658
32989526,4362842
33029556,4366026
33069592,4369292
33100628,4378243
33140680,4381427
33180734,4384611
33220786,4387795
33260841,4390979
33300895,4394163
33340950,4397347
33381003,4400531
33421061,4403715
33461121,4406899
33501181,4410083
33541241,4413267
33581301,4416451
33621361,4419635
33661421,4422819
33701481,4426003
33741541,4429187
33781601,4432371
33821661,4435555
33861721,4438739
33901781,4441923
33941842,4445107
33981901,4448291
34021961,4451475
34062021,4454659
34093066,4463623
34133126,4466807
34173186,4469991
34213246,4473175
34253306,4476359
34293366,4479543
34333426,4482727
34373486,4485911
34413547,4489095
34453606,4492279
34493666,4495463
34533726,4498647
34573786,4501831
34613846,4505015
34653906,4508199
34693966,4511383
34734027,4514567
34774086,4517751
34814146,4520935
34854206,4524119
34894267,4527303
34934326,4530487
34974386,4533671
35014452,4536937
35054504,4540367
35085543,4543078
35125584,4552498
35165630,4555682
35205674,4558866
35245720,4562050
35285764,4565234
35325809,4568418
35365860,4571684
35405892,4574868
35445924,4578052
35485961,4581236
35525997,4584420
35566032,4587686
35606079,4590870
35646133,4594054
35686187,4597238
35726240,4600422
35766296,4603606
35806347,4606790
35846401,4609974
35886454,4613158
35926513,4616342
35966573,4619526
36006624,4622710
36046677,4625894
36086732,4629078
36117772,4638031
36157817,4641215
36197868,4644399
36237908,4647583
36277952,4650767
36318012,4653951
36358072,4657135
36398132,4660319
36438192,4663503
36478252,4666687
36518294,4669871
36558334,4673055
36598391,4676239
36638451,4679423
36678516,4682607
36718584,4685791
36758650,4688975
36798718,4692159
36838785,4695343
36878852,4698527
36918918,4701711
36958985,4704895
36999053,4708079
37039119,4711263
37079186,4714447
37110237,4723418
37150303,4726602
37190371,4729786
37230438,4732970
37270505,4736154
37310571,4739338
37350639,4742522
37390705,4745706
37430771,4748890
37470838,4752074
37510910,4755340
37550977,4758770
37591022,4761954
37631065,4765138
37671112,4768322
37711157,4771506
37751202,4774690
37791249,4777874
37831294,4781058
37871340,4784324
37911374,4787508
37951409,4790692
37991441,4793876
38031478,4797060
38071514,4800326
38102548,4809263
38142603,4812447
38182660,4815631
38222715,4818815
38262772,4821999
38302827,4825183
38342882,4828367
38382936,4831551
38422994,4834735
38463054,4837919
38503114,4841103
38543175,4844287
38583234,4847471
38623294,4850655
38663354,4853839
38703414,4857023
38743474,4860207
38783534,4863391
38823594,4866575
38863655,4869759
38903714,4872943
38943774,4876127
38983834,4879311
39023894,4882495
39063954,4885679
39095003,4888390
39135060,4897828
39175120,4901012
39215180,4904196
39255240,4907380
39295300,4910564
39335360,4913748
39375420,4916932
39415480,4920116
39455540,4923300
39495600,4926484
39535660,4929668
39575720,4932852
39615780,4936036
39655840,4939220
39695900,4942404
39735960,4945588
39776020,4948772
39816080,4951956
39856140,4955140
39896200,4958324
39936260,4961508
39976320,4964692
40016386,4967958
40056440,4971388
40096488,4974572
40127525,4983514
40167570,4986698
40207615,4989882
40247664,4993066
40287704,4996250
40327750,4999434
40367794,5002618
40407832,5005884
40447873,5009068
40487914,5012252
40527947,5015436
40567981,5018620
40608030,5021886
40648085,5025070
40688140,5028254
40728195,5031438
40768252,5034622
40808306,5037806
40848361,5040990
40888413,5044174
40928472,5047358
40968532,5050542
41008592,5053726
41048652,5056910
41088712,5060094
41119757,5069046
41159817,5072230
41199877,5075414
41239938,5078598
41279997,5081782
41320057,5084966
41360117,5088150
41400178,5091334
41440238,5094518
41480298,5097702
41520358,5100886
41560418,5104070
41600477,5107254
41640537,5110438
41680597,5113622
41720658,5116806
41760717,5119990
41800776,5123174
41840834,5126358
41880891,5129542
41920949,5132726
41961005,5135910
42001063,5139094
42041120,5142278
42081178,5145462
42112221,5154433
42152278,5157617
42192336,5160801
42232395,5163985
42272452,5167169
42312510,5170353
42352569,5173537
42392636,5176721
42432704,5179905
42472771,5183089
42512846,5186355
42552905,5189703
42592953,5192969
42632999,5196153
42673046,5199337
42713093,5202521
42753138,5205705
42793185,5208889
42833231,5212073
42873276,5215257
42913310,5218523
42953344,5221707
42993387,5224891
43033427,5228075
43073460,5231341
43104495,5234052
43144549,5243467
43184604,5246651
43224655,5249835
43264712,5253019
43304765,5256203
43344817,5259387
43384871,5262571
43424930,5265755
43464990,5268939
43505050,5272123
43545111,5275307
43585170,5278491
43625231,5281675
43665290,5284859
43705350,5288043
43745410,5291227
43785470,5294411
43825530,5297595
43865590,5300779
43905650,5303963
43945710,5307147
43985770,5310331
44025830,5313515
44065890,5316699
44105950,5319883
44136994,5328847
44177054,5332031
44217114,5335215
44257174,5338399
44297234,5341583
44337294,5344767
44377354,5347951
44417414,5351135
44457474,5354319
44497534,5357503
44537594,5360687
44577655,5363871
44617714,5367055
44657774,5370239
44697834,5373423
44737894,5376607
44777954,5379791
44818014,5382975
44858074,5386159
44898134,5389343
44938194,5392527
44978254,5395711
45018320,5398977
45058376,5402325
45098420,5405591
45129459,5414529
45169504,5417713
45209548,5420897
45249595,5424081
45289641,5427265
45329684,5430449
45369729,5433633
45409769,5436899
45449808,5440083
45489845,5443267
45529883,5446451
45569914,5449635
45609961,5452901
45650016,5456085
45690069,5459269
45730123,5462453
45770179,5465637
45810231,5468821
45850284,5472005
45890336,5475189
45930394,5478373
45970454,5481557
46010515,5484741
46050574,5487925
46090634,5491109
46121680,5500062
46161740,5503246
46201800,5506430
46241860,5509614
46281920,5512798
46321980,5515982
46362040,5519166
46402100,5522350
46442160,5525534
46482220,5528718
46522280,5531902
46562340,5535086
46602400,5538270
46642461,5541454
46682520,5544638
46722580,5547822
46762640,5551006
46802700,5554190
46842760,5557374
46882820,5560558
46922880,5563742
46962941,5566926
47003001,5570110
47043061,5573294
47083120,5576478
47114167,5579189
47154226,5588631
47194286,5591815
47234346,5594999
47274406,5598183
47314466,5601367
47354526,5604551
47394586,5607735
47434645,5610919
47474701,5614103
47514758,5617287
47554826,5620717
47594870,5623983
47634917,5627167
47674963,5630351
47715009,5633535
47755054,5636719
47795098,5639903
47835145,5643087
47875191,5646271
47915223,5649542
47955264,5652726
47995300,5655910
48035332,5659094
48075361,5662278
48115406,5665544
48146450,5674486
48186502,5677670
48226557,5680854
48266610,5684038
48306661,5687222
48346714,5690406
48386765,5693590
48426823,5696774
48466883,5699958
48506943,5703142
48547003,5706326
48587063,5709510
48627123,5712694
48667183,5715878
48707243,5719062
48747303,5722246
48787363,5725430
48827423,5728614
48867483,5731798
48907543,5734982
48947603,5738166
48987663,5741350
49027723,5744534
49067783,5747718
49107843,5750902
49138887,5759867
49178947,5763051
49219007,5766235
49259067,5769419
49299127,5772603
49339187,5775787
49379248,5778971
49419307,5782155
49459367,5785339
49499427,5788523
49539487,5791707
49579547,5794891
49619607,5798075
49659667,5801259
49699727,5804443
49739787,5807627
49779847,5810811
49819907,5813995
49859967,5817179
49900027,5820363
49940087,5823547
49980147,5826731
50020205,5829997
50060265,5833345
50100312,5836611
50131349,5845553
50171392,5848737
50211435,5851921
50251481,5855105
50291526,5858289
50331571,5861473
50371616,5864657
50411656,5867923
50451692,5871107
50491729,5874291
50531761,5877475
50571799,5880659
50611841,5883925
50651894,5887109
50691949,5890293
50732004,5893477
50772057,5896661
50812112,5899845
50852164,5903029
50892218,5906213
50932275,5909397
50972335,5912581
51012395,5915765
51052455,5918949
51092515,5922133
51123563,5924844
51163619,5934272
51203679,5937456
51243739,5940640
51283799,5943824
51323859,5947008
51363919,5950192
51403979,5953376
51444039,5956560
51484099,5959744
51524159,5962928
51564219,5966112
51604279,5969296
51644339,5972480
51684399,5975664
51724459,5978848
51764519,5982032
51804579,5985216
51844639,5988400
51884699,5991584
51924759,5994768
51964819,5997952
52004879,6001136
52044939,6004320
52084999,6007504
52125059,6010688
52156104,6019659
52196164,6022843
52236224,6026027
52276284,6029211
52316344,6032395
52356404,6035579
52396464,6038763
52436525,6041947
52476584,6045131
52516645,6048315
52556709,6051663
52596759,6055011
52636807,6058195
52676852,6061379
52716897,6064563
52756945,6067747
52796990,6070931
52837037,6074115
52877083,6077299
52917125,6080570
52957162,6083754
52997203,6086938
53037244,6090122
53077279,6093306
53117324,6096572
53148364,6105509
53188419,6108693
53228473,6111877
53268527,6115061
53308582,6118245
53348635,6121429
53388688,6124613
53428745,6127797
53468805,6130981
53508865,6134165
53548925,6137349
53588985,6140533
53629045,6143717
53669105,6146901
53709165,6150085
53749225,6153269
53789285,6156453
53829345,6159637
53869405,6162821
53909465,6166005
53949525,6169189
53989585,6172373
54029645,6175557
54069705,6178741
54109765,6181925
54140809,6190889
54180869,6194073
54220929,6197257
54260989,6200441
54301049,6203625
54341109,6206809
54381169,6209993
54421229,6213177
54461289,6216361
54501349,6219545
54541409,6222729
54581469,6225913
54621529,6229097
54661589,6232281
54701649,6235465
54741709,6238649
54781769,6241833
54821829,6245017
54861889,6248201
54901949,6251385
54942009,6254569
54982069,6257753
55022129,6260937
55062192,6264285
55102239,6267633
55133277,6270344
55173323,6279762
55213367,6282946
55253413,6286130
55293460,6289314
55333503,6292498
55373550,6295682
55413591,6298948
55453632,6302132
55493670,6305316
55533712,6308500
55573745,6311684
55613790,6314950
55653843,6318134
55693899,6321318
55733951,6324502
55774007,6327686
55814059,6330870
55854115,6334054
55894168,6337238
55934227,6340422
55974287,6343606
56014347,6346790
56054407,6349974
56094467,6353158
56134527,6356342
56165572,6365295
56205632,6368479
56245692,6371663
56285752,6374847
56325812,6378031
56365872,6381215
56405932,6384399
56445992,6387583
56486052,6390767
56526112,6393951
56566172,6397135
56606232,6400319
56646292,6403503
56686352,6406687
56726412,6409871
56766472,6413055
56806532,6416239
56846592,6419423
56886652,6422607
56926712,6425791
56966772,6428975
57006832,6432159
57046892,6435343
57086952,6438527
57127012,6441711
57158057,6450682
57198117,6453866
57238177,6457050
57278234,6460234
57318290,6463418
57358347,6466602
57398403,6469786
57438462,6472970
57478529,6476154
57518598,6479338
57558666,6482686
57598716,6486034
57638762,6489218
57678809,6492402
57718857,6495586
57758902,6498770
57798948,6501954
57838995,6505138
57879040,6508322
57919089,6511593
57959128,6514777
57999166,6517961
58039202,6521145
58079236,6524329
58119278,6527595
58150318,6536548
58190373,6539732
58230428,6542916
58270484,6546100
58310535,6549284
58350590,6552468
58390645,6555652
58430699,6558836
58470756,6562020
58510816,6565204
58550877,6568388
58590936,6571572
58630996,6574756
58671056,6577940
58711117,6581124
58751176,6584308
58791236,6587492
58831296,6590676
58871357,6593860
58911416,6597044
58951476,6600228
58991536,6603412
59031596,6606596
59071656,6609780
59111716,6612964
59142764,6615675
59182822,6625114
59222882,6628298
59262942,6631482
59303002,6634666
59343062,6637850
59383122,6641034
59423182,6644218
59463242,6647402
59503302,6650586
59543362,6653770
59583422,6656954
59623482,6660138
59663542,6663322
59703602,6666506
59743662,6669690
59783722,6672874
59823782,6676058
59863842,6679242
59903902,6682426
59943962,6685610
59984022,6688794
60024082,6691978
60064145,6695326
60104193,6698674
60144237,6701858
60184282,6705725
60224324,6708909
60264372,6712093
60304417,6715277
60344463,6718461
60384511,6721645
60424555,6724908
60464594,6728092
60504633,6731276
60544669,6734460
60584705,6737644
60624747,6740907
60664800,6744091
60704856,6747275
60744912,6750459
60784965,6753643
60825021,6756827
60865074,6760011
60905127,6763195
60945185,6766379
60985245,6769563
61025305,6772747
61065365,6775931
61105425,6779115
61145485,6782299
61185545,6785483
61225605,6788667
61265665,6791851
61305725,6795035
61345785,6798219
61385845,6801403
61425906,6804587
61465965,6807771
61506025,6810955
61546085,6814139
61586146,6817323
61626205,6820507
61666265,6823691
61706325,6826875
61746385,6830059
61786445,6833243
61826505,6836427
61866565,6839611
61906625,6842795
61946685,6845979
61986745,6849163
62026805,6852347
62066866,6855531
62106926,6858715
62146986,6861899
62187046,6865083
62227106,6868267
62267166,6871451
62307226,6874635
62347286,6877819
62387346,6881003
62427406,6884187
62467466,6887371
62507526,6890555
62538573,6893334
TS,6
32010,0
72066,0
112125,0
152182,0
192239,0
232297,0
272355,0
312412,0
352469,0
392528,0
432586,0
472643,0
512701,0
552758,0
592817,0
632874,0
672932,0
712989,0
753046,0
793103,0
833160,0
873217,0
913275,0
953333,0
993392,0
1024434,0
1064491,0
1104547,0
1144605,0
1184663,0
1224721,0
1264778,0
1304836,0
1344893,0
1384952,0
1425010,0
1465068,0
1505126,0
1545183,0
1585241,0
1625298,0
1665356,0
1705414,0
1745471,0
1785529,0
1825587,0
1865644,0
1905700,0
1945758,0
1985816,0
2016861,0
2056918,0
2096977,0
2137034,0
2177091,0
2217149,0
2257206,0
2297263,0
2337320,0
2377377,0
2417436,0
2457498,0
2497555,0
2537606,0
2577654,0
2617700,0
2657746,0
2697793,0
2737839,0
2777883,0
2817931,0
2857962,0
2898002,0
2938039,0
2978076,0
3009096,0
3049138,0
3089193,0
3129249,0
3169304,0
3209361,0
3249416,0
3289472,0
3329525,0
3369583,0
3409643,0
3449703,0
3489763,0
3529823,0
3569883,0
3609943,0
3650003,0
3690063,0
3730123,0
3770183,0
3810243,0
3850303,0
3890363,0
3930423,0
3970483,0
4010543,0
4041588,0
4081649,0
4121708,0
4161769,0
4201828,0
4241889,0
4281948,0
4322009,0
4362069,0
4402129,0
4442189,0
4482249,0
4522308,0
4562369,0
4602428,0
4642489,0
4682548,0
4722609,0
4762668,0
4802729,0
4842788,0
4882849,0
4922908,0
4962974,0
5003031,0
5034068,0
5074113,0
5114156,0
5154201,0
5194247,0
5234291,0
5274337,0
5314383,0
5354417,0
5394449,0
5434480,0
5474515,0
5514558,0
5554603,0
5594657,0
5634715,0
5674770,0
5714825,0
5754881,0
5794936,0
5834990,0
5875049,0
5915109,0
5955169,0
5995229,0
6026274,0
6066335,0
6106394,0
6146454,0
6186514,0
6226574,0
6266634,0
6306695,0
6346754,0
6386814,0
6426874,0
6466935,0
6506994,0
6547054,0
6587114,0
6627174,0
6667234,0
6707294,0
6747354,0
6787414,0
6827474,0
6867534,0
6907594,0
6947654,0
6987714,0
7018760,0
7058819,0
7098880,0
7138940,0
7179000,0
7219060,0
7259112,0
7299165,0
7339219,0
7379281,0
7419345,0
7459411,0
7499481,0
7539525,0
7579575,0
7619622,0
7659666,0
7699713,0
7739758,0
7779801,0
7819846,0
7859883,0
7899922,0
7939964,0
7979998,0
8020033,0
8051069,0
8091122,0
8131176,0
8171230,0
8211285,0
8251340,0
8291394,0
8331447,0
8371505,0
8411565,0
8451625,0
8491685,0
8531745,0
8571805,0
8611865,0
8651925,0
8691985,0
8732045,0
8772105,0
8812165,0
8852225,0
8892285,0
8932345,0
8972405,0
9012465,0
9043510,0
9083571,0
9123631,0
9163691,0
9203750,0
9243811,0
9283871,0
9323931,0
9363990,0
9404051,0
9444111,0
9484171,0
9524230,0
9564291,0
9604350,0
9644411,0
9684470,0
9724531,0
9764590,0
9804651,0
9844710,0
9884771,0
9924830,0
9964893,0
10004952,0
10035989,0
10076036,0
10116081,0
10156126,0
10196171,0
10236215,0
10276261,0
10316308,0
10356345,0
10396381,0
10436413,0
10476450,0
10516487,0
10556529,0
10596582,0
10636637,0
10676691,0
10716746,0
10756800,0
10796855,0
10836908,0
10876965,0
10917026,0
10957085,0
10997146,0
11028193,0
11068250,0
11108309,0
11148370,0
11188429,0
11228490,0
11268549,0
11308610,0
11348669,0
11388730,0
11428789,0
11468850,0
11508909,0
11548970,0
11589029,0
11629090,0
11669149,0
11709210,0
11749269,0
11789330,0
11829389,0
11869450,0
11909509,0
11949570,0
11989629,0
12029690,0
12060734,0
12100795,0
12140854,0
12180915,0
12220975,0
12261035,0
12301095,0
12341155,0
12381215,0
12421275,0
12461335,0
12501398,0
12541448,0
12581497,0
12621542,0
12661588,0
12701635,0
12741679,0
12781725,0
12821774,0
12861814,0
12901848,0
12941884,0
12981922,0
13021959,0
13052991,0
13093039,0
13133094,0
13173148,0
13213204,0
13253253,0
13293309,0
13333361,0
13373417,0
13413476,0
13453537,0
13493596,0
13533657,0
13573716,0
13613777,0
13653836,0
13693897,0
13733956,0
13774017,0
13814076,0
13854137,0
13894196,0
13934257,0
13974316,0
14014377,0
14045420,0
14085481,0
14125540,0
14165601,0
14205660,0
14245721,0
14285780,0
14325841,0
14365900,0
14405961,0
14446020,0
14486081,0
14526140,0
14566201,0
14606261,0
14646319,0
14686376,0
14726434,0
14766491,0
14806548,0
14846604,0
14886661,0
14926717,0
14966774,0
15006836,0
15037879,0
15077920,0
15117967,0
15158010,0
15198055,0
15238098,0
15278142,0
15318186,0
15358223,0
15398260,0
15438294,0
15478327,0
15518358,0
15558403,0
15598456,0
15638512,0
15678568,0
15718624,0
15758677,0
15798732,0
15838785,0
15878843,0
15918903,0
15958963,0
15999023,0
16039083,0
16070127,0
16110187,0
16150247,0
16190307,0
16230367,0
16270427,0
16310487,0
16350547,0
16390607,0
16430667,0
16470727,0
16510787,0
16550847,0
16590907,0
16630967,0
16671027,0
16711087,0
16751147,0
16791207,0
16831267,0
16871327,0
16911387,0
16951447,0
16991507,0
17031567,0
17062612,0
17102672,0
17142732,0
17182792,0
17222852,0
17262912,0
17302972,0
17343032,0
17383092,0
17423152,0
17463212,0
17503278,0
17543332,0
17583375,0
17623423,0
17663468,0
17703511,0
17743556,0
17783603,0
17823650,0
17863690,0
17903722,0
17943760,0
17983791,0
18023823,0
18054853,0
18094902,0
18134956,0
18175008,0
18215064,0
18255118,0
18295171,0
18335228,0
18375280,0
18415339,0
18455399,0
18495459,0
18535519,0
18575579,0
18615639,0
18655699,0
18695759,0
18735819,0
18775876,0
18815933,0
18855992,0
18896048,0
18936107,0
18976164,0
19016221,0
19047266,0
19087319,0
19127377,0
19167435,0
19207492,0
19247549,0
19287607,0
19327664,0
19367722,0
19407781,0
19447837,0
19487895,0
19527952,0
19568010,0
19608067,0
19648124,0
19688183,0
19728241,0
19768299,0
19808357,0
19848415,0
19888474,0
19928531,0
19968589,0
20008653,0
20048704,0
20079739,0
20119786,0
20159832,0
20199878,0
20239923,0
20279970,0
20320016,0
20360056,0
20400089,0
20440124,0
20480166,0
20520201,0
20560239,0
20600289,0
20640346,0
20680399,0
20720455,0
20760507,0
20800562,0
20840617,0
20880673,0
20920734,0
20960793,0
21000854,0
21040913,0
21071959,0
21112019,0
21152079,0
21192139,0
21232199,0
21272259,0
21312319,0
21352379,0
21392439,0
21432499,0
21472559,0
21512619,0
21552679,0
21592739,0
21632799,0
21672859,0
21712919,0
21752979,0
21793039,0
21833099,0
21873159,0
21913219,0
21953279,0
21993340,0
22033400,0
22064445,0
22104504,0
22144561,0
22184630,0
22224697,0
22264767,0
22304834,0
22344903,0
22384970,0
22425046,0
22465109,0
22505180,0
22545232,0
22585278,0
22625326,0
22665373,0
22705417,0
22745465,0
22785511,0
22825554,0
22865595,0
22905634,0
22945670,0
22985706,0
23025737,0
23056769,0
23096815,0
23136870,0
23176923,0
23216979,0
23257031,0
23297087,0
23337140,0
23377194,0
23417253,0
23457313,0
23497373,0
23537433,0
23577493,0
23617553,0
23657613,0
23697673,0
23737733,0
23777793,0
23817853,0
23857913,0
23897973,0
23938033,0
23978093,0
24018153,0
24058213,0
24089258,0
24129318,0
24169378,0
24209438,0
24249498,0
24289558,0
24329618,0
24369678,0
24409738,0
24449798,0
24489858,0
24529918,0
24569978,0
24610038,0
24650098,0
24690158,0
24730218,0
24770278,0
24810338,0
24850398,0
24890458,0
24930518,0
24970578,0
25010644,0
25050693,0
25081727,0
25121775,0
25161819,0
25201862,0
25241909,0
25281954,0
25322000,0
25362044,0
25402080,0
25442111,0
25482139,0
25522176,0
25562216,0
25602261,0
25642314,0
25682368,0
25722425,0
25762479,0
25802534,0
25842587,0
25882642,0
25922701,0
25962761,0
26002821,0
26042881,0
26073926,0
26113986,0
26154046,0
26194106,0
26234166,0
26274226,0
26314286,0
26354346,0
26394406,0
26434466,0
26474526,0
26514586,0
26554646,0
26594706,0
26634766,0
26674826,0
26714886,0
26754946,0
26795006,0
26835066,0
26875126,0
26915186,0
26955246,0
26995306,0
27035366,0
27066412,0
27106471,0
27146531,0
27186591,0
27226651,0
27266711,0
27306771,0
27346831,0
27386892,0
27426956,0
27467023,0
27507097,0
27547150,0
27587196,0
27627242,0
27667289,0
27707336,0
27747381,0
27787428,0
27827474,0
27867515,0
27907548,0
27947582,0
27987616,0
28027649,0
28067693,0
28098731,0
28138785,0
28178840,0
28218895,0
28258950,0
28299003,0
28339059,0
28379112,0
28419170,0
28459231,0
28499290,0
28539351,0
28579410,0
28619471,0
28659531,0
28699591,0
28739651,0
28779711,0
28819771,0
28859831,0
28899890,0
28939951,0
28980011,0
29020071,0
29060131,0
29091175,0
29131234,0
29171295,0
29211354,0
29251415,0
29291475,0
29331535,0
29371595,0
29411655,0
29451714,0
29491775,0
29531834,0
29571895,0
29611954,0
29652015,0
29692074,0
29732135,0
29772194,0
29812255,0
29852314,0
29892375,0
29932434,0
29972495,0
30012563,0
30052611,0
30083646,0
30123689,0
30163736,0
30203781,0
30243825,0
30283869,0
30323915,0
30363961,0
30403996,0
30444035,0
30484066,0
30524098,0
30564135,0
30604183,0
30644239,0
30684294,0
30724345,0
30764402,0
30804457,0
30844513,0
30884566,0
30924625,0
30964685,0
31004745,0
31044805,0
31075853,0
31115909,0
31155969,0
31196028,0
31236089,0
31276148,0
31316209,0
31356268,0
31396329,0
31436388,0
31476449,0
31516508,0
31556569,0
31596628,0
31636689,0
31676748,0
31716809,0
31756868,0
31796929,0
31836988,0
31877049,0
31917108,0
31957169,0
31997228,0
32037289,0
32077348,0
32108394,0
32148453,0
32188514,0
32228573,0
32268634,0
32308693,0
32348754,0
32388813,0
32428874,0
32468933,0
32509000,0
32549056,0
32589101,0
32629150,0
32669195,0
32709243,0
32749288,0
32789338,0
32829380,0
32869424,0
32909460,0
32949492,0
32989526,0
33029557,0
33069592,0
33100628,0
33140680,0
33180735,0
33220787,0
33260842,0
33300896,0
33340951,0
33381003,0
33421061,0
33461122,0
33501181,0
33541242,0
33581301,0
33621362,0
33661421,0
33701482,0
33741541,0
33781602,0
33821661,0
33861722,0
33901781,0
33941842,0
33981901,0
34021962,0
34062021,0
34093066,0
34133126,0
34173187,0
34213246,0
34253307,0
34293366,0
34333427,0
34373486,0
34413547,0
34453606,0
34493667,0
34533726,0
34573787,0
34613846,0
34653907,0
34693966,0
34734027,0
34774086,0
34814147,0
34854206,0
34894267,0
34934326,0
34974387,0
35014453,0
35054504,0
35085544,0
35125584,0
35165631,0
35205675,0
35245720,0
35285765,0
35325810,0
35365861,0
35405892,0
35445925,0
35485962,0
35525998,0
35566032,0
35606080,0
35646134,0
35686188,0
35726241,0
35766296,0
35806348,0
35846401,0
35886455,0
35926514,0
35966573,0
36006625,0
36046678,0
36086732,0
36117772,0
36157817,0
36197868,0
36237908,0
36277952,0
36318012,0
36358072,0
36398132,0
36438192,0
36478252,0
36518295,0
36558335,0
36598391,0
36638452,0
36678516,0
36718584,0
36758650,0
36798718,0
36838785,0
36878853,0
36918919,0
36958986,0
36999053,0
37039120,0
37079186,0
37110237,0
37150303,0
37190371,0
37230438,0
37270505,0
37310571,0
37350639,0
37390705,0
37430772,0
37470838,0
37510911,0
37550978,0
37591023,0
37631065,0
37671113,0
37711157,0
37751202,0
37791249,0
37831294,0
37871341,0
37911375,0
37951409,0
37991442,0
38031478,0
38071514,0
38102549,0
38142604,0
38182661,0
38222715,0
38262772,0
38302829,0
38342882,0
38382936,0
38422994,0
38463055,0
38503114,0
38543175,0
38583234,0
38623295,0
38663354,0
38703415,0
38743474,0
38783535,0
38823594,0
38863655,0
38903714,0
38943775,0
38983834,0
39023895,0
39063955,0
39095003,0
39135060,0
39175120,0
39215180,0
39255240,0
39295300,0
39335360,0
39375420,0
39415480,0
39455540,0
39495600,0
39535660,0
39575720,0
39615780,0
39655840,0
39695900,0
39735960,0
39776020,0
39816080,0
39856140,0
39896200,0
39936260,0
39976320,0
40016386,0
40056441,0
40096488,0
40127525,0
40167571,0
40207615,0
40247664,0
40287705,0
40327751,0
40367795,0
40407833,0
40447874,0
40487914,0
40527948,0
40567981,0
40608030,0
40648086,0
40688140,0
40728195,0
40768252,0
40808307,0
40848361,0
40888413,0
40928472,0
40968532,0
41008592,0
41048652,0
41088712,0
41119757,0
41159818,0
41199877,0
41239938,0
41279997,0
41320058,0
41360117,0
41400178,0
41440238,0
41480298,0
41520358,0
41560418,0
41600477,0
41640538,0
41680597,0
41720658,0
41760718,0
41800776,0
41840834,0
41880891,0
41920949,0
41961006,0
42001063,0
42041120,0
42081178,0
42112222,0
42152278,0
42192337,0
42232395,0
42272452,0
42312510,0
42352569,0
42392636,0
42432705,0
42472772,0
42512847,0
42552906,0
42592954,0
42632999,0
42673046,0
42713093,0
42753139,0
42793185,0
42833232,0
42873276,0
42913311,0
42953344,0
42993387,0
43033427,0
43073461,0
43104496,0
43144549,0
43184604,0
43224656,0
43264713,0
43304765,0
43344818,0
43384872,0
43424930,0
43464991,0
43505051,0
43545111,0
43585171,0
43625231,0
43665291,0
43705351,0
43745410,0
43785471,0
43825530,0
43865591,0
43905650,0
43945711,0
43985770,0
44025831,0
44065890,0
44105951,0
44136994,0
44177055,0
44217114,0
44257175,0
44297234,0
44337295,0
44377354,0
44417415,0
44457474,0
44497535,0
44537594,0
44577655,0
44617714,0
44657775,0
44697834,0
44737895,0
44777954,0
44818015,0
44858074,0
44898135,0
44938194,0
44978255,0
45018320,0
45058376,0
45098421,0
45129459,0
45169504,0
45209549,0
45249596,0
45289642,0
45329685,0
45369730,0
45409770,0
45449809,0
45489845,0
45529884,0
45569915,0
45609962,0
45650016,0
45690070,0
45730124,0
45770180,0
45810232,0
45850285,0
45890336,0
45930395,0
45970454,0
46010515,0
46050574,0
46090635,0
46121680,0
46161740,0
46201800,0
46241860,0
46281920,0
46321980,0
46362040,0
46402101,0
46442160,0
46482220,0
46522280,0
46562340,0
46602400,0
46642461,0
46682520,0
46722580,0
46762640,0
46802700,0
46842760,0
46882821,0
46922880,0
46962941,0
47003001,0
47043061,0
47083121,0
47114167,0
47154226,0
47194286,0
47234346,0
47274406,0
47314466,0
47354526,0
47394586,0
47434645,0
47474701,0
47514758,0
47554826,0
47594871,0
47634918,0
47674963,0
47715009,0
47755054,0
47795099,0
47835145,0
47875192,0
47915224,0
47955265,0
47995301,0
48035333,0
48075362,0
48115407,0
48146451,0
48186502,0
48226558,0
48266610,0
48306662,0
48346714,0
48386766,0
48426823,0
48466883,0
48506943,0
48547003,0
48587063,0
48627123,0
48667183,0
48707243,0
48747303,0
48787363,0
48827423,0
48867483,0
48907543,0
48947603,0
48987663,0
49027723,0
49067783,0
49107843,0
49138887,0
49178947,0
49219007,0
49259067,0
49299127,0
49339187,0
49379248,0
49419308,0
49459367,0
49499427,0
49539487,0
49579547,0
49619607,0
49659667,0
49699727,0
49739787,0
49779847,0
49819907,0
49859967,0
49900027,0
49940087,0
49980147,0
50020205,0
50060265,0
50100312,0
50131350,0
50171392,0
50211436,0
50251482,0
50291527,0
50331571,0
50371617,0
50411657,0
50451693,0
50491729,0
50531761,0
50571800,0
50611841,0
50651894,0
50691950,0
50732005,0
50772058,0
50812113,0
50852165,0
50892219,0
50932275,0
50972335,0
51012395,0
51052455,0
51092515,0
51123563,0
51163619,0
51203679,0
51243739,0
51283799,0
51323859,0
51363919,0
51403979,0
51444039,0
51484099,0
51524159,0
51564219,0
51604279,0
51644339,0
51684399,0
51724459,0
51764519,0
51804579,0
51844639,0
51884699,0
51924759,0
51964819,0
52004879,0
52044939,0
52084999,0
52125059,0
52156104,0
52196165,0
52236224,0
52276285,0
52316344,0
52356405,0
52396465,0
52436525,0
52476585,0
52516645,0
52556710,0
52596760,0
52636807,0
52676853,0
52716898,0
52756945,0
52796991,0
52837038,0
52877083,0
52917125,0
52957162,0
52997204,0
53037244,0
53077280,0
53117325,0
53148365,0
53188420,0
53228473,0
53268527,0
53308583,0
53348636,0
53388688,0
53428745,0
53468805,0
53508865,0
53548925,0
53588985,0
53629045,0
53669105,0
53709165,0
53749225,0
53789285,0
53829345,0
53869405,0
53909465,0
53949525,0
53989585,0
54029645,0
54069705,0
54109765,0
54140809,0
54180869,0
54220929,0
54260989,0
54301049,0
54341109,0
54381169,0
54421229,0
54461289,0
54501349,0
54541409,0
54581469,0
54621529,0
54661589,0
54701649,0
54741709,0
54781769,0
54821829,0
54861889,0
54901949,0
54942009,0
54982069,0
55022129,0
55062192,0
55102240,0
55133277,0
55173324,0
55213367,0
55253414,0
55293460,0
55333504,0
55373551,0
55413592,0
55453633,0
55493671,0
55533713,0
55573745,0
55613791,0
55653843,0
55693899,0
55733952,0
55774008,0
55814060,0
55854115,0
55894168,0
55934227,0
55974287,0
56014347,0
56054407,0
56094467,0
56134527,0
56165572,0
56205632,0
56245692,0
56285752,0
56325812,0
56365872,0
56405932,0
56445992,0
56486052,0
56526112,0
56566172,0
56606232,0
56646292,0
56686352,0
56726412,0
56766472,0
56806532,0
56846592,0
56886652,0
56926712,0
56966772,0
57006832,0
57046892,0
57086952,0
57127012,0
57158057,0
57198117,0
57238177,0
57278234,0
57318290,0
57358347,0
57398403,0
57438462,0
57478529,0
57518598,0
57558666,0
57598717,0
57638763,0
57678810,0
57718858,0
57758902,0
57798949,0
57838995,0
57879041,0
57919090,0
57959128,0
57999166,0
58039202,0
58079237,0
58119279,0
58150318,0
58190373,0
58230429,0
58270484,0
58310536,0
58350590,0
58390645,0
58430699,0
58470757,0
58510816,0
58550877,0
58590936,0
58630997,0
58671056,0
58711117,0
58751176,0
58791237,0
58831296,0
58871357,0
58911416,0
58951477,0
58991536,0
59031597,0
59071656,0
59111717,0
59142764,0
59182822,0
59222882,0
59262942,0
59303002,0
59343062,0
59383122,0
59423182,0
59463242,0
59503302,0
59543362,0
59583422,0
59623482,0
59663542,0
59703602,0
59743662,0
59783722,0
59823782,0
59863842,0
59903902,0
59943962,0
59984022,0
60024082,0
60064145,0
60104194,0
60144238,0
60184283,0
60224325,0
60264372,0
60304418,0
60344464,0
60384511,0
60424556,0
60464594,0
60504634,0
60544670,0
60584705,0
60624747,0
60664800,0
60704857,0
60744912,0
60784966,0
60825021,0
60865075,0
60905127,0
60945186,0
60985245,0
61025306,0
61065365,0
61105426,0
61145485,0
61185546,0
61225605,0
61265666,0
61305725,0
61345786,0
61385845,0
61425906,0
61465965,0
61506026,0
61546085,0
61586146,0
61626205,0
61666266,0
61706325,0
61746386,0
61786445,0
61826506,0
61866565,0
61906626,0
61946685,0
61986746,0
62026806,0
62066866,0
62106926,0
62146986,0
62187046,0
62227106,0
62267167,0
62307226,0
62347286,0
62387347,0
62427407,0
62467466,0
62507526,0
62538574,0
TS,7
32010,0
72067,0
112125,0
152182,0
192239,0
232297,0
272355,0
312412,0
352469,0
392528,0
432586,0
472643,0
512701,0
552758,0
592817,0
632874,0
672932,0
712990,0
753046,0
793103,0
833160,0
873218,0
913275,0
953333,0
993392,0
1024434,0
1064491,0
1104548,0
1144605,0
1184663,0
1224721,0
1264778,0
1304836,0
1344894,0
1384952,0
1425010,0
1465068,0
1505126,0
1545183,0
1585241,0
1625298,0
1665356,0
1705414,0
1745471,0
1785529,0
1825587,0
1865644,0
1905701,0
1945758,0
1985817,0
2016861,0
2056919,0
2096977,0
2137034,0
2177091,0
2217149,0
2257206,0
2297263,0
2337320,0
2377377,0
2417436,0
2457499,0
2497555,0
2537607,0
2577654,0
2617700,0
2657747,0
2697794,0
2737840,0
2777884,0
2817932,0
2857962,0
2898003,0
2938040,0
2978077,0
3009096,0
3049139,0
3089194,0
3129250,0
3169305,0
3209361,0
3249417,0
3289473,0
3329526,0
3369583,0
3409643,0
3449703,0
3489763,0
3529823,0
3569883,0
3609943,0
3650003,0
3690063,0
3730123,0
3770183,0
3810243,0
3850303,0
3890363,0
3930423,0
3970483,0
4010543,0
4041589,0
4081649,0
4121709,0
4161769,0
4201829,0
4241889,0
4281949,0
4322009,0
4362069,0
4402129,0
4442189,0
4482249,0
4522309,0
4562369,0
4602429,0
4642489,0
4682549,0
4722609,0
4762669,0
4802729,0
4842789,0
4882849,0
4922909,0
4962975,0
5003032,0
5034068,0
5074113,0
5114156,0
5154202,0
5194248,0
5234292,0
5274337,0
5314384,0
5354418,0
5394450,0
5434481,0
5474516,0
5514559,0
5554603,0
5594658,0
5634715,0
5674771,0
5714826,0
5754882,0
5794937,0
5834990,0
5875049,0
5915109,0
5955169,0
5995229,0
6026274,0
6066335,0
6106395,0
6146455,0
6186515,0
6226575,0
6266635,0
6306695,0
6346755,0
6386815,0
6426875,0
6466935,0
6506995,0
6547054,0
6587114,0
6627174,0
6667234,0
6707294,0
6747354,0
6787414,0
6827474,0
6867534,0
6907594,0
6947654,0
6987714,0
7018761,0
7058820,0
7098880,0
7138940,0
7179000,0
7219060,0
7259112,0
7299165,0
7339219,0
7379281,0
7419345,0
7459411,0
7499482,0
7539526,0
7579575,0
7619622,0
7659667,0
7699713,0
7739758,0
7779802,0
7819847,0
7859884,0
7899923,0
7939965,0
7979999,0
8020034,0
8051070,0
8091122,0
8131176,0
8171230,0
8211286,0
8251340,0
8291394,0
8331447,0
8371505,0
8411565,0
8451625,0
8491685,0
8531745,0
8571805,0
8611865,0
8651925,0
8691985,0
8732045,0
8772105,0
8812165,0
8852225,0
8892285,0
8932345,0
8972405,0
9012465,0
9043510,0
9083571,0
9123631,0
9163691,0
9203751,0
9243811,0
9283871,0
9323931,0
9363991,0
9404051,0
9444111,0
9484171,0
9524231,0
9564291,0
9604351,0
9644411,0
9684471,0
9724531,0
9764591,0
9804651,0
9844711,0
9884771,0
9924831,0
9964893,0
10004953,0
10035990,0
10076037,0
10116082,0
10156127,0
10196171,0
10236216,0
10276262,0
10316309,0
10356346,0
10396383,0
10436414,0
10476451,0
10516488,0
10556530,0
10596583,0
10636637,0
10676691,0
10716747,0
10756800,0
10796855,0
10836908,0
10876966,0
10917026,0
10957086,0
10997146,0
11028194,0
11068250,0
11108310,0
11148370,0
11188430,0
11228490,0
11268550,0
11308610,0
11348670,0
11388730,0
11428790,0
11468850,0
11508910,0
11548970,0
11589030,0
11629090,0
11669150,0
11709210,0
11749270,0
11789330,0
11829390,0
11869450,0
11909510,0
11949570,0
11989630,0
12029690,0
12060735,0
12100795,0
12140855,0
12180915,0
12220975,0
12261035,0
12301095,0
12341155,0
12381215,0
12421275,0
12461335,0
12501399,0
12541449,0
12581498,0
12621543,0
12661589,0
12701636,0
12741680,0
12781725,0
12821775,0
12861814,0
12901848,0
12941885,0
12981923,0
13021960,0
13052991,0
13093040,0
13133095,0
13173149,0
13213204,0
13253254,0
13293310,0
13333362,0
13373417,0
13413477,0
13453537,0
13493597,0
13533657,0
13573717,0
13613777,0
13653837,0
13693897,0
13733957,0
13774017,0
13814077,0
13854137,0
13894197,0
13934257,0
13974317,0
14014377,0
14045421,0
14085481,0
14125541,0
14165601,0
14205661,0
14245721,0
14285781,0
14325841,0
14365901,0
14405961,0
14446021,0
14486081,0
14526141,0
14566201,0
14606261,0
14646319,0
14686376,0
14726434,0
14766491,0
14806548,0
14846604,0
14886661,0
14926718,0
14966774,0
15006837,0
15037879,0
15077921,0
15117968,0
15158011,0
15198056,0
15238098,0
15278143,0
15318187,0
15358223,0
15398261,0
15438294,0
15478328,0
15518359,0
15558404,0
15598457,0
15638513,0
15678568,0
15718625,0
15758678,0
15798733,0
15838785,0
15878843,0
15918903,0
15958963,0
15999023,0
16039083,0
16070127,0
16110187,0
16150247,0
16190307,0
16230367,0
16270427,0
16310487,0
16350547,0
16390607,0
16430667,0
16470727,0
16510787,0
16550847,0
16590907,0
16630967,0
16671027,0
16711087,0
16751147,0
16791207,0
16831267,0
16871327,0
16911387,0
16951447,0
16991507,0
17031567,0
17062613,0
17102672,0
17142732,0
17182792,0
17222852,0
17262912,0
17302972,0
17343032,0
17383092,0
17423152,0
17463212,0
17503278,0
17543333,0
17583376,0
17623424,0
17663469,0
17703512,0
17743558,0
17783604,0
17823651,0
17863691,0
17903723,0
17943761,0
17983791,0
18023824,0
18054853,0
18094903,0
18134957,0
18175009,0
18215065,0
18255119,0
18295172,0
18335229,0
18375280,0
18415339,0
18455399,0
18495459,0
18535519,0
18575579,0
18615639,0
18655699,0
18695759,0
18735820,0
18775876,0
18815934,0
18855992,0
18896048,0
18936107,0
18976164,0
19016221,0
19047266,0
19087320,0
19127377,0
19167435,0
19207492,0
19247549,0
19287607,0
19327665,0
19367722,0
19407781,0
19447838,0
19487895,0
19527952,0
19568010,0
19608067,0
19648124,0
19688183,0
19728241,0
19768299,0
19808357,0
19848415,0
19888474,0
19928531,0
19968589,0
20008654,0
20048705,0
20079740,0
20119787,0
20159833,0
20199879,0
20239924,0
20279971,0
20320017,0
20360056,0
20400090,0
20440125,0
20480167,0
20520202,0
20560240,0
20600290,0
20640346,0
20680400,0
20720455,0
20760508,0
20800563,0
20840618,0
20880674,0
20920734,0
20960794,0
21000854,0
21040914,0
21071959,0
21112019,0
21152079,0
21192139,0
21232199,0
21272259,0
21312319,0
21352379,0
21392439,0
21432499,0
21472559,0
21512619,0
21552679,0
21592739,0
21632799,0
21672859,0
21712919,0
21752979,0
21793039,0
21833099,0
21873159,0
21913219,0
21953279,0
21993340,0
22033400,0
22064445,0
22104504,0
22144561,0
22184630,0
22224698,0
22264768,0
22304834,0
22344903,0
22384971,0
22425046,0
22465109,0
22505181,0
22545233,0
22585279,0
22625327,0
22665374,0
22705418,0
22745466,0
22785512,0
22825554,0
22865596,0
22905635,0
22945671,0
22985707,0
23025738,0
23056770,0
23096815,0
23136871,0
23176924,0
23216980,0
23257032,0
23297088,0
23337141,0
23377195,0
23417253,0
23457313,0
23497373,0
23537433,0
23577493,0
23617553,0
23657613,0
23697673,0
23737733,0
23777793,0
23817853,0
23857913,0
23897973,0
23938033,0
23978093,0
24018153,0
24058213,0
24089258,0
24129318,0
24169378,0
24209438,0
24249498,0
24289558,0
24329618,0
24369678,0
24409738,0
24449798,0
24489858,0
24529918,0
24569978,0
24610038,0
24650098,0
24690158,0
24730218,0
24770278,0
24810338,0
24850398,0
24890458,0
24930518,0
24970578,0
25010645,0
25050694,0
25081728,0
25121775,0
25161820,0
25201863,0
25241910,0
25281955,0
25322001,0
25362045,0
25402081,0
25442112,0
25482139,0
25522176,0
25562216,0
25602261,0
25642315,0
25682369,0
25722426,0
25762480,0
25802534,0
25842587,0
25882642,0
25922701,0
25962761,0
26002821,0
26042881,0
26073926,0
26113986,0
26154046,0
26194106,0
26234166,0
26274226,0
26314286,0
26354346,0
26394406,0
26434466,0
26474526,0
26514586,0
26554646,0
26594706,0
26634766,0
26674826,0
26714886,0
26754946,0
26795006,0
26835066,0
26875126,0
26915186,0
26955246,0
26995306,0
27035366,0
27066413,0
27106471,0
27146531,0
27186591,0
27226651,0
27266711,0
27306771,0
27346831,0
27386892,0
27426956,0
27467023,0
27507098,0
27547151,0
27587197,0
27627243,0
27667289,0
27707336,0
27747382,0
27787428,0
27827474,0
27867516,0
27907549,0
27947583,0
27987616,0
28027650,0
28067694,0
28098732,0
28138786,0
28178841,0
28218896,0
28258951,0
28299003,0
28339059,0
28379112,0
28419171,0
28459231,0
28499291,0
28539351,0
28579411,0
28619471,0
28659531,0
28699591,0
28739651,0
28779711,0
28819771,0
28859831,0
28899891,0
28939951,0
28980011,0
29020071,0
29060131,0
29091175,0
29131235,0
29171295,0
29211355,0
29251415,0
29291475,0
29331535,0
29371595,0
29411655,0
29451715,0
29491775,0
29531835,0
29571895,0
29611955,0
29652015,0
29692075,0
29732135,0
29772195,0
29812255,0
29852315,0
29892375,0
29932435,0
29972495,0
30012563,0
30052612,0
30083646,0
30123690,0
30163737,0
30203782,0
30243826,0
30283869,0
30323916,0
30363962,0
30403996,0
30444036,0
30484066,0
30524098,0
30564136,0
30604183,0
30644239,0
30684294,0
30724346,0
30764403,0
30804457,0
30844514,0
30884566,0
30924625,0
30964685,0
31004745,0
31044805,0
31075853,0
31115909,0
31155969,0
31196029,0
31236089,0
31276149,0
31316209,0
31356269,0
31396329,0
31436389,0
31476449,0
31516509,0
31556569,0
31596629,0
31636689,0
31676749,0
31716809,0
31756869,0
31796929,0
31836989,0
31877049,0
31917109,0
31957169,0
31997229,0
32037289,0
32077349,0
32108394,0
32148454,0
32188514,0
32228574,0
32268634,0
32308694,0
32348754,0
32388814,0
32428874,0
32468934,0
32509001,0
32549057,0
32589102,0
32629151,0
32669196,0
32709244,0
32749289,0
32789339,0
32829381,0
32869425,0
32909461,0
32949493,0
32989527,0
33029557,0
33069593,0
33100629,0
33140681,0
33180735,0
33220787,0
33260842,0
33300897,0
33340951,0
33381003,0
33421062,0
33461122,0
33501182,0
33541242,0
33581302,0
33621362,0
33661422,0
33701482,0
33741542,0
33781602,0
33821662,0
33861722,0
33901782,0
33941842,0
33981902,0
34021962,0
34062022,0
34093067,0
34133127,0
34173187,0
34213247,0
34253307,0
34293367,0
34333427,0
34373487,0
34413547,0
34453607,0
34493667,0
34533727,0
34573787,0
34613847,0
34653907,0
34693967,0
34734027,0
34774087,0
34814147,0
34854207,0
34894267,0
34934327,0
34974387,0
35014453,0
35054505,0
35085545,0
35125585,0
35165632,0
35205676,0
35245721,0
35285765,0
35325811,0
35365861,0
35405893,0
35445925,0
35485963,0
35525998,0
35566033,0
35606081,0
35646134,0
35686189,0
35726241,0
35766297,0
35806348,0
35846402,0
35886455,0
35926514,0
35966574,0
36006625,0
36046678,0
36086732,0
36117773,0
36157817,0
36197868,0
36237908,0
36277952,0
36318012,0
36358072,0
36398132,0
36438192,0
36478252,0
36518295,0
36558335,0
36598391,0
36638452,0
36678517,0
36718584,0
36758651,0
36798718,0
36838785,0
36878853,0
36918919,0
36958986,0
36999053,0
37039120,0
37079186,0
37110237,0
37150303,0
37190372,0
37230439,0
37270505,0
37310572,0
37350639,0
37390706,0
37430772,0
37470838,0
37510912,0
37550979,0
37591023,0
37631066,0
37671113,0
37711158,0
37751203,0
37791250,0
37831295,0
37871342,0
37911375,0
37951410,0
37991443,0
38031479,0
38071515,0
38102549,0
38142605,0
38182662,0
38222716,0
38262773,0
38302830,0
38342883,0
38382936,0
38422995,0
38463055,0
38503115,0
38543175,0
38583235,0
38623295,0
38663355,0
38703415,0
38743475,0
38783535,0
38823595,0
38863655,0
38903715,0
38943775,0
38983835,0
39023895,0
39063955,0
39095003,0
39135060,0
39175120,0
39215180,0
39255240,0
39295300,0
39335360,0
39375420,0
39415480,0
39455540,0
39495600,0
39535660,0
39575720,0
39615780,0
39655840,0
39695900,0
39735960,0
39776020,0
39816080,0
39856140,0
39896200,0
39936260,0
39976320,0
40016387,0
40056441,0
40096489,0
40127526,0
40167572,0
40207616,0
40247665,0
40287706,0
40327751,0
40367795,0
40407834,0
40447875,0
40487915,0
40527949,0
40567982,0
40608031,0
40648086,0
40688141,0
40728196,0
40768253,0
40808307,0
40848362,0
40888414,0
40928472,0
40968532,0
41008592,0
41048652,0
41088712,0
41119758,0
41159818,0
41199878,0
41239938,0
41279998,0
41320058,0
41360118,0
41400178,0
41440238,0
41480298,0
41520358,0
41560418,0
41600478,0
41640538,0
41680598,0
41720658,0
41760718,0
41800776,0
41840834,0
41880891,0
41920949,0
41961006,0
42001063,0
42041120,0
42081178,0
42112222,0
42152279,0
42192337,0
42232395,0
42272452,0
42312510,0
42352569,0
42392636,0
42432705,0
42472772,0
42512848,0
42552906,0
42592955,0
42633000,0
42673047,0
42713094,0
42753139,0
42793186,0
42833233,0
42873277,0
42913311,0
42953345,0
42993388,0
43033428,0
43073461,0
43104496,0
43144550,0
43184605,0
43224656,0
43264714,0
43304766,0
43344818,0
43384872,0
43424931,0
43464991,0
43505051,0
43545111,0
43585171,0
43625231,0
43665291,0
43705351,0
43745411,0
43785471,0
43825531,0
43865591,0
43905651,0
43945711,0
43985771,0
44025831,0
44065891,0
44105951,0
44136995,0
44177055,0
44217115,0
44257175,0
44297235,0
44337295,0
44377355,0
44417415,0
44457475,0
44497535,0
44537595,0
44577655,0
44617715,0
44657775,0
44697835,0
44737895,0
44777955,0
44818015,0
44858075,0
44898135,0
44938195,0
44978255,0
45018321,0
45058377,0
45098422,0
45129460,0
45169505,0
45209550,0
45249596,0
45289642,0
45329686,0
45369730,0
45409771,0
45449809,0
45489846,0
45529884,0
45569915,0
45609963,0
45650017,0
45690071,0
45730124,0
45770181,0
45810232,0
45850286,0
45890336,0
45930395,0
45970455,0
46010515,0
46050575,0
46090635,0
46121680,0
46161740,0
46201800,0
46241860,0
46281920,0
46321980,0
46362040,0
46402101,0
46442160,0
46482221,0
46522280,0
46562340,0
46602401,0
46642461,0
46682520,0
46722580,0
46762640,0
46802701,0
46842761,0
46882821,0
46922881,0
46962941,0
47003001,0
47043061,0
47083121,0
47114167,0
47154226,0
47194286,0
47234346,0
47274406,0
47314466,0
47354526,0
47394586,0
47434645,0
47474701,0
47514758,0
47554827,0
47594872,0
47634918,0
47674964,0
47715010,0
47755055,0
47795100,0
47835146,0
47875193,0
47915225,0
47955266,0
47995301,0
48035334,0
48075363,0
48115407,0
48146452,0
48186503,0
48226558,0
48266611,0
48306662,0
48346715,0
48386766,0
48426823,0
48466883,0
48506943,0
48547003,0
48587063,0
48627123,0
48667183,0
48707244,0
48747303,0
48787363,0
48827423,0
48867483,0
48907543,0
48947603,0
48987663,0
49027723,0
49067783,0
49107843,0
49138887,0
49178947,0
49219007,0
49259067,0
49299127,0
49339187,0
49379248,0
49419308,0
49459368,0
49499427,0
49539487,0
49579547,0
49619607,0
49659667,0
49699727,0
49739788,0
49779848,0
49819907,0
49859967,0
49900027,0
49940087,0
49980148,0
50020205,0
50060266,0
50100313,0
50131351,0
50171393,0
50211437,0
50251482,0
50291527,0
50331572,0
50371617,0
50411658,0
50451693,0
50491730,0
50531762,0
50571801,0
50611842,0
50651895,0
50691950,0
50732005,0
50772059,0
50812114,0
50852165,0
50892219,0
50932275,0
50972335,0
51012395,0
51052455,0
51092515,0
51123563,0
51163619,0
51203679,0
51243740,0
51283799,0
51323859,0
51363919,0
51403979,0
51444039,0
51484099,0
51524159,0
51564219,0
51604279,0
51644339,0
51684399,0
51724459,0
51764519,0
51804579,0
51844639,0
51884699,0
51924759,0
51964819,0
52004879,0
52044939,0
52084999,0
52125059,0
52156105,0
52196165,0
52236225,0
52276285,0
52316345,0
52356405,0
52396465,0
52436525,0
52476585,0
52516645,0
52556711,0
52596761,0
52636808,0
52676854,0
52716898,0
52756946,0
52796992,0
52837039,0
52877084,0
52917126,0
52957163,0
52997205,0
53037245,0
53077280,0
53117326,0
53148365,0
53188420,0
53228474,0
53268528,0
53308583,0
53348637,0
53388689,0
53428745,0
53468805,0
53508865,0
53548925,0
53588985,0
53629045,0
53669105,0
53709165,0
53749225,0
53789285,0
53829345,0
53869405,0
53909465,0
53949525,0
53989585,0
54029645,0
54069705,0
54109765,0
54140809,0
54180869,0
54220929,0
54260990,0
54301049,0
54341109,0
54381169,0
54421229,0
54461289,0
54501349,0
54541409,0
54581469,0
54621529,0
54661589,0
54701649,0
54741709,0
54781769,0
54821829,0
54861889,0
54901949,0
54942009,0
54982069,0
55022129,0
55062193,0
55102241,0
55133278,0
55173325,0
55213368,0
55253415,0
55293461,0
55333505,0
55373551,0
55413593,0
55453633,0
55493671,0
55533713,0
55573746,0
55613791,0
55653844,0
55693900,0
55733952,0
55774008,0
55814061,0
55854116,0
55894168,0
55934227,0
55974287,0
56014347,0
56054407,0
56094467,0
56134527,0
56165572,0
56205632,0
56245692,0
56285753,0
56325812,0
56365872,0
56405932,0
56445992,0
56486052,0
56526112,0
56566172,0
56606232,0
56646292,0
56686352,0
56726412,0
56766472,0
56806532,0
56846592,0
56886652,0
56926712,0
56966772,0
57006832,0
57046892,0
57086952,0
57127012,0
57158057,0
57198117,0
57238177,0
57278235,0
57318291,0
57358347,0
57398403,0
57438462,0
57478529,0
57518599,0
57558667,0
57598717,0
57638764,0
57678811,0
57718859,0
57758903,0
57798950,0
57838996,0
57879042,0
57919091,0
57959129,0
57999167,0
58039203,0
58079238,0
58119279,0
58150319,0
58190374,0
58230430,0
58270485,0
58310536,0
58350591,0
58390646,0
58430699,0
58470757,0
58510817,0
58550877,0
58590937,0
58630997,0
58671057,0
58711117,0
58751177,0
58791237,0
58831297,0
58871357,0
58911417,0
58951477,0
58991537,0
59031597,0
59071657,0
59111717,0
59142765,0
59182822,0
59222882,0
59262942,0
59303002,0
59343062,0
59383122,0
59423182,0
59463242,0
59503302,0
59543362,0
59583422,0
59623482,0
59663542,0
59703602,0
59743662,0
59783722,0
59823782,0
59863842,0
59903902,0
59943962,0
59984022,0
60024082,0
60064146,0
60104195,0
60144239,0
60184283,0
60224325,0
60264373,0
60304418,0
60344464,0
60384512,0
60424557,0
60464595,0
60504634,0
60544670,0
60584706,0
60624748,0
60664801,0
60704858,0
60744913,0
60784967,0
60825022,0
60865075,0
60905127,0
60945186,0
60985246,0
61025306,0
61065366,0
61105426,0
61145486,0
61185546,0
61225606,0
61265666,0
61305726,0
61345786,0
61385846,0
61425906,0
61465966,0
61506026,0
61546086,0
61586146,0
61626206,0
61666266,0
61706326,0
61746386,0
61786446,0
61826506,0
61866566,0
61906626,0
61946686,0
61986746,0
62026806,0
62066866,0
62106927,0
62146987,0
62187047,0
62227107,0
62267167,0
62307227,0
62347287,0
62387347,0
62427407,0
62467467,0
62507526,0
62538574,0
TS,8
32011,2648
72067,2810
112125,2965
152182,3118
192239,3270
232298,3422
272355,3574
312412,3726
352470,3878
392528,4030
432586,4182
472644,4334
512701,4486
552759,4638
592817,4790
632874,4942
672932,5094
712990,5246
753046,5398
793103,5550
833160,5702
873218,5854
913275,6006
953334,6158
993392,6310
1024434,6439
1064492,6591
1104548,6743
1144606,6895
1184663,7047
1224721,7199
1264778,7351
1304836,7503
1344894,7655
1384952,7807
1425010,7959
1465069,8111
1505127,8263
1545183,8415
1585241,8567
1625298,8719
1665357,8871
1705414,9023
1745471,9175
1785529,9327
1825587,9479
1865644,9631
1905701,9783
1945758,9935
1985817,10087
2016861,10214
2056919,10366
2096977,10518
2137034,10670
2177091,10822
2217149,10974
2257206,11126
2297264,11278
2337320,11430
2377377,11582
2417436,11734
2457500,11910
2497556,12226
2537608,12460
2577655,12676
2617701,12894
2657748,13107
2697794,13315
2737841,13511
2777885,13692
2817932,13877
2857963,14856
2898004,20352
2938041,26523
2978077,28049
3009097,28201
3049139,28379
3089194,28532
3129250,28688
3169305,28840
3209362,29004
3249417,29161
3289474,29324
3329526,29481
3369583,29638
3409643,29786
3449703,29933
3489763,30077
3529823,30221
3569883,30365
3609943,30509
3650003,30653
3690063,30797
3730123,30941
3770183,31085
3810243,31229
3850303,31373
3890363,31517
3930423,31661
3970483,31805
4010543,31949
4041589,32070
4081649,32214
4121709,32358
4161769,32502
4201829,32646
4241889,32790
4281949,32934
4322009,33078
4362069,33222
4402129,33366
4442189,33510
4482249,33654
4522309,33798
4562369,33942
4602429,34086
4642489,34230
4682549,34374
4722609,34518
4762669,34662
4802729,34806
4842789,34950
4882849,35094
4922909,35238
4962976,35404
5003032,35634
5034069,35776
5074114,35961
5114157,36143
5154203,36326
5194248,36496
5234292,36682
5274338,36868
5314385,37050
5354419,38923
5394451,39930
5434482,43408
5474517,43529
5514559,43646
5554604,43821
5594658,43974
5634716,44134
5674771,44295
5714827,44444
5754883,44626
5794937,44816
5834990,45012
5875049,45163
5915109,45311
5955169,45459
5995229,45608
6026274,45735
6066335,45884
6106395,46033
6146455,46182
6186515,46330
6226575,46479
6266635,46628
6306695,46777
6346755,46926
6386815,47076
6426875,47225
6466935,47374
6506995,47523
6547055,47672
6587115,47821
6627174,47971
6667234,48121
6707294,48271
6747354,48422
6787414,48574
6827474,48725
6867534,48876
6907594,49027
6947654,49175
6987714,49324
7018761,49441
7058820,49595
7098880,49744
7138940,49894
7179000,50043
7219060,50192
7259112,50341
7299166,50489
7339219,50637
7379282,50784
7419345,50932
7459411,51080
7499482,51417
7539527,51710
7579576,51934
7619623,52156
7659668,52379
7699714,52642
7739759,52890
7779803,53115
7819847,53297
7859885,56465
7899924,56711
7939966,56854
7980000,57020
8020035,58503
8051070,58654
8091123,58845
8131177,59030
8171231,59202
8211286,59382
8251341,59563
8291395,59747
8331447,59931
8371505,60080
8411565,60220
8451625,60360
8491685,60500
8531745,60640
8571805,60780
8611865,60920
8651925,61060
8691985,61200
8732045,61340
8772105,61480
8812165,61620
8852225,61760
8892285,61900
8932345,62040
8972405,62180
9012465,62320
9043511,62442
9083571,62582
9123631,62722
9163691,62862
9203751,63002
9243811,63142
9283871,63282
9323931,63422
9363991,63562
9404051,63702
9444111,63842
9484171,63982
9524231,64122
9564291,64262
9604351,64402
9644411,64542
9684471,64682
9724531,64822
9764591,64962
9804651,65102
9844711,65242
9884771,65382
9924831,65522
9964893,65663
10004953,65944
10035991,66117
10076038,66303
10116083,66494
10156127,66683
10196172,66867
10236217,67048
10276262,67246
10316309,67439
10356347,69302
10396384,74031
10436414,77069
10476452,83108
10516489,87548
10556531,87764
10596584,87954
10636638,88126
10676692,88297
10716747,88468
10756801,88641
10796856,88815
10836908,88991
10876966,89146
10917026,89290
10957086,89434
10997146,89578
11028194,89691
11068250,89847
11108310,89991
11148370,90135
11188430,90279
11228490,90423
11268550,90567
11308610,90711
11348670,90855
11388730,90999
11428790,91143
11468850,91287
11508910,91431
11548970,91575
11589030,91719
11629090,91863
11669150,92007
11709210,92151
11749270,92295
11789330,92439
11829390,92583
11869450,92727
11909510,92871
11949570,93016
11989630,93161
12029690,93306
12060735,93427
12100795,93571
12140855,93715
12180915,93859
12220975,94003
12261035,94148
12301096,94293
12341155,94438
12381216,94584
12421275,94730
12461335,94876
12501400,95112
12541449,95334
12581499,95537
12621544,95756
12661590,95962
12701636,96181
12741681,96403
12781726,96611
12821775,96787
12861815,97589
12901849,103163
12941885,107483
12981924,107733
13021961,107927
13052992,108074
13093040,108258
13133096,108449
13173150,108628
13213205,108819
13253254,109009
13293311,109194
13333363,109380
13373417,109534
13413477,109680
13453537,109826
13493597,109972
13533657,110116
13573717,110260
13613777,110404
13653837,110548
13693897,110692
13733957,110836
13774017,110980
13814077,111124
13854137,111268
13894197,111412
13934257,111556
13974317,111700
14014377,111844
14045421,111972
14085481,112116
14125541,112260
14165601,112404
14205661,112548
14245721,112692
14285781,112836
14325841,112980
14365901,113124
14405961,113268
14446021,113412
14486081,113556
14526141,113700
14566201,113844
14606261,113988
14646319,114132
14686377,114276
14726434,114420
14766491,114564
14806548,114708
14846604,114852
14886661,114996
14926718,115140
14966774,115284
15006838,115556
15037880,115771
15077922,116015
15117969,116254
15158012,116488
15198057,116712
15238099,116920
15278143,117133
15318188,117330
15358224,118464
15398261,120088
15438295,120348
15478329,120537
15518360,120712
15558405,120867
15598458,121019
15638514,121172
15678569,121328
15718625,121487
15758679,121641
15798734,121797
15838785,121955
15878843,122108
15918903,122252
15958963,122396
15999023,122540
16039083,122684
16070127,122813
16110187,122957
16150247,123101
16190307,123245
16230367,123389
16270427,123533
16310487,123677
16350548,123821
16390607,123965
16430667,124109
16470727,124253
16510787,124397
16550847,124541
16590907,124685
16630967,124829
16671027,124973
16711087,125117
16751147,125261
16791207,125405
16831267,125549
16871327,125693
16911387,125837
16951447,125981
16991507,126125
17031567,126269
17062613,126392
17102672,126536
17142732,126680
17182792,126824
17222852,126968
17262912,127112
17302972,127256
17343032,127400
17383092,127544
17423152,127688
17463212,127832
17503279,128066
17543334,128328
17583376,128561
17623424,128789
17663469,129012
17703513,129257
17743558,129475
17783605,129716
17823652,129940
17863692,135037
17903723,138392
17943762,139840
17983792,140170
18023825,140771
18054854,140985
18094903,141177
18134957,141361
18175010,141548
18215065,141732
18255120,141920
18295172,142107
18335230,142292
18375281,142479
18415339,142631
18455399,142783
18495459,142935
18535519,143087
18575579,143239
18615639,143391
18655699,143543
18695760,143695
18735820,143847
18775877,143999
18815934,144151
18855992,144303
18896048,144456
18936107,144609
18976164,144762
19016221,144915
19047266,145031
19087320,145193
19127378,145345
19167435,145498
19207492,145651
19247549,145804
19287607,145957
19327665,146111
19367722,146265
19407781,146420
19447838,146575
19487895,146729
19527953,146882
19568010,147035
19608067,147188
19648125,147341
19688183,147494
19728241,147647
19768299,147801
19808357,147954
19848415,148107
19888474,148260
19928532,148413
19968589,148565
20008654,148811
20048706,149069
20079741,149249
20119788,149471
20159834,149708
20199880,149925
20239925,150130
20279971,150321
20320017,150506
20360057,150749
20400090,154204
20440126,156869
20480167,163183
20520202,165001
20560240,165459
20600291,165637
20640347,165800
20680401,165970
20720456,166138
20760509,166307
20800563,166472
20840618,166660
20880674,166820
20920734,166964
20960794,167108
21000854,167252
21040914,167396
21071959,167516
21112019,167660
21152079,167804
21192139,167948
21232199,168092
21272259,168236
21312319,168380
21352379,168524
21392439,168668
21432499,168812
21472559,168956
21512619,169100
21552679,169244
21592739,169388
21632799,169532
21672859,169676
21712919,169820
21752979,169964
21793039,170108
21833099,170252
21873159,170396
21913220,170540
21953280,170684
21993340,170829
22033400,170974
22064445,171095
22104504,171240
22144562,171385
22184630,171532
22224698,171675
22264768,171820
22304835,171965
22344903,172114
22384971,172258
22425047,172405
22465109,172550
22505182,172799
22545234,173066
22585279,173252
22625328,173436
22665376,173626
22705418,173836
22745467,174053
22785513,174251
22825555,174424
22865596,176122
22905636,176254
22945672,177967
22985707,178988
23025738,180609
23056771,180740
23096816,180904
23136872,181082
23176924,181252
23216981,181433
23257032,181599
23297089,181777
23337141,181954
23377195,182124
23417253,182279
23457313,182427
23497373,182575
23537433,182723
23577493,182871
23617553,183019
23657613,183167
23697673,183315
23737733,183463
23777793,183611
23817853,183759
23857913,183907
23897973,184055
23938033,184203
23978093,184351
24018153,184499
24058213,184647
24089258,184772
24129318,184920
24169378,185068
24209438,185216
24249498,185364
24289558,185512
24329618,185660
24369678,185808
24409738,185956
24449798,186104
24489858,186252
24529918,186400
24569978,186548
24610038,186696
24650098,186844
24690159,186992
24730218,187140
24770278,187289
24810338,187438
24850399,187587
24890458,187736
24930519,187884
24970578,188032
25010645,188269
25050695,188535
25081729,188711
25121776,188935
25161821,189164
25201864,189389
25241910,189613
25281956,189826
25322001,190045
25362046,190471
25402082,190631
25442112,191779
25482140,194672
25522177,196408
25562217,196586
25602262,196763
25642315,196952
25682370,197136
25722426,197316
25762481,197487
25802535,197669
25842588,197844
25882643,198006
25922701,198160
25962761,198310
26002821,198459
26042881,198607
26073927,198732
26113986,198880
26154046,199028
26194106,199176
26234166,199324
26274226,199472
26314286,199620
26354346,199768
26394406,199916
26434466,200064
26474526,200212
26514586,200360
26554646,200508
26594706,200656
26634766,200804
26674826,200952
26714886,201100
26754946,201248
26795006,201396
26835066,201544
26875126,201692
26915186,201840
26955246,201988
26995306,202136
27035366,202284
27066413,202400
27106471,202556
27146531,202704
27186591,202852
27226651,203000
27266711,203148
27306771,203296
27346831,203444
27386892,203592
27426956,203740
27467023,203888
27507098,204105
27547152,204431
27587198,204677
27627243,204918
27667290,205168
27707337,205417
27747382,205655
27787429,205896
27827475,206084
27867516,207993
27907550,212145
27947584,214055
27987617,214348
28027651,214557
28067695,214715
28098733,214861
28138787,215037
28178842,215216
28218897,215384
28258952,215553
28299004,215729
28339060,215905
28379113,216092
28419171,216245
28459231,216397
28499291,216549
28539351,216701
28579411,216853
28619471,217005
28659531,217157
28699591,217309
28739651,217461
28779711,217613
28819771,217765
28859831,217917
28899891,218069
28939951,218221
28980011,218373
29020071,218526
29060131,218679
29091175,218808
29131235,218962
29171295,219116
29211355,219269
29251415,219422
29291475,219575
29331535,219728
29371595,219880
29411655,220032
29451715,220184
29491775,220336
29531835,220488
29571895,220640
29611955,220791
29652015,220942
29692075,221093
29732135,221244
29772195,221396
29812255,221548
29852315,221700
29892375,221852
29932435,222004
29972495,222156
30012564,222378
30052613,222621
30083647,222786
30123691,223013
30163737,223227
30203783,223451
30243827,223665
30283870,223888
30323916,224099
30363962,225087
30403997,225231
30444037,225864
30484067,226176
30524099,226426
30564136,227988
30604184,228164
30644240,228324
30684295,228481
30724347,228636
30764403,228796
30804458,228945
30844514,229095
30884567,229261
30924625,229416
30964685,229565
31004745,229713
31044805,229861
31075853,229977
31115909,230137
31155969,230285
31196029,230433
31236089,230582
31276149,230731
31316209,230880
31356269,231029
31396329,231178
31436389,231327
31476449,231476
31516509,231625
31556569,231775
31596629,231925
31636689,232075
31676749,232225
31716809,232375
31756869,232524
31796929,232673
31836989,232821
31877049,232969
31917109,233117
31957169,233266
31997229,233415
32037289,233564
32077349,233713
32108394,233840
32148454,233988
32188514,234137
32228574,234286
32268634,234436
32308694,234586
32348754,234737
32388814,234887
32428874,235037
32468934,235186
32509001,235370
32549057,235615
32589103,235804
32629152,235995
32669197,236196
32709245,236393
32749289,236595
32789340,236797
32829382,236991
32869426,237158
32909461,240968
32949493,241146
32989528,244603
33029558,247258
33069593,247520
33100630,247656
33140681,247822
33180736,247990
33220788,248158
33260843,248323
33300897,248488
33340952,248654
33381004,248832
33421062,248989
33461122,249137
33501182,249285
33541242,249433
33581302,249581
33621362,249729
33661422,249877
33701482,250025
33741542,250173
33781602,250321
33821662,250469
33861722,250617
33901782,250765
33941842,250913
33981902,251061
34021962,251209
34062022,251357
34093067,251483
34133127,251631
34173187,251779
34213247,251927
34253307,252075
34293367,252225
34333427,252375
34373487,252526
34413547,252677
34453607,252827
34493667,252976
34533727,253125
34573787,253273
34613847,253421
34653907,253569
34693967,253718
34734027,253867
34774087,254016
34814147,254165
34854207,254314
34894267,254462
34934327,254610
34974387,254758
35014454,254969
35054506,255219
35085545,255390
35125586,255640
35165633,255869
35205677,256097
35245722,256327
35285766,256576
35325812,256836
35365862,257565
35405893,257768
35445926,260146
35485963,260869
35525999,264930
35566033,265158
35606081,265353
35646135,265547
35686189,265737
35726242,265921
35766298,266108
35806349,266286
35846403,266478
35886455,266665
35926514,266814
35966574,266961
36006625,267110
36046678,267259
36086732,267407
36117773,267531
36157817,267681
36197868,267830
36237908,267985
36277952,268138
36318012,268291
36358072,268443
36398132,268595
36438192,268747
36478252,268900
36518295,269050
36558335,269198
36598391,269346
36638452,269494
36678517,269643
36718584,269792
36758651,269941
36798718,270090
36838785,270240
36878853,270391
36918919,270542
36958986,270693
36999054,270842
37039120,270992
37079187,271142
37110237,271263
37150304,271411
37190372,271559
37230439,271707
37270505,271855
37310572,272003
37350639,272151
37390706,272299
37430772,272447
37470838,272596
37510913,272785
37550980,273097
37591024,273340
37631067,273571
37671114,273811
37711159,274036
37751204,274261
37791251,274470
37831296,274687
37871342,275593
37911376,277171
37951411,279068
37991443,279474
38031479,279645
38071515,279843
38102550,279972
38142605,280137
38182662,280306
38222717,280466
38262774,280620
38302830,280782
38342884,280942
38382936,281113
38422995,281271
38463055,281423
38503115,281575
38543175,281727
38583235,281879
38623295,282031
38663355,282183
38703415,282336
38743475,282489
38783535,282642
38823595,282795
38863655,282948
38903715,283101
38943775,283254
38983835,283407
39023895,283559
39063955,283711
39095003,283831
39135060,283993
39175120,284145
39215180,284297
39255240,284449
39295300,284601
39335360,284753
39375420,284905
39415480,285057
39455540,285209
39495600,285361
39535661,285513
39575720,285665
39615780,285817
39655840,285969
39695900,286121
39735960,286273
39776020,286425
39816080,286577
39856140,286729
39896200,286881
39936260,287033
39976320,287185
40016388,287372
40056442,287634
40096490,287854
40127527,288040
40167573,288266
40207617,288490
40247666,288712
40287706,288929
40327752,289131
40367796,289285
40407834,291122
40447876,291259
40487916,292970
40527949,295437
40567982,296635
40608031,296836
40648087,297006
40688142,297174
40728197,297336
40768254,297501
40808308,297661
40848363,297822
40888414,297992
40928472,298154
40968532,298307
41008592,298461
41048652,298615
41088712,298768
41119758,298902
41159818,299054
41199878,299206
41239938,299358
41279998,299510
41320058,299662
41360118,299814
41400178,299966
41440238,300118
41480298,300270
41520358,300422
41560418,300574
41600478,300726
41640538,300878
41680598,301030
41720658,301182
41760718,301334
41800776,301487
41840834,301640
41880891,301793
41920949,301946
41961006,302099
42001063,302252
42041121,302405
42081179,302558
42112222,302684
42152279,302836
42192337,302988
42232395,303140
42272453,303292
42312510,303444
42352569,303596
42392637,303748
42432705,303900
42472772,304053
42512848,304223
42552907,304497
42592955,304733
42633001,304949
42673048,305175
42713094,305394
42753140,305616
42793187,305839
42833234,306057
42873278,306263
42913312,308248
42953345,311948
42993389,315683
43033428,320573
43073462,321251
43104497,321401
43144551,321591
43184606,321788
43224657,321978
43264715,322172
43304767,322365
43344819,322556
43384872,322736
43424931,322880
43464991,323021
43505051,323162
43545111,323303
43585171,323444
43625231,323584
43665291,323724
43705351,323864
43745411,324004
43785471,324144
43825531,324284
43865591,324424
43905651,324564
43945711,324704
43985771,324844
44025831,324984
44065891,325125
44105951,325266
44136995,325389
44177055,325530
44217115,325671
44257175,325811
44297235,325951
44337295,326091
44377355,326231
44417415,326371
44457475,326511
44497535,326651
44537595,326791
44577655,326931
44617715,327071
44657775,327211
44697835,327351
44737895,327491
44777955,327631
44818015,327771
44858075,327911
44898135,328051
44938195,328191
44978255,328331
45018322,328492
45058378,328753
45098422,328971
45129461,329132
45169506,329337
45209550,329537
45249597,329738
45289643,329943
45329686,330142
45369731,330335
45409771,333316
45449810,333454
45489846,333602
45529885,336095
45569916,336459
45609963,336662
45650018,336806
45690071,336960
45730125,337131
45770181,337303
45810233,337472
45850286,337642
45890337,337821
45930395,337968
45970455,338112
46010515,338256
46050575,338400
46090635,338544
46121680,338667
46161740,338811
46201800,338955
46241860,339099
46281920,339243
46321980,339387
46362040,339531
46402101,339675
46442161,339819
46482221,339963
46522281,340107
46562341,340251
46602401,340395
46642461,340539
46682521,340683
46722581,340827
46762641,340971
46802701,341115
46842761,341259
46882821,341404
46922881,341550
46962941,341696
47003001,341843
47043061,341990
47083121,342136
47114167,342246
47154226,342398
47194287,342543
47234347,342688
47274407,342833
47314466,342978
47354526,343123
47394586,343267
47434645,343411
47474701,343555
47514758,343699
47554828,343972
47594872,344236
47634919,344459
47674965,344691
47715011,344912
47755055,345137
47795100,345352
47835147,345584
47875194,345810
47915225,347869
47955266,353823
47995302,356520
48035334,356703
48075363,357688
48115408,357868
48146452,358015
48186503,358198
48226559,358379
48266612,358562
48306663,358746
48346716,358924
48386767,359116
48426824,359274
48466884,359422
48506944,359570
48547003,359718
48587063,359866
48627123,360014
48667183,360162
48707244,360310
48747303,360458
48787364,360606
48827423,360754
48867483,360902
48907543,361051
48947603,361200
48987663,361349
49027723,361498
49067783,361646
49107843,361794
49138887,361919
49178947,362067
49219007,362215
49259067,362363
49299127,362511
49339188,362659
49379248,362807
49419308,362955
49459368,363103
49499427,363251
49539487,363401
49579547,363551
49619607,363701
49659667,363851
49699728,363999
49739788,364147
49779848,364295
49819908,364443
49859968,364591
49900027,364739
49940087,364887
49980148,365035
50020205,365185
50060267,365503
50100314,365757
50131353,365951
50171394,366189
50211438,366429
50251483,366661
50291528,366889
50331572,367106
50371618,367288
50411658,370805
50451694,376362
50491731,379819
50531763,381009
50571801,381148
50611842,381324
50651896,381507
50691951,381693
50732006,381871
50772059,382049
50812114,382221
50852166,382384
50892220,382551
50932275,382714
50972335,382862
51012395,383010
51052455,383158
51092515,383306
51123563,383423
51163619,383583
51203679,383731
51243740,383879
51283799,384027
51323859,384175
51363919,384323
51403979,384471
51444040,384619
51484099,384767
51524159,384915
51564219,385063
51604279,385211
51644339,385359
51684399,385507
51724459,385655
51764519,385803
51804579,385951
51844639,386099
51884699,386247
51924759,386395
51964819,386543
52004879,386691
52044939,386839
52084999,386987
52125059,387135
52156105,387259
52196165,387407
52236225,387555
52276285,387703
52316345,387851
52356405,387999
52396465,388147
52436525,388295
52476585,388443
52516645,388591
52556712,388831
52596761,389057
52636809,389236
52676855,389429
52716899,389619
52756947,389807
52796992,389984
52837039,390165
52877085,390346
52917127,390534
52957163,392297
52997205,392405
53037246,392504
53077281,392617
53117326,392765
53148366,392897
53188421,393061
53228475,393219
53268529,393379
53308584,393543
53348637,393717
53388690,393902
53428746,394064
53468806,394218
53508865,394372
53548925,394525
53588985,394678
53629045,394831
53669105,394983
53709165,395136
53749225,395289
53789285,395442
53829346,395595
53869405,395747
53909465,395899
53949525,396051
53989585,396203
54029645,396355
54069705,396507
54109765,396659
54140809,396787
54180870,396939
54220930,397091
54260990,397243
54301049,397395
54341109,397547
54381169,397699
54421229,397851
54461289,398003
54501350,398156
54541410,398309
54581470,398462
54621529,398615
54661590,398768
54701650,398921
54741710,399074
54781769,399227
54821829,399379
54861889,399531
54901949,399683
54942009,399835
54982069,399987
55022129,400139
55062193,400395
55102242,400631
55133279,400797
55173325,401024
55213369,401242
55253415,401459
55293462,401690
55333506,401896
55373552,402120
55413593,407021
55453634,407224
55493672,407402
55533714,407543
55573747,407681
55613792,407865
55653845,408026
55693901,408200
55733953,408366
55774009,408546
55814061,408717
55854116,408908
55894169,409094
55934228,409241
55974288,409385
56014348,409531
56054408,409677
56094468,409823
56134527,409969
56165572,410090
56205632,410234
56245693,410378
56285753,410523
56325813,410669
56365873,410815
56405933,410961
56445993,411107
56486053,411253
56526112,411398
56566173,411543
56606232,411688
56646293,411833
56686353,411978
56726413,412123
56766472,412268
56806532,412413
56846592,412557
56886652,412701
56926712,412845
56966772,412989
57006832,413133
57046892,413277
57086952,413421
57127012,413565
57158057,413688
57198117,413832
57238177,413976
57278235,414120
57318291,414265
57358347,414409
57398404,414553
57438462,414698
57478529,414850
57518599,415000
57558668,415249
57598718,415525
57638764,415715
57678811,415912
57718859,416133
57758904,416345
57798951,416550
57838997,416762
57879042,416960
57919091,417166
57959130,417830
57999167,417949
58039204,418064
58079238,418201
58119280,419800
58150319,419938
58190375,420110
58230430,420289
58270486,420467
58310537,420631
58350592,420811
58390647,420988
58430700,421178
58470757,421337
58510817,421485
58550877,421633
58590937,421781
58630997,421929
58671057,422077
58711117,422225
58751177,422373
58791237,422521
58831297,422669
58871357,422817
58911417,422965
58951477,423113
58991537,423261
59031597,423409
59071657,423557
59111717,423705
59142765,423821
59182822,423980
59222882,424128
59262942,424276
59303002,424424
59343063,424572
59383122,424720
59423182,424868
59463242,425016
59503302,425165
59543362,425314
59583422,425463
59623482,425612
59663542,425761
59703602,425909
59743662,426057
59783723,426205
59823782,426353
59863842,426501
59903902,426649
59943962,426797
59984022,426946
60024082,427095
60064147,427361
60104196,427614
60144240,427827
60184284,428054
60224326,428284
60264374,428513
60304419,428718
60344465,428896
60384512,432423
60424557,439930
60464595,446022
60504635,453082
60544671,454930
60584707,455241
60624749,455418
60664802,455599
60704858,455782
60744914,455967
60784967,456146
60825022,456323
60865076,456502
60905128,456691
60945186,456845
60985246,456993
61025306,457141
61065366,457289
61105426,457437
61145486,457585
61185546,457733
61225606,457881
61265666,458029
61305726,458177
61345786,458325
61385846,458473
61425906,458621
61465966,458769
61506026,458917
61546086,459065
61586146,459213
61626206,459361
61666266,459509
61706326,459657
61746386,459805
61786446,459953
61826506,460101
61866566,460249
61906626,460398
61946686,460547
61986746,460696
62026806,460845
62066866,460993
62106927,461141
62146987,461289
62187047,461437
62227107,461585
62267167,461733
62307227,461881
62347287,462029
62387348,462177
62427407,462326
62467467,462475
62507527,462624
62538574,462749
TS,9
32011,33362
72067,35368
112125,37318
152182,39356
192239,41356
232298,43319
272355,45306
312412,47303
352470,49292
392528,51239
432586,53205
472644,55201
512701,57201
552759,59197
592817,61133
632874,63148
672932,65145
712990,67109
753046,69108
793103,71124
833161,73142
873218,75137
913275,77140
953334,79105
993393,81045
1024434,82561
1064492,84579
1104548,86595
1144606,88581
1184663,90570
1224721,92563
1264778,94537
1304836,96517
1344894,98503
1384952,100479
1425010,102448
1465069,104434
1505127,106398
1545183,108425
1585242,110405
1625299,112420
1665357,114362
1705414,116352
1745471,118382
1785530,120352
1825587,122315
1865644,124327
1905701,126349
1945758,128361
1985817,130323
2016861,131844
2056919,133841
2096977,135803
2137034,137807
2177091,139795
2217149,141778
2257206,143798
2297264,145771
2337320,147816
2377377,149803
2417436,151747
2457500,158028
2497557,327577
2537608,744466
2577656,1179230
2617702,1607080
2657748,2038110
2697795,2471557
2737841,2908531
2777886,3345248
2817933,3777078
2857963,4346174
2898004,4900347
2938042,5469229
2978078,6029126
3009097,6486402
3049140,6906784
3089195,7128875
3129251,7326724
3169306,7515065
3209362,7712667
3249418,7902960
3289474,8096648
3329527,8269438
3369584,8271387
3409643,8273536
3449703,8275671
3489763,8277528
3529824,8279385
3569883,8281242
3609943,8283098
3650003,8284955
3690064,8286814
3730123,8288673
3770184,8290531
3810243,8292390
3850304,8294249
3890363,8296106
3930423,8297962
3970483,8299819
4010544,8301675
4041589,8303138
4081649,8304994
4121709,8306851
4161769,8308707
4201829,8310564
4241889,8312420
4281949,8314277
4322009,8316135
4362069,8317994
4402129,8319852
4442189,8321710
4482249,8323569
4522309,8325427
4562369,8327283
4602429,8329141
4642489,8330998
4682549,8332855
4722609,8334711
4762669,8336569
4802729,8338425
4842789,8340282
4882849,8342138
4922909,8343996
4962977,8352372
5003033,8533840
5034070,8861539
5074115,9297781
5114158,9725799
5154204,10154309
5194249,10586612
5234293,11020917
5274339,11458977
5314385,11895581
5354419,12425354
5394451,13000186
5434482,13566605
5474517,14135015
5514560,14701405
5554604,15074004
5594659,15271394
5634717,15459226
5674772,15657351
5714827,15846216
5754883,16041656
5794938,16235014
5834991,16388879
5875049,16390748
5915109,16392617
5955169,16394486
5995229,16396356
6026275,16397822
6066335,16399701
6106395,16401586
6146455,16403472
6186515,16405354
6226575,16407242
6266635,16409123
6306695,16411002
6346755,16412879
6386815,16414764
6426875,16416644
6466935,16418525
6506995,16420401
6547055,16422279
6587115,16424146
6627175,16426010
6667234,16427871
6707295,16429735
6747355,16431596
6787414,16433461
6827474,16435323
6867535,16437187
6907594,16439048
6947654,16440906
6987715,16442762
7018761,16444205
7058820,16446062
7098880,16447919
7138940,16449774
7179000,16451768
7219060,16453939
7259112,16456318
7299166,16458738
7339219,16461171
7379282,16463519
7419345,16465476
7459411,16467631
7499483,16605004
7539528,17000487
7579577,17437816
7619624,17870647
7659668,18301739
7699715,18731012
7739760,19161362
7779803,19572879
7819848,19957149
7859885,20492770
7899924,21057556
7939966,21618198
7980000,22173215
8020036,22701678
8051071,22964399
8091123,23161971
8131178,23349875
8171232,23548021
8211287,23736853
8251341,23934362
8291396,24125695
8331448,24282418
8371505,24284278
8411566,24286134
8451626,24287990
8491685,24289848
8531745,24291705
8571805,24293561
8611866,24295417
8651925,24297275
8691985,24299132
8732045,24300988
8772106,24302844
8812166,24304702
8852225,24306559
8892285,24308415
8932346,24310271
8972406,24312129
9012465,24313986
9043511,24315454
9083571,24317311
9123631,24319169
9163691,24321026
9203751,24322883
9243811,24324740
9283871,24326598
9323931,24328454
9363991,24330310
9404051,24332169
9444111,24334027
9484171,24335884
9524231,24337740
9564291,24339597
9604351,24341455
9644411,24343312
9684471,24345168
9724531,24347025
9764591,24348883
9804651,24350740
9844711,24352596
9884771,24354453
9924831,24356311
9964893,24358185
10004954,24509889
10035991,24811034
10076039,25255074
10116083,25684497
10156128,26118256
10196173,26548596
10236218,26978908
10276263,27410234
10316310,27847508
10356347,28377303
10396384,28944581
10436415,29507791
10476452,30064236
10516490,30625669
10556531,31071421
10596584,31294585
10636638,31492391
10676693,31680693
10716748,31878112
10756802,32068590
10796857,32262179
10836909,32435050
10876966,32436920
10917026,32438784
10957086,32440648
10997146,32442513
11028194,32443973
11068250,32445839
11108310,32447703
11148370,32449568
11188430,32451434
11228490,32453298
11268550,32455162
11308610,32457028
11348670,32458893
11388730,32460757
11428790,32462621
11468850,32464487
11508910,32466353
11548970,32468217
11589030,32470081
11629090,32471948
11669150,32473814
11709210,32475678
11749270,32477543
11789330,32479411
11829390,32481279
11869450,32483145
11909510,32485012
11949570,32486881
11989630,32488749
12029690,32490615
12060735,32492074
12100795,32493942
12140855,32495810
12180915,32497678
12220975,32499550
12261036,32501427
12301096,32503307
12341156,32505186
12381216,32507068
12421276,32508951
12461336,32510834
12501400,32621139
12541450,32989645
12581499,33425487
12621545,33857458
12661590,34289067
12701639,34723134
12741681,35157286
12781726,35576015
12821776,35954917
12861816,36469098
12901850,37035256
12941886,37596341
12981924,38170234
13021961,38741572
13052993,39037582
13093041,39261324
13133096,39456352
13173150,39647494
13213206,39839961
13253255,40035405
13293311,40225266
13333363,40425065
13373417,40432383
13413477,40434248
13453537,40436112
13493597,40437977
13533657,40439840
13573717,40441703
13613777,40443565
13653837,40445426
13693897,40447286
13733957,40449147
13774017,40451007
13814077,40452868
13854137,40454730
13894197,40456591
13934257,40458451
13974317,40460312
14014377,40462174
14045421,40463633
14085481,40465493
14125541,40467354
14165601,40469216
14205661,40471077
14245721,40472937
14285781,40474799
14325841,40476661
14365901,40478522
14405961,40480382
14446021,40482244
14486081,40484106
14526141,40485967
14566201,40487827
14606261,40489689
14646319,40491659
14686377,40493625
14726434,40495632
14766491,40497613
14806548,40499634
14846604,40501660
14886661,40503684
14926718,40505706
14966774,40507751
15006839,40626138
15037881,40906974
15077922,41349712
15117970,41778446
15158012,42211291
15198057,42643954
15238100,43079238
15278144,43514611
15318188,43947590
15358225,44445005
15398262,45019127
15438296,45580723
15478329,46144630
15518360,46709806
15558405,47136301
15598458,47338215
15638515,47526416
15678569,47724432
15718626,47913309
15758679,48112337
15798734,48302127
15838786,48465368
15878843,48467235
15918904,48469100
15958963,48470965
15999023,48472829
16039083,48474694
16070128,48476162
16110187,48478027
16150247,48479891
16190307,48481757
16230368,48483624
16270428,48485491
16310488,48487357
16350548,48489225
16390608,48491091
16430667,48492956
16470727,48494820
16510787,48496686
16550848,48498551
16590907,48500415
16630967,48502279
16671027,48504144
16711088,48506009
16751147,48507873
16791207,48509737
16831267,48511603
16871328,48513468
16911387,48515332
16951447,48517196
16991507,48519062
17031568,48520927
17062613,48522388
17102672,48524252
17142732,48526118
17182793,48527983
17222852,48529848
17262912,48531712
17302972,48533577
17343033,48535442
17383092,48537307
17423152,48539171
17463212,48541036
17503280,48615765
17543334,48965792
17583377,49405880
17623425,49835787
17663470,50263900
17703514,50694454
17743559,51130048
17783605,51570133
17823652,51946980
17863692,52441422
17903724,53013647
17943762,53576497
17983793,54126259
18023826,54711915
18054854,55032216
18094904,55319354
18134958,55507127
18175011,55705197
18215066,55893806
18255120,56092321
18295173,56282255
18335230,56476631
18375281,56546045
18415339,56547908
18455400,56549773
18495459,56551638
18535519,56553502
18575579,56555369
18615640,56557236
18655699,56559103
18695760,56560973
18735820,56562849
18775877,56564892
18815934,56566901
18855993,56568874
18896049,56570926
18936107,56572898
18976164,56574945
19016221,56576970
19047267,56578554
19087320,56580555
19127378,56582556
19167435,56584574
19207492,56586566
19247550,56588587
19287608,56590548
19327665,56592555
19367723,56594552
19407781,56596520
19447838,56598550
19487895,56600551
19527953,56602524
19568010,56604532
19608067,56606547
19648125,56608541
19688183,56610505
19728241,56612485
19768300,56614445
19808357,56616429
19848415,56618403
19888474,56620327
19928532,56622298
19968589,56624280
20008655,56713273
20048706,57068119
20079741,57410816
20119789,57846754
20159835,58274920
20199880,58703480
20239925,59137174
20279972,59574026
20320018,60014176
20360058,60487825
20400091,61065800
20440127,61620451
20480168,62171588
20520203,62739507
20560241,63223900
20600291,63480401
20640348,63668145
20680401,63866358
20720457,64055133
20760509,64254072
20800564,64443822
20840619,64640763
20880674,64642632
20920734,64644494
20960794,64646356
21000854,64648221
21040914,64650085
21071960,64651560
21112019,64653423
21152080,64655288
21192139,64657152
21232199,64659014
21272259,64660877
21312320,64662741
21352379,64664603
21392439,64666464
21432499,64668326
21472560,64670190
21512619,64672053
21552679,64673915
21592739,64675778
21632800,64677643
21672859,64679506
21712919,64681368
21752979,64683231
21793040,64685097
21833099,64686960
21873159,64688822
21913220,64690687
21953280,64692554
21993340,64694421
22033400,64696287
22064445,64697754
22104504,64699650
22144562,64701637
22184630,64703940
22224698,64706153
22264768,64708368
22304835,64710494
22344903,64712731
22384971,64714951
22425047,64717371
22465109,64719278
22505182,64758860
22545235,65087094
22585280,65530527
22625329,65959465
22665377,66393107
22705419,66824874
22745467,67254690
22785514,67685877
22825555,68074177
22865597,68535956
22905636,69115637
22945672,69680265
22985708,70237755
23025739,70803516
23056772,71138873
23096817,71398955
23136872,71594743
23176925,71784745
23216981,71978794
23257033,72172199
23297089,72361900
23337142,72561442
23377195,72640096
23417253,72641954
23457313,72643810
23497373,72645667
23537434,72647524
23577493,72649381
23617553,72651237
23657613,72653095
23697674,72654951
23737733,72656808
23777793,72658664
23817853,72660521
23857914,72662377
23897973,72664235
23938033,72666093
23978093,72667952
24018154,72669810
24058213,72671669
24089258,72673124
24129318,72674982
24169379,72676838
24209438,72678696
24249498,72680554
24289558,72682414
24329619,72684272
24369678,72686131
24409739,72687988
24449798,72689846
24489859,72691702
24529918,72693561
24569978,72695420
24610039,72697281
24650099,72699141
24690159,72701002
24730218,72702995
24770279,72705104
24810339,72707195
24850399,72709271
24890459,72711380
24930519,72713527
24970579,72715604
25010646,72768762
25050695,73102532
25081730,73450168
25121777,73882456
25161821,74313540
25201864,74747209
25241911,75179708
25281957,75610869
25322002,76042623
25362046,76489574
25402082,77061011
25442113,77642952
25482141,78206414
25522177,78775551
25562218,79231112
25602263,79527707
25642316,79722149
25682370,79913543
25722427,80105653
25762481,80300975
25802536,80490617
25842589,80690307
25882643,80766845
25922701,80768717
25962761,80770590
26002821,80772460
26042881,80774330
26073927,80775799
26113987,80777669
26154046,80779534
26194106,80781398
26234167,80783263
26274226,80785128
26314286,80786992
26354346,80788857
26394407,80790722
26434466,80792587
26474526,80794451
26514586,80796317
26554647,80798182
26594706,80800047
26634766,80801911
26674826,80803777
26714887,80805642
26754946,80807507
26795006,80809371
26835066,80811236
26875127,80813101
26915186,80814968
26955246,80816834
26995306,80818701
27035367,80820568
27066413,80822020
27106471,80823900
27146531,80825767
27186591,80827634
27226651,80829502
27266711,80831367
27306771,80833232
27346831,80835097
27386892,80836964
27426956,80838883
27467023,80840860
27507099,80865341
27547152,81155494
27587198,81597066
27627244,82024311
27667291,82456931
27707338,82889594
27747383,83324962
27787430,83760706
27827476,84153021
27867517,84590001
27907550,85159249
27947584,85739039
27987618,86315268
28027652,86880988
28067695,87339502
28098733,87552069
28138787,87739881
28178842,87935849
28218897,88126374
28258952,88319665
28299005,88514635
28339061,88704622
28379113,88806588
28419171,88808450
28459231,88810311
28499291,88812171
28539351,88814029
28579411,88815887
28619471,88817746
28659531,88819606
28699591,88821467
28739651,88823327
28779711,88825188
28819771,88827048
28859831,88828906
28899891,88830764
28939951,88832623
28980011,88834483
29020071,88836345
29060131,88838207
29091175,88839661
29131235,88841699
29171295,88843742
29211355,88845607
29251415,88847474
29291475,88849340
29331535,88851206
29371595,88853070
29411655,88854934
29451715,88856795
29491775,88858656
29531835,88860517
29571895,88862379
29611955,88864240
29652015,88866101
29692075,88867962
29732135,88869824
29772195,88871684
29812255,88873544
29852315,88875404
29892375,88877265
29932435,88879125
29972495,88880985
30012565,88909968
30052613,89215262
30083648,89557472
30123692,89993085
30163738,90422542
30203783,90855364
30243827,91289676
30283871,91726312
30323917,92160933
30363963,92594404
30403998,93176991
30444037,93739648
30484067,94320737
30524100,94886585
30564137,95388291
30604185,95700503
30644240,95888206
30684296,96084515
30724347,96274673
30764404,96468518
30804458,96662916
30844515,96852863
30884567,96955504
30924625,96957375
30964685,96959246
31004745,96961116
31044805,96962988
31075853,96964453
31115909,96966326
31155969,96968197
31196029,96970065
31236089,96971932
31276149,96973799
31316209,96975668
31356269,96977537
31396329,96979406
31436389,96981277
31476449,96983149
31516509,96985020
31556569,96986891
31596629,96988762
31636689,96990632
31676749,96992501
31716809,96994370
31756869,96996239
31796929,96998110
31836989,96999981
31877049,97001852
31917109,97003723
31957169,97005595
31997229,97007464
32037289,97009333
32077349,97011202
32108394,97012663
32148454,97014534
32188514,97016405
32228574,97018276
32268634,97020148
32308694,97022019
32348754,97023888
32388814,97025756
32428874,97027626
32468934,97029498
32509002,97047432
32549058,97280104
32589104,97731025
32629152,98165123
32669198,98595284
32709245,99023760
32749290,99453331
32789341,99889213
32829382,100305463
32869426,100717002
32909462,101300332
32949494,101879663
32989529,102445777
33029558,103029915
33069594,103526937
33100631,103782886
33140682,103971292
33180736,104166613
33220789,104357598
33260844,104550274
33300898,104745803
33340952,104935726
33381004,105071749
33421062,105073610
33461122,105075468
33501182,105077327
33541242,105079185
33581302,105081044
33621362,105082904
33661422,105084765
33701482,105086625
33741542,105088487
33781602,105090345
33821662,105092204
33861722,105094062
33901782,105095924
33941842,105097784
33981902,105099644
34021962,105101504
34062022,105103364
34093067,105104829
34133127,105106689
34173187,105108548
34213247,105110410
34253307,105112269
34293367,105114132
34333427,105115994
34373487,105117860
34413547,105119724
34453607,105121588
34493667,105123450
34533727,105125314
34573787,105127174
34613847,105129034
34653907,105130892
34693967,105132754
34734027,105134617
34774087,105136479
34814147,105138341
34854207,105140205
34894267,105142065
34934327,105143925
34974387,105145785
35014455,105166659
35054507,105422951
35085546,105776054
35125587,106206039
35165634,106639633
35205677,107068839
35245722,107498612
35285767,107930586
35325812,108369261
35365863,108759358
35405894,109343403
35445927,109908078
35485964,110471719
35526000,111026943
35566034,111578752
35606082,111914691
35646136,112105229
35686190,112298481
35726242,112491732
35766298,112681739
35806350,112880157
35846403,113070209
35886455,113168890
35926514,113171067
35966574,113173239
36006625,113175684
36046678,113178069
36086732,113180508
36117773,113182397
36157817,113184944
36197869,113187392
36237909,113190314
36277952,113192781
36318012,113194641
36358072,113196499
36398133,113198361
36438192,113200221
36478252,113202119
36518295,113204733
36558335,113207267
36598391,113209258
36638452,113211130
36678517,113213052
36718584,113215065
36758651,113217068
36798718,113219072
36838785,113221046
36878853,113223047
36918919,113225055
36958986,113227064
36999054,113229064
37039120,113231052
37079187,113233059
37110237,113234700
37150304,113236711
37190372,113238702
37230439,113240680
37270505,113242667
37310572,113244632
37350639,113246595
37390706,113248576
37430772,113250581
37470839,113252577
37510913,113264526
37550980,113454128
37591025,113899947
37631067,114332612
37671115,114763225
37711160,115197117
37751204,115630195
37791252,116061143
37831297,116492827
37871343,116883074
37911377,117467845
37951411,118043516
37991444,118613121
38031480,119174070
38071516,119698690
38102550,119980474
38142606,120178091
38182663,120366069
38222717,120564178
38262774,120753054
38302831,120949128
38342884,121141853
38382937,121296644
38422995,121298505
38463055,121300365
38503115,121302225
38543175,121304084
38583235,121305942
38623295,121307800
38663355,121309659
38703415,121311519
38743475,121313379
38783535,121315239
38823595,121317100
38863655,121318959
38903715,121320817
38943775,121322675
38983835,121324533
39023895,121326391
39063955,121328249
39095003,121329701
39135060,121331576
39175120,121333433
39215180,121335289
39255241,121337145
39295300,121339001
39335361,121340858
39375420,121342714
39415481,121344570
39455540,121346426
39495600,121348283
39535661,121350139
39575721,121351995
39615780,121353851
39655840,121355710
39695900,121357568
39735961,121359426
39776021,121361284
39816080,121363145
39856140,121365003
39896201,121366861
39936260,121368719
39976320,121370579
40016389,121385138
40056443,121590981
40096490,122036866
40127527,122373779
40167573,122806060
40207618,123237824
40247667,123672744
40287707,124106691
40327753,124529526
40367797,124912504
40407835,125473789
40447876,126030210
40487916,126581945
40527950,127175274
40567983,127713569
40608032,128028661
40648087,128216153
40688142,128414060
40728197,128602405
40768254,128799434
40808308,128990504
40848364,129183412
40888414,129321846
40928472,129323711
40968532,129325575
41008593,129327443
41048652,129329311
41088712,129331179
41119758,129332651
41159818,129334515
41199878,129336379
41239938,129338245
41279998,129340107
41320058,129341969
41360118,129343831
41400178,129345695
41440238,129347559
41480298,129349423
41520358,129351287
41560418,129353152
41600478,129355014
41640538,129356876
41680598,129358738
41720658,129360602
41760718,129362466
41800777,129364408
41840834,129366399
41880891,129368391
41920949,129370371
41961006,129372393
42001063,129374398
42041121,129376388
42081179,129378366
42112222,129379902
42152279,129381898
42192337,129383882
42232395,129385842
42272453,129387842
42312510,129389837
42352569,129391802
42392637,129393847
42432705,129395990
42472772,129398511
42512849,129404667
42552908,129573851
42592956,129990862
42633002,130425896
42673048,130853624
42713095,131285187
42753141,131718836
42793188,132155227
42833234,132591775
42873278,133012469
42913313,133581138
42953346,134142924
42993389,134695362
43033429,135257174
43073463,135827161
43104498,136117054
43144551,136307910
43184606,136500878
43224658,136694153
43264715,136883952
43304767,137082358
43344820,137272318
43384873,137405266
43424931,137407148
43464991,137409025
43505051,137410904
43545111,137412778
43585171,137414648
43625231,137416516
43665291,137418386
43705351,137420254
43745411,137422122
43785471,137423987
43825531,137425849
43865591,137427709
43905651,137429569
43945711,137431431
43985771,137433293
44025831,137435155
44065891,137437019
44105951,137438881
44136995,137440333
44177055,137442195
44217115,137444057
44257175,137445917
44297235,137447777
44337295,137449637
44377355,137451497
44417415,137453357
44457475,137455217
44497535,137457077
44537595,137458937
44577655,137460797
44617715,137462657
44657775,137464517
44697835,137466377
44737895,137468239
44777955,137470101
44818015,137471963
44858075,137473825
44898135,137475686
44938195,137477546
44978255,137479406
45018323,137487827
45058378,137669472
45098423,138097253
45129462,138433215
45169507,138861544
45209551,139289979
45249597,139721791
45289644,140156791
45329687,140571173
45369731,140945663
45409772,141475337
45449811,142049682
45489847,142611171
45529886,143172875
45569917,143697391
45609964,144043083
45650018,144234735
45690072,144426529
45730125,144620819
45770182,144809651
45810233,145008769
45850287,145198562
45890337,145365520
45930395,145367379
45970455,145369239
46010515,145371100
46050575,145372960
46090635,145374820
46121680,145376287
46161741,145378148
46201800,145380008
46241861,145381868
46281920,145383728
46321980,145385590
46362041,145387453
46402101,145389316
46442161,145391179
46482221,145393045
46522281,145394909
46562341,145396773
46602401,145398637
46642461,145400504
46682521,145402367
46722581,145404229
46762641,145406091
46802701,145407956
46842761,145409823
46882821,145411691
46922881,145413561
46962941,145415434
47003001,145417305
47043061,145419174
47083121,145421044
47114167,145422491
47154226,145424365
47194287,145426233
47234347,145428101
47274407,145429970
47314467,145431835
47354526,145433697
47394586,145435559
47434645,145437458
47474701,145439515
47514759,145441505
47554829,145578616
47594873,145974165
47634920,146413284
47674966,146846577
47715012,147275874
47755056,147705470
47795101,148136541
47835147,148572964
47875194,149015601
47915226,149562969
47955267,150113674
47995303,150684828
48035335,151259943
48075364,151820954
48115408,152200357
48146453,152342347
48186504,152540211
48226559,152728550
48266612,152927221
48306664,153116545
48346716,153315472
48386767,153489704
48426824,153491712
48466884,153493758
48506944,153495796
48547004,153497965
48587064,153500112
48627124,153502291
48667184,153504444
48707244,153506588
48747304,153508768
48787364,153510874
48827424,153513030
48867483,153515210
48907544,153517365
48947604,153519507
48987664,153521687
49027723,153523834
49067783,153525987
49107844,153528167
49138887,153529728
49178947,153531765
49219007,153533862
49259068,153535996
49299127,153538050
49339188,153540069
49379248,153542175
49419308,153544281
49459368,153546352
49499428,153548441
49539488,153550551
49579548,153552582
49619608,153554728
49659668,153556811
49699728,153558896
49739788,153561013
49779848,153563119
49819908,153565207
49859968,153567355
49900028,153569447
49940088,153571466
49980148,153573604
50020205,153575926
50060268,153728240
50100314,154127155
50131354,154473120
50171395,154902581
50211439,155336236
50251484,155767796
50291529,156197822
50331573,156618331
50371618,157001487
50411659,157500016
50451695,158059943
50491731,158634192
50531763,159203742
50571802,159773669
50611843,160169189
50651896,160385117
50691952,160572935
50732007,160770504
50772060,160959771
50812115,161154765
50852167,161348429
50892220,161536463
50932276,161538335
50972335,161540200
51012395,161542064
51052455,161543928
51092515,161545793
51123564,161547254
51163620,161549123
51203680,161550989
51243740,161552855
51283799,161554721
51323860,161556585
51363919,161558449
51403979,161560315
51444040,161562182
51484100,161564048
51524160,161565914
51564220,161567782
51604279,161569648
51644340,161571512
51684399,161573376
51724459,161575241
51764519,161577106
51804580,161578970
51844639,161580834
51884700,161582699
51924759,161584564
51964820,161586428
52004879,161588292
52044939,161590157
52084999,161592022
52125060,161593886
52156105,161595343
52196165,161597208
52236225,161599072
52276285,161600937
52316345,161602801
52356405,161604667
52396465,161606533
52436525,161608400
52476585,161610266
52516645,161612134
52556712,161722129
52596762,162091008
52636809,162527024
52676856,162959590
52716900,163391787
52756948,163825875
52796993,164260311
52837040,164691965
52877085,165125012
52917128,165631900
52957164,166206691
52997206,166766852
53037246,167327418
53077282,167886912
53117327,168240040
53148366,168391993
53188421,168579863
53228476,168778021
53268529,168966814
53308584,169164646
53348638,169355359
53388690,169547321
53428746,169549191
53468806,169551058
53508866,169552924
53548926,169554788
53588985,169556652
53629045,169558515
53669105,169560379
53709166,169562243
53749226,169564107
53789286,169565972
53829346,169567838
53869406,169569702
53909466,169571566
53949526,169573430
53989585,169575294
54029646,169577156
54069705,169579018
54109765,169580881
54140810,169582333
54180870,169584198
54220930,169586062
54260990,169587927
54301050,169589790
54341110,169591653
54381169,169593515
54421229,169595378
54461290,169597243
54501350,169599110
54541410,169600976
54581470,169602842
54621530,169604708
54661590,169606573
54701650,169608437
54741710,169610301
54781769,169612163
54821830,169614026
54861890,169615888
54901949,169617750
54942009,169619611
54982070,169621473
55022129,169623334
55062194,169741618
55102242,170128096
55133279,170465008
55173326,170893193
55213370,171326039
55253416,171759690
55293463,172195518
55333506,172584783
55373553,172958286
55413594,173440782
55453635,174021609
55493673,174580931
55533714,175141026
55573747,175704666
55613793,176074796
55653845,176267772
55693902,176458095
55733954,176653876
55774010,176842772
55814062,177041769
55854117,177231611
55894170,177396959
55934228,177398844
55974288,177400728
56014348,177402608
56054408,177404489
56094468,177406369
56134528,177408250
56165573,177409718
56205633,177411598
56245693,177413482
56285753,177415370
56325813,177417257
56365873,177419137
56405933,177421017
56445993,177422900
56486053,177424782
56526113,177426658
56566173,177428536
56606233,177430416
56646293,177432290
56686353,177434158
56726413,177436027
56766473,177437892
56806532,177439754
56846593,177441614
56886653,177443475
56926712,177445335
56966772,177447196
57006832,177449056
57046893,177450917
57086952,177452777
57127012,177454637
57158058,177456091
57198118,177457952
57238177,177459812
57278235,177461807
57318291,177463831
57358347,177465874
57398404,177467900
57438462,177469919
57478529,177472328
57518599,177474571
57558669,177548872
57598719,177899011
57638765,178340548
57678812,178768616
57718860,179196838
57758905,179629924
57798951,180064424
57838998,180502351
57879043,180938003
57919092,181371498
57959130,181916205
57999168,182492105
58039204,183055350
58079239,183624534
58119280,184043645
58150320,184212873
58190375,184400323
58230431,184598228
58270486,184786514
58310538,184985079
58350592,185174334
58390647,185370407
58430700,185543497
58470757,185545359
58510817,185547215
58550877,185549072
58590937,185550928
58630997,185552785
58671057,185554641
58711117,185556498
58751177,185558354
58791237,185560211
58831297,185562067
58871357,185563925
58911417,185565783
58951477,185567642
58991537,185569500
59031597,185571359
59071657,185573217
59111717,185575075
59142765,185576522
59182822,185578400
59222882,185580257
59262943,185582114
59303002,185583970
59343063,185585828
59383122,185587687
59423183,185589546
59463242,185591405
59503303,185593267
59543363,185595126
59583423,185596985
59623483,185598844
59663543,185600705
59703603,185602564
59743663,185604423
59783723,185606281
59823782,185608141
59863842,185610000
59903903,185611859
59943962,185613717
59984022,185615576
60024082,185617434
60064147,185706131
60104196,186060905
60144240,186501202
60184285,186935081
60224327,187366689
60264374,187796294
60304420,188205637
60344466,188588054
60384513,188967794
60424558,189463475
60464596,190023408
60504636,190575555
60544672,191142740
60584707,191717521
60624749,192114746
60664802,192312332
60704859,192500200
60744914,192698373
60784968,192887247
60825023,193083758
60865077,193276025
60905128,193431424
60945186,193433291
60985246,193435157
61025306,193437023
61065366,193438889
61105426,193440755
61145486,193442619
61185546,193444483
61225606,193446347
61265666,193448212
61305726,193450076
61345786,193451940
61385846,193453804
61425906,193455669
61465966,193457533
61506026,193459397
61546086,193461262
61586146,193463127
61626206,193464991
61666266,193466855
61706326,193468720
61746386,193470587
61786446,193472453
61826506,193474319
61866566,193476186
61906626,193478053
61946686,193479919
61986746,193481786
62026806,193483659
62066867,193485534
62106927,193487413
62146988,193489296
62187048,193491187
62227108,193493078
62267168,193494970
62307228,193496865
62347288,193498765
62387348,193500667
62427408,193502570
62467467,193504469
62507527,193506365
62538574,193507892
TS,10
32011,104
72067,104
112126,104
152182,104
192239,104
232298,104
272355,104
312412,104
352470,104
392528,104
432587,104
472644,104
512701,104
552759,104
592817,104
632874,104
672932,104
712990,104
753047,104
793104,104
833161,104
873218,104
913276,104
953334,104
993393,104
1024434,104
1064492,104
1104548,104
1144606,104
1184663,104
1224721,104
1264779,104
1304836,104
1344894,104
1384953,104
1425011,104
1465069,104
1505127,104
1545184,104
1585242,104
1625299,104
1665357,104
1705414,104
1745471,104
1785530,104
1825587,104
1865644,104
1905701,104
1945758,104
1985817,104
2016861,104
2056919,104
2096977,104
2137034,104
2177091,104
2217149,104
2257206,104
2297264,104
2337320,104
2377378,104
2417436,104
2457501,112
2497558,134
2537609,141
2577656,141
2617702,141
2657749,141
2697796,141
2737842,141
2777886,141
2817934,141
2857964,149
2898005,149
2938042,149
2978079,149
3009097,149
3049141,152
3089195,152
3129251,152
3169307,152
3209363,152
3249418,152
3289475,152
3329527,152
3369584,152
3409643,152
3449704,152
3489763,152
3529824,152
3569884,152
3609944,152
3650004,152
3690064,152
3730123,152
3770184,152
3810243,152
3850304,152
3890363,152
3930424,152
3970483,152
4010544,152
4041589,152
4081649,152
4121709,152
4161769,152
4201829,152
4241889,152
4281949,152
4322009,152
4362069,152
4402129,152
4442189,152
4482249,152
4522309,152
4562369,152
4602429,152
4642489,152
4682549,152
4722609,152
4762669,152
4802729,152
4842789,152
4882849,152
4922909,152
4962977,152
5003034,152
5034070,152
5074115,152
5114159,152
5154204,152
5194250,152
5234294,152
5274340,152
5314386,152
5354420,152
5394452,152
5434483,152
5474518,152
5514561,152
5554605,152
5594659,152
5634717,152
5674772,152
5714828,152
5754884,152
5794938,152
5834991,152
5875049,152
5915109,152
5955169,152
5995229,152
6026275,152
6066335,152
6106395,152
6146455,152
6186515,152
6226575,152
6266635,152
6306695,152
6346755,152
6386815,152
6426875,152
6466936,152
6506995,152
6547055,152
6587115,152
6627175,152
6667234,152
6707295,152
6747355,152
6787415,152
6827475,152
6867535,152
6907595,152
6947655,152
6987715,152
7018761,152
7058820,152
7098880,152
7138940,152
7179000,152
7219060,152
7259112,152
7299166,152
7339219,152
7379282,152
7419345,152
7459411,152
7499484,152
7539528,152
7579577,152
7619624,152
7659669,152
7699715,152
7739761,152
7779804,152
7819848,152
7859886,152
7899925,152
7939967,152
7980001,152
8020036,152
8051072,152
8091124,152
8131179,152
8171232,152
8211288,152
8251342,152
8291396,152
8331448,152
8371506,152
8411566,152
8451626,152
8491685,152
8531746,152
8571805,152
8611866,152
8651925,152
8691986,152
8732045,152
8772106,152
8812166,152
8852226,152
8892285,152
8932346,152
8972406,152
9012466,152
9043511,152
9083571,152
9123631,152
9163691,152
9203751,152
9243811,152
9283871,152
9323931,152
9363991,152
9404051,152
9444111,152
9484171,152
9524231,152
9564291,152
9604351,152
9644411,152
9684471,152
9724531,152
9764591,152
9804651,152
9844711,152
9884771,152
9924831,152
9964894,152
10004955,152
10035992,152
10076040,152
10116084,152
10156129,152
10196174,152
10236218,152
10276264,152
10316311,152
10356348,152
10396385,152
10436415,152
10476453,152
10516490,152
10556532,152
10596585,152
10636639,152
10676693,152
10716749,152
10756802,152
10796857,152
10836909,152
10876966,152
10917026,152
10957086,152
10997146,152
11028194,152
11068250,152
11108310,152
11148370,152
11188430,152
11228490,152
11268550,152
11308610,152
11348670,152
11388730,152
11428790,152
11468850,152
11508910,152
11548970,152
11589030,152
11629090,152
11669150,152
11709210,152
11749270,152
11789330,152
11829390,152
11869450,152
11909510,152
11949570,152
11989630,152
12029690,152
12060735,152
12100795,152
12140855,152
12180915,152
12220975,152
12261036,152
12301096,152
12341156,152
12381216,152
12421276,152
12461336,152
12501401,152
12541451,152
12581500,152
12621545,152
12661591,152
12701639,152
12741682,152
12781727,152
12821777,152
12861816,152
12901850,152
12941886,152
12981925,152
13021962,152
13052994,152
13093041,152
13133097,152
13173151,152
13213207,152
13253256,152
13293312,152
13333364,152
13373417,152
13413477,152
13453537,152
13493597,152
13533657,152
13573717,152
13613777,152
13653837,152
13693897,152
13733957,152
13774017,152
13814077,152
13854137,152
13894197,152
13934257,152
13974317,152
14014377,152
14045421,152
14085481,152
14125541,152
14165601,152
14205661,152
14245721,152
14285781,152
14325841,152
14365901,152
14405961,152
14446021,152
14486081,152
14526141,152
14566201,152
14606261,152
14646319,152
14686377,152
14726434,152
14766492,152
14806548,152
14846605,152
14886662,152
14926718,152
14966774,152
15006839,152
15037881,152
15077923,152
15117971,152
15158013,152
15198058,152
15238101,152
15278145,152
15318189,152
15358225,152
15398263,152
15438297,152
15478330,152
15518361,152
15558406,152
15598459,152
15638515,152
15678570,152
15718626,152
15758680,152
15798735,152
15838786,152
15878843,152
15918904,152
15958964,152
15999024,152
16039083,152
16070128,152
16110187,152
16150248,152
16190307,152
16230368,152
16270428,152
16310488,152
16350548,152
16390608,152
16430667,152
16470728,152
16510787,152
16550848,152
16590907,152
16630968,152
16671027,152
16711088,152
16751148,152
16791208,152
16831267,152
16871328,152
16911388,152
16951448,152
16991508,152
17031568,152
17062613,152
17102673,152
17142732,152
17182793,152
17222853,152
17262913,152
17302972,152
17343033,152
17383092,152
17423153,152
17463212,152
17503280,152
17543335,152
17583378,152
17623426,152
17663471,152
17703515,152
17743559,152
17783606,152
17823653,152
17863693,152
17903725,152
17943763,152
17983793,152
18023827,152
18054855,152
18094905,152
18134959,152
18175011,152
18215067,152
18255121,152
18295174,152
18335231,152
18375281,152
18415339,152
18455400,152
18495459,152
18535520,152
18575579,152
18615640,152
18655700,152
18695760,152
18735820,152
18775877,152
18815934,152
18855993,152
18896049,152
18936108,152
18976165,152
19016221,152
19047267,152
19087320,152
19127378,152
19167435,152
19207493,152
19247550,152
19287608,152
19327665,152
19367723,152
19407782,152
19447838,152
19487895,152
19527953,152
19568011,152
19608067,152
19648125,152
19688183,152
19728241,152
19768300,152
19808357,152
19848415,152
19888474,152
19928532,152
19968590,152
20008656,152
20048707,152
20079742,152
20119789,152
20159835,152
20199881,152
20239928,152
20279973,152
20320019,152
20360059,152
20400091,152
20440128,152
20480169,152
20520204,152
20560242,152
20600292,152
20640348,152
20680402,152
20720457,152
20760510,152
20800565,152
20840620,152
20880674,152
20920734,152
20960794,152
21000854,152
21040914,152
21071960,152
21112020,152
21152080,152
21192139,152
21232200,152
21272259,152
21312320,152
21352380,152
21392440,152
21432499,152
21472560,152
21512620,152
21552680,152
21592739,152
21632800,152
21672859,152
21712920,152
21752980,152
21793040,152
21833099,152
21873160,152
21913220,152
21953280,152
21993340,152
22033400,152
22064445,152
22104504,152
22144562,152
22184630,152
22224698,152
22264768,152
22304835,152
22344903,152
22384971,152
22425047,152
22465110,152
22505183,152
22545235,152
22585281,152
22625330,152
22665378,152
22705420,152
22745468,152
22785514,152
22825556,152
22865598,152
22905637,152
22945673,152
22985708,152
23025740,152
23056772,152
23096818,152
23136873,152
23176925,152
23216982,152
23257034,152
23297090,152
23337142,152
23377196,152
23417253,152
23457314,152
23497374,152
23537434,152
23577493,152
23617554,152
23657614,152
23697674,152
23737733,152
23777794,152
23817854,152
23857914,152
23897973,152
23938034,152
23978093,152
24018154,152
24058214,152
24089259,152
24129319,152
24169379,152
24209438,152
24249499,152
24289559,152
24329619,152
24369679,152
24409739,152
24449799,152
24489859,152
24529918,152
24569979,152
24610039,152
24650099,152
24690159,152
24730219,152
24770279,152
24810339,152
24850399,152
24890459,152
24930519,152
24970579,152
25010647,152
25050696,152
25081730,152
25121777,152
25161822,152
25201865,152
25241912,152
25281958,152
25322003,152
25362047,152
25402083,152
25442114,152
25482142,152
25522178,152
25562218,152
25602264,152
25642317,152
25682371,152
25722428,152
25762482,152
25802536,152
25842589,152
25882643,152
25922702,152
25962761,152
26002821,152
26042881,152
26073927,152
26113987,152
26154047,152
26194106,152
26234167,152
26274227,152
26314287,152
26354346,152
26394407,152
26434467,152
26474527,152
26514586,152
26554647,152
26594706,152
26634767,152
26674826,152
26714887,152
26754947,152
26795007,152
26835067,152
26875127,152
26915186,152
26955247,152
26995306,152
27035367,152
27066413,152
27106472,152
27146532,152
27186592,152
27226651,152
27266712,152
27306771,152
27346832,152
27386892,152
27426956,152
27467023,152
27507100,152
27547153,152
27587199,152
27627244,152
27667292,152
27707339,152
27747384,152
27787430,152
27827476,152
27867517,152
27907551,152
27947585,152
27987619,152
28027652,152
28067696,152
28098734,152
28138788,152
28178843,152
28218898,152
28258953,152
28299005,152
28339061,152
28379113,152
28419171,152
28459231,152
28499291,152
28539351,152
28579411,152
28619471,152
28659531,152
28699591,152
28739651,152
28779711,152
28819771,152
28859831,152
28899891,152
28939951,152
28980011,152
29020071,152
29060131,152
29091175,152
29131235,152
29171295,152
29211355,152
29251415,152
29291475,152
29331535,152
29371595,152
29411655,152
29451715,152
29491775,152
29531835,152
29571895,152
29611955,152
29652015,152
29692075,152
29732135,152
29772195,152
29812255,152
29852315,152
29892375,152
29932435,152
29972495,152
30012566,152
30052614,152
30083649,152
30123692,152
30163739,152
30203784,152
30243828,152
30283871,152
30323918,152
30363964,152
30403998,152
30444038,152
30484068,152
30524100,152
30564138,152
30604186,152
30644241,152
30684297,152
30724348,152
30764405,152
30804459,152
30844516,152
30884567,152
30924625,152
30964685,152
31004746,152
31044805,152
31075854,152
31115909,152
31155969,152
31196029,152
31236089,152
31276149,152
31316209,152
31356269,152
31396329,152
31436389,152
31476449,152
31516509,152
31556569,152
31596629,152
31636689,152
31676749,152
31716809,152
31756869,152
31796929,152
31836989,152
31877049,152
31917109,152
31957169,152
31997229,152
32037289,152
32077349,152
32108394,152
32148454,152
32188514,152
32228574,152
32268634,152
32308694,152
32348754,152
32388814,152
32428874,152
32468934,152
32509003,152
32549059,152
32589104,152
32629153,152
32669198,152
32709246,152
32749291,152
32789342,152
32829383,152
32869427,152
32909463,152
32949494,152
32989529,152
33029559,152
33069595,152
33100631,152
33140683,152
33180737,152
33220789,152
33260845,152
33300898,152
33340953,152
33381004,152
33421062,152
33461122,152
33501182,152
33541242,152
33581302,152
33621362,152
33661422,152
33701482,152
33741542,152
33781602,152
33821662,152
33861722,152
33901782,152
33941842,152
33981902,152
34021962,152
34062022,152
34093067,152
34133127,152
34173187,152
34213247,152
34253307,152
34293367,152
34333427,152
34373487,152
34413547,152
34453607,152
34493667,152
34533727,152
34573787,152
34613847,152
34653907,152
34693967,152
34734027,152
34774087,152
34814147,152
34854207,152
34894267,152
34934327,152
34974387,152
35014456,152
35054507,152
35085547,152
35125588,152
35165635,152
35205678,152
35245723,152
35285768,152
35325813,152
35365863,152
35405895,152
35445927,152
35485965,152
35526000,152
35566035,152
35606083,152
35646136,152
35686191,152
35726243,152
35766299,152
35806350,152
35846404,152
35886456,152
35926514,152
35966574,152
36006625,152
36046678,152
36086732,152
36117773,152
36157817,152
36197869,152
36237909,152
36277953,152
36318013,152
36358073,152
36398133,152
36438193,152
36478253,152
36518295,152
36558335,152
36598391,152
36638452,152
36678517,152
36718585,152
36758651,152
36798719,152
36838786,152
36878854,152
36918919,152
36958986,152
36999054,152
37039120,152
37079187,152
37110237,152
37150304,152
37190372,152
37230439,152
37270506,152
37310572,152
37350639,152
37390706,152
37430772,152
37470839,152
37510914,152
37550981,152
37591026,152
37631068,152
37671116,152
37711161,152
37751205,152
37791252,152
37831297,152
37871344,152
37911377,152
37951412,152
37991445,152
38031481,152
38071517,152
38102551,152
38142607,152
38182664,152
38222718,152
38262775,152
38302832,152
38342885,152
38382937,152
38422995,152
38463055,152
38503115,152
38543175,152
38583235,152
38623295,152
38663355,152
38703415,152
38743475,152
38783535,152
38823595,152
38863655,152
38903715,152
38943775,152
38983835,152
39023895,152
39063955,152
39095003,152
39135061,152
39175121,152
39215181,152
39255241,152
39295301,152
39335361,152
39375420,152
39415481,152
39455541,152
39495601,152
39535661,152
39575721,152
39615781,152
39655841,152
39695901,152
39735961,152
39776021,152
39816081,152
39856141,152
39896201,152
39936261,152
39976321,152
40016389,152
40056444,152
40096491,152
40127528,152
40167574,152
40207618,152
40247667,152
40287708,152
40327753,152
40367798,152
40407836,152
40447877,152
40487917,152
40527951,152
40567983,152
40608033,152
40648088,152
40688143,152
40728198,152
40768256,152
40808309,152
40848364,152
40888415,152
40928473,152
40968532,152
41008593,152
41048652,152
41088713,152
41119758,152
41159818,152
41199878,152
41239938,152
41279998,152
41320058,152
41360118,152
41400178,152
41440238,152
41480298,152
41520358,152
41560418,152
41600478,152
41640538,152
41680598,152
41720658,152
41760718,152
41800777,152
41840834,152
41880892,152
41920949,152
41961006,152
42001063,152
42041121,152
42081179,152
42112222,152
42152279,152
42192337,152
42232395,152
42272453,152
42312510,152
42352570,152
42392637,152
42432705,152
42472772,152
42512850,152
42552908,152
42592957,152
42633002,152
42673049,152
42713096,152
42753142,152
42793188,152
42833235,152
42873279,152
42913313,152
42953347,152
42993390,152
43033430,152
43073463,152
43104498,152
43144552,152
43184607,152
43224658,152
43264716,152
43304768,152
43344820,152
43384873,152
43424931,152
43464991,152
43505051,152
43545111,152
43585171,152
43625231,152
43665291,152
43705351,152
43745411,152
43785471,152
43825531,152
43865591,152
43905651,152
43945711,152
43985771,152
44025831,152
44065891,152
44105951,152
44136995,152
44177055,152
44217115,152
44257175,152
44297235,152
44337295,152
44377355,152
44417415,152
44457475,152
44497535,152
44537595,152
44577655,152
44617715,152
44657775,152
44697835,152
44737895,152
44777955,152
44818015,152
44858075,152
44898135,152
44938195,152
44978255,152
45018323,152
45058379,152
45098424,152
45129463,152
45169508,152
45209552,152
45249598,152
45289645,152
45329688,152
45369732,152
45409772,152
45449812,152
45489848,152
45529886,152
45569917,152
45609965,152
45650019,152
45690073,152
45730126,152
45770183,152
45810234,152
45850288,152
45890338,152
45930395,152
45970455,152
46010515,152
46050575,152
46090635,152
46121680,152
46161741,152
46201800,152
46241861,152
46281921,152
46321981,152
46362041,152
46402101,152
46442161,152
46482221,152
46522281,152
46562341,152
46602401,152
46642461,152
46682521,152
46722581,152
46762641,152
46802701,152
46842761,152
46882821,152
46922881,152
46962941,152
47003001,152
47043061,152
47083121,152
47114168,152
47154226,152
47194287,152
47234347,152
47274407,152
47314467,152
47354526,152
47394586,152
47434646,152
47474701,152
47514759,152
47554830,152
47594874,152
47634921,152
47674967,152
47715012,152
47755057,152
47795102,152
47835148,152
47875195,152
47915226,152
47955268,152
47995304,152
48035335,152
48075365,152
48115409,152
48146454,152
48186505,152
48226560,152
48266613,152
48306664,152
48346717,152
48386768,152
48426824,152
48466884,152
48506944,152
48547004,152
48587064,152
48627124,152
48667184,152
48707244,152
48747304,152
48787364,152
48827424,152
48867484,152
48907544,152
48947604,152
48987664,152
49027724,152
49067783,152
49107844,152
49138887,152
49178948,152
49219007,152
49259068,152
49299128,152
49339188,152
49379248,152
49419308,152
49459368,152
49499428,152
49539488,152
49579548,152
49619608,152
49659668,152
49699728,152
49739788,152
49779848,152
49819908,152
49859968,152
49900028,152
49940088,152
49980148,152
50020205,152
50060268,152
50100315,152
50131355,152
50171396,152
50211440,152
50251484,152
50291530,152
50331574,152
50371619,152
50411660,152
50451695,152
50491732,152
50531764,152
50571802,152
50611843,152
50651897,152
50691952,152
50732007,152
50772060,152
50812116,152
50852167,152
50892221,152
50932276,152
50972335,152
51012396,152
51052455,152
51092516,152
51123564,152
51163620,152
51203680,152
51243740,152
51283799,152
51323860,152
51363919,152
51403980,152
51444040,152
51484100,152
51524160,152
51564220,152
51604279,152
51644340,152
51684399,152
51724460,152
51764519,152
51804580,152
51844639,152
51884700,152
51924759,152
51964820,152
52004879,152
52044940,152
52085000,152
52125060,152
52156105,152
52196165,152
52236225,152
52276285,152
52316345,152
52356405,152
52396465,152
52436525,152
52476585,152
52516645,152
52556713,152
52596763,152
52636810,152
52676856,152
52716900,152
52756948,152
52796994,152
52837041,152
52877086,152
52917128,152
52957165,152
52997207,152
53037247,152
53077283,152
53117328,152
53148367,152
53188422,152
53228476,152
53268530,152
53308585,152
53348638,152
53388691,152
53428746,152
53468806,152
53508866,152
53548926,152
53588986,152
53629046,152
53669106,152
53709166,152
53749226,152
53789286,152
53829346,152
53869406,152
53909466,152
53949526,152
53989586,152
54029646,152
54069706,152
54109766,152
54140810,152
54180870,152
54220930,152
54260990,152
54301050,152
54341110,152
54381170,152
54421230,152
54461290,152
54501350,152
54541410,152
54581470,152
54621530,152
54661590,152
54701650,152
54741710,152
54781770,152
54821830,152
54861890,152
54901950,152
54942010,152
54982070,152
55022130,152
55062195,152
55102243,152
55133280,152
55173327,152
55213370,152
55253417,152
55293464,152
55333507,152
55373553,152
55413594,152
55453635,152
55493673,152
55533715,152
55573748,152
55613793,152
55653846,152
55693902,152
55733954,152
55774010,152
55814063,152
55854118,152
55894170,152
55934228,152
55974288,152
56014348,152
56054408,152
56094468,152
56134528,152
56165573,152
56205633,152
56245693,152
56285753,152
56325813,152
56365873,152
56405933,152
56445993,152
56486053,152
56526113,152
56566173,152
56606233,152
56646293,152
56686353,152
56726413,152
56766473,152
56806533,152
56846593,152
56886653,152
56926712,152
56966773,152
57006832,152
57046893,152
57086952,152
57127013,152
57158058,152
57198118,152
57238178,152
57278235,152
57318291,152
57358348,152
57398404,152
57438462,152
57478529,152
57518599,152
57558669,152
57598720,152
57638766,152
57678813,152
57718860,152
57758905,152
57798952,152
57838999,152
57879044,152
57919093,152
57959131,152
57999169,152
58039205,152
58079240,152
58119281,152
58150321,152
58190376,152
58230431,152
58270487,152
58310538,152
58350593,152
58390648,152
58430700,152
58470757,152
58510817,152
58550877,152
58590937,152
58630997,152
58671057,152
58711117,152
58751177,152
58791237,152
58831297,152
58871357,152
58911417,152
58951477,152
58991537,152
59031597,152
59071657,152
59111717,152
59142765,152
59182823,152
59222882,152
59262943,152
59303002,152
59343063,152
59383123,152
59423183,152
59463243,152
59503303,152
59543363,152
59583423,152
59623483,152
59663543,152
59703603,152
59743663,152
59783723,152
59823783,152
59863842,152
59903903,152
59943962,152
59984023,152
60024082,152
60064148,152
60104197,152
60144241,152
60184285,158
60224328,158
60264375,158
60304420,158
60344466,158
60384514,158
60424559,158
60464597,158
60504636,158
60544672,158
60584708,158
60624750,158
60664803,158
60704859,158
60744915,158
60784968,158
60825024,158
60865077,158
60905128,158
60945186,158
60985246,158
61025306,158
61065366,158
61105426,158
61145486,158
61185546,158
61225606,158
61265666,158
61305726,158
61345786,158
61385846,158
61425906,158
61465966,158
61506026,158
61546086,158
61586146,158
61626206,158
61666266,158
61706326,158
61746386,158
61786446,158
61826506,158
61866566,158
61906626,158
61946686,158
61986746,158
62026806,158
62066867,158
62106927,158
62146988,158
62187048,158
62227108,158
62267168,158
62307228,158
62347288,158
62387348,158
62427408,158
62467467,158
62507527,158
62538574,166
TS,11
32011,0
72067,0
112126,0
152182,0
192239,0
232298,0
272355,0
312412,0
352470,0
392528,0
432587,0
472644,0
512701,0
552759,0
592817,0
632875,0
672932,0
712990,0
753047,0
793104,0
833161,0
873218,0
913276,0
953334,0
993393,0
1024435,0
1064492,0
1104548,0
1144606,0
1184663,0
1224721,0
1264779,0
1304836,0
1344894,0
1384953,0
1425011,0
1465069,0
1505127,0
1545184,0
1585242,0
1625299,0
1665357,0
1705414,0
1745471,0
1785530,0
1825587,0
1865644,0
1905701,0
1945758,0
1985817,0
2016861,0
2056919,0
2096977,0
2137034,0
2177091,0
2217149,0
2257206,0
2297264,0
2337321,0
2377378,0
2417436,0
2457502,0
2497559,0
2537610,0
2577657,0
2617703,0
2657749,0
2697796,0
2737843,0
2777887,0
2817935,0
2857965,0
2898006,0
2938043,0
2978079,0
3009098,0
3049141,0
3089196,0
3129252,0
3169307,0
3209364,0
3249419,0
3289476,0
3329527,0
3369584,0
3409644,0
3449704,0
3489764,0
3529824,0
3569884,0
3609944,0
3650004,0
3690064,0
3730124,0
3770184,0
3810244,0
3850304,0
3890364,0
3930424,0
3970484,0
4010544,0
4041589,0
4081649,0
4121709,0
4161769,0
4201829,0
4241889,0
4281949,0
4322009,0
4362069,0
4402129,0
4442189,0
4482249,0
4522309,0
4562369,0
4602429,0
4642489,0
4682549,0
4722609,0
4762669,0
4802729,0
4842789,0
4882849,0
4922909,0
4962978,0
5003034,0
5034071,0
5074116,0
5114160,0
5154205,0
5194250,0
5234294,0
5274340,0
5314387,0
5354420,0
5394453,0
5434484,0
5474519,0
5514562,0
5554606,0
5594660,0
5634718,0
5674773,0
5714829,0
5754885,0
5794939,0
5834991,0
5875049,0
5915109,0
5955169,0
5995229,0
6026275,0
6066335,0
6106395,0
6146456,0
6186516,0
6226576,0
6266636,0
6306696,0
6346756,0
6386816,0
6426876,0
6466936,0
6506996,0
6547055,0
6587115,0
6627175,0
6667235,0
6707295,0
6747355,0
6787415,0
6827475,0
6867535,0
6907595,0
6947655,0
6987715,0
7018761,0
7058820,0
7098880,0
7138940,0
7179000,0
7219060,0
7259113,0
7299166,0
7339219,0
7379282,0
7419345,0
7459412,0
7499484,0
7539529,0
7579578,0
7619625,0
7659670,0
7699716,0
7739761,0
7779804,0
7819849,0
7859887,0
7899925,0
7939968,0
7980002,0
8020037,0
8051072,0
8091125,0
8131179,0
8171233,0
8211288,0
8251343,0
8291397,0
8331449,0
8371506,0
8411566,0
8451626,0
8491686,0
8531746,0
8571806,0
8611866,0
8651926,0
8691986,0
8732046,0
8772106,0
8812166,0
8852226,0
8892286,0
8932346,0
8972406,0
9012466,0
9043511,0
9083571,0
9123631,0
9163691,0
9203751,0
9243811,0
9283871,0
9323931,0
9363991,0
9404051,0
9444111,0
9484171,0
9524231,0
9564291,0
9604351,0
9644411,0
9684471,0
9724531,0
9764591,0
9804651,0
9844711,0
9884771,0
9924831,0
9964894,0
10004956,0
10035993,0
10076040,0
10116085,0
10156130,0
10196174,0
10236219,0
10276265,0
10316312,0
10356348,0
10396386,0
10436416,0
10476454,0
10516491,0
10556533,0
10596586,0
10636640,0
10676694,0
10716750,0
10756803,0
10796858,0
10836910,0
10876966,0
10917026,0
10957086,0
10997146,0
11028194,0
11068250,0
11108310,0
11148370,0
11188430,0
11228490,0
11268550,0
11308610,0
11348670,0
11388730,0
11428790,0
11468850,0
11508910,0
11548970,0
11589030,0
11629090,0
11669150,0
11709210,0
11749270,0
11789330,0
11829390,0
11869450,0
11909510,0
11949570,0
11989630,0
12029690,0
12060735,0
12100795,0
12140855,0
12180915,0
12220975,0
12261036,0
12301096,0
12341156,0
12381216,0
12421276,0
12461336,0
12501402,0
12541452,0
12581501,0
12621546,0
12661592,0
12701640,0
12741683,0
12781728,0
12821777,0
12861817,0
12901851,0
12941887,0
12981926,0
13021963,0
13052994,0
13093042,0
13133098,0
13173152,0
13213207,0
13253256,0
13293313,0
13333365,0
13373418,0
13413477,0
13453537,0
13493597,0
13533657,0
13573717,0
13613777,0
13653837,0
13693897,0
13733957,0
13774017,0
13814077,0
13854137,0
13894197,0
13934257,0
13974317,0
14014377,0
14045421,0
14085481,0
14125541,0
14165601,0
14205661,0
14245721,0
14285781,0
14325841,0
14365901,0
14405961,0
14446021,0
14486081,0
14526141,0
14566201,0
14606261,0
14646319,0
14686377,0
14726434,0
14766492,0
14806549,0
14846605,0
14886662,0
14926718,0
14966774,0
15006840,0
15037882,0
15077924,0
15117971,0
15158014,0
15198059,0
15238102,0
15278145,0
15318190,0
15358226,0
15398263,0
15438297,0
15478331,0
15518362,0
15558407,0
15598460,0
15638516,0
15678571,0
15718627,0
15758681,0
15798736,0
15838787,0
15878844,0
15918904,0
15958964,0
15999024,0
16039084,0
16070128,0
16110188,0
16150248,0
16190308,0
16230368,0
16270428,0
16310488,0
16350548,0
16390608,0
16430668,0
16470728,0
16510788,0
16550848,0
16590908,0
16630968,0
16671028,0
16711088,0
16751148,0
16791208,0
16831268,0
16871328,0
16911388,0
16951448,0
16991508,0
17031568,0
17062613,0
17102673,0
17142733,0
17182793,0
17222853,0
17262913,0
17302973,0
17343033,0
17383093,0
17423153,0
17463213,0
17503281,0
17543336,0
17583378,0
17623427,0
17663471,0
17703515,0
17743560,0
17783607,0
17823654,0
17863693,0
17903725,0
17943764,0
17983794,0
18023827,0
18054856,0
18094906,0
18134959,0
18175012,0
18215067,0
18255122,0
18295174,0
18335232,0
18375282,0
18415340,0
18455400,0
18495460,0
18535520,0
18575580,0
18615640,0
18655700,0
18695760,0
18735820,0
18775878,0
18815935,0
18855993,0
18896049,0
18936108,0
18976165,0
19016222,0
19047267,0
19087320,0
19127378,0
19167435,0
19207493,0
19247550,0
19287608,0
19327665,0
19367723,0
19407782,0
19447838,0
19487895,0
19527953,0
19568011,0
19608068,0
19648125,0
19688183,0
19728241,0
19768300,0
19808357,0
19848415,0
19888474,0
19928532,0
19968590,0
20008657,0
20048708,0
20079743,0
20119790,0
20159836,0
20199882,0
20239929,0
20279973,0
20320019,0
20360059,0
20400092,0
20440129,0
20480169,0
20520205,0
20560243,0
20600292,0
20640349,0
20680403,0
20720458,0
20760510,0
20800566,0
20840620,0
20880674,0
20920734,0
20960794,0
21000854,0
21040914,0
21071960,0
21112020,0
21152080,0
21192140,0
21232200,0
21272260,0
21312320,0
21352380,0
21392440,0
21432500,0
21472560,0
21512620,0
21552680,0
21592740,0
21632800,0
21672860,0
21712920,0
21752980,0
21793040,0
21833100,0
21873160,0
21913220,0
21953280,0
21993340,0
22033400,0
22064445,0
22104504,0
22144562,0
22184630,0
22224698,0
22264768,0
22304835,0
22344904,0
22384971,0
22425047,0
22465110,0
22505184,0
22545236,0
22585282,0
22625330,0
22665379,0
22705421,0
22745469,0
22785515,0
22825557,0
22865599,0
22905638,0
22945674,0
22985709,0
23025741,0
23056773,0
23096818,0
23136874,0
23176926,0
23216983,0
23257034,0
23297091,0
23337143,0
23377196,0
23417254,0
23457314,0
23497374,0
23537434,0
23577494,0
23617554,0
23657614,0
23697674,0
23737734,0
23777794,0
23817854,0
23857914,0
23897974,0
23938034,0
23978094,0
24018154,0
24058214,0
24089259,0
24129319,0
24169379,0
24209439,0
24249499,0
24289559,0
24329619,0
24369679,0
24409739,0
24449799,0
24489859,0
24529919,0
24569979,0
24610039,0
24650099,0
24690159,0
24730219,0
24770279,0
24810339,0
24850399,0
24890459,0
24930519,0
24970579,0
25010648,0
25050697,0
25081731,0
25121778,0
25161823,0
25201866,0
25241913,0
25281960,0
25322004,0
25362048,0
25402084,0
25442114,0
25482142,0
25522179,0
25562219,0
25602264,0
25642317,0
25682372,0
25722428,0
25762483,0
25802537,0
25842590,0
25882644,0
25922702,0
25962761,0
26002821,0
26042881,0
26073927,0
26113987,0
26154047,0
26194107,0
26234167,0
26274227,0
26314287,0
26354347,0
26394407,0
26434467,0
26474527,0
26514587,0
26554647,0
26594707,0
26634767,0
26674827,0
26714887,0
26754947,0
26795007,0
26835067,0
26875127,0
26915187,0
26955247,0
26995307,0
27035367,0
27066413,0
27106472,0
27146532,0
27186592,0
27226652,0
27266712,0
27306772,0
27346832,0
27386892,0
27426956,0
27467023,0
27507101,0
27547154,0
27587200,0
27627246,0
27667293,0
27707339,0
27747385,0
27787431,0
27827477,0
27867518,0
27907551,0
27947586,0
27987619,0
28027653,0
28067697,0
28098735,0
28138789,0
28178844,0
28218899,0
28258954,0
28299006,0
28339062,0
28379113,0
28419171,0
28459231,0
28499291,0
28539351,0
28579411,0
28619471,0
28659531,0
28699591,0
28739651,0
28779711,0
28819771,0
28859831,0
28899891,0
28939951,0
28980011,0
29020071,0
29060131,0
29091175,0
29131235,0
29171295,0
29211355,0
29251415,0
29291475,0
29331535,0
29371595,0
29411655,0
29451715,0
29491775,0
29531835,0
29571895,0
29611955,0
29652015,0
29692075,0
29732135,0
29772195,0
29812255,0
29852315,0
29892375,0
29932435,0
29972495,0
30012566,0
30052615,0
30083649,0
30123693,0
30163740,0
30203785,0
30243829,0
30283872,0
30323918,0
30363964,0
30403999,0
30444039,0
30484069,0
30524101,0
30564138,0
30604186,0
30644242,0
30684297,0
30724349,0
30764405,0
30804460,0
30844516,0
30884568,0
30924625,0
30964686,0
31004746,0
31044805,0
31075854,0
31115910,0
31155970,0
31196029,0
31236089,0
31276149,0
31316209,0
31356269,0
31396329,0
31436389,0
31476449,0
31516509,0
31556569,0
31596630,0
31636690,0
31676749,0
31716809,0
31756869,0
31796929,0
31836989,0
31877049,0
31917109,0
31957169,0
31997229,0
32037289,0
32077349,0
32108395,0
32148454,0
32188514,0
32228574,0
32268634,0
32308694,0
32348754,0
32388814,0
32428874,0
32468934,0
32509003,0
32549060,0
32589105,0
32629154,0
32669199,0
32709247,0
32749292,0
32789342,0
32829383,0
32869428,0
32909464,0
32949495,0
32989530,0
33029560,0
33069595,0
33100632,0
33140683,0
33180738,0
33220790,0
33260845,0
33300899,0
33340954,0
33381005,0
33421062,0
33461122,0
33501182,0
33541242,0
33581302,0
33621362,0
33661422,0
33701482,0
33741542,0
33781602,0
33821662,0
33861722,0
33901782,0
33941842,0
33981902,0
34021962,0
34062022,0
34093067,0
34133127,0
34173187,0
34213247,0
34253307,0
34293367,0
34333427,0
34373487,0
34413547,0
34453607,0
34493667,0
34533727,0
34573787,0
34613847,0
34653907,0
34693967,0
34734027,0
34774087,0
34814147,0
34854207,0
34894267,0
34934327,0
34974387,0
35014456,0
35054508,0
35085547,0
35125588,0
35165635,0
35205679,0
35245724,0
35285769,0
35325814,0
35365864,0
35405896,0
35445928,0
35485965,0
35526001,0
35566036,0
35606083,0
35646137,0
35686191,0
35726244,0
35766300,0
35806351,0
35846405,0
35886456,0
35926514,0
35966574,0
36006625,0
36046678,0
36086732,0
36117773,0
36157818,0
36197869,0
36237909,0
36277953,0
36318013,0
36358073,0
36398133,0
36438193,0
36478253,0
36518295,0
36558335,0
36598392,0
36638452,0
36678517,0
36718585,0
36758651,0
36798719,0
36838786,0
36878854,0
36918919,0
36958987,0
36999054,0
37039120,0
37079187,0
37110237,0
37150304,0
37190372,0
37230439,0
37270506,0
37310572,0
37350640,0
37390706,0
37430772,0
37470839,0
37510915,0
37550982,0
37591027,0
37631069,0
37671117,0
37711162,0
37751206,0
37791253,0
37831298,0
37871344,0
37911378,0
37951413,0
37991445,0
38031481,0
38071517,0
38102552,0
38142607,0
38182664,0
38222719,0
38262776,0
38302832,0
38342886,0
38382937,0
38422995,0
38463055,0
38503115,0
38543175,0
38583235,0
38623295,0
38663355,0
38703415,0
38743475,0
38783535,0
38823595,0
38863655,0
38903715,0
38943775,0
38983835,0
39023895,0
39063955,0
39095004,0
39135061,0
39175121,0
39215181,0
39255241,0
39295301,0
39335361,0
39375421,0
39415481,0
39455541,0
39495601,0
39535661,0
39575721,0
39615781,0
39655841,0
39695901,0
39735961,0
39776021,0
39816081,0
39856141,0
39896201,0
39936261,0
39976321,0
40016390,0
40056445,0
40096492,0
40127529,0
40167575,0
40207619,0
40247668,0
40287708,0
40327754,0
40367798,0
40407836,0
40447878,0
40487918,0
40527951,0
40567984,0
40608033,0
40648089,0
40688144,0
40728199,0
40768257,0
40808310,0
40848365,0
40888415,0
40928473,0
40968533,0
41008593,0
41048653,0
41088713,0
41119758,0
41159818,0
41199878,0
41239938,0
41279998,0
41320058,0
41360118,0
41400178,0
41440238,0
41480298,0
41520358,0
41560418,0
41600478,0
41640538,0
41680598,0
41720658,0
41760718,0
41800777,0
41840834,0
41880892,0
41920949,0
41961006,0
42001063,0
42041121,0
42081179,0
42112222,0
42152279,0
42192337,0
42232396,0
42272453,0
42312510,0
42352570,0
42392637,0
42432705,0
42472772,0
42512850,0
42552909,0
42592958,0
42633003,0
42673050,0
42713097,0
42753142,0
42793189,0
42833236,0
42873279,0
42913314,0
42953348,0
42993391,0
43033430,0
43073464,0
43104499,0
43144553,0
43184608,0
43224659,0
43264717,0
43304768,0
43344821,0
43384873,0
43424931,0
43464991,0
43505052,0
43545112,0
43585171,0
43625231,0
43665291,0
43705351,0
43745411,0
43785471,0
43825531,0
43865591,0
43905651,0
43945711,0
43985771,0
44025831,0
44065891,0
44105951,0
44136995,0
44177055,0
44217115,0
44257175,0
44297235,0
44337295,0
44377355,0
44417415,0
44457475,0
44497535,0
44537595,0
44577655,0
44617715,0
44657775,0
44697835,0
44737895,0
44777955,0
44818015,0
44858075,0
44898135,0
44938195,0
44978255,0
45018324,0
45058380,0
45098425,0
45129464,0
45169508,0
45209553,0
45249599,0
45289646,0
45329688,0
45369733,0
45409773,0
45449812,0
45489848,0
45529887,0
45569918,0
45609965,0
45650020,0
45690073,0
45730127,0
45770183,0
45810235,0
45850288,0
45890338,0
45930395,0
45970455,0
46010515,0
46050575,0
46090635,0
46121681,0
46161741,0
46201801,0
46241861,0
46281921,0
46321981,0
46362041,0
46402101,0
46442161,0
46482221,0
46522281,0
46562341,0
46602401,0
46642461,0
46682521,0
46722581,0
46762641,0
46802701,0
46842761,0
46882821,0
46922881,0
46962941,0
47003001,0
47043061,0
47083121,0
47114168,0
47154227,0
47194287,0
47234347,0
47274407,0
47314467,0
47354526,0
47394586,0
47434646,0
47474702,0
47514759,0
47554830,0
47594874,0
47634922,0
47674967,0
47715013,0
47755058,0
47795103,0
47835149,0
47875196,0
47915227,0
47955269,0
47995304,0
48035336,0
48075366,0
48115410,0
48146454,0
48186506,0
48226561,0
48266614,0
48306665,0
48346718,0
48386768,0
48426824,0
48466884,0
48506944,0
48547004,0
48587064,0
48627124,0
48667184,0
48707244,0
48747304,0
48787364,0
48827424,0
48867484,0
48907544,0
48947604,0
48987664,0
49027724,0
49067784,0
49107844,0
49138888,0
49178948,0
49219008,0
49259068,0
49299128,0
49339188,0
49379248,0
49419308,0
49459368,0
49499428,0
49539488,0
49579548,0
49619608,0
49659668,0
49699728,0
49739788,0
49779848,0
49819908,0
49859968,0
49900028,0
49940088,0
49980148,0
50020205,0
50060269,0
50100316,0
50131356,0
50171396,0
50211441,0
50251485,0
50291530,0
50331575,0
50371620,0
50411661,0
50451696,0
50491733,0
50531765,0
50571803,0
50611844,0
50651897,0
50691953,0
50732008,0
50772061,0
50812117,0
50852168,0
50892222,0
50932276,0
50972336,0
51012396,0
51052455,0
51092516,0
51123564,0
51163620,0
51203680,0
51243740,0
51283800,0
51323860,0
51363920,0
51403980,0
51444040,0
51484100,0
51524160,0
51564220,0
51604280,0
51644340,0
51684400,0
51724460,0
51764520,0
51804580,0
51844640,0
51884700,0
51924760,0
51964820,0
52004880,0
52044940,0
52085000,0
52125060,0
52156105,0
52196165,0
52236225,0
52276285,0
52316345,0
52356405,0
52396465,0
52436525,0
52476585,0
52516646,0
52556714,0
52596763,0
52636811,0
52676857,0
52716901,0
52756949,0
52796994,0
52837041,0
52877087,0
52917129,0
52957166,0
52997208,0
53037248,0
53077283,0
53117328,0
53148368,0
53188423,0
53228477,0
53268531,0
53308586,0
53348639,0
53388692,0
53428746,0
53468806,0
53508866,0
53548926,0
53588986,0
53629046,0
53669106,0
53709166,0
53749226,0
53789286,0
53829346,0
53869406,0
53909466,0
53949526,0
53989586,0
54029646,0
54069706,0
54109766,0
54140810,0
54180870,0
54220930,0
54260990,0
54301050,0
54341110,0
54381170,0
54421230,0
54461290,0
54501350,0
54541410,0
54581470,0
54621530,0
54661590,0
54701650,0
54741710,0
54781770,0
54821830,0
54861890,0
54901950,0
54942010,0
54982070,0
55022130,0
55062195,0
55102244,0
55133281,0
55173327,0
55213371,0
55253418,0
55293464,0
55333507,0
55373554,0
55413595,0
55453636,0
55493674,0
55533716,0
55573748,0
55613794,0
55653847,0
55693903,0
55733955,0
55774011,0
55814063,0
55854118,0
55894171,0
55934229,0
55974288,0
56014348,0
56054408,0
56094468,0
56134528,0
56165573,0
56205633,0
56245693,0
56285753,0
56325813,0
56365873,0
56405933,0
56445993,0
56486053,0
56526113,0
56566173,0
56606233,0
56646293,0
56686353,0
56726413,0
56766473,0
56806533,0
56846593,0
56886653,0
56926713,0
56966773,0
57006833,0
57046893,0
57086953,0
57127013,0
57158058,0
57198118,0
57238178,0
57278235,0
57318292,0
57358348,0
57398404,0
57438462,0
57478529,0
57518599,0
57558670,0
57598721,0
57638767,0
57678814,0
57718861,0
57758906,0
57798953,0
57839000,0
57879045,0
57919094,0
57959132,0
57999170,0
58039206,0
58079240,0
58119282,0
58150321,0
58190377,0
58230432,0
58270488,0
58310539,0
58350594,0
58390649,0
58430701,0
58470757,0
58510817,0
58550877,0
58590937,0
58630997,0
58671057,0
58711117,0
58751177,0
58791237,0
58831297,0
58871357,0
58911417,0
58951477,0
58991537,0
59031597,0
59071657,0
59111717,0
59142765,0
59182823,0
59222883,0
59262943,0
59303003,0
59343063,0
59383123,0
59423183,0
59463243,0
59503303,0
59543363,0
59583423,0
59623483,0
59663543,0
59703603,0
59743663,0
59783723,0
59823783,0
59863843,0
59903903,0
59943963,0
59984023,0
60024083,0
60064148,0
60104198,0
60144242,0
60184287,0
60224328,0
60264376,0
60304421,0
60344467,0
60384515,0
60424560,0
60464597,0
60504637,0
60544673,0
60584709,0
60624750,0
60664804,0
60704860,0
60744916,0
60784969,0
60825025,0
60865078,0
60905128,0
60945186,0
60985246,0
61025306,0
61065366,0
61105426,0
61145486,0
61185546,0
61225606,0
61265666,0
61305726,0
61345786,0
61385846,0
61425906,0
61465966,0
61506026,0
61546086,0
61586146,0
61626206,0
61666266,0
61706326,0
61746386,0
61786446,0
61826506,0
61866566,0
61906626,0
61946686,0
61986746,0
62026807,0
62066867,0
62106928,0
62146988,0
62187048,0
62227108,0
62267168,0
62307228,0
62347288,0
62387348,0
62427408,0
62467468,0
62507527,0
62538575,0
CPU1
TS,0
31172,1205705616
71232,1205705616
111292,1205705616
151352,1205705616
191412,1205705616
231472,1205705616
271532,1205705616
311592,1205705616
351652,1205705616
391712,1205705616
431772,1205705616
471832,1205705616
511892,1205705616
551952,1205705616
592012,1205705616
632072,1205705616
672132,1205705616
712192,1205705616
752252,1205705616
792312,1205705616
832372,1205705616
872432,1205705616
912492,1205705616
952552,1205705616
992612,1205705616
1032672,1205705616
1072732,1205705616
1112792,1205705616
1152852,1205705616
1192912,1205705616
1232972,1205705616
1273032,1205705616
1313092,1205705616
1353152,1205705616
1393212,1205705616
1433272,1205705616
1473332,1205705616
1513392,1205705616
1553452,1205705616
1593512,1205705616
1633572,1205705616
1673632,1205705616
1713692,1205705616
1753752,1205705616
1793812,1205705616
1833872,1205705616
1873932,1205705616
1913992,1205705616
1954052,1205705616
1994112,1205705616
2034172,1205705616
2074232,1205705616
2114292,1205705616
2154352,1205705616
2194412,1205705616
2234472,1205705616
2274532,1205705616
2314592,1205705616
2354652,1205705616
2394712,1205705616
2434772,1205705616
2473827,1202787160
2513880,1202787160
2553928,1202787160
2593980,1202787160
2634032,1202787160
2674084,1202787160
2714137,1202787160
2754186,1202787160
2794235,1202787160
2828275,1202655352
2868311,1202655352
2908356,1202655352
2948387,1202655352
2988427,1202655352
3028455,1202655352
3068478,1202655352
3108500,1202655352
3148521,1202655352
3188543,1202655352
3228562,1202655352
3268584,1202655352
3308602,1202655352
3343640,1205705616
3383707,1205705616
3423779,1205705616
3463841,1205705616
3503901,1205705616
3543961,1205705616
3584021,1205705616
3624081,1205705616
3664141,1205705616
3704201,1205705616
3744261,1205705616
3784321,1205705616
3824381,1205705616
3864441,1205705616
3904501,1205705616
3944561,1205705616
3984621,1205705616
4024681,1205705616
4064741,1205705616
4104801,1205705616
4144861,1205705616
4184921,1205705616
4224981,1205705616
4265041,1205705616
4305101,1205705616
4345161,1205705616
4385221,1205705616
4425281,1205705616
4465341,1205705616
4505401,1205705616
4545461,1205705616
4585521,1205705616
4625581,1205705616
4665641,1205705616
4705701,1205705616
4745761,1205705616
4785821,1205705616
4825881,1205705616
4865941,1205705616
4906001,1205705616
4946061,1205705616
4977105,1202787160
5017157,1202787160
5057206,1202787160
5097258,1202787160
5137306,1202787160
5177359,1202787160
5217411,1202787160
5257460,1202787160
5297509,1202787160
5331548,1202655352
5371591,1202655352
5411623,1202655352
5451661,1202655352
5491700,1202655352
5531738,1202655352
5571760,1202655352
5611781,1202655352
5651801,1202655352
5691824,1202655352
5731844,1202655352
5771866,1202655352
5811887,1202655352
5845921,1205705616
5885981,1205705616
5926041,1205705616
5966101,1205705616
6006161,1205705616
6046220,1205705616
6086280,1205705616
6126340,1205705616
6166400,1205705616
6206460,1205705616
6246520,1205705616
6286580,1205705616
6326640,1205705616
6366700,1205705616
6406760,1205705616
6446820,1205705616
6486880,1205705616
6526940,1205705616
6567000,1205705616
6607060,1205705616
6647120,1205705616
6687180,1205705616
6727240,1205705616
6767300,1205705616
6807360,1205705616
6847420,1205705616
6887480,1205705616
6927540,1205705616
6967600,1205705616
7007660,1205705616
7047720,1205705616
7087780,1205705616
7127840,1205705616
7167906,1205705616
7207976,1205705616
7248046,1205705616
7288118,1205705616
7328188,1205705616
7368257,1205705616
7408320,1205705616
7448386,1205705616
7481436,1202787160
7521487,1202787160
7561536,1202787160
7601585,1202787160
7641636,1202787160
7681689,1202787160
7721741,1202787160
7761792,1202787160
7792829,1205705616
7825854,1202655352
7864905,1202655352
7904940,1202655352
7944980,1202655352
7985026,1202655352
8025066,1202655352
8065095,1202655352
8105115,1202655352
8145138,1202655352
8185156,1202655352
8225176,1202655352
8265195,1202655352
8305218,1202655352
8342252,1205705616
8382312,1205705616
8422372,1205705616
8462432,1205705616
8502492,1205705616
8542552,1205705616
8582612,1205705616
8622672,1205705616
8662732,1205705616
8702792,1205705616
8742852,1205705616
8782912,1205705616
8822972,1205705616
8863032,1205705616
8903092,1205705616
8943152,1205705616
8983212,1205705616
9023272,1205705616
9063332,1205705616
9103392,1205705616
9143452,1205705616
9183512,1205705616
9223572,1205705616
9263632,1205705616
9303692,1205705616
9343752,1205705616
9383812,1205705616
9423872,1205705616
9463932,1205705616
9503992,1205705616
9544052,1205705616
9584112,1205705616
9624172,1205705616
9664232,1205705616
9704292,1205705616
9744352,1205705616
9784412,1205705616
9824472,1205705616
9864532,1205705616
9904592,1205705616
9944652,1205705616
9984713,1202787160
10024764,1202787160
10064812,1202787160
10104865,1202787160
10144916,1202787160
10184966,1202787160
10225017,1202787160
10265066,1202787160
10305113,1202787160
10339154,1202655352
10379194,1202655352
10419237,1202655352
10459277,1202655352
10499310,1202655352
10539339,1202655352
10579366,1202655352
10619387,1202655352
10659408,1202655352
10699429,1202655352
10739450,1202655352
10779468,1202655352
10819491,1202655352
10851524,1205705616
10891584,1205705616
10931644,1205705616
10971704,1205705616
11011764,1205705616
11051824,1205705616
11091884,1205705616
11131944,1205705616
11172004,1205705616
11212064,1205705616
11252124,1205705616
11292184,1205705616
11332244,1205705616
11372304,1205705616
11412364,1205705616
11452424,1205705616
11492484,1205705616
11532544,1205705616
11572604,1205705616
11612664,1205705616
11652724,1205705616
11692784,1205705616
11732844,1205705616
11772904,1205705616
11812964,1205705616
11853024,1205705616
11893084,1205705616
11933144,1205705616
11973204,1205705616
12013264,1205705616
12053324,1205705616
12093384,1205705616
12133444,1205705616
12173504,1205705616
12213564,1205705616
12253624,1205705616
12293684,1205705616
12333744,1205705616
12373804,1205705616
12413864,1205705616
12453924,1205705616
12487974,1202787160
12528024,1202787160
12568074,1202787160
12608124,1202787160
12648174,1202787160
12688224,1202787160
12728274,1202787160
12768325,1202787160
12800362,1205705616
12832786,1202655352
12872437,1202655352
12912472,1202655352
12952505,1202655352
12992540,1202655352
13032584,1202655352
13072605,1202655352
13112629,1202655352
13152647,1202655352
13192669,1202655352
13232687,1202655352
13272708,1202655352
13312728,1202655352
13343752,1205705616
13383812,1205705616
13423872,1205705616
13463932,1205705616
13503992,1205705616
13544052,1205705616
13584112,1205705616
13624172,1205705616
13664232,1205705616
13704292,1205705616
13744352,1205705616
13784412,1205705616
13824472,1205705616
13864532,1205705616
13904592,1205705616
13944652,1205705616
13984712,1205705616
14024772,1205705616
14064832,1205705616
14104892,1205705616
14144952,1205705616
14185012,1205705616
14225072,1205705616
14265132,1205705616
14305192,1205705616
14345252,1205705616
14385312,1205705616
14425372,1205705616
14465432,1205705616
14505492,1205705616
14545552,1205705616
14585612,1205705616
14625677,1205705616
14665745,1205705616
14705813,1205705616
14745881,1205705616
14785950,1205705616
14826018,1205705616
14866086,1205705616
14906154,1205705616
14946222,1205705616
14981280,1202787160
15021332,1202787160
15061381,1202787160
15101428,1202787160
15141480,1202787160
15181529,1202787160
15221580,1202787160
15261629,1202787160
15301678,1202787160
15336207,1202655352
15375757,1202655352
15415795,1202655352
15455833,1202655352
15495872,1202655352
15535915,1202655352
15575942,1202655352
15615962,1202655352
15655982,1202655352
15696004,1202655352
15736024,1202655352
15776046,1202655352
15816065,1202655352
15851101,1205705616
15891161,1205705616
15931221,1205705616
15971281,1205705616
16011341,1205705616
16051401,1205705616
16091461,1205705616
16131521,1205705616
16171581,1205705616
16211641,1205705616
16251701,1205705616
16291761,1205705616
16331821,1205705616
16371881,1205705616
16411941,1205705616
16452001,1205705616
16492061,1205705616
16532121,1205705616
16572181,1205705616
16612241,1205705616
16652301,1205705616
16692361,1205705616
16732421,1205705616
16772481,1205705616
16812541,1205705616
16852601,1205705616
16892661,1205705616
16932721,1205705616
16972781,1205705616
17012841,1205705616
17052901,1205705616
17092961,1205705616
17133021,1205705616
17173081,1205705616
17213141,1205705616
17253201,1205705616
17293261,1205705616
17333321,1205705616
17373381,1205705616
17413441,1205705616
17453501,1205705616
17484548,1202787160
17524601,1202787160
17564651,1202787160
17604702,1202787160
17644752,1202787160
17684802,1202787160
17724853,1202787160
17764903,1202787160
17802949,1205705616
17839671,1202655352
17879029,1202655352
17919066,1202655352
17959109,1202655352
17999145,1202655352
18039179,1202655352
18079201,1202655352
18119225,1202655352
18159245,1202655352
18199266,1202655352
18239284,1202655352
18279308,1202655352
18319327,1202655352
18358355,1205705616
18398415,1205705616
18438475,1205705616
18478535,1205705616
18518595,1205705616
18558655,1205705616
18598715,1205705616
18638775,1205705616
18678835,1205705616
18718895,1205705616
18758955,1205705616
18799015,1205705616
18839075,1205705616
18879135,1205705616
18919195,1205705616
18959255,1205705616
18999315,1205705616
19039375,1205705616
19079435,1205705616
19119495,1205705616
19159555,1205705616
19199615,1205705616
19239675,1205705616
19279735,1205705616
19319795,1205705616
19359855,1205705616
19399915,1205705616
19439975,1205705616
19480035,1205705616
19520095,1205705616
19560155,1205705616
19600215,1205705616
19640275,1205705616
19680335,1205705616
19720395,1205705616
19760455,1205705616
19800515,1205705616
19840575,1205705616
19880635,1205705616
19920695,1205705616
19960755,1205705616
19997808,1202787160
20037857,1202787160
20077906,1202787160
20117957,1202787160
20158010,1202787160
20198059,1202787160
20238111,1202787160
20278161,1202787160
20318209,1202787160
20352248,1202655352
20392288,1202655352
20432335,1202655352
20472376,1202655352
20512410,1202655352
20552442,1202655352
20592463,1202655352
20632487,1202655352
20672506,1202655352
20712527,1202655352
20752546,1202655352
20792570,1202655352
20832589,1202655352
20869637,1205705616
20909697,1205705616
20949757,1205705616
20989817,1205705616
21029877,1205705616
21069937,1205705616
21109997,1205705616
21150057,1205705616
21190117,1205705616
21230177,1205705616
21270237,1205705616
21310297,1205705616
21350357,1205705616
21390417,1205705616
21430477,1205705616
21470537,1205705616
21510597,1205705616
21550657,1205705616
21590717,1205705616
21630777,1205705616
21670837,1205705616
21710897,1205705616
21750957,1205705616
21791017,1205705616
21831077,1205705616
21871137,1205705616
21911197,1205705616
21951257,1205705616
21991317,1205705616
22031377,1205705616
22071437,1205705616
22111502,1205705616
22151569,1205705616
22191638,1205705616
22231706,1205705616
22271775,1205705616
22311842,1205705616
22351911,1205705616
22391979,1205705616
22432052,1205705616
22472116,1205705616
22512175,1202787160
22552225,1202787160
22592275,1202787160
22632324,1202787160
22672374,1202787160
22712425,1202787160
22752478,1202787160
22790450,1205705616
22829571,1205705616
22865609,1202655352
22905653,1202655352
22945694,1202655352
22985738,1202655352
23025775,1202655352
23065805,1202655352
23105825,1202655352
23145848,1202655352
23185865,1202655352
23225888,1202655352
23265906,1202655352
23305928,1202655352
23345951,1202655352
23381994,1205705616
23422054,1205705616
23462114,1205705616
23502174,1205705616
23542234,1205705616
23582294,1205705616
23622354,1205705616
23662414,1205705616
23702474,1205705616
23742534,1205705616
23782594,1205705616
23822654,1205705616
23862714,1205705616
23902774,1205705616
23942834,1205705616
23982894,1205705616
24022954,1205705616
24063014,1205705616
24103074,1205705616
24143134,1205705616
24183194,1205705616
24223254,1205705616
24263314,1205705616
24303374,1205705616
24343434,1205705616
24383494,1205705616
24423554,1205705616
24463614,1205705616
24503674,1205705616
24543734,1205705616
24583794,1205705616
24623854,1205705616
24663914,1205705616
24703973,1205705616
24744028,1205705616
24784083,1205705616
24824136,1205705616
24864191,1205705616
24904244,1205705616
24944298,1205705616
24984353,1205705616
25015396,1202787160
25055446,1202787160
25095493,1202787160
25135544,1202787160
25175595,1202787160
25215645,1202787160
25255695,1202787160
25295745,1202787160
25331254,1205705616
25369828,1202655352
25409862,1202655352
25449902,1202655352
25489937,1202655352
25529980,1202655352
25570010,1202655352
25610028,1202655352
25650049,1202655352
25690069,1202655352
25730092,1202655352
25770110,1202655352
25810131,1202655352
25850149,1202655352
25887196,1205705616
25927256,1205705616
25967316,1205705616
26007376,1205705616
26047436,1205705616
26087496,1205705616
26127556,1205705616
26167616,1205705616
26207676,1205705616
26247736,1205705616
26287796,1205705616
26327856,1205705616
26367916,1205705616
26407976,1205705616
26448036,1205705616
26488096,1205705616
26528156,1205705616
26568216,1205705616
26608276,1205705616
26648336,1205705616
26688396,1205705616
26728456,1205705616
26768516,1205705616
26808576,1205705616
26848636,1205705616
26888696,1205705616
26928756,1205705616
26968816,1205705616
27008876,1205705616
27048936,1205705616
27088996,1205705616
27129056,1205705616
27169116,1205705616
27209176,1205705616
27249236,1205705616
27289296,1205705616
27329356,1205705616
27369416,1205705616
27409476,1205705616
27449533,1205705616
27489063,1202787160
27528646,1202787160
27568698,1202787160
27608749,1202787160
27648797,1202787160
27688849,1202787160
27728901,1202787160
27768954,1202787160
27807000,1205705616
27847047,1205705616
27883084,1202655352
27923122,1202655352
27963163,1202655352
28003201,1202655352
28043241,1202655352
28083274,1202655352
28123296,1202655352
28163314,1202655352
28203337,1202655352
28243356,1202655352
28283377,1202655352
28323398,1202655352
28358478,1205705616
28398473,1205705616
28438533,1205705616
28478593,1205705616
28518653,1205705616
28558713,1205705616
28598773,1205705616
28638833,1205705616
28678893,1205705616
28718953,1205705616
28759013,1205705616
28799073,1205705616
28839133,1205705616
28879193,1205705616
28919253,1205705616
28959313,1205705616
28999373,1205705616
29039433,1205705616
29079493,1205705616
29119556,1205705616
29159624,1205705616
29199684,1205705616
29239744,1205705616
29279804,1205705616
29319864,1205705616
29359924,1205705616
29399984,1205705616
29440044,1205705616
29480104,1205705616
29520164,1205705616
29560224,1205705616
29600284,1205705616
29640344,1205705616
29680404,1205705616
29720464,1205705616
29760524,1205705616
29800584,1205705616
29840644,1205705616
29880704,1205705616
29920764,1205705616
29960824,1205705616
29992528,1202787160
30031925,1202787160
30071976,1202787160
30112027,1202787160
30152079,1202787160
30192131,1202787160
30232182,1202787160
30272234,1202787160
30312285,1202787160
30344418,1205705616
30376358,1202655352
30416391,1202655352
30456431,1202655352
30496465,1202655352
30536498,1202655352
30576528,1202655352
30616549,1202655352
30656574,1202655352
30696592,1202655352
30736614,1202655352
30776632,1202655352
30816655,1202655352
30856673,1202655352
30893721,1205705616
30933781,1205705616
30973841,1205705616
31013901,1205705616
31053961,1205705616
31094021,1205705616
31134081,1205705616
31174141,1205705616
31214201,1205705616
31254261,1205705616
31294321,1205705616
31334381,1205705616
31374441,1205705616
31414501,1205705616
31454561,1205705616
31494621,1205705616
31534681,1205705616
31574741,1205705616
31614801,1205705616
31654861,1205705616
31694921,1205705616
31734981,1205705616
31775041,1205705616
31815101,1205705616
31855161,1205705616
31895221,1205705616
31935281,1205705616
31975341,1205705616
32015401,1205705616
32055461,1205705616
32095521,1205705616
32135581,1205705616
32175641,1205705616
32215701,1205705616
32255761,1205705616
32295821,1205705616
32335881,1205705616
32375941,1205705616
32416001,1205705616
32456061,1205705616
32495977,1202787160
32535174,1202787160
32575222,1202787160
32615269,1202787160
32655319,1202787160
32695368,1202787160
32735421,1202787160
32775470,1202787160
32815520,1202787160
32846556,1205705616
32879595,1202655352
32919633,1202655352
32959670,1202655352
32999705,1202655352
33039738,1202655352
33079767,1202655352
33119786,1202655352
33159810,1202655352
33199829,1202655352
33239852,1202655352
33279872,1202655352
33319895,1202655352
33359913,1202655352
33396961,1205705616
33437021,1205705616
33477081,1205705616
33517141,1205705616
33557201,1205705616
33597261,1205705616
33637321,1205705616
33677381,1205705616
33717441,1205705616
33757501,1205705616
33797561,1205705616
33837621,1205705616
33877681,1205705616
33917741,1205705616
33957801,1205705616
33997861,1205705616
34037921,1205705616
34077981,1205705616
34118041,1205705616
34158101,1205705616
34198161,1205705616
34238221,1205705616
34278281,1205705616
34318341,1205705616
34358401,1205705616
34398461,1205705616
34438521,1205705616
34478581,1205705616
34518641,1205705616
34558701,1205705616
34598761,1205705616
34638821,1205705616
34678881,1205705616
34718941,1205705616
34759001,1205705616
34799061,1205705616
34839121,1205705616
34879181,1205705616
34919241,1205705616
34959301,1205705616
34999361,1205705616
35039414,1202787160
35079464,1202787160
35119515,1202787160
35159567,1202787160
35199618,1202787160
35239668,1202787160
35279719,1202787160
35319770,1202787160
35351804,1205705616
35383841,1202655352
35423880,1202655352
35463921,1202655352
35503960,1202655352
35543999,1202655352
35584029,1202655352
35624050,1202655352
35664072,1202655352
35704092,1202655352
35744113,1202655352
35784132,1202655352
35824154,1202655352
35864172,1202655352
35895209,1205705616
35935264,1205705616
35975317,1205705616
36015386,1205705616
36055455,1205705616
36095523,1205705616
36135592,1205705616
36175662,1205705616
36215738,1205705616
36255844,1205705616
36295907,1205705616
36335967,1205705616
36376027,1205705616
36416087,1205705616
36456148,1205705616
36496210,1205705616
36536270,1205705616
36576330,1205705616
36616390,1205705616
36656450,1205705616
36696508,1205705616
36736566,1205705616
36776624,1205705616
36816681,1205705616
36856739,1205705616
36896796,1205705616
36936854,1205705616
36976911,1205705616
37016969,1205705616
37057026,1205705616
37097082,1205705616
37137139,1205705616
37177196,1205705616
37217255,1205705616
37257313,1205705616
37297371,1205705616
37337429,1205705616
37377488,1205705616
37417545,1205705616
37457602,1205705616
37497660,1205705616
37532709,1202787160
37572762,1202787160
37612814,1202787160
37652862,1202787160
37692913,1202787160
37732964,1202787160
37773017,1202787160
37813065,1202787160
37845099,1205705616
37877133,1202655352
37917171,1202655352
37957212,1202655352
37997251,1202655352
38037287,1202655352
38077319,1202655352
38117338,1202655352
38157355,1202655352
38197377,1202655352
38237396,1202655352
38277417,1202655352
38317439,1202655352
38357459,1202655352
38393496,1205705616
38433556,1205705616
38473616,1205705616
38513676,1205705616
38553736,1205705616
38593796,1205705616
38633856,1205705616
38673916,1205705616
38713976,1205705616
38754036,1205705616
38794096,1205705616
38834156,1205705616
38874216,1205705616
38914276,1205705616
38954336,1205705616
38994396,1205705616
39034456,1205705616
39074516,1205705616
39114576,1205705616
39154636,1205705616
39194696,1205705616
39234756,1205705616
39274816,1205705616
39314876,1205705616
39354936,1205705616
39394996,1205705616
39435056,1205705616
39475116,1205705616
39515176,1205705616
39555236,1205705616
39595296,1205705616
39635356,1205705616
39675416,1205705616
39715476,1205705616
39755536,1205705616
39795596,1205705616
39835656,1205705616
39875716,1205705616
39915776,1205705616
39955836,1205705616
39995896,1205705616
40035953,1202787160
40076005,1202787160
40116054,1202787160
40156106,1202787160
40196156,1202787160
40236208,1202787160
40276260,1202787160
40316309,1202787160
40350346,1205705616
40390388,1202655352
40430434,1202655352
40470481,1202655352
40510515,1202655352
40550549,1202655352
40590573,1202655352
40630593,1202655352
40670614,1202655352
40710635,1202655352
40750656,1202655352
40790677,1202655352
40830697,1202655352
40870719,1202655352
40905763,1205705616
40945823,1205705616
40985883,1205705616
41025943,1205705616
41066003,1205705616
41106063,1205705616
41146123,1205705616
41186183,1205705616
41226243,1205705616
41266303,1205705616
41306363,1205705616
41346423,1205705616
41386483,1205705616
41426543,1205705616
41466603,1205705616
41506663,1205705616
41546723,1205705616
41586783,1205705616
41626843,1205705616
41666903,1205705616
41706963,1205705616
41747023,1205705616
41787083,1205705616
41827143,1205705616
41867203,1205705616
41907263,1205705616
41947323,1205705616
41987383,1205705616
42027443,1205705616
42067503,1205705616
42107563,1205705616
42147623,1205705616
42187683,1205705616
42227743,1205705616
42267803,1205705616
42307863,1205705616
42347923,1205705616
42387983,1205705616
42428039,1205705616
42468085,1205705616
42508132,1205705616
42539177,1202787160
42579227,1202787160
42619277,1202787160
42659330,1202787160
42699381,1202787160
42739431,1202787160
42779482,1202787160
42819534,1202787160
42859581,1202787160
42893618,1202655352
42933655,1202655352
42973695,1202655352
43013732,1202655352
43053764,1202655352
43093793,1202655352
43133816,1202655352
43173836,1202655352
43213859,1202655352
43253879,1202655352
43293902,1202655352
43333920,1202655352
43370842,1205705616
43409998,1205705616
43450058,1205705616
43490118,1205705616
43530178,1205705616
43570238,1205705616
43610298,1205705616
43650358,1205705616
43690418,1205705616
43730478,1205705616
43770538,1205705616
43810598,1205705616
43850658,1205705616
43890718,1205705616
43930778,1205705616
43970838,1205705616
44010898,1205705616
44050958,1205705616
44091018,1205705616
44131078,1205705616
44171138,1205705616
44211198,1205705616
44251258,1205705616
44291318,1205705616
44331378,1205705616
44371438,1205705616
44411498,1205705616
44451558,1205705616
44491618,1205705616
44531678,1205705616
44571738,1205705616
44611798,1205705616
44651858,1205705616
44691918,1205705616
44731978,1205705616
44772038,1205705616
44812098,1205705616
44852158,1205705616
44892218,1205705616
44932278,1205705616
44972338,1205705616
45012398,1205705616
45052451,1202787160
45092501,1202787160
45132552,1202787160
45172605,1202787160
45212658,1202787160
45252707,1202787160
45292757,1202787160
45324796,1205705616
45364842,1205705616
45396874,1202655352
45436918,1202655352
45476968,1202655352
45517006,1202655352
45557053,1202655352
45597078,1202655352
45637097,1202655352
45677120,1202655352
45717139,1202655352
45757161,1202655352
45797180,1202655352
45837202,1202655352
45877223,1202655352
45913268,1205705616
45953328,1205705616
45993388,1205705616
46033448,1205705616
46073509,1205705616
46113569,1205705616
46153628,1205705616
46193688,1205705616
46233748,1205705616
46273808,1205705616
46313869,1205705616
46353928,1205705616
46393988,1205705616
46434048,1205705616
46474108,1205705616
46514168,1205705616
46554228,1205705616
46594288,1205705616
46634348,1205705616
46674408,1205705616
46714468,1205705616
46754528,1205705616
46794588,1205705616
46834648,1205705616
46874708,1205705616
46914768,1205705616
46954828,1205705616
46994888,1205705616
47034948,1205705616
47075008,1205705616
47115068,1205705616
47155128,1205705616
47195188,1205705616
47235248,1205705616
47275308,1205705616
47315368,1205705616
47355428,1205705616
47395488,1205705616
47435553,1205705616
47475623,1205705616
47515691,1205705616
47546734,1202787160
47586785,1202787160
47626833,1202787160
47666885,1202787160
47706934,1202787160
47746985,1202787160
47787038,1202787160
47827088,1202787160
47867138,1202787160
47901173,1202655352
47941210,1202655352
47981248,1202655352
48021288,1202655352
48061333,1202655352
48101377,1202655352
48141398,1202655352
48181419,1202655352
48221438,1202655352
48261461,1202655352
48301481,1202655352
48341505,1202655352
48381524,1202655352
48421577,1205705616
48461633,1205705616
48501689,1205705616
48541742,1205705616
48581795,1205705616
48621848,1205705616
48661902,1205705616
48701955,1205705616
48742008,1205705616
48782061,1205705616
48822115,1205705616
48862168,1205705616
48902221,1205705616
48942275,1205705616
48982328,1205705616
49022381,1205705616
49062434,1205705616
49102487,1205705616
49142543,1205705616
49182599,1205705616
49222654,1205705616
49262707,1205705616
49302763,1205705616
49342820,1205705616
49382875,1205705616
49422930,1205705616
49462985,1205705616
49503040,1205705616
49543095,1205705616
49583152,1205705616
49623206,1205705616
49663262,1205705616
49703317,1205705616
49743372,1205705616
49783427,1205705616
49823482,1205705616
49863536,1205705616
49903591,1205705616
49943648,1205705616
49983702,1205705616
50020207,1202787160
50059806,1202787160
50099859,1202787160
50139910,1202787160
50179959,1202787160
50220011,1202787160
50260063,1202787160
50300113,1202787160
50332150,1205705616
50372196,1205705616
50404229,1202655352
50444267,1202655352
50484300,1202655352
50524339,1202655352
50564375,1202655352
50604407,1202655352
50644426,1202655352
50684447,1202655352
50724466,1202655352
50764488,1202655352
50804510,1202655352
50844530,1202655352
50884552,1202655352
50919595,1205705616
50959655,1205705616
50999715,1205705616
51039775,1205705616
51079835,1205705616
51119895,1205705616
51159955,1205705616
51200015,1205705616
51240075,1205705616
51280135,1205705616
51320195,1205705616
51360255,1205705616
51400315,1205705616
51440375,1205705616
51480435,1205705616
51520495,1205705616
51560555,1205705616
51600615,1205705616
51640675,1205705616
51680735,1205705616
51720795,1205705616
51760855,1205705616
51800915,1205705616
51840975,1205705616
51881035,1205705616
51921095,1205705616
51961155,1205705616
52001215,1205705616
52041275,1205705616
52081335,1205705616
52121395,1205705616
52161455,1205705616
52201515,1205705616
52241575,1205705616
52281635,1205705616
52321695,1205705616
52361755,1205705616
52401815,1205705616
52441875,1205705616
52481935,1205705616
52521995,1205705616
52553037,1202787160
52593088,1202787160
52633140,1202787160
52673194,1202787160
52713242,1202787160
52753294,1202787160
52793347,1202787160
52833396,1202787160
52873443,1202787160
52913484,1202655352
52953521,1202655352
52993560,1202655352
53033604,1202655352
53073656,1202655352
53113689,1202655352
53153708,1202655352
53193730,1202655352
53233750,1202655352
53273772,1202655352
53313793,1202655352
53353815,1202655352
53387416,1205705616
53426888,1205705616
53466948,1205705616
53507008,1205705616
53547068,1205705616
53587128,1205705616
53627188,1205705616
53667248,1205705616
53707308,1205705616
53747368,1205705616
53787428,1205705616
53827488,1205705616
53867548,1205705616
53907608,1205705616
53947668,1205705616
53987728,1205705616
54027788,1205705616
54067848,1205705616
54107908,1205705616
54147968,1205705616
54188028,1205705616
54228088,1205705616
54268148,1205705616
54308208,1205705616
54348268,1205705616
54388328,1205705616
54428388,1205705616
54468448,1205705616
54508508,1205705616
54548568,1205705616
54588628,1205705616
54628688,1205705616
54668748,1205705616
54708808,1205705616
54748868,1205705616
54788928,1205705616
54828988,1205705616
54869048,1205705616
54909108,1205705616
54949168,1205705616
54989228,1205705616
55027140,1202787160
55066338,1202787160
55106388,1202787160
55146437,1202787160
55186486,1202787160
55226537,1202787160
55266588,1202787160
55304076,1205705616
55343679,1205705616
55383727,1205705616
55420766,1202655352
55460805,1202655352
55500843,1202655352
55540889,1202655352
55580930,1202655352
55620957,1202655352
55660976,1202655352
55700997,1202655352
55741017,1202655352
55781039,1202655352
55821058,1202655352
55861080,1202655352
55896105,1205705616
55936165,1205705616
55976225,1205705616
56016285,1205705616
56056345,1205705616
56096405,1205705616
56136465,1205705616
56176525,1205705616
56216585,1205705616
56256645,1205705616
56296705,1205705616
56336765,1205705616
56376825,1205705616
56416885,1205705616
56456945,1205705616
56497005,1205705616
56537065,1205705616
56577125,1205705616
56617185,1205705616
56657245,1205705616
56697305,1205705616
56737365,1205705616
56777425,1205705616
56817485,1205705616
56857545,1205705616
56897605,1205705616
56937665,1205705616
56977725,1205705616
57017785,1205705616
57057845,1205705616
57097905,1205705616
57137965,1205705616
57178025,1205705616
57218085,1205705616
57258150,1205705616
57298218,1205705616
57338287,1205705616
57378354,1205705616
57418423,1205705616
57458492,1205705616
57498560,1205705616
57530620,1202787160
57570669,1202787160
57610719,1202787160
57650768,1202787160
57690819,1202787160
57730871,1202787160
57770922,1202787160
57810973,1202787160
57851021,1202787160
57891071,1202787160
57924110,1202787160
57956146,1202655352
57996190,1202655352
58036234,1202655352
58076271,1202655352
58116298,1202655352
58156317,1202655352
58196341,1202655352
58236359,1202655352
58276383,1202655352
58316401,1202655352
58356424,1202655352
58396443,1202655352
58435472,1205705616
58475532,1205705616
58515592,1205705616
58555652,1205705616
58595712,1205705616
58635772,1205705616
58675832,1205705616
58715892,1205705616
58755952,1205705616
58796012,1205705616
58836072,1205705616
58876132,1205705616
58916192,1205705616
58956252,1205705616
58996312,1205705616
59036372,1205705616
59076432,1205705616
59116492,1205705616
59156551,1205705616
59196611,1205705616
59236671,1205705616
59276731,1205705616
59316791,1205705616
59356851,1205705616
59396911,1205705616
59436971,1205705616
59477031,1205705616
59517091,1205705616
59557151,1205705616
59597211,1205705616
59637271,1205705616
59677331,1205705616
59717391,1205705616
59757451,1205705616
59797511,1205705616
59837571,1205705616
59877631,1205705616
59917691,1205705616
59957752,1205705616
59997811,1205705616
60034101,1202787160
60073919,1202787160
60113968,1202787160
60154017,1202787160
60194068,1202787160
60234118,1202787160
60274169,1202787160
60305202,1205705616
60345247,1205705616
60385292,1205705616
60418326,1202655352
60458366,1202655352
60498404,1202655352
60538436,1202655352
60578471,1202655352
60618497,1202655352
60658517,1202655352
60698539,1202655352
60738559,1202655352
60778579,1202655352
60818600,1202655352
60858620,1202655352
60896328,1205705616
60935696,1205705616
60975756,1205705616
61015816,1205705616
61055876,1205705616
61095936,1205705616
61135996,1205705616
61176056,1205705616
61216116,1205705616
61256176,1205705616
61296236,1205705616
61336296,1205705616
61376356,1205705616
61416416,1205705616
61456476,1205705616
61496536,1205705616
61536596,1205705616
61576656,1205705616
61616716,1205705616
61656776,1205705616
61696836,1205705616
61736896,1205705616
61776956,1205705616
61817016,1205705616
61857076,1205705616
61897136,1205705616
61937196,1205705616
61977256,1205705616
62017316,1205705616
62057376,1205705616
62097436,1205705616
62137496,1205705616
62177556,1205705616
62217616,1205705616
62257676,1205705616
62297736,1205705616
62337796,1205705616
62377856,1205705616
62417916,1205705616
62457976,1205705616
62498036,1205705616
62537574,1202787160
TS,1
31173,0
71233,0
111292,0
151352,0
191412,0
231473,0
271532,0
311592,0
351652,0
391713,0
431772,0
471832,0
511892,0
551953,0
592012,0
632072,0
672132,0
712193,0
752252,0
792312,0
832372,0
872433,0
912492,0
952552,0
992612,0
1032673,0
1072732,0
1112792,0
1152852,0
1192913,0
1232972,0
1273032,0
1313092,0
1353153,0
1393212,0
1433272,0
1473332,0
1513393,0
1553452,0
1593512,0
1633572,0
1673633,0
1713692,0
1753752,0
1793812,0
1833873,0
1873932,0
1913992,0
1954052,0
1994113,0
2034172,0
2074232,0
2114292,0
2154353,0
2194412,0
2234472,0
2274532,0
2314593,0
2354652,0
2394712,0
2434772,0
2473828,7378697629483
2513881,7378697629483
2553929,7378697629483
2593981,7378697629483
2634033,7378697629483
2674085,7378697629483
2714138,7378697629483
2754188,7378697629483
2794236,7378697629483
2828276,7378697629483
2868312,7378697629483
2908357,7378697629483
2948388,7378697629483
2988428,7378697629483
3028456,7378697629483
3068479,7378697629483
3108501,7378697629483
3148522,7378697629483
3188544,7378697629483
3228562,7378697629483
3268585,7378697629483
3308603,7378697629483
3343640,0
3383708,0
3423780,0
3463841,0
3503901,0
3543961,0
3584022,0
3624081,0
3664141,0
3704201,0
3744262,0
3784321,0
3824381,0
3864441,0
3904502,0
3944561,0
3984621,0
4024681,0
4064742,0
4104801,0
4144861,0
4184921,0
4224982,0
4265041,0
4305101,0
4345161,0
4385222,0
4425281,0
4465341,0
4505401,0
4545462,0
4585521,0
4625581,0
4665641,0
4705702,0
4745761,0
4785821,0
4825881,0
4865942,0
4906001,0
4946061,0
4977106,58
5017159,58
5057207,58
5097260,58
5137308,58
5177360,58
5217412,58
5257461,58
5297510,58
5331549,80
5371592,80
5411624,80
5451662,80
5491701,80
5531739,80
5571761,80
5611783,80
5651802,80
5691825,80
5731845,80
5771867,80
5811888,80
5845921,0
5885981,0
5926041,0
5966101,0
6006161,0
6046221,0
6086281,0
6126341,0
6166401,0
6206461,0
6246521,0
6286581,0
6326641,0
6366701,0
6406761,0
6446821,0
6486881,0
6526941,0
6567001,0
6607061,0
6647121,0
6687181,0
6727241,0
6767301,0
6807361,0
6847421,0
6887481,0
6927541,0
6967601,0
7007661,0
7047721,0
7087781,0
7127841,0
7167906,0
7207976,0
7248046,0
7288118,0
7328188,0
7368257,0
7408321,0
7448386,0
7481437,57
7521488,57
7561537,57
7601586,57
7641637,57
7681690,57
7721742,57
7761793,57
7792830,0
7825856,80
7864906,80
7904942,80
7944981,80
7985027,80
8025067,80
8065097,80
8105116,80
8145139,80
8185157,80
8225177,80
8265196,80
8305219,80
8342253,0
8382313,0
8422373,0
8462433,0
8502493,0
8542553,0
8582613,0
8622673,0
8662733,0
8702793,0
8742853,0
8782913,0
8822973,0
8863033,0
8903093,0
8943153,0
8983213,0
9023273,0
9063332,0
9103392,0
9143452,0
9183512,0
9223572,0
9263632,0
9303692,0
9343752,0
9383812,0
9423872,0
9463932,0
9503992,0
9544052,0
9584112,0
9624172,0
9664232,0
9704292,0
9744352,0
9784412,0
9824472,0
9864532,0
9904592,0
9944652,0
9984714,48
10024765,48
10064813,48
10104866,48
10144917,48
10184968,48
10225018,48
10265067,48
10305114,48
10339155,79
10379195,79
10419238,79
10459278,79
10499311,79
10539340,79
10579367,79
10619388,79
10659409,79
10699430,79
10739451,79
10779469,79
10819492,79
10851524,0
10891584,0
10931644,0
10971704,0
11011764,0
11051824,0
11091884,0
11131944,0
11172004,0
11212064,0
11252124,0
11292184,0
11332244,0
11372304,0
11412364,0
11452424,0
11492484,0
11532544,0
11572604,0
11612664,0
11652724,0
11692784,0
11732844,0
11772904,0
11812964,0
11853024,0
11893084,0
11933144,0
11973204,0
12013264,0
12053324,0
12093384,0
12133444,0
12173504,0
12213564,0
12253624,0
12293684,0
12333744,0
12373804,0
12413864,0
12453924,0
12487975,58
12528025,58
12568075,58
12608125,58
12648175,58
12688225,58
12728275,58
12768326,58
12800363,0
12832787,80
12872438,80
12912473,80
12952506,80
12992541,80
13032585,80
13072606,80
13112630,80
13152648,80
13192670,80
13232688,80
13272709,80
13312728,80
13343752,0
13383812,0
13423872,0
13463932,0
13503992,0
13544052,0
13584112,0
13624172,0
13664232,0
13704292,0
13744352,0
13784412,0
13824472,0
13864532,0
13904592,0
13944652,0
13984712,0
14024772,0
14064832,0
14104892,0
14144952,0
14185012,0
14225072,0
14265132,0
14305192,0
14345252,0
14385312,0
14425372,0
14465432,0
14505492,0
14545552,0
14585612,0
14625677,0
14665745,0
14705813,0
14745882,0
14785950,0
14826018,0
14866086,0
14906154,0
14946222,0
14981281,48
15021333,48
15061382,48
15101429,48
15141481,48
15181530,48
15221581,48
15261630,48
15301679,48
15336208,80
15375758,80
15415796,80
15455834,80
15495873,80
15535916,80
15575943,80
15615963,80
15655983,80
15696005,80
15736024,80
15776047,80
15816066,80
15851101,0
15891161,0
15931221,0
15971281,0
16011341,0
16051401,0
16091461,0
16131521,0
16171581,0
16211641,0
16251701,0
16291761,0
16331821,0
16371881,0
16411941,0
16452001,0
16492061,0
16532121,0
16572181,0
16612241,0
16652301,0
16692361,0
16732421,0
16772481,0
16812541,0
16852601,0
16892661,0
16932721,0
16972781,0
17012841,0
17052901,0
17092961,0
17133021,0
17173081,0
17213141,0
17253201,0
17293261,0
17333321,0
17373381,0
17413441,0
17453501,0
17484549,57
17524602,57
17564652,57
17604703,57
17644753,57
17684803,57
17724854,57
17764904,57
17802950,0
17839673,79
17879030,79
17919067,79
17959110,79
17999146,79
18039180,79
18079202,79
18119226,79
18159245,79
18199267,79
18239285,79
18279309,79
18319328,79
18358356,0
18398415,0
18438475,0
18478535,0
18518596,0
18558655,0
18598715,0
18638775,0
18678836,0
18718895,0
18758955,0
18799015,0
18839076,0
18879135,0
18919195,0
18959255,0
18999316,0
19039376,0
19079436,0
19119496,0
19159556,0
19199616,0
19239676,0
19279736,0
19319796,0
19359856,0
19399915,0
19439975,0
19480036,0
19520095,0
19560155,0
19600215,0
19640276,0
19680335,0
19720395,0
19760455,0
19800516,0
19840575,0
19880635,0
19920695,0
19960756,0
19997810,49
20037858,49
20077907,49
20117958,49
20158011,49
20198060,49
20238112,49
20278162,49
20318210,49
20352249,81
20392290,81
20432336,81
20472377,81
20512411,81
20552443,81
20592464,81
20632488,81
20672507,81
20712528,81
20752547,81
20792571,81
20832590,81
20869637,0
20909697,0
20949757,0
20989817,0
21029877,0
21069937,0
21109997,0
21150057,0
21190117,0
21230177,0
21270237,0
21310297,0
21350357,0
21390417,0
21430477,0
21470537,0
21510597,0
21550657,0
21590717,0
21630777,0
21670837,0
21710897,0
21750957,0
21791017,0
21831077,0
21871137,0
21911197,0
21951257,0
21991317,0
22031377,0
22071437,0
22111502,0
22151570,0
22191638,0
22231706,0
22271775,0
22311843,0
22351911,0
22391980,0
22432053,0
22472116,0
22512177,57
22552227,57
22592276,57
22632326,57
22672376,57
22712426,57
22752479,57
22790452,0
22829572,0
22865610,79
22905654,79
22945694,79
22985738,79
23025776,79
23065807,79
23105826,79
23145849,79
23185866,79
23225889,79
23265907,79
23305929,79
23345952,79
23381995,0
23422055,0
23462115,0
23502175,0
23542235,0
23582295,0
23622355,0
23662415,0
23702475,0
23742535,0
23782595,0
23822655,0
23862715,0
23902775,0
23942835,0
23982895,0
24022955,0
24063014,0
24103074,0
24143134,0
24183194,0
24223254,0
24263314,0
24303374,0
24343434,0
24383494,0
24423554,0
24463614,0
24503674,0
24543734,0
24583794,0
24623854,0
24663914,0
24703974,0
24744029,0
24784083,0
24824136,0
24864192,0
24904245,0
24944298,0
24984353,0
25015397,49
25055447,49
25095494,49
25135546,49
25175596,49
25215646,49
25255697,49
25295746,49
25331255,0
25369829,80
25409863,80
25449903,80
25489938,80
25529981,80
25570011,80
25610029,80
25650051,80
25690070,80
25730093,80
25770111,80
25810132,80
25850150,80
25887196,0
25927256,0
25967316,0
26007376,0
26047436,0
26087496,0
26127556,0
26167616,0
26207676,0
26247736,0
26287796,0
26327856,0
26367916,0
26407976,0
26448036,0
26488096,0
26528156,0
26568216,0
26608276,0
26648336,0
26688396,0
26728456,0
26768516,0
26808576,0
26848636,0
26888696,0
26928756,0
26968816,0
27008876,0
27048936,0
27088996,0
27129056,0
27169116,0
27209176,0
27249236,0
27289296,0
27329356,0
27369416,0
27409476,0
27449533,0
27489063,55
27528647,55
27568699,55
27608751,55
27648798,55
27688850,55
27728902,55
27768956,55
27807001,0
27847048,0
27883085,81
27923124,81
27963164,81
28003202,81
28043242,81
28083274,81
28123297,81
28163315,81
28203338,81
28243357,81
28283378,81
28323399,81
28358479,0
28398473,0
28438533,0
28478593,0
28518653,0
28558713,0
28598773,0
28638833,0
28678893,0
28718953,0
28759013,0
28799073,0
28839133,0
28879193,0
28919253,0
28959313,0
28999373,0
29039433,0
29079493,0
29119557,0
29159624,0
29199684,0
29239744,0
29279804,0
29319864,0
29359924,0
29399984,0
29440044,0
29480104,0
29520164,0
29560224,0
29600284,0
29640344,0
29680404,0
29720464,0
29760524,0
29800584,0
29840644,0
29880704,0
29920764,0
29960824,0
29992528,49
30031926,49
30071977,49
30112028,49
30152081,49
30192133,49
30232183,49
30272235,49
30312286,49
30344419,0
30376359,80
30416392,80
30456432,80
30496466,80
30536500,80
30576529,80
30616550,80
30656575,80
30696593,80
30736615,80
30776633,80
30816656,80
30856674,80
30893721,0
30933781,0
30973841,0
31013901,0
31053961,0
31094021,0
31134081,0
31174141,0
31214201,0
31254261,0
31294321,0
31334381,0
31374441,0
31414501,0
31454561,0
31494621,0
31534681,0
31574741,0
31614801,0
31654861,0
31694921,0
31734981,0
31775041,0
31815101,0
31855161,0
31895221,0
31935281,0
31975341,0
32015401,0
32055461,0
32095521,0
32135581,0
32175641,0
32215701,0
32255761,0
32295821,0
32335881,0
32375941,0
32416001,0
32456061,0
32495978,56
32535176,56
32575223,56
32615271,56
32655321,56
32695369,56
32735422,56
32775471,56
32815521,56
32846557,0
32879596,81
32919634,81
32959671,81
32999706,81
33039739,81
33079768,81
33119787,81
33159811,81
33199830,81
33239853,81
33279872,81
33319897,81
33359914,81
33396962,0
33437022,0
33477082,0
33517142,0
33557202,0
33597262,0
33637322,0
33677382,0
33717442,0
33757502,0
33797562,0
33837622,0
33877682,0
33917742,0
33957802,0
33997862,0
34037922,0
34077982,0
34118041,0
34158101,0
34198161,0
34238221,0
34278281,0
34318341,0
34358401,0
34398461,0
34438521,0
34478581,0
34518641,0
34558701,0
34598761,0
34638821,0
34678881,0
34718941,0
34759001,0
34799061,0
34839121,0
34879181,0
34919241,0
34959301,0
34999361,0
35039415,51
35079465,51
35119516,51
35159568,51
35199619,51
35239669,51
35279720,51
35319771,51
35351805,0
35383842,81
35423882,81
35463923,81
35503961,81
35544000,81
35584030,81
35624051,81
35664073,81
35704093,81
35744114,81
35784132,81
35824155,81
35864173,81
35895210,0
35935264,0
35975317,0
36015387,0
36055455,0
36095524,0
36135593,0
36175662,0
36215739,0
36255844,0
36295908,0
36335968,0
36376028,0
36416088,0
36456148,0
36496210,0
36536270,0
36576330,0
36616390,0
36656450,0
36696508,0
36736566,0
36776624,0
36816681,0
36856739,0
36896797,0
36936854,0
36976911,0
37016969,0
37057027,0
37097082,0
37137139,0
37177196,0
37217255,0
37257313,0
37297371,0
37337430,0
37377488,0
37417545,0
37457602,0
37497660,0
37532710,53
37572763,53
37612815,53
37652863,53
37692914,53
37732965,53
37773018,53
37813066,53
37845100,0
37877134,80
37917173,80
37957213,80
37997252,80
38037288,80
38077320,80
38117339,80
38157356,80
38197378,80
38237397,80
38277418,80
38317440,80
38357460,80
38393497,0
38433557,0
38473617,0
38513677,0
38553737,0
38593797,0
38633857,0
38673917,0
38713977,0
38754037,0
38794097,0
38834157,0
38874217,0
38914277,0
38954337,0
38994397,0
39034457,0
39074517,0
39114577,0
39154637,0
39194697,0
39234757,0
39274817,0
39314877,0
39354937,0
39394997,0
39435057,0
39475117,0
39515177,0
39555237,0
39595297,0
39635357,0
39675417,0
39715477,0
39755537,0
39795597,0
39835657,0
39875717,0
39915777,0
39955837,0
39995897,0
40035954,53
40076006,53
40116056,53
40156108,53
40196157,53
40236209,53
40276261,53
40316310,53
40350347,0
40390389,81
40430435,81
40470482,81
40510516,81
40550550,81
40590574,81
40630594,81
40670615,81
40710636,81
40750657,81
40790678,81
40830698,81
40870720,81
40905763,0
40945824,0
40985883,0
41025943,0
41066003,0
41106064,0
41146123,0
41186183,0
41226243,0
41266304,0
41306363,0
41346423,0
41386483,0
41426544,0
41466603,0
41506663,0
41546723,0
41586784,0
41626843,0
41666903,0
41706963,0
41747024,0
41787083,0
41827143,0
41867203,0
41907264,0
41947323,0
41987383,0
42027443,0
42067504,0
42107563,0
42147623,0
42187683,0
42227744,0
42267803,0
42307863,0
42347923,0
42387983,0
42428040,0
42468085,0
42508132,0
42539178,50
42579228,50
42619278,50
42659331,50
42699382,50
42739431,50
42779484,50
42819535,50
42859582,50
42893619,80
42933656,80
42973696,80
43013733,80
43053765,80
43093794,80
43133817,80
43173837,80
43213860,80
43253879,80
43293903,80
43333921,80
43370843,0
43409998,0
43450058,0
43490118,0
43530178,0
43570238,0
43610298,0
43650358,0
43690418,0
43730478,0
43770538,0
43810598,0
43850658,0
43890718,0
43930778,0
43970838,0
44010898,0
44050958,0
44091018,0
44131078,0
44171138,0
44211198,0
44251258,0
44291318,0
44331378,0
44371438,0
44411498,0
44451558,0
44491618,0
44531678,0
44571738,0
44611798,0
44651858,0
44691918,0
44731978,0
44772038,0
44812098,0
44852158,0
44892218,0
44932278,0
44972338,0
45012398,0
45052452,56
45092503,56
45132553,56
45172606,56
45212660,56
45252708,56
45292758,56
45324797,0
45364843,0
45396875,79
45436919,79
45476969,79
45517007,79
45557054,79
45597079,79
45637098,79
45677121,79
45717140,79
45757162,79
45797181,79
45837203,79
45877224,79
45913269,0
45953329,0
45993389,0
46033449,0
46073509,0
46113569,0
46153629,0
46193689,0
46233749,0
46273809,0
46313869,0
46353929,0
46393989,0
46434049,0
46474109,0
46514169,0
46554229,0
46594289,0
46634349,0
46674409,0
46714469,0
46754529,0
46794589,0
46834649,0
46874709,0
46914769,0
46954829,0
46994889,0
47034949,0
47075009,0
47115069,0
47155129,0
47195189,0
47235249,0
47275309,0
47315369,0
47355429,0
47395489,0
47435553,0
47475624,0
47515691,0
47546735,48
47586787,48
47626835,48
47666886,48
47706936,48
47746986,48
47787039,48
47827089,48
47867139,48
47901174,80
47941211,80
47981249,80
48021289,80
48061335,80
48101378,80
48141399,80
48181420,80
48221439,80
48261462,80
48301482,80
48341506,80
48381525,80
48421577,0
48461633,0
48501690,0
48541743,0
48581796,0
48621849,0
48661902,0
48701955,0
48742008,0
48782062,0
48822115,0
48862168,0
48902222,0
48942275,0
48982328,0
49022381,0
49062435,0
49102488,0
49142544,0
49182599,0
49222654,0
49262707,0
49302764,0
49342820,0
49382875,0
49422930,0
49462986,0
49503041,0
49543096,0
49583153,0
49623206,0
49663262,0
49703318,0
49743372,0
49783427,0
49823483,0
49863536,0
49903592,0
49943649,0
49983702,0
50020208,58
50059807,58
50099860,58
50139911,58
50179960,58
50220012,58
50260064,58
50300114,58
50332151,0
50372197,0
50404231,80
50444269,80
50484301,80
50524340,80
50564377,80
50604408,80
50644426,80
50684449,80
50724467,80
50764489,80
50804511,80
50844531,80
50884553,80
50919595,0
50959655,0
50999715,0
51039775,0
51079835,0
51119895,0
51159955,0
51200015,0
51240075,0
51280135,0
51320195,0
51360255,0
51400315,0
51440375,0
51480435,0
51520495,0
51560555,0
51600615,0
51640675,0
51680735,0
51720795,0
51760855,0
51800915,0
51840975,0
51881035,0
51921095,0
51961155,0
52001215,0
52041275,0
52081335,0
52121395,0
52161455,0
52201515,0
52241575,0
52281635,0
52321695,0
52361755,0
52401815,0
52441875,0
52481935,0
52521995,0
52553038,48
52593090,48
52633141,48
52673195,48
52713243,48
52753295,48
52793348,48
52833398,48
52873444,48
52913485,80
52953522,80
52993561,80
53033605,80
53073657,80
53113690,80
53153710,80
53193731,80
53233751,80
53273773,80
53313794,80
53353817,80
53387416,0
53426888,0
53466948,0
53507008,0
53547068,0
53587128,0
53627188,0
53667248,0
53707308,0
53747368,0
53787428,0
53827488,0
53867548,0
53907608,0
53947668,0
53987728,0
54027788,0
54067848,0
54107908,0
54147968,0
54188028,0
54228088,0
54268148,0
54308208,0
54348268,0
54388328,0
54428388,0
54468448,0
54508508,0
54548568,0
54588628,0
54628688,0
54668748,0
54708808,0
54748868,0
54788928,0
54828988,0
54869048,0
54909108,0
54949168,0
54989228,0
55027140,59
55066339,59
55106389,59
55146438,59
55186488,59
55226538,59
55266589,59
55304078,0
55343680,0
55383728,0
55420767,78
55460806,78
55500844,78
55540890,78
55580931,78
55620958,78
55660977,78
55700998,78
55741018,78
55781040,78
55821059,78
55861081,78
55896106,0
55936166,0
55976226,0
56016286,0
56056346,0
56096406,0
56136466,0
56176525,0
56216585,0
56256645,0
56296705,0
56336765,0
56376825,0
56416885,0
56456945,0
56497005,0
56537065,0
56577125,0
56617185,0
56657245,0
56697305,0
56737365,0
56777425,0
56817485,0
56857545,0
56897605,0
56937665,0
56977725,0
57017785,0
57057845,0
57097905,0
57137965,0
57178025,0
57218085,0
57258150,0
57298218,0
57338287,0
57378355,0
57418424,0
57458492,0
57498560,0
57530620,44
57570670,44
57610720,44
57650770,44
57690821,44
57730872,44
57770923,44
57810974,44
57851022,44
57891072,44
57924111,44
57956147,79
57996192,79
58036235,79
58076272,79
58116299,79
58156318,79
58196342,79
58236360,79
58276385,79
58316402,79
58356425,79
58396444,79
58435472,0
58475532,0
58515592,0
58555652,0
58595712,0
58635772,0
58675832,0
58715892,0
58755952,0
58796012,0
58836072,0
58876132,0
58916193,0
58956252,0
58996312,0
59036372,0
59076432,0
59116492,0
59156552,0
59196612,0
59236672,0
59276732,0
59316792,0
59356852,0
59396912,0
59436972,0
59477032,0
59517092,0
59557152,0
59597212,0
59637272,0
59677332,0
59717392,0
59757452,0
59797512,0
59837572,0
59877632,0
59917692,0
59957752,0
59997812,0
60034101,63
60073920,63
60113969,63
60154018,63
60194069,63
60234119,63
60274170,63
60305203,0
60345248,0
60385293,0
60418329,79
60458367,79
60498405,79
60538437,79
60578472,79
60618498,79
60658518,79
60698540,79
60738560,79
60778580,79
60818602,79
60858621,79
60896329,0
60935696,0
60975756,0
61015816,0
61055876,0
61095936,0
61135996,0
61176056,0
61216116,0
61256176,0
61296236,0
61336296,0
61376356,0
61416416,0
61456476,0
61496536,0
61536596,0
61576656,0
61616716,0
61656776,0
61696836,0
61736896,0
61776956,0
61817016,0
61857076,0
61897136,0
61937196,0
61977256,0
62017316,0
62057376,0
62097436,0
62137496,0
62177556,0
62217616,0
62257676,0
62297736,0
62337796,0
62377856,0
62417916,0
62457976,0
62498036,0
62537575,40
TS,2
31174,733076015
71233,733196597
111293,733315384
151353,733434348
191413,733553726
231473,733673255
271533,733791964
311593,733910768
351653,734030153
391713,734149674
431773,734268571
471833,734387601
511893,734506655
551953,734626128
592013,734745019
632073,734864101
672133,734983300
712193,735102882
752253,735221959
792313,735340885
832373,735460109
872433,735579484
912493,735698375
952553,735817147
992613,735936351
1032673,736055811
1072733,736175118
1112793,736294126
1152853,736413468
1192913,736533051
1232973,736651972
1273033,736771020
1313093,736890419
1353153,737009697
1393213,737128275
1433273,737247324
1473333,737366536
1513393,737485789
1553453,737604492
1593513,737723528
1633573,737842490
1673633,737961725
1713693,738080468
1753753,738199342
1793813,738318580
1833873,738437867
1873933,738556706
1913993,738675610
1954053,738795026
1994113,738914495
2034173,739032946
2074233,739152027
2114293,739271100
2154353,739390357
2194413,739509093
2234473,739628004
2274533,739747123
2314593,739866386
2354653,739985208
2394713,740104131
2434773,740223276
2473829,769292925
2513883,829372779
2553930,889444315
2593983,949522621
2634034,1009600557
2674086,1069677611
2714139,1129757727
2754189,1189831823
2794237,1249904431
2828277,1300963741
2868313,1361018195
2908358,1421086251
2948389,1481132523
2988429,1541191891
3028457,1601234453
3068480,1661268093
3108502,1721301851
3148523,1781332979
3188545,1841366051
3228563,1901393583
3268586,1961428259
3308603,2021453665
3343640,2044901140
3383708,2045037925
3423780,2045196524
3463841,2045335616
3503901,2045454499
3543961,2045573972
3584022,2045693797
3624082,2045812383
3664142,2045931280
3704202,2046050131
3744262,2046169768
3784322,2046288992
3824382,2046408081
3864442,2046527432
3904502,2046646593
3944562,2046765261
3984622,2046884076
4024682,2047002854
4064742,2047122263
4104802,2047240985
4144862,2047359660
4184922,2047478697
4224982,2047598068
4265042,2047716698
4305102,2047835697
4345162,2047954638
4385222,2048073879
4425282,2048192505
4465342,2048311396
4505402,2048430415
4545462,2048549712
4585522,2048668204
4625582,2048787091
4665642,2048906154
4705702,2049025427
4745762,2049144107
4785822,2049262790
4825882,2049381843
4865942,2049501067
4906002,2049619770
4946062,2049738688
4977108,2078492836
5017160,2138571036
5057208,2198643004
5097260,2258721562
5137309,2318794074
5177362,2378873770
5217414,2438952572
5257462,2499024706
5297511,2559096876
5331550,2600831943
5371593,2660896133
5411625,2720944075
5451663,2781000663
5491702,2841059195
5531740,2901116529
5571762,2961149243
5611783,3021181817
5651803,3081210813
5691826,3141245013
5731846,3201275021
5771868,3261308999
5811889,3321340093
5845922,3342480828
5885981,3342594052
5926041,3342705872
5966102,3342817955
6006161,3342929323
6046221,3343040424
6086281,3343152183
6126341,3343264502
6166401,3343376479
6206461,3343488753
6246521,3343600985
6286581,3343713292
6326641,3343825061
6366701,3343937207
6406761,3344050224
6446821,3344163260
6486881,3344276248
6526941,3344390013
6567001,3344503816
6607061,3344616973
6647121,3344729574
6687181,3344841924
6727241,3344954450
6767301,3345066835
6807361,3345178890
6847421,3345291225
6887481,3345403424
6927541,3345515689
6967601,3345627393
7007661,3345739132
7047721,3345851158
7087781,3345963185
7127841,3346074473
7167906,3346200503
7207976,3346351480
7248047,3346519562
7288118,3346716938
7328188,3346904106
7368258,3347085072
7408321,3347204411
7448387,3347352315
7481439,3377428877
7521489,3437504483
7561538,3497578553
7601588,3557652363
7641638,3617728247
7681691,3677807585
7721743,3737885431
7761794,3797962089
7792831,3800502965
7825856,3800609814
7864907,3859186866
7904943,3919239708
7944982,3979298552
7985028,4039367654
8025068,4099427096
8065098,4159471898
8105116,4219499480
8145140,4279535342
8185158,4339561342
8225178,4399591778
8265197,4459620424
8305219,4519653868
8342253,4546177199
8382313,4546289630
8422373,4546400913
8462433,4546512394
8502493,4546624048
8542553,4546735165
8582613,4546846284
8622673,4546957791
8662733,4547069509
8702793,4547180612
8742853,4547291893
8782913,4547403232
8822973,4547514902
8863033,4547626011
8903093,4547737542
8943153,4547849457
8983213,4547961287
9023273,4548072232
9063332,4548183093
9103392,4548294564
9143453,4548406246
9183512,4548517371
9223572,4548628476
9263632,4548739953
9303693,4548851669
9343752,4548962742
9383812,4549074035
9423872,4549185546
9463933,4549297189
9503992,4549408312
9544052,4549519628
9584112,4549631183
9624173,4549742869
9664232,4549853786
9704292,4549965064
9744352,4550076572
9784413,4550188234
9824472,4550299403
9864532,4550410533
9904592,4550521985
9944653,4550634007
9984716,4580428055
10024767,4640504425
10064814,4700576057
10104867,4760655397
10144919,4820732059
10184969,4880808265
10225019,4940883031
10265069,5000957177
10305116,5061028355
10339156,5112062491
10379196,5172122555
10419239,5232187119
10459279,5292247169
10499312,5352296297
10539341,5412339485
10579368,5472380235
10619389,5532412119
10659410,5592444179
10699430,5652473531
10739452,5712506269
10779470,5772533031
10819493,5832568621
10851524,5850761090
10891584,5850874565
10931644,5850986437
10971704,5851098364
11011764,5851210635
11051824,5851323137
11091884,5851435039
11131944,5851547094
11172004,5851659365
11212064,5851771660
11252124,5851883590
11292184,5851995731
11332244,5852107982
11372304,5852220429
11412364,5852332163
11452424,5852444232
11492484,5852556481
11532544,5852668970
11572604,5852780834
11612664,5852892963
11652724,5853005094
11692784,5853117599
11732844,5853229519
11772904,5853341592
11812964,5853453879
11853024,5853566186
11893084,5853678080
11933144,5853790143
11973204,5853902448
12013264,5854014989
12053324,5854126999
12093384,5854239060
12133444,5854351351
12173504,5854463848
12213564,5854575932
12253624,5854688455
12293684,5854801056
12333744,5854913975
12373804,5855026577
12413864,5855139424
12453924,5855252670
12487977,5884740985
12528027,5944815341
12568076,6004889685
12608126,6064964825
12648176,6125039801
12688227,6185115491
12728276,6245190071
12768327,6305266627
12800364,6308487093
12832788,6308600784
12872439,6368077300
12912474,6428130124
12952506,6488178678
12992542,6548231736
13032585,6608297124
13072607,6668329406
13112631,6728365280
13152648,6788391524
13192671,6848425212
13232689,6908452036
13272710,6968484050
13312729,7028512748
13343753,7060833067
13383812,7060945989
13423873,7061057861
13463932,7061169408
13503992,7061280774
13544053,7061392692
13584113,7061504692
13624172,7061615787
13664232,7061727103
13704292,7061838627
13744353,7061950133
13784412,7062061248
13824472,7062172598
13864532,7062284078
13904593,7062395772
13944652,7062506737
13984712,7062618045
14024772,7062729633
14064833,7062841378
14104892,7062952487
14144952,7063063803
14185012,7063175209
14225073,7063286883
14265132,7063398028
14305192,7063509294
14345252,7063620866
14385313,7063732372
14425372,7063843441
14465432,7063954757
14505492,7064066233
14545553,7064177963
14585613,7064289352
14625677,7064413058
14665746,7064543804
14705814,7064675364
14745882,7064814369
14785950,7064948487
14826018,7065085248
14866087,7065224526
14906155,7065362070
14946222,7065497874
14981282,7079839926
15021335,7139918592
15061383,7199990508
15101431,7260062488
15141482,7320139368
15181532,7380213800
15221583,7440290618
15261631,7500362924
15301680,7560436784
15336209,7602936759
15375759,7662262295
15415798,7722319931
15455835,7782375625
15495874,7842435167
15535917,7902499121
15575943,7962538553
15615964,8022569943
15655984,8082599285
15696006,8142632553
15736025,8202661425
15776048,8262695119
15816067,8322723937
15851102,8345583026
15891161,8345696183
15931221,8345808519
15971282,8345920833
16011341,8346032774
16051401,8346144704
16091461,8346257010
16131522,8346369458
16171581,8346481411
16211641,8346593395
16251701,8346705817
16291762,8346818349
16331821,8346930282
16371881,8347042512
16411941,8347154600
16452002,8347267336
16492061,8347379295
16532121,8347491515
16572181,8347604219
16612242,8347716689
16652301,8347828418
16692361,8347940518
16732421,8348052866
16772482,8348165318
16812541,8348277223
16852601,8348389159
16892661,8348501519
16932722,8348614123
16972781,8348726044
17012841,8348838214
17052901,8348950352
17092962,8349062648
17133021,8349174573
17173081,8349286665
17213141,8349399085
17253202,8349511551
17293261,8349623276
17333321,8349735366
17373381,8349847606
17413442,8349960084
17453501,8350071927
17484550,8364111364
17524604,8424191628
17564654,8484267378
17604705,8544343508
17644755,8604418554
17684804,8664492498
17724855,8724569268
17764905,8784643896
17802951,8812157793
17839673,8812281239
17879031,8871317977
17919068,8931373419
17959111,8991437555
17999147,9051492227
18039180,9111541445
18079203,9171575135
18119227,9231611499
18159246,9291639751
18199269,9351673937
18239286,9411699737
18279310,9471736153
18319329,9531764049
18358356,9575542998
18398416,9575662956
18438476,9575781840
18478536,9575900940
18518596,9576020456
18558656,9576139367
18598716,9576258447
18638776,9576377713
18678836,9576497162
18718896,9576616302
18758956,9576735433
18799016,9576854946
18839076,9576974565
18879136,9577093783
18919196,9577213038
18959256,9577332405
18999316,9577453204
19039376,9577572962
19079436,9577692595
19119496,9577812992
19159556,9577933537
19199616,9578053377
19239676,9578173272
19279736,9578293363
19319796,9578413546
19359856,9578532640
19399916,9578651684
19439976,9578770996
19480036,9578890499
19520096,9579009633
19560156,9579128898
19600216,9579248377
19640276,9579367916
19680336,9579487320
19720396,9579606577
19760456,9579725972
19800516,9579845473
19840576,9579964401
19880636,9580083514
19920696,9580202813
19960756,9580322222
19997811,9609183909
20037860,9669256871
20077908,9729329635
20117960,9789406931
20158012,9849486297
20198062,9909559955
20238114,9969638293
20278163,10029712315
20318211,10089784631
20352250,10131241297
20392290,10191302493
20432337,10251372125
20472378,10311434101
20512412,10371484703
20552444,10431532367
20592464,10491563073
20632489,10551600349
20672507,10611627485
20712529,10671660397
20752548,10731688053
20792572,10791724673
20832591,10851752289
20869638,10863175465
20909698,10863288149
20949757,10863399251
20989817,10863510588
21029877,10863622063
21069938,10863733731
21109997,10863844753
21150057,10863956060
21190117,10864067543
21230178,10864179243
21270237,10864290337
21310297,10864401672
21350357,10864512993
21390418,10864624857
21430477,10864736003
21470537,10864847344
21510597,10864958907
21550658,10865070427
21590717,10865181543
21630777,10865292836
21670837,10865404359
21710898,10865516037
21750957,10865627181
21791017,10865738314
21831077,10865849869
21871138,10865961637
21911197,10866072727
21951257,10866184060
21991317,10866295495
22031378,10866407161
22071438,10866518643
22111502,10866640912
22151570,10866778532
22191638,10866960784
22231706,10867122282
22271775,10867282148
22311843,10867439074
22351911,10867607429
22391980,10867778361
22432053,10867962573
22472117,10868084336
22512178,10913185921
22552228,10973260441
22592278,11033334749
22632327,11093408447
22672377,11153483839
22712427,11213559563
22752480,11273639305
22790453,11330597617
22829573,11330732128
22865610,11359332160
22905655,11419399840
22945695,11479459566
22985739,11539525648
23025778,11599584710
23065808,11659628606
23105826,11719656214
23145850,11779691972
23185867,11839716626
23225890,11899752434
23265908,11959777986
23305930,12019811066
23345953,12079846144
23381995,12090158241
23422055,12090271037
23462115,12090382639
23502175,12090493746
23542235,12090605066
23582295,12090716524
23622355,12090828204
23662415,12090939139
23702475,12091050497
23742535,12091162051
23782595,12091273675
23822655,12091384774
23862715,12091496064
23902775,12091607380
23942835,12091719212
23982895,12091830321
24022955,12091941571
24063014,12092052775
24103075,12092164265
24143134,12092275362
24183194,12092386628
24223254,12092498112
24263315,12092609768
24303374,12092720797
24343434,12092832069
24383494,12092943535
24423555,12093055219
24463614,12093166286
24503674,12093277592
24543734,12093388888
24583795,12093500762
24623854,12093611835
24663914,12093723141
24703974,12093833895
24744029,12093938495
24784083,12094041812
24824137,12094143466
24864192,12094248200
24904245,12094349716
24944298,12094451855
24984354,12094556331
25015399,12139257633
25055449,12199332741
25095495,12259402975
25135547,12319479779
25175597,12379555581
25215647,12439630539
25255698,12499706471
25295748,12559781051
25331256,12613043937
25369830,12642805378
25409864,12702857330
25449904,12762916188
25489939,12822969228
25529982,12883034368
25570012,12943078680
25610030,13003105504
25650052,13063138222
25690071,13123166880
25730094,13183202430
25770111,13243228120
25810133,13303260582
25850151,13363287510
25887197,13374954887
25927256,13375073501
25967316,13375191046
26007376,13375308560
26047436,13375425515
26087496,13375542192
26127556,13375659326
26167616,13375776662
26207676,13375893389
26247736,13376010365
26287796,13376127327
26327856,13376244661
26367916,13376361380
26407976,13376478346
26448036,13376595448
26488096,13376712786
26528156,13376829383
26568216,13376946337
26608276,13377063479
26648336,13377180789
26688396,13377297584
26728456,13377414398
26768516,13377531534
26808576,13377648830
26848636,13377765565
26888696,13377882541
26928756,13377999831
26968816,13378117173
27008876,13378234094
27048936,13378351266
27088996,13378468941
27129056,13378586526
27169116,13378703349
27209176,13378820559
27249236,13378937881
27289296,13379055183
27329356,13379171906
27369416,13379288862
27409476,13379406441
27449533,13379521499
27489063,13379637690
27528648,13439015723
27568700,13499094153
27608752,13559171341
27648800,13619242827
27688852,13679320751
27728903,13739398067
27768957,13799479015
27807002,13841858794
27847049,13841991789
27883086,13886391179
27923125,13946448699
27963165,14006509047
28003203,14066565759
28043243,14126626569
28083275,14186674465
28123298,14246709259
28163316,14306735133
28203339,14366770297
28243358,14426797789
28283379,14486830527
28323400,14546861531
28358480,14599481169
28398474,14599601139
28438533,14599712686
28478593,14599824169
28518653,14599936114
28558714,14600048027
28598773,14600159548
28638833,14600271027
28678893,14600382925
28718954,14600494951
28759013,14600606475
28799073,14600717791
28839133,14600829648
28879194,14600941931
28919253,14601053394
28959313,14601164931
28999373,14601276756
29039434,14601389157
29079493,14601500831
29119557,14601623380
29159624,14601775313
29199684,14601896012
29239744,14602014943
29279804,14602134034
29319864,14602253548
29359924,14602373174
29399984,14602492268
29440044,14602611192
29480104,14602730470
29520164,14602849899
29560224,14602968801
29600284,14603087671
29640344,14603206941
29680404,14603326250
29720464,14603445136
29760524,14603564024
29800584,14603683140
29840644,14603802400
29880704,14603920924
29920764,14604039809
29960824,14604158829
29992528,14604256880
30031927,14663355930
30071978,14723432156
30112029,14783508906
30152082,14843588100
30192134,14903666048
30232184,14963741138
30272236,15023819044
30312287,15083896110
30344420,15132095478
30376360,15161260748
30416393,15221310638
30456433,15281370578
30496467,15341420746
30536500,15401471426
30576530,15461515528
30616551,15521547114
30656576,15581585272
30696594,15641611742
30736616,15701644308
30776634,15761672310
30816657,15821706510
30856675,15881733564
30893722,15892873605
30933782,15892992204
30973841,15893109159
31013901,15893226183
31053961,15893343764
31094021,15893461334
31134081,15893578318
31174141,15893695276
31214201,15893812239
31254261,15893929706
31294321,15894046420
31334381,15894163395
31374441,15894280506
31414501,15894397835
31454561,15894514703
31494621,15894631894
31534681,15894749417
31574741,15894867154
31614801,15894984122
31654861,15895101131
31694921,15895218964
31734981,15895336473
31775041,15895453709
31815101,15895570862
31855161,15895688622
31895221,15895806175
31935281,15895923529
31975341,15896040825
32015401,15896158466
32055461,15896275991
32095521,15896392892
32135581,15896510101
32175641,15896627659
32215701,15896745448
32255761,15896862628
32295821,15896979600
32335881,15897096777
32375941,15897214310
32416001,15897331446
32456061,15897448863
32495978,15897567981
32535177,15956366744
32575225,16016438178
32615272,16076508858
32655322,16136584116
32695371,16196657840
32735424,16256736800
32775472,16316809368
32815522,16376884920
32846559,16378625810
32879596,16407440442
32919634,16467497586
32959672,16527554324
32999707,16587607310
33039740,16647655670
33079769,16707699688
33119788,16767727388
33159812,16827764006
33199831,16887791896
33239854,16947826996
33279873,17007855744
33319898,17067892804
33359915,17127918136
33396963,17139362418
33437022,17139475669
33477082,17139587759
33517142,17139699336
33557202,17139810911
33597262,17139922658
33637322,17140034766
33677382,17140146255
33717442,17140257762
33757502,17140369266
33797562,17140480780
33837622,17140591871
33877682,17140703199
33917742,17140815076
33957802,17140927180
33997862,17141038713
34037922,17141150078
34077982,17141261606
34118042,17141373117
34158101,17141484207
34198161,17141595565
34238221,17141706893
34278282,17141818578
34318341,17141929960
34358401,17142041503
34398461,17142153288
34438522,17142265234
34478581,17142376775
34518641,17142488501
34558701,17142600405
34598762,17142712223
34638821,17142823346
34678881,17142934480
34718941,17143046190
34759002,17143158716
34799061,17143270821
34839121,17143382997
34879181,17143494964
34919242,17143606844
34959301,17143718137
34999361,17143829470
35039417,17203819587
35079467,17263895165
35119518,17323971189
35159569,17384048729
35199620,17444125319
35239671,17504200995
35279721,17564276725
35319772,17624353629
35351806,17643621806
35383843,17673645154
35423883,17733703940
35463924,17793766206
35503962,17853822678
35544001,17913882364
35584031,17973926802
35624052,18033958088
35664074,18093991186
35704094,18154020648
35744115,18214052552
35784133,18274080082
35824156,18334114082
35864174,18394141562
35895210,18395849135
35935264,18395952570
35975317,18396059686
36015387,18396226162
36055455,18396372509
36095524,18396522269
36135593,18396680288
36175663,18396861110
36215739,18397050059
36255844,18397311404
36295908,18397461661
36335968,18397573373
36376028,18397684328
36416088,18397795612
36456149,18397908036
36496210,18398048331
36536270,18398165316
36576330,18398282452
36616390,18398399672
36656450,18398517224
36696508,18398631807
36736566,18398745967
36776624,18398859831
36816682,18398973941
36856740,18399088686
36896797,18399202872
36936854,18399317202
36976912,18399431842
37016969,18399545821
37057027,18399660169
37097082,18399771841
37137139,18399885201
37177197,18399999392
37217255,18400114842
37257313,18400229646
37297371,18400344450
37337430,18400459541
37377488,18400573913
37417545,18400687615
37457603,18400801833
37497660,18400915654
37532711,18445660401
37572764,18505740345
37612817,18565817909
37652864,18625889813
37692915,18685965835
37732966,18746042359
37773019,18806122275
37813068,18866194683
37845101,18900684141
37877135,18915461779
37917174,18975519651
37957214,19035580377
37997253,19095638639
38037289,19155692287
38077321,19215741027
38117340,19275768949
38157357,19335794003
38197378,19395826751
38237398,19455856051
38277419,19515888119
38317441,19575920923
38357461,19635950051
38393497,19660885137
38433557,19660997824
38473617,19661109109
38513677,19661220595
38553737,19661332341
38593797,19661443426
38633857,19661554712
38673917,19661665992
38713977,19661777804
38754037,19661888989
38794097,19662000303
38834157,19662111949
38874217,19662223855
38914277,19662334990
38954337,19662446490
38994397,19662557934
39034457,19662669668
39074517,19662780755
39114577,19662891904
39154637,19663003779
39194697,19663115485
39234757,19663226570
39274817,19663337832
39314877,19663449404
39354937,19663560916
39394997,19663672153
39435057,19663783469
39475117,19663894907
39515177,19664006671
39555237,19664117598
39595297,19664228864
39635357,19664340706
39675417,19664452686
39715477,19664563981
39755537,19664675553
39795597,19664787325
39835657,19664899275
39875717,19665010606
39915777,19665122226
39955837,19665233924
39995897,19665345526
40035955,19709759354
40076007,19769838064
40116057,19829912538
40156109,19889990820
40196159,19950064940
40236210,20010142424
40276262,20070220452
40316311,20130294182
40350347,20137145282
40390390,20166603891
40430436,20226673891
40470483,20286744077
40510517,20346795265
40550551,20406845653
40590575,20466881423
40630595,20526912393
40670616,20586943045
40710637,20646975737
40750658,20707006103
40790679,20767038801
40830699,20827068235
40870721,20887101175
40905764,20894789380
40945824,20894909210
40985884,20895028896
41025944,20895148594
41066004,20895268504
41106064,20895387661
41146124,20895506577
41186184,20895625882
41226244,20895745397
41266304,20895864826
41306364,20895983951
41346424,20896103247
41386484,20896222525
41426544,20896341992
41466604,20896461063
41506664,20896580445
41546724,20896699857
41586784,20896819187
41626844,20896938371
41666904,20897057656
41706964,20897177575
41747024,20897297092
41787084,20897416201
41827144,20897535399
41867204,20897654875
41907264,20897774314
41947324,20897893435
41987384,20898012675
42027444,20898131995
42067504,20898251494
42107564,20898370414
42147624,20898489950
42187684,20898609408
42227744,20898728916
42267804,20898847822
42307864,20898967151
42347924,20899086704
42387983,20899204924
42428040,20899319958
42468085,20899420981
42508133,20899523074
42539179,20943540664
42579229,21003616932
42619280,21063692394
42659332,21123770598
42699383,21183847090
42739433,21243921496
42779485,21303999846
42819536,21364077188
42859584,21424148032
42893620,21456517712
42933658,21516575138
42973697,21576633200
43013734,21636688030
43053766,21696736864
43093794,21756778752
43133818,21816814912
43173838,21876843570
43213861,21936878466
43253880,21996907426
43293905,22056944454
43333922,22116970034
43370844,22172352814
43409998,22172474370
43450058,22172588149
43490118,22172701461
43530178,22172814376
43570238,22172927471
43610298,22173040373
43650358,22173153309
43690418,22173266053
43730478,22173378952
43770538,22173492255
43810598,22173604771
43850658,22173716638
43890718,22173828740
43930778,22173941036
43970838,22174053526
44010898,22174165626
44050958,22174277769
44091018,22174390290
44131078,22174503071
44171138,22174615174
44211198,22174727588
44251258,22174839910
44291318,22174952352
44331378,22175064249
44371438,22175176281
44411498,22175288557
44451558,22175401031
44491618,22175512758
44531678,22175624826
44571738,22175737068
44611798,22175849548
44651858,22175961417
44691918,22176073333
44731978,22176185563
44772038,22176298069
44812098,22176410141
44852158,22176522434
44892218,22176634925
44932278,22176747255
44972338,22176859132
45012398,22176971176
45052454,22235692921
45092504,22295768725
45132554,22355843925
45172607,22415923317
45212661,22476003567
45252710,22536076803
45292760,22596151911
45324798,22629878131
45364844,22629996890
45396876,22658745808
45436920,22718812026
45476970,22778886736
45517008,22838944108
45557055,22899014774
45597080,22959051928
45637099,23019080600
45677122,23079114980
45717141,23139143976
45757163,23199176996
45797182,23259204456
45837204,23319237686
45877225,23379270344
45913269,23388647890
45953329,23388760256
45993389,23388871844
46033449,23388983522
46073509,23389094783
46113569,23389206022
46153629,23389317478
46193689,23389429208
46233749,23389540401
46273809,23389651739
46313869,23389763235
46353929,23389875083
46393989,23389986659
46434049,23390098514
46474109,23390210437
46514169,23390322427
46554229,23390433747
46594289,23390545442
46634349,23390657299
46674409,23390768921
46714469,23390879984
46754529,23390991260
46794589,23391102564
46834649,23391214536
46874709,23391326164
46914769,23391437931
46954829,23391549928
46994889,23391661737
47034949,23391773075
47075009,23391884670
47115069,23391996659
47155129,23392108560
47195189,23392219873
47235249,23392331216
47275309,23392442899
47315369,23392554635
47355429,23392665714
47395489,23392776996
47435554,23392898310
47475624,23393041572
47515692,23393176283
47546736,23438143400
47586788,23498221150
47626836,23558293130
47666887,23618369846
47706937,23678444098
47746987,23738520230
47787041,23798599898
47827091,23858674964
47867141,23918750388
47901175,23969801982
47941212,24029857548
47981250,24089914146
48021290,24149973770
48061336,24210042642
48101379,24270108074
48141400,24330138758
48181421,24390170308
48221440,24450199116
48261463,24510233774
48301483,24570263318
48341507,24630300100
48381526,24690327372
48421578,24691888752
48461634,24691994639
48501690,24692100701
48541743,24692202199
48581796,24692304391
48621849,24692405614
48661902,24692507311
48701955,24692609176
48742009,24692711002
48782062,24692813310
48822115,24692915492
48862168,24693016990
48902222,24693119602
48942275,24693221695
48982328,24693323208
49022382,24693425439
49062435,24693527936
49102488,24693629294
49142544,24693735189
49182600,24693840417
49222655,24693944947
49262708,24694046702
49302764,24694152545
49342820,24694259142
49382876,24694363618
49422930,24694467439
49462986,24694572696
49503041,24694677097
49543096,24694782147
49583153,24694888962
49623207,24694991941
49663262,24695098370
49703318,24695204981
49743373,24695309620
49783428,24695415179
49823483,24695521812
49863537,24695625786
49903592,24695731231
49943649,24695839154
49983702,24695942101
50020208,24696066115
50059809,24755467686
50099861,24815546684
50139912,24875623238
50179962,24935697016
50220013,24995774226
50260065,25055852442
50300115,25115927190
50332152,25149174875
50372198,25149302937
50404231,25178745939
50444270,25238803283
50484302,25298852521
50524341,25358910225
50564378,25418965393
50604408,25479011513
50644427,25539040045
50684450,25599073345
50724468,25659100599
50764489,25719133047
50804513,25779167843
50844532,25839196841
50884554,25899229915
50919595,25907952168
50959655,25908070388
50999715,25908187127
51039775,25908304027
51079835,25908421243
51119895,25908538665
51159955,25908655211
51200015,25908772133
51240075,25908889097
51280135,25909006455
51320195,25909123231
51360255,25909240126
51400315,25909357297
51440375,25909474651
51480435,25909591240
51520495,25909708134
51560555,25909825284
51600615,25909942630
51640675,25910059359
51680735,25910176125
51720795,25910293225
51760855,25910410711
51800915,25910527504
51840975,25910644510
51881035,25910761610
51921095,25910878820
51961155,25910995647
52001215,25911112851
52041275,25911229947
52081335,25911347413
52121395,25911463988
52161455,25911580749
52201515,25911698113
52241575,25911815471
52281635,25911932268
52321695,25912049230
52361755,25912166464
52401815,25912284110
52441875,25912401177
52481935,25912518311
52521995,25912635851
52553040,25956716879
52593091,26016793643
52633142,26076871145
52673196,26136951341
52713245,26197024123
52753296,26257100945
52793349,26317180987
52833399,26377255471
52873446,26437325673
52913485,26497385505
52953522,26557440937
52993562,26617500241
53033606,26677566473
53073657,26737643473
53113691,26797693181
53153711,26857723145
53193732,26917755651
53233752,26977784695
53273774,27037818939
53313795,27097849771
53353818,27157883797
53387417,27208282999
53426888,27208409407
53466948,27208528556
53507008,27208648041
53547068,27208766827
53587128,27208885962
53627188,27209005007
53667248,27209124329
53707308,27209242862
53747368,27209361747
53787428,27209480844
53827488,27209600160
53867548,27209718891
53907608,27209837663
53947668,27209956899
53987728,27210076207
54027788,27210194878
54067848,27210313760
54107908,27210432790
54147968,27210551627
54188028,27210670280
54228088,27210789234
54268148,27210908204
54308208,27211027424
54348268,27211145883
54388328,27211264693
54428388,27211383727
54468448,27211502961
54508508,27211621604
54548568,27211740410
54588628,27211859268
54628688,27211978514
54668748,27212097153
54708808,27212215953
54748868,27212335135
54788928,27212454219
54828988,27212572856
54869048,27212691608
54909108,27212810676
54949168,27212930086
54989228,27213049037
55027140,27213163777
55066340,27271963916
55106391,27332040146
55146439,27392112470
55186489,27452187488
55226539,27512262376
55266591,27572339946
55304079,27628571790
55343681,27628706882
55383729,27628836025
55420768,27672658625
55460806,27732716411
55500845,27792775379
55540891,27852843201
55580933,27912906245
55620959,27972944991
55660978,28032973213
55700999,28093005759
55741018,28153034637
55781041,28213068653
55821059,28273095891
55861082,28333130217
55896106,28372012046
55936166,28372124822
55976226,28372236611
56016286,28372348401
56056346,28372460623
56096406,28372572479
56136466,28372684431
56176525,28372796166
56216586,28372908180
56256645,28373020808
56296705,28373133192
56336765,28373245629
56376826,28373357883
56416885,28373469441
56456945,28373581266
56497005,28373693340
56537066,28373805339
56577125,28373916642
56617185,28374028200
56657245,28374139752
56697306,28374251522
56737365,28374362615
56777425,28374473965
56817485,28374585555
56857546,28374697315
56897605,28374808234
56937665,28374919508
56977725,28375031014
57017786,28375142722
57057845,28375253835
57097905,28375364969
57137965,28375476443
57178026,28375588197
57218085,28375699320
57258150,28375820714
57298218,28375958033
57338288,28376102802
57378355,28376236687
57418424,28376374163
57458492,28376529437
57498561,28376736147
57530620,28376856188
57570671,28436933298
57610722,28497008660
57650771,28557083070
57690822,28617159014
57730873,28677236336
57770924,28737312440
57810975,28797388994
57851024,28857461718
57891073,28917535880
57924112,28967094572
57956148,29015149520
57996193,29075215118
58036236,29135280530
58076273,29195335690
58116300,29255376450
58156319,29315404980
58196343,29375440342
58236361,29435467456
58276386,29495504806
58316403,29555530620
58356426,29615565074
58396445,29675593270
58435473,29719679132
58475532,29719791496
58515592,29719902786
58555652,29720014416
58595713,29720126202
58635772,29720237301
58675832,29720348465
58715892,29720459922
58755953,29720571690
58796012,29720682755
58836072,29720794040
58876132,29720905570
58916193,29721017516
58956252,29721128865
58996312,29721240351
59036372,29721352043
59076433,29721463991
59116492,29721575120
59156552,29721686124
59196612,29721797605
59236672,29721909352
59276732,29722020504
59316792,29722131687
59356852,29722243386
59396912,29722355341
59436972,29722466671
59477032,29722578392
59517092,29722689877
59557152,29722801460
59597212,29722912622
59637272,29723023927
59677332,29723135364
59717392,29723247199
59757452,29723358247
59797512,29723469560
59837572,29723581055
59877632,29723692894
59917692,29723803970
59957752,29723915374
59997812,29724026686
60034101,29724132623
60073922,29783863597
60113971,29843937321
60154020,29904010929
60194071,29964087139
60234121,30024161951
60274172,30084238691
60305204,30102194949
60345249,30102315590
60385294,30102437366
60418329,30132183531
60458368,30192241879
60498406,30252298403
60538438,30312346953
60578473,30372398135
60618499,30432438045
60658519,30492467679
60698540,30552499817
60738561,30612531285
60778581,30672560779
60818603,30732593679
60858622,30792621989
60896330,30849183711
60935696,30849307380
60975756,30849424631
61015816,30849541618
61055876,30849658582
61095936,30849775702
61135996,30849893079
61176056,30850009739
61216116,30850126688
61256176,30850243795
61296236,30850361360
61336296,30850478093
61376356,30850595183
61416416,30850712157
61456476,30850829420
61496536,30850946237
61536596,30851063215
61576656,30851180505
61616716,30851297986
61656776,30851414769
61696836,30851531697
61736896,30851648949
61776956,30851766400
61817016,30851883141
61857076,30851999929
61897136,30852117315
61937196,30852234872
61977256,30852351821
62017316,30852468971
62057376,30852586207
62097436,30852703532
62137496,30852820529
62177556,30852937703
62217616,30853055488
62257676,30853173603
62297736,30853291688
62337796,30853409705
62377856,30853528374
62417916,30853646823
62457976,30853765364
62498036,30853883281
62537575,30854004163
TS,3
31174,111729701
71233,111740335
111293,111750969
151353,111761603
191413,111772237
231473,111782871
271533,111793505
311593,111804139
351653,111814773
391713,111825407
431773,111836041
471833,111846675
511893,111857309
551953,111867943
592013,111878577
632073,111889211
672133,111899845
712193,111910479
752253,111921113
792313,111931747
832373,111942381
872433,111953015
912493,111963649
952553,111974283
992613,111984917
1032673,111995551
1072733,112006185
1112793,112016819
1152853,112027453
1192913,112038087
1232973,112048721
1273033,112059355
1313093,112069989
1353153,112080623
1393213,112091257
1433273,112101891
1473333,112112525
1513393,112123159
1553453,112133793
1593513,112144427
1633573,112155061
1673633,112165695
1713693,112176329
1753753,112186963
1793813,112197597
1833873,112208231
1873933,112218865
1913993,112229499
1954053,112240133
1994113,112250767
2034173,112261401
2074233,112272035
2114293,112282669
2154353,112293303
2194413,112303937
2234473,112314571
2274533,112325205
2314593,112335839
2354653,112346473
2394713,112357107
2434773,112367741
2473830,114898680
2513884,119832596
2553931,124650811
2593983,129450534
2634035,134331167
2674087,139148329
2714140,143991968
2754190,148839739
2794238,153691818
2828278,158512779
2868314,163066642
2908359,169955937
2948390,176244193
2988430,182105627
3028458,188530659
3068480,195018999
3108503,201783423
3148524,209048479
3188546,216012806
3228564,222963144
3268587,230362519
3308604,236764316
3343641,239307827
3383708,239318461
3423780,239329095
3463841,239339729
3503901,239350363
3543961,239360997
3584022,239371631
3624082,239382265
3664142,239392899
3704202,239403533
3744262,239414167
3784322,239424801
3824382,239435435
3864442,239446069
3904502,239456703
3944562,239467337
3984622,239477971
4024682,239488605
4064742,239499239
4104802,239509873
4144862,239520507
4184922,239531141
4224982,239541775
4265042,239552409
4305102,239563043
4345162,239573677
4385222,239584311
4425282,239594945
4465342,239605579
4505402,239616213
4545462,239626847
4585522,239637481
4625582,239648115
4665642,239658749
4705702,239669383
4745762,239680017
4785822,239690651
4825882,239701285
4865942,239711919
4906002,239722553
4946062,239733187
4977109,242249648
5017161,247179973
5057209,251998198
5097261,256799731
5137310,261597847
5177363,266407121
5217416,271272373
5257463,276166254
5297512,281039205
5331551,285119286
5371594,289816634
5411626,295899384
5451663,302270919
5491703,308728386
5531741,315192019
5571763,321702131
5611784,329225184
5651804,335730273
5691826,343191688
5731846,349644756
5771869,357043924
5811890,363558423
5845922,365928689
5885982,365939323
5926042,365949957
5966102,365960591
6006162,365971225
6046221,365981859
6086281,365992493
6126341,366003127
6166401,366013761
6206461,366024395
6246521,366035029
6286581,366045663
6326641,366056297
6366701,366066931
6406761,366077565
6446821,366088199
6486881,366098833
6526941,366109467
6567001,366120101
6607061,366130735
6647121,366141369
6687181,366152003
6727241,366162637
6767301,366173271
6807361,366183905
6847421,366194539
6887481,366205173
6927541,366215807
6967601,366226441
7007661,366237075
7047721,366247709
7087781,366258343
7127841,366268977
7167907,366279611
7207976,366290245
7248047,366300879
7288118,366311513
7328189,366322147
7368258,366332781
7408321,366343415
7448387,366354049
7481440,368965834
7521490,373937745
7561539,378897579
7601589,383710446
7641639,388541195
7681692,393366248
7721744,398197570
7761795,403040649
7792832,403240733
7825857,403249893
7864909,408534027
7904944,414574333
7944983,421094728
7985029,427556575
8025069,433973330
8065099,441503539
8105117,448037341
8145141,455532990
8185158,462014141
8225178,469447341
8265197,475877302
8305220,483248435
8342254,485872340
8382313,485882974
8422373,485893608
8462433,485904242
8502493,485914876
8542553,485925510
8582613,485936144
8622673,485946778
8662733,485957412
8702793,485968046
8742853,485978680
8782913,485989314
8822973,485999948
8863033,486010582
8903093,486021216
8943153,486031850
8983213,486042484
9023273,486053118
9063333,486063752
9103392,486074386
9143453,486085020
9183512,486095654
9223573,486106288
9263632,486116922
9303693,486127556
9343752,486138190
9383813,486148824
9423872,486159458
9463933,486170092
9503992,486180726
9544053,486191360
9584112,486201994
9624173,486212628
9664232,486223262
9704293,486233896
9744352,486244530
9784413,486255164
9824472,486265798
9864533,486276432
9904592,486287066
9944653,486297700
9984717,488894790
10024768,493834846
10064815,498638602
10104868,503445104
10144919,508239969
10184970,513104797
10225020,517945722
10265069,522806926
10305117,527686325
10339157,532461529
10379197,537590491
10419240,544370440
10459280,550915724
10499313,557343723
10539341,562626821
10579369,569228627
10619390,576613200
10659411,583417267
10699431,590579423
10739453,597681387
10779470,604431754
10819494,611797073
10851525,613239389
10891584,613250023
10931644,613260657
10971704,613271291
11011764,613281925
11051824,613292559
11091884,613303193
11131944,613313827
11172004,613324461
11212064,613335095
11252124,613345729
11292184,613356363
11332244,613366997
11372304,613377631
11412364,613388265
11452424,613398899
11492484,613409533
11532544,613420167
11572604,613430801
11612664,613441435
11652724,613452069
11692784,613462703
11732844,613473337
11772904,613483971
11812964,613494605
11853024,613505239
11893084,613515873
11933144,613526507
11973204,613537141
12013264,613547775
12053324,613558409
12093384,613569043
12133444,613579677
12173504,613590311
12213564,613600945
12253624,613611579
12293684,613622213
12333744,613632847
12373804,613643481
12413864,613654115
12453924,613664749
12487978,616245602
12528028,621275759
12568077,626162979
12608127,630992159
12648177,635810490
12688227,640624820
12728277,645455510
12768328,650293544
12800365,650551112
12832789,650560272
12872440,656043519
12912475,661888439
12952507,668349727
12992543,674735899
13032586,681172311
13072608,687665392
13112632,695180678
13152649,701706056
13192672,709173765
13232689,715631577
13272711,723036902
13312730,729442502
13343753,733181428
13383813,733192062
13423873,733202696
13463933,733213330
13503993,733223964
13544053,733234598
13584113,733245232
13624172,733255866
13664233,733266500
13704292,733277134
13744353,733287768
13784412,733298402
13824473,733309036
13864532,733319670
13904593,733330304
13944652,733340938
13984713,733351572
14024772,733362206
14064833,733372840
14104892,733383474
14144953,733394108
14185012,733404742
14225073,733415376
14265132,733426010
14305193,733436644
14345252,733447278
14385313,733457912
14425372,733468546
14465433,733479180
14505492,733489814
14545553,733500448
14585613,733511082
14625678,733521716
14665746,733532350
14705814,733542984
14745882,733553618
14785950,733564252
14826018,733574886
14866087,733585520
14906155,733596154
14946222,733606788
14981283,734855849
15021336,739912155
15061384,744702678
15101432,749511195
15141483,754307929
15181532,759170460
15221584,764011454
15261632,768889064
15301681,773758961
15336210,777181384
15375760,782287055
15415798,788488579
15455835,794980064
15495875,801494266
15535918,808902415
15575944,815531562
15615965,822507436
15655985,829560734
15696007,836778487
15736026,843475000
15776049,850874463
15816068,857275206
15851102,859803419
15891162,859814053
15931222,859824687
15971282,859835321
16011342,859845955
16051402,859856589
16091462,859867223
16131522,859877857
16171582,859888491
16211642,859899125
16251702,859909759
16291762,859920393
16331822,859931027
16371882,859941661
16411942,859952295
16452002,859962929
16492062,859973563
16532122,859984197
16572182,859994831
16612242,860005465
16652302,860016099
16692362,860026733
16732422,860037367
16772482,860048001
16812542,860058635
16852602,860069269
16892662,860079903
16932722,860090537
16972782,860101171
17012842,860111805
17052902,860122439
17092962,860133073
17133022,860143707
17173082,860154341
17213142,860164975
17253202,860175609
17293262,860186243
17333322,860196877
17373382,860207511
17413442,860218145
17453502,860228779
17484551,861459247
17524604,866604229
17564655,871491072
17604706,876320850
17644756,881139673
17684805,885958452
17724856,890799266
17764906,895642331
17802952,897857616
17839674,897867644
17879032,903270222
17919069,909091662
17959112,915549186
17999148,921399719
18039181,927229748
18079203,933679885
18119228,940969683
18159247,947730006
18199269,955202322
18239287,961665890
18279311,969076922
18319329,975487131
18358356,980490452
18398416,980501086
18438476,980511720
18478536,980522354
18518596,980532988
18558656,980543622
18598716,980554256
18638776,980564890
18678836,980575524
18718896,980586158
18758956,980596792
18799016,980607426
18839076,980618060
18879136,980628694
18919196,980639328
18959256,980649962
18999316,980660596
19039376,980671230
19079436,980681864
19119496,980692498
19159556,980703132
19199616,980713766
19239676,980724400
19279736,980735034
19319796,980745668
19359856,980756302
19399916,980766936
19439976,980777570
19480036,980788204
19520096,980798838
19560156,980809472
19600216,980820106
19640276,980830740
19680336,980841374
19720396,980852008
19760456,980862642
19800516,980873276
19840576,980883910
19880636,980894544
19920696,980905178
19960756,980915812
19997812,983447130
20037860,988370731
20077909,993176252
20117961,997974238
20158014,1002837739
20198062,1007671562
20238115,1012538290
20278164,1017407391
20318212,1022261842
20352250,1026296783
20392291,1030973470
20432338,1037960882
20472379,1044752278
20512413,1051187914
20552445,1057628668
20592465,1064132871
20632490,1071325886
20672508,1078151150
20712530,1085606625
20752548,1092055239
20792573,1099449350
20832591,1105845772
20869638,1107113289
20909698,1107123923
20949757,1107134557
20989818,1107145191
21029877,1107155825
21069938,1107166459
21109997,1107177093
21150058,1107187727
21190117,1107198361
21230178,1107208995
21270237,1107219629
21310298,1107230263
21350357,1107240897
21390418,1107251531
21430477,1107262165
21470538,1107272799
21510597,1107283433
21550658,1107294067
21590717,1107304701
21630778,1107315335
21670837,1107325969
21710898,1107336603
21750957,1107347237
21791018,1107357871
21831077,1107368505
21871138,1107379139
21911197,1107389773
21951258,1107400407
21991317,1107411041
22031378,1107421675
22071438,1107432309
22111502,1107442943
22151570,1107453577
22191639,1107464211
22231706,1107474845
22271776,1107485479
22311843,1107496113
22351911,1107506747
22391980,1107517381
22432053,1107528015
22472117,1107538649
22512179,1111502802
22552229,1116458387
22592278,1121289596
22632328,1126116078
22672378,1130930482
22712428,1135753338
22752481,1140576077
22790454,1145158552
22829574,1145169605
22865611,1148292058
22905656,1153218406
22945696,1159104608
22985740,1165463848
23025779,1171665138
23065808,1178305131
23105827,1184850474
23145851,1192368328
23185867,1198868978
23225891,1206325012
23265908,1212772706
23305930,1220166896
23345953,1226706582
23381996,1227801819
23422055,1227812453
23462115,1227823087
23502175,1227833721
23542235,1227844355
23582295,1227854989
23622355,1227865623
23662415,1227876257
23702475,1227886891
23742535,1227897525
23782595,1227908159
23822655,1227918793
23862715,1227929427
23902775,1227940061
23942835,1227950695
23982895,1227961329
24022955,1227971963
24063014,1227982597
24103075,1227993231
24143134,1228003865
24183195,1228014499
24223254,1228025133
24263315,1228035767
24303374,1228046401
24343435,1228057035
24383494,1228067669
24423555,1228078303
24463614,1228088937
24503675,1228099571
24543734,1228110205
24583795,1228120839
24623854,1228131473
24663915,1228142107
24703974,1228152741
24744029,1228163375
24784083,1228174009
24824137,1228184643
24864192,1228195277
24904245,1228205911
24944298,1228216545
24984354,1228227179
25015399,1232066249
25055450,1236946699
25095496,1241746617
25135548,1246557144
25175598,1251413219
25215648,1256291115
25255699,1261148998
25295748,1265988469
25331257,1270306093
25369830,1273499070
25409865,1278686755
25449904,1284244125
25489940,1290650337
25529983,1296569009
25570013,1303306136
25610031,1309951594
25650052,1317023089
25690071,1323970557
25730095,1331339022
25770112,1337875034
25810134,1345269094
25850152,1351665978
25887197,1352939583
25927257,1352950217
25967316,1352960851
26007377,1352971485
26047436,1352982119
26087496,1352992753
26127556,1353003387
26167616,1353014021
26207676,1353024655
26247736,1353035289
26287796,1353045923
26327856,1353056557
26367916,1353067191
26407976,1353077825
26448036,1353088459
26488096,1353099093
26528156,1353109727
26568216,1353120361
26608276,1353130995
26648336,1353141629
26688396,1353152263
26728456,1353162897
26768516,1353173531
26808576,1353184165
26848636,1353194799
26888696,1353205433
26928756,1353216067
26968816,1353226701
27008876,1353237335
27048936,1353247969
27088996,1353258603
27129057,1353269237
27169116,1353279871
27209176,1353290505
27249236,1353301139
27289296,1353311773
27329356,1353322407
27369416,1353333041
27409476,1353343675
27449534,1353354309
27489064,1353364988
27528649,1358501767
27568701,1363417092
27608753,1368249374
27648800,1373062871
27688852,1377884839
27728904,1382729693
27768958,1387553842
27807003,1390984882
27847050,1390995516
27883087,1395517730
27923125,1400851104
27963166,1406158377
28003203,1412585834
28043244,1419058110
28083276,1425581280
28123299,1433120775
28163316,1439639719
28203340,1447118252
28243358,1453585589
28283380,1461001982
28323401,1467771378
28358480,1473616445
28398474,1473627498
28438534,1473638132
28478594,1473648766
28518654,1473659400
28558714,1473670034
28598774,1473680668
28638834,1473691302
28678894,1473701936
28718954,1473712570
28759014,1473723204
28799074,1473733838
28839134,1473744472
28879194,1473755106
28919254,1473765740
28959314,1473776374
28999374,1473787008
29039434,1473797642
29079494,1473808276
29119557,1473818910
29159624,1473829544
29199685,1473840178
29239744,1473850812
29279804,1473861446
29319864,1473872080
29359925,1473882714
29399984,1473893348
29440044,1473903982
29480104,1473914616
29520165,1473925250
29560224,1473935884
29600284,1473946518
29640344,1473957152
29680405,1473967786
29720464,1473978420
29760524,1473989054
29800584,1473999688
29840644,1474010322
29880704,1474020956
29920764,1474031590
29960824,1474042224
29992529,1474051167
30031928,1479074644
30071979,1483902021
30112030,1488703470
30152083,1493569267
30192135,1498398669
30232185,1503254347
30272237,1508110798
30312288,1512965439
30344421,1516873014
30376361,1520026291
30416394,1524983874
30456434,1530705408
30496468,1537146901
30536501,1543310596
30576531,1550007853
30616552,1556531921
30656577,1563846636
30696595,1570550716
30736617,1578006388
30776635,1584454504
30816658,1591848243
30856676,1598244671
30893722,1599504985
30933782,1599515619
30973841,1599526253
31013901,1599536887
31053961,1599547521
31094022,1599558155
31134081,1599568789
31174141,1599579423
31214201,1599590057
31254261,1599600691
31294321,1599611325
31334381,1599621959
31374441,1599632593
31414501,1599643227
31454561,1599653861
31494621,1599664495
31534681,1599675129
31574741,1599685763
31614801,1599696397
31654861,1599707031
31694921,1599717665
31734981,1599728299
31775041,1599738933
31815101,1599749567
31855161,1599760201
31895222,1599770835
31935281,1599781469
31975341,1599792103
32015401,1599802737
32055461,1599813371
32095521,1599824005
32135581,1599834639
32175641,1599845273
32215702,1599855907
32255761,1599866541
32295821,1599877175
32335881,1599887809
32375941,1599898443
32416001,1599909077
32456062,1599919711
32495978,1599930390
32535178,1605094151
32575225,1609927585
32615272,1614764977
32655323,1619590814
32695372,1624416490
32735424,1629235213
32775473,1634058533
32815523,1638899781
32846560,1639043170
32879597,1642215964
32919635,1647560649
32959673,1652930231
32999708,1659290213
33039740,1665293380
33079770,1672158455
33119788,1678693121
33159813,1685878252
33199831,1692712181
33239855,1700168071
33279874,1706616692
33319899,1714010531
33359915,1720406980
33396963,1721674939
33437022,1721685573
33477082,1721696207
33517142,1721706841
33557202,1721717475
33597262,1721728109
33637322,1721738743
33677382,1721749377
33717442,1721760011
33757502,1721770645
33797562,1721781279
33837622,1721791913
33877682,1721802547
33917742,1721813181
33957802,1721823815
33997862,1721834449
34037922,1721845083
34077982,1721855717
34118042,1721866351
34158101,1721876985
34198162,1721887619
34238221,1721898253
34278282,1721908887
34318342,1721919521
34358402,1721930155
34398462,1721940789
34438522,1721951423
34478582,1721962057
34518642,1721972691
34558702,1721983325
34598762,1721993959
34638821,1722004593
34678882,1722015227
34718941,1722025861
34759002,1722036495
34799061,1722047129
34839122,1722057763
34879182,1722068397
34919242,1722079031
34959302,1722089665
34999362,1722100299
35039417,1727207065
35079468,1732025166
35119518,1736834672
35159570,1741694358
35199621,1746571136
35239672,1751426851
35279722,1756257694
35319773,1761127232
35351807,1762697642
35383844,1765896324
35423883,1771300001
35463925,1777867980
35503962,1784402461
35544002,1790683947
35584032,1796604477
35624053,1803593948
35664075,1810358496
35704094,1817602187
35744116,1824599239
35784134,1831496150
35824157,1838883856
35864175,1845276457
35895210,1845327958
35935264,1845338592
35975317,1845349226
36015387,1845359860
36055455,1845370494
36095524,1845381128
36135593,1845391762
36175663,1845402396
36215739,1845413030
36255845,1845423664
36295908,1845434298
36335968,1845444932
36376028,1845455566
36416088,1845466200
36456149,1845476834
36496210,1845487468
36536270,1845498102
36576330,1845508736
36616390,1845519370
36656450,1845530004
36696509,1845540638
36736567,1845551272
36776624,1845561906
36816682,1845572540
36856740,1845583174
36896797,1845593808
36936854,1845604442
36976912,1845615076
37016969,1845625710
37057027,1845636344
37097083,1845646978
37137139,1845657612
37177197,1845668246
37217255,1845678880
37257313,1845689514
37297371,1845700148
37337430,1845710782
37377488,1845721416
37417545,1845732050
37457603,1845742684
37497660,1845753318
37532712,1849721707
37572767,1854607207
37612817,1859435615
37652865,1864263536
37692916,1869088660
37732967,1873905276
37773020,1878725275
37813069,1883572135
37845102,1886349178
37877136,1888206723
37917174,1892798486
37957215,1898888031
37997254,1905159464
38037289,1911225643
38077322,1917527762
38117341,1924655182
38157357,1931188612
38197379,1938684113
38237399,1945199105
38277420,1952598504
38317442,1959410717
38357461,1966398364
38393498,1968980524
38433557,1968991158
38473617,1969001792
38513677,1969012426
38553737,1969023060
38593797,1969033694
38633857,1969044328
38673917,1969054962
38713977,1969065596
38754037,1969076230
38794097,1969086864
38834157,1969097498
38874217,1969108132
38914277,1969118766
38954337,1969129400
38994397,1969140034
39034457,1969150668
39074517,1969161302
39114577,1969171936
39154637,1969182570
39194697,1969193204
39234757,1969203838
39274817,1969214472
39314877,1969225106
39354937,1969235740
39394997,1969246374
39435057,1969257008
39475117,1969267642
39515177,1969278276
39555237,1969288910
39595297,1969299544
39635357,1969310178
39675417,1969320812
39715477,1969331446
39755537,1969342080
39795597,1969352714
39835657,1969363348
39875717,1969373982
39915777,1969384616
39955837,1969395250
39995897,1969405884
40035956,1973214982
40076008,1978086156
40116058,1982945768
40156110,1987775133
40196159,1992623825
40236211,1997471467
40276263,2002305515
40316312,2007193478
40350348,2007778082
40390391,2010923880
40430437,2016315877
40470484,2022831559
40510518,2028383483
40550552,2034604606
40590575,2040983079
40630596,2047577516
40670617,2055047302
40710638,2061749229
40750659,2069003639
40790680,2075986411
40830700,2082844780
40870722,2090204340
40905764,2090411356
40945824,2090421990
40985884,2090432624
41025944,2090443258
41066004,2090453892
41106064,2090464526
41146124,2090475160
41186184,2090485794
41226244,2090496428
41266304,2090507062
41306364,2090517696
41346424,2090528330
41386484,2090538964
41426544,2090549598
41466604,2090560232
41506664,2090570866
41546724,2090581500
41586784,2090592134
41626844,2090602768
41666904,2090613402
41706964,2090624036
41747024,2090634670
41787084,2090645304
41827144,2090655938
41867204,2090666572
41907264,2090677206
41947324,2090687840
41987384,2090698474
42027444,2090709108
42067504,2090719742
42107564,2090730376
42147624,2090741010
42187684,2090751644
42227744,2090762278
42267804,2090772912
42307864,2090783546
42347924,2090794180
42387983,2090804814
42428040,2090815448
42468086,2090826082
42508133,2090836716
42539179,2094708778
42579230,2099600074
42619281,2104430483
42659333,2109252473
42699384,2114079825
42739433,2118893594
42779485,2123715221
42819537,2128560540
42859584,2133400167
42893621,2136828362
42933660,2142226316
42973698,2148796644
43013734,2155317600
43053767,2161745368
43093795,2168193103
43133819,2175137494
43173838,2182230046
43213861,2189388704
43253881,2196176584
43293905,2203593028
43333922,2210008939
43370844,2216280181
43409998,2216291234
43450058,2216301868
43490119,2216312502
43530178,2216323136
43570239,2216333770
43610298,2216344404
43650358,2216355038
43690418,2216365672
43730478,2216376306
43770538,2216386940
43810598,2216397574
43850658,2216408208
43890718,2216418842
43930778,2216429476
43970838,2216440110
44010898,2216450744
44050958,2216461378
44091018,2216472012
44131078,2216482646
44171138,2216493280
44211198,2216503914
44251258,2216514548
44291318,2216525182
44331378,2216535816
44371438,2216546450
44411498,2216557084
44451558,2216567718
44491618,2216578352
44531678,2216588986
44571738,2216599620
44611798,2216610254
44651858,2216620888
44691918,2216631522
44731978,2216642156
44772038,2216652790
44812098,2216663424
44852158,2216674058
44892218,2216684692
44932278,2216695326
44972338,2216705960
45012398,2216716594
45052455,2221710687
45092505,2226544208
45132555,2231402339
45172608,2236271541
45212662,2241124818
45252710,2245949920
45292760,2250809522
45324799,2253593997
45364845,2253604631
45396877,2256763654
45436921,2261617543
45476970,2268297813
45517009,2273963476
45557056,2280378038
45597081,2286763227
45637100,2293309149
45677123,2300827129
45717142,2307327381
45757164,2314783383
45797182,2321232003
45837204,2328625044
45877226,2335476564
45913270,2336235977
45953329,2336246611
45993389,2336257245
46033449,2336267879
46073509,2336278513
46113569,2336289147
46153629,2336299781
46193689,2336310415
46233749,2336321049
46273809,2336331683
46313869,2336342317
46353929,2336352951
46393989,2336363585
46434049,2336374219
46474109,2336384853
46514169,2336395487
46554229,2336406121
46594289,2336416755
46634349,2336427389
46674409,2336438023
46714469,2336448657
46754529,2336459291
46794589,2336469925
46834649,2336480559
46874709,2336491193
46914769,2336501827
46954829,2336512461
46994889,2336523095
47034949,2336533729
47075009,2336544363
47115069,2336554997
47155129,2336565631
47195189,2336576265
47235249,2336586899
47275309,2336597533
47315369,2336608167
47355429,2336618801
47395489,2336629435
47435554,2336640069
47475624,2336650703
47515692,2336661337
47546737,2340594710
47586789,2345474420
47626837,2350305248
47666888,2355129928
47706937,2359954424
47746988,2364771111
47787041,2369589185
47827091,2374430516
47867142,2379274898
47901176,2384154127
47941213,2389557905
47981251,2396046040
48021291,2401563186
48061337,2408025426
48101380,2414731751
48141401,2421870005
48181422,2428706365
48221441,2435877754
48261464,2442961827
48301484,2449771231
48341508,2457159028
48381526,2463551191
48421578,2463600429
48461634,2463611063
48501690,2463621697
48541743,2463632331
48581796,2463642965
48621849,2463653599
48661902,2463664233
48701955,2463674867
48742009,2463685501
48782062,2463696135
48822116,2463706769
48862168,2463717403
48902222,2463728037
48942275,2463738671
48982329,2463749305
49022382,2463759939
49062435,2463770573
49102488,2463781207
49142544,2463791841
49182600,2463802475
49222655,2463813109
49262708,2463823743
49302764,2463834377
49342820,2463845011
49382876,2463855645
49422930,2463866279
49462986,2463876913
49503041,2463887547
49543096,2463898181
49583153,2463908815
49623207,2463919449
49663263,2463930083
49703319,2463940717
49743373,2463951351
49783428,2463961985
49823484,2463972619
49863537,2463983253
49903592,2463993887
49943649,2464004521
49983702,2464015155
50020208,2464028299
50059810,2469070927
50099862,2473950294
50139913,2478776370
50179963,2483630862
50220014,2488479612
50260066,2493317058
50300116,2498233135
50332152,2500905068
50372198,2500915702
50404232,2504108393
50444270,2509491550
50484303,2515684870
50524342,2521202855
50564378,2527648578
50604409,2534111911
50644428,2540638419
50684450,2548156014
50724468,2554656370
50764490,2562111979
50804513,2568744716
50844533,2575953708
50884555,2583069625
50919596,2583546842
50959655,2583557476
50999715,2583568110
51039775,2583578744
51079835,2583589378
51119895,2583600012
51159955,2583610646
51200015,2583621280
51240075,2583631914
51280135,2583642548
51320195,2583653182
51360255,2583663816
51400315,2583674450
51440375,2583685084
51480435,2583695718
51520495,2583706352
51560555,2583716986
51600615,2583727620
51640675,2583738254
51680735,2583748888
51720795,2583759522
51760855,2583770156
51800915,2583780790
51840975,2583791424
51881035,2583802058
51921095,2583812692
51961155,2583823326
52001215,2583833960
52041275,2583844594
52081335,2583855228
52121395,2583865862
52161455,2583876496
52201515,2583887130
52241575,2583897764
52281635,2583908398
52321695,2583919032
52361755,2583929666
52401816,2583940300
52441875,2583950934
52481935,2583961568
52521995,2583972202
52553041,2587831860
52593092,2592744492
52633143,2597555539
52673197,2602378194
52713245,2607211301
52753297,2612017622
52793350,2616859815
52833400,2621686434
52873446,2626528899
52913486,2632204584
52953523,2637590082
52993563,2644149589
53033607,2650661983
53073658,2657155949
53113691,2663941099
53153711,2671204978
53193733,2678116919
53233752,2685202311
53273775,2692403200
53313796,2699085782
53353819,2706467583
53387418,2711641449
53426888,2711652502
53466948,2711663136
53507008,2711673770
53547068,2711684404
53587128,2711695038
53627188,2711705672
53667249,2711716306
53707308,2711726940
53747368,2711737574
53787428,2711748208
53827488,2711758842
53867548,2711769476
53907608,2711780110
53947668,2711790744
53987728,2711801378
54027788,2711812012
54067848,2711822646
54107908,2711833280
54147968,2711843914
54188028,2711854548
54228088,2711865182
54268148,2711875816
54308208,2711886450
54348268,2711897084
54388328,2711907718
54428388,2711918352
54468448,2711928986
54508508,2711939620
54548568,2711950254
54588628,2711960888
54628688,2711971522
54668748,2711982156
54708808,2711992790
54748868,2712003424
54788928,2712014058
54828988,2712024692
54869048,2712035326
54909108,2712045960
54949168,2712056594
54989228,2712067228
55027141,2712077473
55066341,2717082719
55106392,2721959678
55146440,2726842785
55186490,2731688353
55226540,2736507164
55266592,2741367905
55304079,2745976802
55343682,2745987855
55383730,2745998489
55420769,2750507924
55460807,2755944985
55500846,2762479653
55540892,2768969697
55580934,2775437494
55620960,2782389831
55660978,2789472753
55701000,2796627450
55741019,2803460012
55781042,2810898935
55821060,2817333840
55861083,2824710527
55896107,2828620109
55936166,2828630743
55976226,2828641377
56016286,2828652011
56056346,2828662645
56096406,2828673279
56136466,2828683913
56176526,2828694547
56216586,2828705181
56256646,2828715815
56296706,2828726449
56336766,2828737083
56376826,2828747717
56416885,2828758351
56456946,2828768985
56497005,2828779619
56537066,2828790253
56577125,2828800887
56617186,2828811521
56657245,2828822155
56697306,2828832789
56737365,2828843423
56777426,2828854057
56817485,2828864691
56857546,2828875325
56897605,2828885959
56937666,2828896593
56977725,2828907227
57017786,2828917861
57057845,2828928495
57097906,2828939129
57137965,2828949763
57178026,2828960397
57218085,2828971031
57258151,2828981665
57298218,2828992299
57338288,2829002933
57378355,2829013567
57418424,2829024201
57458492,2829034835
57498561,2829045469
57530621,2829054629
57570672,2834212375
57610723,2839065227
57650772,2843893774
57690823,2848718323
57730874,2853539800
57770925,2858357508
57810976,2863194423
57851025,2868019762
57891074,2872849408
57924113,2876835477
57956150,2881573717
57996193,2887021448
58036237,2893544738
58076274,2899988397
58116301,2906094046
58156320,2912885739
58196344,2920070767
58236362,2926935414
58276387,2934327906
58316404,2940870427
58356427,2948280891
58396445,2954690701
58435473,2959702253
58475532,2959712887
58515593,2959723521
58555652,2959734155
58595713,2959744789
58635772,2959755423
58675833,2959766057
58715892,2959776691
58755953,2959787325
58796012,2959797959
58836073,2959808593
58876133,2959819227
58916193,2959829861
58956253,2959840495
58996313,2959851129
59036373,2959861763
59076433,2959872397
59116493,2959883031
59156552,2959893665
59196612,2959904299
59236672,2959914933
59276732,2959925567
59316792,2959936201
59356852,2959946835
59396912,2959957469
59436972,2959968103
59477032,2959978737
59517092,2959989371
59557152,2960000005
59597212,2960010639
59637272,2960021273
59677332,2960031907
59717392,2960042541
59757452,2960053175
59797512,2960063809
59837572,2960074443
59877632,2960085077
59917692,2960095711
59957752,2960106345
59997812,2960116979
60034102,2960127007
60073922,2965262921
60113972,2970157259
60154021,2974987759
60194071,2979824437
60234121,2984649767
60274172,2989563370
60305205,2991058073
60345250,2991068707
60385295,2991079341
60418330,2994273781
60458369,2999684778
60498407,3006226253
60538439,3012677963
60578473,3019110684
60618500,3025567927
60658520,3032211252
60698541,3039621976
60738562,3046386540
60778582,3053567795
60818604,3060668812
60858623,3067398890
60896330,3073700086
60935696,3073711139
60975756,3073721773
61015816,3073732407
61055876,3073743041
61095936,3073753675
61135996,3073764309
61176056,3073774943
61216116,3073785577
61256176,3073796211
61296236,3073806845
61336296,3073817479
61376356,3073828113
61416416,3073838747
61456476,3073849381
61496536,3073860015
61536596,3073870649
61576656,3073881283
61616716,3073891917
61656776,3073902551
61696836,3073913185
61736896,3073923819
61776956,3073934453
61817016,3073945087
61857076,3073955721
61897136,3073966355
61937196,3073976989
61977256,3073987623
62017316,3073998257
62057376,3074008891
62097436,3074019525
62137496,3074030159
62177556,3074040793
62217616,3074051427
62257677,3074062061
62297737,3074072695
62337796,3074083329
62377856,3074093963
62417917,3074104597
62457977,3074115231
62498037,3074125865
62537575,3074136544
TS,4
31175,630
71233,670
111293,710
151353,750
191413,790
231473,830
271533,870
311593,910
351653,950
391713,990
431773,1030
471833,1070
511893,1110
551953,1150
592013,1190
632073,1230
672133,1270
712193,1310
752253,1350
792313,1390
832373,1430
872433,1470
912493,1510
952553,1550
992613,1590
1032673,1630
1072733,1670
1112793,1710
1152853,1750
1192913,1790
1232973,1830
1273033,1870
1313093,1910
1353153,1950
1393213,1990
1433273,2030
1473333,2070
1513393,2110
1553453,2150
1593513,2190
1633573,2230
1673633,2270
1713693,2310
1753753,2350
1793813,2390
1833873,2430
1873933,2470
1913993,2510
1954053,2550
1994113,2590
2034173,2630
2074233,2670
2114293,2710
2154353,2750
2194413,2790
2234473,2830
2274533,2870
2314593,2910
2354653,2950
2394713,2990
2434773,3030
2473831,3071
2513884,3111
2553932,3151
2593984,3191
2634036,3231
2674088,3271
2714141,3311
2754190,3351
2794239,3391
2828278,3425
2868315,3465
2908360,3505
2948391,3545
2988430,3585
3028459,3625
3068481,3665
3108503,3705
3148524,3745
3188547,3785
3228565,3825
3268588,3865
3308605,3905
3343641,3940
3383708,3980
3423780,4020
3463841,4060
3503901,4100
3543961,4140
3584022,4180
3624082,4220
3664142,4260
3704202,4300
3744262,4340
3784322,4380
3824382,4420
3864442,4460
3904502,4500
3944562,4540
3984622,4580
4024682,4620
4064742,4660
4104802,4700
4144862,4740
4184922,4780
4224982,4820
4265042,4860
4305102,4900
4345162,4940
4385222,4980
4425282,5020
4465342,5060
4505402,5100
4545462,5140
4585522,5180
4625582,5220
4665642,5260
4705702,5300
4745762,5340
4785822,5380
4825882,5420
4865942,5460
4906002,5500
4946062,5540
4977109,5572
5017162,5612
5057210,5652
5097262,5692
5137310,5732
5177363,5772
5217416,5812
5257464,5852
5297512,5892
5331552,5927
5371594,5967
5411627,6007
5451664,6047
5491703,6087
5531741,6127
5571763,6167
5611785,6207
5651804,6247
5691827,6287
5731847,6327
5771870,6367
5811890,6407
5845922,6441
5885982,6481
5926042,6521
5966102,6561
6006162,6601
6046221,6641
6086281,6681
6126341,6721
6166401,6761
6206462,6801
6246521,6841
6286581,6881
6326641,6921
6366701,6961
6406761,7001
6446822,7041
6486881,7081
6526942,7121
6567001,7161
6607061,7201
6647121,7241
6687181,7281
6727241,7321
6767302,7361
6807361,7401
6847422,7441
6887481,7481
6927542,7521
6967601,7561
7007662,7601
7047721,7641
7087782,7681
7127841,7721
7167907,7761
7207976,7801
7248047,7841
7288118,7881
7328189,7921
7368258,7961
7408321,8001
7448387,8041
7481441,8075
7521491,8115
7561540,8155
7601589,8195
7641640,8235
7681693,8275
7721745,8315
7761796,8355
7792833,8386
7825858,8419
7864909,8459
7904945,8499
7944984,8539
7985030,8579
8025069,8619
8065099,8659
8105117,8699
8145141,8739
8185159,8779
8225179,8819
8265198,8859
8305220,8899
8342254,8936
8382313,8976
8422373,9016
8462433,9056
8502493,9096
8542553,9136
8582613,9176
8622673,9216
8662733,9256
8702793,9296
8742853,9336
8782913,9376
8822973,9416
8863033,9456
8903094,9496
8943153,9536
8983213,9576
9023273,9616
9063333,9656
9103393,9696
9143453,9736
9183513,9776
9223573,9816
9263633,9856
9303693,9896
9343753,9936
9383813,9976
9423873,10016
9463933,10056
9503993,10096
9544053,10136
9584113,10176
9624173,10216
9664233,10256
9704293,10296
9744353,10336
9784413,10376
9824473,10416
9864533,10456
9904593,10496
9944653,10536
9984717,10577
10024768,10617
10064816,10657
10104869,10697
10144920,10737
10184971,10777
10225021,10817
10265070,10857
10305118,10897
10339158,10932
10379198,10972
10419241,11012
10459281,11052
10499314,11092
10539342,11132
10579369,11172
10619391,11212
10659412,11252
10699431,11292
10739453,11332
10779471,11372
10819495,11412
10851525,11444
10891584,11484
10931644,11524
10971704,11564
11011764,11604
11051824,11644
11091884,11684
11131944,11724
11172004,11764
11212064,11804
11252124,11844
11292184,11884
11332244,11924
11372304,11964
11412364,12004
11452424,12044
11492484,12084
11532544,12124
11572604,12164
11612665,12204
11652724,12244
11692784,12284
11732844,12324
11772904,12364
11812964,12404
11853024,12444
11893084,12484
11933144,12524
11973204,12564
12013264,12604
12053324,12644
12093384,12684
12133444,12724
12173504,12764
12213564,12804
12253624,12844
12293684,12884
12333744,12924
12373804,12964
12413865,13004
12453924,13044
12487979,13079
12528028,13119
12568078,13159
12608128,13199
12648178,13239
12688228,13279
12728279,13319
12768329,13359
12800365,13391
12832789,13424
12872440,13464
12912476,13504
12952508,13544
12992543,13584
13032587,13624
13072608,13664
13112632,13704
13152650,13744
13192672,13784
13232690,13824
13272712,13864
13312730,13904
13343754,13935
13383813,13975
13423873,14015
13463933,14055
13503993,14095
13544053,14135
13584113,14175
13624173,14215
13664233,14255
13704293,14295
13744353,14335
13784413,14375
13824473,14415
13864533,14455
13904593,14495
13944653,14535
13984713,14575
14024773,14615
14064833,14655
14104893,14695
14144953,14735
14185013,14775
14225073,14815
14265133,14855
14305193,14895
14345253,14935
14385313,14975
14425373,15015
14465433,15055
14505493,15095
14545553,15135
14585613,15175
14625678,15215
14665746,15255
14705814,15295
14745882,15335
14785951,15375
14826018,15415
14866087,15455
14906155,15495
14946222,15535
14981284,15571
15021337,15611
15061385,15651
15101433,15691
15141484,15731
15181533,15771
15221584,15811
15261633,15851
15301682,15891
15336210,15926
15375761,15966
15415799,16006
15455836,16046
15495876,16086
15535919,16126
15575945,16166
15615966,16206
15655985,16246
15696008,16286
15736027,16326
15776049,16366
15816068,16406
15851103,16441
15891162,16481
15931222,16521
15971282,16561
16011342,16601
16051402,16641
16091462,16681
16131522,16721
16171582,16761
16211642,16801
16251702,16841
16291762,16881
16331822,16921
16371882,16961
16411942,17001
16452002,17041
16492062,17081
16532122,17121
16572182,17161
16612242,17201
16652302,17241
16692362,17281
16732422,17321
16772482,17361
16812542,17401
16852602,17441
16892662,17481
16932722,17521
16972782,17561
17012842,17601
17052902,17641
17092962,17681
17133022,17721
17173082,17761
17213142,17801
17253202,17841
17293262,17881
17333322,17921
17373382,17961
17413442,18001
17453502,18041
17484552,18073
17524605,18113
17564656,18153
17604707,18193
17644756,18233
17684806,18273
17724857,18313
17764907,18353
17802952,18391
17839675,18428
17879033,18468
17919070,18508
17959113,18548
17999149,18588
18039182,18628
18079204,18668
18119229,18708
18159247,18748
18199270,18788
18239287,18828
18279312,18868
18319330,18908
18358357,18947
18398416,18987
18438476,19027
18478536,19067
18518596,19107
18558656,19147
18598716,19187
18638776,19227
18678836,19267
18718896,19307
18758956,19347
18799016,19387
18839076,19427
18879136,19467
18919196,19507
18959256,19547
18999316,19587
19039376,19627
19079436,19667
19119496,19707
19159556,19747
19199616,19787
19239676,19827
19279736,19867
19319796,19907
19359856,19947
19399916,19987
19439976,20027
19480036,20067
19520096,20107
19560156,20147
19600216,20187
19640276,20227
19680336,20267
19720396,20307
19760456,20347
19800516,20387
19840576,20427
19880636,20467
19920696,20507
19960756,20547
19997812,20585
20037861,20625
20077910,20665
20117961,20705
20158014,20745
20198063,20785
20238115,20825
20278165,20865
20318213,20905
20352251,20940
20392292,20980
20432338,21020
20472380,21060
20512414,21100
20552445,21140
20592465,21180
20632491,21220
20672509,21260
20712531,21300
20752549,21340
20792573,21380
20832592,21420
20869639,21457
20909698,21497
20949758,21537
20989818,21577
21029878,21617
21069938,21657
21109998,21697
21150058,21737
21190118,21777
21230178,21817
21270238,21857
21310298,21897
21350358,21937
21390418,21977
21430478,22017
21470538,22057
21510598,22097
21550658,22137
21590718,22177
21630778,22217
21670838,22257
21710898,22297
21750958,22337
21791018,22377
21831078,22417
21871138,22457
21911198,22497
21951258,22537
21991318,22577
22031378,22617
22071438,22657
22111502,22697
22151570,22737
22191639,22777
22231706,22817
22271776,22857
22311843,22897
22351912,22937
22391980,22977
22432053,23017
22472117,23057
22512180,23098
22552229,23138
22592279,23178
22632328,23218
22672378,23258
22712429,23298
22752482,23338
22790454,23375
22829575,23415
22865611,23452
22905657,23492
22945696,23532
22985740,23572
23025780,23612
23065809,23652
23105828,23692
23145852,23732
23185868,23772
23225892,23812
23265909,23852
23305931,23892
23345954,23932
23381996,23968
23422055,24008
23462115,24048
23502175,24088
23542235,24128
23582295,24168
23622355,24208
23662415,24248
23702475,24288
23742535,24328
23782595,24368
23822655,24408
23862715,24448
23902775,24488
23942835,24528
23982895,24568
24022955,24608
24063015,24648
24103075,24688
24143135,24728
24183195,24768
24223255,24808
24263315,24848
24303375,24888
24343435,24928
24383495,24968
24423555,25008
24463615,25048
24503675,25088
24543735,25128
24583795,25168
24623855,25208
24663915,25248
24703974,25288
24744029,25328
24784084,25368
24824137,25408
24864192,25448
24904245,25488
24944299,25528
24984354,25568
25015400,25600
25055450,25640
25095497,25680
25135548,25720
25175599,25760
25215649,25800
25255699,25840
25295749,25880
25331258,25915
25369831,25955
25409866,25995
25449905,26035
25489940,26075
25529984,26115
25570013,26155
25610031,26195
25650053,26235
25690072,26275
25730096,26315
25770113,26355
25810135,26395
25850153,26435
25887197,26472
25927257,26512
25967317,26552
26007377,26592
26047436,26632
26087497,26672
26127556,26712
26167616,26752
26207676,26792
26247736,26832
26287796,26872
26327856,26912
26367916,26952
26407976,26992
26448036,27032
26488097,27072
26528156,27112
26568216,27152
26608276,27192
26648336,27232
26688396,27272
26728456,27312
26768516,27352
26808576,27392
26848636,27432
26888696,27472
26928756,27512
26968816,27552
27008876,27592
27048937,27632
27088997,27672
27129057,27712
27169116,27752
27209177,27792
27249236,27832
27289296,27872
27329356,27912
27369417,27952
27409476,27992
27449534,28032
27489064,28072
27528650,28112
27568702,28152
27608754,28192
27648801,28232
27688853,28272
27728905,28312
27768959,28352
27807004,28390
27847051,28430
27883088,28467
27923126,28507
27963166,28547
28003204,28587
28043245,28627
28083276,28667
28123300,28707
28163317,28747
28203341,28787
28243359,28827
28283381,28867
28323402,28907
28358481,28942
28398474,28982
28438534,29022
28478594,29062
28518654,29102
28558714,29142
28598774,29182
28638834,29222
28678894,29262
28718954,29302
28759014,29342
28799074,29382
28839134,29422
28879194,29462
28919254,29502
28959314,29542
28999374,29582
29039434,29622
29079494,29662
29119557,29702
29159624,29742
29199685,29782
29239744,29822
29279805,29862
29319864,29902
29359925,29942
29399984,29982
29440045,30022
29480104,30062
29520165,30102
29560224,30142
29600285,30182
29640344,30222
29680405,30262
29720464,30302
29760525,30342
29800584,30382
29840644,30422
29880704,30462
29920765,30502
29960824,30542
29992529,30574
30031929,30614
30071980,30654
30112031,30694
30152084,30734
30192136,30774
30232186,30814
30272238,30854
30312289,30894
30344422,30926
30376362,30959
30416395,30999
30456435,31039
30496468,31079
30536502,31119
30576531,31159
30616552,31199
30656578,31239
30696596,31279
30736617,31319
30776636,31359
30816659,31399
30856677,31439
30893722,31476
30933782,31516
30973841,31556
31013902,31596
31053962,31636
31094022,31676
31134081,31716
31174141,31756
31214201,31796
31254262,31836
31294321,31876
31334381,31916
31374441,31956
31414502,31996
31454561,32036
31494622,32076
31534681,32116
31574742,32156
31614801,32196
31654861,32236
31694921,32276
31734981,32316
31775041,32356
31815101,32396
31855161,32436
31895222,32476
31935281,32516
31975342,32556
32015401,32596
32055461,32636
32095521,32676
32135581,32716
32175641,32756
32215702,32796
32255761,32836
32295822,32876
32335881,32916
32375942,32956
32416001,32996
32456062,33036
32495978,33076
32535179,33116
32575226,33156
32615273,33196
32655323,33236
32695373,33276
32735425,33316
32775474,33356
32815524,33396
32846560,33427
32879598,33461
32919636,33501
32959674,33541
32999709,33581
33039741,33621
33079771,33661
33119789,33701
33159813,33741
33199832,33781
33239856,33821
33279875,33861
33319899,33901
33359916,33941
33396964,33978
33437022,34018
33477082,34058
33517142,34098
33557202,34138
33597262,34178
33637323,34218
33677382,34258
33717442,34298
33757502,34338
33797562,34378
33837622,34418
33877682,34458
33917742,34498
33957802,34538
33997862,34578
34037922,34618
34077982,34658
34118042,34698
34158102,34738
34198162,34778
34238222,34818
34278282,34858
34318342,34898
34358402,34938
34398462,34978
34438522,35018
34478582,35058
34518642,35098
34558702,35138
34598762,35178
34638822,35218
34678882,35258
34718942,35298
34759002,35338
34799062,35378
34839122,35418
34879182,35458
34919242,35498
34959302,35538
34999362,35578
35039418,35619
35079468,35659
35119519,35699
35159571,35739
35199622,35779
35239672,35819
35279723,35859
35319774,35899
35351808,35931
35383845,35964
35423884,36004
35463926,36044
35503963,36084
35544003,36124
35584033,36164
35624054,36204
35664076,36244
35704095,36284
35744117,36324
35784135,36364
35824158,36404
35864176,36444
35895210,36475
35935265,36515
35975318,36555
36015387,36595
36055455,36635
36095524,36675
36135593,36715
36175663,36755
36215739,36795
36255845,36835
36295908,36875
36335968,36915
36376028,36955
36416088,36995
36456149,37035
36496210,37075
36536270,37115
36576330,37155
36616390,37195
36656450,37235
36696509,37275
36736567,37315
36776624,37355
36816682,37395
36856740,37435
36896797,37475
36936854,37515
36976912,37555
37016969,37595
37057027,37635
37097083,37675
37137140,37715
37177197,37755
37217256,37795
37257314,37835
37297372,37875
37337430,37915
37377488,37955
37417545,37995
37457603,38035
37497660,38075
37532713,38111
37572767,38151
37612818,38191
37652866,38231
37692917,38271
37732968,38311
37773021,38351
37813070,38391
37845103,38423
37877136,38456
37917175,38496
37957216,38536
37997255,38576
38037290,38616
38077323,38656
38117341,38696
38157358,38736
38197380,38776
38237399,38816
38277421,38856
38317443,38896
38357462,38936
38393498,38972
38433557,39012
38473617,39052
38513677,39092
38553737,39132
38593797,39172
38633857,39212
38673917,39252
38713977,39292
38754037,39332
38794097,39372
38834157,39412
38874218,39452
38914277,39492
38954337,39532
38994397,39572
39034457,39612
39074517,39652
39114577,39692
39154637,39732
39194697,39772
39234757,39812
39274817,39852
39314877,39892
39354937,39932
39394997,39972
39435057,40012
39475117,40052
39515177,40092
39555237,40132
39595297,40172
39635357,40212
39675417,40252
39715477,40292
39755537,40332
39795597,40372
39835657,40412
39875717,40452
39915777,40492
39955837,40532
39995897,40572
40035956,40613
40076009,40653
40116059,40693
40156111,40733
40196160,40773
40236212,40813
40276264,40853
40316313,40893
40350349,40927
40390391,40968
40430438,41008
40470485,41048
40510519,41088
40550552,41128
40590576,41168
40630597,41208
40670617,41248
40710639,41288
40750659,41328
40790681,41368
40830701,41408
40870723,41448
40905764,41483
40945824,41523
40985884,41563
41025944,41603
41066004,41643
41106064,41683
41146124,41723
41186184,41763
41226244,41803
41266304,41843
41306364,41883
41346424,41923
41386484,41963
41426544,42003
41466604,42043
41506664,42083
41546724,42123
41586784,42163
41626844,42203
41666904,42243
41706964,42283
41747024,42323
41787084,42363
41827144,42403
41867204,42443
41907264,42483
41947324,42523
41987384,42563
42027444,42603
42067504,42643
42107564,42683
42147624,42723
42187684,42763
42227744,42803
42267804,42843
42307864,42883
42347924,42923
42387983,42963
42428040,43003
42468086,43043
42508133,43083
42539180,43115
42579231,43155
42619282,43195
42659334,43235
42699384,43275
42739434,43315
42779486,43355
42819538,43395
42859586,43435
42893622,43470
42933661,43510
42973699,43550
43013735,43590
43053768,43630
43093796,43670
43133820,43710
43173839,43750
43213862,43790
43253881,43830
43293906,43870
43333923,43910
43370845,43946
43409999,43986
43450059,44026
43490119,44066
43530179,44106
43570239,44146
43610298,44186
43650359,44226
43690418,44266
43730479,44306
43770538,44346
43810599,44386
43850658,44426
43890718,44466
43930778,44506
43970838,44546
44010898,44586
44050958,44626
44091018,44666
44131078,44706
44171138,44746
44211198,44786
44251258,44826
44291318,44866
44331378,44906
44371438,44946
44411498,44986
44451559,45026
44491618,45066
44531678,45106
44571738,45146
44611798,45186
44651858,45226
44691918,45266
44731978,45306
44772038,45346
44812098,45386
44852158,45426
44892218,45466
44932278,45506
44972338,45546
45012398,45586
45052455,45627
45092506,45667
45132556,45707
45172609,45747
45212662,45787
45252711,45827
45292761,45867
45324799,45899
45364846,45939
45396877,45972
45436922,46012
45476972,46052
45517010,46092
45557057,46132
45597081,46172
45637101,46212
45677123,46252
45717143,46292
45757165,46332
45797183,46372
45837205,46412
45877227,46452
45913270,46488
45953329,46528
45993389,46568
46033449,46608
46073509,46648
46113570,46688
46153629,46728
46193689,46768
46233749,46808
46273809,46848
46313869,46888
46353929,46928
46393989,46968
46434049,47008
46474109,47048
46514169,47088
46554229,47128
46594289,47168
46634349,47208
46674409,47248
46714469,47288
46754529,47328
46794589,47368
46834649,47408
46874709,47448
46914769,47488
46954829,47528
46994889,47568
47034949,47608
47075009,47648
47115069,47688
47155129,47728
47195189,47768
47235249,47808
47275309,47848
47315369,47888
47355429,47928
47395489,47968
47435554,48008
47475624,48048
47515692,48088
47546738,48120
47586790,48160
47626838,48200
47666889,48240
47706938,48280
47746989,48320
47787042,48360
47827092,48400
47867143,48440
47901177,48475
47941214,48515
47981251,48555
48021291,48595
48061337,48635
48101381,48675
48141401,48715
48181422,48755
48221442,48795
48261465,48835
48301484,48875
48341509,48915
48381527,48955
48421578,48995
48461634,49035
48501690,49075
48541743,49115
48581796,49155
48621849,49195
48661903,49235
48701956,49275
48742009,49315
48782062,49355
48822116,49395
48862169,49435
48902222,49475
48942276,49515
48982329,49555
49022382,49595
49062435,49635
49102488,49675
49142544,49715
49182600,49755
49222655,49795
49262708,49835
49302764,49875
49342821,49915
49382876,49955
49422931,49995
49462986,50035
49503041,50075
49543096,50115
49583153,50155
49623207,50195
49663263,50235
49703319,50275
49743373,50315
49783429,50355
49823484,50395
49863537,50435
49903593,50475
49943650,50515
49983703,50555
50020208,50592
50059810,50632
50099863,50672
50139914,50712
50179964,50752
50220015,50792
50260067,50832
50300117,50872
50332153,50904
50372199,50944
50404233,50977
50444271,51017
50484304,51057
50524342,51097
50564379,51137
50604410,51177
50644429,51217
50684451,51257
50724469,51297
50764491,51337
50804514,51377
50844533,51417
50884556,51457
50919596,51492
50959655,51532
50999715,51572
51039775,51612
51079835,51652
51119896,51692
51159955,51732
51200015,51772
51240075,51812
51280135,51852
51320195,51892
51360255,51932
51400315,51972
51440376,52012
51480435,52052
51520495,52092
51560555,52132
51600615,52172
51640675,52212
51680735,52252
51720795,52292
51760856,52332
51800915,52372
51840975,52412
51881035,52452
51921095,52492
51961155,52532
52001216,52572
52041275,52612
52081335,52652
52121395,52692
52161455,52732
52201515,52772
52241576,52812
52281635,52852
52321696,52892
52361755,52932
52401816,52972
52441875,53012
52481936,53052
52521996,53092
52553041,53124
52593092,53164
52633144,53204
52673198,53244
52713246,53284
52753297,53324
52793351,53364
52833400,53404
52873447,53444
52913487,53485
52953524,53525
52993563,53565
53033608,53605
53073659,53645
53113692,53685
53153712,53725
53193734,53765
53233753,53805
53273776,53845
53313796,53885
53353819,53925
53387418,53958
53426889,53998
53466948,54038
53507009,54078
53547068,54118
53587128,54158
53627188,54198
53667249,54238
53707308,54278
53747369,54318
53787428,54358
53827489,54398
53867548,54438
53907609,54478
53947668,54518
53987729,54558
54027788,54598
54067848,54638
54107908,54678
54147969,54718
54188028,54758
54228089,54798
54268148,54838
54308209,54878
54348268,54918
54388329,54958
54428388,54998
54468449,55038
54508508,55078
54548569,55118
54588628,55158
54628689,55198
54668748,55238
54708809,55278
54748868,55318
54788929,55358
54828988,55398
54869049,55438
54909108,55478
54949169,55518
54989228,55558
55027141,55596
55066342,55636
55106392,55676
55146441,55716
55186491,55756
55226542,55796
55266592,55836
55304080,55873
55343683,55913
55383730,55953
55420769,55991
55460808,56031
55500847,56071
55540892,56111
55580934,56151
55620960,56191
55660979,56231
55701001,56271
55741020,56311
55781043,56351
55821061,56391
55861084,56431
55896107,56466
55936166,56506
55976226,56546
56016286,56586
56056347,56626
56096406,56666
56136466,56706
56176526,56746
56216586,56786
56256646,56826
56296706,56866
56336766,56906
56376826,56946
56416886,56986
56456946,57026
56497006,57066
56537066,57106
56577126,57146
56617186,57186
56657246,57226
56697306,57266
56737366,57306
56777426,57346
56817486,57386
56857546,57426
56897606,57466
56937666,57506
56977726,57546
57017786,57586
57057846,57626
57097906,57666
57137966,57706
57178026,57746
57218086,57786
57258151,57826
57298218,57866
57338288,57906
57378355,57946
57418424,57986
57458492,58026
57498561,58066
57530621,58099
57570673,58139
57610723,58179
57650773,58219
57690823,58259
57730875,58299
57770926,58339
57810977,58379
57851025,58419
57891075,58459
57924114,58493
57956151,58525
57996194,58565
58036238,58605
58076275,58645
58116302,58685
58156321,58725
58196344,58765
58236362,58805
58276387,58845
58316404,58885
58356428,58925
58396446,58965
58435474,59004
58475533,59044
58515593,59084
58555653,59124
58595713,59164
58635773,59204
58675833,59244
58715893,59284
58755953,59324
58796013,59364
58836073,59404
58876133,59444
58916193,59484
58956253,59524
58996313,59564
59036373,59604
59076433,59644
59116493,59684
59156552,59724
59196612,59764
59236672,59804
59276732,59844
59316792,59884
59356852,59924
59396912,59964
59436972,60004
59477032,60044
59517092,60084
59557152,60124
59597212,60164
59637272,60204
59677332,60244
59717392,60284
59757452,60324
59797512,60364
59837572,60404
59877632,60444
59917692,60484
59957752,60524
59997812,60564
60034102,60601
60073923,60641
60113972,60681
60154021,60721
60194072,60761
60234122,60801
60274174,60841
60305205,60872
60345251,60912
60385296,60952
60418331,60986
60458370,61026
60498408,61066
60538440,61106
60578474,61146
60618501,61186
60658520,61226
60698542,61266
60738563,61306
60778583,61346
60818605,61386
60858623,61426
60896331,61463
60935696,61503
60975756,61543
61015816,61583
61055876,61623
61095936,61663
61135996,61703
61176056,61743
61216116,61783
61256176,61823
61296236,61863
61336296,61903
61376357,61943
61416416,61983
61456476,62023
61496536,62063
61536596,62103
61576656,62143
61616717,62183
61656776,62223
61696837,62263
61736896,62303
61776957,62343
61817016,62383
61857077,62423
61897136,62463
61937196,62503
61977256,62543
62017316,62583
62057376,62623
62097437,62663
62137496,62703
62177557,62743
62217617,62783
62257677,62823
62297737,62863
62337797,62903
62377857,62943
62417917,62983
62457977,63023
62498037,63063
62537576,63103
TS,5
31175,29925122
71233,29927304
111293,29929486
151353,29931668
191413,29933850
231473,29936032
271533,29938214
311593,29940396
351653,29942578
391713,29944760
431773,29946942
471833,29949124
511893,29951306
551953,29953488
592013,29955670
632073,29957852
672133,29960034
712193,29962216
752253,29964398
792313,29966580
832373,29968762
872433,29970944
912493,29973126
952553,29975308
992613,29977490
1032673,29979672
1072733,29981854
1112793,29984036
1152853,29986218
1192913,29988400
1232973,29990582
1273033,29992764
1313093,29994946
1353153,29997128
1393213,29999310
1433273,30001492
1473333,30003674
1513393,30005856
1553453,30008038
1593513,30010220
1633573,30012402
1673633,30014584
1713693,30016766
1753753,30018948
1793813,30021130
1833873,30023312
1873933,30025494
1913993,30027676
1954053,30029858
1994113,30032040
2034173,30034222
2074233,30036404
2114293,30038586
2154353,30040768
2194413,30042950
2234473,30045132
2274533,30047314
2314593,30049496
2354653,30051678
2394713,30053860
2434773,30056042
2473832,30387044
2513885,31031330
2553933,31660510
2593985,32287303
2634037,32924594
2674088,33553641
2714142,34186142
2754191,34819187
2794239,35452779
2828279,36022593
2868315,36519595
2908360,37249696
2948392,37904922
2988431,38473434
3028460,39134567
3068482,39800985
3108504,40511015
3148525,41230617
3188548,41968518
3228565,42636376
3268589,43376327
3308605,44018417
3343642,44273206
3383708,44275388
3423780,44277570
3463841,44279752
3503902,44281934
3543962,44284116
3584022,44286298
3624082,44288480
3664142,44290662
3704202,44292844
3744262,44295026
3784322,44297208
3824382,44299390
3864442,44301572
3904502,44303754
3944562,44305936
3984622,44308118
4024682,44310300
4064742,44312482
4104802,44314664
4144862,44316846
4184922,44319028
4224982,44321210
4265042,44323392
4305102,44325574
4345162,44327756
4385222,44329938
4425282,44332120
4465342,44334302
4505402,44336484
4545462,44338666
4585522,44340848
4625582,44343030
4665642,44345212
4705702,44347394
4745762,44349576
4785822,44351758
4825882,44353940
4865942,44356122
4906002,44358304
4946062,44360486
4977110,44689386
5017162,45333209
5057210,45962395
5097263,46589414
5137311,47216003
5177364,47844031
5217417,48479341
5257465,49118360
5297513,49754664
5331552,50228065
5371595,50753865
5411627,51354564
5451665,52013707
5491704,52680795
5531742,53346461
5571764,54015436
5611786,54781245
5651805,55444910
5691828,56197815
5731848,56850648
5771870,57590575
5811891,58247673
5845923,58480330
5885982,58482512
5926042,58484694
5966102,58486876
6006162,58489058
6046222,58491240
6086281,58493422
6126342,58495604
6166401,58497786
6206462,58499968
6246522,58502150
6286582,58504332
6326641,58506514
6366702,58508696
6406761,58510878
6446822,58513060
6486882,58515242
6526942,58517424
6567002,58519606
6607062,58521788
6647121,58523970
6687182,58526152
6727242,58528334
6767302,58530516
6807362,58532698
6847422,58534880
6887481,58537062
6927542,58539244
6967601,58541426
7007662,58543608
7047721,58545790
7087782,58547972
7127841,58550154
7167907,58552336
7207977,58554518
7248047,58556700
7288118,58558882
7328189,58561064
7368258,58563246
7408321,58565428
7448387,58567610
7481442,58908974
7521492,59558191
7561541,60205762
7601590,60834259
7641641,61465074
7681694,62095054
7721745,62725948
7761797,63358381
7792834,63385229
7825858,63387131
7864910,63965465
7904945,64559312
7944985,65236365
7985031,65904397
8025070,66564987
8065100,67334726
8105118,68004338
8145142,68764354
8185159,69423061
8225179,70170076
8265199,70818050
8305221,71552108
8342254,71816368
8382313,71818550
8422374,71820732
8462433,71822914
8502493,71825096
8542553,71827278
8582614,71829460
8622673,71831642
8662733,71833824
8702793,71836006
8742854,71838188
8782913,71840370
8822973,71842552
8863033,71844734
8903094,71846916
8943153,71849098
8983213,71851280
9023273,71853462
9063333,71855644
9103393,71857826
9143453,71860008
9183513,71862190
9223573,71864372
9263633,71866554
9303693,71868736
9343753,71870918
9383813,71873100
9423873,71875282
9463933,71877464
9503993,71879646
9544053,71881828
9584113,71884010
9624173,71886192
9664233,71888374
9704293,71890556
9744353,71892738
9784413,71894920
9824473,71897102
9864533,71899284
9904593,71901466
9944653,71903648
9984718,72242991
10024769,72888074
10064817,73515382
10104870,74143055
10144921,74769219
10184972,75404458
10225021,76036605
10265071,76671387
10305118,77308527
10339159,77872201
10379199,78423555
10419241,79113480
10459282,79792597
10499314,80455796
10539343,81001514
10579370,81685314
10619391,82430804
10659413,83149792
10699432,83847341
10739454,84582837
10779472,85240112
10819496,85972973
10851526,86120780
10891585,86122962
10931644,86125144
10971705,86127326
11011764,86129508
11051825,86131690
11091884,86133872
11131945,86136054
11172004,86138236
11212065,86140418
11252124,86142600
11292185,86144782
11332244,86146964
11372305,86149146
11412364,86151328
11452425,86153510
11492484,86155692
11532545,86157874
11572604,86160056
11612665,86162238
11652724,86164420
11692785,86166602
11732844,86168784
11772905,86170966
11812964,86173148
11853025,86175330
11893084,86177512
11933145,86179694
11973204,86181876
12013265,86184058
12053324,86186240
12093385,86188422
12133444,86190604
12173505,86192786
12213564,86194968
12253625,86197150
12293684,86199332
12333745,86201514
12373804,86203696
12413865,86205878
12453924,86208060
12487979,86545392
12528029,87202171
12568079,87840316
12608129,88470926
12648179,89100131
12688229,89728814
12728279,90359626
12768330,90991406
12800366,91025759
12832790,91027661
12872441,91615936
12912476,92200280
12952508,92870392
12992544,93529537
13032588,94192436
13072609,94859840
13112633,95626303
13152650,96291730
13192673,97045888
13232691,97699708
13272712,98440873
13312731,99083839
13343754,99456653
13383813,99458835
13423873,99461017
13463933,99463199
13503993,99465381
13544053,99467563
13584113,99469745
13624173,99471927
13664233,99474109
13704293,99476291
13744353,99478473
13784413,99480655
13824473,99482837
13864533,99485019
13904593,99487201
13944653,99489383
13984713,99491565
14024773,99493747
14064833,99495929
14104893,99498111
14144953,99500293
14185013,99502475
14225073,99504657
14265133,99506839
14305193,99509021
14345253,99511203
14385313,99513385
14425373,99515567
14465433,99517749
14505493,99519931
14545553,99522113
14585613,99524295
14625678,99526477
14665746,99528659
14705814,99530841
14745882,99533023
14785951,99535205
14826019,99537387
14866087,99539569
14906155,99541751
14946223,99543933
14981285,99707595
15021337,100367830
15061385,100993423
15101434,101621358
15141484,102247761
15181534,102882706
15221585,103514862
15261634,104151763
15301682,104787675
15336211,105234832
15375761,105784007
15415800,106404988
15455837,107078647
15495877,107752826
15535919,108519867
15575946,109193763
15615966,109941174
15655986,110623358
15696008,111368449
15736028,112029070
15776050,112769032
15816069,113410998
15851103,113663991
15891162,113666173
15931222,113668355
15971282,113670537
16011342,113672719
16051402,113674901
16091462,113677083
16131522,113679265
16171582,113681447
16211642,113683629
16251702,113685811
16291762,113687993
16331822,113690175
16371882,113692357
16411942,113694539
16452002,113696721
16492062,113698903
16532122,113701085
16572182,113703267
16612242,113705449
16652302,113707631
16692362,113709813
16732422,113711995
16772482,113714177
16812542,113716359
16852602,113718541
16892662,113720723
16932722,113722905
16972782,113725087
17012842,113727269
17052902,113729451
17092962,113731633
17133022,113733815
17173082,113735997
17213142,113738179
17253202,113740361
17293262,113742543
17333322,113744725
17373382,113746907
17413442,113749089
17453502,113751271
17484553,113912452
17524606,114584203
17564657,115222304
17604707,115852992
17644757,116482256
17684806,117111524
17724858,117743657
17764907,118376083
17802953,118665849
17839676,118667915
17879033,119254714
17919070,119828304
17959113,120497974
17999150,121139726
18039182,121704851
18079205,122367641
18119229,123128109
18159248,123801585
18199271,124556800
18239288,125211725
18279313,125954076
18319331,126598013
18358357,127097219
18398416,127099401
18438476,127101583
18478536,127103765
18518596,127105947
18558656,127108129
18598716,127110311
18638776,127112493
18678836,127114675
18718896,127116857
18758956,127119039
18799016,127121221
18839076,127123403
18879136,127125585
18919196,127127767
18959256,127129949
18999316,127132131
19039376,127134313
19079437,127136495
19119496,127138677
19159556,127140859
19199616,127143041
19239677,127145223
19279736,127147405
19319796,127149587
19359856,127151769
19399916,127153951
19439976,127156133
19480036,127158315
19520096,127160497
19560157,127162679
19600216,127164861
19640276,127167043
19680336,127169225
19720396,127171407
19760456,127173589
19800516,127175771
19840576,127177953
19880636,127180135
19920696,127182317
19960756,127184499
19997813,127515408
20037862,128158359
20077911,128785893
20117962,129412464
20158015,130047536
20198064,130678751
20238116,131314254
20278165,131950061
20318214,132583957
20352252,133051579
20392292,133572428
20432339,134285561
20472380,134972070
20512414,135636165
20552446,136298715
20592466,136966566
20632491,137720941
20672509,138393939
20712531,139145630
20752549,139797511
20792574,140536329
20832592,141177358
20869639,141304717
20909698,141306899
20949758,141309081
20989818,141311263
21029878,141313445
21069938,141315627
21109998,141317809
21150058,141319991
21190118,141322173
21230178,141324355
21270238,141326537
21310298,141328719
21350358,141330901
21390418,141333083
21430478,141335265
21470538,141337447
21510598,141339629
21550658,141341811
21590718,141343993
21630778,141346175
21670838,141348357
21710898,141350539
21750958,141352721
21791018,141354903
21831078,141357085
21871138,141359267
21911198,141361449
21951258,141363631
21991318,141365813
22031378,141367995
22071438,141370177
22111503,141372359
22151570,141374541
22191639,141376723
22231707,141378905
22271776,141381087
22311843,141383269
22351912,141385451
22391980,141387633
22432054,141389815
22472117,141391997
22512181,141909825
22552230,142556892
22592280,143187767
22632329,143818030
22672379,144446728
22712430,145076518
22752483,145706303
22790455,146304754
22829576,146307019
22865612,146621082
22905658,147171090
22945697,147751075
22985741,148408345
23025781,149060817
23065810,149730868
23105828,150403550
23145852,151168234
23185868,151830949
23225893,152582706
23265909,153234479
23305932,153973306
23345955,154635947
23381997,154738272
23422055,154740454
23462115,154742636
23502175,154744818
23542236,154747000
23582295,154749182
23622355,154751364
23662415,154753546
23702476,154755728
23742535,154757910
23782595,154760092
23822655,154762274
23862716,154764456
23902775,154766638
23942836,154768820
23982895,154771002
24022956,154773184
24063015,154775366
24103075,154777548
24143135,154779730
24183195,154781912
24223255,154784094
24263315,154786276
24303375,154788458
24343435,154790640
24383495,154792822
24423555,154795004
24463615,154797186
24503675,154799368
24543735,154801550
24583795,154803732
24623855,154805914
24663915,154808096
24703974,154810278
24744029,154812460
24784084,154814642
24824137,154816824
24864192,154819006
24904245,154821188
24944299,154823370
24984354,154825552
25015401,155326947
25055451,155964260
25095498,156591083
25135549,157219275
25175600,157853388
25215649,158490322
25255700,159124660
25295750,159756623
25331259,160320494
25369832,160642774
25409866,161194529
25449906,161764986
25489941,162427772
25529984,163069064
25570014,163738764
25610033,164412952
25650054,165166079
25690073,165840405
25730097,166589228
25770114,167244023
25810135,167982835
25850153,168623918
25887198,168751992
25927257,168754174
25967317,168756356
26007377,168758538
26047437,168760720
26087497,168762902
26127556,168765084
26167617,168767266
26207676,168769448
26247737,168771630
26287796,168773812
26327857,168775994
26367916,168778176
26407977,168780358
26448036,168782540
26488097,168784722
26528156,168786904
26568217,168789086
26608276,168791268
26648337,168793450
26688396,168795632
26728457,168797814
26768516,168799996
26808577,168802178
26848636,168804360
26888697,168806542
26928756,168808724
26968817,168810906
27008876,168813088
27048937,168815270
27088997,168817452
27129057,168819634
27169116,168821816
27209177,168823998
27249236,168826180
27289297,168828362
27329356,168830544
27369417,168832726
27409477,168834908
27449534,168837090
27489064,168839279
27528651,169509980
27568703,170151791
27608755,170782801
27648802,171411385
27688854,172041059
27728905,172673708
27768959,173303687
27807005,173751996
27847052,173754178
27883088,174214821
27923127,174771486
27963167,175324507
28003205,175989358
28043246,176657327
28083277,177329124
28123301,178098409
28163318,178764989
28203341,179521450
28243359,180177247
28283381,180920742
28323402,181633208
28358481,182183125
28398474,182185390
28438534,182187572
28478594,182189754
28518654,182191936
28558714,182194118
28598774,182196300
28638834,182198482
28678894,182200664
28718954,182202846
28759014,182205028
28799074,182207210
28839134,182209392
28879194,182211574
28919254,182213756
28959314,182215938
28999374,182218120
29039434,182220302
29079494,182222484
29119558,182224666
29159624,182226848
29199685,182229030
29239744,182231212
29279805,182233394
29319864,182235576
29359925,182237758
29399984,182239940
29440045,182242122
29480104,182244304
29520165,182246486
29560224,182248668
29600285,182250850
29640345,182253032
29680405,182255214
29720464,182257396
29760525,182259578
29800584,182261760
29840645,182263942
29880704,182266124
29920765,182268306
29960824,182270488
29992529,182272349
30031929,182928332
30071981,183558727
30112032,184185745
30152084,184821116
30192136,185451760
30232187,186085811
30272238,186719968
30312290,187353899
30344423,187864254
30376363,188181844
30416395,188730970
30456435,189296233
30496469,189963161
30536503,190615903
30576532,191287994
30616553,191958178
30656579,192716329
30696597,193385611
30736618,194137325
30776637,194789148
30816659,195527922
30856678,196168952
30893723,196295465
30933782,196297647
30973842,196299829
31013902,196302011
31053962,196304193
31094022,196306375
31134081,196308557
31174142,196310739
31214201,196312921
31254262,196315103
31294321,196317285
31334382,196319467
31374441,196321649
31414502,196323831
31454561,196326013
31494622,196328195
31534681,196330377
31574742,196332559
31614801,196334741
31654862,196336923
31694921,196339105
31734982,196341287
31775041,196343469
31815102,196345651
31855162,196347833
31895222,196350015
31935281,196352197
31975342,196354379
32015401,196356561
32055462,196358743
32095521,196360925
32135582,196363107
32175641,196365289
32215702,196367471
32255761,196369653
32295822,196371835
32335881,196374017
32375942,196376199
32416002,196378381
32456062,196380563
32495979,196382752
32535179,197056927
32575227,197688107
32615274,198319788
32655324,198949967
32695373,199580125
32735426,200209381
32775475,200839247
32815525,201471441
32846561,201490894
32879598,201810716
32919637,202369581
32959674,202929274
32999709,203586631
33039742,204239123
33079771,204913041
33119790,205583748
33159814,206338204
33199833,207011212
33239856,207762952
33279875,208414834
33319900,209153620
33359917,209794652
33396964,209922063
33437022,209924245
33477083,209926427
33517142,209928609
33557203,209930791
33597262,209932973
33637323,209935155
33677382,209937337
33717443,209939519
33757502,209941701
33797562,209943883
33837622,209946065
33877683,209948247
33917742,209950429
33957803,209952611
33997862,209954793
34037923,209956975
34077982,209959157
34118042,209961339
34158102,209963521
34198162,209965703
34238222,209967885
34278282,209970067
34318342,209972249
34358402,209974431
34398462,209976613
34438522,209978795
34478582,209980977
34518642,209983159
34558702,209985341
34598762,209987523
34638822,209989705
34678882,209991887
34718942,209994069
34759003,209996251
34799062,209998433
34839122,210000615
34879182,210002797
34919242,210004979
34959302,210007161
34999362,210009343
35039419,210676259
35079469,211305449
35119520,211933513
35159572,212568097
35199622,213204880
35239673,213838941
35279724,214469778
35319775,215105642
35351808,215311211
35383846,215634002
35423885,216198886
35463927,216882360
35503964,217559780
35544004,218205345
35584033,218848520
35624055,219530781
35664076,220240985
35704096,220956030
35744117,221694581
35784136,222357469
35824158,223095020
35864176,223735171
35895210,223742105
35935265,223744287
35975318,223746469
36015387,223748651
36055455,223750833
36095524,223753015
36135593,223755197
36175663,223757379
36215739,223759561
36255845,223761743
36295908,223763925
36335968,223766107
36376028,223768289
36416089,223770471
36456149,223772653
36496211,223774835
36536270,223777017
36576331,223779199
36616390,223781381
36656451,223783563
36696509,223785745
36736567,223787927
36776624,223790109
36816682,223792291
36856740,223794473
36896798,223796655
36936855,223798837
36976912,223801019
37016970,223803201
37057028,223805383
37097083,223807565
37137140,223809747
37177197,223811929
37217256,223814111
37257314,223816293
37297372,223818475
37337430,223820657
37377489,223822839
37417545,223825021
37457603,223827203
37497661,223829385
37532714,224347628
37572768,224985589
37612819,225616103
37652867,226246549
37692918,226876635
37732969,227505621
37773022,228135054
37813070,228767975
37845103,229130932
37877137,229313850
37917176,229820849
37957216,230428805
37997255,231086478
38037291,231740707
38077324,232390818
38117342,233085497
38157359,233755066
38197381,234515064
38237400,235173324
38277421,235920791
38317444,236639555
38357463,237302678
38393498,237562021
38433557,237564203
38473618,237566385
38513677,237568567
38553737,237570749
38593797,237572931
38633858,237575113
38673917,237577295
38713977,237579477
38754037,237581659
38794098,237583841
38834157,237586023
38874218,237588205
38914277,237590387
38954338,237592569
38994397,237594751
39034457,237596933
39074517,237599115
39114578,237601297
39154637,237603479
39194697,237605661
39234757,237607843
39274818,237610025
39314877,237612207
39354937,237614389
39394997,237616571
39435058,237618753
39475117,237620935
39515177,237623117
39555237,237625299
39595298,237627481
39635357,237629663
39675417,237631845
39715477,237634027
39755538,237636209
39795597,237638391
39835658,237640573
39875717,237642755
39915778,237644937
39955837,237647119
39995897,237649301
40035957,238146970
40076010,238783087
40116060,239417652
40156113,240048286
40196161,240681436
40236212,241314444
40276265,241945694
40316314,242583946
40350350,242660965
40390392,242977855
40430439,243541253
40470485,244218585
40510519,244803757
40550553,245437867
40590577,246093103
40630598,246767442
40670618,247530590
40710640,248227387
40750660,248945021
40790682,249678575
40830701,250335534
40870724,251067204
40905764,251092459
40945824,251094641
40985884,251096823
41025944,251099005
41066004,251101187
41106064,251103369
41146124,251105551
41186184,251107733
41226244,251109915
41266304,251112097
41306364,251114279
41346424,251116461
41386484,251118643
41426544,251120825
41466604,251123007
41506664,251125189
41546724,251127371
41586784,251129553
41626844,251131735
41666904,251133917
41706964,251136099
41747024,251138281
41787084,251140463
41827144,251142645
41867204,251144827
41907264,251147009
41947324,251149191
41987384,251151373
42027444,251153555
42067504,251155737
42107564,251157919
42147624,251160101
42187684,251162283
42227744,251164465
42267804,251166647
42307864,251168829
42347924,251171011
42387984,251173193
42428040,251175375
42468086,251177557
42508133,251179739
42539181,251685387
42579232,252324104
42619282,252954879
42659334,253584561
42699385,254214928
42739435,254843543
42779487,255473188
42819539,256105908
42859587,256737901
42893622,257091243
42933661,257655392
42973699,258339141
43013736,259014972
43053768,259677715
43093796,260340653
43133820,261087162
43173839,261773994
43213863,262520320
43253882,263186330
43293907,263929831
43333923,264574866
43370846,265200765
43409999,265203030
43450059,265205212
43490119,265207394
43530179,265209576
43570239,265211758
43610299,265213940
43650359,265216122
43690419,265218304
43730479,265220486
43770539,265222668
43810599,265224850
43850658,265227032
43890719,265229214
43930778,265231396
43970839,265233578
44010898,265235760
44050959,265237942
44091018,265240124
44131079,265242306
44171138,265244488
44211199,265246670
44251258,265248852
44291319,265251034
44331378,265253216
44371439,265255398
44411498,265257580
44451559,265259762
44491618,265261944
44531679,265264126
44571738,265266308
44611799,265268490
44651858,265270672
44691919,265272854
44731978,265275036
44772039,265277218
44812098,265279400
44852159,265281582
44892218,265283764
44932279,265285946
44972338,265288128
45012399,265290310
45052456,265942539
45092506,266573736
45132556,267208112
45172610,267843912
45212663,268477655
45252712,269107738
45292762,269742306
45324800,270106187
45364846,270108369
45396878,270426587
45436922,270969773
45476972,271651898
45517010,272217219
45557057,272878840
45597082,273534865
45637101,274207615
45677124,274972314
45717143,275634982
45757165,276386735
45797184,277038502
45837206,277777309
45877228,278493239
45913270,278539458
45953330,278541640
45993389,278543822
46033449,278546004
46073509,278548186
46113570,278550368
46153629,278552550
46193689,278554732
46233749,278556914
46273810,278559096
46313869,278561278
46353929,278563460
46393989,278565642
46434050,278567824
46474109,278570006
46514170,278572188
46554229,278574370
46594290,278576552
46634349,278578734
46674409,278580916
46714469,278583098
46754530,278585280
46794589,278587462
46834649,278589644
46874709,278591826
46914770,278594008
46954829,278596190
46994890,278598372
47034949,278600554
47075010,278602736
47115069,278604918
47155130,278607100
47195189,278609282
47235250,278611464
47275309,278613646
47315369,278615828
47355429,278618010
47395490,278620192
47435554,278622374
47475624,278624556
47515692,278626738
47546739,279140388
47586790,279777604
47626838,280408434
47666889,281038457
47706939,281668461
47746990,282297456
47787043,282926633
47827093,283558838
47867143,284191446
47901177,284733737
47941214,285298607
47981252,285972705
48021292,286553153
48061338,287220542
48101381,287939504
48141402,288632634
48181423,289358489
48221442,290057825
48261465,290798294
48301485,291459207
48341510,292196768
48381528,292836868
48421578,292843746
48461634,292845928
48501691,292848110
48541743,292850292
48581796,292852474
48621849,292854656
48661903,292856838
48701956,292859020
48742009,292861202
48782062,292863384
48822116,292865566
48862169,292867748
48902223,292869930
48942276,292872112
48982329,292874294
49022382,292876476
49062435,292878658
49102488,292880840
49142545,292883022
49182600,292885204
49222655,292887386
49262708,292889568
49302765,292891750
49342821,292893932
49382876,292896114
49422931,292898296
49462987,292900478
49503041,292902660
49543097,292904842
49583153,292907024
49623208,292909206
49663263,292911388
49703319,292913570
49743373,292915752
49783429,292917934
49823484,292920116
49863538,292922298
49903593,292924480
49943650,292926662
49983703,292928844
50020208,292930910
50059811,293589396
50099864,294226537
50139914,294856742
50179964,295490643
50220015,296123796
50260068,296755479
50300117,297397378
50332154,297746625
50372200,297748807
50404234,298070907
50444272,298633369
50484305,299294947
50524343,299849238
50564380,300514519
50604411,301179720
50644429,301850190
50684452,302614844
50724470,303277524
50764492,304029231
50804515,304711608
50844534,305419813
50884556,306143676
50919596,306179857
50959656,306182039
50999715,306184221
51039776,306186403
51079835,306188585
51119896,306190767
51159955,306192949
51200016,306195131
51240075,306197313
51280136,306199495
51320195,306201677
51360256,306203859
51400315,306206041
51440376,306208223
51480435,306210405
51520496,306212587
51560555,306214769
51600616,306216951
51640675,306219133
51680736,306221315
51720795,306223497
51760856,306225679
51800915,306227861
51840976,306230043
51881035,306232225
51921096,306234407
51961155,306236589
52001216,306238771
52041275,306240953
52081336,306243135
52121395,306245317
52161456,306247499
52201515,306249681
52241576,306251863
52281635,306254045
52321696,306256227
52361755,306258409
52401816,306260591
52441875,306262773
52481936,306264955
52521996,306267137
52553042,306771178
52593093,307412662
52633145,308040927
52673198,308670696
52713247,309301808
52753298,309929461
52793352,310561774
52833401,311192070
52873448,311824433
52913487,312470730
52953525,313033447
52993564,313715925
53033608,314390751
53073659,315061267
53113693,315781641
53153713,316500747
53193734,317241423
53233754,317923771
53273777,318665405
53313797,319323033
53353820,320059375
53387419,320578482
53426889,320580747
53466948,320582929
53507009,320585111
53547068,320587293
53587129,320589475
53627188,320591657
53667249,320593839
53707308,320596021
53747369,320598203
53787428,320600385
53827489,320602567
53867548,320604749
53907609,320606931
53947668,320609113
53987729,320611295
54027788,320613477
54067849,320615659
54107908,320617841
54147969,320620023
54188028,320622205
54228089,320624387
54268148,320626569
54308209,320628751
54348268,320630933
54388329,320633115
54428388,320635297
54468449,320637479
54508508,320639661
54548569,320641843
54588628,320644025
54628689,320646207
54668748,320648389
54708809,320650571
54748868,320652753
54788929,320654935
54828988,320657117
54869049,320659299
54909108,320661481
54949169,320663663
54989228,320665845
55027141,320667952
55066342,321321552
55106393,321958389
55146442,322595998
55186492,323228735
55226543,323858002
55266593,324492714
55304081,325094556
55343683,325096821
55383731,325099003
55420770,325558184
55460808,326127002
55500848,326806160
55540893,327477931
55580935,328144945
55620961,328893024
55660980,329581864
55701001,330332863
55741020,331002760
55781043,331750962
55821062,332399945
55861084,333135171
55896108,333528085
55936166,333530267
55976227,333532449
56016286,333534631
56056347,333536813
56096407,333538995
56136467,333541177
56176526,333543359
56216587,333545541
56256646,333547723
56296707,333549905
56336766,333552087
56376826,333554269
56416886,333556451
56456946,333558633
56497006,333560815
56537066,333562997
56577126,333565179
56617186,333567361
56657246,333569543
56697306,333571725
56737366,333573907
56777426,333576089
56817486,333578271
56857546,333580453
56897606,333582635
56937666,333584817
56977726,333586999
57017786,333589181
57057846,333591363
57097906,333593545
57137966,333595727
57178026,333597909
57218086,333600091
57258151,333602273
57298218,333604455
57338288,333606637
57378355,333608819
57418425,333611001
57458492,333613183
57498561,333615365
57530621,333617267
57570674,334290723
57610724,334924415
57650774,335554953
57690824,336184892
57730876,336814507
57770926,337443636
57810978,338075265
57851026,338705389
57891076,339336085
57924115,339856685
57956151,340345902
57996195,340915945
58036239,341593766
58076275,342260091
58116302,342904874
58156321,343587477
58196345,344345534
58236363,345021369
58276388,345773835
58316405,346431407
58356428,347173691
58396447,347817580
58435474,348317754
58475533,348319936
58515593,348322118
58555653,348324300
58595713,348326482
58635773,348328664
58675833,348330846
58715893,348333028
58755953,348335210
58796013,348337392
58836073,348339574
58876133,348341756
58916193,348343938
58956253,348346120
58996313,348348302
59036373,348350484
59076433,348352666
59116493,348354848
59156553,348357030
59196612,348359212
59236672,348361394
59276732,348363576
59316793,348365758
59356852,348367940
59396912,348370122
59436972,348372304
59477033,348374486
59517092,348376668
59557152,348378850
59597212,348381032
59637273,348383214
59677332,348385396
59717392,348387578
59757452,348389760
59797513,348391942
59837572,348394124
59877632,348396306
59917692,348398488
59957753,348400670
59997812,348402852
60034102,348404918
60073924,349075526
60113973,349714610
60154022,350345387
60194073,350976975
60234123,351607093
60274174,352248659
60305206,352444321
60345251,352446503
60385296,352448685
60418332,352771003
60458371,353336736
60498408,354017099
60538440,354684798
60578475,355348123
60618501,356012178
60658521,356696563
60698543,357447527
60738564,358158038
60778583,358859778
60818605,359593254
60858624,360248167
60896332,360877598
60935696,360879863
60975757,360882045
61015816,360884227
61055877,360886409
61095936,360888591
61135997,360890773
61176056,360892955
61216117,360895137
61256176,360897319
61296237,360899501
61336296,360901683
61376357,360903865
61416416,360906047
61456477,360908229
61496536,360910411
61536597,360912593
61576656,360914775
61616717,360916957
61656776,360919139
61696837,360921321
61736896,360923503
61776957,360925685
61817016,360927867
61857077,360930049
61897136,360932231
61937197,360934413
61977256,360936595
62017317,360938777
62057376,360940959
62097437,360943141
62137496,360945323
62177557,360947505
62217617,360949687
62257677,360951869
62297737,360954051
62337798,360956233
62377857,360958415
62417917,360960597
62457977,360962779
62498038,360964961
62537576,360967150
CPU2
TS,0
40291,1205705032
80359,1205705032
120427,1205705032
160496,1205705032
200564,1205705032
240632,1205705032
280701,1205705032
320769,1205705032
360837,1205705032
400905,1205705032
440973,1205705032
481041,1205705032
521110,1205705032
561177,1205705032
601245,1205705032
641313,1205705032
681382,1205705032
721450,1205705032
761517,1205705032
801586,1205705032
841654,1205705032
881723,1205705032
921790,1205705032
961860,1205705032
1001926,1205705032
1041993,1205705032
1082062,1205705032
1122130,1205705032
1162198,1205705032
1202265,1205705032
1242334,1205705032
1282402,1205705032
1322470,1205705032
1362538,1205705032
1402606,1205705032
1442673,1205705032
1482742,1205705032
1522809,1205705032
1562878,1205705032
1602946,1205705032
1643015,1205705032
1683083,1205705032
1723151,1205705032
1763219,1205705032
1803288,1205705032
1843355,1205705032
1883424,1205705032
1923491,1205705032
1963560,1205705032
2003628,1205705032
2043695,1205705032
2083763,1205705032
2123831,1205705032
2163899,1205705032
2203967,1205705032
2244034,1205705032
2284103,1205705032
2324170,1205705032
2364239,1205705032
2404309,1205705032
2444375,1205705032
2483445,1202523544
2523499,1202523544
2563549,1202523544
2603600,1202523544
2643656,1202523544
2683707,1202523544
2723757,1202523544
2763806,1202523544
2803857,1202523544
2843898,1202523544
2883932,1202523544
2923970,1202523544
2963999,1202523544
3004034,1202523544
3037062,1205705032
3077109,1205705032
3117163,1205705032
3157217,1205705032
3197271,1205705032
3237324,1205705032
3277378,1205705032
3317432,1205705032
3357488,1205705032
3397542,1205705032
3437596,1205705032
3477653,1205705032
3517713,1205705032
3557773,1205705032
3597833,1205705032
3637893,1205705032
3677953,1205705032
3718013,1205705032
3758073,1205705032
3798133,1205705032
3838193,1205705032
3878253,1205705032
3918313,1205705032
3958373,1205705032
3998433,1205705032
4038493,1205705032
4078553,1205705032
4118613,1205705032
4158673,1205705032
4198733,1205705032
4238793,1205705032
4278853,1205705032
4318913,1205705032
4358973,1205705032
4399033,1205705032
4439093,1205705032
4479153,1205705032
4519213,1205705032
4559273,1205705032
4599333,1205705032
4639393,1205705032
4679453,1205705032
4719513,1205705032
4759573,1205705032
4799633,1205705032
4839693,1205705032
4879753,1205705032
4919813,1205705032
4959874,1205705032
4996928,1202523544
5036981,1202523544
5077033,1202523544
5117086,1202523544
5157140,1202523544
5197191,1202523544
5237244,1202523544
5277297,1202523544
5317349,1202523544
5357383,1202523544
5397415,1202523544
5437441,1202523544
5477472,1202523544
5515586,1205705032
5550552,1205705032
5590606,1205705032
5630659,1205705032
5670714,1205705032
5710768,1205705032
5750822,1205705032
5790876,1205705032
5830929,1205705032
5870989,1205705032
5911049,1205705032
5951109,1205705032
5991169,1205705032
6031229,1205705032
6071289,1205705032
6111349,1205705032
6151409,1205705032
6191469,1205705032
6231529,1205705032
6271589,1205705032
6311649,1205705032
6351709,1205705032
6391769,1205705032
6431829,1205705032
6471889,1205705032
6511949,1205705032
6552009,1205705032
6592069,1205705032
6632129,1205705032
6672189,1205705032
6712249,1205705032
6752309,1205705032
6792369,1205705032
6832429,1205705032
6872489,1205705032
6912549,1205705032
6952609,1205705032
6992669,1205705032
7032729,1205705032
7072789,1205705032
7112849,1205705032
7152909,1205705032
7192964,1205705032
7233023,1205705032
7273095,1205705032
7313163,1205705032
7353234,1205705032
7393299,1205705032
7433364,1205705032
7473434,1205705032
7510485,1202523544
7550544,1202523544
7590595,1202523544
7630648,1202523544
7670701,1202523544
7710754,1202523544
7750806,1202523544
7790839,1202523544
7830874,1202523544
7870902,1202523544
7910938,1202523544
7950977,1202523544
7991015,1202523544
8024040,1202391736
8064103,1205705032
8104159,1205705032
8144213,1205705032
8184268,1205705032
8224323,1205705032
8264378,1205705032
8304433,1205705032
8344490,1205705032
8384550,1205705032
8424610,1205705032
8464670,1205705032
8504730,1205705032
8544790,1205705032
8584850,1205705032
8624910,1205705032
8664970,1205705032
8705030,1205705032
8745090,1205705032
8785150,1205705032
8825210,1205705032
8865270,1205705032
8905330,1205705032
8945390,1205705032
8985450,1205705032
9025510,1205705032
9065570,1205705032
9105630,1205705032
9145690,1205705032
9185750,1205705032
9225810,1205705032
9265870,1205705032
9305930,1205705032
9345990,1205705032
9386050,1205705032
9426110,1205705032
9466170,1205705032
9506230,1205705032
9546290,1205705032
9586350,1205705032
9626410,1205705032
9666470,1205705032
9706530,1205705032
9746590,1205705032
9786650,1205705032
9826710,1205705032
9866770,1205705032
9906830,1205705032
9946890,1205705032
9983926,1202523544
10023000,1202523544
10063051,1202523544
10103105,1202523544
10143157,1202523544
10183209,1202523544
10223260,1202523544
10263312,1202523544
10303365,1202523544
10343408,1202523544
10383445,1202523544
10423489,1202523544
10463527,1202523544
10503554,1202523544
10536587,1205705032
10576635,1205705032
10616691,1205705032
10656745,1205705032
10696799,1205705032
10736854,1205705032
10776909,1205705032
10816963,1205705032
10857020,1205705032
10897080,1205705032
10937140,1205705032
10977200,1205705032
11017260,1205705032
11057320,1205705032
11097380,1205705032
11137440,1205705032
11177500,1205705032
11217560,1205705032
11257620,1205705032
11297680,1205705032
11337740,1205705032
11377800,1205705032
11417860,1205705032
11457920,1205705032
11497980,1205705032
11538040,1205705032
11578100,1205705032
11618160,1205705032
11658220,1205705032
11698280,1205705032
11738340,1205705032
11778400,1205705032
11818460,1205705032
11858520,1205705032
11898580,1205705032
11938640,1205705032
11978700,1205705032
12018760,1205705032
12058820,1205705032
12098880,1205705032
12138940,1205705032
12179000,1205705032
12219060,1205705032
12259120,1205705032
12299180,1205705032
12339240,1205705032
12379300,1205705032
12419360,1205705032
12459420,1205705032
12496477,1202523544
12536531,1202523544
12576583,1202523544
12616634,1202523544
12656688,1202523544
12696741,1202523544
12736792,1202523544
12776840,1202523544
12816870,1202523544
12856902,1202523544
12896934,1202523544
12936962,1202523544
12976992,1202523544
13017032,1202523544
13050066,1205705032
13090120,1205705032
13130176,1205705032
13170234,1205705032
13210290,1205705032
13250350,1205705032
13290407,1205705032
13330463,1205705032
13370523,1205705032
13410583,1205705032
13450643,1205705032
13490703,1205705032
13530763,1205705032
13570823,1205705032
13610883,1205705032
13650943,1205705032
13691003,1205705032
13731063,1205705032
13771123,1205705032
13811183,1205705032
13851243,1205705032
13891303,1205705032
13931363,1205705032
13971423,1205705032
14011483,1205705032
14051543,1205705032
14091603,1205705032
14131663,1205705032
14171723,1205705032
14211783,1205705032
14251843,1205705032
14291903,1205705032
14331963,1205705032
14372023,1205705032
14412083,1205705032
14452143,1205705032
14492203,1205705032
14532263,1205705032
14572323,1205705032
14612383,1205705032
14652443,1205705032
14692503,1205705032
14732563,1205705032
14772623,1205705032
14812683,1205705032
14852743,1205705032
14892803,1205705032
14932863,1205705032
14972924,1205705032
15009978,1202523544
15050031,1202523544
15090083,1202523544
15130135,1202523544
15170188,1202523544
15210241,1202523544
15250292,1202523544
15290345,1202523544
15330395,1202523544
15370425,1202523544
15410460,1202523544
15450493,1202523544
15490527,1202523544
15529112,1205705032
15563599,1205705032
15603653,1205705032
15643707,1205705032
15683763,1205705032
15723818,1205705032
15763873,1205705032
15803928,1205705032
15843983,1205705032
15884043,1205705032
15924103,1205705032
15964163,1205705032
16004223,1205705032
16044283,1205705032
16084343,1205705032
16124403,1205705032
16164463,1205705032
16204523,1205705032
16244583,1205705032
16284643,1205705032
16324703,1205705032
16364763,1205705032
16404823,1205705032
16444883,1205705032
16484943,1205705032
16525003,1205705032
16565063,1205705032
16605123,1205705032
16645183,1205705032
16685243,1205705032
16725303,1205705032
16765363,1205705032
16805423,1205705032
16845483,1205705032
16885543,1205705032
16925603,1205705032
16965663,1205705032
17005723,1205705032
17045783,1205705032
17085843,1205705032
17125903,1205705032
17165963,1205705032
17206023,1205705032
17246083,1205705032
17286143,1205705032
17326203,1205705032
17366263,1205705032
17406323,1205705032
17446383,1205705032
17486444,1205705032
17523497,1202523544
17563547,1202523544
17603599,1202523544
17643650,1202523544
17683703,1202523544
17723756,1202523544
17763809,1202523544
17803849,1202523544
17843874,1202523544
17883903,1202523544
17923932,1202523544
17963971,1202523544
18004002,1202523544
18037836,1202391736
18077076,1205705032
18117132,1205705032
18157186,1205705032
18197241,1205705032
18237297,1205705032
18277353,1205705032
18317409,1205705032
18357465,1205705032
18397525,1205705032
18437585,1205705032
18477645,1205705032
18517705,1205705032
18557765,1205705032
18597825,1205705032
18637885,1205705032
18677945,1205705032
18718005,1205705032
18758070,1205705032
18798138,1205705032
18838207,1205705032
18878274,1205705032
18918343,1205705032
18958410,1205705032
18998478,1205705032
19038546,1205705032
19078613,1205705032
19118682,1205705032
19158749,1205705032
19198818,1205705032
19238886,1205705032
19278954,1205705032
19319022,1205705032
19359090,1205705032
19399159,1205705032
19439226,1205705032
19479295,1205705032
19519364,1205705032
19559431,1205705032
19599500,1205705032
19639568,1205705032
19679635,1205705032
19719703,1205705032
19759772,1205705032
19799839,1205705032
19839907,1205705032
19879976,1205705032
19920043,1205705032
19960111,1205705032
19997639,1202523544
20037234,1202523544
20077286,1202523544
20117337,1202523544
20157391,1202523544
20197442,1202523544
20237492,1202523544
20277545,1202523544
20317595,1202523544
20357638,1202523544
20397673,1202523544
20437710,1202523544
20477749,1202523544
20517777,1202523544
20550803,1205705032
20590850,1205705032
20630903,1205705032
20670956,1205705032
20711009,1205705032
20751063,1205705032
20791118,1205705032
20831173,1205705032
20871230,1205705032
20911290,1205705032
20951350,1205705032
20991410,1205705032
21031470,1205705032
21071530,1205705032
21111590,1205705032
21151650,1205705032
21191710,1205705032
21231770,1205705032
21271830,1205705032
21311890,1205705032
21351950,1205705032
21392010,1205705032
21432070,1205705032
21472130,1205705032
21512190,1205705032
21552250,1205705032
21592310,1205705032
21632370,1205705032
21672430,1205705032
21712490,1205705032
21752550,1205705032
21792610,1205705032
21832670,1205705032
21872730,1205705032
21912790,1205705032
21952850,1205705032
21992910,1205705032
22032970,1205705032
22073030,1205705032
22113090,1205705032
22153149,1205705032
22193200,1205705032
22233256,1205705032
22273312,1205705032
22313369,1205705032
22353423,1205705032
22393477,1205705032
22433529,1205705032
22473589,1205705032
22510645,1202523544
22550697,1202523544
22590748,1202523544
22630799,1202523544
22670854,1202523544
22710906,1202523544
22750958,1202523544
22791012,1202523544
22831041,1202523544
22871073,1202523544
22911113,1202523544
22951146,1202523544
22991181,1202523544
23031206,1202523544
23064244,1205705032
23104295,1205705032
23144349,1205705032
23184401,1205705032
23224456,1205705032
23264512,1205705032
23304567,1205705032
23344621,1205705032
23384681,1205705032
23424741,1205705032
23464801,1205705032
23504861,1205705032
23544921,1205705032
23584981,1205705032
23625041,1205705032
23665101,1205705032
23705161,1205705032
23745221,1205705032
23785281,1205705032
23825341,1205705032
23865401,1205705032
23905461,1205705032
23945521,1205705032
23985581,1205705032
24025641,1205705032
24065701,1205705032
24105761,1205705032
24145821,1205705032
24185881,1205705032
24225941,1205705032
24266001,1205705032
24306061,1205705032
24346121,1205705032
24386181,1205705032
24426241,1205705032
24466301,1205705032
24506361,1205705032
24546421,1205705032
24586481,1205705032
24626541,1205705032
24666601,1205705032
24706664,1205705032
24746733,1205705032
24786802,1205705032
24826872,1205705032
24866941,1205705032
24907010,1205705032
24947080,1205705032
24987150,1205705032
25024210,1202523544
25064266,1202523544
25104317,1202523544
25144371,1202523544
25184423,1202523544
25224477,1202523544
25264529,1202523544
25304581,1202523544
25344625,1202523544
25384656,1202523544
25424686,1202523544
25464721,1202523544
25504751,1202523544
25537820,1205705032
25577825,1205705032
25617876,1205705032
25657932,1205705032
25697985,1205705032
25738039,1205705032
25778094,1205705032
25818147,1205705032
25858200,1205705032
25898260,1205705032
25938320,1205705032
25978380,1205705032
26018440,1205705032
26058500,1205705032
26098560,1205705032
26138620,1205705032
26178680,1205705032
26218740,1205705032
26258800,1205705032
26298860,1205705032
26338920,1205705032
26378980,1205705032
26419040,1205705032
26459100,1205705032
26499160,1205705032
26539220,1205705032
26579280,1205705032
26619340,1205705032
26659400,1205705032
26699460,1205705032
26739520,1205705032
26779580,1205705032
26819640,1205705032
26859700,1205705032
26899760,1205705032
26939820,1205705032
26979880,1205705032
27019940,1205705032
27060000,1205705032
27100060,1205705032
27140120,1205705032
27180180,1205705032
27220240,1205705032
27260300,1205705032
27300360,1205705032
27340420,1205705032
27380480,1205705032
27420540,1205705032
27460600,1205705032
27500661,1205705032
27537713,1202523544
27577762,1202523544
27617815,1202523544
27657868,1202523544
27697921,1202523544
27737975,1202523544
27778024,1202523544
27818062,1202523544
27858091,1202523544
27898124,1202523544
27938157,1202523544
27978188,1202523544
28018226,1202523544
28051675,1202391736
28091305,1205705032
28131359,1205705032
28171415,1205705032
28211470,1205705032
28251524,1205705032
28291578,1205705032
28331633,1205705032
28371688,1205705032
28411748,1205705032
28451808,1205705032
28491868,1205705032
28531928,1205705032
28571988,1205705032
28612048,1205705032
28652108,1205705032
28692168,1205705032
28732228,1205705032
28772288,1205705032
28812348,1205705032
28852408,1205705032
28892468,1205705032
28932528,1205705032
28972588,1205705032
29012648,1205705032
29052708,1205705032
29092768,1205705032
29132823,1205705032
29172879,1205705032
29212939,1205705032
29252999,1205705032
29293059,1205705032
29333119,1205705032
29373179,1205705032
29413239,1205705032
29453299,1205705032
29493359,1205705032
29533419,1205705032
29573479,1205705032
29613539,1205705032
29653599,1205705032
29693659,1205705032
29733719,1205705032
29773779,1205705032
29813839,1205705032
29853899,1205705032
29893959,1205705032
29934019,1205705032
29974079,1205705032
30011561,1202523544
30051192,1202523544
30091244,1202523544
30131296,1202523544
30171350,1202523544
30211401,1202523544
30251458,1202523544
30291515,1202523544
30331565,1202523544
30371600,1202523544
30411632,1202523544
30451667,1202523544
30491698,1202523544
30531727,1202523544
30564756,1205705032
30604804,1205705032
30644857,1205705032
30684911,1205705032
30724963,1205705032
30765017,1205705032
30805073,1205705032
30845125,1205705032
30885181,1205705032
30925241,1205705032
30965301,1205705032
31005361,1205705032
31045421,1205705032
31085481,1205705032
31125541,1205705032
31165601,1205705032
31205661,1205705032
31245721,1205705032
31285781,1205705032
31325841,1205705032
31365901,1205705032
31405961,1205705032
31446021,1205705032
31486081,1205705032
31526141,1205705032
31566201,1205705032
31606261,1205705032
31646321,1205705032
31686381,1205705032
31726441,1205705032
31766501,1205705032
31806561,1205705032
31846621,1205705032
31886681,1205705032
31926741,1205705032
31966801,1205705032
32006861,1205705032
32046921,1205705032
32086981,1205705032
32127041,1205705032
32167101,1205705032
32207161,1205705032
32247221,1205705032
32287281,1205705032
32327341,1205705032
32367401,1205705032
32407461,1205705032
32447521,1205705032
32487581,1205705032
32524639,1202523544
32564692,1202523544
32604745,1202523544
32644799,1202523544
32684852,1202523544
32724906,1202523544
32764958,1202523544
32805009,1202523544
32845046,1202523544
32885074,1202523544
32925104,1202523544
32965140,1202523544
33005169,1202523544
33045193,1202523544
33078226,1205705032
33118276,1205705032
33158330,1205705032
33198383,1205705032
33238438,1205705032
33278491,1205705032
33318545,1205705032
33358598,1205705032
33398656,1205705032
33438716,1205705032
33478776,1205705032
33518836,1205705032
33558896,1205705032
33598956,1205705032
33639016,1205705032
33679076,1205705032
33719136,1205705032
33759196,1205705032
33799256,1205705032
33839316,1205705032
33879376,1205705032
33919436,1205705032
33959496,1205705032
33999556,1205705032
34039616,1205705032
34079676,1205705032
34119736,1205705032
34159796,1205705032
34199856,1205705032
34239916,1205705032
34279976,1205705032
34320036,1205705032
34360095,1205705032
34400156,1205705032
34440216,1205705032
34480276,1205705032
34520335,1205705032
34560396,1205705032
34600456,1205705032
34640516,1205705032
34680576,1205705032
34720636,1205705032
34760696,1205705032
34800756,1205705032
34840815,1205705032
34880876,1205705032
34920936,1205705032
34960996,1205705032
35001056,1205705032
35038111,1202523544
35078163,1202523544
35118215,1202523544
35158265,1202523544
35198317,1202523544
35238370,1202523544
35278420,1202523544
35318474,1202523544
35358514,1202523544
35398547,1202523544
35438588,1202523544
35478632,1202523544
35518665,1202523544
35558698,1202523544
35591736,1205705032
35631789,1205705032
35671847,1205705032
35711903,1205705032
35751963,1205705032
35792019,1205705032
35832078,1205705032
35872136,1205705032
35912206,1205705032
35952275,1205705032
35992345,1205705032
36032413,1205705032
36072482,1205705032
36112551,1205705032
36152622,1205705032
36192689,1205705032
36232794,1205705032
36272876,1205705032
36312939,1205705032
36353000,1205705032
36393060,1205705032
36433120,1205705032
36473180,1205705032
36513242,1205705032
36553302,1205705032
36593362,1205705032
36633422,1205705032
36673482,1205705032
36713542,1205705032
36753602,1205705032
36793662,1205705032
36833722,1205705032
36873782,1205705032
36913842,1205705032
36953902,1205705032
36993962,1205705032
37034022,1205705032
37074082,1205705032
37114142,1205705032
37154202,1205705032
37194262,1205705032
37234322,1205705032
37274382,1205705032
37314442,1205705032
37354502,1205705032
37394562,1205705032
37434622,1205705032
37474682,1205705032
37514745,1205705032
37551796,1202523544
37591847,1202523544
37631900,1202523544
37671952,1202523544
37712005,1202523544
37752056,1202523544
37792108,1202523544
37832161,1202523544
37872193,1202523544
37912226,1202523544
37952257,1202523544
37992290,1202523544
38032320,1202523544
38065507,1202391736
38105392,1205705032
38145446,1205705032
38185498,1205705032
38225551,1205705032
38265605,1205705032
38305659,1205705032
38345714,1205705032
38385768,1205705032
38425829,1205705032
38465889,1205705032
38505949,1205705032
38546009,1205705032
38586069,1205705032
38626129,1205705032
38666189,1205705032
38706249,1205705032
38746309,1205705032
38786369,1205705032
38826429,1205705032
38866489,1205705032
38906549,1205705032
38946609,1205705032
38986669,1205705032
39026729,1205705032
39066789,1205705032
39106848,1205705032
39146908,1205705032
39186968,1205705032
39227028,1205705032
39267088,1205705032
39307148,1205705032
39347208,1205705032
39387268,1205705032
39427328,1205705032
39467388,1205705032
39507448,1205705032
39547508,1205705032
39587568,1205705032
39627628,1205705032
39667688,1205705032
39707748,1205705032
39747808,1205705032
39787868,1205705032
39827928,1205705032
39867988,1205705032
39908048,1205705032
39948108,1205705032
39988168,1205705032
40025402,1202523544
40065282,1202523544
40105333,1202523544
40145384,1202523544
40185439,1202523544
40225491,1202523544
40265547,1202523544
40305600,1202523544
40345636,1202523544
40385667,1202523544
40425704,1202523544
40465747,1202523544
40505779,1202523544
40545807,1202523544
40578835,1205705032
40618884,1205705032
40658939,1205705032
40698994,1205705032
40739048,1205705032
40779103,1205705032
40819158,1205705032
40859213,1205705032
40899270,1205705032
40939330,1205705032
40979390,1205705032
41019450,1205705032
41059510,1205705032
41099570,1205705032
41139630,1205705032
41179690,1205705032
41219750,1205705032
41259810,1205705032
41299870,1205705032
41339930,1205705032
41379990,1205705032
41420050,1205705032
41460110,1205705032
41500170,1205705032
41540230,1205705032
41580290,1205705032
41620350,1205705032
41660410,1205705032
41700470,1205705032
41740530,1205705032
41780593,1205705032
41820661,1205705032
41860729,1205705032
41900797,1205705032
41940865,1205705032
41980933,1205705032
42021001,1205705032
42061070,1205705032
42101137,1205705032
42141204,1205705032
42181272,1205705032
42221341,1205705032
42261408,1205705032
42301477,1205705032
42341545,1205705032
42381614,1205705032
42421682,1205705032
42461750,1205705032
42501821,1205705032
42538880,1202523544
42578938,1202523544
42618992,1202523544
42659043,1202523544
42699097,1202523544
42739150,1202523544
42779202,1202523544
42819251,1202523544
42859302,1202523544
42899332,1202523544
42939368,1202523544
42979406,1202523544
43019441,1202523544
43059472,1202523544
43092501,1205705032
43132553,1205705032
43172609,1205705032
43212664,1205705032
43252719,1205705032
43292776,1205705032
43332832,1205705032
43372888,1205705032
43412947,1205705032
43453007,1205705032
43493067,1205705032
43533127,1205705032
43573187,1205705032
43613247,1205705032
43653307,1205705032
43693367,1205705032
43733427,1205705032
43773487,1205705032
43813547,1205705032
43853607,1205705032
43893667,1205705032
43933727,1205705032
43973787,1205705032
44013847,1205705032
44053907,1205705032
44093967,1205705032
44134027,1205705032
44174087,1205705032
44214147,1205705032
44254207,1205705032
44294267,1205705032
44334327,1205705032
44374387,1205705032
44414447,1205705032
44454507,1205705032
44494567,1205705032
44534627,1205705032
44574687,1205705032
44614747,1205705032
44654807,1205705032
44694867,1205705032
44734927,1205705032
44774987,1205705032
44815047,1205705032
44855107,1205705032
44895167,1205705032
44935227,1205705032
44975287,1205705032
45015348,1205705032
45051401,1202523544
45091453,1202523544
45131504,1202523544
45171556,1202523544
45211608,1202523544
45251661,1202523544
45291714,1202523544
45331757,1202523544
45371783,1202523544
45411817,1202523544
45451859,1202523544
45491898,1202523544
45531933,1202523544
45570971,1205705032
45605009,1205705032
45645064,1205705032
45685119,1205705032
45725176,1205705032
45765230,1205705032
45805285,1205705032
45845340,1205705032
45885395,1205705032
45925455,1205705032
45965515,1205705032
46005575,1205705032
46045635,1205705032
46085695,1205705032
46125755,1205705032
46165815,1205705032
46205875,1205705032
46245935,1205705032
46285995,1205705032
46326055,1205705032
46366115,1205705032
46406175,1205705032
46446235,1205705032
46486295,1205705032
46526355,1205705032
46566415,1205705032
46606475,1205705032
46646535,1205705032
46686595,1205705032
46726655,1205705032
46766715,1205705032
46806775,1205705032
46846835,1205705032
46886895,1205705032
46926955,1205705032
46967015,1205705032
47007075,1205705032
47047135,1205705032
47087195,1205705032
47127255,1205705032
47167315,1205705032
47207375,1205705032
47247435,1205705032
47287495,1205705032
47327555,1205705032
47367615,1205705032
47407675,1205705032
47447735,1205705032
47487795,1205705032
47527856,1205705032
47564909,1202523544
47604960,1202523544
47645011,1202523544
47685064,1202523544
47725115,1202523544
47765169,1202523544
47805218,1202523544
47845268,1202523544
47885320,1202523544
47925351,1202523544
47965387,1202523544
48005417,1202523544
48045458,1202523544
48077810,1205705032
48108522,1205705032
48148577,1205705032
48188635,1205705032
48228693,1205705032
48268753,1205705032
48308811,1205705032
48348873,1205705032
48388933,1205705032
48429002,1205705032
48469071,1205705032
48509139,1205705032
48549209,1205705032
48589277,1205705032
48629347,1205705032
48669416,1205705032
48709485,1205705032
48749555,1205705032
48789624,1205705032
48829693,1205705032
48869763,1205705032
48909833,1205705032
48949901,1205705032
48989971,1205705032
49030040,1205705032
49070109,1205705032
49110179,1205705032
49150247,1205705032
49190316,1205705032
49230387,1205705032
49270456,1205705032
49310525,1205705032
49350595,1205705032
49390664,1205705032
49430732,1205705032
49470803,1205705032
49510872,1205705032
49550941,1205705032
49591011,1205705032
49631080,1205705032
49671148,1205705032
49711218,1205705032
49751288,1205705032
49791356,1205705032
49831427,1205705032
49871496,1205705032
49911565,1205705032
49951635,1205705032
49991704,1205705032
50031772,1205705032
50068825,1202523544
50108874,1202523544
50148928,1202523544
50188980,1202523544
50229034,1202523544
50269084,1202523544
50309134,1202523544
50349172,1202523544
50389208,1202523544
50429233,1202523544
50469264,1202523544
50509299,1202523544
50549329,1202523544
50582811,1202391736
50622402,1205705032
50662456,1205705032
50702510,1205705032
50742564,1205705032
50782618,1205705032
50822671,1205705032
50862727,1205705032
50902782,1205705032
50942842,1205705032
50982902,1205705032
51022962,1205705032
51063022,1205705032
51103082,1205705032
51143142,1205705032
51183202,1205705032
51223262,1205705032
51263322,1205705032
51303382,1205705032
51343442,1205705032
51383502,1205705032
51423562,1205705032
51463622,1205705032
51503682,1205705032
51543742,1205705032
51583802,1205705032
51623862,1205705032
51663922,1205705032
51703982,1205705032
51744042,1205705032
51784102,1205705032
51824162,1205705032
51864222,1205705032
51904282,1205705032
51944342,1205705032
51984402,1205705032
52024462,1205705032
52064522,1205705032
52104582,1205705032
52144642,1205705032
52184702,1205705032
52224762,1205705032
52264822,1205705032
52304882,1205705032
52344942,1205705032
52385002,1205705032
52425062,1205705032
52465122,1205705032
52505182,1205705032
52542691,1202523544
52582295,1202523544
52622346,1202523544
52662397,1202523544
52702450,1202523544
52742502,1202523544
52782554,1202523544
52822607,1202523544
52862658,1202523544
52902708,1202523544
52942740,1202523544
52982779,1202523544
53022819,1202523544
53062866,1202523544
53095898,1205705032
53135949,1205705032
53176002,1205705032
53216059,1205705032
53256112,1205705032
53296166,1205705032
53336219,1205705032
53376273,1205705032
53416331,1205705032
53456391,1205705032
53496451,1205705032
53536511,1205705032
53576571,1205705032
53616631,1205705032
53656691,1205705032
53696751,1205705032
53736811,1205705032
53776871,1205705032
53816931,1205705032
53856991,1205705032
53897051,1205705032
53937111,1205705032
53977171,1205705032
54017231,1205705032
54057291,1205705032
54097351,1205705032
54137411,1205705032
54177471,1205705032
54217531,1205705032
54257591,1205705032
54297651,1205705032
54337711,1205705032
54377771,1205705032
54417831,1205705032
54457891,1205705032
54497951,1205705032
54538011,1205705032
54578071,1205705032
54618131,1205705032
54658191,1205705032
54698251,1205705032
54738311,1205705032
54778371,1205705032
54818431,1205705032
54858491,1205705032
54898551,1205705032
54938611,1205705032
54978671,1205705032
55018731,1205705032
55055789,1202523544
55095842,1202523544
55135892,1202523544
55175944,1202523544
55215999,1202523544
55256051,1202523544
55296111,1202523544
55336146,1202523544
55376172,1202523544
55416203,1202523544
55456236,1202523544
55496271,1202523544
55536310,1202523544
55575021,1205705032
55609386,1205705032
55649442,1205705032
55689495,1205705032
55729549,1205705032
55769602,1205705032
55809657,1205705032
55849711,1205705032
55889764,1205705032
55929823,1205705032
55969883,1205705032
56009943,1205705032
56050003,1205705032
56090063,1205705032
56130123,1205705032
56170183,1205705032
56210243,1205705032
56250303,1205705032
56290363,1205705032
56330423,1205705032
56370483,1205705032
56410543,1205705032
56450603,1205705032
56490663,1205705032
56530723,1205705032
56570783,1205705032
56610843,1205705032
56650903,1205705032
56690963,1205705032
56731023,1205705032
56771083,1205705032
56811143,1205705032
56851203,1205705032
56891263,1205705032
56931323,1205705032
56971383,1205705032
57011443,1205705032
57051503,1205705032
57091563,1205705032
57131623,1205705032
57171683,1205705032
57211743,1205705032
57251803,1205705032
57291863,1205705032
57331923,1205705032
57371983,1205705032
57412043,1205705032
57452101,1205705032
57492145,1205705032
57532204,1205705032
57569259,1202523544
57609312,1202523544
57649365,1202523544
57689417,1202523544
57729470,1202523544
57769520,1202523544
57809571,1202523544
57849624,1202523544
57889678,1202523544
57929727,1202523544
57969756,1202523544
58009800,1202523544
58049837,1202523544
58088131,1205705032
58122899,1205705032
58162951,1205705032
58203006,1205705032
58243059,1205705032
58283113,1205705032
58323165,1205705032
58363220,1205705032
58403274,1205705032
58443330,1205705032
58483390,1205705032
58523450,1205705032
58563510,1205705032
58603570,1205705032
58643630,1205705032
58683690,1205705032
58723750,1205705032
58763810,1205705032
58803870,1205705032
58843930,1205705032
58883990,1205705032
58924050,1205705032
58964110,1205705032
59004170,1205705032
59044230,1205705032
59084290,1205705032
59124350,1205705032
59164410,1205705032
59204470,1205705032
59244530,1205705032
59284590,1205705032
59324650,1205705032
59364710,1205705032
59404770,1205705032
59444830,1205705032
59484890,1205705032
59524950,1205705032
59565010,1205705032
59605070,1205705032
59645130,1205705032
59685190,1205705032
59725250,1205705032
59765310,1205705032
59805370,1205705032
59845430,1205705032
59885490,1205705032
59925550,1205705032
59965610,1205705032
60005670,1205705032
60045731,1205705032
60082784,1202523544
60122835,1202523544
60162887,1202523544
60202942,1202523544
60242999,1202523544
60283052,1202523544
60323087,1202523544
60363119,1202523544
60403148,1202523544
60443183,1202523544
60483220,1202523544
60523252,1202523544
60563279,1202523544
60596717,1202391736
60636349,1205705032
60676402,1205705032
60716457,1205705032
60756510,1205705032
60796565,1205705032
60836618,1205705032
60876673,1205705032
60916727,1205705032
60956788,1205705032
60996848,1205705032
61036908,1205705032
61076968,1205705032
61117028,1205705032
61157088,1205705032
61197148,1205705032
61237208,1205705032
61277268,1205705032
61317328,1205705032
61357388,1205705032
61397448,1205705032
61437508,1205705032
61477568,1205705032
61517628,1205705032
61557688,1205705032
61597748,1205705032
61637808,1205705032
61677868,1205705032
61717928,1205705032
61757988,1205705032
61798048,1205705032
61838108,1205705032
61878168,1205705032
61918228,1205705032
61958288,1205705032
61998348,1205705032
62038408,1205705032
62078468,1205705032
62118528,1205705032
62158588,1205705032
62198648,1205705032
62238708,1205705032
62278768,1205705032
62318828,1205705032
62358888,1205705032
62398948,1205705032
62439008,1205705032
62479068,1205705032
62519128,1205705032
TS,1
40291,0
80360,0
120427,0
160496,0
200564,0
240633,0
280701,0
320769,0
360837,0
400906,0
440973,0
481041,0
521110,0
561177,0
601245,0
641313,0
681382,0
721450,0
761517,0
801586,0
841654,0
881723,0
921790,0
961860,0
1001926,0
1041993,0
1082062,0
1122130,0
1162198,0
1202265,0
1242334,0
1282402,0
1322470,0
1362538,0
1402606,0
1442674,0
1482742,0
1522809,0
1562878,0
1602947,0
1643015,0
1683083,0
1723151,0
1763219,0
1803288,0
1843356,0
1883424,0
1923491,0
1963560,0
2003628,0
2043695,0
2083763,0
2123831,0
2163899,0
2203967,0
2244035,0
2284103,0
2324170,0
2364239,0
2404309,0
2444375,0
2483446,7378697629483
2523500,7378697629483
2563550,7378697629483
2603601,7378697629483
2643657,7378697629483
2683708,7378697629483
2723758,7378697629483
2763807,7378697629483
2803859,7378697629483
2843899,7378697629483
2883933,7378697629483
2923971,7378697629483
2964000,7378697629483
3004035,7378697629483
3037062,0
3077110,0
3117164,0
3157217,0
3197271,0
3237324,0
3277379,0
3317433,0
3357489,0
3397542,0
3437596,0
3477653,0
3517713,0
3557773,0
3597834,0
3637893,0
3677953,0
3718013,0
3758073,0
3798133,0
3838193,0
3878253,0
3918313,0
3958373,0
3998433,0
4038493,0
4078553,0
4118613,0
4158673,0
4198733,0
4238793,0
4278853,0
4318913,0
4358973,0
4399033,0
4439093,0
4479153,0
4519213,0
4559273,0
4599333,0
4639393,0
4679453,0
4719513,0
4759573,0
4799633,0
4839693,0
4879753,0
4919813,0
4959875,0
4996929,87
5036982,87
5077034,87
5117087,87
5157141,87
5197192,87
5237245,87
5277298,87
5317351,87
5357384,87
5397416,87
5437441,87
5477473,87
5515587,0
5550553,0
5590607,0
5630660,0
5670715,0
5710768,0
5750822,0
5790877,0
5830930,0
5870989,0
5911049,0
5951109,0
5991169,0
6031229,0
6071289,0
6111349,0
6151409,0
6191469,0
6231529,0
6271589,0
6311649,0
6351709,0
6391769,0
6431829,0
6471889,0
6511949,0
6552009,0
6592069,0
6632129,0
6672189,0
6712249,0
6752309,0
6792369,0
6832429,0
6872489,0
6912549,0
6952609,0
6992669,0
7032729,0
7072789,0
7112849,0
7152909,0
7192964,0
7233023,0
7273095,0
7313163,0
7353234,0
7393299,0
7433365,0
7473434,0
7510486,86
7550545,86
7590596,86
7630649,86
7670703,86
7710755,86
7750807,86
7790840,86
7830875,86
7870903,86
7910939,86
7950977,86
7991015,86
8024041,0
8064104,0
8104159,0
8144214,0
8184269,0
8224324,0
8264379,0
8304434,0
8344490,0
8384550,0
8424610,0
8464670,0
8504730,0
8544790,0
8584850,0
8624910,0
8664970,0
8705030,0
8745090,0
8785150,0
8825210,0
8865270,0
8905330,0
8945390,0
8985450,0
9025510,0
9065570,0
9105630,0
9145690,0
9185750,0
9225810,0
9265870,0
9305930,0
9345990,0
9386050,0
9426110,0
9466170,0
9506230,0
9546290,0
9586350,0
9626410,0
9666470,0
9706530,0
9746590,0
9786650,0
9826710,0
9866770,0
9906830,0
9946890,0
9983927,84
10023001,84
10063052,84
10103106,84
10143158,84
10183210,84
10223261,84
10263313,84
10303366,84
10343409,84
10383446,84
10423490,84
10463528,84
10503555,84
10536588,0
10576636,0
10616693,0
10656746,0
10696800,0
10736854,0
10776910,0
10816964,0
10857021,0
10897080,0
10937141,0
10977200,0
11017260,0
11057320,0
11097381,0
11137440,0
11177500,0
11217560,0
11257621,0
11297680,0
11337740,0
11377800,0
11417861,0
11457920,0
11497980,0
11538040,0
11578101,0
11618160,0
11658220,0
11698280,0
11738341,0
11778400,0
11818460,0
11858520,0
11898581,0
11938640,0
11978700,0
12018760,0
12058821,0
12098880,0
12138940,0
12179000,0
12219061,0
12259120,0
12299180,0
12339240,0
12379301,0
12419360,0
12459420,0
12496478,86
12536532,86
12576584,86
12616635,86
12656689,86
12696742,86
12736793,86
12776841,86
12816871,86
12856903,86
12896935,86
12936963,86
12976993,86
13017033,86
13050066,0
13090121,0
13130176,0
13170235,0
13210291,0
13250351,0
13290408,0
13330464,0
13370523,0
13410583,0
13450643,0
13490703,0
13530763,0
13570823,0
13610883,0
13650943,0
13691003,0
13731063,0
13771123,0
13811183,0
13851243,0
13891303,0
13931363,0
13971424,0
14011483,0
14051543,0
14091603,0
14131664,0
14171723,0
14211783,0
14251843,0
14291904,0
14331963,0
14372023,0
14412083,0
14452144,0
14492203,0
14532263,0
14572323,0
14612384,0
14652443,0
14692503,0
14732563,0
14772624,0
14812683,0
14852743,0
14892803,0
14932864,0
14972925,0
15009979,85
15050032,85
15090085,85
15130136,85
15170189,85
15210242,85
15250294,85
15290346,85
15330396,85
15370426,85
15410462,85
15450494,85
15490528,85
15529113,0
15563600,0
15603654,0
15643708,0
15683764,0
15723819,0
15763873,0
15803929,0
15843983,0
15884043,0
15924103,0
15964163,0
16004223,0
16044283,0
16084343,0
16124403,0
16164463,0
16204523,0
16244583,0
16284643,0
16324703,0
16364763,0
16404823,0
16444883,0
16484943,0
16525003,0
16565063,0
16605123,0
16645183,0
16685243,0
16725303,0
16765363,0
16805423,0
16845483,0
16885543,0
16925603,0
16965663,0
17005723,0
17045783,0
17085843,0
17125903,0
17165963,0
17206023,0
17246083,0
17286143,0
17326203,0
17366263,0
17406323,0
17446383,0
17486445,0
17523499,86
17563548,86
17603600,86
17643651,86
17683704,86
17723757,86
17763810,86
17803850,86
17843875,86
17883904,86
17923933,86
17963972,86
18004003,86
18037837,0
18077077,0
18117133,0
18157187,0
18197241,0
18237298,0
18277354,0
18317410,0
18357466,0
18397525,0
18437585,0
18477645,0
18517705,0
18557765,0
18597825,0
18637885,0
18677945,0
18718005,0
18758070,0
18798138,0
18838207,0
18878274,0
18918343,0
18958410,0
18998478,0
19038547,0
19078614,0
19118682,0
19158749,0
19198818,0
19238886,0
19278954,0
19319022,0
19359090,0
19399160,0
19439226,0
19479295,0
19519364,0
19559431,0
19599500,0
19639568,0
19679635,0
19719703,0
19759773,0
19799839,0
19839907,0
19879977,0
19920043,0
19960111,0
19997640,85
20037236,85
20077287,85
20117338,85
20157393,85
20197443,85
20237493,85
20277546,85
20317596,85
20357639,85
20397673,85
20437711,85
20477750,85
20517778,85
20550804,0
20590851,0
20630903,0
20670957,0
20711010,0
20751064,0
20791119,0
20831174,0
20871231,0
20911291,0
20951351,0
20991411,0
21031471,0
21071531,0
21111591,0
21151651,0
21191711,0
21231771,0
21271831,0
21311891,0
21351951,0
21392011,0
21432071,0
21472131,0
21512191,0
21552251,0
21592311,0
21632371,0
21672431,0
21712491,0
21752551,0
21792611,0
21832671,0
21872731,0
21912791,0
21952851,0
21992911,0
22032971,0
22073031,0
22113091,0
22153150,0
22193200,0
22233256,0
22273313,0
22313369,0
22353423,0
22393477,0
22433529,0
22473589,0
22510647,86
22550698,86
22590749,86
22630800,86
22670855,86
22710908,86
22750959,86
22791013,86
22831042,86
22871074,86
22911114,86
22951147,86
22991182,86
23031207,86
23064245,0
23104296,0
23144350,0
23184402,0
23224457,0
23264513,0
23304568,0
23344622,0
23384681,0
23424741,0
23464801,0
23504861,0
23544921,0
23584981,0
23625041,0
23665101,0
23705161,0
23745221,0
23785281,0
23825341,0
23865401,0
23905461,0
23945521,0
23985581,0
24025641,0
24065701,0
24105761,0
24145821,0
24185881,0
24225941,0
24266001,0
24306061,0
24346121,0
24386181,0
24426241,0
24466301,0
24506361,0
24546421,0
24586481,0
24626541,0
24666601,0
24706664,0
24746733,0
24786802,0
24826873,0
24866941,0
24907010,0
24947080,0
24987151,0
25024211,84
25064267,84
25104318,84
25144372,84
25184424,84
25224478,84
25264530,84
25304582,84
25344626,84
25384658,84
25424687,84
25464722,84
25504752,84
25537821,0
25577826,0
25617877,0
25657933,0
25697986,0
25738040,0
25778095,0
25818148,0
25858201,0
25898260,0
25938320,0
25978380,0
26018440,0
26058500,0
26098561,0
26138620,0
26178680,0
26218740,0
26258800,0
26298860,0
26338920,0
26378980,0
26419040,0
26459100,0
26499160,0
26539220,0
26579280,0
26619340,0
26659400,0
26699460,0
26739520,0
26779580,0
26819640,0
26859700,0
26899760,0
26939820,0
26979880,0
27019940,0
27060001,0
27100060,0
27140120,0
27180180,0
27220241,0
27260300,0
27300360,0
27340420,0
27380480,0
27420540,0
27460600,0
27500662,0
27537714,85
27577763,85
27617816,85
27657869,85
27697922,85
27737976,85
27778025,85
27818062,85
27858092,85
27898125,85
27938158,85
27978188,85
28018227,85
28051676,0
28091306,0
28131360,0
28171416,0
28211470,0
28251525,0
28291579,0
28331634,0
28371688,0
28411748,0
28451808,0
28491868,0
28531928,0
28571988,0
28612048,0
28652108,0
28692168,0
28732228,0
28772288,0
28812348,0
28852408,0
28892468,0
28932528,0
28972588,0
29012648,0
29052708,0
29092768,0
29132823,0
29172879,0
29212939,0
29252999,0
29293059,0
29333119,0
29373179,0
29413239,0
29453299,0
29493359,0
29533419,0
29573479,0
29613539,0
29653599,0
29693659,0
29733719,0
29773779,0
29813839,0
29853899,0
29893959,0
29934019,0
29974079,0
30011562,85
30051193,85
30091245,85
30131297,85
30171351,85
30211403,85
30251459,85
30291516,85
30331566,85
30371601,85
30411633,85
30451668,85
30491699,85
30531728,85
30564757,0
30604805,0
30644857,0
30684912,0
30724964,0
30765018,0
30805074,0
30845126,0
30885181,0
30925241,0
30965301,0
31005361,0
31045421,0
31085481,0
31125541,0
31165601,0
31205661,0
31245721,0
31285781,0
31325841,0
31365901,0
31405961,0
31446021,0
31486081,0
31526141,0
31566201,0
31606261,0
31646321,0
31686381,0
31726441,0
31766501,0
31806561,0
31846621,0
31886681,0
31926741,0
31966801,0
32006861,0
32046921,0
32086981,0
32127041,0
32167101,0
32207161,0
32247221,0
32287281,0
32327341,0
32367401,0
32407461,0
32447521,0
32487581,0
32524640,86
32564693,86
32604746,86
32644800,86
32684854,86
32724907,86
32764959,86
32805011,86
32845047,86
32885075,86
32925105,86
32965142,86
33005170,86
33045193,86
33078227,0
33118277,0
33158331,0
33198384,0
33238439,0
33278492,0
33318546,0
33358599,0
33398656,0
33438716,0
33478776,0
33518836,0
33558896,0
33598956,0
33639016,0
33679076,0
33719136,0
33759196,0
33799256,0
33839316,0
33879376,0
33919436,0
33959496,0
33999556,0
34039616,0
34079676,0
34119736,0
34159796,0
34199856,0
34239916,0
34279976,0
34320036,0
34360096,0
34400156,0
34440216,0
34480276,0
34520336,0
34560396,0
34600456,0
34640516,0
34680576,0
34720636,0
34760696,0
34800756,0
34840815,0
34880876,0
34920936,0
34960996,0
35001057,0
35038112,86
35078165,86
35118216,86
35158266,86
35198318,86
35238371,86
35278421,86
35318475,86
35358515,86
35398549,86
35438589,86
35478633,86
35518666,86
35558699,86
35591737,0
35631790,0
35671848,0
35711904,0
35751964,0
35792020,0
35832079,0
35872137,0
35912206,0
35952275,0
35992345,0
36032413,0
36072482,0
36112551,0
36152623,0
36192689,0
36232794,0
36272876,0
36312939,0
36353000,0
36393060,0
36433120,0
36473180,0
36513242,0
36553302,0
36593362,0
36633422,0
36673482,0
36713542,0
36753602,0
36793663,0
36833722,0
36873782,0
36913843,0
36953903,0
36993963,0
37034022,0
37074082,0
37114143,0
37154202,0
37194262,0
37234322,0
37274382,0
37314442,0
37354502,0
37394562,0
37434623,0
37474682,0
37514746,0
37551797,86
37591849,86
37631901,86
37671954,86
37712006,86
37752057,86
37792109,86
37832162,86
37872194,86
37912228,86
37952258,86
37992290,86
38032321,86
38065508,0
38105392,0
38145447,0
38185499,0
38225553,0
38265606,0
38305660,0
38345715,0
38385769,0
38425829,0
38465889,0
38505949,0
38546009,0
38586069,0
38626129,0
38666189,0
38706249,0
38746309,0
38786369,0
38826429,0
38866489,0
38906549,0
38946609,0
38986669,0
39026729,0
39066789,0
39106848,0
39146908,0
39186968,0
39227028,0
39267088,0
39307148,0
39347208,0
39387268,0
39427328,0
39467388,0
39507448,0
39547508,0
39587568,0
39627628,0
39667688,0
39707748,0
39747808,0
39787868,0
39827928,0
39867988,0
39908048,0
39948108,0
39988168,0
40025404,86
40065283,86
40105334,86
40145385,86
40185440,86
40225493,86
40265548,86
40305601,86
40345637,86
40385668,86
40425704,86
40465748,86
40505780,86
40545808,86
40578836,0
40618885,0
40658940,0
40698995,0
40739049,0
40779104,0
40819159,0
40859214,0
40899270,0
40939330,0
40979390,0
41019450,0
41059510,0
41099570,0
41139630,0
41179690,0
41219750,0
41259810,0
41299870,0
41339930,0
41379990,0
41420050,0
41460110,0
41500170,0
41540230,0
41580290,0
41620350,0
41660410,0
41700470,0
41740530,0
41780593,0
41820661,0
41860729,0
41900797,0
41940865,0
41980933,0
42021001,0
42061070,0
42101137,0
42141204,0
42181272,0
42221341,0
42261408,0
42301477,0
42341545,0
42381614,0
42421682,0
42461750,0
42501821,0
42538881,85
42578939,85
42618993,85
42659044,85
42699098,85
42739151,85
42779203,85
42819252,85
42859303,85
42899333,85
42939369,85
42979407,85
43019442,85
43059473,85
43092501,0
43132554,0
43172610,0
43212665,0
43252720,0
43292777,0
43332833,0
43372888,0
43412948,0
43453008,0
43493068,0
43533128,0
43573188,0
43613248,0
43653308,0
43693367,0
43733427,0
43773487,0
43813548,0
43853607,0
43893667,0
43933727,0
43973788,0
44013847,0
44053907,0
44093967,0
44134028,0
44174087,0
44214147,0
44254207,0
44294268,0
44334327,0
44374387,0
44414447,0
44454508,0
44494567,0
44534627,0
44574687,0
44614748,0
44654807,0
44694867,0
44734928,0
44774988,0
44815048,0
44855108,0
44895167,0
44935228,0
44975287,0
45015349,0
45051402,86
45091454,86
45131505,86
45171558,86
45211609,86
45251662,86
45291716,86
45331758,86
45371783,86
45411818,86
45451860,86
45491899,86
45531934,86
45570972,0
45605010,0
45645065,0
45685120,0
45725177,0
45765231,0
45805286,0
45845340,0
45885396,0
45925455,0
45965515,0
46005575,0
46045635,0
46085695,0
46125755,0
46165815,0
46205875,0
46245935,0
46285995,0
46326055,0
46366115,0
46406175,0
46446235,0
46486295,0
46526355,0
46566415,0
46606475,0
46646535,0
46686595,0
46726655,0
46766715,0
46806775,0
46846835,0
46886895,0
46926955,0
46967015,0
47007075,0
47047135,0
47087195,0
47127255,0
47167315,0
47207375,0
47247435,0
47287495,0
47327555,0
47367615,0
47407675,0
47447735,0
47487795,0
47527857,0
47564910,84
47604961,84
47645012,84
47685065,84
47725116,84
47765169,84
47805219,84
47845268,84
47885320,84
47925352,84
47965388,84
48005417,84
48045459,84
48077811,0
48108524,0
48148578,0
48188636,0
48228694,0
48268754,0
48308812,0
48348874,0
48388933,0
48429002,0
48469071,0
48509139,0
48549209,0
48589277,0
48629347,0
48669416,0
48709485,0
48749556,0
48789624,0
48829693,0
48869764,0
48909833,0
48949901,0
48989972,0
49030040,0
49070109,0
49110179,0
49150247,0
49190316,0
49230387,0
49270456,0
49310525,0
49350595,0
49390664,0
49430732,0
49470803,0
49510872,0
49550941,0
49591011,0
49631080,0
49671149,0
49711218,0
49751288,0
49791356,0
49831427,0
49871496,0
49911565,0
49951635,0
49991704,0
50031773,0
50068827,86
50108875,86
50148929,86
50188982,86
50229035,86
50269085,86
50309135,86
50349173,86
50389208,86
50429233,86
50469265,86
50509300,86
50549330,86
50582812,0
50622403,0
50662457,0
50702511,0
50742565,0
50782619,0
50822672,0
50862727,0
50902783,0
50942842,0
50982902,0
51022962,0
51063022,0
51103082,0
51143142,0
51183202,0
51223262,0
51263322,0
51303382,0
51343442,0
51383502,0
51423562,0
51463622,0
51503682,0
51543742,0
51583802,0
51623862,0
51663922,0
51703982,0
51744042,0
51784102,0
51824162,0
51864222,0
51904282,0
51944342,0
51984402,0
52024462,0
52064522,0
52104582,0
52144642,0
52184702,0
52224762,0
52264822,0
52304882,0
52344942,0
52385002,0
52425062,0
52465122,0
52505182,0
52542692,85
52582296,85
52622347,85
52662397,85
52702451,85
52742504,85
52782555,85
52822608,85
52862659,85
52902709,85
52942741,85
52982780,85
53022819,85
53062868,85
53095899,0
53135950,0
53176003,0
53216060,0
53256113,0
53296167,0
53336220,0
53376274,0
53416332,0
53456391,0
53496451,0
53536511,0
53576571,0
53616631,0
53656691,0
53696751,0
53736811,0
53776871,0
53816931,0
53856991,0
53897051,0
53937111,0
53977171,0
54017231,0
54057291,0
54097351,0
54137411,0
54177471,0
54217531,0
54257591,0
54297651,0
54337711,0
54377771,0
54417831,0
54457891,0
54497951,0
54538011,0
54578071,0
54618131,0
54658191,0
54698251,0
54738311,0
54778371,0
54818431,0
54858491,0
54898551,0
54938611,0
54978671,0
55018731,0
55055790,85
55095843,85
55135893,85
55175945,85
55216000,85
55256053,85
55296112,85
55336147,85
55376173,85
55416203,85
55456237,85
55496272,85
55536311,85
55575022,0
55609387,0
55649443,0
55689496,0
55729550,0
55769603,0
55809658,0
55849712,0
55889764,0
55929824,0
55969884,0
56009944,0
56050004,0
56090064,0
56130124,0
56170184,0
56210244,0
56250304,0
56290364,0
56330424,0
56370484,0
56410544,0
56450604,0
56490664,0
56530724,0
56570784,0
56610843,0
56650903,0
56690963,0
56731024,0
56771083,0
56811143,0
56851203,0
56891264,0
56931323,0
56971383,0
57011443,0
57051504,0
57091563,0
57131623,0
57171683,0
57211744,0
57251803,0
57291863,0
57331923,0
57371984,0
57412043,0
57452101,0
57492145,0
57532206,0
57569261,84
57609313,84
57649367,84
57689419,84
57729471,84
57769520,84
57809571,84
57849625,84
57889679,84
57929728,84
57969757,84
58009802,84
58049838,84
58088132,0
58122900,0
58162952,0
58203007,0
58243060,0
58283114,0
58323166,0
58363221,0
58403274,0
58443330,0
58483390,0
58523450,0
58563510,0
58603570,0
58643630,0
58683690,0
58723750,0
58763810,0
58803870,0
58843930,0
58883990,0
58924050,0
58964110,0
59004170,0
59044230,0
59084290,0
59124350,0
59164410,0
59204470,0
59244530,0
59284590,0
59324650,0
59364710,0
59404770,0
59444830,0
59484890,0
59524950,0
59565010,0
59605070,0
59645130,0
59685190,0
59725250,0
59765310,0
59805370,0
59845430,0
59885490,0
59925550,0
59965610,0
60005670,0
60045732,0
60082786,86
60122836,86
60162888,86
60202943,86
60243001,86
60283053,86
60323088,86
60363120,86
60403149,86
60443183,86
60483221,86
60523252,86
60563280,86
60596718,0
60636350,0
60676403,0
60716458,0
60756511,0
60796566,0
60836619,0
60876674,0
60916728,0
60956788,0
60996848,0
61036908,0
61076968,0
61117028,0
61157088,0
61197148,0
61237208,0
61277268,0
61317328,0
61357388,0
61397448,0
61437508,0
61477568,0
61517628,0
61557688,0
61597748,0
61637808,0
61677868,0
61717928,0
61757988,0
61798048,0
61838108,0
61878168,0
61918228,0
61958288,0
61998348,0
62038408,0
62078468,0
62118528,0
62158588,0
62198648,0
62238708,0
62278768,0
62318828,0
62358888,0
62398948,0
62439008,0
62479068,0
62519128,0
TS,2
40291,733129991
80360,733265479
120428,733398379
160496,733534038
200564,733671912
240633,733802151
280702,733935704
320769,734069851
360838,734201079
400906,734329936
440974,734460719
481042,734593226
521110,734726273
561178,734860446
601245,734988785
641313,735126650
681382,735259666
721450,735389994
761518,735523701
801586,735663226
841654,735797053
881724,735935066
921791,736066457
961860,736198534
1001926,736327081
1041993,736461101
1082062,736595764
1122130,736729499
1162198,736862798
1202266,736999493
1242334,737130614
1282402,737264317
1322470,737394907
1362538,737525621
1402606,737657307
1442674,737791991
1482742,737922096
1522810,738055819
1562878,738193991
1602947,738328160
1643015,738459805
1683083,738590196
1723151,738725593
1763219,738859482
1803288,738991462
1843356,739123261
1883424,739261650
1923492,739397935
1963560,739531710
2003629,739661045
2043695,739794896
2083763,739924555
2123831,740059918
2163899,740192895
2203967,740325674
2244035,740462195
2284104,740594065
2324171,740728208
2364239,740866108
2404309,740999881
2444376,741126996
2483447,756124403
2523501,816205261
2563551,876280689
2603603,936357963
2643659,996442211
2683710,1056518901
2723759,1116593317
2763809,1176667499
2803860,1236744517
2843900,1296803623
2883934,1356854537
2923972,1416912857
2964002,1476956441
3004037,1537009279
3037064,1557426743
3077111,1557555544
3117165,1557691477
3157218,1557823634
3197272,1557957824
3237325,1558091305
3277380,1558228701
3317434,1558364652
3357489,1558479101
3397543,1558582204
3437596,1558683871
3477653,1558790838
3517713,1558902061
3557773,1559012848
3597834,1559124069
3637893,1559234506
3677953,1559345449
3718013,1559456202
3758073,1559566977
3798133,1559677582
3838193,1559788437
3878253,1559899052
3918313,1560009913
3958373,1560120606
3998433,1560231429
4038493,1560341596
4078553,1560452299
4118613,1560563014
4158673,1560673847
4198733,1560784550
4238793,1560895709
4278853,1561006318
4318913,1561117215
4358973,1561227962
4399033,1561338885
4439093,1561449518
4479153,1561560382
4519213,1561670899
4559273,1561781798
4599333,1561892443
4639393,1562003423
4679453,1562114056
4719513,1562224943
4759573,1562335600
4799633,1562446445
4839693,1562557098
4879753,1562668091
4919813,1562778760
4959876,1562895203
4996930,1592864877
5036984,1652944669
5077035,1713022533
5117089,1773102749
5157143,1833183107
5197194,1893259717
5237247,1953339333
5277299,2013418025
5317352,2073497417
5357386,2133547683
5397418,2193596077
5437442,2253632413
5477474,2313679777
5515588,2370850747
5550554,2371016228
5590608,2371147625
5630661,2371275278
5670715,2371406423
5710769,2371533299
5750823,2371663076
5790878,2371788969
5830931,2371911452
5870989,2372024502
5911049,2372136223
5951109,2372247910
5991169,2372360304
6031230,2372472113
6071289,2372584266
6111349,2372696421
6151409,2372809060
6191469,2372921021
6231529,2373033376
6271589,2373145209
6311649,2373257690
6351709,2373369737
6391769,2373481856
6431829,2373593009
6471889,2373704316
6511949,2373815423
6552009,2373926852
6592069,2374037699
6632129,2374148918
6672189,2374259811
6712249,2374371128
6752309,2374482418
6792369,2374594839
6832429,2374706298
6872489,2374818189
6912549,2374929305
6952609,2375040572
6992669,2375151645
7032729,2375262666
7072789,2375373555
7112849,2375484316
7152909,2375594385
7192964,2375698115
7233023,2375815558
7273095,2375977069
7313164,2376129170
7353235,2376288076
7393300,2376442668
7433365,2376583135
7473435,2376729467
7510488,2421817717
7550546,2481905527
7590598,2541982831
7630650,2602061125
7670704,2662141817
7710757,2722221253
7750809,2782298331
7790841,2842346599
7830876,2902399785
7870904,2962440997
7910940,3022494913
7950978,3082553793
7991016,3142609999
8024043,3172640691
8064106,3172817335
8104161,3172951305
8144216,3173088825
8184270,3173224422
8224326,3173360949
8264380,3173496773
8304435,3173633612
8344491,3173761224
8384550,3173880687
8424610,3173998794
8464670,3174117519
8504730,3174235830
8544790,3174354343
8584850,3174472628
8624910,3174591104
8664970,3174709264
8705030,3174827836
8745090,3174946129
8785150,3175064638
8825210,3175182999
8865270,3175301379
8905330,3175419662
8945390,3175538691
8985450,3175657040
9025510,3175775278
9065570,3175893775
9105630,3176012320
9145690,3176130759
9185750,3176249277
9225810,3176367573
9265870,3176486127
9305930,3176604295
9345990,3176722945
9386050,3176841332
9426110,3176959847
9466170,3177078176
9506230,3177196696
9546290,3177314989
9586350,3177433564
9626410,3177551869
9666470,3177670405
9706530,3177788750
9746590,3177907087
9786650,3178025492
9826710,3178144030
9866770,3178262327
9906830,3178380844
9946890,3178499161
9983928,3178630466
10023002,3237241182
10063053,3297317788
10103107,3357398868
10143159,3417477300
10183211,3477554978
10223263,3537632312
10263315,3597710376
10303368,3657789314
10343410,3717853408
10383447,3777908516
10423491,3837973936
10463530,3898033482
10503557,3958073398
10536589,3992554433
10576637,3992681384
10616694,3992819395
10656747,3992954138
10696801,3993090833
10736856,3993226853
10776911,3993363368
10816965,3993495547
10857021,3993622225
10897081,3993741282
10937141,3993860047
10977201,3993978353
11017261,3994096809
11057321,3994214783
11097381,3994333326
11137441,3994451433
11177501,3994569938
11217561,3994688217
11257621,3994806736
11297681,3994925043
11337741,3995043372
11377801,3995161637
11417861,3995280194
11457921,3995398459
11497981,3995517058
11538041,3995635397
11578101,3995753794
11618161,3995872115
11658221,3995990654
11698281,3996109159
11738341,3996227658
11778401,3996345779
11818461,3996464230
11858521,3996582605
11898581,3996701100
11938641,3996819601
11978701,3996938320
12018761,3997056637
12058821,3997175100
12098881,3997294093
12138941,3997412746
12179001,3997531277
12219061,3997650128
12259121,3997769005
12299181,3997888528
12339241,3998007638
12379301,3998126978
12419361,3998245936
12459421,3998365188
12496479,4012111935
12536533,4072193151
12576585,4132271189
12616637,4192347859
12656690,4252427963
12696743,4312508329
12736795,4372584945
12776843,4432657381
12816872,4492700881
12856904,4552749423
12896937,4612798155
12936964,4672839519
12976994,4732883513
13017034,4792944437
13050067,4800620464
13090122,4800744987
13130178,4800869429
13170236,4800999510
13210292,4801128501
13250352,4801268460
13290409,4801433430
13330466,4801573450
13370523,4801695510
13410583,4801814467
13450643,4801932976
13490703,4802051319
13530763,4802169636
13570823,4802288093
13610883,4802406382
13650943,4802524875
13691003,4802643000
13731063,4802761443
13771123,4802879760
13811183,4802998225
13851243,4803116524
13891303,4803235105
13931364,4803353596
13971424,4803472195
14011484,4803590473
14051544,4803708813
14091604,4803827103
14131664,4803945433
14171724,4804063961
14211784,4804182451
14251844,4804300721
14291904,4804419233
14331964,4804537541
14372024,4804655835
14412084,4804774143
14452144,4804892611
14492204,4805010965
14532264,4805129501
14572324,4805247599
14612384,4805366141
14652444,4805484437
14692504,4805602793
14732564,4805720985
14772624,4805839407
14812684,4805957625
14852744,4806076007
14892804,4806194259
14932864,4806312835
14972926,4806435300
15009981,4835253564
15050033,4895332558
15090086,4955411582
15130138,5015488972
15170190,5075567292
15210243,5135647056
15250295,5195724946
15290347,5255803118
15330398,5315878834
15370428,5375923684
15410463,5435976972
15450495,5496025156
15490529,5556076142
15529114,5613953668
15563601,5614127220
15603656,5614265379
15643709,5614400044
15683765,5614538419
15723821,5614677603
15763875,5614814437
15803930,5614952512
15843984,5615083628
15884043,5615203242
15924103,5615321526
15964163,5615440074
16004223,5615558394
16044283,5615676620
16084343,5615794902
16124403,5615913380
16164463,5616031554
16204523,5616150142
16244583,5616268684
16284643,5616387268
16324703,5616505544
16364763,5616624064
16404823,5616742180
16444883,5616860819
16484943,5616979221
16525003,5617097721
16565063,5617216017
16605123,5617334545
16645183,5617452845
16685243,5617571399
16725303,5617689711
16765363,5617808249
16805423,5617926553
16845483,5618044889
16885543,5618163277
16925603,5618281746
16965663,5618400070
17005723,5618518588
17045783,5618636404
17085843,5618754871
17125903,5618873205
17165963,5618991667
17206023,5619110030
17246083,5619228553
17286143,5619346704
17326203,5619465252
17366263,5619583640
17406323,5619702148
17446383,5619820452
17486447,5619952664
17523500,5663836322
17563549,5723910088
17603601,5783987472
17643653,5844064940
17683705,5904143706
17723759,5964225038
17763811,6024302302
17803851,6084361072
17843876,6144399714
17883905,6204442948
17923934,6264487274
17963973,6324545214
18004004,6384591398
18037838,6421466170
18077079,6421620692
18117134,6421749548
18157189,6421876891
18197243,6422001679
18237299,6422129771
18277355,6422258588
18317411,6422386579
18357466,6422512380
18397525,6422624597
18437586,6422735833
18477645,6422846702
18517705,6422957827
18557765,6423068568
18597825,6423179714
18637886,6423291087
18677945,6423402596
18718005,6423513987
18758070,6423639076
18798138,6423780120
18838207,6423914496
18878275,6424046605
18918343,6424185495
18958411,6424322958
18998478,6424457818
19038547,6424592827
19078614,6424725867
19118683,6424861620
19158749,6424992637
19198819,6425128764
19238886,6425258588
19278954,6425388731
19319022,6425521286
19359090,6425652401
19399160,6425790501
19439227,6425921728
19479295,6426061479
19519365,6426195752
19559432,6426326410
19599500,6426465385
19639569,6426597546
19679636,6426724637
19719703,6426855713
19759773,6426989936
19799840,6427120251
19839908,6427251540
19879977,6427379848
19920043,6427506802
19960112,6427640284
19997642,6427778059
20037237,6487171311
20077289,6547248591
20117339,6607324467
20157394,6667406635
20197445,6727482587
20237495,6787557915
20277547,6847636609
20317597,6907711917
20357640,6967775539
20397675,7027827549
20437712,7087883875
20477752,7147942969
20517779,7207985189
20550806,7242792207
20590852,7242922042
20630905,7243052995
20670958,7243187854
20711011,7243321282
20751065,7243457182
20791120,7243590767
20831175,7243730713
20871231,7243854881
20911291,7243974442
20951351,7244093101
20991411,7244212154
21031471,7244331033
21071531,7244449460
21111591,7244568409
21151651,7244687312
21191711,7244806600
21231771,7244925572
21271831,7245044342
21311891,7245163152
21351951,7245281904
21392011,7245400589
21432071,7245519134
21472131,7245637907
21512191,7245756473
21552251,7245875393
21592311,7245994109
21632371,7246113385
21672431,7246232326
21712491,7246351541
21752551,7246470098
21792611,7246589003
21832671,7246707996
21872731,7246826883
21912791,7246945644
21952851,7247064387
21992911,7247183516
22032971,7247302519
22073031,7247421140
22113091,7247540097
22153150,7247657670
22193201,7247765937
22233257,7247879946
22273313,7247994747
22313370,7248110040
22353423,7248221585
22393477,7248334048
22433530,7248443183
22473589,7248561898
22510648,7262878484
22550699,7322955572
22590751,7383032898
22630802,7443109114
22670856,7503190922
22710909,7563269972
22750961,7623347786
22791014,7683427966
22831044,7743471696
22871075,7803519586
22911115,7863578472
22951148,7923627668
22991184,7983681728
23031208,8043719226
23064247,8045124669
23104297,8045255481
23144352,8045387200
23184403,8045517393
23224458,8045650713
23264514,8045783631
23304569,8045915229
23344623,8046045025
23384681,8046163078
23424741,8046274630
23464801,8046385512
23504861,8046496078
23544921,8046607020
23584981,8046717696
23625041,8046828712
23665101,8046939514
23705161,8047050262
23745221,8047161080
23785281,8047271954
23825341,8047382666
23865401,8047493564
23905461,8047604480
23945521,8047715450
23985581,8047826382
24025641,8047937428
24065701,8048048207
24105761,8048159093
24145821,8048269621
24185881,8048380531
24225941,8048491437
24266001,8048602725
24306061,8048713627
24346121,8048824707
24386181,8048935257
24426241,8049046161
24466301,8049156831
24506361,8049267773
24546421,8049378713
24586481,8049489691
24626541,8049600601
24666601,8049711689
24706665,8049829483
24746734,8049972436
24786802,8050112153
24826873,8050257741
24866942,8050400568
24907010,8050547457
24947081,8050693578
24987152,8050841508
25024212,8080277618
25064268,8140361234
25104319,8200437594
25144373,8260519070
25184426,8320597334
25224479,8380677826
25264531,8440755124
25304584,8500834622
25344627,8560899276
25384659,8620947494
25424688,8680990394
25464723,8741042864
25504754,8801089940
25537823,8850693306
25577827,8850877150
25617878,8851016241
25657934,8851159700
25697987,8851300573
25738041,8851441655
25778096,8851581722
25818149,8851719382
25858202,8851846954
25898261,8851960914
25938321,8852072836
25978381,8852184940
26018441,8852297082
26058501,8852408798
26098561,8852520905
26138621,8852632665
26178680,8852744313
26218740,8852855791
26258801,8852967363
26298861,8853078851
26338921,8853190581
26378980,8853302223
26419041,8853413923
26459101,8853525423
26499160,8853636925
26539220,8853748379
26579281,8853860125
26619341,8853971587
26659400,8854083269
26699460,8854194609
26739521,8854306317
26779581,8854417855
26819640,8854529509
26859700,8854640975
26899761,8854752713
26939821,8854864247
26979881,8854976117
27019941,8855087855
27060001,8855199715
27100061,8855311498
27140121,8855423476
27180181,8855535172
27220241,8855647068
27260301,8855758516
27300360,8855870170
27340420,8855981772
27380481,8856093304
27420541,8856204986
27460601,8856316971
27500663,8856442607
27537715,8900899545
27577764,8960973203
27617817,9021052421
27657870,9081132109
27697924,9141212005
27737977,9201292961
27778027,9261366545
27818063,9321421697
27858093,9381466455
27898126,9441515871
27938160,9501566525
27978190,9561611361
28018229,9621669347
28051677,9662509163
28091307,9662674635
28131361,9662803289
28171417,9662934570
28211471,9663063565
28251526,9663191654
28291580,9663317598
28331635,9663446933
28371689,9663571379
28411748,9663683236
28451808,9663794028
28491869,9663905012
28531928,9664015446
28571988,9664126202
28612048,9664236836
28652109,9664347610
28692169,9664458426
28732229,9664569448
28772288,9664680088
28812349,9664791056
28852408,9664901690
28892468,9665012642
28932528,9665123234
28972588,9665233884
29012649,9665344670
29052709,9665456158
29092769,9665567246
29132824,9665671680
29172880,9665777503
29212940,9665888854
29253000,9665999819
29293060,9666111145
29333119,9666221838
29373179,9666332899
29413239,9666443596
29453299,9666554336
29493359,9666665077
29533419,9666776008
29573479,9666886693
29613539,9666997597
29653599,9667108297
29693659,9667219013
29733719,9667329729
29773779,9667440615
29813839,9667551342
29853899,9667662247
29893959,9667772792
29934019,9667883666
29974079,9667994393
30011564,9668120489
30051195,9727566645
30091247,9787644979
30131299,9847723019
30171352,9907803691
30211404,9967880743
30251460,10027965731
30291518,10088051241
30331567,10148126245
30371602,10208178211
30411634,10268225871
30451670,10328279499
30491700,10388324133
30531729,10448368101
30564758,10474791967
30604806,10474918355
30644858,10475049554
30684913,10475182548
30724965,10475314132
30765020,10475447736
30805075,10475583425
30845127,10475715737
30885182,10475837927
30925241,10475950537
30965301,10476062420
31005361,10476173907
31045421,10476285579
31085481,10476397177
31125541,10476508724
31165601,10476620243
31205661,10476731989
31245721,10476843514
31285781,10476955213
31325841,10477066760
31365901,10477178530
31405961,10477290243
31446021,10477402364
31486081,10477514321
31526141,10477626649
31566201,10477738341
31606261,10477850285
31646321,10477961837
31686381,10478073561
31726441,10478185061
31766501,10478296991
31806561,10478408533
31846621,10478520645
31886681,10478632523
31926741,10478744629
31966801,10478856353
32006861,10478968133
32046921,10479079643
32086981,10479191430
32127041,10479302914
32167101,10479414846
32207161,10479526602
32247221,10479638390
32287281,10479750170
32327341,10479861902
32367401,10479973424
32407461,10480085152
32447521,10480196478
32487581,10480308350
32524642,10494859552
32564694,10554937970
32604747,10615017288
32644802,10675099420
32684855,10735179038
32724908,10795258926
32764961,10855337686
32805012,10915415222
32845048,10975468700
32885076,11035510318
32925106,11095555820
32965143,11155610898
33005171,11215653114
33045194,11275687826
33078228,11287883735
33118278,11288015746
33158332,11288147592
33198386,11288283646
33238440,11288417282
33278493,11288549210
33318548,11288683989
33358600,11288816906
33398656,11288932657
33438716,11289044505
33478776,11289155224
33518836,11289266109
33558896,11289376800
33598956,11289487555
33639016,11289598254
33679076,11289709149
33719136,11289819814
33759196,11289930695
33799256,11290041246
33839316,11290152133
33879376,11290262820
33919436,11290373731
33959496,11290484414
33999556,11290595297
34039616,11290705852
34079676,11290816739
34119736,11290927529
34159796,11291038402
34199856,11291149015
34239916,11291259652
34279976,11291370304
34320036,11291481128
34360096,11291591948
34400156,11291703250
34440216,11291814101
34480276,11291924932
34520336,11292035649
34560396,11292146828
34600456,11292257419
34640516,11292368236
34680576,11292478907
34720636,11292589742
34760696,11292700479
34800756,11292811334
34840816,11292921709
34880876,11293032818
34920936,11293143281
34960996,11293254088
35001059,11293370004
35038114,11322918374
35078166,11382996652
35118217,11443072978
35158268,11503149020
35198319,11563226780
35238372,11623305400
35278422,11683381220
35318477,11743462324
35358516,11803522146
35398550,11863572998
35438591,11923633738
35478634,11983698332
35518667,12043747412
35558700,12103797302
35591738,12104489916
35631792,12104617318
35671849,12104748572
35711905,12104878968
35751965,12105019408
35792021,12105152452
35832080,12105285822
35872137,12105417601
35912207,12105573041
35952275,12105718604
35992345,12105895713
36032413,12106080271
36072482,12106272584
36112551,12106459984
36152623,12106664400
36192690,12106855528
36232794,12107128758
36272876,12107356516
36312939,12107472235
36353000,12107583994
36393060,12107695063
36433120,12107805980
36473180,12107917207
36513242,12108100181
36553302,12108301665
36593363,12108444257
36633423,12108556080
36673483,12108667765
36713543,12108779880
36753603,12108891703
36793663,12109003904
36833723,12109115709
36873783,12109227851
36913843,12109339830
36953903,12109451913
36993963,12109563822
37034023,12109675933
37074083,12109787846
37114143,12109900045
37154203,12110011564
37194262,12110123081
37234322,12110234652
37274383,12110346375
37314443,12110457848
37354502,12110569524
37394562,12110680891
37434623,12110792748
37474683,12110904245
37514747,12111033386
37551799,12155866066
37591850,12215943072
37631903,12276022038
37671955,12336099624
37712008,12396178966
37752058,12456255226
37792110,12516332218
37832163,12576412834
37872195,12636459874
37912229,12696510956
37952260,12756557212
37992291,12816604276
38032322,12876650474
38065509,12918787960
38105394,12918947917
38145448,12919081168
38185500,12919208735
38225554,12919341285
38265607,12919470320
38305661,12919601100
38345716,12919731820
38385769,12919858501
38425829,12919970739
38465889,12920081858
38505949,12920192791
38546009,12920303522
38586069,12920414211
38626129,12920525094
38666189,12920636233
38706249,12920747550
38746309,12920858780
38786369,12920969987
38826429,12921080934
38866489,12921191921
38906549,12921302610
38946609,12921413551
38986669,12921524098
39026729,12921634995
39066789,12921745698
39106848,12921856298
39146908,12921967111
39186968,12922077842
39227028,12922188519
39267088,12922299421
39307148,12922410080
39347208,12922521219
39387268,12922631918
39427328,12922742713
39467388,12922853380
39507449,12922964393
39547508,12923075096
39587568,12923186117
39627628,12923296684
39667688,12923407581
39707749,12923518412
39747808,12923629317
39787868,12923740054
39827928,12923850997
39867988,12923961538
39908048,12924072439
39948108,12924183214
39988168,12924294147
40025405,12924425380
40065285,12984244640
40105336,13044321726
40145387,13104397844
40185442,13164480524
40225494,13224558828
40265550,13284642454
40305602,13344721326
40345639,13404776044
40385669,13464821286
40425706,13524876574
40465749,13584940930
40505781,13644989494
40545809,13705031832
40578837,13727032118
40618886,13727158394
40658941,13727289629
40698996,13727419834
40739050,13727548690
40779105,13727677447
40819160,13727806385
40859215,13727937917
40899271,13728064519
40939330,13728176326
40979390,13728287039
41019450,13728398549
41059510,13728510105
41099570,13728621707
41139630,13728732783
41179690,13728843627
41219750,13728954303
41259810,13729065175
41299870,13729175713
41339930,13729286565
41379990,13729397305
41420050,13729508141
41460110,13729618833
41500170,13729729829
41540230,13729840367
41580290,13729951437
41620350,13730062125
41660410,13730172997
41700470,13730283711
41740530,13730394451
41780593,13730512463
41820661,13730641536
41860729,13730774196
41900797,13730905712
41940865,13731039796
41980933,13731175212
42021001,13731310240
42061070,13731441416
42101137,13731572092
42141204,13731704690
42181272,13731834914
42221341,13731965010
42261408,13732098541
42301477,13732230599
42341545,13732362434
42381614,13732498527
42421682,13732650630
42461750,13732845957
42501821,13733045526
42538882,13748165935
42578941,13808253411
42618995,13868334709
42659046,13928411215
42699100,13988491749
42739152,14048570619
42779204,14108649227
42819253,14168722447
42859304,14228798695
42899334,14288843667
42939371,14348897983
42979408,14408954193
43019443,14469006937
43059474,14529052877
43092503,14547465337
43132555,14547599660
43172611,14547740602
43212666,14547879196
43252721,14548017479
43292778,14548157503
43332834,14548295379
43372889,14548431925
43412948,14548553155
43453008,14548672120
43493068,14548791499
43533128,14548910462
43573188,14549029596
43613248,14549147904
43653308,14549266576
43693368,14549384862
43733428,14549503322
43773488,14549621644
43813548,14549740148
43853608,14549858246
43893668,14549976748
43933728,14550095010
43973788,14550213522
44013848,14550331846
44053908,14550450292
44093968,14550568608
44134028,14550686756
44174088,14550805042
44214148,14550923524
44254208,14551041782
44294268,14551160082
44334328,14551278394
44374388,14551396832
44414448,14551515132
44454508,14551633832
44494568,14551751938
44534628,14551870422
44574688,14551988712
44614748,14552107178
44654808,14552225726
44694868,14552344186
44734928,14552462456
44774988,14552581138
44815048,14552699558
44855108,14552818610
44895168,14552937134
44935228,14553055466
44975288,14553173776
45015350,14553297707
45051403,14581955873
45091455,14642033767
45131507,14702110371
45171559,14762189525
45211611,14822266231
45251663,14882345873
45291717,14942425941
45331759,15002488745
45371784,15062527157
45411819,15122579239
45451861,15182642683
45491900,15242700425
45531935,15302753167
45570973,15346862678
45605012,15347013460
45645066,15347150148
45685121,15347286381
45725178,15347418424
45765232,15347547246
45805287,15347682452
45845342,15347819282
45885396,15347956525
45925455,15348076907
45965515,15348195421
46005575,15348313811
46045635,15348432299
46085695,15348550585
46125755,15348668931
46165815,15348787245
46205875,15348905805
46245935,15349024255
46285995,15349142965
46326055,15349261203
46366115,15349379737
46406175,15349498157
46446235,15349616683
46486295,15349734959
46526355,15349853305
46566415,15349971585
46606475,15350090105
46646535,15350208361
46686595,15350326841
46726655,15350445149
46766715,15350563525
46806775,15350681843
46846835,15350800509
46886895,15350918997
46926955,15351037745
46967015,15351156033
47007075,15351274643
47047135,15351392921
47087195,15351511345
47127255,15351629293
47167315,15351747751
47207375,15351865823
47247435,15351984263
47287495,15352102273
47327555,15352220931
47367615,15352339205
47407675,15352457431
47447735,15352575865
47487795,15352694317
47527858,15352824442
47564911,15396527847
47604962,15456604697
47645014,15516682137
47685066,15576760995
47725117,15636837175
47765171,15696917581
47805220,15756991287
47845270,15817066033
47885322,15877145023
47925353,15937191197
47965389,15997244939
48005419,16057289549
48045460,16117351887
48077812,16165879439
48108525,16166032037
48148579,16166159846
48188637,16166289311
48228695,16166423935
48268757,16166563529
48308813,16166701579
48348875,16166843227
48388934,16166981802
48429003,16167117214
48469071,16167257429
48509139,16167391571
48549209,16167543608
48589278,16167692562
48629348,16167846242
48669417,16167997217
48709485,16168144924
48749556,16168299006
48789625,16168443849
48829693,16168596608
48869764,16168750318
48909833,16168901383
48949902,16169049806
48989972,16169203702
49030041,16169353353
49070110,16169502748
49110180,16169656198
49150247,16169788430
49190317,16169931802
49230387,16170074567
49270456,16170219490
49310525,16170356281
49350595,16170499249
49390664,16170644219
49430733,16170782322
49470803,16170924507
49510872,16171065135
49550941,16171201932
49591011,16171342267
49631080,16171486718
49671149,16171625343
49711218,16171768380
49751288,16171910839
49791357,16172049376
49831427,16172192595
49871496,16172337458
49911565,16172475835
49951635,16172614987
49991704,16172762682
50031774,16172938331
50068828,16217363014
50108876,16277435088
50148930,16337516014
50188983,16397595198
50229036,16457675198
50269087,16517750598
50309136,16577825170
50349174,16637881670
50389210,16697935282
50429234,16757972362
50469266,16818019754
50509301,16878071802
50549331,16938116790
50582813,16975027800
50622404,16975198195
50662458,16975333329
50702512,16975462740
50742566,16975593755
50782620,16975723997
50822673,16975852845
50862729,16975985371
50902783,16976114047
50942842,16976226526
50982903,16976338231
51022963,16976449731
51063022,16976561467
51103083,16976673185
51143143,16976785073
51183203,16976896817
51223263,16977008741
51263323,16977120495
51303383,16977232180
51343443,16977343648
51383502,16977455326
51423563,16977567022
51463623,16977678911
51503683,16977790593
51543742,16977902489
51583802,16978014007
51623863,16978125728
51663923,16978237210
51703982,16978348912
51744042,16978460446
51784103,16978572049
51824163,16978683629
51864223,16978795345
51904282,16978906899
51944343,16979018578
51984403,16979130073
52024462,16979241572
52064522,16979353065
52104583,16979464690
52144643,16979576264
52184702,16979687959
52224762,16979799310
52264823,16979910965
52304883,16980022516
52344943,16980134329
52385002,16980245810
52425063,16980357611
52465123,16980468954
52505182,16980580737
52542693,16980713136
52582297,17040119274
52622349,17100195898
52662399,17160271206
52702452,17220351366
52742505,17280430450
52782557,17340508618
52822609,17400586392
52862660,17460663010
52902709,17520736976
52942743,17580786840
52982781,17640844792
53022821,17700903754
53062869,17760977214
53095899,17781868181
53135951,17781997086
53176004,17782124782
53216061,17782257798
53256114,17782386103
53296168,17782516423
53336221,17782645054
53376275,17782776146
53416332,17782896081
53456392,17783008047
53496452,17783118965
53536512,17783230029
53576571,17783340865
53616631,17783451841
53656691,17783562536
53696751,17783673617
53736811,17783784344
53776871,17783895393
53816931,17784006374
53856991,17784117417
53897051,17784228160
53937111,17784339171
53977171,17784449858
54017231,17784560853
54057291,17784671526
54097351,17784782417
54137411,17784893257
54177471,17785003970
54217531,17785114621
54257591,17785225530
54297651,17785336185
54337711,17785447056
54377771,17785557807
54417831,17785668538
54457891,17785779223
54497951,17785890110
54538011,17786000835
54578071,17786111736
54618131,17786222325
54658191,17786333184
54698251,17786443915
54738311,17786554858
54778371,17786665767
54818431,17786776662
54858492,17786887281
54898551,17786998370
54938611,17787109035
54978671,17787219924
55018731,17787330605
55055792,17801855370
55095844,17861933604
55135895,17922009944
55175947,17982087528
55216002,18042170388
55256054,18102249154
55296114,18162339226
55336148,18222388746
55376174,18282427724
55416204,18342473766
55456238,18402524368
55496274,18462578230
55536313,18522636666
55575023,18580702102
55609388,18580875206
55649444,18581011112
55689497,18581145875
55729551,18581279305
55769604,18581414559
55809660,18581552242
55849713,18581694105
55889765,18581828906
55929824,18581950818
55969884,18582070377
56009944,18582190165
56050004,18582310002
56090064,18582429806
56130124,18582549367
56170184,18582668866
56210244,18582788188
56250304,18582908005
56290364,18583027172
56330424,18583146609
56370484,18583265762
56410544,18583385323
56450604,18583504764
56490664,18583624763
56530724,18583744002
56570784,18583863723
56610844,18583983090
56650904,18584101932
56690964,18584220429
56731024,18584339126
56771084,18584457433
56811144,18584575928
56851204,18584694179
56891264,18584812682
56931324,18584931035
56971384,18585049400
57011444,18585167699
57051504,18585286190
57091564,18585404463
57131624,18585522940
57171684,18585640953
57211744,18585759312
57251804,18585877689
57291864,18585996339
57331924,18586114774
57371984,18586233447
57412044,18586351752
57452102,18586468253
57492145,18586567452
57532207,18586690476
57569262,18616175681
57609315,18676255071
57649368,18736335231
57689420,18796413051
57729472,18856490981
57769522,18916565337
57809573,18976642473
57849627,19036722681
57889680,19096802747
57929729,19156876487
57969758,19216919645
58009803,19276987317
58049840,19337042285
58088133,19394483189
58122901,19394636026
58162953,19394765039
58203009,19394901205
58243061,19395031444
58283115,19395164473
58323167,19395293025
58363222,19395425790
58403275,19395555128
58443330,19395679070
58483390,19395790910
58523450,19395901467
58563510,19396012466
58603570,19396123223
58643630,19396234218
58683690,19396344989
58723750,19396455924
58763810,19396566679
58803870,19396677590
58843930,19396788277
58883990,19396899182
58924050,19397009895
58964110,19397120638
59004170,19397231323
59044230,19397342268
59084290,19397453009
59124350,19397563926
59164410,19397674766
59204470,19397785535
59244530,19397896274
59284590,19398007161
59324650,19398117912
59364710,19398228821
59404770,19398339380
59444830,19398450267
59484890,19398561054
59524950,19398672107
59565010,19398782858
59605070,19398893807
59645130,19399004410
59685190,19399115414
59725250,19399226149
59765310,19399337030
59805370,19399447733
59845430,19399558534
59885490,19399669277
59925550,19399780204
59965610,19399890888
60005670,19400001882
60045733,19400123908
60082787,19444636989
60122837,19504711583
60162890,19564790625
60202944,19624872321
60243002,19684959365
60283054,19745037447
60323090,19805091127
60363122,19865138651
60403151,19925182891
60443185,19985233327
60483222,20045289325
60523253,20105335561
60563281,20165376801
60596719,20205147516
60636351,20205318211
60676404,20205458830
60716459,20205601973
60756512,20205743324
60796567,20205883315
60836620,20206021758
60876675,20206153855
60916728,20206273214
60956788,20206386019
60996848,20206497460
61036908,20206609221
61076968,20206720686
61117028,20206832387
61157088,20206943870
61197148,20207055539
61237208,20207167106
61277268,20207278941
61317328,20207390330
61357388,20207502099
61397448,20207613676
61437508,20207725373
61477568,20207836952
61517628,20207948467
61557688,20208060208
61597748,20208171933
61637808,20208283546
61677868,20208395205
61717928,20208506714
61757988,20208618229
61798048,20208729710
61838108,20208841491
61878168,20208952980
61918228,20209065037
61958288,20209176400
61998348,20209288231
62038408,20209399736
62078468,20209511491
62118528,20209623206
62158588,20209734925
62198648,20209846692
62238708,20209958770
62278768,20210070792
62318828,20210182900
62358888,20210295495
62398948,20210408076
62439008,20210521453
62479068,20210634975
62519128,20210748346
TS,3
40292,95891195
80360,95901829
120428,95912463
160496,95923097
200565,95933731
240633,95944365
280702,95954999
320769,95965633
360838,95976267
400906,95986901
440974,95997535
481042,96008169
521110,96018803
561178,96029437
601246,96040071
641313,96050705
681382,96061339
721450,96071973
761518,96082607
801586,96093241
841655,96103875
881724,96114509
921791,96125143
961860,96135777
1001926,96146411
1041994,96157045
1082062,96167679
1122130,96178313
1162198,96188947
1202266,96199581
1242335,96210215
1282403,96220849
1322470,96231483
1362539,96242117
1402607,96252751
1442674,96263385
1482742,96274019
1522810,96284653
1562878,96295287
1602947,96305921
1643015,96316555
1683083,96327189
1723151,96337823
1763219,96348457
1803288,96359091
1843356,96369725
1883425,96380359
1923492,96390993
1963561,96401627
2003629,96412261
2043696,96422895
2083764,96433529
2123832,96444163
2163900,96454797
2203968,96465431
2244035,96476065
2284104,96486699
2324171,96497333
2364239,96507967
2404309,96518601
2444376,96529235
2483448,98392446
2523502,102805313
2563552,109126522
2603604,115576710
2643660,122000436
2683711,128402764
2723760,134473632
2763810,140339655
2803861,146463613
2843901,152772554
2883934,159024135
2923973,165224964
2964002,171115349
3004038,177720789
3037065,179233854
3077111,179244488
3117166,179255122
3157219,179265756
3197273,179276390
3237326,179287024
3277380,179297658
3317435,179308292
3357489,179318926
3397543,179329560
3437596,179340194
3477654,179350828
3517713,179361462
3557773,179372096
3597834,179382730
3637894,179393364
3677953,179403998
3718013,179414632
3758074,179425266
3798134,179435900
3838193,179446534
3878253,179457168
3918314,179467802
3958374,179478436
3998433,179489070
4038493,179499704
4078553,179510338
4118613,179520972
4158673,179531606
4198733,179542240
4238793,179552874
4278853,179563508
4318913,179574142
4358973,179584776
4399033,179595410
4439093,179606044
4479153,179616678
4519213,179627312
4559273,179637946
4599333,179648580
4639393,179659214
4679453,179669848
4719513,179680482
4759573,179691116
4799633,179701750
4839693,179712384
4879753,179723018
4919813,179733652
4959877,179744286
4996931,182920526
5036984,187713070
5077036,193689240
5117090,200132991
5157143,206553396
5197195,212949866
5237248,219317423
5277300,225532966
5317353,231376806
5357386,237600597
5397419,243942819
5437443,249847569
5477474,256113004
5515588,262376545
5550555,262438899
5590609,262449533
5630661,262460167
5670716,262470801
5710770,262481435
5750824,262492069
5790879,262502703
5830931,262513337
5870990,262523971
5911050,262534605
5951110,262545239
5991170,262555873
6031230,262566507
6071290,262577141
6111350,262587775
6151410,262598409
6191470,262609043
6231530,262619677
6271590,262630311
6311650,262640945
6351710,262651579
6391770,262662213
6431830,262672847
6471890,262683481
6511950,262694115
6552010,262704749
6592070,262715383
6632130,262726017
6672190,262736651
6712250,262747285
6752310,262757919
6792370,262768553
6832430,262779187
6872490,262789821
6912550,262800455
6952610,262811089
6992670,262821723
7032730,262832357
7072789,262842991
7112850,262853625
7152909,262864259
7192964,262874893
7233023,262885527
7273095,262896161
7313164,262906795
7353235,262917429
7393300,262928063
7433365,262938697
7473436,262957071
7510489,267457971
7550547,272809944
7590599,278835305
7630651,284821541
7670705,291122903
7710758,297517033
7750809,303882127
7790842,310316657
7830877,317002258
7870904,323007154
7910940,329323783
7950980,336484669
7991017,342982289
8024043,345588753
8064106,345651743
8104161,345662377
8144217,345673011
8184271,345683645
8224327,345694279
8264381,345704913
8304436,345715547
8344491,345726181
8384550,345736815
8424610,345747449
8464670,345758083
8504730,345768717
8544790,345779351
8584850,345789985
8624910,345800619
8664970,345811253
8705030,345821887
8745090,345832521
8785150,345843155
8825210,345853789
8865270,345864423
8905331,345875057
8945390,345885691
8985450,345896325
9025510,345906959
9065571,345917593
9105630,345928227
9145690,345938861
9185750,345949495
9225810,345960129
9265870,345970763
9305930,345981397
9345990,345992031
9386050,346002665
9426110,346013299
9466170,346023933
9506230,346034567
9546290,346045201
9586350,346055835
9626410,346066469
9666470,346077103
9706530,346087737
9746590,346098371
9786650,346109005
9826710,346119639
9866770,346130273
9906830,346140907
9946890,346151541
9983929,346161569
10023003,350922875
10063054,357345435
10103108,363747937
10143160,369656687
10183212,375679438
10223264,382029958
10263316,388387044
10303368,394713861
10343411,401035001
10383448,407319782
10423491,413615770
10463531,419537883
10503558,425310632
10536589,428846372
10576638,428857006
10616695,428867640
10656748,428878274
10696802,428888908
10736856,428899542
10776912,428910176
10816966,428920810
10857022,428931444
10897081,428942078
10937141,428952712
10977201,428963346
11017261,428973980
11057321,428984614
11097381,428995248
11137441,429005882
11177501,429016516
11217561,429027150
11257621,429037784
11297681,429048418
11337741,429059052
11377801,429069686
11417861,429080320
11457921,429090954
11497981,429101588
11538041,429112222
11578101,429122856
11618161,429133490
11658221,429144124
11698281,429154758
11738341,429165392
11778401,429176026
11818461,429186660
11858521,429197294
11898581,429207928
11938641,429218562
11978701,429229196
12018761,429239830
12058821,429250464
12098881,429261098
12138941,429271732
12179001,429282366
12219061,429293000
12259121,429303634
12299181,429314268
12339241,429324902
12379301,429335536
12419361,429346170
12459421,429356804
12496480,431185020
12536534,435466184
12576586,441910101
12616637,448361454
12656691,454786748
12696744,461007856
12736796,466912367
12776844,473053910
12816873,480394084
12856905,486737096
12896938,492530724
12936965,498375591
12976995,504492209
13017035,511799166
13050068,512051476
13090123,512062110
13130178,512072744
13170237,512083378
13210293,512094012
13250353,512104646
13290410,512115280
13330466,512125914
13370524,512136548
13410583,512147182
13450643,512157816
13490703,512168450
13530763,512179084
13570823,512189718
13610883,512200352
13650943,512210986
13691003,512221620
13731063,512232254
13771123,512242888
13811183,512253522
13851243,512264156
13891303,512274790
13931364,512285424
13971424,512296058
14011484,512306692
14051544,512317326
14091604,512327960
14131664,512338594
14171724,512349228
14211784,512359862
14251844,512370496
14291904,512381130
14331964,512391764
14372024,512402398
14412084,512413032
14452144,512423666
14492204,512434300
14532264,512444934
14572324,512455568
14612384,512466202
14652444,512476836
14692504,512487470
14732564,512498104
14772624,512508738
14812684,512519372
14852744,512530006
14892804,512540640
14932864,512551274
14972927,512561908
15009982,515716636
15050034,520204693
15090087,526481392
15130139,532926606
15170191,539346914
15210244,545744719
15250296,552114719
15290348,558083883
15330399,563957934
15370428,570338804
15410464,576651773
15450496,582735801
15490530,589096214
15529115,595194167
15563602,595256523
15603657,595267157
15643710,595277791
15683766,595288425
15723821,595299059
15763876,595309693
15803931,595320327
15843984,595330961
15884043,595341595
15924104,595352229
15964163,595362863
16004223,595373497
16044283,595384131
16084343,595394765
16124403,595405399
16164463,595416033
16204523,595426667
16244583,595437301
16284643,595447935
16324703,595458569
16364763,595469203
16404823,595479837
16444883,595490471
16484943,595501105
16525003,595511739
16565063,595522373
16605123,595533007
16645183,595543641
16685243,595554275
16725303,595564909
16765363,595575543
16805423,595586177
16845483,595596811
16885543,595607445
16925603,595618079
16965663,595628713
17005723,595639347
17045783,595649981
17085843,595660615
17125903,595671249
17165963,595681883
17206023,595692517
17246083,595703151
17286143,595713785
17326203,595724419
17366263,595735053
17406323,595745687
17446383,595756321
17486447,595766955
17523502,600245828
17563551,605488075
17603602,611347210
17643654,617491203
17683707,623908387
17723761,630300734
17763812,636659339
17803851,643056754
17843877,649385995
17883906,655671194
17923935,661969800
17963974,668357425
18004005,674613519
18037839,678398854
18077079,678461638
18117134,678472272
18157190,678482906
18197243,678493540
18237300,678504174
18277356,678514808
18317412,678525442
18357467,678536076
18397525,678546710
18437586,678557344
18477646,678567978
18517705,678578612
18557765,678589246
18597826,678599880
18637886,678610514
18677945,678621148
18718005,678631782
18758070,678642416
18798138,678653050
18838207,678663684
18878275,678674318
18918343,678684952
18958411,678695586
18998478,678706220
19038547,678716854
19078614,678727488
19118683,678738122
19158749,678748756
19198819,678759390
19238886,678770024
19278955,678780658
19319022,678791292
19359090,678801926
19399160,678812560
19439227,678823194
19479295,678833828
19519365,678844462
19559432,678855096
19599500,678865730
19639569,678876364
19679636,678886998
19719703,678897632
19759773,678908266
19799840,678918900
19839908,678929534
19879977,678940168
19920043,678950802
19960112,678961436
19997643,678971681
20037238,683781426
20077290,690173463
20117340,696602902
20157395,702513618
20197446,708521879
20237496,714842007
20277548,721197979
20317598,727523427
20357641,733849451
20397676,740157622
20437713,746448269
20477752,752397761
20517781,758360490
20550807,761656473
20590853,761667107
20630905,761677741
20670958,761688375
20711012,761699009
20751066,761709643
20791121,761720277
20831176,761730911
20871232,761741545
20911291,761752179
20951351,761762813
20991411,761773447
21031471,761784081
21071531,761794715
21111591,761805349
21151651,761815983
21191711,761826617
21231771,761837251
21271831,761847885
21311891,761858519
21351951,761869153
21392011,761879787
21432071,761890421
21472131,761901055
21512191,761911689
21552251,761922323
21592311,761932957
21632371,761943591
21672431,761954225
21712491,761964859
21752551,761975493
21792611,761986127
21832671,761996761
21872731,762007395
21912791,762018029
21952851,762028663
21992911,762039297
22032971,762049931
22073031,762060565
22113091,762071199
22153150,762081833
22193201,762092467
22233257,762103101
22273313,762113735
22313370,762124369
22353423,762135003
22393478,762145637
22433530,762156271
22473590,762166905
22510649,764007150
22550700,768286977
22590752,774736227
22630803,781187325
22670857,787610201
22710910,794008856
22750962,799885071
22791015,805827381
22831044,813202740
22871076,819553616
22911115,825948752
22951149,832195807
22991184,838547804
23031209,844768295
23064248,844862030
23104298,844872664
23144352,844883298
23184404,844893932
23224459,844904566
23264515,844915200
23304570,844925834
23344624,844936468
23384682,844947102
23424741,844957736
23464801,844968370
23504861,844979004
23544921,844989638
23584981,845000272
23625041,845010906
23665101,845021540
23705161,845032174
23745221,845042808
23785281,845053442
23825341,845064076
23865401,845074710
23905462,845085344
23945521,845095978
23985581,845106612
24025641,845117246
24065701,845127880
24105761,845138514
24145821,845149148
24185881,845159782
24225941,845170416
24266001,845181050
24306061,845191684
24346121,845202318
24386181,845212952
24426241,845223586
24466301,845234220
24506361,845244854
24546421,845255488
24586481,845266122
24626541,845276756
24666601,845287390
24706665,845298024
24746734,845308658
24786802,845319292
24826873,845329926
24866942,845340560
24907010,845351194
24947081,845361828
24987153,845372462
25024213,848539338
25064269,853206320
25104320,859308345
25144374,865753283
25184427,872175209
25224480,878572077
25264532,884941941
25304585,891110244
25344628,897355024
25384660,903770848
25424688,910312749
25464723,916674101
25504755,922889061
25537824,928003691
25577828,928067528
25617879,928078162
25657935,928088796
25697988,928099430
25738042,928110064
25778097,928120698
25818150,928131332
25858202,928141966
25898261,928152600
25938321,928163234
25978381,928173868
26018441,928184502
26058501,928195136
26098561,928205770
26138621,928216404
26178681,928227038
26218741,928237672
26258801,928248306
26298861,928258940
26338921,928269574
26378981,928280208
26419041,928290842
26459101,928301476
26499161,928312110
26539221,928322744
26579281,928333378
26619341,928344012
26659401,928354646
26699461,928365280
26739521,928375914
26779581,928386548
26819641,928397182
26859701,928407816
26899761,928418450
26939821,928429084
26979881,928439718
27019941,928450352
27060001,928460986
27100061,928471620
27140121,928482254
27180181,928492888
27220241,928503522
27260301,928514156
27300361,928524790
27340421,928535424
27380481,928546058
27420541,928556692
27460601,928567326
27500665,928577960
27537716,933066941
27577766,938416466
27617818,944282583
27657871,950333074
27697925,956731647
27737979,963125231
27778027,969484827
27818064,975895653
27858094,982244841
27898127,988511288
27938161,994813792
27978191,1001083811
28018229,1007318293
28051678,1011209826
28091307,1011272610
28131362,1011283244
28171418,1011293878
28211472,1011304512
28251527,1011315146
28291581,1011325780
28331636,1011336414
28371689,1011347048
28411749,1011357682
28451809,1011368316
28491869,1011378950
28531929,1011389584
28571988,1011400218
28612048,1011410852
28652109,1011421486
28692169,1011432120
28732229,1011442754
28772289,1011453388
28812349,1011464022
28852409,1011474656
28892468,1011485290
28932528,1011495924
28972589,1011506558
29012649,1011517192
29052709,1011527826
29092769,1011538460
29132824,1011549094
29172880,1011559728
29212940,1011570362
29253000,1011580996
29293060,1011591630
29333120,1011602264
29373179,1011612898
29413239,1011623532
29453300,1011634166
29493360,1011644800
29533419,1011655434
29573479,1011666068
29613540,1011676702
29653600,1011687336
29693659,1011697970
29733719,1011708604
29773780,1011719238
29813840,1011729872
29853899,1011740506
29893959,1011751140
29934020,1011761774
29974080,1011772408
30011565,1011782653
30051196,1016606810
30091248,1022985413
30131300,1029423941
30171353,1035372683
30211405,1041385771
30251461,1047659500
30291519,1054017382
30331568,1060339288
30371603,1066691788
30411635,1073028909
30451671,1079385086
30491700,1085652424
30531730,1091860745
30564758,1094467058
30604807,1094477692
30644859,1094488326
30684914,1094498960
30724966,1094509594
30765021,1094520228
30805075,1094530862
30845128,1094541496
30885182,1094552130
30925241,1094562764
30965301,1094573398
31005361,1094584032
31045421,1094594666
31085481,1094605300
31125541,1094615934
31165601,1094626568
31205661,1094637202
31245721,1094647836
31285781,1094658470
31325841,1094669104
31365901,1094679738
31405961,1094690372
31446021,1094701006
31486081,1094711640
31526141,1094722274
31566201,1094732908
31606261,1094743542
31646321,1094754176
31686381,1094764810
31726441,1094775444
31766501,1094786078
31806561,1094796712
31846621,1094807346
31886681,1094817980
31926741,1094828614
31966801,1094839248
32006861,1094849882
32046921,1094860516
32086981,1094871150
32127041,1094881784
32167101,1094892418
32207162,1094903052
32247221,1094913686
32287281,1094924320
32327341,1094934954
32367401,1094945588
32407461,1094956222
32447521,1094966856
32487581,1094977490
32524643,1096822504
32564695,1101138333
32604748,1107553275
32644803,1114005132
32684856,1120428911
32724909,1126831249
32764962,1132792324
32805013,1138683092
32845049,1145651639
32885077,1152044476
32925107,1157966379
32965144,1164653542
33005172,1170473971
33045195,1176379484
33078229,1177672129
33118279,1177682763
33158333,1177693397
33198387,1177704031
33238441,1177714665
33278494,1177725299
33318549,1177735933
33358601,1177746567
33398657,1177757201
33438716,1177767835
33478776,1177778469
33518836,1177789103
33558896,1177799737
33598956,1177810371
33639016,1177821005
33679076,1177831639
33719136,1177842273
33759196,1177852907
33799256,1177863541
33839316,1177874175
33879376,1177884809
33919436,1177895443
33959496,1177906077
33999556,1177916711
34039616,1177927345
34079676,1177937979
34119736,1177948613
34159796,1177959247
34199856,1177969881
34239916,1177980515
34279976,1177991149
34320036,1178001783
34360096,1178012417
34400156,1178023051
34440217,1178033685
34480276,1178044319
34520336,1178054953
34560396,1178065587
34600456,1178076221
34640516,1178086855
34680576,1178097489
34720636,1178108123
34760696,1178118757
34800756,1178129391
34840816,1178140025
34880876,1178150659
34920936,1178161293
34960996,1178171927
35001059,1178182561
35038115,1181350607
35078167,1186041427
35118218,1192108916
35158269,1198554870
35198320,1204976598
35238373,1211374959
35278423,1217742206
35318477,1223755240
35358517,1230463963
35398551,1236479928
35438592,1242412210
35478635,1248685140
35518667,1254530636
35558701,1260818866
35591739,1260894596
35631792,1260905230
35671850,1260915864
35711906,1260926498
35751967,1260937132
35792022,1260947766
35832081,1260958400
35872138,1260969034
35912207,1260979668
35952275,1260990302
35992346,1261000936
36032413,1261011570
36072482,1261022204
36112551,1261032838
36152623,1261043472
36192690,1261054106
36232795,1261064740
36272876,1261075374
36312939,1261086008
36353000,1261096642
36393060,1261107276
36433120,1261117910
36473180,1261128544
36513243,1261139178
36553302,1261149812
36593363,1261160446
36633423,1261171080
36673483,1261181714
36713543,1261192348
36753603,1261202982
36793663,1261213616
36833723,1261224250
36873783,1261234884
36913843,1261245518
36953903,1261256152
36993963,1261266786
37034023,1261277420
37074083,1261288054
37114143,1261298688
37154203,1261309322
37194263,1261319956
37234323,1261330590
37274383,1261341224
37314443,1261351858
37354503,1261362492
37394563,1261373126
37434623,1261383760
37474683,1261394394
37514748,1261405028
37551800,1265900927
37591851,1271252194
37631904,1277223996
37671956,1283238622
37712008,1289566709
37752059,1295959985
37792111,1302323225
37832165,1308654119
37872196,1315005789
37912230,1321327999
37952261,1327670783
37992292,1333969355
38032323,1340176146
38065510,1344036883
38105395,1344099667
38145449,1344110301
38185500,1344120935
38225555,1344131569
38265607,1344142203
38305662,1344152837
38345717,1344163471
38385770,1344174105
38425829,1344184739
38465889,1344195373
38505949,1344206007
38546009,1344216641
38586069,1344227275
38626129,1344237909
38666189,1344248543
38706249,1344259177
38746310,1344269811
38786369,1344280445
38826429,1344291079
38866489,1344301713
38906549,1344312347
38946609,1344322981
38986669,1344333615
39026729,1344344249
39066789,1344354883
39106848,1344365517
39146908,1344376151
39186969,1344386785
39227029,1344397419
39267088,1344408053
39307148,1344418687
39347209,1344429321
39387269,1344439955
39427328,1344450589
39467388,1344461223
39507449,1344471857
39547509,1344482491
39587568,1344493125
39627628,1344503759
39667689,1344514393
39707749,1344525027
39747808,1344535661
39787868,1344546295
39827929,1344556929
39867989,1344567563
39908048,1344578197
39948108,1344588831
39988169,1344599465
40025406,1344609710
40065285,1349496127
40105337,1355819765
40145387,1362273885
40185443,1368540475
40225495,1374511992
40265550,1380520842
40305603,1386865543
40345640,1393284520
40385670,1400151527
40425707,1407037906
40465750,1413392954
40505782,1419581441
40545810,1425436061
40578838,1427294148
40618887,1427304782
40658942,1427315416
40698997,1427326050
40739051,1427336684
40779106,1427347318
40819161,1427357952
40859215,1427368586
40899271,1427379220
40939331,1427389854
40979391,1427400488
41019450,1427411122
41059510,1427421756
41099571,1427432390
41139630,1427443024
41179690,1427453658
41219750,1427464292
41259810,1427474926
41299870,1427485560
41339930,1427496194
41379990,1427506828
41420050,1427517462
41460110,1427528096
41500170,1427538730
41540230,1427549364
41580290,1427559998
41620350,1427570632
41660410,1427581266
41700470,1427591900
41740530,1427602534
41780594,1427613168
41820661,1427623802
41860729,1427634436
41900798,1427645070
41940865,1427655704
41980933,1427666338
42021001,1427676972
42061070,1427687606
42101138,1427698240
42141204,1427708874
42181273,1427719508
42221341,1427730142
42261409,1427740776
42301477,1427751410
42341545,1427762044
42381614,1427772678
42421682,1427783312
42461750,1427793946
42501821,1427804580
42538883,1429661621
42578942,1434123028
42618996,1440394378
42659047,1446844454
42699101,1453269493
42739153,1459671892
42779205,1465795897
42819254,1471652925
42859305,1477737305
42899335,1484084231
42939371,1490368097
42979409,1496650215
43019444,1502822769
43059475,1509040423
43092504,1510499825
43132556,1510510459
43172612,1510521093
43212667,1510531727
43252722,1510542361
43292779,1510552995
43332835,1510563629
43372890,1510574263
43412948,1510584897
43453008,1510595531
43493068,1510606165
43533128,1510616799
43573188,1510627433
43613248,1510638067
43653308,1510648701
43693368,1510659335
43733428,1510669969
43773488,1510680603
43813548,1510691237
43853608,1510701871
43893668,1510712505
43933728,1510723139
43973788,1510733773
44013848,1510744407
44053908,1510755041
44093968,1510765675
44134028,1510776309
44174088,1510786943
44214148,1510797577
44254208,1510808211
44294268,1510818845
44334328,1510829479
44374388,1510840113
44414448,1510850747
44454508,1510861381
44494568,1510872015
44534628,1510882649
44574688,1510893283
44614748,1510903917
44654808,1510914551
44694868,1510925185
44734928,1510935819
44774988,1510946453
44815048,1510957087
44855108,1510967721
44895168,1510978355
44935228,1510988989
44975288,1510999623
45015351,1511010257
45051404,1514161517
45091456,1518625226
45131508,1524926349
45171560,1531371194
45211611,1537792211
45251665,1544188450
45291718,1550553526
45331760,1556955939
45371785,1563386942
45411820,1569707711
45451862,1576094672
45491901,1582392324
45531936,1588718847
45570973,1593642979
45605013,1593704697
45645067,1593715331
45685122,1593725965
45725179,1593736599
45765234,1593747233
45805288,1593757867
45845342,1593768501
45885397,1593779135
45925455,1593789769
45965515,1593800403
46005575,1593811037
46045635,1593821671
46085695,1593832305
46125755,1593842939
46165815,1593853573
46205875,1593864207
46245935,1593874841
46285995,1593885475
46326055,1593896109
46366115,1593906743
46406175,1593917377
46446235,1593928011
46486295,1593938645
46526355,1593949279
46566415,1593959913
46606475,1593970547
46646535,1593981181
46686595,1593991815
46726656,1594002449
46766715,1594013083
46806775,1594023717
46846835,1594034351
46886896,1594044985
46926955,1594055619
46967015,1594066253
47007075,1594076887
47047135,1594087521
47087195,1594098155
47127255,1594108789
47167315,1594119423
47207375,1594130057
47247435,1594140691
47287495,1594151325
47327555,1594161959
47367615,1594172593
47407675,1594183227
47447735,1594193861
47487795,1594204495
47527859,1594215129
47564912,1598665970
47604963,1603880668
47645015,1609548113
47685068,1615917985
47725118,1622334446
47765172,1628727488
47805221,1635091777
47845271,1641425502
47885323,1647401152
47925354,1653102495
47965390,1659223089
48005420,1665485851
48045461,1671841083
48077813,1676846097
48108526,1676907583
48148580,1676918217
48188638,1676928851
48228696,1676939485
48268758,1676950119
48308814,1676960753
48348876,1676971387
48388935,1676982021
48429003,1676992655
48469071,1677003289
48509139,1677013923
48549209,1677024557
48589278,1677035191
48629348,1677045825
48669417,1677056459
48709485,1677067093
48749556,1677077727
48789625,1677088361
48829693,1677098995
48869764,1677109629
48909833,1677120263
48949902,1677130897
48989972,1677141531
49030041,1677152165
49070110,1677162799
49110180,1677173433
49150248,1677184067
49190317,1677194701
49230387,1677205335
49270457,1677215969
49310525,1677226603
49350595,1677237237
49390664,1677247871
49430733,1677258505
49470803,1677269139
49510872,1677279773
49550941,1677290407
49591011,1677301041
49631081,1677311675
49671149,1677322309
49711218,1677332943
49751289,1677343577
49791357,1677354211
49831427,1677364845
49871497,1677375479
49911566,1677386113
49951635,1677396747
49991704,1677407381
50031775,1677418015
50068829,1681906235
50108877,1687256800
50148931,1693131370
50188984,1699169049
50229037,1705572025
50269087,1711965896
50309137,1718332503
50349175,1724766820
50389211,1731457577
50429235,1737479850
50469267,1743666318
50509301,1749986957
50549332,1756244694
50582814,1760049914
50622404,1760112698
50662459,1760123332
50702513,1760133966
50742567,1760144600
50782621,1760155234
50822674,1760165868
50862730,1760176502
50902784,1760187136
50942843,1760197770
50982903,1760208404
51022963,1760219038
51063023,1760229672
51103083,1760240306
51143143,1760250940
51183203,1760261574
51223263,1760272208
51263323,1760282842
51303383,1760293476
51343443,1760304110
51383503,1760314744
51423563,1760325378
51463623,1760336012
51503683,1760346646
51543743,1760357280
51583803,1760367914
51623863,1760378548
51663923,1760389182
51703983,1760399816
51744043,1760410450
51784103,1760421084
51824163,1760431718
51864223,1760442352
51904283,1760452986
51944343,1760463620
51984403,1760474254
52024463,1760484888
52064523,1760495522
52104583,1760506156
52144643,1760516790
52184703,1760527424
52224763,1760538058
52264823,1760548692
52304883,1760559326
52344943,1760569960
52385003,1760580594
52425063,1760591228
52465123,1760601862
52505183,1760612496
52542694,1760622741
52582299,1765437142
52622350,1771825418
52662400,1778277109
52702453,1784404661
52742506,1790385017
52782558,1796513529
52822610,1802869220
52862661,1809196748
52902710,1815500494
52942744,1821790320
52982782,1828113950
53022821,1834440124
53062870,1841160372
53095900,1843307588
53135952,1843318222
53176005,1843328856
53216062,1843339490
53256115,1843350124
53296169,1843360758
53336222,1843371392
53376276,1843382026
53416333,1843392660
53456392,1843403294
53496452,1843413928
53536512,1843424562
53576572,1843435196
53616631,1843445830
53656691,1843456464
53696752,1843467098
53736812,1843477732
53776872,1843488366
53816932,1843499000
53856992,1843509634
53897052,1843520268
53937111,1843530902
53977171,1843541536
54017232,1843552170
54057292,1843562804
54097351,1843573438
54137411,1843584072
54177472,1843594706
54217532,1843605340
54257591,1843615974
54297651,1843626608
54337712,1843637242
54377772,1843647876
54417831,1843658510
54457891,1843669144
54497952,1843679778
54538012,1843690412
54578071,1843701046
54618131,1843711680
54658192,1843722314
54698252,1843732948
54738311,1843743582
54778371,1843754216
54818432,1843764850
54858492,1843775484
54898551,1843786118
54938611,1843796752
54978672,1843807386
55018732,1843818020
55055793,1845662949
55095845,1849984034
55135896,1856395309
55175948,1862845878
55216003,1869270427
55256055,1875671959
55296115,1881615779
55336148,1888511050
55376174,1894926567
55416205,1901209688
55456239,1907504328
55496275,1913806673
55536314,1920156518
55575024,1926450334
55609389,1926512688
55649445,1926523322
55689498,1926533956
55729552,1926544590
55769605,1926555224
55809661,1926565858
55849714,1926576492
55889766,1926587126
55929825,1926597760
55969884,1926608394
56009944,1926619028
56050004,1926629662
56090064,1926640296
56130124,1926650930
56170184,1926661564
56210244,1926672198
56250304,1926682832
56290364,1926693466
56330424,1926704100
56370484,1926714734
56410544,1926725368
56450604,1926736002
56490664,1926746636
56530724,1926757270
56570784,1926767904
56610844,1926778538
56650904,1926789172
56690964,1926799806
56731024,1926810440
56771084,1926821074
56811144,1926831708
56851204,1926842342
56891264,1926852976
56931324,1926863610
56971384,1926874244
57011444,1926884878
57051504,1926895512
57091564,1926906146
57131624,1926916780
57171684,1926927414
57211744,1926938048
57251804,1926948682
57291864,1926959316
57331924,1926969950
57371984,1926980584
57412044,1926991218
57452102,1927001852
57492146,1927012486
57532208,1927023120
57569263,1930189897
57609316,1934865884
57649369,1940932758
57689421,1947379261
57729473,1953801472
57769522,1960198095
57809574,1966565987
57849627,1972405158
57889681,1978278247
57929730,1984513777
57969759,1990853862
58009804,1997923633
58049841,2004360520
58088134,2009655379
58122902,2009717733
58162954,2009728367
58203010,2009739001
58243061,2009749635
58283116,2009760269
58323168,2009770903
58363223,2009781537
58403276,2009792171
58443331,2009802805
58483390,2009813439
58523450,2009824073
58563510,2009834707
58603570,2009845341
58643630,2009855975
58683690,2009866609
58723750,2009877243
58763810,2009887877
58803870,2009898511
58843930,2009909145
58883990,2009919779
58924050,2009930413
58964110,2009941047
59004170,2009951681
59044230,2009962315
59084290,2009972949
59124350,2009983583
59164410,2009994217
59204470,2010004851
59244530,2010015485
59284590,2010026119
59324650,2010036753
59364710,2010047387
59404770,2010058021
59444830,2010068655
59484890,2010079289
59524950,2010089923
59565010,2010100557
59605070,2010111191
59645130,2010121825
59685190,2010132459
59725250,2010143093
59765310,2010153727
59805370,2010164361
59845430,2010174995
59885490,2010185629
59925550,2010196263
59965610,2010206897
60005670,2010217531
60045734,2010228165
60082788,2014718208
60122838,2020068302
60162890,2025968197
60202945,2032003535
60243003,2038385216
60283055,2044777805
60323091,2051544241
60363123,2058568244
60403152,2064890462
60443186,2070734374
60483223,2076682647
60523254,2082815945
60563281,2089038926
60596720,2092860042
60636352,2092922826
60676405,2092933460
60716460,2092944094
60756513,2092954728
60796568,2092965362
60836620,2092975996
60876676,2092986630
60916729,2092997264
60956788,2093007898
60996848,2093018532
61036908,2093029166
61076968,2093039800
61117028,2093050434
61157088,2093061068
61197148,2093071702
61237208,2093082336
61277268,2093092970
61317328,2093103604
61357388,2093114238
61397448,2093124872
61437508,2093135506
61477568,2093146140
61517628,2093156774
61557688,2093167408
61597748,2093178042
61637808,2093188676
61677868,2093199310
61717928,2093209944
61757988,2093220578
61798048,2093231212
61838108,2093241846
61878169,2093252480
61918228,2093263114
61958288,2093273748
61998348,2093284382
62038408,2093295016
62078468,2093305650
62118528,2093316284
62158588,2093326918
62198648,2093337552
62238708,2093348186
62278768,2093358820
62318828,2093369454
62358888,2093380088
62398948,2093390722
62439008,2093401356
62479069,2093411990
62519129,2093422624
TS,4
40292,639
80360,679
120428,719
160496,759
200565,799
240633,839
280702,879
320770,919
360838,959
400906,999
440974,1039
481042,1079
521110,1119
561178,1159
601246,1199
641314,1239
681382,1279
721450,1319
761518,1359
801586,1399
841655,1439
881724,1479
921791,1519
961861,1559
1001926,1599
1041994,1639
1082063,1679
1122130,1719
1162198,1759
1202266,1799
1242335,1839
1282403,1879
1322470,1919
1362539,1959
1402607,1999
1442674,2039
1482742,2079
1522810,2119
1562878,2159
1602947,2199
1643015,2239
1683083,2279
1723151,2319
1763220,2359
1803288,2399
1843356,2439
1883425,2479
1923492,2519
1963561,2559
2003629,2599
2043696,2639
2083764,2679
2123832,2719
2163900,2759
2203968,2799
2244035,2839
2284104,2879
2324171,2919
2364239,2959
2404309,2999
2444376,3039
2483449,3079
2523503,3120
2563553,3160
2603604,3200
2643660,3240
2683712,3280
2723761,3320
2763811,3360
2803862,3400
2843901,3440
2883935,3480
2923974,3520
2964003,3560
3004038,3600
3037065,3633
3077112,3673
3117167,3713
3157219,3753
3197274,3793
3237326,3833
3277381,3873
3317436,3913
3357490,3953
3397543,3993
3437596,4033
3477654,4073
3517714,4113
3557774,4153
3597834,4193
3637894,4233
3677954,4273
3718014,4313
3758074,4353
3798134,4393
3838194,4433
3878254,4473
3918314,4513
3958374,4553
3998434,4593
4038493,4633
4078553,4673
4118613,4713
4158673,4753
4198733,4793
4238793,4833
4278853,4873
4318913,4913
4358973,4953
4399033,4993
4439093,5033
4479153,5073
4519213,5113
4559273,5153
4599333,5193
4639393,5233
4679453,5273
4719513,5313
4759573,5353
4799633,5393
4839693,5433
4879753,5473
4919813,5513
4959877,5553
4996932,5591
5036985,5631
5077037,5671
5117091,5711
5157144,5751
5197195,5791
5237249,5831
5277301,5871
5317354,5911
5357387,5951
5397420,5991
5437444,6031
5477475,6071
5515589,6109
5550556,6145
5590609,6185
5630662,6225
5670717,6265
5710771,6305
5750825,6345
5790879,6385
5830932,6425
5870990,6465
5911050,6505
5951110,6545
5991170,6585
6031230,6625
6071290,6665
6111350,6705
6151410,6745
6191470,6785
6231530,6825
6271590,6865
6311650,6905
6351710,6945
6391770,6985
6431830,7025
6471890,7065
6511950,7105
6552010,7145
6592070,7185
6632130,7225
6672190,7265
6712250,7305
6752310,7345
6792370,7385
6832430,7425
6872490,7465
6912550,7505
6952610,7545
6992670,7585
7032730,7625
7072790,7665
7112850,7705
7152909,7745
7192964,7785
7233023,7825
7273095,7865
7313164,7905
7353235,7945
7393300,7985
7433365,8025
7473437,8065
7510490,8103
7550548,8143
7590600,8183
7630652,8223
7670706,8263
7710758,8303
7750810,8343
7790842,8383
7830878,8423
7870905,8463
7910941,8503
7950980,8543
7991018,8583
8024044,8616
8064107,8657
8104162,8697
8144217,8737
8184272,8777
8224327,8817
8264382,8857
8304437,8897
8344491,8937
8384550,8977
8424611,9017
8464670,9057
8504730,9097
8544790,9137
8584851,9177
8624911,9217
8664970,9257
8705030,9297
8745091,9337
8785150,9377
8825210,9417
8865270,9457
8905331,9497
8945390,9537
8985450,9577
9025510,9617
9065571,9657
9105630,9697
9145690,9737
9185750,9777
9225811,9817
9265870,9857
9305930,9897
9345990,9937
9386051,9977
9426110,10017
9466170,10057
9506231,10097
9546291,10137
9586350,10177
9626410,10217
9666470,10257
9706531,10297
9746590,10337
9786650,10377
9826710,10417
9866771,10457
9906830,10497
9946890,10537
9983930,10574
10023004,10614
10063055,10654
10103109,10694
10143161,10734
10183213,10774
10223264,10814
10263316,10854
10303369,10894
10343412,10934
10383449,10974
10423492,11014
10463532,11054
10503558,11094
10536590,11128
10576639,11168
10616695,11208
10656748,11248
10696803,11288
10736857,11328
10776913,11368
10816966,11408
10857022,11448
10897081,11488
10937141,11528
10977201,11568
11017261,11608
11057321,11648
11097381,11688
11137441,11728
11177501,11768
11217561,11808
11257621,11848
11297681,11888
11337741,11928
11377801,11968
11417861,12008
11457921,12048
11497981,12088
11538041,12128
11578101,12168
11618161,12208
11658221,12248
11698281,12288
11738341,12328
11778401,12368
11818461,12408
11858521,12448
11898581,12488
11938641,12528
11978701,12568
12018761,12608
12058821,12648
12098881,12688
12138941,12728
12179001,12768
12219061,12808
12259121,12848
12299181,12888
12339241,12928
12379301,12968
12419361,13008
12459421,13048
12496481,13086
12536535,13126
12576588,13166
12616638,13206
12656691,13246
12696745,13286
12736796,13326
12776845,13366
12816873,13406
12856906,13446
12896938,13486
12936966,13526
12976995,13566
13017036,13606
13050069,13640
13090124,13680
13130179,13720
13170238,13760
13210294,13800
13250354,13840
13290411,13880
13330467,13920
13370524,13960
13410584,14000
13450644,14040
13490703,14080
13530764,14120
13570823,14160
13610883,14200
13650943,14240
13691004,14280
13731063,14320
13771123,14360
13811183,14400
13851244,14440
13891304,14480
13931364,14520
13971424,14560
14011484,14600
14051544,14640
14091604,14680
14131664,14720
14171724,14760
14211784,14800
14251844,14840
14291904,14880
14331964,14920
14372024,14960
14412084,15000
14452144,15040
14492204,15080
14532264,15120
14572324,15160
14612384,15200
14652444,15240
14692504,15280
14732564,15320
14772624,15360
14812684,15400
14852744,15440
14892804,15480
14932864,15520
14972928,15560
15009983,15598
15050035,15638
15090088,15678
15130140,15718
15170192,15758
15210245,15798
15250297,15838
15290349,15878
15330399,15918
15370429,15958
15410465,15998
15450497,16038
15490531,16078
15529116,16116
15563602,16152
15603657,16192
15643711,16232
15683766,16272
15723822,16312
15763876,16352
15803932,16392
15843984,16432
15884043,16472
15924104,16512
15964163,16552
16004223,16592
16044283,16632
16084344,16672
16124403,16712
16164463,16752
16204523,16792
16244584,16832
16284643,16872
16324703,16912
16364763,16952
16404824,16992
16444883,17032
16484943,17072
16525003,17112
16565064,17152
16605123,17192
16645183,17232
16685243,17272
16725304,17312
16765363,17352
16805423,17392
16845483,17432
16885544,17472
16925603,17512
16965663,17552
17005723,17592
17045783,17632
17085843,17672
17125903,17712
17165963,17752
17206024,17792
17246083,17832
17286143,17872
17326203,17912
17366264,17952
17406323,17992
17446383,18032
17486448,18072
17523502,18110
17563551,18150
17603603,18190
17643654,18230
17683707,18270
17723762,18310
17763813,18350
17803852,18390
17843878,18430
17883906,18470
17923936,18510
17963974,18550
18004005,18590
18037840,18624
18077080,18664
18117135,18704
18157190,18744
18197244,18784
18237301,18824
18277357,18864
18317412,18904
18357467,18944
18397526,18984
18437586,19024
18477646,19064
18517706,19104
18557766,19144
18597826,19184
18637886,19224
18677946,19264
18718006,19304
18758070,19344
18798139,19384
18838208,19424
18878275,19464
18918343,19504
18958411,19544
18998478,19584
19038547,19624
19078614,19664
19118683,19704
19158750,19744
19198819,19784
19238886,19824
19278955,19864
19319023,19904
19359090,19944
19399160,19984
19439227,20024
19479296,20064
19519365,20104
19559432,20144
19599501,20184
19639569,20224
19679636,20264
19719703,20304
19759773,20344
19799840,20384
19839908,20424
19879977,20464
19920044,20504
19960112,20544
19997643,20582
20037239,20622
20077290,20662
20117341,20702
20157396,20742
20197446,20782
20237497,20822
20277549,20862
20317599,20902
20357641,20942
20397676,20982
20437714,21022
20477753,21062
20517781,21102
20550808,21136
20590853,21176
20630906,21216
20670959,21256
20711013,21296
20751067,21336
20791122,21376
20831176,21416
20871232,21456
20911291,21496
20951351,21536
20991411,21576
21031471,21616
21071531,21656
21111591,21696
21151651,21736
21191711,21776
21231771,21816
21271831,21856
21311891,21896
21351951,21936
21392011,21976
21432071,22016
21472131,22056
21512191,22096
21552251,22136
21592311,22176
21632371,22216
21672431,22256
21712491,22296
21752551,22336
21792611,22376
21832671,22416
21872731,22456
21912791,22496
21952851,22536
21992911,22576
22032971,22616
22073031,22656
22113091,22696
22153150,22736
22193201,22776
22233257,22816
22273313,22856
22313370,22896
22353424,22936
22393478,22976
22433530,23016
22473590,23056
22510650,23094
22550701,23134
22590753,23174
22630804,23214
22670858,23254
22710911,23294
22750963,23334
22791016,23374
22831045,23414
22871077,23454
22911116,23494
22951149,23534
22991185,23574
23031210,23614
23064249,23648
23104299,23688
23144353,23728
23184405,23768
23224460,23808
23264516,23848
23304571,23888
23344625,23928
23384682,23968
23424741,24008
23464801,24048
23504861,24088
23544921,24128
23584981,24168
23625041,24208
23665101,24248
23705161,24288
23745221,24328
23785281,24368
23825341,24408
23865401,24448
23905462,24488
23945521,24528
23985581,24568
24025641,24608
24065701,24648
24105761,24688
24145821,24728
24185881,24768
24225942,24808
24266001,24848
24306061,24888
24346121,24928
24386181,24968
24426241,25008
24466301,25048
24506361,25088
24546422,25128
24586481,25168
24626541,25208
24666601,25248
24706665,25288
24746734,25328
24786802,25368
24826873,25408
24866942,25448
24907010,25488
24947081,25528
24987154,25568
25024214,25606
25064270,25646
25104321,25686
25144375,25726
25184427,25766
25224481,25806
25264533,25846
25304585,25886
25344629,25926
25384660,25966
25424689,26006
25464724,26046
25504756,26086
25537824,26119
25577829,26160
25617880,26200
25657936,26240
25697989,26280
25738043,26320
25778098,26360
25818151,26400
25858203,26440
25898261,26480
25938321,26520
25978381,26560
26018441,26600
26058501,26640
26098561,26680
26138621,26720
26178681,26760
26218741,26800
26258801,26840
26298861,26880
26338921,26920
26378981,26960
26419041,27000
26459101,27040
26499161,27080
26539221,27120
26579281,27160
26619341,27200
26659401,27240
26699461,27280
26739521,27320
26779581,27360
26819641,27400
26859701,27440
26899761,27480
26939821,27520
26979881,27560
27019941,27600
27060001,27640
27100061,27680
27140121,27720
27180181,27760
27220241,27800
27260301,27840
27300361,27880
27340421,27920
27380481,27960
27420541,28000
27460601,28040
27500665,28080
27537717,28118
27577766,28158
27617819,28198
27657872,28238
27697925,28278
27737980,28318
27778028,28358
27818065,28398
27858095,28438
27898128,28478
27938161,28518
27978191,28558
28018230,28598
28051679,28632
28091308,28672
28131363,28712
28171419,28752
28211473,28792
28251528,28832
28291582,28872
28331637,28912
28371690,28952
28411749,28992
28451809,29032
28491869,29072
28531929,29112
28571989,29152
28612049,29192
28652109,29232
28692169,29272
28732229,29312
28772289,29352
28812349,29392
28852409,29432
28892469,29472
28932529,29512
28972589,29552
29012649,29592
29052709,29632
29092769,29672
29132824,29712
29172880,29752
29212940,29792
29253000,29832
29293060,29872
29333120,29912
29373180,29952
29413240,29992
29453300,30032
29493360,30072
29533420,30112
29573480,30152
29613540,30192
29653600,30232
29693660,30272
29733720,30312
29773780,30352
29813840,30392
29853900,30432
29893960,30472
29934020,30512
29974080,30552
30011565,30590
30051196,30630
30091248,30670
30131300,30710
30171354,30750
30211405,30790
30251462,30830
30291519,30870
30331569,30910
30371604,30950
30411636,30990
30451672,31030
30491701,31070
30531730,31110
30564759,31144
30604808,31184
30644860,31224
30684915,31264
30724967,31304
30765022,31344
30805076,31384
30845129,31424
30885182,31464
30925242,31504
30965301,31544
31005361,31584
31045421,31624
31085481,31664
31125541,31704
31165601,31744
31205661,31784
31245721,31824
31285781,31864
31325841,31904
31365901,31944
31405962,31984
31446021,32024
31486081,32064
31526142,32104
31566201,32144
31606261,32184
31646321,32224
31686381,32264
31726441,32304
31766502,32344
31806561,32384
31846621,32424
31886682,32464
31926741,32504
31966801,32544
32006861,32584
32046921,32624
32086981,32664
32127041,32704
32167101,32744
32207162,32784
32247222,32824
32287281,32864
32327341,32904
32367401,32944
32407461,32984
32447521,33024
32487581,33064
32524644,33102
32564696,33142
32604749,33182
32644804,33222
32684857,33262
32724910,33302
32764963,33342
32805014,33382
32845050,33422
32885078,33462
32925108,33502
32965144,33542
33005173,33582
33045196,33622
33078230,33656
33118280,33696
33158334,33736
33198387,33776
33238441,33816
33278494,33856
33318550,33896
33358601,33936
33398657,33976
33438716,34016
33478776,34056
33518836,34096
33558896,34136
33598956,34176
33639016,34216
33679076,34256
33719136,34296
33759196,34336
33799256,34376
33839316,34416
33879376,34456
33919436,34496
33959496,34536
33999556,34576
34039616,34616
34079676,34656
34119736,34696
34159796,34736
34199856,34776
34239916,34816
34279976,34856
34320036,34896
34360096,34936
34400156,34976
34440217,35016
34480276,35056
34520336,35096
34560396,35136
34600456,35176
34640516,35216
34680576,35256
34720636,35296
34760696,35336
34800756,35376
34840816,35416
34880876,35456
34920936,35496
34960996,35536
35001060,35576
35038116,35614
35078168,35654
35118219,35694
35158269,35734
35198321,35774
35238374,35814
35278424,35854
35318478,35894
35358518,35934
35398552,35974
35438592,36014
35478635,36054
35518668,36094
35558702,36134
35591740,36168
35631793,36208
35671850,36248
35711907,36288
35751968,36328
35792023,36368
35832082,36408
35872138,36448
35912207,36488
35952275,36528
35992346,36568
36032414,36608
36072482,36648
36112551,36688
36152623,36728
36192690,36768
36232795,36808
36272876,36848
36312940,36888
36353000,36928
36393060,36968
36433120,37008
36473180,37048
36513243,37088
36553303,37128
36593363,37168
36633423,37208
36673483,37248
36713543,37288
36753603,37328
36793663,37368
36833723,37408
36873783,37448
36913843,37488
36953903,37528
36993963,37568
37034023,37608
37074083,37648
37114143,37688
37154203,37728
37194263,37768
37234323,37808
37274383,37848
37314443,37888
37354503,37928
37394563,37968
37434623,38008
37474683,38048
37514749,38088
37551800,38126
37591852,38166
37631905,38206
37671956,38246
37712009,38286
37752060,38326
37792112,38366
37832166,38406
37872197,38446
37912230,38486
37952261,38526
37992293,38566
38032324,38606
38065510,38640
38105395,38680
38145449,38720
38185501,38760
38225555,38800
38265608,38840
38305663,38880
38345717,38920
38385770,38960
38425829,39000
38465889,39040
38505949,39080
38546009,39120
38586069,39160
38626129,39200
38666189,39240
38706249,39280
38746310,39320
38786369,39360
38826429,39400
38866489,39440
38906549,39480
38946609,39520
38986669,39560
39026729,39600
39066789,39640
39106849,39680
39146909,39720
39186969,39760
39227029,39800
39267089,39840
39307149,39880
39347209,39920
39387269,39960
39427329,40000
39467389,40040
39507449,40080
39547509,40120
39587569,40160
39627629,40200
39667689,40240
39707749,40280
39747809,40320
39787869,40360
39827929,40400
39867989,40440
39908049,40480
39948109,40520
39988169,40560
40025407,40598
40065286,40638
40105337,40678
40145388,40718
40185443,40758
40225496,40798
40265551,40838
40305604,40878
40345641,40918
40385670,40958
40425707,40998
40465750,41038
40505783,41078
40545811,41118
40578839,41152
40618888,41192
40658943,41232
40698998,41272
40739052,41312
40779106,41352
40819162,41392
40859216,41432
40899272,41472
40939331,41512
40979391,41552
41019451,41592
41059511,41632
41099571,41672
41139630,41712
41179690,41752
41219750,41792
41259810,41832
41299870,41872
41339930,41912
41379990,41952
41420050,41992
41460110,42032
41500170,42072
41540230,42112
41580290,42152
41620350,42192
41660410,42232
41700470,42272
41740530,42312
41780594,42352
41820661,42392
41860729,42432
41900798,42472
41940865,42512
41980934,42552
42021002,42592
42061070,42632
42101138,42672
42141205,42712
42181273,42752
42221341,42792
42261409,42832
42301477,42872
42341545,42912
42381614,42952
42421682,42992
42461751,43032
42501821,43072
42538884,43110
42578942,43150
42618996,43190
42659047,43230
42699102,43270
42739154,43310
42779206,43350
42819255,43390
42859306,43430
42899336,43470
42939372,43510
42979410,43550
43019445,43590
43059475,43630
43092504,43664
43132557,43704
43172613,43744
43212668,43784
43252723,43824
43292780,43864
43332836,43904
43372891,43944
43412948,43984
43453008,44024
43493069,44064
43533128,44104
43573188,44144
43613248,44184
43653308,44224
43693368,44264
43733428,44304
43773488,44344
43813548,44384
43853608,44424
43893668,44464
43933728,44504
43973788,44544
44013848,44584
44053908,44624
44093968,44664
44134028,44704
44174088,44744
44214148,44784
44254208,44824
44294268,44864
44334328,44904
44374388,44944
44414448,44984
44454508,45024
44494568,45064
44534628,45104
44574688,45144
44614748,45184
44654808,45224
44694868,45264
44734928,45304
44774988,45344
44815048,45384
44855108,45424
44895168,45464
44935228,45504
44975288,45544
45015352,45584
45051405,45621
45091457,45661
45131508,45701
45171561,45741
45211612,45781
45251665,45821
45291719,45861
45331760,45901
45371786,45941
45411821,45981
45451863,46021
45491901,46061
45531937,46101
45570974,46140
45605013,46175
45645068,46215
45685123,46255
45725180,46295
45765234,46335
45805289,46375
45845343,46415
45885398,46455
45925456,46495
45965515,46535
46005575,46575
46045635,46615
46085696,46655
46125755,46695
46165815,46735
46205875,46775
46245936,46815
46285996,46855
46326055,46895
46366115,46935
46406176,46975
46446235,47015
46486295,47055
46526355,47095
46566416,47135
46606475,47175
46646535,47215
46686595,47255
46726656,47295
46766715,47335
46806775,47375
46846836,47415
46886896,47455
46926956,47495
46967015,47535
47007076,47575
47047136,47615
47087195,47655
47127255,47695
47167316,47735
47207376,47775
47247435,47815
47287495,47855
47327555,47895
47367616,47935
47407675,47975
47447735,48015
47487795,48055
47527860,48095
47564913,48133
47604964,48173
47645016,48213
47685068,48253
47725119,48293
47765173,48333
47805222,48373
47845272,48413
47885324,48453
47925355,48493
47965391,48533
48005421,48573
48045462,48613
48077814,48645
48108526,48677
48148581,48717
48188639,48757
48228696,48797
48268758,48837
48308814,48877
48348876,48917
48388935,48957
48429003,48997
48469071,49037
48509140,49077
48549209,49117
48589278,49157
48629348,49197
48669417,49237
48709486,49277
48749556,49317
48789625,49357
48829694,49397
48869764,49437
48909833,49477
48949902,49517
48989972,49557
49030041,49597
49070110,49637
49110180,49677
49150248,49717
49190317,49757
49230387,49797
49270457,49837
49310525,49877
49350595,49917
49390664,49957
49430733,49997
49470803,50037
49510872,50077
49550942,50117
49591012,50157
49631081,50197
49671149,50237
49711219,50277
49751289,50317
49791357,50357
49831428,50397
49871497,50437
49911566,50477
49951636,50517
49991705,50557
50031776,50597
50068830,50635
50108878,50675
50148932,50715
50188985,50755
50229038,50795
50269088,50835
50309138,50875
50349176,50915
50389212,50955
50429236,50995
50469268,51035
50509302,51075
50549332,51115
50582814,51149
50622405,51189
50662460,51229
50702514,51269
50742568,51309
50782622,51349
50822674,51389
50862731,51429
50902784,51469
50942843,51509
50982903,51549
51022963,51589
51063023,51629
51103083,51669
51143143,51709
51183203,51749
51223263,51789
51263323,51829
51303383,51869
51343443,51909
51383503,51949
51423563,51989
51463623,52029
51503683,52069
51543743,52109
51583803,52149
51623863,52189
51663923,52229
51703983,52269
51744043,52309
51784103,52349
51824163,52389
51864223,52429
51904283,52469
51944343,52509
51984403,52549
52024463,52589
52064523,52629
52104583,52669
52144643,52709
52184703,52749
52224763,52789
52264823,52829
52304883,52869
52344943,52909
52385003,52949
52425063,52989
52465123,53029
52505183,53069
52542695,53107
52582299,53147
52622350,53187
52662401,53227
52702454,53267
52742507,53307
52782559,53347
52822611,53387
52862662,53427
52902711,53467
52942744,53507
52982783,53547
53022822,53587
53062871,53627
53095901,53661
53135953,53701
53176006,53741
53216063,53781
53256115,53821
53296170,53861
53336223,53901
53376277,53941
53416333,53981
53456392,54021
53496452,54061
53536512,54101
53576572,54141
53616632,54181
53656692,54221
53696752,54261
53736812,54301
53776872,54341
53816932,54381
53856992,54421
53897052,54461
53937112,54501
53977172,54541
54017232,54581
54057292,54621
54097352,54661
54137412,54701
54177472,54741
54217532,54781
54257592,54821
54297652,54861
54337712,54901
54377772,54941
54417832,54981
54457892,55021
54497952,55061
54538012,55101
54578072,55141
54618132,55181
54658192,55221
54698252,55261
54738312,55301
54778372,55341
54818432,55381
54858492,55421
54898552,55461
54938612,55501
54978672,55541
55018732,55581
55055793,55619
55095846,55659
55135896,55699
55175949,55739
55216003,55779
55256056,55819
55296116,55859
55336149,55899
55376175,55939
55416206,55979
55456239,56019
55496276,56059
55536314,56099
55575025,56137
55609390,56173
55649445,56213
55689499,56253
55729553,56293
55769606,56333
55809661,56373
55849715,56413
55889767,56453
55929825,56493
55969884,56533
56009944,56573
56050004,56613
56090064,56653
56130124,56693
56170184,56733
56210244,56773
56250304,56813
56290364,56853
56330424,56893
56370484,56933
56410545,56973
56450605,57013
56490664,57053
56530724,57093
56570785,57133
56610844,57173
56650904,57213
56690964,57253
56731024,57293
56771084,57333
56811144,57373
56851204,57413
56891264,57453
56931324,57493
56971384,57533
57011444,57573
57051504,57613
57091564,57653
57131624,57693
57171684,57733
57211744,57773
57251804,57813
57291864,57853
57331924,57893
57371984,57933
57412044,57973
57452102,58013
57492146,58053
57532209,58093
57569264,58131
57609316,58171
57649370,58211
57689422,58251
57729474,58291
57769523,58331
57809576,58371
57849628,58411
57889682,58451
57929731,58491
57969760,58531
58009805,58571
58049841,58611
58088135,58649
58122903,58685
58162954,58725
58203011,58765
58243062,58805
58283117,58845
58323168,58885
58363224,58925
58403276,58965
58443331,59005
58483390,59045
58523450,59085
58563510,59125
58603570,59165
58643630,59205
58683690,59245
58723750,59285
58763810,59325
58803870,59365
58843930,59405
58883990,59445
58924050,59485
58964110,59525
59004170,59565
59044230,59605
59084290,59645
59124350,59685
59164410,59725
59204470,59765
59244530,59805
59284590,59845
59324650,59885
59364710,59925
59404770,59965
59444830,60005
59484890,60045
59524950,60085
59565010,60125
59605070,60165
59645130,60205
59685190,60245
59725250,60285
59765310,60325
59805370,60365
59845430,60405
59885490,60445
59925550,60485
59965610,60525
60005670,60565
60045735,60605
60082789,60643
60122839,60683
60162891,60723
60202946,60763
60243004,60803
60283056,60843
60323091,60883
60363124,60923
60403153,60963
60443187,61003
60483224,61043
60523255,61083
60563282,61123
60596720,61157
60636352,61197
60676406,61237
60716460,61277
60756514,61317
60796569,61357
60836621,61397
60876677,61437
60916729,61477
60956788,61517
60996848,61557
61036908,61597
61076968,61637
61117028,61677
61157088,61717
61197148,61757
61237208,61797
61277268,61837
61317328,61877
61357388,61917
61397448,61957
61437508,61997
61477568,62037
61517628,62077
61557688,62117
61597748,62157
61637808,62197
61677868,62237
61717929,62277
61757988,62317
61798048,62357
61838108,62397
61878169,62437
61918228,62477
61958288,62517
61998348,62557
62038408,62597
62078468,62637
62118528,62677
62158588,62717
62198648,62757
62238708,62797
62278768,62837
62318828,62877
62358888,62917
62398949,62957
62439009,62997
62479069,63037
62519129,63077
TS,5
40292,29922528
80360,29924710
120428,29926892
160496,29929074
200565,29931256
240633,29933438
280702,29935620
320770,29937802
360838,29939984
400906,29942166
440974,29944348
481042,29946530
521110,29948712
561178,29950894
601246,29953076
641314,29955258
681382,29957440
721451,29959622
761518,29961804
801587,29963986
841655,29966168
881724,29968350
921791,29970532
961861,29972714
1001926,29974896
1041994,29977078
1082063,29979260
1122130,29981442
1162198,29983624
1202266,29985806
1242335,29987988
1282403,29990170
1322470,29992352
1362539,29994534
1402607,29996716
1442674,29998898
1482742,30001080
1522810,30003262
1562879,30005444
1602947,30007626
1643015,30009808
1683083,30011990
1723152,30014172
1763220,30016354
1803288,30018536
1843356,30020718
1883425,30022900
1923492,30025082
1963561,30027264
2003629,30029446
2043696,30031628
2083764,30033810
2123832,30035992
2163900,30038174
2203968,30040356
2244035,30042538
2284104,30044720
2324171,30046902
2364240,30049084
2404309,30051266
2444376,30053448
2483449,30236154
2523503,30705489
2563553,31357381
2603605,32025760
2643661,32688886
2683712,33347353
2723762,33990978
2763812,34585963
2803863,35195595
2843902,35834938
2883936,36465399
2923975,37087753
2964004,37702155
3004039,38337079
3037066,38487540
3077112,38489722
3117168,38491904
3157220,38494086
3197274,38496268
3237327,38498450
3277382,38500632
3317436,38502814
3357490,38504996
3397543,38507178
3437596,38509360
3477654,38511542
3517714,38513724
3557774,38515906
3597834,38518088
3637894,38520270
3677954,38522452
3718014,38524634
3758074,38526816
3798134,38528998
3838194,38531180
3878254,38533362
3918314,38535544
3958374,38537726
3998434,38539908
4038493,38542090
4078553,38544272
4118614,38546454
4158673,38548636
4198733,38550818
4238793,38553000
4278854,38555182
4318913,38557364
4358973,38559546
4399033,38561728
4439094,38563910
4479153,38566092
4519213,38568274
4559273,38570456
4599334,38572638
4639393,38574820
4679453,38577002
4719513,38579184
4759574,38581366
4799633,38583548
4839693,38585730
4879753,38587912
4919814,38590094
4959878,38592276
4996933,38912559
5036986,39450654
5077038,40037516
5117091,40704710
5157145,41367017
5197196,42024367
5237249,42676171
5277302,43318330
5317354,43942598
5357388,44561590
5397420,45205383
5437444,45771143
5477476,46398508
5515590,47023532
5550556,47026095
5590610,47028277
5630663,47030459
5670717,47032641
5710772,47034823
5750825,47037005
5790880,47039187
5830932,47041369
5870990,47043551
5911050,47045733
5951110,47047915
5991170,47050097
6031230,47052279
6071290,47054461
6111350,47056643
6151410,47058825
6191470,47061007
6231530,47063189
6271590,47065371
6311650,47067553
6351710,47069735
6391770,47071917
6431830,47074099
6471890,47076281
6511950,47078463
6552010,47080645
6592070,47082827
6632130,47085009
6672190,47087191
6712250,47089373
6752310,47091555
6792371,47093737
6832431,47095919
6872490,47098101
6912550,47100283
6952610,47102465
6992670,47104647
7032730,47106829
7072790,47109011
7112850,47111193
7152910,47113375
7192964,47115557
7233023,47117739
7273095,47119921
7313164,47122103
7353235,47124285
7393300,47126467
7433365,47128649
7473438,47130831
7510491,47589025
7550549,48147836
7590600,48807526
7630653,49400408
7670706,50046119
7710759,50702762
7750811,51353851
7790843,52010947
7830878,52712802
7870906,53297732
7910942,53934543
7950981,54659189
7991018,55299831
8024045,55561981
8064108,55564659
8104163,55566841
8144218,55569023
8184272,55571205
8224328,55573387
8264383,55575569
8304437,55577751
8344492,55579933
8384551,55582115
8424611,55584297
8464671,55586479
8504730,55588661
8544791,55590843
8584851,55593025
8624911,55595207
8664970,55597389
8705031,55599571
8745091,55601753
8785151,55603935
8825210,55606117
8865271,55608299
8905331,55610481
8945391,55612663
8985450,55614845
9025511,55617027
9065571,55619209
9105631,55621391
9145690,55623573
9185751,55625755
9225811,55627937
9265871,55630119
9305930,55632301
9345991,55634483
9386051,55636665
9426111,55638847
9466170,55641029
9506231,55643211
9546291,55645393
9586351,55647575
9626410,55649757
9666471,55651939
9706531,55654121
9746591,55656303
9786650,55658485
9826711,55660667
9866771,55662849
9906831,55665031
9946890,55667213
9983930,55669279
10023005,56157593
10063055,56824953
10103110,57491982
10143162,58138449
10183214,58719529
10223265,59375599
10263317,60025317
10303370,60669336
10343412,61310541
10383449,61945330
10423493,62579289
10463533,63192251
10503559,63771650
10536591,64101110
10576639,64103292
10616696,64105474
10656749,64107656
10696803,64109838
10736858,64112020
10776914,64114202
10816967,64116384
10857022,64118566
10897081,64120748
10937141,64122930
10977201,64125112
11017261,64127294
11057321,64129476
11097381,64131658
11137441,64133840
11177501,64136022
11217561,64138204
11257621,64140386
11297681,64142568
11337741,64144750
11377801,64146932
11417861,64149114
11457921,64151296
11497981,64153478
11538041,64155660
11578101,64157842
11618161,64160024
11658221,64162206
11698281,64164388
11738341,64166570
11778401,64168752
11818461,64170934
11858521,64173116
11898581,64175298
11938641,64177480
11978701,64179662
12018761,64181844
12058821,64184026
12098881,64186208
12138941,64188390
12179001,64190572
12219061,64192754
12259121,64194936
12299181,64197118
12339241,64199300
12379301,64201482
12419361,64203664
12459421,64205846
12496482,64385448
12536536,64835835
12576588,65505493
12616639,66174009
12656692,66837319
12696746,67490095
12736797,68115640
12776845,68716761
12816874,69458072
12856906,70100987
12896939,70718307
12936966,71280890
12976996,71889286
13017037,72614778
13050070,72639673
13090125,72641855
13130180,72644037
13170239,72646219
13210294,72648401
13250354,72650583
13290411,72652765
13330468,72654947
13370524,72657129
13410584,72659311
13450644,72661493
13490703,72663675
13530764,72665857
13570823,72668039
13610883,72670221
13650943,72672403
13691004,72674585
13731063,72676767
13771123,72678949
13811183,72681131
13851244,72683313
13891304,72685495
13931364,72687677
13971424,72689859
14011484,72692041
14051544,72694223
14091604,72696405
14131664,72698587
14171724,72700769
14211784,72702951
14251844,72705133
14291904,72707315
14331964,72709497
14372024,72711679
14412084,72713861
14452144,72716043
14492204,72718225
14532264,72720407
14572324,72722589
14612384,72724771
14652444,72726953
14692504,72729135
14732564,72731317
14772624,72733499
14812684,72735681
14852744,72737863
14892804,72740045
14932864,72742227
14972928,72744409
15009983,73062211
15050036,73545410
15090089,74186658
15130140,74854024
15170192,75516320
15210246,76173826
15250297,76825918
15290350,77462617
15330400,78045373
15370430,78697025
15410465,79334667
15450498,79928047
15490531,80572589
15529116,81175665
15563603,81178228
15603658,81180410
15643711,81182592
15683767,81184774
15723823,81186956
15763877,81189138
15803932,81191320
15843985,81193502
15884043,81195684
15924104,81197866
15964163,81200048
16004223,81202230
16044283,81204412
16084344,81206594
16124403,81208776
16164463,81210958
16204524,81213140
16244584,81215322
16284643,81217504
16324703,81219686
16364764,81221868
16404824,81224050
16444883,81226232
16484943,81228414
16525003,81230596
16565064,81232778
16605123,81234960
16645183,81237142
16685243,81239324
16725304,81241506
16765363,81243688
16805423,81245870
16845483,81248052
16885544,81250234
16925603,81252416
16965663,81254598
17005723,81256780
17045784,81258962
17085843,81261144
17125903,81263326
17165963,81265508
17206024,81267690
17246084,81269872
17286143,81272054
17326203,81274236
17366264,81276418
17406323,81278600
17446383,81280782
17486449,81282964
17523503,81738612
17563552,82293807
17603604,82922318
17643655,83533887
17683708,84195387
17723763,84851821
17763813,85502147
17803852,86154885
17843878,86797471
17883907,87432738
17923937,88067433
17963975,88710435
18004006,89335844
18037840,89714154
18077081,89716793
18117136,89718975
18157191,89721157
18197245,89723339
18237301,89725521
18277357,89727703
18317413,89729885
18357468,89732067
18397526,89734249
18437586,89736431
18477646,89738613
18517706,89740795
18557766,89742977
18597826,89745159
18637886,89747341
18677946,89749523
18718006,89751705
18758070,89753887
18798139,89756069
18838208,89758251
18878275,89760433
18918344,89762615
18958411,89764797
18998479,89766979
19038547,89769161
19078614,89771343
19118683,89773525
19158750,89775707
19198819,89777889
19238886,89780071
19278955,89782253
19319023,89784435
19359091,89786617
19399161,89788799
19439227,89790981
19479296,89793163
19519365,89795345
19559432,89797527
19599501,89799709
19639569,89801891
19679636,89804073
19719703,89806255
19759773,89808437
19799840,89810619
19839908,89812801
19879977,89814983
19920044,89817165
19960112,89819347
19997644,89821454
20037240,90311098
20077291,90979232
20117342,91645770
20157396,92293970
20197447,92878141
20237497,93528001
20277550,94177589
20317600,94821447
20357642,95463226
20397677,96100761
20437715,96734092
20477754,97346215
20517782,97959632
20550808,98253283
20590854,98255465
20630907,98257647
20670960,98259829
20711014,98262011
20751067,98264193
20791122,98266375
20831177,98268557
20871232,98270739
20911291,98272921
20951351,98275103
20991411,98277285
21031472,98279467
21071531,98281649
21111591,98283831
21151651,98286013
21191711,98288195
21231771,98290377
21271831,98292559
21311891,98294741
21351951,98296923
21392011,98299105
21432071,98301287
21472131,98303469
21512191,98305651
21552251,98307833
21592311,98310015
21632371,98312197
21672431,98314379
21712491,98316561
21752551,98318743
21792611,98320925
21832671,98323107
21872731,98325289
21912791,98327471
21952851,98329653
21992911,98331835
22032971,98334017
22073031,98336199
22113091,98338381
22153150,98340563
22193201,98342745
22233257,98344927
22273313,98347109
22313370,98349291
22353424,98351473
22393478,98353655
22433530,98355837
22473590,98358019
22510650,98539016
22550702,98989251
22590753,99659548
22630804,100328034
22670859,100991060
22710911,101649131
22750963,102287579
22791017,102861644
22831046,103610075
22871078,104253914
22911117,104900803
22951150,105528156
22991186,106165686
23031211,106785626
23064249,106791972
23104299,106794154
23144354,106796336
23184405,106798518
23224462,106800700
23264516,106802882
23304572,106805064
23344625,106807246
23384682,106809428
23424742,106811610
23464801,106813792
23504861,106815974
23544921,106818156
23584982,106820338
23625041,106822520
23665101,106824702
23705161,106826884
23745222,106829066
23785281,106831248
23825341,106833430
23865401,106835612
23905462,106837794
23945521,106839976
23985581,106842158
24025641,106844340
24065702,106846522
24105761,106848704
24145821,106850886
24185881,106853068
24225942,106855250
24266001,106857432
24306061,106859614
24346122,106861796
24386182,106863978
24426241,106866160
24466301,106868342
24506361,106870524
24546422,106872706
24586481,106874888
24626541,106877070
24666601,106879252
24706665,106881434
24746734,106883616
24786802,106885798
24826873,106887980
24866942,106890162
24907010,106892344
24947081,106894526
24987154,106896708
25024215,107215911
25064270,107737884
25104321,108340883
25144376,109008217
25184428,109670702
25224481,110328098
25264533,110980174
25304586,111620932
25344629,112263093
25384661,112907138
25424690,113554265
25464725,114194610
25504756,114815618
25537825,115327769
25577829,115330653
25617880,115332835
25657936,115335017
25697989,115337199
25738043,115339381
25778098,115341563
25818152,115343745
25858204,115345927
25898261,115348109
25938321,115350291
25978381,115352473
26018441,115354655
26058501,115356837
26098561,115359019
26138621,115361201
26178681,115363383
26218741,115365565
26258801,115367747
26298861,115369929
26338921,115372111
26378981,115374293
26419041,115376475
26459101,115378657
26499161,115380839
26539221,115383021
26579281,115385203
26619341,115387385
26659401,115389567
26699461,115391749
26739521,115393931
26779581,115396113
26819641,115398295
26859701,115400477
26899761,115402659
26939821,115404841
26979881,115407023
27019941,115409205
27060001,115411387
27100061,115413569
27140121,115415751
27180181,115417933
27220241,115420115
27260301,115422297
27300361,115424479
27340421,115426661
27380481,115428843
27420541,115431025
27460601,115433207
27500666,115435389
27537718,115892206
27577767,116450708
27617819,117099677
27657873,117687492
27697926,118349251
27737981,119005830
27778029,119656273
27818066,120310586
27858095,120955514
27898128,121588580
27938162,122223732
27978192,122852923
28018231,123475794
28051680,123866573
28091309,123869212
28131364,123871394
28171419,123873576
28211474,123875758
28251529,123877940
28291582,123880122
28331638,123882304
28371690,123884486
28411749,123886668
28451809,123888850
28491869,123891032
28531929,123893214
28571989,123895396
28612049,123897578
28652109,123899760
28692169,123901942
28732229,123904124
28772289,123906306
28812349,123908488
28852409,123910670
28892469,123912852
28932529,123915034
28972589,123917216
29012649,123919398
29052709,123921580
29092769,123923762
29132824,123925944
29172880,123928126
29212940,123930308
29253000,123932490
29293060,123934672
29333120,123936854
29373180,123939036
29413240,123941218
29453300,123943400
29493360,123945582
29533420,123947764
29573480,123949946
29613540,123952128
29653600,123954310
29693660,123956492
29733720,123958674
29773780,123960856
29813840,123963038
29853900,123965220
29893960,123967402
29934020,123969584
29974080,123971766
30011566,123973873
30051197,124465293
30091249,125131766
30131301,125799205
30171355,126449826
30211406,127041098
30251463,127681186
30291520,128330998
30331570,128974440
30371604,129619328
30411636,130260263
30451672,130901289
30491702,131529736
30531731,132149106
30564760,132405589
30604809,132407771
30644860,132409953
30684915,132412135
30724967,132414317
30765022,132416499
30805077,132418681
30845130,132420863
30885183,132423045
30925242,132425227
30965301,132427409
31005361,132429591
31045421,132431773
31085482,132433955
31125541,132436137
31165601,132438319
31205661,132440501
31245722,132442683
31285781,132444865
31325841,132447047
31365902,132449229
31405962,132451411
31446022,132453593
31486081,132455775
31526142,132457957
31566202,132460139
31606261,132462321
31646321,132464503
31686381,132466685
31726442,132468867
31766502,132471049
31806561,132473231
31846622,132475413
31886682,132477595
31926742,132479777
31966801,132481959
32006861,132484141
32046922,132486323
32086981,132488505
32127041,132490687
32167102,132492869
32207162,132495051
32247222,132497233
32287281,132499415
32327341,132501597
32367402,132503779
32407461,132505961
32447521,132508143
32487581,132510325
32524645,132691874
32564697,133141701
32604750,133812613
32644804,134481188
32684858,135144320
32724911,135802788
32764963,136446646
32805015,137022932
32845050,137746843
32885078,138390915
32925109,139007004
32965145,139659913
33005174,140258097
33045197,140818180
33078230,140944146
33118280,140946328
33158334,140948510
33198388,140950692
33238442,140952874
33278495,140955056
33318551,140957238
33358602,140959420
33398657,140961602
33438716,140963784
33478777,140965966
33518836,140968148
33558896,140970330
33598956,140972512
33639017,140974694
33679076,140976876
33719136,140979058
33759196,140981240
33799257,140983422
33839316,140985604
33879376,140987786
33919436,140989968
33959497,140992150
33999556,140994332
34039616,140996514
34079676,140998696
34119737,141000878
34159796,141003060
34199856,141005242
34239916,141007424
34279977,141009606
34320036,141011788
34360096,141013970
34400156,141016152
34440217,141018334
34480276,141020516
34520336,141022698
34560396,141024880
34600457,141027062
34640516,141029244
34680576,141031426
34720636,141033608
34760697,141035790
34800756,141037972
34840816,141040154
34880876,141042336
34920937,141044518
34960996,141046700
35001061,141048882
35038116,141368220
35078169,141895316
35118219,142491939
35158270,143159391
35198322,143821853
35238375,144479425
35278425,145131193
35318479,145767170
35358519,146426801
35398553,147056955
35438593,147666849
35478636,148296338
35518669,148852583
35558702,149480477
35591740,149484709
35631794,149486891
35671851,149489073
35711907,149491255
35751968,149493437
35792024,149495619
35832083,149497801
35872139,149499983
35912207,149502165
35952275,149504347
35992346,149506529
36032414,149508711
36072483,149510893
36112552,149513075
36152623,149515257
36192690,149517439
36232795,149519621
36272876,149521803
36312940,149523985
36353001,149526167
36393060,149528349
36433120,149530531
36473181,149532713
36513243,149534895
36553303,149537077
36593363,149539259
36633423,149541441
36673483,149543623
36713543,149545805
36753603,149547987
36793663,149550169
36833723,149552351
36873783,149554533
36913843,149556715
36953903,149558897
36993963,149561079
37034023,149563261
37074083,149565443
37114143,149567625
37154203,149569807
37194263,149571989
37234323,149574171
37274383,149576353
37314443,149578535
37354503,149580717
37394563,149582899
37434623,149585081
37474683,149587263
37514750,149589445
37551801,150047061
37591853,150605780
37631905,151261905
37671957,151852872
37712010,152504246
37752061,153160789
37792112,153811659
37832166,154456586
37872197,155101806
37912231,155741419
37952262,156381302
37992293,157013846
38032325,157633465
38065511,158020627
38105396,158023266
38145450,158025448
38185502,158027630
38225556,158029812
38265609,158031994
38305663,158034176
38345718,158036358
38385770,158038540
38425830,158040722
38465889,158042904
38505949,158045086
38546009,158047268
38586070,158049450
38626129,158051632
38666189,158053814
38706250,158055996
38746310,158058178
38786370,158060360
38826429,158062542
38866489,158064724
38906550,158066906
38946609,158069088
38986669,158071270
39026729,158073452
39066790,158075634
39106849,158077816
39146909,158079998
39186969,158082180
39227029,158084362
39267089,158086544
39307149,158088726
39347209,158090908
39387269,158093090
39427329,158095272
39467389,158097454
39507449,158099636
39547509,158101818
39587569,158104000
39627629,158106182
39667689,158108364
39707749,158110546
39747809,158112728
39787869,158114910
39827929,158117092
39867989,158119274
39908049,158121456
39948109,158123638
39988169,158125820
40025407,158127927
40065287,158631752
40105338,159286677
40145389,159955946
40185444,160615160
40225496,161257674
40265552,161837898
40305605,162487531
40345641,163141680
40385671,163870376
40425708,164532025
40465751,165172489
40505783,165791247
40545812,166396535
40578840,166559649
40618888,166561831
40658944,166564013
40698998,166566195
40739052,166568377
40779107,166570559
40819163,166572741
40859217,166574923
40899272,166577105
40939331,166579287
40979391,166581469
41019451,166583651
41059511,166585833
41099571,166588015
41139631,166590197
41179690,166592379
41219750,166594561
41259810,166596743
41299871,166598925
41339930,166601107
41379990,166603289
41420050,166605471
41460111,166607653
41500170,166609835
41540230,166612017
41580290,166614199
41620351,166616381
41660410,166618563
41700470,166620745
41740530,166622927
41780594,166625109
41820661,166627291
41860729,166629473
41900798,166631655
41940866,166633837
41980934,166636019
42021002,166638201
42061071,166640383
42101138,166642565
42141205,166644747
42181273,166646929
42221341,166649111
42261409,166651293
42301477,166653475
42341545,166655657
42381614,166657839
42421683,166660021
42461751,166662203
42501821,166664385
42538885,166847325
42578943,167326721
42618997,167968294
42659048,168636660
42699102,169299940
42739155,169958415
42779207,170603640
42819256,171206661
42859307,171807193
42899336,172450997
42939373,173085249
42979410,173717149
43019445,174334036
43059476,174954072
43092505,175098321
43132558,175100503
43172613,175102685
43212669,175104867
43252723,175107049
43292781,175109231
43332837,175111413
43372891,175113595
43412948,175115777
43453008,175117959
43493069,175120141
43533129,175122323
43573188,175124505
43613248,175126687
43653308,175128869
43693368,175131051
43733428,175133233
43773488,175135415
43813548,175137597
43853608,175139779
43893668,175141961
43933728,175144143
43973788,175146325
44013848,175148507
44053908,175150689
44093968,175152871
44134028,175155053
44174088,175157235
44214148,175159417
44254208,175161599
44294268,175163781
44334328,175165963
44374388,175168145
44414448,175170327
44454508,175172509
44494568,175174691
44534628,175176873
44574688,175179055
44614748,175181237
44654808,175183419
44694868,175185601
44734928,175187783
44774988,175189965
44815049,175192147
44855108,175194329
44895168,175196511
44935228,175198693
44975288,175200875
45015353,175203057
45051406,175520443
45091458,175998256
45131509,176644893
45171562,177312215
45211613,177974594
45251666,178631916
45291719,179283430
45331761,179937184
45371787,180592149
45411821,181232023
45451864,181877523
45491902,182510388
45531937,183141058
45570975,183634405
45605014,183636844
45645068,183639026
45685123,183641208
45725180,183643390
45765235,183645572
45805289,183647754
45845344,183649936
45885398,183652118
45925456,183654300
45965515,183656482
46005575,183658664
46045635,183660846
46085696,183663028
46125755,183665210
46165815,183667392
46205875,183669574
46245936,183671756
46285996,183673938
46326055,183676120
46366115,183678302
46406176,183680484
46446235,183682666
46486295,183684848
46526355,183687030
46566416,183689212
46606475,183691394
46646535,183693576
46686595,183695758
46726656,183697940
46766715,183700122
46806775,183702304
46846836,183704486
46886896,183706668
46926956,183708850
46967015,183711032
47007076,183713214
47047136,183715396
47087195,183717578
47127255,183719760
47167316,183721942
47207376,183724124
47247435,183726306
47287495,183728488
47327555,183730670
47367616,183732852
47407675,183735034
47447735,183737216
47487795,183739398
47527861,183741580
47564914,184195831
47604964,184750424
47645016,185329978
47685069,185989991
47725120,186651406
47765173,187307922
47805222,187958915
47845273,188604174
47885325,189234162
47925356,189790455
47965391,190407079
48005421,191035847
48045463,191673327
48077814,192172591
48108527,192174990
48148581,192177172
48188639,192179354
48228697,192181536
48268759,192183718
48308815,192185900
48348877,192188082
48388936,192190264
48429003,192192446
48469072,192194628
48509140,192196810
48549209,192198992
48589278,192201174
48629348,192203356
48669417,192205538
48709486,192207720
48749556,192209902
48789625,192212084
48829694,192214266
48869764,192216448
48909833,192218630
48949902,192220812
48989972,192222994
49030041,192225176
49070110,192227358
49110180,192229540
49150248,192231722
49190317,192233904
49230387,192236086
49270457,192238268
49310526,192240450
49350595,192242632
49390665,192244814
49430733,192246996
49470803,192249178
49510873,192251360
49550942,192253542
49591012,192255724
49631081,192257906
49671150,192260088
49711219,192262270
49751289,192264452
49791358,192266634
49831428,192268816
49871497,192270998
49911566,192273180
49951636,192275362
49991705,192277544
50031777,192279726
50068831,192736455
50108879,193295078
50148932,193944638
50188985,194531829
50229039,195193626
50269089,195850239
50309138,196501505
50349176,197158576
50389212,197860515
50429236,198448007
50469268,199069534
50509303,199704669
50549333,200330271
50582815,200710916
50622406,200713555
50662460,200715737
50702515,200717919
50742568,200720101
50782622,200722283
50822675,200724465
50862731,200726647
50902784,200728829
50942843,200731011
50982903,200733193
51022963,200735375
51063023,200737557
51103083,200739739
51143143,200741921
51183203,200744103
51223263,200746285
51263323,200748467
51303383,200750649
51343443,200752831
51383503,200755013
51423563,200757195
51463623,200759377
51503683,200761559
51543743,200763741
51583803,200765923
51623863,200768105
51663923,200770287
51703983,200772469
51744043,200774651
51784103,200776833
51824163,200779015
51864223,200781197
51904283,200783379
51944343,200785561
51984403,200787743
52024463,200789925
52064523,200792107
52104583,200794289
52144643,200796471
52184703,200798653
52224763,200800835
52264823,200803017
52304883,200805199
52344943,200807381
52385003,200809563
52425063,200811745
52465123,200813927
52505183,200816109
52542696,200818216
52582300,201307860
52622351,201976099
52662401,202645084
52702455,203300098
52742507,203918525
52782560,204527166
52822611,205176721
52862662,205820823
52902712,206459986
52942745,207095367
52982783,207732571
53022823,208367927
53062872,209073259
53095902,209250056
53135954,209252238
53176006,209254420
53216064,209256602
53256116,209258784
53296170,209260966
53336223,209263148
53376277,209265330
53416333,209267512
53456392,209269694
53496452,209271876
53536512,209274058
53576572,209276240
53616632,209278422
53656692,209280604
53696752,209282786
53736812,209284968
53776872,209287150
53816932,209289332
53856992,209291514
53897052,209293696
53937112,209295878
53977172,209298060
54017232,209300242
54057292,209302424
54097352,209304606
54137412,209306788
54177472,209308970
54217532,209311152
54257592,209313334
54297652,209315516
54337712,209317698
54377772,209319880
54417832,209322062
54457892,209324244
54497952,209326426
54538012,209328608
54578072,209330790
54618132,209332972
54658192,209335154
54698252,209337336
54738312,209339518
54778372,209341700
54818432,209343882
54858492,209346064
54898552,209348246
54938612,209350428
54978672,209352610
55018732,209354792
55055794,209536331
55095847,209986620
55135897,210657256
55175949,211325680
55216004,211988903
55256057,212647276
55296117,213290040
55336150,213961811
55376176,214615387
55416206,215251269
55456240,215886357
55496277,216520203
55536315,217157480
55575025,217786059
55609390,217788622
55649446,217790804
55689499,217792986
55729554,217795168
55769607,217797350
55809662,217799532
55849715,217801714
55889767,217803896
55929825,217806078
55969885,217808260
56009945,217810442
56050005,217812624
56090065,217814806
56130125,217816988
56170185,217819170
56210245,217821352
56250305,217823534
56290365,217825716
56330424,217827898
56370484,217830080
56410545,217832262
56450605,217834444
56490665,217836626
56530725,217838808
56570785,217840990
56610844,217843172
56650904,217845354
56690964,217847536
56731024,217849718
56771084,217851900
56811144,217854082
56851204,217856264
56891264,217858446
56931324,217860628
56971384,217862810
57011444,217864992
57051504,217867174
57091564,217869356
57131624,217871538
57171684,217873720
57211744,217875902
57251804,217878084
57291864,217880266
57331924,217882448
57371984,217884630
57412044,217886812
57452102,217888994
57492146,217891176
57532209,217893358
57569264,218212550
57609317,218736407
57649371,219334451
57689423,220001968
57729474,220664487
57769524,221321855
57809577,221973699
57849629,222605062
57889682,223166596
57929731,223801455
57969760,224441879
58009805,225167235
58049842,225799241
58088136,226324614
58122903,226327177
58162955,226329359
58203011,226331541
58243063,226333723
58283117,226335905
58323169,226338087
58363225,226340269
58403277,226342451
58443331,226344633
58483390,226346815
58523451,226348997
58563510,226351179
58603570,226353361
58643630,226355543
58683691,226357725
58723750,226359907
58763810,226362089
58803870,226364271
58843931,226366453
58883990,226368635
58924050,226370817
58964110,226372999
59004171,226375181
59044230,226377363
59084290,226379545
59124350,226381727
59164411,226383909
59204470,226386091
59244530,226388273
59284590,226390455
59324651,226392637
59364710,226394819
59404770,226397001
59444830,226399183
59484891,226401365
59524950,226403547
59565010,226405729
59605070,226407911
59645131,226410093
59685190,226412275
59725250,226414457
59765310,226416639
59805371,226418821
59845430,226421003
59885490,226423185
59925550,226425367
59965611,226427549
60005670,226429731
60045735,226431913
60082789,226888852
60122839,227447423
60162892,228098731
60202946,228684016
60243004,229346170
60283057,230002632
60323092,230718031
60363124,231416552
60403154,232059790
60443187,232678912
60483224,233244137
60523255,233859068
60563283,234480589
60596721,234863099
60636353,234865738
60676407,234867920
60716461,234870102
60756515,234872284
60796569,234874466
60836622,234876648
60876677,234878830
60916730,234881012
60956788,234883194
60996848,234885376
61036908,234887558
61076969,234889740
61117028,234891922
61157088,234894104
61197148,234896286
61237209,234898468
61277268,234900650
61317328,234902832
61357388,234905014
61397449,234907196
61437508,234909378
61477568,234911560
61517628,234913742
61557689,234915924
61597748,234918106
61637808,234920288
61677868,234922470
61717929,234924652
61757988,234926834
61798048,234929016
61838108,234931198
61878169,234933380
61918228,234935562
61958288,234937744
61998348,234939926
62038409,234942108
62078469,234944290
62118528,234946472
62158589,234948654
62198649,234950836
62238708,234953018
62278768,234955200
62318828,234957382
62358889,234959564
62398949,234961746
62439009,234963928
62479069,234966110
62519129,234968292
CPU3
TS,0
39287,1205704448
79355,1205704448
119423,1205704448
159491,1205704448
199560,1205704448
239628,1205704448
279697,1205704448
319765,1205704448
359833,1205704448
399901,1205704448
439969,1205704448
480037,1205704448
520106,1205704448
560173,1205704448
600241,1205704448
640309,1205704448
680377,1205704448
720446,1205704448
760513,1205704448
800582,1205704448
840650,1205704448
880718,1205704448
920786,1205704448
960854,1205704448
1000922,1205704448
1040989,1205704448
1081058,1205704448
1121125,1205704448
1161194,1205704448
1201262,1205704448
1241330,1205704448
1281398,1205704448
1321465,1205704448
1361534,1205704448
1401602,1205704448
1441670,1205704448
1481738,1205704448
1521806,1205704448
1561874,1205704448
1601942,1205704448
1642010,1205704448
1682078,1205704448
1722147,1205704448
1762215,1205704448
1802283,1205704448
1842351,1205704448
1882420,1205704448
1922488,1205704448
1962556,1205704448
2002624,1205704448
2042691,1205704448
2082759,1205704448
2122827,1205704448
2162895,1205704448
2202963,1205704448
2243031,1205704448
2283099,1205704448
2323167,1205704448
2363235,1205704448
2403303,1205704448
2443371,1205704448
2483437,1205704448
2522497,1202128120
2562566,1202128120
2602630,1202128120
2642694,1202128120
2682759,1202128120
2722827,1202128120
2762893,1202128120
2802951,1202128120
2842999,1202128120
2883039,1202128120
2923080,1202128120
2963112,1202128120
3003153,1202128120
3043182,1202128120
3076220,1205704448
3116283,1205704448
3156344,1205704448
3196406,1205704448
3236467,1205704448
3276529,1205704448
3316592,1205704448
3356659,1205704448
3396729,1205704448
3436800,1205704448
3476870,1205704448
3516937,1205704448
3557005,1205704448
3597073,1205704448
3637141,1205704448
3677209,1205704448
3717277,1205704448
3757345,1205704448
3797413,1205704448
3837481,1205704448
3877549,1205704448
3917617,1205704448
3957685,1205704448
3997753,1205704448
4037821,1205704448
4077889,1205704448
4117957,1205704448
4158025,1205704448
4198093,1205704448
4238161,1205704448
4278229,1205704448
4318297,1205704448
4358365,1205704448
4398433,1205704448
4438501,1205704448
4478569,1205704448
4518637,1205704448
4558705,1205704448
4598773,1205704448
4638841,1205704448
4678909,1205704448
4718977,1205704448
4759045,1205704448
4799113,1205704448
4839181,1205704448
4879249,1205704448
4919317,1205704448
4959387,1205704448
4996025,1202259928
5035506,1202128120
5075572,1202128120
5115639,1202128120
5155703,1202128120
5195771,1202128120
5235837,1202128120
5275903,1202128120
5315971,1202128120
5356007,1202128120
5396041,1202128120
5436071,1202128120
5476106,1202128120
5516152,1202128120
5550652,1205704448
5590232,1205704448
5630293,1205704448
5670353,1205704448
5710412,1205704448
5750473,1205704448
5790533,1205704448
5830593,1205704448
5870661,1205704448
5910730,1205704448
5950799,1205704448
5990868,1205704448
6030937,1205704448
6071006,1205704448
6111075,1205704448
6151145,1205704448
6191214,1205704448
6231283,1205704448
6271353,1205704448
6311422,1205704448
6351491,1205704448
6391561,1205704448
6431630,1205704448
6471699,1205704448
6511769,1205704448
6551838,1205704448
6591907,1205704448
6631977,1205704448
6672046,1205704448
6712115,1205704448
6752185,1205704448
6792254,1205704448
6832323,1205704448
6872393,1205704448
6912462,1205704448
6952531,1205704448
6992601,1205704448
7032669,1205704448
7072739,1205704448
7112808,1205704448
7152877,1205704448
7192948,1205704448
7233018,1205704448
7273089,1205704448
7313159,1205704448
7353230,1205704448
7393293,1205704448
7433359,1205704448
7473426,1205704448
7509479,1205704448
7549545,1202128120
7589612,1202128120
7629679,1202128120
7669746,1202128120
7709808,1202128120
7749877,1202128120
7789920,1202128120
7829953,1202128120
7869986,1202128120
7910024,1202128120
7950069,1202128120
7990116,1202128120
8030155,1202128120
8064198,1205704448
8104257,1205704448
8144319,1205704448
8184380,1205704448
8224440,1205704448
8264500,1205704448
8304562,1205704448
8344626,1205704448
8384694,1205704448
8424762,1205704448
8464830,1205704448
8504898,1205704448
8544966,1205704448
8585034,1205704448
8625102,1205704448
8665170,1205704448
8705238,1205704448
8745306,1205704448
8785374,1205704448
8825442,1205704448
8865510,1205704448
8905578,1205704448
8945646,1205704448
8985714,1205704448
9025782,1205704448
9065850,1205704448
9105918,1205704448
9145986,1205704448
9186054,1205704448
9226122,1205704448
9266190,1205704448
9306258,1205704448
9346326,1205704448
9386394,1205704448
9426462,1205704448
9466530,1205704448
9506598,1205704448
9546666,1205704448
9586734,1205704448
9626802,1205704448
9666870,1205704448
9706938,1205704448
9747006,1205704448
9787074,1205704448
9827142,1205704448
9867210,1205704448
9907278,1205704448
9947346,1205704448
9987415,1205704448
10022467,1202128120
10062530,1202128120
10102596,1202128120
10142661,1202128120
10182730,1202128120
10222793,1202128120
10262858,1202128120
10302921,1202128120
10342976,1202128120
10383015,1202128120
10423057,1202128120
10463098,1202128120
10503129,1202128120
10543166,1202128120
10583204,1205704448
10623264,1205704448
10663323,1205704448
10703384,1205704448
10743441,1205704448
10783502,1205704448
10823561,1205704448
10863627,1205704448
10903695,1205704448
10943763,1205704448
10983831,1205704448
11023899,1205704448
11063966,1205704448
11104033,1205704448
11144100,1205704448
11184167,1205704448
11224234,1205704448
11264301,1205704448
11304368,1205704448
11344435,1205704448
11384502,1205704448
11424569,1205704448
11464636,1205704448
11504703,1205704448
11544770,1205704448
11584838,1205704448
11624905,1205704448
11664972,1205704448
11705039,1205704448
11745106,1205704448
11785173,1205704448
11825240,1205704448
11865307,1205704448
11905374,1205704448
11945441,1205704448
11985508,1205704448
12025575,1205704448
12065642,1205704448
12105708,1205704448
12145775,1205704448
12185843,1205704448
12225910,1205704448
12265977,1205704448
12306044,1205704448
12346111,1205704448
12386178,1205704448
12426245,1205704448
12466312,1205704448
12506376,1205704448
12546439,1202128120
12586508,1202128120
12626575,1202128120
12666640,1202128120
12706705,1202128120
12746772,1202128120
12786822,1202128120
12826851,1202128120
12866890,1202128120
12906927,1202128120
12946956,1202128120
12986991,1202128120
13027032,1202128120
13059100,1205704448
13099117,1205704448
13139178,1205704448
13179242,1205704448
13219303,1205704448
13259367,1205704448
13299430,1205704448
13339493,1205704448
13379560,1205704448
13419629,1205704448
13459697,1205704448
13499764,1205704448
13539833,1205704448
13579900,1205704448
13619968,1205704448
13660037,1205704448
13700105,1205704448
13740173,1205704448
13780240,1205704448
13820308,1205704448
13860377,1205704448
13900444,1205704448
13940512,1205704448
13980581,1205704448
14020649,1205704448
14060716,1205704448
14100784,1205704448
14140852,1205704448
14180920,1205704448
14220988,1205704448
14261056,1205704448
14301124,1205704448
14341192,1205704448
14381260,1205704448
14421328,1205704448
14461396,1205704448
14501464,1205704448
14541532,1205704448
14581600,1205704448
14621668,1205704448
14661736,1205704448
14701804,1205704448
14741872,1205704448
14781940,1205704448
14822009,1205704448
14862077,1205704448
14902145,1205704448
14942213,1205704448
14982282,1205704448
15019336,1205704448
15059400,1202128120
15099464,1202128120
15139531,1202128120
15179596,1202128120
15219661,1202128120
15259729,1202128120
15299796,1202128120
15339855,1202128120
15379891,1202128120
15419924,1202128120
15459957,1202128120
15499994,1202128120
15540035,1202128120
15579083,1205704448
15619142,1205704448
15659203,1205704448
15699261,1205704448
15739320,1205704448
15779379,1205704448
15819437,1205704448
15859501,1205704448
15899568,1205704448
15939635,1205704448
15979702,1205704448
16019769,1205704448
16059836,1205704448
16099903,1205704448
16139970,1205704448
16180037,1205704448
16220104,1205704448
16260171,1205704448
16300238,1205704448
16340305,1205704448
16380372,1205704448
16420439,1205704448
16460507,1205704448
16500574,1205704448
16540641,1205704448
16580708,1205704448
16620775,1205704448
16660842,1205704448
16700909,1205704448
16740976,1205704448
16781043,1205704448
16821110,1205704448
16861177,1205704448
16901244,1205704448
16941311,1205704448
16981378,1205704448
17021445,1205704448
17061512,1205704448
17101580,1205704448
17141648,1205704448
17181716,1205704448
17221784,1205704448
17261852,1205704448
17301920,1205704448
17341988,1205704448
17382056,1205704448
17422124,1205704448
17462192,1205704448
17502259,1205704448
17533303,1202128120
17573373,1202128120
17613439,1202128120
17653507,1202128120
17693573,1202128120
17733640,1202128120
17773705,1202128120
17813740,1202128120
17853769,1202128120
17893803,1202128120
17933837,1202128120
17973879,1202128120
18013909,1202128120
18053942,1202128120
18092981,1205704448
18133043,1205704448
18173104,1205704448
18213166,1205704448
18253227,1205704448
18293289,1205704448
18333350,1205704448
18373414,1205704448
18413483,1205704448
18453550,1205704448
18493619,1205704448
18533687,1205704448
18573755,1205704448
18613823,1205704448
18653891,1205704448
18693959,1205704448
18734027,1205704448
18774095,1205704448
18814163,1205704448
18854231,1205704448
18894299,1205704448
18934367,1205704448
18974435,1205704448
19014503,1205704448
19054570,1205704448
19094638,1205704448
19134706,1205704448
19174775,1205704448
19214843,1205704448
19254911,1205704448
19294979,1205704448
19335047,1205704448
19375115,1205704448
19415183,1205704448
19455252,1205704448
19495320,1205704448
19535388,1205704448
19575456,1205704448
19615524,1205704448
19655592,1205704448
19695660,1205704448
19735728,1205704448
19775796,1205704448
19815864,1205704448
19855932,1205704448
19896000,1205704448
19936068,1205704448
19976136,1205704448
20016200,1205704448
20056268,1202128120
20096330,1202128120
20136394,1202128120
20176461,1202128120
20216527,1202128120
20256593,1202128120
20296657,1202128120
20336721,1202128120
20376755,1202128120
20416796,1202128120
20456838,1202128120
20496876,1202128120
20536910,1202128120
20572183,1205704448
20611994,1205704448
20652056,1205704448
20692117,1205704448
20732176,1205704448
20772237,1205704448
20812298,1205704448
20852359,1205704448
20892428,1205704448
20932497,1205704448
20972566,1205704448
21012635,1205704448
21052704,1205704448
21092771,1205704448
21132839,1205704448
21172907,1205704448
21212975,1205704448
21253043,1205704448
21293111,1205704448
21333179,1205704448
21373247,1205704448
21413315,1205704448
21453383,1205704448
21493451,1205704448
21533519,1205704448
21573587,1205704448
21613655,1205704448
21653723,1205704448
21693791,1205704448
21733859,1205704448
21773927,1205704448
21813995,1205704448
21854063,1205704448
21894131,1205704448
21934199,1205704448
21974267,1205704448
22014335,1205704448
22054403,1205704448
22094470,1205704448
22134538,1205704448
22174606,1205704448
22214674,1205704448
22254743,1205704448
22294811,1205704448
22334880,1205704448
22374948,1205704448
22415017,1205704448
22455085,1205704448
22495152,1205704448
22530203,1205704448
22570270,1202128120
22610336,1202128120
22650404,1202128120
22690468,1202128120
22730534,1202128120
22770601,1202128120
22810650,1202128120
22850686,1202128120
22890721,1202128120
22930768,1202128120
22970803,1202128120
23010844,1202128120
23050875,1202128120
23089916,1205704448
23129979,1205704448
23170041,1205704448
23210103,1205704448
23250164,1205704448
23290227,1205704448
23330288,1205704448
23370352,1205704448
23410421,1205704448
23450490,1205704448
23490559,1205704448
23530628,1205704448
23570697,1205704448
23610766,1205704448
23650835,1205704448
23690904,1205704448
23730974,1205704448
23771043,1205704448
23811112,1205704448
23851182,1205704448
23891251,1205704448
23931320,1205704448
23971390,1205704448
24011459,1205704448
24051528,1205704448
24091597,1205704448
24131666,1205704448
24171736,1205704448
24211805,1205704448
24251874,1205704448
24291944,1205704448
24332013,1205704448
24372082,1205704448
24412152,1205704448
24452221,1205704448
24492290,1205704448
24532360,1205704448
24572429,1205704448
24612498,1205704448
24652568,1205704448
24692637,1205704448
24732706,1205704448
24772776,1205704448
24812845,1205704448
24852914,1205704448
24892984,1205704448
24933053,1205704448
24973122,1205704448
25013191,1205704448
25053255,1202128120
25093320,1202128120
25133384,1202128120
25173450,1202128120
25213516,1202128120
25253582,1202128120
25293648,1202128120
25333708,1202128120
25373740,1202128120
25413770,1202128120
25453811,1202128120
25493841,1202128120
25533883,1202128120
25573911,1202128120
25611959,1205704448
25652020,1205704448
25692080,1205704448
25732140,1205704448
25772201,1205704448
25812261,1205704448
25852321,1205704448
25892386,1205704448
25932453,1205704448
25972521,1205704448
26012588,1205704448
26052655,1205704448
26092721,1205704448
26132788,1205704448
26172855,1205704448
26212922,1205704448
26252989,1205704448
26293056,1205704448
26333123,1205704448
26373190,1205704448
26413257,1205704448
26453324,1205704448
26493391,1205704448
26533458,1205704448
26573526,1205704448
26613593,1205704448
26653660,1205704448
26693727,1205704448
26733794,1205704448
26773861,1205704448
26813928,1205704448
26853995,1205704448
26894062,1205704448
26934129,1205704448
26974196,1205704448
27014263,1205704448
27054330,1205704448
27094396,1205704448
27134464,1205704448
27174530,1205704448
27214597,1205704448
27254665,1205704448
27294732,1205704448
27334799,1205704448
27374865,1205704448
27414932,1205704448
27454999,1205704448
27495068,1205704448
27527132,1202259928
27567181,1202128120
27607248,1202128120
27647313,1202128120
27687380,1202128120
27727446,1202128120
27767515,1202128120
27807573,1202128120
27847603,1202128120
27887637,1202128120
27927667,1202128120
27967709,1202128120
28007742,1202128120
28047786,1202128120
28079861,1205704448
28119877,1205704448
28159938,1205704448
28199999,1205704448
28240063,1205704448
28280125,1205704448
28320184,1205704448
28360244,1205704448
28400313,1205704448
28440382,1205704448
28480451,1205704448
28520520,1205704448
28560589,1205704448
28600658,1205704448
28640727,1205704448
28680796,1205704448
28720866,1205704448
28760935,1205704448
28801004,1205704448
28841074,1205704448
28881143,1205704448
28921212,1205704448
28961282,1205704448
29001351,1205704448
29041420,1205704448
29081489,1205704448
29121559,1205704448
29161631,1205704448
29201699,1205704448
29241767,1205704448
29281835,1205704448
29321903,1205704448
29361971,1205704448
29402039,1205704448
29442108,1205704448
29482176,1205704448
29522244,1205704448
29562312,1205704448
29602380,1205704448
29642448,1205704448
29682516,1205704448
29722584,1205704448
29762652,1205704448
29802720,1205704448
29842788,1205704448
29882856,1205704448
29922924,1205704448
29962992,1205704448
30003061,1205704448
30040115,1205704448
30080179,1202128120
30120245,1202128120
30160311,1202128120
30200375,1202128120
30240440,1202128120
30280504,1202128120
30320570,1202128120
30360622,1202128120
30400656,1202128120
30440691,1202128120
30480726,1202128120
30520763,1202128120
30560793,1202128120
30598826,1205704448
30638886,1205704448
30678946,1205704448
30719005,1205704448
30759066,1205704448
30799128,1205704448
30839190,1205704448
30879252,1205704448
30919320,1205704448
30959388,1205704448
30999456,1205704448
31039524,1205704448
31079592,1205704448
31119659,1205704448
31159726,1205704448
31199794,1205704448
31239860,1205704448
31279927,1205704448
31319995,1205704448
31360062,1205704448
31400128,1205704448
31440196,1205704448
31480263,1205704448
31520330,1205704448
31560397,1205704448
31600464,1205704448
31640531,1205704448
31680598,1205704448
31720665,1205704448
31760732,1205704448
31800799,1205704448
31840866,1205704448
31880933,1205704448
31921000,1205704448
31961068,1205704448
32001135,1205704448
32041202,1205704448
32081268,1205704448
32121335,1205704448
32161402,1205704448
32201469,1205704448
32241536,1205704448
32281603,1205704448
32321670,1205704448
32361737,1205704448
32401804,1205704448
32441871,1205704448
32481938,1205704448
32522007,1205704448
32554056,1202128120
32594121,1202128120
32634184,1202128120
32674249,1202128120
32714314,1202128120
32754382,1202128120
32794448,1202128120
32834499,1202128120
32874535,1202128120
32914567,1202128120
32954605,1202128120
32994638,1202128120
33034667,1202128120
33074699,1202128120
33111739,1205704448
33151801,1205704448
33191862,1205704448
33231924,1205704448
33271984,1205704448
33312046,1205704448
33352106,1205704448
33392170,1205704448
33432239,1205704448
33472308,1205704448
33512378,1205704448
33552447,1205704448
33592516,1205704448
33632586,1205704448
33672655,1205704448
33712724,1205704448
33752794,1205704448
33792863,1205704448
33832932,1205704448
33873002,1205704448
33913071,1205704448
33953140,1205704448
33993210,1205704448
34033279,1205704448
34073348,1205704448
34113417,1205704448
34153486,1205704448
34193556,1205704448
34233625,1205704448
34273694,1205704448
34313764,1205704448
34353833,1205704448
34393902,1205704448
34433972,1205704448
34474041,1205704448
34514110,1205704448
34554180,1205704448
34594249,1205704448
34634318,1205704448
34674388,1205704448
34714457,1205704448
34754526,1205704448
34794596,1205704448
34834665,1205704448
34874734,1205704448
34914804,1205704448
34954873,1205704448
34994942,1205704448
35035008,1205704448
35067054,1202128120
35107119,1202128120
35147187,1202128120
35187252,1202128120
35227319,1202128120
35267384,1202128120
35307452,1202128120
35347501,1202128120
35387534,1202128120
35427573,1202128120
35467618,1202128120
35507661,1202128120
35547695,1202128120
35587726,1202128120
35626771,1205704448
35666831,1205704448
35706892,1205704448
35746950,1205704448
35787010,1205704448
35827067,1205704448
35867127,1205704448
35907195,1205704448
35947265,1205704448
35987333,1205704448
36027402,1205704448
36067472,1205704448
36107540,1205704448
36147610,1205704448
36187679,1205704448
36227748,1205704448
36267818,1205704448
36307887,1205704448
36347956,1205704448
36388026,1205704448
36428095,1205704448
36468164,1205704448
36508235,1205704448
36548295,1205704448
36588361,1205704448
36628429,1205704448
36668496,1205704448
36708563,1205704448
36748630,1205704448
36788697,1205704448
36828764,1205704448
36868831,1205704448
36908898,1205704448
36948965,1205704448
36989032,1205704448
37029099,1205704448
37069166,1205704448
37109232,1205704448
37149299,1205704448
37189366,1205704448
37229432,1205704448
37269499,1205704448
37309566,1205704448
37349633,1205704448
37389700,1205704448
37429766,1205704448
37469832,1205704448
37509901,1205704448
37540965,1202259928
37581014,1202128120
37621079,1202128120
37661145,1202128120
37701213,1202128120
37741284,1202128120
37781348,1202128120
37821414,1202128120
37861458,1202128120
37901491,1202128120
37941525,1202128120
37981566,1202128120
38021598,1202128120
38061629,1202128120
38098780,1205704448
38138715,1205704448
38178778,1205704448
38218839,1205704448
38258901,1205704448
38298963,1205704448
38339024,1205704448
38379086,1205704448
38419154,1205704448
38459223,1205704448
38499292,1205704448
38539361,1205704448
38579430,1205704448
38619499,1205704448
38659568,1205704448
38699637,1205704448
38739706,1205704448
38779775,1205704448
38819845,1205704448
38859914,1205704448
38899983,1205704448
38940053,1205704448
38980122,1205704448
39020191,1205704448
39060260,1205704448
39100328,1205704448
39140397,1205704448
39180466,1205704448
39220535,1205704448
39260604,1205704448
39300673,1205704448
39340742,1205704448
39380811,1205704448
39420880,1205704448
39460950,1205704448
39501019,1205704448
39541088,1205704448
39581158,1205704448
39621227,1205704448
39661296,1205704448
39701366,1205704448
39741435,1205704448
39781504,1205704448
39821573,1205704448
39861642,1205704448
39901711,1205704448
39941780,1205704448
39981849,1205704448
40021918,1205704448
40053964,1205704448
40094031,1202128120
40134099,1202128120
40174163,1202128120
40214231,1202128120
40254295,1202128120
40294361,1202128120
40334414,1202128120
40374449,1202128120
40414482,1202128120
40454533,1202128120
40494570,1202128120
40534601,1202128120
40574631,1202128120
40612667,1205704448
40652726,1205704448
40692784,1205704448
40732845,1205704448
40772904,1205704448
40812964,1205704448
40853023,1205704448
40893084,1205704448
40933152,1205704448
40973221,1205704448
41013289,1205704448
41053357,1205704448
41093425,1205704448
41133492,1205704448
41173560,1205704448
41213628,1205704448
41253697,1205704448
41293764,1205704448
41333832,1205704448
41373900,1205704448
41413968,1205704448
41454036,1205704448
41494104,1205704448
41534172,1205704448
41574240,1205704448
41614308,1205704448
41654376,1205704448
41694444,1205704448
41734512,1205704448
41774580,1205704448
41814648,1205704448
41854716,1205704448
41894784,1205704448
41934853,1205704448
41974920,1205704448
42014988,1205704448
42055056,1205704448
42095125,1205704448
42135192,1205704448
42175260,1205704448
42215328,1205704448
42255396,1205704448
42295464,1205704448
42335532,1205704448
42375601,1205704448
42415669,1205704448
42455737,1205704448
42495806,1205704448
42535872,1205704448
42567920,1202128120
42607986,1202128120
42648052,1202128120
42688119,1202128120
42728186,1202128120
42768251,1202128120
42808316,1202128120
42848382,1202128120
42888420,1202128120
42928459,1202128120
42968496,1202128120
43008538,1202128120
43048567,1202128120
43088596,1202128120
43122634,1205704448
43162696,1205704448
43202758,1205704448
43242819,1205704448
43282880,1205704448
43322940,1205704448
43363000,1205704448
43403065,1205704448
43443132,1205704448
43483199,1205704448
43523266,1205704448
43563333,1205704448
43603400,1205704448
43643467,1205704448
43683534,1205704448
43723602,1205704448
43763669,1205704448
43803736,1205704448
43843803,1205704448
43883870,1205704448
43923937,1205704448
43964004,1205704448
44004071,1205704448
44044138,1205704448
44084205,1205704448
44124272,1205704448
44164339,1205704448
44204406,1205704448
44244473,1205704448
44284540,1205704448
44324607,1205704448
44364674,1205704448
44404741,1205704448
44444809,1205704448
44484876,1205704448
44524943,1205704448
44565010,1205704448
44605077,1205704448
44645144,1205704448
44685211,1205704448
44725278,1205704448
44765345,1205704448
44805412,1205704448
44845479,1205704448
44885546,1205704448
44925613,1205704448
44965681,1205704448
45005748,1205704448
45045813,1205704448
45080869,1202128120
45120936,1202128120
45161004,1202128120
45201071,1202128120
45241136,1202128120
45281200,1202128120
45321261,1202128120
45361292,1202128120
45401325,1202128120
45441366,1202128120
45481411,1202128120
45521447,1202128120
45561482,1202128120
45601325,1205704448
45640562,1205704448
45680621,1205704448
45720680,1205704448
45760738,1205704448
45800797,1205704448
45840857,1205704448
45880916,1205704448
45920982,1205704448
45961050,1205704448
46001118,1205704448
46041186,1205704448
46081254,1205704448
46121322,1205704448
46161390,1205704448
46201458,1205704448
46241526,1205704448
46281594,1205704448
46321662,1205704448
46361730,1205704448
46401798,1205704448
46441866,1205704448
46481934,1205704448
46522002,1205704448
46562070,1205704448
46602138,1205704448
46642206,1205704448
46682274,1205704448
46722342,1205704448
46762410,1205704448
46802478,1205704448
46842546,1205704448
46882614,1205704448
46922682,1205704448
46962750,1205704448
47002818,1205704448
47042886,1205704448
47082954,1205704448
47123021,1205704448
47163089,1205704448
47203157,1205704448
47243225,1205704448
47283293,1205704448
47323361,1205704448
47363429,1205704448
47403497,1205704448
47443565,1205704448
47483633,1205704448
47523703,1205704448
47554834,1202259928
47594816,1202128120
47634881,1202128120
47674944,1202128120
47715016,1202128120
47755078,1202128120
47795143,1202128120
47835211,1202128120
47875274,1202128120
47915315,1202128120
47955358,1202128120
47995387,1202128120
48035430,1202128120
48075473,1202128120
48111636,1205704448
48151568,1205704448
48191630,1205704448
48231692,1205704448
48271752,1205704448
48311815,1205704448
48351874,1205704448
48391935,1205704448
48432004,1205704448
48472073,1205704448
48512143,1205704448
48552211,1205704448
48592281,1205704448
48632350,1205704448
48672419,1205704448
48712489,1205704448
48752558,1205704448
48792627,1205704448
48832697,1205704448
48872766,1205704448
48912835,1205704448
48952905,1205704448
48992974,1205704448
49033043,1205704448
49073113,1205704448
49113182,1205704448
49153251,1205704448
49193320,1205704448
49233389,1205704448
49273458,1205704448
49313528,1205704448
49353597,1205704448
49393666,1205704448
49433736,1205704448
49473805,1205704448
49513874,1205704448
49553944,1205704448
49594013,1205704448
49634082,1205704448
49674152,1205704448
49714222,1205704448
49754290,1205704448
49794360,1205704448
49834429,1205704448
49874498,1205704448
49914568,1205704448
49954637,1205704448
49994706,1205704448
50034776,1205704448
50067825,1205704448
50107895,1202128120
50147961,1202128120
50188027,1202128120
50228093,1202128120
50268157,1202128120
50308226,1202128120
50348266,1202128120
50388302,1202128120
50428335,1202128120
50468369,1202128120
50508406,1202128120
50548439,1202128120
50588476,1202128120
50624505,1205704448
50664567,1205704448
50704628,1205704448
50744687,1205704448
50784747,1205704448
50824808,1205704448
50864868,1205704448
50904930,1205704448
50944998,1205704448
50985066,1205704448
51025134,1205704448
51065202,1205704448
51105270,1205704448
51145337,1205704448
51185404,1205704448
51225471,1205704448
51265538,1205704448
51305605,1205704448
51345672,1205704448
51385739,1205704448
51425806,1205704448
51465873,1205704448
51505940,1205704448
51546008,1205704448
51586075,1205704448
51626142,1205704448
51666209,1205704448
51706276,1205704448
51746343,1205704448
51786410,1205704448
51826477,1205704448
51866544,1205704448
51906611,1205704448
51946678,1205704448
51986745,1205704448
52026812,1205704448
52066880,1205704448
52106947,1205704448
52147013,1205704448
52187080,1205704448
52227147,1205704448
52267214,1205704448
52307281,1205704448
52347348,1205704448
52387415,1205704448
52427482,1205704448
52467549,1205704448
52507616,1205704448
52547684,1205704448
52581734,1202128120
52621801,1202128120
52661866,1202128120
52701934,1202128120
52742001,1202128120
52782067,1202128120
52822136,1202128120
52862202,1202128120
52902262,1202128120
52942295,1202128120
52982339,1202128120
53022379,1202128120
53062429,1202128120
53102468,1202128120
53140519,1205704448
53180580,1205704448
53220642,1205704448
53260704,1205704448
53300765,1205704448
53340826,1205704448
53380888,1205704448
53420953,1205704448
53461021,1205704448
53501089,1205704448
53541157,1205704448
53581226,1205704448
53621294,1205704448
53661362,1205704448
53701430,1205704448
53741498,1205704448
53781566,1205704448
53821634,1205704448
53861702,1205704448
53901770,1205704448
53941838,1205704448
53981906,1205704448
54021974,1205704448
54062042,1205704448
54102110,1205704448
54142177,1205704448
54182246,1205704448
54222314,1205704448
54262382,1205704448
54302450,1205704448
54342518,1205704448
54382586,1205704448
54422654,1205704448
54462722,1205704448
54502790,1205704448
54542858,1205704448
54582926,1205704448
54622994,1205704448
54663062,1205704448
54703130,1205704448
54743198,1205704448
54783266,1205704448
54823334,1205704448
54863401,1205704448
54903470,1205704448
54943538,1205704448
54983606,1205704448
55023674,1205704448
55063737,1205704448
55094787,1202128120
55134851,1202128120
55174919,1202128120
55214981,1202128120
55255045,1202128120
55295111,1202128120
55335150,1202128120
55375177,1202128120
55415209,1202128120
55455244,1202128120
55495286,1202128120
55535330,1202128120
55575375,1202128120
55611352,1205704448
55650462,1205704448
55690523,1205704448
55730583,1205704448
55770644,1205704448
55810705,1205704448
55850766,1205704448
55890829,1205704448
55930896,1205704448
55970964,1205704448
56011032,1205704448
56051100,1205704448
56091168,1205704448
56131236,1205704448
56171304,1205704448
56211372,1205704448
56251440,1205704448
56291508,1205704448
56331576,1205704448
56371644,1205704448
56411712,1205704448
56451780,1205704448
56491848,1205704448
56531916,1205704448
56571984,1205704448
56612052,1205704448
56652120,1205704448
56692188,1205704448
56732256,1205704448
56772324,1205704448
56812392,1205704448
56852460,1205704448
56892528,1205704448
56932596,1205704448
56972664,1205704448
57012732,1205704448
57052800,1205704448
57092868,1205704448
57132936,1205704448
57173003,1205704448
57213071,1205704448
57253139,1205704448
57293207,1205704448
57333276,1205704448
57373344,1205704448
57413412,1205704448
57453480,1205704448
57493549,1205704448
57533619,1205704448
57568687,1202259928
57608737,1202128120
57648803,1202128120
57688865,1202128120
57728930,1202128120
57768995,1202128120
57809060,1202128120
57849127,1202128120
57889191,1202128120
57929257,1202128120
57969293,1202128120
58009339,1202128120
58049381,1202128120
58089415,1202128120
58122275,1205704448
58161492,1205704448
58201552,1205704448
58241613,1205704448
58281675,1205704448
58321736,1205704448
58361798,1205704448
58401858,1205704448
58441921,1205704448
58481989,1205704448
58522058,1205704448
58562128,1205704448
58602197,1205704448
58642266,1205704448
58682336,1205704448
58722405,1205704448
58762474,1205704448
58802544,1205704448
58842613,1205704448
58882682,1205704448
58922752,1205704448
58962821,1205704448
59002890,1205704448
59042960,1205704448
59083029,1205704448
59123098,1205704448
59163167,1205704448
59203236,1205704448
59243306,1205704448
59283375,1205704448
59323444,1205704448
59363514,1205704448
59403583,1205704448
59443652,1205704448
59483722,1205704448
59523790,1205704448
59563859,1205704448
59603928,1205704448
59643997,1205704448
59684066,1205704448
59724135,1205704448
59764204,1205704448
59804273,1205704448
59844342,1205704448
59884411,1205704448
59924481,1205704448
59964550,1205704448
60004619,1205704448
60044690,1205704448
60081744,1205704448
60121807,1202128120
60161874,1202128120
60201938,1202128120
60242005,1202128120
60282069,1202128120
60322104,1202128120
60362135,1202128120
60402168,1202128120
60442204,1202128120
60482245,1202128120
60522280,1202128120
60562310,1202128120
60602343,1202128120
60640383,1205704448
60680444,1205704448
60720505,1205704448
60760568,1205704448
60800628,1205704448
60840689,1205704448
60880748,1205704448
60920813,1205704448
60960881,1205704448
61000949,1205704448
61041017,1205704448
61081085,1205704448
61121153,1205704448
61161221,1205704448
61201289,1205704448
61241357,1205704448
61281425,1205704448
61321493,1205704448
61361561,1205704448
61401629,1205704448
61441697,1205704448
61481765,1205704448
61521833,1205704448
61561901,1205704448
61601969,1205704448
61642037,1205704448
61682105,1205704448
61722173,1205704448
61762241,1205704448
61802309,1205704448
61842377,1205704448
61882445,1205704448
61922513,1205704448
61962581,1205704448
62002649,1205704448
62042717,1205704448
62082785,1205704448
62122853,1205704448
62162921,1205704448
62202989,1205704448
62243057,1205704448
62283125,1205704448
62323193,1205704448
62363261,1205704448
62403329,1205704448
62443397,1205704448
62483465,1205704448
62523533,1205704448
TS,1
39287,0
79356,0
119424,0
159492,0
199561,0
239628,0
279697,0
319765,0
359834,0
399901,0
439970,0
480037,0
520106,0
560174,0
600242,0
640310,0
680377,0
720446,0
760514,0
800582,0
840651,0
880718,0
920787,0
960854,0
1000922,0
1040989,0
1081058,0
1121125,0
1161194,0
1201262,0
1241330,0
1281398,0
1321466,0
1361534,0
1401602,0
1441670,0
1481738,0
1521806,0
1561874,0
1601943,0
1642011,0
1682079,0
1722147,0
1762215,0
1802283,0
1842351,0
1882420,0
1922488,0
1962556,0
2002624,0
2042691,0
2082759,0
2122827,0
2162895,0
2202963,0
2243031,0
2283099,0
2323167,0
2363235,0
2403303,0
2443371,0
2483439,0
2522498,7378697629483
2562567,7378697629483
2602631,7378697629483
2642695,7378697629483
2682760,7378697629483
2722828,7378697629483
2762894,7378697629483
2802952,7378697629483
2843000,7378697629483
2883040,7378697629483
2923081,7378697629483
2963113,7378697629483
3003154,7378697629483
3043183,7378697629483
3076221,0
3116284,0
3156345,0
3196407,0
3236468,0
3276530,0
3316592,0
3356659,0
3396729,0
3436800,0
3476870,0
3516938,0
3557005,0
3597073,0
3637142,0
3677209,0
3717277,0
3757345,0
3797414,0
3837482,0
3877549,0
3917617,0
3957686,0
3997753,0
4037821,0
4077889,0
4117958,0
4158025,0
4198094,0
4238161,0
4278230,0
4318297,0
4358365,0
4398433,0
4438502,0
4478569,0
4518638,0
4558705,0
4598774,0
4638841,0
4678909,0
4718977,0
4759046,0
4799113,0
4839181,0
4879249,0
4919318,0
4959388,0
4996026,0
5035507,88
5075573,88
5115640,88
5155705,88
5195772,88
5235838,88
5275904,88
5315972,88
5356008,88
5396042,88
5436072,88
5476107,88
5516152,88
5550652,0
5590233,0
5630294,0
5670354,0
5710413,0
5750474,0
5790534,0
5830593,0
5870662,0
5910730,0
5950799,0
5990869,0
6030937,0
6071006,0
6111076,0
6151145,0
6191214,0
6231284,0
6271353,0
6311422,0
6351492,0
6391561,0
6431630,0
6471700,0
6511769,0
6551838,0
6591908,0
6631977,0
6672046,0
6712116,0
6752185,0
6792254,0
6832324,0
6872393,0
6912462,0
6952532,0
6992601,0
7032670,0
7072739,0
7112809,0
7152878,0
7192948,0
7233019,0
7273089,0
7313160,0
7353230,0
7393293,0
7433359,0
7473427,0
7509480,0
7549546,87
7589613,87
7629681,87
7669747,87
7709809,87
7749878,87
7789921,87
7829954,87
7869987,87
7910025,87
7950070,87
7990117,87
8030156,87
8064198,0
8104258,0
8144320,0
8184380,0
8224441,0
8264501,0
8304562,0
8344626,0
8384694,0
8424762,0
8464830,0
8504898,0
8544966,0
8585034,0
8625102,0
8665170,0
8705238,0
8745306,0
8785374,0
8825442,0
8865510,0
8905578,0
8945646,0
8985714,0
9025782,0
9065850,0
9105918,0
9145986,0
9186054,0
9226122,0
9266190,0
9306258,0
9346326,0
9386394,0
9426462,0
9466530,0
9506598,0
9546666,0
9586734,0
9626802,0
9666870,0
9706938,0
9747006,0
9787074,0
9827142,0
9867210,0
9907278,0
9947346,0
9987416,0
10022468,85
10062531,85
10102597,85
10142662,85
10182731,85
10222794,85
10262859,85
10302922,85
10342977,85
10383016,85
10423058,85
10463099,85
10503130,85
10543167,85
10583205,0
10623265,0
10663324,0
10703385,0
10743442,0
10783503,0
10823562,0
10863627,0
10903695,0
10943763,0
10983831,0
11023899,0
11063966,0
11104033,0
11144100,0
11184167,0
11224234,0
11264301,0
11304368,0
11344436,0
11384503,0
11424570,0
11464637,0
11504704,0
11544771,0
11584838,0
11624905,0
11664972,0
11705039,0
11745106,0
11785174,0
11825240,0
11865308,0
11905375,0
11945442,0
11985509,0
12025576,0
12065642,0
12105709,0
12145776,0
12185843,0
12225910,0
12265977,0
12306044,0
12346111,0
12386178,0
12426245,0
12466313,0
12506378,0
12546441,88
12586509,88
12626576,88
12666641,88
12706707,88
12746773,88
12786823,88
12826852,88
12866891,88
12906928,88
12946957,88
12986992,88
13027033,88
13059101,0
13099118,0
13139179,0
13179243,0
13219304,0
13259368,0
13299431,0
13339494,0
13379561,0
13419629,0
13459697,0
13499765,0
13539833,0
13579901,0
13619969,0
13660037,0
13700105,0
13740173,0
13780241,0
13820309,0
13860377,0
13900445,0
13940513,0
13980581,0
14020649,0
14060716,0
14100784,0
14140852,0
14180920,0
14220988,0
14261056,0
14301124,0
14341192,0
14381260,0
14421328,0
14461396,0
14501464,0
14541532,0
14581600,0
14621668,0
14661736,0
14701805,0
14741873,0
14781941,0
14822009,0
14862077,0
14902145,0
14942213,0
14982283,0
15019337,0
15059402,86
15099465,86
15139533,86
15179597,86
15219662,86
15259730,86
15299797,86
15339857,86
15379892,86
15419925,86
15459958,86
15499995,86
15540036,86
15579084,0
15619143,0
15659203,0
15699262,0
15739321,0
15779380,0
15819438,0
15859501,0
15899568,0
15939635,0
15979702,0
16019769,0
16059836,0
16099903,0
16139970,0
16180037,0
16220104,0
16260172,0
16300239,0
16340306,0
16380373,0
16420440,0
16460507,0
16500574,0
16540641,0
16580708,0
16620775,0
16660842,0
16700909,0
16740977,0
16781043,0
16821110,0
16861178,0
16901245,0
16941311,0
16981378,0
17021445,0
17061512,0
17101580,0
17141648,0
17181716,0
17221784,0
17261852,0
17301920,0
17341988,0
17382056,0
17422124,0
17462192,0
17502260,0
17533304,86
17573375,86
17613440,86
17653508,86
17693574,86
17733641,86
17773706,86
17813741,86
17853770,86
17893804,86
17933838,86
17973880,86
18013910,86
18053943,86
18092982,0
18133044,0
18173105,0
18213168,0
18253228,0
18293290,0
18333351,0
18373415,0
18413483,0
18453551,0
18493619,0
18533687,0
18573755,0
18613823,0
18653891,0
18693959,0
18734027,0
18774095,0
18814163,0
18854231,0
18894299,0
18934367,0
18974435,0
19014503,0
19054570,0
19094638,0
19134707,0
19174775,0
19214843,0
19254912,0
19294979,0
19335047,0
19375115,0
19415183,0
19455252,0
19495320,0
19535388,0
19575456,0
19615525,0
19655592,0
19695660,0
19735728,0
19775796,0
19815864,0
19855932,0
19896000,0
19936068,0
19976136,0
20016202,0
20056269,88
20096331,88
20136395,88
20176462,88
20216528,88
20256595,88
20296658,88
20336722,88
20376756,88
20416797,88
20456839,88
20496877,88
20536911,88
20572183,0
20611995,0
20652057,0
20692117,0
20732177,0
20772237,0
20812299,0
20852359,0
20892428,0
20932497,0
20972566,0
21012635,0
21052704,0
21092771,0
21132839,0
21172907,0
21212976,0
21253043,0
21293111,0
21333179,0
21373248,0
21413315,0
21453383,0
21493451,0
21533520,0
21573587,0
21613655,0
21653723,0
21693792,0
21733859,0
21773927,0
21813995,0
21854064,0
21894131,0
21934199,0
21974267,0
22014336,0
22054403,0
22094471,0
22134539,0
22174607,0
22214675,0
22254744,0
22294812,0
22334880,0
22374948,0
22415017,0
22455085,0
22495153,0
22530205,0
22570271,87
22610337,87
22650405,87
22690469,87
22730535,87
22770602,87
22810651,87
22850687,87
22890722,87
22930769,87
22970804,87
23010844,87
23050876,87
23089917,0
23129980,0
23170041,0
23210104,0
23250165,0
23290228,0
23330289,0
23370352,0
23410421,0
23450490,0
23490559,0
23530628,0
23570697,0
23610766,0
23650835,0
23690905,0
23730974,0
23771043,0
23811113,0
23851182,0
23891251,0
23931321,0
23971390,0
24011459,0
24051529,0
24091597,0
24131667,0
24171736,0
24211805,0
24251875,0
24291944,0
24332013,0
24372083,0
24412152,0
24452221,0
24492291,0
24532360,0
24572429,0
24612499,0
24652568,0
24692637,0
24732707,0
24772776,0
24812845,0
24852915,0
24892985,0
24933053,0
24973123,0
25013192,0
25053256,86
25093321,86
25133385,86
25173451,86
25213517,86
25253583,86
25293649,86
25333709,86
25373741,86
25413771,86
25453812,86
25493842,86
25533884,86
25573912,86
25611959,0
25652021,0
25692081,0
25732141,0
25772202,0
25812262,0
25852322,0
25892387,0
25932454,0
25972521,0
26012588,0
26052655,0
26092721,0
26132788,0
26172855,0
26212922,0
26252989,0
26293056,0
26333124,0
26373190,0
26413257,0
26453325,0
26493392,0
26533459,0
26573526,0
26613593,0
26653660,0
26693727,0
26733794,0
26773861,0
26813928,0
26853995,0
26894062,0
26934129,0
26974197,0
27014264,0
27054331,0
27094397,0
27134464,0
27174531,0
27214598,0
27254665,0
27294732,0
27334799,0
27374866,0
27414933,0
27455000,0
27495069,0
27527133,0
27567182,87
27607249,87
27647314,87
27687381,87
27727447,87
27767516,87
27807573,87
27847603,87
27887638,87
27927668,87
27967709,87
28007743,87
28047787,87
28079861,0
28119878,0
28159939,0
28200000,0
28240063,0
28280126,0
28320185,0
28360245,0
28400313,0
28440382,0
28480451,0
28520520,0
28560589,0
28600658,0
28640727,0
28680796,0
28720866,0
28760935,0
28801004,0
28841074,0
28881143,0
28921212,0
28961282,0
29001351,0
29041420,0
29081489,0
29121559,0
29161631,0
29201699,0
29241767,0
29281835,0
29321903,0
29361972,0
29402040,0
29442108,0
29482176,0
29522245,0
29562313,0
29602381,0
29642449,0
29682517,0
29722585,0
29762653,0
29802721,0
29842789,0
29882857,0
29922925,0
29962993,0
30003063,0
30040116,0
30080180,86
30120246,86
30160312,86
30200376,86
30240441,86
30280505,86
30320571,86
30360623,86
30400657,86
30440692,86
30480727,86
30520764,86
30560794,86
30598827,0
30638887,0
30678947,0
30719006,0
30759067,0
30799129,0
30839191,0
30879253,0
30919321,0
30959389,0
30999457,0
31039525,0
31079592,0
31119660,0
31159727,0
31199794,0
31239861,0
31279928,0
31319995,0
31360062,0
31400129,0
31440196,0
31480263,0
31520330,0
31560397,0
31600465,0
31640531,0
31680599,0
31720666,0
31760733,0
31800800,0
31840867,0
31880934,0
31921001,0
31961068,0
32001135,0
32041202,0
32081268,0
32121335,0
32161402,0
32201469,0
32241537,0
32281603,0
32321671,0
32361737,0
32401805,0
32441871,0
32481939,0
32522008,0
32554057,87
32594122,87
32634185,87
32674250,87
32714315,87
32754383,87
32794449,87
32834500,87
32874536,87
32914568,87
32954606,87
32994639,87
33034668,87
33074700,87
33111740,0
33151802,0
33191864,0
33231925,0
33271985,0
33312047,0
33352106,0
33392171,0
33432240,0
33472309,0
33512378,0
33552447,0
33592516,0
33632586,0
33672655,0
33712724,0
33752794,0
33792863,0
33832932,0
33873002,0
33913071,0
33953140,0
33993210,0
34033279,0
34073348,0
34113417,0
34153487,0
34193556,0
34233625,0
34273695,0
34313764,0
34353833,0
34393903,0
34433972,0
34474041,0
34514111,0
34554180,0
34594249,0
34634319,0
34674388,0
34714457,0
34754527,0
34794596,0
34834665,0
34874735,0
34914804,0
34954873,0
34994943,0
35035008,0
35067055,87
35107120,87
35147188,87
35187254,87
35227320,87
35267385,87
35307453,87
35347502,87
35387535,87
35427574,87
35467619,87
35507662,87
35547696,87
35587727,87
35626772,0
35666832,0
35706893,0
35746951,0
35787011,0
35827068,0
35867127,0
35907196,0
35947265,0
35987334,0
36027403,0
36067472,0
36107541,0
36147610,0
36187679,0
36227748,0
36267818,0
36307887,0
36347956,0
36388026,0
36428095,0
36468164,0
36508235,0
36548295,0
36588362,0
36628429,0
36668496,0
36708563,0
36748630,0
36788697,0
36828764,0
36868832,0
36908898,0
36948965,0
36989032,0
37029099,0
37069166,0
37109232,0
37149299,0
37189366,0
37229433,0
37269500,0
37309567,0
37349634,0
37389700,0
37429766,0
37469833,0
37509902,0
37540966,0
37581015,87
37621080,87
37661147,87
37701215,87
37741285,87
37781349,87
37821415,87
37861459,87
37901491,87
37941526,87
37981567,87
38021599,87
38061630,87
38098781,0
38138716,0
38178778,0
38218840,0
38258902,0
38298964,0
38339025,0
38379086,0
38419155,0
38459223,0
38499292,0
38539361,0
38579430,0
38619499,0
38659568,0
38699637,0
38739706,0
38779776,0
38819845,0
38859914,0
38899984,0
38940053,0
38980122,0
39020191,0
39060260,0
39100329,0
39140398,0
39180467,0
39220536,0
39260605,0
39300674,0
39340743,0
39380811,0
39420881,0
39460950,0
39501019,0
39541089,0
39581158,0
39621227,0
39661297,0
39701366,0
39741435,0
39781504,0
39821573,0
39861642,0
39901711,0
39941780,0
39981849,0
40021919,0
40053965,0
40094032,87
40134100,87
40174164,87
40214232,87
40254296,87
40294362,87
40334415,87
40374450,87
40414483,87
40454534,87
40494571,87
40534602,87
40574631,87
40612668,0
40652727,0
40692785,0
40732846,0
40772905,0
40812965,0
40853024,0
40893085,0
40933153,0
40973221,0
41013289,0
41053357,0
41093425,0
41133493,0
41173561,0
41213629,0
41253697,0
41293765,0
41333833,0
41373901,0
41413969,0
41454037,0
41494105,0
41534173,0
41574240,0
41614308,0
41654376,0
41694444,0
41734512,0
41774580,0
41814649,0
41854716,0
41894784,0
41934853,0
41974921,0
42014989,0
42055057,0
42095125,0
42135192,0
42175260,0
42215328,0
42255396,0
42295464,0
42335533,0
42375601,0
42415669,0
42455738,0
42495806,0
42535873,0
42567921,86
42607987,86
42648053,86
42688120,86
42728187,86
42768252,86
42808318,86
42848383,86
42888421,86
42928460,86
42968497,86
43008539,86
43048568,86
43088597,86
43122635,0
43162697,0
43202759,0
43242820,0
43282880,0
43322941,0
43363000,0
43403065,0
43443132,0
43483199,0
43523266,0
43563333,0
43603401,0
43643468,0
43683535,0
43723602,0
43763669,0
43803736,0
43843803,0
43883870,0
43923937,0
43964004,0
44004071,0
44044138,0
44084205,0
44124272,0
44164339,0
44204406,0
44244473,0
44284540,0
44324608,0
44364675,0
44404742,0
44444809,0
44484876,0
44524943,0
44565010,0
44605077,0
44645144,0
44685211,0
44725278,0
44765345,0
44805412,0
44845480,0
44885547,0
44925614,0
44965681,0
45005748,0
45045814,0
45080870,87
45120937,87
45161005,87
45201072,87
45241137,87
45281201,87
45321262,87
45361293,87
45401326,87
45441367,87
45481412,87
45521448,87
45561483,87
45601326,0
45640563,0
45680622,0
45720681,0
45760739,0
45800798,0
45840858,0
45880917,0
45920982,0
45961051,0
46001118,0
46041186,0
46081254,0
46121322,0
46161390,0
46201458,0
46241526,0
46281594,0
46321662,0
46361730,0
46401798,0
46441866,0
46481934,0
46522002,0
46562070,0
46602138,0
46642206,0
46682274,0
46722342,0
46762410,0
46802478,0
46842546,0
46882614,0
46922682,0
46962750,0
47002818,0
47042886,0
47082954,0
47123021,0
47163089,0
47203157,0
47243225,0
47283293,0
47323361,0
47363429,0
47403497,0
47443565,0
47483634,0
47523704,0
47554835,0
47594817,86
47634882,86
47674945,86
47715017,86
47755079,86
47795144,86
47835212,86
47875276,86
47915316,86
47955359,86
47995388,86
48035430,86
48075474,86
48111637,0
48151569,0
48191631,0
48231693,0
48271753,0
48311816,0
48351875,0
48391936,0
48432005,0
48472074,0
48512143,0
48552212,0
48592281,0
48632350,0
48672420,0
48712489,0
48752558,0
48792627,0
48832697,0
48872766,0
48912835,0
48952905,0
48992975,0
49033044,0
49073113,0
49113183,0
49153251,0
49193321,0
49233390,0
49273459,0
49313529,0
49353598,0
49393667,0
49433737,0
49473806,0
49513875,0
49553945,0
49594014,0
49634083,0
49674153,0
49714222,0
49754291,0
49794361,0
49834429,0
49874499,0
49914568,0
49954637,0
49994707,0
50034777,0
50067826,0
50107896,87
50147962,87
50188028,87
50228094,87
50268158,87
50308227,87
50348267,87
50388303,87
50428336,87
50468370,87
50508407,87
50548440,87
50588477,87
50624506,0
50664567,0
50704629,0
50744688,0
50784748,0
50824808,0
50864869,0
50904930,0
50944998,0
50985066,0
51025134,0
51065202,0
51105270,0
51145337,0
51185404,0
51225472,0
51265539,0
51305606,0
51345673,0
51385740,0
51425807,0
51465874,0
51505941,0
51546008,0
51586075,0
51626142,0
51666209,0
51706276,0
51746343,0
51786411,0
51826478,0
51866545,0
51906612,0
51946679,0
51986746,0
52026813,0
52066880,0
52106947,0
52147013,0
52187080,0
52227147,0
52267214,0
52307281,0
52347349,0
52387415,0
52427482,0
52467550,0
52507617,0
52547685,0
52581735,87
52621803,87
52661867,87
52701935,87
52742003,87
52782068,87
52822137,87
52862203,87
52902263,87
52942296,87
52982340,87
53022381,87
53062430,87
53102469,87
53140520,0
53180581,0
53220642,0
53260705,0
53300765,0
53340827,0
53380889,0
53420954,0
53461022,0
53501090,0
53541158,0
53581226,0
53621294,0
53661362,0
53701430,0
53741498,0
53781566,0
53821634,0
53861702,0
53901770,0
53941838,0
53981906,0
54021974,0
54062042,0
54102110,0
54142178,0
54182246,0
54222314,0
54262382,0
54302450,0
54342518,0
54382586,0
54422654,0
54462722,0
54502790,0
54542858,0
54582926,0
54622994,0
54663062,0
54703130,0
54743198,0
54783266,0
54823334,0
54863402,0
54903470,0
54943538,0
54983606,0
55023674,0
55063738,0
55094788,86
55134852,86
55174920,86
55214982,86
55255046,86
55295112,86
55335151,86
55375178,86
55415211,86
55455245,86
55495287,86
55535331,86
55575376,86
55611352,0
55650463,0
55690523,0
55730584,0
55770645,0
55810706,0
55850766,0
55890829,0
55930896,0
55970964,0
56011033,0
56051101,0
56091169,0
56131237,0
56171304,0
56211372,0
56251440,0
56291508,0
56331576,0
56371644,0
56411712,0
56451780,0
56491848,0
56531916,0
56571984,0
56612052,0
56652120,0
56692188,0
56732256,0
56772324,0
56812392,0
56852460,0
56892528,0
56932596,0
56972664,0
57012732,0
57052800,0
57092868,0
57132936,0
57173003,0
57213071,0
57253139,0
57293207,0
57333276,0
57373344,0
57413413,0
57453481,0
57493549,0
57533619,0
57568688,0
57608738,85
57648804,85
57688866,85
57728931,85
57768996,85
57809061,85
57849128,85
57889192,85
57929258,85
57969294,85
58009340,85
58049382,85
58089416,85
58122276,0
58161493,0
58201553,0
58241614,0
58281676,0
58321737,0
58361799,0
58401859,0
58441921,0
58481990,0
58522059,0
58562128,0
58602197,0
58642266,0
58682336,0
58722405,0
58762474,0
58802544,0
58842613,0
58882682,0
58922752,0
58962821,0
59002890,0
59042960,0
59083029,0
59123098,0
59163167,0
59203237,0
59243306,0
59283375,0
59323445,0
59363514,0
59403583,0
59443653,0
59483722,0
59523791,0
59563860,0
59603929,0
59643998,0
59684067,0
59724135,0
59764205,0
59804274,0
59844343,0
59884412,0
59924481,0
59964550,0
60004620,0
60044691,0
60081745,0
60121808,86
60161876,86
60201940,86
60242006,86
60282070,86
60322105,86
60362136,86
60402169,86
60442205,86
60482246,86
60522281,86
60562311,86
60602344,86
60640384,0
60680445,0
60720506,0
60760569,0
60800629,0
60840690,0
60880749,0
60920813,0
60960881,0
61000949,0
61041017,0
61081085,0
61121153,0
61161221,0
61201289,0
61241357,0
61281425,0
61321493,0
61361561,0
61401629,0
61441697,0
61481765,0
61521833,0
61561901,0
61601969,0
61642037,0
61682105,0
61722173,0
61762241,0
61802309,0
61842377,0
61882445,0
61922514,0
61962581,0
62002649,0
62042717,0
62082785,0
62122853,0
62162921,0
62202989,0
62243057,0
62283125,0
62323193,0
62363261,0
62403329,0
62443397,0
62483465,0
62523533,0
TS,2
39288,733180661
79356,733323496
119424,733459654
159492,733607552
199561,733750379
239629,733889174
279697,734032253
319765,734175776
359834,734315162
399901,734452474
439970,734593401
480038,734733999
520106,734876014
560174,735021098
600242,735156169
640310,735299964
680378,735444215
720446,735584315
760514,735727877
800582,735874162
840651,736020901
880719,736163846
920787,736308494
960855,736443527
1000922,736577085
1040990,736719206
1081058,736865957
1121126,737009328
1161194,737150946
1201262,737292973
1241330,737435346
1281398,737578827
1321466,737715116
1361534,737853021
1401602,737992448
1441670,738131577
1481738,738272265
1521806,738414277
1561874,738559161
1601943,738705236
1642011,738843109
1682079,738981011
1722148,739121787
1762215,739266696
1802283,739406120
1842351,739548422
1882420,739696218
1922488,739836807
1962556,739981595
2002624,740117953
2042692,740255628
2082759,740394261
2122827,740537384
2162895,740678453
2202963,740818490
2243031,740965157
2283099,741105806
2323167,741250806
2363235,741396867
2403303,741535188
2443371,741672914
2483440,741857153
2522500,771902402
2562568,832004578
2602632,892101922
2642697,952198118
2682762,1012295696
2722829,1072397252
2762895,1132495052
2802953,1192583084
2843001,1252654710
2883041,1312714000
2923082,1372776800
2963114,1432824278
3003156,1492886420
3043184,1552928858
3076222,1572675160
3116285,1572824793
3156346,1572973191
3196409,1573121105
3236469,1573268365
3276531,1573418457
3316594,1573566792
3356660,1573705973
3396729,1573875579
3436800,1574047673
3476870,1574190521
3516938,1574310772
3557006,1574431085
3597074,1574551868
3637142,1574672755
3677210,1574793052
3717278,1574913289
3757346,1575034130
3797414,1575154593
3837482,1575274980
3877549,1575395153
3917617,1575515976
3957686,1575636475
3997754,1575756494
4037821,1575876566
4077889,1575997017
4117958,1576118256
4158026,1576238119
4198094,1576358676
4238162,1576479463
4278230,1576600078
4318298,1576720137
4358366,1576840350
4398434,1576961195
4438502,1577081616
4478570,1577201449
4518638,1577322164
4558706,1577442749
4598774,1577563002
4638842,1577683417
4678910,1577803402
4718978,1577924347
4759046,1578044756
4799114,1578164675
4839182,1578284900
4879250,1578405605
4919318,1578525836
4959389,1578653315
4996027,1578809270
5035509,1623109254
5075575,1683208400
5115641,1743307466
5155706,1803405522
5195773,1863506714
5235839,1923605080
5275905,1983704376
5315974,2043807128
5356009,2103859220
5396043,2163911326
5436073,2223955060
5476107,2284007608
5516153,2344075528
5550653,2395825672
5590234,2395970759
5630295,2396117303
5670355,2396265175
5710415,2396412433
5750475,2396563588
5790535,2396717739
5830594,2396865179
5870662,2396994934
5910730,2397124765
5950799,2397254292
5990869,2397384419
6030937,2397513098
6071006,2397643371
6111076,2397773668
6151145,2397904383
6191215,2398034388
6231284,2398163873
6271353,2398293590
6311422,2398423203
6351492,2398552438
6391561,2398681637
6431630,2398810796
6471700,2398940039
6511769,2399069580
6551838,2399198615
6591908,2399327732
6631977,2399457325
6672047,2399586428
6712116,2399715303
6752185,2399844606
6792255,2399973665
6832324,2400102690
6872393,2400231695
6912462,2400359750
6952532,2400489143
6992601,2400618338
7032670,2400746179
7072739,2400875110
7112809,2401004937
7152878,2401133628
7192948,2401296328
7233019,2401470478
7273089,2401647460
7313160,2401824288
7353230,2402002506
7393293,2402132952
7433359,2402269533
7473428,2402423364
7509482,2402633076
7549547,2462726961
7589613,2522826199
7629682,2582929103
7669748,2643027811
7709810,2703121179
7749879,2763223961
7789922,2823289023
7829955,2883338551
7869988,2943387359
7910026,3003445279
7950071,3063512937
7990118,3123582439
8030157,3183641847
8064199,3205169241
8104259,3205306312
8144321,3205442944
8184381,3205579409
8224442,3205717990
8264502,3205851859
8304563,3205990579
8344626,3206119331
8384694,3206241297
8424763,3206361744
8464830,3206481859
8504898,3206601890
8544966,3206722295
8585035,3206842748
8625102,3206962607
8665170,3207082888
8705238,3207203479
8745307,3207323704
8785374,3207443691
8825442,3207563848
8865510,3207684297
8905579,3207804794
8945646,3207924741
8985714,3208044820
9025782,3208165045
9065850,3208285650
9105918,3208405767
9145986,3208525884
9186054,3208646691
9226122,3208767172
9266190,3208887493
9306258,3209007790
9346326,3209128161
9386394,3209249042
9426462,3209369231
9466530,3209489550
9506598,3209610411
9546666,3209730962
9586734,3209850919
9626802,3209971404
9666870,3210092125
9706938,3210212828
9747006,3210333005
9787074,3210452992
9827142,3210573977
9867210,3210694490
9907278,3210814619
9947346,3210935054
9987417,3211088947
10022469,3225510310
10062532,3285605422
10102598,3345704566
10142663,3405801844
10182733,3465906120
10222795,3525999410
10262860,3586096958
10302923,3646191912
10342978,3706273510
10383017,3766332590
10423059,3826395108
10463100,3886456728
10503131,3946503866
10543168,4006558286
10583206,4037848069
10623267,4037994901
10663325,4038138028
10703386,4038284454
10743443,4038428216
10783504,4038570786
10823563,4038711120
10863628,4038837031
10903695,4038957365
10943763,4039077398
10983831,4039197513
11023899,4039316962
11063966,4039436036
11104033,4039555947
11144100,4039675262
11184167,4039794403
11224234,4039914080
11264302,4040033611
11304369,4040152832
11344436,4040272289
11384503,4040391448
11424570,4040511217
11464637,4040631174
11504704,4040750161
11544771,4040869454
11584838,4040989351
11624905,4041109036
11664972,4041227967
11705039,4041347276
11745106,4041467383
11785174,4041587134
11825240,4041706395
11865308,4041826548
11905375,4041946327
11945442,4042066188
11985509,4042186101
12025576,4042305692
12065642,4042424209
12105709,4042543666
12145776,4042662787
12185843,4042781980
12225910,4042901763
12265977,4043021420
12306044,4043140605
12346111,4043260334
12386178,4043380397
12426246,4043500817
12466313,4043621059
12506379,4043793080
12546442,4088927508
12586510,4149030180
12626577,4209130412
12666642,4269228346
12706708,4329326610
12746775,4389426776
12786824,4449501136
12826853,4509544596
12866892,4569603066
12906929,4629658474
12946958,4689701626
12986993,4749754546
13027034,4809815424
13059101,4857916478
13099119,4858071564
13139181,4858222730
13179244,4858378714
13219305,4858540236
13259369,4858736436
13299432,4858880245
13339494,4859019626
13379561,4859140892
13419629,4859261251
13459697,4859382098
13499765,4859502811
13539833,4859623302
13579901,4859743713
13619969,4859864206
13660037,4859984987
13700105,4860105438
13740173,4860225239
13780241,4860345680
13820309,4860466297
13860377,4860586658
13900445,4860706879
13940513,4860827030
13980581,4860947579
14020649,4861068276
14060716,4861188244
14100784,4861308499
14140852,4861429282
14180921,4861550041
14220988,4861670300
14261056,4861790807
14301124,4861911534
14341193,4862032115
14381260,4862152578
14421328,4862272947
14461397,4862393670
14501465,4862514759
14541532,4862634826
14581600,4862755217
14621668,4862879914
14661737,4863018773
14701805,4863158826
14741873,4863308129
14781941,4863448886
14822009,4863600586
14862077,4863749060
14902145,4863894906
14942213,4864040549
14982284,4864200627
15019338,4864387144
15059403,4923721141
15099466,4983816289
15139534,5043918041
15179598,5104013923
15219663,5164112157
15259731,5224213803
15299798,5284314151
15339858,5344404115
15379893,5404456981
15419926,5464505279
15459959,5524555141
15499996,5584611663
15540037,5644673013
15579085,5673931936
15619144,5674072692
15659205,5674212169
15699263,5674352551
15739322,5674493236
15779381,5674634050
15819440,5674776056
15859502,5674904911
15899568,5675025235
15939636,5675144632
15979702,5675263605
16019769,5675383020
16059836,5675502618
16099904,5675621913
16139970,5675740864
16180037,5675860053
16220105,5675979902
16260172,5676099391
16300239,5676218308
16340306,5676337695
16380373,5676457388
16420440,5676576465
16460507,5676695874
16500574,5676815005
16540641,5676934536
16580708,5677053843
16620775,5677172988
16660842,5677292129
16700909,5677411520
16740977,5677531047
16781044,5677650164
16821111,5677769171
16861178,5677889104
16901245,5678008423
16941312,5678127350
16981379,5678246851
17021446,5678366422
17061512,5678484951
17101580,5678604404
17141648,5678723895
17181716,5678843638
17221784,5678963505
17261852,5679082714
17301920,5679202051
17341988,5679322126
17382056,5679441833
17422124,5679561342
17462192,5679680849
17502261,5679840908
17533305,5694995873
17573376,5755101033
17613441,5815199895
17653510,5875302023
17693575,5935400849
17733642,5995500525
17773707,6055597835
17813742,6115649569
17853771,6175694417
17893805,6235745119
17933839,6295796569
17973881,6355858853
18013911,6415904641
18053944,6475953791
18092983,6505542285
18133045,6505692715
18173106,6505841881
18213169,6505993012
18253229,6506144237
18293291,6506292057
18333352,6506438875
18373415,6506567058
18413483,6506688662
18453551,6506809486
18493619,6506930186
18533687,6507050932
18573755,6507171746
18613823,6507293234
18653891,6507413988
18693959,6507534256
18734027,6507655456
18774095,6507798096
18814163,6507943927
18854231,6508080416
18894299,6508233289
18934367,6508369636
18974436,6508518001
19014503,6508663058
19054571,6508805118
19094639,6508949900
19134707,6509089877
19174775,6509232520
19214843,6509376472
19254912,6509520719
19294980,6509659673
19335047,6509801315
19375116,6509946088
19415183,6510080693
19455252,6510230800
19495320,6510374355
19535389,6510514346
19575457,6510656657
19615525,6510801794
19655593,6510942044
19695661,6511079265
19735729,6511220666
19775797,6511355633
19815864,6511495605
19855932,6511634053
19896000,6511765914
19936069,6511903939
19976137,6512043550
20016203,6512219907
20056270,6556708478
20096333,6616802298
20136396,6676897508
20176463,6736998234
20216530,6797097730
20256596,6857197620
20296659,6917291884
20336723,6977388118
20376757,7037438722
20416798,7097500780
20456840,7157563572
20496878,7217620500
20536912,7277671294
20572184,7330579660
20611996,7330724124
20652058,7330864470
20692118,7331004390
20732178,7331140762
20772239,7331278995
20812300,7331420129
20852360,7331555518
20892428,7331677764
20932497,7331797825
20972566,7331918712
21012635,7332039655
21052704,7332160020
21092772,7332279531
21132840,7332399714
21172908,7332520679
21212976,7332641274
21253044,7332760999
21293112,7332881596
21333180,7333002249
21373248,7333122702
21413316,7333243017
21453384,7333363132
21493452,7333483855
21533520,7333604502
21573588,7333724471
21613656,7333845114
21653724,7333965723
21693792,7334085768
21733860,7334206187
21773928,7334326348
21813995,7334446945
21854064,7334567580
21894132,7334687403
21934200,7334807604
21974268,7334928627
22014336,7335048950
22054404,7335169283
22094471,7335289053
22134539,7335427272
22174607,7335575059
22214675,7335721900
22254744,7335875436
22294812,7336018607
22334880,7336167097
22374948,7336318786
22415017,7336475019
22455085,7336595480
22495155,7336745379
22530206,7336936503
22570272,7397031090
22610338,7457131136
22650406,7517232570
22690471,7577329110
22730536,7637427046
22770603,7697528486
22810652,7757600616
22850688,7817654944
22890724,7877708584
22930770,7937778706
22970805,7997831176
23010845,8057891208
23050877,8117938110
23089919,8147052689
23129981,8147201053
23170042,8147349560
23210105,8147501038
23250166,8147648778
23290230,8147801102
23330290,8147947925
23370353,8148090306
23410421,8148219594
23450491,8148347765
23490559,8148476082
23530628,8148603875
23570697,8148732902
23610766,8148860875
23650835,8148989108
23690905,8149117557
23730974,8149246522
23771044,8149375593
23811113,8149503900
23851182,8149632567
23891251,8149762048
23931321,8149890971
23971390,8150019724
24011459,8150148845
24051529,8150277946
24091597,8150405561
24131667,8150534330
24171736,8150662791
24211805,8150792042
24251875,8150921394
24291944,8151049992
24332013,8151178888
24372083,8151308350
24412152,8151437042
24452221,8151565487
24492291,8151694350
24532360,8151823473
24572430,8151952818
24612499,8152081977
24652568,8152210974
24692637,8152340511
24732707,8152491559
24772776,8152653138
24812846,8152816313
24852915,8152979380
24892985,8153141663
24933053,8153308827
24973123,8153471846
25013193,8153665538
25053257,8183186608
25093322,8243284054
25133387,8303380746
25173452,8363478952
25213518,8423577854
25253584,8483676490
25293650,8543776276
25333709,8603864322
25373742,8663913742
25413772,8723958560
25453813,8784020204
25493843,8844065024
25533885,8904128646
25573913,8964168836
25611960,8977487763
25652022,8977627321
25692082,8977763841
25732142,8977899776
25772203,8978037650
25812263,8978177257
25852324,8978315691
25892387,8978441268
25932454,8978561152
25972521,8978680943
26012588,8978800442
26052655,8978919295
26092721,8979037894
26132788,8979157577
26172855,8979276916
26212922,8979396353
26252990,8979515650
26293056,8979634881
26333124,8979754560
26373191,8979873801
26413258,8979992986
26453325,8980112803
26493392,8980232456
26533459,8980351447
26573526,8980470594
26613593,8980590567
26653660,8980710060
26693727,8980829001
26733794,8980948654
26773862,8981068309
26813929,8981187368
26853996,8981306669
26894063,8981426100
26934130,8981545639
26974197,8981665280
27014264,8981784569
27054331,8981903748
27094397,8982022251
27134464,8982141862
27174531,8982260689
27214598,8982379704
27254665,8982499197
27294732,8982618478
27334799,8982737333
27374866,8982856478
27414933,8982976147
27455000,8983112909
27495070,8983259085
27527134,8983432656
27567183,9028591411
27607251,9088693463
27647315,9148790383
27687382,9208889935
27727448,9268989681
27767517,9329093521
27807574,9389178563
27847604,9449222739
27887639,9509275493
27927669,9569320051
27967710,9629382941
28007744,9689432791
28047789,9749500481
28079863,9797611273
28119879,9797767396
28159940,9797917521
28200001,9798065859
28240065,9798217947
28280127,9798367719
28320186,9798514278
28360246,9798660566
28400313,9798791330
28440382,9798919095
28480451,9799047576
28520520,9799175787
28560589,9799304572
28600658,9799432181
28640727,9799560626
28680796,9799689607
28720866,9799818618
28760935,9799946861
28801004,9800075434
28841074,9800204621
28881143,9800333234
28921212,9800461615
28961282,9800590426
29001351,9800719239
29041421,9800848010
29081489,9800975419
29121559,9801115507
29161631,9801286185
29201699,9801407520
29241767,9801527661
29281836,9801648154
29321904,9801768601
29361972,9801888926
29402040,9802009055
29442108,9802129844
29482176,9802250949
29522245,9802371460
29562313,9802491699
29602381,9802611953
29642449,9802732567
29682517,9802853801
29722585,9802973885
29762653,9803094214
29802721,9803215101
29842789,9803335392
29882857,9803455465
29922925,9803575962
29962993,9803696459
30003064,9803831124
30040118,9804026920
30080181,9863413535
30120247,9923512783
30160314,9983612285
30200377,10043707903
30240442,10103804639
30280507,10163901661
30320572,10224000179
30360624,10284077487
30400658,10344128795
30440693,10404181089
30480727,10464233121
30520765,10524289667
30560795,10584334347
30598828,10626479387
30638888,10626615908
30678949,10626753451
30719007,10626890699
30759069,10627029656
30799130,10627168123
30839192,10627310226
30879253,10627444403
30919321,10627565147
30959389,10627685196
30999457,10627804991
31039525,10627924850
31079593,10628045118
31119660,10628165129
31159727,10628284550
31199794,10628404891
31239861,10628524344
31279928,10628644153
31319995,10628764039
31360062,10628883761
31400129,10629003525
31440197,10629123783
31480263,10629243173
31520330,10629362619
31560397,10629482647
31600465,10629603013
31640532,10629722189
31680599,10629841592
31720666,10629961987
31760733,10630081226
31800800,10630200233
31840867,10630319914
31880934,10630439597
31921001,10630558936
31961068,10630678333
32001135,10630797688
32041202,10630917241
32081268,10631035854
32121335,10631154723
32161402,10631274250
32201469,10631394013
32241537,10631513838
32281604,10631633069
32321671,10631752624
32361738,10631872665
32401805,10631991940
32441872,10632110795
32481939,10632230114
32522009,10632385318
32554059,10647551489
32594123,10707648475
32634186,10767743465
32674251,10827840565
32714316,10887938275
32754384,10948040603
32794450,11008138795
32834501,11068214821
32874537,11128269319
32914569,11188316595
32954607,11248374987
32994640,11308423299
33034669,11368467409
33074701,11428514865
33111741,11454904718
33151804,11455053286
33191865,11455194344
33231926,11455333000
33271986,11455471749
33312048,11455617137
33352108,11455762627
33392171,11455899559
33432240,11456029375
33472309,11456157510
33512378,11456286091
33552447,11456414316
33592516,11456543101
33632586,11456672684
33672655,11456801711
33712724,11456930486
33752794,11457060019
33792863,11457189248
33832933,11457318421
33873002,11457447462
33913071,11457576565
33953140,11457705916
33993210,11457835315
34033279,11457963948
34073348,11458093217
34113417,11458221431
34153487,11458350685
34193556,11458479705
34233625,11458609453
34273695,11458738711
34313764,11458868322
34353833,11458997829
34393903,11459127461
34433972,11459257100
34474041,11459386575
34514111,11459515238
34554180,11459644501
34594249,11459774122
34634319,11459903203
34674388,11460032002
34714457,11460161567
34754527,11460290828
34794596,11460420043
34834665,11460549110
34874735,11460678275
34914804,11460807628
34954873,11460937065
34994943,11461065744
35035010,11461236151
35067056,11490687799
35107122,11550785977
35147189,11610887875
35187255,11670985903
35227322,11731086815
35267387,11791183867
35307454,11851285375
35347503,11911357795
35387536,11971407611
35427575,12031466625
35467620,12091533553
35507663,12151597993
35547697,12211648851
35587728,12271696523
35626773,12286161301
35666834,12286315181
35706894,12286473647
35746952,12286634415
35787012,12286798648
35827069,12286961085
35867128,12287121374
35907196,12287303944
35947265,12287474092
35987334,12287652600
36027403,12287815586
36067472,12287992650
36107541,12288168733
36147610,12288331942
36187679,12288490542
36227749,12288638390
36267818,12288766897
36307887,12288896040
36347957,12289025333
36388026,12289154306
36428095,12289283067
36468165,12289412472
36508236,12289617510
36548296,12289807380
36588362,12289963164
36628429,12290083327
36668496,12290205678
36708563,12290346101
36748630,12290487670
36788697,12290624279
36828764,12290763783
36868832,12290899373
36908899,12291041299
36948965,12291184117
36989032,12291322760
37029100,12291460427
37069166,12291601725
37109232,12291751845
37149299,12291893057
37189366,12292031227
37229433,12292166678
37269500,12292305223
37309567,12292441498
37349634,12292576191
37389700,12292713462
37429766,12292852246
37469833,12292991870
37509904,12293135373
37540967,12293303600
37581016,12338459865
37621081,12398558429
37661148,12458657627
37701216,12518760433
37741286,12578864889
37781351,12638961989
37821417,12699061217
37861460,12759125617
37901492,12819174605
37941527,12879227043
37981568,12939287619
38021600,12999335689
38061631,13059382559
38098782,13115108663
38138718,13115261221
38178779,13115408325
38218841,13115555892
38258903,13115702722
38298965,13115850239
38339027,13115998430
38379087,13116143838
38419155,13116273716
38459224,13116401931
38499292,13116530184
38539361,13116658619
38579430,13116787036
38619500,13116915689
38659568,13117043340
38699637,13117172095
38739706,13117300684
38779776,13117429663
38819845,13117558272
38859914,13117687241
38899984,13117816368
38940053,13117945129
38980122,13118073716
39020191,13118201849
39060260,13118330662
39100329,13118458329
39140398,13118586206
39180467,13118714453
39220536,13118843028
39260605,13118971293
39300674,13119099564
39340743,13119227397
39380811,13119355624
39420881,13119484187
39460950,13119612654
39501019,13119741357
39541089,13119870572
39581158,13119999437
39621227,13120128016
39661297,13120256855
39701366,13120386292
39741436,13120515345
39781504,13120643558
39821573,13120772425
39861642,13120900818
39901711,13121029637
39941780,13121157860
39981849,13121286337
40021920,13121436326
40053967,13121626951
40094033,13181030952
40134101,13241132658
40174165,13301229316
40214233,13361331028
40254297,13421426652
40294363,13481526156
40334416,13541604872
40374451,13601658146
40414484,13661706846
40454535,13721784076
40494572,13781839394
40534603,13841884844
40574632,13901930118
40612669,13930400603
40652728,13930538694
40692786,13930677555
40732847,13930817916
40772906,13930959863
40812966,13931103235
40853025,13931245069
40893086,13931379030
40933153,13931500201
40973221,13931621047
41013290,13931741463
41053358,13931861703
41093425,13931981848
41133493,13932102150
41173561,13932222863
41213629,13932343462
41253697,13932463801
41293765,13932584376
41333833,13932705145
41373901,13932825256
41413969,13932945379
41454037,13933066626
41494105,13933187283
41534173,13933307916
41574241,13933428513
41614309,13933549242
41654377,13933669239
41694444,13933789358
41734513,13933909591
41774581,13934030472
41814649,13934167227
41854717,13934311840
41894785,13934449159
41934853,13934593370
41974921,13934739157
42014989,13934882783
42055057,13935021119
42095125,13935161120
42135192,13935302133
42175260,13935441588
42215328,13935577823
42255396,13935723630
42295464,13935860119
42335533,13936003820
42375601,13936137583
42415669,13936279250
42455738,13936427447
42495806,13936570579
42535875,13936739070
42567922,13951913631
42607988,14012012663
42648055,14072112439
42688121,14132211829
42728188,14192312599
42768253,14252410497
42808319,14312508507
42848384,14372606419
42888422,14432663583
42928461,14492721597
42968498,14552777139
43008541,14612841351
43048569,14672883815
43088598,14732928273
43122636,14754517785
43162698,14754656465
43202760,14754794424
43242821,14754933250
43282881,14755070485
43322942,14755207902
43363001,14755341954
43403066,14755468533
43443132,14755588473
43483199,14755708252
43523266,14755827713
43563334,14755947018
43603401,14756066789
43643468,14756186168
43683535,14756305782
43723602,14756425766
43763669,14756545110
43803736,14756664118
43843803,14756783429
43883871,14756903320
43923937,14757022129
43964004,14757141256
44004071,14757261453
44044139,14757380774
44084205,14757499973
44124272,14757618909
44164339,14757738596
44204407,14757858267
44244473,14757977538
44284540,14758096613
44324608,14758216018
44364675,14758335323
44404742,14758454314
44444809,14758573235
44484876,14758692812
44524943,14758811965
44565010,14758930840
44605077,14759049909
44645144,14759169468
44685211,14759288791
44725278,14759407644
44765345,14759526939
44805412,14759646404
44845480,14759765635
44885547,14759884542
44925614,14760003707
44965681,14760122996
45005748,14760242399
45045815,14760399123
45080871,14789754157
45120939,14849855189
45161006,14909956325
45201073,14970055877
45241138,15030154209
45281202,15090249787
45321263,15150341565
45361294,15210388137
45401327,15270436977
45441368,15330499019
45481413,15390566939
45521449,15450620185
45561484,15510673497
45601327,15570436699
45640564,15570583841
45680623,15570727729
45720682,15570872523
45760740,15571015914
45800799,15571159773
45840859,15571304719
45880918,15571448205
45920982,15571571449
45961051,15571692164
46001119,15571812465
46041187,15571932800
46081255,15572053387
46121322,15572173997
46161390,15572294122
46201458,15572414485
46241526,15572535604
46281594,15572656191
46321662,15572776470
46361730,15572897099
46401798,15573017736
46441866,15573138323
46481934,15573258550
46522002,15573378965
46562070,15573499744
46602138,15573620159
46642206,15573740246
46682274,15573860653
46722342,15573981240
46762410,15574101837
46802478,15574222032
46842546,15574342051
46882614,15574462836
46922682,15574583339
46962750,15574703478
47002818,15574823765
47042886,15574944390
47082954,15575064895
47123021,15575184362
47163089,15575304395
47203157,15575425170
47243225,15575545619
47283293,15575665600
47323361,15575786015
47363429,15575906642
47403497,15576026863
47443565,15576155422
47483634,15576304397
47523706,15576457685
47554836,15576600547
47594818,15621662194
47634883,15681759406
47674946,15741854224
47715018,15801961796
47755080,15862055856
47795145,15922152682
47835213,15982254648
47875277,16042350336
47915317,16102410620
47955360,16162474544
47995389,16222518250
48035431,16282581928
48075475,16342647884
48111638,16396892416
48151569,16397046566
48191632,16397194890
48231695,16397348768
48271754,16397503429
48311817,16397670916
48351876,16397835280
48391936,16397999985
48432005,16398152518
48472074,16398310451
48512143,16398469718
48552212,16398640254
48592281,16398817144
48632351,16398992016
48672420,16399166663
48712489,16399342725
48752559,16399517575
48792628,16399681420
48832698,16399859800
48872767,16400034188
48912836,16400208351
48952905,16400384931
48992975,16400559597
49033044,16400732408
49073114,16400910196
49113183,16401085278
49153252,16401237520
49193321,16401405319
49233390,16401566355
49273459,16401734955
49313529,16401894129
49353598,16402059290
49393667,16402225117
49433737,16402391945
49473806,16402552797
49513875,16402717111
49553945,16402876980
49594014,16403039520
49634083,16403207511
49674153,16403372878
49714222,16403538535
49754291,16403698785
49794361,16403864524
49834430,16404025483
49874499,16404192527
49914569,16404353388
49954638,16404513096
49994707,16404685581
50034778,16404867589
50067827,16405054364
50107897,16464497183
50147963,16524596179
50188029,16584695799
50228095,16644793491
50268160,16704891361
50308228,16764993273
50348268,16825053605
50388304,16885107609
50428337,16945157211
50468371,17005208155
50508408,17065263515
50548441,17125313699
50588478,17185369173
50624507,17225232414
50664568,17225368181
50704630,17225505022
50744689,17225641836
50784749,17225776555
50824809,17225912464
50864870,17226048788
50904931,17226180278
50944998,17226300658
50985066,17226420571
51025134,17226540804
51065203,17226660283
51105270,17226779982
51145337,17226898771
51185404,17227018566
51225472,17227138157
51265539,17227257384
51305606,17227376859
51345673,17227496380
51385740,17227615679
51425807,17227735114
51465874,17227854361
51505941,17227973604
51546009,17228094083
51586075,17228212910
51626142,17228332027
51666209,17228451936
51706277,17228571531
51746343,17228690532
51786411,17228809991
51826478,17228929918
51866545,17229049549
51906612,17229168576
51946679,17229288245
51986746,17229407904
52026813,17229527121
52066880,17229646862
52106947,17229765891
52147013,17229884861
52187081,17230004214
52227147,17230123193
52267214,17230242244
52307282,17230361899
52347349,17230481500
52387416,17230600389
52427483,17230719390
52467550,17230839491
52507617,17230958758
52547686,17231112541
52581737,17246280515
52621803,17306380357
52661869,17366477959
52701937,17426579807
52742003,17486680371
52782069,17546779277
52822138,17606882045
52862204,17666981449
52902264,17727070847
52942297,17787120625
52982341,17847186765
53022382,17907247949
53062431,17967322201
53102470,18027380437
53140521,18040135277
53180582,18040284736
53220643,18040434322
53260706,18040587492
53300766,18040735328
53340828,18040880763
53380890,18041021625
53420954,18041149107
53461022,18041270352
53501090,18041390722
53541158,18041510676
53581226,18041631480
53621294,18041752378
53661362,18041872359
53701430,18041992582
53741498,18042113765
53781566,18042234188
53821634,18042354359
53861702,18042475150
53901770,18042595761
53941838,18042716440
53981906,18042836557
54021974,18042956592
54062042,18043077601
54102110,18043197964
54142178,18043317543
54182246,18043438200
54222314,18043558557
54262382,18043679106
54302450,18043799127
54342518,18043919238
54382586,18044039827
54422654,18044160270
54462722,18044280343
54502790,18044400888
54542858,18044521615
54582927,18044642120
54622994,18044762501
54663062,18044882556
54703130,18045003555
54743198,18045124116
54783266,18045244045
54823334,18045364246
54863402,18045484775
54903470,18045605096
54943538,18045725351
54983606,18045845484
55023674,18045966035
55063740,18046130971
55094789,18075606635
55134853,18135701705
55174921,18195804329
55214983,18255896919
55255047,18315993517
55295114,18376092835
55335152,18436150737
55375179,18496190535
55415212,18556239653
55455246,18616291083
55495287,18676353663
55535333,18736421119
55575377,18796488011
55611353,18850451903
55650464,18850597251
55690525,18850733979
55730586,18850870679
55770646,18851006966
55810707,18851144634
55850767,18851279989
55890830,18851420367
55930896,18851542797
55970964,18851663934
56011033,18851785664
56051101,18851906508
56091169,18852027700
56131237,18852149082
56171305,18852270624
56211373,18852391982
56251441,18852513530
56291509,18852635736
56331577,18852758054
56371644,18852879501
56411712,18853001232
56451780,18853122743
56491849,18853244290
56531916,18853365383
56571984,18853486644
56612052,18853607939
56652121,18853729392
56692188,18853850087
56732256,18853971046
56772324,18854092063
56812392,18854212680
56852460,18854332735
56892528,18854452934
56932596,18854573693
56972664,18854694284
57012732,18854814489
57052800,18854934552
57092868,18855055415
57132936,18855175900
57173003,18855295061
57213071,18855415074
57253139,18855538507
57293208,18855685503
57333276,18855837575
57373344,18855980114
57413413,18856128463
57453481,18856277106
57493549,18856421231
57533620,18856563767
57568689,18856732779
57608739,18901886424
57648805,18961984668
57688867,19022078032
57728932,19082175594
57768997,19142273216
57809062,19202370704
57849129,19262470528
57889193,19322566846
57929259,19382666022
57969295,19442719930
58009341,19502788330
58049383,19562852122
58089417,19622902606
58122276,19672191302
58161494,19672341089
58201554,19672488340
58241615,19672637443
58281677,19672787153
58321738,19672937612
58361800,19673088345
58401861,19673238546
58441922,19673377256
58481990,19673506744
58522059,19673634903
58562128,19673763680
58602197,19673892021
58642266,19674020604
58682336,19674149853
58722406,19674278878
58762474,19674407449
58802544,19674536258
58842613,19674665095
58882683,19674793906
58922752,19674922535
58962821,19675050996
59002890,19675179999
59042960,19675309128
59083029,19675437417
59123098,19675565996
59163168,19675694083
59203237,19675822802
59243306,19675951257
59283375,19676080226
59323445,19676209107
59363514,19676337990
59403583,19676466643
59443653,19676595118
59483722,19676724363
59523791,19676853848
59563860,19676981897
59603929,19677110578
59643998,19677238973
59684067,19677367910
59724136,19677495963
59764205,19677624036
59804274,19677752627
59844343,19677881448
59884412,19678009263
59924481,19678138024
59964550,19678267439
60004620,19678396140
60044693,19678541394
60081746,19678749228
60121809,19738220697
60161877,19798322369
60201941,19858418521
60242007,19918517625
60282071,19978613539
60322106,20038666555
60362137,20098713161
60402170,20158761995
60442206,20218815657
60482247,20278877653
60522281,20338929277
60562312,20398975123
60602345,20459024473
60640386,20487119889
60680446,20487256981
60720507,20487396338
60760570,20487536198
60800630,20487672600
60840691,20487810708
60880750,20487945856
60920814,20488076322
60960882,20488197216
61000949,20488316493
61041018,20488436274
61081085,20488556301
61121154,20488675730
61161221,20488795441
61201289,20488914946
61241357,20489034589
61281426,20489154794
61321493,20489274377
61361561,20489393888
61401629,20489514097
61441698,20489633752
61481766,20489753531
61521833,20489873362
61561901,20489993059
61601970,20490113338
61642037,20490232651
61682105,20490351964
61722173,20490472347
61762242,20490592070
61802309,20490711389
61842377,20490831146
61882445,20490950999
61922514,20491070994
61962581,20491190417
62002649,20491309642
62042717,20491429949
62082786,20491549742
62122853,20491669003
62162921,20491789123
62202989,20491909531
62243058,20492029501
62283126,20492149555
62323194,20492269715
62363262,20492390903
62403330,20492512025
62443398,20492631983
62483466,20492752960
62523534,20492873603
TS,3
39288,95896740
79356,95907374
119424,95918008
159492,95928642
199561,95939276
239629,95949910
279698,95960544
319765,95971178
359834,95981812
399902,95992446
439970,96003080
480038,96013714
520106,96024348
560174,96034982
600242,96045616
640310,96056250
680378,96066884
720446,96077518
760514,96088152
800583,96098786
840651,96109420
880719,96120054
920787,96130688
960855,96141322
1000922,96151956
1040990,96162590
1081058,96173224
1121126,96183858
1161194,96194492
1201262,96205126
1241331,96215760
1281398,96226394
1321466,96237028
1361534,96247662
1401602,96258296
1441670,96268930
1481738,96279564
1521807,96290198
1561875,96300832
1601943,96311466
1642011,96322100
1682079,96332734
1722148,96343368
1762215,96354002
1802283,96364636
1842352,96375270
1882420,96385904
1922488,96396538
1962556,96407172
2002624,96417806
2042692,96428440
2082759,96439074
2122827,96449708
2162895,96460342
2202963,96470976
2243031,96481610
2283099,96492244
2323168,96502878
2363235,96513512
2403303,96524146
2443372,96534780
2483441,96545414
2522501,99763167
2562569,104260704
2602634,110515351
2642698,116950267
2682763,123360697
2722830,129744107
2762896,135610265
2802954,141436181
2843002,147721554
2883042,153994668
2923083,159975900
2963115,165443649
3003157,171464903
3043185,177789153
3076223,179241640
3116286,179252274
3156347,179262908
3196410,179273542
3236470,179284176
3276532,179294810
3316595,179305444
3356660,179316078
3396729,179326712
3436800,179337346
3476870,179347980
3516938,179358614
3557006,179369248
3597074,179379882
3637142,179390516
3677210,179401150
3717278,179411784
3757346,179422418
3797414,179433052
3837482,179443686
3877549,179454320
3917618,179464954
3957686,179475588
3997754,179486222
4037821,179496856
4077889,179507490
4117958,179518124
4158026,179528758
4198094,179539392
4238162,179550026
4278230,179560660
4318298,179571294
4358366,179581928
4398434,179592562
4438502,179603196
4478570,179613830
4518638,179624464
4558706,179635098
4598774,179645732
4638842,179656366
4678910,179667000
4718978,179677634
4759046,179688268
4799114,179698902
4839182,179709536
4879250,179720170
4919318,179730804
4959390,179741438
4996028,179751466
5035510,184040552
5075576,189198739
5115642,195080267
5155707,201489076
5195774,207893178
5235840,214272627
5275906,220617532
5315975,226241833
5356009,232287840
5396044,238595069
5436073,244851877
5476108,251056648
5516154,257326108
5550653,262436045
5590235,262447098
5630296,262457732
5670356,262468366
5710416,262479000
5750476,262489634
5790536,262500268
5830594,262510902
5870662,262521536
5910731,262532170
5950800,262542804
5990869,262553438
6030938,262564072
6071007,262574706
6111076,262585340
6151145,262595974
6191215,262606608
6231284,262617242
6271353,262627876
6311423,262638510
6351492,262649144
6391561,262659778
6431631,262670412
6471700,262681046
6511770,262691680
6551839,262702314
6591908,262712948
6631977,262723582
6672047,262734216
6712116,262744850
6752185,262755484
6792255,262766118
6832324,262776752
6872393,262787386
6912463,262798020
6952532,262808654
6992601,262819288
7032670,262829922
7072739,262840556
7112809,262851190
7152878,262861824
7192948,262872458
7233019,262883092
7273090,262893726
7313160,262904360
7353230,262914994
7393293,262925628
7433359,262936262
7473429,262946896
7509483,263027540
7549549,267823533
7589614,274246639
7629683,280690500
7669749,286481496
7709811,292519860
7749880,298893097
7789923,305318927
7829956,311718769
7869989,317997058
7910027,324323636
7950073,330602343
7990119,336878880
8030158,343417242
8064200,345686723
8104260,345697357
8144322,345707991
8184382,345718625
8224443,345729259
8264502,345739893
8304564,345750527
8344627,345761161
8384695,345771795
8424763,345782429
8464831,345793063
8504899,345803697
8544967,345814331
8585035,345824965
8625103,345835599
8665171,345846233
8705239,345856867
8745307,345867501
8785375,345878135
8825443,345888769
8865511,345899403
8905579,345910037
8945647,345920671
8985715,345931305
9025782,345941939
9065850,345952573
9105918,345963207
9145986,345973841
9186054,345984475
9226122,345995109
9266190,346005743
9306258,346016377
9346326,346027011
9386394,346037645
9426462,346048279
9466530,346058913
9506598,346069547
9546666,346080181
9586734,346090815
9626802,346101449
9666870,346112083
9706938,346122717
9747006,346133351
9787074,346143985
9827142,346154619
9867210,346165253
9907278,346175887
9947346,346186521
9987418,346197155
10022470,348088595
10062533,352348474
10102599,358790917
10142664,365228350
10182734,371499417
10222796,377334454
10262861,383414509
10302924,389744430
10342979,396054086
10383018,402342533
10423060,408659801
10463101,414470761
10503132,420149358
10543168,426216731
10583207,428893653
10623268,428904287
10663326,428914921
10703387,428925555
10743444,428936189
10783505,428946823
10823564,428957457
10863628,428968091
10903695,428978725
10943763,428989359
10983832,428999993
11023899,429010627
11063966,429021261
11104033,429031895
11144101,429042529
11184167,429053163
11224235,429063797
11264302,429074431
11304369,429085065
11344436,429095699
11384503,429106333
11424570,429116967
11464637,429127601
11504704,429138235
11544771,429148869
11584838,429159503
11624906,429170137
11664972,429180771
11705039,429191405
11745107,429202039
11785174,429212673
11825241,429223307
11865308,429233941
11905375,429244575
11945442,429255209
11985509,429265843
12025576,429276477
12065642,429287111
12105709,429297745
12145776,429308379
12185843,429319013
12225911,429329647
12265978,429340281
12306045,429350915
12346112,429361549
12386179,429372183
12426246,429382817
12466313,429393451
12506380,429404085
12546443,433935437
12586511,439116424
12626578,444954489
12666643,451165507
12706709,457572304
12746776,463950467
12786825,470353230
12826854,476781714
12866893,483109444
12906930,489340636
12946959,495341153
12986994,500831430
13027035,507068416
13059102,512089250
13099120,512100303
13139182,512110937
13179245,512121571
13219307,512132205
13259370,512142839
13299433,512153473
13339494,512164107
13379561,512174741
13419629,512185375
13459697,512196009
13499765,512206643
13539833,512217277
13579901,512227911
13619969,512238545
13660037,512249179
13700105,512259813
13740173,512270447
13780241,512281081
13820309,512291715
13860377,512302349
13900445,512312983
13940513,512323617
13980581,512334251
14020649,512344885
14060717,512355519
14100785,512366153
14140853,512376787
14180921,512387421
14220989,512398055
14261057,512408689
14301125,512419323
14341193,512429957
14381261,512440591
14421329,512451225
14461397,512461859
14501465,512472493
14541533,512483127
14581601,512493761
14621669,512504395
14661737,512515029
14701805,512525663
14741873,512536297
14781941,512546931
14822010,512557565
14862077,512568199
14902145,512578833
14942213,512589467
14982285,512600101
15019339,512662470
15059404,517416856
15099468,523836347
15139535,530050115
15179599,535884748
15219664,542109497
15259732,548483028
15299799,554820179
15339859,561137545
15379894,566982731
15419927,573304770
15459960,579384917
15499997,585931114
15540038,592628809
15579086,595296403
15619145,595307037
15659206,595317671
15699264,595328305
15739323,595338939
15779382,595349573
15819440,595360207
15859502,595370841
15899569,595381475
15939636,595392109
15979702,595402743
16019769,595413377
16059837,595424011
16099904,595434645
16139970,595445279
16180037,595455913
16220105,595466547
16260172,595477181
16300239,595487815
16340306,595498449
16380373,595509083
16420440,595519717
16460507,595530351
16500574,595540985
16540641,595551619
16580708,595562253
16620775,595572887
16660842,595583521
16700910,595594155
16740977,595604789
16781044,595615423
16821111,595626057
16861178,595636691
16901245,595647325
16941312,595657959
16981379,595668593
17021446,595679227
17061512,595689861
17101580,595700495
17141648,595711129
17181716,595721763
17221785,595732397
17261852,595743031
17301920,595753665
17341988,595764299
17382056,595774933
17422124,595785567
17462192,595796201
17502262,595806835
17533307,597730776
17573377,602003748
17613442,608448459
17653511,614885580
17693577,621300293
17733643,627135198
17773708,633057197
17813742,639440658
17853772,645777028
17893806,652074115
17933840,658308108
17973882,664454535
18013912,669791718
18053945,675886224
18092984,678532042
18133046,678542676
18173107,678553310
18213170,678563944
18253230,678574578
18293292,678585212
18333353,678595846
18373416,678606480
18413483,678617114
18453551,678627748
18493619,678638382
18533687,678649016
18573755,678659650
18613823,678670284
18653892,678680918
18693959,678691552
18734027,678702186
18774095,678712820
18814164,678723454
18854231,678734088
18894299,678744722
18934367,678755356
18974436,678765990
19014503,678776624
19054571,678787258
19094639,678797892
19134707,678808526
19174775,678819160
19214843,678829794
19254912,678840428
19294980,678851062
19335048,678861696
19375116,678872330
19415184,678882964
19455252,678893598
19495321,678904232
19535389,678914866
19575457,678925500
19615525,678936134
19655593,678946768
19695661,678957402
19735729,678968036
19775797,678978670
19815864,678989304
19855932,678999938
19896001,679010572
19936069,679021206
19976137,679031840
20016204,679042474
20056271,683396198
20096334,688327810
20136397,694339870
20176464,700769049
20216531,707174536
20256597,713551581
20296660,719711760
20336724,725270273
20376758,731574318
20416799,737858711
20456841,744155297
20496879,750352633
20536913,756589264
20572185,761727893
20611997,761738946
20652059,761749580
20692119,761760214
20732179,761770848
20772240,761781482
20812301,761792116
20852360,761802750
20892428,761813384
20932497,761824018
20972566,761834652
21012635,761845286
21052704,761855920
21092772,761866554
21132840,761877188
21172908,761887822
21212976,761898456
21253044,761909090
21293112,761919724
21333180,761930358
21373248,761940992
21413316,761951626
21453384,761962260
21493452,761972894
21533520,761983528
21573588,761994162
21613656,762004796
21653724,762015430
21693792,762026064
21733860,762036698
21773928,762047332
21813996,762057966
21854064,762068600
21894132,762079234
21934200,762089868
21974268,762100502
22014336,762111136
22054404,762121770
22094471,762132404
22134539,762143038
22174607,762153672
22214675,762164306
22254744,762174940
22294812,762185574
22334880,762196208
22374948,762206842
22415017,762217476
22455085,762228110
22495156,762238744
22530207,762300679
22570273,767070792
22610340,773493083
22650407,779939362
22690472,785749112
22730537,791767013
22770605,798139912
22810652,804547105
22850689,810919802
22890724,817226681
22930771,823622378
22970806,829832860
23010846,836051709
23050878,842294967
23089919,844934612
23129982,844945246
23170043,844955880
23210106,844966514
23250167,844977148
23290231,844987782
23330291,844998416
23370353,845009050
23410421,845019684
23450491,845030318
23490559,845040952
23530628,845051586
23570697,845062220
23610767,845072854
23650836,845083488
23690905,845094122
23730974,845104756
23771044,845115390
23811113,845126024
23851182,845136658
23891252,845147292
23931321,845157926
23971390,845168560
24011460,845179194
24051529,845189828
24091598,845200462
24131667,845211096
24171736,845221730
24211806,845232364
24251875,845242998
24291944,845253632
24332013,845264266
24372083,845274900
24412152,845285534
24452221,845296168
24492291,845306802
24532360,845317436
24572430,845328070
24612499,845338704
24652568,845349338
24692638,845359972
24732707,845370606
24772777,845381240
24812846,845391874
24852915,845402508
24892985,845413142
24933053,845423776
24973123,845434410
25013194,845445044
25053258,848652898
25093323,853030064
25133388,859404247
25173453,865838925
25213519,872250174
25253585,878636809
25293652,884426293
25333710,890328572
25373743,896697405
25413773,902928094
25453814,909205226
25493844,915020810
25533886,920589610
25573913,926868934
25611961,928160943
25652023,928171577
25692083,928182211
25732143,928192845
25772204,928203479
25812263,928214113
25852325,928224747
25892387,928235381
25932454,928246015
25972522,928256649
26012589,928267283
26052655,928277917
26092721,928288551
26132788,928299185
26172856,928309819
26212922,928320453
26252990,928331087
26293057,928341721
26333124,928352355
26373191,928362989
26413258,928373623
26453325,928384257
26493392,928394891
26533459,928405525
26573526,928416159
26613593,928426793
26653660,928437427
26693727,928448061
26733794,928458695
26773862,928469329
26813929,928479963
26853996,928490597
26894063,928501231
26934130,928511865
26974197,928522499
27014264,928533133
27054331,928543767
27094397,928554401
27134464,928565035
27174531,928575669
27214598,928586303
27254665,928596937
27294732,928607571
27334799,928618205
27374866,928628839
27414933,928639473
27455000,928650107
27495071,928660741
27527135,928680833
27567184,933237523
27607252,938441595
27647317,944275881
27687383,950468016
27727449,956873913
27767519,963249692
27807575,969628686
27847605,975988136
27887640,982063871
27927670,987566564
27967711,993695109
28007745,999980189
28047790,1006319584
28079864,1011390752
28119880,1011401805
28159941,1011412439
28200002,1011423073
28240066,1011433707
28280128,1011444341
28320187,1011454975
28360247,1011465609
28400313,1011476243
28440382,1011486877
28480451,1011497511
28520520,1011508145
28560589,1011518779
28600658,1011529413
28640727,1011540047
28680797,1011550681
28720866,1011561315
28760935,1011571949
28801005,1011582583
28841074,1011593217
28881144,1011603851
28921213,1011614485
28961282,1011625119
29001351,1011635753
29041421,1011646387
29081489,1011657021
29121560,1011667655
29161631,1011678289
29201699,1011688923
29241767,1011699557
29281836,1011710191
29321904,1011720825
29361972,1011731459
29402040,1011742093
29442108,1011752727
29482177,1011763361
29522245,1011773995
29562313,1011784629
29602381,1011795263
29642449,1011805897
29682517,1011816531
29722585,1011827165
29762653,1011837799
29802721,1011848433
29842789,1011859067
29882857,1011869701
29922925,1011880335
29962993,1011890969
30003065,1011901603
30040119,1011963972
30080182,1016719015
30120248,1023124997
30160315,1029148710
30200378,1035027920
30240443,1041396254
30280508,1047767061
30320574,1054102051
30360625,1060305281
30400659,1066444946
30440694,1072197693
30480729,1078236370
30520766,1084446317
30560796,1090678482
30598829,1094597644
30638889,1094608278
30678950,1094618912
30719008,1094629546
30759070,1094640180
30799131,1094650814
30839193,1094661448
30879254,1094672082
30919321,1094682716
30959389,1094693350
30999457,1094703984
31039525,1094714618
31079593,1094725252
31119660,1094735886
31159727,1094746520
31199794,1094757154
31239861,1094767788
31279928,1094778422
31319995,1094789056
31360062,1094799690
31400129,1094810324
31440197,1094820958
31480263,1094831592
31520330,1094842226
31560398,1094852860
31600465,1094863494
31640532,1094874128
31680599,1094884762
31720666,1094895396
31760733,1094906030
31800800,1094916664
31840867,1094927298
31880934,1094937932
31921001,1094948566
31961068,1094959200
32001135,1094969834
32041202,1094980468
32081268,1094991102
32121335,1095001736
32161402,1095012370
32201470,1095023004
32241537,1095033638
32281604,1095044272
32321671,1095054906
32361738,1095065540
32401805,1095076174
32441872,1095086808
32481939,1095097442
32522010,1095108076
32554060,1097012886
32594124,1101275116
32634187,1107721965
32674252,1114161303
32714317,1120575620
32754386,1126489324
32794451,1132343916
32834502,1138729284
32874538,1145100655
32914569,1151385613
32954608,1157480981
32994641,1162754730
33034670,1168970190
33074702,1175232552
33111742,1177802852
33151805,1177813486
33191866,1177824120
33231927,1177834754
33271987,1177845388
33312049,1177856022
33352108,1177866656
33392172,1177877290
33432240,1177887924
33472309,1177898558
33512378,1177909192
33552447,1177919826
33592517,1177930460
33632586,1177941094
33672656,1177951728
33712725,1177962362
33752794,1177972996
33792863,1177983630
33832933,1177994264
33873002,1178004898
33913071,1178015532
33953141,1178026166
33993210,1178036800
34033279,1178047434
34073349,1178058068
34113418,1178068702
34153487,1178079336
34193556,1178089970
34233625,1178100604
34273695,1178111238
34313764,1178121872
34353833,1178132506
34393903,1178143140
34433972,1178153774
34474042,1178164408
34514111,1178175042
34554180,1178185676
34594249,1178196310
34634319,1178206944
34674388,1178217578
34714457,1178228212
34754527,1178238846
34794596,1178249480
34834665,1178260114
34874735,1178270748
34914804,1178281382
34954874,1178292016
34994943,1178302650
35035011,1178313284
35067057,1181518581
35107123,1185802601
35147190,1192257426
35187256,1198691629
35227323,1205102262
35267388,1211411757
35307455,1217077128
35347504,1223212033
35387537,1229561416
35427576,1235828553
35467621,1242138327
35507664,1248330062
35547698,1253469728
35587730,1259690068
35626774,1261008472
35666835,1261019106
35706895,1261029740
35746953,1261040374
35787013,1261051008
35827070,1261061642
35867129,1261072276
35907196,1261082910
35947265,1261093544
35987334,1261104178
36027403,1261114812
36067473,1261125446
36107541,1261136080
36147610,1261146714
36187679,1261157348
36227749,1261167982
36267818,1261178616
36307888,1261189250
36347957,1261199884
36388026,1261210518
36428096,1261221152
36468165,1261231786
36508236,1261242420
36548296,1261253054
36588362,1261263688
36628429,1261274322
36668497,1261284956
36708564,1261295590
36748630,1261306224
36788697,1261316858
36828764,1261327492
36868832,1261338126
36908899,1261348760
36948966,1261359394
36989033,1261370028
37029100,1261380662
37069166,1261391296
37109233,1261401930
37149299,1261412564
37189366,1261423198
37229433,1261433832
37269500,1261444466
37309567,1261455100
37349634,1261465734
37389700,1261476368
37429766,1261487002
37469833,1261497636
37509905,1261508270
37540968,1261527437
37581017,1266084349
37621083,1271330520
37661149,1277146235
37701217,1283316485
37741287,1289721923
37781352,1296098511
37821418,1302440301
37861461,1308522237
37901493,1314059901
37941528,1320397054
37981568,1326573297
38021601,1332849664
38061632,1338768352
38098783,1344237498
38138719,1344248551
38178780,1344259185
38218842,1344269819
38258904,1344280453
38298966,1344291087
38339028,1344301721
38379087,1344312355
38419155,1344322989
38459224,1344333623
38499293,1344344257
38539362,1344354891
38579431,1344365525
38619500,1344376159
38659569,1344386793
38699638,1344397427
38739707,1344408061
38779776,1344418695
38819845,1344429329
38859914,1344439963
38899984,1344450597
38940053,1344461231
38980122,1344471865
39020191,1344482499
39060261,1344493133
39100329,1344503767
39140398,1344514401
39180467,1344525035
39220536,1344535669
39260605,1344546303
39300674,1344556937
39340743,1344567571
39380812,1344578205
39420881,1344588839
39460950,1344599473
39501019,1344610107
39541089,1344620741
39581158,1344631375
39621227,1344642009
39661297,1344652643
39701366,1344663277
39741436,1344673911
39781504,1344684545
39821573,1344695179
39861642,1344705813
39901711,1344716447
39941780,1344727081
39981849,1344737715
40021922,1344748349
40053968,1344809633
40094034,1349565689
40134102,1355984128
40174167,1362204387
40214234,1368030730
40254298,1374257046
40294365,1380625838
40334417,1387012432
40374452,1393418535
40414485,1399716484
40454536,1406113125
40494573,1412646098
40534604,1418683493
40574634,1424828936
40612670,1427443360
40652729,1427453994
40692787,1427464628
40732848,1427475262
40772907,1427485896
40812968,1427496530
40853026,1427507164
40893086,1427517798
40933153,1427528432
40973222,1427539066
41013290,1427549700
41053358,1427560334
41093425,1427570968
41133493,1427581602
41173561,1427592236
41213629,1427602870
41253697,1427613504
41293765,1427624138
41333833,1427634772
41373901,1427645406
41413969,1427656040
41454037,1427666674
41494105,1427677308
41534173,1427687942
41574241,1427698576
41614309,1427709210
41654377,1427719844
41694444,1427730478
41734513,1427741112
41774581,1427751746
41814649,1427762380
41854717,1427773014
41894785,1427783648
41934853,1427794282
41974921,1427804916
42014989,1427815550
42055057,1427826184
42095125,1427836818
42135192,1427847452
42175260,1427858086
42215328,1427868720
42255396,1427879354
42295465,1427889988
42335533,1427900622
42375601,1427911256
42415670,1427921890
42455738,1427932524
42495806,1427943158
42535876,1427953792
42567923,1429860305
42607989,1434121790
42648056,1440568535
42688122,1447008114
42728189,1453421726
42768254,1459335585
42808320,1465192722
42848385,1471523525
42888423,1477849026
42928462,1484147108
42968499,1490459987
43008542,1496498035
43048570,1502395023
43088600,1508732188
43122637,1510647950
43162699,1510658584
43202761,1510669218
43242822,1510679852
43282882,1510690486
43322943,1510701120
43363003,1510711754
43403066,1510722388
43443132,1510733022
43483200,1510743656
43523267,1510754290
43563334,1510764924
43603401,1510775558
43643468,1510786192
43683535,1510796826
43723602,1510807460
43763669,1510818094
43803736,1510828728
43843803,1510839362
43883871,1510849996
43923937,1510860630
43964004,1510871264
44004072,1510881898
44044139,1510892532
44084206,1510903166
44124272,1510913800
44164339,1510924434
44204407,1510935068
44244474,1510945702
44284541,1510956336
44324608,1510966970
44364675,1510977604
44404742,1510988238
44444809,1510998872
44484876,1511009506
44524943,1511020140
44565010,1511030774
44605077,1511041408
44645144,1511052042
44685212,1511062676
44725279,1511073310
44765346,1511083944
44805413,1511094578
44845480,1511105212
44885547,1511115846
44925614,1511126480
44965681,1511137114
45005748,1511147748
45045816,1511158382
45080873,1514362084
45120940,1518683596
45161007,1525109050
45201074,1531542968
45241139,1537952590
45281203,1544305497
45321264,1550197521
45361295,1557138159
45401328,1562924171
45441369,1569162227
45481415,1576160442
45521450,1582218715
45561485,1588032941
45601327,1593843197
45640565,1593854250
45680623,1593864884
45720683,1593875518
45760741,1593886152
45800800,1593896786
45840860,1593907420
45880919,1593918054
45920983,1593928688
45961051,1593939322
46001119,1593949956
46041187,1593960590
46081255,1593971224
46121322,1593981858
46161390,1593992492
46201458,1594003126
46241526,1594013760
46281595,1594024394
46321662,1594035028
46361730,1594045662
46401798,1594056296
46441866,1594066930
46481934,1594077564
46522002,1594088198
46562070,1594098832
46602139,1594109466
46642206,1594120100
46682274,1594130734
46722342,1594141368
46762410,1594152002
46802478,1594162636
46842546,1594173270
46882614,1594183904
46922683,1594194538
46962750,1594205172
47002818,1594215806
47042886,1594226440
47082955,1594237074
47123021,1594247708
47163089,1594258342
47203157,1594268976
47243226,1594279610
47283293,1594290244
47323361,1594300878
47363429,1594311512
47403497,1594322146
47443565,1594332780
47483634,1594343414
47523707,1594354048
47554837,1594381259
47594819,1598921276
47634884,1603906439
47674947,1609793270
47715019,1616146078
47755081,1622552337
47795146,1628931355
47835214,1635276532
47875278,1640958334
47915318,1646865428
47955360,1653102160
47995390,1658975855
48035432,1664584990
48075476,1671309108
48111639,1677085418
48151571,1677096471
48191633,1677107105
48231696,1677117739
48271755,1677128373
48311818,1677139007
48351877,1677149641
48391937,1677160275
48432005,1677170909
48472074,1677181543
48512144,1677192177
48552212,1677202811
48592282,1677213445
48632351,1677224079
48672420,1677234713
48712490,1677245347
48752559,1677255981
48792628,1677266615
48832698,1677277249
48872767,1677287883
48912836,1677298517
48952906,1677309151
48992975,1677319785
49033044,1677330419
49073114,1677341053
49113183,1677351687
49153252,1677362321
49193321,1677372955
49233390,1677383589
49273459,1677394223
49313529,1677404857
49353598,1677415491
49393667,1677426125
49433737,1677436759
49473806,1677447393
49513875,1677458027
49553945,1677468661
49594014,1677479295
49634083,1677489929
49674153,1677500563
49714223,1677511197
49754292,1677521831
49794361,1677532465
49834430,1677543099
49874499,1677553733
49914569,1677564367
49954638,1677575001
49994707,1677585635
50034779,1677596269
50067828,1677657770
50107898,1682415266
50147964,1688836659
50188030,1695102119
50228096,1700952455
50268161,1707113199
50308229,1713488871
50348269,1719917820
50388305,1726354898
50428338,1732623872
50468372,1738829238
50508409,1744007900
50548442,1750163136
50588479,1756428581
50624508,1760291030
50664569,1760301664
50704631,1760312298
50744690,1760322932
50784750,1760333566
50824810,1760344200
50864871,1760354834
50904931,1760365468
50944999,1760376102
50985067,1760386736
51025135,1760397370
51065203,1760408004
51105271,1760418638
51145338,1760429272
51185405,1760439906
51225472,1760450540
51265539,1760461174
51305606,1760471808
51345673,1760482442
51385740,1760493076
51425807,1760503710
51465874,1760514344
51505941,1760524978
51546009,1760535612
51586075,1760546246
51626142,1760556880
51666210,1760567514
51706277,1760578148
51746344,1760588782
51786411,1760599416
51826478,1760610050
51866545,1760620684
51906612,1760631318
51946679,1760641952
51986746,1760652586
52026813,1760663220
52066880,1760673854
52106947,1760684488
52147014,1760695122
52187081,1760705756
52227147,1760716390
52267214,1760727024
52307282,1760737658
52347349,1760748292
52387416,1760758926
52427483,1760769560
52467550,1760780194
52507617,1760790828
52547687,1760801462
52581738,1762708104
52621805,1766970119
52661870,1773415435
52701938,1779855781
52742005,1786269122
52782070,1792183035
52822139,1798038093
52862205,1804366827
52902265,1810665294
52942298,1816937903
52982342,1823278425
53022383,1829574206
53062432,1835882765
53102471,1842208236
53140522,1843496933
53180583,1843507567
53220644,1843518201
53260707,1843528835
53300767,1843539469
53340829,1843550103
53380891,1843560737
53420955,1843571371
53461022,1843582005
53501090,1843592639
53541158,1843603273
53581226,1843613907
53621295,1843624541
53661362,1843635175
53701430,1843645809
53741499,1843656443
53781567,1843667077
53821634,1843677711
53861702,1843688345
53901770,1843698979
53941839,1843709613
53981906,1843720247
54021974,1843730881
54062042,1843741515
54102111,1843752149
54142178,1843762783
54182246,1843773417
54222314,1843784051
54262383,1843794685
54302450,1843805319
54342518,1843815953
54382586,1843826587
54422655,1843837221
54462722,1843847855
54502790,1843858489
54542859,1843869123
54582927,1843879757
54622994,1843890391
54663062,1843901025
54703130,1843911659
54743199,1843922293
54783266,1843932927
54823334,1843943561
54863402,1843954195
54903470,1843964829
54943538,1843975463
54983606,1843986097
55023674,1843996731
55063741,1844007365
55094790,1847212681
55134854,1851592128
55174922,1857962510
55214984,1864396756
55255048,1870805888
55295115,1877187919
55335153,1883637727
55375180,1890039446
55415212,1896316605
55455247,1902332163
55495288,1908594745
55535333,1915038563
55575378,1921508541
55611354,1926690488
55650466,1926701541
55690525,1926712175
55730587,1926722809
55770646,1926733443
55810708,1926744077
55850768,1926754711
55890830,1926765345
55930897,1926775979
55970965,1926786613
56011033,1926797247
56051101,1926807881
56091169,1926818515
56131237,1926829149
56171305,1926839783
56211373,1926850417
56251441,1926861051
56291509,1926871685
56331577,1926882319
56371644,1926892953
56411713,1926903587
56451781,1926914221
56491849,1926924855
56531917,1926935489
56571985,1926946123
56612053,1926956757
56652121,1926967391
56692188,1926978025
56732256,1926988659
56772324,1926999293
56812393,1927009927
56852460,1927020561
56892528,1927031195
56932596,1927041829
56972665,1927052463
57012732,1927063097
57052800,1927073731
57092869,1927084365
57132937,1927094999
57173003,1927105633
57213071,1927116267
57253139,1927126901
57293208,1927137535
57333276,1927148169
57373344,1927158803
57413413,1927169437
57453481,1927180071
57493549,1927190705
57533622,1927201339
57568691,1927222006
57608741,1931772713
57648806,1936649974
57688868,1942567699
57728933,1948978462
57768998,1955384133
57809063,1961763425
57849130,1968107422
57889194,1973712564
57929260,1979717383
57969296,1985998229
58009342,1992381331
58049384,1998964724
58089418,2005290809
58122277,2009924697
58161495,2009935750
58201555,2009946384
58241616,2009957018
58281678,2009967652
58321739,2009978286
58361801,2009988920
58401861,2009999554
58441922,2010010188
58481990,2010020822
58522059,2010031456
58562128,2010042090
58602197,2010052724
58642267,2010063358
58682336,2010073992
58722406,2010084626
58762475,2010095260
58802544,2010105894
58842613,2010116528
58882683,2010127162
58922752,2010137796
58962821,2010148430
59002891,2010159064
59042960,2010169698
59083029,2010180332
59123099,2010190966
59163168,2010201600
59203237,2010212234
59243306,2010222868
59283375,2010233502
59323445,2010244136
59363514,2010254770
59403583,2010265404
59443653,2010276038
59483722,2010286672
59523791,2010297306
59563860,2010307940
59603929,2010318574
59643998,2010329208
59684067,2010339842
59724136,2010350476
59764205,2010361110
59804274,2010371744
59844343,2010382378
59884412,2010393012
59924481,2010403646
59964550,2010414280
60004620,2010424914
60044693,2010435548
60081747,2010497917
60121810,2015254648
60161878,2021673109
60201942,2027887031
60242008,2033730950
60282072,2039946789
60322107,2046795593
60362138,2053331425
60402171,2059655888
60442207,2065673710
60482248,2071802681
60522282,2078025420
60562313,2084269332
60602346,2090518341
60640386,2093131644
60680447,2093142278
60720508,2093152912
60760571,2093163546
60800631,2093174180
60840692,2093184814
60880751,2093195448
60920814,2093206082
60960882,2093216716
61000950,2093227350
61041018,2093237984
61081086,2093248618
61121154,2093259252
61161222,2093269886
61201290,2093280520
61241358,2093291154
61281426,2093301788
61321494,2093312422
61361562,2093323056
61401630,2093333690
61441698,2093344324
61481766,2093354958
61521834,2093365592
61561902,2093376226
61601970,2093386860
61642038,2093397494
61682106,2093408128
61722174,2093418762
61762242,2093429396
61802310,2093440030
61842378,2093450664
61882446,2093461298
61922514,2093471932
61962582,2093482566
62002650,2093493200
62042718,2093503834
62082786,2093514468
62122854,2093525102
62162922,2093535736
62202990,2093546370
62243058,2093557004
62283126,2093567638
62323194,2093578272
62363262,2093588906
62403330,2093599540
62443398,2093610174
62483466,2093620808
62523534,2093631442
TS,4
39288,638
79356,678
119424,718
159492,758
199561,798
239629,838
279698,878
319766,918
359834,958
399902,998
439970,1038
480038,1078
520106,1118
560174,1158
600242,1198
640310,1238
680378,1278
720447,1318
760514,1358
800583,1398
840651,1438
880719,1478
920787,1518
960855,1558
1000922,1598
1040990,1638
1081058,1678
1121126,1718
1161194,1758
1201262,1798
1241331,1838
1281398,1878
1321466,1918
1361535,1958
1401603,1998
1441671,2038
1481738,2078
1521807,2118
1561875,2158
1601943,2198
1642011,2238
1682079,2278
1722148,2318
1762216,2358
1802284,2398
1842352,2438
1882420,2478
1922488,2518
1962556,2558
2002625,2598
2042692,2638
2082760,2678
2122827,2718
2162895,2758
2202964,2798
2243031,2838
2283099,2878
2323168,2918
2363236,2958
2403303,2998
2443372,3038
2483441,3078
2522501,3119
2562570,3159
2602634,3199
2642698,3239
2682764,3279
2722831,3319
2762897,3359
2802955,3399
2843003,3439
2883042,3479
2923084,3519
2963116,3559
3003157,3599
3043186,3639
3076224,3672
3116287,3712
3156348,3752
3196411,3792
3236471,3832
3276533,3872
3316596,3912
3356660,3952
3396729,3992
3436800,4032
3476870,4072
3516938,4112
3557006,4152
3597074,4192
3637142,4232
3677210,4272
3717278,4312
3757346,4352
3797414,4392
3837482,4432
3877550,4472
3917618,4512
3957686,4552
3997754,4592
4037821,4632
4077889,4672
4117958,4712
4158026,4752
4198094,4792
4238162,4832
4278230,4872
4318298,4912
4358366,4952
4398434,4992
4438502,5032
4478570,5072
4518638,5112
4558706,5152
4598774,5192
4638842,5232
4678910,5272
4718978,5312
4759046,5352
4799114,5392
4839182,5432
4879250,5472
4919318,5512
4959391,5552
4996029,5589
5035510,5630
5075577,5670
5115643,5710
5155708,5750
5195775,5790
5235841,5830
5275907,5870
5315976,5910
5356010,5950
5396045,5990
5436074,6030
5476109,6070
5516154,6110
5550654,6144
5590236,6184
5630297,6224
5670357,6264
5710416,6304
5750476,6344
5790537,6384
5830594,6424
5870662,6464
5910731,6504
5950800,6544
5990869,6584
6030938,6624
6071007,6664
6111076,6704
6151146,6744
6191215,6784
6231284,6824
6271353,6864
6311423,6904
6351492,6944
6391562,6984
6431631,7024
6471700,7064
6511770,7104
6551839,7144
6591908,7184
6631978,7224
6672047,7264
6712116,7304
6752186,7344
6792255,7384
6832324,7424
6872394,7464
6912463,7504
6952532,7544
6992602,7584
7032670,7624
7072739,7664
7112809,7704
7152878,7744
7192948,7784
7233019,7824
7273090,7864
7313160,7904
7353230,7944
7393293,7984
7433360,8024
7473430,8064
7509484,8101
7549549,8142
7589615,8182
7629684,8222
7669750,8262
7709812,8302
7749881,8342
7789924,8382
7829957,8422
7869989,8462
7910028,8502
7950073,8542
7990119,8582
8030159,8622
8064201,8656
8104261,8696
8144322,8736
8184383,8776
8224443,8816
8264503,8856
8304565,8896
8344627,8936
8384695,8976
8424763,9016
8464831,9056
8504899,9096
8544967,9136
8585035,9176
8625103,9216
8665171,9256
8705239,9296
8745307,9336
8785375,9376
8825443,9416
8865511,9456
8905579,9496
8945647,9536
8985715,9576
9025782,9616
9065850,9656
9105918,9696
9145986,9736
9186054,9776
9226122,9816
9266190,9856
9306258,9896
9346326,9936
9386395,9976
9426462,10016
9466530,10056
9506598,10096
9546667,10136
9586734,10176
9626802,10216
9666870,10256
9706938,10296
9747006,10336
9787074,10376
9827142,10416
9867210,10456
9907278,10496
9947346,10536
9987419,10576
10022471,10613
10062534,10653
10102600,10693
10142665,10733
10182734,10773
10222797,10813
10262862,10853
10302925,10893
10342979,10933
10383019,10973
10423060,11013
10463102,11053
10503133,11093
10543169,11133
10583208,11173
10623268,11213
10663327,11253
10703388,11293
10743445,11333
10783506,11373
10823564,11413
10863628,11453
10903695,11493
10943763,11533
10983832,11573
11023900,11613
11063966,11653
11104034,11693
11144101,11733
11184167,11773
11224235,11813
11264302,11853
11304369,11893
11344436,11933
11384503,11973
11424570,12013
11464637,12053
11504704,12093
11544771,12133
11584838,12173
11624906,12213
11664972,12253
11705039,12293
11745107,12333
11785174,12373
11825241,12413
11865308,12453
11905375,12493
11945442,12533
11985510,12573
12025576,12613
12065642,12653
12105710,12693
12145776,12733
12185843,12773
12225911,12813
12265978,12853
12306045,12893
12346112,12933
12386179,12973
12426246,13013
12466313,13053
12506381,13093
12546444,13135
12586512,13175
12626579,13215
12666644,13255
12706710,13295
12746776,13335
12786826,13375
12826855,13415
12866894,13455
12906931,13495
12946960,13535
12986995,13575
13027035,13615
13059102,13647
13099121,13687
13139182,13727
13179246,13767
13219307,13807
13259371,13847
13299434,13887
13339495,13927
13379561,13967
13419629,14007
13459697,14047
13499765,14087
13539833,14127
13579901,14167
13619969,14207
13660037,14247
13700105,14287
13740173,14327
13780241,14367
13820309,14407
13860377,14447
13900445,14487
13940513,14527
13980581,14567
14020649,14607
14060717,14647
14100785,14687
14140853,14727
14180921,14767
14220989,14807
14261057,14847
14301125,14887
14341193,14927
14381261,14967
14421329,15007
14461397,15047
14501465,15087
14541533,15127
14581601,15167
14621669,15207
14661737,15247
14701805,15287
14741873,15327
14781941,15367
14822010,15407
14862078,15447
14902145,15487
14942214,15527
14982286,15567
15019341,15605
15059405,15646
15099468,15686
15139536,15726
15179600,15766
15219665,15806
15259733,15846
15299800,15886
15339860,15926
15379895,15966
15419927,16006
15459960,16046
15499998,16086
15540039,16126
15579086,16165
15619146,16205
15659207,16245
15699265,16285
15739324,16325
15779382,16365
15819441,16405
15859502,16445
15899569,16485
15939636,16525
15979703,16565
16019770,16605
16059837,16645
16099904,16685
16139971,16725
16180038,16765
16220105,16805
16260172,16845
16300239,16885
16340306,16925
16380373,16965
16420440,17005
16460508,17045
16500574,17085
16540642,17125
16580709,17165
16620776,17205
16660843,17245
16700910,17285
16740977,17325
16781044,17365
16821111,17405
16861178,17445
16901245,17485
16941312,17525
16981379,17565
17021446,17605
17061513,17645
17101580,17685
17141648,17725
17181716,17765
17221785,17805
17261852,17845
17301920,17885
17341988,17925
17382057,17965
17422124,18005
17462192,18045
17502263,18085
17533307,18118
17573378,18158
17613443,18198
17653512,18238
17693577,18278
17733644,18318
17773709,18358
17813743,18398
17853773,18438
17893807,18478
17933841,18518
17973883,18558
18013913,18598
18053946,18638
18092985,18677
18133046,18717
18173108,18757
18213171,18797
18253230,18837
18293292,18877
18333353,18917
18373416,18957
18413483,18997
18453551,19037
18493619,19077
18533687,19117
18573755,19157
18613824,19197
18653892,19237
18693959,19277
18734027,19317
18774095,19357
18814164,19397
18854231,19437
18894299,19477
18934367,19517
18974436,19557
19014503,19597
19054571,19637
19094639,19677
19134707,19717
19174776,19757
19214843,19797
19254912,19837
19294980,19877
19335048,19917
19375116,19957
19415184,19997
19455253,20037
19495321,20077
19535389,20117
19575457,20157
19615525,20197
19655593,20237
19695661,20277
19735729,20317
19775797,20357
19815864,20397
19855933,20437
19896001,20477
19936069,20517
19976137,20557
20016205,20597
20056272,20639
20096335,20679
20136398,20719
20176465,20759
20216532,20799
20256598,20839
20296661,20879
20336725,20919
20376759,20959
20416800,20999
20456842,21039
20496880,21079
20536914,21119
20572186,21154
20611998,21194
20652059,21234
20692120,21274
20732180,21314
20772240,21354
20812302,21394
20852360,21434
20892429,21474
20932497,21514
20972566,21554
21012635,21594
21052704,21634
21092772,21674
21132840,21714
21172908,21754
21212976,21794
21253044,21834
21293112,21874
21333180,21914
21373248,21954
21413316,21994
21453384,22034
21493452,22074
21533520,22114
21573588,22154
21613656,22194
21653724,22234
21693792,22274
21733860,22314
21773928,22354
21813996,22394
21854064,22434
21894132,22474
21934200,22514
21974268,22554
22014336,22594
22054404,22634
22094471,22674
22134539,22714
22174607,22754
22214675,22794
22254744,22834
22294812,22874
22334880,22914
22374949,22954
22415018,22994
22455085,23034
22495156,23074
22530208,23110
22570274,23151
22610341,23191
22650408,23231
22690472,23271
22730538,23311
22770605,23351
22810653,23391
22850690,23431
22890725,23471
22930772,23511
22970807,23551
23010847,23591
23050878,23631
23089920,23670
23129983,23710
23170044,23750
23210107,23790
23250168,23830
23290232,23870
23330292,23910
23370354,23950
23410422,23990
23450491,24030
23490560,24070
23530628,24110
23570698,24150
23610767,24190
23650836,24230
23690905,24270
23730974,24310
23771044,24350
23811113,24390
23851182,24430
23891252,24470
23931321,24510
23971390,24550
24011460,24590
24051529,24630
24091598,24670
24131667,24710
24171736,24750
24211806,24790
24251875,24830
24291944,24870
24332014,24910
24372083,24950
24412152,24990
24452222,25030
24492291,25070
24532360,25110
24572430,25150
24612499,25190
24652568,25230
24692638,25270
24732707,25310
24772777,25350
24812846,25390
24852915,25430
24892985,25470
24933054,25510
24973123,25550
25013195,25590
25053259,25632
25093324,25672
25133389,25712
25173454,25752
25213520,25792
25253586,25832
25293652,25872
25333711,25912
25373744,25952
25413774,25992
25453815,26032
25493845,26072
25533887,26112
25573914,26152
25611961,26190
25652024,26230
25692083,26270
25732144,26310
25772205,26350
25812264,26390
25852326,26430
25892388,26470
25932454,26510
25972522,26550
26012589,26590
26052655,26630
26092721,26670
26132788,26710
26172856,26750
26212923,26790
26252990,26830
26293057,26870
26333124,26910
26373191,26950
26413258,26990
26453325,27030
26493392,27070
26533459,27110
26573526,27150
26613593,27190
26653661,27230
26693727,27270
26733795,27310
26773862,27350
26813929,27390
26853996,27430
26894063,27470
26934130,27510
26974197,27550
27014264,27590
27054331,27630
27094397,27670
27134464,27710
27174531,27750
27214598,27790
27254665,27830
27294733,27870
27334800,27910
27374866,27950
27414933,27990
27455000,28030
27495072,28070
27527136,28103
27567185,28144
27607253,28184
27647318,28224
27687384,28264
27727450,28304
27767520,28344
27807576,28384
27847605,28424
27887641,28464
27927670,28504
27967712,28544
28007745,28584
28047791,28624
28079864,28656
28119881,28696
28159942,28736
28200003,28776
28240066,28816
28280129,28856
28320188,28896
28360247,28936
28400313,28976
28440382,29016
28480451,29056
28520520,29096
28560589,29136
28600658,29176
28640727,29216
28680797,29256
28720866,29296
28760936,29336
28801005,29376
28841074,29416
28881144,29456
28921213,29496
28961282,29536
29001352,29576
29041421,29616
29081490,29656
29121560,29696
29161631,29736
29201700,29776
29241767,29816
29281836,29856
29321904,29896
29361972,29936
29402040,29976
29442108,30016
29482177,30056
29522245,30096
29562313,30136
29602381,30176
29642449,30216
29682517,30256
29722585,30296
29762653,30336
29802721,30376
29842789,30416
29882857,30456
29922925,30496
29962993,30536
30003066,30576
30040120,30614
30080183,30655
30120249,30695
30160316,30735
30200379,30775
30240444,30815
30280508,30855
30320574,30895
30360626,30935
30400660,30975
30440694,31015
30480729,31055
30520767,31095
30560797,31135
30598830,31173
30638890,31213
30678951,31253
30719009,31293
30759070,31333
30799131,31373
30839194,31413
30879254,31453
30919321,31493
30959389,31533
30999457,31573
31039525,31613
31079593,31653
31119660,31693
31159727,31733
31199794,31773
31239861,31813
31279928,31853
31319995,31893
31360062,31933
31400129,31973
31440197,32013
31480264,32053
31520330,32093
31560398,32133
31600465,32173
31640532,32213
31680599,32253
31720666,32293
31760733,32333
31800800,32373
31840867,32413
31880934,32453
31921001,32493
31961068,32533
32001135,32573
32041202,32613
32081269,32653
32121336,32693
32161402,32733
32201470,32773
32241537,32813
32281604,32853
32321671,32893
32361738,32933
32401805,32973
32441872,33013
32481939,33053
32522011,33093
32554060,33127
32594125,33167
32634188,33207
32674253,33247
32714318,33287
32754386,33327
32794452,33367
32834502,33407
32874539,33447
32914570,33487
32954609,33527
32994641,33567
33034671,33607
33074702,33647
33111743,33684
33151805,33724
33191866,33764
33231928,33804
33271987,33844
33312050,33884
33352109,33924
33392172,33964
33432240,34004
33472309,34044
33512378,34084
33552448,34124
33592517,34164
33632587,34204
33672656,34244
33712725,34284
33752794,34324
33792864,34364
33832933,34404
33873003,34444
33913072,34484
33953141,34524
33993211,34564
34033280,34604
34073349,34644
34113418,34684
34153487,34724
34193557,34764
34233626,34804
34273695,34844
34313765,34884
34353834,34924
34393903,34964
34433972,35004
34474042,35044
34514111,35084
34554180,35124
34594250,35164
34634319,35204
34674388,35244
34714458,35284
34754527,35324
34794597,35364
34834666,35404
34874735,35444
34914804,35484
34954874,35524
34994943,35564
35035012,35604
35067058,35638
35107123,35678
35147191,35718
35187257,35758
35227324,35798
35267389,35838
35307456,35878
35347504,35918
35387538,35958
35427577,35998
35467622,36038
35507665,36078
35547699,36118
35587730,36158
35626775,36197
35666835,36237
35706896,36277
35746953,36317
35787014,36357
35827070,36397
35867130,36437
35907197,36477
35947266,36517
35987334,36557
36027403,36597
36067473,36637
36107541,36677
36147610,36717
36187680,36757
36227749,36797
36267819,36837
36307888,36877
36347957,36917
36388027,36957
36428096,36997
36468165,37037
36508236,37077
36548296,37117
36588362,37157
36628430,37197
36668497,37237
36708564,37277
36748631,37317
36788697,37357
36828764,37397
36868832,37437
36908899,37477
36948966,37517
36989033,37557
37029100,37597
37069167,37637
37109233,37677
37149299,37717
37189367,37757
37229433,37797
37269500,37837
37309567,37877
37349634,37917
37389701,37957
37429767,37997
37469833,38037
37509905,38077
37540969,38109
37581017,38150
37621083,38190
37661149,38230
37701218,38270
37741288,38310
37781352,38350
37821418,38390
37861462,38430
37901494,38470
37941529,38510
37981569,38550
38021601,38590
38061633,38630
38098783,38667
38138719,38707
38178781,38747
38218843,38787
38258904,38827
38298966,38867
38339029,38907
38379087,38947
38419155,38987
38459224,39027
38499293,39067
38539362,39107
38579431,39147
38619500,39187
38659569,39227
38699638,39267
38739707,39307
38779776,39347
38819845,39387
38859914,39427
38899984,39467
38940053,39507
38980123,39547
39020191,39587
39060261,39627
39100329,39667
39140398,39707
39180467,39747
39220536,39787
39260605,39827
39300674,39867
39340743,39907
39380812,39947
39420881,39987
39460950,40027
39501020,40067
39541089,40107
39581158,40147
39621228,40187
39661297,40227
39701366,40267
39741436,40307
39781504,40347
39821573,40387
39861642,40427
39901712,40467
39941780,40507
39981849,40547
40021922,40587
40053968,40620
40094036,40661
40134103,40701
40174167,40741
40214235,40781
40254299,40821
40294365,40861
40334418,40901
40374453,40941
40414486,40981
40454537,41021
40494574,41061
40534604,41101
40574634,41141
40612670,41179
40652730,41219
40692788,41259
40732849,41299
40772908,41339
40812968,41379
40853027,41419
40893086,41459
40933153,41499
40973222,41539
41013290,41579
41053358,41619
41093426,41659
41133493,41699
41173562,41739
41213629,41779
41253697,41819
41293765,41859
41333833,41899
41373901,41939
41413969,41979
41454037,42019
41494106,42059
41534173,42099
41574241,42139
41614309,42179
41654377,42219
41694445,42259
41734513,42299
41774581,42339
41814649,42379
41854717,42419
41894785,42459
41934853,42499
41974921,42539
42014989,42579
42055057,42619
42095125,42659
42135193,42699
42175261,42739
42215328,42779
42255396,42819
42295465,42859
42335533,42899
42375601,42939
42415670,42979
42455738,43019
42495806,43059
42535876,43099
42567924,43133
42607990,43173
42648057,43213
42688123,43253
42728190,43293
42768255,43333
42808321,43373
42848386,43413
42888424,43453
42928462,43493
42968500,43533
43008542,43573
43048571,43613
43088600,43653
43122638,43687
43162700,43727
43202761,43767
43242823,43807
43282883,43847
43322944,43887
43363003,43927
43403066,43967
43443132,44007
43483200,44047
43523267,44087
43563334,44127
43603401,44167
43643468,44207
43683535,44247
43723603,44287
43763669,44327
43803736,44367
43843803,44407
43883871,44447
43923938,44487
43964004,44527
44004072,44567
44044139,44607
44084206,44647
44124272,44687
44164340,44727
44204407,44767
44244474,44807
44284541,44847
44324608,44887
44364675,44927
44404742,44967
44444809,45007
44484876,45047
44524943,45087
44565010,45127
44605077,45167
44645145,45207
44685212,45247
44725279,45287
44765346,45327
44805413,45367
44845480,45407
44885547,45447
44925614,45487
44965681,45527
45005748,45567
45045817,45607
45080873,45644
45120941,45684
45161008,45724
45201075,45764
45241140,45804
45281204,45844
45321265,45884
45361296,45924
45401328,45964
45441370,46004
45481415,46044
45521451,46084
45561486,46124
45601328,46163
45640566,46203
45680624,46243
45720684,46283
45760741,46323
45800801,46363
45840861,46403
45880920,46443
45920983,46483
45961051,46523
46001119,46563
46041187,46603
46081255,46643
46121323,46683
46161390,46723
46201458,46763
46241526,46803
46281595,46843
46321662,46883
46361730,46923
46401798,46963
46441867,47003
46481935,47043
46522002,47083
46562070,47123
46602139,47163
46642206,47203
46682274,47243
46722342,47283
46762411,47323
46802479,47363
46842546,47403
46882615,47443
46922683,47483
46962750,47523
47002818,47563
47042886,47603
47082955,47643
47123021,47683
47163089,47723
47203157,47763
47243226,47803
47283293,47843
47323361,47883
47363429,47923
47403498,47963
47443565,48003
47483634,48043
47523708,48083
47554837,48115
47594820,48156
47634885,48196
47674948,48236
47715019,48276
47755082,48316
47795146,48356
47835215,48396
47875278,48436
47915319,48476
47955361,48516
47995390,48556
48035433,48596
48075477,48636
48111640,48672
48151571,48712
48191633,48752
48231696,48792
48271755,48832
48311819,48872
48351877,48912
48391937,48952
48432005,48992
48472074,49032
48512144,49072
48552212,49112
48592282,49152
48632351,49192
48672420,49232
48712490,49272
48752559,49312
48792628,49352
48832698,49392
48872767,49432
48912836,49472
48952906,49512
48992975,49552
49033044,49592
49073114,49632
49113183,49672
49153252,49712
49193321,49752
49233390,49792
49273459,49832
49313529,49872
49353598,49912
49393667,49952
49433737,49992
49473806,50032
49513876,50072
49553945,50112
49594014,50152
49634084,50192
49674154,50232
49714223,50272
49754292,50312
49794362,50352
49834430,50392
49874499,50432
49914569,50472
49954638,50512
49994707,50552
50034780,50592
50067829,50626
50107899,50667
50147965,50707
50188031,50747
50228096,50787
50268162,50827
50308230,50867
50348270,50907
50388306,50947
50428339,50987
50468373,51027
50508410,51067
50548443,51107
50588480,51147
50624509,51183
50664569,51223
50704632,51263
50744690,51303
50784751,51343
50824810,51383
50864872,51423
50904932,51463
50944999,51503
50985067,51543
51025135,51583
51065203,51623
51105271,51663
51145338,51703
51185405,51743
51225472,51783
51265539,51823
51305606,51863
51345673,51903
51385740,51943
51425807,51983
51465874,52023
51505941,52063
51546009,52103
51586076,52143
51626142,52183
51666210,52223
51706277,52263
51746344,52303
51786411,52343
51826478,52383
51866545,52423
51906612,52463
51946679,52503
51986746,52543
52026813,52583
52066881,52623
52106947,52663
52147014,52703
52187081,52743
52227148,52783
52267215,52823
52307282,52863
52347349,52903
52387416,52943
52427483,52983
52467550,53023
52507617,53063
52547688,53103
52581739,53139
52621806,53179
52661870,53219
52701939,53259
52742005,53299
52782071,53339
52822140,53379
52862206,53419
52902265,53459
52942299,53499
52982343,53539
53022385,53579
53062433,53619
53102472,53659
53140523,53697
53180584,53737
53220645,53777
53260707,53817
53300768,53857
53340830,53897
53380892,53937
53420955,53977
53461022,54017
53501090,54057
53541158,54097
53581227,54137
53621295,54177
53661362,54217
53701430,54257
53741499,54297
53781567,54337
53821635,54377
53861702,54417
53901770,54457
53941839,54497
53981906,54537
54021974,54577
54062042,54617
54102111,54657
54142178,54697
54182246,54737
54222315,54777
54262383,54817
54302451,54857
54342518,54897
54382586,54937
54422655,54977
54462723,55017
54502791,55057
54542859,55097
54582927,55137
54622995,55177
54663062,55217
54703131,55257
54743199,55297
54783267,55337
54823334,55377
54863402,55417
54903470,55457
54943538,55497
54983606,55537
55023675,55577
55063742,55617
55094791,55650
55134855,55690
55174923,55730
55214985,55770
55255049,55810
55295115,55850
55335154,55890
55375180,55930
55415213,55970
55455248,56010
55495289,56050
55535334,56090
55575379,56130
55611354,56165
55650466,56205
55690526,56245
55730587,56285
55770647,56325
55810709,56365
55850769,56405
55890831,56445
55930897,56485
55970965,56525
56011033,56565
56051101,56605
56091169,56645
56131237,56685
56171305,56725
56211373,56765
56251441,56805
56291509,56845
56331577,56885
56371645,56925
56411713,56965
56451781,57005
56491849,57045
56531917,57085
56571985,57125
56612053,57165
56652121,57205
56692189,57245
56732256,57285
56772324,57325
56812393,57365
56852460,57405
56892528,57445
56932596,57485
56972665,57525
57012732,57565
57052800,57605
57092869,57645
57132937,57685
57173004,57725
57213071,57765
57253140,57805
57293208,57845
57333276,57885
57373344,57925
57413413,57965
57453481,58005
57493550,58045
57533622,58085
57568691,58121
57608741,58162
57648807,58202
57688869,58242
57728934,58282
57768999,58322
57809064,58362
57849131,58402
57889195,58442
57929261,58482
57969297,58522
58009342,58562
58049385,58602
58089419,58642
58122277,58674
58161496,58714
58201556,58754
58241617,58794
58281679,58834
58321740,58874
58361802,58914
58401862,58954
58441922,58994
58481990,59034
58522059,59074
58562129,59114
58602198,59154
58642267,59194
58682336,59234
58722406,59274
58762475,59314
58802544,59354
58842614,59394
58882683,59434
58922752,59474
58962821,59514
59002891,59554
59042961,59594
59083030,59634
59123099,59674
59163168,59714
59203237,59754
59243306,59794
59283375,59834
59323445,59874
59363514,59914
59403584,59954
59443653,59994
59483722,60034
59523792,60074
59563860,60114
59603929,60154
59643998,60194
59684067,60234
59724136,60274
59764205,60314
59804274,60354
59844343,60394
59884412,60434
59924481,60474
59964551,60514
60004620,60554
60044694,60594
60081748,60632
60121811,60673
60161879,60713
60201943,60753
60242009,60793
60282073,60833
60322108,60873
60362139,60913
60402172,60953
60442207,60993
60482249,61033
60522283,61073
60562314,61113
60602346,61153
60640387,61191
60680448,61231
60720509,61271
60760572,61311
60800632,61351
60840693,61391
60880751,61431
60920814,61471
60960882,61511
61000950,61551
61041018,61591
61081086,61631
61121154,61671
61161222,61711
61201290,61751
61241358,61791
61281426,61831
61321494,61871
61361562,61911
61401630,61951
61441698,61991
61481766,62031
61521834,62071
61561902,62111
61601970,62151
61642038,62191
61682106,62231
61722174,62271
61762242,62311
61802310,62351
61842378,62391
61882446,62431
61922514,62471
61962582,62511
62002650,62551
62042718,62591
62082786,62631
62122854,62671
62162922,62711
62202990,62751
62243058,62791
62283126,62831
62323194,62871
62363263,62911
62403330,62951
62443398,62991
62483466,63031
62523534,63071
TS,5
39289,29928231
79356,29930413
119424,29932595
159492,29934777
199561,29936959
239629,29939141
279698,29941323
319766,29943505
359834,29945687
399902,29947869
439970,29950051
480038,29952233
520106,29954415
560174,29956597
600242,29958779
640310,29960961
680378,29963143
720447,29965325
760514,29967507
800583,29969689
840651,29971871
880719,29974053
920787,29976235
960855,29978417
1000923,29980599
1040990,29982781
1081058,29984963
1121126,29987145
1161194,29989327
1201262,29991509
1241331,29993691
1281398,29995873
1321466,29998055
1361535,30000237
1401603,30002419
1441671,30004601
1481739,30006783
1521807,30008965
1561875,30011147
1601943,30013329
1642011,30015511
1682079,30017693
1722148,30019875
1762216,30022057
1802284,30024239
1842352,30026421
1882420,30028603
1922488,30030785
1962557,30032967
2002625,30035149
2042692,30037331
2082760,30039513
2122828,30041695
2162896,30043877
2202964,30046059
2243032,30048241
2283100,30050423
2323168,30052605
2363236,30054787
2403304,30056969
2443372,30059151
2483442,30061333
2522502,30381040
2562570,30867086
2602635,31504030
2642699,32170186
2682764,32831322
2722832,33487138
2762898,34123309
2802956,34686091
2843003,35324384
2883043,35959091
2923085,36579590
2963116,37114817
3003158,37720195
3043187,38346490
3076224,38495506
3116287,38497688
3156349,38499870
3196411,38502052
3236471,38504234
3276534,38506416
3316596,38508598
3356661,38510780
3396730,38512962
3436801,38515144
3476870,38517326
3516938,38519508
3557006,38521690
3597074,38523872
3637142,38526054
3677210,38528236
3717278,38530418
3757346,38532600
3797414,38534782
3837482,38536964
3877550,38539146
3917618,38541328
3957686,38543510
3997754,38545692
4037822,38547874
4077890,38550056
4117958,38552238
4158026,38554420
4198094,38556602
4238162,38558784
4278230,38560966
4318298,38563148
4358366,38565330
4398434,38567512
4438502,38569694
4478570,38571876
4518638,38574058
4558706,38576240
4598774,38578422
4638842,38580604
4678910,38582786
4718978,38584968
4759046,38587150
4799114,38589332
4839182,38591514
4879250,38593696
4919318,38595878
4959391,38598060
4996029,38600126
5035511,39047346
5075577,39603311
5115643,40181765
5155709,40847067
5195776,41507031
5235841,42161950
5275908,42810667
5315976,43411332
5356011,44002431
5396045,44640714
5436075,45270930
5476110,45892888
5516155,46520296
5550654,47031911
5590237,47034176
5630297,47036358
5670358,47038540
5710417,47040722
5750477,47042904
5790538,47045086
5830595,47047268
5870662,47049450
5910731,47051632
5950800,47053814
5990869,47055996
6030938,47058178
6071007,47060360
6111076,47062542
6151146,47064724
6191215,47066906
6231284,47069088
6271354,47071270
6311423,47073452
6351492,47075634
6391562,47077816
6431631,47079998
6471700,47082180
6511770,47084362
6551839,47086544
6591908,47088726
6631978,47090908
6672047,47093090
6712116,47095272
6752186,47097454
6792255,47099636
6832324,47101818
6872394,47104000
6912463,47106182
6952532,47108364
6992602,47110546
7032670,47112728
7072740,47114910
7112809,47117092
7152878,47119274
7192948,47121456
7233019,47123638
7273090,47125820
7313160,47128002
7353230,47130184
7393294,47132366
7433360,47134548
7473431,47136730
7509485,47139251
7549550,47628627
7589616,48296064
7629684,48964129
7669750,49598851
7709813,50188479
7749881,50842239
7789924,51500031
7829958,52152625
7869990,52788798
7910028,53428495
7950074,54060424
7990120,54689951
8030160,55359207
8064201,55570673
8104261,55572855
8144323,55575037
8184383,55577219
8224444,55579401
8264504,55581583
8304565,55583765
8344627,55585947
8384695,55588129
8424763,55590311
8464831,55592493
8504899,55594675
8544967,55596857
8585035,55599039
8625103,55601221
8665171,55603403
8705239,55605585
8745307,55607767
8785375,55609949
8825443,55612131
8865511,55614313
8905579,55616495
8945647,55618677
8985715,55620859
9025782,55623041
9065851,55625223
9105919,55627405
9145986,55629587
9186054,55631769
9226123,55633951
9266190,55636133
9306258,55638315
9346326,55640497
9386395,55642679
9426462,55644861
9466530,55647043
9506598,55649225
9546667,55651407
9586734,55653589
9626802,55655771
9666870,55657953
9706939,55660135
9747006,55662317
9787074,55664499
9827142,55666681
9867211,55668863
9907278,55671045
9947346,55673227
9987419,55675409
10022472,55856810
10062535,56304725
10102601,56974198
10142666,57641079
10182735,58298753
10222798,58916121
10262862,59516057
10302926,60162156
10342980,60803730
10383020,61440667
10423061,62078842
10463102,62695717
10503133,63236241
10543170,63839059
10583208,64109661
10623269,64111843
10663327,64114025
10703389,64116207
10743446,64118389
10783506,64120571
10823565,64122753
10863628,64124935
10903696,64127117
10943764,64129299
10983832,64131481
11023900,64133663
11063966,64135845
11104034,64138027
11144101,64140209
11184168,64142391
11224235,64144573
11264302,64146755
11304369,64148937
11344436,64151119
11384503,64153301
11424570,64155483
11464637,64157665
11504704,64159847
11544771,64162029
11584838,64164211
11624906,64166393
11664973,64168575
11705040,64170757
11745107,64172939
11785174,64175121
11825241,64177303
11865308,64179485
11905375,64181667
11945442,64183849
11985510,64186031
12025576,64188213
12065642,64190395
12105710,64192577
12145776,64194759
12185843,64196941
12225911,64199123
12265978,64201305
12306045,64203487
12346112,64205669
12386179,64207851
12426246,64210033
12466314,64212215
12506382,64214397
12546444,64670746
12586513,65223833
12626580,65836938
12666645,66464179
12706710,67124459
12746777,67779228
12786827,68434739
12826855,69091126
12866895,69733534
12906932,70362459
12946961,70984835
12986995,71521550
13027036,72145145
13059102,72646266
13099121,72648531
13139183,72650713
13179246,72652895
13219308,72655077
13259372,72657259
13299435,72659441
13339495,72661623
13379562,72663805
13419629,72665987
13459697,72668169
13499765,72670351
13539834,72672533
13579902,72674715
13619969,72676897
13660037,72679079
13700106,72681261
13740173,72683443
13780241,72685625
13820309,72687807
13860377,72689989
13900445,72692171
13940513,72694353
13980581,72696535
14020649,72698717
14060717,72700899
14100785,72703081
14140853,72705263
14180921,72707445
14220989,72709627
14261057,72711809
14301125,72713991
14341193,72716173
14381261,72718355
14421329,72720537
14461397,72722719
14501465,72724901
14541533,72727083
14581601,72729265
14621669,72731447
14661737,72733629
14701805,72735811
14741873,72737993
14781941,72740175
14822010,72742357
14862078,72744539
14902146,72746721
14942214,72748903
14982286,72751085
15019341,72753647
15059406,73241249
15099469,73908236
15139536,74569345
15179600,75170058
15219666,75800643
15259733,76454437
15299801,77101815
15339861,77744724
15379895,78371476
15419928,79010529
15459961,79621659
15499999,80275402
15540040,80915844
15579087,81185264
15619146,81187446
15659207,81189628
15699265,81191810
15739324,81193992
15779383,81196174
15819442,81198356
15859503,81200538
15899569,81202720
15939636,81204902
15979703,81207084
16019770,81209266
16059837,81211448
16099904,81213630
16139971,81215812
16180038,81217994
16220105,81220176
16260172,81222358
16300239,81224540
16340306,81226722
16380373,81228904
16420440,81231086
16460508,81233268
16500575,81235450
16540642,81237632
16580709,81239814
16620776,81241996
16660843,81244178
16700910,81246360
16740977,81248542
16781044,81250724
16821111,81252906
16861178,81255088
16901245,81257270
16941312,81259452
16981379,81261634
17021446,81263816
17061513,81265998
17101581,81268180
17141649,81270362
17181717,81272544
17221785,81274726
17261853,81276908
17301921,81279090
17341989,81281272
17382057,81283454
17422125,81285636
17462193,81287818
17502264,81290000
17533308,81472920
17573378,81921038
17613444,82590796
17653512,83257641
17693578,83919709
17733645,84558147
17773709,85130912
17813743,85783298
17853773,86428009
17893807,87065961
17933841,87694356
17973884,88319605
18013914,88851057
18053947,89457061
18092986,89723924
18133047,89726106
18173109,89728288
18213172,89730470
18253231,89732652
18293293,89734834
18333354,89737016
18373416,89739198
18413484,89741380
18453551,89743562
18493619,89745744
18533688,89747926
18573756,89750108
18613824,89752290
18653892,89754472
18693960,89756654
18734028,89758836
18774096,89761018
18814164,89763200
18854232,89765382
18894300,89767564
18934368,89769746
18974436,89771928
19014504,89774110
19054572,89776292
19094639,89778474
19134707,89780656
19174776,89782838
19214844,89785020
19254912,89787202
19294980,89789384
19335048,89791566
19375116,89793748
19415184,89795930
19455253,89798112
19495321,89800294
19535389,89802476
19575457,89804658
19615525,89806840
19655593,89809022
19695661,89811204
19735729,89813386
19775797,89815568
19815865,89817750
19855933,89819932
19896001,89822114
19936069,89824296
19976137,89826478
20016205,89828660
20056273,90278342
20096335,90820534
20136399,91409339
20176466,92074393
20216532,92734519
20256599,93389156
20296662,94032030
20336725,94585831
20376759,95230520
20416801,95866122
20456843,96501009
20496881,97122094
20536914,97745647
20572186,98260646
20611999,98262911
20652060,98265093
20692121,98267275
20732180,98269457
20772241,98271639
20812303,98273821
20852361,98276003
20892429,98278185
20932498,98280367
20972567,98282549
21012636,98284731
21052705,98286913
21092772,98289095
21132840,98291277
21172908,98293459
21212976,98295641
21253044,98297823
21293112,98300005
21333180,98302187
21373248,98304369
21413316,98306551
21453384,98308733
21493452,98310915
21533520,98313097
21573588,98315279
21613656,98317461
21653724,98319643
21693792,98321825
21733860,98324007
21773928,98326189
21813996,98328371
21854064,98330553
21894132,98332735
21934200,98334917
21974268,98337099
22014336,98339281
22054404,98341463
22094471,98343645
22134539,98345827
22174607,98348009
22214675,98350191
22254744,98352373
22294812,98354555
22334880,98356737
22374949,98358919
22415018,98361101
22455086,98363283
22495157,98365465
22530209,98367945
22570275,98857367
22610341,99524709
22650409,100193058
22690473,100831909
22730538,101417208
22770606,102070928
22810654,102726531
22850691,103375938
22890726,104015468
22930773,104663282
22970808,105287199
23010848,105909952
23050879,106533424
23089921,106799562
23129984,106801744
23170045,106803926
23210108,106806108
23250168,106808290
23290232,106810472
23330293,106812654
23370354,106814836
23410422,106817018
23450491,106819200
23490560,106821382
23530629,106823564
23570698,106825746
23610767,106827928
23650836,106830110
23690905,106832292
23730974,106834474
23771044,106836656
23811113,106838838
23851182,106841020
23891252,106843202
23931321,106845384
23971390,106847566
24011460,106849748
24051529,106851930
24091598,106854112
24131667,106856294
24171736,106858476
24211806,106860658
24251875,106862840
24291945,106865022
24332014,106867204
24372083,106869386
24412153,106871568
24452222,106873750
24492291,106875932
24532360,106878114
24572430,106880296
24612499,106882478
24652569,106884660
24692638,106886842
24732707,106889024
24772777,106891206
24812846,106893388
24852915,106895570
24892985,106897752
24933054,106899934
24973123,106902116
25013195,106904298
25053260,107222877
25093325,107683661
25133389,108345748
25173455,109011876
25213521,109673109
25253587,110329303
25293653,110960304
25333711,111528219
25373744,112176194
25413774,112805919
25453815,113438951
25493846,114053587
25533888,114583227
25573915,115210505
25611962,115340755
25652025,115342937
25692084,115345119
25732145,115347301
25772205,115349483
25812264,115351665
25852326,115353847
25892388,115356029
25932454,115358211
25972522,115360393
26012589,115362575
26052656,115364757
26092722,115366939
26132789,115369121
26172856,115371303
26212923,115373485
26252990,115375667
26293057,115377849
26333124,115380031
26373191,115382213
26413258,115384395
26453325,115386577
26493392,115388759
26533459,115390941
26573526,115393123
26613594,115395305
26653661,115397487
26693728,115399669
26733795,115401851
26773862,115404033
26813929,115406215
26853996,115408397
26894063,115410579
26934130,115412761
26974197,115414943
27014264,115417125
27054331,115419307
27094397,115421489
27134464,115423671
27174531,115425853
27214598,115428035
27254666,115430217
27294733,115432399
27334800,115434581
27374866,115436763
27414933,115438945
27455000,115441127
27495072,115443309
27527136,115445211
27567186,115901424
27607253,116455336
27647318,117071772
27687384,117694949
27727451,118355124
27767520,119009612
27807576,119662333
27847606,120310613
27887641,120942459
27927671,121487722
27967713,122102876
28007746,122734265
28047791,123369886
28079865,123876918
28119882,123879183
28159943,123881365
28200004,123883547
28240067,123885729
28280129,123887911
28320189,123890093
28360248,123892275
28400314,123894457
28440382,123896639
28480451,123898821
28520520,123901003
28560590,123903185
28600658,123905367
28640728,123907549
28680797,123909731
28720867,123911913
28760936,123914095
28801005,123916277
28841074,123918459
28881144,123920641
28921213,123922823
28961282,123925005
29001352,123927187
29041421,123929369
29081490,123931551
29121560,123933733
29161631,123935915
29201700,123938097
29241767,123940279
29281836,123942461
29321904,123944643
29361972,123946825
29402040,123949007
29442108,123951189
29482177,123953371
29522245,123955553
29562313,123957735
29602381,123959917
29642449,123962099
29682518,123964281
29722585,123966463
29762653,123968645
29802721,123970827
29842789,123973009
29882857,123975191
29922925,123977373
29962993,123979555
30003066,123981737
30040121,123984299
30080184,124471977
30120250,125137379
30160316,125795972
30200380,126369802
30240444,127029563
30280509,127683038
30320575,128330162
30360627,128969174
30400661,129605849
30440695,130177607
30480730,130777047
30520768,131399184
30560797,132021783
30598831,132415866
30638890,132418048
30678951,132420230
30719009,132422412
30759071,132424594
30799132,132426776
30839195,132428958
30879254,132431140
30919321,132433322
30959389,132435504
30999457,132437686
31039525,132439868
31079593,132442050
31119660,132444232
31159727,132446414
31199794,132448596
31239861,132450778
31279928,132452960
31319996,132455142
31360063,132457324
31400129,132459506
31440197,132461688
31480264,132463870
31520331,132466052
31560398,132468234
31600465,132470416
31640532,132472598
31680599,132474780
31720666,132476962
31760733,132479144
31800800,132481326
31840867,132483508
31880934,132485690
31921001,132487872
31961069,132490054
32001136,132492236
32041203,132494418
32081269,132496600
32121336,132498782
32161403,132500964
32201470,132503146
32241537,132505328
32281604,132507510
32321671,132509692
32361738,132511874
32401805,132514056
32441872,132516238
32481939,132518420
32522012,132520602
32554061,132703501
32594126,133151698
32634189,133821707
32674254,134488812
32714319,135150834
32754387,135794715
32794453,136363374
32834503,137015985
32874540,137664806
32914571,138301333
32954610,138919177
32994642,139448454
33034671,140070808
33074703,140696524
33111744,140954489
33151806,140956671
33191867,140958853
33231929,140961035
33271988,140963217
33312050,140965399
33352109,140967581
33392172,140969763
33432240,140971945
33472309,140974127
33512378,140976309
33552448,140978491
33592517,140980673
33632587,140982855
33672656,140985037
33712725,140987219
33752795,140989401
33792864,140991583
33832933,140993765
33873003,140995947
33913072,140998129
33953141,141000311
33993211,141002493
34033280,141004675
34073349,141006857
34113418,141009039
34153487,141011221
34193557,141013403
34233626,141015585
34273695,141017767
34313765,141019949
34353834,141022131
34393903,141024313
34433972,141026495
34474042,141028677
34514111,141030859
34554180,141033041
34594250,141035223
34634319,141037405
34674388,141039587
34714458,141041769
34754527,141043951
34794597,141046133
34834666,141048315
34874735,141050497
34914804,141052679
34954874,141054861
34994943,141057043
35035013,141059225
35067059,141377311
35107124,141828099
35147192,142498713
35187257,143164786
35227324,143825945
35267389,144479455
35307457,145074490
35347505,145684740
35387538,146330550
35427578,146964555
35467622,147601420
35507665,148222277
35547699,148739474
35587731,149359826
35626775,149493190
35666836,149495372
35706896,149497554
35746954,149499736
35787015,149501918
35827071,149504100
35867131,149506282
35907197,149508464
35947266,149510646
35987334,149512828
36027403,149515010
36067473,149517192
36107541,149519374
36147610,149521556
36187680,149523738
36227749,149525920
36267819,149528102
36307888,149530284
36347957,149532466
36388027,149534648
36428096,149536830
36468165,149539012
36508236,149541194
36548296,149543376
36588363,149545558
36628430,149547740
36668497,149549922
36708564,149552104
36748631,149554286
36788698,149556468
36828765,149558650
36868832,149560832
36908899,149563014
36948966,149565196
36989033,149567378
37029100,149569560
37069167,149571742
37109233,149573924
37149300,149576106
37189367,149578288
37229433,149580470
37269500,149582652
37309567,149584834
37349634,149587016
37389701,149589198
37429767,149591380
37469833,149593562
37509906,149595744
37540970,149597605
37581018,150053946
37621084,150609284
37661150,151229346
37701219,151847667
37741288,152507787
37781353,153162371
37821419,153810722
37861462,154448420
37901495,154996531
37941530,155638328
37981570,156259083
38021602,156889449
38061633,157497900
38098784,158029507
38138720,158031772
38178781,158033954
38218843,158036136
38258905,158038318
38298967,158040500
38339029,158042682
38379088,158044864
38419155,158047046
38459224,158049228
38499293,158051410
38539362,158053592
38579431,158055774
38619500,158057956
38659569,158060138
38699638,158062320
38739707,158064502
38779776,158066684
38819846,158068866
38859915,158071048
38899984,158073230
38940053,158075412
38980123,158077594
39020192,158079776
39060261,158081958
39100329,158084140
39140398,158086322
39180467,158088504
39220536,158090686
39260605,158092868
39300674,158095050
39340743,158097232
39380812,158099414
39420881,158101596
39460950,158103778
39501020,158105960
39541089,158108142
39581159,158110324
39621228,158112506
39661297,158114688
39701367,158116870
39741436,158119052
39781505,158121234
39821574,158123416
39861643,158125598
39901712,158127780
39941781,158129962
39981849,158132144
40021923,158134326
40053970,158136683
40094036,158624478
40134104,159291344
40174168,159952636
40214236,160552847
40254300,161183724
40294366,161836962
40334418,162490146
40374454,163143475
40414486,163781957
40454538,164429882
40494575,165101048
40534605,165693114
40574635,166305100
40612671,166568261
40652730,166570443
40692788,166572625
40732849,166574807
40772908,166576989
40812969,166579171
40853027,166581353
40893086,166583535
40933153,166585717
40973222,166587899
41013290,166590081
41053358,166592263
41093426,166594445
41133493,166596627
41173562,166598809
41213629,166600991
41253697,166603173
41293765,166605355
41333833,166607537
41373901,166609719
41413969,166611901
41454037,166614083
41494106,166616265
41534173,166618447
41574241,166620629
41614309,166622811
41654377,166624993
41694445,166627175
41734513,166629357
41774581,166631539
41814649,166633721
41854717,166635903
41894785,166638085
41934854,166640267
41974921,166642449
42014989,166644631
42055057,166646813
42095126,166648995
42135193,166651177
42175261,166653359
42215329,166655541
42255397,166657723
42295465,166659905
42335533,166662087
42375602,166664269
42415670,166666451
42455738,166668633
42495806,166670815
42535877,166672997
42567925,166856093
42607991,167304205
42648057,167974203
42688123,168641336
42728191,169303274
42768256,169947149
42808321,170516132
42848387,171162335
42888424,171805770
42928463,172443838
42968500,173081497
43008543,173700002
43048571,174313894
43088601,174943334
43122639,175106767
43162701,175108949
43202762,175111131
43242824,175113313
43282884,175115495
43322945,175117677
43363004,175119859
43403067,175122041
43443133,175124223
43483200,175126405
43523267,175128587
43563334,175130769
43603401,175132951
43643468,175135133
43683535,175137315
43723603,175139497
43763670,175141679
43803736,175143861
43843803,175146043
43883871,175148225
43923938,175150407
43964005,175152589
44004072,175154771
44044139,175156953
44084206,175159135
44124273,175161317
44164340,175163499
44204407,175165681
44244474,175167863
44284541,175170045
44324608,175172227
44364675,175174409
44404742,175176591
44444809,175178773
44484876,175180955
44524943,175183137
44565010,175185319
44605078,175187501
44645145,175189683
44685212,175191865
44725279,175194047
44765346,175196229
44805413,175198411
44845480,175200593
44885547,175202775
44925614,175204957
44965681,175207139
45005748,175209321
45045817,175211503
45080874,175529453
45120941,175980701
45161009,176651804
45201075,177317843
45241141,177978884
45281204,178633582
45321265,179271431
45361297,179944039
45401329,180568145
45441370,181201368
45481416,181870703
45521452,182489781
45561487,183096832
45601328,183643335
45640566,183645600
45680625,183647782
45720685,183649964
45760742,183652146
45800802,183654328
45840861,183656510
45880920,183658692
45920983,183660874
45961051,183663056
46001119,183665238
46041187,183667420
46081255,183669602
46121323,183671784
46161391,183673966
46201459,183676148
46241527,183678330
46281595,183680512
46321663,183682694
46361731,183684876
46401799,183687058
46441867,183689240
46481935,183691422
46522003,183693604
46562071,183695786
46602139,183697968
46642207,183700150
46682275,183702332
46722343,183704514
46762411,183706696
46802479,183708878
46842547,183711060
46882615,183713242
46922683,183715424
46962751,183717606
47002819,183719788
47042887,183721970
47082955,183724152
47123022,183726334
47163090,183728516
47203158,183730698
47243226,183732880
47283294,183735062
47323362,183737244
47363430,183739426
47403498,183741608
47443566,183743790
47483634,183745972
47523708,183748154
47554838,183750015
47594820,184206152
47634885,184753271
47674948,185342316
47715020,185997901
47755083,186658117
47795147,187312986
47835215,187961735
47875279,188575423
47915319,189143938
47955362,189773943
47995391,190391800
48035433,190932871
48075477,191637874
48111640,192181878
48151571,192184143
48191634,192186325
48231697,192188507
48271756,192190689
48311820,192192871
48351878,192195053
48391937,192197235
48432005,192199417
48472074,192201599
48512144,192203781
48552212,192205963
48592282,192208145
48632351,192210327
48672420,192212509
48712490,192214691
48752559,192216873
48792628,192219055
48832698,192221237
48872767,192223419
48912836,192225601
48952906,192227783
48992975,192229965
49033044,192232147
49073114,192234329
49113183,192236511
49153252,192238693
49193321,192240875
49233390,192243057
49273460,192245239
49313529,192247421
49353598,192249603
49393668,192251785
49433738,192253967
49473807,192256149
49513876,192258331
49553946,192260513
49594014,192262695
49634084,192264877
49674154,192267059
49714223,192269241
49754292,192271423
49794362,192273605
49834430,192275787
49874499,192277969
49914569,192280151
49954638,192282333
49994707,192284515
50034781,192286697
50067829,192289095
50107900,192777057
50147966,193444272
50188032,194106832
50228097,194720732
50268162,195337077
50308230,195991123
50348270,196649281
50388306,197303010
50428339,197941327
50468374,198566790
50508410,199090971
50548444,199706683
50588481,200333191
50624509,200720584
50664570,200722766
50704632,200724948
50744691,200727130
50784751,200729312
50824811,200731494
50864872,200733676
50904932,200735858
50944999,200738040
50985067,200740222
51025135,200742404
51065203,200744586
51105271,200746768
51145338,200748950
51185405,200751132
51225472,200753314
51265539,200755496
51305606,200757678
51345673,200759860
51385740,200762042
51425807,200764224
51465874,200766406
51505941,200768588
51546009,200770770
51586076,200772952
51626143,200775134
51666210,200777316
51706277,200779498
51746344,200781680
51786411,200783862
51826478,200786044
51866545,200788226
51906612,200790408
51946679,200792590
51986746,200794772
52026813,200796954
52066881,200799136
52106948,200801318
52147014,200803500
52187081,200805682
52227148,200807864
52267215,200810046
52307282,200812228
52347349,200814410
52387416,200816592
52427483,200818774
52467550,200820956
52507617,200823138
52547689,200825320
52581740,201008463
52621806,201456636
52661871,202126466
52701939,202793690
52742006,203455596
52782072,204099507
52822140,204668216
52862207,205314176
52902266,205954436
52942299,206589513
52982343,207230418
53022385,207863923
53062434,208496781
53102472,209129478
53140523,209259339
53180585,209261521
53220646,209263703
53260708,209265885
53300769,209268067
53340830,209270249
53380892,209272431
53420955,209274613
53461022,209276795
53501090,209278977
53541158,209281159
53581227,209283341
53621295,209285523
53661363,209287705
53701431,209289887
53741499,209292069
53781567,209294251
53821635,209296433
53861703,209298615
53901771,209300797
53941839,209302979
53981907,209305161
54021975,209307343
54062043,209309525
54102111,209311707
54142178,209313889
54182247,209316071
54222315,209318253
54262383,209320435
54302451,209322617
54342519,209324799
54382587,209326981
54422655,209329163
54462723,209331345
54502791,209333527
54542859,209335709
54582927,209337891
54622995,209340073
54663063,209342255
54703131,209344437
54743199,209346619
54783267,209348801
54823335,209350983
54863402,209353165
54903470,209355347
54943539,209357529
54983607,209359711
55023675,209361893
55063742,209364075
55094792,209682147
55134856,210143370
55174924,210804839
55214985,211470917
55255050,212131901
55295116,212787555
55335155,213449018
55375181,214102691
55415214,214740727
55455248,215370381
55495290,216005562
55535335,216641172
55575380,217275501
55611355,217795587
55650467,217797852
55690527,217800034
55730588,217802216
55770648,217804398
55810709,217806580
55850769,217808762
55890831,217810944
55930897,217813126
55970965,217815308
56011034,217817490
56051101,217819672
56091169,217821854
56131238,217824036
56171305,217826218
56211373,217828400
56251441,217830582
56291510,217832764
56331578,217834946
56371645,217837128
56411713,217839310
56451781,217841492
56491849,217843674
56531917,217845856
56571985,217848038
56612053,217850220
56652121,217852402
56692189,217854584
56732257,217856766
56772325,217858948
56812393,217861130
56852461,217863312
56892529,217865494
56932597,217867676
56972665,217869858
57012733,217872040
57052801,217874222
57092869,217876404
57132937,217878586
57173004,217880768
57213072,217882950
57253140,217885132
57293208,217887314
57333276,217889496
57373345,217891678
57413413,217893860
57453481,217896042
57493550,217898224
57533623,217900406
57568692,217902431
57608742,218358788
57648807,218903058
57688870,219484070
57728935,220149410
57769000,220809558
57809065,221464459
57849131,222113069
57889195,222709783
57929261,223297746
57969297,223932931
58009343,224577978
58049386,225260089
58089419,225901076
58122277,226334138
58161497,226336403
58201557,226338585
58241617,226340767
58281679,226342949
58321741,226345131
58361803,226347313
58401863,226349495
58441923,226351677
58481990,226353859
58522059,226356041
58562129,226358223
58602198,226360405
58642267,226362587
58682336,226364769
58722406,226366951
58762475,226369133
58802544,226371315
58842614,226373497
58882683,226375679
58922752,226377861
58962822,226380043
59002891,226382225
59042961,226384407
59083030,226386589
59123099,226388771
59163168,226390953
59203237,226393135
59243306,226395317
59283376,226397499
59323445,226399681
59363515,226401863
59403584,226404045
59443653,226406227
59483722,226408409
59523792,226410591
59563860,226412773
59603929,226414955
59643998,226417137
59684067,226419319
59724136,226421501
59764205,226423683
59804274,226425865
59844343,226428047
59884412,226430229
59924481,226432411
59964551,226434593
60004620,226436775
60044695,226438957
60081749,226441519
60121811,226929393
60161879,227596262
60201943,228257269
60242009,228860192
60282074,229488731
60322109,230225041
60362140,230892699
60402173,231537941
60442208,232123244
60482249,232734867
60522284,233360224
60562314,233985920
60602347,234610067
60640387,234873097
60680449,234875279
60720509,234877461
60760573,234879643
60800632,234881825
60840694,234884007
60880751,234886189
60920815,234888371
60960882,234890553
61000950,234892735
61041018,234894917
61081086,234897099
61121154,234899281
61161222,234901463
61201290,234903645
61241358,234905827
61281426,234908009
61321494,234910191
61361562,234912373
61401630,234914555
61441698,234916737
61481766,234918919
61521834,234921101
61561902,234923283
61601970,234925465
61642038,234927647
61682106,234929829
61722174,234932011
61762242,234934193
61802310,234936375
61842378,234938557
61882446,234940739
61922514,234942921
61962582,234945103
62002650,234947285
62042718,234949467
62082786,234951649
62122854,234953831
62162922,234956013
62202990,234958195
62243058,234960377
62283126,234962559
62323194,234964741
62363263,234966923
62403331,234969105
62443398,234971287
62483466,234973469
62523534,234975651
end_data


*** The last thread under control of EPOS has finished.
*** EPOS is shutting down!

(C)StarFive
CCCCCCCCCCCCCCCCCC