1205 12 1
0.325833 0.333333 0.912588 0.999353 0.004986 0.928170 0.301011 0.038839 0.001968 0.271067 0.222222 0.012464
0.496075
0.144780 0.333333 0.019282 0.000121 0.997966 0.000287 0.046639 0.929809 0.664096 0.195715 0.222222 0.137610
0.219441
0.091365 1.000000 0.206544 0.000033 0.996592 0.000221 0.002356 0.893376 0.635500 0.143555 0.111111 0.046431
0.143223
0.331938 0.333333 0.942709 0.999159 0.005075 0.913837 0.858093 0.530377 0.112373 0.840088 0.222222 0.188505
0.496075
0.141803 0.333333 0.004589 0.000116 0.997875 0.000327 0.021289 0.898598 0.594941 0.129608 0.111111 0.056663
0.219441
0.171383 1.000000 0.996158 0.999094 0.000985 0.926198 0.994283 0.643624 0.134295 0.941122 0.222222 0.199361
0.329110
0.164640 1.000000 0.929610 0.999068 0.000379 0.922702 0.395610 0.110546 0.001074 0.266985 0.333333 0.008643
0.329110
0.144741 0.333333 0.019085 0.000121 0.997949 0.000262 0.046303 0.929860 0.664493 0.197102 0.000000 0.144305
0.219441
0.091716 1.000000 0.210007 0.000090 0.996556 0.000180 0.001557 0.893417 0.641285 0.143643 0.000000 0.048644
0.143223
0.144719 0.333333 0.018975 0.000119 0.997922 0.000287 0.046516 0.930183 0.664513 0.194043 0.000000 0.137383
0.219441
0.171436 1.000000 0.996680 0.999097 0.001268 0.926738 0.996989 0.646045 0.133170 0.942371 0.333333 0.211333
0.329110
0.325893 0.333333 0.912885 0.999353 0.005090 0.928702 0.301191 0.038541 0.002225 0.271410 0.444444 0.018762
0.496075
0.091775 1.000000 0.210590 0.000033 0.996592 0.000049 0.001660 0.893660 0.641569 0.144256 0.111111 0.046374
0.143223
0.331965 0.333333 0.942847 0.999179 0.005143 0.914975 0.857792 0.530368 0.112648 0.841337 0.333333 0.188807
0.496075
0.091808 1.000000 0.210912 0.000033 0.996583 0.000049 0.001382 0.893677 0.642665 0.144329 0.222222 0.045202
0.143223
0.141383 0.333333 0.002515 0.000116 0.997865 0.000303 0.019194 0.895795 0.586918 0.121882 0.222222 0.054658
0.219441
0.077905 1.000000 0.073718 0.000011 0.996260 0.000131 0.032927 0.865219 0.412643 0.000570 0.000000 0.012104
0.143223
0.144847 0.333333 0.019607 0.000121 0.997967 0.000270 0.046319 0.930224 0.665834 0.194160 0.000000 0.132995
0.219441
0.091688 1.000000 0.209743 0.000033 0.996591 0.000074 0.001830 0.893566 0.640558 0.143942 0.111111 0.046355
0.143223
0.326611 0.333333 0.916426 0.999354 0.004961 0.928702 0.302545 0.040204 0.002682 0.274097 0.444444 0.024341
0.496075
0.145454 0.333333 0.022605 0.000121 0.997961 0.000352 0.048559 0.934710 0.678677 0.215760 0.000000 0.150792
0.219441
0.077823 1.000000 0.072904 0.000010 0.996233 0.000147 0.033128 0.865211 0.411737 0.000394 0.111111 0.011348
0.143223
0.171478 1.000000 0.997084 0.998972 0.000779 0.917193 0.996978 0.646150 0.133882 0.943349 0.222222 0.207947
0.329110
0.144675 0.333333 0.018761 0.000119 0.997934 0.000311 0.046769 0.929541 0.661715 0.194379 0.222222 0.139577
0.219441
0.326809 0.333333 0.917404 0.999354 0.005050 0.927818 0.302575 0.040380 0.002782 0.274141 0.333333 0.015679
0.496075
0.164710 1.000000 0.930297 0.999083 0.000672 0.926124 0.397467 0.113332 0.000930 0.268504 0.333333 0.002137
0.329110
0.091818 1.000000 0.211011 0.000033 0.996558 0.000180 0.001398 0.893624 0.642569 0.144409 0.111111 0.046072
0.143223
0.332053 0.333333 0.943282 0.999175 0.005028 0.912978 0.858704 0.530966 0.111742 0.841453 0.222222 0.188978
0.496075
0.144616 0.333333 0.018468 0.000121 0.997970 0.000311 0.047162 0.929893 0.661510 0.195321 0.000000 0.135038
0.219441
0.331862 0.333333 0.942335 0.999255 0.004958 0.919813 0.856151 0.529141 0.112296 0.843513 0.111111 0.191153
0.496075
0.077943 1.000000 0.074104 0.000012 0.996254 0.000074 0.032885 0.865171 0.412866 0.000482 0.000000 0.012104
0.143223
0.144646 0.333333 0.018613 0.000119 0.997925 0.000287 0.046801 0.929619 0.662058 0.196694 0.000000 0.137497
0.219441
0.091490 1.000000 0.207785 0.000029 0.996540 0.000065 0.002433 0.893591 0.637671 0.143898 0.222222 0.046355
0.143223
0.091936 1.000000 0.212186 0.000102 0.996580 0.000164 0.000787 0.893472 0.644220 0.143599 0.111111 0.046072
0.143223
0.078048 1.000000 0.075134 0.000011 0.996260 0.000115 0.032370 0.865215 0.415290 0.000307 0.222222 0.012464
0.143223
0.331980 0.333333 0.942921 0.999094 0.004847 0.906994 0.858133 0.530144 0.113201 0.843250 0.222222 0.197961
0.496075
0.331922 0.333333 0.942636 0.999186 0.004758 0.912511 0.857380 0.530200 0.112377 0.842242 0.333333 0.184098
0.496075
0.325944 0.333333 0.913138 0.999353 0.005143 0.927736 0.300897 0.038655 0.002623 0.274119 0.222222 0.019083
0.496075
0.141220 0.333333 0.001708 0.000116 0.997849 0.001277 0.020703 0.896470 0.584042 0.122758 0.000000 0.052767
0.219441
0.145784 0.333333 0.024233 0.000121 0.997973 0.000327 0.048376 0.934459 0.683294 0.216585 0.000000 0.141658
0.219441
0.091532 1.000000 0.208195 0.000033 0.996589 0.000205 0.002398 0.893665 0.638099 0.144782 0.222222 0.044691
0.143223
0.141220 0.333333 0.001711 0.000111 0.997824 0.000311 0.020420 0.896397 0.584605 0.122787 0.111111 0.053694
0.219441
0.326796 0.333333 0.917339 0.999354 0.005027 0.929341 0.302694 0.040598 0.002223 0.273185 0.222222 0.012066
0.496075
0.144898 0.333333 0.019864 0.000121 0.997958 0.000336 0.045720 0.930146 0.667666 0.195693 0.000000 0.142130
0.219441
0.141689 0.333333 0.004027 0.000118 0.997877 0.000352 0.022414 0.898949 0.593758 0.129783 0.000000 0.056890
0.219441
0.326755 0.333333 0.917135 0.999353 0.004968 0.926951 0.302737 0.040368 0.002297 0.273243 0.222222 0.014771
0.496075
0.171426 1.000000 0.996574 0.999097 0.001400 0.926402 0.994424 0.644092 0.134915 0.947782 0.333333 0.204410
0.329110
0.171367 1.000000 0.995995 0.999094 0.001088 0.924896 0.994159 0.643712 0.134209 0.941706 0.444444 0.198661
0.329110
0.164742 1.000000 0.930618 0.999084 0.000607 0.926951 0.397807 0.113474 0.000705 0.268431 0.333333 0.003461
0.329110
0.164745 1.000000 0.930647 0.999084 0.000604 0.926533 0.397432 0.113021 0.000622 0.269519 0.333333 0.004898
0.329110
0.141589 0.333333 0.003535 0.000115 0.997865 0.000303 0.019572 0.896417 0.589923 0.124014 0.111111 0.053750
0.219441
0.078132 1.000000 0.075970 0.000009 0.996221 0.000016 0.032155 0.865203 0.416205 0.000482 0.111111 0.012709
0.143223
0.145796 0.333333 0.024289 0.000121 0.997949 0.000295 0.048101 0.934629 0.685126 0.216687 0.000000 0.150320
0.219441
0.091864 1.000000 0.211465 0.000033 0.996589 0.000074 0.001228 0.893532 0.642901 0.143869 0.000000 0.046715
0.143223
0.144564 0.333333 0.018211 0.000121 0.997964 0.000327 0.047028 0.930004 0.662058 0.197088 0.000000 0.140069
0.219441
0.145803 0.333333 0.024328 0.000121 0.997969 0.000327 0.048710 0.934976 0.685275 0.217666 0.000000 0.144873
0.219441
0.171400 1.000000 0.996325 0.998981 0.000720 0.918126 0.997707 0.646101 0.133325 0.936514 0.222222 0.213999
0.329110
0.144540 0.333333 0.018096 0.000121 0.997991 0.000311 0.047275 0.930125 0.661794 0.194817 0.000000 0.135322
0.219441
0.325819 0.333333 0.912518 0.999351 0.005036 0.929505 0.299592 0.037711 0.002072 0.275120 0.222222 0.012445
0.496075
0.325833 0.333333 0.912587 0.999347 0.005130 0.927401 0.299751 0.037710 0.001865 0.273469 0.222222 0.015092
0.496075
0.171370 1.000000 0.996022 0.999095 0.001209 0.926861 0.993897 0.643505 0.132984 0.945627 0.333333 0.196051
0.329110
0.144641 0.333333 0.018589 0.000121 0.997987 0.000327 0.046875 0.929883 0.663261 0.196686 0.000000 0.141260
0.219441
0.141181 0.333333 0.001515 0.000116 0.997884 0.000278 0.020175 0.896055 0.584288 0.122393 0.000000 0.050724
0.219441
0.091844 1.000000 0.211269 0.000033 0.996574 0.000213 0.000958 0.893403 0.643257 0.143037 0.000000 0.046015
0.143223
0.077667 1.000000 0.071370 0.000009 0.996212 0.000164 0.033807 0.865185 0.408559 0.000277 0.111111 0.011839
0.143223
0.144439 0.333333 0.017593 0.000118 0.997887 0.000344 0.047786 0.929763 0.659730 0.197782 0.000000 0.142282
0.219441
0.091643 1.000000 0.209287 0.000029 0.996526 0.000139 0.002085 0.893662 0.639483 0.144431 0.111111 0.044691
0.143223
0.164640 1.000000 0.929610 0.999057 0.000371 0.922997 0.395079 0.110015 0.001214 0.266766 0.222222 0.007754
0.329110
0.325883 0.333333 0.912836 0.999351 0.005077 0.927687 0.301007 0.038792 0.002348 0.270154 0.222222 0.013712
0.496075
0.091698 1.000000 0.209832 0.000033 0.996597 0.000205 0.001220 0.893417 0.641014 0.144073 0.111111 0.047301
0.143223
0.091659 1.000000 0.209450 0.000033 0.996591 0.000164 0.001809 0.893547 0.640254 0.143906 0.111111 0.045807
0.143223
0.140995 0.333333 0.000603 0.000115 0.997865 0.000336 0.020681 0.895959 0.581648 0.122357 0.111111 0.051802
0.219441
0.164707 1.000000 0.930262 0.999082 0.000512 0.927622 0.396352 0.112145 0.000954 0.267284 0.222222 0.003253
0.329110
0.325891 0.333333 0.912876 0.999353 0.005116 0.928105 0.301067 0.038746 0.002551 0.272104 0.222222 0.019934
0.496075
0.141294 0.333333 0.002072 0.000116 0.997902 0.000327 0.020282 0.896425 0.585553 0.123065 0.000000 0.052502
0.219441
0.326910 0.333333 0.917901 0.999354 0.004967 0.930536 0.302701 0.041267 0.002477 0.272403 0.333333 0.013144
0.496075
0.144506 0.333333 0.017923 0.000119 0.997943 0.001359 0.047525 0.930380 0.660949 0.195277 0.111111 0.133525
0.219441
0.164687 1.000000 0.930066 0.999083 0.000543 0.926091 0.397132 0.112729 0.000585 0.265817 0.444444 0.003158
0.329110
0.325995 0.333333 0.913388 0.999353 0.005083 0.931379 0.301366 0.038873 0.002155 0.272535 0.222222 0.015868
0.496075
0.141153 0.333333 0.001379 0.000115 0.997887 0.000295 0.020990 0.896459 0.583609 0.122868 0.111111 0.054072
0.219441
0.078020 1.000000 0.074859 0.000011 0.996275 0.000180 0.032535 0.865192 0.414510 0.000533 0.111111 0.012936
0.143223
0.331989 0.333333 0.942967 0.999123 0.004645 0.908033 0.858562 0.530559 0.112674 0.838620 0.222222 0.188051
0.496075
0.077911 1.000000 0.073792 0.000012 0.996259 0.000065 0.032962 0.865217 0.412466 0.000657 0.111111 0.012936
0.143223
0.164702 1.000000 0.930220 0.999083 0.000602 0.926484 0.397661 0.113315 0.000511 0.267372 0.222222 0.001267
0.329110
0.141357 0.333333 0.002383 0.000115 0.997869 0.000327 0.019727 0.896072 0.586291 0.122327 0.222222 0.051575
0.219441
0.078133 1.000000 0.075972 0.000012 0.996259 0.000049 0.032281 0.865211 0.415661 0.000818 0.000000 0.012823
0.143223
0.171269 1.000000 0.995027 0.998743 0.000017 0.906707 0.996451 0.644354 0.131973 0.940195 0.222222 0.206302
0.329110
0.326717 0.333333 0.916948 0.999354 0.005166 0.927245 0.302606 0.040366 0.002190 0.274046 0.333333 0.013579
0.496075
0.140982 0.333333 0.000535 0.000115 0.997840 0.000344 0.021150 0.896076 0.580486 0.122013 0.000000 0.053126
0.219441
0.145542 0.333333 0.023042 0.000121 0.997967 0.000360 0.049171 0.934742 0.681232 0.218002 0.000000 0.150963
0.219441
0.332038 0.333333 0.943207 0.999027 0.004571 0.903286 0.858853 0.530654 0.112670 0.842629 0.222222 0.187881
0.496075
0.141371 0.333333 0.002456 0.000115 0.997840 0.000311 0.019836 0.896061 0.586280 0.122035 0.222222 0.050460
0.219441
0.141477 0.333333 0.002977 0.000115 0.997863 0.000360 0.019350 0.896013 0.587981 0.122714 0.111111 0.053883
0.219441
0.078040 1.000000 0.075056 0.000009 0.996209 0.000139 0.032608 0.865153 0.414159 0.000321 0.000000 0.012218
0.143223
0.164696 1.000000 0.930157 0.999084 0.000619 0.927254 0.396141 0.111421 0.000981 0.267723 0.444444 0.005844
0.329110
0.145543 0.333333 0.023040 0.000124 0.998011 0.000303 0.049266 0.934723 0.681462 0.217520 0.111111 0.150130
0.219441
0.141227 0.333333 0.001747 0.000115 0.997846 0.000311 0.020039 0.895980 0.584389 0.121699 0.111111 0.053372
0.219441
0.332033 0.333333 0.943181 0.999315 0.005534 0.923856 0.856615 0.529971 0.113028 0.843133 0.333333 0.189810
0.496075
0.171359 1.000000 0.995921 0.999096 0.001162 0.925895 0.994504 0.643843 0.133155 0.944313 0.333333 0.198491
0.329110
0.325835 0.333333 0.912595 0.999350 0.005142 0.927286 0.299689 0.037675 0.001913 0.274623 0.222222 0.014449
0.496075
0.332107 0.333333 0.943543 0.999363 0.005653 0.928056 0.854822 0.527985 0.112248 0.840504 0.222222 0.177195
0.496075
0.144335 0.333333 0.017081 0.000121 0.997940 0.000336 0.047986 0.930249 0.658498 0.193787 0.000000 0.135435
0.219441
0.164738 1.000000 0.930570 0.999083 0.000566 0.929537 0.398242 0.113634 0.000081 0.266437 0.222222 0.004804
0.329110
0.171491 1.000000 0.997216 0.999096 0.001070 0.927606 0.998941 0.647018 0.132827 0.933747 0.333333 0.202935
0.329110
0.332097 0.333333 0.943496 0.999363 0.005379 0.929005 0.854549 0.528151 0.112882 0.841402 0.111111 0.174244
0.496075
0.164657 1.000000 0.929777 0.999083 0.000530 0.925535 0.396334 0.111009 0.000574 0.264261 0.333333 0.003518
0.329110
0.326880 0.333333 0.917755 0.999354 0.005015 0.926312 0.302926 0.041076 0.002155 0.271301 0.222222 0.011764
0.496075
0.091502 1.000000 0.207901 0.000029 0.996543 0.000106 0.002511 0.893547 0.637201 0.144358 0.111111 0.046412
0.143223
0.077981 1.000000 0.074479 0.000009 0.996223 0.000074 0.032641 0.865186 0.413812 0.000489 0.000000 0.011537
0.143223
0.078064 1.000000 0.075292 0.000012 0.996269 0.000008 0.032413 0.865196 0.415039 0.000073 0.111111 0.011291
0.143223
0.145049 0.333333 0.020605 0.000121 0.997975 0.000295 0.045867 0.930034 0.668518 0.194671 0.111111 0.139010
0.219441
0.326819 0.333333 0.917454 0.999354 0.005009 0.925338 0.302677 0.040841 0.002070 0.274039 0.444444 0.012974
0.496075
0.171333 1.000000 0.995663 0.998857 0.000278 0.910997 0.997319 0.645178 0.131447 0.939632 0.222222 0.208042
0.329110
0.141689 0.333333 0.004026 0.000112 0.997849 0.000303 0.022384 0.898886 0.593183 0.129783 0.000000 0.053921
0.219441
0.331953 0.333333 0.942785 0.999190 0.005102 0.913993 0.857270 0.530187 0.112764 0.843031 0.222222 0.183985
0.496075
0.332021 0.333333 0.943122 0.999250 0.005163 0.920345 0.856817 0.530067 0.113231 0.844834 0.333333 0.184306
0.496075
0.144683 0.333333 0.018802 0.000121 0.997978 0.000336 0.046890 0.930130 0.663930 0.195145 0.000000 0.134887
0.219441
0.332066 0.333333 0.943346 0.999068 0.004826 0.907444 0.858797 0.530637 0.112958 0.841439 0.222222 0.191001
0.496075
0.145422 0.333333 0.022449 0.000122 0.998020 0.000311 0.049430 0.934379 0.679505 0.216636 0.000000 0.148863
0.219441
0.325928 0.333333 0.913053 0.999353 0.005086 0.929341 0.300978 0.038639 0.002350 0.273061 0.111111 0.021939
0.496075
0.164690 1.000000 0.930102 0.999083 0.000583 0.926476 0.396705 0.112597 0.000891 0.267671 0.333333 0.001948
0.329110
0.144724 0.333333 0.018999 0.000118 0.997923 0.000336 0.045931 0.929826 0.665054 0.197526 0.000000 0.141790
0.219441
0.091998 1.000000 0.212796 0.000033 0.996582 0.000065 0.000322 0.893456 0.645679 0.144110 0.111111 0.045958
0.143223
0.164795 1.000000 0.931133 0.999079 0.000481 0.928195 0.401394 0.115154 0.001175 0.266153 0.222222 0.005844
0.329110
0.164718 1.000000 0.930375 0.999084 0.000589 0.928678 0.397110 0.112903 0.001002 0.269300 0.888889 0.005504
0.329110
0.145417 0.333333 0.022421 0.000121 0.997981 0.000327 0.049650 0.934467 0.677869 0.213445 0.000000 0.147312
0.219441
0.091832 1.000000 0.211160 0.000033 0.996583 0.000172 0.001306 0.893559 0.642576 0.143635 0.111111 0.046166
0.143223
0.171477 1.000000 0.997076 0.999094 0.001013 0.925706 0.994909 0.644601 0.134945 0.945934 0.222222 0.205470
0.329110
0.077880 1.000000 0.073474 0.000010 0.996242 0.000123 0.033010 0.865190 0.412274 0.000555 0.000000 0.013050
0.143223
0.091683 1.000000 0.209680 0.000033 0.996604 0.000205 0.001787 0.893611 0.640986 0.143986 0.111111 0.046110
0.143223
0.144695 0.333333 0.018859 0.000118 0.997880 0.000246 0.047009 0.929743 0.662921 0.194028 0.000000 0.135246
0.219441
0.171390 1.000000 0.996221 0.998761 0.000228 0.907436 0.997334 0.645602 0.132146 0.941429 0.222222 0.204146
0.329110
0.144750 0.333333 0.019135 0.000121 0.997905 0.000287 0.046792 0.929983 0.664240 0.196248 0.000000 0.136627
0.219441
0.145119 0.333333 0.020950 0.000121 0.997964 0.000344 0.050181 0.934290 0.674737 0.214117 0.111111 0.155388
0.219441
0.091610 1.000000 0.208966 0.000033 0.996591 0.000172 0.002162 0.893618 0.639112 0.144183 0.111111 0.045694
0.143223
0.332035 0.333333 0.943190 0.999212 0.004754 0.915892 0.857230 0.530092 0.112869 0.846653 0.444444 0.188751
0.496075
0.091888 1.000000 0.211707 0.000033 0.996610 0.000106 0.000840 0.893423 0.642809 0.143548 0.111111 0.045391
0.143223
0.141993 0.333333 0.005528 0.000118 0.997954 0.000303 0.020837 0.898635 0.597636 0.129060 0.000000 0.056247
0.219441
0.091855 1.000000 0.211388 0.000033 0.996574 0.000205 0.001066 0.893531 0.643050 0.144366 0.111111 0.047377
0.143223
0.077797 1.000000 0.072654 0.000009 0.996218 0.000205 0.033323 0.865143 0.410743 0.000511 0.000000 0.012804
0.143223
0.164662 1.000000 0.929822 0.999082 0.000652 0.927957 0.396666 0.112075 0.000548 0.265649 0.222222 0.002629
0.329110
0.332204 0.333333 0.944024 0.999363 0.005264 0.928907 0.854474 0.528297 0.113046 0.843513 0.333333 0.169668
0.496075
0.325925 0.333333 0.913043 0.999353 0.004964 0.927434 0.301063 0.039007 0.002706 0.272381 0.333333 0.015584
0.496075
0.091654 1.000000 0.209401 0.000029 0.996532 0.000106 0.001818 0.893532 0.640318 0.144314 0.111111 0.047434
0.143223
0.332124 0.333333 0.943630 0.999363 0.005780 0.926590 0.854622 0.528057 0.113135 0.842855 0.222222 0.179200
0.496075
0.332019 0.333333 0.943114 0.999065 0.004450 0.906331 0.858498 0.530596 0.112519 0.844046 0.222222 0.187956
0.496075
0.141227 0.333333 0.001746 0.000115 0.997849 0.000327 0.020372 0.896176 0.584387 0.121948 0.222222 0.052483
0.219441
0.332135 0.333333 0.943682 0.999363 0.005202 0.927057 0.854706 0.528273 0.113921 0.844060 0.222222 0.173053
0.496075
0.171425 1.000000 0.996565 0.999095 0.001044 0.926787 0.995443 0.644564 0.135133 0.940260 0.222222 0.207134
0.329110
0.091695 1.000000 0.209799 0.000029 0.996537 0.000147 0.001107 0.893322 0.640787 0.143205 0.111111 0.045939
0.143223
0.091628 1.000000 0.209143 0.000033 0.996574 0.000164 0.002019 0.893520 0.639719 0.144957 0.111111 0.050270
0.143223
0.145623 0.333333 0.023449 0.000124 0.997969 0.000327 0.048300 0.934338 0.681831 0.215511 0.000000 0.150755
0.219441
0.078067 1.000000 0.075321 0.000010 0.996223 0.000139 0.032409 0.865229 0.415312 0.000672 0.111111 0.012842
0.143223
0.171380 1.000000 0.996123 0.999094 0.001115 0.926116 0.994549 0.643794 0.134616 0.943232 0.222222 0.205299
0.329110
0.091722 1.000000 0.210068 0.000033 0.996561 0.000123 0.001463 0.893439 0.640767 0.144563 0.000000 0.046337
0.143223
0.078210 1.000000 0.076733 0.000010 0.996226 0.000016 0.031961 0.865194 0.417111 0.000584 0.111111 0.013220
0.143223
0.171477 1.000000 0.997083 0.999097 0.001144 0.926681 0.994980 0.644157 0.134216 0.943502 0.222222 0.210198
0.329110
0.331961 0.333333 0.942827 0.999101 0.004769 0.909720 0.857626 0.530229 0.113008 0.842892 0.333333 0.184306
0.496075
0.091691 1.000000 0.209771 0.000029 0.996537 0.000180 0.001958 0.893680 0.640346 0.143979 0.111111 0.045259
0.143223
0.171380 1.000000 0.996128 0.999097 0.001263 0.929595 0.995593 0.644613 0.134290 0.940779 0.222222 0.206491
0.329110
0.325860 0.333333 0.912719 0.999333 0.005157 0.927655 0.299659 0.037575 0.001795 0.274419 0.222222 0.020577
0.496075
0.091755 1.000000 0.210388 0.000033 0.996565 0.000180 0.001589 0.893557 0.641071 0.143840 0.000000 0.045542
0.143223
0.078020 1.000000 0.074863 0.000010 0.996248 0.000049 0.032435 0.865241 0.414840 0.000175 0.111111 0.010799
0.143223
0.141906 0.333333 0.005096 0.000112 0.997854 0.000311 0.021708 0.898867 0.596236 0.129827 0.111111 0.054961
0.219441
0.078054 1.000000 0.075190 0.000009 0.996203 0.000147 0.032490 0.865165 0.414727 0.000628 0.111111 0.013277
0.143223
0.326923 0.333333 0.917968 0.999354 0.005041 0.927818 0.302916 0.041425 0.001813 0.270768 0.111111 0.012104
0.496075
0.171458 1.000000 0.996893 0.999094 0.001091 0.927213 0.998185 0.646821 0.132764 0.936930 0.222222 0.208931
0.329110
0.091770 1.000000 0.210544 0.000033 0.996586 0.000156 0.001507 0.893579 0.641925 0.144161 0.111111 0.046204
0.143223
0.091720 1.000000 0.210050 0.000101 0.996565 0.000205 0.001811 0.893622 0.640936 0.144183 0.000000 0.046582
0.143223
0.077789 1.000000 0.072573 0.000011 0.996260 0.000172 0.033322 0.865210 0.410877 0.000263 0.111111 0.011858
0.143223
0.164679 1.000000 0.929990 0.999084 0.000558 0.925510 0.397158 0.112874 0.000705 0.267365 0.333333 0.002270
0.329110
0.326855 0.333333 0.917631 0.999354 0.005024 0.927515 0.302710 0.041154 0.002337 0.272411 0.222222 0.013485
0.496075
0.331948 0.333333 0.942760 0.999179 0.005072 0.916964 0.857595 0.529989 0.112997 0.842753 0.222222 0.196391
0.496075
0.091865 1.000000 0.211477 0.000033 0.996591 0.000049 0.001203 0.893623 0.643687 0.143993 0.000000 0.046374
0.143223
0.164685 1.000000 0.930051 0.999083 0.000561 0.926468 0.396457 0.112128 0.000644 0.266028 0.333333 0.002931
0.329110
0.332005 0.333333 0.943040 0.999274 0.005250 0.922383 0.857296 0.530001 0.112358 0.842607 0.333333 0.191115
0.496075
0.141321 0.333333 0.002214 0.000116 0.997886 0.000254 0.019873 0.896095 0.586092 0.122386 0.222222 0.051519
0.219441
0.171383 1.000000 0.996149 0.999096 0.000951 0.927786 0.994622 0.643609 0.133687 0.938091 0.333333 0.200496
0.329110
0.141552 0.333333 0.003347 0.000116 0.997889 0.000287 0.019430 0.896477 0.589525 0.123445 0.000000 0.054072
0.219441
0.141364 0.333333 0.002425 0.000116 0.997910 0.000295 0.020311 0.896467 0.586372 0.123014 0.111111 0.053372
0.219441
0.077894 1.000000 0.073611 0.000010 0.996241 0.000098 0.032913 0.865224 0.412639 0.000402 0.000000 0.011764
0.143223
0.144915 0.333333 0.019950 0.000121 0.997973 0.000311 0.046121 0.930198 0.667090 0.194978 0.111111 0.135719
0.219441
0.164681 1.000000 0.930009 0.999084 0.000543 0.928997 0.397543 0.113090 0.000767 0.265459 0.222222 0.001381
0.329110
0.078160 1.000000 0.076234 0.000012 0.996250 0.000033 0.032153 0.865209 0.416203 0.000818 0.000000 0.012350
0.143223
0.171711 1.000000 0.999389 0.999094 0.000999 0.930184 0.993439 0.649735 0.124607 0.932337 0.333333 0.190169
0.329110
0.091800 1.000000 0.210835 0.000033 0.996583 0.000213 0.001454 0.893672 0.642185 0.145213 0.111111 0.046299
0.143223
0.171336 1.000000 0.995687 0.999094 0.001037 0.926893 0.994687 0.643864 0.133519 0.941261 0.222222 0.204165
0.329110
0.171475 1.000000 0.997060 0.999095 0.001109 0.926885 0.997195 0.646672 0.134096 0.942853 0.444444 0.203692
0.329110
0.091867 1.000000 0.211505 0.000033 0.996591 0.000065 0.000798 0.893349 0.642683 0.143665 0.111111 0.046696
0.143223
0.077891 1.000000 0.073590 0.000012 0.996250 0.000033 0.032940 0.865199 0.412589 0.000475 0.111111 0.011896
0.143223
0.141255 0.333333 0.001881 0.000115 0.997874 0.000278 0.020464 0.896582 0.585463 0.123561 0.111111 0.052029
0.219441
0.141216 0.333333 0.001696 0.000115 0.997878 0.000287 0.019932 0.895845 0.583908 0.121677 0.111111 0.054393
0.219441
0.331996 0.333333 0.943002 0.999054 0.004571 0.907379 0.859584 0.530824 0.111604 0.839014 0.222222 0.190150
0.496075
0.077990 1.000000 0.074557 0.000010 0.996236 0.000131 0.032629 0.865170 0.413971 0.000372 0.111111 0.011896
0.143223
0.164795 1.000000 0.931134 0.999083 0.000626 0.928899 0.401465 0.115467 0.000566 0.265714 0.333333 0.005088
0.329110
0.164704 1.000000 0.930239 0.999083 0.000504 0.926017 0.396114 0.111605 0.000991 0.266664 0.333333 0.004861
0.329110
0.325802 0.333333 0.912433 0.999187 0.004626 0.918462 0.298561 0.036358 0.002153 0.273842 0.222222 0.029977
0.496075
0.144491 0.333333 0.017853 0.000121 0.997975 0.000319 0.047214 0.929679 0.658933 0.195679 0.000000 0.133374
0.219441
0.141049 0.333333 0.000870 0.000115 0.997865 0.000319 0.020758 0.896051 0.581847 0.122473 0.000000 0.051367
0.219441
0.091443 1.000000 0.207317 0.000033 0.996606 0.000270 0.002646 0.893570 0.636823 0.144468 0.000000 0.046582
0.143223
0.144492 0.333333 0.017857 0.000121 0.997979 0.000377 0.047530 0.930054 0.659994 0.195153 0.000000 0.132598
0.219441
0.326001 0.333333 0.913418 0.999353 0.005121 0.927204 0.301222 0.039292 0.002326 0.273331 0.222222 0.013920
0.496075
0.171324 1.000000 0.995564 0.999094 0.001087 0.927360 0.996436 0.644705 0.132213 0.938165 0.333333 0.204013
0.329110
0.144801 0.333333 0.019379 0.000121 0.997985 0.000303 0.046490 0.929653 0.663624 0.195343 0.111111 0.136419
0.219441
0.332098 0.333333 0.943501 0.999156 0.004977 0.911823 0.858257 0.530605 0.112871 0.843352 0.222222 0.193252
0.496075
0.145686 0.333333 0.023749 0.000124 0.998022 0.000360 0.048302 0.934894 0.682973 0.220484 0.111111 0.150074
0.219441
0.332128 0.333333 0.943649 0.999363 0.005557 0.929063 0.854387 0.528169 0.113089 0.842980 0.222222 0.175871
0.496075
0.164687 1.000000 0.930073 0.999083 0.000589 0.927016 0.397976 0.113425 0.000000 0.266255 0.444444 0.001475
0.329110
0.171299 1.000000 0.995316 0.999094 0.001016 0.928850 0.994630 0.643658 0.133093 0.941392 0.222222 0.201157
0.329110
0.091743 1.000000 0.210272 0.000033 0.996597 0.000156 0.001476 0.893467 0.641534 0.143504 0.000000 0.048701
0.143223
0.144431 0.333333 0.017553 0.000121 0.997963 0.000270 0.046437 0.929315 0.659881 0.196642 0.000000 0.139785
0.219441
0.326598 0.333333 0.916362 0.999354 0.005083 0.927483 0.302549 0.040372 0.002487 0.273944 0.333333 0.020369
0.496075
0.091788 1.000000 0.210716 0.000033 0.996583 0.000205 0.001327 0.893486 0.641855 0.143767 0.000000 0.045656
0.143223
0.078054 1.000000 0.075193 0.000009 0.996194 0.000000 0.032385 0.865184 0.415153 0.000073 0.000000 0.012123
0.143223
0.164761 1.000000 0.930803 0.999084 0.000572 0.926959 0.397508 0.113373 0.001153 0.269468 0.222222 0.004028
0.329110
0.078074 1.000000 0.075385 0.000009 0.996211 0.000156 0.032321 0.865241 0.415318 0.000635 0.111111 0.012464
0.143223
0.332054 0.333333 0.943282 0.999363 0.005344 0.926811 0.854494 0.528086 0.111986 0.840950 0.333333 0.173999
0.496075
0.078103 1.000000 0.075675 0.000010 0.996226 0.000131 0.032311 0.865161 0.415478 0.000730 0.111111 0.013447
0.143223
0.332011 0.333333 0.943077 0.999228 0.005234 0.916342 0.856766 0.530251 0.113297 0.848186 0.333333 0.181885
0.496075
0.332010 0.333333 0.943069 0.999132 0.005053 0.910309 0.858154 0.530494 0.112023 0.842264 0.222222 0.184438
0.496075
0.141308 0.333333 0.002146 0.000115 0.997848 0.001121 0.019572 0.895988 0.585979 0.122225 0.111111 0.051651
0.219441
0.144962 0.333333 0.020173 0.000121 0.997939 0.000360 0.045398 0.929704 0.668361 0.197146 0.000000 0.138575
0.219441
0.164683 1.000000 0.930034 0.999083 0.000481 0.925600 0.396424 0.112131 0.000924 0.267036 0.222222 0.003801
0.329110
0.331918 0.333333 0.942613 0.999237 0.005333 0.916940 0.856503 0.529472 0.112888 0.844228 0.222222 0.187956
0.496075
0.332087 0.333333 0.943445 0.999363 0.005727 0.929996 0.855591 0.529115 0.113373 0.843228 0.222222 0.181677
0.496075
0.141966 0.333333 0.005395 0.000116 0.997890 0.000327 0.021410 0.898845 0.597536 0.129644 0.111111 0.056323
0.219441
0.331993 0.333333 0.942983 0.999241 0.005373 0.921425 0.856173 0.529733 0.113814 0.845930 0.333333 0.183247
0.496075
0.171335 1.000000 0.995677 0.999095 0.001234 0.926108 0.993958 0.643434 0.133694 0.943524 0.222222 0.205337
0.329110
0.144769 0.333333 0.019227 0.000121 0.997949 0.000311 0.046364 0.929710 0.664091 0.194006 0.111111 0.132901
0.219441
0.164707 1.000000 0.930266 0.999083 0.000581 0.925952 0.398024 0.113525 0.000614 0.267277 0.333333 0.004955
0.329110
0.077905 1.000000 0.073721 0.000011 0.996262 0.000630 0.032859 0.865195 0.412956 0.000482 0.111111 0.012104
0.143223
0.077852 1.000000 0.073209 0.000011 0.996275 0.000156 0.033088 0.865199 0.412003 0.000372 0.000000 0.012483
0.143223
0.171342 1.000000 0.995752 0.998794 0.000386 0.907534 0.996863 0.645072 0.133165 0.942166 0.222222 0.212089
0.329110
0.146061 0.333333 0.025596 0.000124 0.997982 0.000344 0.047503 0.934962 0.688103 0.220265 0.000000 0.149525
0.219441
0.325983 0.333333 0.913329 0.999353 0.005231 0.928350 0.301131 0.039204 0.002531 0.272798 0.333333 0.012010
0.496075
0.078055 1.000000 0.075201 0.000010 0.996235 0.000156 0.032394 0.865178 0.415185 0.000380 0.111111 0.011348
0.143223
0.091238 1.000000 0.205296 0.000033 0.996612 0.000082 0.003308 0.893599 0.633995 0.144373 0.111111 0.048625
0.143223
0.145000 0.333333 0.020364 0.000121 0.997939 0.000237 0.046013 0.929890 0.666819 0.196679 0.000000 0.136835
0.219441
0.077982 1.000000 0.074483 0.000010 0.996212 0.000131 0.032801 0.865173 0.413253 0.000665 0.111111 0.012880
0.143223
0.164685 1.000000 0.930048 0.999082 0.000593 0.926566 0.396516 0.112129 0.000908 0.266218 0.222222 0.003140
0.329110
0.332118 0.333333 0.943597 0.999364 0.005270 0.929308 0.853915 0.528049 0.113104 0.845024 0.333333 0.173337
0.496075
0.164734 1.000000 0.930530 0.999083 0.000629 0.925338 0.397395 0.113129 0.000710 0.269534 0.222222 0.003499
0.329110
0.091632 1.000000 0.209174 0.000029 0.996526 0.000123 0.002074 0.893538 0.639590 0.144168 0.222222 0.049079
0.143223
0.078175 1.000000 0.076395 0.000011 0.996265 0.000196 0.032002 0.865170 0.417033 0.000402 0.000000 0.012728
0.143223
0.331999 0.333333 0.943015 0.999363 0.005391 0.928228 0.855333 0.528922 0.112237 0.843571 0.111111 0.180221
0.496075
0.325879 0.333333 0.912814 0.999351 0.004971 0.928211 0.300825 0.038838 0.002507 0.273265 0.333333 0.013542
0.496075
0.331991 0.333333 0.942973 0.999363 0.005504 0.929636 0.856623 0.530135 0.112598 0.837956 0.333333 0.182055
0.496075
0.331972 0.333333 0.942879 0.999158 0.004970 0.911218 0.857783 0.530232 0.111927 0.845002 0.333333 0.194897
0.496075
0.164658 1.000000 0.929775 0.999064 0.000370 0.923725 0.395774 0.110490 0.000900 0.265809 0.444444 0.008889
0.329110
0.171365 1.000000 0.995978 0.999094 0.001133 0.926116 0.993022 0.642919 0.134142 0.946577 0.333333 0.202311
0.329110
0.144804 0.333333 0.019398 0.000121 0.997946 0.000360 0.046685 0.930008 0.663737 0.193532 0.000000 0.137743
0.219441
0.078062 1.000000 0.075264 0.000009 0.996206 0.000041 0.032452 0.865152 0.414893 0.000285 0.000000 0.012691
0.143223
0.144581 0.333333 0.018295 0.000121 0.997969 0.000336 0.046450 0.929924 0.663030 0.197059 0.000000 0.138783
0.219441
0.144476 0.333333 0.017779 0.000121 0.997939 0.000311 0.046667 0.929544 0.661453 0.197774 0.000000 0.141922
0.219441
0.077841 1.000000 0.073089 0.000009 0.996211 0.000131 0.033101 0.865204 0.411818 0.000153 0.000000 0.011178
0.143223
0.171351 1.000000 0.995843 0.999095 0.001262 0.927254 0.994981 0.644006 0.133482 0.941465 0.333333 0.202103
0.329110
0.164687 1.000000 0.930074 0.999084 0.000610 0.927736 0.396935 0.112747 0.000777 0.267584 0.333333 0.003575
0.329110
0.141776 0.333333 0.004458 0.000116 0.997911 0.000327 0.021555 0.898680 0.595050 0.130009 0.111111 0.058252
0.219441
0.332108 0.333333 0.943547 0.999185 0.005039 0.914115 0.858164 0.530588 0.113244 0.841417 0.333333 0.194443
0.496075
0.325707 0.333333 0.911965 0.999052 0.004482 0.911611 0.297905 0.035090 0.002267 0.273345 0.333333 0.031660
0.496075
0.078184 1.000000 0.076482 0.000009 0.996224 0.000057 0.031955 0.865153 0.417081 0.000570 0.111111 0.012615
0.143223
0.078154 1.000000 0.076189 0.000012 0.996271 0.000008 0.032081 0.865250 0.416745 0.000153 0.111111 0.011575
0.143223
0.141147 0.333333 0.001350 0.000115 0.997868 0.000868 0.020628 0.895871 0.582694 0.121590 0.111111 0.054696
0.219441
0.091590 1.000000 0.208757 0.000033 0.996586 0.000196 0.001754 0.893432 0.639595 0.143088 0.111111 0.045656
0.143223
0.142012 0.333333 0.005617 0.000118 0.997916 0.000287 0.021341 0.898844 0.597817 0.130630 0.111111 0.056644
0.219441
0.144729 0.333333 0.019028 0.000121 0.997932 0.000270 0.046699 0.929863 0.662209 0.195153 0.000000 0.136059
0.219441
0.077975 1.000000 0.074413 0.000010 0.996245 0.000139 0.032683 0.865215 0.413696 0.000424 0.111111 0.011499
0.143223
0.164717 1.000000 0.930368 0.999082 0.000640 0.927229 0.396197 0.112044 0.001103 0.267518 0.222222 0.005674
0.329110
0.091541 1.000000 0.208281 0.000029 0.996543 0.000057 0.002448 0.893674 0.637911 0.144088 0.222222 0.046696
0.143223
0.141259 0.333333 0.001903 0.000116 0.997911 0.000336 0.020214 0.896108 0.584655 0.122159 0.000000 0.049835
0.219441
0.325932 0.333333 0.913077 0.999353 0.005022 0.931158 0.300933 0.038755 0.002874 0.271564 0.333333 0.015660
0.496075
0.077859 1.000000 0.073275 0.000009 0.996209 0.000049 0.033100 0.865182 0.411844 0.000402 0.000000 0.012464
0.143223
0.078134 1.000000 0.075978 0.000009 0.996205 0.000139 0.032097 0.865195 0.416517 0.000548 0.000000 0.013201
0.143223
0.164657 1.000000 0.929779 0.999083 0.000614 0.926230 0.397204 0.113015 0.000577 0.267350 0.333333 0.001116
0.329110
0.144546 0.333333 0.018124 0.000121 0.997979 0.000295 0.046837 0.929737 0.661213 0.196409 0.111111 0.138234
0.219441
0.325770 0.333333 0.912276 0.999190 0.004748 0.921589 0.298927 0.036564 0.001651 0.273002 0.333333 0.028615
0.496075
0.171388 1.000000 0.996203 0.999097 0.001198 0.929415 0.995185 0.644157 0.134771 0.941297 0.222222 0.210330
0.329110
0.145737 0.333333 0.024000 0.000121 0.997942 0.000336 0.048542 0.934448 0.685041 0.216753 0.111111 0.152192
0.219441
0.144901 0.333333 0.019880 0.000121 0.997960 0.000295 0.046145 0.929623 0.666105 0.198512 0.000000 0.140693
0.219441
0.092020 1.000000 0.213000 0.000033 0.996558 0.000164 0.000270 0.893352 0.645613 0.143124 0.111111 0.046885
0.143223
0.144737 0.333333 0.019067 0.000121 0.997972 0.000360 0.046816 0.930027 0.663980 0.194430 0.000000 0.136816
0.219441
0.164642 1.000000 0.929628 0.999083 0.000672 0.927221 0.396273 0.111208 0.000535 0.265809 0.444444 0.002723
0.329110
0.141680 0.333333 0.003985 0.000118 0.997878 0.000377 0.022469 0.898994 0.593474 0.130615 0.111111 0.059349
0.219441
0.141973 0.333333 0.005432 0.000112 0.997846 0.000287 0.021100 0.898645 0.597101 0.129929 0.000000 0.057760
0.219441
0.332097 0.333333 0.943498 0.999363 0.005321 0.930290 0.854485 0.528380 0.112864 0.841410 0.111111 0.169308
0.496075
0.164669 1.000000 0.929886 0.999083 0.000602 0.927802 0.397082 0.112839 0.000502 0.267124 0.333333 0.001248
0.329110
0.325886 0.333333 0.912850 0.999353 0.004992 0.927221 0.300956 0.038611 0.002498 0.271826 0.222222 0.021069
0.496075
0.144664 0.333333 0.018705 0.000119 0.997907 0.001040 0.046130 0.930076 0.663598 0.198826 0.000000 0.141090
0.219441
0.077961 1.000000 0.074272 0.000010 0.996245 0.000033 0.032654 0.865211 0.413871 0.000497 0.111111 0.012142
0.143223
0.332047 0.333333 0.943254 0.999297 0.005207 0.924012 0.856309 0.529837 0.114094 0.845630 0.333333 0.186443
0.496075
0.171326 1.000000 0.995588 0.999094 0.001186 0.926312 0.995910 0.644434 0.132744 0.938778 0.444444 0.210444
0.329110
0.164788 1.000000 0.931064 0.999084 0.000584 0.926558 0.398269 0.113823 0.000662 0.268467 0.222222 0.006582
0.329110
0.141461 0.333333 0.002903 0.000115 0.997884 0.000319 0.020192 0.896640 0.587652 0.123036 0.111111 0.052181
0.219441
0.144666 0.333333 0.018719 0.000121 0.997940 0.000311 0.045920 0.929482 0.663554 0.197270 0.000000 0.138178
0.219441
0.325716 0.333333 0.912009 0.999027 0.004271 0.906978 0.297829 0.035047 0.002199 0.273601 0.444444 0.032076
0.496075
0.144704 0.333333 0.018905 0.000121 0.997981 0.000303 0.046887 0.929594 0.664126 0.196131 0.111111 0.140012
0.219441
0.141368 0.333333 0.002444 0.000115 0.997880 0.000287 0.019748 0.896220 0.586959 0.122305 0.222222 0.054583
0.219441
0.078198 1.000000 0.076612 0.000010 0.996226 0.000180 0.031901 0.865213 0.417393 0.000336 0.111111 0.011839
0.143223
0.326971 0.333333 0.918205 0.999354 0.005157 0.930561 0.302552 0.041482 0.002640 0.274090 0.111111 0.012539
0.496075
0.077978 1.000000 0.074431 0.000010 0.996251 0.000164 0.032644 0.865232 0.413969 0.000387 0.000000 0.012010
0.143223
0.141117 0.333333 0.001205 0.000116 0.997881 0.000319 0.020583 0.895828 0.582884 0.122028 0.111111 0.055263
0.219441
0.078077 1.000000 0.075422 0.000009 0.996214 0.000090 0.032300 0.865157 0.415546 0.000467 0.111111 0.012615
0.143223
0.078154 1.000000 0.076171 0.000010 0.996242 0.000164 0.032181 0.865211 0.416135 0.000643 0.111111 0.012464
0.143223
0.078181 1.000000 0.076445 0.000010 0.996244 0.000147 0.031977 0.865187 0.417094 0.000380 0.000000 0.012256
0.143223
0.145746 0.333333 0.024043 0.000126 0.998049 0.000327 0.048262 0.934695 0.683875 0.216694 0.111111 0.151454
0.219441
0.164688 1.000000 0.930076 0.999083 0.000524 0.926394 0.397619 0.113258 0.000312 0.268372 0.444444 0.001721
0.329110
0.091410 1.000000 0.206978 0.000029 0.996538 0.000139 0.002828 0.893550 0.635799 0.143891 0.111111 0.047623
0.143223
0.091302 1.000000 0.205914 0.000033 0.996582 0.000033 0.003053 0.893612 0.634847 0.144570 0.000000 0.045240
0.143223
0.331992 0.333333 0.942978 0.999051 0.004283 0.907256 0.858205 0.530412 0.113305 0.842023 0.111111 0.189072
0.496075
0.332061 0.333333 0.943317 0.999156 0.004924 0.911349 0.858173 0.530650 0.113275 0.840665 0.222222 0.187937
0.496075
0.326823 0.333333 0.917473 0.999354 0.005056 0.928964 0.302856 0.040943 0.002260 0.272213 0.222222 0.013636
0.496075
0.171487 1.000000 0.997172 0.999051 0.001052 0.925731 0.997059 0.646441 0.134310 0.941253 0.222222 0.211995
0.329110
0.091613 1.000000 0.208991 0.000034 0.996549 0.000205 0.002023 0.893405 0.639044 0.144132 1.000000 0.047869
0.143223
0.091705 1.000000 0.209902 0.000029 0.996533 0.000106 0.001661 0.893541 0.641191 0.144117 0.111111 0.045731
0.143223
0.091938 1.000000 0.212201 0.000033 0.996573 0.000131 0.000799 0.893604 0.644771 0.144139 0.000000 0.045126
0.143223
0.091355 1.000000 0.206446 0.000033 0.996586 0.000074 0.002665 0.893415 0.636131 0.144869 0.111111 0.049041
0.143223
0.141327 0.333333 0.002237 0.000116 0.997892 0.000336 0.020305 0.896511 0.586675 0.123021 0.111111 0.051783
0.219441
0.325952 0.333333 0.913174 0.999353 0.005169 0.929104 0.300813 0.038760 0.002898 0.273134 0.222222 0.015471
0.496075
0.091456 1.000000 0.207444 0.000033 0.996591 0.000049 0.002385 0.893521 0.637243 0.144358 0.222222 0.046999
0.143223
0.326816 0.333333 0.917438 0.999354 0.005071 0.927008 0.302597 0.040676 0.002435 0.273929 0.222222 0.011613
0.496075
0.141077 0.333333 0.001004 0.000115 0.997877 0.000278 0.021304 0.896620 0.582528 0.122225 0.111111 0.051689
0.219441
0.164709 1.000000 0.930283 0.999082 0.000598 0.926165 0.397096 0.112744 0.000524 0.266897 0.333333 0.004142
0.329110
0.144939 0.333333 0.020062 0.000121 0.997985 0.000303 0.045876 0.929511 0.666500 0.197438 0.111111 0.142754
0.219441
0.326009 0.333333 0.913455 0.999353 0.004956 0.927491 0.301148 0.038965 0.002686 0.273827 0.222222 0.017305
0.496075
0.164680 1.000000 0.930001 0.999057 0.000353 0.922416 0.395164 0.110121 0.001376 0.267116 0.222222 0.008624
0.329110
0.164709 1.000000 0.930293 0.999083 0.000613 0.926386 0.397473 0.113201 0.000266 0.267182 0.222222 0.000000
0.329110
0.077950 1.000000 0.074161 0.000010 0.996245 0.000164 0.032856 0.865190 0.413183 0.000635 0.000000 0.012766
0.143223
0.145501 0.333333 0.022835 0.000121 0.997958 0.000295 0.049426 0.934993 0.680625 0.219272 0.000000 0.146197
0.219441
0.144498 0.333333 0.017891 0.000121 0.997922 0.000262 0.047204 0.929717 0.660497 0.195627 0.000000 0.136040
0.219441
0.332026 0.333333 0.943146 0.999362 0.005409 0.929537 0.854719 0.528259 0.113067 0.839190 0.111111 0.174036
0.496075
0.091561 1.000000 0.208470 0.000033 0.996576 0.000213 0.001681 0.893314 0.638985 0.143745 0.000000 0.047585
0.143223
0.144759 0.333333 0.019179 0.000121 0.997958 0.000336 0.046049 0.929870 0.665185 0.196036 0.000000 0.140712
0.219441
0.164649 1.000000 0.929698 0.999082 0.000664 0.927303 0.396231 0.110987 0.000843 0.265013 0.333333 0.001683
0.329110
0.164730 1.000000 0.930497 0.999084 0.000548 0.926304 0.397887 0.113453 0.000596 0.267233 0.222222 0.001759
0.329110
0.145711 0.333333 0.023873 0.000126 0.998056 0.000336 0.047949 0.934442 0.683309 0.215745 0.000000 0.150206
0.219441
0.325791 0.333333 0.912380 0.999332 0.005232 0.927499 0.299442 0.037131 0.001939 0.273046 0.222222 0.024889
0.496075
0.077877 1.000000 0.073448 0.000009 0.996214 0.000016 0.033031 0.865176 0.412169 0.000394 0.000000 0.012237
0.143223
0.332175 0.333333 0.943880 0.999363 0.005659 0.932230 0.854383 0.528464 0.114467 0.847704 0.222222 0.181431
0.496075
0.144573 0.333333 0.018259 0.000121 0.997949 0.000262 0.046701 0.929918 0.662364 0.198242 0.000000 0.141412
0.219441
0.145866 0.333333 0.024638 0.000124 0.998006 0.000336 0.048392 0.935342 0.686546 0.220879 0.000000 0.145610
0.219441
0.091472 1.000000 0.207600 0.000029 0.996511 0.000115 0.002532 0.893688 0.637426 0.144022 0.222222 0.045334
0.143223
0.331997 0.333333 0.943004 0.999175 0.004588 0.912192 0.857639 0.530207 0.112423 0.843162 0.222222 0.187483
0.496075
0.144967 0.333333 0.020201 0.000121 0.997931 0.000287 0.046092 0.929761 0.665144 0.195825 0.111111 0.133865
0.219441
0.141957 0.333333 0.005349 0.000116 0.997902 0.000287 0.021552 0.898856 0.597086 0.130973 0.222222 0.058025
0.219441
0.332060 0.333333 0.943312 0.999107 0.004840 0.906716 0.858409 0.530404 0.112506 0.842936 0.222222 0.194633
0.496075
0.077588 1.000000 0.070586 0.000010 0.996254 0.000156 0.034069 0.865190 0.407371 0.000716 0.000000 0.012842
0.143223
0.077891 1.000000 0.073586 0.000009 0.996195 0.000180 0.032877 0.865144 0.412947 0.000540 0.111111 0.013201
0.143223
0.141353 0.333333 0.002369 0.000115 0.997871 0.000287 0.020195 0.896609 0.586503 0.123569 0.000000 0.052918
0.219441
0.091674 1.000000 0.209601 0.000033 0.996573 0.000057 0.001788 0.893607 0.640700 0.144453 0.000000 0.046809
0.143223
0.141614 0.333333 0.003657 0.000118 0.997923 0.000287 0.019455 0.896522 0.590056 0.123737 0.000000 0.053542
0.219441
0.331955 0.333333 0.942792 0.999077 0.004832 0.910456 0.858260 0.530668 0.113144 0.840884 0.333333 0.189148
0.496075
0.141842 0.333333 0.004781 0.000112 0.997845 0.000303 0.021914 0.898857 0.595162 0.130287 0.111111 0.057287
0.219441
0.171490 1.000000 0.997199 0.999097 0.001212 0.926238 0.996355 0.645823 0.134596 0.942707 0.222222 0.204032
0.329110
0.164725 1.000000 0.930452 0.999083 0.000650 0.926713 0.396973 0.112869 0.001258 0.267708 0.222222 0.004331
0.329110
0.091862 1.000000 0.211453 0.000033 0.996585 0.000229 0.001166 0.893529 0.643845 0.144044 0.111111 0.048360
0.143223
0.164630 1.000000 0.929505 0.999084 0.000643 0.926779 0.396349 0.111632 0.000625 0.265780 0.333333 0.004974
0.329110
0.091991 1.000000 0.212733 0.000033 0.996585 0.000082 0.000641 0.893510 0.645541 0.143957 0.111111 0.046469
0.143223
0.325779 0.333333 0.912319 0.999189 0.004879 0.922113 0.299092 0.036495 0.001889 0.272710 0.222222 0.035329
0.496075
0.140873 0.333333 0.000000 0.000115 0.997857 0.000303 0.021177 0.896092 0.579925 0.122539 0.222222 0.050762
0.219441
0.331905 0.333333 0.942548 0.999191 0.004715 0.914148 0.856376 0.529652 0.112936 0.845316 0.222222 0.182093
0.496075
0.331976 0.333333 0.942900 0.999171 0.004546 0.911602 0.857932 0.530610 0.112910 0.839657 0.333333 0.188240
0.496075
0.332006 0.333333 0.943046 0.999237 0.005357 0.917251 0.856877 0.530244 0.113755 0.844119 0.333333 0.179862
0.496075
0.164636 1.000000 0.929567 0.999077 0.000653 0.924585 0.395828 0.110596 0.001317 0.264992 0.222222 0.003291
0.329110
0.171512 1.000000 0.997423 0.999077 0.001028 0.926746 0.997923 0.646189 0.133445 0.937018 0.444444 0.211333
0.329110
0.078114 1.000000 0.075793 0.000012 0.996274 0.000049 0.032325 0.865174 0.415537 0.000292 0.000000 0.012596
0.143223
0.091730 1.000000 0.210154 0.000034 0.996615 0.000188 0.001630 0.893579 0.641451 0.144380 0.000000 0.047244
0.143223
0.142146 0.333333 0.006278 0.000118 0.997919 0.000360 0.021003 0.898861 0.599495 0.130374 0.111111 0.056001
0.219441
0.325805 0.333333 0.912450 0.999172 0.004864 0.921614 0.298975 0.036270 0.002158 0.272579 0.111111 0.038601
0.496075
0.091970 1.000000 0.212521 0.000033 0.996586 0.000188 0.000594 0.893450 0.644838 0.143927 0.000000 0.046318
0.143223
0.171348 1.000000 0.995809 0.999094 0.001050 0.927475 0.994430 0.643368 0.133037 0.937872 0.222222 0.197375
0.329110
0.077905 1.000000 0.073719 0.000010 0.996221 0.000000 0.032997 0.865209 0.412255 0.000453 0.111111 0.012407
0.143223
0.164746 1.000000 0.930648 0.999083 0.000601 0.926263 0.397878 0.113542 0.000666 0.268278 0.222222 0.003480
0.329110
0.325922 0.333333 0.913028 0.999353 0.005137 0.926533 0.300933 0.038638 0.002771 0.273455 0.222222 0.017438
0.496075
0.164720 1.000000 0.930387 0.999084 0.000542 0.926369 0.398015 0.113521 0.000539 0.266248 0.222222 0.003366
0.329110
0.091642 1.000000 0.209273 0.000033 0.996577 0.000196 0.001668 0.893419 0.640088 0.144234 0.000000 0.047528
0.143223
0.078011 1.000000 0.074772 0.000010 0.996232 0.000139 0.032517 0.865178 0.414567 0.000847 0.000000 0.012804
0.143223
0.164703 1.000000 0.930228 0.999084 0.000631 0.926108 0.397190 0.112660 0.000836 0.266708 0.333333 0.004766
0.329110
0.091472 1.000000 0.207605 0.000033 0.996583 0.000188 0.002354 0.893511 0.637120 0.143489 0.111111 0.044275
0.143223
0.078111 1.000000 0.075753 0.000009 0.996209 0.000131 0.032222 0.865178 0.416033 0.000497 0.111111 0.012520
0.143223
0.325846 0.333333 0.912651 0.999348 0.005075 0.926304 0.299760 0.037815 0.001610 0.274521 0.222222 0.012993
0.496075
0.091556 1.000000 0.208428 0.000096 0.996537 0.000065 0.002288 0.893650 0.638354 0.144519 0.111111 0.045183
0.143223
0.332009 0.333333 0.943066 0.999248 0.005436 0.919371 0.857035 0.530270 0.113142 0.844973 0.333333 0.186178
0.496075
0.164686 1.000000 0.930068 0.999084 0.000515 0.926402 0.397614 0.113133 0.000472 0.266174 0.222222 0.000548
0.329110
0.332032 0.333333 0.943174 0.999114 0.004730 0.909777 0.858240 0.530475 0.112655 0.841731 0.222222 0.194708
0.496075
0.141490 0.333333 0.003042 0.000115 0.997866 0.000311 0.020131 0.896647 0.588167 0.123196 0.111111 0.051462
0.219441
0.164707 1.000000 0.930269 0.999084 0.000644 0.926214 0.396907 0.112862 0.000943 0.268015 0.222222 0.003045
0.329110
0.332207 0.333333 0.944038 0.999363 0.005801 0.931494 0.854866 0.528301 0.113187 0.843381 0.222222 0.178481
0.496075
0.164696 1.000000 0.930156 0.999082 0.000566 0.927925 0.396421 0.112084 0.000810 0.265152 0.333333 0.004331
0.329110
0.141410 0.333333 0.002646 0.000115 0.997878 0.000319 0.020264 0.896356 0.586730 0.123299 0.000000 0.055093
0.219441
0.077926 1.000000 0.073931 0.000010 0.996241 0.000188 0.032779 0.865185 0.413447 0.000774 0.000000 0.012709
0.143223
0.171388 1.000000 0.996195 0.999094 0.001112 0.926762 0.996930 0.645481 0.132696 0.940501 0.222222 0.208628
0.329110
0.171363 1.000000 0.995960 0.999095 0.001355 0.925854 0.993001 0.642398 0.131787 0.943473 0.333333 0.211957
0.329110
0.325739 0.333333 0.912123 0.999021 0.004141 0.907845 0.297867 0.034935 0.001996 0.272411 0.444444 0.026213
0.496075
0.325779 0.333333 0.912322 0.999136 0.004657 0.915556 0.298311 0.035863 0.002492 0.273090 0.333333 0.033476
0.496075
0.332015 0.333333 0.943092 0.999133 0.005015 0.909826 0.858312 0.530506 0.112427 0.841037 0.333333 0.186916
0.496075
0.331921 0.333333 0.942627 0.999052 0.004339 0.906290 0.858459 0.530417 0.112211 0.839737 0.222222 0.189431
0.496075
0.091679 1.000000 0.209638 0.000033 0.996579 0.000041 0.001869 0.893585 0.640246 0.144322 0.000000 0.044786
0.143223
0.332072 0.333333 0.943373 0.999338 0.005629 0.928801 0.856786 0.530383 0.112875 0.843805 0.222222 0.184457
0.496075
0.077898 1.000000 0.073653 0.000009 0.996206 0.000139 0.032982 0.865206 0.412298 0.000533 0.111111 0.012483
0.143223
0.164751 1.000000 0.930697 0.999084 0.000583 0.927303 0.397686 0.113402 0.000850 0.268869 0.333333 0.003140
0.329110
0.091661 1.000000 0.209461 0.000033 0.996582 0.000172 0.001542 0.893480 0.640486 0.144008 0.111111 0.045883
0.143223
0.141273 0.333333 0.001972 0.000115 0.997877 0.000319 0.020282 0.896188 0.584813 0.122284 0.000000 0.052218
0.219441
0.141303 0.333333 0.002120 0.000115 0.997815 0.000287 0.019982 0.895929 0.585173 0.121882 0.000000 0.051443
0.219441
0.325895 0.333333 0.912896 0.999353 0.005063 0.926852 0.300604 0.038647 0.002394 0.272330 0.222222 0.014298
0.496075
0.141593 0.333333 0.003548 0.000116 0.997926 0.000360 0.019233 0.895984 0.589279 0.122561 0.000000 0.052502
0.219441
0.164711 1.000000 0.930303 0.999084 0.000572 0.927270 0.397965 0.113310 0.000424 0.265860 0.333333 0.005768
0.329110
0.144865 0.333333 0.019704 0.000121 0.997917 0.000319 0.046503 0.930011 0.664526 0.194335 0.000000 0.130480
0.219441
0.331976 0.333333 0.942902 0.999185 0.004879 0.912200 0.858002 0.530284 0.112650 0.840241 0.222222 0.191663
0.496075
0.325758 0.333333 0.912219 0.999179 0.004707 0.919772 0.298701 0.036494 0.001786 0.274455 0.222222 0.031036
0.496075
0.078065 1.000000 0.075297 0.000012 0.996263 0.000049 0.032505 0.865249 0.414659 0.000000 0.111111 0.011064
0.143223
0.171459 1.000000 0.996910 0.999094 0.001087 0.927777 0.996083 0.645134 0.134718 0.940713 0.222222 0.203295
0.329110
0.164693 1.000000 0.930135 0.999082 0.000644 0.925657 0.396040 0.111170 0.001470 0.265846 0.333333 0.002875
0.329110
0.331926 0.333333 0.942650 0.999243 0.004849 0.918372 0.857055 0.529988 0.112519 0.841724 0.222222 0.188883
0.496075
0.164762 1.000000 0.930810 0.999083 0.000650 0.927581 0.397760 0.113522 0.000793 0.269256 0.444444 0.002818
0.329110
0.077850 1.000000 0.073183 0.000009 0.996209 0.000131 0.033149 0.865137 0.411770 0.000526 0.111111 0.014090
0.143223
0.326951 0.333333 0.918104 0.999354 0.005036 0.928146 0.302607 0.041239 0.002579 0.273652 0.222222 0.013712
0.496075
0.326798 0.333333 0.917347 0.999353 0.004962 0.929898 0.302718 0.040413 0.002271 0.273696 0.333333 0.018780
0.496075
0.145682 0.333333 0.023729 0.000126 0.998038 0.000426 0.048796 0.934698 0.682988 0.218308 0.000000 0.150339
0.219441
0.331937 0.333333 0.942706 0.999231 0.005371 0.916727 0.857105 0.529962 0.112910 0.840197 0.333333 0.184628
0.496075
0.171459 1.000000 0.996895 0.999096 0.000996 0.926369 0.993856 0.643700 0.133993 0.948380 0.222222 0.203862
0.329110
0.171421 1.000000 0.996529 0.998741 0.000148 0.906585 0.998795 0.646016 0.132713 0.941531 0.222222 0.204997
0.329110
0.078138 1.000000 0.076021 0.000010 0.996227 0.000139 0.032227 0.865225 0.415917 0.000475 0.111111 0.012388
0.143223
0.144738 0.333333 0.019073 0.000119 0.997899 0.000311 0.045748 0.929701 0.663731 0.196964 0.000000 0.143643
0.219441
0.144811 0.333333 0.019434 0.000121 0.997939 0.000311 0.046268 0.929930 0.665318 0.199432 0.000000 0.143171
0.219441
0.171508 1.000000 0.997384 0.999062 0.001262 0.924683 0.998852 0.647111 0.133467 0.934221 0.222222 0.211768
0.329110
0.332016 0.333333 0.943096 0.999057 0.004684 0.905381 0.858008 0.530198 0.113530 0.844703 0.222222 0.190320
0.496075
0.091382 1.000000 0.206712 0.000033 0.996589 0.000205 0.002569 0.893415 0.635624 0.144139 0.000000 0.046110
0.143223
0.141130 0.333333 0.001268 0.000116 0.997877 0.001228 0.020455 0.896071 0.583356 0.122481 0.000000 0.051084
0.219441
0.325749 0.333333 0.912170 0.999023 0.004280 0.910358 0.297803 0.035018 0.002206 0.272995 0.333333 0.031263
0.496075
0.171469 1.000000 0.997005 0.998998 0.000951 0.920672 0.998289 0.646271 0.132226 0.939881 0.222222 0.208004
0.329110
0.164671 1.000000 0.929913 0.999083 0.000563 0.926345 0.397037 0.112874 0.000686 0.267087 0.222222 0.001002
0.329110
0.325754 0.333333 0.912201 0.999023 0.004221 0.906920 0.297285 0.034870 0.002016 0.274287 0.222222 0.023547
0.496075
0.332001 0.333333 0.943024 0.999193 0.004742 0.913854 0.857284 0.530421 0.113227 0.845879 0.333333 0.192798
0.496075
0.171454 1.000000 0.996851 0.998787 0.000039 0.907387 0.996754 0.645081 0.134546 0.944211 0.222222 0.210160
0.329110
0.141441 0.333333 0.002801 0.000115 0.997848 0.000311 0.020218 0.896540 0.587134 0.123174 0.111111 0.051481
0.219441
0.325869 0.333333 0.912767 0.999353 0.004918 0.926361 0.301354 0.038767 0.002129 0.270052 0.333333 0.018516
0.496075
0.078045 1.000000 0.075103 0.000011 0.996275 0.000115 0.032505 0.865206 0.414692 0.000424 0.111111 0.012861
0.143223
0.331984 0.333333 0.942938 0.999201 0.005122 0.913886 0.858144 0.530341 0.112576 0.838949 0.222222 0.194065
0.496075
0.145548 0.333333 0.023066 0.000124 0.998018 0.000327 0.049218 0.935078 0.681981 0.220075 0.000000 0.147010
0.219441
0.144507 0.333333 0.017930 0.000121 0.997973 0.001285 0.046722 0.929775 0.661230 0.197292 0.000000 0.143606
0.219441
0.091634 1.000000 0.209206 0.000033 0.996583 0.000033 0.002110 0.893594 0.639363 0.144957 0.111111 0.048398
0.143223
0.078050 1.000000 0.075152 0.000012 0.996265 0.000049 0.032422 0.865195 0.414982 0.000409 0.111111 0.011764
0.143223
0.091419 1.000000 0.207078 0.000033 0.996598 0.000090 0.002677 0.893466 0.636129 0.143431 0.000000 0.047604
0.143223
0.077975 1.000000 0.074416 0.000011 0.996269 0.000156 0.032752 0.865223 0.413541 0.000621 0.111111 0.012161
0.143223
0.331979 0.333333 0.942913 0.999084 0.004687 0.906666 0.857981 0.530254 0.112229 0.844498 0.222222 0.191531
0.496075
0.091479 1.000000 0.207674 0.000033 0.996585 0.000156 0.002337 0.893504 0.637072 0.143694 0.000000 0.045164
0.143223
0.332062 0.333333 0.943323 0.999171 0.004745 0.912789 0.857914 0.530471 0.113500 0.840205 0.333333 0.195351
0.496075
0.326940 0.333333 0.918051 0.999356 0.004983 0.927376 0.302528 0.041185 0.002361 0.274988 0.111111 0.013050
0.496075
0.141395 0.333333 0.002576 0.000115 0.997859 0.000303 0.020086 0.896499 0.587569 0.122985 0.000000 0.053013
0.219441
0.091472 1.000000 0.207592 0.000033 0.996603 0.000049 0.002587 0.893540 0.636603 0.144190 0.111111 0.046110
0.143223
0.332047 0.333333 0.943250 0.999363 0.005350 0.929480 0.855851 0.529170 0.112517 0.840008 0.444444 0.179408
0.496075
0.164719 1.000000 0.930391 0.999084 0.000548 0.927720 0.398316 0.113617 0.000197 0.266839 0.333333 0.006846
0.329110
0.332018 0.333333 0.943106 0.999363 0.005261 0.927990 0.856205 0.529474 0.111742 0.835889 0.333333 0.179597
0.496075
0.077504 1.000000 0.069763 0.000008 0.996195 0.000033 0.034245 0.865153 0.406343 0.000467 0.000000 0.011253
0.143223
0.331975 0.333333 0.942895 0.999158 0.004728 0.913821 0.857626 0.530263 0.114048 0.841877 0.111111 0.191815
0.496075
0.141959 0.333333 0.005360 0.000115 0.997852 0.000336 0.021358 0.898827 0.597210 0.130301 0.111111 0.055207
0.219441
0.078158 1.000000 0.076224 0.000009 0.996201 0.000115 0.032010 0.865172 0.416900 0.000497 0.111111 0.012918
0.143223
0.171532 1.000000 0.997625 0.999096 0.001071 0.927990 0.998189 0.646279 0.133248 0.938464 0.333333 0.208250
0.329110
0.164705 1.000000 0.930253 0.999082 0.000540 0.924225 0.397098 0.112687 0.000806 0.265868 0.222222 0.002080
0.329110
0.325805 0.333333 0.912448 0.999164 0.004699 0.919191 0.298599 0.036483 0.002378 0.274061 0.222222 0.031906
0.496075
0.141719 0.333333 0.004174 0.000116 0.997886 0.000262 0.022329 0.898827 0.593264 0.130104 0.111111 0.056966
0.219441
0.141270 0.333333 0.001957 0.000115 0.997840 0.000327 0.020501 0.896579 0.585832 0.122817 0.333333 0.051727
0.219441
0.077783 1.000000 0.072518 0.000012 0.996253 0.000033 0.033362 0.865174 0.410558 0.000518 0.111111 0.011726
0.143223
0.164662 1.000000 0.929830 0.999067 0.000462 0.924266 0.395751 0.110584 0.001077 0.266131 0.222222 0.007206
0.329110
0.077889 1.000000 0.073570 0.000009 0.996195 0.000008 0.032977 0.865188 0.412324 0.001022 0.111111 0.013447
0.143223
0.144483 0.333333 0.017816 0.000119 0.997886 0.000303 0.047627 0.929816 0.658439 0.194459 0.000000 0.135019
0.219441
0.091784 1.000000 0.210695 0.000033 0.996592 0.000696 0.001504 0.893665 0.642069 0.144190 0.111111 0.045561
0.143223
0.331962 0.333333 0.942830 0.999126 0.004881 0.908295 0.858409 0.530463 0.112626 0.841607 0.111111 0.194803
0.496075
0.164748 1.000000 0.930670 0.999083 0.000681 0.926034 0.398231 0.113669 0.000511 0.267584 0.222222 0.007527
0.329110
0.078192 1.000000 0.076552 0.000012 0.996265 0.000016 0.032044 0.865209 0.416876 0.000752 0.111111 0.012861
0.143223
0.144639 0.333333 0.018588 0.000118 0.997892 0.000287 0.047062 0.930018 0.661835 0.195043 0.111111 0.133620
0.219441
0.171418 1.000000 0.996496 0.999094 0.001078 0.926484 0.996954 0.645844 0.133797 0.936909 0.222222 0.205280
0.329110
0.171458 1.000000 0.996888 0.999095 0.001070 0.926279 0.997536 0.646572 0.133152 0.937259 0.333333 0.196089
0.329110
0.146125 0.333333 0.025911 0.000124 0.997966 0.000311 0.047810 0.935449 0.690398 0.220433 0.111111 0.149393
0.219441
0.141922 0.333333 0.005173 0.000118 0.997910 0.001211 0.021607 0.898919 0.596455 0.130447 0.222222 0.053940
0.219441
0.331878 0.333333 0.942414 0.999247 0.005314 0.919944 0.856324 0.529017 0.112753 0.841351 0.333333 0.185517
0.496075
0.325686 0.333333 0.911862 0.999020 0.004287 0.908230 0.297482 0.035233 0.001568 0.271732 0.444444 0.020520
0.496075
0.144825 0.333333 0.019499 0.000119 0.997904 0.000270 0.046376 0.929843 0.665118 0.196642 0.000000 0.139199
0.219441
0.141507 0.333333 0.003126 0.000115 0.997877 0.000287 0.020062 0.896621 0.588158 0.122758 0.111111 0.050724
0.219441
0.332172 0.333333 0.943867 0.999363 0.005756 0.932108 0.854597 0.528394 0.112982 0.845806 0.444444 0.175417
0.496075
0.171407 1.000000 0.996384 0.999095 0.001191 0.926730 0.994254 0.643912 0.134308 0.948329 0.333333 0.202803
0.329110
0.171574 1.000000 0.998033 0.999094 0.000901 0.927892 0.996626 0.649967 0.125904 0.932527 0.222222 0.189999
0.329110
0.078127 1.000000 0.075911 0.000012 0.996263 0.000057 0.032160 0.865219 0.416249 0.000431 0.000000 0.013050
0.143223
0.078131 1.000000 0.075956 0.000011 0.996265 0.000196 0.032234 0.865204 0.415910 0.000263 0.000000 0.011821
0.143223
0.091758 1.000000 0.210423 0.000029 0.996533 0.000115 0.001701 0.893622 0.641386 0.144168 0.222222 0.046753
0.143223
0.326821 0.333333 0.917465 0.999353 0.005030 0.929562 0.302847 0.040296 0.002212 0.271914 0.333333 0.016265
0.496075
0.078216 1.000000 0.076789 0.000012 0.996241 0.000049 0.031814 0.865222 0.417834 0.000584 0.111111 0.012501
0.143223
0.141702 0.333333 0.004087 0.000118 0.997868 0.000336 0.022258 0.898956 0.594282 0.130433 0.111111 0.055377
0.219441
0.091821 1.000000 0.211046 0.000033 0.996601 0.000188 0.001398 0.893551 0.643117 0.144125 0.222222 0.049684
0.143223
0.332033 0.333333 0.943179 0.999363 0.005262 0.928228 0.854672 0.528107 0.112648 0.838598 0.222222 0.173715
0.496075
0.164681 1.000000 0.930008 0.999082 0.000598 0.926983 0.396555 0.112129 0.000511 0.266854 0.222222 0.004104
0.329110
0.078356 1.000000 0.078174 0.000012 0.996262 0.000049 0.031425 0.865165 0.419605 0.000402 0.000000 0.012066
0.143223
0.325916 0.333333 0.912996 0.999353 0.005050 0.930667 0.301174 0.038910 0.002710 0.271250 0.111111 0.016416
0.496075
0.171515 1.000000 0.997453 0.999095 0.001099 0.926386 0.994830 0.644383 0.134008 0.946847 0.222222 0.209120
0.329110
0.078041 1.000000 0.075073 0.000011 0.996262 0.000131 0.032464 0.865187 0.414829 0.000394 0.000000 0.012426
0.143223
0.144778 0.333333 0.019270 0.000121 0.997940 0.000319 0.045721 0.929942 0.666251 0.198373 0.000000 0.143454
0.219441
0.141160 0.333333 0.001414 0.000115 0.997845 0.000287 0.021180 0.896414 0.583098 0.122371 0.000000 0.054602
0.219441
0.164701 1.000000 0.930214 0.999083 0.000656 0.927794 0.395943 0.111505 0.001310 0.268927 0.222222 0.006071
0.329110
0.164639 1.000000 0.929594 0.999059 0.000332 0.924118 0.394899 0.110213 0.001022 0.267014 0.333333 0.009570
0.329110
0.331995 0.333333 0.942993 0.999142 0.004610 0.910162 0.857726 0.530357 0.112786 0.843031 0.222222 0.189564
0.496075
0.332022 0.333333 0.943128 0.999050 0.004822 0.904923 0.858845 0.530632 0.112220 0.843053 0.111111 0.187578
0.496075
0.141374 0.333333 0.002472 0.000115 0.997886 0.000303 0.020010 0.896232 0.586370 0.122510 0.222222 0.051330
0.219441
0.326839 0.333333 0.917553 0.999376 0.005016 0.926500 0.302794 0.040685 0.002356 0.272849 0.444444 0.017854
0.496075
0.141973 0.333333 0.005426 0.000116 0.997868 0.000336 0.020942 0.898672 0.598049 0.130002 0.111111 0.058233
0.219441
0.171401 1.000000 0.996334 0.999097 0.001281 0.927450 0.993034 0.643163 0.135081 0.947416 0.222222 0.203578
0.329110
0.144881 0.333333 0.019776 0.000121 0.997976 0.000327 0.045643 0.929313 0.665041 0.196949 0.000000 0.140182
0.219441
0.145725 0.333333 0.023944 0.000121 0.997940 0.000303 0.048325 0.934747 0.683523 0.217512 0.000000 0.148712
0.219441
0.325747 0.333333 0.912163 0.999018 0.004124 0.907231 0.297748 0.035032 0.002136 0.272987 0.222222 0.029580
0.496075
0.325887 0.333333 0.912857 0.999353 0.005048 0.927679 0.300832 0.038751 0.002228 0.271790 0.111111 0.013107
0.496075
0.078122 1.000000 0.075859 0.000009 0.996215 0.000139 0.032233 0.865182 0.415832 0.000854 0.111111 0.013239
0.143223
0.331981 0.333333 0.942924 0.999259 0.005093 0.920762 0.856113 0.529803 0.113594 0.847668 0.333333 0.185630
0.496075
0.171399 1.000000 0.996307 0.998776 0.000288 0.906118 0.998493 0.645376 0.130993 0.940479 0.222222 0.209838
0.329110
0.141848 0.333333 0.004808 0.000112 0.997845 0.000270 0.021818 0.898900 0.595762 0.129557 0.111111 0.054866
0.219441
0.140951 0.333333 0.000387 0.000115 0.997881 0.000319 0.021160 0.896157 0.580425 0.121991 0.000000 0.049987
0.219441
0.145031 0.333333 0.020516 0.000121 0.997935 0.000287 0.044900 0.930019 0.668638 0.198643 0.111111 0.142017
0.219441
0.091561 1.000000 0.208483 0.000033 0.996589 0.000082 0.001719 0.893351 0.638223 0.144073 0.111111 0.046620
0.143223
0.091603 1.000000 0.208886 0.000033 0.996558 0.000188 0.001890 0.893542 0.639357 0.144139 0.111111 0.046355
0.143223
0.077582 1.000000 0.070525 0.000010 0.996253 0.000115 0.034067 0.865184 0.407369 0.000584 0.111111 0.012426
0.143223
0.171433 1.000000 0.996643 0.999096 0.001180 0.926664 0.995648 0.645058 0.134380 0.942933 0.222222 0.207815
0.329110
0.141354 0.333333 0.002370 0.000115 0.997886 0.000327 0.020453 0.896532 0.586029 0.123452 0.111111 0.051992
0.219441
0.078269 1.000000 0.077316 0.000009 0.996208 0.000147 0.031790 0.865171 0.418011 0.000716 0.000000 0.013561
0.143223
0.141374 0.333333 0.002476 0.000115 0.997854 0.000884 0.020396 0.896508 0.585981 0.122882 0.000000 0.052464
0.219441
0.077881 1.000000 0.073485 0.000011 0.996266 0.000123 0.033014 0.865190 0.412274 0.000475 0.000000 0.011896
0.143223
0.078146 1.000000 0.076109 0.000012 0.996272 0.000057 0.032049 0.865174 0.416736 0.000913 0.000000 0.012501
0.143223
0.164681 1.000000 0.930016 0.999082 0.000616 0.926337 0.396150 0.111223 0.001127 0.267985 0.333333 0.007546
0.329110
0.145277 0.333333 0.021734 0.000121 0.997979 0.000377 0.045121 0.930235 0.671925 0.194350 0.000000 0.136456
0.219441
0.326753 0.333333 0.917126 0.999353 0.004968 0.929415 0.302716 0.040310 0.002265 0.272082 0.222222 0.011613
0.496075
0.331930 0.333333 0.942674 0.999076 0.004395 0.908246 0.858382 0.530236 0.111661 0.840373 0.333333 0.189810
0.496075
0.091554 1.000000 0.208406 0.000027 0.996500 0.000139 0.002182 0.893503 0.638223 0.144030 0.111111 0.045807
0.143223
0.144509 0.333333 0.017947 0.000119 0.997960 0.000344 0.047409 0.929914 0.659916 0.196014 0.111111 0.134206
0.219441
0.326752 0.333333 0.917123 0.999354 0.005093 0.927622 0.302444 0.040550 0.002544 0.275317 0.222222 0.016095
0.496075
0.332052 0.333333 0.943272 0.999363 0.005646 0.929439 0.855463 0.529163 0.113050 0.842235 0.333333 0.181828
0.496075
0.091448 1.000000 0.207354 0.000033 0.996582 0.000025 0.002459 0.893470 0.636976 0.143511 0.111111 0.047415
0.143223
0.141533 0.333333 0.003254 0.000115 0.997860 0.000336 0.019188 0.896118 0.589117 0.122722 0.111111 0.049476
0.219441
0.144688 0.333333 0.018826 0.000121 0.997961 0.000336 0.046095 0.929360 0.661571 0.197300 0.000000 0.142187
0.219441
0.164706 1.000000 0.930258 0.999083 0.000537 0.926484 0.396983 0.112770 0.001144 0.267372 0.222222 0.002326
0.329110
0.078046 1.000000 0.075111 0.000011 0.996266 0.000147 0.032432 0.865231 0.414934 0.000489 0.000000 0.011594
0.143223
0.078169 1.000000 0.076331 0.000010 0.996251 0.000065 0.031998 0.865222 0.417050 0.000686 0.000000 0.013069
0.143223
0.144888 0.333333 0.019814 0.000121 0.997978 0.000311 0.046214 0.930115 0.666764 0.194897 0.111111 0.136854
0.219441
0.164733 1.000000 0.930528 0.999083 0.000573 0.928506 0.397582 0.113355 0.000753 0.268241 0.333333 0.001192
0.329110
0.077982 1.000000 0.074482 0.000010 0.996238 0.000164 0.032665 0.865198 0.413912 0.000497 0.111111 0.012634
0.143223
0.332027 0.333333 0.943150 0.999241 0.005021 0.918986 0.857569 0.530344 0.112565 0.843520 0.222222 0.186254
0.496075
0.144480 0.333333 0.017798 0.000121 0.997969 0.000311 0.047408 0.930240 0.661075 0.196350 0.000000 0.132598
0.219441
0.164695 1.000000 0.930158 0.999084 0.000524 0.927450 0.397823 0.113324 0.000262 0.267701 0.333333 0.002780
0.329110
0.141497 0.333333 0.003074 0.000116 0.997881 0.000287 0.020252 0.896631 0.587933 0.123525 0.111111 0.051594
0.219441
0.164715 1.000000 0.930348 0.999083 0.000569 0.926132 0.396947 0.112724 0.000948 0.268314 0.222222 0.003404
0.329110
0.326753 0.333333 0.917128 0.999353 0.004980 0.928465 0.302661 0.040256 0.002273 0.272776 0.444444 0.013920
0.496075
0.141361 0.333333 0.002407 0.000115 0.997866 0.000295 0.019402 0.895932 0.586199 0.122203 0.111111 0.052105
0.219441
0.145372 0.333333 0.022200 0.000121 0.997967 0.000327 0.049665 0.934977 0.678461 0.214350 0.111111 0.148126
0.219441
0.331965 0.333333 0.942849 0.999079 0.004816 0.907510 0.859017 0.530643 0.112080 0.839431 0.222222 0.190661
0.496075
0.091700 1.000000 0.209854 0.000033 0.996583 0.000131 0.001713 0.893525 0.640663 0.144877 0.111111 0.048266
0.143223
0.078115 1.000000 0.075797 0.000012 0.996254 0.000025 0.032199 0.865184 0.416076 0.000358 0.111111 0.012520
0.143223
0.325918 0.333333 0.913006 0.999353 0.004992 0.927491 0.301186 0.038817 0.002221 0.271461 0.111111 0.017078
0.496075
0.326628 0.333333 0.916509 0.999353 0.005072 0.927630 0.302555 0.040164 0.003046 0.273645 0.333333 0.021012
0.496075
0.325883 0.333333 0.912837 0.999350 0.005003 0.928571 0.299578 0.037685 0.002075 0.275047 0.222222 0.014355
0.496075
0.332071 0.333333 0.943369 0.999363 0.005486 0.928179 0.855229 0.528757 0.113299 0.843126 0.222222 0.181356
0.496075
0.078347 1.000000 0.078088 0.000011 0.996260 0.000106 0.031424 0.865227 0.419695 0.000095 0.111111 0.011594
0.143223
0.144819 0.333333 0.019467 0.000121 0.997985 0.000319 0.046154 0.930080 0.665698 0.197336 0.000000 0.142509
0.219441
0.078045 1.000000 0.075116 0.000012 0.996254 0.000025 0.032475 0.865226 0.414707 0.000628 0.000000 0.011291
0.143223
0.141286 0.333333 0.002038 0.000118 0.997863 0.000319 0.019264 0.895761 0.586129 0.121707 0.111111 0.052408
0.219441
0.144804 0.333333 0.019394 0.000121 0.997975 0.000311 0.046509 0.929766 0.663512 0.195255 0.111111 0.139142
0.219441
0.077951 1.000000 0.074187 0.000010 0.996233 0.000016 0.032792 0.865199 0.413237 0.000204 0.000000 0.011745
0.143223
0.331990 0.333333 0.942971 0.999182 0.005164 0.912012 0.857602 0.530331 0.112786 0.844739 0.222222 0.187824
0.496075
0.171438 1.000000 0.996697 0.999094 0.001035 0.926926 0.997197 0.646399 0.133497 0.939085 0.333333 0.209952
0.329110
0.141487 0.333333 0.003030 0.000118 0.997863 0.000311 0.019845 0.896635 0.589324 0.123058 0.222222 0.051727
0.219441
0.091817 1.000000 0.211008 0.000033 0.996579 0.000221 0.000820 0.893322 0.642923 0.143526 0.111111 0.048077
0.143223
0.091602 1.000000 0.208880 0.000029 0.996527 0.000156 0.002307 0.893587 0.638361 0.143862 0.000000 0.046431
0.143223
0.171445 1.000000 0.996764 0.999095 0.001242 0.926468 0.992638 0.643128 0.134065 0.946160 0.222222 0.197072
0.329110
0.164697 1.000000 0.930161 0.999082 0.000664 0.927033 0.397175 0.112610 0.000638 0.266014 0.333333 0.005750
0.329110
0.141452 0.333333 0.002855 0.000115 0.997862 0.001179 0.019595 0.895936 0.586968 0.122108 0.111111 0.051632
0.219441
0.164740 1.000000 0.930593 0.999083 0.000602 0.926721 0.397941 0.113449 0.000810 0.267109 0.222222 0.004520
0.329110
0.171431 1.000000 0.996625 0.999095 0.001114 0.925960 0.996446 0.645735 0.134281 0.941115 0.333333 0.205564
0.329110
0.091595 1.000000 0.208812 0.000029 0.996565 0.000115 0.001837 0.893453 0.638988 0.144475 0.111111 0.048644
0.143223
0.331917 0.333333 0.942608 0.999155 0.004538 0.912683 0.858305 0.530353 0.111836 0.835086 0.222222 0.188996
0.496075
0.078048 1.000000 0.075127 0.000010 0.996241 0.000082 0.032379 0.865186 0.415201 0.000518 0.000000 0.012691
0.143223
0.144563 0.333333 0.018208 0.000121 0.997967 0.001252 0.046549 0.930025 0.663135 0.197380 0.000000 0.142792
0.219441
0.325885 0.333333 0.912844 0.999353 0.005047 0.929185 0.300411 0.038306 0.001865 0.272812 0.222222 0.017854
0.496075
0.091555 1.000000 0.208413 0.000033 0.996580 0.000123 0.002128 0.893499 0.639003 0.144110 0.111111 0.047660
0.143223
0.326003 0.333333 0.913426 0.999353 0.004986 0.926214 0.301048 0.039116 0.002669 0.273338 0.222222 0.013542
0.496075
0.332009 0.333333 0.943061 0.999314 0.005403 0.924593 0.855710 0.529519 0.114301 0.845813 0.222222 0.191701
0.496075
0.140882 0.333333 0.000041 0.000115 0.997862 0.000327 0.021241 0.896125 0.580017 0.121984 0.111111 0.050062
0.219441
0.171392 1.000000 0.996240 0.999094 0.001062 0.928858 0.995240 0.644468 0.133921 0.942999 0.333333 0.206150
0.329110
0.142211 0.333333 0.006597 0.000116 0.997834 0.000319 0.020859 0.898777 0.600687 0.129681 0.111111 0.057987
0.219441
0.144993 0.333333 0.020328 0.000121 0.997972 0.000303 0.045720 0.929853 0.669042 0.197614 0.000000 0.144665
0.219441
0.144965 0.333333 0.020187 0.000119 0.997905 0.000352 0.045818 0.930336 0.667887 0.197358 0.111111 0.133847
0.219441
0.171325 1.000000 0.995584 0.999095 0.001334 0.926844 0.994552 0.643520 0.131932 0.940779 0.222222 0.201290
0.329110
0.141953 0.333333 0.005343 0.000116 0.997907 0.000311 0.020947 0.898647 0.597614 0.129520 0.111111 0.057325
0.219441
0.141911 0.333333 0.005117 0.000116 0.997877 0.000327 0.021182 0.898593 0.596494 0.129162 0.000000 0.058138
0.219441
0.091733 1.000000 0.210176 0.000029 0.996520 0.000049 0.001102 0.893302 0.641154 0.143971 0.111111 0.045826
0.143223
0.077932 1.000000 0.073978 0.000009 0.996195 0.000106 0.032765 0.865145 0.413399 0.000351 0.000000 0.011802
0.143223
0.144740 0.333333 0.019080 0.000119 0.997919 0.000287 0.046281 0.929690 0.663196 0.197592 0.000000 0.141090
0.219441
0.164703 1.000000 0.930226 0.999084 0.000601 0.926165 0.397956 0.113354 0.000175 0.267007 0.333333 0.003461
0.329110
0.091581 1.000000 0.208680 0.000033 0.996585 0.000025 0.001801 0.893421 0.638933 0.144220 0.222222 0.045939
0.143223
0.078161 1.000000 0.076239 0.000009 0.996211 0.000131 0.032004 0.865196 0.416954 0.000540 0.000000 0.012085
0.143223
0.145339 0.333333 0.022035 0.000121 0.997939 0.000336 0.049317 0.934228 0.676965 0.213912 0.000000 0.150339
0.219441
0.145753 0.333333 0.024080 0.000121 0.997963 0.000311 0.048833 0.935103 0.683816 0.219572 0.111111 0.144589
0.219441
0.144828 0.333333 0.019516 0.000121 0.997940 0.000303 0.046690 0.930250 0.665589 0.194875 0.000000 0.136154
0.219441
0.325962 0.333333 0.913221 0.999353 0.005080 0.927663 0.301092 0.038850 0.002439 0.273769 0.333333 0.016700
0.496075
0.325946 0.333333 0.913145 0.999353 0.005045 0.928244 0.300932 0.039037 0.002483 0.272841 0.111111 0.014431
0.496075
0.078307 1.000000 0.077691 0.000010 0.996230 0.000033 0.031488 0.865197 0.419295 0.000219 0.000000 0.012066
0.143223
0.164769 1.000000 0.930881 0.999084 0.000478 0.927818 0.398046 0.113692 0.000633 0.269030 0.222222 0.005920
0.329110
0.325857 0.333333 0.912705 0.999321 0.005169 0.923603 0.299247 0.036950 0.002269 0.275266 0.222222 0.027556
0.496075
0.091616 1.000000 0.209020 0.000033 0.996586 0.000074 0.002132 0.893659 0.639499 0.144161 0.000000 0.045221
0.143223
0.332062 0.333333 0.943329 0.999363 0.005706 0.928588 0.853750 0.528011 0.113166 0.846193 0.333333 0.174604
0.496075
0.144673 0.333333 0.018750 0.000121 0.997963 0.000352 0.047143 0.929978 0.662766 0.195058 0.111111 0.137175
0.219441
0.332025 0.333333 0.943138 0.999066 0.004814 0.906937 0.858724 0.530587 0.112257 0.843491 0.222222 0.190207
0.496075
0.326927 0.333333 0.917986 0.999354 0.004989 0.926517 0.302732 0.041081 0.002455 0.272557 0.333333 0.016133
0.496075
0.325873 0.333333 0.912785 0.999329 0.005015 0.929439 0.299661 0.037445 0.001417 0.275821 0.333333 0.024341
0.496075
0.171460 1.000000 0.996909 0.999097 0.001129 0.926746 0.996460 0.645606 0.134172 0.941684 0.222222 0.202746
0.329110
0.141730 0.333333 0.004230 0.000118 0.997937 0.000352 0.021651 0.898636 0.593906 0.129075 0.000000 0.057268
0.219441
0.164651 1.000000 0.929720 0.999084 0.000564 0.926525 0.396194 0.111417 0.000937 0.265590 0.222222 0.006468
0.329110
0.164712 1.000000 0.930321 0.999083 0.000536 0.925518 0.397473 0.113168 0.000882 0.267182 0.333333 0.001324
0.329110
0.332160 0.333333 0.943811 0.999363 0.005620 0.928293 0.854520 0.528522 0.114303 0.846565 0.222222 0.177838
0.496075
0.142027 0.333333 0.005693 0.000112 0.997834 0.000295 0.021291 0.898882 0.598016 0.130594 0.000000 0.055698
0.219441
0.326806 0.333333 0.917386 0.999359 0.005107 0.927221 0.302806 0.040645 0.002145 0.271914 0.222222 0.013390
0.496075
0.091709 1.000000 0.209931 0.000033 0.996564 0.000139 0.001898 0.893660 0.640582 0.144468 0.111111 0.047188
0.143223
0.144757 0.333333 0.019164 0.000121 0.997935 0.000802 0.046567 0.930119 0.664840 0.195197 0.000000 0.134773
0.219441
0.171400 1.000000 0.996325 0.998783 0.000302 0.909188 0.997095 0.645655 0.133305 0.940414 0.333333 0.206888
0.329110
0.144577 0.333333 0.018277 0.000121 0.997964 0.000319 0.046909 0.929705 0.661875 0.197541 0.000000 0.142944
0.219441
0.141437 0.333333 0.002785 0.000116 0.997893 0.001211 0.019229 0.895899 0.587621 0.122123 0.000000 0.052956
0.219441
0.326524 0.333333 0.915997 0.999305 0.004920 0.924536 0.302714 0.039908 0.002000 0.272148 0.333333 0.022034
0.496075
0.171773 1.000000 1.000000 0.999094 0.001037 0.930692 0.993994 0.649858 0.125312 0.927635 0.222222 0.191947
0.329110
0.171534 1.000000 0.997646 0.999094 0.001008 0.927008 0.997177 0.646423 0.133583 0.941808 0.222222 0.203938
0.329110
0.091697 1.000000 0.209819 0.000033 0.996588 0.000147 0.001466 0.893478 0.640650 0.143876 0.000000 0.047434
0.143223
0.142085 0.333333 0.005981 0.000118 0.997929 0.000360 0.021210 0.898837 0.598809 0.129695 0.111111 0.057684
0.219441
0.077812 1.000000 0.072811 0.000009 0.996200 0.000147 0.033113 0.865215 0.411805 0.000358 0.111111 0.011896
0.143223
0.164669 1.000000 0.929894 0.999083 0.000575 0.927393 0.396210 0.111449 0.000996 0.266518 0.222222 0.006317
0.329110
0.332081 0.333333 0.943415 0.999363 0.005662 0.929979 0.855018 0.528464 0.112179 0.848537 0.222222 0.185762
0.496075
0.144923 0.333333 0.019986 0.000121 0.997961 0.001220 0.045926 0.930046 0.667861 0.198307 0.000000 0.145289
0.219441
0.141620 0.333333 0.003689 0.000115 0.997881 0.000287 0.019166 0.896076 0.589606 0.122130 0.111111 0.050630
0.219441
0.331950 0.333333 0.942775 0.999086 0.004479 0.906847 0.858518 0.530153 0.112755 0.838328 0.333333 0.190547
0.496075
0.078131 1.000000 0.075957 0.000009 0.996220 0.000033 0.032155 0.865167 0.416190 0.000716 0.000000 0.013163
0.143223
0.144663 0.333333 0.018701 0.000121 0.997948 0.000336 0.045923 0.929501 0.663082 0.198212 0.000000 0.140485
0.219441
0.078009 1.000000 0.074747 0.000009 0.996209 0.000156 0.032606 0.865160 0.414163 0.000270 0.111111 0.011688
0.143223
0.091529 1.000000 0.208160 0.000027 0.996506 0.000106 0.002534 0.893535 0.637022 0.143453 0.111111 0.046129
0.143223
0.091508 1.000000 0.207959 0.000027 0.996490 0.000106 0.002413 0.893583 0.638195 0.144125 0.111111 0.046545
0.143223
0.164777 1.000000 0.930967 0.999084 0.000509 0.925657 0.398171 0.113658 0.000751 0.267496 0.222222 0.006468
0.329110
0.141089 0.333333 0.001067 0.000115 0.997859 0.000295 0.020133 0.895963 0.582716 0.122013 0.111111 0.052691
0.219441
0.078121 1.000000 0.075847 0.000010 0.996235 0.000172 0.032290 0.865186 0.415567 0.000635 0.111111 0.012218
0.143223
0.171303 1.000000 0.995365 0.999094 0.001154 0.927180 0.993778 0.643242 0.133596 0.943722 0.222222 0.197110
0.329110
0.326691 0.333333 0.916819 0.999354 0.005031 0.926451 0.302470 0.040154 0.002780 0.273667 0.333333 0.015319
0.496075
0.078137 1.000000 0.076012 0.000012 0.996254 0.000041 0.032180 0.865207 0.416124 0.000511 0.000000 0.012388
0.143223
0.325746 0.333333 0.912161 0.999195 0.004743 0.921319 0.298765 0.036490 0.001736 0.273499 0.222222 0.031244
0.496075
0.331841 0.333333 0.942233 0.999133 0.004521 0.908901 0.858141 0.530050 0.111480 0.836743 0.222222 0.190982
0.496075
0.141587 0.333333 0.003521 0.000113 0.997851 0.000287 0.022673 0.898856 0.591722 0.129425 0.111111 0.055074
0.219441
0.091759 1.000000 0.210433 0.000033 0.996600 0.000196 0.001403 0.893514 0.641617 0.144022 0.000000 0.046204
0.143223
0.078101 1.000000 0.075663 0.000010 0.996245 0.000123 0.032339 0.865200 0.415375 0.000482 0.000000 0.012804
0.143223
0.332012 0.333333 0.943082 0.999107 0.004743 0.908287 0.858089 0.530428 0.112192 0.843724 0.222222 0.189072
0.496075
0.171425 1.000000 0.996573 0.999095 0.001230 0.926869 0.996771 0.645849 0.133491 0.939472 0.222222 0.204127
0.329110
0.078175 1.000000 0.076383 0.000009 0.996218 0.000057 0.032090 0.865178 0.416524 0.000351 0.111111 0.012369
0.143223
0.078082 1.000000 0.075463 0.000009 0.996200 0.000147 0.032280 0.865166 0.415672 0.000314 0.000000 0.012142
0.143223
0.164720 1.000000 0.930397 0.999083 0.000616 0.925354 0.397939 0.113462 0.000419 0.266927 0.222222 0.001816
0.329110
0.171369 1.000000 0.996009 0.999095 0.001106 0.926550 0.997416 0.646123 0.132117 0.933659 0.333333 0.202311
0.329110
0.171323 1.000000 0.995557 0.999095 0.001293 0.926288 0.995149 0.644080 0.134246 0.941115 0.222222 0.213054
0.329110
0.141037 0.333333 0.000813 0.000115 0.997859 0.000303 0.020524 0.895903 0.581998 0.121298 0.111111 0.052843
0.219441
0.171496 1.000000 0.997273 0.998879 0.000697 0.912454 0.999037 0.645649 0.131650 0.942195 0.222222 0.220051
0.329110
0.325991 0.333333 0.913369 0.999353 0.004921 0.927057 0.301100 0.039038 0.002625 0.272067 0.222222 0.013485
0.496075
0.091456 1.000000 0.207446 0.000029 0.996538 0.000164 0.002606 0.893615 0.637035 0.144059 0.111111 0.044653
0.143223
0.091488 1.000000 0.207757 0.000033 0.996615 0.000180 0.002345 0.893583 0.638230 0.143818 0.111111 0.046866
0.143223
0.171338 1.000000 0.995705 0.998744 0.000000 0.905545 0.997807 0.645563 0.132355 0.938172 0.333333 0.201366
0.329110
0.326915 0.333333 0.917925 0.999354 0.005133 0.928923 0.302853 0.041106 0.002260 0.273637 0.111111 0.015301
0.496075
0.331995 0.333333 0.942992 0.999329 0.005291 0.926353 0.856631 0.529897 0.112528 0.843089 0.222222 0.186424
0.496075
0.141236 0.333333 0.001794 0.000115 0.997860 0.000352 0.020224 0.896481 0.585249 0.122671 0.111111 0.052748
0.219441
0.141277 0.333333 0.001997 0.000115 0.997856 0.000352 0.019656 0.895840 0.584660 0.121736 0.111111 0.053618
0.219441
0.164729 1.000000 0.930490 0.999083 0.000528 0.927057 0.397400 0.113261 0.000681 0.268643 0.222222 0.001475
0.329110
0.331975 0.333333 0.942898 0.999025 0.004592 0.906822 0.859147 0.530531 0.112168 0.838825 0.333333 0.189318
0.496075
0.077799 1.000000 0.072678 0.000010 0.996245 0.000106 0.033252 0.865142 0.411069 0.000723 0.111111 0.012464
0.143223
0.078037 1.000000 0.075023 0.000011 0.996265 0.000139 0.032406 0.865205 0.415059 0.000679 0.000000 0.012237
0.143223
0.091804 1.000000 0.210873 0.000033 0.996597 0.000065 0.001446 0.893569 0.641838 0.143314 0.111111 0.045883
0.143223
0.144483 0.333333 0.017819 0.000121 0.997978 0.000336 0.047398 0.929994 0.660901 0.195759 0.000000 0.140277
0.219441
0.332127 0.333333 0.943645 0.999363 0.005775 0.928154 0.854047 0.528149 0.113633 0.844272 0.222222 0.174377
0.496075
0.164847 1.000000 0.931649 0.999084 0.000540 0.927114 0.398979 0.114580 0.000697 0.267825 0.222222 0.004274
0.329110
0.331945 0.333333 0.942748 0.999088 0.004849 0.908737 0.858373 0.530426 0.112661 0.839292 0.111111 0.189904
0.496075
0.171489 1.000000 0.997198 0.999097 0.001375 0.926795 0.997468 0.646680 0.133884 0.940582 0.222222 0.208477
0.329110
0.091896 1.000000 0.211788 0.000029 0.996553 0.000025 0.001007 0.893566 0.643799 0.144446 0.000000 0.045958
0.143223
0.091778 1.000000 0.210621 0.000033 0.996589 0.000049 0.001617 0.893618 0.641698 0.144439 0.222222 0.046658
0.143223
0.091681 1.000000 0.209660 0.000033 0.996597 0.000139 0.001821 0.893594 0.640418 0.144161 0.111111 0.044199
0.143223
0.140976 0.333333 0.000505 0.000115 0.997878 0.000327 0.021074 0.896298 0.581633 0.122999 0.222222 0.053240
0.219441
0.091441 1.000000 0.207290 0.000033 0.996604 0.000082 0.001970 0.893306 0.636987 0.144110 0.111111 0.046582
0.143223
0.141528 0.333333 0.003231 0.000115 0.997843 0.000327 0.019265 0.896263 0.589348 0.123357 0.222222 0.054261
0.219441
0.078026 1.000000 0.074919 0.000010 0.996241 0.000188 0.032553 0.865184 0.414519 0.000694 0.111111 0.013712
0.143223
0.326031 0.333333 0.913566 0.999353 0.004982 0.928752 0.301296 0.039152 0.002350 0.272805 0.333333 0.014979
0.496075
0.144752 0.333333 0.019141 0.000121 0.997961 0.000336 0.046435 0.929595 0.663423 0.194437 0.111111 0.136778
0.219441
0.141501 0.333333 0.003100 0.000115 0.997852 0.000278 0.019479 0.896294 0.588425 0.123043 0.111111 0.053996
0.219441
0.325820 0.333333 0.912524 0.999351 0.005047 0.926042 0.300800 0.038507 0.001913 0.270293 0.222222 0.015622
0.496075
0.091835 1.000000 0.211185 0.000033 0.996582 0.000033 0.001240 0.893532 0.643414 0.144132 0.000000 0.048020
0.143223
0.141320 0.333333 0.002206 0.000115 0.997865 0.000311 0.019516 0.895940 0.586075 0.121488 0.000000 0.051311
0.219441
0.140952 0.333333 0.000390 0.000115 0.997862 0.000319 0.020945 0.896125 0.581104 0.122364 0.111111 0.050176
0.219441
0.326844 0.333333 0.917575 0.999354 0.005104 0.928621 0.302779 0.040967 0.002134 0.272659 0.222222 0.012993
0.496075
0.331973 0.333333 0.942886 0.999302 0.005181 0.922285 0.856809 0.530021 0.112144 0.841789 0.222222 0.186613
0.496075
0.164671 1.000000 0.929916 0.999083 0.000644 0.924765 0.396792 0.112156 0.000437 0.264933 0.222222 0.006222
0.329110
0.091902 1.000000 0.211838 0.000033 0.996573 0.000180 0.001063 0.893649 0.644174 0.144322 0.111111 0.046601
0.143223
0.171399 1.000000 0.996311 0.999032 0.000774 0.923316 0.997831 0.646375 0.132694 0.936558 0.333333 0.204997
0.329110
0.164704 1.000000 0.930245 0.999074 0.000450 0.925723 0.402578 0.116435 0.001085 0.266401 0.333333 0.005693
0.329110
0.091855 1.000000 0.211381 0.000033 0.996594 0.000057 0.000971 0.893495 0.643266 0.143898 0.000000 0.045750
0.143223
0.171327 1.000000 0.995603 0.999094 0.001017 0.925183 0.995606 0.644172 0.132285 0.939873 0.222222 0.203559
0.329110
0.144567 0.333333 0.018228 0.000121 0.997958 0.000278 0.046927 0.929928 0.662069 0.198315 0.000000 0.140069
0.219441
0.326786 0.333333 0.917290 0.999353 0.004952 0.928555 0.302573 0.040406 0.002190 0.274090 0.222222 0.011934
0.496075
0.171350 1.000000 0.995827 0.999095 0.001222 0.925485 0.994927 0.644161 0.132711 0.943722 0.222222 0.200666
0.329110
0.141830 0.333333 0.004721 0.000112 0.997859 0.000287 0.021932 0.898870 0.595225 0.130469 0.222222 0.058233
0.219441
0.078243 1.000000 0.077062 0.000012 0.996271 0.000016 0.031816 0.865224 0.417861 0.000256 0.111111 0.012672
0.143223
0.077799 1.000000 0.072670 0.000010 0.996244 0.000008 0.033374 0.865178 0.410566 0.000599 0.111111 0.012615
0.143223
0.171373 1.000000 0.996058 0.999094 0.000928 0.927270 0.994805 0.643964 0.133620 0.938654 0.333333 0.199569
0.329110
0.171549 1.000000 0.997788 0.999094 0.001410 0.927434 0.997541 0.646205 0.133764 0.943028 0.333333 0.209876
0.329110
0.142089 0.333333 0.006000 0.000116 0.997898 0.000352 0.021290 0.898916 0.599305 0.130564 0.000000 0.059084
0.219441
0.325906 0.333333 0.912947 0.999353 0.005157 0.927949 0.300831 0.038771 0.002586 0.272754 0.333333 0.015849
0.496075
0.164673 1.000000 0.929929 0.999083 0.000626 0.926877 0.396180 0.111502 0.000806 0.267401 0.222222 0.006809
0.329110
0.331934 0.333333 0.942690 0.999117 0.004638 0.908230 0.857919 0.529960 0.112266 0.841161 0.222222 0.194519
0.496075
0.332060 0.333333 0.943317 0.999051 0.004446 0.904129 0.857755 0.530381 0.113790 0.849530 0.222222 0.191077
0.496075
0.141462 0.333333 0.002908 0.000115 0.997880 0.000295 0.019431 0.895965 0.587848 0.121904 0.000000 0.051916
0.219441
0.325777 0.333333 0.912313 0.999185 0.004881 0.921237 0.298786 0.036186 0.001882 0.275134 0.333333 0.035783
0.496075
0.332125 0.333333 0.943636 0.999363 0.005659 0.928915 0.856449 0.529643 0.111735 0.841300 0.222222 0.180902
0.496075
0.171423 1.000000 0.996548 0.999095 0.001195 0.927720 0.996392 0.645151 0.133602 0.941151 0.333333 0.205753
0.329110
0.145593 0.333333 0.023292 0.000126 0.998032 0.000377 0.049200 0.934565 0.681435 0.215132 0.111111 0.152381
0.219441
0.141826 0.333333 0.004703 0.000116 0.997890 0.000319 0.021937 0.898902 0.595509 0.130090 0.000000 0.057382
0.219441
0.164728 1.000000 0.930477 0.999083 0.000504 0.926910 0.396868 0.112828 0.001400 0.267058 0.444444 0.003480
0.329110
0.141901 0.333333 0.005074 0.000112 0.997831 0.000287 0.021367 0.898727 0.596461 0.129608 0.111111 0.056776
0.219441
0.171471 1.000000 0.997024 0.999097 0.001343 0.929562 0.997995 0.646268 0.133674 0.934353 0.222222 0.212997
0.329110
0.141280 0.333333 0.002007 0.000115 0.997859 0.000336 0.020405 0.896505 0.585520 0.122766 0.111111 0.052483
0.219441
0.171394 1.000000 0.996262 0.999097 0.001266 0.927270 0.996126 0.645190 0.133414 0.939881 0.333333 0.206453
0.329110
0.164705 1.000000 0.930248 0.999084 0.000537 0.927818 0.397783 0.113332 0.000489 0.266372 0.222222 0.001210
0.329110
0.325867 0.333333 0.912756 0.999353 0.005270 0.929857 0.300439 0.038418 0.001924 0.273316 0.222222 0.018440
0.496075
0.091638 1.000000 0.209250 0.000034 0.996613 0.000180 0.001644 0.893330 0.639147 0.143329 0.333333 0.046734
0.143223
0.331975 0.333333 0.942892 0.999295 0.005578 0.922481 0.856412 0.529747 0.113236 0.841819 0.111111 0.182793
0.496075
0.144561 0.333333 0.018198 0.000121 0.997935 0.000622 0.047344 0.929996 0.661741 0.195679 0.000000 0.133374
0.219441
0.171662 1.000000 0.998908 0.999094 0.000999 0.929349 0.994961 0.649644 0.125762 0.928664 0.333333 0.192098
0.329110
0.144889 0.333333 0.019820 0.000121 0.997972 0.000278 0.045657 0.930069 0.667395 0.196460 0.000000 0.141374
0.219441
0.164772 1.000000 0.930912 0.999084 0.000555 0.929095 0.397137 0.113060 0.001059 0.270483 0.222222 0.001740
0.329110
0.171541 1.000000 0.997713 0.999095 0.001310 0.927188 0.998653 0.647192 0.133452 0.937463 0.222222 0.212770
0.329110
0.171319 1.000000 0.995518 0.999095 0.001182 0.927016 0.994234 0.643595 0.133384 0.944050 0.222222 0.201914
0.329110
0.144700 0.333333 0.018884 0.000118 0.997889 0.001023 0.046273 0.929914 0.664690 0.197059 0.000000 0.143152
0.219441
0.164663 1.000000 0.929834 0.999083 0.000598 0.926517 0.396190 0.111615 0.000758 0.266693 0.333333 0.003329
0.329110
0.091788 1.000000 0.210720 0.000033 0.996570 0.000147 0.001084 0.893410 0.642556 0.144030 0.111111 0.048152
0.143223
0.326018 0.333333 0.913505 0.999353 0.004992 0.928260 0.301198 0.039231 0.002612 0.272564 0.222222 0.013163
0.496075
0.144797 0.333333 0.019366 0.000121 0.997976 0.001138 0.045920 0.929926 0.665430 0.196504 0.000000 0.137553
0.219441
0.091675 1.000000 0.209603 0.000034 0.996592 0.000065 0.001806 0.893622 0.640805 0.144241 0.111111 0.046242
0.143223
0.091924 1.000000 0.212072 0.000034 0.996613 0.000090 0.000763 0.893507 0.644035 0.144395 0.222222 0.046545
0.143223
0.326798 0.333333 0.917352 0.999354 0.005015 0.927196 0.302814 0.040397 0.002241 0.271994 0.222222 0.016341
0.496075
0.144450 0.333333 0.017646 0.000121 0.997943 0.000287 0.047656 0.930215 0.659966 0.196759 0.111111 0.134319
0.219441
0.078071 1.000000 0.075359 0.000009 0.996198 0.000164 0.032255 0.865221 0.415790 0.000424 0.000000 0.012369
0.143223
0.164642 1.000000 0.929629 0.999067 0.000472 0.923283 0.395685 0.110544 0.001020 0.266401 0.222222 0.007698
0.329110
0.332109 0.333333 0.943556 0.999363 0.005720 0.929079 0.855371 0.528961 0.112559 0.843286 0.222222 0.177781
0.496075
0.091775 1.000000 0.210593 0.000029 0.996547 0.000049 0.001312 0.893546 0.642161 0.144022 0.222222 0.045485
0.143223
0.091480 1.000000 0.207681 0.000033 0.996585 0.000082 0.002092 0.893322 0.636415 0.143993 0.111111 0.046923
0.143223
0.145090 0.333333 0.020808 0.000121 0.997932 0.000319 0.045588 0.930238 0.669702 0.195255 0.000000 0.133128
0.219441
0.325928 0.333333 0.913058 0.999353 0.005028 0.928350 0.300873 0.038833 0.002756 0.272586 0.333333 0.013428
0.496075
0.141818 0.333333 0.004659 0.000116 0.997892 0.000311 0.021906 0.898805 0.594810 0.129987 0.000000 0.055661
0.219441
0.326920 0.333333 0.917950 0.999354 0.005083 0.928440 0.302663 0.041395 0.002125 0.273864 0.333333 0.012728
0.496075
0.164688 1.000000 0.930082 0.999083 0.000676 0.926533 0.396503 0.112132 0.000996 0.266394 0.444444 0.004407
0.329110
0.171497 1.000000 0.997278 0.999087 0.001265 0.925895 0.998597 0.646760 0.133102 0.935747 0.444444 0.220165
0.329110
0.077842 1.000000 0.073096 0.000009 0.996217 0.000131 0.033100 0.865196 0.411811 0.000482 0.111111 0.011877
0.143223
0.078048 1.000000 0.075122 0.000010 0.996239 0.000115 0.032459 0.865178 0.414851 0.000518 0.111111 0.013069
0.143223
0.144580 0.333333 0.018298 0.000121 0.997967 0.000336 0.047173 0.930275 0.662324 0.194160 0.000000 0.133941
0.219441
0.171373 1.000000 0.996046 0.999095 0.001102 0.927761 0.993143 0.643017 0.133775 0.948453 0.444444 0.198453
0.329110
0.091522 1.000000 0.208090 0.000029 0.996527 0.000025 0.002444 0.893671 0.637850 0.144461 0.000000 0.045580
0.143223
0.141406 0.333333 0.002630 0.000115 0.997874 0.000327 0.019853 0.896077 0.586496 0.122466 0.111111 0.051878
0.219441
0.077987 1.000000 0.074531 0.000009 0.996192 0.000180 0.032658 0.865170 0.413805 0.000445 0.111111 0.011461
0.143223
0.140967 0.333333 0.000464 0.000115 0.997859 0.000311 0.021112 0.896165 0.580530 0.122700 0.000000 0.051046
0.219441
0.171532 1.000000 0.997625 0.999095 0.001145 0.926705 0.997892 0.646815 0.133552 0.940501 0.444444 0.205375
0.329110
0.325908 0.333333 0.912955 0.999353 0.005078 0.927974 0.301065 0.038736 0.002332 0.271030 0.111111 0.019707
0.496075
0.164664 1.000000 0.929846 0.999083 0.000619 0.927573 0.396900 0.112622 0.000670 0.265649 0.222222 0.002705
0.329110
0.326762 0.333333 0.917173 0.999354 0.005081 0.925919 0.302631 0.040596 0.002221 0.273572 0.333333 0.013882
0.496075
0.325729 0.333333 0.912075 0.999021 0.004272 0.908778 0.297736 0.035032 0.001983 0.272966 0.333333 0.028993
0.496075
0.091915 1.000000 0.211973 0.000033 0.996592 0.000123 0.000782 0.893480 0.644576 0.144709 0.000000 0.048209
0.143223
0.141171 0.333333 0.001467 0.000115 0.997869 0.000295 0.020457 0.896116 0.583908 0.122028 0.111111 0.050327
0.219441
0.325916 0.333333 0.912995 0.999353 0.005072 0.929824 0.300990 0.038945 0.002498 0.271191 0.333333 0.014431
0.496075
0.171402 1.000000 0.996344 0.999094 0.001026 0.926942 0.996889 0.645720 0.133943 0.937661 0.333333 0.200269
0.329110
0.325799 0.333333 0.912421 0.999330 0.005125 0.925510 0.299417 0.037106 0.001697 0.273805 0.222222 0.025495
0.496075
0.325964 0.333333 0.913234 0.999353 0.004989 0.925706 0.301230 0.039051 0.002077 0.272433 0.333333 0.013787
0.496075
0.325809 0.333333 0.912468 0.999353 0.005127 0.926697 0.300131 0.038077 0.001577 0.271585 0.222222 0.012615
0.496075
0.331980 0.333333 0.942919 0.999097 0.004699 0.909237 0.858561 0.530393 0.111748 0.841337 0.222222 0.191285
0.496075
0.144704 0.333333 0.018901 0.000121 0.997967 0.000344 0.046609 0.929777 0.662973 0.196526 0.000000 0.134849
0.219441
0.145626 0.333333 0.023453 0.000124 0.997988 0.000327 0.049175 0.934738 0.680754 0.215694 0.000000 0.144835
0.219441
0.144783 0.333333 0.019288 0.000121 0.997934 0.000278 0.045893 0.930009 0.666074 0.198833 0.111111 0.143643
0.219441
0.164686 1.000000 0.930057 0.999083 0.000510 0.925592 0.396564 0.112244 0.000965 0.267292 0.222222 0.004161
0.329110
0.078317 1.000000 0.077787 0.000009 0.996211 0.000139 0.031543 0.865207 0.419125 0.000168 0.111111 0.011802
0.143223
0.078173 1.000000 0.076372 0.000010 0.996241 0.000000 0.032022 0.865200 0.416915 0.000372 0.000000 0.012274
0.143223
0.171459 1.000000 0.996905 0.998893 0.000410 0.913976 0.995804 0.644757 0.135459 0.948943 0.333333 0.211862
0.329110
0.171347 1.000000 0.995799 0.999096 0.001197 0.927663 0.994923 0.643995 0.134690 0.939552 0.222222 0.204392
0.329110
0.091776 1.000000 0.210599 0.000033 0.996595 0.000049 0.001523 0.893587 0.641650 0.144241 0.000000 0.046999
0.143223
0.141192 0.333333 0.001572 0.000115 0.997865 0.000262 0.020265 0.896231 0.584330 0.123109 0.111111 0.054185
0.219441
0.171438 1.000000 0.996696 0.999094 0.001097 0.925764 0.996587 0.645757 0.133845 0.940728 0.222222 0.205110
0.329110
0.091675 1.000000 0.209606 0.000033 0.996589 0.000065 0.001661 0.893557 0.640826 0.144979 0.111111 0.047188
0.143223
0.332007 0.333333 0.943050 0.999253 0.005317 0.919935 0.856340 0.529790 0.113618 0.847565 0.333333 0.191039
0.496075
0.077910 1.000000 0.073766 0.000011 0.996242 0.000180 0.032861 0.865207 0.413047 0.000577 0.000000 0.012936
0.143223
0.077822 1.000000 0.072910 0.000010 0.996241 0.000041 0.033303 0.865185 0.410929 0.000336 0.000000 0.012180
0.143223
0.332210 0.333333 0.944057 0.999363 0.005679 0.930421 0.854576 0.528049 0.114065 0.845689 0.222222 0.177157
0.496075
0.078073 1.000000 0.075372 0.000009 0.996230 0.000213 0.032414 0.865164 0.415148 0.000840 0.000000 0.013144
0.143223
0.171449 1.000000 0.996799 0.999096 0.001221 0.926590 0.994328 0.644155 0.133469 0.946584 0.333333 0.195049
0.329110
0.091850 1.000000 0.211333 0.000034 0.996603 0.000106 0.001039 0.893481 0.643447 0.143803 0.111111 0.047320
0.143223
0.164683 1.000000 0.930037 0.999083 0.000557 0.930552 0.396166 0.111468 0.000967 0.267606 0.222222 0.005239
0.329110
0.078089 1.000000 0.075542 0.000011 0.996263 0.000196 0.032277 0.865188 0.415709 0.000475 0.111111 0.012483
0.143223
0.164756 1.000000 0.930749 0.999082 0.000471 0.927360 0.397696 0.113474 0.000924 0.268299 0.222222 0.002591
0.329110
0.331965 0.333333 0.942845 0.999055 0.004375 0.907788 0.858628 0.530764 0.112532 0.840176 0.222222 0.185498
0.496075
0.164871 1.000000 0.931888 0.999083 0.000518 0.925101 0.398748 0.114330 0.000773 0.268037 0.222222 0.005825
0.329110
0.325974 0.333333 0.913285 0.999353 0.004903 0.928940 0.300822 0.038991 0.002544 0.274375 0.222222 0.014525
0.496075
0.164694 1.000000 0.930146 0.999083 0.000640 0.927957 0.397049 0.112776 0.000664 0.266109 0.222222 0.003442
0.329110
0.331943 0.333333 0.942740 0.999215 0.005078 0.915892 0.857108 0.530088 0.112600 0.843374 0.222222 0.180542
0.496075
0.144716 0.333333 0.018961 0.000121 0.997976 0.000295 0.046905 0.929951 0.663209 0.193196 0.111111 0.129856
0.219441
0.145306 0.333333 0.021870 0.000121 0.997970 0.001064 0.049873 0.934574 0.677074 0.218140 0.000000 0.152703
0.219441
0.171454 1.000000 0.996847 0.999094 0.001133 0.927622 0.997897 0.646455 0.132495 0.938172 0.444444 0.207172
0.329110
0.145767 0.333333 0.024144 0.000124 0.998011 0.000377 0.048608 0.934994 0.684499 0.218746 0.111111 0.150282
0.219441
0.091604 1.000000 0.208911 0.000033 0.996583 0.000106 0.002072 0.893533 0.639344 0.144731 0.111111 0.047717
0.143223
0.078273 1.000000 0.077357 0.000010 0.996242 0.000033 0.031803 0.865188 0.417882 0.000475 0.000000 0.012842
0.143223
0.325789 0.333333 0.912369 0.999141 0.004647 0.917611 0.298332 0.036104 0.002177 0.274988 0.333333 0.031641
0.496075
0.077913 1.000000 0.073805 0.000009 0.996233 0.000016 0.032836 0.865190 0.413045 0.000694 0.111111 0.013126
0.143223
0.164646 1.000000 0.929664 0.999083 0.000551 0.926525 0.396668 0.112314 0.000684 0.266028 0.222222 0.003083
0.329110
0.332098 0.333333 0.943503 0.999156 0.005095 0.914034 0.858570 0.530697 0.113043 0.839387 0.222222 0.187616
0.496075
0.332130 0.333333 0.943657 0.999363 0.005228 0.927614 0.855088 0.528951 0.113270 0.847427 0.333333 0.175266
0.496075
0.091882 1.000000 0.211654 0.000029 0.996532 0.000131 0.000646 0.893333 0.643430 0.143716 0.000000 0.045675
0.143223
0.077896 1.000000 0.073635 0.000011 0.996274 0.000123 0.032895 0.865185 0.412877 0.000540 0.111111 0.012653
0.143223
0.325666 0.333333 0.911763 0.999055 0.004357 0.911169 0.298367 0.035176 0.002000 0.271878 0.444444 0.038242
0.496075
0.091850 1.000000 0.211334 0.000033 0.996588 0.000025 0.001363 0.893655 0.642851 0.144285 0.222222 0.046185
0.143223
0.144640 0.333333 0.018590 0.000121 0.997961 0.000270 0.046385 0.929722 0.662600 0.196438 0.000000 0.142773
0.219441
0.164676 1.000000 0.929959 0.999082 0.000563 0.926140 0.397918 0.113433 0.000109 0.266116 0.222222 0.001267
0.329110
0.091619 1.000000 0.209057 0.000029 0.996537 0.000057 0.002120 0.893622 0.639394 0.143825 0.222222 0.045750
0.143223
0.331945 0.333333 0.942744 0.999233 0.005288 0.920296 0.856699 0.530057 0.113203 0.844199 0.111111 0.180618
0.496075
0.332076 0.333333 0.943388 0.999056 0.004407 0.906896 0.859189 0.531029 0.112314 0.843002 0.222222 0.185157
0.496075
0.325777 0.333333 0.912309 0.999147 0.004743 0.919960 0.298726 0.036457 0.001939 0.273469 0.444444 0.031698
0.496075
0.171384 1.000000 0.996159 0.998859 0.000507 0.910915 0.997342 0.645181 0.133124 0.938091 0.444444 0.205356
0.329110
0.091876 1.000000 0.211578 0.000033 0.996589 0.000229 0.000767 0.893405 0.643735 0.144241 0.000000 0.047339
0.143223
0.325866 0.333333 0.912755 0.999351 0.005028 0.927123 0.300891 0.038760 0.002348 0.272542 0.333333 0.013239
0.496075
0.091675 1.000000 0.209607 0.000033 0.996588 0.000156 0.001511 0.893462 0.640484 0.143913 0.222222 0.046582
0.143223
0.325948 0.333333 0.913155 0.999353 0.005001 0.926951 0.301098 0.038934 0.002503 0.271885 0.222222 0.013617
0.496075
0.144684 0.333333 0.018805 0.000119 0.997955 0.000270 0.046751 0.930313 0.665074 0.196285 0.111111 0.140371
0.219441
0.171451 1.000000 0.996819 0.999096 0.001106 0.926959 0.997179 0.646546 0.133281 0.942918 0.222222 0.212051
0.329110
0.325890 0.333333 0.912867 0.999353 0.005108 0.928817 0.301089 0.038776 0.002121 0.270359 0.222222 0.015187
0.496075
0.164700 1.000000 0.930195 0.999084 0.000614 0.926869 0.397498 0.113107 0.000371 0.267839 0.333333 0.001305
0.329110
0.164708 1.000000 0.930279 0.999083 0.000640 0.927687 0.397140 0.112778 0.000740 0.266313 0.222222 0.003877
0.329110
0.325733 0.333333 0.912094 0.999021 0.004183 0.908819 0.297770 0.034879 0.001747 0.272754 0.222222 0.025381
0.496075
0.164638 1.000000 0.929582 0.999066 0.000444 0.925657 0.395655 0.110412 0.000753 0.266627 0.444444 0.005958
0.329110
0.332037 0.333333 0.943203 0.999187 0.005119 0.912822 0.858556 0.530312 0.112397 0.842089 0.111111 0.197413
0.496075
0.332009 0.333333 0.943064 0.999174 0.005015 0.913305 0.857612 0.530387 0.112849 0.843673 0.222222 0.189734
0.496075
0.325903 0.333333 0.912938 0.999353 0.005054 0.928195 0.300824 0.038779 0.002699 0.271929 0.222222 0.015509
0.496075
0.164655 1.000000 0.929758 0.999083 0.000644 0.925723 0.397165 0.112877 0.000266 0.266488 0.333333 0.000038
0.329110
0.164689 1.000000 0.930091 0.999083 0.000531 0.926255 0.396488 0.112457 0.001011 0.268037 0.222222 0.002213
0.329110
0.141217 0.333333 0.001700 0.000116 0.997895 0.000287 0.020177 0.896087 0.584564 0.122517 0.111111 0.050422
0.219441
0.141161 0.333333 0.001424 0.000115 0.997845 0.000287 0.021028 0.896569 0.583823 0.122641 0.111111 0.052200
0.219441
0.077903 1.000000 0.073702 0.000010 0.996236 0.000156 0.032957 0.865179 0.412554 0.000738 0.111111 0.013163
0.143223
0.164733 1.000000 0.930524 0.999083 0.000611 0.926672 0.396846 0.112714 0.001136 0.267292 0.444444 0.002686
0.329110
0.141511 0.333333 0.003152 0.000116 0.997868 0.000311 0.022783 0.898916 0.591168 0.130411 0.111111 0.057514
0.219441
0.332009 0.333333 0.943063 0.999134 0.004613 0.912617 0.858981 0.530776 0.111563 0.839752 0.333333 0.186387
0.496075
0.144697 0.333333 0.018869 0.000118 0.997865 0.000287 0.045942 0.929750 0.664080 0.198490 0.000000 0.144816
0.219441
0.141198 0.333333 0.001610 0.000118 0.997898 0.000303 0.020449 0.896242 0.584225 0.121926 0.000000 0.051235
0.219441
0.326887 0.333333 0.917787 0.999354 0.005158 0.927139 0.303056 0.041280 0.001577 0.270950 0.222222 0.013107
0.496075
0.326805 0.333333 0.917384 0.999354 0.005066 0.928481 0.302441 0.040420 0.002828 0.275120 0.333333 0.015282
0.496075
0.144882 0.333333 0.019780 0.000121 0.997967 0.000303 0.045706 0.929754 0.665792 0.198242 0.000000 0.141525
0.219441
0.164658 1.000000 0.929792 0.999083 0.000626 0.926247 0.396143 0.111473 0.000568 0.267197 0.222222 0.005523
0.329110
0.171402 1.000000 0.996338 0.999097 0.001245 0.926852 0.996130 0.645355 0.133893 0.941991 0.222222 0.200609
0.329110
0.078057 1.000000 0.075227 0.000009 0.996229 0.000041 0.032418 0.865190 0.415041 0.000460 0.111111 0.012842
0.143223
0.331969 0.333333 0.942864 0.999220 0.004859 0.915008 0.856904 0.529904 0.112906 0.844009 0.222222 0.180297
0.496075
0.326890 0.333333 0.917805 0.999354 0.005086 0.927720 0.302927 0.041005 0.001828 0.272243 0.222222 0.016341
0.496075
0.091882 1.000000 0.211645 0.000033 0.996583 0.000065 0.001200 0.893597 0.643471 0.144030 0.111111 0.045032
0.143223
0.331964 0.333333 0.942844 0.999029 0.004290 0.904956 0.858136 0.530593 0.113187 0.844520 0.444444 0.187975
0.496075
0.091790 1.000000 0.210735 0.000033 0.996588 0.000213 0.001550 0.893648 0.642272 0.143811 0.222222 0.047679
0.143223
0.140978 0.333333 0.000519 0.000115 0.997881 0.000295 0.021265 0.896510 0.581465 0.123868 0.111111 0.053486
0.219441
0.144705 0.333333 0.018909 0.000119 0.997919 0.000246 0.046366 0.929827 0.663930 0.195919 0.000000 0.142452
0.219441
0.164658 1.000000 0.929776 0.999066 0.000462 0.924012 0.395725 0.110343 0.001437 0.265722 0.333333 0.009702
0.329110
0.141908 0.333333 0.005107 0.000116 0.997886 0.000319 0.021594 0.898584 0.595996 0.129542 0.111111 0.058516
0.219441
0.332017 0.333333 0.943105 0.999068 0.004773 0.905406 0.858603 0.530553 0.111812 0.842987 0.222222 0.193592
0.496075
0.141265 0.333333 0.001935 0.000115 0.997846 0.000270 0.020032 0.895988 0.584642 0.123006 0.111111 0.049552
0.219441
0.078010 1.000000 0.074754 0.000010 0.996241 0.000172 0.032592 0.865208 0.414207 0.000540 0.111111 0.012615
0.143223
0.115112 1.000000 0.069945 0.000070 0.997164 0.000262 0.008264 0.886365 0.579034 0.116084 0.000000 0.037769
0.143223
0.145601 0.333333 0.023329 0.000121 0.997942 0.000262 0.049057 0.934496 0.681791 0.214058 0.000000 0.152211
0.219441
0.331907 0.333333 0.942558 0.999070 0.004435 0.908688 0.857959 0.530357 0.112600 0.841884 0.222222 0.191380
0.496075
0.331956 0.333333 0.942800 0.999170 0.005081 0.913551 0.858284 0.530338 0.112513 0.838452 0.222222 0.193460
0.496075
0.164681 1.000000 0.930008 0.999078 0.000616 0.926001 0.395963 0.110897 0.001332 0.266226 0.222222 0.003839
0.329110
0.078099 1.000000 0.075631 0.000012 0.996256 0.000041 0.032327 0.865193 0.415443 0.000358 0.111111 0.011858
0.143223
0.325903 0.333333 0.912935 0.999353 0.005069 0.928048 0.300694 0.038423 0.002549 0.273323 0.222222 0.020653
0.496075
0.141294 0.333333 0.002075 0.000115 0.997862 0.000377 0.019849 0.896007 0.585688 0.122466 0.111111 0.051462
0.219441
0.325794 0.333333 0.912397 0.999296 0.004989 0.928776 0.299255 0.037007 0.001795 0.273323 0.222222 0.027556
0.496075
0.325710 0.333333 0.911981 0.999017 0.004201 0.906634 0.297851 0.034788 0.001738 0.272053 0.333333 0.034762
0.496075
0.144978 0.333333 0.020254 0.000121 0.997946 0.000295 0.045467 0.929984 0.668404 0.198074 0.000000 0.143284
0.219441
0.077740 1.000000 0.072093 0.000011 0.996230 0.000156 0.033484 0.865159 0.410047 0.000628 0.111111 0.012483
0.143223
0.141295 0.333333 0.002079 0.000115 0.997869 0.001203 0.020584 0.896528 0.585424 0.124095 0.111111 0.052427
0.219441
0.077983 1.000000 0.074490 0.000010 0.996229 0.000172 0.032654 0.865171 0.413938 0.000759 0.111111 0.012899
0.143223
0.164712 1.000000 0.930320 0.999084 0.000564 0.927393 0.397694 0.113293 0.000860 0.267080 0.444444 0.003026
0.329110
0.171412 1.000000 0.996437 0.999096 0.001064 0.926402 0.997646 0.646317 0.132213 0.935674 0.222222 0.205715
0.329110
0.332064 0.333333 0.943335 0.999054 0.004692 0.905823 0.858827 0.530987 0.112449 0.843797 0.222222 0.184987
0.496075
0.141224 0.333333 0.001730 0.000115 0.997856 0.000319 0.020159 0.896109 0.584843 0.122101 0.000000 0.049609
0.219441
0.141747 0.333333 0.004309 0.000112 0.997839 0.000254 0.022056 0.898883 0.594590 0.129805 0.000000 0.055320
0.219441
0.091707 1.000000 0.209915 0.000033 0.996579 0.000180 0.001871 0.893575 0.640329 0.143891 0.111111 0.046961
0.143223
0.326770 0.333333 0.917214 0.999354 0.005057 0.927867 0.302636 0.040494 0.002138 0.273323 0.222222 0.014449
0.496075
0.141786 0.333333 0.004504 0.000118 0.997928 0.000344 0.018657 0.896139 0.592229 0.122452 0.111111 0.051500
0.219441
0.171391 1.000000 0.996230 0.998816 0.000169 0.909220 0.998113 0.645292 0.132648 0.935543 0.333333 0.218103
0.329110
0.164702 1.000000 0.930215 0.999083 0.000566 0.925747 0.397481 0.113176 0.000568 0.266956 0.333333 0.001002
0.329110
0.145446 0.333333 0.022565 0.000121 0.997973 0.000303 0.049154 0.934716 0.679854 0.213700 0.111111 0.153970
0.219441
0.144689 0.333333 0.018829 0.000121 0.997948 0.000311 0.046256 0.929505 0.664600 0.196299 0.000000 0.142660
0.219441
0.141267 0.333333 0.001945 0.000115 0.997856 0.000303 0.019989 0.896023 0.585182 0.121802 0.111111 0.050649
0.219441
0.164757 1.000000 0.930762 0.999079 0.000646 0.928530 0.401705 0.115264 0.001315 0.265787 0.222222 0.005598
0.329110
0.091654 1.000000 0.209398 0.000027 0.996502 0.000147 0.001871 0.893501 0.640049 0.143606 0.000000 0.045183
0.143223
0.145046 0.333333 0.020590 0.000121 0.997975 0.000344 0.045535 0.930203 0.669726 0.197015 0.000000 0.140428
0.219441
0.077757 1.000000 0.072262 0.000010 0.996238 0.000147 0.033420 0.865199 0.410433 0.000475 0.222222 0.012142
0.143223
0.144816 0.333333 0.019455 0.000121 0.997978 0.000287 0.046576 0.930204 0.664757 0.196190 0.000000 0.135832
0.219441
0.164730 1.000000 0.930492 0.999083 0.000524 0.926443 0.397928 0.113500 0.000360 0.268168 0.333333 0.000794
0.329110
0.091696 1.000000 0.209811 0.000029 0.996535 0.000139 0.001859 0.893587 0.640433 0.144358 0.000000 0.048530
0.143223
0.091799 1.000000 0.210830 0.000033 0.996585 0.000131 0.000820 0.893321 0.642611 0.143876 0.000000 0.047225
0.143223
0.332307 0.333333 0.944533 0.999364 0.005151 0.929832 0.852714 0.527714 0.114893 0.846207 0.333333 0.176211
0.496075
0.145595 0.333333 0.023299 0.000121 0.997939 0.000327 0.049174 0.935172 0.682379 0.219542 0.111111 0.143265
0.219441
0.077788 1.000000 0.072572 0.000009 0.996212 0.000115 0.033379 0.865197 0.410564 0.000234 0.222222 0.012029
0.143223
0.326753 0.333333 0.917129 0.999354 0.004905 0.927532 0.302876 0.040611 0.001623 0.271505 0.222222 0.012331
0.496075
0.164676 1.000000 0.929962 0.999084 0.000580 0.927163 0.396547 0.112097 0.000454 0.266627 0.444444 0.003461
0.329110
0.078077 1.000000 0.075416 0.000011 0.996256 0.000188 0.032349 0.865152 0.415445 0.000650 0.111111 0.013806
0.143223
0.141507 0.333333 0.003126 0.000115 0.997860 0.000319 0.019770 0.896535 0.589095 0.123591 0.000000 0.052029
0.219441
0.141118 0.333333 0.001214 0.000115 0.997869 0.000327 0.019978 0.895766 0.582854 0.121765 0.111111 0.052899
0.219441
0.171493 1.000000 0.997246 0.999031 0.001022 0.925117 0.997699 0.646423 0.134067 0.938836 0.333333 0.214718
0.329110
0.171432 1.000000 0.996638 0.999095 0.001144 0.926615 0.993481 0.642852 0.131975 0.946993 0.222222 0.199758
0.329110
0.171430 1.000000 0.996614 0.999094 0.001111 0.926058 0.993692 0.643421 0.133076 0.944868 0.222222 0.193876
0.329110
0.144895 0.333333 0.019850 0.000121 0.997951 0.000287 0.046295 0.930485 0.666939 0.195145 0.000000 0.133166
0.219441
0.171311 1.000000 0.995445 0.999096 0.001031 0.927696 0.994201 0.643353 0.132517 0.947825 0.222222 0.203276
0.329110
0.332085 0.333333 0.943436 0.999363 0.005543 0.927368 0.854223 0.527939 0.113714 0.841651 0.222222 0.179767
0.496075
0.091729 1.000000 0.210124 0.000033 0.996579 0.000180 0.001043 0.893255 0.641215 0.143161 0.111111 0.046242
0.143223
0.141090 0.333333 0.001074 0.000115 0.997859 0.001130 0.021200 0.896701 0.583557 0.122897 0.000000 0.051802
0.219441
0.077947 1.000000 0.074142 0.000009 0.996218 0.000147 0.032846 0.865161 0.412986 0.000504 0.111111 0.012483
0.143223
0.332133 0.333333 0.943675 0.999363 0.005631 0.928080 0.854303 0.528239 0.113310 0.843805 0.222222 0.173337
0.496075
0.164672 1.000000 0.929925 0.999084 0.000558 0.925780 0.396607 0.112299 0.000557 0.266321 0.333333 0.001986
0.329110
0.141074 0.333333 0.000990 0.000115 0.997830 0.000311 0.020559 0.895984 0.582865 0.121729 0.333333 0.051519
0.219441
0.331964 0.333333 0.942840 0.999081 0.004865 0.908631 0.858837 0.530599 0.112104 0.838029 0.222222 0.186576
0.496075
0.164758 1.000000 0.930778 0.999083 0.000635 0.927286 0.397024 0.113293 0.000771 0.269607 0.222222 0.002648
0.329110
0.332198 0.333333 0.943994 0.999365 0.005620 0.929341 0.854546 0.528350 0.113382 0.844725 0.222222 0.172883
0.496075
0.077673 1.000000 0.071441 0.000009 0.996201 0.000172 0.033667 0.865143 0.409177 0.000365 0.000000 0.012085
0.143223
0.078032 1.000000 0.074968 0.000009 0.996220 0.000147 0.032532 0.865217 0.414410 0.000548 0.000000 0.011575
0.143223
0.171368 1.000000 0.996006 0.999095 0.001198 0.926844 0.995058 0.644210 0.133528 0.943773 0.444444 0.206737
0.329110
0.077994 1.000000 0.074607 0.000012 0.996241 0.000049 0.032679 0.865218 0.413812 0.000365 0.111111 0.012426
0.143223
0.325880 0.333333 0.912819 0.999337 0.005246 0.926296 0.299651 0.037809 0.001677 0.276200 0.333333 0.016946
0.496075
0.171471 1.000000 0.997021 0.999094 0.000987 0.926419 0.997224 0.646537 0.133065 0.943137 0.333333 0.202236
0.329110
0.141530 0.333333 0.003244 0.000115 0.997877 0.000303 0.019195 0.896140 0.589113 0.122145 0.111111 0.052256
0.219441
0.332227 0.333333 0.944142 0.999363 0.005682 0.928948 0.854116 0.528316 0.114341 0.849208 0.222222 0.173866
0.496075
0.141562 0.333333 0.003402 0.000115 0.997866 0.000278 0.019197 0.896068 0.589134 0.121721 0.000000 0.052332
0.219441
0.326819 0.333333 0.917453 0.999354 0.005022 0.926926 0.302737 0.040871 0.002374 0.272345 0.222222 0.012539
0.496075
0.325726 0.333333 0.912057 0.999048 0.004349 0.909982 0.298159 0.035385 0.002391 0.273236 0.222222 0.035178
0.496075
0.325926 0.333333 0.913046 0.999353 0.005013 0.927475 0.301025 0.038996 0.002378 0.272133 0.333333 0.013371
0.496075
0.141040 0.333333 0.000824 0.000115 0.997868 0.000311 0.021081 0.896308 0.582054 0.123364 0.111111 0.056379
0.219441
0.140901 0.333333 0.000138 0.000113 0.997828 0.000344 0.021350 0.896022 0.579307 0.122400 0.111111 0.052559
0.219441
0.164682 1.000000 0.930017 0.999082 0.000497 0.925747 0.396455 0.112181 0.000830 0.266686 0.222222 0.001551
0.329110
0.144536 0.333333 0.018076 0.000118 0.997878 0.000295 0.047334 0.929964 0.660877 0.197599 0.000000 0.134300
0.219441
0.091708 1.000000 0.209929 0.000027 0.996512 0.000123 0.001698 0.893436 0.640966 0.144234 0.000000 0.048625
0.143223
0.331952 0.333333 0.942782 0.999058 0.004310 0.907305 0.858983 0.530432 0.111947 0.838233 0.333333 0.189942
0.496075
0.077998 1.000000 0.074641 0.000010 0.996245 0.000147 0.032593 0.865204 0.414320 0.000701 0.111111 0.013258
0.143223
0.077825 1.000000 0.072918 0.000009 0.996198 0.000139 0.033244 0.865194 0.411270 0.000949 0.111111 0.012237
0.143223
0.164678 1.000000 0.929976 0.999083 0.000602 0.926435 0.396567 0.112022 0.000723 0.265525 0.444444 0.004709
0.329110
0.171508 1.000000 0.997395 0.999097 0.001256 0.926558 0.997328 0.646656 0.134526 0.939033 0.222222 0.203181
0.329110
0.164671 1.000000 0.929908 0.999082 0.000601 0.924855 0.396629 0.112189 0.000686 0.266065 0.333333 0.002913
0.329110
0.171448 1.000000 0.996795 0.999096 0.001136 0.927303 0.997807 0.646562 0.132240 0.939114 0.333333 0.208458
0.329110
0.141267 0.333333 0.001948 0.000116 0.997862 0.000327 0.020306 0.896454 0.585378 0.123474 0.000000 0.054072
0.219441
0.077876 1.000000 0.073439 0.000010 0.996236 0.000016 0.033066 0.865216 0.411925 0.000555 0.111111 0.012199
0.143223
0.325979 0.333333 0.913311 0.999353 0.005139 0.928465 0.301051 0.039024 0.002306 0.274287 0.222222 0.013787
0.496075
0.091676 1.000000 0.209614 0.000029 0.996535 0.000156 0.001820 0.893549 0.640359 0.144701 0.111111 0.047471
0.143223
0.145587 0.333333 0.023268 0.000126 0.998035 0.000352 0.049129 0.934921 0.682353 0.218885 0.000000 0.149393
0.219441
0.141979 0.333333 0.005456 0.000118 0.997919 0.000287 0.021424 0.898883 0.597403 0.130637 0.111111 0.055528
0.219441
0.091589 1.000000 0.208749 0.000029 0.996564 0.000106 0.001760 0.893458 0.639643 0.144278 0.000000 0.046980
0.143223
0.091746 1.000000 0.210308 0.000033 0.996603 0.000074 0.001753 0.893542 0.640678 0.144132 0.111111 0.045845
0.143223
0.332109 0.333333 0.943560 0.999363 0.005496 0.929807 0.854086 0.527969 0.112714 0.844652 0.222222 0.178424
0.496075
0.171376 1.000000 0.996083 0.999097 0.001301 0.926410 0.994806 0.643933 0.134458 0.945898 0.333333 0.211805
0.329110
0.091766 1.000000 0.210503 0.000033 0.996570 0.000156 0.001421 0.893513 0.642093 0.143884 0.111111 0.046564
0.143223
0.171398 1.000000 0.996305 0.998857 0.000228 0.911185 0.997971 0.645609 0.131665 0.940684 0.333333 0.214302
0.329110
0.171406 1.000000 0.996379 0.999094 0.000999 0.926828 0.995048 0.644174 0.134620 0.941319 0.222222 0.203522
0.329110
0.325823 0.333333 0.912538 0.999347 0.005060 0.929578 0.299918 0.037707 0.001437 0.272987 0.333333 0.016814
0.496075
0.171534 1.000000 0.997648 0.999097 0.001336 0.926230 0.998669 0.647087 0.132635 0.936646 0.222222 0.198850
0.329110
0.078316 1.000000 0.077768 0.000010 0.996236 0.000172 0.031617 0.865179 0.419029 0.000613 0.111111 0.013693
0.143223
0.326019 0.333333 0.913506 0.999353 0.005146 0.930241 0.301413 0.038870 0.002557 0.272652 0.333333 0.018251
0.496075
0.145702 0.333333 0.023826 0.000121 0.997942 0.000278 0.048646 0.934843 0.683993 0.218096 0.111111 0.149071
0.219441
0.326808 0.333333 0.917400 0.999354 0.005330 0.930348 0.302821 0.040839 0.002341 0.271878 0.333333 0.012823
0.496075
0.091673 1.000000 0.209580 0.000033 0.996579 0.000180 0.001775 0.893636 0.640608 0.144387 0.111111 0.045712
0.143223
0.332069 0.333333 0.943361 0.999363 0.005235 0.927090 0.854695 0.528153 0.111421 0.842877 0.111111 0.171616
0.496075
0.332029 0.333333 0.943161 0.999185 0.005187 0.916178 0.858100 0.530548 0.112757 0.841176 0.333333 0.187559
0.496075
0.164746 1.000000 0.930655 0.999083 0.000552 0.926337 0.397692 0.113333 0.000736 0.268438 0.444444 0.003045
0.329110
0.091830 1.000000 0.211130 0.000033 0.996585 0.000196 0.000921 0.893423 0.643078 0.143927 0.111111 0.046261
0.143223
0.171398 1.000000 0.996299 0.998845 0.000226 0.910980 0.997821 0.645130 0.133438 0.937157 0.333333 0.207928
0.329110
0.171424 1.000000 0.996553 0.999096 0.000984 0.925780 0.996306 0.645244 0.133932 0.938238 0.333333 0.205205
0.329110
0.141376 0.333333 0.002486 0.000116 0.997902 0.000327 0.019699 0.896011 0.586507 0.122254 0.000000 0.052748
0.219441
0.164720 1.000000 0.930398 0.999084 0.000515 0.926640 0.397323 0.112917 0.000867 0.267796 0.333333 0.005125
0.329110
0.331991 0.333333 0.942974 0.999363 0.005360 0.926902 0.855945 0.529618 0.112624 0.843359 0.222222 0.183739
0.496075
0.332098 0.333333 0.943498 0.999077 0.004607 0.907894 0.857650 0.530192 0.113249 0.850800 0.111111 0.198207
0.496075
0.077988 1.000000 0.074545 0.000010 0.996232 0.000123 0.032676 0.865190 0.413809 0.000511 0.111111 0.012066
0.143223
0.164690 1.000000 0.930094 0.999084 0.000500 0.927565 0.397433 0.113046 0.000419 0.267766 0.333333 0.000700
0.329110
0.171346 1.000000 0.995786 0.999094 0.001156 0.927671 0.993252 0.642884 0.133816 0.943094 0.333333 0.202595
0.329110
0.171465 1.000000 0.996959 0.998895 0.000459 0.912830 0.997885 0.645714 0.133452 0.937573 0.222222 0.207777
0.329110
0.332126 0.333333 0.943639 0.999363 0.005560 0.928522 0.855626 0.529169 0.112113 0.842249 0.222222 0.169800
0.496075
0.325916 0.333333 0.912999 0.999351 0.005092 0.927425 0.300953 0.038852 0.002485 0.272111 0.333333 0.014431
0.496075
0.077887 1.000000 0.073535 0.000009 0.996229 0.000041 0.033012 0.865185 0.412250 0.000263 0.000000 0.012369
0.143223
0.141763 0.333333 0.004390 0.000118 0.997874 0.000344 0.022067 0.898857 0.594373 0.129542 0.000000 0.054904
0.219441
0.171536 1.000000 0.997666 0.999096 0.001022 0.927638 0.999247 0.646991 0.132641 0.936434 0.222222 0.213394
0.329110
0.091628 1.000000 0.209139 0.000033 0.996580 0.000090 0.002122 0.893613 0.639359 0.144402 0.111111 0.047660
0.143223
0.141130 0.333333 0.001271 0.000115 0.997846 0.001072 0.020961 0.896352 0.583441 0.123233 0.222222 0.055869
0.219441
0.077912 1.000000 0.073795 0.000012 0.996232 0.000147 0.032937 0.865224 0.412508 0.000358 0.000000 0.011272
0.143223
0.331959 0.333333 0.942816 0.999067 0.004834 0.906486 0.858884 0.530109 0.112067 0.839562 0.222222 0.198321
0.496075
0.075313 1.000000 0.048155 0.000000 0.996072 0.000475 0.039511 0.865125 0.381980 0.000219 0.888889 0.007168
0.143223
0.078094 1.000000 0.075585 0.000012 0.996263 0.000065 0.032335 0.865199 0.415439 0.000343 0.111111 0.011726
0.143223
0.332076 0.333333 0.943392 0.999363 0.005709 0.929038 0.854825 0.528267 0.112196 0.839175 0.333333 0.172769
0.496075
0.171412 1.000000 0.996432 0.998988 0.000694 0.919584 0.996649 0.645579 0.134107 0.939399 0.333333 0.216193
0.329110
0.091698 1.000000 0.209827 0.000033 0.996597 0.000057 0.001712 0.893441 0.640715 0.143387 0.000000 0.047944
0.143223
0.145301 0.333333 0.021846 0.000121 0.997978 0.000319 0.049493 0.933849 0.676301 0.211656 0.000000 0.145762
0.219441
0.331967 0.333333 0.942858 0.999110 0.004580 0.909638 0.858068 0.530094 0.112458 0.844418 0.222222 0.200704
0.496075
0.332149 0.333333 0.943750 0.999363 0.005641 0.928424 0.854555 0.528224 0.112493 0.844681 0.333333 0.171445
0.496075
0.171512 1.000000 0.997418 0.999094 0.001096 0.930528 0.998962 0.646984 0.132547 0.936711 0.444444 0.208458
0.329110
0.171379 1.000000 0.996105 0.998926 0.000794 0.915171 0.997234 0.645449 0.133676 0.938033 0.222222 0.209290
0.329110
0.145870 0.333333 0.024656 0.000121 0.997952 0.000303 0.048055 0.934866 0.687137 0.218666 0.111111 0.147672
0.219441
0.164755 1.000000 0.930743 0.999083 0.000631 0.926893 0.397218 0.113176 0.000452 0.267620 0.333333 0.000738
0.329110
0.078074 1.000000 0.075387 0.000012 0.996277 0.000041 0.032377 0.865211 0.415362 0.000665 0.111111 0.013031
0.143223
0.326003 0.333333 0.913429 0.999353 0.005145 0.927204 0.301406 0.039104 0.002009 0.273199 0.222222 0.013409
0.496075
0.331982 0.333333 0.942928 0.999076 0.004413 0.905389 0.858188 0.530444 0.111910 0.844411 0.222222 0.180145
0.496075
0.091335 1.000000 0.206248 0.000029 0.996535 0.000033 0.002590 0.893367 0.635517 0.143343 0.222222 0.047169
0.143223
0.141869 0.333333 0.004911 0.000118 0.997880 0.000401 0.021110 0.898582 0.596332 0.129089 0.111111 0.057911
0.219441
0.171475 1.000000 0.997057 0.998868 0.000454 0.910113 0.998006 0.645554 0.132892 0.940735 0.222222 0.214207
0.329110
0.164708 1.000000 0.930274 0.999083 0.000684 0.927041 0.397141 0.112782 0.000712 0.267832 0.222222 0.003707
0.329110
0.171323 1.000000 0.995557 0.999094 0.001111 0.925616 0.994387 0.643626 0.133296 0.944262 0.444444 0.200931
0.329110
0.171345 1.000000 0.995772 0.998880 0.000539 0.909147 0.995943 0.644163 0.133991 0.943663 0.333333 0.207569
0.329110
0.171406 1.000000 0.996379 0.999094 0.001262 0.927548 0.996089 0.645258 0.133580 0.944094 0.333333 0.204051
0.329110
0.164682 1.000000 0.930027 0.999084 0.000675 0.926975 0.396972 0.112712 0.000935 0.267204 0.222222 0.002969
0.329110
0.325936 0.333333 0.913095 0.999353 0.005047 0.930536 0.300847 0.038873 0.002570 0.275032 0.111111 0.015244
0.496075
0.077976 1.000000 0.074421 0.000009 0.996197 0.000147 0.032700 0.865181 0.413724 0.000577 0.111111 0.012407
0.143223
0.144430 0.333333 0.017551 0.000118 0.997899 0.000344 0.047676 0.930268 0.660610 0.194978 0.000000 0.136116
0.219441
0.171718 1.000000 0.999457 0.999094 0.000987 0.928580 0.992418 0.649957 0.124961 0.925269 0.333333 0.187691
0.329110
0.091608 1.000000 0.208937 0.000029 0.996547 0.000147 0.001989 0.893532 0.638898 0.144680 0.111111 0.045996
0.143223
0.078276 1.000000 0.077387 0.000012 0.996265 0.000041 0.031757 0.865227 0.418123 0.000599 0.000000 0.012596
0.143223
0.164727 1.000000 0.930461 0.999080 0.000501 0.926353 0.403470 0.117151 0.001299 0.266284 0.333333 0.009759
0.329110
0.171438 1.000000 0.996699 0.999094 0.000995 0.926476 0.997394 0.646252 0.132598 0.938909 0.333333 0.210671
0.329110
0.164708 1.000000 0.930281 0.999083 0.000534 0.927622 0.397570 0.113022 0.000498 0.267628 0.333333 0.004596
0.329110
0.171402 1.000000 0.996338 0.999097 0.001339 0.927147 0.995607 0.644732 0.134749 0.942115 0.222222 0.208779
0.329110
0.171509 1.000000 0.997396 0.999096 0.001103 0.927982 0.995050 0.644703 0.134443 0.943466 0.444444 0.206113
0.329110
0.145506 0.333333 0.022863 0.000121 0.997963 0.000319 0.049120 0.934389 0.680426 0.217096 0.000000 0.149752
0.219441
0.171434 1.000000 0.996652 0.999095 0.001301 0.928097 0.993984 0.643458 0.134301 0.944423 0.222222 0.202103
0.329110
0.092249 1.000000 0.215274 0.000034 0.996615 0.000082 0.000000 0.893665 0.649464 0.144862 0.000000 0.046904
0.143223
0.078039 1.000000 0.075039 0.000011 0.996212 0.000156 0.032512 0.865167 0.414659 0.000365 0.111111 0.013750
0.143223
0.078057 1.000000 0.075220 0.000009 0.996206 0.000156 0.032319 0.865206 0.415391 0.000438 0.000000 0.011972
0.143223
0.141333 0.333333 0.002272 0.000115 0.997859 0.000327 0.020343 0.896433 0.585791 0.122890 0.222222 0.051992
0.219441
0.091528 1.000000 0.208155 0.000033 0.996579 0.000065 0.002398 0.893525 0.637808 0.144650 0.333333 0.049211
0.143223
0.331958 0.333333 0.942810 0.999022 0.004135 0.904121 0.858869 0.530894 0.112056 0.843148 0.222222 0.182774
0.496075
0.331972 0.333333 0.942882 0.999174 0.005063 0.915965 0.856918 0.529814 0.113530 0.843790 0.222222 0.185460
0.496075
0.171278 1.000000 0.995119 0.999094 0.001055 0.927491 0.994317 0.643118 0.131753 0.939172 0.333333 0.194841
0.329110
0.164758 1.000000 0.930767 0.999084 0.000622 0.927106 0.398230 0.113766 0.000638 0.266496 0.222222 0.004880
0.329110
0.144821 0.333333 0.019480 0.000119 0.997910 0.000336 0.045744 0.930120 0.666068 0.197920 0.000000 0.138953
0.219441
0.171364 1.000000 0.995962 0.998967 0.000703 0.917545 0.995870 0.644833 0.133709 0.942947 0.222222 0.213262
0.329110
0.164732 1.000000 0.930508 0.999082 0.000575 0.927565 0.397701 0.113365 0.000579 0.268314 0.222222 0.002497
0.329110
0.164734 1.000000 0.930533 0.999082 0.000512 0.926099 0.398425 0.113630 0.000424 0.265824 0.222222 0.006468
0.329110
0.164685 1.000000 0.930057 0.999084 0.000595 0.927900 0.396277 0.111499 0.000791 0.267270 0.222222 0.003896
0.329110
0.325968 0.333333 0.913252 0.999353 0.005075 0.928219 0.301250 0.039070 0.002280 0.273404 0.222222 0.015811
0.496075
0.171433 1.000000 0.996650 0.998832 0.000433 0.908664 0.998095 0.646025 0.132670 0.942152 0.333333 0.207342
0.329110
0.171517 1.000000 0.997479 0.999096 0.001183 0.926713 0.998987 0.646567 0.131595 0.937748 0.222222 0.217933
0.329110
0.164673 1.000000 0.929933 0.999083 0.000607 0.925862 0.396018 0.111405 0.001040 0.267197 0.333333 0.006090
0.329110
0.077680 1.000000 0.071501 0.000010 0.996242 0.000033 0.033764 0.865192 0.408780 0.000387 0.111111 0.011367
0.143223
0.078094 1.000000 0.075595 0.000009 0.996214 0.000049 0.032245 0.865190 0.415723 0.000526 0.000000 0.012407
0.143223
0.171485 1.000000 0.997158 0.999018 0.001007 0.921851 0.997583 0.646598 0.133679 0.939997 0.333333 0.210500
0.329110
0.171502 1.000000 0.997325 0.999097 0.001334 0.927876 0.997160 0.646567 0.134137 0.942517 0.333333 0.201952
0.329110
0.171370 1.000000 0.996029 0.999094 0.001010 0.926738 0.995722 0.644796 0.133196 0.938566 0.222222 0.207550
0.329110
0.331975 0.333333 0.942894 0.999235 0.004802 0.917660 0.857132 0.530224 0.112054 0.844579 0.333333 0.185403
0.496075
0.332087 0.333333 0.943452 0.999205 0.005166 0.915499 0.857577 0.530234 0.113801 0.843768 0.333333 0.195011
0.496075
0.091412 1.000000 0.207009 0.000029 0.996514 0.000090 0.002597 0.893654 0.636657 0.144081 0.000000 0.044748
0.143223
0.078230 1.000000 0.076923 0.000010 0.996224 0.000188 0.031892 0.865234 0.417697 0.000789 0.000000 0.013107
0.143223
0.141697 0.333333 0.004067 0.000112 0.997834 0.000311 0.022214 0.898824 0.593463 0.130024 0.111111 0.059046
0.219441
0.091741 1.000000 0.210265 0.000033 0.996571 0.000188 0.001622 0.893535 0.641396 0.144198 0.111111 0.047566
0.143223
0.325968 0.333333 0.913254 0.999351 0.005000 0.928228 0.301374 0.038914 0.002398 0.271301 0.222222 0.016870
0.496075
0.091597 1.000000 0.208841 0.000028 0.996529 0.000074 0.002034 0.893632 0.639634 0.144680 0.000000 0.046753
0.143223
0.331962 0.333333 0.942831 0.999056 0.004280 0.908443 0.858464 0.530332 0.112572 0.841797 0.444444 0.191663
0.496075
0.325832 0.333333 0.912585 0.999310 0.004911 0.927769 0.299331 0.037174 0.001487 0.274908 0.444444 0.024190
0.496075
0.332046 0.333333 0.943245 0.999363 0.005311 0.928719 0.854539 0.528379 0.111858 0.844396 0.222222 0.172788
0.496075
0.164734 1.000000 0.930538 0.999083 0.000647 0.926443 0.397842 0.113497 0.000574 0.267781 0.222222 0.003499
0.329110
0.171274 1.000000 0.995072 0.999094 0.001090 0.925232 0.994325 0.643357 0.133288 0.939537 0.333333 0.199663
0.329110
0.140888 0.333333 0.000073 0.000115 0.997883 0.000319 0.021233 0.895990 0.579879 0.122824 0.111111 0.052540
0.219441
0.091536 1.000000 0.208236 0.000029 0.996538 0.000049 0.002257 0.893562 0.638046 0.144008 0.000000 0.046355
0.143223
0.326843 0.333333 0.917570 0.999353 0.005042 0.927663 0.302863 0.040617 0.002048 0.272542 0.222222 0.017778
0.496075
0.077950 1.000000 0.074171 0.000009 0.996212 0.000156 0.032787 0.865178 0.413340 0.000540 0.000000 0.012653
0.143223
0.091527 1.000000 0.208154 0.000029 0.996520 0.000188 0.002041 0.893483 0.638588 0.144198 0.111111 0.045826
0.143223
0.091739 1.000000 0.210239 0.000033 0.996604 0.000074 0.001617 0.893485 0.641353 0.143949 0.222222 0.048171
0.143223
0.091616 1.000000 0.209021 0.000033 0.996594 0.000172 0.001947 0.893636 0.639813 0.144314 0.000000 0.045542
0.143223
0.325885 0.333333 0.912844 0.999353 0.004921 0.930536 0.301113 0.038772 0.002208 0.270162 0.222222 0.017646
0.496075
0.164712 1.000000 0.930328 0.999083 0.000759 0.926828 0.397118 0.112917 0.000498 0.268241 0.222222 0.001797
0.329110
0.091915 1.000000 0.211969 0.000034 0.996641 0.000065 0.001335 0.893708 0.642975 0.144716 0.111111 0.046185
0.143223
0.145881 0.333333 0.024713 0.000124 0.997964 0.000319 0.048334 0.934997 0.685980 0.220309 0.000000 0.148145
0.219441
0.325939 0.333333 0.913114 0.999353 0.005155 0.927663 0.301113 0.038967 0.002404 0.272454 0.222222 0.013977
0.496075
0.091703 1.000000 0.209882 0.000029 0.996540 0.000016 0.001868 0.893570 0.640366 0.144103 0.111111 0.047812
0.143223
0.325810 0.333333 0.912475 0.999316 0.004948 0.925944 0.299613 0.037378 0.001448 0.272250 0.222222 0.020993
0.496075
0.164693 1.000000 0.930126 0.999083 0.000525 0.925903 0.397013 0.112711 0.000904 0.267197 0.444444 0.004766
0.329110
0.325914 0.333333 0.912986 0.999353 0.005013 0.927769 0.300533 0.038642 0.002765 0.272162 0.222222 0.015338
0.496075
0.141883 0.333333 0.004981 0.000116 0.997860 0.000295 0.022006 0.898947 0.595679 0.129871 0.111111 0.057344
0.219441
0.078122 1.000000 0.075863 0.000012 0.996268 0.000033 0.032256 0.865195 0.415799 0.000299 0.111111 0.011839
0.143223
0.164718 1.000000 0.930383 0.999084 0.000589 0.927008 0.397510 0.113058 0.000507 0.267277 0.222222 0.003348
0.329110
0.331994 0.333333 0.942991 0.999027 0.004482 0.903982 0.859102 0.531016 0.111794 0.842030 0.222222 0.181810
0.496075
0.332042 0.333333 0.943226 0.999149 0.004558 0.910817 0.858095 0.530604 0.112286 0.842775 0.333333 0.191852
0.496075
0.164698 1.000000 0.930182 0.999083 0.000507 0.925772 0.397164 0.112786 0.000513 0.265525 0.222222 0.002326
0.329110
0.325967 0.333333 0.913251 0.999351 0.005101 0.928727 0.301213 0.038978 0.002407 0.273068 0.222222 0.014090
0.496075
0.164691 1.000000 0.930109 0.999083 0.000570 0.924871 0.397511 0.113266 0.000712 0.268007 0.222222 0.001248
0.329110
0.164669 1.000000 0.929895 0.999082 0.000566 0.925813 0.396757 0.112373 0.000393 0.267401 0.444444 0.003007
0.329110
0.326813 0.333333 0.917424 0.999353 0.004977 0.928072 0.302732 0.040562 0.002190 0.272250 0.222222 0.012955
0.496075
0.332015 0.333333 0.943092 0.999302 0.005060 0.922539 0.855976 0.529522 0.113952 0.844411 0.333333 0.179975
0.496075
0.326565 0.333333 0.916199 0.999312 0.004974 0.923136 0.302727 0.040001 0.002136 0.273477 0.333333 0.022601
0.496075
0.332174 0.333333 0.943878 0.999363 0.005338 0.928457 0.854657 0.528233 0.113301 0.844769 0.222222 0.175644
0.496075
0.164667 1.000000 0.929865 0.999082 0.000521 0.926640 0.396557 0.112424 0.000786 0.267482 0.333333 0.003177
0.329110
0.140934 0.333333 0.000299 0.000115 0.997869 0.000278 0.021551 0.896467 0.580626 0.123518 0.111111 0.052691
0.219441
0.141217 0.333333 0.001695 0.000115 0.997862 0.000336 0.020291 0.896253 0.584520 0.122780 0.000000 0.056417
0.219441
0.145775 0.333333 0.024187 0.000121 0.997935 0.000295 0.048424 0.934739 0.684322 0.218330 0.000000 0.147407
0.219441
0.145050 0.333333 0.020608 0.000121 0.997951 0.000287 0.045232 0.929708 0.668195 0.198906 0.111111 0.142868
0.219441
0.171472 1.000000 0.997028 0.999094 0.001070 0.927556 0.996633 0.645933 0.134336 0.943941 0.333333 0.205035
0.329110
0.171409 1.000000 0.996411 0.999094 0.001277 0.928702 0.997245 0.646223 0.133024 0.936660 0.222222 0.202879
0.329110
0.141093 0.333333 0.001084 0.000115 0.997862 0.000295 0.020482 0.896050 0.582513 0.122057 0.111111 0.050270
0.219441
0.171493 1.000000 0.997235 0.999095 0.001257 0.926124 0.997350 0.646614 0.133240 0.942947 0.222222 0.212240
0.329110
0.144932 0.333333 0.020030 0.000121 0.997961 0.000352 0.045357 0.929535 0.665526 0.196781 0.000000 0.141204
0.219441
0.078045 1.000000 0.075102 0.000009 0.996208 0.000025 0.032486 0.865194 0.414751 0.000263 0.111111 0.012369
0.143223
0.091658 1.000000 0.209444 0.000033 0.996577 0.000156 0.002000 0.893582 0.639254 0.143650 0.111111 0.047207
0.143223
0.141914 0.333333 0.005135 0.000116 0.997875 0.000311 0.021498 0.898856 0.597344 0.130185 0.111111 0.056228
0.219441
0.091998 1.000000 0.212787 0.000033 0.996585 0.000106 0.000861 0.893516 0.645347 0.143884 0.000000 0.049646
0.143223
0.091666 1.000000 0.209515 0.000029 0.996547 0.000123 0.001536 0.893381 0.640115 0.143526 0.111111 0.046639
0.143223
0.164675 1.000000 0.929951 0.999083 0.000653 0.926697 0.397096 0.112818 0.000697 0.266824 0.333333 0.002629
0.329110
0.164672 1.000000 0.929922 0.999083 0.000602 0.926877 0.397141 0.112759 0.000221 0.266613 0.333333 0.000397
0.329110
0.325959 0.333333 0.913207 0.999353 0.005105 0.928956 0.301276 0.039058 0.002171 0.271220 0.333333 0.013561
0.496075
0.141245 0.333333 0.001835 0.000115 0.997866 0.000295 0.020373 0.896300 0.585199 0.122546 0.222222 0.055018
0.219441
0.141812 0.333333 0.004629 0.000116 0.997889 0.001220 0.021934 0.898801 0.594727 0.130039 0.111111 0.057571
0.219441
0.144931 0.333333 0.020024 0.000121 0.997935 0.000311 0.045497 0.929942 0.667125 0.197665 0.000000 0.141658
0.219441
0.141438 0.333333 0.002788 0.000118 0.997883 0.000327 0.019961 0.896525 0.587879 0.123452 0.111111 0.049741
0.219441
0.326754 0.333333 0.917130 0.999353 0.004941 0.926394 0.302912 0.040243 0.001985 0.272250 0.333333 0.016757
0.496075
0.171456 1.000000 0.996878 0.999096 0.001059 0.928416 0.997506 0.646553 0.132799 0.939786 0.222222 0.208439
0.329110
0.164685 1.000000 0.930053 0.999084 0.000560 0.928007 0.397123 0.112717 0.000749 0.266423 0.222222 0.002194
0.329110
0.164696 1.000000 0.930160 0.999082 0.000584 0.926108 0.397059 0.112841 0.000738 0.266605 0.222222 0.001570
0.329110
0.164688 1.000000 0.930077 0.999083 0.000638 0.926058 0.396915 0.112845 0.000559 0.268110 0.222222 0.000813
0.329110
0.091721 1.000000 0.210053 0.000033 0.996561 0.000164 0.001540 0.893544 0.640700 0.143248 0.111111 0.044805
0.143223
0.164834 1.000000 0.931521 0.999083 0.000587 0.929128 0.401430 0.115380 0.000740 0.267978 0.222222 0.007471
0.329110
0.078352 1.000000 0.078132 0.000010 0.996238 0.000016 0.031518 0.865211 0.419230 0.000380 0.111111 0.012501
0.143223
0.164658 1.000000 0.929784 0.999083 0.000534 0.927704 0.397661 0.113146 0.000288 0.265853 0.222222 0.001456
0.329110
0.171539 1.000000 0.997685 0.999094 0.001004 0.925788 0.998837 0.647130 0.133102 0.936273 0.333333 0.202633
0.329110
0.141656 0.333333 0.003867 0.000112 0.997836 0.000246 0.022289 0.898885 0.593395 0.129776 0.111111 0.055774
0.219441
0.141122 0.333333 0.001229 0.000115 0.997860 0.000303 0.020564 0.896315 0.583924 0.122729 0.111111 0.054223
0.219441
0.091620 1.000000 0.209067 0.000029 0.996537 0.000115 0.001339 0.893271 0.639992 0.143562 0.111111 0.045731
0.143223
0.332102 0.333333 0.943521 0.999363 0.005682 0.930045 0.854225 0.528007 0.112886 0.843162 0.333333 0.175606
0.496075
0.141105 0.333333 0.001146 0.000115 0.997856 0.000270 0.020378 0.895910 0.582552 0.122291 0.111111 0.053807
0.219441
0.144705 0.333333 0.018912 0.000121 0.997967 0.000319 0.046185 0.929983 0.665432 0.196898 0.111111 0.143227
0.219441
0.171469 1.000000 0.996999 0.999094 0.001084 0.926836 0.997701 0.646478 0.133602 0.938566 0.222222 0.208288
0.329110
0.326539 0.333333 0.916072 0.999296 0.004875 0.924732 0.302579 0.039955 0.002503 0.273754 0.222222 0.024114
0.496075
0.141650 0.333333 0.003834 0.000116 0.997889 0.000327 0.022100 0.898704 0.592930 0.128753 0.222222 0.057817
0.219441
0.171429 1.000000 0.996614 0.999096 0.001207 0.926369 0.995137 0.644559 0.134482 0.945518 0.222222 0.211711
0.329110
0.325915 0.333333 0.912994 0.999353 0.004926 0.928858 0.300902 0.038846 0.002804 0.271118 0.333333 0.013315
0.496075
0.325915 0.333333 0.912993 0.999353 0.005111 0.928858 0.301098 0.039006 0.002350 0.271797 0.333333 0.014241
0.496075
0.145659 0.333333 0.023614 0.000126 0.998040 0.000352 0.049038 0.934938 0.684117 0.217775 0.111111 0.148580
0.219441
0.141602 0.333333 0.003599 0.000115 0.997869 0.001162 0.019148 0.896125 0.589663 0.121232 0.111111 0.049382
0.219441
0.164653 1.000000 0.929738 0.999084 0.000682 0.926378 0.396313 0.111432 0.000967 0.264685 0.222222 0.006752
0.329110
0.077982 1.000000 0.074486 0.000010 0.996245 0.000131 0.032702 0.865202 0.413744 0.000540 0.000000 0.012993
0.143223
0.326771 0.333333 0.917216 0.999353 0.005021 0.928629 0.302859 0.040582 0.001981 0.273411 0.333333 0.013409
0.496075
0.145366 0.333333 0.022173 0.000121 0.997920 0.000295 0.049296 0.933985 0.677777 0.215460 0.000000 0.146197
0.219441
0.164666 1.000000 0.929860 0.999082 0.000632 0.926566 0.396821 0.112135 0.000524 0.266415 0.333333 0.006279
0.329110
0.091786 1.000000 0.210702 0.000033 0.996591 0.000065 0.001488 0.893612 0.642108 0.144285 0.000000 0.046469
0.143223
0.326941 0.333333 0.918054 0.999353 0.005015 0.928408 0.302856 0.041146 0.002099 0.270936 0.111111 0.016265
0.496075
0.141378 0.333333 0.002496 0.000115 0.997860 0.000311 0.019978 0.896372 0.587221 0.123131 0.111111 0.055112
0.219441
0.144619 0.333333 0.018484 0.000121 0.997946 0.000311 0.047134 0.929852 0.663202 0.199417 0.000000 0.148069
0.219441
0.325725 0.333333 0.912055 0.999141 0.004712 0.919682 0.298395 0.035455 0.002009 0.273448 0.333333 0.037693
0.496075
0.325964 0.333333 0.913237 0.999353 0.005028 0.928187 0.301174 0.039041 0.002040 0.273411 0.111111 0.012974
0.496075
0.145726 0.333333 0.023951 0.000121 0.997931 0.000278 0.048521 0.934608 0.682789 0.213445 0.000000 0.148334
0.219441
0.164738 1.000000 0.930575 0.999083 0.000605 0.925567 0.397281 0.113167 0.000616 0.269344 0.333333 0.001210
0.329110
0.171397 1.000000 0.996291 0.999058 0.000946 0.923758 0.996053 0.645260 0.133882 0.942838 0.222222 0.210652
0.329110
0.171366 1.000000 0.995985 0.998742 0.000172 0.906527 0.997404 0.645244 0.132657 0.942057 0.222222 0.206964
0.329110
0.332169 0.333333 0.943853 0.999131 0.004869 0.912069 0.858578 0.530855 0.113406 0.846448 0.222222 0.192174
0.496075
0.091855 1.000000 0.211381 0.000033 0.996582 0.000049 0.001344 0.893693 0.643144 0.144373 0.222222 0.046204
0.143223
0.078010 1.000000 0.074761 0.000011 0.996265 0.000147 0.032549 0.865214 0.414484 0.000351 0.111111 0.012728
0.143223
0.145107 0.333333 0.020897 0.000121 0.997946 0.000287 0.044810 0.929789 0.669653 0.197606 0.111111 0.140939
0.219441
0.164653 1.000000 0.929739 0.999084 0.000601 0.926435 0.397370 0.113035 0.000280 0.265868 0.333333 0.000965
0.329110
0.140997 0.333333 0.000616 0.000115 0.997836 0.000401 0.020905 0.895959 0.581058 0.122050 0.000000 0.051708
0.219441
0.171476 1.000000 0.997067 0.999096 0.001176 0.927286 0.994940 0.643992 0.134249 0.943349 0.444444 0.208552
0.329110
0.332180 0.333333 0.943906 0.999363 0.005801 0.927982 0.854772 0.528671 0.114607 0.847755 0.333333 0.175757
0.496075
0.144682 0.333333 0.018799 0.000119 0.997892 0.000278 0.046566 0.929767 0.663899 0.196723 0.000000 0.139993
0.219441
0.326016 0.333333 0.913490 0.999353 0.005089 0.927311 0.301306 0.039053 0.002387 0.273228 0.222222 0.014449
0.496075
0.325950 0.333333 0.913166 0.999353 0.005059 0.926779 0.301004 0.038887 0.002614 0.272352 0.222222 0.014033
0.496075
0.325819 0.333333 0.912517 0.999351 0.005069 0.929832 0.299690 0.037794 0.002068 0.273681 0.222222 0.012766
0.496075
0.331966 0.333333 0.942849 0.999168 0.004849 0.913886 0.858549 0.530582 0.111091 0.839146 0.222222 0.190642
0.496075
0.171464 1.000000 0.996958 0.999097 0.001256 0.925518 0.996192 0.645443 0.133635 0.942816 0.333333 0.208666
0.329110
0.141144 0.333333 0.001331 0.000115 0.997890 0.000311 0.020821 0.896412 0.583690 0.123379 0.111111 0.054526
0.219441
0.141675 0.333333 0.003956 0.000115 0.997869 0.000327 0.020563 0.897493 0.592358 0.126994 0.111111 0.053845
0.219441
0.171360 1.000000 0.995926 0.999097 0.001265 0.926623 0.996686 0.645486 0.133091 0.939654 0.222222 0.208817
0.329110
0.171430 1.000000 0.996610 0.998975 0.000644 0.918159 0.997440 0.645932 0.133412 0.939420 0.222222 0.209876
0.329110
0.326863 0.333333 0.917670 0.999354 0.005016 0.927090 0.302695 0.041107 0.002258 0.272381 0.111111 0.012369
0.496075
0.144560 0.333333 0.018192 0.000121 0.997969 0.000287 0.047245 0.930285 0.661427 0.194459 0.000000 0.132485
0.219441
0.145364 0.333333 0.022158 0.000121 0.997982 0.000311 0.049421 0.934347 0.678197 0.212941 0.111111 0.148107
0.219441
0.145859 0.333333 0.024603 0.000124 0.998014 0.001211 0.048730 0.935360 0.685628 0.219214 0.111111 0.147331
0.219441
0.171379 1.000000 0.996109 0.999094 0.000942 0.926402 0.996162 0.644726 0.133775 0.937624 0.222222 0.206359
0.329110
0.164712 1.000000 0.930322 0.999083 0.000620 0.926189 0.397103 0.112668 0.000902 0.266664 0.222222 0.003707
0.329110
0.171346 1.000000 0.995783 0.999094 0.000936 0.926762 0.994300 0.643850 0.134367 0.947300 0.222222 0.203559
0.329110
0.164640 1.000000 0.929606 0.999083 0.000623 0.927450 0.396315 0.111345 0.000712 0.265035 0.222222 0.003631
0.329110
0.078068 1.000000 0.075331 0.000010 0.996232 0.000025 0.032376 0.865184 0.415161 0.000424 0.111111 0.012539
0.143223
0.145549 0.333333 0.023075 0.000124 0.998020 0.000360 0.049054 0.934637 0.681468 0.216490 0.111111 0.152060
0.219441
0.145050 0.333333 0.020605 0.000121 0.997940 0.000254 0.045675 0.929897 0.669878 0.197197 0.111111 0.143341
0.219441
0.078313 1.000000 0.077748 0.000012 0.996260 0.000041 0.031671 0.865166 0.418682 0.000526 0.000000 0.012218
0.143223
0.325752 0.333333 0.912191 0.999092 0.004499 0.913305 0.297823 0.035342 0.002656 0.274835 0.222222 0.034308
0.496075
0.331969 0.333333 0.942868 0.999079 0.004733 0.908254 0.858546 0.530731 0.112358 0.840869 0.222222 0.182925
0.496075
0.164732 1.000000 0.930512 0.999084 0.000655 0.926279 0.396196 0.112252 0.001516 0.267131 0.333333 0.004180
0.329110
0.141185 0.333333 0.001534 0.000115 0.997875 0.000368 0.020760 0.896559 0.585007 0.123678 0.111111 0.053599
0.219441
0.326780 0.333333 0.917261 0.999354 0.005009 0.929243 0.302684 0.040397 0.002315 0.272973 0.222222 0.013977
0.496075
0.164737 1.000000 0.930562 0.999083 0.000644 0.927687 0.398096 0.113552 0.000380 0.267993 0.222222 0.007376
0.329110
0.171494 1.000000 0.997252 0.999095 0.001078 0.928383 0.996034 0.644958 0.133331 0.937369 0.333333 0.201025
0.329110
0.171387 1.000000 0.996194 0.998891 0.000415 0.912781 0.996424 0.644908 0.134371 0.942254 0.222222 0.208666
0.329110
0.091722 1.000000 0.210066 0.000033 0.996586 0.000082 0.001703 0.893716 0.641405 0.144022 0.111111 0.044994
0.143223
0.164705 1.000000 0.930253 0.999084 0.000557 0.926623 0.398172 0.113531 0.000124 0.266941 0.222222 0.004993
0.329110
0.077925 1.000000 0.073921 0.000012 0.996214 0.000065 0.032794 0.865205 0.413290 0.000365 0.000000 0.012918
0.143223
0.164721 1.000000 0.930402 0.999083 0.000554 0.926091 0.396986 0.112825 0.000710 0.267095 0.222222 0.002742
0.329110
0.332044 0.333333 0.943238 0.999097 0.004423 0.908942 0.857906 0.530407 0.113415 0.848296 0.222222 0.198131
0.496075
0.331981 0.333333 0.942926 0.999055 0.004629 0.907076 0.859241 0.530658 0.111676 0.838934 0.222222 0.192968
0.496075
0.091927 1.000000 0.212088 0.000033 0.996559 0.000164 0.000495 0.893419 0.644508 0.143825 0.222222 0.046545
0.143223
0.171470 1.000000 0.997009 0.999096 0.001050 0.926353 0.994005 0.644237 0.136055 0.949213 0.222222 0.205999
0.329110
0.332024 0.333333 0.943140 0.999027 0.004272 0.905701 0.858822 0.530723 0.112838 0.844696 0.222222 0.188580
0.496075
0.141440 0.333333 0.002798 0.000115 0.997871 0.000287 0.019960 0.896345 0.587658 0.122298 0.111111 0.054885
0.219441
0.164735 1.000000 0.930538 0.999082 0.000549 0.927966 0.396850 0.112705 0.001147 0.268124 0.222222 0.003650
0.329110
0.091748 1.000000 0.210328 0.000033 0.996598 0.000057 0.001563 0.893583 0.641667 0.144745 0.222222 0.046790
0.143223
0.144691 0.333333 0.018843 0.000121 0.997978 0.000360 0.046943 0.929994 0.662628 0.195503 0.000000 0.135927
0.219441
0.144306 0.333333 0.016938 0.000118 0.997887 0.000254 0.048264 0.929938 0.656703 0.195496 0.000000 0.134281
0.219441
0.144871 0.333333 0.019725 0.000121 0.997975 0.000295 0.045635 0.929334 0.666113 0.196584 0.000000 0.145383
0.219441
0.171396 1.000000 0.996278 0.999096 0.001225 0.924708 0.994384 0.643825 0.134048 0.940910 0.222222 0.196883
0.329110
0.171537 1.000000 0.997669 0.999096 0.001141 0.926075 0.994576 0.644284 0.134607 0.946467 0.222222 0.200685
0.329110
0.171543 1.000000 0.997726 0.998981 0.000887 0.921343 1.000000 0.646831 0.131355 0.938639 0.222222 0.219427
0.329110
