1803 12 1
0.203275 1.000000 0.837207 0.000000 0.000000 0.100633 0.802645 0.165932 0.945909 0.630435 0.708153 0.363636
0.267922
0.210660 1.000000 0.905681 0.000008 0.000002 0.117523 0.814514 0.186921 0.989751 0.021739 0.732152 0.000000
0.267922
0.210785 1.000000 0.906842 0.000008 0.000002 0.117523 0.815137 0.188273 0.990029 0.000000 0.730384 0.000000
0.267922
0.210950 1.000000 0.908374 0.000008 0.000002 0.117523 0.814870 0.188373 0.991759 0.000000 0.731200 0.000000
0.267922
0.210990 1.000000 0.908746 0.000008 0.000002 0.117523 0.814893 0.188616 0.991975 0.021739 0.733645 0.000000
0.267922
0.211127 1.000000 0.910012 0.000008 0.000002 0.117523 0.815078 0.188152 0.992547 0.000000 0.733449 0.000000
0.267922
0.210748 1.000000 0.906498 0.000008 0.000002 0.117523 0.815032 0.188376 0.991012 0.000000 0.731755 0.000000
0.267922
0.210468 1.000000 0.903907 0.000008 0.000002 0.117523 0.815022 0.188238 0.988525 0.000000 0.730351 0.060606
0.267922
0.210895 1.000000 0.907865 0.000008 0.000002 0.117523 0.815047 0.188595 0.991563 0.000000 0.733656 0.090909
0.267922
0.210606 1.000000 0.905180 0.000008 0.000002 0.117523 0.814794 0.188033 0.989190 0.000000 0.731400 0.030303
0.267922
0.210923 1.000000 0.908121 0.000008 0.000002 0.117523 0.815159 0.188660 0.991223 0.000000 0.730166 0.090909
0.267922
0.210659 1.000000 0.905676 0.000008 0.000002 0.117523 0.814732 0.187130 0.990798 0.000000 0.733271 0.060606
0.267922
0.210496 1.000000 0.904159 0.000008 0.000002 0.117523 0.814696 0.187886 0.989292 0.000000 0.733104 0.060606
0.267922
0.210343 1.000000 0.902742 0.000007 0.000002 0.116115 0.813375 0.184903 0.988927 0.000000 0.732030 0.030303
0.267922
0.210990 1.000000 0.908738 0.000008 0.000002 0.117523 0.815119 0.188597 0.991814 0.043478 0.730510 0.000000
0.267922
0.210680 1.000000 0.905877 0.000008 0.000002 0.117523 0.815172 0.188424 0.990257 0.000000 0.732159 0.000000
0.267922
0.211015 1.000000 0.908978 0.000008 0.000002 0.117523 0.815090 0.188574 0.991623 0.000000 0.730692 0.060606
0.267922
0.210999 1.000000 0.908825 0.000008 0.000002 0.117523 0.815301 0.188562 0.991842 0.000000 0.730925 0.000000
0.267922
0.211242 1.000000 0.911084 0.000008 0.000002 0.117523 0.815847 0.190158 0.993393 0.000000 0.733115 0.030303
0.267922
0.210992 1.000000 0.908765 0.000008 0.000002 0.117523 0.814895 0.188637 0.991818 0.000000 0.730733 0.030303
0.267922
0.210792 1.000000 0.906908 0.000008 0.000002 0.117523 0.815154 0.188553 0.991612 0.000000 0.731414 0.060606
0.267922
0.210443 1.000000 0.903674 0.000007 0.000002 0.116115 0.814458 0.188011 0.989757 0.000000 0.732185 0.060606
0.267922
0.210582 1.000000 0.904960 0.000007 0.000002 0.116115 0.815212 0.188083 0.990373 0.000000 0.732456 0.000000
0.267922
0.210762 1.000000 0.906629 0.000007 0.000002 0.116115 0.814856 0.187588 0.991127 0.021739 0.732252 0.060606
0.267922
0.210595 1.000000 0.905084 0.000007 0.000002 0.116115 0.814877 0.188245 0.990438 0.000000 0.732048 0.060606
0.267922
0.210581 1.000000 0.904947 0.000007 0.000002 0.116115 0.815087 0.188462 0.990013 0.000000 0.731804 0.060606
0.267922
0.210920 1.000000 0.908099 0.000008 0.000002 0.117523 0.815156 0.188673 0.992523 0.000000 0.733497 0.060606
0.267922
0.211245 1.000000 0.911109 0.000008 0.000002 0.117523 0.815441 0.189438 0.993553 0.021739 0.733345 0.030303
0.267922
0.210842 1.000000 0.907364 0.000007 0.000002 0.116115 0.815170 0.188461 0.991121 0.000000 0.730699 0.000000
0.267922
0.210580 1.000000 0.904940 0.000007 0.000002 0.116115 0.814371 0.186620 0.989998 0.000000 0.730573 0.000000
0.267922
0.210393 1.000000 0.903209 0.000007 0.000002 0.116115 0.814088 0.186308 0.989643 0.000000 0.733312 0.000000
0.267922
0.210537 1.000000 0.904541 0.000008 0.000002 0.117523 0.814319 0.187277 0.989528 0.000000 0.732334 0.060606
0.267922
0.210678 1.000000 0.905846 0.000008 0.000002 0.117523 0.815097 0.188585 0.990551 0.000000 0.733115 0.000000
0.267922
0.210709 1.000000 0.906144 0.000008 0.000002 0.117523 0.814989 0.188635 0.990552 0.000000 0.731529 0.090909
0.267922
0.210507 1.000000 0.904271 0.000008 0.000002 0.117523 0.814712 0.187491 0.989894 0.000000 0.730996 0.060606
0.267922
0.210712 1.000000 0.906168 0.000008 0.000002 0.117523 0.815138 0.188657 0.990722 0.000000 0.732474 0.060606
0.267922
0.210853 1.000000 0.907471 0.000008 0.000002 0.117523 0.814982 0.188567 0.991590 0.000000 0.730151 0.060606
0.267922
0.210957 1.000000 0.908436 0.000008 0.000002 0.117523 0.815173 0.188119 0.991944 0.000000 0.731196 0.060606
0.267922
0.210779 1.000000 0.906787 0.000008 0.000002 0.117523 0.815172 0.188612 0.990303 0.000000 0.730318 0.000000
0.267922
0.210898 1.000000 0.907893 0.000008 0.000002 0.117523 0.815010 0.187906 0.991801 0.000000 0.731492 0.030303
0.267922
0.210822 1.000000 0.907184 0.000008 0.000002 0.117523 0.815264 0.187749 0.991310 0.000000 0.732519 0.060606
0.267922
0.210491 1.000000 0.904111 0.000008 0.000002 0.117523 0.814529 0.186867 0.989751 0.000000 0.730870 0.030303
0.267922
0.210407 1.000000 0.903340 0.000007 0.000002 0.116115 0.814006 0.186087 0.988907 0.000000 0.731192 0.000000
0.267922
0.210600 1.000000 0.905127 0.000008 0.000002 0.117523 0.815068 0.188671 0.989359 0.000000 0.730962 0.030303
0.267922
0.210319 1.000000 0.902520 0.000007 0.000002 0.116115 0.814497 0.186929 0.988181 0.000000 0.730025 0.090909
0.267922
0.210464 1.000000 0.903868 0.000009 0.000005 0.116115 0.814815 0.188364 0.989031 0.000000 0.729058 0.090909
0.267922
0.210684 1.000000 0.905909 0.000008 0.000002 0.117523 0.814904 0.187685 0.990616 0.000000 0.731659 0.030303
0.267922
0.210476 1.000000 0.903979 0.000008 0.000003 0.116115 0.814244 0.186789 0.990027 0.000000 0.733408 0.060606
0.267922
0.210651 1.000000 0.905602 0.000007 0.000002 0.116115 0.814864 0.188168 0.990311 0.000000 0.731974 0.060606
0.267922
0.210496 1.000000 0.904165 0.000008 0.000004 0.116115 0.814803 0.187421 0.989987 0.000000 0.732363 0.030303
0.267922
0.210765 1.000000 0.906665 0.000008 0.000002 0.117523 0.815185 0.188161 0.990753 0.000000 0.732893 0.030303
0.267922
0.210565 1.000000 0.904811 0.000007 0.000002 0.116115 0.814375 0.186733 0.989935 0.000000 0.730755 0.060606
0.267922
0.210976 1.000000 0.908617 0.000008 0.000002 0.117523 0.815359 0.187719 0.991263 0.000000 0.729717 0.060606
0.267922
0.210869 1.000000 0.907623 0.000009 0.000004 0.117523 0.814705 0.188396 0.991117 0.000000 0.730710 0.030303
0.267922
0.210726 1.000000 0.906296 0.000007 0.000002 0.116115 0.814952 0.188625 0.990868 0.021739 0.731429 0.000000
0.267922
0.210778 1.000000 0.906782 0.000007 0.000002 0.116115 0.815048 0.188392 0.990650 0.000000 0.730003 0.030303
0.267922
0.210633 1.000000 0.905429 0.000007 0.000002 0.116115 0.814771 0.187634 0.990139 0.000000 0.731948 0.060606
0.267922
0.210208 1.000000 0.901488 0.000008 0.000003 0.116115 0.814521 0.187240 0.988031 0.000000 0.729891 0.030303
0.267922
0.210564 1.000000 0.904798 0.000007 0.000002 0.116115 0.814740 0.188033 0.989312 0.000000 0.732823 0.030303
0.267922
0.210873 1.000000 0.907663 0.000007 0.000002 0.116115 0.814972 0.188562 0.991881 0.000000 0.734672 0.000000
0.267922
0.210652 1.000000 0.905609 0.000008 0.000002 0.117523 0.814694 0.187920 0.990168 0.000000 0.732626 0.030303
0.267922
0.210673 1.000000 0.905797 0.000008 0.000002 0.117523 0.814911 0.188584 0.990256 0.000000 0.734034 0.030303
0.267922
0.211057 1.000000 0.909367 0.000008 0.000002 0.117523 0.815107 0.188616 0.992456 0.000000 0.732278 0.151515
0.267922
0.210455 1.000000 0.903783 0.000008 0.000002 0.117523 0.814481 0.187218 0.989720 0.021739 0.731922 0.030303
0.267922
0.210793 1.000000 0.906914 0.000008 0.000002 0.117523 0.815165 0.188556 0.991176 0.000000 0.730495 0.060606
0.267922
0.210685 1.000000 0.905914 0.000010 0.000007 0.117523 0.815076 0.188150 0.990644 0.000000 0.732711 0.030303
0.267922
0.210300 1.000000 0.902351 0.000008 0.000002 0.117523 0.814080 0.185916 0.988244 0.000000 0.730710 0.060606
0.267922
0.210770 1.000000 0.906702 0.000008 0.000002 0.117523 0.815247 0.187920 0.990766 0.000000 0.730584 0.090909
0.267922
0.210738 1.000000 0.906402 0.000008 0.000002 0.117523 0.815097 0.188390 0.990992 0.000000 0.732671 0.060606
0.267922
0.210618 1.000000 0.905289 0.000008 0.000002 0.117523 0.815019 0.188393 0.990049 0.000000 0.731826 0.000000
0.267922
0.210631 1.000000 0.905416 0.000008 0.000002 0.117523 0.814896 0.188003 0.990457 0.000000 0.733241 0.090909
0.267922
0.210770 1.000000 0.906704 0.000008 0.000002 0.117523 0.815035 0.188589 0.990595 0.000000 0.731785 0.060606
0.267922
0.210683 1.000000 0.905890 0.000008 0.000002 0.117523 0.815007 0.188287 0.989911 0.000000 0.730862 0.060606
0.267922
0.210796 1.000000 0.906941 0.000008 0.000002 0.117523 0.815142 0.188260 0.991478 0.000000 0.733553 0.060606
0.267922
0.211473 1.000000 0.913225 0.000008 0.000002 0.117523 0.815876 0.189888 0.995446 0.000000 0.734509 0.060606
0.267922
0.210949 1.000000 0.908360 0.000008 0.000002 0.117523 0.814860 0.188391 0.991254 0.021739 0.728995 0.030303
0.267922
0.211034 1.000000 0.909151 0.000008 0.000002 0.117523 0.814902 0.188512 0.991778 0.000000 0.729617 0.000000
0.267922
0.210772 1.000000 0.906718 0.000008 0.000002 0.117523 0.814970 0.188617 0.991040 0.000000 0.732912 0.060606
0.267922
0.210845 1.000000 0.907400 0.000008 0.000002 0.117523 0.815344 0.188521 0.991387 0.000000 0.732752 0.030303
0.267922
0.210456 1.000000 0.903792 0.000007 0.000002 0.116115 0.814455 0.187284 0.989461 0.000000 0.731915 0.030303
0.267922
0.210589 1.000000 0.905026 0.000007 0.000002 0.116115 0.815048 0.188605 0.990231 0.000000 0.732789 0.090909
0.267922
0.210555 1.000000 0.904711 0.000007 0.000002 0.116115 0.815252 0.188588 0.988781 0.000000 0.730088 0.000000
0.267922
0.210622 1.000000 0.905333 0.000007 0.000002 0.116115 0.815201 0.188508 0.989627 0.043478 0.731726 0.060606
0.267922
0.210962 1.000000 0.908487 0.000010 0.000006 0.117523 0.815222 0.188638 0.991801 0.000000 0.732693 0.060606
0.267922
0.210965 1.000000 0.908510 0.000008 0.000002 0.117523 0.814917 0.188409 0.992223 0.000000 0.733067 0.000000
0.267922
0.211153 1.000000 0.910256 0.000008 0.000002 0.117523 0.815027 0.188665 0.992878 0.000000 0.733149 0.000000
0.267922
0.210630 1.000000 0.905412 0.000007 0.000002 0.116115 0.814490 0.187230 0.990618 0.000000 0.732930 0.000000
0.267922
0.210879 1.000000 0.907715 0.000007 0.000002 0.116115 0.814923 0.187868 0.990863 0.021739 0.729888 0.000000
0.267922
0.211177 1.000000 0.910478 0.000008 0.000002 0.117523 0.815123 0.189574 0.993959 0.021739 0.734868 0.000000
0.267922
0.210973 1.000000 0.908584 0.000009 0.000007 0.116115 0.815154 0.188631 0.992090 0.000000 0.732408 0.090909
0.267922
0.210407 1.000000 0.903343 0.000007 0.000002 0.116115 0.814332 0.187314 0.988885 0.000000 0.732104 0.000000
0.267922
0.210948 1.000000 0.908357 0.000008 0.000002 0.117523 0.815202 0.188549 0.991646 0.000000 0.731107 0.060606
0.267922
0.210641 1.000000 0.905509 0.000008 0.000002 0.117523 0.814738 0.188159 0.990252 0.000000 0.731288 0.000000
0.267922
0.211150 1.000000 0.910231 0.000008 0.000002 0.117523 0.815077 0.187718 0.992314 0.000000 0.731578 0.060606
0.267922
0.210601 1.000000 0.905142 0.000008 0.000002 0.117523 0.814929 0.188495 0.989690 0.000000 0.730747 0.000000
0.267922
0.211018 1.000000 0.909006 0.000008 0.000002 0.117523 0.815097 0.188641 0.992099 0.000000 0.733089 0.060606
0.267922
0.210921 1.000000 0.908104 0.000008 0.000002 0.117523 0.814981 0.188564 0.991008 0.000000 0.731137 0.030303
0.267922
0.211039 1.000000 0.909197 0.000008 0.000002 0.117523 0.814941 0.187926 0.991749 0.000000 0.729380 0.060606
0.267922
0.210813 1.000000 0.907107 0.000008 0.000002 0.117523 0.814965 0.187820 0.991426 0.000000 0.733104 0.060606
0.267922
0.210761 1.000000 0.906623 0.000008 0.000002 0.117523 0.815260 0.188572 0.990538 0.000000 0.730444 0.060606
0.267922
0.210606 1.000000 0.905182 0.000008 0.000002 0.117523 0.815350 0.188539 0.989614 0.000000 0.730132 0.060606
0.267922
0.210549 1.000000 0.904658 0.000008 0.000002 0.117523 0.814391 0.187353 0.989888 0.000000 0.731214 0.030303
0.267922
0.210935 1.000000 0.908232 0.000008 0.000002 0.117523 0.815052 0.187942 0.992030 0.000000 0.733379 0.060606
0.267922
0.211018 1.000000 0.909005 0.000008 0.000002 0.117523 0.815035 0.187697 0.991761 0.000000 0.730021 0.000000
0.267922
0.211028 1.000000 0.909093 0.000008 0.000002 0.117523 0.814955 0.188437 0.991866 0.000000 0.731752 0.030303
0.267922
0.210994 1.000000 0.908782 0.000009 0.000004 0.117523 0.814943 0.188111 0.992610 0.000000 0.734472 0.030303
0.267922
0.210911 1.000000 0.908018 0.000008 0.000002 0.117523 0.814997 0.188601 0.991818 0.000000 0.732419 0.000000
0.267922
0.210778 1.000000 0.906782 0.000009 0.000005 0.117523 0.814739 0.188447 0.990369 0.000000 0.731474 0.030303
0.267922
0.210527 1.000000 0.904447 0.000007 0.000002 0.116115 0.814762 0.188190 0.989959 0.000000 0.731718 0.121212
0.267922
0.210548 1.000000 0.904643 0.000007 0.000003 0.116115 0.814484 0.187028 0.989312 0.000000 0.729891 0.060606
0.267922
0.210720 1.000000 0.906246 0.000007 0.000002 0.116115 0.815151 0.188002 0.989945 0.000000 0.730844 0.060606
0.267922
0.210536 1.000000 0.904531 0.000007 0.000002 0.116115 0.814554 0.187366 0.989506 0.000000 0.730399 0.000000
0.267922
0.210786 1.000000 0.906856 0.000007 0.000002 0.116115 0.815068 0.188566 0.990272 0.000000 0.730099 0.030303
0.267922
0.210753 1.000000 0.906541 0.000007 0.000002 0.116115 0.814514 0.187377 0.991611 0.000000 0.735117 0.030303
0.267922
0.210690 1.000000 0.905965 0.000007 0.000002 0.116115 0.815219 0.187887 0.990029 0.000000 0.731622 0.000000
0.267922
0.210711 1.000000 0.906156 0.000008 0.000004 0.116115 0.815146 0.187959 0.990183 0.021739 0.732686 0.060606
0.267922
0.210822 1.000000 0.907182 0.000007 0.000002 0.116115 0.815040 0.188299 0.991269 0.000000 0.731396 0.090909
0.267922
0.210690 1.000000 0.905962 0.000009 0.000005 0.116115 0.815076 0.188287 0.990289 0.021739 0.731381 0.000000
0.267922
0.210471 1.000000 0.903934 0.000007 0.000002 0.116115 0.814487 0.187406 0.989838 0.021739 0.732167 0.000000
0.267922
0.210795 1.000000 0.906939 0.000007 0.000002 0.116115 0.815131 0.188288 0.991061 0.000000 0.732026 0.030303
0.267922
0.210828 1.000000 0.907244 0.000008 0.000002 0.117523 0.814887 0.187656 0.991117 0.000000 0.732941 0.030303
0.267922
0.210915 1.000000 0.908047 0.000008 0.000002 0.117523 0.814972 0.187812 0.991408 0.000000 0.733230 0.000000
0.267922
0.210924 1.000000 0.908127 0.000008 0.000002 0.117523 0.815247 0.188507 0.991208 0.000000 0.730343 0.000000
0.267922
0.210727 1.000000 0.906302 0.000008 0.000002 0.117523 0.814905 0.188558 0.990809 0.043478 0.732882 0.000000
0.267922
0.210682 1.000000 0.905890 0.000008 0.000002 0.117523 0.815107 0.187883 0.990085 0.000000 0.729617 0.060606
0.267922
0.210909 1.000000 0.907991 0.000008 0.000002 0.117523 0.815382 0.188401 0.991227 0.021739 0.732930 0.060606
0.267922
0.210877 1.000000 0.907696 0.000008 0.000002 0.117523 0.815105 0.188135 0.991932 0.021739 0.732812 0.030303
0.267922
0.211019 1.000000 0.909017 0.000008 0.000002 0.117523 0.815126 0.188155 0.992432 0.000000 0.733575 0.000000
0.267922
0.210906 1.000000 0.907969 0.000008 0.000002 0.117523 0.815258 0.188570 0.991101 0.000000 0.730366 0.000000
0.267922
0.210841 1.000000 0.907359 0.000008 0.000001 0.117523 0.815024 0.188544 0.991088 0.000000 0.731474 0.030303
0.267922
0.210764 1.000000 0.906646 0.000008 0.000001 0.117523 0.814924 0.188118 0.990601 0.000000 0.731074 0.000000
0.267922
0.210668 1.000000 0.905762 0.000008 0.000003 0.117523 0.815150 0.188683 0.990636 0.000000 0.732415 0.060606
0.267922
0.210411 1.000000 0.903371 0.000007 0.000001 0.116115 0.814286 0.186805 0.988947 0.000000 0.731151 0.090909
0.267922
0.211144 1.000000 0.910177 0.000008 0.000001 0.117523 0.815197 0.188570 0.992644 0.021739 0.730243 0.060606
0.267922
0.210699 1.000000 0.906052 0.000008 0.000001 0.117523 0.815045 0.188600 0.990977 0.000000 0.733742 0.030303
0.267922
0.210584 1.000000 0.904980 0.000007 0.000001 0.116115 0.814357 0.186809 0.989589 0.000000 0.730154 0.060606
0.267922
0.210465 1.000000 0.903881 0.000007 0.000001 0.116115 0.814496 0.187462 0.989636 0.000000 0.733434 0.000000
0.267922
0.210889 1.000000 0.907806 0.000008 0.000001 0.117523 0.815257 0.188273 0.991210 0.000000 0.732345 0.030303
0.267922
0.210576 1.000000 0.904902 0.000007 0.000001 0.116115 0.814798 0.187371 0.990012 0.000000 0.732122 0.000000
0.267922
0.210622 1.000000 0.905337 0.000007 0.000001 0.116115 0.814948 0.187629 0.989454 0.000000 0.730570 0.030303
0.267922
0.211003 1.000000 0.908866 0.000008 0.000001 0.117523 0.815266 0.188333 0.992005 0.000000 0.731537 0.090909
0.267922
0.210965 1.000000 0.908511 0.000008 0.000001 0.117523 0.815441 0.188697 0.991226 0.000000 0.732782 0.030303
0.267922
0.210732 1.000000 0.906352 0.000007 0.000001 0.116115 0.815057 0.188534 0.989701 0.000000 0.729347 0.000000
0.267922
0.210820 1.000000 0.907166 0.000007 0.000001 0.116115 0.815206 0.188612 0.990697 0.000000 0.728383 0.030303
0.267922
0.210839 1.000000 0.907343 0.000007 0.000001 0.116115 0.815136 0.188362 0.991241 0.000000 0.731540 0.060606
0.267922
0.210820 1.000000 0.907161 0.000007 0.000001 0.116115 0.815029 0.188537 0.991459 0.000000 0.730447 0.060606
0.267922
0.211316 1.000000 0.911764 0.000008 0.000001 0.117523 0.815357 0.189737 0.993357 0.021739 0.732726 0.000000
0.267922
0.210769 1.000000 0.906695 0.000007 0.000001 0.116115 0.815147 0.188369 0.990633 0.000000 0.733223 0.030303
0.267922
0.211217 1.000000 0.910851 0.000008 0.000001 0.117523 0.815257 0.189286 0.993457 0.000000 0.732786 0.030303
0.267922
0.210384 1.000000 0.903126 0.000007 0.000001 0.116115 0.814111 0.186482 0.989433 0.000000 0.733386 0.090909
0.267922
0.268083 0.333333 0.195253 0.000063 0.000016 0.230120 0.733830 0.038428 0.949386 0.000000 0.647830 0.000000
0.346197
0.267705 0.333333 0.193508 0.000063 0.000016 0.231527 0.734024 0.038430 0.947704 0.000000 0.647511 0.000000
0.346197
0.267486 0.333333 0.192490 0.000063 0.000016 0.231527 0.733835 0.037634 0.946610 0.000000 0.649198 0.000000
0.346197
0.267748 0.333333 0.193704 0.000063 0.000016 0.231527 0.733985 0.038498 0.948232 0.000000 0.649479 0.030303
0.346197
0.267831 0.333333 0.194091 0.000063 0.000016 0.231527 0.733940 0.038032 0.948550 0.021739 0.649916 0.000000
0.346197
0.267809 0.333333 0.193986 0.000063 0.000016 0.231527 0.733967 0.038500 0.948067 0.021739 0.648197 0.030303
0.346197
0.267765 0.333333 0.193784 0.000063 0.000016 0.230120 0.733984 0.037811 0.947380 0.000000 0.648382 0.000000
0.346197
0.267497 0.333333 0.192539 0.000063 0.000016 0.230120 0.733784 0.038416 0.947178 0.000000 0.651032 0.000000
0.346197
0.267713 0.333333 0.193546 0.000063 0.000016 0.231527 0.734107 0.038479 0.948018 0.000000 0.650268 0.030303
0.346197
0.267846 0.333333 0.194160 0.000063 0.000016 0.231527 0.734163 0.038448 0.948519 0.000000 0.649312 0.030303
0.346197
0.267807 0.333333 0.193976 0.000063 0.000016 0.231527 0.733854 0.038550 0.948774 0.000000 0.649991 0.090909
0.346197
0.267695 0.333333 0.193461 0.000063 0.000016 0.231527 0.734044 0.038473 0.948303 0.000000 0.650183 0.030303
0.346197
0.267815 0.333333 0.194015 0.000063 0.000016 0.231527 0.734139 0.038578 0.948021 0.000000 0.649353 0.030303
0.346197
0.267592 0.333333 0.192982 0.000063 0.000016 0.230120 0.733932 0.038177 0.947206 0.000000 0.649283 0.000000
0.346197
0.267604 0.333333 0.193035 0.000063 0.000016 0.230120 0.734172 0.037966 0.947156 0.000000 0.648356 0.030303
0.346197
0.267549 0.333333 0.192780 0.000063 0.000016 0.230120 0.734065 0.038526 0.947032 0.000000 0.650224 0.030303
0.346197
0.267810 0.333333 0.193994 0.000063 0.000016 0.231527 0.734129 0.038603 0.948663 0.043478 0.649261 0.000000
0.346197
0.267797 0.333333 0.193933 0.000063 0.000016 0.231527 0.734139 0.038410 0.947998 0.000000 0.647530 0.030303
0.346197
0.267589 0.333333 0.192968 0.000063 0.000016 0.231527 0.733902 0.038491 0.947491 0.000000 0.650910 0.000000
0.346197
0.267919 0.333333 0.194496 0.000063 0.000016 0.231527 0.734094 0.038541 0.948145 0.000000 0.646611 0.000000
0.346197
0.268234 0.333333 0.195961 0.000063 0.000016 0.231527 0.733872 0.038449 0.950076 0.000000 0.648467 0.000000
0.346197
0.267759 0.333333 0.193759 0.000063 0.000016 0.230120 0.733929 0.038502 0.948201 0.021739 0.649060 0.030303
0.346197
0.267515 0.333333 0.192625 0.000063 0.000016 0.230120 0.733861 0.037741 0.946708 0.000000 0.649409 0.060606
0.346197
0.267482 0.333333 0.192472 0.000063 0.000016 0.231527 0.733454 0.037958 0.947178 0.000000 0.650750 0.060606
0.346197
0.268184 0.333333 0.195726 0.000063 0.000016 0.231527 0.734152 0.038192 0.949177 0.000000 0.648004 0.030303
0.346197
0.267797 0.333333 0.193931 0.000063 0.000016 0.231527 0.733976 0.037834 0.947773 0.000000 0.648842 0.121212
0.346197
0.267721 0.333333 0.193580 0.000063 0.000016 0.231527 0.734070 0.038047 0.947325 0.000000 0.649342 0.030303
0.346197
0.267869 0.333333 0.194266 0.000063 0.000016 0.231527 0.733983 0.038483 0.947719 0.000000 0.647826 0.030303
0.346197
0.267857 0.333333 0.194212 0.000063 0.000016 0.231527 0.734169 0.038363 0.948082 0.000000 0.648238 0.000000
0.346197
0.267881 0.333333 0.194323 0.000063 0.000016 0.230120 0.734173 0.038444 0.947303 0.021739 0.648193 0.000000
0.346197
0.268041 0.333333 0.195060 0.000065 0.000021 0.230120 0.733978 0.038214 0.948644 0.000000 0.648653 0.000000
0.346197
0.267907 0.333333 0.194440 0.000063 0.000016 0.231527 0.734098 0.038571 0.948338 0.000000 0.648612 0.000000
0.346197
0.267931 0.333333 0.194554 0.000063 0.000016 0.231527 0.734261 0.038607 0.948161 0.000000 0.648012 0.030303
0.346197
0.267681 0.333333 0.193393 0.000063 0.000016 0.231527 0.734065 0.038502 0.947006 0.000000 0.648178 0.000000
0.346197
0.267832 0.333333 0.194095 0.000063 0.000016 0.231527 0.734240 0.038537 0.947694 0.021739 0.647941 0.000000
0.346197
0.268072 0.333333 0.195207 0.000063 0.000016 0.231527 0.734069 0.038525 0.949112 0.000000 0.649157 0.000000
0.346197
0.267923 0.333333 0.194521 0.000063 0.000016 0.231527 0.733886 0.038469 0.948231 0.000000 0.648775 0.030303
0.346197
0.267688 0.333333 0.193428 0.000063 0.000016 0.230120 0.733864 0.038342 0.947128 0.000000 0.649438 0.000000
0.346197
0.267754 0.333333 0.193732 0.000063 0.000016 0.231527 0.734030 0.038034 0.947426 0.000000 0.648549 0.000000
0.346197
0.267937 0.333333 0.194581 0.000063 0.000016 0.231527 0.734028 0.038346 0.948345 0.000000 0.648304 0.000000
0.346197
0.267744 0.333333 0.193684 0.000063 0.000016 0.231527 0.733923 0.038483 0.947421 0.000000 0.650087 0.030303
0.346197
0.267643 0.333333 0.193218 0.000063 0.000016 0.231527 0.734293 0.038498 0.947282 0.021739 0.650895 0.030303
0.346197
0.267877 0.333333 0.194299 0.000063 0.000016 0.231527 0.734136 0.038552 0.947811 0.000000 0.648060 0.030303
0.346197
0.267748 0.333333 0.193703 0.000063 0.000016 0.230120 0.733988 0.038471 0.947263 0.000000 0.650209 0.030303
0.346197
0.267947 0.333333 0.194629 0.000063 0.000016 0.230120 0.734224 0.038481 0.948133 0.000000 0.647300 0.060606
0.346197
0.267983 0.333333 0.194797 0.000063 0.000016 0.230120 0.734073 0.038544 0.948091 0.000000 0.647808 0.030303
0.346197
0.267614 0.333333 0.193085 0.000063 0.000016 0.231527 0.734071 0.038565 0.946617 0.000000 0.649305 0.030303
0.346197
0.267816 0.333333 0.194019 0.000063 0.000016 0.231527 0.734183 0.037815 0.947971 0.000000 0.649416 0.000000
0.346197
0.267861 0.333333 0.194227 0.000063 0.000016 0.231527 0.734078 0.038528 0.947925 0.000000 0.648831 0.030303
0.346197
0.267984 0.333333 0.194801 0.000063 0.000016 0.231527 0.734111 0.038511 0.948193 0.000000 0.648927 0.000000
0.346197
0.267888 0.333333 0.194352 0.000063 0.000016 0.231527 0.734144 0.038530 0.947716 0.000000 0.649068 0.060606
0.346197
0.268132 0.333333 0.195484 0.000063 0.000016 0.231527 0.734180 0.038075 0.948721 0.000000 0.647333 0.000000
0.346197
0.267956 0.333333 0.194667 0.000063 0.000016 0.230120 0.734048 0.038027 0.947810 0.000000 0.648453 0.030303
0.346197
0.268013 0.333333 0.194934 0.000063 0.000016 0.231527 0.733978 0.038097 0.948880 0.000000 0.647952 0.000000
0.346197
0.267935 0.333333 0.194572 0.000063 0.000016 0.231527 0.734059 0.038209 0.947530 0.000000 0.647574 0.030303
0.346197
0.267803 0.333333 0.193958 0.000063 0.000016 0.231527 0.734127 0.038380 0.947861 0.000000 0.648345 0.000000
0.346197
0.267755 0.333333 0.193741 0.000063 0.000016 0.231527 0.734143 0.038538 0.947528 0.000000 0.649135 0.000000
0.346197
0.268067 0.333333 0.195182 0.000063 0.000016 0.231527 0.734084 0.038440 0.948668 0.000000 0.647445 0.030303
0.346197
0.267920 0.333333 0.194505 0.000063 0.000016 0.231527 0.734191 0.038499 0.948211 0.021739 0.648931 0.060606
0.346197
0.267969 0.333333 0.194729 0.000063 0.000016 0.230120 0.734169 0.038468 0.948637 0.000000 0.649987 0.030303
0.346197
0.267654 0.333333 0.193272 0.000064 0.000020 0.230120 0.733880 0.037867 0.946709 0.000000 0.649064 0.000000
0.346197
0.267789 0.333333 0.193896 0.000063 0.000016 0.231527 0.734020 0.038492 0.947240 0.000000 0.646811 0.030303
0.346197
0.268084 0.333333 0.195265 0.000063 0.000016 0.231527 0.733935 0.038211 0.948589 0.000000 0.648397 0.030303
0.346197
0.267773 0.333333 0.193822 0.000063 0.000016 0.231527 0.734065 0.038506 0.947289 0.000000 0.651202 0.000000
0.346197
0.267718 0.333333 0.193567 0.000063 0.000016 0.231527 0.733980 0.038603 0.947218 0.000000 0.651906 0.060606
0.346197
0.267915 0.333333 0.194479 0.000063 0.000016 0.231527 0.734196 0.038514 0.947827 0.000000 0.648086 0.030303
0.346197
0.267871 0.333333 0.194273 0.000063 0.000016 0.230120 0.733893 0.038019 0.948180 0.000000 0.649713 0.000000
0.346197
0.267769 0.333333 0.193805 0.000063 0.000016 0.230120 0.734091 0.038476 0.947394 0.000000 0.649009 0.030303
0.346197
0.267920 0.333333 0.194501 0.000063 0.000016 0.231527 0.734146 0.038508 0.947637 0.000000 0.649005 0.030303
0.346197
0.268219 0.333333 0.195889 0.000063 0.000016 0.231527 0.733891 0.037828 0.949483 0.021739 0.648612 0.000000
0.346197
0.267785 0.333333 0.193876 0.000063 0.000016 0.231527 0.734027 0.037786 0.947408 0.021739 0.651110 0.090909
0.346197
0.267948 0.333333 0.194634 0.000063 0.000016 0.231527 0.734134 0.038575 0.947759 0.000000 0.647182 0.030303
0.346197
0.267888 0.333333 0.194354 0.000063 0.000016 0.231527 0.734235 0.038502 0.947641 0.000000 0.649186 0.000000
0.346197
0.267710 0.333333 0.193531 0.000063 0.000016 0.230120 0.734136 0.038070 0.947117 0.000000 0.649012 0.060606
0.346197
0.267866 0.333333 0.194251 0.000063 0.000016 0.230120 0.733929 0.038546 0.947206 0.043478 0.648946 0.000000
0.346197
0.267968 0.333333 0.194724 0.000063 0.000016 0.231527 0.734183 0.038462 0.948321 0.000000 0.649086 0.030303
0.346197
0.267977 0.333333 0.194765 0.000063 0.000016 0.231527 0.734031 0.038535 0.948211 0.000000 0.648204 0.000000
0.346197
0.267839 0.333333 0.194127 0.000063 0.000016 0.231527 0.734134 0.038500 0.947280 0.043478 0.648175 0.090909
0.346197
0.267829 0.333333 0.194079 0.000063 0.000016 0.231527 0.734152 0.038337 0.947782 0.000000 0.650254 0.030303
0.346197
0.268101 0.333333 0.195342 0.000063 0.000016 0.231527 0.734136 0.038511 0.947790 0.021739 0.646148 0.030303
0.346197
0.267911 0.333333 0.194463 0.000063 0.000016 0.231527 0.734040 0.038516 0.948255 0.000000 0.650243 0.030303
0.346197
0.267931 0.333333 0.194562 0.000063 0.000016 0.231527 0.733996 0.038439 0.947962 0.000000 0.649034 0.030303
0.346197
0.268002 0.333333 0.194881 0.000063 0.000016 0.230120 0.734062 0.038473 0.948155 0.000000 0.646841 0.000000
0.346197
0.267919 0.333333 0.194499 0.000063 0.000016 0.231527 0.734096 0.038495 0.948034 0.000000 0.651017 0.060606
0.346197
0.268298 0.333333 0.196252 0.000063 0.000016 0.231527 0.733959 0.037875 0.949473 0.000000 0.648823 0.000000
0.346197
0.268060 0.333333 0.195153 0.000063 0.000016 0.231527 0.733912 0.037885 0.948927 0.000000 0.650187 0.000000
0.346197
0.267893 0.333333 0.194376 0.000063 0.000016 0.231527 0.734169 0.038473 0.947368 0.000000 0.647363 0.060606
0.346197
0.268308 0.333333 0.196299 0.000063 0.000016 0.231527 0.734128 0.038603 0.949464 0.000000 0.648349 0.000000
0.346197
0.267864 0.333333 0.194244 0.000063 0.000016 0.230120 0.734002 0.038530 0.947753 0.000000 0.649168 0.030303
0.346197
0.267955 0.333333 0.194663 0.000063 0.000016 0.230120 0.733960 0.037920 0.948459 0.021739 0.651365 0.121212
0.346197
0.267955 0.333333 0.194664 0.000063 0.000016 0.231527 0.733977 0.038439 0.948138 0.000000 0.648890 0.030303
0.346197
0.268076 0.333333 0.195224 0.000063 0.000016 0.231527 0.734020 0.038216 0.948177 0.000000 0.649831 0.030303
0.346197
0.268076 0.333333 0.195225 0.000063 0.000016 0.231527 0.734199 0.037738 0.948190 0.021739 0.649235 0.000000
0.346197
0.268082 0.333333 0.195254 0.000063 0.000016 0.231527 0.734245 0.038573 0.948686 0.021739 0.649961 0.030303
0.346197
0.268081 0.333333 0.195249 0.000063 0.000016 0.231527 0.734212 0.037989 0.948129 0.021739 0.648123 0.030303
0.346197
0.268036 0.333333 0.195038 0.000063 0.000016 0.231527 0.734084 0.038479 0.947972 0.000000 0.648138 0.000000
0.346197
0.268044 0.333333 0.195077 0.000063 0.000016 0.231527 0.734204 0.038526 0.947631 0.021739 0.647834 0.030303
0.346197
0.267854 0.333333 0.194198 0.000063 0.000016 0.230120 0.734051 0.037689 0.947167 0.000000 0.648256 0.060606
0.346197
0.268053 0.333333 0.195120 0.000063 0.000016 0.231527 0.734031 0.038566 0.948298 0.000000 0.648764 0.030303
0.346197
0.267993 0.333333 0.194842 0.000063 0.000016 0.231527 0.734020 0.038516 0.948074 0.000000 0.648215 0.000000
0.346197
0.268238 0.333333 0.195979 0.000063 0.000016 0.231527 0.734046 0.038509 0.949081 0.000000 0.648979 0.030303
0.346197
0.268009 0.333333 0.194914 0.000063 0.000016 0.231527 0.734135 0.038520 0.948193 0.000000 0.651806 0.060606
0.346197
0.267811 0.333333 0.193996 0.000063 0.000016 0.231527 0.733923 0.038481 0.946696 0.000000 0.647689 0.000000
0.346197
0.267987 0.333333 0.194814 0.000063 0.000016 0.231527 0.734085 0.038508 0.947965 0.000000 0.648582 0.060606
0.346197
0.267954 0.333333 0.194660 0.000063 0.000016 0.230120 0.734218 0.038410 0.946907 0.000000 0.647152 0.030303
0.346197
0.268060 0.333333 0.195150 0.000063 0.000016 0.231527 0.734112 0.038520 0.948452 0.000000 0.647952 0.000000
0.346197
0.268088 0.333333 0.195280 0.000063 0.000016 0.231527 0.734082 0.038228 0.948474 0.043478 0.648430 0.060606
0.346197
0.267946 0.333333 0.194623 0.000063 0.000016 0.231527 0.733998 0.038439 0.947100 0.043478 0.648104 0.030303
0.346197
0.267977 0.333333 0.194767 0.000063 0.000016 0.231527 0.734017 0.038315 0.947599 0.000000 0.649861 0.060606
0.346197
0.267882 0.333333 0.194328 0.000063 0.000016 0.231527 0.733941 0.038504 0.946968 0.021739 0.648434 0.030303
0.346197
0.268251 0.333333 0.196037 0.000063 0.000016 0.231527 0.734157 0.038570 0.948942 0.000000 0.647904 0.030303
0.346197
0.267846 0.333333 0.194158 0.000063 0.000016 0.230120 0.734070 0.038557 0.946941 0.021739 0.647148 0.030303
0.346197
0.268110 0.333333 0.195384 0.000063 0.000016 0.231527 0.734188 0.038505 0.948869 0.000000 0.649705 0.030303
0.346197
0.267824 0.333333 0.194060 0.000063 0.000016 0.231527 0.734255 0.038517 0.947057 0.000000 0.649116 0.060606
0.346197
0.267833 0.333333 0.194097 0.000063 0.000016 0.231527 0.733933 0.038537 0.947057 0.000000 0.649120 0.030303
0.346197
0.268146 0.333333 0.195548 0.000063 0.000016 0.231527 0.734078 0.038529 0.948384 0.000000 0.648556 0.000000
0.346197
0.267755 0.333333 0.193738 0.000063 0.000016 0.231527 0.734090 0.038553 0.946857 0.000000 0.651132 0.030303
0.346197
0.267870 0.333333 0.194269 0.000063 0.000016 0.231527 0.734166 0.038493 0.947066 0.021739 0.649983 0.000000
0.346197
0.268136 0.333333 0.195501 0.000063 0.000016 0.231527 0.734165 0.038425 0.948497 0.000000 0.649583 0.000000
0.346197
0.268176 0.333333 0.195688 0.000063 0.000016 0.231527 0.734076 0.038469 0.948671 0.000000 0.649987 0.000000
0.346197
0.268190 0.333333 0.195757 0.000064 0.000016 0.232935 0.734197 0.038202 0.948702 0.000000 0.647871 0.060606
0.346197
0.268054 0.333333 0.195123 0.000063 0.000016 0.231527 0.734220 0.038164 0.948133 0.000000 0.648564 0.060606
0.346197
0.268026 0.333333 0.194991 0.000063 0.000016 0.231527 0.734237 0.038592 0.948255 0.021739 0.649887 0.000000
0.346197
0.267864 0.333333 0.194244 0.000063 0.000016 0.231527 0.734012 0.038506 0.946863 0.000000 0.646804 0.000000
0.346197
0.268089 0.333333 0.195286 0.000063 0.000016 0.231527 0.734263 0.038475 0.948318 0.000000 0.648749 0.000000
0.346197
0.268089 0.333333 0.195283 0.000063 0.000016 0.231527 0.734082 0.038509 0.948083 0.000000 0.648530 0.000000
0.346197
0.268186 0.333333 0.195735 0.000063 0.000016 0.231527 0.734037 0.038504 0.948640 0.000000 0.648023 0.000000
0.346197
0.268012 0.333333 0.194926 0.000063 0.000016 0.230120 0.733944 0.037844 0.947840 0.000000 0.650220 0.030303
0.346197
0.268034 0.333333 0.195030 0.000063 0.000016 0.231527 0.734090 0.038505 0.948224 0.000000 0.648742 0.000000
0.346197
0.268143 0.333333 0.195539 0.000063 0.000016 0.231527 0.734048 0.038477 0.948579 0.000000 0.648649 0.030303
0.346197
0.267873 0.333333 0.194284 0.000063 0.000016 0.231527 0.733999 0.038542 0.947299 0.000000 0.649898 0.000000
0.346197
0.267861 0.333333 0.194231 0.000063 0.000016 0.231527 0.734133 0.038493 0.947101 0.000000 0.650832 0.000000
0.346197
0.268213 0.333333 0.195861 0.000063 0.000016 0.231527 0.734018 0.038554 0.948554 0.021739 0.648075 0.060606
0.346197
0.267844 0.333333 0.194146 0.000063 0.000016 0.230120 0.733849 0.038589 0.946797 0.021739 0.649353 0.000000
0.346197
0.268063 0.333333 0.195165 0.000063 0.000016 0.231527 0.734139 0.038549 0.948016 0.000000 0.649490 0.000000
0.346197
0.268152 0.333333 0.195579 0.000063 0.000016 0.231527 0.733958 0.038425 0.948647 0.021739 0.649679 0.030303
0.346197
0.268166 0.333333 0.195645 0.000063 0.000016 0.231527 0.734214 0.038613 0.948648 0.021739 0.649064 0.030303
0.346197
0.268056 0.333333 0.195131 0.000063 0.000016 0.231527 0.734207 0.038493 0.947831 0.000000 0.648845 0.030303
0.346197
0.268001 0.333333 0.194879 0.000063 0.000016 0.231527 0.734088 0.038464 0.948024 0.000000 0.648964 0.060606
0.346197
0.267993 0.333333 0.194841 0.000063 0.000016 0.231527 0.733992 0.038455 0.948121 0.000000 0.649538 0.060606
0.346197
0.268030 0.333333 0.195015 0.000063 0.000016 0.231527 0.734059 0.038481 0.948331 0.000000 0.649479 0.030303
0.346197
0.268014 0.333333 0.194940 0.000063 0.000016 0.231527 0.734143 0.038531 0.947885 0.021739 0.648030 0.090909
0.346197
0.268165 0.333333 0.195635 0.000063 0.000016 0.231527 0.734064 0.038396 0.948329 0.000000 0.648616 0.030303
0.346197
0.268004 0.333333 0.194890 0.000063 0.000016 0.231527 0.734103 0.038553 0.947919 0.000000 0.650580 0.030303
0.346197
0.268128 0.333333 0.195470 0.000063 0.000016 0.231527 0.734154 0.038291 0.948427 0.021739 0.649705 0.000000
0.346197
0.268011 0.333333 0.194924 0.000063 0.000016 0.231527 0.733978 0.038521 0.947931 0.000000 0.649479 0.000000
0.346197
0.267904 0.333333 0.194425 0.000063 0.000016 0.231527 0.734177 0.038490 0.947142 0.000000 0.647812 0.000000
0.346197
0.267863 0.333333 0.194238 0.000063 0.000016 0.231527 0.734004 0.038540 0.947150 0.000000 0.649550 0.000000
0.346197
0.268036 0.333333 0.195039 0.000063 0.000016 0.231527 0.734120 0.038522 0.947902 0.000000 0.648115 0.000000
0.346197
0.267895 0.333333 0.194385 0.000063 0.000016 0.230120 0.733919 0.038537 0.947421 0.021739 0.648771 0.000000
0.346197
0.268035 0.333333 0.195037 0.000063 0.000016 0.231527 0.734048 0.038544 0.947529 0.000000 0.647956 0.030303
0.346197
0.166618 1.000000 0.497313 0.581027 0.219355 0.251232 0.190289 0.992662 0.066414 0.543478 0.257665 0.848485
0.325789
0.166619 1.000000 0.497322 0.581027 0.219355 0.252639 0.193081 0.998675 0.068197 0.065217 0.261967 0.090909
0.325789
0.166583 1.000000 0.496988 0.580913 0.219355 0.252639 0.192727 0.998255 0.068358 0.021739 0.262893 0.060606
0.325789
0.166407 1.000000 0.495355 0.580677 0.219355 0.252639 0.191458 0.997302 0.068580 0.000000 0.265588 0.121212
0.325789
0.166430 1.000000 0.495568 0.580677 0.219355 0.252639 0.191919 0.997495 0.068196 0.043478 0.263831 0.030303
0.325789
0.166519 1.000000 0.496394 0.580811 0.219355 0.252639 0.192492 0.998488 0.068729 0.000000 0.266462 0.060606
0.325789
0.166639 1.000000 0.497509 0.580984 0.219355 0.252639 0.192465 0.998054 0.068043 0.000000 0.262237 0.090909
0.325789
0.166700 1.000000 0.498071 0.581027 0.219355 0.251232 0.192779 0.997814 0.068100 0.021739 0.261937 0.090909
0.325789
0.166481 1.000000 0.496046 0.580677 0.219355 0.252639 0.191698 0.997123 0.068753 0.021739 0.266799 0.090909
0.325789
0.166647 1.000000 0.497579 0.581027 0.219355 0.251232 0.193077 0.998412 0.067928 0.021739 0.261000 0.121212
0.325789
0.166451 1.000000 0.495769 0.580725 0.219355 0.252639 0.192048 0.997501 0.068159 0.021739 0.262523 0.030303
0.325789
0.166663 1.000000 0.497736 0.581027 0.219355 0.251232 0.193015 0.998690 0.068182 0.000000 0.262249 0.030303
0.325789
0.166586 1.000000 0.497019 0.581027 0.219355 0.251232 0.192544 0.997388 0.067921 0.000000 0.261507 0.090909
0.325789
0.166740 1.000000 0.498447 0.581027 0.219355 0.252639 0.193334 1.000000 0.068094 0.043478 0.265454 0.030303
0.325789
0.166405 1.000000 0.495336 0.580676 0.219355 0.251232 0.191549 0.997311 0.068598 0.021739 0.265995 0.060606
0.325789
0.166663 1.000000 0.497731 0.581027 0.219355 0.251232 0.193052 0.998300 0.068085 0.000000 0.262508 0.060606
0.325789
0.166400 1.000000 0.495290 0.580676 0.219355 0.251232 0.191848 0.997545 0.067865 0.000000 0.262834 0.060606
0.325789
0.166424 1.000000 0.495516 0.580676 0.219355 0.251232 0.191552 0.997537 0.068477 0.021739 0.266306 0.090909
0.325789
0.166633 1.000000 0.497451 0.580974 0.219355 0.252639 0.192889 0.998666 0.067471 0.000000 0.259076 0.060606
0.325789
0.166451 1.000000 0.495769 0.580676 0.219355 0.251232 0.192054 0.997835 0.068078 0.000000 0.262630 0.030303
0.325789
0.166567 1.000000 0.496838 0.580874 0.219355 0.251232 0.192036 0.997936 0.068326 0.021739 0.263105 0.060606
0.325789
0.166594 1.000000 0.497088 0.581027 0.219355 0.252639 0.192519 0.997255 0.067842 0.021739 0.262156 0.030303
0.325789
0.166657 1.000000 0.497671 0.581027 0.219355 0.252639 0.192900 0.997999 0.067926 0.000000 0.261934 0.060606
0.325789
0.166632 1.000000 0.497440 0.580956 0.219355 0.252639 0.192779 0.998254 0.068106 0.021739 0.262438 0.030303
0.325789
0.166684 1.000000 0.497923 0.581027 0.219355 0.252639 0.193039 0.998176 0.067932 0.021739 0.261204 0.000000
0.325789
0.166642 1.000000 0.497535 0.581027 0.219355 0.252639 0.192769 0.997949 0.067901 0.000000 0.260996 0.060606
0.325789
0.166444 1.000000 0.495703 0.580676 0.219355 0.251232 0.191524 0.997281 0.068636 0.000000 0.266796 0.060606
0.325789
0.166683 1.000000 0.497911 0.580985 0.219355 0.251232 0.192782 0.998935 0.067927 0.021739 0.261937 0.030303
0.325789
0.166534 1.000000 0.496534 0.580787 0.219355 0.252639 0.191637 0.997496 0.068366 0.000000 0.264702 0.060606
0.325789
0.166637 1.000000 0.497490 0.581027 0.219355 0.252639 0.193167 0.998928 0.068094 0.021739 0.261270 0.030303
0.325789
0.166903 1.000000 0.499961 0.581027 0.219355 0.252639 0.192902 0.998182 0.067817 0.021739 0.261407 0.030303
0.325789
0.166605 1.000000 0.497186 0.581027 0.219355 0.252639 0.192948 0.998526 0.068115 0.000000 0.261333 0.090909
0.325789
0.166700 1.000000 0.498074 0.581027 0.219355 0.252639 0.192739 0.998438 0.068458 0.000000 0.262838 0.060606
0.325789
0.166672 1.000000 0.497817 0.580978 0.219355 0.252639 0.193027 0.998525 0.068806 0.021739 0.265006 0.030303
0.325789
0.166603 1.000000 0.497172 0.581027 0.219355 0.251232 0.192680 0.997659 0.067963 0.021739 0.261444 0.030303
0.325789
0.166655 1.000000 0.497656 0.580962 0.219355 0.252639 0.192599 0.998127 0.068913 0.021739 0.264972 0.030303
0.325789
0.166511 1.000000 0.496319 0.580833 0.219355 0.252639 0.192481 0.997925 0.068484 0.000000 0.264806 0.090909
0.325789
0.166427 1.000000 0.495542 0.580677 0.219355 0.252639 0.191695 0.997398 0.068274 0.021739 0.264487 0.060606
0.325789
0.166591 1.000000 0.497055 0.580902 0.219355 0.252639 0.192342 0.998029 0.068490 0.000000 0.264824 0.030303
0.325789
0.166485 1.000000 0.496082 0.580677 0.219355 0.252639 0.191945 0.997522 0.068798 0.021739 0.266651 0.090909
0.325789
0.166542 1.000000 0.496610 0.580828 0.219355 0.251232 0.191783 0.997697 0.068236 0.000000 0.263668 0.121212
0.325789
0.166634 1.000000 0.497459 0.581027 0.219355 0.251232 0.192975 0.998488 0.068290 0.000000 0.262964 0.090909
0.325789
0.166728 1.000000 0.498331 0.581027 0.219355 0.252639 0.192774 0.997951 0.068055 0.000000 0.262200 0.060606
0.325789
0.166618 1.000000 0.497312 0.581027 0.219355 0.251232 0.192522 0.997662 0.068268 0.021739 0.263031 0.060606
0.325789
0.166901 1.000000 0.499937 0.581027 0.219355 0.252639 0.192633 0.997965 0.068069 0.000000 0.262627 0.121212
0.325789
0.166625 1.000000 0.497380 0.581027 0.219355 0.252639 0.192410 0.997097 0.068286 0.000000 0.263364 0.030303
0.325789
0.166702 1.000000 0.498091 0.581027 0.219355 0.251232 0.193097 0.998759 0.068386 0.000000 0.262434 0.090909
0.325789
0.166618 1.000000 0.497311 0.581027 0.219355 0.252639 0.192808 0.998334 0.067839 0.000000 0.261218 0.090909
0.325789
0.166719 1.000000 0.498253 0.581027 0.219355 0.251232 0.193073 0.998237 0.068672 0.000000 0.263446 0.121212
0.325789
0.166571 1.000000 0.496872 0.581027 0.219355 0.252639 0.192735 0.997739 0.067876 0.021739 0.260859 0.060606
0.325789
0.166598 1.000000 0.497125 0.580921 0.219355 0.251232 0.192181 0.997979 0.068295 0.000000 0.263431 0.090909
0.325789
0.166565 1.000000 0.496826 0.581027 0.219355 0.252639 0.192981 0.998652 0.067513 0.000000 0.258817 0.090909
0.325789
0.166468 1.000000 0.495923 0.580676 0.219355 0.251232 0.192198 0.997401 0.069051 0.021739 0.268208 0.030303
0.325789
0.166518 1.000000 0.496383 0.580791 0.219355 0.251232 0.191993 0.997733 0.068980 0.021739 0.267181 0.030303
0.325789
0.166723 1.000000 0.498285 0.580979 0.219355 0.252639 0.192924 0.998691 0.069084 0.021739 0.265754 0.090909
0.325789
0.166581 1.000000 0.496967 0.580912 0.219355 0.252639 0.192582 0.998057 0.068765 0.000000 0.265458 0.030303
0.325789
0.166620 1.000000 0.497334 0.581027 0.219355 0.252639 0.193029 0.998175 0.067773 0.021739 0.259936 0.090909
0.325789
0.166441 1.000000 0.495675 0.580748 0.219355 0.251232 0.191016 0.995188 0.067470 0.000000 0.260381 0.060606
0.325789
0.166673 1.000000 0.497820 0.581027 0.219355 0.252639 0.193057 0.998347 0.067840 0.000000 0.260114 0.090909
0.325789
0.166514 1.000000 0.496345 0.580724 0.219355 0.252639 0.191674 0.997403 0.069114 0.000000 0.267796 0.121212
0.325789
0.166695 1.000000 0.498026 0.581027 0.219355 0.252639 0.193251 0.998707 0.068190 0.021739 0.261715 0.060606
0.325789
0.166686 1.000000 0.497949 0.581027 0.219355 0.252639 0.193091 0.998340 0.068228 0.043478 0.261922 0.060606
0.325789
0.166433 1.000000 0.495596 0.580703 0.219355 0.252639 0.191921 0.997904 0.068101 0.021739 0.263920 0.090909
0.325789
0.166678 1.000000 0.497867 0.581027 0.219355 0.251232 0.192408 0.997219 0.067946 0.000000 0.261830 0.090909
0.325789
0.166594 1.000000 0.497092 0.580895 0.219355 0.252639 0.192702 0.998162 0.068768 0.021739 0.264572 0.060606
0.325789
0.166684 1.000000 0.497925 0.581027 0.219355 0.252639 0.192653 0.998260 0.068523 0.000000 0.263864 0.151515
0.325789
0.166517 1.000000 0.496375 0.581027 0.219355 0.251232 0.192258 0.996866 0.067573 0.021739 0.260640 0.030303
0.325789
0.166621 1.000000 0.497347 0.580895 0.219355 0.252639 0.192454 0.998049 0.068843 0.021739 0.265532 0.121212
0.325789
0.166637 1.000000 0.497484 0.580964 0.219355 0.252639 0.192948 0.998230 0.067956 0.043478 0.261578 0.060606
0.325789
0.166665 1.000000 0.497751 0.581027 0.219355 0.251232 0.192949 0.998038 0.068252 0.000000 0.262141 0.090909
0.325789
0.166643 1.000000 0.497542 0.581027 0.219355 0.251232 0.193210 0.998419 0.067905 0.021739 0.260877 0.030303
0.325789
0.166609 1.000000 0.497227 0.580917 0.219355 0.251232 0.192458 0.998174 0.068411 0.000000 0.263768 0.090909
0.325789
0.166711 1.000000 0.498172 0.581026 0.219355 0.251232 0.193126 0.998865 0.068850 0.021739 0.265543 0.060606
0.325789
0.166527 1.000000 0.496469 0.580913 0.219355 0.251232 0.192265 0.997721 0.067627 0.021739 0.261100 0.030303
0.325789
0.166700 1.000000 0.498076 0.581027 0.219355 0.252639 0.193703 0.999331 0.067633 0.043478 0.262023 0.060606
0.325789
0.166386 1.000000 0.495163 0.580676 0.219355 0.251232 0.191643 0.997262 0.068343 0.000000 0.264639 0.090909
0.325789
0.166457 1.000000 0.495824 0.580732 0.219355 0.251232 0.191944 0.997813 0.068041 0.043478 0.262512 0.090909
0.325789
0.166659 1.000000 0.497697 0.580908 0.219355 0.251232 0.192524 0.998272 0.069175 0.000000 0.266684 0.030303
0.325789
0.166485 1.000000 0.496084 0.580779 0.219355 0.251232 0.191377 0.997455 0.067801 0.043478 0.262371 0.030303
0.325789
0.166706 1.000000 0.498127 0.581027 0.219355 0.252639 0.192536 0.997455 0.068442 0.021739 0.263523 0.060606
0.325789
0.166580 1.000000 0.496959 0.581027 0.219355 0.252639 0.192353 0.997725 0.067554 0.000000 0.260629 0.090909
0.325789
0.166610 1.000000 0.497238 0.581027 0.219355 0.252639 0.192355 0.997583 0.067895 0.000000 0.262048 0.060606
0.325789
0.166704 1.000000 0.498115 0.581027 0.219355 0.252639 0.192591 0.998208 0.068514 0.021739 0.263987 0.121212
0.325789
0.166432 1.000000 0.495584 0.580676 0.219355 0.251232 0.192154 0.997366 0.068303 0.000000 0.265358 0.060606
0.325789
0.166410 1.000000 0.495382 0.580676 0.219355 0.251232 0.192179 0.997230 0.068417 0.000000 0.265791 0.121212
0.325789
0.166581 1.000000 0.496972 0.580849 0.219355 0.251232 0.192112 0.998860 0.068479 0.000000 0.265943 0.090909
0.325789
0.166650 1.000000 0.497611 0.581027 0.219355 0.252639 0.193090 0.998869 0.068181 0.021739 0.261381 0.030303
0.325789
0.166466 1.000000 0.495905 0.580760 0.219355 0.252639 0.191765 0.997488 0.068753 0.000000 0.265324 0.090909
0.325789
0.166626 1.000000 0.497383 0.580929 0.219355 0.251232 0.192628 0.998758 0.067982 0.021739 0.261000 0.060606
0.325789
0.166435 1.000000 0.495619 0.580677 0.219355 0.252639 0.191594 0.997398 0.068545 0.000000 0.265269 0.060606
0.325789
0.166723 1.000000 0.498294 0.581027 0.219355 0.252639 0.192598 0.997585 0.067766 0.021739 0.261011 0.060606
0.325789
0.166391 1.000000 0.495202 0.580677 0.219355 0.252639 0.191655 0.997337 0.068016 0.000000 0.263027 0.060606
0.325789
0.166678 1.000000 0.497865 0.581027 0.219355 0.252639 0.193105 0.998389 0.068102 0.021739 0.261404 0.030303
0.325789
0.166569 1.000000 0.496866 0.580832 0.219355 0.251232 0.192125 0.998985 0.067909 0.021739 0.263175 0.060606
0.325789
0.166708 1.000000 0.498144 0.581027 0.219355 0.252639 0.193007 0.998230 0.068241 0.043478 0.262330 0.060606
0.325789
0.166468 1.000000 0.495924 0.580677 0.219355 0.252639 0.192063 0.997555 0.068256 0.000000 0.264691 0.090909
0.325789
0.166441 1.000000 0.495670 0.580705 0.219355 0.252639 0.191948 0.997375 0.068288 0.021739 0.263538 0.060606
0.325789
0.166449 1.000000 0.495753 0.580697 0.219355 0.252639 0.192112 0.997838 0.067685 0.021739 0.262074 0.030303
0.325789
0.166544 1.000000 0.496626 0.580897 0.219355 0.252639 0.192133 0.997887 0.067824 0.000000 0.261745 0.060606
0.325789
0.166629 1.000000 0.497413 0.580948 0.219355 0.252639 0.192519 0.998333 0.068442 0.021739 0.263379 0.060606
0.325789
0.166658 1.000000 0.497682 0.581027 0.219355 0.251232 0.192450 0.997840 0.068125 0.021739 0.262371 0.060606
0.325789
0.166583 1.000000 0.496993 0.581027 0.219355 0.251232 0.192918 0.998084 0.067835 0.000000 0.261015 0.060606
0.325789
0.166418 1.000000 0.495461 0.580676 0.219355 0.251232 0.192189 0.997321 0.068356 0.021739 0.265636 0.000000
0.325789
0.166480 1.000000 0.496036 0.580676 0.219355 0.251232 0.191593 0.997636 0.068492 0.021739 0.265158 0.060606
0.325789
0.166455 1.000000 0.495802 0.580677 0.219355 0.251232 0.191895 0.997823 0.068463 0.000000 0.264987 0.060606
0.325789
0.166497 1.000000 0.496197 0.580676 0.219355 0.251232 0.192201 0.997657 0.068697 0.000000 0.266321 0.060606
0.325789
0.166495 1.000000 0.496177 0.580676 0.219355 0.251232 0.191484 0.997480 0.068631 0.021739 0.266573 0.030303
0.325789
0.166587 1.000000 0.497026 0.580915 0.219355 0.251232 0.192098 0.997908 0.067968 0.000000 0.262278 0.090909
0.325789
0.166612 1.000000 0.497257 0.581027 0.219355 0.252639 0.192843 0.997824 0.067558 0.021739 0.260333 0.030303
0.325789
0.166625 1.000000 0.497371 0.581027 0.219355 0.252639 0.192933 0.998343 0.068351 0.000000 0.262386 0.121212
0.325789
0.166696 1.000000 0.498038 0.581027 0.219355 0.252639 0.192844 0.998554 0.068293 0.043478 0.262738 0.060606
0.325789
0.166649 1.000000 0.497597 0.581027 0.219355 0.252639 0.192957 0.998157 0.068221 0.000000 0.261048 0.090909
0.325789
0.166606 1.000000 0.497203 0.580867 0.219355 0.252639 0.192510 0.997918 0.068964 0.000000 0.266503 0.030303
0.325789
0.166614 1.000000 0.497280 0.580998 0.219355 0.252639 0.193122 0.998598 0.067861 0.021739 0.260926 0.090909
0.325789
0.166709 1.000000 0.498154 0.581027 0.219355 0.252639 0.193068 0.998321 0.068420 0.000000 0.263182 0.121212
0.325789
0.166736 1.000000 0.498401 0.581027 0.219355 0.252639 0.193339 0.998774 0.068514 0.000000 0.263294 0.090909
0.325789
0.166552 1.000000 0.496704 0.580853 0.219355 0.252639 0.191705 0.997583 0.068255 0.021739 0.264016 0.030303
0.325789
0.166636 1.000000 0.497479 0.581027 0.219355 0.252639 0.192572 0.998139 0.068219 0.021739 0.262753 0.030303
0.325789
0.166680 1.000000 0.497890 0.581027 0.219355 0.252639 0.192839 0.997964 0.068468 0.021739 0.263190 0.060606
0.325789
0.166618 1.000000 0.497320 0.580895 0.219355 0.252639 0.192063 0.997954 0.068320 0.000000 0.264313 0.090909
0.325789
0.166621 1.000000 0.497336 0.580859 0.219355 0.252639 0.192334 0.997934 0.068226 0.043478 0.263175 0.060606
0.325789
0.166434 1.000000 0.495606 0.580677 0.219355 0.252639 0.191618 0.997131 0.068333 0.000000 0.265817 0.030303
0.325789
0.166429 1.000000 0.495564 0.580677 0.219355 0.252639 0.191600 0.997212 0.068399 0.000000 0.265165 0.060606
0.325789
0.166640 1.000000 0.497516 0.580997 0.219355 0.252639 0.192875 0.998170 0.067929 0.021739 0.261574 0.030303
0.325789
0.166654 1.000000 0.497641 0.581027 0.219355 0.252639 0.192691 0.998264 0.068394 0.021739 0.262897 0.060606
0.325789
0.166435 1.000000 0.495615 0.580678 0.219355 0.252639 0.191649 0.997178 0.068666 0.021739 0.267366 0.060606
0.325789
0.166483 1.000000 0.496065 0.580710 0.219355 0.252639 0.191613 0.997252 0.068486 0.021739 0.266455 0.121212
0.325789
0.166461 1.000000 0.495864 0.580677 0.219355 0.252639 0.192185 0.997604 0.068276 0.000000 0.265002 0.090909
0.325789
0.166393 1.000000 0.495220 0.580676 0.219355 0.251232 0.191526 0.997210 0.068179 0.021739 0.265343 0.060606
0.325789
0.166467 1.000000 0.495919 0.580752 0.219354 0.251232 0.191801 0.997340 0.068392 0.000000 0.265080 0.121212
0.325789
0.166589 1.000000 0.497048 0.580919 0.219354 0.251232 0.192746 0.998333 0.068420 0.021739 0.263790 0.060606
0.325789
0.166671 1.000000 0.497802 0.581026 0.219354 0.251232 0.192879 0.998231 0.068261 0.021739 0.262723 0.060606
0.325789
0.166710 1.000000 0.498167 0.581027 0.219354 0.252639 0.192585 0.997732 0.067667 0.065217 0.261126 0.030303
0.325789
0.166609 1.000000 0.497230 0.580821 0.219354 0.252639 0.191925 0.998903 0.068623 0.021739 0.266581 0.030303
0.325789
0.166663 1.000000 0.497727 0.581026 0.219354 0.251232 0.192753 0.998278 0.068163 0.000000 0.262556 0.090909
0.325789
0.166600 1.000000 0.497140 0.581026 0.219354 0.251232 0.193111 0.998555 0.067908 0.043478 0.260663 0.030303
0.325789
0.166694 1.000000 0.498019 0.581027 0.219354 0.252639 0.192440 0.997250 0.068195 0.065217 0.262497 0.030303
0.325789
0.166456 1.000000 0.495811 0.580684 0.219354 0.251232 0.191592 0.997007 0.068496 0.000000 0.266273 0.121212
0.325789
0.166639 1.000000 0.497510 0.581027 0.219354 0.252639 0.193131 0.998398 0.067636 0.021739 0.260070 0.030303
0.325789
0.166661 1.000000 0.497712 0.581027 0.219354 0.252639 0.193152 0.998505 0.068042 0.000000 0.261526 0.030303
0.325789
0.166409 1.000000 0.495371 0.580676 0.219354 0.251232 0.191600 0.997504 0.068259 0.000000 0.265169 0.060606
0.325789
0.166485 1.000000 0.496082 0.580676 0.219354 0.251232 0.192221 0.997536 0.068765 0.021739 0.267455 0.030303
0.325789
0.166600 1.000000 0.497151 0.580960 0.219354 0.252639 0.192887 0.998242 0.068835 0.000000 0.265476 0.060606
0.325789
0.166525 1.000000 0.496455 0.580922 0.219354 0.252639 0.192489 0.997937 0.068370 0.021739 0.264020 0.090909
0.325789
0.166523 1.000000 0.496425 0.580826 0.219354 0.252639 0.192293 0.997920 0.068457 0.043478 0.264757 0.060606
0.325789
0.166603 1.000000 0.497176 0.580854 0.219354 0.252639 0.192579 0.998107 0.069012 0.065217 0.265969 0.030303
0.325789
0.166670 1.000000 0.497794 0.581027 0.219354 0.252639 0.192980 0.999437 0.067948 0.021739 0.262775 0.090909
0.325789
0.166611 1.000000 0.497246 0.580904 0.219354 0.252639 0.192522 0.998106 0.068815 0.021739 0.265054 0.000000
0.325789
0.166647 1.000000 0.497577 0.580952 0.219354 0.251232 0.192967 0.999312 0.067859 0.021739 0.260651 0.090909
0.325789
0.166731 1.000000 0.498368 0.581027 0.219354 0.252639 0.192675 0.998212 0.067656 0.000000 0.261493 0.030303
0.325789
0.325795 0.333333 0.462807 0.581181 0.219395 0.566502 0.155336 0.929611 0.039569 0.043478 0.153550 0.030303
0.485924
0.325726 0.333333 0.462490 0.581181 0.219395 0.566502 0.155084 0.929024 0.039598 0.000000 0.151578 0.030303
0.485924
0.325642 0.333333 0.462097 0.581181 0.219395 0.565095 0.155231 0.928665 0.039678 0.000000 0.150485 0.090909
0.485924
0.325688 0.333333 0.462310 0.581180 0.219395 0.565095 0.155073 0.929061 0.039607 0.021739 0.152309 0.030303
0.485924
0.325709 0.333333 0.462412 0.581180 0.219395 0.565095 0.155189 0.929296 0.039430 0.000000 0.151745 0.060606
0.485924
0.325795 0.333333 0.462807 0.581180 0.219395 0.565095 0.155329 0.929402 0.039907 0.000000 0.153016 0.060606
0.485924
0.325676 0.333333 0.462255 0.581181 0.219395 0.566502 0.155116 0.929124 0.039638 0.000000 0.152131 0.030303
0.485924
0.325688 0.333333 0.462309 0.581182 0.219395 0.566502 0.155243 0.928749 0.039987 0.000000 0.151278 0.090909
0.485924
0.325713 0.333333 0.462428 0.581181 0.219395 0.566502 0.155198 0.929157 0.039609 0.000000 0.151312 0.121212
0.485924
0.325753 0.333333 0.462611 0.581181 0.219395 0.566502 0.155330 0.929196 0.039908 0.000000 0.153365 0.090909
0.485924
0.325727 0.333333 0.462489 0.581181 0.219395 0.566502 0.155319 0.929242 0.039848 0.000000 0.153624 0.121212
0.485924
0.325716 0.333333 0.462441 0.581193 0.219427 0.565095 0.155213 0.928998 0.039647 0.000000 0.151760 0.121212
0.485924
0.325779 0.333333 0.462732 0.581180 0.219395 0.565095 0.155455 0.929316 0.039972 0.021739 0.153843 0.060606
0.485924
0.325757 0.333333 0.462631 0.581181 0.219395 0.566502 0.155188 0.928891 0.040056 0.000000 0.151919 0.060606
0.485924
0.325778 0.333333 0.462728 0.581181 0.219395 0.566502 0.155110 0.929043 0.039795 0.000000 0.151597 0.090909
0.485924
0.325756 0.333333 0.462624 0.581181 0.219395 0.566502 0.155119 0.928839 0.039701 0.021739 0.151679 0.060606
0.485924
0.325739 0.333333 0.462547 0.581181 0.219395 0.566502 0.155351 0.929249 0.039620 0.000000 0.152835 0.121212
0.485924
0.325697 0.333333 0.462354 0.581181 0.219395 0.566502 0.155329 0.929270 0.039308 0.000000 0.151449 0.090909
0.485924
0.325721 0.333333 0.462462 0.581180 0.219395 0.565095 0.155197 0.928750 0.039754 0.000000 0.150611 0.030303
0.485924
0.325812 0.333333 0.462889 0.581181 0.219395 0.566502 0.155258 0.929614 0.039722 0.000000 0.153153 0.090909
0.485924
0.325837 0.333333 0.463002 0.581182 0.219395 0.566502 0.155929 0.929921 0.039981 0.000000 0.155925 0.030303
0.485924
0.325698 0.333333 0.462355 0.581181 0.219395 0.566502 0.155154 0.929109 0.039589 0.000000 0.151534 0.000000
0.485924
0.325800 0.333333 0.462827 0.581181 0.219395 0.566502 0.155118 0.929017 0.040022 0.000000 0.151112 0.060606
0.485924
0.325739 0.333333 0.462550 0.581181 0.219395 0.565095 0.155298 0.929170 0.039890 0.000000 0.150244 0.030303
0.485924
0.325861 0.333333 0.463113 0.581182 0.219395 0.566502 0.155884 0.929693 0.040173 0.000000 0.155948 0.030303
0.485924
0.325770 0.333333 0.462688 0.581181 0.219395 0.566502 0.155514 0.929341 0.039936 0.000000 0.153732 0.060606
0.485924
0.325714 0.333333 0.462434 0.581180 0.219395 0.565095 0.155288 0.929176 0.039836 0.000000 0.151716 0.060606
0.485924
0.325697 0.333333 0.462354 0.581180 0.219395 0.565095 0.155476 0.929314 0.039451 0.000000 0.152572 0.030303
0.485924
0.325771 0.333333 0.462695 0.581180 0.219395 0.565095 0.155676 0.929576 0.039526 0.000000 0.152638 0.090909
0.485924
0.325717 0.333333 0.462444 0.581181 0.219395 0.566502 0.155524 0.929373 0.039808 0.000000 0.153872 0.090909
0.485924
0.325802 0.333333 0.462840 0.581181 0.219395 0.566502 0.155358 0.929616 0.039409 0.000000 0.153139 0.090909
0.485924
0.325797 0.333333 0.462817 0.581181 0.219395 0.566502 0.155634 0.929553 0.039807 0.000000 0.153220 0.060606
0.485924
0.325835 0.333333 0.462993 0.581181 0.219395 0.566502 0.155502 0.929580 0.039890 0.000000 0.153617 0.090909
0.485924
0.325742 0.333333 0.462557 0.581180 0.219395 0.565095 0.155228 0.929091 0.039901 0.000000 0.151942 0.060606
0.485924
0.325760 0.333333 0.462640 0.581180 0.219395 0.565095 0.155530 0.929425 0.039632 0.000000 0.153094 0.060606
0.485924
0.325862 0.333333 0.463118 0.581181 0.219395 0.566502 0.155383 0.929630 0.040048 0.000000 0.154914 0.030303
0.485924
0.325780 0.333333 0.462739 0.581180 0.219395 0.565095 0.155502 0.929659 0.039819 0.000000 0.153635 0.030303
0.485924
0.325791 0.333333 0.462788 0.581181 0.219395 0.566502 0.155221 0.929194 0.040330 0.000000 0.153917 0.030303
0.485924
0.325726 0.333333 0.462483 0.581181 0.219395 0.566502 0.155233 0.929080 0.039759 0.000000 0.152631 0.030303
0.485924
0.325792 0.333333 0.462792 0.581181 0.219395 0.566502 0.155498 0.929489 0.039980 0.000000 0.154532 0.030303
0.485924
0.325733 0.333333 0.462519 0.581180 0.219395 0.565095 0.155158 0.929099 0.040054 0.000000 0.152809 0.030303
0.485924
0.325763 0.333333 0.462659 0.581180 0.219395 0.565095 0.155291 0.929022 0.039961 0.000000 0.152079 0.090909
0.485924
0.325788 0.333333 0.462774 0.581180 0.219395 0.565095 0.155558 0.929583 0.039700 0.000000 0.153443 0.000000
0.485924
0.325723 0.333333 0.462472 0.581181 0.219395 0.566502 0.155319 0.929189 0.039971 0.000000 0.152820 0.030303
0.485924
0.325846 0.333333 0.463047 0.581181 0.219395 0.566502 0.155333 0.929579 0.039773 0.000000 0.153991 0.060606
0.485924
0.325858 0.333333 0.463103 0.581181 0.219395 0.566502 0.155395 0.929626 0.040049 0.000000 0.154684 0.090909
0.485924
0.325772 0.333333 0.462702 0.581181 0.219395 0.566502 0.155226 0.929099 0.039780 0.000000 0.151968 0.090909
0.485924
0.325710 0.333333 0.462416 0.581181 0.219395 0.566502 0.155311 0.929247 0.039736 0.000000 0.152612 0.030303
0.485924
0.325712 0.333333 0.462423 0.581181 0.219395 0.566502 0.155338 0.929272 0.040042 0.000000 0.153431 0.030303
0.485924
0.325771 0.333333 0.462696 0.581181 0.219395 0.566502 0.155424 0.929597 0.039426 0.000000 0.152724 0.090909
0.485924
0.325765 0.333333 0.462667 0.581180 0.219395 0.565095 0.155592 0.929539 0.039804 0.000000 0.153435 0.060606
0.485924
0.325795 0.333333 0.462809 0.581181 0.219395 0.565095 0.155354 0.929625 0.039747 0.000000 0.154336 0.060606
0.485924
0.325818 0.333333 0.462912 0.581181 0.219395 0.566502 0.155354 0.929500 0.039802 0.000000 0.154310 0.090909
0.485924
0.325842 0.333333 0.463028 0.581181 0.219395 0.566502 0.155364 0.929586 0.039920 0.000000 0.154447 0.060606
0.485924
0.325832 0.333333 0.462978 0.581181 0.219395 0.566502 0.155589 0.929576 0.039949 0.000000 0.154313 0.060606
0.485924
0.325681 0.333333 0.462281 0.581180 0.219395 0.565095 0.155173 0.929170 0.039548 0.000000 0.152023 0.090909
0.485924
0.325684 0.333333 0.462295 0.581180 0.219395 0.565095 0.155163 0.929233 0.039716 0.000000 0.152472 0.060606
0.485924
0.325831 0.333333 0.462973 0.581181 0.219395 0.566502 0.155326 0.929654 0.039783 0.000000 0.153706 0.060606
0.485924
0.325768 0.333333 0.462681 0.581180 0.219395 0.565095 0.155555 0.929641 0.039786 0.000000 0.153828 0.090909
0.485924
0.325837 0.333333 0.463000 0.581180 0.219395 0.565095 0.155522 0.929591 0.039962 0.000000 0.154606 0.121212
0.485924
0.325787 0.333333 0.462770 0.581181 0.219395 0.566502 0.155250 0.929116 0.040056 0.000000 0.152431 0.060606
0.485924
0.325658 0.333333 0.462171 0.581181 0.219395 0.566502 0.155185 0.929145 0.039540 0.000000 0.152068 0.090909
0.485924
0.325891 0.333333 0.463252 0.581181 0.219395 0.566502 0.155409 0.929611 0.040295 0.000000 0.155662 0.060606
0.485924
0.325735 0.333333 0.462528 0.581180 0.219395 0.565095 0.155366 0.929260 0.039949 0.000000 0.152435 0.060606
0.485924
0.325744 0.333333 0.462573 0.581186 0.219410 0.565095 0.155268 0.928997 0.039914 0.000000 0.152246 0.030303
0.485924
0.325804 0.333333 0.462850 0.581180 0.219395 0.565095 0.155670 0.929575 0.039827 0.000000 0.153832 0.030303
0.485924
0.325794 0.333333 0.462802 0.581181 0.219395 0.566502 0.155494 0.929516 0.039989 0.000000 0.153954 0.060606
0.485924
0.325702 0.333333 0.462377 0.581181 0.219395 0.566502 0.155111 0.929123 0.039744 0.000000 0.151942 0.060606
0.485924
0.325805 0.333333 0.462854 0.581181 0.219395 0.566502 0.155484 0.929588 0.039713 0.000000 0.153276 0.060606
0.485924
0.325848 0.333333 0.463050 0.581182 0.219395 0.566502 0.155802 0.929635 0.040048 0.000000 0.155151 0.000000
0.485924
0.325697 0.333333 0.462351 0.581180 0.219395 0.565095 0.155394 0.929174 0.040074 0.000000 0.151797 0.060606
0.485924
0.325759 0.333333 0.462638 0.581181 0.219395 0.566502 0.155467 0.929552 0.039523 0.000000 0.152942 0.060606
0.485924
0.325745 0.333333 0.462576 0.581180 0.219395 0.565095 0.155403 0.929387 0.039956 0.000000 0.153809 0.060606
0.485924
0.325781 0.333333 0.462742 0.581181 0.219395 0.566502 0.155171 0.929235 0.040181 0.000000 0.152879 0.060606
0.485924
0.325715 0.333333 0.462436 0.581181 0.219395 0.566502 0.155296 0.929257 0.039594 0.000000 0.152075 0.060606
0.485924
0.325760 0.333333 0.462645 0.581181 0.219395 0.566502 0.155561 0.929702 0.039478 0.000000 0.152627 0.030303
0.485924
0.325883 0.333333 0.463218 0.581181 0.219395 0.566502 0.155392 0.929536 0.040043 0.000000 0.154321 0.060606
0.485924
0.325784 0.333333 0.462752 0.581181 0.219395 0.566502 0.155615 0.929558 0.039603 0.000000 0.153035 0.060606
0.485924
0.325704 0.333333 0.462389 0.581180 0.219395 0.565095 0.155421 0.929179 0.039789 0.000000 0.152227 0.090909
0.485924
0.325801 0.333333 0.462836 0.581181 0.219395 0.566502 0.155455 0.929668 0.039802 0.000000 0.154239 0.060606
0.485924
0.325757 0.333333 0.462628 0.581180 0.219395 0.565095 0.155478 0.929512 0.039884 0.000000 0.153068 0.060606
0.485924
0.325859 0.333333 0.463100 0.581180 0.219395 0.565095 0.155574 0.929606 0.040020 0.000000 0.154002 0.060606
0.485924
0.325804 0.333333 0.462849 0.581181 0.219395 0.566502 0.155294 0.929600 0.039684 0.000000 0.153583 0.090909
0.485924
0.325769 0.333333 0.462685 0.581181 0.219395 0.566502 0.155468 0.929566 0.039682 0.000000 0.152931 0.060606
0.485924
0.325917 0.333333 0.463372 0.581182 0.219395 0.566502 0.156339 0.929912 0.040352 0.000000 0.156185 0.090909
0.485924
0.325825 0.333333 0.462944 0.581181 0.219395 0.566502 0.155509 0.929544 0.039806 0.000000 0.153735 0.060606
0.485924
0.325760 0.333333 0.462646 0.581180 0.219395 0.565095 0.155510 0.929461 0.039625 0.000000 0.153454 0.090909
0.485924
0.325943 0.333333 0.463498 0.581182 0.219395 0.566502 0.156412 0.930002 0.040702 0.000000 0.158123 0.060606
0.485924
0.325744 0.333333 0.462565 0.581180 0.219395 0.565095 0.155515 0.929404 0.039798 0.000000 0.153261 0.121212
0.485924
0.325766 0.333333 0.462674 0.581181 0.219395 0.566502 0.155462 0.929584 0.039921 0.000000 0.153320 0.030303
0.485924
0.325801 0.333333 0.462833 0.581181 0.219395 0.566502 0.155490 0.929642 0.039961 0.000000 0.154054 0.060606
0.485924
0.325859 0.333333 0.463107 0.581181 0.219395 0.566502 0.155463 0.929621 0.039880 0.000000 0.154602 0.030303
0.485924
0.325838 0.333333 0.463006 0.581181 0.219395 0.566502 0.155537 0.929603 0.040006 0.000000 0.154347 0.060606
0.485924
0.325806 0.333333 0.462856 0.581181 0.219395 0.566502 0.155414 0.929581 0.039598 0.000000 0.153502 0.060606
0.485924
0.325877 0.333333 0.463186 0.581181 0.219395 0.566502 0.155569 0.929691 0.040127 0.000000 0.155266 0.090909
0.485924
0.325796 0.333333 0.462813 0.581180 0.219395 0.565095 0.155360 0.929611 0.039982 0.000000 0.154473 0.060606
0.485924
0.325863 0.333333 0.463122 0.581180 0.219395 0.565095 0.155279 0.929417 0.040048 0.000000 0.154688 0.030303
0.485924
0.325695 0.333333 0.462343 0.581181 0.219395 0.566502 0.155408 0.929325 0.039616 0.000000 0.152227 0.090909
0.485924
0.325849 0.333333 0.463060 0.581181 0.219395 0.566502 0.155391 0.929687 0.039903 0.000000 0.154147 0.060606
0.485924
0.325836 0.333333 0.462999 0.581181 0.219395 0.566502 0.155302 0.929578 0.039532 0.000000 0.153216 0.060606
0.485924
0.325856 0.333333 0.463089 0.581182 0.219395 0.566502 0.156138 0.929779 0.040328 0.000000 0.156185 0.060606
0.485924
0.325811 0.333333 0.462880 0.581181 0.219395 0.566502 0.155381 0.929652 0.039957 0.000000 0.154124 0.060606
0.485924
0.325742 0.333333 0.462562 0.581180 0.219395 0.565095 0.155354 0.929271 0.039633 0.000000 0.152716 0.090909
0.485924
0.325797 0.333333 0.462815 0.581180 0.219395 0.565095 0.155402 0.929643 0.039655 0.000000 0.153313 0.000000
0.485924
0.325863 0.333333 0.463124 0.581181 0.219395 0.566502 0.155514 0.929621 0.039951 0.000000 0.154428 0.060606
0.485924
0.325878 0.333333 0.463193 0.581181 0.219395 0.566502 0.155541 0.929551 0.040036 0.000000 0.154847 0.060606
0.485924
0.325829 0.333333 0.462964 0.581181 0.219395 0.566502 0.155622 0.929699 0.039643 0.000000 0.153372 0.000000
0.485924
0.325847 0.333333 0.463050 0.581181 0.219395 0.566502 0.155364 0.929635 0.039990 0.000000 0.154221 0.090909
0.485924
0.325799 0.333333 0.462827 0.581181 0.219395 0.566502 0.155350 0.929667 0.040024 0.000000 0.153961 0.090909
0.485924
0.325794 0.333333 0.462799 0.581180 0.219395 0.565095 0.155594 0.929658 0.039688 0.000000 0.152672 0.060606
0.485924
0.325852 0.333333 0.463072 0.581182 0.219395 0.566502 0.156028 0.929774 0.040161 0.000000 0.155937 0.030303
0.485924
0.325702 0.333333 0.462378 0.581181 0.219395 0.566502 0.155478 0.929210 0.039753 0.000000 0.153002 0.060606
0.485924
0.325793 0.333333 0.462799 0.581181 0.219395 0.565095 0.155563 0.929615 0.039936 0.000000 0.154236 0.060606
0.485924
0.325735 0.333333 0.462528 0.581181 0.219395 0.566502 0.155352 0.929199 0.039849 0.000000 0.153261 0.060606
0.485924
0.325813 0.333333 0.462894 0.581181 0.219395 0.566502 0.155424 0.929509 0.040125 0.000000 0.154732 0.000000
0.485924
0.325827 0.333333 0.462958 0.581182 0.219395 0.566502 0.155593 0.929693 0.039901 0.000000 0.154643 0.090909
0.485924
0.325731 0.333333 0.462512 0.581180 0.219395 0.565095 0.155276 0.929265 0.039979 0.000000 0.152564 0.060606
0.485924
0.325728 0.333333 0.462496 0.581180 0.219395 0.565095 0.155477 0.929378 0.039767 0.000000 0.153165 0.121212
0.485924
0.325865 0.333333 0.463131 0.581182 0.219395 0.566502 0.155723 0.929618 0.039972 0.000000 0.155344 0.030303
0.485924
0.325814 0.333333 0.462895 0.581181 0.219395 0.565095 0.155667 0.929656 0.039974 0.000000 0.154732 0.060606
0.485924
0.325855 0.333333 0.463084 0.581181 0.219395 0.565095 0.155685 0.929718 0.039881 0.000000 0.154565 0.060606
0.485924
0.325843 0.333333 0.463030 0.581181 0.219395 0.566502 0.155460 0.929658 0.039872 0.000000 0.153965 0.060606
0.485924
0.325833 0.333333 0.462984 0.581181 0.219395 0.566502 0.155520 0.929616 0.039615 0.000000 0.153142 0.030303
0.485924
0.325738 0.333333 0.462543 0.581180 0.219395 0.565095 0.155393 0.929338 0.039758 0.000000 0.152709 0.030303
0.485924
0.325833 0.333333 0.462984 0.581181 0.219395 0.566502 0.155290 0.929611 0.039747 0.000000 0.153702 0.030303
0.485924
0.325852 0.333333 0.463070 0.581181 0.219395 0.566502 0.155353 0.929610 0.039930 0.000000 0.154621 0.090909
0.485924
0.325873 0.333333 0.463166 0.581182 0.219395 0.566502 0.155707 0.929615 0.040136 0.000000 0.155381 0.060606
0.485924
0.325742 0.333333 0.462560 0.581181 0.219395 0.566502 0.155546 0.929635 0.039826 0.000000 0.153661 0.030303
0.485924
0.325861 0.333333 0.463114 0.581181 0.219395 0.566502 0.155574 0.929676 0.039691 0.000000 0.152968 0.121212
0.485924
0.325810 0.333333 0.462873 0.581181 0.219395 0.566502 0.155370 0.929578 0.039880 0.000000 0.154347 0.060606
0.485924
0.325816 0.333333 0.462904 0.581181 0.219395 0.566502 0.155478 0.929578 0.040425 0.000000 0.155010 0.030303
0.485924
0.325751 0.333333 0.462601 0.581180 0.219395 0.565095 0.155468 0.929346 0.039908 0.000000 0.152838 0.030303
0.485924
0.325835 0.333333 0.462994 0.581182 0.219395 0.566502 0.155898 0.929720 0.040058 0.000000 0.155095 0.030303
0.485924
0.325760 0.333333 0.462645 0.581181 0.219395 0.566502 0.155418 0.929283 0.040207 0.000000 0.154213 0.060606
0.485924
0.325829 0.333333 0.462966 0.581180 0.219395 0.565095 0.155540 0.929618 0.039726 0.000000 0.153339 0.060606
0.485924
0.325840 0.333333 0.463018 0.581181 0.219395 0.565095 0.155738 0.929616 0.039892 0.000000 0.154124 0.060606
0.485924
0.325862 0.333333 0.463116 0.581182 0.219395 0.566502 0.155642 0.929628 0.039991 0.000000 0.154614 0.030303
0.485924
0.325801 0.333333 0.462835 0.581181 0.219395 0.566502 0.155393 0.929591 0.039607 0.000000 0.153005 0.060606
0.485924
0.325873 0.333333 0.463171 0.581181 0.219395 0.566502 0.155384 0.929601 0.039963 0.000000 0.154050 0.121212
0.485924
0.325845 0.333333 0.463040 0.581181 0.219395 0.566502 0.155459 0.929586 0.039832 0.000000 0.153980 0.030303
0.485924
0.325849 0.333333 0.463056 0.581180 0.219395 0.565095 0.155445 0.929643 0.039930 0.000000 0.154376 0.060606
0.485924
0.325863 0.333333 0.463121 0.581180 0.219395 0.565095 0.155315 0.929681 0.040055 0.000000 0.155132 0.060606
0.485924
0.325865 0.333333 0.463131 0.581181 0.219395 0.565095 0.155516 0.929708 0.040036 0.000000 0.154721 0.060606
0.485924
0.325846 0.333333 0.463046 0.581181 0.219395 0.566502 0.155448 0.929588 0.040158 0.000000 0.154065 0.090909
0.485924
0.325907 0.333333 0.463324 0.581182 0.219395 0.566502 0.155830 0.929694 0.040280 0.000000 0.156066 0.060606
0.485924
0.325886 0.333333 0.463228 0.581181 0.219395 0.566502 0.155504 0.929599 0.040189 0.000000 0.154840 0.090909
0.485924
0.325789 0.333333 0.462778 0.581181 0.219395 0.566502 0.155485 0.929512 0.040114 0.000000 0.154791 0.000000
0.485924
0.325792 0.333333 0.462795 0.581180 0.219395 0.565095 0.155376 0.929334 0.040378 0.000000 0.154854 0.030303
0.485924
0.325882 0.333333 0.463213 0.581180 0.219395 0.565095 0.155532 0.929684 0.040055 0.000000 0.154310 0.000000
0.485924
0.325763 0.333333 0.462658 0.581181 0.219395 0.566502 0.155571 0.929506 0.039890 0.000000 0.153087 0.030303
0.485924
0.218663 1.000000 0.979888 0.581077 0.219368 0.350457 0.816553 0.494846 0.958878 1.000000 0.965214 1.000000
0.378665
0.220723 1.000000 0.998979 0.581082 0.219374 0.358902 0.844145 0.480392 0.995578 0.065217 0.992344 0.090909
0.378665
0.220516 1.000000 0.997064 0.581277 0.219369 0.360310 0.843241 0.478734 0.996085 0.021739 0.991440 0.060606
0.378665
0.220687 1.000000 0.998652 0.581266 0.219369 0.360310 0.844005 0.479485 0.997348 0.000000 0.994456 0.090909
0.378665
0.220655 1.000000 0.998361 0.581234 0.219369 0.360310 0.843001 0.479329 0.997544 0.043478 0.995423 0.030303
0.378665
0.220832 1.000000 0.999995 0.581272 0.219369 0.360310 0.844867 0.479589 0.998443 0.000000 0.997958 0.060606
0.378665
0.220538 1.000000 0.997272 0.581081 0.219369 0.360310 0.843540 0.478638 0.996482 0.000000 0.991855 0.090909
0.378665
0.220367 1.000000 0.995684 0.581081 0.219369 0.360310 0.841747 0.478633 0.994449 0.021739 0.990094 0.090909
0.378665
0.220723 1.000000 0.998990 0.581262 0.219369 0.360310 0.843831 0.479564 0.997506 0.021739 0.998481 0.090909
0.378665
0.220474 1.000000 0.996678 0.581081 0.219369 0.360310 0.842670 0.479139 0.994837 0.021739 0.990502 0.151515
0.378665
0.220530 1.000000 0.997198 0.581209 0.219369 0.360310 0.842800 0.478329 0.996922 0.021739 0.990698 0.060606
0.378665
0.220611 1.000000 0.997939 0.581080 0.219369 0.360310 0.843850 0.479282 0.996396 0.000000 0.993774 0.030303
0.378665
0.220462 1.000000 0.996561 0.581081 0.219369 0.360310 0.844232 0.479708 0.994636 0.000000 0.992637 0.090909
0.378665
0.220663 1.000000 0.998425 0.581080 0.219369 0.360310 0.843905 0.481048 0.994623 0.043478 0.995857 0.030303
0.378665
0.220683 1.000000 0.998619 0.581247 0.219369 0.360310 0.843055 0.479340 0.997843 0.043478 0.994530 0.060606
0.378665
0.220520 1.000000 0.997104 0.581081 0.219369 0.360310 0.843480 0.479163 0.995820 0.000000 0.992251 0.060606
0.378665
0.220621 1.000000 0.998039 0.581224 0.219369 0.360310 0.842834 0.478885 0.996971 0.000000 0.991703 0.030303
0.378665
0.220691 1.000000 0.998692 0.581247 0.219369 0.360310 0.843896 0.479487 0.997369 0.021739 0.994749 0.090909
0.378665
0.220499 1.000000 0.996904 0.581126 0.219369 0.360310 0.844508 0.477718 0.997752 0.000000 0.989602 0.090909
0.378665
0.220591 1.000000 0.997762 0.581235 0.219369 0.360310 0.843463 0.478802 0.997150 0.000000 0.991358 0.030303
0.378665
0.220599 1.000000 0.997835 0.581224 0.219369 0.360310 0.843307 0.479463 0.997172 0.021739 0.992214 0.060606
0.378665
0.220444 1.000000 0.996400 0.581080 0.219369 0.358902 0.843027 0.480038 0.995024 0.021739 0.992025 0.030303
0.378665
0.220426 1.000000 0.996228 0.581080 0.219369 0.358902 0.843400 0.478461 0.995743 0.000000 0.992318 0.060606
0.378665
0.220603 1.000000 0.997870 0.581080 0.219369 0.360310 0.844338 0.478846 0.996467 0.043478 0.992329 0.030303
0.378665
0.220447 1.000000 0.996425 0.581080 0.219369 0.358902 0.843431 0.478628 0.995964 0.021739 0.991599 0.000000
0.378665
0.220430 1.000000 0.996273 0.581080 0.219369 0.358902 0.842779 0.478828 0.995700 0.000000 0.991547 0.030303
0.378665
0.220708 1.000000 0.998839 0.581280 0.219369 0.360310 0.844129 0.479880 0.998305 0.000000 0.998025 0.060606
0.378665
0.220566 1.000000 0.997525 0.581130 0.219369 0.358902 0.843808 0.477276 0.998597 0.043478 0.993489 0.030303
0.378665
0.220643 1.000000 0.998243 0.581228 0.219369 0.358902 0.843194 0.479351 0.996778 0.000000 0.993211 0.060606
0.378665
0.220646 1.000000 0.998266 0.581080 0.219369 0.358902 0.844196 0.480119 0.995491 0.021739 0.989850 0.030303
0.378665
0.220529 1.000000 0.997191 0.581080 0.219369 0.358902 0.844052 0.480247 0.994893 0.021739 0.993144 0.030303
0.378665
0.220593 1.000000 0.997773 0.581079 0.219369 0.358902 0.843549 0.480541 0.995314 0.000000 0.992225 0.090909
0.378665
0.220503 1.000000 0.996942 0.581133 0.219369 0.358902 0.843347 0.479093 0.996429 0.000000 0.993733 0.060606
0.378665
0.220544 1.000000 0.997328 0.581263 0.219369 0.358902 0.843660 0.479444 0.996999 0.021739 0.994993 0.030303
0.378665
0.220445 1.000000 0.996407 0.581080 0.219369 0.358902 0.843374 0.479121 0.995176 0.021739 0.990135 0.030303
0.378665
0.220553 1.000000 0.997399 0.581243 0.219369 0.358902 0.843336 0.479123 0.997176 0.021739 0.996142 0.030303
0.378665
0.220568 1.000000 0.997542 0.581246 0.219369 0.358902 0.844593 0.479183 0.997171 0.000000 0.992874 0.090909
0.378665
0.220629 1.000000 0.998111 0.581258 0.219369 0.358902 0.843437 0.478539 0.997381 0.021739 0.993715 0.060606
0.378665
0.220595 1.000000 0.997799 0.581254 0.219369 0.358902 0.843432 0.479634 0.996006 0.000000 0.992726 0.030303
0.378665
0.220716 1.000000 0.998920 0.581301 0.219369 0.358902 0.843942 0.479283 0.997771 0.021739 0.996257 0.090909
0.378665
0.220650 1.000000 0.998303 0.581201 0.219369 0.358902 0.843783 0.478756 0.996793 0.000000 0.994341 0.121212
0.378665
0.220628 1.000000 0.998101 0.581080 0.219369 0.358902 0.844273 0.480791 0.995368 0.000000 0.991962 0.090909
0.378665
0.220481 1.000000 0.996736 0.581080 0.219369 0.358902 0.842902 0.479203 0.994444 0.000000 0.990962 0.060606
0.378665
0.220436 1.000000 0.996327 0.581080 0.219369 0.358902 0.842475 0.478997 0.995108 0.021739 0.991302 0.060606
0.378665
0.220465 1.000000 0.996595 0.581080 0.219369 0.358902 0.842756 0.480461 0.993921 0.000000 0.990554 0.121212
0.378665
0.220326 1.000000 0.995299 0.581083 0.219375 0.358902 0.843045 0.478656 0.994529 0.000000 0.989520 0.030303
0.378665
0.220601 1.000000 0.997849 0.581080 0.219369 0.358902 0.844559 0.479462 0.996159 0.000000 0.991932 0.090909
0.378665
0.220570 1.000000 0.997570 0.581080 0.219369 0.360310 0.843593 0.480402 0.995293 0.000000 0.992496 0.090909
0.378665
0.220480 1.000000 0.996735 0.581081 0.219369 0.360310 0.843296 0.478426 0.996227 0.000000 0.992477 0.121212
0.378665
0.220485 1.000000 0.996782 0.581081 0.219369 0.360310 0.843821 0.479731 0.995473 0.021739 0.991847 0.060606
0.378665
0.220572 1.000000 0.997585 0.581184 0.219369 0.360310 0.842978 0.478859 0.996487 0.000000 0.993874 0.060606
0.378665
0.220572 1.000000 0.997589 0.581080 0.219369 0.360310 0.843846 0.480110 0.994841 0.000000 0.987808 0.090909
0.378665
0.220785 1.000000 0.999558 0.581286 0.219369 0.360310 0.844953 0.479150 0.997375 0.021739 0.995668 0.030303
0.378665
0.220680 1.000000 0.998584 0.581280 0.219369 0.360310 0.843813 0.479578 0.997270 0.021739 0.995901 0.030303
0.378665
0.220563 1.000000 0.997504 0.581234 0.219369 0.360310 0.843738 0.479420 0.997128 0.021739 0.994945 0.090909
0.378665
0.220591 1.000000 0.997757 0.581291 0.219369 0.360310 0.844069 0.479459 0.996455 0.000000 0.992666 0.030303
0.378665
0.220438 1.000000 0.996344 0.581081 0.219369 0.360310 0.843099 0.478108 0.995282 0.000000 0.989661 0.090909
0.378665
0.220271 1.000000 0.994795 0.581080 0.219369 0.358902 0.841115 0.479311 0.993195 0.000000 0.988219 0.060606
0.378665
0.220376 1.000000 0.995764 0.581081 0.219369 0.360310 0.841966 0.478357 0.994931 0.000000 0.991258 0.090909
0.378665
0.220712 1.000000 0.998880 0.581302 0.219369 0.360310 0.843074 0.479757 0.998185 0.000000 1.000000 0.121212
0.378665
0.220568 1.000000 0.997543 0.581080 0.219369 0.360310 0.844090 0.479597 0.995578 0.021739 0.992325 0.060606
0.378665
0.220532 1.000000 0.997214 0.581081 0.219369 0.360310 0.843178 0.479324 0.996050 0.021739 0.993985 0.060606
0.378665
0.220659 1.000000 0.998389 0.581220 0.219369 0.360310 0.843804 0.479187 0.997742 0.021739 0.994030 0.090909
0.378665
0.220465 1.000000 0.996590 0.581081 0.219369 0.360310 0.843481 0.479584 0.995077 0.000000 0.991580 0.060606
0.378665
0.220530 1.000000 0.997192 0.581276 0.219369 0.360310 0.843358 0.478877 0.997320 0.021739 0.992866 0.060606
0.378665
0.220507 1.000000 0.996976 0.581137 0.219369 0.360310 0.842850 0.478339 0.996715 0.000000 0.994927 0.121212
0.378665
0.220488 1.000000 0.996803 0.581080 0.219369 0.358902 0.842979 0.479924 0.993295 0.021739 0.988957 0.030303
0.378665
0.220599 1.000000 0.997834 0.581284 0.219369 0.360310 0.843217 0.478739 0.997076 0.000000 0.993767 0.121212
0.378665
0.220537 1.000000 0.997260 0.581080 0.219369 0.358902 0.844670 0.479012 0.996126 0.043478 0.992299 0.060606
0.378665
0.220454 1.000000 0.996488 0.581080 0.219369 0.358902 0.842942 0.478598 0.995996 0.000000 0.992462 0.090909
0.378665
0.220502 1.000000 0.996931 0.581080 0.219369 0.358902 0.844289 0.479155 0.995824 0.021739 0.992481 0.000000
0.378665
0.220576 1.000000 0.997623 0.581245 0.219369 0.358902 0.843477 0.479376 0.996407 0.000000 0.993689 0.030303
0.378665
0.220557 1.000000 0.997442 0.581221 0.219369 0.358902 0.843419 0.479714 0.996242 0.021739 0.994456 0.060606
0.378665
0.220571 1.000000 0.997575 0.581080 0.219369 0.358902 0.843867 0.478979 0.996371 0.021739 0.992922 0.030303
0.378665
0.220691 1.000000 0.998685 0.581110 0.219369 0.358902 0.845369 0.477122 1.000000 0.043478 0.994890 0.060606
0.378665
0.220639 1.000000 0.998204 0.581245 0.219369 0.358902 0.842992 0.479156 0.996852 0.000000 0.991302 0.121212
0.378665
0.220554 1.000000 0.997418 0.581194 0.219369 0.358902 0.843511 0.478259 0.996906 0.043478 0.989980 0.090909
0.378665
0.220588 1.000000 0.997735 0.581266 0.219369 0.358902 0.843430 0.479126 0.997561 0.000000 0.997688 0.030303
0.378665
0.220642 1.000000 0.998233 0.581163 0.219369 0.358902 0.842915 0.479617 0.996531 0.043478 0.993307 0.030303
0.378665
0.220538 1.000000 0.997268 0.581080 0.219369 0.358902 0.843692 0.480039 0.995389 0.021739 0.993441 0.060606
0.378665
0.220355 1.000000 0.995567 0.581081 0.219369 0.358902 0.842266 0.478488 0.995359 0.000000 0.991113 0.121212
0.378665
0.220375 1.000000 0.995754 0.581100 0.219369 0.358902 0.842545 0.478627 0.994337 0.000000 0.990257 0.060606
0.378665
0.220476 1.000000 0.996690 0.581133 0.219369 0.358902 0.842380 0.478867 0.995730 0.021739 0.993563 0.151515
0.378665
0.220738 1.000000 0.999121 0.581283 0.219369 0.358902 0.844655 0.479914 0.997322 0.000000 0.995764 0.060606
0.378665
0.220773 1.000000 0.999454 0.581301 0.219369 0.358902 0.844748 0.479912 0.997685 0.000000 0.996617 0.090909
0.378665
0.220718 1.000000 0.998937 0.581193 0.219369 0.358902 0.844005 0.478999 0.998338 0.000000 0.996835 0.090909
0.378665
0.220610 1.000000 0.997940 0.581079 0.219369 0.358902 0.844452 0.479840 0.996044 0.021739 0.992244 0.030303
0.378665
0.220637 1.000000 0.998189 0.581270 0.219369 0.358902 0.842659 0.478714 0.997044 0.021739 0.993103 0.090909
0.378665
0.220562 1.000000 0.997492 0.581144 0.219369 0.358902 0.844505 0.478349 0.998732 0.021739 0.993674 0.060606
0.378665
0.220662 1.000000 0.998416 0.581252 0.219369 0.358902 0.843824 0.479104 0.997827 0.000000 0.995627 0.060606
0.378665
0.220435 1.000000 0.996310 0.581081 0.219369 0.360310 0.843381 0.479879 0.994154 0.021739 0.990928 0.060606
0.378665
0.220626 1.000000 0.998077 0.581253 0.219369 0.360310 0.843061 0.479267 0.996996 0.000000 0.991999 0.060606
0.378665
0.220476 1.000000 0.996697 0.581081 0.219369 0.360310 0.843540 0.478653 0.995730 0.021739 0.990936 0.030303
0.378665
0.220632 1.000000 0.998142 0.581197 0.219369 0.360310 0.843688 0.477453 0.997379 0.021739 0.992940 0.060606
0.378665
0.220434 1.000000 0.996298 0.581081 0.219369 0.360310 0.841991 0.478698 0.995535 0.021739 0.990817 0.030303
0.378665
0.220833 1.000000 1.000000 0.581233 0.219369 0.360310 0.845304 0.480141 0.997416 0.000000 0.996142 0.090909
0.378665
0.220569 1.000000 0.997554 0.581232 0.219369 0.360310 0.842625 0.478620 0.996751 0.021739 0.992877 0.030303
0.378665
0.220535 1.000000 0.997242 0.581195 0.219369 0.360310 0.842915 0.477342 0.996691 0.021739 0.989476 0.030303
0.378665
0.220639 1.000000 0.998202 0.581080 0.219369 0.360310 0.843769 0.479074 0.996529 0.000000 0.992966 0.060606
0.378665
0.220610 1.000000 0.997937 0.581168 0.219369 0.360310 0.843771 0.479889 0.996392 0.021739 0.991832 0.060606
0.378665
0.220434 1.000000 0.996306 0.581081 0.219369 0.360310 0.842853 0.478537 0.995242 0.021739 0.990187 0.060606
0.378665
0.220485 1.000000 0.996776 0.581081 0.219369 0.360310 0.843229 0.479348 0.995175 0.000000 0.990372 0.060606
0.378665
0.220776 1.000000 0.999471 0.581302 0.219369 0.360310 0.844556 0.479834 0.997675 0.021739 0.997321 0.000000
0.378665
0.220651 1.000000 0.998318 0.581252 0.219369 0.360310 0.843193 0.477693 0.997536 0.021739 0.993152 0.060606
0.378665
0.220658 1.000000 0.998379 0.581204 0.219369 0.360310 0.843763 0.478917 0.997505 0.000000 0.994690 0.060606
0.378665
0.220825 1.000000 0.999935 0.581286 0.219369 0.360310 0.845594 0.479714 0.998231 0.000000 0.998981 0.060606
0.378665
0.220694 1.000000 0.998710 0.581291 0.219369 0.360310 0.843385 0.479561 0.997622 0.021739 0.996735 0.030303
0.378665
0.220602 1.000000 0.997858 0.581095 0.219369 0.360310 0.843397 0.479429 0.995556 0.000000 0.991603 0.090909
0.378665
0.220387 1.000000 0.995869 0.581080 0.219369 0.358902 0.842898 0.478928 0.995125 0.021739 0.990035 0.060606
0.378665
0.220539 1.000000 0.997281 0.581080 0.219369 0.360310 0.842837 0.479442 0.995246 0.000000 0.990131 0.121212
0.378665
0.220514 1.000000 0.997040 0.581099 0.219369 0.358902 0.843169 0.478405 0.995678 0.043478 0.991484 0.030303
0.378665
0.220452 1.000000 0.996468 0.581080 0.219369 0.358902 0.843078 0.478639 0.995274 0.000000 0.989816 0.090909
0.378665
0.220635 1.000000 0.998169 0.581302 0.219369 0.360310 0.843546 0.479680 0.996548 0.000000 0.993826 0.030303
0.378665
0.220702 1.000000 0.998793 0.581080 0.219369 0.360310 0.845620 0.480017 0.996480 0.021739 0.994126 0.090909
0.378665
0.220501 1.000000 0.996925 0.581080 0.219369 0.358902 0.843402 0.478066 0.995928 0.000000 0.992681 0.121212
0.378665
0.220533 1.000000 0.997220 0.581080 0.219369 0.358902 0.843602 0.478658 0.996058 0.021739 0.993459 0.090909
0.378665
0.220643 1.000000 0.998246 0.581129 0.219369 0.358902 0.844248 0.479205 0.996520 0.021739 0.993344 0.030303
0.378665
0.220490 1.000000 0.996825 0.581135 0.219369 0.358902 0.842915 0.478653 0.995897 0.021739 0.991806 0.030303
0.378665
0.220491 1.000000 0.996836 0.581080 0.219369 0.358902 0.843435 0.479242 0.995705 0.043478 0.993292 0.060606
0.378665
0.220597 1.000000 0.997814 0.581174 0.219369 0.358902 0.843467 0.478946 0.996605 0.000000 0.993815 0.090909
0.378665
0.220647 1.000000 0.998279 0.581080 0.219369 0.358902 0.842937 0.478507 0.996662 0.021739 0.993722 0.060606
0.378665
0.220725 1.000000 0.999004 0.581237 0.219369 0.358902 0.843811 0.479035 0.996892 0.000000 0.996672 0.030303
0.378665
0.220630 1.000000 0.998115 0.581265 0.219369 0.358902 0.843806 0.479053 0.996875 0.000000 0.993393 0.060606
0.378665
0.220509 1.000000 0.996998 0.581080 0.219369 0.358902 0.843443 0.478824 0.996259 0.043478 0.992948 0.030303
0.378665
0.220497 1.000000 0.996893 0.581131 0.219369 0.358902 0.843238 0.478353 0.995921 0.021739 0.990584 0.060606
0.378665
0.220743 1.000000 0.999168 0.581290 0.219369 0.358902 0.843261 0.479806 0.997445 0.043478 0.998636 0.090909
0.378665
0.220689 1.000000 0.998672 0.581257 0.219369 0.358902 0.843591 0.479170 0.997575 0.043478 0.996958 0.121212
0.378665
0.220815 1.000000 0.999839 0.581270 0.219369 0.358902 0.844865 0.479500 0.997960 0.000000 0.997410 0.090909
0.378665
0.220682 1.000000 0.998605 0.581278 0.219369 0.358902 0.843284 0.480000 0.996667 0.021739 0.994004 0.060606
0.378665
0.220691 1.000000 0.998689 0.581301 0.219368 0.358902 0.843294 0.479856 0.996936 0.000000 0.995053 0.121212
0.378665
0.220544 1.000000 0.997322 0.581301 0.219368 0.358902 0.842945 0.478985 0.996630 0.021739 0.993066 0.060606
0.378665
0.220483 1.000000 0.996761 0.581080 0.219368 0.358902 0.843866 0.479025 0.996280 0.021739 0.993159 0.060606
0.378665
0.220471 1.000000 0.996649 0.581080 0.219368 0.358902 0.843666 0.479907 0.994100 0.043478 0.990621 0.030303
0.378665
0.220737 1.000000 0.999119 0.581196 0.219368 0.358902 0.842747 0.478850 0.998722 0.000000 0.995131 0.030303
0.378665
0.220490 1.000000 0.996823 0.581080 0.219368 0.358902 0.843404 0.478832 0.996469 0.000000 0.994149 0.090909
0.378665
0.220635 1.000000 0.998163 0.581079 0.219368 0.358902 0.844231 0.480247 0.995015 0.043478 0.989016 0.030303
0.378665
0.220483 1.000000 0.996756 0.581081 0.219368 0.360310 0.843215 0.479472 0.995447 0.065217 0.994123 0.000000
0.378665
0.220721 1.000000 0.998967 0.581250 0.219368 0.360310 0.843183 0.479479 0.997117 0.000000 0.996068 0.121212
0.378665
0.220498 1.000000 0.996894 0.581081 0.219368 0.360310 0.843794 0.478957 0.995158 0.000000 0.990735 0.030303
0.378665
0.220495 1.000000 0.996876 0.581081 0.219368 0.360310 0.843715 0.478863 0.994871 0.000000 0.989939 0.030303
0.378665
0.220652 1.000000 0.998329 0.581255 0.219368 0.360310 0.843843 0.478768 0.997421 0.000000 0.994430 0.090909
0.378665
0.220758 1.000000 0.999302 0.581289 0.219368 0.360310 0.843878 0.479895 0.997348 0.021739 0.997969 0.030303
0.378665
0.220559 1.000000 0.997460 0.581302 0.219368 0.360310 0.842779 0.479433 0.996165 0.000000 0.992881 0.060606
0.378665
0.220445 1.000000 0.996404 0.581218 0.219368 0.360310 0.844020 0.478372 0.996178 0.021739 0.989802 0.090909
0.378665
0.220654 1.000000 0.998342 0.581278 0.219368 0.360310 0.843034 0.479682 0.997348 0.043478 0.995031 0.030303
0.378665
0.220616 1.000000 0.997993 0.581288 0.219368 0.360310 0.844234 0.479260 0.997701 0.043478 0.994556 0.030303
0.378665
0.220639 1.000000 0.998204 0.581134 0.219368 0.360310 0.844386 0.478228 0.998222 0.021739 0.993589 0.090909
0.378665
0.220599 1.000000 0.997834 0.581263 0.219368 0.360310 0.842994 0.479217 0.997100 0.021739 0.996646 0.000000
0.378665
0.220555 1.000000 0.997425 0.581144 0.219368 0.360310 0.844074 0.478080 0.998422 0.021739 0.991799 0.090909
0.378665
0.220528 1.000000 0.997177 0.581080 0.219368 0.360310 0.843947 0.480906 0.994504 0.000000 0.993081 0.060606
0.378665
0.378609 0.333333 0.707657 0.581235 0.219409 0.672766 0.940102 0.564581 0.929195 0.021739 0.768795 0.000000
0.545972
0.378514 0.333333 0.707214 0.581234 0.219408 0.671358 0.938934 0.564693 0.927893 0.000000 0.765389 0.000000
0.545972
0.378573 0.333333 0.707489 0.581234 0.219408 0.671358 0.939241 0.564932 0.927358 0.000000 0.768309 0.030303
0.545972
0.378574 0.333333 0.707496 0.581234 0.219408 0.671358 0.939138 0.564989 0.928730 0.021739 0.769603 0.000000
0.545972
0.378589 0.333333 0.707558 0.581234 0.219408 0.671358 0.939484 0.564492 0.928889 0.021739 0.769647 0.030303
0.545972
0.378609 0.333333 0.707655 0.581234 0.219408 0.671358 0.939210 0.565053 0.928923 0.021739 0.769106 0.060606
0.545972
0.378587 0.333333 0.707556 0.581234 0.219408 0.671358 0.938802 0.564361 0.928253 0.000000 0.768120 0.000000
0.545972
0.378652 0.333333 0.707854 0.581234 0.219408 0.671358 0.939687 0.566171 0.928265 0.000000 0.771937 0.060606
0.545972
0.378678 0.333333 0.707974 0.581234 0.219408 0.671358 0.939674 0.565674 0.928979 0.000000 0.771441 0.090909
0.545972
0.378594 0.333333 0.707589 0.581234 0.219408 0.671358 0.939712 0.564900 0.929143 0.000000 0.769821 0.060606
0.545972
0.378515 0.333333 0.707223 0.581235 0.219409 0.672766 0.939488 0.564556 0.928741 0.000000 0.769043 0.121212
0.545972
0.378600 0.333333 0.707615 0.581235 0.219409 0.672766 0.939182 0.565146 0.929100 0.000000 0.770444 0.090909
0.545972
0.378617 0.333333 0.707691 0.581235 0.219409 0.672766 0.939565 0.565144 0.929038 0.021739 0.771508 0.030303
0.545972
0.378653 0.333333 0.707860 0.581235 0.219409 0.672766 0.939722 0.565441 0.928305 0.000000 0.770614 0.030303
0.545972
0.378573 0.333333 0.707491 0.581235 0.219409 0.672766 0.938933 0.564659 0.928270 0.000000 0.768150 0.060606
0.545972
0.378556 0.333333 0.707412 0.581235 0.219409 0.672766 0.939208 0.565398 0.927635 0.021739 0.769151 0.030303
0.545972
0.378516 0.333333 0.707225 0.581234 0.219408 0.671358 0.939007 0.564612 0.929056 0.043478 0.768480 0.060606
0.545972
0.378512 0.333333 0.707206 0.581234 0.219408 0.671358 0.938989 0.564436 0.928364 0.000000 0.766386 0.060606
0.545972
0.378673 0.333333 0.707952 0.581234 0.219408 0.671358 0.939584 0.566094 0.928280 0.000000 0.770655 0.000000
0.545972
0.378429 0.333333 0.706822 0.581234 0.219408 0.671358 0.938593 0.563803 0.928329 0.000000 0.764811 0.030303
0.545972
0.378666 0.333333 0.707921 0.581329 0.219408 0.671358 0.939299 0.564862 0.931156 0.000000 0.773016 0.000000
0.545972
0.378658 0.333333 0.707882 0.581234 0.219408 0.671358 0.939446 0.565480 0.928821 0.021739 0.769295 0.030303
0.545972
0.378739 0.333333 0.708259 0.581234 0.219408 0.671358 0.939504 0.565980 0.928250 0.000000 0.771396 0.060606
0.545972
0.378780 0.333333 0.708450 0.581234 0.219408 0.671358 0.940021 0.566883 0.928467 0.000000 0.772834 0.060606
0.545972
0.378704 0.333333 0.708095 0.581260 0.219409 0.671358 0.939495 0.564742 0.930686 0.000000 0.773123 0.030303
0.545972
0.378573 0.333333 0.707491 0.581235 0.219409 0.672766 0.938836 0.564293 0.928864 0.000000 0.770318 0.151515
0.545972
0.378719 0.333333 0.708168 0.581235 0.219409 0.672766 0.939199 0.565483 0.928884 0.000000 0.771734 0.060606
0.545972
0.378529 0.333333 0.707284 0.581235 0.219409 0.672766 0.938793 0.564562 0.928238 0.000000 0.767568 0.000000
0.545972
0.378588 0.333333 0.707561 0.581235 0.219409 0.672766 0.939561 0.564763 0.928767 0.000000 0.768962 0.060606
0.545972
0.378579 0.333333 0.707515 0.581235 0.219409 0.672766 0.939659 0.564756 0.928068 0.021739 0.769577 0.030303
0.545972
0.378525 0.333333 0.707269 0.581234 0.219408 0.671358 0.938750 0.563870 0.928912 0.000000 0.768102 0.060606
0.545972
0.378688 0.333333 0.708021 0.581235 0.219409 0.672766 0.939592 0.565322 0.929365 0.000000 0.771519 0.000000
0.545972
0.378562 0.333333 0.707439 0.581234 0.219408 0.671358 0.939289 0.564549 0.928962 0.000000 0.769091 0.030303
0.545972
0.378598 0.333333 0.707605 0.581234 0.219408 0.671358 0.939485 0.565221 0.927931 0.000000 0.768513 0.000000
0.545972
0.378521 0.333333 0.707250 0.581234 0.219408 0.671358 0.939152 0.564561 0.928399 0.021739 0.768032 0.030303
0.545972
0.378728 0.333333 0.708210 0.581234 0.219408 0.671358 0.938844 0.565210 0.930475 0.000000 0.773297 0.030303
0.545972
0.378615 0.333333 0.707683 0.581234 0.219408 0.671358 0.939678 0.564826 0.928906 0.000000 0.770018 0.030303
0.545972
0.378769 0.333333 0.708399 0.581234 0.219408 0.671358 0.939112 0.566136 0.928977 0.000000 0.773720 0.000000
0.545972
0.378658 0.333333 0.707885 0.581234 0.219408 0.671358 0.939036 0.564825 0.928643 0.000000 0.770366 0.000000
0.545972
0.378687 0.333333 0.708017 0.581235 0.219409 0.672766 0.939727 0.565042 0.929419 0.000000 0.771685 0.030303
0.545972
0.378721 0.333333 0.708173 0.581235 0.219409 0.672766 0.940134 0.565751 0.928382 0.000000 0.772119 0.060606
0.545972
0.378757 0.333333 0.708340 0.581235 0.219409 0.672766 0.940242 0.566389 0.928788 0.021739 0.773909 0.060606
0.545972
0.378525 0.333333 0.707264 0.581235 0.219409 0.672766 0.938974 0.564546 0.928549 0.000000 0.768443 0.030303
0.545972
0.378720 0.333333 0.708175 0.581235 0.219409 0.672766 0.939492 0.565853 0.928619 0.000000 0.773138 0.030303
0.545972
0.378598 0.333333 0.707606 0.581235 0.219409 0.672766 0.938926 0.564611 0.929116 0.000000 0.768906 0.060606
0.545972
0.378549 0.333333 0.707374 0.581234 0.219408 0.671358 0.938872 0.564340 0.928801 0.000000 0.768402 0.090909
0.545972
0.378594 0.333333 0.707585 0.581234 0.219408 0.671358 0.939391 0.565388 0.927626 0.000000 0.769251 0.090909
0.545972
0.378689 0.333333 0.708029 0.581234 0.219408 0.671358 0.939398 0.564851 0.929105 0.000000 0.771207 0.030303
0.545972
0.378710 0.333333 0.708124 0.581234 0.219408 0.671358 0.939458 0.565643 0.929367 0.000000 0.771419 0.030303
0.545972
0.378576 0.333333 0.707501 0.581234 0.219408 0.671358 0.939538 0.564491 0.928514 0.000000 0.769310 0.060606
0.545972
0.378659 0.333333 0.707890 0.581234 0.219408 0.671358 0.939712 0.565281 0.928789 0.000000 0.771408 0.060606
0.545972
0.378616 0.333333 0.707689 0.581244 0.219408 0.671358 0.939255 0.564154 0.929312 0.000000 0.768876 0.030303
0.545972
0.378594 0.333333 0.707584 0.581234 0.219408 0.671358 0.938459 0.564103 0.928840 0.000000 0.769947 0.030303
0.545972
0.378603 0.333333 0.707626 0.581234 0.219408 0.671358 0.939008 0.564243 0.929695 0.000000 0.770481 0.030303
0.545972
0.378667 0.333333 0.707924 0.581235 0.219409 0.672766 0.939610 0.564815 0.928633 0.000000 0.770603 0.060606
0.545972
0.378592 0.333333 0.707580 0.581235 0.219409 0.672766 0.939675 0.564898 0.928320 0.000000 0.768636 0.060606
0.545972
0.378557 0.333333 0.707414 0.581235 0.219409 0.672766 0.939336 0.564958 0.928323 0.000000 0.769525 0.000000
0.545972
0.378532 0.333333 0.707302 0.581260 0.219409 0.672766 0.938685 0.564074 0.929190 0.000000 0.767546 0.030303
0.545972
0.378630 0.333333 0.707755 0.581235 0.219409 0.672766 0.939311 0.564948 0.929173 0.021739 0.771063 0.090909
0.545972
0.378660 0.333333 0.707891 0.581235 0.219409 0.672766 0.939324 0.564910 0.929589 0.000000 0.772308 0.090909
0.545972
0.378706 0.333333 0.708105 0.581235 0.219409 0.672766 0.939168 0.565229 0.928347 0.000000 0.771648 0.030303
0.545972
0.378530 0.333333 0.707293 0.581234 0.219408 0.671358 0.939083 0.564645 0.927868 0.000000 0.766190 0.060606
0.545972
0.378681 0.333333 0.707990 0.581234 0.219408 0.671358 0.939097 0.564616 0.929844 0.000000 0.772071 0.030303
0.545972
0.378769 0.333333 0.708400 0.581234 0.219408 0.671358 0.939675 0.566025 0.929007 0.000000 0.774650 0.060606
0.545972
0.378685 0.333333 0.708010 0.581234 0.219408 0.671358 0.939343 0.565582 0.928532 0.000000 0.773483 0.090909
0.545972
0.378615 0.333333 0.707685 0.581234 0.219408 0.671358 0.939462 0.564903 0.928644 0.000000 0.768880 0.000000
0.545972
0.378725 0.333333 0.708191 0.581234 0.219408 0.671358 0.939868 0.565085 0.929444 0.000000 0.773564 0.030303
0.545972
0.378625 0.333333 0.707733 0.581235 0.219409 0.672766 0.939446 0.565208 0.928330 0.000000 0.769477 0.030303
0.545972
0.378583 0.333333 0.707533 0.581235 0.219409 0.672766 0.939299 0.564714 0.928366 0.000000 0.769747 0.060606
0.545972
0.378761 0.333333 0.708358 0.581242 0.219409 0.672766 0.939519 0.564578 0.930899 0.021739 0.773768 0.000000
0.545972
0.378941 0.333333 0.709197 0.581235 0.219409 0.672766 0.940958 0.566531 0.929459 0.021739 0.777474 0.030303
0.545972
0.378541 0.333333 0.707344 0.581235 0.219409 0.672766 0.939070 0.564424 0.928183 0.000000 0.766249 0.030303
0.545972
0.378687 0.333333 0.708015 0.581235 0.219409 0.672766 0.939838 0.565465 0.928749 0.000000 0.772071 0.030303
0.545972
0.378689 0.333333 0.708025 0.581235 0.219409 0.672766 0.939995 0.565281 0.928375 0.000000 0.771089 0.060606
0.545972
0.378624 0.333333 0.707727 0.581234 0.219408 0.671358 0.939301 0.565109 0.928034 0.043478 0.769547 0.030303
0.545972
0.378671 0.333333 0.707945 0.581234 0.219408 0.671358 0.939502 0.565193 0.929136 0.000000 0.770881 0.030303
0.545972
0.378520 0.333333 0.707242 0.581234 0.219408 0.671358 0.938693 0.564226 0.928739 0.000000 0.768432 0.000000
0.545972
0.378574 0.333333 0.707491 0.581234 0.219408 0.671358 0.939486 0.564820 0.927980 0.043478 0.769125 0.060606
0.545972
0.378756 0.333333 0.708338 0.581234 0.219408 0.671358 0.940069 0.565670 0.929041 0.000000 0.773097 0.090909
0.545972
0.378561 0.333333 0.707435 0.581259 0.219408 0.671358 0.939181 0.564286 0.928513 0.021739 0.767691 0.030303
0.545972
0.378765 0.333333 0.708379 0.581234 0.219408 0.671358 0.939870 0.565890 0.929468 0.000000 0.773297 0.030303
0.545972
0.378716 0.333333 0.708151 0.581234 0.219408 0.671358 0.939503 0.565270 0.929428 0.000000 0.772649 0.030303
0.545972
0.378486 0.333333 0.707087 0.581235 0.219409 0.672766 0.938524 0.563879 0.928440 0.000000 0.765686 0.030303
0.545972
0.378700 0.333333 0.708077 0.581235 0.219409 0.672766 0.939614 0.565450 0.929174 0.000000 0.773868 0.060606
0.545972
0.378800 0.333333 0.708546 0.581302 0.219409 0.672766 0.939788 0.564744 0.931236 0.000000 0.775621 0.030303
0.545972
0.378850 0.333333 0.708773 0.581235 0.219409 0.672766 0.939780 0.565312 0.930522 0.000000 0.775840 0.000000
0.545972
0.378589 0.333333 0.707561 0.581235 0.219409 0.672766 0.939363 0.564826 0.928044 0.000000 0.768747 0.121212
0.545972
0.378781 0.333333 0.708455 0.581337 0.219410 0.672766 0.940145 0.565471 0.931234 0.000000 0.776077 0.030303
0.545972
0.378649 0.333333 0.707841 0.581235 0.219409 0.672766 0.939563 0.565297 0.928793 0.000000 0.771356 0.090909
0.545972
0.378946 0.333333 0.709219 0.581235 0.219409 0.672766 0.940467 0.566133 0.930389 0.021739 0.778563 0.121212
0.545972
0.378732 0.333333 0.708229 0.581234 0.219408 0.671358 0.939826 0.565469 0.929448 0.000000 0.773101 0.060606
0.545972
0.378636 0.333333 0.707783 0.581234 0.219409 0.671358 0.939195 0.564366 0.928990 0.000000 0.771974 0.030303
0.545972
0.378811 0.333333 0.708591 0.581234 0.219408 0.671358 0.940091 0.564962 0.929573 0.021739 0.774279 0.030303
0.545972
0.378607 0.333333 0.707643 0.581234 0.219409 0.671358 0.939150 0.564543 0.929338 0.021739 0.771059 0.030303
0.545972
0.378771 0.333333 0.708407 0.581234 0.219408 0.671358 0.939761 0.564887 0.929578 0.021739 0.773042 0.060606
0.545972
0.378683 0.333333 0.707999 0.581234 0.219408 0.671358 0.939095 0.565056 0.929054 0.000000 0.771093 0.030303
0.545972
0.378599 0.333333 0.707608 0.581235 0.219409 0.672766 0.938847 0.564310 0.928696 0.021739 0.769988 0.030303
0.545972
0.378689 0.333333 0.708023 0.581235 0.219409 0.672766 0.939224 0.564718 0.928354 0.000000 0.770029 0.090909
0.545972
0.378572 0.333333 0.707485 0.581235 0.219409 0.672766 0.938854 0.564490 0.928806 0.000000 0.768780 0.030303
0.545972
0.378597 0.333333 0.707603 0.581235 0.219409 0.672766 0.938912 0.564556 0.928727 0.000000 0.769214 0.030303
0.545972
0.378717 0.333333 0.708156 0.581303 0.219409 0.672766 0.939721 0.565059 0.930647 0.000000 0.774472 0.030303
0.545972
0.378751 0.333333 0.708315 0.581235 0.219409 0.672766 0.939471 0.565536 0.929722 0.000000 0.775914 0.060606
0.545972
0.378575 0.333333 0.707498 0.581234 0.219408 0.671358 0.938903 0.564854 0.927601 0.000000 0.767802 0.060606
0.545972
0.378613 0.333333 0.707673 0.581234 0.219408 0.671358 0.939090 0.564657 0.928828 0.000000 0.770114 0.030303
0.545972
0.378613 0.333333 0.707675 0.581234 0.219408 0.671358 0.939298 0.564711 0.927857 0.000000 0.768754 0.030303
0.545972
0.378667 0.333333 0.707921 0.581234 0.219408 0.671358 0.939131 0.564813 0.929638 0.000000 0.770978 0.000000
0.545972
0.378738 0.333333 0.708255 0.581234 0.219408 0.671358 0.939674 0.565134 0.929531 0.043478 0.771608 0.030303
0.545972
0.378755 0.333333 0.708330 0.581234 0.219409 0.671358 0.939676 0.565466 0.928679 0.043478 0.773123 0.060606
0.545972
0.378785 0.333333 0.708469 0.581234 0.219408 0.671358 0.939734 0.565714 0.929343 0.000000 0.774387 0.121212
0.545972
0.378662 0.333333 0.707903 0.581234 0.219408 0.671358 0.939273 0.565152 0.928290 0.021739 0.770841 0.060606
0.545972
0.378708 0.333333 0.708119 0.581292 0.219409 0.672766 0.939891 0.564992 0.930220 0.000000 0.772856 0.000000
0.545972
0.378675 0.333333 0.707962 0.581235 0.219409 0.672766 0.939780 0.565524 0.928084 0.021739 0.769925 0.060606
0.545972
0.378833 0.333333 0.708692 0.581235 0.219409 0.672766 0.940276 0.565750 0.930407 0.000000 0.775647 0.090909
0.545972
0.378680 0.333333 0.707984 0.581235 0.219410 0.672766 0.939818 0.565459 0.928248 0.000000 0.771337 0.060606
0.545972
0.378604 0.333333 0.707635 0.581235 0.219409 0.672766 0.938932 0.565010 0.928309 0.000000 0.771081 0.030303
0.545972
0.378693 0.333333 0.708050 0.581235 0.219409 0.672766 0.939466 0.564966 0.929464 0.000000 0.772045 0.030303
0.545972
0.378721 0.333333 0.708173 0.581235 0.219409 0.672766 0.939736 0.565854 0.928304 0.000000 0.773701 0.030303
0.545972
0.378703 0.333333 0.708089 0.581235 0.219409 0.672766 0.939536 0.565525 0.928567 0.021739 0.773327 0.060606
0.545972
0.378803 0.333333 0.708555 0.581235 0.219409 0.672766 0.939774 0.565554 0.929952 0.000000 0.775284 0.000000
0.545972
0.378737 0.333333 0.708251 0.581234 0.219408 0.671358 0.939375 0.565160 0.929965 0.000000 0.774124 0.030303
0.545972
0.378711 0.333333 0.708129 0.581234 0.219408 0.671358 0.939379 0.564700 0.929642 0.000000 0.770711 0.060606
0.545972
0.378639 0.333333 0.707794 0.581234 0.219409 0.671358 0.939394 0.564498 0.928921 0.000000 0.770600 0.090909
0.545972
0.378701 0.333333 0.708083 0.581234 0.219408 0.671358 0.939322 0.565236 0.929404 0.021739 0.772879 0.000000
0.545972
0.378688 0.333333 0.708024 0.581234 0.219408 0.671358 0.939564 0.565491 0.928021 0.000000 0.768902 0.000000
0.545972
0.378626 0.333333 0.707735 0.581235 0.219409 0.672766 0.938841 0.564593 0.929124 0.000000 0.770025 0.000000
0.545972
0.378648 0.333333 0.707838 0.581235 0.219409 0.672766 0.938720 0.564751 0.929148 0.000000 0.770855 0.030303
0.545972
0.378708 0.333333 0.708117 0.581245 0.219409 0.672766 0.939006 0.564901 0.930079 0.000000 0.772219 0.030303
0.545972
0.378797 0.333333 0.708526 0.581235 0.219409 0.672766 0.940110 0.565138 0.928956 0.000000 0.774094 0.000000
0.545972
0.378689 0.333333 0.708029 0.581235 0.219409 0.672766 0.939724 0.565149 0.928959 0.000000 0.770614 0.060606
0.545972
0.378657 0.333333 0.707880 0.581236 0.219409 0.672766 0.938896 0.564740 0.929644 0.000000 0.771059 0.030303
0.545972
0.378776 0.333333 0.708430 0.581235 0.219409 0.672766 0.939662 0.566045 0.929191 0.000000 0.774939 0.000000
0.545972
0.378778 0.333333 0.708440 0.581235 0.219409 0.672766 0.940090 0.565951 0.928596 0.000000 0.774502 0.000000
0.545972
0.378714 0.333333 0.708151 0.581274 0.219409 0.672766 0.938937 0.565094 0.930111 0.021739 0.772475 0.060606
0.545972
0.378876 0.333333 0.708892 0.581235 0.219409 0.672766 0.939839 0.566510 0.928873 0.021739 0.775710 0.000000
0.545972
0.378774 0.333333 0.708423 0.581234 0.219408 0.671358 0.940069 0.565543 0.929210 0.000000 0.773527 0.030303
0.545972
0.378814 0.333333 0.708607 0.581235 0.219411 0.671358 0.939568 0.565504 0.930158 0.021739 0.774746 0.030303
0.545972
0.378745 0.333333 0.708284 0.581234 0.219408 0.671358 0.939301 0.565324 0.930021 0.021739 0.773231 0.060606
0.545972
0.378658 0.333333 0.707881 0.581235 0.219412 0.671358 0.939334 0.564798 0.928643 0.000000 0.769955 0.060606
0.545972
0.378597 0.333333 0.707600 0.581234 0.219408 0.671358 0.939019 0.564485 0.928945 0.000000 0.770507 0.060606
0.545972
0.378774 0.333333 0.708423 0.581235 0.219409 0.672766 0.939374 0.565564 0.929568 0.000000 0.773753 0.090909
0.545972
0.378641 0.333333 0.707806 0.581235 0.219409 0.672766 0.938807 0.564804 0.929390 0.000000 0.771700 0.000000
0.545972
0.378685 0.333333 0.708006 0.581235 0.219409 0.672766 0.939137 0.565003 0.929187 0.021739 0.771559 0.090909
0.545972
0.378678 0.333333 0.707976 0.581253 0.219409 0.672766 0.939073 0.564701 0.929423 0.000000 0.771519 0.060606
0.545972
0.378802 0.333333 0.708556 0.581235 0.219409 0.672766 0.939743 0.565838 0.929483 0.000000 0.774750 0.090909
0.545972
0.378778 0.333333 0.708441 0.581235 0.219409 0.672766 0.939769 0.565256 0.930010 0.021739 0.775265 0.030303
0.545972
0.378753 0.333333 0.708323 0.581235 0.219410 0.672766 0.939277 0.565417 0.929480 0.000000 0.773905 0.060606
0.545972
0.378705 0.333333 0.708108 0.581235 0.219409 0.672766 0.939905 0.565422 0.928522 0.000000 0.771419 0.000000
0.545972
0.378654 0.333333 0.707868 0.581235 0.219412 0.671358 0.939473 0.565214 0.928211 0.000000 0.771419 0.030303
0.545972
0.378717 0.333333 0.708157 0.581234 0.219408 0.671358 0.939363 0.565165 0.929286 0.000000 0.771419 0.000000
0.545972
0.378661 0.333333 0.707897 0.581234 0.219408 0.671358 0.939071 0.565279 0.928725 0.021739 0.770685 0.000000
0.545972
0.378651 0.333333 0.707853 0.581234 0.219408 0.671358 0.939502 0.564911 0.928232 0.000000 0.769518 0.060606
0.545972
0.177973 1.000000 0.602588 0.999640 0.999895 0.001407 0.033421 0.705821 0.000000 0.021739 0.000000 0.151515
0.356027
0.177972 1.000000 0.602573 0.999640 0.999895 0.001407 0.041349 0.720558 0.000342 0.000000 0.001297 0.060606
0.356027
0.177971 1.000000 0.602561 0.999640 0.999895 0.001407 0.042326 0.722644 0.000244 0.000000 0.001416 0.060606
0.356027
0.177971 1.000000 0.602562 0.999640 0.999895 0.001407 0.041733 0.721342 0.000496 0.000000 0.001853 0.060606
0.356027
0.177971 1.000000 0.602560 0.999640 0.999895 0.001407 0.041861 0.721518 0.000364 0.000000 0.001619 0.060606
0.356027
0.177971 1.000000 0.602563 0.999640 0.999895 0.001407 0.041680 0.721284 0.000341 0.000000 0.001542 0.060606
0.356027
0.177971 1.000000 0.602562 0.999640 0.999895 0.001407 0.042356 0.722822 0.000312 0.000000 0.001697 0.060606
0.356027
0.177971 1.000000 0.602564 0.999640 0.999895 0.001407 0.042671 0.723237 0.000404 0.000000 0.001849 0.060606
0.356027
0.177971 1.000000 0.602565 0.999640 0.999895 0.001407 0.041774 0.721391 0.000431 0.000000 0.001571 0.060606
0.356027
0.177971 1.000000 0.602566 0.999640 0.999895 0.001407 0.042280 0.722642 0.000283 0.000000 0.001479 0.060606
0.356027
0.177971 1.000000 0.602562 0.999640 0.999895 0.001407 0.042370 0.722721 0.000255 0.000000 0.001453 0.060606
0.356027
0.177971 1.000000 0.602564 0.999640 0.999895 0.001407 0.041870 0.721593 0.000285 0.000000 0.001308 0.060606
0.356027
0.177971 1.000000 0.602564 0.999640 0.999895 0.001407 0.042101 0.722148 0.000360 0.000000 0.001601 0.030303
0.356027
0.177971 1.000000 0.602562 0.999640 0.999895 0.001407 0.041192 0.720059 0.000297 0.000000 0.001204 0.060606
0.356027
0.177970 1.000000 0.602561 0.999640 0.999895 0.001407 0.041857 0.721629 0.000352 0.000000 0.001575 0.060606
0.356027
0.177971 1.000000 0.602569 0.999640 0.999895 0.001407 0.042291 0.722693 0.000408 0.000000 0.001883 0.060606
0.356027
0.177971 1.000000 0.602564 0.999640 0.999895 0.001407 0.042058 0.722025 0.000252 0.000000 0.001367 0.060606
0.356027
0.177971 1.000000 0.602566 0.999640 0.999895 0.001407 0.041797 0.721491 0.000443 0.000000 0.002097 0.060606
0.356027
0.177971 1.000000 0.602560 0.999640 0.999895 0.001407 0.042918 0.723899 0.000519 0.000000 0.002261 0.060606
0.356027
0.177971 1.000000 0.602564 0.999640 0.999895 0.001407 0.042127 0.722248 0.000270 0.000000 0.001527 0.060606
0.356027
0.177972 1.000000 0.602572 0.999640 0.999895 0.001407 0.042017 0.721996 0.000412 0.000000 0.001853 0.060606
0.356027
0.177971 1.000000 0.602565 0.999640 0.999895 0.001407 0.041914 0.721695 0.000474 0.000000 0.001912 0.060606
0.356027
0.177971 1.000000 0.602565 0.999640 0.999895 0.001407 0.042425 0.722997 0.000331 0.000000 0.001627 0.060606
0.356027
0.177971 1.000000 0.602564 0.999640 0.999895 0.001407 0.041974 0.721867 0.000443 0.000000 0.001920 0.060606
0.356027
0.177971 1.000000 0.602564 0.999640 0.999895 0.001407 0.042479 0.723016 0.000209 0.000000 0.001216 0.030303
0.356027
0.177971 1.000000 0.602559 0.999640 0.999895 0.001407 0.042374 0.722821 0.000136 0.000000 0.000901 0.060606
0.356027
0.177971 1.000000 0.602562 0.999640 0.999895 0.001407 0.041671 0.721266 0.000382 0.000000 0.001797 0.060606
0.356027
0.177971 1.000000 0.602563 0.999640 0.999895 0.001407 0.042908 0.723921 0.000310 0.000000 0.001619 0.060606
0.356027
0.177971 1.000000 0.602565 0.999639 0.999895 0.000000 0.041892 0.721649 0.000430 0.000000 0.001690 0.030303
0.356027
0.177971 1.000000 0.602563 0.999640 0.999895 0.001407 0.041425 0.720737 0.000384 0.000000 0.001597 0.060606
0.356027
0.177970 1.000000 0.602560 0.999640 0.999895 0.001407 0.041787 0.721019 0.000332 0.000000 0.001197 0.060606
0.356027
0.177970 1.000000 0.602559 0.999640 0.999895 0.001407 0.041663 0.721141 0.000265 0.000000 0.001045 0.060606
0.356027
0.177971 1.000000 0.602564 0.999640 0.999895 0.001407 0.042396 0.722810 0.000390 0.000000 0.001797 0.060606
0.356027
0.177971 1.000000 0.602561 0.999640 0.999895 0.001407 0.042224 0.722498 0.000158 0.000000 0.001027 0.060606
0.356027
0.177972 1.000000 0.602568 0.999640 0.999895 0.001407 0.042202 0.722326 0.000359 0.000000 0.001871 0.060606
0.356027
0.177971 1.000000 0.602562 0.999640 0.999895 0.001407 0.042357 0.722724 0.000165 0.000000 0.000830 0.060606
0.356027
0.177971 1.000000 0.602566 0.999640 0.999895 0.001407 0.042111 0.722223 0.000339 0.000000 0.001694 0.060606
0.356027
0.177971 1.000000 0.602560 0.999640 0.999895 0.001407 0.042043 0.721954 0.000339 0.000000 0.001471 0.060606
0.356027
0.177971 1.000000 0.602560 0.999640 0.999895 0.001407 0.042031 0.721980 0.000486 0.000000 0.002068 0.060606
0.356027
0.177974 1.000000 0.602590 0.999640 0.999895 0.001407 0.041605 0.721129 0.000392 0.000000 0.001486 0.060606
0.356027
0.177972 1.000000 0.602579 0.999640 0.999895 0.001407 0.041855 0.721631 0.000268 0.000000 0.001319 0.060606
0.356027
0.177971 1.000000 0.602559 0.999640 0.999895 0.001407 0.041477 0.720695 0.000369 0.000000 0.001427 0.060606
0.356027
0.177971 1.000000 0.602558 0.999640 0.999895 0.001407 0.041942 0.721652 0.000493 0.000000 0.002086 0.060606
0.356027
0.177970 1.000000 0.602562 0.999640 0.999895 0.001407 0.042431 0.722840 0.000509 0.000000 0.002242 0.060606
0.356027
0.177971 1.000000 0.602565 0.999640 0.999895 0.001407 0.041760 0.721268 0.000493 0.000000 0.001775 0.060606
0.356027
0.177971 1.000000 0.602563 0.999640 0.999895 0.001407 0.042719 0.723076 0.000618 0.000000 0.002561 0.030303
0.356027
0.177971 1.000000 0.602563 0.999640 0.999895 0.001407 0.041948 0.721806 0.000484 0.000000 0.001842 0.060606
0.356027
0.177971 1.000000 0.602564 0.999640 0.999895 0.001407 0.041589 0.720939 0.000436 0.000000 0.001731 0.060606
0.356027
0.177971 1.000000 0.602565 0.999640 0.999895 0.001407 0.042527 0.723051 0.000549 0.000000 0.002457 0.060606
0.356027
0.177971 1.000000 0.602572 0.999640 0.999895 0.001407 0.041994 0.721828 0.000258 0.000000 0.000993 0.030303
0.356027
0.177971 1.000000 0.602559 0.999640 0.999895 0.001407 0.042132 0.722306 0.000459 0.000000 0.002064 0.060606
0.356027
0.177971 1.000000 0.602569 0.999640 0.999895 0.001407 0.041594 0.721025 0.000318 0.000000 0.001327 0.060606
0.356027
0.177971 1.000000 0.602563 0.999640 0.999895 0.001407 0.041529 0.720980 0.000532 0.000000 0.001857 0.060606
0.356027
0.177971 1.000000 0.602562 0.999640 0.999895 0.001407 0.041820 0.721584 0.000367 0.000000 0.001556 0.060606
0.356027
0.177971 1.000000 0.602564 0.999640 0.999895 0.001407 0.042251 0.722547 0.000432 0.000000 0.001779 0.060606
0.356027
0.177971 1.000000 0.602564 0.999640 0.999895 0.001407 0.042077 0.722055 0.000568 0.000000 0.002327 0.060606
0.356027
0.177972 1.000000 0.602573 0.999640 0.999895 0.001407 0.042476 0.723013 0.000328 0.000000 0.001768 0.060606
0.356027
0.177971 1.000000 0.602565 0.999640 0.999895 0.001407 0.042074 0.721556 0.000393 0.000000 0.001679 0.060606
0.356027
0.177971 1.000000 0.602558 0.999640 0.999895 0.001407 0.042583 0.723230 0.000260 0.000000 0.001290 0.060606
0.356027
0.177971 1.000000 0.602564 0.999640 0.999895 0.001407 0.041766 0.721416 0.000512 0.000000 0.002034 0.060606
0.356027
0.177970 1.000000 0.602560 0.999640 0.999895 0.001407 0.042060 0.722031 0.000433 0.000000 0.001616 0.060606
0.356027
0.177971 1.000000 0.602564 0.999640 0.999895 0.001407 0.042287 0.722625 0.000286 0.000000 0.001490 0.060606
0.356027
0.177971 1.000000 0.602562 0.999640 0.999895 0.001407 0.041929 0.721801 0.000409 0.000000 0.001749 0.060606
0.356027
0.177971 1.000000 0.602562 0.999640 0.999895 0.001407 0.041942 0.721701 0.000393 0.000000 0.001864 0.090909
0.356027
0.177972 1.000000 0.602569 0.999640 0.999895 0.001407 0.042392 0.722790 0.000383 0.000000 0.001842 0.060606
0.356027
0.177971 1.000000 0.602562 0.999640 0.999895 0.001407 0.042526 0.723094 0.000229 0.000000 0.001193 0.060606
0.356027
0.177970 1.000000 0.602556 0.999640 0.999895 0.001407 0.041567 0.721277 0.000478 0.000000 0.002064 0.060606
0.356027
0.177970 1.000000 0.602564 0.999640 0.999895 0.001407 0.042131 0.722209 0.000442 0.000000 0.001971 0.060606
0.356027
0.177970 1.000000 0.602562 0.999639 0.999895 0.000000 0.042234 0.722498 0.000315 0.000000 0.001616 0.060606
0.356027
0.177971 1.000000 0.602560 0.999640 0.999895 0.001407 0.042547 0.723193 0.000185 0.000000 0.001104 0.060606
0.356027
0.177971 1.000000 0.602563 0.999640 0.999895 0.001407 0.042284 0.722543 0.000285 0.000000 0.001316 0.090909
0.356027
0.177971 1.000000 0.602568 0.999640 0.999895 0.001407 0.042140 0.722299 0.000306 0.000000 0.001438 0.090909
0.356027
0.177971 1.000000 0.602563 0.999640 0.999895 0.001407 0.042048 0.722038 0.000327 0.000000 0.001556 0.060606
0.356027
0.177971 1.000000 0.602561 0.999640 0.999895 0.001407 0.042052 0.722000 0.000278 0.000000 0.001360 0.030303
0.356027
0.177971 1.000000 0.602563 0.999639 0.999895 0.000000 0.043050 0.724126 0.000337 0.000000 0.001201 0.060606
0.356027
0.177971 1.000000 0.602565 0.999640 0.999895 0.001407 0.041923 0.721645 0.000399 0.000000 0.001838 0.060606
0.356027
0.177973 1.000000 0.602588 0.999640 0.999895 0.001407 0.042242 0.722602 0.000438 0.000000 0.001708 0.060606
0.356027
0.177972 1.000000 0.602578 0.999640 0.999895 0.001407 0.042256 0.722631 0.000313 0.000000 0.001449 0.060606
0.356027
0.177971 1.000000 0.602562 0.999640 0.999895 0.001407 0.041747 0.721371 0.000361 0.000000 0.001412 0.060606
0.356027
0.177971 1.000000 0.602564 0.999640 0.999895 0.001407 0.041815 0.721491 0.000407 0.000000 0.001623 0.060606
0.356027
0.177972 1.000000 0.602572 0.999640 0.999895 0.001407 0.042566 0.723162 0.000308 0.000000 0.001768 0.060606
0.356027
0.177971 1.000000 0.602566 0.999640 0.999895 0.001407 0.042693 0.723275 0.000266 0.000000 0.001449 0.060606
0.356027
0.177971 1.000000 0.602561 0.999640 0.999895 0.001407 0.042469 0.722927 0.000346 0.000000 0.001731 0.060606
0.356027
0.177971 1.000000 0.602562 0.999640 0.999895 0.001407 0.041697 0.721206 0.000418 0.000000 0.001849 0.060606
0.356027
0.177971 1.000000 0.602564 0.999640 0.999895 0.001407 0.041580 0.720948 0.000415 0.000000 0.001734 0.060606
0.356027
0.177971 1.000000 0.602566 0.999640 0.999895 0.001407 0.042249 0.722387 0.000387 0.000000 0.001801 0.060606
0.356027
0.177972 1.000000 0.602572 0.999640 0.999895 0.001407 0.041815 0.721498 0.000366 0.000000 0.001619 0.060606
0.356027
0.177972 1.000000 0.602579 0.999640 0.999895 0.001407 0.041919 0.721805 0.000367 0.000000 0.001616 0.060606
0.356027
0.177973 1.000000 0.602586 0.999640 0.999895 0.001407 0.042572 0.723300 0.000433 0.000000 0.001879 0.060606
0.356027
0.177973 1.000000 0.602582 0.999640 0.999895 0.001407 0.041937 0.721908 0.000325 0.000000 0.001564 0.060606
0.356027
0.177973 1.000000 0.602586 0.999640 0.999895 0.001407 0.041960 0.721789 0.000384 0.000000 0.001831 0.060606
0.356027
0.177973 1.000000 0.602592 0.999640 0.999895 0.001407 0.041864 0.721685 0.000379 0.000000 0.001656 0.060606
0.356027
0.177971 1.000000 0.602571 0.999640 0.999895 0.001407 0.042502 0.723077 0.000211 0.000000 0.001238 0.060606
0.356027
0.177971 1.000000 0.602565 0.999640 0.999895 0.001407 0.042491 0.722986 0.000275 0.000000 0.001445 0.060606
0.356027
0.177970 1.000000 0.602559 0.999640 0.999895 0.001407 0.042515 0.723110 0.000356 0.000000 0.001723 0.090909
0.356027
0.177971 1.000000 0.602564 0.999640 0.999895 0.001407 0.041602 0.720865 0.000313 0.000000 0.001182 0.060606
0.356027
0.177971 1.000000 0.602565 0.999640 0.999895 0.001407 0.042151 0.722333 0.000299 0.000000 0.001382 0.090909
0.356027
0.177971 1.000000 0.602563 0.999640 0.999895 0.001407 0.042463 0.722917 0.000320 0.000000 0.001579 0.060606
0.356027
0.177971 1.000000 0.602568 0.999640 0.999895 0.001407 0.041793 0.721437 0.000319 0.000000 0.001497 0.060606
0.356027
0.177971 1.000000 0.602566 0.999640 0.999895 0.001407 0.041898 0.721725 0.000369 0.000000 0.001601 0.060606
0.356027
0.177971 1.000000 0.602569 0.999640 0.999895 0.001407 0.042518 0.723124 0.000380 0.000000 0.001845 0.060606
0.356027
0.177971 1.000000 0.602567 0.999640 0.999895 0.001407 0.042082 0.722034 0.000355 0.000000 0.001505 0.060606
0.356027
0.177971 1.000000 0.602560 0.999640 0.999895 0.001407 0.041426 0.720576 0.000352 0.000000 0.001175 0.060606
0.356027
0.177971 1.000000 0.602561 0.999640 0.999895 0.001407 0.042189 0.722376 0.000299 0.000000 0.001627 0.060606
0.356027
0.177971 1.000000 0.602561 0.999640 0.999895 0.001407 0.041955 0.721861 0.000371 0.000000 0.001694 0.060606
0.356027
0.177971 1.000000 0.602560 0.999640 0.999895 0.001407 0.041518 0.720873 0.000318 0.000000 0.001345 0.060606
0.356027
0.177971 1.000000 0.602567 0.999640 0.999895 0.001407 0.041793 0.721619 0.000419 0.000000 0.001794 0.060606
0.356027
0.177971 1.000000 0.602564 0.999640 0.999895 0.001407 0.041924 0.721755 0.000375 0.000000 0.001682 0.060606
0.356027
0.177971 1.000000 0.602569 0.999640 0.999895 0.001407 0.042393 0.722810 0.000271 0.000000 0.001571 0.060606
0.356027
0.177971 1.000000 0.602562 0.999640 0.999895 0.001407 0.041954 0.721793 0.000440 0.000000 0.001760 0.060606
0.356027
0.177971 1.000000 0.602564 0.999639 0.999895 0.000000 0.042396 0.722838 0.000307 0.000000 0.001523 0.060606
0.356027
0.177971 1.000000 0.602568 0.999640 0.999895 0.001407 0.042421 0.722751 0.000272 0.000000 0.001234 0.060606
0.356027
0.177971 1.000000 0.602570 0.999640 0.999895 0.001407 0.041955 0.721734 0.000529 0.000000 0.002286 0.060606
0.356027
0.177974 1.000000 0.602587 0.999640 0.999895 0.001407 0.041550 0.720971 0.000390 0.000000 0.001475 0.060606
0.356027
0.177972 1.000000 0.602577 0.999640 0.999895 0.001407 0.042532 0.723144 0.000310 0.000000 0.001660 0.060606
0.356027
0.177971 1.000000 0.602563 0.999640 0.999895 0.001407 0.042418 0.722800 0.000422 0.000000 0.002031 0.060606
0.356027
0.177971 1.000000 0.602563 0.999640 0.999895 0.001407 0.041901 0.721677 0.000382 0.000000 0.001586 0.060606
0.356027
0.177970 1.000000 0.602561 0.999640 0.999895 0.001407 0.042406 0.722833 0.000369 0.000000 0.001801 0.060606
0.356027
0.177970 1.000000 0.602559 0.999640 0.999895 0.001407 0.042142 0.722181 0.000332 0.000000 0.001653 0.060606
0.356027
0.177971 1.000000 0.602568 0.999640 0.999895 0.001407 0.042095 0.722160 0.000481 0.000000 0.002149 0.060606
0.356027
0.177971 1.000000 0.602564 0.999640 0.999895 0.001407 0.042003 0.721876 0.000415 0.000000 0.001905 0.060606
0.356027
0.177971 1.000000 0.602563 0.999640 0.999895 0.001407 0.041641 0.721161 0.000447 0.000000 0.001934 0.060606
0.356027
0.177970 1.000000 0.602557 0.999640 0.999895 0.001407 0.041939 0.721781 0.000352 0.000000 0.001697 0.060606
0.356027
0.177971 1.000000 0.602564 0.999640 0.999895 0.001407 0.042416 0.722813 0.000162 0.000000 0.001123 0.060606
0.356027
0.177971 1.000000 0.602564 0.999640 0.999895 0.001407 0.042406 0.722799 0.000247 0.000000 0.001408 0.060606
0.356027
0.177971 1.000000 0.602563 0.999640 0.999895 0.001407 0.041624 0.721063 0.000285 0.000000 0.001227 0.060606
0.356027
0.177971 1.000000 0.602560 0.999640 0.999895 0.001407 0.041788 0.721401 0.000438 0.000000 0.001886 0.060606
0.356027
0.177970 1.000000 0.602563 0.999640 0.999895 0.001407 0.041628 0.721054 0.000164 0.000000 0.000704 0.060606
0.356027
0.177971 1.000000 0.602564 0.999640 0.999895 0.001407 0.041585 0.721007 0.000329 0.000000 0.001301 0.060606
0.356027
0.177970 1.000000 0.602559 0.999639 0.999894 0.001407 0.041705 0.721284 0.000211 0.000000 0.000975 0.060606
0.356027
0.177971 1.000000 0.602561 0.999639 0.999894 0.001407 0.042165 0.722342 0.000248 0.000000 0.001323 0.060606
0.356027
0.177971 1.000000 0.602571 0.999639 0.999894 0.001407 0.042372 0.722821 0.000285 0.000000 0.001501 0.060606
0.356027
0.177971 1.000000 0.602565 0.999639 0.999894 0.001407 0.041761 0.721382 0.000285 0.000000 0.001182 0.060606
0.356027
0.177971 1.000000 0.602562 0.999639 0.999894 0.001407 0.042167 0.722377 0.000252 0.000000 0.001241 0.060606
0.356027
0.177971 1.000000 0.602564 0.999639 0.999894 0.001407 0.042397 0.722953 0.000334 0.000000 0.001705 0.060606
0.356027
0.177971 1.000000 0.602561 0.999639 0.999894 0.001407 0.041557 0.720894 0.000327 0.000000 0.001382 0.060606
0.356027
0.177971 1.000000 0.602565 0.999639 0.999894 0.001407 0.042131 0.722069 0.000328 0.000000 0.001486 0.060606
0.356027
0.177971 1.000000 0.602565 0.999639 0.999894 0.001407 0.041648 0.721071 0.000446 0.000000 0.002075 0.060606
0.356027
0.177971 1.000000 0.602563 0.999639 0.999894 0.001407 0.042100 0.722172 0.000254 0.000000 0.001045 0.060606
0.356027
0.177971 1.000000 0.602568 0.999639 0.999894 0.001407 0.042212 0.722442 0.000431 0.000000 0.001738 0.060606
0.356027
0.177971 1.000000 0.602563 0.999639 0.999894 0.001407 0.042059 0.721973 0.000340 0.000000 0.001768 0.060606
0.356027
0.177971 1.000000 0.602562 0.999639 0.999894 0.001407 0.041726 0.721299 0.000442 0.000000 0.001801 0.060606
0.356027
0.177971 1.000000 0.602566 0.999639 0.999894 0.001407 0.042224 0.722468 0.000303 0.000000 0.001449 0.060606
0.356027
0.177971 1.000000 0.602566 0.999639 0.999894 0.001407 0.042605 0.723270 0.000425 0.000000 0.002138 0.060606
0.356027
0.177971 1.000000 0.602566 0.999639 0.999894 0.001407 0.041827 0.721493 0.000187 0.000000 0.000830 0.060606
0.356027
0.177971 1.000000 0.602562 0.999639 0.999894 0.001407 0.042145 0.722235 0.000296 0.000000 0.001479 0.060606
0.356027
0.177971 1.000000 0.602565 0.999639 0.999894 0.001407 0.042801 0.723608 0.000383 0.000000 0.001608 0.060606
0.356027
0.177972 1.000000 0.602571 0.999639 0.999894 0.001407 0.042101 0.722141 0.000273 0.000000 0.001149 0.060606
0.356027
0.177972 1.000000 0.602574 0.999639 0.999894 0.001407 0.042673 0.723489 0.000338 0.000000 0.001416 0.060606
0.356027
0.177971 1.000000 0.602570 0.999639 0.999894 0.001407 0.041458 0.720580 0.000389 0.000000 0.001479 0.030303
0.356027
0.356028 0.333333 0.602961 0.999813 0.999940 0.353272 0.001240 0.642623 0.007484 0.000000 0.031940 0.060606
0.533522
0.356026 0.333333 0.602953 0.999813 0.999940 0.353272 0.001114 0.642501 0.007845 0.000000 0.033063 0.030303
0.533522
0.356028 0.333333 0.602961 0.999814 0.999940 0.354680 0.000743 0.641587 0.007430 0.000000 0.030762 0.030303
0.533522
0.356032 0.333333 0.602977 0.999813 0.999940 0.353272 0.000995 0.642277 0.007551 0.000000 0.031662 0.000000
0.533522
0.356036 0.333333 0.602999 0.999813 0.999940 0.353272 0.000989 0.642288 0.007391 0.000000 0.031321 0.030303
0.533522
0.356024 0.333333 0.602945 0.999813 0.999940 0.353272 0.000988 0.642241 0.007536 0.000000 0.031544 0.030303
0.533522
0.356028 0.333333 0.602965 0.999813 0.999940 0.353272 0.000872 0.642266 0.007558 0.000000 0.031840 0.030303
0.533522
0.356027 0.333333 0.602958 0.999813 0.999940 0.353272 0.000501 0.641156 0.007389 0.000000 0.029780 0.030303
0.533522
0.356028 0.333333 0.602965 0.999813 0.999940 0.353272 0.000737 0.641645 0.007180 0.000000 0.029595 0.030303
0.533522
0.356027 0.333333 0.602959 0.999813 0.999940 0.353272 0.001053 0.642263 0.007747 0.000000 0.032259 0.030303
0.533522
0.356028 0.333333 0.602963 0.999813 0.999940 0.353272 0.001291 0.642798 0.008093 0.000000 0.034012 0.030303
0.533522
0.356029 0.333333 0.602963 0.999813 0.999940 0.353272 0.000962 0.641914 0.007362 0.000000 0.030869 0.030303
0.533522
0.356028 0.333333 0.602961 0.999813 0.999940 0.353272 0.001068 0.642165 0.007432 0.000000 0.031095 0.030303
0.533522
0.356028 0.333333 0.602967 0.999813 0.999940 0.353272 0.000776 0.641512 0.007351 0.000000 0.030006 0.030303
0.533522
0.356029 0.333333 0.602968 0.999813 0.999940 0.353272 0.000920 0.642078 0.007447 0.000000 0.031207 0.030303
0.533522
0.356027 0.333333 0.602956 0.999813 0.999940 0.353272 0.000909 0.641917 0.007676 0.000000 0.032118 0.030303
0.533522
0.356028 0.333333 0.602964 0.999814 0.999940 0.354680 0.001256 0.642714 0.007757 0.000000 0.032933 0.030303
0.533522
0.356027 0.333333 0.602958 0.999813 0.999940 0.353272 0.001305 0.642734 0.007471 0.000000 0.031929 0.030303
0.533522
0.356029 0.333333 0.602964 0.999814 0.999940 0.354680 0.000616 0.641218 0.007463 0.000000 0.030217 0.030303
0.533522
0.356032 0.333333 0.602982 0.999813 0.999940 0.353272 0.001547 0.643553 0.008068 0.000000 0.034379 0.030303
0.533522
0.356033 0.333333 0.602983 0.999813 0.999940 0.353272 0.001151 0.642681 0.007343 0.000000 0.030906 0.030303
0.533522
0.356024 0.333333 0.602943 0.999813 0.999940 0.353272 0.000739 0.641762 0.007401 0.000000 0.030769 0.030303
0.533522
0.356023 0.333333 0.602941 0.999813 0.999940 0.353272 0.000371 0.640809 0.007121 0.000000 0.028475 0.030303
0.533522
0.356027 0.333333 0.602956 0.999813 0.999940 0.353272 0.000142 0.640405 0.007076 0.000000 0.027649 0.030303
0.533522
0.356030 0.333333 0.602966 0.999813 0.999940 0.353272 0.001067 0.642345 0.007240 0.000000 0.030369 0.030303
0.533522
0.356029 0.333333 0.602967 0.999813 0.999940 0.353272 0.001133 0.642263 0.007549 0.000000 0.031674 0.030303
0.533522
0.356028 0.333333 0.602960 0.999813 0.999940 0.353272 0.000577 0.641307 0.006979 0.000000 0.028724 0.030303
0.533522
0.356028 0.333333 0.602963 0.999813 0.999940 0.353272 0.001290 0.642681 0.007670 0.000000 0.032211 0.030303
0.533522
0.356029 0.333333 0.602967 0.999813 0.999940 0.353272 0.001179 0.642444 0.007367 0.000000 0.031344 0.030303
0.533522
0.356028 0.333333 0.602963 0.999813 0.999940 0.353272 0.001197 0.642461 0.007551 0.000000 0.031925 0.030303
0.533522
0.356029 0.333333 0.602964 0.999814 0.999940 0.354680 0.001535 0.643120 0.007679 0.000000 0.033134 0.030303
0.533522
0.356026 0.333333 0.602952 0.999813 0.999940 0.353272 0.000893 0.641968 0.007124 0.000000 0.029724 0.030303
0.533522
0.356029 0.333333 0.602964 0.999813 0.999940 0.353272 0.001346 0.642819 0.007589 0.000000 0.031840 0.030303
0.533522
0.356028 0.333333 0.602963 0.999813 0.999940 0.353272 0.000891 0.642035 0.007535 0.000000 0.030995 0.030303
0.533522
0.356029 0.333333 0.602968 0.999813 0.999940 0.353272 0.001270 0.642746 0.007599 0.000000 0.032318 0.030303
0.533522
0.356034 0.333333 0.602991 0.999813 0.999940 0.353272 0.000989 0.642145 0.007286 0.000000 0.030250 0.030303
0.533522
0.356028 0.333333 0.602963 0.999813 0.999940 0.353272 0.001066 0.642464 0.007503 0.000000 0.031788 0.030303
0.533522
0.356024 0.333333 0.602944 0.999813 0.999940 0.353272 0.000438 0.640985 0.007140 0.000000 0.029039 0.030303
0.533522
0.356024 0.333333 0.602941 0.999813 0.999940 0.353272 0.000831 0.641809 0.007182 0.000000 0.030162 0.030303
0.533522
0.356024 0.333333 0.602946 0.999813 0.999940 0.353272 0.000834 0.641938 0.007310 0.000000 0.030547 0.030303
0.533522
0.356028 0.333333 0.602962 0.999813 0.999940 0.353272 0.000558 0.641464 0.007294 0.000000 0.030106 0.030303
0.533522
0.356029 0.333333 0.602964 0.999813 0.999940 0.353272 0.000340 0.640836 0.007005 0.000000 0.028464 0.030303
0.533522
0.356028 0.333333 0.602963 0.999813 0.999940 0.353272 0.001262 0.642786 0.007661 0.000000 0.032604 0.030303
0.533522
0.356029 0.333333 0.602965 0.999813 0.999940 0.353272 0.000634 0.641419 0.007194 0.000000 0.029294 0.030303
0.533522
0.356028 0.333333 0.602964 0.999813 0.999940 0.353272 0.001242 0.642627 0.007463 0.000000 0.031766 0.030303
0.533522
0.356028 0.333333 0.602963 0.999814 0.999940 0.354680 0.001427 0.642987 0.007902 0.000000 0.033571 0.030303
0.533522
0.356027 0.333333 0.602958 0.999814 0.999940 0.354680 0.000901 0.642003 0.007427 0.000000 0.031392 0.030303
0.533522
0.356028 0.333333 0.602962 0.999814 0.999940 0.354680 0.000760 0.641720 0.007271 0.000000 0.030236 0.030303
0.533522
0.356029 0.333333 0.602965 0.999813 0.999940 0.353272 0.000722 0.641665 0.007351 0.000000 0.030284 0.030303
0.533522
0.356028 0.333333 0.602962 0.999813 0.999940 0.353272 0.001371 0.642786 0.007486 0.000000 0.031781 0.030303
0.533522
0.356030 0.333333 0.602968 0.999813 0.999940 0.353272 0.000942 0.642045 0.007331 0.000000 0.030495 0.030303
0.533522
0.356034 0.333333 0.602991 0.999813 0.999940 0.353272 0.001226 0.642714 0.007607 0.000000 0.032240 0.030303
0.533522
0.356026 0.333333 0.602950 0.999813 0.999940 0.353272 0.001242 0.642574 0.007516 0.000000 0.032237 0.030303
0.533522
0.356023 0.333333 0.602940 0.999813 0.999940 0.353272 0.001276 0.642615 0.007464 0.000000 0.031399 0.030303
0.533522
0.356024 0.333333 0.602942 0.999813 0.999940 0.353272 0.001042 0.642132 0.007341 0.000000 0.030751 0.030303
0.533522
0.356023 0.333333 0.602941 0.999813 0.999940 0.353272 0.000937 0.642185 0.007482 0.000000 0.031099 0.030303
0.533522
0.356024 0.333333 0.602943 0.999813 0.999940 0.353272 0.001041 0.642422 0.007482 0.000000 0.031533 0.030303
0.533522
0.356028 0.333333 0.602961 0.999813 0.999940 0.353272 0.001359 0.643184 0.007775 0.000000 0.033056 0.030303
0.533522
0.356028 0.333333 0.602965 0.999813 0.999940 0.353272 0.001043 0.642356 0.007357 0.000000 0.031069 0.030303
0.533522
0.356028 0.333333 0.602962 0.999813 0.999940 0.353272 0.001103 0.642349 0.007583 0.000000 0.031748 0.030303
0.533522
0.356026 0.333333 0.602954 0.999813 0.999940 0.353272 0.000629 0.641447 0.007132 0.000000 0.029361 0.030303
0.533522
0.356028 0.333333 0.602961 0.999813 0.999940 0.353272 0.001171 0.642619 0.007564 0.000000 0.032148 0.030303
0.533522
0.356028 0.333333 0.602965 0.999813 0.999940 0.353272 0.001101 0.642401 0.007634 0.000000 0.031429 0.030303
0.533522
0.356028 0.333333 0.602962 0.999813 0.999940 0.353272 0.000594 0.641288 0.006950 0.000000 0.028416 0.030303
0.533522
0.356028 0.333333 0.602963 0.999813 0.999940 0.353272 0.000737 0.641648 0.007315 0.000000 0.029943 0.030303
0.533522
0.356029 0.333333 0.602969 0.999813 0.999940 0.353272 0.001119 0.642364 0.007599 0.000000 0.032507 0.030303
0.533522
0.356032 0.333333 0.602978 0.999813 0.999940 0.353272 0.000775 0.641723 0.007109 0.000000 0.029557 0.030303
0.533522
0.356034 0.333333 0.602990 0.999813 0.999940 0.353272 0.000836 0.641995 0.007399 0.000000 0.030884 0.030303
0.533522
0.356024 0.333333 0.602941 0.999813 0.999940 0.353272 0.001158 0.642554 0.007572 0.000000 0.031974 0.030303
0.533522
0.356023 0.333333 0.602940 0.999813 0.999940 0.353272 0.000950 0.642042 0.007037 0.000000 0.029483 0.030303
0.533522
0.356023 0.333333 0.602938 0.999813 0.999940 0.353272 0.000000 0.639975 0.006414 0.000000 0.024836 0.030303
0.533522
0.356023 0.333333 0.602941 0.999813 0.999940 0.353272 0.001329 0.642900 0.007774 0.000000 0.033345 0.030303
0.533522
0.356023 0.333333 0.602939 0.999813 0.999940 0.353272 0.000841 0.641886 0.007296 0.000000 0.030325 0.030303
0.533522
0.356024 0.333333 0.602942 0.999813 0.999940 0.353272 0.000629 0.641601 0.007378 0.000000 0.030228 0.030303
0.533522
0.356029 0.333333 0.602963 0.999814 0.999940 0.354680 0.000889 0.642185 0.007371 0.000000 0.030880 0.030303
0.533522
0.356029 0.333333 0.602971 0.999814 0.999940 0.354680 0.000950 0.642180 0.007250 0.000000 0.030306 0.030303
0.533522
0.356029 0.333333 0.602966 0.999813 0.999940 0.353272 0.001476 0.643044 0.007978 0.000000 0.033467 0.030303
0.533522
0.356028 0.333333 0.602961 0.999813 0.999940 0.353272 0.001176 0.642422 0.007472 0.000000 0.031459 0.030303
0.533522
0.356029 0.333333 0.602967 0.999813 0.999940 0.353272 0.000679 0.641388 0.006965 0.000000 0.028835 0.030303
0.533522
0.356028 0.333333 0.602963 0.999813 0.999940 0.353272 0.001472 0.643068 0.007531 0.000000 0.032152 0.030303
0.533522
0.356028 0.333333 0.602962 0.999813 0.999940 0.353272 0.000624 0.641369 0.007114 0.000000 0.029380 0.030303
0.533522
0.356027 0.333333 0.602958 0.999813 0.999940 0.353272 0.000908 0.641938 0.007191 0.000000 0.029835 0.030303
0.533522
0.356029 0.333333 0.602966 0.999813 0.999940 0.353272 0.001582 0.643334 0.008031 0.000000 0.034175 0.030303
0.533522
0.356033 0.333333 0.602987 0.999813 0.999940 0.353272 0.000750 0.641823 0.007100 0.000000 0.029509 0.030303
0.533522
0.356023 0.333333 0.602937 0.999813 0.999940 0.353272 0.000965 0.642065 0.007003 0.000000 0.028783 0.030303
0.533522
0.356024 0.333333 0.602942 0.999813 0.999940 0.353272 0.000594 0.641291 0.006655 0.000000 0.027460 0.030303
0.533522
0.356024 0.333333 0.602942 0.999813 0.999940 0.353272 0.001154 0.642408 0.007464 0.000000 0.031429 0.030303
0.533522
0.356023 0.333333 0.602938 0.999813 0.999940 0.353272 0.000934 0.642081 0.007232 0.000000 0.029802 0.030303
0.533522
0.356023 0.333333 0.602938 0.999813 0.999940 0.353272 0.000964 0.642027 0.007340 0.000000 0.030480 0.030303
0.533522
0.356022 0.333333 0.602935 0.999813 0.999940 0.353272 0.000143 0.640564 0.006328 0.000000 0.025526 0.030303
0.533522
0.356023 0.333333 0.602937 0.999814 0.999940 0.354680 0.000750 0.641779 0.007073 0.000000 0.029265 0.030303
0.533522
0.356028 0.333333 0.602961 0.999813 0.999940 0.353272 0.001195 0.642645 0.007521 0.000000 0.031877 0.030303
0.533522
0.356028 0.333333 0.602963 0.999813 0.999940 0.353272 0.000652 0.641513 0.006973 0.000000 0.028701 0.030303
0.533522
0.356029 0.333333 0.602968 0.999813 0.999940 0.353272 0.001284 0.642773 0.007518 0.000000 0.031840 0.030303
0.533522
0.356027 0.333333 0.602958 0.999813 0.999940 0.353272 0.000928 0.641946 0.007170 0.000000 0.029776 0.030303
0.533522
0.356028 0.333333 0.602962 0.999813 0.999940 0.353272 0.001084 0.642232 0.007418 0.000000 0.030932 0.030303
0.533522
0.356028 0.333333 0.602962 0.999813 0.999940 0.353272 0.001268 0.642807 0.007543 0.000000 0.032011 0.030303
0.533522
0.356026 0.333333 0.602956 0.999813 0.999940 0.353272 0.000814 0.641807 0.007157 0.000000 0.029880 0.030303
0.533522
0.356031 0.333333 0.602977 0.999813 0.999940 0.353272 0.001386 0.642944 0.007968 0.000000 0.033538 0.030303
0.533522
0.356035 0.333333 0.602995 0.999813 0.999940 0.353272 0.001230 0.642710 0.007396 0.000000 0.031633 0.030303
0.533522
0.356025 0.333333 0.602947 0.999813 0.999940 0.353272 0.001163 0.642396 0.007227 0.000000 0.030102 0.030303
0.533522
0.356023 0.333333 0.602939 0.999813 0.999940 0.353272 0.000832 0.641836 0.007104 0.000000 0.029446 0.030303
0.533522
0.356023 0.333333 0.602939 0.999813 0.999940 0.353272 0.001138 0.642413 0.007521 0.000000 0.032044 0.030303
0.533522
0.356023 0.333333 0.602941 0.999813 0.999940 0.353272 0.001261 0.642684 0.007430 0.000000 0.031255 0.030303
0.533522
0.356024 0.333333 0.602942 0.999813 0.999940 0.353272 0.001245 0.642473 0.007689 0.000000 0.032278 0.030303
0.533522
0.356023 0.333333 0.602939 0.999813 0.999940 0.353272 0.001193 0.642418 0.007400 0.000000 0.031225 0.030303
0.533522
0.356022 0.333333 0.602938 0.999813 0.999940 0.353272 0.000915 0.641966 0.007064 0.000000 0.029669 0.030303
0.533522
0.356023 0.333333 0.602935 0.999813 0.999940 0.353272 0.000788 0.641787 0.006951 0.000000 0.028739 0.030303
0.533522
0.356024 0.333333 0.602942 0.999813 0.999940 0.353272 0.000547 0.641436 0.006938 0.000000 0.028883 0.000000
0.533522
0.356028 0.333333 0.602963 0.999813 0.999940 0.353272 0.000900 0.642218 0.007088 0.000000 0.029743 0.030303
0.533522
0.356028 0.333333 0.602962 0.999813 0.999940 0.353272 0.001114 0.642493 0.007283 0.000000 0.030395 0.030303
0.533522
0.356028 0.333333 0.602962 0.999813 0.999940 0.353272 0.000857 0.641742 0.007135 0.000000 0.029713 0.030303
0.533522
0.356028 0.333333 0.602963 0.999813 0.999940 0.353272 0.000743 0.641587 0.006713 0.000000 0.027801 0.030303
0.533522
0.356029 0.333333 0.602962 0.999813 0.999940 0.353272 0.000795 0.641803 0.007282 0.000000 0.030510 0.030303
0.533522
0.356032 0.333333 0.602980 0.999813 0.999940 0.353272 0.001052 0.642382 0.007612 0.000000 0.032233 0.030303
0.533522
0.356027 0.333333 0.602960 0.999813 0.999940 0.353272 0.001180 0.642438 0.007244 0.000000 0.030551 0.030303
0.533522
0.356022 0.333333 0.602935 0.999813 0.999940 0.353272 0.000695 0.641548 0.007150 0.000000 0.029439 0.030303
0.533522
0.356023 0.333333 0.602939 0.999813 0.999940 0.353272 0.000826 0.641688 0.007004 0.000000 0.029268 0.030303
0.533522
0.356024 0.333333 0.602942 0.999813 0.999940 0.353272 0.000874 0.641644 0.007022 0.000000 0.029142 0.030303
0.533522
0.356023 0.333333 0.602936 0.999813 0.999940 0.353272 0.001041 0.642110 0.007210 0.000000 0.029961 0.030303
0.533522
0.356023 0.333333 0.602936 0.999813 0.999940 0.353272 0.001135 0.642377 0.007402 0.000000 0.031181 0.030303
0.533522
0.356023 0.333333 0.602940 0.999813 0.999940 0.353272 0.001198 0.642527 0.007533 0.000000 0.031414 0.030303
0.533522
0.356024 0.333333 0.602942 0.999813 0.999940 0.353272 0.001012 0.642145 0.007020 0.000000 0.029620 0.030303
0.533522
0.356024 0.333333 0.602943 0.999813 0.999940 0.353272 0.000817 0.641792 0.007238 0.000000 0.030002 0.030303
0.533522
0.356023 0.333333 0.602937 0.999813 0.999940 0.353272 0.001191 0.642684 0.007598 0.000000 0.031851 0.030303
0.533522
0.356025 0.333333 0.602949 0.999813 0.999940 0.353272 0.001059 0.642494 0.007583 0.000000 0.031751 0.030303
0.533522
0.356029 0.333333 0.602967 0.999813 0.999940 0.353272 0.001016 0.642369 0.007323 0.000000 0.030614 0.030303
0.533522
0.356026 0.333333 0.602952 0.999813 0.999940 0.353272 0.000643 0.641528 0.007105 0.000000 0.029183 0.030303
0.533522
0.356027 0.333333 0.602953 0.999813 0.999940 0.353272 0.001074 0.642237 0.007323 0.000000 0.030580 0.030303
0.533522
0.356032 0.333333 0.602978 0.999813 0.999940 0.353272 0.001157 0.642517 0.007511 0.000000 0.031466 0.030303
0.533522
0.356030 0.333333 0.602974 0.999813 0.999940 0.353272 0.000558 0.641348 0.007279 0.000000 0.029480 0.030303
0.533522
0.356023 0.333333 0.602936 0.999813 0.999940 0.353272 0.000643 0.641289 0.007023 0.000000 0.028535 0.030303
0.533522
0.356022 0.333333 0.602937 0.999813 0.999940 0.353272 0.001118 0.642341 0.007254 0.000000 0.030154 0.030303
0.533522
0.356022 0.333333 0.602936 0.999813 0.999940 0.353272 0.000369 0.640857 0.006772 0.000000 0.027208 0.030303
0.533522
0.356023 0.333333 0.602939 0.999813 0.999940 0.353272 0.000812 0.641779 0.006971 0.000000 0.028668 0.030303
0.533522
0.356023 0.333333 0.602937 0.999813 0.999940 0.353272 0.000838 0.641673 0.006925 0.000000 0.028461 0.030303
0.533522
0.356022 0.333333 0.602934 0.999813 0.999940 0.353272 0.000996 0.642100 0.007225 0.000000 0.029884 0.030303
0.533522
0.356023 0.333333 0.602942 0.999813 0.999940 0.353272 0.001136 0.642424 0.007359 0.000000 0.031292 0.030303
0.533522
0.356024 0.333333 0.602942 0.999813 0.999940 0.353272 0.001291 0.642719 0.007564 0.000000 0.031929 0.030303
0.533522
0.356024 0.333333 0.602943 0.999813 0.999940 0.353272 0.000765 0.641638 0.007012 0.000000 0.029168 0.030303
0.533522
0.356023 0.333333 0.602938 0.999813 0.999940 0.353272 0.001198 0.642502 0.007510 0.000000 0.031644 0.030303
0.533522
0.356023 0.333333 0.602939 0.999813 0.999940 0.353272 0.001083 0.642402 0.007272 0.000000 0.030947 0.030303
0.533522
0.356023 0.333333 0.602936 0.999813 0.999940 0.353272 0.001219 0.642577 0.007490 0.000000 0.031225 0.030303
0.533522
0.356026 0.333333 0.602952 0.999813 0.999940 0.353272 0.000641 0.641473 0.007208 0.000000 0.029261 0.030303
0.533522
0.356027 0.333333 0.602957 0.999813 0.999940 0.353272 0.000953 0.641917 0.007228 0.000000 0.029939 0.030303
0.533522
0.356031 0.333333 0.602975 0.999813 0.999940 0.353272 0.000908 0.641865 0.007314 0.000000 0.029917 0.030303
0.533522
0.356034 0.333333 0.602991 0.999813 0.999940 0.353272 0.000855 0.641865 0.007292 0.000000 0.030684 0.030303
0.533522
0.356023 0.333333 0.602939 0.999813 0.999940 0.353272 0.000943 0.642107 0.007878 0.000000 0.032389 0.000000
0.533522
0.356023 0.333333 0.602938 0.999813 0.999940 0.353272 0.001021 0.642244 0.007280 0.000000 0.030517 0.030303
0.533522
0.356023 0.333333 0.602940 0.999813 0.999940 0.353272 0.000942 0.642022 0.007339 0.000000 0.030662 0.030303
0.533522
0.178093 1.000000 0.603714 0.999641 0.999895 0.004926 0.562578 0.204454 0.811510 0.304348 0.672885 0.333333
0.356167
0.178098 1.000000 0.603759 0.999641 0.999895 0.004926 0.579569 0.169167 0.842423 0.000000 0.681067 0.060606
0.356167
0.178089 1.000000 0.603676 0.999641 0.999895 0.004926 0.579596 0.168290 0.842445 0.000000 0.679770 0.000000
0.356167
0.178097 1.000000 0.603749 0.999641 0.999895 0.004926 0.580712 0.167800 0.843627 0.000000 0.680041 0.000000
0.356167
0.178096 1.000000 0.603733 0.999641 0.999895 0.004926 0.579160 0.167372 0.843917 0.000000 0.681520 0.000000
0.356167
0.178091 1.000000 0.603699 0.999641 0.999895 0.004926 0.580269 0.167191 0.843933 0.000000 0.680541 0.000000
0.356167
0.178097 1.000000 0.603747 0.999641 0.999895 0.004926 0.580377 0.169030 0.843139 0.000000 0.681019 0.000000
0.356167
0.178090 1.000000 0.603687 0.999641 0.999895 0.004926 0.578961 0.169356 0.841425 0.000000 0.679452 0.030303
0.356167
0.178087 1.000000 0.603651 0.999641 0.999895 0.004926 0.579866 0.167457 0.843412 0.000000 0.682472 0.000000
0.356167
0.178087 1.000000 0.603660 0.999641 0.999895 0.004926 0.579089 0.168588 0.841585 0.000000 0.679085 0.030303
0.356167
0.178092 1.000000 0.603700 0.999641 0.999895 0.004926 0.579580 0.167889 0.843214 0.000000 0.677866 0.000000
0.356167
0.178083 1.000000 0.603624 0.999641 0.999895 0.004926 0.579802 0.169340 0.843139 0.000000 0.682591 0.000000
0.356167
0.178089 1.000000 0.603669 0.999641 0.999895 0.004926 0.580574 0.169296 0.841708 0.000000 0.680967 0.000000
0.356167
0.178087 1.000000 0.603660 0.999641 0.999895 0.004926 0.578929 0.169662 0.841644 0.021739 0.684002 0.000000
0.356167
0.178088 1.000000 0.603664 0.999641 0.999895 0.004926 0.579415 0.167222 0.843820 0.000000 0.678577 0.000000
0.356167
0.178082 1.000000 0.603607 0.999641 0.999895 0.004926 0.579723 0.168694 0.842448 0.000000 0.680311 0.000000
0.356167
0.178083 1.000000 0.603618 0.999641 0.999895 0.004926 0.579413 0.166822 0.843317 0.000000 0.677691 0.000000
0.356167
0.178081 1.000000 0.603603 0.999641 0.999895 0.004926 0.580431 0.167066 0.843419 0.000000 0.678581 0.030303
0.356167
0.178086 1.000000 0.603649 0.999641 0.999895 0.004926 0.581415 0.166651 0.843923 0.000000 0.675320 0.000000
0.356167
0.178079 1.000000 0.603581 0.999641 0.999895 0.004926 0.580003 0.166964 0.843264 0.000000 0.677317 0.030303
0.356167
0.178087 1.000000 0.603654 0.999641 0.999895 0.004926 0.579500 0.167863 0.843466 0.000000 0.679915 0.000000
0.356167
0.178082 1.000000 0.603609 0.999641 0.999895 0.004926 0.579310 0.169623 0.842174 0.000000 0.680660 0.000000
0.356167
0.178077 1.000000 0.603567 0.999641 0.999895 0.004926 0.579896 0.169115 0.842567 0.000000 0.680756 0.030303
0.356167
0.178074 1.000000 0.603538 0.999641 0.999895 0.004926 0.580806 0.168995 0.843234 0.021739 0.681119 0.000000
0.356167
0.178072 1.000000 0.603519 0.999641 0.999895 0.004926 0.580418 0.168717 0.842554 0.000000 0.679633 0.000000
0.356167
0.178077 1.000000 0.603561 0.999641 0.999895 0.004926 0.579571 0.169146 0.842365 0.000000 0.679904 0.000000
0.356167
0.178081 1.000000 0.603605 0.999641 0.999895 0.004926 0.580346 0.167306 0.844258 0.000000 0.681849 0.000000
0.356167
0.178081 1.000000 0.603605 0.999641 0.999895 0.004926 0.580731 0.167088 0.844255 0.000000 0.677302 0.000000
0.356167
0.178079 1.000000 0.603585 0.999641 0.999895 0.004926 0.579608 0.167588 0.843175 0.000000 0.678636 0.000000
0.356167
0.178082 1.000000 0.603613 0.999641 0.999895 0.004926 0.579874 0.169573 0.842317 0.000000 0.680122 0.000000
0.356167
0.178082 1.000000 0.603608 0.999641 0.999895 0.004926 0.579769 0.169261 0.841961 0.000000 0.681638 0.000000
0.356167
0.178077 1.000000 0.603563 0.999641 0.999895 0.004926 0.579057 0.169109 0.842455 0.000000 0.681553 0.000000
0.356167
0.178079 1.000000 0.603577 0.999641 0.999895 0.004926 0.579895 0.168751 0.842689 0.000000 0.681508 0.000000
0.356167
0.178077 1.000000 0.603561 0.999641 0.999895 0.004926 0.579703 0.168426 0.842827 0.000000 0.681331 0.000000
0.356167
0.178077 1.000000 0.603567 0.999641 0.999895 0.004926 0.579948 0.169079 0.842111 0.000000 0.679607 0.000000
0.356167
0.178081 1.000000 0.603599 0.999641 0.999895 0.004926 0.580025 0.168536 0.842986 0.000000 0.682420 0.000000
0.356167
0.178076 1.000000 0.603554 0.999641 0.999895 0.004926 0.580959 0.167963 0.843307 0.000000 0.679003 0.000000
0.356167
0.178080 1.000000 0.603591 0.999641 0.999895 0.004926 0.580399 0.168170 0.843599 0.000000 0.679648 0.000000
0.356167
0.178084 1.000000 0.603626 0.999641 0.999895 0.004926 0.579613 0.167753 0.842434 0.000000 0.679363 0.000000
0.356167
0.178078 1.000000 0.603572 0.999641 0.999895 0.004926 0.580091 0.168619 0.843917 0.000000 0.682131 0.030303
0.356167
0.178082 1.000000 0.603607 0.999641 0.999895 0.004926 0.580438 0.168778 0.843239 0.000000 0.681679 0.000000
0.356167
0.178074 1.000000 0.603539 0.999641 0.999895 0.004926 0.579472 0.169389 0.842067 0.000000 0.679996 0.000000
0.356167
0.178082 1.000000 0.603609 0.999641 0.999895 0.004926 0.579191 0.170098 0.841764 0.000000 0.681175 0.000000
0.356167
0.178086 1.000000 0.603651 0.999641 0.999895 0.004926 0.579539 0.169593 0.841717 0.000000 0.679422 0.000000
0.356167
0.178081 1.000000 0.603601 0.999641 0.999895 0.004926 0.578926 0.169429 0.841094 0.000000 0.678907 0.000000
0.356167
0.178079 1.000000 0.603583 0.999641 0.999895 0.004926 0.580210 0.170030 0.841398 0.000000 0.677777 0.000000
0.356167
0.178081 1.000000 0.603604 0.999641 0.999895 0.004926 0.580528 0.168629 0.842614 0.000000 0.680300 0.000000
0.356167
0.178081 1.000000 0.603600 0.999641 0.999895 0.004926 0.579613 0.169196 0.842378 0.000000 0.681946 0.030303
0.356167
0.178072 1.000000 0.603521 0.999641 0.999895 0.004926 0.579733 0.169099 0.842566 0.000000 0.680389 0.000000
0.356167
0.178075 1.000000 0.603544 0.999641 0.999895 0.004926 0.579982 0.169136 0.842385 0.000000 0.680749 0.030303
0.356167
0.178077 1.000000 0.603561 0.999641 0.999895 0.004926 0.579419 0.168684 0.843077 0.000000 0.681812 0.000000
0.356167
0.178073 1.000000 0.603522 0.999641 0.999895 0.004926 0.579855 0.169612 0.842298 0.000000 0.679974 0.000000
0.356167
0.178079 1.000000 0.603576 0.999641 0.999895 0.004926 0.580160 0.168104 0.843511 0.000000 0.679941 0.000000
0.356167
0.178084 1.000000 0.603628 0.999641 0.999895 0.004926 0.580109 0.167485 0.843063 0.000000 0.679941 0.000000
0.356167
0.178095 1.000000 0.603730 0.999641 0.999895 0.004926 0.580130 0.168537 0.842927 0.000000 0.681093 0.000000
0.356167
0.178089 1.000000 0.603673 0.999641 0.999895 0.004926 0.580488 0.168048 0.842714 0.000000 0.680037 0.000000
0.356167
0.178091 1.000000 0.603697 0.999641 0.999895 0.004926 0.580045 0.169238 0.842380 0.000000 0.680578 0.000000
0.356167
0.178080 1.000000 0.603588 0.999641 0.999895 0.004926 0.579313 0.170230 0.841040 0.000000 0.678418 0.000000
0.356167
0.178074 1.000000 0.603534 0.999641 0.999895 0.004926 0.578855 0.169090 0.841751 0.000000 0.680827 0.000000
0.356167
0.178089 1.000000 0.603679 0.999641 0.999895 0.004926 0.579299 0.167557 0.843966 0.000000 0.683109 0.030303
0.356167
0.178086 1.000000 0.603649 0.999641 0.999895 0.004926 0.579903 0.167953 0.842245 0.000000 0.680734 0.000000
0.356167
0.178088 1.000000 0.603664 0.999641 0.999895 0.004926 0.579594 0.168630 0.842520 0.021739 0.681649 0.000000
0.356167
0.178083 1.000000 0.603617 0.999641 0.999895 0.004926 0.580135 0.166700 0.843831 0.021739 0.678929 0.000000
0.356167
0.178079 1.000000 0.603579 0.999641 0.999895 0.004926 0.579869 0.169322 0.842228 0.000000 0.681268 0.000000
0.356167
0.178082 1.000000 0.603608 0.999641 0.999895 0.004926 0.580290 0.168036 0.843153 0.000000 0.679007 0.030303
0.356167
0.178084 1.000000 0.603630 0.999641 0.999895 0.004926 0.579633 0.169196 0.842790 0.000000 0.681786 0.030303
0.356167
0.178075 1.000000 0.603554 0.999641 0.999895 0.004926 0.579464 0.170217 0.841229 0.000000 0.680890 0.000000
0.356167
0.178079 1.000000 0.603580 0.999641 0.999895 0.004926 0.579995 0.168717 0.843140 0.000000 0.681060 0.000000
0.356167
0.178074 1.000000 0.603537 0.999641 0.999895 0.004926 0.580952 0.168202 0.842795 0.021739 0.680252 0.000000
0.356167
0.178075 1.000000 0.603539 0.999641 0.999895 0.004926 0.579553 0.168699 0.842231 0.000000 0.679889 0.030303
0.356167
0.178078 1.000000 0.603577 0.999641 0.999895 0.004926 0.580322 0.168701 0.842517 0.000000 0.681319 0.000000
0.356167
0.178077 1.000000 0.603563 0.999641 0.999895 0.004926 0.579920 0.168141 0.842579 0.000000 0.680786 0.000000
0.356167
0.178076 1.000000 0.603553 0.999641 0.999895 0.004926 0.579222 0.168703 0.842263 0.000000 0.680971 0.000000
0.356167
0.178077 1.000000 0.603566 0.999641 0.999895 0.004926 0.579925 0.168267 0.843016 0.000000 0.681001 0.000000
0.356167
0.178082 1.000000 0.603613 0.999641 0.999895 0.004926 0.580500 0.166144 0.845444 0.021739 0.675624 0.000000
0.356167
0.178084 1.000000 0.603627 0.999641 0.999895 0.004926 0.579478 0.167841 0.843260 0.000000 0.678051 0.000000
0.356167
0.178071 1.000000 0.603513 0.999641 0.999895 0.004926 0.580483 0.167556 0.843575 0.000000 0.677766 0.030303
0.356167
0.178081 1.000000 0.603598 0.999641 0.999895 0.004926 0.579974 0.168166 0.843123 0.000000 0.682116 0.030303
0.356167
0.178076 1.000000 0.603552 0.999641 0.999895 0.004926 0.579352 0.167487 0.843150 0.021739 0.680022 0.000000
0.356167
0.178080 1.000000 0.603592 0.999641 0.999895 0.004926 0.579749 0.169513 0.841991 0.000000 0.680990 0.000000
0.356167
0.178084 1.000000 0.603631 0.999641 0.999895 0.004926 0.579610 0.169835 0.842533 0.000000 0.681627 0.000000
0.356167
0.178087 1.000000 0.603658 0.999641 0.999895 0.004926 0.579523 0.169772 0.841236 0.000000 0.678733 0.000000
0.356167
0.178093 1.000000 0.603711 0.999641 0.999895 0.004926 0.579384 0.169216 0.842271 0.021739 0.680808 0.030303
0.356167
0.178091 1.000000 0.603695 0.999641 0.999895 0.004926 0.580131 0.167306 0.843685 0.000000 0.680864 0.000000
0.356167
0.178085 1.000000 0.603637 0.999641 0.999895 0.004926 0.580272 0.167596 0.843923 0.000000 0.681264 0.000000
0.356167
0.178091 1.000000 0.603689 0.999641 0.999895 0.004926 0.580887 0.166920 0.844094 0.000000 0.679322 0.030303
0.356167
0.178080 1.000000 0.603591 0.999641 0.999895 0.004926 0.580338 0.169427 0.842980 0.000000 0.681768 0.000000
0.356167
0.178078 1.000000 0.603578 0.999641 0.999895 0.004926 0.579612 0.168251 0.843219 0.000000 0.679737 0.000000
0.356167
0.178080 1.000000 0.603594 0.999641 0.999895 0.004926 0.581405 0.166772 0.844492 0.000000 0.678911 0.000000
0.356167
0.178088 1.000000 0.603661 0.999641 0.999895 0.004926 0.580550 0.167132 0.843710 0.000000 0.680237 0.000000
0.356167
0.178092 1.000000 0.603700 0.999641 0.999895 0.004926 0.579167 0.169014 0.841491 0.000000 0.679971 0.030303
0.356167
0.178085 1.000000 0.603638 0.999641 0.999895 0.004926 0.579726 0.167203 0.843391 0.000000 0.678900 0.030303
0.356167
0.178087 1.000000 0.603656 0.999641 0.999895 0.004926 0.580463 0.168889 0.842252 0.000000 0.679248 0.000000
0.356167
0.178086 1.000000 0.603647 0.999641 0.999895 0.004926 0.581175 0.167567 0.843912 0.021739 0.679392 0.000000
0.356167
0.178085 1.000000 0.603636 0.999641 0.999895 0.004926 0.578496 0.169222 0.842001 0.021739 0.678785 0.000000
0.356167
0.178085 1.000000 0.603632 0.999641 0.999895 0.004926 0.580373 0.166725 0.843363 0.000000 0.679548 0.000000
0.356167
0.178081 1.000000 0.603600 0.999641 0.999895 0.004926 0.579587 0.167619 0.842816 0.000000 0.678585 0.000000
0.356167
0.178080 1.000000 0.603581 0.999641 0.999895 0.004926 0.580340 0.168175 0.843481 0.000000 0.677992 0.000000
0.356167
0.178081 1.000000 0.603606 0.999641 0.999895 0.004926 0.580286 0.168241 0.843158 0.000000 0.681331 0.000000
0.356167
0.178079 1.000000 0.603590 0.999641 0.999895 0.004926 0.580148 0.168117 0.842507 0.000000 0.678655 0.000000
0.356167
0.178083 1.000000 0.603621 0.999641 0.999895 0.004926 0.579984 0.169152 0.841670 0.000000 0.678188 0.000000
0.356167
0.178075 1.000000 0.603546 0.999641 0.999895 0.004926 0.579306 0.169116 0.842188 0.000000 0.679971 0.000000
0.356167
0.178076 1.000000 0.603558 0.999641 0.999895 0.004926 0.580154 0.168514 0.844265 0.000000 0.683724 0.000000
0.356167
0.178073 1.000000 0.603524 0.999641 0.999895 0.004926 0.579868 0.167900 0.843730 0.000000 0.678859 0.000000
0.356167
0.178076 1.000000 0.603550 0.999641 0.999895 0.004926 0.580358 0.166662 0.843397 0.000000 0.679140 0.000000
0.356167
0.178077 1.000000 0.603570 0.999641 0.999895 0.004926 0.581573 0.167838 0.844069 0.000000 0.683102 0.000000
0.356167
0.178079 1.000000 0.603587 0.999641 0.999895 0.004926 0.580264 0.167683 0.843585 0.000000 0.680597 0.000000
0.356167
0.178079 1.000000 0.603586 0.999641 0.999895 0.004926 0.579571 0.167867 0.842156 0.000000 0.679040 0.000000
0.356167
0.178083 1.000000 0.603618 0.999641 0.999895 0.004926 0.579490 0.169398 0.842213 0.000000 0.679581 0.000000
0.356167
0.178077 1.000000 0.603566 0.999641 0.999895 0.004926 0.578918 0.169697 0.841946 0.000000 0.679229 0.030303
0.356167
0.178080 1.000000 0.603592 0.999641 0.999895 0.004926 0.579681 0.168743 0.842056 0.000000 0.679559 0.000000
0.356167
0.178077 1.000000 0.603563 0.999641 0.999895 0.004926 0.579889 0.169468 0.841766 0.000000 0.678803 0.000000
0.356167
0.178080 1.000000 0.603592 0.999641 0.999895 0.004926 0.579876 0.167396 0.842753 0.000000 0.679848 0.000000
0.356167
0.178081 1.000000 0.603606 0.999641 0.999895 0.004926 0.580538 0.168909 0.843391 0.000000 0.683610 0.000000
0.356167
0.178088 1.000000 0.603666 0.999641 0.999895 0.004926 0.580523 0.168984 0.842717 0.000000 0.681453 0.030303
0.356167
0.178086 1.000000 0.603649 0.999641 0.999895 0.004926 0.579717 0.169028 0.842773 0.000000 0.681868 0.000000
0.356167
0.178092 1.000000 0.603696 0.999641 0.999895 0.004926 0.580509 0.167715 0.842865 0.000000 0.679274 0.000000
0.356167
0.178091 1.000000 0.603693 0.999641 0.999895 0.004926 0.579513 0.168992 0.842518 0.021739 0.680675 0.000000
0.356167
0.178080 1.000000 0.603594 0.999641 0.999895 0.004926 0.579694 0.169647 0.842145 0.021739 0.680608 0.000000
0.356167
0.178086 1.000000 0.603654 0.999641 0.999895 0.004926 0.579881 0.167716 0.842977 0.000000 0.680245 0.000000
0.356167
0.178083 1.000000 0.603614 0.999641 0.999895 0.004926 0.579311 0.168742 0.843161 0.000000 0.680975 0.000000
0.356167
0.178085 1.000000 0.603639 0.999641 0.999895 0.004926 0.579883 0.168574 0.843427 0.000000 0.682457 0.000000
0.356167
0.178078 1.000000 0.603574 0.999641 0.999895 0.004926 0.580608 0.167526 0.843163 0.000000 0.679103 0.000000
0.356167
0.178082 1.000000 0.603604 0.999641 0.999895 0.004926 0.579264 0.168074 0.842700 0.000000 0.680315 0.000000
0.356167
0.178075 1.000000 0.603546 0.999641 0.999895 0.004926 0.579742 0.169115 0.842400 0.021739 0.679567 0.000000
0.356167
0.178084 1.000000 0.603628 0.999641 0.999895 0.004926 0.579367 0.167456 0.843453 0.000000 0.682453 0.000000
0.356167
0.178081 1.000000 0.603601 0.999641 0.999895 0.004926 0.579927 0.168117 0.843805 0.021739 0.681827 0.000000
0.356167
0.178072 1.000000 0.603518 0.999641 0.999895 0.004926 0.580302 0.167587 0.843998 0.000000 0.681390 0.030303
0.356167
0.178073 1.000000 0.603526 0.999641 0.999895 0.004926 0.579283 0.167867 0.843250 0.000000 0.679240 0.000000
0.356167
0.178080 1.000000 0.603590 0.999641 0.999894 0.004926 0.579502 0.167642 0.843024 0.000000 0.680382 0.000000
0.356167
0.178072 1.000000 0.603514 0.999641 0.999894 0.004926 0.579856 0.168386 0.842840 0.000000 0.681445 0.000000
0.356167
0.178077 1.000000 0.603563 0.999641 0.999894 0.004926 0.579950 0.168474 0.842688 0.000000 0.680856 0.000000
0.356167
0.178081 1.000000 0.603599 0.999641 0.999894 0.004926 0.580026 0.169768 0.841532 0.021739 0.680767 0.000000
0.356167
0.178083 1.000000 0.603621 0.999641 0.999894 0.004926 0.579457 0.166591 0.844154 0.000000 0.676821 0.000000
0.356167
0.178086 1.000000 0.603649 0.999641 0.999894 0.004926 0.579816 0.168841 0.842962 0.000000 0.681697 0.000000
0.356167
0.178077 1.000000 0.603568 0.999641 0.999894 0.004926 0.579571 0.169258 0.842199 0.000000 0.678985 0.000000
0.356167
0.178086 1.000000 0.603640 0.999641 0.999894 0.004926 0.579614 0.169184 0.842216 0.021739 0.681894 0.000000
0.356167
0.178083 1.000000 0.603624 0.999641 0.999894 0.004926 0.579213 0.167592 0.843398 0.000000 0.680875 0.030303
0.356167
0.178079 1.000000 0.603586 0.999641 0.999894 0.004926 0.580047 0.169553 0.842455 0.000000 0.681227 0.000000
0.356167
0.178080 1.000000 0.603592 0.999641 0.999894 0.004926 0.579905 0.169447 0.841943 0.000000 0.680082 0.000000
0.356167
0.178082 1.000000 0.603609 0.999641 0.999894 0.004926 0.580763 0.167341 0.843607 0.000000 0.679407 0.000000
0.356167
0.178081 1.000000 0.603602 0.999641 0.999894 0.004926 0.579350 0.167345 0.843217 0.000000 0.680460 0.000000
0.356167
0.178080 1.000000 0.603597 0.999641 0.999894 0.004926 0.579128 0.168321 0.842302 0.000000 0.679752 0.000000
0.356167
0.178080 1.000000 0.603594 0.999641 0.999894 0.004926 0.581137 0.168554 0.842760 0.000000 0.677895 0.000000
0.356167
0.178077 1.000000 0.603564 0.999641 0.999894 0.004926 0.579321 0.168106 0.843433 0.000000 0.681134 0.000000
0.356167
0.178082 1.000000 0.603605 0.999641 0.999894 0.004926 0.580993 0.168739 0.843492 0.000000 0.680534 0.000000
0.356167
0.178070 1.000000 0.603497 0.999641 0.999894 0.004926 0.580554 0.165842 0.843765 0.000000 0.675275 0.000000
0.356167
0.178078 1.000000 0.603568 0.999641 0.999894 0.004926 0.579188 0.167909 0.842940 0.000000 0.682650 0.000000
0.356167
0.178075 1.000000 0.603542 0.999641 0.999894 0.004926 0.580962 0.166365 0.844262 0.000000 0.676309 0.030303
0.356167
0.178075 1.000000 0.603545 0.999641 0.999894 0.004926 0.579603 0.168939 0.841963 0.000000 0.682046 0.030303
0.356167
0.356171 0.333333 0.603634 0.999813 0.999939 0.351161 0.833729 0.498214 0.841473 0.000000 0.645918 0.000000
0.534360
0.356172 0.333333 0.603640 0.999813 0.999939 0.351161 0.832904 0.499524 0.840365 0.000000 0.644087 0.000000
0.534360
0.356170 0.333333 0.603631 0.999813 0.999939 0.351161 0.832594 0.500440 0.839561 0.000000 0.644465 0.000000
0.534360
0.356170 0.333333 0.603628 0.999813 0.999939 0.351161 0.833154 0.499387 0.840865 0.000000 0.646344 0.000000
0.534360
0.356169 0.333333 0.603624 0.999813 0.999939 0.351161 0.833075 0.499208 0.841111 0.021739 0.646288 0.000000
0.534360
0.356169 0.333333 0.603621 0.999813 0.999939 0.351161 0.832751 0.498976 0.841040 0.021739 0.645666 0.030303
0.534360
0.356176 0.333333 0.603653 0.999813 0.999939 0.351161 0.832506 0.499497 0.840589 0.000000 0.645232 0.000000
0.534360
0.356166 0.333333 0.603610 0.999813 0.999939 0.351161 0.832983 0.499989 0.839990 0.000000 0.647141 0.000000
0.534360
0.356172 0.333333 0.603635 0.999813 0.999939 0.351161 0.832814 0.499317 0.840809 0.000000 0.646637 0.000000
0.534360
0.356167 0.333333 0.603613 0.999814 0.999940 0.352569 0.832963 0.498987 0.841489 0.000000 0.646392 0.030303
0.534360
0.356172 0.333333 0.603637 0.999813 0.999939 0.351161 0.833483 0.499282 0.841279 0.000000 0.647259 0.060606
0.534360
0.356162 0.333333 0.603589 0.999813 0.999939 0.351161 0.832777 0.499287 0.841136 0.000000 0.646574 0.030303
0.534360
0.356167 0.333333 0.603611 0.999813 0.999939 0.351161 0.832930 0.499044 0.841095 0.000000 0.647081 0.030303
0.534360
0.356175 0.333333 0.603655 0.999813 0.999939 0.351161 0.833540 0.499806 0.840044 0.000000 0.646048 0.000000
0.534360
0.356175 0.333333 0.603653 0.999813 0.999939 0.351161 0.832953 0.499863 0.840436 0.000000 0.645362 0.030303
0.534360
0.356174 0.333333 0.603647 0.999813 0.999939 0.351161 0.833121 0.499928 0.839940 0.000000 0.647196 0.000000
0.534360
0.356172 0.333333 0.603636 0.999813 0.999939 0.351161 0.833027 0.499238 0.841514 0.021739 0.646477 0.000000
0.534360
0.356169 0.333333 0.603624 0.999813 0.999939 0.351161 0.832551 0.499130 0.840908 0.000000 0.644058 0.030303
0.534360
0.356165 0.333333 0.603608 0.999813 0.999939 0.351161 0.832700 0.499802 0.840223 0.000000 0.645466 0.000000
0.534360
0.356164 0.333333 0.603597 0.999813 0.999939 0.351161 0.832688 0.498925 0.841115 0.000000 0.644799 0.000000
0.534360
0.356164 0.333333 0.603601 0.999813 0.999939 0.351161 0.832467 0.498240 0.842907 0.000000 0.647978 0.000000
0.534360
0.356166 0.333333 0.603613 0.999813 0.999939 0.351161 0.832764 0.499232 0.840747 0.021739 0.645210 0.030303
0.534360
0.356160 0.333333 0.603577 0.999814 0.999940 0.352569 0.832648 0.499908 0.839896 0.000000 0.644980 0.000000
0.534360
0.356162 0.333333 0.603587 0.999814 0.999940 0.352569 0.833026 0.499731 0.839890 0.000000 0.645484 0.030303
0.534360
0.356169 0.333333 0.603624 0.999813 0.999939 0.351161 0.832403 0.497986 0.842652 0.000000 0.647912 0.000000
0.534360
0.356158 0.333333 0.603574 0.999813 0.999939 0.351161 0.832280 0.499339 0.841272 0.000000 0.646337 0.060606
0.534360
0.356154 0.333333 0.603555 0.999813 0.999939 0.351161 0.832446 0.499199 0.840492 0.000000 0.645203 0.000000
0.534360
0.356162 0.333333 0.603589 0.999813 0.999939 0.351161 0.832400 0.498973 0.840753 0.000000 0.645040 0.000000
0.534360
0.356163 0.333333 0.603595 0.999813 0.999939 0.351161 0.833110 0.498788 0.840967 0.000000 0.645403 0.000000
0.534360
0.356167 0.333333 0.603614 0.999813 0.999939 0.351161 0.833174 0.498760 0.840602 0.021739 0.647052 0.000000
0.534360
0.356168 0.333333 0.603619 0.999813 0.999939 0.351161 0.832727 0.498733 0.841498 0.000000 0.645977 0.000000
0.534360
0.356163 0.333333 0.603596 0.999813 0.999939 0.351161 0.832810 0.498675 0.841156 0.000000 0.645640 0.000000
0.534360
0.356162 0.333333 0.603592 0.999813 0.999939 0.351161 0.832992 0.498703 0.841328 0.000000 0.646300 0.000000
0.534360
0.356166 0.333333 0.603609 0.999813 0.999939 0.351161 0.833106 0.499363 0.840124 0.000000 0.645110 0.000000
0.534360
0.356165 0.333333 0.603606 0.999813 0.999939 0.351161 0.833053 0.499135 0.840811 0.000000 0.645525 0.000000
0.534360
0.356158 0.333333 0.603569 0.999813 0.999939 0.351161 0.832037 0.497968 0.842305 0.000000 0.647663 0.000000
0.534360
0.356166 0.333333 0.603607 0.999814 0.999940 0.352569 0.833422 0.498697 0.840989 0.000000 0.646188 0.000000
0.534360
0.356156 0.333333 0.603565 0.999813 0.999939 0.351161 0.832015 0.499123 0.840550 0.000000 0.646759 0.000000
0.534360
0.356168 0.333333 0.603620 0.999813 0.999939 0.351161 0.832440 0.499315 0.840610 0.000000 0.645588 0.000000
0.534360
0.356160 0.333333 0.603581 0.999813 0.999939 0.351161 0.832896 0.498465 0.841267 0.000000 0.646103 0.000000
0.534360
0.356168 0.333333 0.603621 0.999813 0.999939 0.351161 0.833613 0.499018 0.840056 0.000000 0.646452 0.030303
0.534360
0.356160 0.333333 0.603583 0.999813 0.999939 0.351161 0.833290 0.499313 0.840240 0.000000 0.646578 0.000000
0.534360
0.356167 0.333333 0.603616 0.999813 0.999939 0.351161 0.832788 0.499040 0.841004 0.000000 0.645833 0.030303
0.534360
0.356158 0.333333 0.603571 0.999813 0.999939 0.351161 0.832633 0.498995 0.840280 0.000000 0.646533 0.030303
0.534360
0.356162 0.333333 0.603591 0.999813 0.999939 0.351161 0.832607 0.498337 0.841301 0.000000 0.645440 0.030303
0.534360
0.356166 0.333333 0.603609 0.999813 0.999939 0.351161 0.833058 0.498546 0.841189 0.000000 0.646411 0.000000
0.534360
0.356165 0.333333 0.603605 0.999813 0.999939 0.351161 0.833145 0.499656 0.839789 0.000000 0.646122 0.030303
0.534360
0.356161 0.333333 0.603587 0.999813 0.999939 0.351161 0.832726 0.499176 0.841030 0.000000 0.645436 0.000000
0.534360
0.356163 0.333333 0.603594 0.999813 0.999939 0.351161 0.832635 0.498952 0.841046 0.000000 0.645436 0.030303
0.534360
0.356161 0.333333 0.603587 0.999814 0.999940 0.352569 0.833270 0.498581 0.840935 0.000000 0.645577 0.000000
0.534360
0.356168 0.333333 0.603617 0.999814 0.999940 0.352569 0.832968 0.498791 0.840863 0.000000 0.646733 0.030303
0.534360
0.356165 0.333333 0.603603 0.999813 0.999939 0.351161 0.832851 0.498427 0.841565 0.000000 0.644899 0.000000
0.534360
0.356173 0.333333 0.603642 0.999813 0.999939 0.351161 0.832209 0.498817 0.841187 0.000000 0.646822 0.000000
0.534360
0.356161 0.333333 0.603585 0.999813 0.999939 0.351161 0.832888 0.498483 0.841901 0.000000 0.647056 0.000000
0.534360
0.356161 0.333333 0.603588 0.999813 0.999939 0.351161 0.833014 0.498517 0.840670 0.000000 0.645855 0.000000
0.534360
0.356169 0.333333 0.603623 0.999813 0.999939 0.351161 0.833468 0.499303 0.840680 0.000000 0.645484 0.000000
0.534360
0.356172 0.333333 0.603639 0.999813 0.999939 0.351161 0.833188 0.499373 0.840698 0.000000 0.647182 0.000000
0.534360
0.356166 0.333333 0.603607 0.999813 0.999939 0.351161 0.832761 0.498511 0.841734 0.000000 0.645870 0.030303
0.534360
0.356157 0.333333 0.603566 0.999813 0.999939 0.351161 0.832947 0.498622 0.841180 0.021739 0.646381 0.060606
0.534360
0.356171 0.333333 0.603631 0.999813 0.999939 0.351161 0.832723 0.498364 0.841572 0.000000 0.647534 0.000000
0.534360
0.356174 0.333333 0.603649 0.999813 0.999939 0.351161 0.832419 0.499539 0.840137 0.000000 0.646170 0.000000
0.534360
0.356160 0.333333 0.603581 0.999813 0.999939 0.351161 0.833206 0.499235 0.840246 0.000000 0.643872 0.030303
0.534360
0.356165 0.333333 0.603608 0.999813 0.999939 0.351161 0.832715 0.498214 0.841904 0.000000 0.646952 0.030303
0.534360
0.356166 0.333333 0.603606 0.999814 0.999940 0.352569 0.832778 0.498878 0.840542 0.000000 0.647623 0.000000
0.534360
0.356165 0.333333 0.603600 0.999813 0.999939 0.351161 0.832597 0.499098 0.840403 0.000000 0.648182 0.030303
0.534360
0.356165 0.333333 0.603603 0.999813 0.999939 0.351161 0.833041 0.498738 0.840709 0.000000 0.645017 0.000000
0.534360
0.356171 0.333333 0.603631 0.999813 0.999939 0.351161 0.833057 0.498885 0.841205 0.000000 0.647582 0.000000
0.534360
0.356171 0.333333 0.603630 0.999813 0.999939 0.351161 0.833062 0.499218 0.840362 0.000000 0.645840 0.000000
0.534360
0.356163 0.333333 0.603597 0.999813 0.999939 0.351161 0.832678 0.498788 0.840824 0.000000 0.646374 0.030303
0.534360
0.356166 0.333333 0.603611 0.999813 0.999939 0.351161 0.832241 0.498066 0.842486 0.021739 0.646515 0.000000
0.534360
0.356155 0.333333 0.603559 0.999813 0.999939 0.351161 0.833332 0.498866 0.840462 0.021739 0.646930 0.030303
0.534360
0.356165 0.333333 0.603604 0.999813 0.999939 0.351161 0.832751 0.498693 0.840614 0.000000 0.644217 0.000000
0.534360
0.356165 0.333333 0.603604 0.999813 0.999939 0.351161 0.833149 0.498767 0.840549 0.000000 0.646804 0.000000
0.534360
0.356163 0.333333 0.603595 0.999813 0.999939 0.351161 0.833497 0.499233 0.840196 0.000000 0.645910 0.000000
0.534360
0.356178 0.333333 0.603664 0.999813 0.999939 0.351161 0.832754 0.499089 0.840091 0.021739 0.645573 0.000000
0.534360
0.356162 0.333333 0.603591 0.999813 0.999939 0.351161 0.832795 0.498615 0.841143 0.000000 0.645588 0.030303
0.534360
0.356153 0.333333 0.603551 0.999814 0.999940 0.352569 0.832772 0.498623 0.841285 0.000000 0.646429 0.000000
0.534360
0.356158 0.333333 0.603572 0.999813 0.999939 0.351161 0.833196 0.498916 0.840435 0.021739 0.646033 0.030303
0.534360
0.356165 0.333333 0.603605 0.999813 0.999939 0.351161 0.833428 0.498791 0.840580 0.000000 0.646574 0.030303
0.534360
0.356169 0.333333 0.603624 0.999813 0.999939 0.351161 0.832732 0.498231 0.841169 0.021739 0.645154 0.000000
0.534360
0.356171 0.333333 0.603630 0.999813 0.999939 0.351161 0.832800 0.498665 0.840922 0.000000 0.646574 0.000000
0.534360
0.356163 0.333333 0.603593 0.999813 0.999939 0.351161 0.832781 0.498349 0.841142 0.000000 0.646974 0.030303
0.534360
0.356172 0.333333 0.603640 0.999813 0.999939 0.351161 0.832760 0.498808 0.841307 0.000000 0.644606 0.000000
0.534360
0.356166 0.333333 0.603611 0.999814 0.999941 0.351161 0.832554 0.498670 0.840957 0.000000 0.648267 0.000000
0.534360
0.356170 0.333333 0.603625 0.999813 0.999939 0.351161 0.832040 0.498004 0.842788 0.000000 0.648082 0.000000
0.534360
0.356165 0.333333 0.603603 0.999815 0.999943 0.351161 0.832835 0.498100 0.841989 0.000000 0.647563 0.000000
0.534360
0.356171 0.333333 0.603632 0.999813 0.999939 0.351161 0.832787 0.498927 0.840198 0.000000 0.645129 0.060606
0.534360
0.356157 0.333333 0.603567 0.999813 0.999939 0.351161 0.832757 0.497995 0.842716 0.000000 0.649468 0.000000
0.534360
0.356164 0.333333 0.603604 0.999813 0.999939 0.351161 0.832865 0.498859 0.840761 0.000000 0.646489 0.000000
0.534360
0.356164 0.333333 0.603600 0.999814 0.999940 0.352569 0.832931 0.498408 0.841445 0.021739 0.648012 0.060606
0.534360
0.356163 0.333333 0.603595 0.999813 0.999939 0.351161 0.833077 0.498554 0.841138 0.000000 0.646351 0.000000
0.534360
0.356174 0.333333 0.603646 0.999813 0.999939 0.351161 0.832942 0.498496 0.841175 0.000000 0.647882 0.030303
0.534360
0.356161 0.333333 0.603586 0.999813 0.999939 0.351161 0.833372 0.498336 0.841222 0.021739 0.646444 0.000000
0.534360
0.356169 0.333333 0.603626 0.999813 0.999939 0.351161 0.833064 0.498386 0.841576 0.021739 0.647552 0.000000
0.534360
0.356177 0.333333 0.603659 0.999813 0.999939 0.351161 0.833286 0.498065 0.841272 0.021739 0.646374 0.030303
0.534360
0.356167 0.333333 0.603615 0.999813 0.999939 0.351161 0.832550 0.498274 0.841022 0.000000 0.646233 0.000000
0.534360
0.356173 0.333333 0.603640 0.999813 0.999939 0.351161 0.832673 0.498135 0.841042 0.000000 0.646748 0.030303
0.534360
0.356175 0.333333 0.603653 0.999813 0.999939 0.351161 0.832411 0.499135 0.840425 0.000000 0.644954 0.030303
0.534360
0.356171 0.333333 0.603632 0.999813 0.999939 0.351161 0.832565 0.498561 0.841201 0.000000 0.645988 0.030303
0.534360
0.356173 0.333333 0.603643 0.999813 0.999939 0.351161 0.832925 0.498554 0.841086 0.000000 0.646288 0.000000
0.534360
0.356176 0.333333 0.603659 0.999813 0.999939 0.351161 0.832536 0.497997 0.842523 0.000000 0.649175 0.030303
0.534360
0.356175 0.333333 0.603652 0.999813 0.999939 0.351161 0.832469 0.498344 0.841511 0.000000 0.649627 0.030303
0.534360
0.356163 0.333333 0.603594 0.999814 0.999940 0.352569 0.832396 0.499155 0.839970 0.000000 0.644276 0.000000
0.534360
0.356166 0.333333 0.603608 0.999813 0.999939 0.351161 0.832609 0.498559 0.841132 0.000000 0.645759 0.000000
0.534360
0.356167 0.333333 0.603613 0.999813 0.999939 0.351161 0.833199 0.498570 0.840227 0.000000 0.644928 0.000000
0.534360
0.356172 0.333333 0.603638 0.999813 0.999939 0.351161 0.832668 0.498256 0.841696 0.000000 0.646351 0.000000
0.534360
0.356163 0.333333 0.603594 0.999813 0.999939 0.351161 0.833112 0.498242 0.841307 0.021739 0.645429 0.000000
0.534360
0.356167 0.333333 0.603616 0.999813 0.999939 0.351161 0.832584 0.498363 0.840482 0.021739 0.646603 0.030303
0.534360
0.356159 0.333333 0.603578 0.999813 0.999939 0.351161 0.832606 0.498267 0.840963 0.000000 0.647333 0.060606
0.534360
0.356173 0.333333 0.603641 0.999813 0.999939 0.351161 0.832543 0.498750 0.840386 0.000000 0.645692 0.000000
0.534360
0.356179 0.333333 0.603667 0.999813 0.999939 0.351161 0.832659 0.498107 0.842184 0.000000 0.647626 0.000000
0.534360
0.356169 0.333333 0.603621 0.999813 0.999939 0.351161 0.832695 0.498993 0.840245 0.021739 0.645221 0.000000
0.534360
0.356171 0.333333 0.603633 0.999813 0.999939 0.351161 0.833277 0.497894 0.841747 0.000000 0.647448 0.030303
0.534360
0.356166 0.333333 0.603612 0.999813 0.999939 0.351161 0.832985 0.498963 0.840243 0.000000 0.646366 0.030303
0.534360
0.356168 0.333333 0.603619 0.999813 0.999939 0.351161 0.832487 0.498992 0.840707 0.000000 0.647604 0.030303
0.534360
0.356166 0.333333 0.603607 0.999814 0.999940 0.352569 0.832915 0.497917 0.841447 0.000000 0.646570 0.000000
0.534360
0.356171 0.333333 0.603633 0.999814 0.999940 0.352569 0.832878 0.499042 0.840083 0.000000 0.648238 0.000000
0.534360
0.356162 0.333333 0.603590 0.999813 0.999939 0.351161 0.832682 0.498711 0.840563 0.021739 0.647434 0.000000
0.534360
0.356160 0.333333 0.603582 0.999813 0.999939 0.351161 0.832505 0.497699 0.841612 0.000000 0.647745 0.000000
0.534360
0.356166 0.333333 0.603610 0.999813 0.999939 0.351161 0.832647 0.497956 0.841668 0.000000 0.647333 0.000000
0.534360
0.356163 0.333333 0.603592 0.999813 0.999939 0.351161 0.832540 0.497936 0.841692 0.000000 0.645536 0.030303
0.534360
0.356163 0.333333 0.603594 0.999813 0.999939 0.351161 0.833124 0.498401 0.841148 0.000000 0.646500 0.060606
0.534360
0.356163 0.333333 0.603595 0.999813 0.999939 0.351161 0.832723 0.498413 0.841335 0.021739 0.647241 0.000000
0.534360
0.356162 0.333333 0.603591 0.999813 0.999939 0.351161 0.832766 0.498872 0.839860 0.000000 0.643379 0.000000
0.534360
0.356162 0.333333 0.603589 0.999813 0.999939 0.351161 0.832499 0.498205 0.841244 0.000000 0.646344 0.000000
0.534360
0.356167 0.333333 0.603617 0.999813 0.999939 0.351161 0.832550 0.498178 0.841313 0.000000 0.646963 0.000000
0.534360
0.356177 0.333333 0.603660 0.999813 0.999939 0.351161 0.832067 0.497869 0.842041 0.000000 0.647185 0.000000
0.534360
0.356177 0.333333 0.603660 0.999813 0.999939 0.351161 0.833066 0.498698 0.840756 0.000000 0.647159 0.000000
0.534360
0.356167 0.333333 0.603614 0.999814 0.999940 0.352569 0.833142 0.498290 0.841017 0.000000 0.645688 0.000000
0.534360
0.356162 0.333333 0.603591 0.999814 0.999940 0.352569 0.832100 0.498019 0.841676 0.000000 0.646018 0.000000
0.534360
0.356168 0.333333 0.603616 0.999813 0.999939 0.351161 0.832370 0.498710 0.840786 0.000000 0.647697 0.000000
0.534360
0.356163 0.333333 0.603592 0.999813 0.999939 0.351161 0.832902 0.498567 0.840175 0.000000 0.647104 0.000000
0.534360
0.356173 0.333333 0.603643 0.999813 0.999939 0.351161 0.831903 0.497951 0.841889 0.021739 0.647159 0.030303
0.534360
0.356175 0.333333 0.603653 0.999813 0.999939 0.351161 0.832239 0.498519 0.840208 0.000000 0.647270 0.000000
0.534360
0.356162 0.333333 0.603591 0.999813 0.999939 0.351161 0.833158 0.498079 0.840893 0.000000 0.646466 0.000000
0.534360
0.356162 0.333333 0.603591 0.999813 0.999939 0.351161 0.832342 0.497656 0.841681 0.021739 0.646863 0.000000
0.534360
0.356169 0.333333 0.603625 0.999813 0.999939 0.351161 0.832200 0.497983 0.841771 0.000000 0.646930 0.030303
0.534360
0.356174 0.333333 0.603648 0.999813 0.999939 0.351161 0.832780 0.498412 0.840826 0.000000 0.645310 0.000000
0.534360
0.356169 0.333333 0.603623 0.999813 0.999939 0.351161 0.832911 0.498441 0.841335 0.000000 0.647193 0.000000
0.534360
0.356163 0.333333 0.603597 0.999813 0.999939 0.351161 0.832427 0.498102 0.841207 0.000000 0.646689 0.060606
0.534360
0.356160 0.333333 0.603582 0.999813 0.999939 0.351161 0.832248 0.498325 0.841601 0.000000 0.647511 0.000000
0.534360
0.356171 0.333333 0.603633 0.999813 0.999939 0.351161 0.832690 0.498234 0.841232 0.021739 0.647574 0.030303
0.534360
0.356168 0.333333 0.603620 0.999814 0.999940 0.352569 0.832307 0.497957 0.841462 0.000000 0.646459 0.000000
0.534360
0.356165 0.333333 0.603607 0.999813 0.999939 0.351161 0.832764 0.498227 0.841092 0.000000 0.647786 0.030303
0.534360
0.356172 0.333333 0.603639 0.999813 0.999939 0.351161 0.832790 0.497894 0.841734 0.000000 0.648660 0.000000
0.534360
0.356170 0.333333 0.603628 0.999813 0.999939 0.351161 0.832467 0.498248 0.841252 0.000000 0.647819 0.000000
0.534360
0.356174 0.333333 0.603646 0.999813 0.999939 0.351161 0.832871 0.498637 0.840484 0.000000 0.645896 0.000000
0.534360
0.356177 0.333333 0.603659 0.999813 0.999939 0.351161 0.832777 0.498982 0.840330 0.000000 0.647226 0.000000
0.534360
0.356178 0.333333 0.603666 0.999813 0.999939 0.351161 0.832660 0.498244 0.841179 0.000000 0.646085 0.000000
0.534360
0.356179 0.333333 0.603668 0.999813 0.999939 0.351161 0.832452 0.498924 0.840825 0.000000 0.645985 0.000000
0.534360
0.356174 0.333333 0.603646 0.999813 0.999939 0.351161 0.833231 0.498463 0.840217 0.000000 0.644865 0.030303
0.534360
0.165383 1.000000 0.485855 0.581026 0.219354 0.249824 0.160855 0.936645 0.045615 0.304348 0.177093 0.545455
0.324275
0.165779 1.000000 0.489528 0.581026 0.219354 0.249824 0.180433 0.971810 0.051544 0.043478 0.197823 0.030303
0.324275
0.165734 1.000000 0.489116 0.581026 0.219354 0.249824 0.179727 0.971878 0.051592 0.000000 0.196741 0.060606
0.324275
0.165808 1.000000 0.489795 0.581026 0.219354 0.249824 0.179277 0.972121 0.052070 0.000000 0.200558 0.090909
0.324275
0.165750 1.000000 0.489257 0.581026 0.219354 0.249824 0.179622 0.972191 0.051754 0.021739 0.199661 0.060606
0.324275
0.165820 1.000000 0.489912 0.581026 0.219354 0.249824 0.180732 0.973143 0.052457 0.000000 0.202930 0.060606
0.324275
0.165792 1.000000 0.489651 0.581026 0.219354 0.249824 0.180070 0.972113 0.051575 0.000000 0.197790 0.090909
0.324275
0.165736 1.000000 0.489129 0.581026 0.219354 0.249824 0.179432 0.970575 0.051071 0.021739 0.196167 0.060606
0.324275
0.165865 1.000000 0.490331 0.581026 0.219354 0.249824 0.179903 0.972058 0.052125 0.000000 0.201359 0.121212
0.324275
0.165756 1.000000 0.489319 0.581026 0.219354 0.249824 0.179977 0.971629 0.051222 0.000000 0.196545 0.090909
0.324275
0.165757 1.000000 0.489330 0.581026 0.219354 0.249824 0.179381 0.971513 0.051673 0.000000 0.197868 0.060606
0.324275
0.165747 1.000000 0.489232 0.581026 0.219354 0.249824 0.180212 0.971954 0.051669 0.000000 0.198316 0.060606
0.324275
0.165776 1.000000 0.489496 0.581026 0.219354 0.249824 0.179784 0.971182 0.051099 0.000000 0.196786 0.060606
0.324275
0.165727 1.000000 0.489049 0.581026 0.219354 0.249824 0.180444 0.971585 0.051152 0.021739 0.198068 0.060606
0.324275
0.165827 1.000000 0.489979 0.581026 0.219354 0.249824 0.179524 0.972298 0.052140 0.000000 0.201373 0.060606
0.324275
0.165787 1.000000 0.489606 0.581026 0.219354 0.249824 0.180080 0.971900 0.051605 0.000000 0.198157 0.060606
0.324275
0.165777 1.000000 0.489510 0.581026 0.219354 0.249824 0.179624 0.972444 0.051564 0.000000 0.198920 0.060606
0.324275
0.165806 1.000000 0.489777 0.581026 0.219354 0.249824 0.179537 0.972389 0.052034 0.000000 0.201888 0.090909
0.324275
0.165642 1.000000 0.488262 0.581026 0.219354 0.249824 0.180425 0.973525 0.052079 0.000000 0.200306 0.060606
0.324275
0.165735 1.000000 0.489120 0.581026 0.219354 0.249824 0.179614 0.972335 0.051807 0.000000 0.199231 0.030303
0.324275
0.165772 1.000000 0.489460 0.581026 0.219354 0.249824 0.179742 0.972232 0.051771 0.000000 0.197953 0.060606
0.324275
0.165724 1.000000 0.489017 0.581026 0.219354 0.249824 0.179513 0.970694 0.050941 0.021739 0.197115 0.030303
0.324275
0.165751 1.000000 0.489266 0.581026 0.219354 0.249824 0.179706 0.971120 0.051247 0.000000 0.196875 0.060606
0.324275
0.165764 1.000000 0.489383 0.581026 0.219354 0.249824 0.180285 0.972288 0.051665 0.021739 0.198905 0.030303
0.324275
0.165751 1.000000 0.489266 0.581026 0.219354 0.249824 0.179815 0.971275 0.051277 0.000000 0.196674 0.000000
0.324275
0.165704 1.000000 0.488832 0.581026 0.219354 0.249824 0.179672 0.970996 0.051173 0.000000 0.196285 0.090909
0.324275
0.165851 1.000000 0.490204 0.581027 0.219355 0.251232 0.179439 0.972182 0.052088 0.000000 0.201503 0.060606
0.324275
0.165713 1.000000 0.488916 0.581026 0.219354 0.249824 0.180297 0.973776 0.052519 0.021739 0.202185 0.060606
0.324275
0.165810 1.000000 0.489819 0.581026 0.219354 0.249824 0.179668 0.972100 0.051804 0.000000 0.199732 0.030303
0.324275
0.165721 1.000000 0.488991 0.581026 0.219354 0.249824 0.180284 0.971851 0.051470 0.021739 0.197112 0.060606
0.324275
0.166010 1.000000 0.491668 0.581027 0.219355 0.251232 0.179844 0.971370 0.051007 0.021739 0.196800 0.060606
0.324275
0.165747 1.000000 0.489233 0.581026 0.219354 0.249824 0.180237 0.971806 0.051251 0.000000 0.196408 0.090909
0.324275
0.165756 1.000000 0.489318 0.581026 0.219354 0.249824 0.180102 0.971865 0.051769 0.000000 0.197479 0.060606
0.324275
0.165738 1.000000 0.489150 0.581026 0.219354 0.249824 0.180062 0.971999 0.051901 0.021739 0.198242 0.030303
0.324275
0.165771 1.000000 0.489456 0.581026 0.219354 0.249824 0.179781 0.971242 0.051220 0.021739 0.196934 0.060606
0.324275
0.165805 1.000000 0.489768 0.581026 0.219354 0.249824 0.179891 0.971944 0.052077 0.021739 0.198461 0.060606
0.324275
0.165752 1.000000 0.489272 0.581026 0.219354 0.249824 0.179688 0.971849 0.051833 0.000000 0.199124 0.090909
0.324275
0.165806 1.000000 0.489782 0.581027 0.219355 0.251232 0.179519 0.972203 0.051872 0.000000 0.200128 0.090909
0.324275
0.165782 1.000000 0.489562 0.581026 0.219354 0.249824 0.179872 0.972233 0.051757 0.000000 0.198735 0.030303
0.324275
0.165804 1.000000 0.489759 0.581027 0.219355 0.251232 0.179859 0.972120 0.052187 0.000000 0.201025 0.090909
0.324275
0.165770 1.000000 0.489443 0.581026 0.219354 0.249824 0.179728 0.972169 0.051767 0.000000 0.199135 0.090909
0.324275
0.165765 1.000000 0.489403 0.581026 0.219354 0.249824 0.180208 0.971757 0.051438 0.000000 0.198046 0.090909
0.324275
0.165858 1.000000 0.490258 0.581027 0.219355 0.251232 0.179820 0.971348 0.051168 0.000000 0.197204 0.090909
0.324275
0.165766 1.000000 0.489411 0.581026 0.219354 0.249824 0.179569 0.970791 0.051810 0.000000 0.198220 0.060606
0.324275
0.165937 1.000000 0.490992 0.581027 0.219355 0.251232 0.179358 0.970872 0.051031 0.000000 0.197227 0.090909
0.324275
0.165736 1.000000 0.489132 0.581026 0.219354 0.249824 0.179325 0.970303 0.051463 0.000000 0.197942 0.030303
0.324275
0.165730 1.000000 0.489076 0.581026 0.219354 0.249824 0.180235 0.972213 0.051824 0.000000 0.198116 0.060606
0.324275
0.165741 1.000000 0.489179 0.581026 0.219354 0.249824 0.179909 0.971661 0.051066 0.000000 0.196793 0.060606
0.324275
0.165806 1.000000 0.489774 0.581027 0.219355 0.251232 0.180077 0.971776 0.052077 0.000000 0.198909 0.090909
0.324275
0.165742 1.000000 0.489189 0.581026 0.219354 0.249824 0.179928 0.971486 0.050974 0.000000 0.196015 0.000000
0.324275
0.165800 1.000000 0.489724 0.581027 0.219355 0.251232 0.179861 0.972169 0.051652 0.000000 0.198479 0.090909
0.324275
0.165716 1.000000 0.488949 0.581026 0.219354 0.249824 0.180197 0.971854 0.050865 0.000000 0.194944 0.060606
0.324275
0.165873 1.000000 0.490399 0.581027 0.219355 0.251232 0.180444 0.972455 0.052471 0.021739 0.202841 0.060606
0.324275
0.165814 1.000000 0.489855 0.581027 0.219355 0.251232 0.179578 0.972228 0.052313 0.021739 0.201199 0.060606
0.324275
0.165746 1.000000 0.489225 0.581027 0.219355 0.251232 0.180011 0.972043 0.052262 0.000000 0.199361 0.090909
0.324275
0.165793 1.000000 0.489661 0.581027 0.219355 0.251232 0.179782 0.972049 0.052031 0.000000 0.198994 0.060606
0.324275
0.165740 1.000000 0.489161 0.581027 0.219355 0.251232 0.179843 0.971331 0.051227 0.021739 0.195741 0.090909
0.324275
0.165724 1.000000 0.489020 0.581027 0.219355 0.251232 0.177826 0.968941 0.050312 0.000000 0.195133 0.060606
0.324275
0.165708 1.000000 0.488869 0.581026 0.219354 0.249824 0.179722 0.971129 0.051148 0.000000 0.195514 0.090909
0.324275
0.165858 1.000000 0.490260 0.581027 0.219355 0.251232 0.179509 0.972060 0.052407 0.000000 0.202178 0.060606
0.324275
0.165749 1.000000 0.489252 0.581027 0.219355 0.251232 0.180344 0.972121 0.051593 0.021739 0.197497 0.060606
0.324275
0.165761 1.000000 0.489357 0.581027 0.219355 0.251232 0.180075 0.971812 0.051578 0.021739 0.197145 0.090909
0.324275
0.165749 1.000000 0.489253 0.581027 0.219355 0.251232 0.179720 0.972663 0.051945 0.000000 0.200117 0.060606
0.324275
0.165859 1.000000 0.490270 0.581027 0.219355 0.251232 0.179724 0.971073 0.051031 0.000000 0.196756 0.121212
0.324275
0.165783 1.000000 0.489562 0.581027 0.219355 0.251232 0.179784 0.971925 0.052039 0.021739 0.198742 0.060606
0.324275
0.165785 1.000000 0.489587 0.581027 0.219355 0.251232 0.180060 0.971783 0.051912 0.000000 0.198557 0.121212
0.324275
0.165869 1.000000 0.490362 0.581027 0.219355 0.251232 0.179391 0.971192 0.050602 0.021739 0.195737 0.060606
0.324275
0.165802 1.000000 0.489744 0.581027 0.219355 0.251232 0.179673 0.972064 0.052194 0.021739 0.199554 0.090909
0.324275
0.165745 1.000000 0.489214 0.581027 0.219355 0.251232 0.180322 0.972331 0.051443 0.021739 0.197805 0.060606
0.324275
0.165791 1.000000 0.489643 0.581027 0.219355 0.251232 0.179882 0.971456 0.051636 0.000000 0.197382 0.090909
0.324275
0.165760 1.000000 0.489359 0.581027 0.219355 0.251232 0.180190 0.971861 0.051267 0.021739 0.196245 0.060606
0.324275
0.165773 1.000000 0.489469 0.581027 0.219355 0.251232 0.179802 0.972078 0.051873 0.000000 0.198149 0.121212
0.324275
0.165690 1.000000 0.488707 0.581027 0.219355 0.251232 0.180163 0.971902 0.052027 0.021739 0.199402 0.030303
0.324275
0.165747 1.000000 0.489234 0.581027 0.219355 0.251232 0.180058 0.972279 0.051349 0.000000 0.197593 0.030303
0.324275
0.165697 1.000000 0.488772 0.581027 0.219355 0.251232 0.182389 0.975026 0.052624 0.000000 0.204972 0.060606
0.324275
0.165800 1.000000 0.489723 0.581027 0.219355 0.251232 0.179515 0.972216 0.051810 0.000000 0.199906 0.060606
0.324275
0.165773 1.000000 0.489473 0.581027 0.219355 0.251232 0.179511 0.972338 0.051807 0.021739 0.198872 0.060606
0.324275
0.165805 1.000000 0.489765 0.581027 0.219355 0.251232 0.179724 0.972050 0.052449 0.000000 0.200603 0.030303
0.324275
0.165752 1.000000 0.489281 0.581027 0.219355 0.251232 0.179566 0.972141 0.051399 0.021739 0.198501 0.030303
0.324275
0.165876 1.000000 0.490430 0.581027 0.219355 0.251232 0.179838 0.971321 0.051536 0.000000 0.198346 0.090909
0.324275
0.165702 1.000000 0.488812 0.581027 0.219355 0.251232 0.179526 0.970665 0.050951 0.000000 0.195437 0.090909
0.324275
0.165736 1.000000 0.489128 0.581027 0.219355 0.251232 0.179573 0.970590 0.051127 0.000000 0.196378 0.090909
0.324275
0.165756 1.000000 0.489319 0.581027 0.219355 0.251232 0.179741 0.971099 0.051795 0.000000 0.198349 0.090909
0.324275
0.165842 1.000000 0.490112 0.581027 0.219355 0.251232 0.180226 0.972285 0.051701 0.000000 0.200147 0.090909
0.324275
0.165865 1.000000 0.490322 0.581027 0.219355 0.251232 0.180497 0.972361 0.051879 0.000000 0.200921 0.121212
0.324275
0.165800 1.000000 0.489719 0.581027 0.219355 0.251232 0.179927 0.973334 0.052405 0.000000 0.203200 0.060606
0.324275
0.165762 1.000000 0.489374 0.581027 0.219355 0.251232 0.180256 0.971965 0.051621 0.021739 0.197464 0.060606
0.324275
0.165820 1.000000 0.489907 0.581027 0.219355 0.251232 0.179393 0.972166 0.052144 0.000000 0.199954 0.090909
0.324275
0.165685 1.000000 0.488655 0.581027 0.219355 0.251232 0.180016 0.973358 0.052175 0.021739 0.200128 0.060606
0.324275
0.165817 1.000000 0.489885 0.581027 0.219355 0.251232 0.179506 0.972305 0.052022 0.000000 0.200554 0.090909
0.324275
0.165836 1.000000 0.490059 0.581027 0.219355 0.251232 0.179612 0.970946 0.050751 0.000000 0.195989 0.060606
0.324275
0.165778 1.000000 0.489515 0.581027 0.219355 0.251232 0.179467 0.972175 0.051593 0.000000 0.198409 0.030303
0.324275
0.165763 1.000000 0.489379 0.581027 0.219355 0.251232 0.179947 0.971557 0.051532 0.021739 0.197015 0.030303
0.324275
0.165748 1.000000 0.489240 0.581027 0.219355 0.251232 0.179890 0.973331 0.051968 0.000000 0.200699 0.060606
0.324275
0.165731 1.000000 0.489087 0.581027 0.219355 0.251232 0.179718 0.971126 0.051634 0.021739 0.197338 0.090909
0.324275
0.165842 1.000000 0.490112 0.581027 0.219355 0.251232 0.180654 0.972573 0.051992 0.000000 0.201477 0.090909
0.324275
0.165791 1.000000 0.489641 0.581027 0.219355 0.251232 0.179434 0.971787 0.051817 0.000000 0.198935 0.090909
0.324275
0.165751 1.000000 0.489274 0.581027 0.219355 0.251232 0.179625 0.972253 0.051568 0.000000 0.198587 0.060606
0.324275
0.165718 1.000000 0.488961 0.581027 0.219355 0.251232 0.179935 0.972312 0.051465 0.000000 0.198164 0.060606
0.324275
0.165724 1.000000 0.489016 0.581027 0.219355 0.251232 0.179955 0.972017 0.051878 0.000000 0.198309 0.090909
0.324275
0.165765 1.000000 0.489402 0.581027 0.219355 0.251232 0.179612 0.970916 0.051562 0.000000 0.197367 0.090909
0.324275
0.165744 1.000000 0.489213 0.581027 0.219355 0.251232 0.180081 0.971704 0.051167 0.000000 0.196608 0.060606
0.324275
0.165828 1.000000 0.489985 0.581027 0.219355 0.251232 0.180374 0.972241 0.051696 0.000000 0.200065 0.030303
0.324275
0.165848 1.000000 0.490166 0.581027 0.219355 0.251232 0.179668 0.972569 0.052158 0.000000 0.201270 0.060606
0.324275
0.165751 1.000000 0.489270 0.581027 0.219355 0.251232 0.179631 0.972511 0.052138 0.000000 0.201058 0.060606
0.324275
0.165857 1.000000 0.490255 0.581027 0.219355 0.251232 0.180519 0.972523 0.052220 0.000000 0.201885 0.090909
0.324275
0.165857 1.000000 0.490255 0.581027 0.219355 0.251232 0.179380 0.972210 0.052127 0.000000 0.201303 0.060606
0.324275
0.165739 1.000000 0.489162 0.581027 0.219355 0.251232 0.179789 0.972078 0.051526 0.000000 0.198279 0.060606
0.324275
0.165715 1.000000 0.488937 0.581027 0.219355 0.251232 0.179651 0.971005 0.050803 0.021739 0.195259 0.030303
0.324275
0.165770 1.000000 0.489441 0.581027 0.219355 0.251232 0.179960 0.971683 0.051702 0.000000 0.198335 0.090909
0.324275
0.165742 1.000000 0.489184 0.581027 0.219355 0.251232 0.180181 0.972005 0.051744 0.021739 0.198046 0.060606
0.324275
0.165789 1.000000 0.489622 0.581027 0.219355 0.251232 0.179951 0.971477 0.051492 0.000000 0.196841 0.060606
0.324275
0.165792 1.000000 0.489647 0.581027 0.219355 0.251232 0.179723 0.972008 0.052135 0.000000 0.200002 0.030303
0.324275
0.165780 1.000000 0.489540 0.581027 0.219355 0.251232 0.180855 0.972202 0.051344 0.000000 0.197204 0.090909
0.324275
0.165794 1.000000 0.489664 0.581027 0.219355 0.251232 0.180163 0.972020 0.051742 0.000000 0.198312 0.090909
0.324275
0.165751 1.000000 0.489272 0.581027 0.219355 0.251232 0.180380 0.972274 0.051926 0.000000 0.198690 0.090909
0.324275
0.165787 1.000000 0.489604 0.581027 0.219355 0.251232 0.179739 0.972186 0.051783 0.021739 0.200021 0.030303
0.324275
0.165754 1.000000 0.489296 0.581027 0.219355 0.251232 0.179961 0.971617 0.051592 0.000000 0.197582 0.060606
0.324275
0.165770 1.000000 0.489450 0.581027 0.219355 0.251232 0.179761 0.971176 0.051618 0.000000 0.198283 0.090909
0.324275
0.165793 1.000000 0.489659 0.581027 0.219355 0.251232 0.179730 0.972093 0.051814 0.000000 0.199394 0.090909
0.324275
0.165788 1.000000 0.489610 0.581027 0.219355 0.251232 0.180059 0.972136 0.051879 0.021739 0.200036 0.060606
0.324275
0.165845 1.000000 0.490143 0.581027 0.219355 0.251232 0.179995 0.972166 0.051911 0.000000 0.201548 0.060606
0.324275
0.165813 1.000000 0.489845 0.581027 0.219355 0.251232 0.179422 0.972062 0.051811 0.000000 0.200143 0.060606
0.324275
0.165741 1.000000 0.489177 0.581027 0.219355 0.251232 0.180164 0.972097 0.051414 0.021739 0.197290 0.030303
0.324275
0.165757 1.000000 0.489323 0.581027 0.219355 0.251232 0.180103 0.971778 0.051725 0.000000 0.197523 0.060606
0.324275
0.165851 1.000000 0.490193 0.581027 0.219355 0.251232 0.179668 0.972144 0.052062 0.021739 0.201718 0.060606
0.324275
0.165834 1.000000 0.490042 0.581027 0.219355 0.251232 0.179689 0.972107 0.051977 0.000000 0.201366 0.090909
0.324275
0.165844 1.000000 0.490133 0.581027 0.219355 0.251232 0.180620 0.972557 0.051867 0.000000 0.200647 0.060606
0.324275
0.165797 1.000000 0.489690 0.581027 0.219355 0.251232 0.179428 0.972090 0.051611 0.021739 0.200113 0.030303
0.324275
0.165813 1.000000 0.489843 0.581026 0.219354 0.251232 0.179614 0.972062 0.051678 0.000000 0.199142 0.090909
0.324275
0.165742 1.000000 0.489185 0.581026 0.219354 0.251232 0.179814 0.972095 0.051714 0.000000 0.197278 0.090909
0.324275
0.165737 1.000000 0.489137 0.581026 0.219354 0.251232 0.180015 0.971765 0.051599 0.021739 0.197642 0.060606
0.324275
0.165833 1.000000 0.490031 0.581026 0.219354 0.251232 0.179671 0.971199 0.050671 0.043478 0.195678 0.030303
0.324275
0.165791 1.000000 0.489641 0.581026 0.219354 0.251232 0.179758 0.973277 0.052546 0.021739 0.203808 0.060606
0.324275
0.165746 1.000000 0.489227 0.581026 0.219354 0.251232 0.179999 0.971724 0.051618 0.000000 0.197938 0.060606
0.324275
0.165772 1.000000 0.489466 0.581026 0.219354 0.251232 0.180436 0.971859 0.051269 0.021739 0.196482 0.060606
0.324275
0.165869 1.000000 0.490364 0.581026 0.219354 0.251232 0.179726 0.971033 0.051370 0.021739 0.197897 0.060606
0.324275
0.165847 1.000000 0.490158 0.581026 0.219354 0.251232 0.179794 0.971997 0.051972 0.000000 0.201381 0.060606
0.324275
0.165728 1.000000 0.489058 0.581026 0.219354 0.251232 0.180005 0.971602 0.051023 0.021739 0.195844 0.030303
0.324275
0.165745 1.000000 0.489213 0.581026 0.219354 0.251232 0.180061 0.971789 0.051338 0.000000 0.196623 0.030303
0.324275
0.165812 1.000000 0.489830 0.581026 0.219354 0.251232 0.179641 0.972434 0.051835 0.000000 0.200962 0.060606
0.324275
0.165860 1.000000 0.490279 0.581026 0.219354 0.251232 0.180303 0.972359 0.052219 0.000000 0.202430 0.060606
0.324275
0.165796 1.000000 0.489691 0.581026 0.219354 0.251232 0.180008 0.972094 0.051854 0.000000 0.198116 0.090909
0.324275
0.165791 1.000000 0.489635 0.581026 0.219354 0.251232 0.179479 0.971320 0.051752 0.000000 0.198205 0.090909
0.324275
0.165752 1.000000 0.489277 0.581026 0.219354 0.251232 0.179632 0.972143 0.051808 0.021739 0.198950 0.060606
0.324275
0.165793 1.000000 0.489663 0.581026 0.219354 0.251232 0.179717 0.972003 0.052365 0.043478 0.200062 0.060606
0.324275
0.165742 1.000000 0.489185 0.581026 0.219354 0.251232 0.180915 0.974625 0.052681 0.021739 0.203734 0.060606
0.324275
0.165777 1.000000 0.489511 0.581026 0.219354 0.251232 0.179806 0.972076 0.052086 0.021739 0.198928 0.030303
0.324275
0.165658 1.000000 0.488409 0.581026 0.219354 0.251232 0.180237 0.973632 0.052121 0.021739 0.200310 0.060606
0.324275
0.165837 1.000000 0.490070 0.581026 0.219354 0.251232 0.179853 0.971515 0.050738 0.000000 0.196630 0.000000
0.324275
0.324232 0.333333 0.455561 0.581180 0.219394 0.563688 0.013093 0.667751 0.016841 0.021739 0.066916 0.060606
0.492397
0.324299 0.333333 0.455870 0.581180 0.219394 0.563688 0.012606 0.666429 0.016878 0.000000 0.065878 0.030303
0.492397
0.324204 0.333333 0.455425 0.581180 0.219394 0.563688 0.012585 0.666005 0.016871 0.000000 0.065281 0.060606
0.492397
0.324282 0.333333 0.455793 0.581180 0.219394 0.563688 0.012717 0.666740 0.016822 0.000000 0.065926 0.030303
0.492397
0.324265 0.333333 0.455712 0.581180 0.219394 0.563688 0.012850 0.666965 0.016775 0.000000 0.066082 0.030303
0.492397
0.324299 0.333333 0.455866 0.581180 0.219394 0.563688 0.012999 0.667118 0.017026 0.000000 0.066549 0.030303
0.492397
0.324251 0.333333 0.455647 0.581180 0.219394 0.563688 0.012604 0.666761 0.016864 0.000000 0.066126 0.030303
0.492397
0.324253 0.333333 0.455655 0.581180 0.219394 0.563688 0.012604 0.666143 0.017119 0.000000 0.065811 0.030303
0.492397
0.324243 0.333333 0.455607 0.581180 0.219394 0.563688 0.012814 0.666848 0.016922 0.000000 0.065704 0.060606
0.492397
0.324353 0.333333 0.456118 0.581180 0.219394 0.563688 0.013008 0.667030 0.017106 0.000000 0.067042 0.060606
0.492397
0.324304 0.333333 0.455889 0.581181 0.219395 0.565095 0.012900 0.666899 0.017122 0.000000 0.066912 0.060606
0.492397
0.324222 0.333333 0.455509 0.581181 0.219395 0.565095 0.012794 0.666644 0.016847 0.000000 0.065782 0.060606
0.492397
0.324301 0.333333 0.455880 0.581181 0.219395 0.565095 0.013103 0.667066 0.016925 0.000000 0.066490 0.060606
0.492397
0.324281 0.333333 0.455787 0.581180 0.219394 0.563688 0.012662 0.666475 0.016998 0.000000 0.065500 0.030303
0.492397
0.324249 0.333333 0.455637 0.581180 0.219394 0.563688 0.012607 0.666456 0.016816 0.000000 0.065341 0.060606
0.492397
0.324292 0.333333 0.455834 0.581180 0.219394 0.563688 0.012499 0.666140 0.016927 0.000000 0.065545 0.030303
0.492397
0.324300 0.333333 0.455875 0.581180 0.219394 0.563688 0.012906 0.666852 0.016760 0.000000 0.066104 0.060606
0.492397
0.324229 0.333333 0.455545 0.581180 0.219394 0.563688 0.012931 0.666861 0.016458 0.000000 0.064981 0.060606
0.492397
0.324331 0.333333 0.456015 0.581180 0.219394 0.563688 0.012651 0.666391 0.017185 0.000000 0.066326 0.030303
0.492397
0.324273 0.333333 0.455749 0.581180 0.219394 0.563688 0.012901 0.667209 0.016779 0.000000 0.065767 0.060606
0.492397
0.324252 0.333333 0.455652 0.581180 0.219394 0.563688 0.013733 0.668304 0.016984 0.000000 0.067016 0.030303
0.492397
0.324267 0.333333 0.455719 0.581180 0.219394 0.563688 0.012749 0.666856 0.017044 0.000000 0.066334 0.000000
0.492397
0.324304 0.333333 0.455890 0.581180 0.219394 0.563688 0.012619 0.666499 0.017184 0.000000 0.066115 0.030303
0.492397
0.324268 0.333333 0.455723 0.581180 0.219394 0.563688 0.012672 0.666461 0.017301 0.000000 0.066223 0.000000
0.492397
0.324248 0.333333 0.455633 0.581181 0.219395 0.565095 0.013735 0.668338 0.017010 0.000000 0.067227 0.030303
0.492397
0.324270 0.333333 0.455735 0.581181 0.219395 0.565095 0.013016 0.666933 0.016906 0.000000 0.066452 0.030303
0.492397
0.324243 0.333333 0.455609 0.581180 0.219394 0.563688 0.012854 0.667022 0.016975 0.000000 0.065923 0.030303
0.492397
0.324297 0.333333 0.455857 0.581180 0.219394 0.563688 0.013110 0.667102 0.016708 0.000000 0.065937 0.030303
0.492397
0.324248 0.333333 0.455634 0.581180 0.219394 0.563688 0.013186 0.667258 0.016752 0.000000 0.066108 0.030303
0.492397
0.324297 0.333333 0.455857 0.581180 0.219394 0.563688 0.013170 0.667224 0.016841 0.000000 0.066378 0.060606
0.492397
0.324242 0.333333 0.455604 0.581180 0.219394 0.563688 0.013052 0.667513 0.016655 0.000000 0.066308 0.030303
0.492397
0.324243 0.333333 0.455607 0.581180 0.219394 0.563688 0.013235 0.667505 0.016846 0.000000 0.066319 0.060606
0.492397
0.324274 0.333333 0.455755 0.581180 0.219394 0.563688 0.013150 0.667490 0.016791 0.000000 0.065952 0.060606
0.492397
0.324254 0.333333 0.455659 0.581180 0.219394 0.563688 0.012697 0.666721 0.016934 0.000000 0.065700 0.060606
0.492397
0.324261 0.333333 0.455693 0.581180 0.219394 0.563688 0.013022 0.667006 0.016713 0.000000 0.066078 0.030303
0.492397
0.324307 0.333333 0.455904 0.581180 0.219394 0.563688 0.013290 0.668188 0.017021 0.000000 0.067346 0.000000
0.492397
0.324266 0.333333 0.455715 0.581180 0.219394 0.563688 0.013155 0.667475 0.016914 0.000000 0.066704 0.000000
0.492397
0.324272 0.333333 0.455742 0.581181 0.219395 0.565095 0.012858 0.667028 0.017267 0.000000 0.067416 0.030303
0.492397
0.324263 0.333333 0.455704 0.581181 0.219395 0.565095 0.012851 0.666932 0.016835 0.000000 0.066123 0.030303
0.492397
0.324276 0.333333 0.455763 0.581181 0.219395 0.565095 0.013152 0.667547 0.016962 0.000000 0.066964 0.000000
0.492397
0.324300 0.333333 0.455873 0.581180 0.219394 0.563688 0.012784 0.667005 0.017202 0.000000 0.067045 0.000000
0.492397
0.324271 0.333333 0.455738 0.581180 0.219394 0.563688 0.012713 0.666760 0.017077 0.000000 0.066515 0.030303
0.492397
0.324232 0.333333 0.455557 0.581180 0.219394 0.563688 0.013040 0.667140 0.016745 0.000000 0.066126 0.000000
0.492397
0.324283 0.333333 0.455798 0.581180 0.219394 0.563688 0.012925 0.667091 0.017140 0.000000 0.066753 0.030303
0.492397
0.324279 0.333333 0.455775 0.581180 0.219394 0.563688 0.013049 0.667642 0.016833 0.000000 0.066460 0.060606
0.492397
0.324287 0.333333 0.455810 0.581180 0.219394 0.563688 0.013032 0.667493 0.017101 0.000000 0.067449 0.030303
0.492397
0.324253 0.333333 0.455651 0.581180 0.219394 0.563688 0.012669 0.666554 0.016865 0.000000 0.065948 0.030303
0.492397
0.324300 0.333333 0.455874 0.581180 0.219394 0.563688 0.013011 0.667200 0.016980 0.000000 0.066860 0.000000
0.492397
0.324333 0.333333 0.456029 0.581180 0.219394 0.563688 0.013058 0.667258 0.017233 0.000000 0.067283 0.030303
0.492397
0.324267 0.333333 0.455722 0.581180 0.219394 0.563688 0.013169 0.667568 0.016712 0.000000 0.066289 0.030303
0.492397
0.324255 0.333333 0.455663 0.581180 0.219394 0.563688 0.013172 0.667351 0.016937 0.000000 0.066423 0.060606
0.492397
0.324287 0.333333 0.455814 0.581181 0.219395 0.565095 0.013141 0.667932 0.016950 0.000000 0.067105 0.030303
0.492397
0.324273 0.333333 0.455746 0.581181 0.219395 0.565095 0.013087 0.667427 0.016792 0.000000 0.066675 0.060606
0.492397
0.324236 0.333333 0.455573 0.581180 0.219394 0.563688 0.013085 0.667694 0.016811 0.000000 0.066134 0.030303
0.492397
0.324262 0.333333 0.455697 0.581180 0.219394 0.563688 0.013255 0.667566 0.016978 0.000000 0.066816 0.030303
0.492397
0.324255 0.333333 0.455662 0.581180 0.219394 0.563688 0.012760 0.666856 0.016860 0.000000 0.065774 0.030303
0.492397
0.324233 0.333333 0.455565 0.581180 0.219394 0.563688 0.012731 0.666789 0.016717 0.000000 0.065296 0.060606
0.492397
0.324249 0.333333 0.455634 0.581180 0.219394 0.563688 0.012924 0.667664 0.016829 0.000000 0.066271 0.060606
0.492397
0.324231 0.333333 0.455553 0.581180 0.219394 0.563688 0.013173 0.667556 0.016935 0.000000 0.066860 0.060606
0.492397
0.324330 0.333333 0.456013 0.581180 0.219394 0.563688 0.013181 0.667678 0.017140 0.000000 0.067642 0.060606
0.492397
0.324278 0.333333 0.455771 0.581180 0.219394 0.563688 0.012759 0.666829 0.016984 0.000000 0.066108 0.030303
0.492397
0.324251 0.333333 0.455645 0.581180 0.219394 0.563688 0.012809 0.666849 0.016754 0.000000 0.065911 0.060606
0.492397
0.324331 0.333333 0.456016 0.581180 0.219394 0.563688 0.013200 0.668013 0.017225 0.000000 0.067738 0.060606
0.492397
0.324270 0.333333 0.455738 0.581180 0.219394 0.563688 0.013060 0.667271 0.017041 0.000000 0.066638 0.000000
0.492397
0.324290 0.333333 0.455827 0.581181 0.219395 0.565095 0.012866 0.666976 0.017096 0.000000 0.066364 0.000000
0.492397
0.324282 0.333333 0.455788 0.581181 0.219395 0.565095 0.013215 0.667357 0.017040 0.000000 0.067690 0.030303
0.492397
0.324289 0.333333 0.455826 0.581181 0.219395 0.565095 0.013209 0.667437 0.017015 0.000000 0.066934 0.030303
0.492397
0.324265 0.333333 0.455710 0.581180 0.219394 0.563688 0.012725 0.666842 0.016931 0.000000 0.066060 0.030303
0.492397
0.324244 0.333333 0.455612 0.581180 0.219394 0.563688 0.013127 0.667400 0.016813 0.000000 0.066460 0.030303
0.492397
0.324247 0.333333 0.455628 0.581180 0.219394 0.563688 0.013827 0.668374 0.017032 0.000000 0.067194 0.000000
0.492397
0.324256 0.333333 0.455668 0.581180 0.219394 0.563688 0.013082 0.667440 0.017098 0.000000 0.066445 0.060606
0.492397
0.324255 0.333333 0.455665 0.581180 0.219394 0.563688 0.013094 0.667356 0.016864 0.000000 0.066749 0.030303
0.492397
0.324340 0.333333 0.456057 0.581180 0.219394 0.563688 0.013171 0.667409 0.017034 0.000000 0.066916 0.030303
0.492397
0.324269 0.333333 0.455730 0.581180 0.219394 0.563688 0.012765 0.666975 0.017167 0.000000 0.066619 0.030303
0.492397
0.324305 0.333333 0.455896 0.581180 0.219394 0.563688 0.012896 0.667022 0.016839 0.000000 0.065937 0.030303
0.492397
0.324302 0.333333 0.455881 0.581180 0.219394 0.563688 0.013164 0.667659 0.016810 0.000000 0.066397 0.030303
0.492397
0.324319 0.333333 0.455962 0.581180 0.219394 0.563688 0.013033 0.667443 0.017040 0.000000 0.066945 0.060606
0.492397
0.324225 0.333333 0.455524 0.581181 0.219395 0.565095 0.013165 0.667195 0.016701 0.000000 0.065974 0.060606
0.492397
0.324317 0.333333 0.455949 0.581181 0.219395 0.565095 0.013122 0.667250 0.016987 0.000000 0.066464 0.030303
0.492397
0.324253 0.333333 0.455656 0.581181 0.219395 0.565095 0.013214 0.667902 0.016656 0.000000 0.065878 0.060606
0.492397
0.324280 0.333333 0.455779 0.581180 0.219394 0.563688 0.013175 0.667422 0.017176 0.000000 0.067342 0.030303
0.492397
0.324265 0.333333 0.455710 0.581180 0.219394 0.563688 0.013253 0.667697 0.017079 0.000000 0.067257 0.060606
0.492397
0.324319 0.333333 0.455960 0.581180 0.219394 0.563688 0.013016 0.667315 0.016878 0.000000 0.066586 0.060606
0.492397
0.324273 0.333333 0.455749 0.581180 0.219394 0.563688 0.013130 0.667438 0.016929 0.000000 0.066271 0.030303
0.492397
0.324294 0.333333 0.455844 0.581180 0.219394 0.563688 0.014155 0.668505 0.017194 0.000000 0.067253 0.060606
0.492397
0.324235 0.333333 0.455570 0.581180 0.219394 0.563688 0.013235 0.668163 0.016884 0.000000 0.066742 0.060606
0.492397
0.324279 0.333333 0.455775 0.581180 0.219394 0.563688 0.013105 0.667143 0.016856 0.000000 0.066319 0.030303
0.492397
0.324306 0.333333 0.455904 0.581180 0.219394 0.563688 0.014116 0.668422 0.017320 0.000000 0.067953 0.030303
0.492397
0.324277 0.333333 0.455764 0.581180 0.219394 0.563688 0.013183 0.667289 0.016959 0.000000 0.066456 0.060606
0.492397
0.324265 0.333333 0.455709 0.581180 0.219394 0.563688 0.013282 0.668012 0.017039 0.000000 0.067231 0.030303
0.492397
0.324258 0.333333 0.455677 0.581180 0.219394 0.563688 0.013199 0.667669 0.017015 0.000000 0.066945 0.030303
0.492397
0.324275 0.333333 0.455757 0.581181 0.219395 0.565095 0.013087 0.667854 0.016975 0.000000 0.067127 0.030303
0.492397
0.324292 0.333333 0.455836 0.581181 0.219395 0.565095 0.013158 0.668103 0.017052 0.000000 0.067338 0.030303
0.492397
0.324248 0.333333 0.455631 0.581180 0.219394 0.563688 0.013061 0.667760 0.016793 0.000000 0.066423 0.060606
0.492397
0.324308 0.333333 0.455913 0.581180 0.219394 0.563688 0.013303 0.668155 0.017030 0.000000 0.067687 0.060606
0.492397
0.324269 0.333333 0.455728 0.581180 0.219394 0.563688 0.013154 0.667836 0.017054 0.000000 0.067160 0.030303
0.492397
0.324282 0.333333 0.455791 0.581180 0.219394 0.563688 0.013035 0.667767 0.016853 0.000000 0.066545 0.030303
0.492397
0.324279 0.333333 0.455778 0.581180 0.219394 0.563688 0.013049 0.667204 0.016799 0.000000 0.066167 0.030303
0.492397
0.324281 0.333333 0.455785 0.581180 0.219394 0.563688 0.013045 0.667672 0.017146 0.000000 0.067509 0.060606
0.492397
0.324223 0.333333 0.455515 0.581180 0.219394 0.563688 0.012969 0.667584 0.016629 0.000000 0.065956 0.030303
0.492397
0.324224 0.333333 0.455518 0.581180 0.219394 0.563688 0.013966 0.668305 0.016975 0.000000 0.066816 0.060606
0.492397
0.324278 0.333333 0.455768 0.581180 0.219394 0.563688 0.013192 0.667839 0.016971 0.000000 0.066860 0.030303
0.492397
0.324297 0.333333 0.455858 0.581180 0.219394 0.563688 0.012943 0.666962 0.016827 0.000000 0.066482 0.030303
0.492397
0.324258 0.333333 0.455676 0.581180 0.219394 0.563688 0.013121 0.667680 0.016754 0.000000 0.066178 0.000000
0.492397
0.324302 0.333333 0.455882 0.581181 0.219395 0.565095 0.013203 0.667520 0.016993 0.000000 0.067320 0.060606
0.492397
0.324275 0.333333 0.455754 0.581181 0.219395 0.565095 0.013197 0.667845 0.016950 0.000000 0.067034 0.060606
0.492397
0.324250 0.333333 0.455643 0.581180 0.219394 0.563688 0.013217 0.668051 0.016904 0.000000 0.066860 0.000000
0.492397
0.324266 0.333333 0.455714 0.581180 0.219394 0.563688 0.013145 0.667843 0.016879 0.000000 0.066456 0.060606
0.492397
0.324283 0.333333 0.455792 0.581180 0.219394 0.563688 0.013156 0.667740 0.017114 0.000000 0.067357 0.030303
0.492397
0.324222 0.333333 0.455508 0.581191 0.219420 0.563688 0.013124 0.667491 0.016613 0.000000 0.065608 0.000000
0.492397
0.324288 0.333333 0.455818 0.581180 0.219394 0.563688 0.013853 0.668290 0.017017 0.000000 0.066882 0.030303
0.492397
0.324265 0.333333 0.455715 0.581180 0.219394 0.563688 0.013115 0.667097 0.016751 0.000000 0.065926 0.030303
0.492397
0.324265 0.333333 0.455709 0.581180 0.219394 0.563688 0.013362 0.668327 0.016833 0.000000 0.066790 0.000000
0.492397
0.324317 0.333333 0.455949 0.581180 0.219394 0.563688 0.013024 0.667152 0.017037 0.000000 0.066856 0.030303
0.492397
0.324308 0.333333 0.455910 0.581180 0.219394 0.563688 0.013069 0.667259 0.016966 0.000000 0.067120 0.000000
0.492397
0.324271 0.333333 0.455742 0.581180 0.219394 0.563688 0.013368 0.668214 0.016937 0.000000 0.067275 0.060606
0.492397
0.324250 0.333333 0.455642 0.581180 0.219394 0.563688 0.012931 0.667098 0.017001 0.000000 0.066289 0.030303
0.492397
0.324282 0.333333 0.455788 0.581181 0.219395 0.565095 0.013239 0.667355 0.016792 0.000000 0.066260 0.060606
0.492397
0.324268 0.333333 0.455723 0.581181 0.219395 0.565095 0.013469 0.668339 0.017093 0.000000 0.067698 0.030303
0.492397
0.324260 0.333333 0.455687 0.581180 0.219394 0.563688 0.013568 0.668388 0.017145 0.000000 0.067568 0.030303
0.492397
0.324253 0.333333 0.455657 0.581180 0.219394 0.563688 0.013556 0.668406 0.017133 0.000000 0.068013 0.030303
0.492397
0.324260 0.333333 0.455686 0.581180 0.219394 0.563688 0.013160 0.667910 0.016958 0.000000 0.066834 0.030303
0.492397
0.324235 0.333333 0.455570 0.581180 0.219394 0.563688 0.013166 0.667888 0.016733 0.000000 0.066178 0.030303
0.492397
0.324318 0.333333 0.455960 0.581180 0.219394 0.563688 0.013148 0.667324 0.017013 0.000000 0.066793 0.030303
0.492397
0.324285 0.333333 0.455803 0.581180 0.219394 0.563688 0.013081 0.667896 0.017021 0.000000 0.066927 0.030303
0.492397
0.324283 0.333333 0.455792 0.581180 0.219394 0.563688 0.013033 0.667880 0.017049 0.000000 0.067397 0.060606
0.492397
0.324251 0.333333 0.455645 0.581180 0.219394 0.563688 0.013594 0.668309 0.017037 0.000000 0.067279 0.030303
0.492397
0.324276 0.333333 0.455763 0.581180 0.219394 0.563688 0.013252 0.667834 0.017094 0.000000 0.067446 0.030303
0.492397
0.324266 0.333333 0.455715 0.581180 0.219394 0.563688 0.013171 0.667894 0.016969 0.000000 0.066823 0.060606
0.492397
0.324294 0.333333 0.455847 0.581180 0.219394 0.563688 0.013225 0.668047 0.017012 0.000000 0.067275 0.030303
0.492397
0.324314 0.333333 0.455937 0.581181 0.219395 0.565095 0.013169 0.667509 0.017323 0.000000 0.067787 0.030303
0.492397
0.324330 0.333333 0.456012 0.581181 0.219395 0.565095 0.013272 0.667475 0.017124 0.000000 0.066871 0.030303
0.492397
0.324235 0.333333 0.455574 0.581180 0.219394 0.563688 0.013786 0.668321 0.016972 0.000000 0.066945 0.030303
0.492397
0.324337 0.333333 0.456043 0.581181 0.219395 0.565095 0.013233 0.667636 0.017228 0.000000 0.067175 0.060606
0.492397
0.324245 0.333333 0.455617 0.581180 0.219394 0.563688 0.013208 0.668080 0.016873 0.000000 0.066571 0.030303
0.492397
0.324268 0.333333 0.455726 0.581180 0.219394 0.563688 0.013555 0.668475 0.017046 0.000000 0.067197 0.060606
0.492397
0.324282 0.333333 0.455791 0.581180 0.219394 0.563688 0.013650 0.668388 0.017007 0.000000 0.067183 0.000000
0.492397
0.324285 0.333333 0.455805 0.581180 0.219394 0.563688 0.013089 0.667745 0.016888 0.000000 0.066745 0.030303
0.492397
0.324252 0.333333 0.455652 0.581180 0.219394 0.563688 0.013060 0.667688 0.016866 0.000000 0.066367 0.060606
0.492397
0.324275 0.333333 0.455759 0.581180 0.219394 0.563688 0.013199 0.667968 0.016931 0.000000 0.067279 0.000000
0.492397
0.324272 0.333333 0.455742 0.581180 0.219394 0.563688 0.013138 0.667794 0.016996 0.000000 0.067049 0.060606
0.492397
0.324266 0.333333 0.455712 0.581180 0.219394 0.563688 0.013143 0.667935 0.016873 0.000000 0.066919 0.030303
0.492397
0.324312 0.333333 0.455931 0.581180 0.219394 0.563688 0.013506 0.668310 0.017103 0.000000 0.067171 0.030303
0.492397
0.324332 0.333333 0.456023 0.581180 0.219394 0.563688 0.013167 0.667926 0.017248 0.000000 0.067505 0.030303
0.492397
0.324276 0.333333 0.455763 0.581181 0.219395 0.565095 0.013644 0.668477 0.017183 0.000000 0.067990 0.030303
0.492397
0.324303 0.333333 0.455887 0.581181 0.219395 0.565095 0.013200 0.667925 0.017166 0.000000 0.067238 0.030303
0.492397
0.324326 0.333333 0.455993 0.581181 0.219395 0.565095 0.013230 0.667483 0.017086 0.000000 0.067575 0.000000
0.492397
0.324369 0.333333 0.456193 0.581181 0.219395 0.565095 0.013089 0.667200 0.017428 0.000000 0.068127 0.000000
0.492397
0.324269 0.333333 0.455729 0.581180 0.219394 0.563688 0.013176 0.667999 0.016997 0.000000 0.066994 0.000000
0.492397
0.324261 0.333333 0.455689 0.581180 0.219394 0.563688 0.013159 0.667265 0.016902 0.000000 0.066326 0.030303
0.492397
