1207 12 1
0.035622 1.000000 0.000000 0.000000 0.000000 0.000000 0.000000 0.000000 0.000000 0.000000 0.272727 0.000000
0.284803
0.142489 1.000000 0.352450 0.587717 0.000126 0.375000 0.050755 0.048103 0.007231 0.041912 0.818182 0.016376
0.284803
0.142500 1.000000 0.352486 0.587718 0.000154 0.375000 0.162403 0.214354 0.043480 0.051805 0.272727 0.022421
0.284803
0.142493 1.000000 0.352459 0.587718 0.000135 0.375000 0.066416 0.075284 0.008930 0.043665 0.181818 0.016320
0.284803
0.142498 1.000000 0.352487 0.587719 0.000152 0.375000 0.161127 0.212643 0.045006 0.051728 0.272727 0.021223
0.284803
0.142489 1.000000 0.352452 0.587718 0.000129 0.375000 0.066514 0.074784 0.008808 0.039863 0.181818 0.017536
0.284803
0.142497 1.000000 0.352480 0.587718 0.000151 0.375000 0.160508 0.211698 0.044619 0.051669 0.272727 0.020868
0.284803
0.142491 1.000000 0.352454 0.587718 0.000131 0.375000 0.067748 0.076756 0.008964 0.038791 0.181818 0.015871
0.284803
0.142496 1.000000 0.352475 0.587718 0.000148 0.375000 0.161942 0.213314 0.043280 0.051802 0.272727 0.021261
0.284803
0.142490 1.000000 0.352451 0.587718 0.000129 0.375000 0.066543 0.074572 0.008806 0.037904 0.181818 0.016020
0.284803
0.142497 1.000000 0.352476 0.587719 0.000151 0.375000 0.162748 0.215613 0.044915 0.051771 0.272727 0.020999
0.284803
0.142491 1.000000 0.352454 0.587718 0.000130 0.375000 0.066912 0.074888 0.008841 0.035799 0.181818 0.015814
0.284803
0.142498 1.000000 0.352482 0.587718 0.000149 0.375000 0.161690 0.214033 0.045683 0.051595 0.272727 0.021167
0.284803
0.142490 1.000000 0.352453 0.587718 0.000130 0.375000 0.064975 0.072675 0.008575 0.042935 0.181818 0.016638
0.284803
0.142494 1.000000 0.352469 0.587718 0.000144 0.375000 0.160236 0.210942 0.044195 0.051344 0.272727 0.019501
0.284803
0.142491 1.000000 0.352454 0.587718 0.000130 0.375000 0.066322 0.075182 0.008806 0.043949 0.181818 0.017031
0.284803
0.142498 1.000000 0.352483 0.587718 0.000151 0.375000 0.161140 0.212998 0.045856 0.051749 0.272727 0.020643
0.284803
0.142491 1.000000 0.352456 0.587718 0.000131 0.375000 0.065818 0.074444 0.008812 0.044675 0.181818 0.016806
0.284803
0.142499 1.000000 0.352484 0.587719 0.000154 0.375000 0.162365 0.213709 0.042008 0.051879 0.272727 0.020849
0.284803
0.142489 1.000000 0.352452 0.587718 0.000131 0.375000 0.066171 0.074290 0.008749 0.040509 0.181818 0.016657
0.284803
0.142497 1.000000 0.352476 0.587718 0.000147 0.375000 0.162549 0.214664 0.043537 0.051338 0.272727 0.020044
0.284803
0.142489 1.000000 0.352456 0.587718 0.000130 0.375000 0.065497 0.073205 0.008597 0.041013 0.181818 0.016189
0.284803
0.142496 1.000000 0.352479 0.587718 0.000149 0.375000 0.162495 0.214274 0.043388 0.051338 0.272727 0.020549
0.284803
0.142488 1.000000 0.352453 0.587718 0.000131 0.375000 0.065249 0.072673 0.008597 0.040376 0.181818 0.016264
0.284803
0.142498 1.000000 0.352478 0.587718 0.000150 0.375000 0.160982 0.211411 0.042477 0.051641 0.272727 0.020194
0.284803
0.142489 1.000000 0.352455 0.587718 0.000130 0.375000 0.066396 0.074889 0.008923 0.041603 0.181818 0.016806
0.284803
0.142498 1.000000 0.352484 0.587719 0.000153 0.375000 0.161734 0.213618 0.044455 0.051564 0.272727 0.021055
0.284803
0.142490 1.000000 0.352458 0.587718 0.000132 0.375000 0.065195 0.073180 0.008862 0.043257 0.181818 0.016863
0.284803
0.142497 1.000000 0.352480 0.587718 0.000149 0.375000 0.162702 0.215281 0.044503 0.051539 0.272727 0.020269
0.284803
0.142491 1.000000 0.352458 0.587718 0.000131 0.375000 0.065708 0.073951 0.008733 0.043084 0.181818 0.016881
0.284803
0.142497 1.000000 0.352481 0.587718 0.000154 0.375000 0.161817 0.213195 0.042931 0.051632 0.272727 0.020793
0.284803
0.142491 1.000000 0.352456 0.587718 0.000131 0.375000 0.066079 0.074230 0.008934 0.040769 0.181818 0.016844
0.284803
0.142497 1.000000 0.352478 0.587719 0.000151 0.375000 0.161517 0.213547 0.045709 0.051641 0.272727 0.020493
0.284803
0.142491 1.000000 0.352458 0.587718 0.000134 0.375000 0.066857 0.075500 0.008805 0.040908 0.181818 0.017199
0.284803
0.142497 1.000000 0.352477 0.587719 0.000150 0.375000 0.159851 0.209756 0.043636 0.051468 0.272727 0.020624
0.284803
0.142489 1.000000 0.352449 0.587718 0.000128 0.375000 0.066565 0.075347 0.008869 0.042524 0.181818 0.015852
0.284803
0.142498 1.000000 0.352481 0.587718 0.000151 0.375000 0.162135 0.214575 0.045020 0.051638 0.272727 0.021186
0.284803
0.142490 1.000000 0.352452 0.587718 0.000130 0.375000 0.066151 0.074132 0.008617 0.039919 0.181818 0.017293
0.284803
0.142496 1.000000 0.352475 0.587718 0.000148 0.375000 0.162736 0.214827 0.043412 0.051520 0.272727 0.020287
0.284803
0.142489 1.000000 0.352454 0.587718 0.000130 0.375000 0.067218 0.075601 0.008862 0.037240 0.181818 0.016451
0.284803
0.142497 1.000000 0.352474 0.587718 0.000148 0.375000 0.162096 0.214063 0.043682 0.051490 0.272727 0.020606
0.284803
0.142490 1.000000 0.352452 0.587718 0.000132 0.375000 0.066439 0.074723 0.008858 0.040210 0.181818 0.016507
0.284803
0.142499 1.000000 0.352485 0.587718 0.000151 0.375000 0.162965 0.214885 0.042794 0.051718 0.272727 0.020362
0.284803
0.142489 1.000000 0.352452 0.587718 0.000131 0.375000 0.066168 0.074073 0.008796 0.038986 0.181818 0.016320
0.284803
0.142498 1.000000 0.352484 0.587719 0.000151 0.375000 0.163311 0.215257 0.042000 0.051792 0.272727 0.020400
0.284803
0.142490 1.000000 0.352456 0.587718 0.000133 0.375000 0.067587 0.076590 0.008952 0.039706 0.181818 0.016844
0.284803
0.142500 1.000000 0.352485 0.587718 0.000151 0.375000 0.160860 0.212142 0.044533 0.051734 0.272727 0.021111
0.284803
0.142491 1.000000 0.352457 0.587718 0.000133 0.375000 0.066208 0.074299 0.008613 0.040583 0.181818 0.016619
0.284803
0.142496 1.000000 0.352477 0.587718 0.000148 0.375000 0.160293 0.210619 0.043187 0.051641 0.272727 0.020306
0.284803
0.142493 1.000000 0.352460 0.587718 0.000134 0.375000 0.066413 0.074914 0.008868 0.041810 0.181818 0.016451
0.284803
0.142497 1.000000 0.352478 0.587718 0.000150 0.375000 0.160272 0.211097 0.044162 0.051959 0.272727 0.021223
0.284803
0.142491 1.000000 0.352454 0.587718 0.000132 0.375000 0.066876 0.075997 0.008876 0.043365 0.181818 0.017125
0.284803
0.142495 1.000000 0.352475 0.587718 0.000146 0.375000 0.161756 0.213881 0.044832 0.051765 0.272727 0.020493
0.284803
0.142491 1.000000 0.352457 0.587718 0.000134 0.375000 0.066022 0.073930 0.008980 0.039496 0.181818 0.016750
0.284803
0.142496 1.000000 0.352476 0.587718 0.000148 0.375000 0.162282 0.214243 0.043249 0.051839 0.272727 0.019651
0.284803
0.142491 1.000000 0.352455 0.587718 0.000130 0.375000 0.065937 0.074032 0.008683 0.041461 0.181818 0.016208
0.284803
0.142499 1.000000 0.352486 0.587718 0.000151 0.375000 0.160316 0.210906 0.043475 0.051298 0.272727 0.020381
0.284803
0.142492 1.000000 0.352457 0.587718 0.000134 0.375000 0.066965 0.076005 0.008776 0.042747 0.181818 0.016713
0.284803
0.142498 1.000000 0.352483 0.587718 0.000151 0.375000 0.162695 0.214721 0.043203 0.051724 0.272727 0.020175
0.284803
0.142491 1.000000 0.352456 0.587718 0.000132 0.375000 0.066061 0.074097 0.008661 0.040732 0.181818 0.016170
0.284803
0.142498 1.000000 0.352478 0.587718 0.000150 0.375000 0.161801 0.214031 0.045189 0.051774 0.272727 0.021223
0.284803
0.142490 1.000000 0.352455 0.587718 0.000131 0.375000 0.066823 0.075693 0.008944 0.041931 0.181818 0.016320
0.284803
0.142499 1.000000 0.352485 0.587718 0.000154 0.375000 0.160211 0.210818 0.043588 0.051357 0.272727 0.020100
0.284803
0.142490 1.000000 0.352454 0.587718 0.000130 0.375000 0.066995 0.076010 0.008946 0.042153 0.181818 0.016039
0.284803
0.142499 1.000000 0.352482 0.587719 0.000153 0.375000 0.161911 0.213674 0.043606 0.051635 0.272727 0.020811
0.284803
0.142491 1.000000 0.352453 0.587718 0.000130 0.375000 0.067361 0.075555 0.008777 0.035290 0.181818 0.016451
0.284803
0.142498 1.000000 0.352477 0.587718 0.000148 0.375000 0.162569 0.214766 0.043704 0.051323 0.272727 0.019969
0.284803
0.142490 1.000000 0.352452 0.587718 0.000130 0.375000 0.066887 0.075667 0.008937 0.041334 0.181818 0.016020
0.284803
0.142498 1.000000 0.352485 0.587719 0.000152 0.375000 0.161328 0.212170 0.042837 0.051456 0.272727 0.020344
0.284803
0.142490 1.000000 0.352454 0.587718 0.000129 0.375000 0.066407 0.074755 0.008733 0.040871 0.181818 0.016039
0.284803
0.142497 1.000000 0.352481 0.587718 0.000153 0.375000 0.161050 0.212141 0.043753 0.051530 0.181818 0.020793
0.284803
0.142492 1.000000 0.352457 0.587718 0.000130 0.375000 0.066502 0.074939 0.008658 0.041387 0.181818 0.016208
0.284803
0.142499 1.000000 0.352485 0.587718 0.000151 0.375000 0.161940 0.213271 0.043238 0.051650 0.272727 0.020643
0.284803
0.142489 1.000000 0.352450 0.587718 0.000128 0.375000 0.067350 0.076720 0.008971 0.042895 0.181818 0.016526
0.284803
0.142498 1.000000 0.352480 0.587718 0.000149 0.375000 0.161587 0.213326 0.044322 0.051579 0.272727 0.020493
0.284803
0.142492 1.000000 0.352460 0.587718 0.000135 0.375000 0.067231 0.076076 0.008887 0.040413 0.181818 0.017536
0.284803
0.142495 1.000000 0.352471 0.587718 0.000145 0.375000 0.161936 0.213679 0.043112 0.051755 0.363636 0.020755
0.284803
0.142491 1.000000 0.352458 0.587718 0.000133 0.375000 0.066735 0.075246 0.008622 0.041019 0.181818 0.017836
0.284803
0.142498 1.000000 0.352480 0.587718 0.000150 0.375000 0.161754 0.213076 0.042964 0.051703 0.272727 0.020568
0.284803
0.142491 1.000000 0.352461 0.587718 0.000134 0.375000 0.067358 0.076574 0.008950 0.041965 0.181818 0.016844
0.284803
0.142497 1.000000 0.352476 0.587718 0.000143 0.375000 0.160736 0.212186 0.045292 0.051465 0.272727 0.019539
0.284803
0.142491 1.000000 0.352457 0.587718 0.000131 0.375000 0.067489 0.076560 0.008972 0.040472 0.181818 0.016245
0.284803
0.142497 1.000000 0.352478 0.587718 0.000147 0.375000 0.160438 0.211506 0.044814 0.051700 0.272727 0.020138
0.284803
0.142490 1.000000 0.352455 0.587718 0.000131 0.375000 0.065797 0.074010 0.008699 0.042506 0.181818 0.016020
0.284803
0.142498 1.000000 0.352482 0.587718 0.000148 0.375000 0.161170 0.212699 0.044662 0.051653 0.272727 0.019707
0.284803
0.142490 1.000000 0.352454 0.587718 0.000131 0.375000 0.065632 0.073217 0.008724 0.039353 0.181818 0.016189
0.284803
0.142495 1.000000 0.352476 0.587718 0.000146 0.375000 0.163044 0.215008 0.042950 0.051493 0.272727 0.019614
0.284803
0.142491 1.000000 0.352456 0.587718 0.000131 0.375000 0.066475 0.075373 0.008742 0.043856 0.181818 0.016151
0.284803
0.142499 1.000000 0.352482 0.587718 0.000149 0.375000 0.161867 0.213218 0.043533 0.051397 0.272727 0.020306
0.284803
0.142490 1.000000 0.352454 0.587718 0.000132 0.375000 0.067052 0.075553 0.008988 0.038606 0.181818 0.016413
0.284803
0.142499 1.000000 0.352486 0.587718 0.000151 0.375000 0.160896 0.211706 0.043965 0.051400 0.272727 0.020456
0.284803
0.142490 1.000000 0.352451 0.587718 0.000130 0.375000 0.065872 0.073507 0.008632 0.038776 0.181818 0.016339
0.284803
0.142499 1.000000 0.352485 0.587718 0.000151 0.375000 0.161165 0.211892 0.042956 0.051814 0.272727 0.020606
0.284803
0.142491 1.000000 0.352457 0.587718 0.000133 0.375000 0.067523 0.076094 0.009043 0.036683 0.181818 0.016881
0.284803
0.142498 1.000000 0.352480 0.587718 0.000147 0.375000 0.162924 0.215915 0.044803 0.051567 0.272727 0.020811
0.284803
0.142490 1.000000 0.352455 0.587718 0.000131 0.375000 0.067364 0.076107 0.009035 0.038738 0.181818 0.016301
0.284803
0.142498 1.000000 0.352480 0.587718 0.000149 0.375000 0.161474 0.213225 0.044372 0.051539 0.272727 0.020082
0.284803
0.142490 1.000000 0.352456 0.587718 0.000133 0.375000 0.066585 0.075268 0.009135 0.041764 0.090909 0.016900
0.284803
0.142500 1.000000 0.352487 0.587718 0.000150 0.375000 0.160344 0.210840 0.043622 0.051564 0.272727 0.020512
0.284803
0.142491 1.000000 0.352451 0.587718 0.000130 0.375000 0.067833 0.076840 0.008985 0.038547 0.181818 0.017031
0.284803
0.142496 1.000000 0.352476 0.587718 0.000145 0.375000 0.161420 0.213161 0.044400 0.051687 0.272727 0.020456
0.284803
0.142489 1.000000 0.352452 0.587718 0.000129 0.375000 0.066403 0.074696 0.008810 0.040651 0.181818 0.017031
0.284803
0.142498 1.000000 0.352481 0.587718 0.000149 0.375000 0.161238 0.212181 0.043217 0.051681 0.272727 0.021017
0.284803
0.142491 1.000000 0.352455 0.587718 0.000131 0.375000 0.067410 0.076234 0.008881 0.039329 0.181818 0.016526
0.284803
0.142497 1.000000 0.352477 0.587718 0.000146 0.375000 0.162076 0.214347 0.044506 0.051672 0.272727 0.019801
0.284803
0.142492 1.000000 0.352459 0.587718 0.000135 0.375000 0.065748 0.073595 0.008578 0.040927 0.181818 0.016657
0.284803
0.142497 1.000000 0.352481 0.587718 0.000148 0.375000 0.161366 0.212934 0.044170 0.051406 0.272727 0.019763
0.284803
0.142491 1.000000 0.352456 0.587718 0.000133 0.375000 0.066590 0.075372 0.008721 0.042744 0.181818 0.017031
0.284803
0.142496 1.000000 0.352476 0.587718 0.000144 0.375000 0.160245 0.210840 0.043939 0.051493 0.272727 0.019782
0.284803
0.142493 1.000000 0.352459 0.587718 0.000135 0.375000 0.066910 0.075865 0.008858 0.042391 0.181818 0.017555
0.284803
0.142500 1.000000 0.352486 0.587718 0.000150 0.375000 0.161561 0.213276 0.044062 0.051483 0.272727 0.019913
0.284803
0.142490 1.000000 0.352456 0.587718 0.000134 0.375000 0.066233 0.074102 0.008705 0.038584 0.181818 0.017349
0.284803
0.142497 1.000000 0.352476 0.587718 0.000146 0.375000 0.160306 0.211342 0.044503 0.051604 0.272727 0.019876
0.284803
0.142493 1.000000 0.352461 0.587718 0.000134 0.375000 0.066603 0.075270 0.008738 0.042104 0.181818 0.016788
0.284803
0.142498 1.000000 0.352479 0.587718 0.000148 0.375000 0.161232 0.212336 0.043414 0.051669 0.272727 0.019520
0.284803
0.142490 1.000000 0.352455 0.587718 0.000131 0.375000 0.065306 0.072965 0.008726 0.041406 0.181818 0.016769
0.284803
0.142497 1.000000 0.352478 0.587718 0.000146 0.375000 0.162045 0.213189 0.042029 0.051474 0.272727 0.021991
0.284803
0.142491 1.000000 0.352456 0.587718 0.000133 0.375000 0.066072 0.074407 0.008507 0.042564 0.181818 0.017162
0.284803
0.142498 1.000000 0.352481 0.587718 0.000148 0.375000 0.160439 0.211246 0.043957 0.051564 0.272727 0.020924
0.284803
0.142492 1.000000 0.352459 0.587718 0.000135 0.375000 0.066987 0.075659 0.008929 0.040321 0.181818 0.017162
0.284803
0.142498 1.000000 0.352478 0.587718 0.000147 0.375000 0.161304 0.212586 0.044036 0.051483 0.272727 0.020643
0.284803
0.142493 1.000000 0.352462 0.587718 0.000136 0.375000 0.066109 0.074468 0.008637 0.042438 0.181818 0.016975
0.284803
0.142498 1.000000 0.352480 0.587718 0.000147 0.375000 0.159165 0.209165 0.044631 0.051453 0.272727 0.020044
0.284803
0.142493 1.000000 0.352459 0.587718 0.000133 0.375000 0.066694 0.075541 0.008797 0.042682 0.181818 0.017630
0.284803
0.142498 1.000000 0.352481 0.587718 0.000149 0.375000 0.159920 0.210324 0.043424 0.051703 0.272727 0.020737
0.284803
0.142490 1.000000 0.352454 0.587718 0.000133 0.375000 0.067064 0.075955 0.008792 0.041415 0.181818 0.017031
0.284803
0.142498 1.000000 0.352479 0.587718 0.000148 0.375000 0.161669 0.213352 0.043790 0.051344 0.272727 0.019520
0.284803
0.142490 1.000000 0.352456 0.587718 0.000134 0.375000 0.066607 0.075316 0.008603 0.042481 0.181818 0.016769
0.284803
0.142498 1.000000 0.352482 0.587718 0.000148 0.375000 0.162410 0.214590 0.043955 0.051690 0.272727 0.020662
0.284803
0.142489 1.000000 0.352453 0.587718 0.000130 0.375000 0.065576 0.073260 0.008655 0.040451 0.181818 0.016544
0.284803
0.142498 1.000000 0.352484 0.587718 0.000150 0.375000 0.161737 0.213534 0.044006 0.051755 0.272727 0.020774
0.284803
0.142490 1.000000 0.352454 0.587718 0.000131 0.375000 0.065050 0.072872 0.008617 0.043278 0.181818 0.016732
0.284803
0.142496 1.000000 0.352476 0.587718 0.000146 0.375000 0.162114 0.214098 0.043367 0.051746 0.272727 0.019857
0.284803
0.142490 1.000000 0.352453 0.587718 0.000131 0.375000 0.066342 0.074652 0.008613 0.041202 0.181818 0.016638
0.284803
0.142497 1.000000 0.352479 0.587718 0.000147 0.375000 0.160682 0.211669 0.043810 0.051468 0.181818 0.019146
0.284803
0.142492 1.000000 0.352457 0.587718 0.000133 0.375000 0.066353 0.074452 0.008923 0.039193 0.181818 0.017443
0.284803
0.142498 1.000000 0.352481 0.587718 0.000149 0.375000 0.160247 0.210933 0.043864 0.051737 0.272727 0.019820
0.284803
0.142490 1.000000 0.352454 0.587718 0.000130 0.375000 0.065886 0.073945 0.008659 0.041467 0.181818 0.016470
0.284803
0.142496 1.000000 0.352477 0.587718 0.000146 0.375000 0.160897 0.212283 0.044550 0.051697 0.272727 0.020007
0.284803
0.142490 1.000000 0.352451 0.587718 0.000131 0.375000 0.065388 0.073492 0.008733 0.043572 0.181818 0.016020
0.284803
0.142496 1.000000 0.352474 0.587718 0.000145 0.375000 0.161835 0.213046 0.043589 0.051480 0.272727 0.019838
0.284803
0.142491 1.000000 0.352457 0.587718 0.000134 0.375000 0.066579 0.075154 0.008671 0.041872 0.181818 0.017106
0.284803
0.142499 1.000000 0.352487 0.587718 0.000151 0.375000 0.161126 0.212094 0.043476 0.051493 0.272727 0.020269
0.284803
0.142492 1.000000 0.352456 0.587718 0.000133 0.375000 0.066654 0.075484 0.008759 0.042571 0.181818 0.016451
0.284803
0.142499 1.000000 0.352485 0.587718 0.000153 0.375000 0.161829 0.213738 0.044466 0.051480 0.272727 0.020231
0.284803
0.142492 1.000000 0.352457 0.587718 0.000133 0.375000 0.066960 0.075754 0.008930 0.041152 0.181818 0.016619
0.284803
0.142497 1.000000 0.352476 0.587718 0.000145 0.375000 0.160935 0.211303 0.042872 0.051468 0.272727 0.020194
0.284803
0.142492 1.000000 0.352460 0.587718 0.000135 0.375000 0.066580 0.075412 0.008813 0.042935 0.181818 0.017461
0.284803
0.142496 1.000000 0.352478 0.587718 0.000146 0.375000 0.161651 0.213395 0.044140 0.051496 0.272727 0.020156
0.284803
0.142490 1.000000 0.352454 0.587718 0.000134 0.375000 0.067229 0.076140 0.008992 0.040970 0.181818 0.017742
0.284803
0.142498 1.000000 0.352482 0.587718 0.000146 0.375000 0.160410 0.210917 0.043338 0.051570 0.272727 0.020456
0.284803
0.142490 1.000000 0.352457 0.587718 0.000134 0.375000 0.066552 0.075321 0.008810 0.042923 0.181818 0.017817
0.284803
0.142498 1.000000 0.352481 0.587718 0.000148 0.375000 0.162713 0.215180 0.043704 0.051879 0.272727 0.021055
0.284803
0.142489 1.000000 0.352453 0.587718 0.000132 0.375000 0.065939 0.074278 0.008827 0.042895 0.181818 0.018903
0.284803
0.142497 1.000000 0.352478 0.587718 0.000149 0.375000 0.161169 0.212555 0.044158 0.051607 0.272727 0.020737
0.284803
0.142492 1.000000 0.352457 0.587718 0.000133 0.375000 0.067087 0.075628 0.008863 0.039109 0.181818 0.017125
0.284803
0.142498 1.000000 0.352481 0.587718 0.000148 0.375000 0.162153 0.214460 0.044354 0.051409 0.272727 0.020306
0.284803
0.142490 1.000000 0.352452 0.587718 0.000130 0.375000 0.068392 0.077361 0.008793 0.035735 0.181818 0.016189
0.284803
0.142499 1.000000 0.352484 0.587718 0.000150 0.375000 0.162177 0.214371 0.043927 0.051592 0.272727 0.019913
0.284803
0.142491 1.000000 0.352454 0.587718 0.000132 0.375000 0.066534 0.075132 0.008779 0.041897 0.181818 0.017162
0.284803
0.142498 1.000000 0.352483 0.587718 0.000148 0.375000 0.161119 0.211795 0.042928 0.051876 0.272727 0.020156
0.284803
0.142493 1.000000 0.352462 0.587718 0.000134 0.375000 0.066583 0.075555 0.008898 0.043594 0.181818 0.016825
0.284803
0.142499 1.000000 0.352486 0.587718 0.000150 0.375000 0.160955 0.211788 0.042949 0.051517 0.272727 0.020400
0.284803
0.142490 1.000000 0.352457 0.587718 0.000130 0.375000 0.066622 0.075304 0.008875 0.041937 0.181818 0.016900
0.284803
0.142499 1.000000 0.352481 0.587718 0.000149 0.375000 0.163110 0.215663 0.043233 0.051851 0.272727 0.020493
0.284803
0.142491 1.000000 0.352461 0.587718 0.000133 0.375000 0.066401 0.074577 0.008893 0.039659 0.181818 0.016601
0.284803
0.142498 1.000000 0.352481 0.587718 0.000148 0.375000 0.160647 0.211599 0.044020 0.051622 0.272727 0.020306
0.284803
0.142491 1.000000 0.352458 0.587718 0.000133 0.375000 0.066182 0.074600 0.008578 0.042500 0.181818 0.016769
0.284803
0.142498 1.000000 0.352480 0.587718 0.000149 0.375000 0.161314 0.212497 0.043580 0.051440 0.272727 0.019483
0.284803
0.142492 1.000000 0.352459 0.587718 0.000134 0.375000 0.065519 0.073170 0.008688 0.040540 0.181818 0.016413
0.284803
0.142498 1.000000 0.352482 0.587718 0.000150 0.375000 0.159307 0.209477 0.044713 0.051520 0.272727 0.020456
0.284803
0.142492 1.000000 0.352457 0.587718 0.000132 0.375000 0.066198 0.074198 0.008810 0.039511 0.181818 0.016788
0.284803
0.142498 1.000000 0.352480 0.587718 0.000148 0.375000 0.161084 0.212278 0.044271 0.051419 0.272727 0.019763
0.284803
0.142490 1.000000 0.352454 0.587718 0.000130 0.375000 0.065036 0.072283 0.008574 0.040247 0.181818 0.017405
0.284803
0.142499 1.000000 0.352485 0.587718 0.000149 0.375000 0.161305 0.212329 0.043061 0.051391 0.272727 0.019763
0.284803
0.142489 1.000000 0.352451 0.587718 0.000129 0.375000 0.065791 0.073218 0.008524 0.038037 0.181818 0.016956
0.284803
0.142497 1.000000 0.352477 0.587718 0.000147 0.375000 0.162760 0.215328 0.044200 0.051419 0.272727 0.021092
0.284803
0.142491 1.000000 0.352457 0.587718 0.000131 0.375000 0.067455 0.076390 0.008967 0.039731 0.181818 0.016526
0.284803
0.142499 1.000000 0.352485 0.587718 0.000151 0.375000 0.161441 0.213241 0.044687 0.051663 0.272727 0.020400
0.284803
0.142493 1.000000 0.352459 0.587718 0.000132 0.375000 0.065269 0.072945 0.008477 0.042008 0.181818 0.016638
0.284803
0.142495 1.000000 0.352471 0.587718 0.000144 0.375000 0.161277 0.212239 0.042498 0.051619 0.272727 0.020475
0.284803
0.142491 1.000000 0.352458 0.587718 0.000133 0.375000 0.067133 0.075849 0.008919 0.039829 0.181818 0.016638
0.284803
0.142500 1.000000 0.352487 0.587718 0.000153 0.375000 0.162308 0.213872 0.042880 0.051304 0.272727 0.020456
0.284803
0.142490 1.000000 0.352454 0.587718 0.000130 0.375000 0.067923 0.077233 0.008984 0.040040 0.181818 0.016769
0.284803
0.142496 1.000000 0.352475 0.587718 0.000146 0.375000 0.161343 0.213079 0.044897 0.051579 0.272727 0.020943
0.284803
0.142492 1.000000 0.352457 0.587718 0.000132 0.375000 0.065905 0.074186 0.008743 0.042602 0.181818 0.016376
0.284803
0.142499 1.000000 0.352485 0.587718 0.000149 0.375000 0.161499 0.212877 0.043393 0.051669 0.272727 0.020456
0.284803
0.142492 1.000000 0.352457 0.587718 0.000133 0.375000 0.066270 0.074232 0.008739 0.038973 0.181818 0.016750
0.284803
0.142497 1.000000 0.352478 0.587718 0.000147 0.375000 0.161604 0.213161 0.043726 0.051857 0.272727 0.020063
0.284803
0.142491 1.000000 0.352457 0.587718 0.000130 0.375000 0.066732 0.075768 0.008795 0.043590 0.181818 0.016563
0.284803
0.142497 1.000000 0.352478 0.587718 0.000146 0.375000 0.161303 0.212654 0.043358 0.051626 0.272727 0.019726
0.284803
0.142490 1.000000 0.352454 0.587718 0.000130 0.375000 0.065285 0.073426 0.008587 0.044230 0.181818 0.017199
0.284803
0.142497 1.000000 0.352480 0.587718 0.000147 0.375000 0.162977 0.215653 0.043901 0.051582 0.272727 0.021130
0.284803
0.142493 1.000000 0.352459 0.587718 0.000134 0.375000 0.066345 0.074291 0.008823 0.038436 0.181818 0.016956
0.284803
0.142498 1.000000 0.352484 0.587718 0.000150 0.375000 0.161808 0.213584 0.043912 0.051724 0.272727 0.020475
0.284803
0.142490 1.000000 0.352456 0.587718 0.000130 0.375000 0.067519 0.077334 0.008935 0.044666 0.181818 0.016919
0.284803
0.142499 1.000000 0.352484 0.587718 0.000148 0.375000 0.161738 0.213827 0.045422 0.051391 0.272727 0.020475
0.284803
0.142490 1.000000 0.352460 0.587718 0.000134 0.375000 0.067858 0.077681 0.009197 0.043167 0.181818 0.017574
0.284803
0.142500 1.000000 0.352487 0.587718 0.000150 0.375000 0.160813 0.211651 0.043212 0.052000 0.272727 0.021729
0.284803
0.142490 1.000000 0.352456 0.587718 0.000134 0.375000 0.065872 0.073333 0.008613 0.037818 0.181818 0.016432
0.284803
0.142496 1.000000 0.352478 0.587718 0.000147 0.375000 0.160738 0.211867 0.043656 0.051672 0.272727 0.020475
0.284803
0.142491 1.000000 0.352455 0.587718 0.000133 0.375000 0.065808 0.073562 0.008825 0.039792 0.181818 0.016900
0.284803
0.142498 1.000000 0.352483 0.587718 0.000149 0.375000 0.162136 0.213933 0.043489 0.051817 0.272727 0.020437
0.284803
0.142491 1.000000 0.352456 0.587718 0.000133 0.375000 0.065828 0.074059 0.008741 0.042663 0.181818 0.016863
0.284803
0.142497 1.000000 0.352475 0.587718 0.000146 0.375000 0.162063 0.213964 0.043382 0.051650 0.272727 0.019894
0.284803
0.142491 1.000000 0.352457 0.587718 0.000133 0.375000 0.067965 0.077273 0.008901 0.039975 0.181818 0.016582
0.284803
0.142498 1.000000 0.352482 0.587718 0.000148 0.375000 0.162000 0.213326 0.043516 0.051236 0.272727 0.019501
0.284803
0.142490 1.000000 0.352453 0.587718 0.000131 0.375000 0.065457 0.073090 0.008595 0.040868 0.181818 0.016039
0.284803
0.142497 1.000000 0.352478 0.587718 0.000149 0.375000 0.161065 0.212305 0.044583 0.051363 0.272727 0.019876
0.284803
0.142491 1.000000 0.352460 0.587718 0.000134 0.375000 0.065962 0.073829 0.008553 0.040169 0.181818 0.016376
0.284803
0.142496 1.000000 0.352480 0.587718 0.000147 0.375000 0.162650 0.214939 0.043555 0.051520 0.272727 0.020044
0.284803
0.142491 1.000000 0.352456 0.587718 0.000131 0.375000 0.067513 0.076514 0.008876 0.040179 0.181818 0.016881
0.284803
0.142498 1.000000 0.352483 0.587718 0.000151 0.375000 0.161792 0.213136 0.043095 0.051656 0.272727 0.019745
0.284803
0.142490 1.000000 0.352455 0.587718 0.000133 0.375000 0.065774 0.073144 0.008662 0.037311 0.181818 0.016282
0.284803
0.142497 1.000000 0.352478 0.587718 0.000150 0.375000 0.161272 0.212288 0.043317 0.051619 0.181818 0.019651
0.284803
0.142492 1.000000 0.352460 0.587718 0.000136 0.375000 0.067059 0.076011 0.008888 0.041857 0.181818 0.017181
0.284803
0.142498 1.000000 0.352477 0.587718 0.000145 0.375000 0.160902 0.212103 0.044856 0.051412 0.272727 0.020007
0.284803
0.142491 1.000000 0.352459 0.587718 0.000134 0.375000 0.066399 0.074817 0.008683 0.041535 0.181818 0.016619
0.284803
0.142496 1.000000 0.352475 0.587718 0.000147 0.375000 0.159532 0.209296 0.043024 0.051434 0.272727 0.019183
0.284803
0.142491 1.000000 0.352459 0.587718 0.000137 0.375000 0.066950 0.075639 0.008846 0.040611 0.181818 0.016937
0.284803
0.142499 1.000000 0.352481 0.587718 0.000149 0.375000 0.161202 0.212517 0.043518 0.051746 0.272727 0.019913
0.284803
0.142490 1.000000 0.352456 0.587718 0.000131 0.375000 0.067710 0.076342 0.008851 0.036507 0.181818 0.016994
0.284803
0.142496 1.000000 0.352475 0.587718 0.000144 0.375000 0.161557 0.212596 0.042575 0.051409 0.272727 0.019595
0.284803
0.142491 1.000000 0.352456 0.587718 0.000130 0.375000 0.065752 0.073665 0.008710 0.041013 0.181818 0.015721
0.284803
0.142497 1.000000 0.352475 0.587718 0.000144 0.375000 0.160814 0.211482 0.042891 0.051697 0.272727 0.020250
0.284803
0.142490 1.000000 0.352454 0.587718 0.000130 0.375000 0.067659 0.076972 0.008797 0.041430 0.181818 0.016451
0.284803
0.142499 1.000000 0.352485 0.587718 0.000146 0.375000 0.161223 0.212857 0.044592 0.051579 0.272727 0.020269
0.284803
0.142491 1.000000 0.352462 0.587718 0.000133 0.375000 0.067453 0.076701 0.008917 0.041863 0.181818 0.016395
0.284803
0.142501 1.000000 0.352491 0.587718 0.000151 0.375000 0.161576 0.213346 0.044449 0.051694 0.272727 0.020999
0.284803
0.142489 1.000000 0.352451 0.587718 0.000128 0.375000 0.067830 0.077414 0.008917 0.042119 0.181818 0.016151
0.284803
0.142498 1.000000 0.352483 0.587718 0.000147 0.375000 0.160967 0.211721 0.042952 0.051533 0.272727 0.020400
0.284803
0.142491 1.000000 0.352455 0.587718 0.000132 0.375000 0.065969 0.074225 0.008686 0.042447 0.181818 0.017368
0.284803
0.142496 1.000000 0.352475 0.587718 0.000144 0.375000 0.161159 0.212655 0.044539 0.051839 0.272727 0.021186
0.284803
0.142491 1.000000 0.352459 0.587718 0.000132 0.375000 0.064842 0.071774 0.008687 0.038599 0.181818 0.016881
0.284803
0.142497 1.000000 0.352478 0.587718 0.000142 0.375000 0.160821 0.211562 0.043730 0.051672 0.272727 0.020924
0.284803
0.142490 1.000000 0.352452 0.587718 0.000127 0.375000 0.065321 0.072762 0.008792 0.039792 0.181818 0.016039
0.284803
0.142498 1.000000 0.352482 0.587718 0.000148 0.375000 0.161814 0.213367 0.043425 0.051709 0.272727 0.019258
0.284803
0.142491 1.000000 0.352460 0.587718 0.000131 0.375000 0.066136 0.074204 0.008701 0.040571 0.181818 0.016825
0.284803
0.142497 1.000000 0.352478 0.587718 0.000143 0.375000 0.159292 0.209578 0.044367 0.051635 0.272727 0.020063
0.284803
0.142491 1.000000 0.352457 0.587718 0.000131 0.375000 0.065961 0.074111 0.008905 0.041443 0.181818 0.016619
0.284803
0.142497 1.000000 0.352481 0.587718 0.000146 0.375000 0.161574 0.213595 0.044650 0.051403 0.272727 0.019951
0.284803
0.142492 1.000000 0.352464 0.587718 0.000134 0.375000 0.064852 0.071493 0.008228 0.037521 0.181818 0.016133
0.284803
0.142500 1.000000 0.352487 0.587718 0.000149 0.375000 0.161362 0.212321 0.042618 0.051459 0.272727 0.020194
0.284803
0.142490 1.000000 0.352453 0.587718 0.000128 0.375000 0.067174 0.075579 0.008871 0.037552 0.181818 0.016039
0.284803
0.142498 1.000000 0.352482 0.587718 0.000147 0.375000 0.161592 0.212897 0.043065 0.051388 0.272727 0.019782
0.284803
0.142491 1.000000 0.352461 0.587718 0.000132 0.375000 0.065652 0.073251 0.008686 0.039499 0.181818 0.016713
0.284803
0.142498 1.000000 0.352480 0.587718 0.000146 0.375000 0.161871 0.213862 0.044295 0.051845 0.272727 0.020980
0.284803
0.142491 1.000000 0.352461 0.587718 0.000133 0.375000 0.066573 0.075222 0.008650 0.042292 0.181818 0.017162
0.284803
0.142498 1.000000 0.352481 0.587718 0.000148 0.375000 0.160789 0.212081 0.044587 0.051762 0.272727 0.020381
0.284803
0.142490 1.000000 0.352453 0.587718 0.000128 0.375000 0.066861 0.075908 0.008820 0.043328 0.181818 0.016863
0.284803
0.142498 1.000000 0.352479 0.587718 0.000145 0.375000 0.162414 0.214478 0.043893 0.051564 0.272727 0.020044
0.284803
0.142492 1.000000 0.352456 0.587718 0.000131 0.375000 0.066489 0.075304 0.008827 0.043359 0.181818 0.016507
0.284803
0.142498 1.000000 0.352481 0.587718 0.000148 0.375000 0.162372 0.214319 0.043262 0.051792 0.272727 0.020624
0.284803
0.142491 1.000000 0.352457 0.587718 0.000131 0.375000 0.066804 0.075677 0.008841 0.042441 0.181818 0.016975
0.284803
0.142497 1.000000 0.352479 0.587718 0.000146 0.375000 0.162333 0.214536 0.044206 0.051817 0.272727 0.021092
0.284803
0.142491 1.000000 0.352456 0.587718 0.000131 0.375000 0.067043 0.076112 0.008984 0.042280 0.181818 0.016507
0.284803
0.142497 1.000000 0.352476 0.587718 0.000145 0.375000 0.160983 0.212087 0.043704 0.051381 0.181818 0.020737
0.284803
0.142490 1.000000 0.352452 0.587718 0.000130 0.375000 0.065394 0.072659 0.008716 0.038324 0.181818 0.016582
0.284803
0.142497 1.000000 0.352479 0.587718 0.000145 0.375000 0.161371 0.212743 0.044075 0.051372 0.272727 0.019651
0.284803
0.142490 1.000000 0.352454 0.587718 0.000130 0.375000 0.065210 0.072958 0.008604 0.042320 0.181818 0.016507
0.284803
0.142498 1.000000 0.352481 0.587718 0.000147 0.375000 0.161862 0.213616 0.043860 0.051493 0.272727 0.020100
0.284803
0.142491 1.000000 0.352458 0.587718 0.000130 0.375000 0.067424 0.076611 0.008963 0.041585 0.181818 0.016488
0.284803
0.142498 1.000000 0.352481 0.587718 0.000147 0.375000 0.161280 0.212122 0.042809 0.051156 0.272727 0.019838
0.284803
0.142491 1.000000 0.352455 0.587718 0.000131 0.375000 0.066511 0.074914 0.008722 0.041004 0.181818 0.017031
0.284803
0.142498 1.000000 0.352483 0.587718 0.000147 0.375000 0.161458 0.212938 0.043680 0.051536 0.272727 0.020119
0.284803
0.142491 1.000000 0.352456 0.587718 0.000131 0.375000 0.066273 0.074569 0.008658 0.041285 0.181818 0.016339
0.284803
0.142496 1.000000 0.352479 0.587718 0.000146 0.375000 0.160219 0.210675 0.043462 0.051610 0.272727 0.020306
0.284803
0.142493 1.000000 0.352460 0.587718 0.000135 0.375000 0.066146 0.074067 0.008750 0.039468 0.181818 0.016601
0.284803
0.142497 1.000000 0.352484 0.587718 0.000147 0.375000 0.160586 0.211262 0.043893 0.051378 0.272727 0.020100
0.284803
0.142493 1.000000 0.352461 0.587718 0.000134 0.375000 0.066577 0.075391 0.008789 0.042917 0.181818 0.016919
0.284803
0.142497 1.000000 0.352478 0.587718 0.000144 0.375000 0.161054 0.212386 0.044612 0.051644 0.272727 0.020175
0.284803
0.142490 1.000000 0.352451 0.587718 0.000130 0.375000 0.067113 0.075773 0.008965 0.039505 0.181818 0.016563
0.284803
0.142498 1.000000 0.352482 0.587718 0.000147 0.375000 0.161625 0.213089 0.043498 0.051493 0.272727 0.020643
0.284803
0.142491 1.000000 0.352458 0.587718 0.000132 0.375000 0.066146 0.074368 0.008931 0.041062 0.181818 0.016994
0.284803
0.142498 1.000000 0.352485 0.587718 0.000150 0.375000 0.161577 0.212748 0.042656 0.051743 0.272727 0.020549
0.284803
0.142492 1.000000 0.352459 0.587718 0.000134 0.375000 0.065609 0.073680 0.008720 0.042401 0.181818 0.016619
0.284803
0.142499 1.000000 0.352484 0.587718 0.000150 0.375000 0.161159 0.212712 0.044604 0.051805 0.272727 0.020381
0.284803
0.142490 1.000000 0.352453 0.587718 0.000130 0.375000 0.067023 0.075527 0.008629 0.039347 0.181818 0.016189
0.284803
0.142496 1.000000 0.352473 0.587718 0.000142 0.375000 0.161693 0.213605 0.044213 0.051656 0.272727 0.020774
0.284803
0.142490 1.000000 0.352452 0.587718 0.000130 0.375000 0.066650 0.074680 0.008879 0.037481 0.181818 0.016451
0.284803
0.142497 1.000000 0.352476 0.587718 0.000146 0.375000 0.159900 0.209862 0.043332 0.051542 0.181818 0.019614
0.284803
0.142491 1.000000 0.352454 0.587718 0.000132 0.375000 0.065297 0.072986 0.008725 0.041508 0.181818 0.016526
0.284803
0.142499 1.000000 0.352485 0.587718 0.000149 0.375000 0.161445 0.212933 0.043937 0.051341 0.272727 0.020344
0.284803
0.142491 1.000000 0.352454 0.587718 0.000133 0.375000 0.065471 0.073378 0.008634 0.042283 0.181818 0.016413
0.284803
0.142498 1.000000 0.352477 0.587718 0.000145 0.375000 0.160590 0.211565 0.043781 0.051573 0.272727 0.020381
0.284803
0.142491 1.000000 0.352456 0.587718 0.000132 0.375000 0.065582 0.073345 0.008796 0.040596 0.181818 0.016750
0.284803
0.142495 1.000000 0.352470 0.587718 0.000143 0.375000 0.160524 0.211667 0.044614 0.051456 0.272727 0.019857
0.284803
0.142489 1.000000 0.352451 0.587718 0.000130 0.375000 0.066255 0.074223 0.008767 0.039094 0.181818 0.016881
0.284803
0.142496 1.000000 0.352475 0.587718 0.000144 0.375000 0.162561 0.214962 0.043798 0.051567 0.272727 0.020063
0.284803
0.142491 1.000000 0.352455 0.587718 0.000133 0.375000 0.065728 0.073286 0.008663 0.038859 0.181818 0.016339
0.284803
0.142498 1.000000 0.352479 0.587718 0.000148 0.375000 0.160710 0.211765 0.044449 0.051672 0.272727 0.020362
0.284803
0.142492 1.000000 0.352461 0.587718 0.000135 0.375000 0.074765 0.091584 0.009935 0.051703 0.272727 0.017162
0.284803
0.142495 1.000000 0.352477 0.587718 0.000146 0.375000 0.171541 0.231011 0.046193 0.051644 0.272727 0.019782
0.284803
0.142493 1.000000 0.352462 0.587718 0.000135 0.375000 0.075985 0.093708 0.010019 0.051511 0.272727 0.017649
0.284803
0.142499 1.000000 0.352487 0.587718 0.000154 0.375000 0.173549 0.233978 0.044445 0.051857 0.272727 0.021485
0.284803
0.142492 1.000000 0.352463 0.587718 0.000133 0.375000 0.074609 0.091298 0.009711 0.051653 0.272727 0.017181
0.284803
0.142499 1.000000 0.352487 0.587718 0.000152 0.375000 0.173458 0.234216 0.046157 0.051885 0.272727 0.020755
0.284803
0.142492 1.000000 0.352463 0.587718 0.000134 0.375000 0.074078 0.090517 0.009817 0.051453 0.272727 0.017330
0.284803
0.142499 1.000000 0.352484 0.587718 0.000151 0.375000 0.173100 0.233631 0.045951 0.051706 0.272727 0.020999
0.284803
0.142492 1.000000 0.352459 0.587718 0.000134 0.375000 0.073900 0.090039 0.010069 0.051610 0.272727 0.017536
0.284803
0.142498 1.000000 0.352485 0.587718 0.000151 0.375000 0.171162 0.229725 0.044120 0.051703 0.272727 0.020606
0.284803
0.142491 1.000000 0.352459 0.587718 0.000134 0.375000 0.073991 0.090528 0.009885 0.051588 0.272727 0.017480
0.284803
0.259457 0.333333 0.352550 0.587823 0.000260 0.375000 0.256168 0.328995 0.060457 0.055961 0.363636 0.033912
0.428008
0.285060 0.333333 0.352581 0.587848 0.000297 0.375000 0.355961 0.494123 0.072817 0.052639 0.272727 0.037637
0.428008
0.285057 0.333333 0.352575 0.587847 0.000297 0.375000 0.335366 0.465826 0.073779 0.055764 0.272727 0.037449
0.428008
0.285057 0.333333 0.352574 0.587845 0.000293 0.375000 0.355360 0.493622 0.075453 0.052599 0.272727 0.037150
0.428008
0.285055 0.333333 0.352575 0.587845 0.000295 0.375000 0.335477 0.465097 0.070597 0.056122 0.272727 0.039452
0.428008
0.285059 0.333333 0.352578 0.587845 0.000297 0.375000 0.356062 0.494297 0.073290 0.052602 0.272727 0.036102
0.428008
0.285059 0.333333 0.352581 0.587845 0.000299 0.375000 0.335018 0.464774 0.071685 0.056131 0.272727 0.037187
0.428008
0.285058 0.333333 0.352577 0.587847 0.000294 0.375000 0.355684 0.493647 0.073190 0.052723 0.181818 0.035297
0.428008
0.285059 0.333333 0.352577 0.587848 0.000296 0.375000 0.335337 0.465652 0.072967 0.056320 0.272727 0.036008
0.428008
0.285056 0.333333 0.352576 0.587846 0.000293 0.375000 0.355620 0.493558 0.074350 0.052590 0.272727 0.035166
0.428008
0.285058 0.333333 0.352580 0.587845 0.000294 0.375000 0.335865 0.466444 0.072985 0.056091 0.272727 0.037562
0.428008
0.285057 0.333333 0.352575 0.587845 0.000294 0.375000 0.355682 0.493671 0.074189 0.052568 0.272727 0.035129
0.428008
0.285058 0.333333 0.352579 0.587845 0.000297 0.375000 0.334954 0.464911 0.072764 0.055924 0.272727 0.037880
0.428008
0.285060 0.333333 0.352582 0.587845 0.000298 0.375000 0.355756 0.493302 0.070602 0.052420 0.272727 0.034717
0.428008
0.285057 0.333333 0.352575 0.587848 0.000292 0.375000 0.335952 0.466267 0.071768 0.056023 0.272727 0.035784
0.428008
0.285055 0.333333 0.352573 0.587847 0.000293 0.375000 0.356252 0.494467 0.072235 0.052278 0.272727 0.033968
0.428008
0.285055 0.333333 0.352574 0.587845 0.000293 0.375000 0.334717 0.464976 0.074245 0.055455 0.181818 0.035709
0.428008
0.285053 0.333333 0.352570 0.587845 0.000291 0.375000 0.355503 0.493542 0.073689 0.052565 0.272727 0.034661
0.428008
0.285057 0.333333 0.352576 0.587845 0.000294 0.375000 0.335142 0.465553 0.073830 0.055600 0.272727 0.035672
0.428008
0.285057 0.333333 0.352578 0.587845 0.000294 0.375000 0.355811 0.493583 0.071880 0.052513 0.272727 0.035971
0.428008
0.285053 0.333333 0.352570 0.587846 0.000290 0.375000 0.334769 0.464992 0.073730 0.055958 0.272727 0.038123
0.428008
0.285061 0.333333 0.352584 0.587848 0.000301 0.375000 0.355788 0.493488 0.072093 0.052312 0.272727 0.034455
0.428008
0.285058 0.333333 0.352579 0.587846 0.000297 0.375000 0.335083 0.465525 0.073295 0.055918 0.272727 0.037244
0.428008
0.285059 0.333333 0.352579 0.587845 0.000297 0.375000 0.355942 0.494058 0.073316 0.052398 0.272727 0.035147
0.428008
0.285058 0.333333 0.352578 0.587845 0.000294 0.375000 0.335328 0.466108 0.073862 0.055727 0.272727 0.036233
0.428008
0.285061 0.333333 0.352581 0.587845 0.000298 0.375000 0.355964 0.493803 0.070960 0.052531 0.272727 0.034811
0.428008
0.285061 0.333333 0.352583 0.587848 0.000304 0.375000 0.334766 0.464770 0.073090 0.055776 0.272727 0.037768
0.428008
0.285059 0.333333 0.352578 0.587847 0.000292 0.375000 0.355729 0.493981 0.073787 0.052401 0.272727 0.035260
0.428008
0.285059 0.333333 0.352582 0.587848 0.000300 0.375000 0.335384 0.465645 0.072488 0.056119 0.272727 0.036701
0.428008
0.285058 0.333333 0.352576 0.587845 0.000296 0.375000 0.355994 0.493767 0.071500 0.052682 0.272727 0.035952
0.428008
0.285055 0.333333 0.352575 0.587845 0.000295 0.375000 0.334812 0.465064 0.073783 0.056212 0.272727 0.038067
0.428008
0.285060 0.333333 0.352582 0.587845 0.000298 0.375000 0.355863 0.493669 0.071781 0.052707 0.272727 0.034212
0.428008
0.285057 0.333333 0.352576 0.587845 0.000294 0.375000 0.335117 0.465688 0.073762 0.056453 0.272727 0.037019
0.428008
0.285059 0.333333 0.352578 0.587845 0.000294 0.375000 0.355964 0.494166 0.073483 0.052562 0.272727 0.034829
0.428008
0.285061 0.333333 0.352584 0.587848 0.000303 0.375000 0.334750 0.464886 0.073542 0.055968 0.272727 0.036308
0.428008
0.285057 0.333333 0.352575 0.587847 0.000295 0.375000 0.355120 0.493264 0.074841 0.052547 0.272727 0.034099
0.428008
0.285057 0.333333 0.352577 0.587845 0.000296 0.375000 0.335550 0.465600 0.071827 0.056097 0.272727 0.038778
0.428008
0.285055 0.333333 0.352574 0.587845 0.000293 0.375000 0.355763 0.493699 0.072484 0.052256 0.272727 0.035466
0.428008
0.285057 0.333333 0.352575 0.587845 0.000292 0.375000 0.335445 0.466014 0.073219 0.055764 0.272727 0.037749
0.428008
0.285056 0.333333 0.352576 0.587845 0.000293 0.375000 0.355656 0.494029 0.075056 0.052531 0.272727 0.036925
0.428008
0.285060 0.333333 0.352581 0.587847 0.000299 0.375000 0.335340 0.466153 0.074736 0.055720 0.272727 0.038572
0.428008
0.285057 0.333333 0.352575 0.587848 0.000296 0.375000 0.355569 0.493525 0.072902 0.052602 0.272727 0.034680
0.428008
0.285057 0.333333 0.352577 0.587846 0.000297 0.375000 0.335240 0.465516 0.073408 0.056388 0.272727 0.037674
0.428008
0.285056 0.333333 0.352573 0.587845 0.000295 0.375000 0.355974 0.494141 0.073332 0.052268 0.272727 0.035278
0.428008
0.285055 0.333333 0.352573 0.587845 0.000292 0.375000 0.335108 0.465240 0.072503 0.055464 0.272727 0.035952
0.428008
0.285060 0.333333 0.352581 0.587845 0.000296 0.375000 0.355997 0.493632 0.071238 0.052747 0.272727 0.035297
0.428008
0.285058 0.333333 0.352579 0.587845 0.000295 0.375000 0.335331 0.465833 0.073214 0.056005 0.272727 0.036364
0.428008
0.285057 0.333333 0.352575 0.587847 0.000296 0.375000 0.355869 0.494554 0.074947 0.052200 0.272727 0.034605
0.428008
0.285060 0.333333 0.352580 0.587848 0.000300 0.375000 0.335271 0.465442 0.072206 0.055887 0.272727 0.036982
0.428008
0.285059 0.333333 0.352579 0.587845 0.000297 0.375000 0.355378 0.493242 0.074973 0.052469 0.272727 0.035335
0.428008
0.285063 0.333333 0.352587 0.587845 0.000304 0.375000 0.334721 0.464936 0.073787 0.056070 0.272727 0.037880
0.428008
0.285060 0.333333 0.352580 0.587845 0.000295 0.375000 0.355404 0.492033 0.069470 0.052169 0.272727 0.034249
0.428008
0.285055 0.333333 0.352574 0.587845 0.000293 0.375000 0.335393 0.466141 0.074220 0.055804 0.272727 0.037244
0.428008
0.285058 0.333333 0.352576 0.587846 0.000298 0.375000 0.355909 0.493952 0.072671 0.052791 0.272727 0.035859
0.428008
0.285059 0.333333 0.352581 0.587848 0.000300 0.375000 0.335412 0.466174 0.074691 0.055649 0.272727 0.038741
0.428008
0.285059 0.333333 0.352582 0.587846 0.000301 0.375000 0.355839 0.493558 0.072461 0.052312 0.272727 0.034436
0.428008
0.285054 0.333333 0.352571 0.587845 0.000293 0.375000 0.335242 0.466187 0.075906 0.055569 0.272727 0.035952
0.428008
0.285062 0.333333 0.352583 0.587845 0.000300 0.375000 0.355582 0.493459 0.073207 0.052605 0.272727 0.035335
0.428008
0.285059 0.333333 0.352579 0.587845 0.000299 0.375000 0.335383 0.466381 0.075178 0.056431 0.272727 0.037880
0.428008
0.285057 0.333333 0.352574 0.587845 0.000293 0.375000 0.355855 0.494176 0.073767 0.052574 0.181818 0.035728
0.428008
0.285056 0.333333 0.352576 0.587847 0.000296 0.375000 0.335529 0.465808 0.072133 0.056088 0.272727 0.037730
0.428008
0.285058 0.333333 0.352578 0.587847 0.000298 0.375000 0.355691 0.493687 0.074294 0.052516 0.272727 0.033819
0.428008
0.285056 0.333333 0.352575 0.587845 0.000290 0.375000 0.334681 0.464576 0.072579 0.056014 0.272727 0.036046
0.428008
0.285060 0.333333 0.352581 0.587845 0.000302 0.375000 0.356112 0.494203 0.072311 0.052584 0.272727 0.034923
0.428008
0.285056 0.333333 0.352577 0.587845 0.000295 0.375000 0.335145 0.465532 0.073780 0.055742 0.181818 0.036177
0.428008
0.285059 0.333333 0.352579 0.587845 0.000300 0.375000 0.355840 0.494113 0.073367 0.052828 0.272727 0.036364
0.428008
0.285056 0.333333 0.352575 0.587846 0.000295 0.375000 0.335644 0.466400 0.073398 0.055915 0.181818 0.035672
0.428008
0.285055 0.333333 0.352574 0.587848 0.000297 0.375000 0.355711 0.493677 0.072969 0.052472 0.272727 0.035934
0.428008
0.285053 0.333333 0.352569 0.587847 0.000291 0.375000 0.335041 0.465024 0.072440 0.056039 0.272727 0.036139
0.428008
0.285057 0.333333 0.352575 0.587845 0.000292 0.375000 0.356044 0.494223 0.072843 0.052652 0.272727 0.035372
0.428008
0.285061 0.333333 0.352582 0.587845 0.000300 0.375000 0.335327 0.465879 0.073505 0.055813 0.181818 0.037580
0.428008
0.285060 0.333333 0.352578 0.587845 0.000295 0.375000 0.355742 0.493249 0.071005 0.052587 0.272727 0.034174
0.428008
0.285055 0.333333 0.352575 0.587845 0.000292 0.375000 0.335038 0.465266 0.073153 0.056499 0.272727 0.037580
0.428008
0.285061 0.333333 0.352583 0.587847 0.000298 0.375000 0.355899 0.494425 0.074523 0.052540 0.272727 0.035222
0.428008
0.285058 0.333333 0.352576 0.587848 0.000295 0.375000 0.335737 0.466255 0.072819 0.055813 0.272727 0.038554
0.428008
0.285058 0.333333 0.352578 0.587845 0.000297 0.375000 0.355830 0.493265 0.072165 0.052500 0.272727 0.035990
0.428008
0.285054 0.333333 0.352573 0.587845 0.000291 0.375000 0.335186 0.465651 0.073420 0.055689 0.272727 0.037768
0.428008
0.285059 0.333333 0.352578 0.587845 0.000298 0.375000 0.356032 0.493916 0.071616 0.052624 0.272727 0.035634
0.428008
0.285059 0.333333 0.352578 0.587845 0.000300 0.375000 0.334987 0.465343 0.073850 0.056323 0.272727 0.037637
0.428008
0.285058 0.333333 0.352578 0.587846 0.000297 0.375000 0.356261 0.494453 0.072177 0.052506 0.272727 0.037206
0.428008
0.285059 0.333333 0.352580 0.587848 0.000300 0.375000 0.335298 0.465912 0.074203 0.055686 0.272727 0.037917
0.428008
0.285053 0.333333 0.352571 0.587847 0.000292 0.375000 0.355808 0.493627 0.073774 0.052581 0.272727 0.036008
0.428008
0.285058 0.333333 0.352579 0.587845 0.000298 0.375000 0.335108 0.465174 0.072478 0.056156 0.272727 0.037375
0.428008
0.285063 0.333333 0.352585 0.587845 0.000301 0.375000 0.355888 0.493476 0.071913 0.052395 0.272727 0.035578
0.428008
0.285055 0.333333 0.352573 0.587845 0.000291 0.375000 0.334341 0.464462 0.074184 0.055927 0.272727 0.036196
0.428008
0.285063 0.333333 0.352585 0.587845 0.000300 0.375000 0.355834 0.493559 0.071282 0.052488 0.272727 0.034174
0.428008
0.285057 0.333333 0.352577 0.587847 0.000294 0.375000 0.334967 0.465597 0.074199 0.056147 0.272727 0.036139
0.428008
0.285057 0.333333 0.352576 0.587848 0.000297 0.375000 0.355694 0.492737 0.069786 0.052596 0.272727 0.034530
0.428008
0.285059 0.333333 0.352581 0.587849 0.000296 0.375000 0.336527 0.468459 0.073222 0.055773 0.181818 0.036252
0.428008
0.285063 0.333333 0.352584 0.587845 0.000301 0.375000 0.358228 0.499204 0.075027 0.052809 0.272727 0.035035
0.428008
0.285058 0.333333 0.352578 0.587845 0.000298 0.375000 0.338693 0.472463 0.074941 0.056020 0.272727 0.037150
0.428008
0.285056 0.333333 0.352573 0.587845 0.000297 0.375000 0.358561 0.499161 0.072788 0.052404 0.272727 0.033613
0.428008
0.285060 0.333333 0.352584 0.587845 0.000303 0.375000 0.339012 0.473053 0.074862 0.056101 0.272727 0.036495
0.428008
0.285061 0.333333 0.352582 0.587848 0.000300 0.375000 0.358082 0.498628 0.074021 0.052760 0.272727 0.034623
0.428008
0.285063 0.333333 0.352586 0.587847 0.000303 0.375000 0.339295 0.472774 0.072776 0.056255 0.272727 0.037487
0.428008
0.285055 0.333333 0.352574 0.587845 0.000293 0.375000 0.358054 0.498550 0.074005 0.052414 0.272727 0.035672
0.428008
0.285060 0.333333 0.352581 0.587845 0.000299 0.375000 0.338227 0.471302 0.074277 0.055918 0.272727 0.038011
0.428008
0.285058 0.333333 0.352578 0.587845 0.000300 0.375000 0.357967 0.498775 0.076201 0.052500 0.272727 0.036102
0.428008
0.285054 0.333333 0.352574 0.587845 0.000295 0.375000 0.338862 0.472240 0.073647 0.055773 0.272727 0.038067
0.428008
0.285057 0.333333 0.352575 0.587847 0.000294 0.375000 0.358046 0.499097 0.076037 0.052750 0.272727 0.036364
0.428008
0.285057 0.333333 0.352576 0.587848 0.000293 0.375000 0.338068 0.471291 0.074556 0.056051 0.272727 0.037674
0.428008
0.285059 0.333333 0.352582 0.587846 0.000297 0.375000 0.357717 0.497770 0.073561 0.052642 0.272727 0.035316
0.428008
0.285055 0.333333 0.352573 0.587849 0.000293 0.375000 0.338963 0.472434 0.072968 0.056082 0.181818 0.037599
0.428008
0.285056 0.333333 0.352575 0.587845 0.000297 0.375000 0.358484 0.498891 0.071995 0.052380 0.272727 0.033800
0.428008
0.285055 0.333333 0.352574 0.587845 0.000291 0.375000 0.339229 0.473354 0.074807 0.056067 0.272727 0.037449
0.428008
0.285062 0.333333 0.352584 0.587845 0.000301 0.375000 0.358137 0.498496 0.073806 0.052574 0.272727 0.034436
0.428008
0.285058 0.333333 0.352577 0.587848 0.000297 0.375000 0.338549 0.472260 0.074877 0.056258 0.272727 0.036682
0.428008
0.285058 0.333333 0.352579 0.587847 0.000297 0.375000 0.357790 0.497913 0.073366 0.052735 0.272727 0.033182
0.428008
0.285060 0.333333 0.352581 0.587845 0.000300 0.375000 0.338885 0.472530 0.073831 0.056391 0.272727 0.039433
0.428008
0.285061 0.333333 0.352583 0.587845 0.000300 0.375000 0.358191 0.497836 0.071077 0.052407 0.272727 0.036720
0.428008
0.285061 0.333333 0.352583 0.587845 0.000299 0.375000 0.338976 0.472586 0.073265 0.056107 0.272727 0.038292
0.428008
0.285057 0.333333 0.352576 0.587845 0.000298 0.375000 0.358103 0.498799 0.075186 0.052735 0.181818 0.036813
0.428008
0.285056 0.333333 0.352573 0.587847 0.000293 0.375000 0.339202 0.473272 0.075184 0.055680 0.272727 0.038273
0.428008
0.285058 0.333333 0.352579 0.587848 0.000300 0.375000 0.357618 0.497456 0.073624 0.052500 0.272727 0.034811
0.428008
0.285061 0.333333 0.352584 0.587846 0.000302 0.375000 0.338709 0.472337 0.074734 0.056428 0.272727 0.037917
0.428008
0.285056 0.333333 0.352576 0.587845 0.000297 0.375000 0.358373 0.499296 0.074637 0.052278 0.272727 0.036383
0.428008
0.285055 0.333333 0.352575 0.587845 0.000296 0.375000 0.339133 0.472833 0.073323 0.055958 0.272727 0.037038
0.428008
0.285060 0.333333 0.352581 0.587845 0.000301 0.375000 0.358260 0.498612 0.073279 0.052658 0.272727 0.035484
0.428008
0.285058 0.333333 0.352577 0.587845 0.000297 0.375000 0.339269 0.473222 0.073959 0.055702 0.272727 0.036065
0.428008
0.285058 0.333333 0.352575 0.587848 0.000295 0.375000 0.357771 0.497973 0.073750 0.052315 0.272727 0.035728
0.428008
0.285055 0.333333 0.352572 0.587847 0.000292 0.375000 0.338550 0.472075 0.074298 0.056144 0.272727 0.038086
0.428008
0.285060 0.333333 0.352579 0.587845 0.000297 0.375000 0.358439 0.498745 0.072474 0.052222 0.272727 0.035372
0.428008
0.285064 0.333333 0.352587 0.587845 0.000305 0.375000 0.338480 0.471853 0.073810 0.055989 0.272727 0.039003
0.428008
0.285057 0.333333 0.352579 0.587845 0.000295 0.375000 0.358025 0.498659 0.074842 0.052438 0.272727 0.035728
0.428008
0.285058 0.333333 0.352578 0.587845 0.000295 0.375000 0.339290 0.473197 0.074262 0.056051 0.272727 0.036514
0.428008
0.285060 0.333333 0.352582 0.587847 0.000298 0.375000 0.358132 0.498713 0.074383 0.052247 0.272727 0.034249
0.428008
0.285058 0.333333 0.352577 0.587848 0.000296 0.375000 0.338781 0.472177 0.073229 0.055961 0.272727 0.036401
0.428008
0.285058 0.333333 0.352577 0.587846 0.000297 0.375000 0.357891 0.498378 0.074503 0.052652 0.363636 0.034081
0.428008
0.285056 0.333333 0.352577 0.587845 0.000297 0.375000 0.339204 0.472850 0.073291 0.055903 0.181818 0.036345
0.428008
0.285055 0.333333 0.352573 0.587845 0.000295 0.375000 0.358250 0.499131 0.075368 0.052312 0.272727 0.035672
0.428008
0.285057 0.333333 0.352578 0.587845 0.000297 0.375000 0.339030 0.472963 0.074450 0.056236 0.272727 0.037318
0.428008
0.285056 0.333333 0.352575 0.587846 0.000301 0.375000 0.358540 0.499530 0.074027 0.052704 0.181818 0.035241
0.428008
0.285059 0.333333 0.352581 0.587848 0.000299 0.375000 0.338989 0.472772 0.073990 0.055856 0.272727 0.036401
0.428008
0.285059 0.333333 0.352580 0.587847 0.000299 0.375000 0.357744 0.497638 0.073423 0.052568 0.181818 0.034174
0.428008
0.285059 0.333333 0.352578 0.587845 0.000300 0.375000 0.339275 0.473173 0.074498 0.055980 0.272727 0.036514
0.428008
0.285057 0.333333 0.352576 0.587845 0.000297 0.375000 0.358470 0.499081 0.073445 0.052590 0.272727 0.035578
0.428008
0.285059 0.333333 0.352580 0.587845 0.000300 0.375000 0.338217 0.471499 0.074504 0.056045 0.272727 0.039452
0.428008
0.285055 0.333333 0.352573 0.587845 0.000293 0.375000 0.358116 0.499173 0.076097 0.052506 0.181818 0.033950
0.428008
0.285056 0.333333 0.352573 0.587847 0.000293 0.375000 0.339378 0.473017 0.073195 0.055544 0.272727 0.035840
0.428008
0.285058 0.333333 0.352578 0.587848 0.000296 0.375000 0.358160 0.498522 0.073219 0.052330 0.272727 0.035952
0.428008
0.285054 0.333333 0.352572 0.587846 0.000295 0.375000 0.338541 0.471978 0.073877 0.055952 0.272727 0.035915
0.428008
0.285058 0.333333 0.352577 0.587845 0.000296 0.375000 0.358315 0.498933 0.073992 0.052407 0.272727 0.033669
0.428008
0.285058 0.333333 0.352579 0.587845 0.000300 0.375000 0.339103 0.472945 0.073789 0.056283 0.272727 0.037487
0.428008
0.285058 0.333333 0.352578 0.587845 0.000299 0.375000 0.357341 0.497350 0.075602 0.052315 0.272727 0.033538
0.428008
0.285059 0.333333 0.352579 0.587845 0.000297 0.375000 0.339521 0.473402 0.073704 0.055872 0.272727 0.038329
0.428008
0.285056 0.333333 0.352574 0.587848 0.000299 0.375000 0.358383 0.499216 0.074332 0.052210 0.181818 0.034623
0.428008
0.285058 0.333333 0.352578 0.587847 0.000297 0.375000 0.339267 0.473437 0.074951 0.056264 0.272727 0.038086
0.428008
0.285056 0.333333 0.352576 0.587845 0.000293 0.375000 0.358168 0.498980 0.075698 0.052108 0.272727 0.035877
0.428008
0.285057 0.333333 0.352576 0.587845 0.000295 0.375000 0.339310 0.473347 0.074925 0.056314 0.272727 0.039265
0.428008
0.285060 0.333333 0.352583 0.587845 0.000296 0.375000 0.357983 0.498281 0.074257 0.052627 0.272727 0.036252
0.428008
0.285060 0.333333 0.352581 0.587845 0.000296 0.375000 0.339300 0.473051 0.073328 0.056363 0.272727 0.036589
0.428008
0.285058 0.333333 0.352577 0.587847 0.000301 0.375000 0.358228 0.498482 0.072873 0.052429 0.272727 0.036139
0.428008
0.285055 0.333333 0.352572 0.587848 0.000291 0.375000 0.338446 0.472515 0.076461 0.056076 0.272727 0.035990
0.428008
0.285058 0.333333 0.352577 0.587846 0.000299 0.375000 0.358392 0.498777 0.072424 0.052547 0.272727 0.035091
0.428008
0.285058 0.333333 0.352576 0.587845 0.000297 0.375000 0.339133 0.473023 0.074042 0.056218 0.272727 0.037206
0.428008
0.285057 0.333333 0.352577 0.587845 0.000297 0.375000 0.357765 0.497784 0.073909 0.052741 0.272727 0.034586
0.428008
0.285056 0.333333 0.352576 0.587845 0.000297 0.375000 0.338860 0.472756 0.075010 0.056119 0.272727 0.037225
0.428008
0.285054 0.333333 0.352571 0.587845 0.000293 0.375000 0.358315 0.498904 0.073166 0.052713 0.272727 0.034455
0.428008
0.285060 0.333333 0.352583 0.587848 0.000306 0.375000 0.338784 0.472178 0.073440 0.056033 0.272727 0.037786
0.428008
0.285053 0.333333 0.352570 0.587847 0.000291 0.375000 0.358185 0.498363 0.072658 0.052618 0.272727 0.035466
0.428008
0.285059 0.333333 0.352581 0.587845 0.000297 0.375000 0.339145 0.473210 0.074964 0.056051 0.272727 0.037655
0.428008
0.285053 0.333333 0.352568 0.587845 0.000289 0.375000 0.358138 0.499063 0.075674 0.052330 0.272727 0.033594
0.428008
0.285052 0.333333 0.352568 0.587845 0.000287 0.375000 0.338960 0.472700 0.074352 0.055937 0.181818 0.036270
0.428008
0.285059 0.333333 0.352578 0.587845 0.000297 0.375000 0.358241 0.498636 0.073248 0.052197 0.272727 0.035784
0.428008
0.285058 0.333333 0.352577 0.587847 0.000296 0.375000 0.339591 0.473733 0.073956 0.055625 0.181818 0.036476
0.428008
0.285059 0.333333 0.352580 0.587848 0.000300 0.375000 0.357836 0.498478 0.075511 0.052494 0.272727 0.034829
0.428008
0.285057 0.333333 0.352579 0.587846 0.000298 0.375000 0.338703 0.472273 0.073946 0.055776 0.181818 0.037000
0.428008
0.285054 0.333333 0.352570 0.587845 0.000293 0.375000 0.358347 0.499202 0.074792 0.052509 0.272727 0.033650
0.428008
0.285059 0.333333 0.352578 0.587845 0.000298 0.375000 0.338603 0.472533 0.075629 0.055584 0.272727 0.037655
0.428008
0.285059 0.333333 0.352580 0.587845 0.000300 0.375000 0.358283 0.499040 0.074607 0.052420 0.272727 0.036944
0.428008
0.285059 0.333333 0.352580 0.587845 0.000299 0.375000 0.339207 0.473001 0.073450 0.056249 0.272727 0.037225
0.428008
0.285057 0.333333 0.352576 0.587847 0.000298 0.375000 0.358440 0.499134 0.073626 0.052692 0.272727 0.033688
0.428008
0.285059 0.333333 0.352580 0.587847 0.000298 0.375000 0.338161 0.471658 0.074912 0.056369 0.272727 0.036982
0.428008
0.285060 0.333333 0.352580 0.587845 0.000298 0.375000 0.357827 0.497994 0.073908 0.052590 0.181818 0.034399
0.428008
0.285060 0.333333 0.352580 0.587845 0.000303 0.375000 0.339421 0.472957 0.072596 0.056042 0.272727 0.037955
0.428008
0.285055 0.333333 0.352572 0.587845 0.000293 0.375000 0.358260 0.498914 0.074004 0.052587 0.181818 0.034680
0.428008
0.285059 0.333333 0.352581 0.587845 0.000299 0.375000 0.338682 0.471593 0.072281 0.055838 0.272727 0.037580
0.428008
0.285059 0.333333 0.352579 0.587846 0.000297 0.375000 0.358209 0.498384 0.072524 0.052528 0.272727 0.035185
0.428008
0.285059 0.333333 0.352580 0.587848 0.000302 0.375000 0.339327 0.473349 0.073778 0.056425 0.272727 0.038572
0.428008
0.285056 0.333333 0.352576 0.587846 0.000297 0.375000 0.358220 0.498707 0.074218 0.052132 0.272727 0.034511
0.428008
0.285055 0.333333 0.352574 0.587845 0.000296 0.375000 0.338828 0.472574 0.074579 0.055723 0.272727 0.036663
0.428008
0.285059 0.333333 0.352578 0.587845 0.000298 0.375000 0.358248 0.498910 0.073994 0.052432 0.272727 0.033968
0.428008
0.285055 0.333333 0.352573 0.587845 0.000294 0.375000 0.339061 0.472860 0.073824 0.055924 0.272727 0.037730
0.428008
0.285061 0.333333 0.352583 0.587845 0.000300 0.375000 0.357974 0.498472 0.074984 0.052716 0.272727 0.035990
0.428008
0.285058 0.333333 0.352579 0.587848 0.000299 0.375000 0.338555 0.472353 0.075334 0.056357 0.272727 0.037468
0.428008
0.285060 0.333333 0.352580 0.587847 0.000304 0.375000 0.357935 0.498888 0.076556 0.052445 0.272727 0.036851
0.428008
0.285055 0.333333 0.352574 0.587845 0.000292 0.375000 0.338952 0.472885 0.074791 0.055906 0.272727 0.038198
0.428008
0.285062 0.333333 0.352584 0.587845 0.000299 0.375000 0.357806 0.498033 0.073838 0.052315 0.181818 0.035559
0.428008
0.285058 0.333333 0.352579 0.587845 0.000295 0.375000 0.338967 0.472371 0.072285 0.056091 0.272727 0.038292
0.428008
0.285057 0.333333 0.352575 0.587845 0.000290 0.375000 0.358235 0.498607 0.073563 0.052324 0.272727 0.035934
0.428008
0.285057 0.333333 0.352577 0.587846 0.000297 0.375000 0.338624 0.472461 0.074952 0.056286 0.272727 0.037281
0.428008
0.285062 0.333333 0.352584 0.587848 0.000304 0.375000 0.358102 0.498225 0.072492 0.052451 0.272727 0.035335
0.428008
0.285055 0.333333 0.352573 0.587846 0.000295 0.375000 0.338534 0.472197 0.074774 0.056243 0.272727 0.036589
0.428008
0.285056 0.333333 0.352573 0.587845 0.000296 0.375000 0.358205 0.498724 0.073582 0.052503 0.272727 0.035166
0.428008
0.285059 0.333333 0.352577 0.587845 0.000297 0.375000 0.338989 0.472128 0.072078 0.056159 0.272727 0.036345
0.428008
0.285056 0.333333 0.352573 0.587845 0.000294 0.375000 0.358368 0.499419 0.074561 0.052596 0.272727 0.035335
0.428008
0.285054 0.333333 0.352572 0.587845 0.000289 0.375000 0.338686 0.471930 0.073607 0.055810 0.272727 0.035934
0.428008
0.285058 0.333333 0.352577 0.587847 0.000300 0.375000 0.358130 0.498715 0.074871 0.052494 0.272727 0.036121
0.428008
0.285054 0.333333 0.352573 0.587848 0.000293 0.375000 0.338860 0.472606 0.074899 0.056184 0.272727 0.037786
0.428008
0.285062 0.333333 0.352584 0.587845 0.000300 0.375000 0.358030 0.498721 0.075729 0.052491 0.181818 0.037281
0.428008
0.285057 0.333333 0.352575 0.587845 0.000293 0.375000 0.338545 0.472260 0.075206 0.056190 0.272727 0.037749
0.428008
0.285056 0.333333 0.352573 0.587845 0.000295 0.375000 0.357924 0.498971 0.076721 0.052593 0.272727 0.033594
0.428008
0.285056 0.333333 0.352576 0.587845 0.000296 0.375000 0.339478 0.473802 0.074828 0.056289 0.272727 0.037917
0.428008
0.285058 0.333333 0.352577 0.587846 0.000297 0.375000 0.357880 0.498279 0.075033 0.052618 0.272727 0.035559
0.428008
0.285056 0.333333 0.352576 0.587848 0.000294 0.375000 0.338707 0.472234 0.073938 0.056181 0.272727 0.036551
0.428008
0.285057 0.333333 0.352578 0.587846 0.000303 0.375000 0.358287 0.498856 0.073283 0.052503 0.272727 0.033931
0.428008
0.285054 0.333333 0.352574 0.587845 0.000293 0.375000 0.339522 0.473726 0.074132 0.056202 0.272727 0.037019
0.428008
0.285059 0.333333 0.352578 0.587845 0.000298 0.375000 0.357831 0.498320 0.075361 0.052741 0.272727 0.034680
0.428008
0.285055 0.333333 0.352576 0.587845 0.000293 0.375000 0.338813 0.472767 0.075374 0.056308 0.272727 0.038123
0.428008
0.285062 0.333333 0.352583 0.587845 0.000303 0.375000 0.358306 0.499125 0.075034 0.052497 0.090909 0.036925
0.428008
0.285059 0.333333 0.352580 0.587847 0.000299 0.375000 0.338354 0.471955 0.074642 0.055897 0.272727 0.036607
0.428008
0.285060 0.333333 0.352582 0.587847 0.000302 0.375000 0.357950 0.498266 0.073605 0.052383 0.272727 0.034305
0.428008
0.285056 0.333333 0.352574 0.587845 0.000293 0.375000 0.338684 0.472268 0.074391 0.055931 0.272727 0.035990
0.428008
0.285056 0.333333 0.352576 0.587845 0.000295 0.375000 0.358485 0.499427 0.073770 0.052618 0.272727 0.034717
0.428008
0.285059 0.333333 0.352580 0.587845 0.000300 0.375000 0.338678 0.472539 0.074910 0.056023 0.272727 0.036420
0.428008
0.285058 0.333333 0.352577 0.587845 0.000296 0.375000 0.357856 0.497932 0.073088 0.052611 0.272727 0.034025
0.428008
0.285054 0.333333 0.352571 0.587846 0.000291 0.375000 0.339277 0.473405 0.074841 0.055767 0.272727 0.036907
0.428008
0.285059 0.333333 0.352579 0.587848 0.000300 0.375000 0.358080 0.498519 0.073766 0.052503 0.272727 0.035672
0.428008
0.285055 0.333333 0.352575 0.587846 0.000293 0.375000 0.339164 0.472971 0.073445 0.056113 0.272727 0.037749
0.428008
0.285054 0.333333 0.352571 0.587845 0.000292 0.375000 0.358371 0.498976 0.073533 0.052531 0.272727 0.036420
0.428008
0.285059 0.333333 0.352581 0.587845 0.000301 0.375000 0.339055 0.473405 0.076097 0.055788 0.272727 0.039115
0.428008
0.285063 0.333333 0.352585 0.587845 0.000305 0.375000 0.357820 0.498375 0.075691 0.052540 0.272727 0.037337
0.428008
0.285053 0.333333 0.352571 0.587845 0.000290 0.375000 0.338789 0.472335 0.073457 0.055798 0.181818 0.037113
0.428008
0.285055 0.333333 0.352573 0.587847 0.000297 0.375000 0.358480 0.499068 0.073331 0.052296 0.272727 0.036645
0.428008
0.285059 0.333333 0.352578 0.587848 0.000297 0.375000 0.339646 0.473970 0.074324 0.056094 0.272727 0.036551
0.428008
0.285066 0.333333 0.352591 0.587845 0.000304 0.375000 0.357779 0.497730 0.073904 0.052704 0.272727 0.036401
0.428008
0.285056 0.333333 0.352575 0.587845 0.000292 0.375000 0.338923 0.472940 0.075073 0.056206 0.272727 0.035952
0.428008
0.285058 0.333333 0.352577 0.587845 0.000297 0.375000 0.358792 0.500175 0.075051 0.052423 0.181818 0.034829
0.428008
0.285058 0.333333 0.352578 0.587845 0.000295 0.375000 0.339060 0.472561 0.073415 0.055971 0.272727 0.037543
0.428008
0.285057 0.333333 0.352574 0.587846 0.000297 0.375000 0.358293 0.499024 0.074335 0.052438 0.272727 0.034418
0.428008
0.285060 0.333333 0.352584 0.587848 0.000300 0.375000 0.339439 0.473264 0.073565 0.055699 0.272727 0.037506
0.428008
0.285055 0.333333 0.352573 0.587847 0.000293 0.375000 0.358479 0.499173 0.073750 0.052516 0.272727 0.035896
0.428008
0.285058 0.333333 0.352578 0.587845 0.000295 0.375000 0.339308 0.473318 0.074968 0.055965 0.272727 0.037300
0.428008
0.285056 0.333333 0.352576 0.587845 0.000294 0.375000 0.358288 0.498978 0.074308 0.052268 0.272727 0.033706
0.428008
0.285054 0.333333 0.352573 0.587845 0.000295 0.375000 0.339329 0.473496 0.074989 0.055875 0.272727 0.037075
0.428008
0.285054 0.333333 0.352570 0.587845 0.000285 0.375000 0.357830 0.497879 0.073277 0.052695 0.272727 0.034118
0.428008
0.285056 0.333333 0.352575 0.587847 0.000295 0.375000 0.338960 0.472837 0.074742 0.055591 0.272727 0.036663
0.428008
0.285055 0.333333 0.352573 0.587848 0.000298 0.375000 0.358552 0.499341 0.073474 0.052645 0.272727 0.034698
0.428008
0.285060 0.333333 0.352581 0.587845 0.000299 0.375000 0.338597 0.472098 0.073871 0.056131 0.272727 0.038292
0.428008
0.285058 0.333333 0.352578 0.587845 0.000299 0.375000 0.358384 0.499114 0.074047 0.052460 0.272727 0.035335
0.428008
0.285055 0.333333 0.352575 0.587845 0.000294 0.375000 0.338557 0.472516 0.075763 0.055761 0.272727 0.037056
0.428008
0.285060 0.333333 0.352581 0.587854 0.000297 0.375000 0.357776 0.498068 0.074308 0.052466 0.272727 0.034006
0.428008
0.285058 0.333333 0.352578 0.587845 0.000295 0.375000 0.338400 0.472296 0.075783 0.056138 0.181818 0.035597
0.428008
0.285056 0.333333 0.352575 0.587848 0.000293 0.375000 0.358232 0.498605 0.073165 0.052550 0.272727 0.033950
0.428008
0.285055 0.333333 0.352573 0.587847 0.000294 0.375000 0.338307 0.471866 0.075185 0.055773 0.181818 0.036813
0.428008
0.285056 0.333333 0.352573 0.587845 0.000295 0.375000 0.358777 0.499796 0.074050 0.052364 0.272727 0.035073
0.428008
0.285058 0.333333 0.352579 0.587845 0.000296 0.375000 0.339003 0.472909 0.074499 0.055999 0.181818 0.036570
0.428008
0.285057 0.333333 0.352575 0.587845 0.000291 0.375000 0.358054 0.498502 0.073872 0.052791 0.272727 0.034212
0.428008
0.285054 0.333333 0.352571 0.587845 0.000288 0.375000 0.338740 0.472694 0.075423 0.055717 0.272727 0.037543
0.428008
0.285057 0.333333 0.352577 0.587847 0.000297 0.375000 0.357976 0.498223 0.073596 0.052457 0.272727 0.035073
0.428008
0.285054 0.333333 0.352573 0.587848 0.000296 0.375000 0.338662 0.472587 0.075750 0.055989 0.272727 0.035934
0.428008
0.285056 0.333333 0.352575 0.587846 0.000293 0.375000 0.358184 0.498482 0.072947 0.052775 0.272727 0.034717
0.428008
0.285058 0.333333 0.352579 0.587845 0.000302 0.375000 0.339136 0.473097 0.074968 0.055776 0.272727 0.038928
0.428008
0.285057 0.333333 0.352575 0.587845 0.000296 0.375000 0.358035 0.498257 0.074046 0.052729 0.181818 0.034680
0.428008
0.285059 0.333333 0.352579 0.587845 0.000298 0.375000 0.339379 0.473083 0.073241 0.056243 0.272727 0.039321
0.428008
0.285055 0.333333 0.352573 0.587845 0.000291 0.375000 0.358219 0.498613 0.073507 0.052506 0.272727 0.037056
0.428008
0.285056 0.333333 0.352575 0.587848 0.000294 0.375000 0.338755 0.472160 0.073724 0.056397 0.272727 0.038460
0.428008
0.285060 0.333333 0.352581 0.587847 0.000298 0.375000 0.358106 0.498479 0.073930 0.052457 0.272727 0.034680
0.428008
0.285058 0.333333 0.352577 0.587845 0.000296 0.375000 0.338966 0.472369 0.073331 0.056104 0.272727 0.039433
0.428008
0.285055 0.333333 0.352571 0.587845 0.000290 0.375000 0.358309 0.498011 0.070616 0.052472 0.181818 0.036196
0.428008
0.285056 0.333333 0.352576 0.587845 0.000294 0.375000 0.339419 0.473201 0.073212 0.055872 0.272727 0.036420
0.428008
0.285055 0.333333 0.352572 0.587845 0.000290 0.375000 0.358309 0.499003 0.074135 0.052482 0.272727 0.035447
0.428008
0.285054 0.333333 0.352573 0.587847 0.000292 0.375000 0.338891 0.471967 0.071763 0.055961 0.272727 0.035035
0.428008
0.285055 0.333333 0.352575 0.587848 0.000295 0.375000 0.357723 0.498373 0.075515 0.052574 0.272727 0.034773
0.428008
0.285056 0.333333 0.352575 0.587846 0.000294 0.375000 0.338693 0.472744 0.075941 0.056212 0.272727 0.036551
0.428008
0.285057 0.333333 0.352578 0.587845 0.000301 0.375000 0.357833 0.497858 0.073566 0.052321 0.272727 0.035372
0.428008
0.285055 0.333333 0.352573 0.587845 0.000293 0.375000 0.338743 0.472195 0.073173 0.055943 0.181818 0.036065
0.428008
0.285056 0.333333 0.352574 0.587845 0.000298 0.375000 0.358167 0.498747 0.074164 0.052451 0.272727 0.035447
0.428008
0.285059 0.333333 0.352581 0.587845 0.000297 0.375000 0.338908 0.472879 0.074926 0.056351 0.272727 0.037880
0.428008
0.285056 0.333333 0.352574 0.587848 0.000290 0.375000 0.358237 0.498943 0.073617 0.052553 0.272727 0.034811
0.428008
0.285056 0.333333 0.352575 0.587847 0.000297 0.375000 0.338875 0.472272 0.073558 0.056079 0.272727 0.036925
0.428008
0.285054 0.333333 0.352571 0.587845 0.000294 0.375000 0.358444 0.499323 0.074495 0.052380 0.272727 0.034062
0.428008
0.285058 0.333333 0.352580 0.587845 0.000298 0.375000 0.338561 0.472512 0.075649 0.056323 0.272727 0.038329
0.428008
0.285057 0.333333 0.352577 0.587845 0.000295 0.375000 0.358483 0.498968 0.072366 0.052636 0.272727 0.035110
0.428008
0.285055 0.333333 0.352574 0.587845 0.000292 0.375000 0.338839 0.472730 0.074904 0.055980 0.181818 0.036270
0.428008
0.285059 0.333333 0.352580 0.587846 0.000298 0.375000 0.358290 0.498904 0.074283 0.052392 0.272727 0.034455
0.428008
0.285061 0.333333 0.352581 0.587848 0.000302 0.375000 0.339042 0.473237 0.075984 0.055458 0.272727 0.036813
0.428008
0.285058 0.333333 0.352576 0.587846 0.000295 0.375000 0.358005 0.497823 0.072287 0.052593 0.272727 0.035784
0.428008
0.285052 0.333333 0.352569 0.587845 0.000288 0.375000 0.338969 0.472573 0.073382 0.055584 0.272727 0.036551
0.428008
0.285058 0.333333 0.352576 0.587845 0.000299 0.375000 0.358231 0.499540 0.076384 0.052584 0.272727 0.034811
0.428008
0.285061 0.333333 0.352581 0.587845 0.000301 0.375000 0.339035 0.472819 0.073804 0.056295 0.181818 0.037113
0.428008
0.285054 0.333333 0.352572 0.587845 0.000289 0.375000 0.358232 0.499056 0.074876 0.052352 0.272727 0.033875
0.428008
0.285058 0.333333 0.352577 0.587847 0.000297 0.375000 0.339343 0.473477 0.074717 0.055847 0.272727 0.036663
0.428008
0.285060 0.333333 0.352582 0.587847 0.000300 0.375000 0.357544 0.497420 0.074118 0.052370 0.272727 0.034025
0.428008
0.285058 0.333333 0.352579 0.587845 0.000297 0.375000 0.338262 0.471669 0.073808 0.056150 0.272727 0.036589
0.428008
0.285057 0.333333 0.352575 0.587845 0.000293 0.375000 0.357600 0.497769 0.074955 0.052370 0.272727 0.033650
0.428008
0.285056 0.333333 0.352575 0.587845 0.000289 0.375000 0.338881 0.472919 0.075493 0.055909 0.181818 0.037113
0.428008
0.285059 0.333333 0.352579 0.587845 0.000293 0.375000 0.358146 0.498775 0.074563 0.052287 0.272727 0.035728
0.428008
0.285060 0.333333 0.352580 0.587846 0.000300 0.375000 0.339257 0.473349 0.075009 0.055844 0.272727 0.038217
0.428008
0.285056 0.333333 0.352575 0.587848 0.000297 0.375000 0.357728 0.498436 0.076504 0.052618 0.272727 0.035821
0.428008
0.285057 0.333333 0.352575 0.587847 0.000296 0.375000 0.339138 0.473088 0.074390 0.055649 0.272727 0.038554
0.428008
0.285055 0.333333 0.352572 0.587845 0.000293 0.375000 0.358409 0.499204 0.074126 0.052605 0.272727 0.035578
0.428008
0.285056 0.333333 0.352575 0.587845 0.000297 0.375000 0.339253 0.473551 0.075222 0.056233 0.181818 0.038928
0.428008
0.285054 0.333333 0.352571 0.587845 0.000290 0.375000 0.358328 0.498997 0.074115 0.052191 0.272727 0.035428
0.428008
0.285059 0.333333 0.352579 0.587845 0.000294 0.375000 0.338882 0.472669 0.074255 0.056150 0.272727 0.037000
0.428008
0.285057 0.333333 0.352576 0.587848 0.000300 0.375000 0.358504 0.499235 0.073868 0.052309 0.272727 0.036682
0.428008
0.285058 0.333333 0.352579 0.587848 0.000298 0.375000 0.338920 0.472976 0.075324 0.056067 0.181818 0.038292
0.428008
0.285056 0.333333 0.352575 0.587845 0.000297 0.375000 0.358129 0.499293 0.076399 0.052321 0.181818 0.037655
0.428008
0.285061 0.333333 0.352582 0.587845 0.000298 0.375000 0.339114 0.473192 0.074962 0.055835 0.272727 0.037599
0.428008
0.285055 0.333333 0.352573 0.587845 0.000291 0.375000 0.357658 0.497959 0.074500 0.052747 0.272727 0.035765
0.428008
0.285057 0.333333 0.352578 0.587845 0.000293 0.375000 0.338413 0.471832 0.074228 0.056215 0.181818 0.038423
0.428008
0.233698 0.333333 0.235089 0.391925 0.000240 0.250000 0.304183 0.458062 0.074888 0.052395 0.272727 0.031610
0.428008
0.327041 1.000000 0.961068 0.999253 0.994805 0.125000 0.680178 0.536339 0.019865 0.115814 1.000000 0.059552
0.653629
0.333402 1.000000 0.982052 0.999259 0.994907 0.125000 0.901682 0.728471 0.100788 0.404293 0.000000 0.268697
0.653629
0.327068 1.000000 0.961162 0.999253 0.994814 0.125000 0.680346 0.536455 0.019762 0.116015 0.090909 0.062566
0.653629
0.333300 1.000000 0.981715 0.999259 0.994942 0.125000 0.901614 0.728072 0.100498 0.403557 0.000000 0.267836
0.653629
0.327020 1.000000 0.960999 0.999253 0.994812 0.125000 0.679994 0.536295 0.019940 0.116110 0.090909 0.058224
0.653629
0.333283 1.000000 0.981658 0.999259 0.994940 0.125000 0.901802 0.728167 0.100527 0.403375 0.090909 0.270025
0.653629
0.327050 1.000000 0.961102 0.999253 0.994810 0.125000 0.679896 0.536101 0.020041 0.116197 0.181818 0.059496
0.653629
0.333414 1.000000 0.982090 0.999259 0.994924 0.125000 0.901424 0.728403 0.100745 0.405010 0.000000 0.255165
0.653629
0.327054 1.000000 0.961114 0.999253 0.994797 0.125000 0.679862 0.536016 0.020169 0.115752 0.090909 0.058130
0.653629
0.333305 1.000000 0.981727 0.999259 0.994940 0.125000 0.901898 0.728200 0.100354 0.401826 0.000000 0.265665
0.653629
0.327101 1.000000 0.961268 0.999253 0.994825 0.125000 0.679696 0.535807 0.020175 0.115529 0.000000 0.063876
0.653629
0.333415 1.000000 0.982095 0.999259 0.994982 0.125000 0.902544 0.728894 0.098798 0.403106 0.181818 0.273282
0.653629
0.327003 1.000000 0.960946 0.999253 0.994803 0.125000 0.680321 0.536434 0.019696 0.115223 0.090909 0.059534
0.653629
0.333390 1.000000 0.982011 0.999259 0.994923 0.125000 0.901793 0.728627 0.101081 0.402899 0.090909 0.259339
0.653629
0.327117 1.000000 0.961320 0.999253 0.994803 0.125000 0.680296 0.536560 0.020140 0.116435 0.000000 0.060282
0.653629
0.333300 1.000000 0.981717 0.999259 0.994929 0.125000 0.901953 0.728475 0.099963 0.404293 0.090909 0.255596
0.653629
0.327096 1.000000 0.961252 0.999253 0.994812 0.125000 0.680375 0.536600 0.019815 0.116481 0.000000 0.058411
0.653629
0.333608 1.000000 0.982731 0.999259 0.994959 0.125000 0.901739 0.728368 0.099908 0.405108 0.090909 0.262876
0.653629
0.327034 1.000000 0.961048 0.999253 0.994814 0.125000 0.680092 0.536346 0.019817 0.115576 0.181818 0.054986
0.653629
0.333292 1.000000 0.981690 0.999259 0.994926 0.125000 0.901466 0.728099 0.100927 0.404184 0.000000 0.267854
0.653629
0.327050 1.000000 0.961099 0.999253 0.994818 0.125000 0.680074 0.536310 0.020007 0.116308 0.090909 0.057606
0.653629
0.333550 1.000000 0.982538 0.999259 0.994924 0.125000 0.901480 0.728620 0.101981 0.405662 0.090909 0.253837
0.653629
0.327070 1.000000 0.961169 0.999253 0.994806 0.125000 0.680029 0.536286 0.019856 0.115928 0.000000 0.055884
0.653629
0.333597 1.000000 0.982696 0.999259 0.994963 0.125000 0.901548 0.728339 0.100310 0.405353 0.000000 0.267050
0.653629
0.327032 1.000000 0.961042 0.999253 0.994807 0.125000 0.680143 0.536373 0.019913 0.115999 0.000000 0.055547
0.653629
0.333264 1.000000 0.981596 0.999259 0.994909 0.125000 0.901983 0.728606 0.100345 0.400034 0.090909 0.261510
0.653629
0.327035 1.000000 0.961050 0.999253 0.994788 0.125000 0.680323 0.536434 0.019886 0.115393 0.181818 0.060039
0.653629
0.333408 1.000000 0.982072 0.999259 0.994961 0.125000 0.901686 0.728314 0.101581 0.403310 0.181818 0.266226
0.653629
0.327020 1.000000 0.961001 0.999253 0.994789 0.125000 0.680280 0.536422 0.019752 0.115724 0.181818 0.058411
0.653629
0.333426 1.000000 0.982129 0.999259 0.994945 0.125000 0.901576 0.728476 0.101086 0.404005 0.090909 0.257430
0.653629
0.327041 1.000000 0.961072 0.999253 0.994807 0.125000 0.680096 0.536306 0.019875 0.115733 0.000000 0.057568
0.653629
0.333324 1.000000 0.981795 0.999259 0.994934 0.125000 0.901807 0.728399 0.100442 0.405946 0.090909 0.259938
0.653629
0.327067 1.000000 0.961154 0.999253 0.994810 0.125000 0.680085 0.536322 0.020139 0.115400 0.090909 0.057662
0.653629
0.333510 1.000000 0.982408 0.999259 0.994951 0.125000 0.901569 0.728462 0.100117 0.405974 0.000000 0.251460
0.653629
0.327071 1.000000 0.961171 0.999253 0.994801 0.125000 0.680233 0.536433 0.019815 0.115947 0.090909 0.056820
0.653629
0.333184 1.000000 0.981332 0.999259 0.994901 0.125000 0.901797 0.728177 0.099600 0.402083 0.181818 0.257505
0.653629
0.327057 1.000000 0.961125 0.999253 0.994819 0.125000 0.679963 0.536241 0.020002 0.115619 0.000000 0.058149
0.653629
0.333526 1.000000 0.982458 0.999259 0.994921 0.125000 0.901760 0.728606 0.101188 0.405359 0.090909 0.258141
0.653629
0.327088 1.000000 0.961228 0.999253 0.994816 0.125000 0.679809 0.535911 0.020292 0.114859 0.090909 0.062491
0.653629
0.333336 1.000000 0.981835 0.999259 0.994914 0.125000 0.901869 0.728628 0.100537 0.402849 0.090909 0.263812
0.653629
0.327064 1.000000 0.961146 0.999253 0.994797 0.125000 0.680005 0.536298 0.020073 0.115910 0.181818 0.056951
0.653629
0.333391 1.000000 0.982013 0.999259 0.994930 0.125000 0.901253 0.728250 0.101073 0.404290 0.181818 0.258759
0.653629
0.327024 1.000000 0.961015 0.999253 0.994803 0.125000 0.679892 0.536209 0.019959 0.115616 0.000000 0.059440
0.653629
0.333366 1.000000 0.981931 0.999259 0.994914 0.125000 0.901149 0.728192 0.100764 0.403520 0.000000 0.266151
0.653629
0.327048 1.000000 0.961091 0.999253 0.994814 0.125000 0.679990 0.536237 0.019869 0.115452 0.000000 0.059234
0.653629
0.333301 1.000000 0.981718 0.999259 0.994930 0.125000 0.901832 0.728550 0.100579 0.401187 0.181818 0.254866
0.653629
0.327062 1.000000 0.961142 0.999253 0.994808 0.125000 0.680024 0.536326 0.020087 0.115971 0.090909 0.057512
0.653629
0.333453 1.000000 0.982218 0.999259 0.994977 0.125000 0.901528 0.728494 0.100952 0.406236 0.181818 0.260125
0.653629
0.327020 1.000000 0.961003 0.999253 0.994804 0.125000 0.680169 0.536371 0.019894 0.115310 0.000000 0.055903
0.653629
0.333490 1.000000 0.982341 0.999259 0.994937 0.125000 0.901912 0.728733 0.101029 0.403684 0.090909 0.266208
0.653629
0.327036 1.000000 0.961056 0.999253 0.994793 0.125000 0.680317 0.536465 0.019589 0.115860 0.090909 0.058991
0.653629
0.333344 1.000000 0.981862 0.999259 0.994936 0.125000 0.901800 0.728289 0.100462 0.404107 0.090909 0.265103
0.653629
0.327054 1.000000 0.961113 0.999253 0.994800 0.125000 0.679996 0.536237 0.019789 0.115393 0.000000 0.057737
0.653629
0.333257 1.000000 0.981573 0.999259 0.994923 0.125000 0.901891 0.728570 0.100181 0.400918 0.181818 0.256812
0.653629
0.327029 1.000000 0.961031 0.999253 0.994797 0.125000 0.680120 0.536336 0.019829 0.115693 0.000000 0.054930
0.653629
0.333342 1.000000 0.981855 0.999259 0.994952 0.125000 0.901839 0.728498 0.100053 0.402642 0.000000 0.260630
0.653629
0.327026 1.000000 0.961020 0.999253 0.994800 0.125000 0.680274 0.536408 0.019624 0.115740 0.000000 0.057175
0.653629
0.333346 1.000000 0.981866 0.999259 0.994894 0.125000 0.901438 0.728365 0.101412 0.403860 0.000000 0.261229
0.653629
0.327046 1.000000 0.961087 0.999253 0.994817 0.125000 0.680074 0.536290 0.020002 0.115638 0.000000 0.059197
0.653629
0.333420 1.000000 0.982111 0.999259 0.994971 0.125000 0.901920 0.728364 0.100563 0.403226 0.181818 0.270269
0.653629
0.327003 1.000000 0.960947 0.999253 0.994796 0.125000 0.680190 0.536411 0.019765 0.115882 0.000000 0.055248
0.653629
0.333295 1.000000 0.981698 0.999259 0.994897 0.125000 0.901851 0.728541 0.100320 0.402077 0.090909 0.258759
0.653629
0.327011 1.000000 0.960971 0.999253 0.994792 0.125000 0.680173 0.536407 0.019868 0.115928 0.000000 0.056146
0.653629
0.333274 1.000000 0.981629 0.999259 0.994916 0.125000 0.901630 0.728451 0.100657 0.402988 0.090909 0.260724
0.653629
0.327064 1.000000 0.961143 0.999253 0.994816 0.125000 0.679657 0.535836 0.020009 0.115384 0.090909 0.062846
0.653629
0.333394 1.000000 0.982021 0.999259 0.994936 0.125000 0.901685 0.728649 0.101019 0.404660 0.000000 0.255746
0.653629
0.327039 1.000000 0.961066 0.999253 0.994810 0.125000 0.680093 0.536339 0.019918 0.115814 0.090909 0.055809
0.653629
0.333535 1.000000 0.982493 0.999259 0.994956 0.125000 0.901459 0.728480 0.100896 0.407429 0.272727 0.257898
0.653629
0.327033 1.000000 0.961046 0.999253 0.994784 0.125000 0.680104 0.536314 0.020003 0.115446 0.090909 0.057157
0.653629
0.333443 1.000000 0.982186 0.999259 0.994952 0.125000 0.901715 0.728501 0.100962 0.403131 0.000000 0.256438
0.653629
0.327059 1.000000 0.961131 0.999253 0.994811 0.125000 0.680093 0.536328 0.019993 0.115532 0.090909 0.055922
0.653629
0.333397 1.000000 0.982035 0.999259 0.994940 0.125000 0.901372 0.728298 0.101075 0.403297 0.000000 0.267536
0.653629
0.327069 1.000000 0.961163 0.999253 0.994814 0.125000 0.680221 0.536419 0.019785 0.116568 0.272727 0.056782
0.653629
0.333393 1.000000 0.982024 0.999259 0.994917 0.125000 0.902064 0.728719 0.100510 0.401119 0.181818 0.264111
0.653629
0.327017 1.000000 0.960991 0.999253 0.994809 0.125000 0.680087 0.536252 0.019842 0.115397 0.090909 0.058467
0.653629
0.333277 1.000000 0.981638 0.999259 0.994947 0.125000 0.901720 0.728316 0.100400 0.402210 0.000000 0.270325
0.653629
0.327042 1.000000 0.961072 0.999253 0.994798 0.125000 0.680081 0.536245 0.019898 0.115736 0.000000 0.059683
0.653629
0.333527 1.000000 0.982465 0.999259 0.994955 0.125000 0.901850 0.728591 0.099806 0.404568 0.000000 0.247324
0.653629
0.327055 1.000000 0.961120 0.999253 0.994817 0.125000 0.680146 0.536372 0.019852 0.116528 0.000000 0.055566
0.653629
0.333411 1.000000 0.982082 0.999259 0.994943 0.125000 0.901776 0.728296 0.101046 0.403579 0.090909 0.260106
0.653629
0.327023 1.000000 0.961011 0.999253 0.994819 0.125000 0.680064 0.536324 0.019744 0.115835 0.272727 0.056595
0.653629
0.333318 1.000000 0.981773 0.999259 0.994944 0.125000 0.901619 0.728239 0.101193 0.403406 0.181818 0.269015
0.653629
0.327008 1.000000 0.960962 0.999253 0.994796 0.125000 0.680260 0.536418 0.019667 0.115498 0.090909 0.057737
0.653629
0.333281 1.000000 0.981655 0.999259 0.994901 0.125000 0.901818 0.728556 0.100165 0.401422 0.090909 0.258441
0.653629
0.326997 1.000000 0.960929 0.999253 0.994803 0.125000 0.680009 0.536259 0.019603 0.115585 0.090909 0.057924
0.653629
0.333476 1.000000 0.982295 0.999259 0.994956 0.125000 0.901218 0.728448 0.101924 0.404976 0.090909 0.256550
0.653629
0.327032 1.000000 0.961038 0.999253 0.994817 0.125000 0.680367 0.536487 0.019618 0.115616 0.090909 0.059927
0.653629
0.333565 1.000000 0.982586 0.999259 0.994967 0.125000 0.901581 0.728588 0.101073 0.406632 0.090909 0.255652
0.653629
0.327040 1.000000 0.961069 0.999253 0.994807 0.125000 0.679943 0.536168 0.019882 0.115458 0.181818 0.058411
0.653629
0.333500 1.000000 0.982378 0.999259 0.994938 0.125000 0.901547 0.728526 0.101512 0.405127 0.090909 0.258946
0.653629
0.327042 1.000000 0.961076 0.999253 0.994804 0.125000 0.679953 0.536111 0.019855 0.115446 0.000000 0.059028
0.653629
0.333446 1.000000 0.982195 0.999259 0.994949 0.125000 0.901267 0.728389 0.101506 0.405587 0.000000 0.265028
0.653629
0.327038 1.000000 0.961061 0.999253 0.994826 0.125000 0.679769 0.535904 0.019976 0.115687 0.000000 0.061892
0.653629
0.333435 1.000000 0.982162 0.999259 0.994937 0.125000 0.902132 0.728544 0.100396 0.403857 0.090909 0.263943
0.653629
0.327093 1.000000 0.961242 0.999253 0.994808 0.125000 0.679899 0.536103 0.020006 0.116024 0.000000 0.060207
0.653629
0.333304 1.000000 0.981727 0.999259 0.994908 0.125000 0.901623 0.728308 0.100675 0.402992 0.181818 0.267461
0.653629
0.327028 1.000000 0.961029 0.999253 0.994814 0.125000 0.680152 0.536379 0.019773 0.116018 0.090909 0.055023
0.653629
0.333494 1.000000 0.982355 0.999259 0.994937 0.125000 0.901550 0.728573 0.101531 0.404670 0.000000 0.257262
0.653629
0.327023 1.000000 0.961013 0.999253 0.994814 0.125000 0.679931 0.536076 0.020023 0.114883 0.090909 0.057943
0.653629
0.333418 1.000000 0.982106 0.999259 0.994948 0.125000 0.901986 0.728399 0.100143 0.402744 0.090909 0.268547
0.653629
0.327036 1.000000 0.961056 0.999253 0.994806 0.125000 0.680069 0.536285 0.019878 0.115659 0.000000 0.058224
0.653629
0.333556 1.000000 0.982557 0.999259 0.994963 0.125000 0.901561 0.728621 0.101050 0.407992 0.090909 0.251029
0.653629
0.327037 1.000000 0.961058 0.999253 0.994808 0.125000 0.679937 0.536264 0.019819 0.115458 0.090909 0.057681
0.653629
0.333404 1.000000 0.982059 0.999259 0.994954 0.125000 0.902109 0.728485 0.100329 0.402429 0.090909 0.264411
0.653629
0.327000 1.000000 0.960937 0.999253 0.994817 0.125000 0.680144 0.536311 0.019901 0.114822 0.000000 0.056932
0.653629
0.333318 1.000000 0.981774 0.999259 0.994940 0.125000 0.901618 0.728435 0.100789 0.402856 0.181818 0.267761
0.653629
0.327055 1.000000 0.961117 0.999253 0.994797 0.125000 0.680234 0.536436 0.019863 0.116052 0.000000 0.057943
0.653629
0.333409 1.000000 0.982075 0.999259 0.994926 0.125000 0.901661 0.728620 0.101604 0.403245 0.000000 0.260574
0.653629
0.327053 1.000000 0.961111 0.999253 0.994796 0.125000 0.680143 0.536433 0.020065 0.116614 0.090909 0.056165
0.653629
0.333472 1.000000 0.982284 0.999259 0.994934 0.125000 0.901973 0.728754 0.100655 0.405034 0.090909 0.266994
0.653629
0.327013 1.000000 0.960977 0.999253 0.994817 0.125000 0.679953 0.536102 0.019981 0.114890 0.090909 0.057456
0.653629
0.333428 1.000000 0.982135 0.999259 0.994948 0.125000 0.901994 0.728356 0.100230 0.403177 0.181818 0.257486
0.653629
0.327060 1.000000 0.961133 0.999253 0.994813 0.125000 0.680161 0.536405 0.020006 0.116163 0.000000 0.056277
0.653629
0.333539 1.000000 0.982502 0.999259 0.994933 0.125000 0.901804 0.728661 0.100297 0.406017 0.090909 0.249906
0.653629
0.327038 1.000000 0.961063 0.999253 0.994811 0.125000 0.680093 0.536335 0.020065 0.116494 0.000000 0.057774
0.653629
0.333454 1.000000 0.982223 0.999259 0.994947 0.125000 0.901552 0.728436 0.100248 0.404113 0.000000 0.257299
0.653629
0.327031 1.000000 0.961036 0.999253 0.994796 0.125000 0.680191 0.536394 0.019932 0.116024 0.181818 0.054705
0.653629
0.333398 1.000000 0.982040 0.999259 0.994950 0.125000 0.901595 0.728165 0.101312 0.404367 0.090909 0.267068
0.653629
0.327039 1.000000 0.961065 0.999253 0.994803 0.125000 0.680042 0.536303 0.019939 0.115675 0.090909 0.056633
0.653629
0.333483 1.000000 0.982317 0.999259 0.994936 0.125000 0.901701 0.728645 0.101525 0.404812 0.090909 0.264879
0.653629
0.327045 1.000000 0.961085 0.999253 0.994802 0.125000 0.680197 0.536417 0.019884 0.115913 0.181818 0.055323
0.653629
0.333311 1.000000 0.981749 0.999259 0.994901 0.125000 0.901582 0.728410 0.100226 0.403211 0.090909 0.261828
0.653629
0.327057 1.000000 0.961126 0.999253 0.994793 0.125000 0.680182 0.536423 0.019984 0.116358 0.000000 0.056464
0.653629
0.333174 1.000000 0.981299 0.999259 0.994901 0.125000 0.901562 0.728278 0.099998 0.401125 0.181818 0.264879
0.653629
0.327027 1.000000 0.961025 0.999253 0.994802 0.125000 0.680071 0.536378 0.019765 0.115653 0.090909 0.054387
0.653629
0.333331 1.000000 0.981819 0.999259 0.994952 0.125000 0.901808 0.728563 0.100799 0.401873 0.090909 0.268940
0.653629
0.327050 1.000000 0.961099 0.999253 0.994818 0.125000 0.680202 0.536403 0.019854 0.116160 0.000000 0.056464
0.653629
0.333217 1.000000 0.981444 0.999259 0.994929 0.125000 0.901494 0.728281 0.100654 0.402581 0.181818 0.262259
0.653629
0.327026 1.000000 0.961019 0.999253 0.994789 0.125000 0.680067 0.536298 0.019949 0.115628 0.090909 0.055809
0.653629
0.333364 1.000000 0.981926 0.999259 0.994958 0.125000 0.901682 0.728463 0.101096 0.404790 0.181818 0.269988
0.653629
0.327059 1.000000 0.961129 0.999252 0.994788 0.125000 0.680243 0.536459 0.020009 0.116049 0.181818 0.059178
0.653629
0.333293 1.000000 0.981688 0.999258 0.994937 0.125000 0.901763 0.728423 0.100615 0.403155 0.090909 0.268135
0.653629
0.326998 1.000000 0.960929 0.999252 0.994798 0.125000 0.680136 0.536352 0.019813 0.115397 0.000000 0.056258
0.653629
0.333442 1.000000 0.982182 0.999258 0.994949 0.125000 0.901935 0.728741 0.100686 0.403242 0.000000 0.263531
0.653629
0.327062 1.000000 0.961141 0.999252 0.994795 0.125000 0.679950 0.536221 0.019999 0.115808 0.000000 0.057849
0.653629
0.333286 1.000000 0.981668 0.999258 0.994949 0.125000 0.901529 0.728475 0.100906 0.403548 0.000000 0.265403
0.653629
0.327057 1.000000 0.961121 0.999252 0.994817 0.125000 0.680116 0.536371 0.019911 0.116225 0.090909 0.055903
0.653629
0.333345 1.000000 0.981863 0.999258 0.994941 0.125000 0.901749 0.728471 0.100884 0.403279 0.181818 0.266395
0.653629
0.327045 1.000000 0.961083 0.999252 0.994794 0.125000 0.680300 0.536473 0.019902 0.115498 0.000000 0.060020
0.653629
0.333444 1.000000 0.982189 0.999258 0.994956 0.125000 0.901187 0.728294 0.101052 0.406029 0.000000 0.260106
0.653629
0.327047 1.000000 0.961089 0.999252 0.994810 0.125000 0.680116 0.536363 0.019813 0.116138 0.090909 0.054948
0.653629
0.333454 1.000000 0.982222 0.999258 0.994988 0.125000 0.901728 0.728540 0.099893 0.403523 0.000000 0.252059
0.653629
0.327029 1.000000 0.961031 0.999252 0.994796 0.125000 0.680240 0.536436 0.019673 0.116073 0.090909 0.055641
0.653629
0.333429 1.000000 0.982139 0.999258 0.994931 0.125000 0.901727 0.728678 0.101090 0.403829 0.000000 0.264654
0.653629
0.327068 1.000000 0.961160 0.999252 0.994805 0.125000 0.679960 0.536359 0.019978 0.116407 0.000000 0.055716
0.653629
0.333429 1.000000 0.982138 0.999258 0.994936 0.125000 0.901183 0.728322 0.101083 0.405754 0.090909 0.255034
0.653629
0.327045 1.000000 0.961082 0.999252 0.994811 0.125000 0.680232 0.536404 0.020041 0.116036 0.000000 0.057980
0.653629
0.333336 1.000000 0.981834 0.999258 0.994942 0.125000 0.901953 0.728657 0.099897 0.402030 0.181818 0.260499
0.653629
0.327072 1.000000 0.961176 0.999252 0.994819 0.125000 0.680017 0.536315 0.019951 0.116518 0.181818 0.056857
0.653629
0.333399 1.000000 0.982040 0.999258 0.994931 0.125000 0.901597 0.728418 0.100779 0.403310 0.000000 0.261248
0.653629
0.327026 1.000000 0.961020 0.999252 0.994798 0.125000 0.680298 0.536446 0.019626 0.115736 0.090909 0.057587
0.653629
0.333367 1.000000 0.981939 0.999258 0.994943 0.125000 0.902083 0.728637 0.099998 0.402469 0.090909 0.265459
0.653629
0.327044 1.000000 0.961080 0.999252 0.994788 0.125000 0.680253 0.536385 0.019792 0.116008 0.090909 0.059309
0.653629
0.333352 1.000000 0.981887 0.999258 0.994926 0.125000 0.901763 0.728581 0.100833 0.403341 0.000000 0.262371
0.653629
0.327042 1.000000 0.961073 0.999252 0.994806 0.125000 0.679824 0.536233 0.020002 0.115706 0.090909 0.058392
0.653629
0.333446 1.000000 0.982196 0.999258 0.994927 0.125000 0.901945 0.728456 0.100772 0.404311 0.090909 0.263494
0.653629
0.327076 1.000000 0.961190 0.999252 0.994813 0.125000 0.679657 0.535831 0.020256 0.115189 0.000000 0.062210
0.653629
0.333412 1.000000 0.982087 0.999258 0.994949 0.125000 0.901956 0.728362 0.100561 0.402840 0.000000 0.266208
0.653629
0.327004 1.000000 0.960947 0.999252 0.994812 0.125000 0.680217 0.536354 0.019592 0.115078 0.090909 0.055791
0.653629
0.333530 1.000000 0.982473 0.999258 0.994948 0.125000 0.901298 0.728514 0.101155 0.408601 0.000000 0.258534
0.653629
0.327056 1.000000 0.961119 0.999252 0.994811 0.125000 0.680272 0.536466 0.019913 0.116342 0.181818 0.061967
0.653629
0.333394 1.000000 0.982024 0.999258 0.994952 0.125000 0.901698 0.728504 0.100762 0.402469 0.272727 0.255502
0.653629
0.327036 1.000000 0.961053 0.999252 0.994780 0.125000 0.680142 0.536391 0.019584 0.116401 0.090909 0.054930
0.653629
0.333205 1.000000 0.981402 0.999258 0.994932 0.125000 0.901834 0.728472 0.099684 0.401901 0.181818 0.257954
0.653629
0.327059 1.000000 0.961129 0.999252 0.994807 0.125000 0.679970 0.536251 0.020070 0.115610 0.181818 0.057849
0.653629
0.333313 1.000000 0.981756 0.999258 0.994905 0.125000 0.901684 0.728476 0.101323 0.401449 0.272727 0.256419
0.653629
0.327037 1.000000 0.961059 0.999252 0.994815 0.125000 0.680222 0.536393 0.019589 0.115974 0.000000 0.053638
0.653629
0.333374 1.000000 0.981961 0.999258 0.994958 0.125000 0.901575 0.728478 0.101171 0.402037 0.000000 0.256307
0.653629
0.327070 1.000000 0.961166 0.999252 0.994796 0.125000 0.680021 0.536358 0.020043 0.116113 0.000000 0.056258
0.653629
0.333290 1.000000 0.981680 0.999258 0.994926 0.125000 0.901734 0.728516 0.100843 0.401236 0.000000 0.256794
0.653629
0.327013 1.000000 0.960979 0.999252 0.994806 0.125000 0.679992 0.536245 0.019826 0.115532 0.000000 0.056408
0.653629
0.333400 1.000000 0.982042 0.999258 0.994950 0.125000 0.901775 0.728575 0.100556 0.403375 0.181818 0.258253
0.653629
0.327055 1.000000 0.961114 0.999252 0.994810 0.125000 0.680037 0.536337 0.019988 0.115520 0.090909 0.057812
0.653629
0.333478 1.000000 0.982301 0.999258 0.994953 0.125000 0.901594 0.728556 0.100808 0.406042 0.090909 0.256831
0.653629
0.327044 1.000000 0.961081 0.999252 0.994806 0.125000 0.679857 0.535967 0.020089 0.115211 0.000000 0.060582
0.653629
0.333446 1.000000 0.982196 0.999258 0.994928 0.125000 0.901850 0.728349 0.100964 0.404663 0.090909 0.266170
0.653629
0.327017 1.000000 0.960991 0.999252 0.994809 0.125000 0.679999 0.536244 0.019915 0.115508 0.090909 0.057381
0.653629
0.333451 1.000000 0.982215 0.999258 0.994924 0.125000 0.902063 0.728544 0.100283 0.405115 0.090909 0.255989
0.653629
0.327028 1.000000 0.961027 0.999252 0.994797 0.125000 0.680156 0.536366 0.019751 0.115993 0.000000 0.053807
0.653629
0.333501 1.000000 0.982378 0.999258 0.994951 0.125000 0.901789 0.728612 0.099986 0.405031 0.000000 0.251591
0.653629
0.327047 1.000000 0.961090 0.999252 0.994795 0.125000 0.680018 0.536262 0.019892 0.115607 0.000000 0.057007
0.653629
0.333484 1.000000 0.982321 0.999258 0.994956 0.125000 0.901699 0.728494 0.099753 0.405606 0.090909 0.252732
0.653629
0.327043 1.000000 0.961076 0.999252 0.994802 0.125000 0.680033 0.536288 0.020016 0.115681 0.000000 0.055117
0.653629
0.333365 1.000000 0.981930 0.999258 0.994938 0.125000 0.901758 0.728446 0.100939 0.403650 0.090909 0.264317
0.653629
0.327026 1.000000 0.961021 0.999252 0.994793 0.125000 0.680205 0.536435 0.019642 0.116355 0.181818 0.055454
0.653629
0.333368 1.000000 0.981939 0.999258 0.994961 0.125000 0.901772 0.728567 0.100465 0.403063 0.000000 0.260350
0.653629
0.327080 1.000000 0.961197 0.999252 0.994807 0.125000 0.679895 0.536207 0.020097 0.115789 0.090909 0.058804
0.653629
0.333462 1.000000 0.982251 0.999258 0.994951 0.125000 0.901776 0.728623 0.101071 0.404129 0.090909 0.261529
0.653629
0.327045 1.000000 0.961085 0.999252 0.994786 0.125000 0.680326 0.536495 0.019575 0.115570 0.090909 0.058635
0.653629
0.333421 1.000000 0.982115 0.999258 0.994951 0.125000 0.901819 0.728680 0.101075 0.402562 0.090909 0.265478
0.653629
0.327047 1.000000 0.961090 0.999252 0.994786 0.125000 0.680378 0.536572 0.019765 0.115486 0.090909 0.059534
0.653629
0.333389 1.000000 0.982005 0.999258 0.994926 0.125000 0.901777 0.728514 0.101064 0.403267 0.090909 0.263119
0.653629
0.327057 1.000000 0.961124 0.999252 0.994789 0.125000 0.679914 0.536125 0.020126 0.115060 0.000000 0.056651
0.653629
0.333361 1.000000 0.981918 0.999258 0.994974 0.125000 0.901967 0.728627 0.100161 0.402562 0.090909 0.259919
0.653629
0.327064 1.000000 0.961147 0.999252 0.994794 0.125000 0.680419 0.536612 0.019645 0.115523 0.181818 0.058766
0.653629
0.333189 1.000000 0.981350 0.999258 0.994933 0.125000 0.901704 0.728385 0.099475 0.404120 0.000000 0.254641
0.653629
0.327042 1.000000 0.961073 0.999252 0.994817 0.125000 0.680275 0.536475 0.019955 0.115520 0.090909 0.058542
0.653629
0.333404 1.000000 0.982058 0.999258 0.994933 0.125000 0.901652 0.728515 0.101389 0.402964 0.000000 0.258778
0.653629
0.327053 1.000000 0.961108 0.999252 0.994808 0.125000 0.679820 0.535985 0.020335 0.115007 0.181818 0.058691
0.653629
0.333346 1.000000 0.981865 0.999258 0.994954 0.125000 0.901991 0.728416 0.100488 0.401029 0.181818 0.267274
0.653629
0.327050 1.000000 0.961099 0.999252 0.994816 0.125000 0.679968 0.536282 0.019873 0.116759 0.090909 0.059590
0.653629
0.333452 1.000000 0.982214 0.999258 0.994941 0.125000 0.901901 0.728623 0.100126 0.402951 0.090909 0.252358
0.653629
0.327062 1.000000 0.961138 0.999252 0.994829 0.125000 0.680222 0.536427 0.019930 0.115888 0.090909 0.056689
0.653629
0.333144 1.000000 0.981200 0.999258 0.994918 0.125000 0.901499 0.728313 0.099897 0.402343 0.090909 0.266881
0.653629
0.327082 1.000000 0.961207 0.999252 0.994773 0.125000 0.679935 0.536293 0.020329 0.116401 0.000000 0.057962
0.653629
0.333388 1.000000 0.982004 0.999258 0.994934 0.125000 0.901165 0.728298 0.101219 0.404682 0.000000 0.257411
0.653629
0.327036 1.000000 0.961053 0.999252 0.994805 0.125000 0.680097 0.536352 0.019822 0.115325 0.272727 0.056015
0.653629
0.333407 1.000000 0.982068 0.999258 0.994924 0.125000 0.901599 0.728510 0.101466 0.405028 0.181818 0.262165
0.653629
0.327049 1.000000 0.961099 0.999252 0.994803 0.125000 0.679993 0.536269 0.020178 0.115610 0.181818 0.056820
0.653629
0.333268 1.000000 0.981609 0.999258 0.994937 0.125000 0.901593 0.728377 0.100266 0.404141 0.090909 0.271429
0.653629
0.327019 1.000000 0.960998 0.999252 0.994802 0.125000 0.680020 0.536236 0.019911 0.115458 0.000000 0.056932
0.653629
0.333378 1.000000 0.981970 0.999258 0.994933 0.125000 0.901431 0.728462 0.101138 0.404497 0.090909 0.255165
0.653629
0.327097 1.000000 0.961255 0.999252 0.994804 0.125000 0.679752 0.535954 0.020494 0.116036 0.000000 0.062229
0.653629
0.333489 1.000000 0.982338 0.999258 0.994945 0.125000 0.901571 0.728510 0.101255 0.404716 0.181818 0.255877
0.653629
0.327005 1.000000 0.960955 0.999252 0.994810 0.125000 0.680215 0.536404 0.019755 0.114890 0.000000 0.055061
0.653629
0.333164 1.000000 0.981263 0.999258 0.994927 0.125000 0.901259 0.728217 0.099825 0.404358 0.000000 0.266039
0.653629
0.327020 1.000000 0.961004 0.999252 0.994806 0.125000 0.680105 0.536369 0.020087 0.115474 0.090909 0.055304
0.653629
0.333573 1.000000 0.982617 0.999258 0.994939 0.125000 0.901560 0.728608 0.101014 0.407398 0.090909 0.252976
0.653629
0.327025 1.000000 0.961016 0.999252 0.994824 0.125000 0.680083 0.536340 0.020148 0.115242 0.090909 0.057456
0.653629
0.333185 1.000000 0.981338 0.999258 0.994937 0.125000 0.901599 0.728442 0.100082 0.402571 0.000000 0.256943
0.653629
0.327071 1.000000 0.961169 0.999252 0.994809 0.125000 0.679745 0.535875 0.020325 0.114979 0.090909 0.063483
0.653629
0.333508 1.000000 0.982399 0.999258 0.994964 0.125000 0.901566 0.728546 0.101008 0.405492 0.000000 0.253649
0.653629
0.327100 1.000000 0.961266 0.999252 0.994778 0.125000 0.680017 0.536331 0.020157 0.116824 0.000000 0.058130
0.653629
0.333517 1.000000 0.982432 0.999258 0.994965 0.125000 0.901717 0.728541 0.100361 0.405510 0.090909 0.256719
0.653629
0.327048 1.000000 0.961094 0.999252 0.994798 0.125000 0.680126 0.536350 0.019861 0.116253 0.181818 0.055660
0.653629
0.333420 1.000000 0.982110 0.999258 0.994932 0.125000 0.901848 0.728447 0.100829 0.403934 0.090909 0.263045
0.653629
0.327036 1.000000 0.961053 0.999252 0.994790 0.125000 0.680143 0.536371 0.019684 0.116531 0.090909 0.056726
0.653629
0.333302 1.000000 0.981723 0.999258 0.994914 0.125000 0.901974 0.728575 0.100068 0.400578 0.181818 0.260162
0.653629
0.327021 1.000000 0.961006 0.999252 0.994785 0.125000 0.680213 0.536404 0.019888 0.116293 0.000000 0.058280
0.653629
0.333499 1.000000 0.982371 0.999258 0.994971 0.125000 0.901718 0.728570 0.100265 0.404735 0.272727 0.251610
0.653629
0.327029 1.000000 0.961032 0.999252 0.994781 0.125000 0.680200 0.536385 0.019684 0.116049 0.181818 0.056053
0.653629
0.333275 1.000000 0.981630 0.999258 0.994922 0.125000 0.901673 0.728420 0.100884 0.401712 0.090909 0.270082
0.653629
0.327053 1.000000 0.961111 0.999252 0.994786 0.125000 0.679918 0.536136 0.020147 0.115251 0.090909 0.058748
0.653629
0.333493 1.000000 0.982352 0.999258 0.994925 0.125000 0.901694 0.728573 0.100587 0.402988 0.000000 0.252789
0.653629
0.327019 1.000000 0.960994 0.999252 0.994784 0.125000 0.680015 0.536299 0.019956 0.115468 0.090909 0.056801
0.653629
0.333547 1.000000 0.982529 0.999258 0.994943 0.125000 0.901818 0.728695 0.100684 0.406691 0.000000 0.257973
0.653629
0.327069 1.000000 0.961161 0.999252 0.994793 0.125000 0.680053 0.536328 0.020013 0.115582 0.181818 0.056315
0.653629
0.333213 1.000000 0.981427 0.999258 0.994908 0.125000 0.901661 0.728108 0.100060 0.402865 0.090909 0.263438
0.653629
0.327019 1.000000 0.960999 0.999252 0.994784 0.125000 0.680115 0.536332 0.019823 0.115498 0.090909 0.055061
0.653629
0.333222 1.000000 0.981456 0.999258 0.994943 0.125000 0.902070 0.728482 0.099499 0.401215 0.272727 0.258553
0.653629
0.327077 1.000000 0.961191 0.999252 0.994798 0.125000 0.679775 0.535915 0.020232 0.115118 0.000000 0.062135
0.653629
0.333495 1.000000 0.982361 0.999258 0.994951 0.125000 0.901697 0.728592 0.100332 0.404966 0.181818 0.250281
0.653629
0.327033 1.000000 0.961045 0.999252 0.994809 0.125000 0.679842 0.535969 0.020069 0.115010 0.000000 0.060114
0.653629
0.333447 1.000000 0.982201 0.999258 0.994968 0.125000 0.901845 0.728575 0.100266 0.403109 0.000000 0.252171
0.653629
0.327054 1.000000 0.961115 0.999252 0.994800 0.125000 0.679952 0.536254 0.019735 0.115727 0.181818 0.057550
0.653629
0.333099 1.000000 0.981048 0.999258 0.994921 0.125000 0.901848 0.728289 0.099400 0.398646 0.000000 0.262202
0.653629
0.327038 1.000000 0.961063 0.999252 0.994805 0.125000 0.680186 0.536418 0.019947 0.115532 0.090909 0.054125
0.653629
0.333381 1.000000 0.981983 0.999258 0.994920 0.125000 0.901871 0.728504 0.101008 0.401681 0.090909 0.264504
0.653629
0.327004 1.000000 0.960950 0.999252 0.994789 0.125000 0.680309 0.536467 0.019471 0.115418 0.000000 0.058467
0.653629
0.333573 1.000000 0.982614 0.999258 0.994904 0.125000 0.901906 0.728737 0.100404 0.405507 0.090909 0.253051
0.653629
0.327025 1.000000 0.961019 0.999252 0.994805 0.125000 0.680302 0.536443 0.019541 0.115730 0.000000 0.058149
0.653629
0.333475 1.000000 0.982294 0.999258 0.994959 0.125000 0.901750 0.728649 0.100954 0.405207 0.000000 0.257767
0.653629
0.327024 1.000000 0.961013 0.999252 0.994794 0.125000 0.680167 0.536423 0.019867 0.116067 0.000000 0.055622
0.653629
0.333430 1.000000 0.982144 0.999258 0.994930 0.125000 0.901817 0.728453 0.101012 0.403792 0.090909 0.259638
0.653629
0.327053 1.000000 0.961112 0.999252 0.994809 0.125000 0.680173 0.536421 0.019995 0.116222 0.272727 0.055828
0.653629
0.333359 1.000000 0.981909 0.999258 0.994940 0.125000 0.902007 0.728642 0.100180 0.401128 0.090909 0.257430
0.653629
0.327039 1.000000 0.961065 0.999252 0.994799 0.125000 0.679910 0.536077 0.019878 0.115239 0.090909 0.056090
0.653629
0.333323 1.000000 0.981791 0.999258 0.994923 0.125000 0.901722 0.728514 0.100320 0.402064 0.090909 0.257093
0.653629
0.327017 1.000000 0.960992 0.999252 0.994795 0.125000 0.680240 0.536423 0.019730 0.115489 0.181818 0.055716
0.653629
0.333394 1.000000 0.982026 0.999258 0.994969 0.125000 0.901810 0.728601 0.100728 0.402664 0.000000 0.256326
0.653629
0.327008 1.000000 0.960961 0.999252 0.994798 0.125000 0.680138 0.536362 0.019847 0.115721 0.181818 0.054256
0.653629
0.333493 1.000000 0.982352 0.999258 0.994955 0.125000 0.901539 0.728476 0.100883 0.405022 0.000000 0.255128
0.653629
0.327008 1.000000 0.960964 0.999252 0.994814 0.125000 0.680125 0.536324 0.019685 0.115223 0.000000 0.055210
0.653629
0.333324 1.000000 0.981795 0.999258 0.994938 0.125000 0.901963 0.728644 0.100043 0.402046 0.181818 0.255484
0.653629
0.327019 1.000000 0.960999 0.999252 0.994781 0.125000 0.680060 0.536366 0.019616 0.115733 0.000000 0.053713
0.653629
0.333412 1.000000 0.982084 0.999258 0.994938 0.125000 0.901838 0.728618 0.100382 0.403285 0.181818 0.257318
0.653629
0.327074 1.000000 0.961175 0.999252 0.994803 0.125000 0.679928 0.536191 0.020111 0.115801 0.090909 0.059646
0.653629
0.333417 1.000000 0.982103 0.999258 0.994944 0.125000 0.901572 0.728485 0.100742 0.404407 0.090909 0.257655
0.653629
0.327070 1.000000 0.961168 0.999252 0.994811 0.125000 0.680183 0.536454 0.020059 0.116546 0.090909 0.057756
0.653629
0.333328 1.000000 0.981809 0.999258 0.994942 0.125000 0.901523 0.728199 0.101177 0.403721 0.090909 0.265010
0.653629
0.327060 1.000000 0.961134 0.999252 0.994787 0.125000 0.679980 0.536262 0.019990 0.115329 0.000000 0.057381
0.653629
0.333281 1.000000 0.981650 0.999258 0.994915 0.125000 0.901583 0.728446 0.101096 0.401984 0.000000 0.256775
0.653629
0.327032 1.000000 0.961041 0.999252 0.994793 0.125000 0.680023 0.536332 0.019668 0.115974 0.090909 0.054817
0.653629
0.333476 1.000000 0.982293 0.999258 0.994945 0.125000 0.901741 0.728604 0.100638 0.404345 0.090909 0.254510
0.653629
0.327021 1.000000 0.961005 0.999252 0.994817 0.125000 0.680223 0.536409 0.019900 0.115851 0.000000 0.056970
0.653629
0.333343 1.000000 0.981856 0.999258 0.994951 0.125000 0.902156 0.728716 0.099927 0.400958 0.090909 0.262352
0.653629
0.327085 1.000000 0.961216 0.999252 0.994782 0.125000 0.679877 0.536205 0.020168 0.116234 0.000000 0.059908
0.653629
0.333404 1.000000 0.982058 0.999258 0.994941 0.125000 0.901830 0.728395 0.100704 0.404218 0.181818 0.261847
0.653629
0.327071 1.000000 0.961169 0.999252 0.994808 0.125000 0.679804 0.535966 0.020119 0.115464 0.000000 0.059272
0.653629
0.333350 1.000000 0.981878 0.999258 0.994959 0.125000 0.901290 0.728308 0.100711 0.403053 0.090909 0.258441
0.653629
0.327005 1.000000 0.960952 0.999252 0.994823 0.125000 0.680173 0.536393 0.019746 0.115743 0.181818 0.053451
0.653629
0.333344 1.000000 0.981858 0.999258 0.994938 0.125000 0.901842 0.728590 0.100465 0.401690 0.000000 0.261098
0.653629
0.327010 1.000000 0.960967 0.999252 0.994793 0.125000 0.680205 0.536426 0.019717 0.115727 0.090909 0.054106
0.653629
0.333279 1.000000 0.981647 0.999258 0.994936 0.125000 0.901880 0.728630 0.100345 0.401245 0.000000 0.261098
0.653629
0.326989 1.000000 0.960900 0.999252 0.994802 0.125000 0.680148 0.536330 0.019810 0.114661 0.090909 0.057905
0.653629
0.333239 1.000000 0.981513 0.999258 0.994929 0.125000 0.901698 0.728140 0.100017 0.403075 0.000000 0.263400
0.653629
0.327093 1.000000 0.961241 0.999252 0.994792 0.125000 0.679894 0.536197 0.020212 0.115508 0.090909 0.058448
0.653629
0.333339 1.000000 0.981847 0.999258 0.994945 0.125000 0.901943 0.728567 0.100043 0.403777 0.090909 0.265496
0.653629
0.327079 1.000000 0.961198 0.999252 0.994812 0.125000 0.679910 0.536113 0.020140 0.115937 0.090909 0.060226
0.653629
0.333252 1.000000 0.981556 0.999258 0.994924 0.125000 0.901561 0.728434 0.101006 0.403063 0.090909 0.263063
0.653629
0.326995 1.000000 0.960917 0.999252 0.994787 0.125000 0.681858 0.537694 0.020120 0.115366 0.090909 0.059215
0.653629
0.334108 1.000000 0.984378 0.999259 0.994888 0.125000 0.900536 0.730291 0.095944 0.401252 0.090909 0.244984
0.653629
0.327034 1.000000 0.961047 0.999252 0.994807 0.125000 0.681864 0.537715 0.020254 0.115891 0.000000 0.063033
0.653629
0.334018 1.000000 0.984083 0.999259 0.994888 0.125000 0.900695 0.730024 0.094972 0.398016 0.181818 0.247511
0.653629
0.327007 1.000000 0.960960 0.999252 0.994789 0.125000 0.681882 0.537700 0.020101 0.115230 0.181818 0.059440
0.653629
0.334100 1.000000 0.984356 0.999259 0.994893 0.125000 0.900401 0.730110 0.096209 0.400816 0.090909 0.248035
0.653629
0.326981 1.000000 0.960872 0.999252 0.994808 0.125000 0.681921 0.537691 0.020374 0.115010 0.000000 0.063969
0.653629
0.334075 1.000000 0.984274 0.999259 0.994900 0.125000 0.900430 0.730202 0.095533 0.399339 0.090909 0.245022
0.653629
0.326972 1.000000 0.960842 0.999252 0.994815 0.125000 0.681817 0.537662 0.020001 0.115353 0.090909 0.058972
0.653629
0.334088 1.000000 0.984315 0.999259 0.994874 0.125000 0.900521 0.729960 0.095910 0.400386 0.090909 0.253668
0.653629
0.326926 1.000000 0.960690 0.999252 0.994821 0.125000 0.682067 0.537729 0.020091 0.114948 0.090909 0.064287
0.653629
0.324459 0.333333 0.417538 0.401821 0.498369 0.125000 0.244154 0.195157 0.007114 0.051616 0.090909 0.037711
0.572479
0.660250 0.333333 0.971247 0.999553 0.996962 0.375000 0.998517 0.840209 0.244500 0.489919 0.181818 0.382243
0.572479
0.649922 0.333333 0.954212 0.999544 0.996778 0.375000 0.649957 0.528225 0.079808 0.124702 0.181818 0.109317
0.572479
0.660248 0.333333 0.971245 0.999555 0.996955 0.375000 0.998918 0.840418 0.245670 0.488269 0.090909 0.376647
0.572479
0.649862 0.333333 0.954117 0.999546 0.996788 0.375000 0.650070 0.528167 0.078800 0.124544 0.181818 0.107108
0.572479
0.660302 0.333333 0.971333 0.999555 0.996973 0.375000 0.998604 0.840253 0.246055 0.488670 0.000000 0.378593
0.572479
0.649983 0.333333 0.954314 0.999546 0.996740 0.375000 0.649792 0.528044 0.080264 0.125082 0.000000 0.122829
0.572479
0.660242 0.333333 0.971235 0.999555 0.996945 0.375000 0.998619 0.840340 0.246372 0.490308 0.000000 0.383534
0.572479
0.649945 0.333333 0.954250 0.999544 0.996765 0.375000 0.649807 0.528097 0.080055 0.125181 0.090909 0.120733
0.572479
0.660275 0.333333 0.971290 0.999554 0.996953 0.375000 0.998802 0.840281 0.245660 0.487947 0.181818 0.377414
0.572479
0.649951 0.333333 0.954263 0.999546 0.996800 0.375000 0.649621 0.527846 0.079982 0.125057 0.090909 0.124420
0.572479
0.660292 0.333333 0.971318 0.999556 0.997008 0.375000 0.998677 0.840238 0.246511 0.488405 0.090909 0.381251
0.572479
0.649897 0.333333 0.954173 0.999546 0.996723 0.375000 0.649661 0.527820 0.079628 0.123500 0.090909 0.120939
0.572479
0.660254 0.333333 0.971254 0.999554 0.996955 0.375000 0.998699 0.840245 0.245872 0.491372 0.000000 0.391077
0.572479
0.649918 0.333333 0.954204 0.999545 0.996770 0.375000 0.649855 0.528054 0.079727 0.124689 0.181818 0.120284
0.572479
0.660317 0.333333 0.971359 0.999553 0.996996 0.375000 0.998655 0.840307 0.246079 0.489734 0.181818 0.375187
0.572479
0.649926 0.333333 0.954219 0.999546 0.996788 0.375000 0.649845 0.528042 0.079609 0.125119 0.272727 0.117252
0.572479
0.660329 0.333333 0.971378 0.999556 0.997011 0.375000 0.999051 0.840665 0.245984 0.489656 0.272727 0.379735
0.572479
0.649973 0.333333 0.954298 0.999546 0.996790 0.375000 0.649963 0.528272 0.079810 0.125051 0.090909 0.111244
0.572479
0.660381 0.333333 0.971464 0.999555 0.996990 0.375000 0.998729 0.840653 0.247934 0.490163 0.090909 0.379698
0.572479
0.650004 0.333333 0.954347 0.999546 0.996777 0.375000 0.649744 0.528034 0.080280 0.125372 0.090909 0.124588
0.572479
0.659973 0.333333 0.970791 0.999553 0.996914 0.375000 0.998953 0.839812 0.243320 0.486736 0.090909 0.381476
0.572479
0.649987 0.333333 0.954320 0.999544 0.996779 0.375000 0.649642 0.527966 0.080618 0.124417 0.363636 0.124214
0.572479
0.660330 0.333333 0.971380 0.999556 0.996947 0.375000 0.998865 0.840767 0.246963 0.489622 0.090909 0.375037
0.572479
0.649879 0.333333 0.954144 0.999546 0.996797 0.375000 0.649835 0.527949 0.079402 0.123707 0.272727 0.120789
0.572479
0.660057 0.333333 0.970930 0.999555 0.996937 0.375000 0.999108 0.840261 0.244757 0.487298 0.181818 0.382187
0.572479
0.649913 0.333333 0.954198 0.999546 0.996749 0.375000 0.649966 0.528241 0.079472 0.124896 0.090909 0.107202
0.572479
0.660277 0.333333 0.971292 0.999554 0.996995 0.375000 0.998788 0.840309 0.246272 0.490349 0.181818 0.377882
0.572479
0.649840 0.333333 0.954078 0.999544 0.996784 0.375000 0.650109 0.528451 0.079205 0.123836 0.000000 0.103608
0.572479
0.660299 0.333333 0.971330 0.999554 0.996927 0.375000 0.998708 0.840327 0.246741 0.488476 0.000000 0.380278
0.572479
0.650002 0.333333 0.954348 0.999546 0.996784 0.375000 0.649691 0.527996 0.080552 0.125002 0.181818 0.124008
0.572479
0.660247 0.333333 0.971242 0.999555 0.996964 0.375000 0.998932 0.840321 0.245359 0.489808 0.181818 0.384302
0.572479
0.649909 0.333333 0.954192 0.999546 0.996773 0.375000 0.649737 0.527906 0.079609 0.124618 0.090909 0.122174
0.572479
0.660318 0.333333 0.971358 0.999555 0.996950 0.375000 0.998796 0.840383 0.246206 0.486875 0.000000 0.373821
0.572479
0.649962 0.333333 0.954280 0.999544 0.996768 0.375000 0.649652 0.527936 0.080174 0.125669 0.090909 0.125337
0.572479
0.660075 0.333333 0.970958 0.999553 0.996885 0.375000 0.998872 0.840041 0.243969 0.488840 0.090909 0.370602
0.572479
0.649843 0.333333 0.954083 0.999546 0.996782 0.375000 0.650267 0.528653 0.079125 0.124383 0.090909 0.103646
0.572479
0.660390 0.333333 0.971480 0.999556 0.997026 0.375000 0.998721 0.840637 0.247053 0.491399 0.181818 0.379061
0.572479
0.649889 0.333333 0.954161 0.999546 0.996752 0.375000 0.649970 0.528177 0.079233 0.124430 0.000000 0.109335
0.572479
0.660297 0.333333 0.971328 0.999555 0.996979 0.375000 0.998919 0.840352 0.245604 0.487790 0.000000 0.376909
0.572479
0.649893 0.333333 0.954166 0.999546 0.996777 0.375000 0.649991 0.528120 0.079421 0.124699 0.181818 0.115399
0.572479
0.660311 0.333333 0.971347 0.999553 0.996981 0.375000 0.999087 0.840661 0.245611 0.489230 0.181818 0.393715
0.572479
0.649866 0.333333 0.954121 0.999545 0.996768 0.375000 0.650008 0.528174 0.079184 0.124587 0.272727 0.108362
0.572479
0.660390 0.333333 0.971479 0.999556 0.996979 0.375000 0.998891 0.840662 0.247093 0.489452 0.181818 0.377976
0.572479
0.649939 0.333333 0.954242 0.999546 0.996786 0.375000 0.649760 0.527929 0.079906 0.124689 0.181818 0.120059
0.572479
0.660295 0.333333 0.971324 0.999555 0.996975 0.375000 0.998803 0.840595 0.246198 0.490939 0.181818 0.377826
0.572479
0.650032 0.333333 0.954394 0.999546 0.996779 0.375000 0.649518 0.528016 0.080929 0.124659 0.090909 0.123278
0.572479
0.660028 0.333333 0.970881 0.999554 0.996958 0.375000 0.998877 0.839705 0.242528 0.488970 0.181818 0.372754
0.572479
0.649835 0.333333 0.954072 0.999544 0.996789 0.375000 0.650325 0.528666 0.079087 0.123799 0.272727 0.103590
0.572479
0.660324 0.333333 0.971372 0.999555 0.996933 0.375000 0.998616 0.840299 0.247393 0.488698 0.181818 0.374888
0.572479
0.650057 0.333333 0.954434 0.999546 0.996765 0.375000 0.649588 0.528026 0.080684 0.124810 0.181818 0.123802
0.572479
0.659952 0.333333 0.970757 0.999555 0.996941 0.375000 0.999093 0.839888 0.242612 0.484208 0.090909 0.375019
0.572479
0.649941 0.333333 0.954245 0.999546 0.996743 0.375000 0.649512 0.527965 0.079677 0.123991 0.090909 0.107127
0.572479
0.660303 0.333333 0.971335 0.999555 0.996935 0.375000 0.998925 0.840547 0.246302 0.489984 0.000000 0.380390
0.572479
0.649943 0.333333 0.954247 0.999544 0.996782 0.375000 0.649806 0.528060 0.079988 0.124853 0.090909 0.120733
0.572479
0.660235 0.333333 0.971223 0.999554 0.996919 0.375000 0.999091 0.840515 0.244699 0.487981 0.090909 0.386791
0.572479
0.650029 0.333333 0.954390 0.999547 0.996769 0.375000 0.649557 0.528003 0.080659 0.125345 0.090909 0.126011
0.572479
0.659958 0.333333 0.970768 0.999555 0.996995 0.375000 0.999075 0.839897 0.243864 0.483911 0.272727 0.377358
0.572479
0.649940 0.333333 0.954247 0.999546 0.996762 0.375000 0.649781 0.527976 0.079839 0.124788 0.090909 0.122099
0.572479
0.660282 0.333333 0.971300 0.999555 0.996968 0.375000 0.998859 0.840582 0.246401 0.488049 0.000000 0.375187
0.572479
0.649900 0.333333 0.954180 0.999545 0.996759 0.375000 0.650151 0.528509 0.079631 0.123929 0.090909 0.106341
0.572479
0.660259 0.333333 0.971261 0.999553 0.996975 0.375000 0.998795 0.840279 0.246422 0.488191 0.000000 0.376067
0.572479
0.649953 0.333333 0.954265 0.999546 0.996780 0.375000 0.649567 0.527895 0.080192 0.125243 0.090909 0.123840
0.572479
0.660453 0.333333 0.971583 0.999556 0.997044 0.375000 0.998770 0.840564 0.248308 0.489233 0.181818 0.379211
0.572479
0.649942 0.333333 0.954248 0.999546 0.996771 0.375000 0.649742 0.527950 0.079795 0.125249 0.181818 0.121538
0.572479
0.660106 0.333333 0.971010 0.999555 0.996968 0.375000 0.998706 0.839967 0.244429 0.488958 0.000000 0.365642
0.572479
0.649906 0.333333 0.954186 0.999546 0.996745 0.375000 0.649976 0.528281 0.079360 0.125437 0.363636 0.103683
0.572479
0.660313 0.333333 0.971350 0.999553 0.996922 0.375000 0.998715 0.840279 0.246013 0.490027 0.000000 0.375206
0.572479
0.649906 0.333333 0.954190 0.999544 0.996773 0.375000 0.649880 0.528115 0.079632 0.124628 0.181818 0.115792
0.572479
0.660322 0.333333 0.971365 0.999556 0.996929 0.375000 0.998753 0.840154 0.246334 0.488164 0.000000 0.380409
0.572479
0.649947 0.333333 0.954254 0.999546 0.996808 0.375000 0.649878 0.528047 0.079719 0.124760 0.090909 0.121107
0.572479
0.660009 0.333333 0.970850 0.999555 0.996910 0.375000 0.999000 0.839924 0.244047 0.487607 0.363636 0.378088
0.572479
0.649971 0.333333 0.954297 0.999546 0.996761 0.375000 0.649649 0.527941 0.080270 0.124479 0.090909 0.122754
0.572479
0.660328 0.333333 0.971378 0.999554 0.996958 0.375000 0.998680 0.840270 0.245823 0.490373 0.272727 0.376273
0.572479
0.649868 0.333333 0.954125 0.999544 0.996768 0.375000 0.650097 0.528356 0.079107 0.124322 0.272727 0.103889
0.572479
0.660278 0.333333 0.971294 0.999554 0.996955 0.375000 0.998866 0.840255 0.245669 0.488788 0.181818 0.378051
0.572479
0.650053 0.333333 0.954430 0.999546 0.996781 0.375000 0.649464 0.528004 0.080636 0.125589 0.090909 0.114014
0.572479
0.659983 0.333333 0.970809 0.999555 0.996982 0.375000 0.999086 0.839646 0.242551 0.486717 0.181818 0.387090
0.572479
0.649911 0.333333 0.954196 0.999546 0.996764 0.375000 0.649792 0.527881 0.079375 0.124195 0.090909 0.121500
0.572479
0.660323 0.333333 0.971369 0.999555 0.996946 0.375000 0.998753 0.840108 0.246156 0.489218 0.090909 0.386267
0.572479
0.649884 0.333333 0.954151 0.999544 0.996781 0.375000 0.649889 0.527991 0.079581 0.124093 0.090909 0.118337
0.572479
0.660279 0.333333 0.971297 0.999553 0.996956 0.375000 0.998979 0.840452 0.245611 0.488544 0.272727 0.379043
0.572479
0.650044 0.333333 0.954416 0.999546 0.996732 0.375000 0.649495 0.528077 0.080649 0.124470 0.090909 0.118113
0.572479
0.660301 0.333333 0.971334 0.999556 0.997009 0.375000 0.998866 0.840381 0.245854 0.487950 0.181818 0.376029
0.572479
0.649998 0.333333 0.954340 0.999546 0.996783 0.375000 0.649526 0.528038 0.080422 0.124776 0.090909 0.120920
0.572479
0.660065 0.333333 0.970944 0.999554 0.996929 0.375000 0.999144 0.840084 0.243202 0.486847 0.000000 0.380839
0.572479
0.649938 0.333333 0.954240 0.999545 0.996779 0.375000 0.649822 0.528056 0.080072 0.124473 0.181818 0.120490
0.572479
0.660236 0.333333 0.971224 0.999553 0.996953 0.375000 0.998956 0.840535 0.245744 0.491854 0.000000 0.391750
0.572479
0.650029 0.333333 0.954390 0.999544 0.996743 0.375000 0.649241 0.526365 0.074308 0.124689 0.272727 0.116896
0.572479
0.659109 0.333333 0.969364 0.999555 0.997011 0.375000 0.999607 0.835206 0.222800 0.472795 0.090909 0.372698
0.572479
0.649810 0.333333 0.954029 0.999546 0.996779 0.375000 0.650533 0.525588 0.065590 0.121095 0.181818 0.105835
0.572479
0.659570 0.333333 0.970126 0.999554 0.996932 0.375000 0.999389 0.836114 0.227018 0.479514 0.181818 0.392854
0.572479
0.649927 0.333333 0.954220 0.999546 0.996733 0.375000 0.650431 0.526056 0.066147 0.120548 0.090909 0.098705
0.572479
0.659010 0.333333 0.969202 0.999552 0.996865 0.375000 0.999758 0.835238 0.221480 0.471605 0.000000 0.373016
0.572479
0.650001 0.333333 0.954342 0.999544 0.996742 0.375000 0.650294 0.526071 0.067388 0.122013 0.090909 0.099528
0.572479
0.659541 0.333333 0.970079 0.999554 0.996967 0.375000 0.999429 0.836107 0.225215 0.477628 0.090909 0.385293
0.572479
0.649919 0.333333 0.954209 0.999546 0.996764 0.375000 0.650406 0.525856 0.066342 0.121009 0.181818 0.098649
0.572479
0.659540 0.333333 0.970079 0.999554 0.996914 0.375000 0.999509 0.836142 0.224903 0.476429 0.272727 0.378986
0.572479
0.649906 0.333333 0.954185 0.999546 0.996731 0.375000 0.650343 0.525939 0.066323 0.121182 0.272727 0.097975
0.572479
0.659556 0.333333 0.970104 0.999554 0.996968 0.375000 0.999482 0.836252 0.226107 0.477041 0.090909 0.375524
0.572479
0.649842 0.333333 0.954084 0.999544 0.996753 0.375000 0.650537 0.525582 0.065930 0.121355 0.181818 0.112405
0.572479
0.659261 0.333333 0.969616 0.999553 0.996932 0.375000 0.999652 0.835511 0.223129 0.473651 0.272727 0.369966
0.572479
0.649507 0.333333 0.953528 0.999546 0.996787 0.375000 0.650372 0.525070 0.063415 0.119896 0.090909 0.100034
0.572479
0.659360 0.333333 0.969779 0.999554 0.996988 0.375000 0.999541 0.835715 0.224667 0.472752 0.090909 0.373128
0.572479
0.649892 0.333333 0.954163 0.999546 0.996743 0.375000 0.650415 0.525780 0.066143 0.120576 0.181818 0.099135
0.572479
0.659509 0.333333 0.970028 0.999554 0.996934 0.375000 0.999507 0.836209 0.225697 0.476667 0.090909 0.379398
0.572479
0.649516 0.333333 0.953545 0.999545 0.996763 0.375000 0.650339 0.525140 0.063817 0.120517 0.181818 0.100296
0.572479
0.659120 0.333333 0.969382 0.999552 0.996889 0.375000 0.999553 0.835292 0.223092 0.473197 0.090909 0.368319
0.572479
0.649529 0.333333 0.953564 0.999546 0.996759 0.375000 0.650385 0.525114 0.063833 0.120029 0.090909 0.097114
0.572479
0.659144 0.333333 0.969423 0.999554 0.996963 0.375000 0.999743 0.835264 0.222752 0.471120 0.090909 0.375580
0.572479
0.649565 0.333333 0.953626 0.999546 0.996759 0.375000 0.650282 0.525217 0.064101 0.120533 0.000000 0.104488
0.572479
0.659631 0.333333 0.970227 0.999554 0.996913 0.375000 0.999464 0.836275 0.226742 0.479189 0.090909 0.389149
0.572479
0.649664 0.333333 0.953787 0.999545 0.996751 0.375000 0.650295 0.525234 0.064978 0.122038 0.090909 0.106378
0.572479
0.659221 0.333333 0.969549 0.999552 0.996917 0.375000 0.999644 0.835308 0.223203 0.472115 0.090909 0.383160
0.572479
0.649583 0.333333 0.953654 0.999544 0.996770 0.375000 0.650249 0.525173 0.064201 0.121608 0.181818 0.102804
0.572479
0.659502 0.333333 0.970014 0.999555 0.996951 0.375000 0.999551 0.835934 0.225652 0.477610 0.181818 0.389111
0.572479
0.649855 0.333333 0.954100 0.999546 0.996805 0.375000 0.650525 0.525765 0.065928 0.121469 0.181818 0.104020
0.572479
0.659516 0.333333 0.970037 0.999554 0.996936 0.375000 0.999591 0.836117 0.225685 0.476633 0.181818 0.381812
0.572479
0.649542 0.333333 0.953586 0.999546 0.996746 0.375000 0.650315 0.525150 0.064112 0.120428 0.181818 0.098536
0.572479
0.659117 0.333333 0.969379 0.999552 0.996907 0.375000 0.999570 0.835280 0.222461 0.472532 0.181818 0.372399
0.572479
0.649948 0.333333 0.954259 0.999544 0.996734 0.375000 0.650362 0.525967 0.066856 0.121339 0.181818 0.102167
0.572479
0.659527 0.333333 0.970055 0.999554 0.996970 0.375000 0.999427 0.836021 0.225961 0.479065 0.000000 0.385424
0.572479
0.649543 0.333333 0.953590 0.999546 0.996769 0.375000 0.650312 0.525164 0.063918 0.121333 0.000000 0.098686
0.572479
0.659176 0.333333 0.969476 0.999554 0.996901 0.375000 0.999533 0.835305 0.223857 0.473277 0.181818 0.381064
0.572479
0.649909 0.333333 0.954191 0.999546 0.996772 0.375000 0.650384 0.525945 0.066371 0.121395 0.090909 0.100221
0.572479
0.659495 0.333333 0.970005 0.999554 0.996960 0.375000 0.999505 0.835897 0.225589 0.477978 0.000000 0.385705
0.572479
0.649600 0.333333 0.953681 0.999544 0.996765 0.375000 0.650289 0.525212 0.064597 0.121642 0.181818 0.099416
0.572479
0.659592 0.333333 0.970164 0.999553 0.996951 0.375000 0.999257 0.836092 0.225952 0.477851 0.090909 0.382898
0.572479
0.649996 0.333333 0.954337 0.999546 0.996775 0.375000 0.650300 0.526085 0.067451 0.121880 0.090909 0.101306
0.572479
0.659518 0.333333 0.970040 0.999554 0.996949 0.375000 0.999293 0.836198 0.225947 0.478636 0.090909 0.382617
0.572479
0.649931 0.333333 0.954226 0.999546 0.996746 0.375000 0.650413 0.525847 0.066463 0.122084 0.090909 0.101980
0.572479
0.659620 0.333333 0.970208 0.999554 0.996965 0.375000 0.999481 0.836307 0.226654 0.477866 0.090909 0.382711
0.572479
0.649861 0.333333 0.954112 0.999544 0.996757 0.375000 0.650461 0.525810 0.066172 0.122560 0.181818 0.107426
0.572479
0.659094 0.333333 0.969341 0.999552 0.996948 0.375000 0.999636 0.835207 0.222157 0.472189 0.090909 0.375561
0.572479
0.649552 0.333333 0.953603 0.999546 0.996806 0.375000 0.650190 0.525183 0.064364 0.121704 0.090909 0.101082
0.572479
0.659564 0.333333 0.970118 0.999554 0.996952 0.375000 0.999470 0.836132 0.224395 0.480345 0.181818 0.376684
0.572479
0.649890 0.333333 0.954160 0.999546 0.996777 0.375000 0.650429 0.525970 0.066302 0.120517 0.272727 0.099491
0.572479
0.659167 0.333333 0.969463 0.999554 0.996941 0.375000 0.999586 0.835334 0.223067 0.472894 0.000000 0.373989
0.572479
0.649907 0.333333 0.954188 0.999545 0.996741 0.375000 0.650465 0.525831 0.066518 0.121754 0.181818 0.106453
0.572479
0.659519 0.333333 0.970045 0.999553 0.996911 0.375000 0.999496 0.836078 0.225522 0.478148 0.272727 0.385481
0.572479
0.649593 0.333333 0.953670 0.999544 0.996767 0.375000 0.650399 0.525164 0.064190 0.120950 0.090909 0.101250
0.572479
0.659513 0.333333 0.970034 0.999555 0.997015 0.375000 0.999483 0.836284 0.225876 0.476096 0.000000 0.381476
0.572479
0.649643 0.333333 0.953753 0.999546 0.996801 0.375000 0.650383 0.525391 0.064631 0.121448 0.181818 0.098293
0.572479
0.659523 0.333333 0.970049 0.999554 0.996939 0.375000 0.999332 0.836130 0.226316 0.479980 0.090909 0.383104
0.572479
0.649558 0.333333 0.953614 0.999546 0.996754 0.375000 0.650238 0.525260 0.064159 0.121052 0.272727 0.099397
0.572479
0.659538 0.333333 0.970074 0.999554 0.996925 0.375000 0.999465 0.836204 0.226213 0.476652 0.272727 0.385612
0.572479
0.649917 0.333333 0.954205 0.999544 0.996770 0.375000 0.650482 0.525814 0.066329 0.121957 0.181818 0.102186
0.572479
0.659134 0.333333 0.969409 0.999554 0.996986 0.375000 0.999768 0.835318 0.222478 0.471942 0.000000 0.374607
0.572479
0.649919 0.333333 0.954211 0.999546 0.996832 0.375000 0.650458 0.525922 0.066469 0.120592 0.181818 0.102074
0.572479
0.659444 0.333333 0.969919 0.999554 0.996924 0.375000 0.999774 0.836018 0.224531 0.475104 0.000000 0.392499
0.572479
0.649616 0.333333 0.953708 0.999546 0.996759 0.375000 0.650310 0.525285 0.064589 0.121689 0.272727 0.101306
0.572479
0.659589 0.333333 0.970160 0.999555 0.996932 0.375000 0.999486 0.835998 0.226262 0.479303 0.090909 0.382112
0.572479
0.649543 0.333333 0.953590 0.999544 0.996777 0.375000 0.650403 0.525166 0.063684 0.120218 0.090909 0.097619
0.572479
0.659078 0.333333 0.969316 0.999553 0.996950 0.375000 1.000000 0.835306 0.220721 0.471574 0.090909 0.370845
0.572479
0.649993 0.333333 0.954330 0.999546 0.996759 0.375000 0.650313 0.526093 0.067180 0.122066 0.090909 0.100670
0.572479
0.659074 0.333333 0.969309 0.999554 0.996877 0.375000 0.999561 0.835176 0.221961 0.474062 0.000000 0.373521
0.572479
0.649531 0.333333 0.953567 0.999546 0.996746 0.375000 0.650267 0.525201 0.063933 0.120619 0.090909 0.101662
0.572479
0.659151 0.333333 0.969433 0.999554 0.996939 0.375000 0.999631 0.835354 0.222083 0.473160 0.000000 0.369423
0.572479
0.649895 0.333333 0.954171 0.999545 0.996764 0.375000 0.650337 0.525780 0.066490 0.122644 0.363636 0.098929
0.572479
0.659601 0.333333 0.970178 0.999553 0.996908 0.375000 0.999399 0.836201 0.225480 0.477069 0.090909 0.382374
0.572479
0.649534 0.333333 0.953572 0.999546 0.996771 0.375000 0.650416 0.525106 0.063678 0.120032 0.272727 0.102860
0.572479
0.659567 0.333333 0.970122 0.999555 0.996956 0.375000 0.999324 0.836266 0.226393 0.478936 0.272727 0.382374
0.572479
0.649968 0.333333 0.954288 0.999546 0.996783 0.375000 0.650376 0.525939 0.066827 0.122412 0.000000 0.099510
0.572479
0.659435 0.333333 0.969905 0.999554 0.996908 0.375000 0.999440 0.836030 0.225717 0.476791 0.000000 0.381270
0.572479
0.649547 0.333333 0.953594 0.999546 0.996765 0.375000 0.650379 0.525169 0.063911 0.120771 0.181818 0.099603
0.572479
0.659479 0.333333 0.969978 0.999553 0.996929 0.375000 0.999434 0.836109 0.225321 0.478104 0.181818 0.379192
0.572479
0.649949 0.333333 0.954259 0.999544 0.996750 0.375000 0.650377 0.525930 0.066768 0.121883 0.181818 0.099323
0.572479
0.659514 0.333333 0.970034 0.999555 0.996901 0.375000 0.999361 0.836098 0.225907 0.478590 0.090909 0.386173
0.572479
0.649935 0.333333 0.954234 0.999546 0.996774 0.375000 0.650333 0.525970 0.066806 0.122267 0.090909 0.098125
0.572479
0.659112 0.333333 0.969371 0.999554 0.996908 0.375000 0.999874 0.835402 0.222386 0.470514 0.090909 0.368936
0.572479
0.649932 0.333333 0.954230 0.999546 0.996744 0.375000 0.650433 0.525870 0.066376 0.121142 0.090909 0.102729
0.572479
0.659626 0.333333 0.970218 0.999554 0.996964 0.375000 0.999173 0.836093 0.226278 0.479501 0.181818 0.384713
0.572479
0.649654 0.333333 0.953771 0.999544 0.996753 0.375000 0.650267 0.525296 0.065137 0.121652 0.000000 0.100895
0.572479
0.659586 0.333333 0.970153 0.999554 0.996898 0.375000 0.999495 0.836145 0.226617 0.480910 0.090909 0.388138
0.572479
0.649560 0.333333 0.953617 0.999546 0.996792 0.375000 0.650294 0.525181 0.064364 0.120378 0.181818 0.100034
0.572479
0.659581 0.333333 0.970145 0.999554 0.996939 0.375000 0.999406 0.836387 0.225717 0.478781 0.181818 0.380427
0.572479
0.649575 0.333333 0.953640 0.999546 0.996756 0.375000 0.650364 0.525205 0.064017 0.121213 0.181818 0.099154
0.572479
0.659535 0.333333 0.970067 0.999554 0.996905 0.375000 0.999361 0.836187 0.225496 0.477947 0.272727 0.384601
0.572479
0.649578 0.333333 0.953644 0.999544 0.996794 0.375000 0.650305 0.525177 0.064243 0.120999 0.090909 0.098181
0.572479
0.659102 0.333333 0.969357 0.999553 0.996905 0.375000 0.999616 0.835069 0.221421 0.473765 0.000000 0.374008
0.572479
0.649481 0.333333 0.953485 0.999546 0.996784 0.375000 0.650459 0.525057 0.063146 0.119655 0.181818 0.101943
0.572479
0.659099 0.333333 0.969350 0.999554 0.996926 0.375000 0.999690 0.835202 0.221919 0.472554 0.090909 0.376890
0.572479
0.649615 0.333333 0.953708 0.999546 0.996769 0.375000 0.650363 0.525225 0.064569 0.120768 0.181818 0.098499
0.572479
0.659354 0.333333 0.969770 0.999554 0.996953 0.375000 0.999572 0.835637 0.223624 0.474600 0.272727 0.380072
0.572479
0.649543 0.333333 0.953590 0.999545 0.996751 0.375000 0.650331 0.525174 0.064117 0.120833 0.090909 0.100726
0.572479
0.659298 0.333333 0.969678 0.999552 0.996878 0.375000 0.999564 0.835419 0.223502 0.474974 0.090909 0.379585
0.572479
0.649818 0.333333 0.954041 0.999546 0.996751 0.375000 0.650549 0.525587 0.065794 0.120863 0.090909 0.106079
0.572479
0.659115 0.333333 0.969376 0.999554 0.996925 0.375000 0.999766 0.835226 0.221419 0.473580 0.181818 0.378051
0.572479
0.649602 0.333333 0.953689 0.999546 0.996750 0.375000 0.650315 0.525159 0.064707 0.120876 0.181818 0.102186
0.572479
0.659548 0.333333 0.970089 0.999554 0.996933 0.375000 0.999573 0.836071 0.224969 0.476593 0.272727 0.391058
0.572479
0.649655 0.333333 0.953773 0.999546 0.996748 0.375000 0.650289 0.525242 0.065011 0.121293 0.000000 0.102186
0.572479
0.659612 0.333333 0.970198 0.999553 0.996887 0.375000 0.999642 0.836466 0.226365 0.478268 0.000000 0.382542
0.572479
0.649568 0.333333 0.953631 0.999544 0.996748 0.375000 0.650384 0.525226 0.063824 0.120999 0.181818 0.098274
0.572479
0.659136 0.333333 0.969411 0.999555 0.996960 0.375000 0.999724 0.835395 0.222222 0.473104 0.090909 0.372810
0.572479
0.650007 0.333333 0.954353 0.999546 0.996745 0.375000 0.650370 0.526255 0.067163 0.121624 0.090909 0.099865
0.572479
0.659575 0.333333 0.970135 0.999554 0.996941 0.375000 0.999402 0.836214 0.226068 0.477307 0.090909 0.380427
0.572479
0.649735 0.333333 0.953905 0.999546 0.996735 0.375000 0.650542 0.525438 0.064921 0.121117 0.272727 0.107744
0.572479
0.659598 0.333333 0.970174 0.999554 0.996953 0.375000 0.999376 0.836291 0.226036 0.478620 0.181818 0.379810
0.572479
0.649553 0.333333 0.953605 0.999544 0.996768 0.375000 0.650347 0.525210 0.064062 0.120650 0.181818 0.098948
0.572479
0.659473 0.333333 0.969968 0.999554 0.996910 0.375000 0.999501 0.835838 0.225341 0.477137 0.000000 0.383272
0.572479
0.649621 0.333333 0.953718 0.999546 0.996777 0.375000 0.650270 0.525222 0.064804 0.121213 0.181818 0.100614
0.572479
0.659260 0.333333 0.969616 0.999554 0.996924 0.375000 0.999591 0.835484 0.223563 0.474340 0.090909 0.373428
0.572479
0.649896 0.333333 0.954169 0.999546 0.996739 0.375000 0.650422 0.525808 0.066354 0.121312 0.090909 0.100277
0.572479
0.659519 0.333333 0.970044 0.999554 0.996917 0.375000 0.999409 0.836036 0.225936 0.477907 0.181818 0.387726
0.572479
0.649567 0.333333 0.953627 0.999544 0.996793 0.375000 0.650276 0.525214 0.064275 0.121080 0.181818 0.098331
0.572479
0.659165 0.333333 0.969460 0.999553 0.996947 0.375000 0.999596 0.835178 0.221757 0.472804 0.090909 0.381363
0.572479
0.649954 0.333333 0.954265 0.999546 0.996766 0.375000 0.650469 0.526029 0.066356 0.121821 0.272727 0.097900
0.572479
0.659546 0.333333 0.970086 0.999554 0.996973 0.375000 0.999337 0.836240 0.226332 0.479659 0.181818 0.381794
0.572479
0.649515 0.333333 0.953542 0.999546 0.996724 0.375000 0.650381 0.525130 0.063556 0.119905 0.090909 0.098873
0.572479
0.659580 0.333333 0.970142 0.999554 0.996949 0.375000 0.999573 0.836148 0.225106 0.477480 0.363636 0.386641
0.572479
0.649864 0.333333 0.954116 0.999545 0.996747 0.375000 0.650495 0.525889 0.065645 0.120570 0.272727 0.099959
0.572479
0.659123 0.333333 0.969390 0.999552 0.996895 0.375000 0.999724 0.835390 0.222708 0.471741 0.090909 0.372829
0.572479
0.649597 0.333333 0.953677 0.999546 0.996781 0.375000 0.650305 0.525199 0.064397 0.121645 0.090909 0.099042
0.572479
0.659560 0.333333 0.970110 0.999555 0.996974 0.375000 0.999505 0.836210 0.225990 0.478030 0.181818 0.383048
0.572479
0.649730 0.333333 0.953897 0.999546 0.996716 0.375000 0.650551 0.525521 0.064798 0.121580 0.181818 0.109504
0.572479
0.659179 0.333333 0.969482 0.999554 0.996936 0.375000 0.999772 0.835521 0.223192 0.472254 0.181818 0.372399
0.572479
0.649542 0.333333 0.953586 0.999546 0.996745 0.375000 0.650289 0.525155 0.064051 0.120901 0.363636 0.099585
0.572479
0.659066 0.333333 0.969298 0.999552 0.996884 0.375000 0.999585 0.835057 0.221561 0.473815 0.000000 0.375187
0.572479
0.649937 0.333333 0.954238 0.999544 0.996765 0.375000 0.650411 0.526053 0.066258 0.121064 0.000000 0.099248
0.572479
0.659112 0.333333 0.969371 0.999555 0.996964 0.375000 0.999645 0.835009 0.221909 0.473960 0.090909 0.385443
0.572479
0.649672 0.333333 0.953801 0.999546 0.996750 0.375000 0.650343 0.525332 0.064880 0.121012 0.090909 0.101568
0.572479
0.659189 0.333333 0.969498 0.999554 0.996918 0.375000 0.999866 0.835386 0.221891 0.473416 0.000000 0.371818
0.572479
0.649546 0.333333 0.953592 0.999546 0.996739 0.375000 0.650408 0.525106 0.063729 0.120261 0.090909 0.100726
0.572479
0.659248 0.333333 0.969594 0.999553 0.996940 0.375000 0.999618 0.835428 0.223861 0.474751 0.090909 0.381345
0.572479
0.649917 0.333333 0.954203 0.999544 0.996719 0.375000 0.650313 0.525928 0.066489 0.121964 0.000000 0.101681
0.572479
0.659504 0.333333 0.970021 0.999553 0.996892 0.375000 0.999446 0.835971 0.225341 0.476587 0.090909 0.381607
0.572479
0.649491 0.333333 0.953503 0.999546 0.996783 0.375000 0.650305 0.525188 0.063552 0.120607 0.272727 0.100221
0.572479
0.659719 0.333333 0.970374 0.999554 0.996935 0.375000 0.999180 0.836227 0.226366 0.481689 0.090909 0.380034
0.572479
0.649836 0.333333 0.954070 0.999546 0.996781 0.375000 0.650479 0.525615 0.066300 0.121862 0.181818 0.110832
0.572479
0.659489 0.333333 0.969993 0.999554 0.996928 0.375000 0.999597 0.836052 0.225403 0.476859 0.000000 0.380708
0.572479
0.649924 0.333333 0.954217 0.999544 0.996745 0.375000 0.650337 0.525847 0.066712 0.121670 0.272727 0.099528
0.572479
0.659494 0.333333 0.970000 0.999552 0.996944 0.375000 0.999435 0.835858 0.224190 0.477489 0.090909 0.381157
0.572479
0.650022 0.333333 0.954378 0.999546 0.996759 0.375000 0.650301 0.526187 0.067560 0.121800 0.181818 0.099454
0.572479
0.659639 0.333333 0.970241 0.999554 0.997009 0.375000 0.999484 0.836292 0.225311 0.478435 0.090909 0.384489
0.572479
0.649660 0.333333 0.953784 0.999546 0.996769 0.375000 0.650284 0.525297 0.065163 0.121472 0.272727 0.101007
0.572479
0.659250 0.333333 0.969601 0.999554 0.996944 0.375000 0.999503 0.835488 0.223865 0.474668 0.090909 0.372324
0.572479
0.649573 0.333333 0.953638 0.999545 0.996770 0.375000 0.650261 0.525229 0.064593 0.121037 0.181818 0.101063
0.572479
0.659593 0.333333 0.970163 0.999553 0.996884 0.375000 0.999354 0.836102 0.225502 0.477900 0.272727 0.385462
0.572479
0.649926 0.333333 0.954222 0.999544 0.996752 0.375000 0.650437 0.525898 0.066379 0.120950 0.181818 0.098462
0.572479
0.659518 0.333333 0.970042 0.999555 0.996963 0.375000 0.999583 0.836047 0.225401 0.477310 0.090909 0.382673
0.572479
0.649977 0.333333 0.954304 0.999546 0.996801 0.375000 0.650393 0.526098 0.066992 0.121933 0.181818 0.098087
0.572479
0.659079 0.333333 0.969319 0.999554 0.996891 0.375000 0.999830 0.835448 0.221769 0.474155 0.090909 0.366391
0.572479
0.649515 0.333333 0.953544 0.999546 0.996735 0.375000 0.650342 0.525130 0.063727 0.120752 0.181818 0.099547
0.572479
0.659161 0.333333 0.969452 0.999552 0.996897 0.375000 0.999778 0.835565 0.222150 0.475153 0.363636 0.375112
0.572479
0.649581 0.333333 0.953651 0.999544 0.996777 0.375000 0.650268 0.525209 0.064491 0.121791 0.090909 0.100764
0.572479
0.659558 0.333333 0.970106 0.999554 0.996973 0.375000 0.999660 0.836289 0.224954 0.477050 0.090909 0.388269
0.572479
0.649896 0.333333 0.954171 0.999546 0.996793 0.375000 0.650440 0.525837 0.066267 0.121525 0.181818 0.101381
0.572479
0.659148 0.333333 0.969431 0.999554 0.996903 0.375000 0.999552 0.835236 0.222927 0.473821 0.181818 0.375524
0.572479
0.649555 0.333333 0.953607 0.999546 0.996744 0.375000 0.650348 0.525102 0.063767 0.120826 0.090909 0.098499
0.572479
0.659072 0.333333 0.969306 0.999553 0.996942 0.375000 0.999920 0.835345 0.221129 0.473969 0.090909 0.377863
0.572479
0.649619 0.333333 0.953712 0.999544 0.996787 0.375000 0.650282 0.525313 0.064774 0.121216 0.181818 0.099435
0.572479
0.659211 0.333333 0.969534 0.999553 0.996948 0.375000 0.999613 0.835402 0.223080 0.473561 0.272727 0.366803
0.572479
0.649485 0.333333 0.953494 0.999546 0.996763 0.375000 0.650374 0.525091 0.063322 0.120397 0.000000 0.098761
0.572479
0.659576 0.333333 0.970136 0.999554 0.996973 0.375000 0.999626 0.836142 0.225374 0.478834 0.181818 0.384358
0.572479
0.649537 0.333333 0.953579 0.999546 0.996752 0.375000 0.650330 0.525147 0.063633 0.120125 0.181818 0.100820
0.572479
0.659677 0.333333 0.970302 0.999555 0.996956 0.375000 0.999474 0.836444 0.227968 0.476952 0.000000 0.382205
0.572479
0.649542 0.333333 0.953585 0.999544 0.996753 0.375000 0.650307 0.525033 0.063941 0.120894 0.272727 0.100371
0.572479
0.659523 0.333333 0.970050 0.999552 0.996937 0.375000 0.999551 0.836000 0.225639 0.475462 0.181818 0.388381
0.572479
0.649540 0.333333 0.953583 0.999546 0.996790 0.375000 0.650425 0.525133 0.063653 0.120153 0.181818 0.101662
0.572479
0.659561 0.333333 0.970114 0.999555 0.996996 0.375000 0.999564 0.836108 0.226137 0.478126 0.090909 0.396729
0.572479
0.649510 0.333333 0.953534 0.999546 0.996740 0.375000 0.650265 0.525183 0.063489 0.120913 0.090909 0.098424
0.572479
0.659193 0.333333 0.969505 0.999554 0.996930 0.375000 0.999575 0.835318 0.222631 0.472878 0.181818 0.372604
0.572479
0.649619 0.333333 0.953715 0.999545 0.996760 0.375000 0.650373 0.525252 0.064549 0.120765 0.090909 0.099884
0.572479
0.659193 0.333333 0.969506 0.999552 0.996906 0.375000 0.999399 0.835287 0.223176 0.472681 0.000000 0.378781
0.572479
0.649928 0.333333 0.954224 0.999544 0.996742 0.375000 0.650424 0.525880 0.066397 0.122257 0.454545 0.099790
0.572479
0.659164 0.333333 0.969458 0.999555 0.996971 0.375000 0.999596 0.835412 0.223030 0.475134 0.272727 0.372305
0.572479
0.649570 0.333333 0.953634 0.999546 0.996785 0.375000 0.650292 0.525249 0.064234 0.121061 0.181818 0.101681
0.572479
0.659172 0.333333 0.969471 0.999554 0.996901 0.375000 0.999538 0.835178 0.222785 0.472668 0.000000 0.375505
0.572479
0.649967 0.333333 0.954289 0.999546 0.996738 0.375000 0.650386 0.526097 0.066881 0.120996 0.090909 0.100146
0.572479
0.659122 0.333333 0.969386 0.999553 0.996889 0.375000 0.999685 0.835351 0.221978 0.475048 0.090909 0.368337
0.572479
0.649842 0.333333 0.954084 0.999544 0.996746 0.375000 0.650550 0.525707 0.065619 0.121896 0.363636 0.109915
0.572479
0.659326 0.333333 0.969723 0.999554 0.996926 0.375000 0.999476 0.835739 0.223878 0.475490 0.000000 0.374420
0.572479
0.650011 0.333333 0.954361 0.999546 0.996783 0.375000 0.650381 0.526194 0.067238 0.121713 0.090909 0.098237
0.572479
0.659120 0.333333 0.969383 0.999554 0.996866 0.375000 0.999908 0.835344 0.221983 0.472137 0.181818 0.371687
0.572479
0.649966 0.333333 0.954284 0.999546 0.996736 0.375000 0.650353 0.526082 0.066752 0.121720 0.181818 0.098555
0.572479
0.659277 0.333333 0.969645 0.999554 0.996914 0.375000 0.999698 0.835742 0.223234 0.475774 0.000000 0.368150
0.572479
0.649559 0.333333 0.953614 0.999544 0.996786 0.375000 0.650323 0.525128 0.064307 0.120554 0.090909 0.098443
0.572479
0.659132 0.333333 0.969404 0.999556 0.996943 0.375000 0.999710 0.835336 0.221669 0.474498 0.181818 0.374102
0.572479
0.649528 0.333333 0.953563 0.999546 0.996750 0.375000 0.650271 0.525123 0.063996 0.120122 0.181818 0.103870
0.572479
0.659550 0.333333 0.970093 0.999554 0.996981 0.375000 0.999541 0.836278 0.225566 0.476862 0.272727 0.384040
0.572479
0.649854 0.333333 0.954102 0.999546 0.996733 0.375000 0.650494 0.525660 0.066201 0.121596 0.181818 0.108044
0.572479
0.659635 0.333333 0.970233 0.999555 0.996950 0.375000 0.999344 0.836337 0.227425 0.482048 0.090909 0.378762
0.572479
0.649932 0.333333 0.954229 0.999545 0.996799 0.375000 0.650412 0.525883 0.066323 0.122158 0.090909 0.102186
0.572479
0.659115 0.333333 0.969374 0.999552 0.996905 0.375000 0.999612 0.835195 0.222197 0.471392 0.000000 0.369760
0.572479
0.649504 0.333333 0.953524 0.999546 0.996754 0.375000 0.650311 0.525107 0.063507 0.119686 0.000000 0.101250
0.572479
0.659006 0.333333 0.969197 0.999555 0.996918 0.375000 0.999980 0.835401 0.220803 0.471169 0.181818 0.361225
0.572479
0.649530 0.333333 0.953568 0.999546 0.996789 0.375000 0.650303 0.525126 0.064146 0.120746 0.181818 0.102635
0.572479
0.659170 0.333333 0.969467 0.999554 0.996939 0.375000 0.999727 0.835265 0.222773 0.472950 0.181818 0.377620
0.572479
0.649906 0.333333 0.954186 0.999546 0.996741 0.375000 0.650405 0.525929 0.066176 0.121268 0.181818 0.103328
0.572479
0.659543 0.333333 0.970080 0.999553 0.996969 0.375000 0.999451 0.835967 0.226516 0.478525 0.181818 0.391039
0.572479
0.650009 0.333333 0.954359 0.999544 0.996781 0.375000 0.650361 0.526202 0.067157 0.121361 0.272727 0.101231
0.572479
0.659137 0.333333 0.969412 0.999554 0.996976 0.375000 0.999737 0.835420 0.222949 0.472569 0.181818 0.369704
0.572479
0.650001 0.333333 0.954341 0.999546 0.996794 0.375000 0.650411 0.525979 0.067159 0.121914 0.090909 0.102092
0.572479
0.659128 0.333333 0.969395 0.999554 0.996875 0.375000 0.999843 0.835330 0.222011 0.472115 0.181818 0.374308
0.572479
0.649941 0.333333 0.954244 0.999546 0.996733 0.375000 0.650414 0.526090 0.066496 0.121173 0.000000 0.100520
0.572479
0.659196 0.333333 0.969510 0.999553 0.996904 0.375000 0.999643 0.835328 0.223115 0.473969 0.090909 0.376029
0.572479
0.649965 0.333333 0.954284 0.999544 0.996740 0.375000 0.650410 0.526173 0.066630 0.121024 0.181818 0.098574
0.572479
0.659547 0.333333 0.970090 0.999553 0.996894 0.375000 0.999485 0.836036 0.226323 0.477928 0.181818 0.381794
0.572479
0.649847 0.333333 0.954090 0.999546 0.996835 0.375000 0.650607 0.525432 0.065854 0.120842 0.090909 0.111319
0.572479
0.659218 0.333333 0.969547 0.999554 0.996894 0.375000 0.999581 0.835376 0.223477 0.472690 0.181818 0.370901
0.572479
0.649667 0.333333 0.953793 0.999546 0.996729 0.375000 0.650242 0.525279 0.065272 0.121435 0.090909 0.100502
0.572479
0.659537 0.333333 0.970073 0.999554 0.996895 0.375000 0.999521 0.836229 0.226154 0.479325 0.181818 0.390646
0.572479
