1207 12 1
0.035621 1.000000 0.000000 0.000000 0.000000 0.000000 0.000000 0.000000 0.000000 0.000000 0.300000 0.000000
0.284803
0.142490 1.000000 0.352403 0.587682 0.000128 0.000268 0.048985 0.045044 0.007181 0.041308 0.600000 0.014588
0.284803
0.327053 1.000000 0.960979 0.999193 0.994849 0.997374 0.680103 0.536311 0.019943 0.116076 1.000000 0.051026
0.653621
0.142497 1.000000 0.352430 0.587683 0.000147 0.000162 0.161106 0.212115 0.043689 0.051385 0.300000 0.018456
0.284803
0.333524 1.000000 0.982322 0.999199 0.995022 0.996523 0.901652 0.728445 0.101390 0.405477 0.200000 0.232401
0.653621
0.142490 1.000000 0.352407 0.587683 0.000131 0.000167 0.067469 0.076101 0.008821 0.037835 0.200000 0.014931
0.284803
0.327021 1.000000 0.960876 0.999193 0.994842 0.996408 0.679932 0.535951 0.019840 0.114318 0.100000 0.049786
0.653621
0.142497 1.000000 0.352429 0.587683 0.000149 0.000171 0.162599 0.215097 0.044123 0.051502 0.300000 0.017966
0.284803
0.333346 1.000000 0.981735 0.999199 0.994971 0.997453 0.901926 0.728296 0.100226 0.403651 0.000000 0.228289
0.653621
0.142490 1.000000 0.352409 0.587683 0.000130 0.000167 0.066514 0.074627 0.008641 0.038908 0.200000 0.014099
0.284803
0.327058 1.000000 0.960997 0.999193 0.994853 0.996268 0.679916 0.536073 0.020129 0.115684 0.100000 0.052332
0.653621
0.142496 1.000000 0.352427 0.587684 0.000147 0.000167 0.160964 0.212175 0.044065 0.051258 0.300000 0.017183
0.284803
0.333342 1.000000 0.981720 0.999199 0.994946 0.996861 0.901635 0.728386 0.101203 0.402297 0.100000 0.235159
0.653621
0.142489 1.000000 0.352405 0.587683 0.000131 0.000154 0.065178 0.072794 0.008740 0.041490 0.200000 0.014229
0.284803
0.327082 1.000000 0.961076 0.999193 0.994840 0.995881 0.680090 0.536319 0.020033 0.116570 0.100000 0.049068
0.653621
0.142497 1.000000 0.352431 0.587683 0.000147 0.000136 0.161540 0.212923 0.043768 0.051564 0.300000 0.018146
0.284803
0.333415 1.000000 0.981963 0.999199 0.994982 0.994889 0.901656 0.728385 0.101580 0.403148 0.000000 0.230622
0.653621
0.142491 1.000000 0.352408 0.587683 0.000130 0.000162 0.066113 0.074513 0.008904 0.042125 0.200000 0.014735
0.284803
0.327022 1.000000 0.960879 0.999193 0.994880 0.995030 0.680242 0.536370 0.019929 0.115274 0.200000 0.049460
0.653621
0.142500 1.000000 0.352437 0.587684 0.000151 0.000136 0.161164 0.212244 0.043616 0.051443 0.300000 0.018031
0.284803
0.333383 1.000000 0.981859 0.999199 0.994971 0.995100 0.901525 0.728383 0.101264 0.403114 0.100000 0.226755
0.653621
0.142489 1.000000 0.352408 0.587683 0.000130 0.000110 0.066331 0.074735 0.008790 0.041416 0.200000 0.014327
0.284803
0.326969 1.000000 0.960702 0.999193 0.994868 0.994670 0.680205 0.536323 0.019711 0.114630 0.000000 0.047616
0.653621
0.142496 1.000000 0.352427 0.587683 0.000146 0.000141 0.161869 0.213755 0.044310 0.051323 0.300000 0.017656
0.284803
0.333422 1.000000 0.981984 0.999199 0.994967 0.996681 0.901796 0.728579 0.101123 0.403318 0.000000 0.229301
0.653621
0.142490 1.000000 0.352406 0.587684 0.000128 0.000105 0.066176 0.074674 0.008857 0.042421 0.200000 0.014556
0.284803
0.327064 1.000000 0.961019 0.999193 0.994889 0.994775 0.680208 0.536422 0.020109 0.116159 0.000000 0.050472
0.653621
0.142497 1.000000 0.352429 0.587685 0.000147 0.000162 0.161673 0.213775 0.045111 0.051277 0.300000 0.017215
0.284803
0.333395 1.000000 0.981895 0.999199 0.994958 0.995508 0.902018 0.728440 0.100372 0.403534 0.200000 0.227293
0.653621
0.142493 1.000000 0.352416 0.587685 0.000133 0.000136 0.066259 0.074820 0.008781 0.042619 0.200000 0.014229
0.284803
0.327037 1.000000 0.960926 0.999193 0.994877 0.995069 0.680249 0.536409 0.019859 0.115768 0.100000 0.049215
0.653621
0.142498 1.000000 0.352434 0.587686 0.000149 0.000145 0.161316 0.212889 0.044294 0.051255 0.300000 0.017297
0.284803
0.333321 1.000000 0.981651 0.999199 0.994952 0.994977 0.901620 0.728103 0.100541 0.403299 0.000000 0.234751
0.653621
0.142492 1.000000 0.352413 0.587684 0.000131 0.000114 0.066134 0.074168 0.008790 0.039886 0.200000 0.014050
0.284803
0.327048 1.000000 0.960964 0.999193 0.994886 0.994854 0.680006 0.536291 0.020298 0.115743 0.300000 0.051141
0.653621
0.142498 1.000000 0.352432 0.587686 0.000151 0.000088 0.162024 0.213950 0.043803 0.051650 0.300000 0.017803
0.284803
0.333388 1.000000 0.981874 0.999199 0.994967 0.995644 0.901612 0.728481 0.101377 0.403136 0.000000 0.231879
0.653621
0.142492 1.000000 0.352415 0.587686 0.000134 0.000132 0.067474 0.076762 0.008873 0.041891 0.200000 0.014703
0.284803
0.327034 1.000000 0.960917 0.999193 0.994880 0.995798 0.680186 0.536370 0.019921 0.115854 0.200000 0.049411
0.653621
0.142496 1.000000 0.352429 0.587686 0.000147 0.000092 0.160549 0.211168 0.043244 0.051443 0.300000 0.017232
0.284803
0.333335 1.000000 0.981699 0.999199 0.994958 0.994090 0.901436 0.728378 0.101224 0.403561 0.000000 0.224911
0.653621
0.142490 1.000000 0.352410 0.587686 0.000130 0.000101 0.067172 0.075938 0.008985 0.039799 0.200000 0.014115
0.284803
0.327046 1.000000 0.960956 0.999193 0.994873 0.994231 0.680019 0.536212 0.020089 0.115524 0.000000 0.051173
0.653621
0.142499 1.000000 0.352441 0.587686 0.000153 0.000136 0.159874 0.210132 0.043886 0.051271 0.300000 0.017787
0.284803
0.333504 1.000000 0.982255 0.999199 0.995002 0.994990 0.901788 0.728605 0.101743 0.403456 0.000000 0.229268
0.653621
0.142493 1.000000 0.352414 0.587686 0.000133 0.000141 0.065156 0.073347 0.008624 0.044938 0.200000 0.014311
0.284803
0.327069 1.000000 0.961035 0.999193 0.994852 0.994586 0.680441 0.536631 0.019927 0.115832 0.100000 0.051010
0.653621
0.142494 1.000000 0.352424 0.587686 0.000145 0.000092 0.160935 0.212343 0.044639 0.051508 0.300000 0.017232
0.284803
0.333420 1.000000 0.981978 0.999199 0.994982 0.995521 0.901887 0.728601 0.100989 0.402485 0.100000 0.230835
0.653621
0.142490 1.000000 0.352409 0.587686 0.000130 0.000101 0.066091 0.074647 0.008887 0.042989 0.200000 0.014621
0.284803
0.327042 1.000000 0.960944 0.999193 0.994891 0.993774 0.680295 0.536417 0.019957 0.115607 0.200000 0.052936
0.653621
0.142501 1.000000 0.352445 0.587686 0.000157 0.000110 0.161287 0.212563 0.044153 0.051619 0.300000 0.018244
0.284803
0.333392 1.000000 0.981885 0.999199 0.994973 0.993862 0.901478 0.728450 0.101467 0.403777 0.000000 0.223981
0.653621
0.142491 1.000000 0.352410 0.587686 0.000131 0.000105 0.066994 0.075774 0.008894 0.040879 0.200000 0.014262
0.284803
0.327016 1.000000 0.960859 0.999193 0.994884 0.994274 0.680152 0.536271 0.019898 0.114879 0.100000 0.049949
0.653621
0.142498 1.000000 0.352433 0.587686 0.000150 0.000114 0.161765 0.213215 0.043130 0.051499 0.300000 0.017640
0.284803
0.333488 1.000000 0.982204 0.999199 0.994999 0.995258 0.901887 0.728624 0.100443 0.404092 0.100000 0.222186
0.653621
0.142490 1.000000 0.352409 0.587686 0.000130 0.000127 0.065815 0.073166 0.008562 0.037147 0.200000 0.014148
0.284803
0.327080 1.000000 0.961071 0.999193 0.994882 0.994735 0.679754 0.535893 0.020338 0.115357 0.100000 0.055057
0.653621
0.142498 1.000000 0.352435 0.587686 0.000152 0.000119 0.161232 0.212983 0.045167 0.051360 0.300000 0.017917
0.284803
0.333253 1.000000 0.981428 0.999199 0.994976 0.995394 0.901722 0.728284 0.100514 0.403410 0.000000 0.226004
0.653621
0.142492 1.000000 0.352410 0.587686 0.000133 0.000097 0.066911 0.075925 0.008903 0.042560 0.200000 0.014703
0.284803
0.326985 1.000000 0.960758 0.999193 0.994848 0.994973 0.680306 0.536430 0.019534 0.115154 0.300000 0.048105
0.653621
0.142499 1.000000 0.352438 0.587686 0.000154 0.000105 0.161448 0.212670 0.043464 0.051428 0.300000 0.017640
0.284803
0.333490 1.000000 0.982208 0.999199 0.995023 0.994753 0.901709 0.728561 0.100951 0.404036 0.100000 0.226608
0.653621
0.142490 1.000000 0.352408 0.587686 0.000132 0.000127 0.066057 0.073826 0.008749 0.038667 0.200000 0.014425
0.284803
0.327045 1.000000 0.960954 0.999193 0.994876 0.994714 0.679915 0.536059 0.020160 0.115475 0.100000 0.051761
0.653621
0.142498 1.000000 0.352433 0.587687 0.000153 0.000141 0.162237 0.214184 0.044318 0.051277 0.300000 0.017215
0.284803
0.333471 1.000000 0.982145 0.999199 0.994972 0.996180 0.901731 0.728654 0.101303 0.403938 0.100000 0.222937
0.653621
0.142492 1.000000 0.352412 0.587685 0.000134 0.000141 0.067773 0.077343 0.008895 0.042397 0.200000 0.014507
0.284803
0.327042 1.000000 0.960943 0.999193 0.994856 0.995912 0.680204 0.536401 0.019980 0.115783 0.000000 0.049672
0.653621
0.142499 1.000000 0.352436 0.587686 0.000152 0.000110 0.162519 0.214860 0.044198 0.051591 0.300000 0.018064
0.284803
0.333225 1.000000 0.981336 0.999199 0.994978 0.996312 0.901644 0.728361 0.100676 0.400832 0.200000 0.240038
0.653621
0.142490 1.000000 0.352402 0.587684 0.000128 0.000119 0.065491 0.072915 0.008548 0.039186 0.200000 0.013985
0.284803
0.327060 1.000000 0.961005 0.999193 0.994857 0.994301 0.679968 0.536176 0.020013 0.115373 0.200000 0.051924
0.653621
0.142498 1.000000 0.352434 0.587685 0.000148 0.000105 0.162924 0.215371 0.043555 0.051487 0.300000 0.017591
0.284803
0.333284 1.000000 0.981531 0.999199 0.994972 0.995456 0.901847 0.728532 0.100249 0.401316 0.000000 0.219461
0.653621
0.142492 1.000000 0.352410 0.587685 0.000133 0.000101 0.066298 0.075045 0.008807 0.043633 0.200000 0.014621
0.284803
0.327062 1.000000 0.961011 0.999193 0.994853 0.994011 0.680319 0.536417 0.019810 0.115635 0.100000 0.053572
0.653621
0.142496 1.000000 0.352426 0.587686 0.000147 0.000123 0.161000 0.211628 0.042544 0.051576 0.300000 0.017330
0.284803
0.333513 1.000000 0.982285 0.999199 0.995025 0.995192 0.901541 0.728443 0.101330 0.404376 0.100000 0.223263
0.653621
0.142490 1.000000 0.352405 0.587686 0.000130 0.000097 0.066162 0.074638 0.008660 0.042674 0.200000 0.013479
0.284803
0.327045 1.000000 0.960955 0.999193 0.994880 0.995539 0.680223 0.536419 0.019855 0.116181 0.100000 0.048546
0.653621
0.142499 1.000000 0.352439 0.587686 0.000157 0.000092 0.160345 0.211180 0.043495 0.051724 0.300000 0.017591
0.284803
0.333142 1.000000 0.981064 0.999199 0.994978 0.995631 0.901750 0.728249 0.099582 0.401797 0.000000 0.238390
0.653621
0.142492 1.000000 0.352412 0.587685 0.000135 0.000132 0.066659 0.075542 0.008966 0.042619 0.200000 0.014311
0.284803
0.326999 1.000000 0.960802 0.999193 0.994852 0.994775 0.680299 0.536417 0.019690 0.114978 0.000000 0.050325
0.653621
0.142499 1.000000 0.352438 0.587686 0.000154 0.000114 0.160116 0.209996 0.042653 0.051302 0.300000 0.017330
0.284803
0.333591 1.000000 0.982540 0.999199 0.994998 0.995350 0.901610 0.728355 0.099918 0.404249 0.200000 0.232205
0.653621
0.142492 1.000000 0.352410 0.587684 0.000131 0.000132 0.065324 0.072846 0.008650 0.040469 0.200000 0.013903
0.284803
0.327019 1.000000 0.960870 0.999193 0.994863 0.994986 0.680070 0.536228 0.019954 0.115182 0.100000 0.049231
0.653621
0.142497 1.000000 0.352434 0.587686 0.000151 0.000162 0.162810 0.215511 0.044706 0.051536 0.300000 0.017721
0.284803
0.333284 1.000000 0.981531 0.999199 0.994975 0.994810 0.901751 0.728321 0.100045 0.402658 0.000000 0.229219
0.653621
0.142492 1.000000 0.352409 0.587685 0.000131 0.000127 0.066932 0.075138 0.008823 0.037532 0.200000 0.014996
0.284803
0.327075 1.000000 0.961055 0.999193 0.994840 0.995359 0.679855 0.535948 0.020181 0.114741 0.000000 0.049900
0.653621
0.142496 1.000000 0.352429 0.587685 0.000148 0.000154 0.161026 0.211879 0.043584 0.051789 0.300000 0.018129
0.284803
0.333504 1.000000 0.982259 0.999199 0.995015 0.996066 0.901513 0.728490 0.101344 0.405838 0.200000 0.222986
0.653621
0.142492 1.000000 0.352406 0.587684 0.000130 0.000272 0.067138 0.076496 0.008857 0.043781 0.200000 0.014050
0.284803
0.327059 1.000000 0.961002 0.999193 0.994859 0.995363 0.680316 0.536485 0.019865 0.115993 0.000000 0.053066
0.653621
0.142498 1.000000 0.352436 0.587685 0.000153 0.000272 0.161269 0.212816 0.044661 0.051647 0.300000 0.017395
0.284803
0.333390 1.000000 0.981884 0.999199 0.994972 0.995254 0.901898 0.728639 0.100541 0.403543 0.000000 0.232222
0.653621
0.142491 1.000000 0.352409 0.587685 0.000131 0.000246 0.065931 0.073748 0.008736 0.039657 0.200000 0.014033
0.284803
0.327032 1.000000 0.960912 0.999193 0.994868 0.994771 0.680034 0.536253 0.019873 0.115123 0.100000 0.049346
0.653621
0.142499 1.000000 0.352440 0.587686 0.000153 0.000215 0.161694 0.213018 0.043335 0.051533 0.300000 0.018390
0.284803
0.333470 1.000000 0.982143 0.999199 0.995016 0.996413 0.901608 0.728471 0.100798 0.404567 0.000000 0.223051
0.653621
0.142492 1.000000 0.352411 0.587686 0.000133 0.000241 0.066410 0.074477 0.008836 0.039000 0.200000 0.014539
0.284803
0.327065 1.000000 0.961021 0.999193 0.994868 0.994880 0.679873 0.536227 0.020261 0.115749 0.100000 0.051336
0.653621
0.142497 1.000000 0.352431 0.587684 0.000146 0.000263 0.160818 0.211750 0.044607 0.051511 0.300000 0.017754
0.284803
0.333268 1.000000 0.981475 0.999199 0.994966 0.994898 0.901267 0.728224 0.100895 0.403089 0.200000 0.225874
0.653621
0.142491 1.000000 0.352411 0.587684 0.000131 0.000149 0.065840 0.074070 0.008712 0.042384 0.200000 0.014425
0.284803
0.327015 1.000000 0.960859 0.999193 0.994864 0.994819 0.680204 0.536376 0.019851 0.115839 0.100000 0.049101
0.653621
0.142498 1.000000 0.352433 0.587687 0.000152 0.000136 0.160802 0.211679 0.043284 0.051419 0.300000 0.016922
0.284803
0.333333 1.000000 0.981693 0.999199 0.994956 0.994744 0.902061 0.728627 0.100127 0.399888 0.100000 0.224829
0.653621
0.142491 1.000000 0.352408 0.587686 0.000131 0.000132 0.065615 0.073745 0.008732 0.042566 0.200000 0.014751
0.284803
0.327005 1.000000 0.960823 0.999193 0.994864 0.994037 0.680322 0.536385 0.019496 0.115197 0.200000 0.051516
0.653621
0.142498 1.000000 0.352430 0.587685 0.000148 0.000092 0.159204 0.208896 0.043793 0.051397 0.300000 0.018048
0.284803
0.333489 1.000000 0.982207 0.999199 0.995009 0.995034 0.901860 0.728547 0.099906 0.403065 0.000000 0.222871
0.653621
0.142492 1.000000 0.352415 0.587686 0.000135 0.000136 0.067421 0.076186 0.008779 0.039062 0.200000 0.014931
0.284803
0.327063 1.000000 0.961015 0.999193 0.994833 0.994411 0.679932 0.536142 0.020188 0.114778 0.000000 0.051663
0.653621
0.142499 1.000000 0.352437 0.587685 0.000149 0.000105 0.162309 0.214515 0.044323 0.051616 0.300000 0.018439
0.284803
0.333337 1.000000 0.981705 0.999199 0.994992 0.995377 0.901913 0.728606 0.100732 0.401276 0.100000 0.232140
0.653621
0.142491 1.000000 0.352412 0.587686 0.000134 0.000149 0.067950 0.077484 0.008908 0.041650 0.200000 0.015078
0.284803
0.327053 1.000000 0.960982 0.999193 0.994862 0.993778 0.680095 0.536292 0.019960 0.116526 0.200000 0.050455
0.653621
0.142498 1.000000 0.352435 0.587686 0.000150 0.000167 0.162581 0.214711 0.043888 0.051416 0.300000 0.017819
0.284803
0.333445 1.000000 0.982057 0.999199 0.994970 0.994384 0.901837 0.728534 0.100676 0.403093 0.100000 0.223083
0.653621
0.142491 1.000000 0.352411 0.587686 0.000132 0.000250 0.067004 0.076128 0.008768 0.042958 0.200000 0.014164
0.284803
0.327011 1.000000 0.960841 0.999193 0.994855 0.994937 0.680305 0.536385 0.019588 0.115212 0.100000 0.050700
0.653621
0.142497 1.000000 0.352432 0.587685 0.000149 0.000285 0.161067 0.211977 0.043524 0.051706 0.300000 0.018178
0.284803
0.333409 1.000000 0.981941 0.999199 0.994983 0.995377 0.901515 0.728380 0.100876 0.403713 0.200000 0.227701
0.653621
0.142490 1.000000 0.352407 0.587685 0.000131 0.000154 0.066742 0.075368 0.008633 0.041471 0.200000 0.013870
0.284803
0.327014 1.000000 0.960850 0.999193 0.994888 0.993879 0.680120 0.536343 0.019742 0.115240 0.100000 0.048367
0.653621
0.142497 1.000000 0.352434 0.587686 0.000152 0.000101 0.162036 0.213167 0.042791 0.051187 0.300000 0.017428
0.284803
0.333421 1.000000 0.981985 0.999199 0.994987 0.995662 0.901029 0.728196 0.101163 0.406054 0.100000 0.230117
0.653621
0.142490 1.000000 0.352408 0.587686 0.000132 0.000097 0.066487 0.074528 0.008664 0.038664 0.200000 0.014409
0.284803
0.327051 1.000000 0.960974 0.999193 0.994849 0.994411 0.679885 0.536089 0.020246 0.115419 0.300000 0.051777
0.653621
0.142498 1.000000 0.352435 0.587687 0.000152 0.000101 0.161871 0.213667 0.043990 0.051302 0.300000 0.017460
0.284803
0.333350 1.000000 0.981750 0.999199 0.994985 0.995289 0.901713 0.728604 0.101218 0.403805 0.200000 0.224993
0.653621
0.142492 1.000000 0.352411 0.587686 0.000131 0.000123 0.066212 0.074356 0.008670 0.040530 0.200000 0.013985
0.284803
0.327043 1.000000 0.960950 0.999193 0.994864 0.995144 0.680031 0.536323 0.020108 0.115876 0.100000 0.050064
0.653621
0.142500 1.000000 0.352437 0.587686 0.000151 0.000092 0.163122 0.215810 0.044364 0.051514 0.300000 0.017885
0.284803
0.333408 1.000000 0.981937 0.999199 0.994959 0.994929 0.901779 0.728619 0.101268 0.402843 0.200000 0.226102
0.653621
0.142493 1.000000 0.352410 0.587686 0.000132 0.000119 0.066334 0.075032 0.008773 0.043131 0.200000 0.014654
0.284803
0.326983 1.000000 0.960753 0.999193 0.994840 0.994735 0.680332 0.536425 0.019540 0.115071 0.000000 0.050765
0.653621
0.142498 1.000000 0.352430 0.587685 0.000149 0.000110 0.160539 0.211289 0.043568 0.051724 0.300000 0.017215
0.284803
0.333283 1.000000 0.981528 0.999199 0.994934 0.995289 0.901702 0.728482 0.100784 0.401066 0.200000 0.218417
0.653621
0.142490 1.000000 0.352406 0.587684 0.000129 0.000141 0.066257 0.074608 0.008743 0.041579 0.200000 0.014458
0.284803
0.327031 1.000000 0.960912 0.999193 0.994880 0.994735 0.680148 0.536326 0.019923 0.115576 0.100000 0.049313
0.653621
0.142499 1.000000 0.352436 0.587685 0.000152 0.000105 0.161412 0.213420 0.045176 0.051625 0.300000 0.017721
0.284803
0.333320 1.000000 0.981648 0.999199 0.994968 0.996470 0.901963 0.728337 0.100089 0.401581 0.200000 0.222937
0.653621
0.142491 1.000000 0.352410 0.587684 0.000130 0.000119 0.066622 0.075301 0.008762 0.041986 0.200000 0.014327
0.284803
0.326990 1.000000 0.960773 0.999193 0.994879 0.994977 0.680232 0.536358 0.019680 0.114697 0.000000 0.047159
0.653621
0.142500 1.000000 0.352436 0.587685 0.000148 0.000123 0.160525 0.211317 0.043655 0.051379 0.300000 0.017118
0.284803
0.333344 1.000000 0.981730 0.999199 0.994955 0.993344 0.901641 0.728487 0.100870 0.402278 0.000000 0.226151
0.653621
0.142491 1.000000 0.352414 0.587686 0.000133 0.000132 0.065866 0.074210 0.008778 0.042890 0.200000 0.014703
0.284803
0.327020 1.000000 0.960875 0.999193 0.994864 0.995794 0.680287 0.536432 0.019867 0.115129 0.000000 0.050798
0.653621
0.142497 1.000000 0.352432 0.587685 0.000150 0.000114 0.161234 0.212449 0.043556 0.051175 0.300000 0.017509
0.284803
0.333350 1.000000 0.981746 0.999199 0.994970 0.995530 0.901694 0.728496 0.100920 0.403037 0.200000 0.226282
0.653621
0.142491 1.000000 0.352407 0.587684 0.000128 0.000110 0.068049 0.076791 0.009118 0.035225 0.200000 0.014262
0.284803
0.327104 1.000000 0.961149 0.999193 0.994850 0.994494 0.679611 0.535774 0.020421 0.115533 0.000000 0.054241
0.653621
0.142497 1.000000 0.352430 0.587685 0.000150 0.000114 0.161854 0.213076 0.042915 0.051391 0.300000 0.017754
0.284803
0.333405 1.000000 0.981932 0.999199 0.994984 0.995684 0.901282 0.728263 0.101305 0.404477 0.000000 0.231177
0.653621
0.142490 1.000000 0.352408 0.587685 0.000130 0.000119 0.067128 0.076027 0.008810 0.041237 0.200000 0.015062
0.284803
0.327016 1.000000 0.960860 0.999193 0.994862 0.994059 0.680120 0.536316 0.019859 0.115660 0.000000 0.049852
0.653621
0.142497 1.000000 0.352427 0.587685 0.000147 0.000119 0.160688 0.212001 0.044615 0.051613 0.300000 0.018292
0.284803
0.333406 1.000000 0.981936 0.999199 0.994979 0.996356 0.902207 0.728420 0.099794 0.402361 0.200000 0.233445
0.653621
0.142491 1.000000 0.352409 0.587685 0.000131 0.000141 0.066413 0.074864 0.008910 0.041329 0.200000 0.015013
0.284803
0.327030 1.000000 0.960906 0.999193 0.994890 0.996158 0.680155 0.536306 0.019957 0.115472 0.100000 0.050684
0.653621
0.142497 1.000000 0.352430 0.587685 0.000147 0.000088 0.161644 0.213119 0.043923 0.051490 0.300000 0.018048
0.284803
0.333453 1.000000 0.982087 0.999199 0.994987 0.995416 0.901742 0.728526 0.101344 0.402877 0.000000 0.233429
0.653621
0.142491 1.000000 0.352405 0.587685 0.000131 0.000092 0.066676 0.074900 0.008831 0.038723 0.200000 0.015208
0.284803
0.327057 1.000000 0.960999 0.999193 0.994855 0.994292 0.679916 0.536092 0.020125 0.115456 0.000000 0.051434
0.653621
0.142497 1.000000 0.352432 0.587685 0.000150 0.000149 0.160093 0.210760 0.044315 0.051502 0.300000 0.017477
0.284803
0.333367 1.000000 0.981804 0.999199 0.994968 0.996075 0.901665 0.728534 0.101519 0.402223 0.100000 0.224927
0.653621
0.142491 1.000000 0.352407 0.587685 0.000130 0.000123 0.065365 0.073329 0.008725 0.042798 0.200000 0.014327
0.284803
0.327038 1.000000 0.960929 0.999193 0.994897 0.995192 0.680252 0.536394 0.019830 0.115786 0.100000 0.049933
0.653621
0.142498 1.000000 0.352435 0.587686 0.000150 0.000110 0.161311 0.213158 0.045059 0.051283 0.300000 0.017444
0.284803
0.333470 1.000000 0.982144 0.999199 0.995007 0.995205 0.902013 0.728409 0.100828 0.403790 0.100000 0.231879
0.653621
0.142492 1.000000 0.352410 0.587685 0.000131 0.000114 0.065027 0.072235 0.008471 0.040173 0.200000 0.014229
0.284803
0.327054 1.000000 0.960986 0.999193 0.994869 0.994573 0.680004 0.536226 0.020075 0.115422 0.000000 0.050259
0.653621
0.142498 1.000000 0.352433 0.587684 0.000147 0.000132 0.161975 0.214123 0.044905 0.051693 0.300000 0.017313
0.284803
0.333165 1.000000 0.981136 0.999199 0.994974 0.994880 0.901512 0.727938 0.099719 0.403447 0.100000 0.238471
0.653621
0.142489 1.000000 0.352408 0.587685 0.000131 0.000097 0.066087 0.074436 0.008965 0.041915 0.200000 0.014360
0.284803
0.327030 1.000000 0.960906 0.999193 0.994876 0.995447 0.680220 0.536363 0.019684 0.115527 0.200000 0.047828
0.653621
0.142499 1.000000 0.352435 0.587686 0.000151 0.000119 0.162593 0.214899 0.044378 0.051641 0.300000 0.017852
0.284803
0.333315 1.000000 0.981632 0.999199 0.994979 0.995978 0.901632 0.728471 0.100598 0.402550 0.000000 0.229529
0.653621
0.142495 1.000000 0.352417 0.587686 0.000134 0.000119 0.066322 0.074928 0.008728 0.042794 0.200000 0.014360
0.284803
0.327019 1.000000 0.960869 0.999193 0.994879 0.994639 0.680255 0.536382 0.019701 0.115780 0.200000 0.049068
0.653621
0.142497 1.000000 0.352430 0.587686 0.000151 0.000119 0.162801 0.214573 0.042664 0.051366 0.300000 0.016971
0.284803
0.333556 1.000000 0.982428 0.999199 0.994992 0.996852 0.901385 0.728464 0.101722 0.405912 0.100000 0.224911
0.653621
0.142491 1.000000 0.352411 0.587685 0.000133 0.000101 0.066755 0.075859 0.008852 0.043930 0.200000 0.014670
0.284803
0.327037 1.000000 0.960924 0.999193 0.994892 0.994709 0.680379 0.536439 0.019688 0.115277 0.200000 0.053034
0.653621
0.142498 1.000000 0.352433 0.587685 0.000149 0.000110 0.163767 0.217427 0.045482 0.051628 0.200000 0.017982
0.284803
0.333383 1.000000 0.981857 0.999199 0.994965 0.995284 0.901757 0.728361 0.100811 0.402759 0.100000 0.228060
0.653621
0.142491 1.000000 0.352408 0.587685 0.000131 0.000119 0.067157 0.076050 0.009016 0.040947 0.100000 0.014588
0.284803
0.327030 1.000000 0.960907 0.999193 0.994888 0.994397 0.680082 0.536297 0.019976 0.115697 0.100000 0.050162
0.653621
0.142498 1.000000 0.352435 0.587686 0.000152 0.000132 0.160154 0.211187 0.045251 0.051635 0.300000 0.018570
0.284803
0.333391 1.000000 0.981882 0.999199 0.994981 0.995438 0.901971 0.728284 0.100511 0.402065 0.200000 0.226151
0.653621
0.142492 1.000000 0.352410 0.587684 0.000131 0.000119 0.065843 0.072867 0.008631 0.034812 0.200000 0.014409
0.284803
0.327066 1.000000 0.961027 0.999193 0.994858 0.994661 0.679549 0.535809 0.020097 0.115354 0.100000 0.055857
0.653621
0.142497 1.000000 0.352430 0.587686 0.000149 0.000127 0.160501 0.210645 0.042726 0.051422 0.300000 0.017558
0.284803
0.333580 1.000000 0.982506 0.999199 0.994984 0.995082 0.901311 0.728501 0.101245 0.405202 0.000000 0.219134
0.653621
0.142491 1.000000 0.352405 0.587686 0.000130 0.000119 0.066465 0.074788 0.008706 0.040854 0.200000 0.014262
0.284803
0.327063 1.000000 0.961015 0.999193 0.994882 0.994920 0.680095 0.536299 0.019798 0.115654 0.100000 0.048497
0.653621
0.142497 1.000000 0.352431 0.587685 0.000145 0.000158 0.162720 0.214642 0.043107 0.051459 0.300000 0.017901
0.284803
0.333481 1.000000 0.982179 0.999199 0.994988 0.995060 0.901548 0.728470 0.100576 0.404943 0.300000 0.218155
0.653621
0.142491 1.000000 0.352413 0.587685 0.000134 0.000158 0.066091 0.074282 0.008798 0.041453 0.200000 0.013968
0.284803
0.327061 1.000000 0.961006 0.999193 0.994873 0.994880 0.680055 0.536303 0.019900 0.116082 0.200000 0.050145
0.653621
0.142497 1.000000 0.352432 0.587687 0.000151 0.000132 0.162030 0.213889 0.044547 0.051218 0.300000 0.017836
0.284803
0.333220 1.000000 0.981321 0.999199 0.994994 0.996883 0.901517 0.728270 0.100819 0.400779 0.100000 0.233723
0.653621
0.142491 1.000000 0.352413 0.587686 0.000134 0.000123 0.065952 0.074409 0.008736 0.043310 0.200000 0.014458
0.284803
0.327058 1.000000 0.960999 0.999193 0.994877 0.995175 0.680273 0.536465 0.019836 0.116526 0.000000 0.053082
0.653621
0.142497 1.000000 0.352432 0.587686 0.000150 0.000105 0.162068 0.213864 0.044002 0.051601 0.300000 0.017754
0.284803
0.333342 1.000000 0.981721 0.999199 0.994933 0.994700 0.901527 0.728427 0.100852 0.403518 0.200000 0.228534
0.653621
0.142493 1.000000 0.352414 0.587686 0.000133 0.000105 0.066168 0.074632 0.008745 0.042612 0.200000 0.014654
0.284803
0.327022 1.000000 0.960879 0.999193 0.994886 0.994226 0.680239 0.536406 0.019807 0.115910 0.200000 0.049003
0.653621
0.142498 1.000000 0.352434 0.587686 0.000151 0.000105 0.162539 0.214734 0.044098 0.051419 0.300000 0.017379
0.284803
0.333377 1.000000 0.981836 0.999199 0.994969 0.995126 0.901642 0.728459 0.100889 0.402911 0.100000 0.228403
0.653621
0.142491 1.000000 0.352413 0.587686 0.000136 0.000114 0.066717 0.075252 0.008741 0.040820 0.200000 0.014735
0.284803
0.327044 1.000000 0.960955 0.999193 0.994866 0.994138 0.680105 0.536277 0.019910 0.115268 0.300000 0.049998
0.653621
0.142498 1.000000 0.352437 0.587686 0.000151 0.000105 0.161557 0.212513 0.042876 0.051588 0.300000 0.017395
0.284803
0.333488 1.000000 0.982202 0.999199 0.994974 0.995846 0.901273 0.728364 0.101745 0.406122 0.200000 0.226265
0.653621
0.142493 1.000000 0.352415 0.587686 0.000136 0.000119 0.065025 0.072607 0.008416 0.042393 0.200000 0.014523
0.284803
0.327015 1.000000 0.960858 0.999193 0.994884 0.993568 0.680282 0.536392 0.019727 0.115132 0.000000 0.048285
0.653621
0.142499 1.000000 0.352436 0.587686 0.000151 0.000110 0.162271 0.214457 0.044192 0.051554 0.300000 0.018358
0.284803
0.333328 1.000000 0.981676 0.999199 0.994965 0.995412 0.901887 0.728553 0.100795 0.400628 0.000000 0.232238
0.653621
0.142489 1.000000 0.352407 0.587684 0.000130 0.000101 0.065449 0.073095 0.008821 0.040691 0.200000 0.014817
0.284803
0.327050 1.000000 0.960970 0.999193 0.994858 0.995161 0.680069 0.536300 0.019963 0.115811 0.200000 0.050276
0.653621
0.142497 1.000000 0.352432 0.587685 0.000150 0.000105 0.163151 0.215895 0.044181 0.051493 0.300000 0.017460
0.284803
0.333422 1.000000 0.981986 0.999199 0.994944 0.995052 0.901877 0.728586 0.100816 0.403864 0.200000 0.232564
0.653621
0.142489 1.000000 0.352407 0.587685 0.000132 0.000119 0.065927 0.073930 0.008836 0.040740 0.200000 0.014931
0.284803
0.327044 1.000000 0.960950 0.999193 0.994882 0.994042 0.680125 0.536242 0.020073 0.115231 0.300000 0.050798
0.653621
0.142498 1.000000 0.352435 0.587686 0.000148 0.000145 0.161321 0.212989 0.044561 0.051357 0.300000 0.017607
0.284803
0.333413 1.000000 0.981954 0.999199 0.994963 0.994779 0.901914 0.728368 0.101064 0.402408 0.100000 0.230084
0.653621
0.142491 1.000000 0.352409 0.587686 0.000132 0.000127 0.065957 0.074137 0.008785 0.041863 0.200000 0.015110
0.284803
0.327025 1.000000 0.960889 0.999193 0.994880 0.993629 0.680205 0.536336 0.019847 0.115620 0.100000 0.049998
0.653621
0.142496 1.000000 0.352428 0.587685 0.000144 0.000101 0.160059 0.210413 0.043507 0.051431 0.300000 0.017836
0.284803
0.333321 1.000000 0.981649 0.999199 0.994951 0.994863 0.901559 0.728473 0.101185 0.403851 0.200000 0.224193
0.653621
0.142492 1.000000 0.352408 0.587685 0.000133 0.000097 0.066631 0.074553 0.008777 0.037017 0.200000 0.013936
0.284803
0.327076 1.000000 0.961057 0.999193 0.994845 0.993998 0.679777 0.535873 0.020026 0.115314 0.400000 0.053735
0.653621
0.142499 1.000000 0.352435 0.587685 0.000148 0.000132 0.160304 0.210119 0.041964 0.051730 0.300000 0.017672
0.284803
0.333486 1.000000 0.982194 0.999199 0.994970 0.995074 0.901350 0.728250 0.100082 0.405807 0.100000 0.221876
0.653621
0.142492 1.000000 0.352414 0.587686 0.000135 0.000241 0.066842 0.075309 0.008860 0.039617 0.200000 0.014344
0.284803
0.327034 1.000000 0.960920 0.999193 0.994873 0.996856 0.680018 0.536231 0.019930 0.115431 0.300000 0.051092
0.653621
0.142498 1.000000 0.352434 0.587686 0.000148 0.000114 0.163011 0.215177 0.042951 0.051653 0.300000 0.017770
0.284803
0.333359 1.000000 0.981778 0.999199 0.994941 0.996079 0.901425 0.728329 0.101844 0.402729 0.100000 0.227245
0.653621
0.142492 1.000000 0.352414 0.587686 0.000136 0.000101 0.066506 0.075251 0.008974 0.042554 0.200000 0.015078
0.284803
0.327022 1.000000 0.960879 0.999193 0.994881 0.994586 0.680291 0.536418 0.019757 0.115049 0.100000 0.047779
0.653621
0.142497 1.000000 0.352431 0.587685 0.000148 0.000123 0.161657 0.213561 0.044464 0.051465 0.300000 0.017118
0.284803
0.333303 1.000000 0.981593 0.999199 0.994972 0.997774 0.901681 0.728187 0.100832 0.401908 0.000000 0.229301
0.653621
0.142491 1.000000 0.352412 0.587685 0.000134 0.000105 0.066792 0.075109 0.008821 0.038889 0.200000 0.015469
0.284803
0.327053 1.000000 0.960981 0.999193 0.994870 0.995394 0.680008 0.536151 0.020008 0.114654 0.000000 0.052022
0.653621
0.142499 1.000000 0.352437 0.587685 0.000147 0.000097 0.160675 0.211197 0.043160 0.051554 0.300000 0.018211
0.284803
0.333383 1.000000 0.981855 0.999199 0.994968 0.994806 0.901684 0.728458 0.100551 0.401507 0.100000 0.222790
0.653621
0.142492 1.000000 0.352415 0.587685 0.000136 0.000114 0.066860 0.075661 0.008802 0.041851 0.200000 0.014523
0.284803
0.327011 1.000000 0.960841 0.999193 0.994874 0.995065 0.680148 0.536316 0.019826 0.115752 0.300000 0.047893
0.653621
0.142498 1.000000 0.352430 0.587685 0.000147 0.000083 0.160442 0.210777 0.043247 0.051400 0.300000 0.017101
0.284803
0.333598 1.000000 0.982563 0.999199 0.995009 0.993989 0.901520 0.728493 0.101238 0.406541 0.200000 0.221468
0.653621
0.142492 1.000000 0.352412 0.587686 0.000135 0.000101 0.065341 0.072874 0.008490 0.040965 0.200000 0.014735
0.284803
0.327059 1.000000 0.960999 0.999193 0.994842 0.995557 0.680032 0.536286 0.020243 0.115863 0.100000 0.049639
0.653621
0.142497 1.000000 0.352429 0.587685 0.000146 0.000105 0.160556 0.211237 0.043388 0.051730 0.300000 0.018341
0.284803
0.333354 1.000000 0.981761 0.999199 0.994980 0.994643 0.901732 0.728419 0.100091 0.402161 0.100000 0.224519
0.653621
0.142492 1.000000 0.352414 0.587686 0.000134 0.000167 0.064785 0.072039 0.008442 0.041394 0.200000 0.014148
0.284803
0.327081 1.000000 0.961073 0.999192 0.994841 0.996193 0.680110 0.536363 0.019905 0.115900 0.000000 0.048383
0.653621
0.142499 1.000000 0.352435 0.587684 0.000148 0.000171 0.161967 0.213689 0.043197 0.051622 0.300000 0.017738
0.284803
0.333366 1.000000 0.981801 0.999198 0.994977 0.996843 0.901741 0.728526 0.100999 0.402880 0.000000 0.226200
0.653621
0.142490 1.000000 0.352410 0.587685 0.000131 0.000132 0.065233 0.073338 0.008644 0.044081 0.200000 0.014572
0.284803
0.327065 1.000000 0.961021 0.999192 0.994869 0.998029 0.680363 0.536561 0.019979 0.115851 0.100000 0.052120
0.653621
0.142498 1.000000 0.352432 0.587684 0.000149 0.000136 0.162562 0.214719 0.043611 0.051496 0.300000 0.017966
0.284803
0.333426 1.000000 0.982000 0.999198 0.994995 0.997005 0.901923 0.728593 0.100540 0.402044 0.000000 0.227750
0.653621
0.142491 1.000000 0.352410 0.587686 0.000132 0.000158 0.066028 0.074218 0.008902 0.041271 0.200000 0.013985
0.284803
0.327015 1.000000 0.960856 0.999192 0.994868 0.996861 0.680147 0.536337 0.019621 0.115428 0.200000 0.047632
0.653621
0.142497 1.000000 0.352427 0.587686 0.000146 0.000145 0.160896 0.212044 0.044253 0.051268 0.300000 0.017379
0.284803
0.333340 1.000000 0.981715 0.999198 0.994973 0.997831 0.901764 0.728510 0.101109 0.401985 0.100000 0.222365
0.653621
0.142491 1.000000 0.352408 0.587686 0.000135 0.000136 0.066881 0.075832 0.008948 0.042202 0.200000 0.015078
0.284803
0.327018 1.000000 0.960869 0.999192 0.994867 0.996184 0.680224 0.536420 0.019810 0.115965 0.000000 0.047649
0.653621
0.142498 1.000000 0.352435 0.587686 0.000150 0.000136 0.161085 0.212231 0.043516 0.051292 0.300000 0.017591
0.284803
0.333402 1.000000 0.981919 0.999198 0.994936 0.997699 0.901592 0.728500 0.100952 0.404505 0.100000 0.224552
0.653621
0.142490 1.000000 0.352409 0.587686 0.000132 0.000132 0.066677 0.074861 0.008774 0.038501 0.200000 0.014180
0.284803
0.327012 1.000000 0.960845 0.999192 0.994864 0.996079 0.679970 0.536078 0.019879 0.114429 0.100000 0.049803
0.653621
0.142499 1.000000 0.352439 0.587686 0.000151 0.000154 0.162171 0.214155 0.043888 0.051190 0.300000 0.016873
0.284803
0.333241 1.000000 0.981390 0.999198 0.994940 0.996364 0.901582 0.728428 0.100605 0.401840 0.200000 0.224356
0.653621
0.142491 1.000000 0.352411 0.587686 0.000133 0.000149 0.065369 0.073269 0.008694 0.042458 0.200000 0.014197
0.284803
0.327024 1.000000 0.960889 0.999192 0.994872 0.995499 0.680245 0.536414 0.019757 0.115509 0.000000 0.047828
0.653621
0.142498 1.000000 0.352434 0.587686 0.000148 0.000132 0.161093 0.212465 0.044185 0.051709 0.300000 0.017574
0.284803
0.333273 1.000000 0.981494 0.999198 0.994967 0.993932 0.901692 0.728066 0.100744 0.401526 0.100000 0.229333
0.653621
0.142491 1.000000 0.352407 0.587686 0.000130 0.000132 0.065945 0.073332 0.008599 0.036656 0.200000 0.013854
0.284803
0.327022 1.000000 0.960879 0.999192 0.994839 0.994336 0.679765 0.535848 0.020068 0.114704 0.200000 0.054714
0.653621
0.142498 1.000000 0.352435 0.587686 0.000150 0.000141 0.161738 0.213344 0.043510 0.051551 0.300000 0.017379
0.284803
0.333390 1.000000 0.981879 0.999198 0.994972 0.995706 0.901673 0.728504 0.100832 0.403534 0.000000 0.224764
0.653621
0.142494 1.000000 0.352414 0.587686 0.000136 0.000132 0.066380 0.075049 0.008870 0.042625 0.200000 0.015306
0.284803
0.327021 1.000000 0.960875 0.999192 0.994870 0.994858 0.680265 0.536396 0.019802 0.115570 0.000000 0.050618
0.653621
0.142499 1.000000 0.352441 0.587686 0.000153 0.000141 0.160778 0.211570 0.043294 0.051453 0.300000 0.017689
0.284803
0.333405 1.000000 0.981929 0.999198 0.994960 0.995890 0.901640 0.728476 0.101026 0.403857 0.100000 0.227750
0.653621
0.142492 1.000000 0.352413 0.587686 0.000135 0.000154 0.065901 0.074173 0.008757 0.042508 0.200000 0.015045
0.284803
0.327048 1.000000 0.960965 0.999192 0.994893 0.994722 0.680198 0.536406 0.020061 0.116061 0.200000 0.049199
0.653621
0.142496 1.000000 0.352428 0.587686 0.000148 0.000149 0.161266 0.212634 0.043981 0.051382 0.300000 0.018064
0.284803
0.333286 1.000000 0.981538 0.999198 0.994985 0.995104 0.901619 0.728415 0.100949 0.401982 0.000000 0.229170
0.653621
0.142492 1.000000 0.352412 0.587686 0.000135 0.000136 0.066133 0.074592 0.008766 0.042819 0.200000 0.015290
0.284803
0.327068 1.000000 0.961029 0.999192 0.994870 0.994441 0.680177 0.536400 0.020090 0.116246 0.000000 0.049493
0.653621
0.142498 1.000000 0.352438 0.587686 0.000151 0.000149 0.162309 0.213723 0.042148 0.051696 0.300000 0.017917
0.284803
0.333539 1.000000 0.982371 0.999198 0.994999 0.995276 0.901481 0.728490 0.101088 0.406189 0.000000 0.224878
0.653621
0.142491 1.000000 0.352406 0.587686 0.000130 0.000145 0.066666 0.074366 0.008699 0.035395 0.200000 0.014539
0.284803
0.327074 1.000000 0.961050 0.999192 0.994826 0.994498 0.679639 0.535803 0.020180 0.115370 0.100000 0.053768
0.653621
0.142498 1.000000 0.352434 0.587685 0.000150 0.000145 0.162565 0.214908 0.044065 0.051567 0.300000 0.017526
0.284803
0.333442 1.000000 0.982051 0.999198 0.995018 0.994292 0.901956 0.728424 0.101153 0.403429 0.100000 0.229268
0.653621
0.142493 1.000000 0.352415 0.587686 0.000137 0.000281 0.066261 0.074625 0.008739 0.041789 0.200000 0.014996
0.284803
0.327030 1.000000 0.960902 0.999192 0.994871 0.995087 0.680166 0.536408 0.019755 0.115879 0.000000 0.047910
0.653621
0.142496 1.000000 0.352426 0.587686 0.000147 0.000149 0.162268 0.213634 0.041961 0.051477 0.300000 0.018309
0.284803
0.333445 1.000000 0.982064 0.999198 0.994996 0.994797 0.901553 0.728362 0.101063 0.401988 0.100000 0.222186
0.653621
0.142493 1.000000 0.352414 0.587686 0.000137 0.000123 0.067983 0.077160 0.008668 0.039401 0.200000 0.015355
0.284803
0.327016 1.000000 0.960860 0.999192 0.994867 0.994432 0.680035 0.536203 0.019805 0.114960 0.000000 0.051287
0.653621
0.142498 1.000000 0.352436 0.587686 0.000149 0.000101 0.160378 0.211428 0.044273 0.051702 0.300000 0.018929
0.284803
0.333277 1.000000 0.981507 0.999198 0.994976 0.995719 0.901966 0.728177 0.100116 0.400563 0.100000 0.236481
0.653621
0.142492 1.000000 0.352408 0.587684 0.000132 0.000114 0.068066 0.077526 0.008870 0.040703 0.200000 0.015110
0.284803
0.327023 1.000000 0.960884 0.999192 0.994880 0.994402 0.680095 0.536296 0.020042 0.115444 0.200000 0.050831
0.653621
0.142497 1.000000 0.352429 0.587684 0.000147 0.000136 0.160884 0.212030 0.044018 0.051564 0.300000 0.017672
0.284803
0.333337 1.000000 0.981704 0.999198 0.994942 0.995649 0.901964 0.728542 0.100219 0.401600 0.300000 0.227408
0.653621
0.142490 1.000000 0.352409 0.587684 0.000134 0.000136 0.067025 0.075809 0.008965 0.040759 0.200000 0.014441
0.284803
0.327050 1.000000 0.960970 0.999192 0.994870 0.994112 0.680037 0.536275 0.020204 0.115832 0.000000 0.049607
0.653621
0.142500 1.000000 0.352436 0.587684 0.000151 0.000119 0.161606 0.213066 0.043910 0.051709 0.300000 0.018341
0.284803
0.333180 1.000000 0.981188 0.999198 0.994972 0.995587 0.901076 0.728121 0.100898 0.403944 0.100000 0.229121
0.653621
0.142490 1.000000 0.352408 0.587685 0.000130 0.000083 0.065331 0.072663 0.008540 0.039386 0.200000 0.014686
0.284803
0.327014 1.000000 0.960853 0.999192 0.994854 0.996088 0.679975 0.536224 0.019927 0.115111 0.000000 0.049966
0.653621
0.142499 1.000000 0.352438 0.587685 0.000152 0.000119 0.162844 0.215084 0.043414 0.051622 0.300000 0.018619
0.284803
0.333410 1.000000 0.981947 0.999198 0.994974 0.995214 0.901588 0.728452 0.101306 0.403648 0.000000 0.227652
0.653621
0.142492 1.000000 0.352413 0.587686 0.000135 0.000114 0.066104 0.074349 0.008733 0.041601 0.200000 0.014262
0.284803
0.327038 1.000000 0.960932 0.999192 0.994878 0.994020 0.680138 0.536344 0.020000 0.115496 0.100000 0.047991
0.653621
0.142496 1.000000 0.352427 0.587684 0.000146 0.000123 0.160694 0.211692 0.044093 0.051659 0.300000 0.017248
0.284803
0.333450 1.000000 0.982076 0.999198 0.994958 0.996659 0.901776 0.728283 0.101118 0.404178 0.100000 0.228827
0.653621
0.142491 1.000000 0.352406 0.587685 0.000128 0.000105 0.066838 0.075317 0.008868 0.039460 0.200000 0.013968
0.284803
0.327024 1.000000 0.960883 0.999192 0.994858 0.994380 0.680007 0.536235 0.019896 0.115385 0.000000 0.049150
0.653621
0.142498 1.000000 0.352429 0.587686 0.000149 0.000123 0.162243 0.213819 0.043274 0.051613 0.300000 0.017248
0.284803
0.333454 1.000000 0.982087 0.999198 0.995009 0.995491 0.901563 0.728478 0.101151 0.402633 0.000000 0.218808
0.653621
0.142494 1.000000 0.352415 0.587686 0.000133 0.000141 0.066764 0.075285 0.008881 0.040256 0.200000 0.014751
0.284803
0.327046 1.000000 0.960957 0.999192 0.994868 0.995574 0.680038 0.536267 0.019913 0.115589 0.100000 0.049346
0.653621
0.142499 1.000000 0.352439 0.587686 0.000156 0.000101 0.162425 0.214136 0.043066 0.051511 0.300000 0.017754
0.284803
0.333531 1.000000 0.982345 0.999198 0.994998 0.996141 0.901554 0.728540 0.100703 0.405613 0.100000 0.217731
0.653621
0.142494 1.000000 0.352415 0.587686 0.000136 0.000114 0.066991 0.075320 0.008906 0.037819 0.200000 0.014490
0.284803
0.327072 1.000000 0.961041 0.999192 0.994842 0.994151 0.679848 0.536029 0.020285 0.115203 0.100000 0.049231
0.653621
0.142498 1.000000 0.352436 0.587686 0.000152 0.000114 0.160379 0.211636 0.045147 0.051761 0.300000 0.017868
0.284803
0.333366 1.000000 0.981801 0.999198 0.994969 0.995759 0.901973 0.728392 0.099968 0.402732 0.000000 0.225384
0.653621
0.142491 1.000000 0.352412 0.587686 0.000135 0.000110 0.066913 0.075455 0.008691 0.040117 0.200000 0.014409
0.284803
0.327016 1.000000 0.960860 0.999192 0.994859 0.994573 0.680052 0.536219 0.019667 0.115527 0.300000 0.049803
0.653621
0.142497 1.000000 0.352432 0.587686 0.000149 0.000110 0.160183 0.210200 0.043145 0.051672 0.300000 0.017134
0.284803
0.333454 1.000000 0.982093 0.999198 0.995003 0.995166 0.901246 0.728351 0.101515 0.405270 0.000000 0.222659
0.653621
0.142491 1.000000 0.352408 0.587686 0.000129 0.000123 0.065316 0.072703 0.008586 0.039657 0.200000 0.014033
0.284803
0.326996 1.000000 0.960796 0.999192 0.994843 0.994911 0.680030 0.536251 0.019885 0.115499 0.200000 0.050439
0.653621
0.142497 1.000000 0.352431 0.587686 0.000149 0.000119 0.161828 0.213145 0.042797 0.051514 0.300000 0.017395
0.284803
0.333427 1.000000 0.982001 0.999198 0.995018 0.994454 0.901542 0.728462 0.101455 0.404632 0.100000 0.231128
0.653621
0.142492 1.000000 0.352412 0.587685 0.000132 0.000092 0.066850 0.075416 0.008907 0.040330 0.200000 0.014996
0.284803
0.327022 1.000000 0.960878 0.999192 0.994872 0.995403 0.680109 0.536226 0.019889 0.114842 0.100000 0.051761
0.653621
0.142497 1.000000 0.352432 0.587684 0.000148 0.000105 0.162614 0.214806 0.043711 0.051702 0.300000 0.018831
0.284803
0.333330 1.000000 0.981685 0.999198 0.994972 0.995280 0.901939 0.728559 0.100245 0.401689 0.100000 0.228893
0.653621
0.142491 1.000000 0.352408 0.587685 0.000131 0.000101 0.067278 0.076154 0.008937 0.040123 0.200000 0.014392
0.284803
0.327011 1.000000 0.960840 0.999192 0.994861 0.995583 0.680083 0.536249 0.019871 0.114821 0.000000 0.048497
0.653621
0.142497 1.000000 0.352431 0.587685 0.000149 0.000132 0.160654 0.211231 0.043526 0.051422 0.300000 0.017444
0.284803
0.333447 1.000000 0.982067 0.999198 0.995008 0.995609 0.901669 0.728389 0.100548 0.401742 0.000000 0.219852
0.653621
0.142492 1.000000 0.352413 0.587686 0.000134 0.000101 0.066581 0.074893 0.008840 0.039685 0.200000 0.014131
0.284803
0.327049 1.000000 0.960968 0.999192 0.994849 0.995258 0.680023 0.536211 0.020018 0.115068 0.000000 0.050814
0.653621
0.142499 1.000000 0.352435 0.587685 0.000151 0.000119 0.160652 0.211861 0.044720 0.051527 0.300000 0.017297
0.284803
0.333441 1.000000 0.982049 0.999198 0.994983 0.994516 0.901820 0.728527 0.100977 0.404055 0.100000 0.228517
0.653621
0.142493 1.000000 0.352413 0.587686 0.000133 0.000136 0.067077 0.075594 0.008687 0.039130 0.200000 0.014686
0.284803
0.327092 1.000000 0.961110 0.999192 0.994853 0.995934 0.679919 0.536129 0.019969 0.115465 0.000000 0.052267
0.653621
0.142500 1.000000 0.352439 0.587686 0.000153 0.000123 0.160840 0.211764 0.043368 0.051798 0.300000 0.017999
0.284803
0.333357 1.000000 0.981772 0.999198 0.994986 0.995438 0.901641 0.728428 0.101173 0.401492 0.100000 0.225776
0.653621
0.142492 1.000000 0.352414 0.587686 0.000134 0.000114 0.065668 0.073798 0.008962 0.042276 0.200000 0.014719
0.284803
0.327048 1.000000 0.960967 0.999192 0.994877 0.996277 0.680200 0.536411 0.019986 0.115814 0.000000 0.049346
0.653621
0.142499 1.000000 0.352435 0.587685 0.000151 0.000119 0.162301 0.214289 0.043577 0.051533 0.300000 0.017248
0.284803
0.333112 1.000000 0.980963 0.999198 0.994990 0.996364 0.901443 0.728165 0.099635 0.402035 0.000000 0.237802
0.653621
0.142491 1.000000 0.352409 0.587685 0.000131 0.000162 0.066953 0.075446 0.008804 0.039266 0.200000 0.014523
0.284803
0.327043 1.000000 0.960946 0.999192 0.994878 0.994683 0.679981 0.536229 0.019960 0.115089 0.100000 0.049721
0.653621
0.142498 1.000000 0.352430 0.587684 0.000146 0.000154 0.161419 0.212531 0.043849 0.051474 0.300000 0.017411
0.284803
0.333438 1.000000 0.982038 0.999198 0.994995 0.995262 0.901408 0.728337 0.101357 0.403222 0.000000 0.221240
0.653621
0.142494 1.000000 0.352415 0.587685 0.000133 0.000162 0.065895 0.074189 0.008687 0.042794 0.200000 0.014197
0.284803
0.327000 1.000000 0.960806 0.999192 0.994865 0.995868 0.680286 0.536430 0.019617 0.115043 0.100000 0.048318
0.653621
0.142499 1.000000 0.352438 0.587684 0.000149 0.000101 0.162820 0.215129 0.043524 0.051406 0.300000 0.017591
0.284803
0.333347 1.000000 0.981739 0.999198 0.994947 0.994151 0.901909 0.728533 0.100202 0.401081 0.000000 0.227359
0.653621
0.142492 1.000000 0.352413 0.587685 0.000134 0.000145 0.066502 0.074748 0.008775 0.039815 0.200000 0.014246
0.284803
0.327043 1.000000 0.960949 0.999192 0.994855 0.995148 0.679991 0.536241 0.020047 0.115416 0.000000 0.050455
0.653621
0.142497 1.000000 0.352430 0.587685 0.000147 0.000105 0.159993 0.210827 0.044684 0.051376 0.300000 0.016922
0.284803
0.333297 1.000000 0.981573 0.999198 0.994952 0.994498 0.901865 0.728214 0.099641 0.402136 0.100000 0.229562
0.653621
0.142491 1.000000 0.352412 0.587686 0.000136 0.000105 0.066132 0.074374 0.008741 0.041468 0.200000 0.014572
0.284803
0.326996 1.000000 0.960793 0.999192 0.994843 0.996439 0.680122 0.536353 0.019622 0.115499 0.000000 0.047175
0.653621
0.142497 1.000000 0.352434 0.587686 0.000148 0.000145 0.162017 0.214100 0.044277 0.051622 0.300000 0.018113
0.284803
0.333350 1.000000 0.981748 0.999198 0.994964 0.996465 0.901806 0.728401 0.100811 0.402358 0.200000 0.230002
0.653621
0.142492 1.000000 0.352411 0.587686 0.000134 0.000123 0.066829 0.075202 0.008840 0.038988 0.200000 0.014033
0.284803
0.327058 1.000000 0.960997 0.999192 0.994833 0.994656 0.679929 0.536138 0.020052 0.115068 0.200000 0.053621
0.653621
0.142497 1.000000 0.352433 0.587686 0.000148 0.000127 0.161350 0.212927 0.043923 0.051372 0.300000 0.017656
0.284803
0.333400 1.000000 0.981912 0.999198 0.994974 0.995043 0.902061 0.728556 0.100909 0.401097 0.100000 0.233674
0.653621
0.142492 1.000000 0.352415 0.587686 0.000135 0.000119 0.066239 0.074374 0.008748 0.040404 0.200000 0.014490
0.284803
0.327064 1.000000 0.961020 0.999192 0.994878 0.995425 0.680062 0.536297 0.019944 0.115385 0.000000 0.048938
0.653621
0.142498 1.000000 0.352435 0.587686 0.000151 0.000110 0.160927 0.211666 0.043605 0.051669 0.300000 0.017950
0.284803
0.333508 1.000000 0.982267 0.999198 0.995017 0.994648 0.901646 0.728555 0.101260 0.403105 0.300000 0.221109
0.653621
0.142490 1.000000 0.352409 0.587686 0.000134 0.000114 0.066748 0.075010 0.008675 0.039007 0.200000 0.015029
0.284803
0.327080 1.000000 0.961073 0.999192 0.994860 0.994165 0.679923 0.536118 0.020046 0.115465 0.000000 0.052593
0.653621
0.142497 1.000000 0.352434 0.587686 0.000148 0.000114 0.162248 0.214596 0.045507 0.051761 0.300000 0.018260
0.284803
0.333341 1.000000 0.981718 0.999198 0.994961 0.994744 0.901468 0.728109 0.101394 0.404425 0.000000 0.230296
0.653621
0.142490 1.000000 0.352407 0.587684 0.000130 0.000119 0.065776 0.073391 0.008643 0.039121 0.200000 0.013397
0.284803
0.327067 1.000000 0.961027 0.999192 0.994847 0.994481 0.679929 0.536157 0.019952 0.115351 0.100000 0.050945
0.653621
0.142497 1.000000 0.352437 0.587686 0.000151 0.000088 0.161703 0.213009 0.043414 0.051854 0.300000 0.018619
0.284803
0.333443 1.000000 0.982051 0.999198 0.995004 0.996628 0.901590 0.728425 0.100644 0.404221 0.200000 0.222594
0.653621
0.142493 1.000000 0.352416 0.587685 0.000135 0.000119 0.066019 0.074410 0.008620 0.043023 0.200000 0.014964
0.284803
0.327018 1.000000 0.960867 0.999192 0.994883 0.994371 0.680251 0.536421 0.019943 0.115725 0.100000 0.050406
0.653621
0.142496 1.000000 0.352428 0.587686 0.000147 0.000127 0.162149 0.214500 0.045052 0.051622 0.300000 0.017901
0.284803
0.333150 1.000000 0.981090 0.999198 0.994960 0.995148 0.901525 0.727968 0.099270 0.402975 0.000000 0.230133
0.653621
0.142492 1.000000 0.352412 0.587685 0.000135 0.000123 0.064737 0.072037 0.008619 0.041755 0.200000 0.013887
0.284803
0.327042 1.000000 0.960946 0.999192 0.994870 0.994648 0.680142 0.536325 0.020010 0.115564 0.200000 0.049525
0.653621
0.142497 1.000000 0.352430 0.587684 0.000145 0.000110 0.160165 0.210854 0.044056 0.051854 0.300000 0.017477
0.284803
0.333393 1.000000 0.981890 0.999198 0.994963 0.994652 0.901981 0.728598 0.100243 0.401883 0.100000 0.231699
0.653621
0.142492 1.000000 0.352411 0.587684 0.000134 0.000127 0.065758 0.073462 0.008778 0.039599 0.200000 0.014719
0.284803
0.327035 1.000000 0.960922 0.999192 0.994885 0.995644 0.680046 0.536243 0.019943 0.115101 0.200000 0.050455
0.653621
0.142497 1.000000 0.352431 0.587685 0.000149 0.000114 0.163684 0.216174 0.042928 0.051585 0.300000 0.017379
0.284803
0.333544 1.000000 0.982389 0.999198 0.995013 0.994112 0.901503 0.728457 0.101348 0.405011 0.100000 0.223687
0.653621
0.142491 1.000000 0.352411 0.587685 0.000134 0.000123 0.066719 0.075415 0.008769 0.041746 0.200000 0.014588
0.284803
0.327026 1.000000 0.960894 0.999192 0.994877 0.995183 0.680148 0.536364 0.019913 0.115496 0.100000 0.047257
0.653621
0.142497 1.000000 0.352433 0.587684 0.000148 0.000119 0.161393 0.212990 0.044143 0.051847 0.300000 0.017444
0.284803
0.333448 1.000000 0.982071 0.999198 0.994984 0.995359 0.901901 0.728503 0.101324 0.401964 0.100000 0.235942
0.653621
0.142490 1.000000 0.352408 0.587685 0.000132 0.000132 0.066521 0.074836 0.008796 0.040105 0.200000 0.014686
0.284803
0.327040 1.000000 0.960940 0.999192 0.994883 0.994512 0.680030 0.536289 0.020089 0.115971 0.000000 0.050782
0.653621
0.142497 1.000000 0.352432 0.587684 0.000146 0.000127 0.160223 0.210434 0.043168 0.051345 0.300000 0.017493
0.284803
0.333413 1.000000 0.981954 0.999198 0.994986 0.995482 0.901494 0.728385 0.100956 0.402361 0.100000 0.220456
0.653621
0.142489 1.000000 0.352405 0.587684 0.000130 0.000123 0.066771 0.075315 0.009045 0.040089 0.200000 0.014295
0.284803
0.327058 1.000000 0.960995 0.999192 0.994875 0.995254 0.680035 0.536273 0.019944 0.115820 0.100000 0.049215
0.653621
0.142498 1.000000 0.352436 0.587685 0.000151 0.000088 0.162609 0.215096 0.044523 0.051533 0.300000 0.017591
0.284803
0.333319 1.000000 0.981647 0.999198 0.994968 0.995456 0.901963 0.728581 0.100294 0.401485 0.000000 0.229676
0.653621
0.142491 1.000000 0.352410 0.587685 0.000134 0.000110 0.066270 0.074484 0.008608 0.040938 0.200000 0.014425
0.284803
0.327064 1.000000 0.961018 0.999192 0.994858 0.996083 0.680047 0.536282 0.020171 0.115987 0.100000 0.050847
0.653621
0.142497 1.000000 0.352431 0.587684 0.000148 0.000145 0.161950 0.213344 0.043291 0.051527 0.300000 0.017183
0.284803
0.333435 1.000000 0.982027 0.999198 0.994999 0.995333 0.901406 0.728311 0.101360 0.404024 0.000000 0.227326
0.653621
0.142490 1.000000 0.352410 0.587685 0.000133 0.000114 0.065930 0.074230 0.008739 0.042492 0.200000 0.014262
0.284803
0.327041 1.000000 0.960939 0.999192 0.994863 0.994683 0.680212 0.536392 0.019876 0.115882 0.000000 0.050390
0.653621
0.142496 1.000000 0.352431 0.587686 0.000146 0.000097 0.160456 0.211300 0.044448 0.051511 0.300000 0.016971
0.284803
0.333452 1.000000 0.982082 0.999198 0.995010 0.995526 0.901806 0.728628 0.101297 0.404388 0.200000 0.226119
0.653621
0.142491 1.000000 0.352411 0.587687 0.000133 0.000145 0.066546 0.074944 0.008660 0.040743 0.200000 0.013723
0.284803
0.327062 1.000000 0.961011 0.999192 0.994846 0.995473 0.680064 0.536297 0.019981 0.115971 0.100000 0.049362
0.653621
0.142497 1.000000 0.352433 0.587685 0.000149 0.000119 0.162321 0.213939 0.043141 0.051172 0.300000 0.017362
0.284803
0.333421 1.000000 0.981984 0.999198 0.994971 0.995293 0.901312 0.728351 0.101427 0.405930 0.100000 0.225564
0.653621
0.142491 1.000000 0.352405 0.587685 0.000132 0.000097 0.067562 0.076255 0.008900 0.037656 0.200000 0.014409
0.284803
0.327073 1.000000 0.961044 0.999192 0.994870 0.994476 0.679859 0.535983 0.020198 0.114984 0.000000 0.049852
0.653621
0.142498 1.000000 0.352432 0.587686 0.000149 0.000127 0.161357 0.212078 0.041991 0.051576 0.300000 0.016791
0.284803
0.333469 1.000000 0.982141 0.999198 0.994983 0.995895 0.901472 0.728391 0.101028 0.403540 0.100000 0.224862
0.653621
0.142490 1.000000 0.352408 0.587686 0.000131 0.000114 0.065702 0.073562 0.008662 0.041110 0.200000 0.014082
0.284803
0.327040 1.000000 0.960936 0.999192 0.994866 0.992755 0.680117 0.536286 0.020006 0.115419 0.200000 0.050814
0.653621
0.142499 1.000000 0.352434 0.587686 0.000149 0.000154 0.162089 0.213696 0.043488 0.051483 0.300000 0.017640
0.284803
0.333329 1.000000 0.981680 0.999198 0.994948 0.994696 0.901372 0.728333 0.101599 0.402793 0.000000 0.224976
0.653621
0.142491 1.000000 0.352414 0.587692 0.000137 0.000127 0.065736 0.073654 0.008673 0.041286 0.200000 0.014947
0.284803
0.327049 1.000000 0.960969 0.999192 0.994874 0.995025 0.679995 0.536364 0.020029 0.116135 0.000000 0.049444
0.653621
0.142497 1.000000 0.352433 0.587684 0.000147 0.000158 0.160861 0.211555 0.042872 0.051545 0.300000 0.017721
0.284803
0.333462 1.000000 0.982118 0.999198 0.995006 0.995240 0.901900 0.728506 0.099753 0.402139 0.100000 0.216719
0.653621
0.142493 1.000000 0.352414 0.587685 0.000134 0.000149 0.065424 0.073293 0.008566 0.042319 0.200000 0.014833
0.284803
0.327049 1.000000 0.960968 0.999192 0.994858 0.995192 0.680161 0.536413 0.020114 0.116277 0.100000 0.048970
0.653621
0.142498 1.000000 0.352430 0.587684 0.000144 0.000132 0.161184 0.212631 0.044151 0.051153 0.300000 0.017248
0.284803
0.333320 1.000000 0.981652 0.999198 0.994953 0.994858 0.901832 0.728471 0.100388 0.401785 0.100000 0.226657
0.653621
0.142490 1.000000 0.352406 0.587685 0.000131 0.000136 0.065946 0.073958 0.008686 0.040777 0.200000 0.014425
0.284803
0.327018 1.000000 0.960866 0.999192 0.994852 0.995280 0.680040 0.536346 0.019650 0.115839 0.100000 0.048073
0.653621
0.142498 1.000000 0.352430 0.587685 0.000146 0.000119 0.160947 0.212130 0.043953 0.051502 0.300000 0.017395
0.284803
0.333358 1.000000 0.981774 0.999198 0.994961 0.995210 0.901904 0.728617 0.100414 0.401248 0.000000 0.224128
0.653621
0.142492 1.000000 0.352411 0.587685 0.000134 0.000114 0.066973 0.076172 0.008795 0.043448 0.200000 0.014164
0.284803
0.327039 1.000000 0.960933 0.999192 0.994861 0.994894 0.680334 0.536443 0.019743 0.115712 0.100000 0.054127
0.653621
0.142498 1.000000 0.352438 0.587686 0.000154 0.000132 0.161346 0.212974 0.044406 0.051409 0.300000 0.017933
0.284803
0.333455 1.000000 0.982092 0.999198 0.994990 0.994986 0.901838 0.728484 0.101007 0.404144 0.000000 0.233625
0.653621
0.142491 1.000000 0.352411 0.587686 0.000136 0.000136 0.065281 0.072708 0.008665 0.040142 0.200000 0.014751
0.284803
0.327018 1.000000 0.960870 0.999192 0.994864 0.994380 0.680073 0.536281 0.019927 0.115086 0.100000 0.049395
0.653621
0.142500 1.000000 0.352441 0.587686 0.000156 0.000127 0.163532 0.216100 0.043415 0.051487 0.300000 0.018129
0.284803
0.333281 1.000000 0.981520 0.999198 0.994958 0.995772 0.901522 0.728287 0.100098 0.401723 0.100000 0.224911
0.653621
0.142490 1.000000 0.352407 0.587686 0.000132 0.000114 0.067050 0.075763 0.009191 0.039750 0.200000 0.014572
0.284803
0.327028 1.000000 0.960899 0.999192 0.994884 0.995513 0.680035 0.536267 0.020060 0.115465 0.200000 0.049705
0.653621
0.142497 1.000000 0.352430 0.587691 0.000148 0.000149 0.161975 0.213404 0.043110 0.051221 0.300000 0.016954
0.284803
0.333489 1.000000 0.982206 0.999198 0.995015 0.994332 0.901708 0.728477 0.100881 0.402907 0.100000 0.223067
0.653621
0.142491 1.000000 0.352412 0.587686 0.000134 0.000145 0.066297 0.074713 0.008904 0.041613 0.200000 0.014833
0.284803
0.327026 1.000000 0.960893 0.999192 0.994860 0.995745 0.680133 0.536349 0.019804 0.116659 0.000000 0.049884
0.653621
0.142499 1.000000 0.352441 0.587691 0.000153 0.000119 0.159893 0.210236 0.043955 0.051446 0.300000 0.017836
0.284803
0.333356 1.000000 0.981767 0.999198 0.994978 0.996891 0.901771 0.728449 0.100424 0.402244 0.300000 0.230476
0.653621
0.142491 1.000000 0.352410 0.587686 0.000134 0.000114 0.066541 0.074609 0.008839 0.038393 0.200000 0.014915
0.284803
0.327049 1.000000 0.960970 0.999192 0.994865 0.994946 0.679916 0.536052 0.020165 0.115687 0.100000 0.052919
0.653621
0.142499 1.000000 0.352435 0.587686 0.000151 0.000171 0.162166 0.213896 0.043276 0.051514 0.300000 0.017313
0.284803
0.333509 1.000000 0.982272 0.999198 0.994986 0.995188 0.901825 0.728571 0.100311 0.405906 0.000000 0.224634
0.653621
0.142494 1.000000 0.352413 0.587685 0.000134 0.000114 0.067088 0.075288 0.008660 0.037026 0.200000 0.015682
0.284803
0.327059 1.000000 0.961004 0.999192 0.994837 0.995715 0.679801 0.535864 0.020281 0.114744 0.100000 0.053882
0.653621
0.142497 1.000000 0.352434 0.587684 0.000147 0.000114 0.161037 0.211780 0.043193 0.051514 0.300000 0.018146
0.284803
0.333407 1.000000 0.981935 0.999198 0.994990 0.995754 0.901372 0.728224 0.101272 0.403959 0.200000 0.228370
0.653621
0.142492 1.000000 0.352411 0.587689 0.000136 0.000119 0.066749 0.075222 0.008931 0.040185 0.200000 0.016041
0.284803
0.327028 1.000000 0.960899 0.999192 0.994886 0.995109 0.680126 0.536185 0.019743 0.114913 0.200000 0.050488
0.653621
0.142498 1.000000 0.352434 0.587686 0.000147 0.000132 0.161346 0.212544 0.044338 0.051083 0.300000 0.018309
0.284803
0.333415 1.000000 0.981960 0.999198 0.994966 0.995407 0.901458 0.728362 0.101623 0.402911 0.100000 0.225042
0.653621
0.142490 1.000000 0.352406 0.587685 0.000134 0.000114 0.066338 0.074391 0.008857 0.039096 0.200000 0.014784
0.284803
0.327025 1.000000 0.960889 0.999192 0.994887 0.994924 0.679965 0.536187 0.019954 0.114574 0.100000 0.050798
0.653621
0.142497 1.000000 0.352432 0.587686 0.000152 0.000136 0.161943 0.213667 0.044251 0.051434 0.300000 0.018325
0.284803
0.333444 1.000000 0.982057 0.999198 0.995003 0.995139 0.901712 0.728575 0.101081 0.404388 0.200000 0.224519
0.653621
0.142492 1.000000 0.352411 0.587686 0.000137 0.000114 0.067299 0.076289 0.008996 0.040820 0.200000 0.014490
0.284803
0.327026 1.000000 0.960893 0.999192 0.994901 0.994498 0.680124 0.536287 0.019929 0.115077 0.100000 0.050831
0.653621
0.142497 1.000000 0.352432 0.587688 0.000149 0.000119 0.160742 0.211294 0.042969 0.051376 0.300000 0.017118
0.284803
0.333453 1.000000 0.982089 0.999198 0.994986 0.995548 0.901454 0.728401 0.101331 0.404184 0.200000 0.227783
0.653621
0.142492 1.000000 0.352409 0.587686 0.000135 0.000127 0.066741 0.075199 0.008877 0.039944 0.200000 0.014344
0.284803
0.327034 1.000000 0.960919 0.999192 0.994893 0.994762 0.680077 0.536254 0.019869 0.115074 0.200000 0.050080
0.653621
0.142500 1.000000 0.352443 0.587686 0.000159 0.000189 0.162217 0.214334 0.044477 0.051647 0.300000 0.018554
0.284803
0.333361 1.000000 0.981782 0.999198 0.994957 0.995456 0.901780 0.728617 0.100582 0.403740 0.000000 0.231406
0.653621
0.142492 1.000000 0.352411 0.587686 0.000135 0.000132 0.065352 0.072907 0.008652 0.040947 0.200000 0.014441
0.284803
0.327071 1.000000 0.961041 0.999192 0.994865 0.994709 0.680068 0.536318 0.020123 0.115342 0.000000 0.049150
0.653621
0.142498 1.000000 0.352436 0.587693 0.000151 0.000158 0.161692 0.213488 0.044181 0.051650 0.300000 0.017836
0.284803
0.333225 1.000000 0.981337 0.999198 0.994984 0.995583 0.901715 0.728392 0.100340 0.401279 0.000000 0.233054
0.653621
0.142493 1.000000 0.352414 0.587690 0.000141 0.000141 0.065531 0.073176 0.008656 0.040555 0.200000 0.015306
0.284803
0.327051 1.000000 0.960975 0.999192 0.994869 0.994419 0.680034 0.536263 0.020129 0.115620 0.100000 0.049868
0.653621
0.142496 1.000000 0.352427 0.587687 0.000149 0.000180 0.161447 0.212440 0.043372 0.051261 0.300000 0.017379
0.284803
0.333420 1.000000 0.981981 0.999198 0.994952 0.994345 0.901406 0.728370 0.100744 0.404477 0.200000 0.220473
0.653621
0.142493 1.000000 0.352415 0.587686 0.000138 0.000123 0.066365 0.074401 0.008877 0.039075 0.200000 0.014817
0.284803
0.327065 1.000000 0.961018 0.999192 0.994868 0.994630 0.679881 0.536201 0.020188 0.115743 0.000000 0.052495
0.653621
0.142501 1.000000 0.352446 0.587691 0.000156 0.000171 0.161695 0.213240 0.043344 0.051900 0.300000 0.017950
0.284803
0.333353 1.000000 0.981758 0.999198 0.994939 0.994757 0.901836 0.728586 0.100485 0.402324 0.100000 0.229415
0.653621
0.142490 1.000000 0.352411 0.587686 0.000136 0.000092 0.067362 0.075936 0.008843 0.037980 0.200000 0.014262
0.284803
0.327033 1.000000 0.960916 0.999192 0.994868 0.993023 0.679921 0.535976 0.019943 0.114713 0.200000 0.048954
0.653621
0.142496 1.000000 0.352428 0.587686 0.000146 0.000154 0.162150 0.214061 0.043876 0.051607 0.300000 0.017607
0.284803
0.333466 1.000000 0.982134 0.999198 0.994969 0.994002 0.901808 0.728611 0.101035 0.403645 0.000000 0.230606
0.653621
0.142490 1.000000 0.352406 0.587685 0.000132 0.000114 0.065666 0.073782 0.008770 0.042483 0.200000 0.014539
0.284803
0.327060 1.000000 0.961004 0.999192 0.994878 0.994134 0.680214 0.536399 0.019946 0.115900 0.000000 0.049052
0.653621
0.142498 1.000000 0.352435 0.587686 0.000151 0.000123 0.162587 0.214715 0.043424 0.051388 0.300000 0.018129
0.284803
0.333226 1.000000 0.981337 0.999198 0.994963 0.994814 0.901905 0.728491 0.100322 0.399937 0.200000 0.223720
0.653621
0.142492 1.000000 0.352413 0.587686 0.000136 0.000127 0.066072 0.074007 0.008633 0.039929 0.200000 0.014931
0.284803
0.327027 1.000000 0.960892 0.999192 0.994877 0.994151 0.680084 0.536226 0.019850 0.114663 0.100000 0.048872
0.653621
0.142498 1.000000 0.352435 0.587686 0.000151 0.000119 0.161889 0.214122 0.044745 0.051656 0.300000 0.018080
0.284803
0.333418 1.000000 0.981975 0.999198 0.994977 0.995890 0.902126 0.728411 0.099944 0.402306 0.100000 0.226543
0.653621
0.142490 1.000000 0.352406 0.587686 0.000133 0.000162 0.064407 0.071031 0.008521 0.038926 0.200000 0.014278
0.284803
0.327092 1.000000 0.961111 0.999192 0.994837 0.996452 0.679875 0.536151 0.020189 0.116375 0.000000 0.053197
0.653621
0.142498 1.000000 0.352433 0.587686 0.000151 0.000114 0.162589 0.214182 0.042923 0.051292 0.300000 0.017933
0.284803
0.333443 1.000000 0.982052 0.999198 0.994967 0.996360 0.901029 0.728310 0.102298 0.406529 0.000000 0.226673
0.653621
0.142491 1.000000 0.352415 0.587686 0.000136 0.000114 0.066589 0.074895 0.008706 0.039929 0.200000 0.014882
0.284803
0.327044 1.000000 0.960951 0.999192 0.994872 0.994608 0.680040 0.536227 0.019839 0.115175 0.000000 0.050537
0.653621
0.142498 1.000000 0.352435 0.587686 0.000151 0.000132 0.160376 0.210827 0.043348 0.051200 0.300000 0.017493
0.284803
0.333197 1.000000 0.981245 0.999198 0.994974 0.994577 0.901308 0.728123 0.100722 0.402580 0.100000 0.228746
0.653621
0.142491 1.000000 0.352409 0.587686 0.000134 0.000127 0.065421 0.072444 0.008392 0.037039 0.200000 0.014295
0.284803
0.327074 1.000000 0.961050 0.999192 0.994860 0.995368 0.679742 0.535870 0.020246 0.115327 0.000000 0.054111
0.653621
0.142499 1.000000 0.352440 0.587689 0.000158 0.000145 0.162232 0.213922 0.043481 0.051385 0.300000 0.018031
0.284803
0.333431 1.000000 0.982015 0.999198 0.994988 0.995930 0.901552 0.728422 0.101001 0.403188 0.000000 0.225172
0.653621
0.142492 1.000000 0.352412 0.587686 0.000134 0.000119 0.067676 0.076800 0.008799 0.040256 0.200000 0.014229
0.284803
0.327065 1.000000 0.961018 0.999192 0.994837 0.994797 0.679972 0.536260 0.020161 0.115866 0.100000 0.049346
0.653621
0.142498 1.000000 0.352432 0.587686 0.000151 0.000127 0.162257 0.214103 0.043748 0.051440 0.300000 0.017901
0.284803
0.333307 1.000000 0.981606 0.999198 0.994983 0.996154 0.901525 0.728305 0.100843 0.401535 0.000000 0.227049
0.653621
0.142491 1.000000 0.352409 0.587685 0.000137 0.000141 0.066409 0.074480 0.008756 0.038979 0.200000 0.014768
0.284803
0.327092 1.000000 0.961111 0.999192 0.994831 0.994915 0.679896 0.536141 0.020135 0.115354 0.100000 0.051679
0.653621
0.142497 1.000000 0.352432 0.587685 0.000148 0.000097 0.161741 0.212699 0.042231 0.051215 0.300000 0.016954
0.284803
0.333563 1.000000 0.982449 0.999198 0.994987 0.994481 0.901532 0.728489 0.100599 0.405067 0.000000 0.216556
0.653621
0.142490 1.000000 0.352407 0.587686 0.000133 0.000119 0.066600 0.074691 0.008753 0.038285 0.200000 0.014327
0.284803
0.327017 1.000000 0.960862 0.999192 0.994876 0.994705 0.679950 0.536045 0.019836 0.114978 0.200000 0.049884
0.653621
0.142497 1.000000 0.352430 0.587685 0.000150 0.000141 0.160061 0.210246 0.042969 0.051897 0.300000 0.017542
0.284803
0.333418 1.000000 0.981969 0.999198 0.994989 0.996448 0.901553 0.728402 0.101467 0.402522 0.000000 0.223736
0.653621
0.142492 1.000000 0.352416 0.587685 0.000140 0.000101 0.066943 0.076232 0.008948 0.043920 0.200000 0.014833
0.284803
0.327019 1.000000 0.960869 0.999192 0.994870 0.995025 0.680407 0.536432 0.019619 0.114886 0.000000 0.052152
0.653621
0.142496 1.000000 0.352429 0.587686 0.000149 0.000127 0.162735 0.214889 0.043427 0.051480 0.300000 0.017493
0.284803
0.333334 1.000000 0.981696 0.999198 0.994959 0.994661 0.901648 0.728418 0.100478 0.403015 0.000000 0.230051
0.653621
0.142492 1.000000 0.352411 0.587685 0.000136 0.000127 0.066598 0.074988 0.008636 0.040555 0.200000 0.014376
0.284803
0.327037 1.000000 0.960929 0.999192 0.994872 0.994858 0.680028 0.536295 0.020052 0.116021 0.000000 0.048318
0.653621
0.142500 1.000000 0.352436 0.587684 0.000150 0.000127 0.161421 0.213025 0.044424 0.051385 0.300000 0.017411
0.284803
0.333420 1.000000 0.981978 0.999198 0.994953 0.995684 0.901854 0.728629 0.100939 0.402593 0.100000 0.231079
0.653621
0.142492 1.000000 0.352410 0.587685 0.000132 0.000114 0.067094 0.075875 0.008748 0.040740 0.200000 0.014784
0.284803
0.327030 1.000000 0.960907 0.999192 0.994867 0.995012 0.680101 0.536305 0.019911 0.114741 0.000000 0.048562
0.653621
0.142497 1.000000 0.352427 0.587683 0.000147 0.000119 0.162232 0.213965 0.043230 0.051453 0.300000 0.017705
0.284803
0.333569 1.000000 0.982468 0.999198 0.995023 0.995899 0.901878 0.728635 0.100898 0.404212 0.000000 0.218629
0.653621
0.142489 1.000000 0.352406 0.587684 0.000130 0.000083 0.065801 0.073829 0.008665 0.041573 0.200000 0.014898
0.284803
0.327072 1.000000 0.961045 0.999192 0.994849 0.994345 0.680086 0.536341 0.020038 0.116286 0.100000 0.048416
0.653621
0.142500 1.000000 0.352436 0.587689 0.000152 0.000127 0.161149 0.212384 0.044444 0.051524 0.300000 0.018537
0.284803
0.333473 1.000000 0.982154 0.999198 0.994948 0.995578 0.901436 0.728240 0.102006 0.406072 0.200000 0.231928
0.653621
0.142490 1.000000 0.352408 0.587684 0.000131 0.000110 0.066244 0.073945 0.008862 0.036992 0.200000 0.014099
0.284803
0.327081 1.000000 0.961076 0.999192 0.994848 0.995991 0.679776 0.535885 0.020238 0.115089 0.000000 0.053441
0.653621
0.142497 1.000000 0.352430 0.587684 0.000149 0.000088 0.162461 0.214254 0.043597 0.051298 0.300000 0.018064
0.284803
0.333476 1.000000 0.982160 0.999198 0.995000 0.995069 0.901420 0.728443 0.101728 0.405221 0.000000 0.226053
0.653621
0.142493 1.000000 0.352415 0.587690 0.000135 0.000127 0.066759 0.075125 0.008873 0.039290 0.200000 0.015486
0.284803
0.327017 1.000000 0.960860 0.999192 0.994878 0.995464 0.680035 0.536203 0.019875 0.114719 0.200000 0.050211
0.653621
0.142498 1.000000 0.352432 0.587684 0.000148 0.000114 0.161293 0.212586 0.043782 0.051308 0.300000 0.017591
0.284803
0.333320 1.000000 0.981652 0.999198 0.994987 0.995526 0.901655 0.728446 0.101006 0.401421 0.000000 0.225874
0.653621
0.142491 1.000000 0.352412 0.587685 0.000132 0.000141 0.066014 0.074455 0.008704 0.043013 0.200000 0.014376
0.284803
0.327012 1.000000 0.960847 0.999192 0.994870 0.994419 0.680290 0.536410 0.019618 0.115206 0.000000 0.051369
0.653621
0.142498 1.000000 0.352427 0.587684 0.000146 0.000114 0.161146 0.212155 0.043184 0.051530 0.300000 0.017574
0.284803
0.333416 1.000000 0.981964 0.999198 0.995008 0.995337 0.901695 0.728425 0.100527 0.402935 0.100000 0.223426
0.653621
0.142493 1.000000 0.352413 0.587686 0.000136 0.000110 0.065336 0.072731 0.008492 0.039855 0.200000 0.014800
0.284803
0.326984 1.000000 0.960753 0.999192 0.994843 0.993914 0.680034 0.536241 0.019869 0.115003 0.200000 0.049476
0.653621
0.142497 1.000000 0.352432 0.587684 0.000148 0.000097 0.161939 0.213936 0.044555 0.051536 0.300000 0.017885
0.284803
0.333221 1.000000 0.981324 0.999198 0.994960 0.995701 0.901680 0.728401 0.100323 0.401384 0.200000 0.230002
0.653621
0.142494 1.000000 0.352418 0.587688 0.000143 0.000127 0.066487 0.075041 0.008919 0.041542 0.200000 0.015176
0.284803
0.326999 1.000000 0.960805 0.999192 0.994887 0.993976 0.680148 0.536383 0.019835 0.115919 0.200000 0.047893
0.653621
0.142497 1.000000 0.352432 0.587686 0.000152 0.000123 0.161483 0.212917 0.043889 0.051406 0.300000 0.017313
0.284803
0.333212 1.000000 0.981290 0.999198 0.994946 0.993642 0.901314 0.728135 0.100685 0.401754 0.200000 0.232401
0.653621
0.142494 1.000000 0.352417 0.587684 0.000135 0.000097 0.073700 0.089940 0.009595 0.051376 0.300000 0.015176
0.284803
0.326997 1.000000 0.960799 0.999192 0.994862 0.994305 0.681986 0.537648 0.020309 0.115376 0.100000 0.055840
0.653621
0.142498 1.000000 0.352434 0.587689 0.000151 0.000141 0.173473 0.233893 0.044681 0.051656 0.300000 0.018048
0.284803
0.334026 1.000000 0.983977 0.999199 0.994975 0.995789 0.900470 0.730074 0.095841 0.397510 0.100000 0.214712
0.653621
0.142493 1.000000 0.352416 0.587688 0.000142 0.000114 0.075466 0.092610 0.009893 0.051616 0.300000 0.015404
0.284803
0.327041 1.000000 0.960940 0.999192 0.994909 0.994283 0.681761 0.537605 0.020347 0.115092 0.000000 0.052201
0.653621
0.142499 1.000000 0.352439 0.587684 0.000151 0.000158 0.172479 0.232692 0.045953 0.051709 0.300000 0.018113
0.284803
0.334083 1.000000 0.984166 0.999199 0.994934 0.996487 0.901611 0.730300 0.096287 0.399928 0.000000 0.213342
0.653621
0.142493 1.000000 0.352413 0.587689 0.000140 0.000149 0.074818 0.091377 0.010031 0.051446 0.300000 0.014490
0.284803
0.326994 1.000000 0.960785 0.999192 0.994864 0.994485 0.681478 0.537499 0.019988 0.115086 0.100000 0.052577
0.653621
0.142497 1.000000 0.352428 0.587684 0.000146 0.000127 0.173890 0.234649 0.044831 0.051619 0.300000 0.018276
0.284803
0.334029 1.000000 0.983986 0.999199 0.994948 0.994375 0.900009 0.730155 0.095562 0.396393 0.200000 0.210796
0.653621
0.142492 1.000000 0.352414 0.587685 0.000138 0.000114 0.073690 0.089587 0.009906 0.051669 0.300000 0.015241
0.284803
0.327073 1.000000 0.961048 0.999192 0.994874 0.994358 0.681698 0.537664 0.020276 0.115095 0.000000 0.052511
0.653621
0.142498 1.000000 0.352430 0.587684 0.000150 0.000123 0.172536 0.232452 0.045513 0.051743 0.300000 0.018456
0.284803
0.334056 1.000000 0.984074 0.999199 0.994955 0.996180 0.900332 0.730132 0.095498 0.399740 0.100000 0.214206
0.653621
0.142495 1.000000 0.352417 0.587686 0.000138 0.000132 0.072300 0.087124 0.009600 0.051758 0.300000 0.015828
0.284803
0.327050 1.000000 0.960971 0.999192 0.994880 0.994920 0.681631 0.537650 0.019980 0.115820 0.000000 0.053866
0.653621
0.142499 1.000000 0.352436 0.587687 0.000155 0.000136 0.173480 0.234169 0.045748 0.051539 0.300000 0.017933
0.284803
0.334064 1.000000 0.984104 0.999199 0.994940 0.995381 0.900780 0.730084 0.096150 0.398688 0.100000 0.215218
0.653621
0.142492 1.000000 0.352414 0.587684 0.000138 0.000123 0.073991 0.090228 0.009786 0.051545 0.300000 0.014915
0.284803
0.327000 1.000000 0.960807 0.999192 0.994848 0.996132 0.681838 0.537635 0.020200 0.115382 0.100000 0.053556
0.653621
0.259460 0.333333 0.352504 0.587790 0.000262 0.000342 0.257726 0.331588 0.060429 0.055700 0.400000 0.028491
0.428009
0.324435 0.333333 0.417443 0.401797 0.498357 0.498718 0.244136 0.195119 0.007181 0.051456 0.000000 0.032995
0.572473
0.285061 0.333333 0.352534 0.587812 0.000304 0.000369 0.355895 0.494322 0.075914 0.052628 0.300000 0.032554
0.428009
0.660452 0.333333 0.971449 0.999493 0.997037 0.997774 0.998183 0.840469 0.249173 0.490498 0.300000 0.332365
0.572473
0.285060 0.333333 0.352532 0.587810 0.000300 0.000338 0.335838 0.466074 0.071459 0.055916 0.300000 0.032587
0.428009
0.649947 0.333333 0.954126 0.999487 0.996808 0.995276 0.649673 0.527786 0.080118 0.123880 0.100000 0.110244
0.572473
0.285059 0.333333 0.352532 0.587810 0.000299 0.000378 0.355711 0.493274 0.072890 0.052292 0.300000 0.030743
0.428009
0.660287 0.333333 0.971179 0.999496 0.997012 0.995605 0.998743 0.840390 0.246602 0.488484 0.000000 0.327666
0.572473
0.285054 0.333333 0.352524 0.587810 0.000292 0.000334 0.335528 0.466053 0.074088 0.056021 0.300000 0.033680
0.428009
0.649881 0.333333 0.954017 0.999486 0.996787 0.996105 0.649566 0.527829 0.079281 0.124059 0.100000 0.102542
0.572473
0.285058 0.333333 0.352530 0.587810 0.000295 0.000378 0.355693 0.493297 0.072810 0.052326 0.300000 0.031249
0.428009
0.660237 0.333333 0.971096 0.999495 0.996987 0.995016 0.998762 0.840177 0.245717 0.488098 0.100000 0.328025
0.572473
0.285057 0.333333 0.352528 0.587811 0.000296 0.000342 0.335924 0.466438 0.072820 0.056045 0.300000 0.033762
0.428009
0.649930 0.333333 0.954098 0.999486 0.996792 0.996061 0.649567 0.527793 0.080121 0.124410 0.100000 0.108449
0.572473
0.285061 0.333333 0.352534 0.587813 0.000298 0.000360 0.355713 0.493401 0.073576 0.052326 0.300000 0.031184
0.428009
0.660288 0.333333 0.971179 0.999493 0.996990 0.995772 0.998776 0.840230 0.245822 0.486303 0.200000 0.328237
0.572473
0.285057 0.333333 0.352530 0.587811 0.000296 0.000382 0.334972 0.465411 0.074513 0.055780 0.300000 0.032310
0.428009
0.649907 0.333333 0.954061 0.999485 0.996807 0.995987 0.649567 0.527781 0.079908 0.123609 0.300000 0.101318
0.572473
0.285059 0.333333 0.352532 0.587810 0.000295 0.000351 0.355827 0.493130 0.071770 0.052378 0.300000 0.031151
0.428009
0.660274 0.333333 0.971157 0.999496 0.997050 0.996356 0.998985 0.840404 0.246023 0.487182 0.100000 0.342140
0.572473
0.285058 0.333333 0.352530 0.587810 0.000293 0.000386 0.334600 0.465216 0.075278 0.055638 0.300000 0.032228
0.428009
0.650038 0.333333 0.954279 0.999487 0.996799 0.994151 0.649568 0.528178 0.080427 0.124031 0.300000 0.099034
0.572473
0.285057 0.333333 0.352530 0.587810 0.000289 0.000325 0.355458 0.492586 0.071415 0.052313 0.300000 0.031804
0.428009
0.659871 0.333333 0.970494 0.999495 0.996987 0.995464 0.999300 0.839677 0.242361 0.483209 0.000000 0.336771
0.572473
0.285054 0.333333 0.352524 0.587810 0.000289 0.000338 0.334640 0.464629 0.073318 0.056015 0.300000 0.031967
0.428009
0.649983 0.333333 0.954187 0.999486 0.996826 0.994744 0.649601 0.527885 0.080121 0.124074 0.200000 0.107960
0.572473
0.285062 0.333333 0.352535 0.587812 0.000302 0.000356 0.355866 0.493590 0.070994 0.052551 0.300000 0.029650
0.428009
0.660306 0.333333 0.971210 0.999494 0.996997 0.996720 0.998731 0.840464 0.247611 0.491649 0.100000 0.331272
0.572473
0.285054 0.333333 0.352524 0.587812 0.000296 0.000351 0.335449 0.465950 0.073998 0.055947 0.300000 0.031135
0.428009
0.649922 0.333333 0.954087 0.999484 0.996796 0.996435 0.649951 0.528280 0.079629 0.125632 0.200000 0.093486
0.572473
0.285055 0.333333 0.352526 0.587810 0.000294 0.000321 0.356021 0.494596 0.074684 0.052498 0.300000 0.030890
0.428009
0.660307 0.333333 0.971210 0.999496 0.996968 0.996659 0.998637 0.840099 0.246630 0.487102 0.000000 0.330276
0.572473
0.285056 0.333333 0.352528 0.587810 0.000294 0.000312 0.335342 0.465897 0.073857 0.055506 0.300000 0.031641
0.428009
0.649891 0.333333 0.954035 0.999487 0.996847 0.996615 0.649948 0.528177 0.079739 0.124679 0.100000 0.090255
0.572473
0.285054 0.333333 0.352523 0.587810 0.000297 0.000360 0.355677 0.493721 0.073314 0.052273 0.300000 0.029748
0.428009
0.660274 0.333333 0.971160 0.999496 0.997044 0.997879 0.998818 0.840478 0.247006 0.489872 0.100000 0.326523
0.572473
0.285054 0.333333 0.352523 0.587810 0.000293 0.000356 0.335009 0.465412 0.073888 0.055546 0.300000 0.031135
0.428009
0.649859 0.333333 0.953981 0.999486 0.996810 0.998274 0.650109 0.528311 0.079094 0.123575 0.000000 0.090206
0.572473
0.285059 0.333333 0.352531 0.587811 0.000297 0.000342 0.355509 0.493314 0.072685 0.052356 0.200000 0.030090
0.428009
0.660256 0.333333 0.971127 0.999495 0.996987 0.999117 0.998938 0.840650 0.245990 0.491726 0.200000 0.333720
0.572473
0.285057 0.333333 0.352529 0.587813 0.000295 0.000369 0.335053 0.465154 0.072503 0.056184 0.300000 0.032000
0.428009
0.649901 0.333333 0.954052 0.999484 0.996845 0.994937 0.650000 0.528274 0.079593 0.124651 0.300000 0.091136
0.572473
0.285055 0.333333 0.352526 0.587811 0.000290 0.000373 0.355811 0.493847 0.072960 0.052557 0.300000 0.030808
0.428009
0.660318 0.333333 0.971231 0.999494 0.996984 0.997414 0.998696 0.840347 0.247529 0.489502 0.100000 0.327715
0.572473
0.285058 0.333333 0.352532 0.587810 0.000295 0.000312 0.334925 0.464714 0.071815 0.055953 0.300000 0.032261
0.428009
0.649977 0.333333 0.954175 0.999487 0.996835 0.995908 0.649911 0.528162 0.080144 0.124947 0.200000 0.103048
0.572473
0.285054 0.333333 0.352524 0.587810 0.000289 0.000290 0.355825 0.493813 0.073714 0.052603 0.300000 0.030531
0.428009
0.660269 0.333333 0.971148 0.999496 0.997047 0.996022 0.998644 0.840099 0.246463 0.488638 0.300000 0.326246
0.572473
0.285060 0.333333 0.352534 0.587810 0.000303 0.000347 0.334718 0.464945 0.073656 0.056190 0.300000 0.032179
0.428009
0.649936 0.333333 0.954110 0.999486 0.996814 0.996470 0.649552 0.527811 0.080308 0.124916 0.000000 0.107944
0.572473
0.285059 0.333333 0.352531 0.587810 0.000297 0.000299 0.355574 0.493227 0.072790 0.052498 0.300000 0.030564
0.428009
0.660291 0.333333 0.971187 0.999495 0.997042 0.995794 0.998970 0.840934 0.247355 0.489921 0.200000 0.329232
0.572473
0.285055 0.333333 0.352524 0.587812 0.000297 0.000404 0.335241 0.465366 0.073257 0.055934 0.300000 0.033664
0.428009
0.649931 0.333333 0.954101 0.999485 0.996825 0.996233 0.649700 0.527853 0.080062 0.123865 0.300000 0.109249
0.572473
0.285061 0.333333 0.352535 0.587813 0.000299 0.000369 0.355561 0.492557 0.069970 0.052221 0.300000 0.030172
0.428009
0.660284 0.333333 0.971176 0.999493 0.997006 0.995047 0.998872 0.840244 0.245136 0.487691 0.300000 0.337342
0.572473
0.285056 0.333333 0.352526 0.587810 0.000293 0.000342 0.335481 0.465895 0.072940 0.055555 0.200000 0.031021
0.428009
0.650006 0.333333 0.954222 0.999485 0.996796 0.995276 0.649527 0.527873 0.080572 0.124796 0.400000 0.108433
0.572473
0.285056 0.333333 0.352527 0.587810 0.000294 0.000404 0.355812 0.493982 0.073261 0.052440 0.300000 0.029895
0.428009
0.660318 0.333333 0.971231 0.999496 0.997059 0.996553 0.998900 0.840507 0.246580 0.488265 0.300000 0.324043
0.572473
0.285056 0.333333 0.352528 0.587810 0.000296 0.000334 0.335732 0.466243 0.072924 0.056329 0.200000 0.032995
0.428009
0.649901 0.333333 0.954049 0.999486 0.996819 0.995829 0.649966 0.528247 0.079955 0.124321 0.200000 0.090532
0.572473
0.285058 0.333333 0.352531 0.587810 0.000293 0.000329 0.355616 0.493733 0.073294 0.052529 0.300000 0.032130
0.428009
0.660274 0.333333 0.971159 0.999495 0.997022 0.996097 0.998819 0.840369 0.246234 0.487136 0.100000 0.326001
0.572473
0.285058 0.333333 0.352530 0.587810 0.000294 0.000413 0.335121 0.465481 0.073757 0.055743 0.300000 0.031885
0.428009
0.649833 0.333333 0.953941 0.999486 0.996814 0.995842 0.650352 0.528624 0.079102 0.123951 0.100000 0.093274
0.572473
0.285058 0.333333 0.352532 0.587813 0.000298 0.000316 0.355676 0.493640 0.072940 0.052440 0.300000 0.029862
0.428009
0.660441 0.333333 0.971432 0.999493 0.997009 0.996724 0.998717 0.840890 0.249129 0.492562 0.100000 0.331468
0.572473
0.285059 0.333333 0.352533 0.587812 0.000299 0.000334 0.335098 0.465580 0.073731 0.055719 0.300000 0.032473
0.428009
0.649896 0.333333 0.954043 0.999484 0.996803 0.995254 0.649942 0.528083 0.079376 0.124056 0.300000 0.096244
0.572473
0.285057 0.333333 0.352526 0.587810 0.000292 0.000334 0.355854 0.494107 0.073742 0.052474 0.300000 0.029715
0.428009
0.660464 0.333333 0.971471 0.999496 0.997008 0.995921 0.998887 0.841089 0.249323 0.491417 0.100000 0.334242
0.572473
0.285057 0.333333 0.352529 0.587810 0.000295 0.000325 0.335172 0.465488 0.073234 0.056120 0.300000 0.032375
0.428009
0.649916 0.333333 0.954076 0.999487 0.996804 0.995008 0.649904 0.528053 0.079456 0.124636 0.400000 0.100388
0.572473
0.285062 0.333333 0.352536 0.587810 0.000300 0.000329 0.356125 0.493492 0.070277 0.052486 0.300000 0.030466
0.428009
0.660286 0.333333 0.971177 0.999496 0.997036 0.997436 0.998806 0.840378 0.245859 0.489776 0.200000 0.326311
0.572473
0.285059 0.333333 0.352533 0.587810 0.000298 0.000329 0.335673 0.465875 0.072170 0.055928 0.300000 0.032864
0.428009
0.649903 0.333333 0.954055 0.999486 0.996811 0.995122 0.649553 0.527805 0.079614 0.123753 0.100000 0.099719
0.572473
0.285058 0.333333 0.352530 0.587811 0.000298 0.000356 0.355773 0.494007 0.073969 0.052239 0.300000 0.029829
0.428009
0.660387 0.333333 0.971343 0.999495 0.997028 0.996505 0.998582 0.840698 0.248100 0.491427 0.400000 0.327372
0.572473
0.285061 0.333333 0.352535 0.587813 0.000302 0.000369 0.335079 0.465379 0.073777 0.055857 0.300000 0.033436
0.428009
0.649917 0.333333 0.954077 0.999484 0.996834 0.996000 0.649999 0.528248 0.079667 0.124420 0.200000 0.093535
0.572473
0.285062 0.333333 0.352538 0.587811 0.000299 0.000334 0.355541 0.493060 0.072099 0.052535 0.200000 0.032620
0.428009
0.660263 0.333333 0.971138 0.999494 0.996980 0.996162 0.998657 0.840153 0.245265 0.489098 0.000000 0.344098
0.572473
0.285057 0.333333 0.352530 0.587810 0.000295 0.000360 0.335460 0.466315 0.075130 0.056052 0.300000 0.033648
0.428009
0.649904 0.333333 0.954056 0.999487 0.996853 0.995267 0.649845 0.527896 0.079738 0.123661 0.200000 0.110032
0.572473
0.285058 0.333333 0.352530 0.587810 0.000290 0.000351 0.355793 0.493780 0.073074 0.052156 0.300000 0.030923
0.428009
0.660306 0.333333 0.971211 0.999496 0.997049 0.996470 0.998860 0.840368 0.246646 0.487938 0.000000 0.337456
0.572473
0.285055 0.333333 0.352526 0.587810 0.000291 0.000369 0.335583 0.465707 0.072252 0.055944 0.300000 0.032864
0.428009
0.649958 0.333333 0.954144 0.999486 0.996831 0.995772 0.649914 0.528169 0.080304 0.124444 0.100000 0.101008
0.572473
0.285058 0.333333 0.352531 0.587810 0.000296 0.000351 0.355457 0.492868 0.071814 0.052350 0.300000 0.030727
0.428009
0.660222 0.333333 0.971073 0.999494 0.997019 0.996048 0.998600 0.839982 0.245711 0.487747 0.100000 0.336950
0.572473
0.285056 0.333333 0.352526 0.587812 0.000293 0.000395 0.334661 0.465032 0.074815 0.055823 0.200000 0.032359
0.428009
0.649959 0.333333 0.954146 0.999485 0.996814 0.995306 0.649764 0.528023 0.079842 0.124953 0.200000 0.106442
0.572473
0.285059 0.333333 0.352530 0.587812 0.000293 0.000342 0.355633 0.492981 0.071511 0.052458 0.300000 0.029862
0.428009
0.660152 0.333333 0.970957 0.999493 0.997010 0.995398 0.999039 0.840169 0.244386 0.487404 0.100000 0.334878
0.572473
0.285061 0.333333 0.352536 0.587810 0.000298 0.000347 0.335021 0.465205 0.073799 0.055811 0.300000 0.031428
0.428009
0.649981 0.333333 0.954183 0.999487 0.996799 0.996329 0.649543 0.527865 0.080171 0.124614 0.200000 0.106622
0.572473
0.285060 0.333333 0.352535 0.587810 0.000295 0.000342 0.355538 0.493029 0.072598 0.052492 0.300000 0.030384
0.428009
0.660317 0.333333 0.971228 0.999496 0.997055 0.997449 0.998797 0.840464 0.246297 0.490159 0.200000 0.329754
0.572473
0.285056 0.333333 0.352528 0.587810 0.000295 0.000356 0.336085 0.466770 0.072782 0.056101 0.200000 0.031428
0.428009
0.649969 0.333333 0.954163 0.999487 0.996818 0.996685 0.649581 0.527912 0.080166 0.124370 0.200000 0.107324
0.572473
0.285060 0.333333 0.352533 0.587810 0.000297 0.000316 0.355534 0.492682 0.071831 0.052520 0.300000 0.031526
0.428009
0.660287 0.333333 0.971179 0.999495 0.996984 0.996628 0.998823 0.840288 0.244719 0.487330 0.000000 0.327568
0.572473
0.285058 0.333333 0.352531 0.587811 0.000299 0.000386 0.334372 0.464279 0.073506 0.056354 0.300000 0.032408
0.428009
0.650063 0.333333 0.954319 0.999486 0.996782 0.996171 0.649455 0.528003 0.080710 0.125114 0.100000 0.099866
0.572473
0.285061 0.333333 0.352536 0.587813 0.000299 0.000351 0.355884 0.494008 0.072977 0.052430 0.300000 0.031021
0.428009
0.660276 0.333333 0.971160 0.999493 0.996998 0.996013 0.999048 0.840590 0.245699 0.487047 0.100000 0.329363
0.572473
0.285055 0.333333 0.352525 0.587811 0.000295 0.000299 0.335686 0.465971 0.071864 0.055842 0.300000 0.032930
0.428009
0.649910 0.333333 0.954067 0.999485 0.996820 0.996123 0.649949 0.528258 0.079796 0.125299 0.200000 0.088607
0.572473
0.285058 0.333333 0.352530 0.587810 0.000298 0.000290 0.356010 0.494319 0.073517 0.052486 0.300000 0.030123
0.428009
0.660438 0.333333 0.971428 0.999496 0.997003 0.996241 0.998768 0.840513 0.248440 0.489499 0.100000 0.335971
0.572473
0.285054 0.333333 0.352525 0.587810 0.000293 0.000334 0.335333 0.465497 0.073084 0.055894 0.200000 0.032538
0.428009
0.649884 0.333333 0.954022 0.999487 0.996821 0.995513 0.649959 0.528136 0.079371 0.124694 0.100000 0.096521
0.572473
0.285060 0.333333 0.352533 0.587810 0.000302 0.000338 0.355950 0.494078 0.072815 0.052443 0.300000 0.030547
0.428009
0.660134 0.333333 0.970928 0.999495 0.997012 0.996259 0.998865 0.839986 0.244056 0.485159 0.100000 0.321954
0.572473
0.285058 0.333333 0.352529 0.587810 0.000292 0.000329 0.335195 0.465041 0.072059 0.056160 0.300000 0.032228
0.428009
0.649859 0.333333 0.953983 0.999486 0.996796 0.995175 0.649997 0.528194 0.079222 0.124361 0.100000 0.090320
0.572473
0.285058 0.333333 0.352530 0.587812 0.000300 0.000369 0.355803 0.494043 0.074419 0.052742 0.300000 0.031135
0.428009
0.660325 0.333333 0.971240 0.999494 0.997049 0.996544 0.998561 0.840413 0.247102 0.490255 0.100000 0.327241
0.572473
0.285056 0.333333 0.352528 0.587813 0.000294 0.000356 0.335729 0.466520 0.073477 0.055941 0.300000 0.031624
0.428009
0.649945 0.333333 0.954124 0.999484 0.996796 0.995543 0.649717 0.527965 0.080118 0.124525 0.000000 0.107813
0.572473
0.285060 0.333333 0.352533 0.587810 0.000298 0.000338 0.355668 0.492990 0.071511 0.052582 0.300000 0.032473
0.428009
0.659789 0.333333 0.970356 0.999493 0.996993 0.996435 0.998994 0.839164 0.241907 0.480329 0.100000 0.329754
0.572473
0.285056 0.333333 0.352527 0.587810 0.000297 0.000329 0.335952 0.466685 0.072985 0.055472 0.200000 0.031853
0.428009
0.649895 0.333333 0.954040 0.999487 0.996852 0.996663 0.649672 0.527736 0.079631 0.123639 0.300000 0.109869
0.572473
0.285058 0.333333 0.352530 0.587810 0.000296 0.000382 0.355669 0.493542 0.073249 0.052437 0.400000 0.030400
0.428009
0.660324 0.333333 0.971238 0.999496 0.997026 0.996676 0.998774 0.840454 0.246663 0.489107 0.100000 0.327584
0.572473
0.285059 0.333333 0.352531 0.587810 0.000296 0.000391 0.335181 0.466064 0.074596 0.056012 0.300000 0.031967
0.428009
0.649915 0.333333 0.954073 0.999486 0.996797 0.996351 0.649726 0.527870 0.079704 0.124130 0.400000 0.105871
0.572473
0.285059 0.333333 0.352532 0.587811 0.000298 0.000360 0.355798 0.493416 0.071237 0.052557 0.200000 0.029846
0.428009
0.659925 0.333333 0.970581 0.999495 0.997016 0.995394 0.999376 0.840002 0.243136 0.482182 0.300000 0.334274
0.572473
0.285053 0.333333 0.352523 0.587813 0.000292 0.000360 0.335525 0.466078 0.072906 0.055928 0.300000 0.031608
0.428009
0.649984 0.333333 0.954189 0.999484 0.996820 0.994814 0.649733 0.528012 0.080394 0.124682 0.200000 0.106883
0.572473
0.285058 0.333333 0.352530 0.587812 0.000295 0.000321 0.355835 0.493374 0.072031 0.052165 0.300000 0.031331
0.428009
0.660194 0.333333 0.971026 0.999493 0.996965 0.995644 0.998814 0.840137 0.245380 0.488644 0.000000 0.327943
0.572473
0.285061 0.333333 0.352535 0.587810 0.000299 0.000360 0.335228 0.465505 0.073497 0.055793 0.300000 0.031918
0.428009
0.649946 0.333333 0.954127 0.999487 0.996804 0.996303 0.649515 0.527797 0.080279 0.124818 0.300000 0.106720
0.572473
0.285057 0.333333 0.352532 0.587810 0.000294 0.000356 0.355795 0.493815 0.073469 0.052560 0.200000 0.031037
0.428009
0.660340 0.333333 0.971267 0.999496 0.997045 0.995477 0.998690 0.840487 0.247372 0.490421 0.100000 0.324010
0.572473
0.285059 0.333333 0.352532 0.587810 0.000296 0.000342 0.335517 0.465670 0.072155 0.056055 0.300000 0.031869
0.428009
0.649935 0.333333 0.954108 0.999486 0.996823 0.996597 0.649766 0.527931 0.079835 0.124377 0.300000 0.106769
0.572473
0.285057 0.333333 0.352527 0.587810 0.000292 0.000356 0.355735 0.493493 0.072531 0.052301 0.300000 0.031787
0.428009
0.660346 0.333333 0.971276 0.999495 0.997079 0.997497 0.998674 0.840473 0.247300 0.489832 0.200000 0.323423
0.572473
0.285058 0.333333 0.352532 0.587812 0.000302 0.000443 0.335607 0.466080 0.073743 0.055749 0.300000 0.033109
0.428009
0.649988 0.333333 0.954197 0.999485 0.996801 0.998037 0.649726 0.527952 0.080387 0.125496 0.200000 0.108972
0.572473
0.285056 0.333333 0.352529 0.587813 0.000294 0.000325 0.355570 0.493341 0.072692 0.052137 0.300000 0.030074
0.428009
0.660315 0.333333 0.971225 0.999493 0.997009 0.998946 0.998720 0.840570 0.246671 0.489946 0.200000 0.325626
0.572473
0.285051 0.333333 0.352521 0.587811 0.000290 0.000369 0.335386 0.466108 0.074281 0.055515 0.300000 0.032310
0.428009
0.649928 0.333333 0.954095 0.999485 0.996842 0.996610 0.649923 0.528104 0.079717 0.124324 0.200000 0.102624
0.572473
0.285059 0.333333 0.352531 0.587810 0.000298 0.000338 0.355752 0.493668 0.072426 0.052489 0.300000 0.030710
0.428009
0.660251 0.333333 0.971119 0.999496 0.997047 0.996303 0.998889 0.840370 0.246023 0.487889 0.200000 0.341209
0.572473
0.285053 0.333333 0.352524 0.587810 0.000291 0.000312 0.334703 0.464653 0.072884 0.056221 0.300000 0.033631
0.428009
0.649919 0.333333 0.954081 0.999487 0.996832 0.996782 0.649946 0.528181 0.079608 0.125237 0.200000 0.098952
0.572473
0.285058 0.333333 0.352528 0.587810 0.000298 0.000356 0.355911 0.494157 0.072709 0.052730 0.300000 0.032212
0.428009
0.660416 0.333333 0.971391 0.999496 0.997003 0.996584 0.998887 0.840800 0.248460 0.491075 0.100000 0.325022
0.572473
0.285057 0.333333 0.352529 0.587810 0.000295 0.000351 0.335368 0.465802 0.073161 0.055759 0.300000 0.033403
0.428009
0.649801 0.333333 0.953887 0.999486 0.996785 0.995732 0.650351 0.528492 0.078802 0.123155 0.100000 0.092637
0.572473
0.285058 0.333333 0.352529 0.587813 0.000295 0.000373 0.355826 0.493963 0.073489 0.052508 0.200000 0.030743
0.428009
0.659984 0.333333 0.970681 0.999493 0.996995 0.996184 0.999037 0.839719 0.243261 0.486158 0.100000 0.333181
0.572473
0.285054 0.333333 0.352526 0.587811 0.000291 0.000347 0.335247 0.465228 0.072478 0.055894 0.300000 0.033256
0.428009
0.649933 0.333333 0.954104 0.999484 0.996858 0.995469 0.649972 0.528107 0.079654 0.124219 0.100000 0.100290
0.572473
0.285055 0.333333 0.352527 0.587810 0.000294 0.000395 0.356010 0.493793 0.071599 0.052384 0.200000 0.032603
0.428009
0.660276 0.333333 0.971161 0.999496 0.997010 0.995416 0.998767 0.840269 0.246480 0.488404 0.100000 0.333491
0.572473
0.285053 0.333333 0.352524 0.587810 0.000289 0.000316 0.335783 0.466001 0.072020 0.055651 0.300000 0.032701
0.428009
0.649886 0.333333 0.954028 0.999487 0.996800 0.996263 0.649787 0.527816 0.079579 0.124074 0.100000 0.108776
0.572473
0.285054 0.333333 0.352525 0.587810 0.000291 0.000360 0.356050 0.493901 0.071985 0.052424 0.300000 0.030841
0.428009
0.660278 0.333333 0.971165 0.999496 0.997040 0.996948 0.998674 0.840224 0.246889 0.488324 0.100000 0.334095
0.572473
0.285056 0.333333 0.352531 0.587810 0.000294 0.000391 0.335159 0.465713 0.074285 0.055651 0.300000 0.031722
0.428009
0.649983 0.333333 0.954190 0.999486 0.996786 0.995210 0.649635 0.527960 0.080448 0.125364 0.200000 0.107144
0.572473
0.285055 0.333333 0.352526 0.587811 0.000293 0.000364 0.355522 0.493285 0.073101 0.052492 0.300000 0.030857
0.428009
0.659975 0.333333 0.970664 0.999494 0.997012 0.996531 0.998984 0.839593 0.243486 0.484968 0.200000 0.335922
0.572473
0.285059 0.333333 0.352530 0.587813 0.000297 0.000360 0.335547 0.465795 0.072901 0.055601 0.300000 0.031412
0.428009
0.649879 0.333333 0.954015 0.999484 0.996809 0.995750 0.649797 0.527878 0.079229 0.124222 0.100000 0.103603
0.572473
0.285058 0.333333 0.352530 0.587811 0.000295 0.000369 0.355875 0.493979 0.072699 0.052464 0.300000 0.030286
0.428009
0.660329 0.333333 0.971246 0.999494 0.997015 0.996338 0.998661 0.840359 0.246065 0.488944 0.200000 0.325495
0.572473
0.285058 0.333333 0.352530 0.587810 0.000295 0.000404 0.336604 0.468859 0.074777 0.055826 0.300000 0.030906
0.428009
0.649779 0.333333 0.953846 0.999487 0.996818 0.997150 0.649817 0.526474 0.072539 0.123507 0.100000 0.091365
0.572473
0.285057 0.333333 0.352528 0.587810 0.000298 0.000268 0.358185 0.499019 0.075215 0.052387 0.300000 0.029470
0.428009
0.659166 0.333333 0.969331 0.999495 0.996987 0.995341 0.999727 0.835370 0.223298 0.468814 0.100000 0.326442
0.572473
0.285054 0.333333 0.352522 0.587810 0.000289 0.000356 0.338574 0.472615 0.076261 0.056178 0.200000 0.032277
0.428009
0.649868 0.333333 0.953997 0.999486 0.996793 0.996004 0.650407 0.525643 0.066139 0.120795 0.200000 0.086485
0.572473
0.285059 0.333333 0.352532 0.587810 0.000298 0.000325 0.358295 0.498883 0.073755 0.052705 0.300000 0.032195
0.428009
0.659548 0.333333 0.969959 0.999495 0.996980 0.996672 0.999754 0.836350 0.226243 0.475187 0.100000 0.331174
0.572473
0.285061 0.333333 0.352535 0.587813 0.000301 0.000312 0.338757 0.472754 0.075948 0.055719 0.300000 0.031869
0.428009
0.649906 0.333333 0.954059 0.999484 0.996794 0.996307 0.650450 0.525852 0.066487 0.121135 0.400000 0.089831
0.572473
0.285056 0.333333 0.352527 0.587812 0.000294 0.000356 0.358145 0.498509 0.073244 0.052452 0.200000 0.029585
0.428009
0.659056 0.333333 0.969149 0.999492 0.996977 0.997063 0.999695 0.835138 0.222591 0.468965 0.000000 0.320453
0.572473
0.285055 0.333333 0.352527 0.587810 0.000296 0.000356 0.338687 0.472417 0.075048 0.055685 0.300000 0.033223
0.428009
0.650061 0.333333 0.954314 0.999486 0.996775 0.995469 0.650297 0.526329 0.067837 0.122088 0.000000 0.086779
0.572473
0.285052 0.333333 0.352522 0.587810 0.000291 0.000316 0.357785 0.498434 0.075984 0.052242 0.300000 0.031347
0.428009
0.659122 0.333333 0.969259 0.999495 0.997001 0.996825 0.999713 0.835339 0.223301 0.471630 0.200000 0.325316
0.572473
0.285058 0.333333 0.352529 0.587810 0.000297 0.000347 0.338670 0.472290 0.074639 0.055968 0.200000 0.033011
0.428009
0.649874 0.333333 0.954003 0.999487 0.996812 0.996909 0.650405 0.525702 0.066129 0.121440 0.000000 0.087954
0.572473
0.285058 0.333333 0.352531 0.587810 0.000300 0.000321 0.358008 0.498795 0.075960 0.052363 0.300000 0.031657
0.428009
0.659562 0.333333 0.969983 0.999495 0.996962 0.995745 0.999361 0.835965 0.226766 0.475730 0.100000 0.332577
0.572473
0.285061 0.333333 0.352535 0.587812 0.000300 0.000430 0.339031 0.472986 0.074867 0.055978 0.300000 0.032848
0.428009
0.649882 0.333333 0.954018 0.999485 0.996794 0.997076 0.650439 0.525879 0.066179 0.121098 0.200000 0.086192
0.572473
0.285056 0.333333 0.352527 0.587813 0.000296 0.000316 0.357746 0.498689 0.077313 0.052554 0.300000 0.029797
0.428009
0.659099 0.333333 0.969219 0.999492 0.996999 0.996031 0.999703 0.835194 0.222685 0.470748 0.100000 0.321481
0.572473
0.285060 0.333333 0.352533 0.587810 0.000296 0.000364 0.338838 0.472990 0.076143 0.055888 0.300000 0.034366
0.428009
0.649938 0.333333 0.954111 0.999484 0.996808 0.995600 0.650422 0.525751 0.066729 0.121477 0.400000 0.088754
0.572473
0.285056 0.333333 0.352525 0.587810 0.000297 0.000347 0.357864 0.497934 0.073682 0.052594 0.300000 0.031722
0.428009
0.659139 0.333333 0.969287 0.999495 0.997052 0.996606 0.999763 0.835501 0.222969 0.475088 0.000000 0.322868
0.572473
0.285057 0.333333 0.352529 0.587810 0.000298 0.000347 0.338625 0.472267 0.074930 0.055793 0.200000 0.032195
0.428009
0.649556 0.333333 0.953482 0.999486 0.996820 0.995587 0.650357 0.525146 0.064237 0.120268 0.200000 0.088346
0.572473
0.285056 0.333333 0.352527 0.587810 0.000295 0.000369 0.357911 0.497908 0.073432 0.052313 0.300000 0.030172
0.428009
0.659124 0.333333 0.969262 0.999495 0.996956 0.996061 0.999753 0.835343 0.222614 0.471057 0.100000 0.322232
0.572473
0.285053 0.333333 0.352523 0.587810 0.000290 0.000364 0.338247 0.471951 0.075928 0.055888 0.200000 0.032179
0.428009
0.649481 0.333333 0.953356 0.999486 0.996820 0.996044 0.650342 0.525094 0.063623 0.120175 0.100000 0.088493
0.572473
0.285056 0.333333 0.352529 0.587813 0.000296 0.000299 0.358350 0.498968 0.073889 0.052427 0.300000 0.029699
0.428009
0.659089 0.333333 0.969203 0.999493 0.996903 0.996338 0.999742 0.835290 0.222601 0.471636 0.000000 0.324010
0.572473
0.285059 0.333333 0.352534 0.587812 0.000298 0.000356 0.338900 0.472129 0.072526 0.055919 0.300000 0.031543
0.428009
0.649933 0.333333 0.954104 0.999484 0.996776 0.997620 0.650341 0.526024 0.066810 0.121344 0.100000 0.087220
0.572473
0.285062 0.333333 0.352537 0.587810 0.000303 0.000329 0.357934 0.498408 0.074660 0.052400 0.300000 0.029650
0.428009
0.659562 0.333333 0.969983 0.999495 0.996969 0.998270 0.999412 0.836314 0.226833 0.476106 0.300000 0.335547
0.572473
0.285059 0.333333 0.352532 0.587810 0.000297 0.000448 0.338530 0.472152 0.075005 0.055607 0.300000 0.032049
0.428009
0.649634 0.333333 0.953611 0.999487 0.996808 0.998288 0.650317 0.525225 0.064723 0.120977 0.000000 0.086747
0.572473
0.285059 0.333333 0.352531 0.587810 0.000293 0.000637 0.357960 0.498587 0.075230 0.052560 0.300000 0.031167
0.428009
0.658998 0.333333 0.969053 0.999495 0.996952 0.998279 0.999812 0.834987 0.221817 0.469570 0.000000 0.327045
0.572473
0.285061 0.333333 0.352536 0.587810 0.000304 0.000610 0.339079 0.472518 0.073681 0.055666 0.200000 0.032391
0.428009
0.649954 0.333333 0.954140 0.999487 0.996774 0.999491 0.650428 0.525898 0.066743 0.121014 0.100000 0.087595
0.572473
0.285056 0.333333 0.352527 0.587811 0.000294 0.000382 0.358436 0.499034 0.073394 0.052279 0.300000 0.031167
0.428009
0.659531 0.333333 0.969933 0.999495 0.996976 0.998516 0.999395 0.836078 0.225896 0.477185 0.100000 0.333295
0.572473
0.285055 0.333333 0.352528 0.587813 0.000297 0.000373 0.338369 0.472095 0.076173 0.055543 0.300000 0.032244
0.428009
0.649898 0.333333 0.954047 0.999484 0.996809 0.999104 0.650436 0.525891 0.066346 0.121406 0.300000 0.088297
0.572473
0.285056 0.333333 0.352527 0.587811 0.000299 0.000351 0.357759 0.498091 0.074748 0.052168 0.300000 0.030237
0.428009
0.659231 0.333333 0.969438 0.999493 0.996980 0.998490 0.999704 0.835527 0.223970 0.473240 0.100000 0.326768
0.572473
0.285055 0.333333 0.352527 0.587810 0.000296 0.000312 0.339331 0.473490 0.075106 0.055854 0.300000 0.033517
0.428009
0.650013 0.333333 0.954236 0.999487 0.996818 0.997862 0.650344 0.526125 0.067240 0.121600 0.100000 0.087644
0.572473
0.285058 0.333333 0.352530 0.587810 0.000296 0.000382 0.358009 0.497963 0.073214 0.052594 0.300000 0.031657
0.428009
0.659082 0.333333 0.969191 0.999495 0.996934 0.997041 0.999485 0.835004 0.221476 0.473188 0.000000 0.322542
0.572473
0.285055 0.333333 0.352524 0.587810 0.000294 0.000391 0.338069 0.471061 0.073382 0.055894 0.300000 0.033615
0.428009
0.649560 0.333333 0.953488 0.999486 0.996792 0.995407 0.650276 0.525189 0.064220 0.121443 0.200000 0.090483
0.572473
0.285059 0.333333 0.352532 0.587810 0.000297 0.000338 0.358236 0.498622 0.073915 0.052316 0.300000 0.030776
0.428009
0.659115 0.333333 0.969247 0.999494 0.996962 0.995311 0.999610 0.835041 0.222544 0.471985 0.000000 0.329509
0.572473
0.285058 0.333333 0.352530 0.587812 0.000299 0.000360 0.339101 0.472864 0.073376 0.056206 0.300000 0.032750
0.428009
0.649599 0.333333 0.953554 0.999485 0.996809 0.995003 0.650295 0.525179 0.064682 0.121431 0.200000 0.088868
0.572473
0.285058 0.333333 0.352530 0.587812 0.000297 0.000342 0.358150 0.498264 0.072910 0.052178 0.300000 0.030743
0.428009
0.659159 0.333333 0.969319 0.999492 0.996935 0.995543 0.999666 0.835132 0.222851 0.472050 0.200000 0.331810
0.572473
0.285057 0.333333 0.352528 0.587810 0.000296 0.000347 0.338634 0.472111 0.073836 0.056132 0.300000 0.033403
0.428009
0.649512 0.333333 0.953408 0.999486 0.996808 0.995605 0.650292 0.525097 0.063986 0.120746 0.200000 0.087171
0.572473
0.285054 0.333333 0.352525 0.587810 0.000289 0.000378 0.358337 0.498909 0.073960 0.052270 0.200000 0.030482
0.428009
0.659575 0.333333 0.970006 0.999495 0.997030 0.996878 0.999547 0.836220 0.226812 0.478549 0.100000 0.340622
0.572473
0.285057 0.333333 0.352529 0.587810 0.000293 0.000268 0.339727 0.473597 0.073159 0.055928 0.300000 0.032799
0.428009
0.650014 0.333333 0.954235 0.999487 0.996848 0.996887 0.650388 0.526125 0.067150 0.121844 0.000000 0.088933
0.572473
0.285059 0.333333 0.352530 0.587810 0.000293 0.000342 0.357976 0.498359 0.074469 0.052415 0.200000 0.030776
0.428009
0.659488 0.333333 0.969863 0.999495 0.996985 0.995838 0.999409 0.835981 0.226396 0.477913 0.300000 0.338468
0.572473
0.285059 0.333333 0.352533 0.587811 0.000298 0.000378 0.339664 0.473262 0.072369 0.055663 0.300000 0.031575
0.428009
0.649538 0.333333 0.953452 0.999486 0.996782 0.995873 0.650255 0.525101 0.064095 0.120922 0.100000 0.086012
0.572473
0.285059 0.333333 0.352531 0.587813 0.000300 0.000307 0.358292 0.498818 0.073742 0.052344 0.200000 0.030531
0.428009
0.659458 0.333333 0.969813 0.999492 0.996969 0.995543 0.999320 0.835924 0.224920 0.474962 0.000000 0.327127
0.572473
0.285057 0.333333 0.352528 0.587811 0.000296 0.000347 0.339052 0.472588 0.073014 0.055996 0.300000 0.031739
0.428009
0.649616 0.333333 0.953580 0.999485 0.996781 0.995521 0.650297 0.525256 0.064720 0.121570 0.200000 0.087122
0.572473
0.285057 0.333333 0.352527 0.587810 0.000296 0.000334 0.357837 0.497840 0.073359 0.052520 0.300000 0.030156
0.428009
0.659505 0.333333 0.969889 0.999495 0.996965 0.994560 0.999374 0.836123 0.226270 0.477855 0.100000 0.334323
0.572473
0.285058 0.333333 0.352532 0.587810 0.000299 0.000400 0.339193 0.472987 0.074156 0.056024 0.300000 0.031428
0.428009
0.649514 0.333333 0.953415 0.999486 0.996810 0.996593 0.650253 0.525061 0.064121 0.120595 0.200000 0.086453
0.572473
0.285055 0.333333 0.352525 0.587810 0.000294 0.000325 0.358298 0.498976 0.074314 0.052557 0.200000 0.030156
0.428009
0.659588 0.333333 0.970026 0.999495 0.996957 0.996189 0.999287 0.836297 0.226600 0.478333 0.100000 0.333475
0.572473
0.285055 0.333333 0.352526 0.587810 0.000296 0.000369 0.339120 0.472715 0.073120 0.056255 0.300000 0.033550
0.428009
0.650002 0.333333 0.954214 0.999487 0.996815 0.997532 0.650311 0.526149 0.067198 0.122372 0.000000 0.087106
0.572473
0.285058 0.333333 0.352529 0.587812 0.000304 0.000369 0.357764 0.498006 0.074951 0.052100 0.200000 0.030188
0.428009
0.659551 0.333333 0.969963 0.999494 0.997025 0.996031 0.999244 0.836030 0.226747 0.478432 0.400000 0.335808
0.572473
0.285059 0.333333 0.352533 0.587813 0.000302 0.000329 0.338259 0.471692 0.074731 0.056194 0.300000 0.032408
0.428009
0.649527 0.333333 0.953434 0.999484 0.996831 0.995658 0.650307 0.525135 0.064277 0.120712 0.000000 0.088199
0.572473
0.285058 0.333333 0.352529 0.587810 0.000297 0.000316 0.358002 0.498087 0.073240 0.052313 0.300000 0.030482
0.428009
0.659562 0.333333 0.969984 0.999493 0.996961 0.996804 0.999404 0.836111 0.226401 0.476584 0.100000 0.330538
0.572473
0.285055 0.333333 0.352527 0.587810 0.000294 0.000290 0.338980 0.472995 0.075530 0.056144 0.300000 0.031918
0.428009
0.649571 0.333333 0.953504 0.999486 0.996836 0.996777 0.650294 0.525176 0.064487 0.120265 0.100000 0.084837
0.572473
0.285056 0.333333 0.352527 0.587810 0.000297 0.000321 0.358057 0.498646 0.074897 0.052014 0.300000 0.029568
0.428009
0.659514 0.333333 0.969904 0.999495 0.996975 0.995943 0.999330 0.835898 0.225942 0.475801 0.100000 0.327731
0.572473
0.285056 0.333333 0.352531 0.587810 0.000296 0.000307 0.338858 0.472597 0.074736 0.055863 0.300000 0.033011
0.428009
0.649950 0.333333 0.954130 0.999487 0.996808 0.994674 0.650341 0.526064 0.066854 0.121496 0.200000 0.086632
0.572473
0.285058 0.333333 0.352532 0.587811 0.000295 0.000329 0.358172 0.498474 0.073206 0.052508 0.200000 0.029699
0.428009
0.659585 0.333333 0.970019 0.999495 0.996983 0.994920 0.999468 0.836202 0.227293 0.475588 0.300000 0.337603
0.572473
0.285056 0.333333 0.352529 0.587813 0.000296 0.000325 0.339034 0.473286 0.075746 0.055490 0.300000 0.031983
0.428009
0.649530 0.333333 0.953439 0.999484 0.996810 0.995223 0.650253 0.525054 0.064096 0.121604 0.300000 0.086600
0.572473
0.285053 0.333333 0.352524 0.587811 0.000292 0.000321 0.358193 0.498835 0.074221 0.052452 0.300000 0.029405
0.428009
0.659113 0.333333 0.969241 0.999492 0.996981 0.996031 0.999822 0.835533 0.222835 0.472620 0.000000 0.317499
0.572473
0.285057 0.333333 0.352527 0.587810 0.000295 0.000342 0.338587 0.472423 0.075382 0.056200 0.300000 0.032946
0.428009
0.649885 0.333333 0.954024 0.999486 0.996832 0.996422 0.650394 0.525760 0.066370 0.121354 0.000000 0.087513
0.572473
0.285061 0.333333 0.352536 0.587810 0.000301 0.000360 0.358196 0.498625 0.074002 0.052430 0.300000 0.031086
0.428009
0.659095 0.333333 0.969214 0.999495 0.996994 0.995179 0.999876 0.835445 0.222337 0.472688 0.200000 0.324010
0.572473
0.285057 0.333333 0.352530 0.587810 0.000295 0.000334 0.338712 0.471897 0.072538 0.055987 0.300000 0.031722
0.428009
0.649598 0.333333 0.953551 0.999486 0.996809 0.994880 0.650302 0.525218 0.064644 0.120839 0.300000 0.086910
0.572473
0.285056 0.333333 0.352527 0.587810 0.000296 0.000364 0.358137 0.499170 0.076054 0.052508 0.300000 0.030629
0.428009
0.659570 0.333333 0.969996 0.999495 0.996998 0.996487 0.999350 0.836230 0.227396 0.476032 0.200000 0.327780
0.572473
0.285060 0.333333 0.352534 0.587812 0.000301 0.000347 0.338606 0.472301 0.074818 0.056332 0.300000 0.032179
0.428009
0.649949 0.333333 0.954132 0.999485 0.996798 0.995377 0.650400 0.525948 0.067069 0.122470 0.200000 0.090369
0.572473
0.285059 0.333333 0.352533 0.587813 0.000300 0.000329 0.357897 0.497867 0.073248 0.052427 0.300000 0.029144
0.428009
0.659221 0.333333 0.969422 0.999492 0.996948 0.995987 0.999562 0.835367 0.223777 0.472395 0.100000 0.323994
0.572473
0.285063 0.333333 0.352540 0.587810 0.000302 0.000325 0.339082 0.472887 0.074113 0.056138 0.300000 0.032359
0.428009
0.649580 0.333333 0.953520 0.999484 0.996815 0.994920 0.650293 0.525270 0.064478 0.120410 0.000000 0.088721
0.572473
0.285058 0.333333 0.352530 0.587810 0.000295 0.000321 0.358125 0.498469 0.073403 0.052480 0.300000 0.029895
0.428009
0.659568 0.333333 0.969994 0.999495 0.997058 0.995249 0.999394 0.836242 0.226706 0.478308 0.100000 0.336706
0.572473
0.285058 0.333333 0.352532 0.587810 0.000297 0.000303 0.338830 0.472483 0.074460 0.055743 0.300000 0.033011
0.428009
0.649558 0.333333 0.953489 0.999486 0.996825 0.995267 0.650380 0.525146 0.064096 0.120885 0.000000 0.085670
0.572473
0.285058 0.333333 0.352531 0.587810 0.000299 0.000277 0.358134 0.498088 0.072372 0.052267 0.300000 0.031184
0.428009
0.659256 0.333333 0.969480 0.999495 0.996961 0.995469 0.999559 0.835361 0.224638 0.471248 0.000000 0.334470
0.572473
0.285061 0.333333 0.352536 0.587811 0.000300 0.000487 0.338392 0.471836 0.074823 0.055672 0.300000 0.034676
0.428009
0.649580 0.333333 0.953523 0.999486 0.996785 0.995407 0.650258 0.525145 0.064500 0.121560 0.200000 0.091430
0.572473
0.285056 0.333333 0.352526 0.587813 0.000299 0.000597 0.358352 0.498780 0.073864 0.052353 0.300000 0.032554
0.428009
0.659573 0.333333 0.970002 0.999493 0.996936 0.996795 0.999562 0.836196 0.226166 0.477269 0.100000 0.342107
0.572473
0.285058 0.333333 0.352531 0.587811 0.000299 0.000544 0.338118 0.471350 0.074590 0.055854 0.300000 0.034545
0.428009
0.649516 0.333333 0.953416 0.999483 0.996810 0.996299 0.650468 0.525093 0.063549 0.119645 0.200000 0.089374
0.572473
0.285057 0.333333 0.352529 0.587810 0.000297 0.000544 0.358099 0.498683 0.074852 0.052397 0.300000 0.031347
0.428009
0.659195 0.333333 0.969380 0.999495 0.997027 0.997761 0.999809 0.835463 0.222948 0.473425 0.300000 0.328514
0.572473
0.285057 0.333333 0.352528 0.587810 0.000295 0.000575 0.338920 0.472769 0.074724 0.056190 0.300000 0.032391
0.428009
0.649674 0.333333 0.953675 0.999486 0.996815 0.996364 0.650293 0.525287 0.065220 0.121665 0.300000 0.088509
0.572473
0.285057 0.333333 0.352527 0.587810 0.000293 0.000566 0.358441 0.498855 0.072594 0.052415 0.300000 0.031004
0.428009
0.659458 0.333333 0.969812 0.999495 0.996941 0.998990 0.999548 0.835811 0.225035 0.475665 0.100000 0.333736
0.572473
0.285056 0.333333 0.352529 0.587810 0.000295 0.000474 0.338930 0.472881 0.075285 0.055715 0.300000 0.032538
0.428009
0.650027 0.333333 0.954257 0.999487 0.996817 0.998885 0.650325 0.526161 0.067385 0.121823 0.100000 0.087106
0.572473
0.285060 0.333333 0.352535 0.587812 0.000298 0.000321 0.358188 0.498254 0.072374 0.052609 0.300000 0.030988
0.428009
0.659507 0.333333 0.969892 0.999494 0.996947 0.998740 0.999589 0.836171 0.225424 0.475150 0.100000 0.332969
0.572473
0.285058 0.333333 0.352530 0.587812 0.000297 0.000294 0.339285 0.472717 0.072182 0.056619 0.300000 0.031412
0.428009
0.649549 0.333333 0.953472 0.999484 0.996817 0.998525 0.650335 0.525189 0.063979 0.120987 0.200000 0.086779
0.572473
0.285059 0.333333 0.352531 0.587810 0.000298 0.000303 0.358045 0.499129 0.076305 0.052616 0.300000 0.029846
0.428009
0.659516 0.333333 0.969907 0.999494 0.996992 0.998252 0.999442 0.836114 0.226913 0.476701 0.300000 0.331043
0.572473
0.285057 0.333333 0.352530 0.587810 0.000298 0.000342 0.338789 0.472365 0.074107 0.055762 0.300000 0.033240
0.428009
0.649835 0.333333 0.953940 0.999487 0.996852 0.998520 0.650500 0.525645 0.066178 0.121499 0.400000 0.095281
0.572473
0.285057 0.333333 0.352527 0.587810 0.000291 0.000351 0.358186 0.498022 0.071490 0.052270 0.300000 0.031069
0.428009
0.659104 0.333333 0.969229 0.999495 0.996950 0.997761 0.999707 0.835230 0.222096 0.473484 0.000000 0.329754
0.572473
0.285056 0.333333 0.352528 0.587810 0.000296 0.000272 0.338763 0.472392 0.074527 0.056008 0.300000 0.031021
0.428009
0.649557 0.333333 0.953483 0.999486 0.996784 0.997089 0.650271 0.525182 0.064332 0.120922 0.300000 0.086567
0.572473
0.285059 0.333333 0.352531 0.587811 0.000296 0.000294 0.358026 0.498246 0.074140 0.052091 0.300000 0.030613
0.428009
0.659525 0.333333 0.969925 0.999495 0.996981 0.997366 0.999419 0.835942 0.225434 0.475430 0.000000 0.335825
0.572473
0.285058 0.333333 0.352530 0.587813 0.000297 0.000307 0.338895 0.472741 0.074946 0.055805 0.200000 0.033223
0.428009
0.649571 0.333333 0.953506 0.999484 0.996837 0.996325 0.650287 0.525196 0.064548 0.120530 0.200000 0.087758
0.572473
0.285060 0.333333 0.352531 0.587811 0.000298 0.000321 0.357706 0.497997 0.075201 0.052347 0.300000 0.029797
0.428009
0.659110 0.333333 0.969239 0.999493 0.996953 0.996957 0.999601 0.835054 0.222158 0.472426 0.100000 0.331092
0.572473
0.285053 0.333333 0.352524 0.587810 0.000292 0.000338 0.338380 0.471313 0.073122 0.055953 0.300000 0.031265
0.428009
0.649618 0.333333 0.953584 0.999487 0.996856 0.997247 0.650237 0.525206 0.065023 0.121428 0.200000 0.088085
0.572473
0.285057 0.333333 0.352528 0.587810 0.000300 0.000285 0.358424 0.499188 0.074196 0.052350 0.300000 0.030776
0.428009
0.659648 0.333333 0.970126 0.999495 0.997046 0.997194 0.999307 0.836440 0.227333 0.479906 0.200000 0.332479
0.572473
0.285060 0.333333 0.352534 0.587810 0.000300 0.000373 0.339209 0.472781 0.073280 0.055626 0.300000 0.033028
0.428009
0.649862 0.333333 0.953986 0.999487 0.996801 0.998231 0.650416 0.525739 0.065962 0.120919 0.200000 0.087106
0.572473
0.285056 0.333333 0.352526 0.587810 0.000296 0.000307 0.357894 0.498106 0.074463 0.052211 0.300000 0.030270
0.428009
0.659614 0.333333 0.970068 0.999495 0.996971 0.998296 0.999277 0.836279 0.226746 0.477756 0.100000 0.331304
0.572473
0.285057 0.333333 0.352529 0.587812 0.000298 0.000356 0.338981 0.472959 0.075086 0.055762 0.300000 0.033223
0.428009
0.649468 0.333333 0.953336 0.999485 0.996825 0.996637 0.650401 0.525072 0.063392 0.119509 0.100000 0.089782
0.572473
0.285059 0.333333 0.352531 0.587812 0.000299 0.000307 0.357416 0.497258 0.074202 0.052415 0.200000 0.029454
0.428009
0.659146 0.333333 0.969297 0.999492 0.996974 0.997589 0.999803 0.835427 0.223198 0.469943 0.200000 0.322264
0.572473
0.285052 0.333333 0.352524 0.587810 0.000290 0.000272 0.338843 0.472441 0.074153 0.055971 0.300000 0.031869
0.428009
0.649525 0.333333 0.953431 0.999485 0.996808 0.996825 0.650304 0.525173 0.064067 0.120228 0.000000 0.084952
0.572473
0.285059 0.333333 0.352532 0.587810 0.000297 0.000312 0.358125 0.498790 0.074834 0.052446 0.300000 0.029829
0.428009
0.659556 0.333333 0.969973 0.999495 0.997062 0.998336 0.999490 0.836165 0.226254 0.476778 0.100000 0.331027
0.572473
0.285053 0.333333 0.352525 0.587810 0.000291 0.000316 0.338629 0.472306 0.074730 0.056067 0.300000 0.031428
0.428009
0.649945 0.333333 0.954122 0.999487 0.996844 0.996189 0.650407 0.525983 0.066719 0.120808 0.100000 0.085490
0.572473
0.285057 0.333333 0.352529 0.587810 0.000300 0.000307 0.357716 0.498078 0.074919 0.052292 0.300000 0.030188
0.428009
0.659156 0.333333 0.969313 0.999495 0.996969 0.996531 0.999542 0.835266 0.223060 0.472312 0.100000 0.321497
0.572473
0.285059 0.333333 0.352534 0.587811 0.000300 0.000404 0.338936 0.472684 0.074255 0.056036 0.300000 0.032440
0.428009
0.649901 0.333333 0.954050 0.999486 0.996792 0.997682 0.650411 0.525912 0.066281 0.120379 0.300000 0.088721
0.572473
0.285058 0.333333 0.352529 0.587813 0.000300 0.000290 0.358553 0.499713 0.075267 0.052406 0.300000 0.030972
0.428009
0.659597 0.333333 0.970039 0.999493 0.996974 0.997589 0.999470 0.836225 0.226370 0.478009 0.100000 0.337603
0.572473
0.285059 0.333333 0.352530 0.587811 0.000296 0.000321 0.339022 0.472930 0.074760 0.056058 0.300000 0.031739
0.428009
0.649831 0.333333 0.953934 0.999483 0.996798 0.997128 0.650464 0.525699 0.066227 0.121813 0.100000 0.094302
0.572473
0.285057 0.333333 0.352527 0.587810 0.000295 0.000312 0.358312 0.499285 0.075435 0.052492 0.300000 0.030384
0.428009
0.659155 0.333333 0.969312 0.999495 0.996997 0.997049 0.999548 0.835141 0.222284 0.472664 0.100000 0.326833
0.572473
0.285055 0.333333 0.352528 0.587810 0.000294 0.000338 0.338580 0.472255 0.074961 0.056237 0.300000 0.034317
0.428009
0.649918 0.333333 0.954080 0.999487 0.996862 0.997216 0.650441 0.525851 0.066500 0.121671 0.200000 0.087040
0.572473
0.285053 0.333333 0.352521 0.587810 0.000293 0.000351 0.357967 0.498794 0.076106 0.052199 0.300000 0.029829
0.428009
0.659244 0.333333 0.969457 0.999495 0.996951 0.997357 0.999730 0.835488 0.224264 0.470831 0.200000 0.324761
0.572473
0.285058 0.333333 0.352531 0.587810 0.000295 0.000400 0.338587 0.472320 0.075182 0.056049 0.300000 0.032571
0.428009
0.649878 0.333333 0.954011 0.999486 0.996780 0.996703 0.650351 0.525823 0.066424 0.121122 0.100000 0.086388
0.572473
0.285059 0.333333 0.352532 0.587812 0.000298 0.000325 0.357978 0.498013 0.073367 0.052582 0.300000 0.030466
0.428009
0.659133 0.333333 0.969278 0.999493 0.996959 0.996110 0.999734 0.835385 0.222891 0.471812 0.100000 0.328384
0.572473
0.285061 0.333333 0.352536 0.587813 0.000304 0.000321 0.338557 0.471712 0.073522 0.055968 0.300000 0.033485
0.428009
0.649475 0.333333 0.953347 0.999484 0.996809 0.997888 0.650382 0.525108 0.063502 0.119636 0.000000 0.088068
0.572473
0.285054 0.333333 0.352522 0.587810 0.000290 0.000303 0.358722 0.499282 0.072498 0.052332 0.300000 0.030384
0.428009
0.659517 0.333333 0.969910 0.999493 0.996932 0.997322 0.999448 0.836038 0.225720 0.477531 0.000000 0.332806
0.572473
0.285055 0.333333 0.352526 0.587810 0.000292 0.000303 0.338605 0.472026 0.073873 0.056042 0.300000 0.033746
0.428009
0.649936 0.333333 0.954109 0.999487 0.996800 0.997923 0.650409 0.525977 0.066712 0.120959 0.200000 0.088917
0.572473
0.285054 0.333333 0.352525 0.587810 0.000294 0.000325 0.358048 0.498511 0.074102 0.052471 0.300000 0.030270
0.428009
0.659161 0.333333 0.969322 0.999495 0.996979 0.997954 0.999510 0.835155 0.223584 0.474517 0.100000 0.334242
0.572473
0.285062 0.333333 0.352535 0.587810 0.000303 0.000356 0.339165 0.472752 0.073098 0.056033 0.300000 0.033403
0.428009
0.649928 0.333333 0.954094 0.999487 0.996790 0.998749 0.650407 0.525808 0.066824 0.120697 0.000000 0.088297
0.572473
0.285056 0.333333 0.352528 0.587810 0.000293 0.000303 0.357969 0.498510 0.075077 0.052415 0.300000 0.031869
0.428009
0.659010 0.333333 0.969074 0.999494 0.996952 0.998134 0.999681 0.834911 0.221451 0.470381 0.200000 0.333475
0.572473
0.285057 0.333333 0.352528 0.587813 0.000295 0.000312 0.338975 0.473040 0.075980 0.055987 0.300000 0.033631
0.428009
0.649593 0.333333 0.953542 0.999484 0.996803 0.998424 0.650366 0.525148 0.064290 0.120987 0.200000 0.085947
0.572473
0.285061 0.333333 0.352535 0.587812 0.000300 0.000294 0.357736 0.498046 0.074701 0.052452 0.300000 0.031412
0.428009
0.659190 0.333333 0.969370 0.999492 0.996958 0.997919 0.999757 0.835283 0.222587 0.472096 0.000000 0.328824
0.572473
0.285055 0.333333 0.352525 0.587810 0.000293 0.000325 0.338885 0.473318 0.077352 0.055863 0.300000 0.032016
0.428009
0.649566 0.333333 0.953498 0.999486 0.996817 0.996083 0.650330 0.525140 0.064374 0.120262 0.200000 0.085213
0.572473
0.285054 0.333333 0.352525 0.587810 0.000290 0.000356 0.358120 0.498597 0.073899 0.052079 0.300000 0.030254
0.428009
0.659498 0.333333 0.969877 0.999495 0.997040 0.995864 0.999561 0.836200 0.226393 0.478598 0.000000 0.330081
0.572473
0.285058 0.333333 0.352531 0.587810 0.000298 0.000285 0.339146 0.473350 0.075917 0.055851 0.300000 0.032571
0.428009
0.649962 0.333333 0.954153 0.999487 0.996823 0.996018 0.650399 0.526045 0.066968 0.121326 0.100000 0.086077
0.572473
0.285055 0.333333 0.352526 0.587810 0.000291 0.000356 0.358561 0.498645 0.070915 0.052270 0.300000 0.029846
0.428009
0.659080 0.333333 0.969188 0.999494 0.996955 0.996066 0.999640 0.835119 0.222913 0.469502 0.100000 0.321693
0.572473
0.285055 0.333333 0.352526 0.587811 0.000292 0.000360 0.339001 0.473030 0.075707 0.055910 0.300000 0.031951
0.428009
0.649499 0.333333 0.953386 0.999485 0.996788 0.995016 0.650301 0.525063 0.063808 0.120505 0.100000 0.087367
0.572473
0.285060 0.333333 0.352535 0.587813 0.000300 0.000325 0.358233 0.498830 0.074530 0.052236 0.300000 0.030710
0.428009
0.659578 0.333333 0.970008 0.999493 0.996989 0.994995 0.999499 0.836335 0.226672 0.476828 0.300000 0.335612
0.572473
0.285058 0.333333 0.352532 0.587811 0.000299 0.000312 0.338812 0.472844 0.076118 0.056184 0.300000 0.033240
0.428009
0.649563 0.333333 0.953493 0.999484 0.996829 0.996382 0.650349 0.525103 0.064049 0.120721 0.200000 0.086714
0.572473
0.285058 0.333333 0.352531 0.587810 0.000295 0.000290 0.358370 0.499179 0.074418 0.052461 0.300000 0.031804
0.428009
0.659278 0.333333 0.969515 0.999495 0.997045 0.996676 0.999604 0.835494 0.224214 0.471587 0.200000 0.327437
0.572473
0.285057 0.333333 0.352530 0.587810 0.000298 0.000351 0.338964 0.473089 0.075855 0.056283 0.200000 0.034382
0.428009
0.649893 0.333333 0.954038 0.999487 0.996832 0.995583 0.650444 0.525756 0.066364 0.121317 0.100000 0.088705
0.572473
0.285058 0.333333 0.352528 0.587810 0.000298 0.000338 0.357900 0.498725 0.076254 0.052594 0.300000 0.031265
0.428009
0.659519 0.333333 0.969916 0.999495 0.996963 0.995328 0.999379 0.836063 0.226417 0.478934 0.000000 0.334486
0.572473
0.285060 0.333333 0.352534 0.587810 0.000298 0.000347 0.338932 0.472740 0.074374 0.055888 0.300000 0.030613
0.428009
0.649923 0.333333 0.954088 0.999486 0.996799 0.995381 0.650397 0.525914 0.066590 0.121721 0.000000 0.085914
0.572473
0.285057 0.333333 0.352529 0.587813 0.000299 0.000281 0.358265 0.499037 0.074421 0.052588 0.300000 0.030596
0.428009
0.659119 0.333333 0.969254 0.999493 0.996912 0.995311 0.999681 0.835306 0.222635 0.471436 0.100000 0.321481
0.572473
0.285056 0.333333 0.352527 0.587812 0.000295 0.000334 0.338962 0.472199 0.072784 0.055574 0.300000 0.031380
0.428009
0.649843 0.333333 0.953954 0.999484 0.996794 0.995328 0.650351 0.525570 0.066366 0.121520 0.300000 0.088639
0.572473
0.285054 0.333333 0.352525 0.587810 0.000293 0.000263 0.358041 0.498694 0.075585 0.052430 0.300000 0.030351
0.428009
0.659498 0.333333 0.969877 0.999495 0.996999 0.995412 0.999250 0.835884 0.225550 0.477916 0.200000 0.332773
0.572473
0.285060 0.333333 0.352532 0.587810 0.000297 0.000316 0.339003 0.472898 0.074590 0.055894 0.300000 0.033044
0.428009
0.649573 0.333333 0.953510 0.999486 0.996826 0.995447 0.650357 0.525240 0.064333 0.120644 0.200000 0.085604
0.572473
0.285058 0.333333 0.352530 0.587810 0.000296 0.000342 0.357805 0.497883 0.073806 0.052578 0.300000 0.029666
0.428009
0.659194 0.333333 0.969379 0.999495 0.996949 0.995899 0.999480 0.835357 0.223681 0.476214 0.000000 0.325985
0.572473
0.285055 0.333333 0.352526 0.587810 0.000293 0.000338 0.338658 0.472369 0.074577 0.055984 0.300000 0.031167
0.428009
0.649490 0.333333 0.953372 0.999486 0.996797 0.995271 0.650271 0.525015 0.063712 0.120669 0.300000 0.084315
0.572473
0.285059 0.333333 0.352533 0.587811 0.000296 0.000338 0.358224 0.498816 0.074885 0.052301 0.300000 0.030841
0.428009
0.659526 0.333333 0.969924 0.999495 0.996982 0.995934 0.999600 0.836301 0.225870 0.476627 0.100000 0.327274
0.572473
0.285057 0.333333 0.352530 0.587813 0.000296 0.000342 0.338707 0.472481 0.075239 0.056116 0.300000 0.032685
0.428009
0.649599 0.333333 0.953554 0.999484 0.996823 0.996022 0.650308 0.525176 0.064517 0.121576 0.200000 0.087970
0.572473
0.285057 0.333333 0.352528 0.587811 0.000297 0.000312 0.358267 0.499036 0.074601 0.052415 0.300000 0.029601
0.428009
0.659249 0.333333 0.969467 0.999493 0.996968 0.996026 0.999714 0.835414 0.223741 0.471945 0.100000 0.330195
0.572473
0.285057 0.333333 0.352529 0.587810 0.000295 0.000329 0.338882 0.472173 0.072807 0.056021 0.300000 0.031608
0.428009
0.649904 0.333333 0.954055 0.999487 0.996817 0.996255 0.650391 0.525817 0.066627 0.121357 0.100000 0.086551
0.572473
0.285061 0.333333 0.352534 0.587810 0.000302 0.000307 0.357839 0.498435 0.076493 0.052122 0.300000 0.030139
0.428009
0.659568 0.333333 0.969993 0.999494 0.996979 0.995653 0.999293 0.835917 0.226291 0.478256 0.200000 0.332137
0.572473
0.285059 0.333333 0.352532 0.587810 0.000300 0.000369 0.338980 0.472209 0.072703 0.055786 0.300000 0.031118
0.428009
0.649533 0.333333 0.953444 0.999486 0.996770 0.995161 0.650267 0.525116 0.064186 0.120438 0.200000 0.086077
0.572473
0.285057 0.333333 0.352528 0.587810 0.000296 0.000325 0.358146 0.498275 0.073277 0.052292 0.300000 0.028981
0.428009
0.659513 0.333333 0.969902 0.999495 0.996998 0.995403 0.999345 0.836163 0.226162 0.477556 0.100000 0.335433
0.572473
0.285056 0.333333 0.352528 0.587813 0.000297 0.000364 0.339047 0.472767 0.074228 0.055712 0.300000 0.031690
0.428009
0.649589 0.333333 0.953537 0.999485 0.996833 0.994727 0.650260 0.525229 0.064331 0.120928 0.200000 0.088737
0.572473
0.285056 0.333333 0.352527 0.587812 0.000293 0.000307 0.358293 0.498976 0.074542 0.052224 0.300000 0.029944
0.428009
0.659076 0.333333 0.969184 0.999492 0.996999 0.996123 0.999667 0.835068 0.221906 0.470822 0.200000 0.326050
0.572473
0.285058 0.333333 0.352530 0.587810 0.000295 0.000316 0.338595 0.472633 0.076290 0.056101 0.300000 0.034137
0.428009
0.649602 0.333333 0.953558 0.999485 0.996807 0.995688 0.650370 0.525172 0.064321 0.121215 0.000000 0.086257
0.572473
0.285057 0.333333 0.352529 0.587810 0.000295 0.000307 0.357898 0.498302 0.074792 0.052073 0.300000 0.031624
0.428009
0.659107 0.333333 0.969231 0.999495 0.997043 0.996597 0.999979 0.835290 0.222698 0.468981 0.000000 0.330358
0.572473
0.285060 0.333333 0.352532 0.587810 0.000297 0.000356 0.339275 0.472498 0.071441 0.055971 0.300000 0.033615
0.428009
0.649591 0.333333 0.953540 0.999486 0.996829 0.995886 0.650385 0.525133 0.064315 0.120746 0.100000 0.089325
0.572473
0.285066 0.333333 0.352542 0.587835 0.000293 0.000400 0.358038 0.498292 0.073818 0.051983 0.200000 0.030759
0.428009
0.659627 0.333333 0.970091 0.999494 0.997014 0.995398 0.999549 0.836133 0.226739 0.478290 0.100000 0.339790
0.572473
0.285059 0.333333 0.352531 0.587811 0.000297 0.000347 0.338608 0.472283 0.074522 0.056098 0.300000 0.032277
0.428009
0.649559 0.333333 0.953488 0.999486 0.996781 0.996246 0.650294 0.525111 0.064370 0.120758 0.100000 0.088150
0.572473
0.285056 0.333333 0.352526 0.587813 0.000297 0.000325 0.358121 0.498804 0.075248 0.052184 0.300000 0.031445
0.428009
0.659598 0.333333 0.970040 0.999493 0.996934 0.996281 0.999579 0.836211 0.226770 0.477488 0.000000 0.343494
0.572473
0.285058 0.333333 0.352528 0.587811 0.000293 0.000316 0.339071 0.473023 0.074697 0.056249 0.300000 0.032864
0.428009
0.649914 0.333333 0.954070 0.999483 0.996801 0.996198 0.650400 0.525798 0.066560 0.121129 0.100000 0.086991
0.572473
0.285054 0.333333 0.352522 0.587810 0.000291 0.000303 0.358686 0.499660 0.074507 0.052319 0.300000 0.030629
0.428009
0.659645 0.333333 0.970119 0.999495 0.997012 0.995341 0.999446 0.836169 0.226033 0.477037 0.000000 0.336787
0.572473
0.285060 0.333333 0.352534 0.587810 0.000304 0.000334 0.339435 0.473682 0.075150 0.055688 0.300000 0.032587
0.428009
0.649949 0.333333 0.954129 0.999487 0.996846 0.996141 0.650389 0.525980 0.066640 0.121943 0.400000 0.086061
0.572473
0.285053 0.333333 0.352523 0.587810 0.000293 0.000281 0.358225 0.498725 0.073815 0.052270 0.300000 0.029927
0.428009
0.659570 0.333333 0.969998 0.999495 0.996965 0.995034 0.999259 0.836030 0.226774 0.476695 0.100000 0.334780
0.572473
0.285053 0.333333 0.352522 0.587810 0.000290 0.000382 0.338936 0.472346 0.073511 0.055537 0.300000 0.031755
0.428009
0.649575 0.333333 0.953512 0.999486 0.996803 0.995144 0.650272 0.525119 0.064429 0.121153 0.200000 0.086241
0.572473
0.285057 0.333333 0.352527 0.587811 0.000295 0.000400 0.358037 0.498547 0.074684 0.052233 0.200000 0.030988
0.428009
0.659637 0.333333 0.970108 0.999494 0.997002 0.995824 0.999337 0.836288 0.225951 0.477050 0.000000 0.331647
0.572473
0.285060 0.333333 0.352534 0.587813 0.000298 0.000299 0.339683 0.473478 0.073061 0.055780 0.300000 0.031526
0.428009
0.649934 0.333333 0.954105 0.999484 0.996780 0.995644 0.650395 0.526027 0.066477 0.120765 0.200000 0.089602
0.572473
0.285055 0.333333 0.352527 0.587811 0.000294 0.000321 0.358279 0.498344 0.072156 0.052079 0.300000 0.029226
0.428009
0.659264 0.333333 0.969495 0.999493 0.996995 0.995008 0.999478 0.835420 0.223812 0.473265 0.200000 0.328171
0.572473
0.285056 0.333333 0.352527 0.587810 0.000292 0.000334 0.338950 0.472780 0.074757 0.055657 0.300000 0.031445
0.428009
0.649532 0.333333 0.953442 0.999486 0.996809 0.993576 0.650342 0.525157 0.063995 0.120271 0.300000 0.086371
0.572473
0.285059 0.333333 0.352533 0.587810 0.000296 0.000307 0.357942 0.498039 0.073081 0.052699 0.300000 0.031608
0.428009
0.659188 0.333333 0.969366 0.999495 0.996941 0.994648 0.999603 0.835256 0.223487 0.471744 0.200000 0.327290
0.572473
0.285058 0.333333 0.352531 0.587810 0.000296 0.000356 0.337990 0.471600 0.076023 0.056212 0.300000 0.032767
0.428009
0.649576 0.333333 0.953515 0.999486 0.996787 0.994841 0.650262 0.525175 0.064467 0.120940 0.000000 0.085555
0.572473
0.285056 0.333333 0.352526 0.587810 0.000294 0.000312 0.358437 0.499440 0.075322 0.052239 0.300000 0.030319
0.428009
0.659143 0.333333 0.969294 0.999494 0.996949 0.993932 0.999825 0.835439 0.222400 0.474033 0.100000 0.321628
0.572473
0.285061 0.333333 0.352536 0.587813 0.000301 0.000347 0.338843 0.472806 0.076009 0.055719 0.300000 0.032767
0.428009
0.649902 0.333333 0.954052 0.999484 0.996768 0.996558 0.650386 0.525832 0.066544 0.121749 0.200000 0.088688
0.572473
0.285059 0.333333 0.352532 0.587812 0.000298 0.000294 0.357983 0.497908 0.073002 0.052409 0.300000 0.029944
0.428009
0.659153 0.333333 0.969310 0.999492 0.996969 0.994468 0.999840 0.835279 0.221783 0.470344 0.100000 0.325299
0.572473
0.285059 0.333333 0.352532 0.587810 0.000298 0.000378 0.338610 0.471955 0.073667 0.056089 0.200000 0.032538
0.428009
0.649534 0.333333 0.953443 0.999486 0.996776 0.996654 0.650324 0.525158 0.063828 0.119824 0.100000 0.088395
0.572473
0.285060 0.333333 0.352534 0.587810 0.000305 0.000351 0.358354 0.498396 0.072182 0.052313 0.200000 0.031477
0.428009
0.659604 0.333333 0.970051 0.999495 0.997014 0.994722 0.999476 0.836094 0.226234 0.478598 0.300000 0.330521
0.572473
0.285058 0.333333 0.352529 0.587810 0.000296 0.000342 0.338851 0.472266 0.073463 0.055879 0.300000 0.032114
0.428009
0.649528 0.333333 0.953438 0.999486 0.996806 0.995618 0.650346 0.525131 0.064074 0.120166 0.200000 0.090581
0.572473
0.285056 0.333333 0.352526 0.587810 0.000293 0.000356 0.358280 0.499310 0.075471 0.052764 0.400000 0.030417
0.428009
0.659546 0.333333 0.969957 0.999495 0.996980 0.995249 0.999308 0.836241 0.226488 0.478666 0.100000 0.331043
0.572473
0.285059 0.333333 0.352534 0.587812 0.000300 0.000364 0.338818 0.472519 0.073984 0.056428 0.300000 0.032408
0.428009
0.649943 0.333333 0.954120 0.999485 0.996823 0.995627 0.650394 0.525840 0.067104 0.121937 0.200000 0.088623
0.572473
0.285058 0.333333 0.352532 0.587813 0.000300 0.000316 0.357951 0.498705 0.075898 0.052332 0.200000 0.029927
0.428009
0.659270 0.333333 0.969504 0.999492 0.996945 0.995113 0.999665 0.835503 0.224041 0.471985 0.200000 0.324076
0.572473
0.285058 0.333333 0.352529 0.587811 0.000297 0.000312 0.339368 0.473636 0.075280 0.055675 0.300000 0.031412
0.428009
0.649908 0.333333 0.954062 0.999484 0.996774 0.996413 0.650379 0.525952 0.066373 0.120999 0.200000 0.086061
0.572473
0.285057 0.333333 0.352528 0.587810 0.000295 0.000277 0.358218 0.499625 0.077296 0.052221 0.200000 0.030433
0.428009
0.659075 0.333333 0.969179 0.999495 0.997006 0.996360 0.999514 0.835010 0.222442 0.471328 0.000000 0.327045
0.572473
0.285056 0.333333 0.352529 0.587810 0.000294 0.000342 0.338041 0.471673 0.076046 0.055897 0.300000 0.032538
0.428009
0.649839 0.333333 0.953948 0.999487 0.996851 0.995499 0.650552 0.525642 0.065999 0.121474 0.400000 0.095362
0.572473
0.285059 0.333333 0.352532 0.587810 0.000296 0.000325 0.357651 0.498047 0.075632 0.052421 0.300000 0.031151
0.428009
0.659028 0.333333 0.969102 0.999494 0.996932 0.994050 1.000000 0.835408 0.221121 0.472207 0.100000 0.318838
0.572473
0.285060 0.333333 0.352536 0.587810 0.000303 0.000329 0.338552 0.472318 0.075306 0.055968 0.300000 0.032457
0.428009
0.649533 0.333333 0.953445 0.999486 0.996782 0.995434 0.650347 0.525047 0.063804 0.120052 0.300000 0.084870
0.572473
0.285057 0.333333 0.352528 0.587813 0.000294 0.000303 0.358218 0.498933 0.075032 0.052449 0.300000 0.031314
0.428009
0.659128 0.333333 0.969266 0.999493 0.996920 0.997480 0.999875 0.835538 0.222330 0.471519 0.000000 0.317499
0.572473
0.285055 0.333333 0.352528 0.587812 0.000294 0.000351 0.338863 0.472460 0.073886 0.056283 0.300000 0.032913
0.428009
0.649895 0.333333 0.954041 0.999484 0.996780 0.994595 0.650377 0.525692 0.066494 0.121070 0.100000 0.088639
0.572473
0.285056 0.333333 0.352528 0.587810 0.000299 0.000312 0.358173 0.499079 0.075944 0.052609 0.300000 0.030090
0.428009
0.659578 0.333333 0.970009 0.999495 0.996980 0.996048 0.999413 0.835988 0.227160 0.477679 0.000000 0.336673
0.572473
0.285061 0.333333 0.352536 0.587810 0.000300 0.000338 0.338238 0.472237 0.077381 0.055891 0.200000 0.032767
0.428009
0.649945 0.333333 0.954124 0.999487 0.996803 0.996347 0.650364 0.525961 0.066790 0.120916 0.000000 0.086077
0.572473
0.285054 0.333333 0.352524 0.587810 0.000293 0.000334 0.358110 0.498617 0.074253 0.052452 0.300000 0.030792
0.428009
0.659045 0.333333 0.969130 0.999495 0.996936 0.996808 0.999863 0.835346 0.221585 0.472648 0.400000 0.318348
0.572473
0.285055 0.333333 0.352525 0.587810 0.000292 0.000347 0.338453 0.472366 0.076432 0.055833 0.300000 0.033093
0.428009
0.649588 0.333333 0.953534 0.999486 0.996797 0.995605 0.650297 0.525117 0.064406 0.121156 0.100000 0.086224
0.572473
0.285059 0.333333 0.352533 0.587811 0.000296 0.000299 0.358056 0.498189 0.073478 0.052535 0.300000 0.031641
0.428009
0.659069 0.333333 0.969171 0.999494 0.996966 0.995210 0.999885 0.835330 0.222422 0.469428 0.000000 0.323260
0.572473
0.285059 0.333333 0.352534 0.587813 0.000300 0.000334 0.339038 0.472665 0.073543 0.056348 0.300000 0.033158
0.428009
0.649491 0.333333 0.953375 0.999484 0.996816 0.995745 0.650367 0.525012 0.063613 0.120243 0.300000 0.090336
0.572473
0.285064 0.333333 0.352539 0.587811 0.000303 0.000268 0.358245 0.499083 0.075119 0.052538 0.300000 0.030972
0.428009
0.659510 0.333333 0.969898 0.999493 0.996958 0.995390 0.999394 0.835880 0.226129 0.476599 0.100000 0.339888
0.572473
0.285058 0.333333 0.352530 0.587810 0.000296 0.000303 0.339571 0.473141 0.072448 0.055793 0.300000 0.032375
0.428009
0.649893 0.333333 0.954036 0.999487 0.996809 0.996391 0.650393 0.525752 0.066527 0.121588 0.200000 0.089357
0.572473
0.285058 0.333333 0.352531 0.587810 0.000295 0.000303 0.358042 0.498290 0.074463 0.052248 0.300000 0.032408
0.428009
0.659584 0.333333 0.970019 0.999495 0.997009 0.995543 0.999307 0.836214 0.227574 0.477309 0.300000 0.338272
0.572473
0.285057 0.333333 0.352531 0.587810 0.000296 0.000303 0.338908 0.472495 0.074101 0.055808 0.300000 0.033158
0.428009
0.649567 0.333333 0.953500 0.999486 0.996792 0.995135 0.650310 0.525179 0.064321 0.120950 0.000000 0.091707
0.572473
0.285059 0.333333 0.352531 0.587810 0.000292 0.000356 0.358432 0.499200 0.073899 0.052705 0.300000 0.030841
0.428009
0.659491 0.333333 0.969867 0.999495 0.996995 0.995859 0.999556 0.836074 0.225545 0.477509 0.100000 0.338484
0.572473
0.285060 0.333333 0.352533 0.587813 0.000298 0.000290 0.338876 0.472755 0.074805 0.055971 0.300000 0.032163
0.428009
0.649868 0.333333 0.953996 0.999485 0.996762 0.995113 0.650425 0.525748 0.066028 0.121258 0.200000 0.088770
0.572473
0.285060 0.333333 0.352531 0.587812 0.000299 0.000277 0.357731 0.498188 0.075271 0.052622 0.200000 0.030972
0.428009
0.659098 0.333333 0.969217 0.999492 0.996968 0.995939 0.999656 0.835184 0.222135 0.473592 0.100000 0.325316
0.572473
0.285055 0.333333 0.352525 0.587810 0.000294 0.000338 0.339472 0.472721 0.072035 0.055543 0.300000 0.031739
0.428009
0.649566 0.333333 0.953498 0.999486 0.996806 0.994349 0.650363 0.525088 0.064069 0.120675 0.000000 0.085882
0.572473
0.285057 0.333333 0.352530 0.587810 0.000294 0.000321 0.357983 0.498183 0.073613 0.052369 0.300000 0.029748
0.428009
0.659526 0.333333 0.969925 0.999495 0.996995 0.996057 0.999268 0.836250 0.226218 0.476704 0.000000 0.333132
0.572473
0.285057 0.333333 0.352529 0.587810 0.000297 0.000329 0.338635 0.472457 0.075469 0.055373 0.300000 0.032146
0.428009
0.649588 0.333333 0.953535 0.999486 0.996804 0.995381 0.650241 0.525128 0.064385 0.121782 0.200000 0.086192
0.572473
0.285055 0.333333 0.352527 0.587810 0.000295 0.000325 0.358214 0.498813 0.074340 0.052415 0.200000 0.029568
0.428009
0.659273 0.333333 0.969505 0.999495 0.996976 0.996439 0.999729 0.835697 0.224051 0.473743 0.200000 0.325495
0.572473
0.285056 0.333333 0.352529 0.587811 0.000297 0.000386 0.339266 0.473414 0.074992 0.056160 0.300000 0.032016
0.428009
0.649911 0.333333 0.954066 0.999486 0.996770 0.996461 0.650385 0.525997 0.066157 0.120438 0.100000 0.086241
0.572473
0.285055 0.333333 0.352526 0.587813 0.000293 0.000321 0.358370 0.499396 0.075665 0.052310 0.300000 0.031363
0.428009
0.659519 0.333333 0.969912 0.999493 0.996944 0.996255 0.999480 0.836191 0.225805 0.476528 0.100000 0.332855
0.572473
0.285055 0.333333 0.352526 0.587811 0.000292 0.000307 0.338415 0.472231 0.075818 0.055697 0.300000 0.032375
0.428009
0.649897 0.333333 0.954043 0.999484 0.996790 0.995969 0.650456 0.525694 0.066385 0.120885 0.200000 0.089896
0.572473
0.285056 0.333333 0.352526 0.587810 0.000293 0.000338 0.358187 0.498616 0.073081 0.052603 0.300000 0.028703
0.428009
0.659139 0.333333 0.969286 0.999495 0.996988 0.997106 0.999691 0.835440 0.222731 0.473947 0.100000 0.320078
0.572473
0.285056 0.333333 0.352528 0.587810 0.000293 0.000312 0.338609 0.472205 0.074815 0.055786 0.300000 0.031412
0.428009
0.650073 0.333333 0.954336 0.999487 0.996771 0.994806 0.650329 0.526298 0.067735 0.121949 0.300000 0.085996
0.572473
0.285053 0.333333 0.352522 0.587810 0.000291 0.000312 0.358002 0.499064 0.076319 0.052511 0.300000 0.030188
0.428009
0.659123 0.333333 0.969258 0.999494 0.996945 0.996035 0.999609 0.835132 0.222522 0.471346 0.100000 0.328726
0.572473
0.285056 0.333333 0.352528 0.587810 0.000295 0.000290 0.339224 0.472577 0.072852 0.055854 0.300000 0.032326
0.428009
0.649813 0.333333 0.953906 0.999486 0.996785 0.995662 0.650550 0.525554 0.065653 0.121169 0.100000 0.096766
0.572473
0.285054 0.333333 0.352521 0.587812 0.000291 0.000290 0.358409 0.499360 0.074618 0.052699 0.300000 0.030286
0.428009
0.659556 0.333333 0.969972 0.999494 0.996990 0.995794 0.999202 0.836108 0.227087 0.478620 0.000000 0.337864
0.572473
0.285056 0.333333 0.352528 0.587813 0.000295 0.000338 0.338868 0.472704 0.074868 0.055814 0.300000 0.031657
0.428009
0.649834 0.333333 0.953937 0.999484 0.996792 0.995956 0.650492 0.525640 0.065671 0.121055 0.300000 0.088101
0.572473
0.285054 0.333333 0.352526 0.587810 0.000295 0.000294 0.357646 0.497603 0.073753 0.052412 0.300000 0.029829
0.428009
0.659185 0.333333 0.969363 0.999494 0.996947 0.995846 0.999592 0.835342 0.222777 0.473376 0.100000 0.327258
0.572473
0.285054 0.333333 0.352525 0.587810 0.000292 0.000356 0.338606 0.471880 0.073542 0.056067 0.300000 0.032212
0.428009
0.649581 0.333333 0.953522 0.999486 0.996803 0.995425 0.650332 0.525184 0.064371 0.119932 0.200000 0.087758
0.572473
0.285060 0.333333 0.352533 0.587810 0.000297 0.000321 0.358416 0.498993 0.073672 0.052338 0.300000 0.031869
0.428009
0.659496 0.333333 0.969873 0.999495 0.996980 0.995600 0.999425 0.835995 0.225100 0.476757 0.000000 0.327698
0.572473
0.285058 0.333333 0.352532 0.587810 0.000297 0.000356 0.339055 0.472682 0.073888 0.055688 0.200000 0.031657
0.428009
0.649903 0.333333 0.954056 0.999487 0.996804 0.995873 0.650443 0.525867 0.066296 0.120869 0.000000 0.088166
0.572473
0.285057 0.333333 0.352528 0.587811 0.000297 0.000307 0.358116 0.498877 0.075636 0.052514 0.300000 0.029878
0.428009
0.659599 0.333333 0.970043 0.999495 0.996964 0.994995 0.999371 0.836303 0.227250 0.478120 0.200000 0.331125
0.572473
0.285058 0.333333 0.352531 0.587813 0.000295 0.000334 0.339222 0.472540 0.072182 0.055971 0.200000 0.031428
0.428009
0.649559 0.333333 0.953488 0.999484 0.996821 0.994415 0.650337 0.525100 0.064186 0.120802 0.000000 0.087089
0.572473
0.285064 0.333333 0.352538 0.587811 0.000302 0.000303 0.357811 0.498008 0.073801 0.052757 0.300000 0.030303
0.428009
0.659372 0.333333 0.969669 0.999492 0.996994 0.995113 0.999480 0.835880 0.224995 0.474326 0.000000 0.326327
0.572473
0.285055 0.333333 0.352526 0.587810 0.000292 0.000303 0.338887 0.472140 0.073403 0.055586 0.300000 0.031804
0.428009
0.649560 0.333333 0.953489 0.999487 0.996835 0.995658 0.650340 0.525139 0.064413 0.120468 0.100000 0.086404
0.572473
0.285059 0.333333 0.352531 0.587810 0.000298 0.000329 0.358065 0.498526 0.074498 0.052538 0.300000 0.029829
0.428009
0.659565 0.333333 0.969990 0.999495 0.997014 0.996198 0.999283 0.836262 0.226459 0.477389 0.100000 0.333654
0.572473
0.285054 0.333333 0.352524 0.587810 0.000292 0.000531 0.339296 0.473260 0.073959 0.055978 0.300000 0.031934
0.428009
0.649495 0.333333 0.953382 0.999486 0.996771 0.995710 0.650302 0.525059 0.063886 0.120496 0.000000 0.087024
0.572473
0.285057 0.333333 0.352529 0.587810 0.000296 0.000426 0.358172 0.498955 0.075369 0.052440 0.300000 0.030351
0.428009
0.659614 0.333333 0.970069 0.999495 0.997000 0.996518 0.999316 0.836168 0.227614 0.476519 0.100000 0.341650
0.572473
0.285057 0.333333 0.352529 0.587812 0.000297 0.000334 0.339081 0.472775 0.073938 0.055805 0.200000 0.033876
0.428009
0.649639 0.333333 0.953619 0.999485 0.996804 0.995912 0.650339 0.525260 0.064736 0.121119 0.200000 0.087954
0.572473
0.285058 0.333333 0.352531 0.587813 0.000297 0.000329 0.358282 0.498594 0.073790 0.052557 0.200000 0.032277
0.428009
0.659088 0.333333 0.969201 0.999492 0.996941 0.995526 0.999624 0.834930 0.221927 0.472858 0.200000 0.335710
0.572473
0.285058 0.333333 0.352532 0.587810 0.000299 0.000334 0.339050 0.472912 0.074838 0.055996 0.300000 0.033501
0.428009
0.649562 0.333333 0.953491 0.999484 0.996801 0.996479 0.650277 0.525109 0.064192 0.120879 0.200000 0.091544
0.572473
0.285054 0.333333 0.352522 0.587810 0.000290 0.000356 0.358214 0.498553 0.073276 0.052415 0.300000 0.032098
0.428009
0.659569 0.333333 0.969996 0.999495 0.997025 0.997831 0.999486 0.836081 0.226509 0.477118 0.100000 0.334992
0.572473
0.285053 0.333333 0.352525 0.587810 0.000292 0.000347 0.338793 0.472964 0.076118 0.056113 0.300000 0.032816
0.428009
0.649573 0.333333 0.953511 0.999486 0.996825 0.996891 0.650363 0.525080 0.064240 0.120691 0.100000 0.086844
0.572473
0.285057 0.333333 0.352530 0.587810 0.000293 0.000347 0.358226 0.498973 0.074351 0.052301 0.300000 0.032000
0.428009
0.659117 0.333333 0.969249 0.999494 0.996938 0.996281 0.999940 0.835307 0.221893 0.471220 0.200000 0.324940
0.572473
0.285058 0.333333 0.352530 0.587810 0.000295 0.000373 0.339405 0.473076 0.072980 0.055885 0.300000 0.032114
0.428009
0.649886 0.333333 0.954024 0.999486 0.996803 0.994832 0.650524 0.525814 0.066478 0.121897 0.400000 0.096129
0.572473
0.285061 0.333333 0.352536 0.587813 0.000300 0.000312 0.358161 0.498560 0.074097 0.052322 0.300000 0.031771
0.428009
0.659581 0.333333 0.970013 0.999493 0.996938 0.995824 0.999242 0.835972 0.225325 0.477815 0.100000 0.331990
0.572473
0.285056 0.333333 0.352530 0.587811 0.000293 0.000338 0.338872 0.473103 0.076248 0.055694 0.300000 0.032995
0.428009
0.649545 0.333333 0.953464 0.999483 0.996801 0.994801 0.650286 0.525080 0.064150 0.120518 0.200000 0.086159
0.572473
0.285056 0.333333 0.352528 0.587810 0.000294 0.000321 0.358085 0.499224 0.076500 0.052452 0.300000 0.030857
0.428009
0.659505 0.333333 0.969890 0.999495 0.996972 0.996162 0.999640 0.836382 0.226114 0.477028 0.300000 0.330358
0.572473
0.285057 0.333333 0.352530 0.587810 0.000294 0.000364 0.338488 0.472323 0.076135 0.056178 0.300000 0.034219
0.428009
0.649786 0.333333 0.953861 0.999487 0.996850 0.996083 0.650542 0.525548 0.065874 0.121036 0.100000 0.097941
0.572473
0.285061 0.333333 0.352536 0.587810 0.000293 0.000316 0.358133 0.498568 0.073669 0.052597 0.300000 0.031102
0.428009
0.659066 0.333333 0.969164 0.999495 0.996924 0.995903 0.999852 0.835196 0.221418 0.470267 0.300000 0.320910
0.572473
0.285056 0.333333 0.352527 0.587810 0.000296 0.000325 0.338468 0.472037 0.074867 0.055854 0.300000 0.031918
0.428009
0.649613 0.333333 0.953575 0.999486 0.996803 0.996167 0.650386 0.525156 0.064492 0.120515 0.000000 0.086404
0.572473
0.233693 0.333333 0.235053 0.391903 0.000241 0.000228 0.304233 0.458198 0.075223 0.052421 0.200000 0.028589
0.428009
0.659560 0.333333 0.969980 0.999494 0.997033 0.996553 0.999503 0.836121 0.226817 0.475344 0.000000 0.339578
0.572473
