5580 11 1
0.018604 1.000000 0.029401 0.000000 0.007559 0.617624 0.002207 0.318622 1.000000 0.002863 0.111674
0.032701
0.018693 1.000000 0.029671 0.000001 0.008638 0.617554 0.002247 0.324406 0.000000 0.002845 0.111653
0.032701
0.018660 1.000000 0.029572 0.000000 0.007559 0.617689 0.002227 0.323182 0.000000 0.002934 0.111674
0.032701
0.018672 1.000000 0.029604 0.000001 0.008638 0.617615 0.002336 0.324282 0.000000 0.003075 0.000000
0.032701
0.018468 1.000000 0.028988 0.000000 0.007559 0.617679 0.002152 0.315699 0.000000 0.002757 0.000000
0.032701
0.018661 1.000000 0.029574 0.000001 0.008638 0.617605 0.002350 0.324070 0.000000 0.003181 0.111654
0.032701
0.018689 1.000000 0.029658 0.000000 0.007559 0.617712 0.002220 0.323789 0.000000 0.002934 0.223348
0.032701
0.018653 1.000000 0.029550 0.000001 0.008638 0.617608 0.002329 0.323562 0.499910 0.002845 0.111654
0.032701
0.018682 1.000000 0.029637 0.000000 0.007559 0.617689 0.002077 0.320869 0.000000 0.002579 0.111674
0.032701
0.018594 1.000000 0.029370 0.000001 0.008638 0.617598 0.002227 0.322091 0.000000 0.002774 0.111654
0.032701
0.018652 1.000000 0.029545 0.000000 0.007559 0.617715 0.002186 0.323073 0.000000 0.002880 0.111674
0.032701
0.018636 1.000000 0.029498 0.000001 0.008638 0.617638 0.002322 0.322752 0.000000 0.003039 0.111654
0.032701
0.018522 1.000000 0.029151 0.000000 0.007559 0.617675 0.002200 0.316388 0.000000 0.002898 0.111674
0.032701
0.018598 1.000000 0.029380 0.000001 0.008638 0.617603 0.002466 0.322274 0.499910 0.003376 0.000000
0.032701
0.018644 1.000000 0.029523 0.000000 0.007559 0.617694 0.002139 0.322622 0.500001 0.002863 0.111674
0.032701
0.018658 1.000000 0.029564 0.000001 0.008638 0.617659 0.002336 0.323605 0.000000 0.002933 0.000000
0.032701
0.018541 1.000000 0.029208 0.000000 0.007559 0.617639 0.002200 0.317085 0.000000 0.002774 0.111674
0.032701
0.018702 1.000000 0.029697 0.000001 0.008638 0.617632 0.002316 0.324845 0.499909 0.003057 0.111653
0.032701
0.018641 1.000000 0.029511 0.000000 0.007559 0.617724 0.002220 0.322615 0.000000 0.002863 0.223348
0.032701
0.018576 1.000000 0.029313 0.000001 0.008638 0.617603 0.002275 0.321359 0.000000 0.002791 0.111654
0.032701
0.018482 1.000000 0.029028 0.000000 0.007559 0.617702 0.002070 0.315764 0.000000 0.002633 0.111675
0.032701
0.030933 1.000000 0.066852 0.000012 0.022568 0.778969 0.418476 0.709972 0.498870 0.330166 0.222842
0.032701
0.018653 1.000000 0.029546 0.000000 0.007559 0.617744 0.002111 0.322542 0.000000 0.002739 0.111675
0.032701
0.036002 1.000000 0.082246 0.000014 0.024727 0.997976 0.986615 0.994684 0.000000 0.984421 0.445464
0.032701
0.018435 1.000000 0.028885 0.000000 0.007559 0.617681 0.002234 0.314727 0.500004 0.002934 0.223349
0.032701
0.030900 1.000000 0.066752 0.000012 0.022568 0.779251 0.416681 0.708802 0.498871 0.327375 0.334264
0.032701
0.018593 1.000000 0.029367 0.000000 0.007559 0.617742 0.002186 0.321846 0.000000 0.002951 0.111675
0.032701
0.036113 1.000000 0.082582 0.000014 0.024727 0.998301 0.980543 0.994551 0.000000 0.977269 0.222732
0.032701
0.018508 1.000000 0.029110 0.000000 0.007559 0.617692 0.002200 0.316523 0.000000 0.002951 0.000000
0.032701
0.030833 1.000000 0.066548 0.000012 0.022568 0.779526 0.424552 0.707728 0.498871 0.330220 0.445686
0.032701
0.018611 1.000000 0.029420 0.000000 0.007559 0.617692 0.002084 0.321505 0.500004 0.002526 0.111675
0.032701
0.035957 1.000000 0.082110 0.000026 0.024727 0.999075 1.000000 0.995395 0.000000 0.983279 0.445323
0.032701
0.018516 1.000000 0.029132 0.000000 0.007559 0.617678 0.002186 0.316640 0.000000 0.002827 0.111675
0.032701
0.030762 1.000000 0.066333 0.000012 0.022568 0.779034 0.422518 0.705631 0.498871 0.326739 0.222843
0.032701
0.018569 1.000000 0.029294 0.000000 0.007559 0.617723 0.002084 0.321188 0.500004 0.002438 0.111675
0.032701
0.036014 1.000000 0.082283 0.000022 0.024727 1.000000 0.992787 1.000000 0.000000 0.993099 0.111341
0.032701
0.018601 1.000000 0.029391 0.000000 0.007559 0.617706 0.002220 0.319243 0.000000 0.002987 0.000000
0.032701
0.030838 1.000000 0.066561 0.000012 0.022568 0.778964 0.420634 0.707357 0.498871 0.327411 0.334264
0.032701
0.018552 1.000000 0.029241 0.000000 0.007559 0.617730 0.002234 0.320851 0.500004 0.002898 0.000000
0.032701
0.035906 1.000000 0.081956 0.000019 0.024295 0.998406 0.995469 0.994186 0.000000 0.983522 0.222724
0.032701
0.018596 1.000000 0.029376 0.000000 0.007559 0.617688 0.002132 0.319478 0.000000 0.002615 0.111675
0.032701
0.030834 1.000000 0.066548 0.000012 0.022568 0.779658 0.425185 0.707365 0.498871 0.326616 0.557107
0.032701
0.018673 1.000000 0.029609 0.000000 0.007559 0.617681 0.002227 0.323497 0.000000 0.002951 0.111675
0.032701
0.035879 1.000000 0.081871 0.000013 0.024295 0.998383 0.983926 0.991229 0.000000 0.980423 0.334132
0.032701
0.018610 1.000000 0.029418 0.000000 0.007559 0.617706 0.002343 0.319713 0.000000 0.003235 0.111675
0.032701
0.030800 1.000000 0.066448 0.000012 0.022568 0.779717 0.423171 0.706131 0.498871 0.324796 0.445686
0.032701
0.025076 0.333333 0.010972 0.000004 0.012310 0.617331 0.002668 0.320742 0.000000 0.002931 0.334738
0.045822
0.043076 0.333333 0.038310 0.000018 0.029478 0.881731 0.691093 0.943539 0.498199 0.818297 0.445085
0.045822
0.025083 0.333333 0.010982 0.000004 0.012310 0.617277 0.002716 0.317598 0.000000 0.002790 0.334738
0.045822
0.037295 0.333333 0.029530 0.000014 0.025159 0.729454 0.303647 0.685391 0.000000 0.294766 0.556776
0.045822
0.025139 0.333333 0.011067 0.000004 0.012310 0.617364 0.002805 0.322185 0.499578 0.003196 0.223159
0.045822
0.043079 0.333333 0.038314 0.000018 0.029478 0.883021 0.703180 0.943824 0.498199 0.823889 0.222543
0.045822
0.024973 0.333333 0.010816 0.000004 0.012310 0.617359 0.002641 0.314806 0.499578 0.002860 0.223159
0.045822
0.037226 0.333333 0.029425 0.000014 0.025159 0.729430 0.294440 0.682535 0.000000 0.288904 0.222710
0.045822
0.025156 0.333333 0.011093 0.000004 0.012742 0.617340 0.002729 0.322728 0.499528 0.002842 0.223137
0.045822
0.043045 0.333333 0.038262 0.000018 0.029478 0.882064 0.697080 0.942980 0.498200 0.819092 0.333815
0.045822
0.025111 0.333333 0.011024 0.000004 0.012742 0.617357 0.002688 0.317887 0.000000 0.002772 0.334705
0.045822
0.037266 0.333333 0.029485 0.000014 0.025591 0.730411 0.305840 0.683840 0.000000 0.294489 0.334032
0.045822
0.025218 0.333333 0.011188 0.000004 0.012742 0.617343 0.002695 0.323983 0.499528 0.003002 0.111568
0.045822
0.043001 0.333333 0.038196 0.000018 0.029478 0.882750 0.702692 0.942309 0.498200 0.821156 0.222543
0.045822
0.025113 0.333333 0.011028 0.000004 0.012742 0.617277 0.002804 0.318619 0.499528 0.003072 0.223137
0.045822
0.037249 0.333333 0.029460 0.000014 0.025591 0.729748 0.296702 0.683208 0.498524 0.290023 0.334032
0.045822
0.025052 0.333333 0.010935 0.000004 0.012742 0.617267 0.002613 0.320046 0.000000 0.002701 0.223137
0.045822
0.042940 0.333333 0.038102 0.000018 0.029478 0.883004 0.702842 0.938604 0.498200 0.818104 0.445086
0.045822
0.025054 0.333333 0.010939 0.000004 0.012310 0.617288 0.002811 0.317078 0.499578 0.003143 0.223159
0.045822
0.037241 0.333333 0.029449 0.000014 0.025591 0.729496 0.294744 0.683185 0.000000 0.291435 0.334032
0.045822
0.025115 0.333333 0.011031 0.000004 0.012310 0.617345 0.002784 0.321818 0.499578 0.003020 0.223159
0.045822
0.042979 0.333333 0.038163 0.000018 0.029478 0.881049 0.693343 0.942441 0.498200 0.821615 0.333815
0.045822
0.025158 0.333333 0.011096 0.000004 0.012310 0.617352 0.002757 0.319479 0.000000 0.003303 0.223159
0.045822
0.037265 0.333333 0.029486 0.000014 0.025591 0.729414 0.293997 0.684625 0.000000 0.293006 0.334032
0.045822
0.025146 0.333333 0.011077 0.000004 0.012310 0.617321 0.002805 0.322819 0.499578 0.003462 0.111579
0.045822
0.043033 0.333333 0.038243 0.000018 0.029478 0.881420 0.691129 0.943514 0.498200 0.820574 0.333815
0.045822
0.025159 0.333333 0.011099 0.000004 0.012310 0.617350 0.002716 0.319471 0.499578 0.002772 0.223159
0.045822
0.037231 0.333333 0.029433 0.000014 0.025591 0.729379 0.292800 0.682763 0.498524 0.290447 0.222688
0.045822
0.025137 0.333333 0.011065 0.000004 0.012310 0.617385 0.002757 0.321700 0.499578 0.003179 0.223159
0.045822
0.042936 0.333333 0.038096 0.000018 0.029478 0.882964 0.701496 0.938511 0.498200 0.814505 0.445086
0.045822
0.025094 0.333333 0.011000 0.000004 0.012310 0.617359 0.002730 0.317215 0.499578 0.002966 0.111579
0.045822
0.037337 0.333333 0.029595 0.000014 0.025159 0.730669 0.306251 0.684665 0.000000 0.294607 0.334065
0.045822
0.025228 0.333333 0.011203 0.000004 0.012310 0.617357 0.002730 0.323730 0.499578 0.002843 0.111579
0.045822
0.042956 0.333333 0.038128 0.000018 0.029478 0.882485 0.701727 0.940149 0.498200 0.819445 0.445086
0.045822
0.025169 0.333333 0.011113 0.000004 0.012310 0.617373 0.002784 0.319608 0.499578 0.003073 0.000000
0.045822
0.037306 0.333333 0.029549 0.000014 0.025159 0.730890 0.305992 0.684732 0.498574 0.293901 0.334065
0.045822
0.025220 0.333333 0.011190 0.000004 0.012310 0.617362 0.002750 0.323569 0.499578 0.002966 0.223159
0.045822
0.043161 0.333333 0.038438 0.000018 0.029478 0.882213 0.690991 0.945509 0.498199 0.821367 0.667628
0.045822
0.025211 0.333333 0.011177 0.000004 0.012310 0.617350 0.002832 0.320476 0.499578 0.003126 0.000000
0.045822
0.037377 0.333333 0.029654 0.000014 0.025159 0.729801 0.295658 0.686437 0.000000 0.295013 0.668131
0.045822
0.025189 0.333333 0.011144 0.000004 0.012310 0.617366 0.002777 0.323128 0.000000 0.003143 0.111579
0.045822
0.043014 0.333333 0.038216 0.000018 0.029478 0.883453 0.705559 0.941205 0.498200 0.823132 0.333815
0.045822
0.025072 0.333333 0.010966 0.000004 0.012310 0.617409 0.002709 0.317196 0.499578 0.002966 0.111579
0.045822
0.037251 0.333333 0.029464 0.000014 0.025159 0.729318 0.294392 0.684316 0.498573 0.290722 0.556774
0.045822
0.025098 0.333333 0.011005 0.000004 0.012310 0.617380 0.002764 0.321372 0.499578 0.003055 0.111579
0.045822
0.043031 0.333333 0.038241 0.000018 0.029478 0.881531 0.693004 0.941275 0.996399 0.817064 0.556358
0.045822
0.044689 0.111111 0.018134 0.000014 0.024403 0.788928 0.447208 0.701978 0.498431 0.524292 0.445293
0.057424
0.046225 0.111111 0.019690 0.000019 0.031206 0.749504 0.354037 0.696196 0.498001 0.342394 0.444909
0.057424
0.043022 0.111111 0.016445 0.000013 0.023540 0.727716 0.293857 0.625559 0.997060 0.318166 0.222691
0.057424
0.048763 0.111111 0.022259 0.000020 0.032070 0.792105 0.454895 0.779419 0.000000 0.508538 0.333616
0.057424
0.044523 0.111111 0.017965 0.000014 0.024403 0.789450 0.449743 0.697414 0.498431 0.524451 0.445293
0.057424
0.046482 0.111111 0.019951 0.000019 0.031206 0.760694 0.374032 0.713006 0.498002 0.370575 0.667365
0.057424
0.043302 0.111111 0.016729 0.000013 0.023540 0.734618 0.298977 0.638108 0.498530 0.336597 0.222691
0.057424
0.050363 0.111111 0.023878 0.000021 0.034230 0.841326 0.583102 0.869402 0.497777 0.690319 0.555885
0.057424
0.046262 0.111111 0.019726 0.000014 0.024835 0.818876 0.528397 0.775519 0.000000 0.661951 0.222625
0.057424
0.046177 0.111111 0.019641 0.000019 0.030774 0.747599 0.348170 0.700617 0.498052 0.347173 0.333716
0.057424
0.042813 0.111111 0.016233 0.000013 0.023540 0.731414 0.294503 0.618145 0.997060 0.313400 0.445382
0.057424
0.048965 0.111111 0.022464 0.000020 0.032070 0.798871 0.476808 0.790223 0.497904 0.528621 0.333616
0.057424
0.044686 0.111111 0.018130 0.000013 0.023971 0.788896 0.448435 0.701190 0.000000 0.522561 0.222669
0.057424
0.046254 0.111111 0.019720 0.000019 0.030774 0.748649 0.351560 0.702672 0.498052 0.350083 0.333716
0.057424
0.042994 0.111111 0.016417 0.000013 0.023540 0.731592 0.293279 0.622761 0.997060 0.314159 0.334036
0.057424
0.048737 0.111111 0.022233 0.000020 0.032070 0.794107 0.458271 0.779837 0.000000 0.511342 0.222411
0.057424
0.044692 0.111111 0.018136 0.000014 0.024403 0.790118 0.449689 0.702774 0.498431 0.521768 0.445293
0.057424
0.046727 0.111111 0.020197 0.000019 0.030774 0.771390 0.384094 0.729157 0.498052 0.412799 0.556193
0.057424
0.043638 0.111111 0.017068 0.000013 0.023971 0.742496 0.308573 0.656110 0.498481 0.362741 0.111334
0.057424
0.050837 0.111111 0.024359 0.000021 0.034230 0.829830 0.555018 0.853296 0.497777 0.640981 0.444708
0.057424
0.045375 0.111111 0.018827 0.000014 0.024403 0.792562 0.457717 0.720880 0.498431 0.543566 0.333970
0.057424
0.046292 0.111111 0.019759 0.000019 0.030774 0.752708 0.359751 0.697729 0.000000 0.358478 0.444954
0.057424
0.042971 0.111111 0.016394 0.000013 0.023108 0.729361 0.295396 0.623931 0.498579 0.312566 0.111356
0.057424
0.048584 0.111111 0.022078 0.000020 0.032070 0.799925 0.466799 0.773543 0.000000 0.515345 0.222411
0.057424
0.044905 0.111111 0.018352 0.000014 0.024403 0.787866 0.446780 0.705131 0.498431 0.516561 0.111323
0.057424
0.046370 0.111111 0.019838 0.000019 0.030774 0.752511 0.350208 0.701101 0.498052 0.358654 0.556193
0.057424
0.043156 0.111111 0.016580 0.000013 0.023540 0.731976 0.301003 0.628599 0.498530 0.316613 0.222691
0.057424
0.049021 0.111111 0.022521 0.000020 0.032070 0.798383 0.473685 0.791474 0.497904 0.534175 0.333616
0.057424
0.044826 0.111111 0.018271 0.000014 0.024403 0.791697 0.450117 0.708065 0.498431 0.535271 0.111323
0.057424
0.046877 0.111111 0.020350 0.000019 0.030774 0.773899 0.380297 0.732315 0.498052 0.422958 0.444954
0.057424
0.043593 0.111111 0.017023 0.000013 0.023540 0.742823 0.308223 0.658731 0.498530 0.371551 0.222691
0.057424
0.048944 0.111111 0.022443 0.000020 0.032070 0.800209 0.461809 0.785613 0.000000 0.523720 0.333616
0.057424
0.044850 0.111111 0.018296 0.000014 0.024403 0.782265 0.428461 0.704698 0.498431 0.512537 0.333970
0.057424
0.046256 0.111111 0.019722 0.000019 0.030774 0.747538 0.345718 0.698103 0.000000 0.350947 0.667431
0.057424
0.043047 0.111111 0.016470 0.000013 0.023540 0.727784 0.292953 0.626312 0.498530 0.316948 0.445382
0.057424
0.048793 0.111111 0.022289 0.000019 0.031638 0.793436 0.471192 0.780749 0.497953 0.520474 0.444866
0.057424
0.044430 0.111111 0.017871 0.000013 0.023971 0.785372 0.438694 0.693129 0.498481 0.509005 0.445337
0.057424
0.046386 0.111111 0.019854 0.000019 0.031206 0.750489 0.354506 0.707439 0.000000 0.364262 0.444910
0.057424
0.042965 0.111111 0.016387 0.000013 0.023540 0.728315 0.294659 0.621950 0.498530 0.309993 0.111345
0.057424
0.049217 0.111111 0.022719 0.000020 0.032070 0.809576 0.482879 0.808033 0.000000 0.568486 0.222411
0.057424
0.045317 0.111111 0.018769 0.000014 0.024403 0.806459 0.469503 0.735459 0.498431 0.586544 0.333970
0.057424
0.045862 0.111111 0.019322 0.000019 0.030774 0.751296 0.351383 0.696356 0.498052 0.360065 0.667431
0.057424
0.042829 0.111111 0.016249 0.000013 0.023540 0.728009 0.293952 0.619238 0.000000 0.306250 0.779418
0.057424
0.048604 0.111111 0.022098 0.000020 0.032070 0.800529 0.467920 0.778575 0.000000 0.522644 0.556027
0.057424
0.044830 0.111111 0.018275 0.000014 0.024403 0.783680 0.430194 0.704639 0.498431 0.522033 0.445293
0.057424
0.046237 0.111111 0.019703 0.000019 0.030774 0.756659 0.377580 0.701728 0.000000 0.352464 0.556193
0.057424
0.042942 0.111111 0.016364 0.000013 0.023540 0.731207 0.293211 0.622508 0.498530 0.318519 0.445382
0.057424
0.062274 0.000000 0.020175 0.000027 0.041140 0.863863 0.644836 0.925077 0.497108 0.796191 0.666166
0.057424
0.059934 0.000000 0.018398 0.000022 0.034338 0.873616 0.681693 0.917357 0.497536 0.875191 0.333370
0.057424
0.055085 0.000000 0.014717 0.000023 0.036389 0.738966 0.324683 0.680818 0.497530 0.328099 0.888977
0.057424
0.052029 0.000000 0.012395 0.000018 0.029155 0.731639 0.310752 0.633308 0.996016 0.339365 0.444915
0.057424
0.062066 0.000000 0.020018 0.000027 0.041140 0.864407 0.641950 0.920125 0.497108 0.796720 0.555139
0.057424
0.059894 0.000000 0.018367 0.000022 0.034338 0.872663 0.677717 0.916882 0.497536 0.876759 0.333370
0.057424
0.054577 0.000000 0.014332 0.000023 0.035957 0.738199 0.321702 0.676410 0.497580 0.335091 0.777932
0.057424
0.051909 0.000000 0.012304 0.000018 0.029155 0.730006 0.299560 0.628887 0.498008 0.332100 0.444915
0.057424
0.062649 0.000000 0.020460 0.000027 0.041572 0.879410 0.670207 0.961741 0.000000 0.883435 0.444068
0.057424
0.060399 0.000000 0.018750 0.000022 0.034338 0.897560 0.760522 0.954980 0.497536 0.977572 0.444493
0.057424
0.055496 0.000000 0.015029 0.000024 0.036821 0.743039 0.334915 0.700788 0.497481 0.365519 0.777778
0.057424
0.052509 0.000000 0.012760 0.000018 0.029155 0.749208 0.328519 0.661284 0.498008 0.398567 0.444915
0.057424
0.062201 0.000000 0.020121 0.000027 0.041572 0.868805 0.659233 0.926948 0.497059 0.806410 0.444068
0.057424
0.059747 0.000000 0.018256 0.000020 0.032178 0.877371 0.685172 0.918246 0.000000 0.891997 0.444607
0.057424
0.055171 0.000000 0.014783 0.000023 0.036389 0.736505 0.322349 0.680791 0.497530 0.340273 0.777855
0.057424
0.051984 0.000000 0.012361 0.000018 0.029155 0.731956 0.309496 0.631137 0.498008 0.332893 0.111229
0.057424
0.062261 0.000000 0.020165 0.000027 0.041140 0.860958 0.657115 0.931689 0.497108 0.811753 0.666167
0.057424
0.059352 0.000000 0.017956 0.000020 0.032178 0.876613 0.683156 0.898937 0.497663 0.862461 0.444607
0.057424
0.055191 0.000000 0.014798 0.000024 0.036821 0.740655 0.330607 0.675821 0.000000 0.339006 1.000000
0.057424
0.051939 0.000000 0.012327 0.000018 0.029155 0.731493 0.308178 0.628872 0.498008 0.332788 0.333686
0.057424
0.062307 0.000000 0.020201 0.000027 0.041140 0.863504 0.653881 0.931685 0.994217 0.806578 0.777195
0.057424
0.059250 0.000000 0.017878 0.000020 0.032178 0.871297 0.668687 0.894547 0.497663 0.848486 0.222303
0.057424
0.054631 0.000000 0.014373 0.000023 0.036389 0.742225 0.322287 0.674533 0.497530 0.325439 0.444488
0.057424
0.051805 0.000000 0.012225 0.000018 0.029155 0.729156 0.298174 0.627784 0.498008 0.334040 0.222458
0.057424
0.062506 0.000000 0.020352 0.000027 0.041140 0.877458 0.667413 0.964980 0.994217 0.889595 0.666167
0.057424
0.060055 0.000000 0.018489 0.000022 0.034338 0.892370 0.736896 0.946494 0.497536 1.000000 0.222247
0.057424
0.055373 0.000000 0.014936 0.000023 0.036389 0.745663 0.329290 0.693513 0.497530 0.344237 0.888977
0.057424
0.052770 0.000000 0.012957 0.000018 0.029155 0.748417 0.317116 0.665852 0.498008 0.395392 0.444915
0.057424
0.062505 0.000000 0.020351 0.000027 0.041572 0.867134 0.665374 0.938946 0.497059 0.822252 0.444068
0.057424
0.060027 0.000000 0.018468 0.000022 0.034338 0.877940 0.688729 0.928861 0.497536 0.903909 0.333370
0.057424
0.055239 0.000000 0.014834 0.000024 0.036821 0.741073 0.328653 0.678290 0.497481 0.331238 0.888889
0.057424
0.052086 0.000000 0.012438 0.000018 0.029155 0.733168 0.313055 0.634871 0.996016 0.337267 0.667373
0.057424
0.062372 0.000000 0.020250 0.000027 0.041572 0.867111 0.658418 0.933396 0.497058 0.817463 0.333050
0.057424
0.059263 0.000000 0.017888 0.000020 0.032178 0.873252 0.675446 0.898146 0.995326 0.862726 0.111152
0.057424
0.055139 0.000000 0.014758 0.000023 0.036389 0.742415 0.335953 0.675008 0.000000 0.336115 0.666733
0.057424
0.051964 0.000000 0.012345 0.000018 0.029155 0.731352 0.308348 0.629063 0.498008 0.332611 0.556144
0.057424
0.062272 0.000000 0.020174 0.000027 0.041140 0.862918 0.650566 0.932296 0.497108 0.809430 0.555139
0.057424
0.059222 0.000000 0.017857 0.000020 0.032178 0.872365 0.670024 0.894609 0.000000 0.849808 0.333455
0.057424
0.054708 0.000000 0.014432 0.000023 0.036389 0.742636 0.324282 0.676160 0.497530 0.327359 0.777855
0.057424
0.051869 0.000000 0.012274 0.000018 0.029155 0.730709 0.306440 0.628057 0.996016 0.335292 0.333686
0.057424
0.062703 0.000000 0.020501 0.000027 0.041572 0.879900 0.668328 0.974107 0.497058 0.890121 0.555083
0.057424
0.059280 0.000000 0.017901 0.000022 0.034338 0.870239 0.668814 0.897204 0.497536 0.863140 0.555617
0.057424
0.055434 0.000000 0.014983 0.000024 0.036821 0.744592 0.331537 0.699328 0.497481 0.367193 0.666667
0.057424
0.052646 0.000000 0.012864 0.000018 0.029586 0.746300 0.317302 0.660988 0.497959 0.388335 0.333653
0.057424
0.163592 1.000000 0.469756 0.494846 0.178167 0.041226 0.102807 0.001451 0.045181 0.005890 0.050455
0.327835
0.169358 1.000000 0.487268 0.494848 0.180758 0.060681 0.151068 0.007735 0.038726 0.028463 0.038922
0.327835
0.162647 1.000000 0.466883 0.494846 0.177735 0.041167 0.102578 0.001056 0.000000 0.003819 0.023065
0.327835
0.168973 1.000000 0.486100 0.494848 0.180326 0.060628 0.150927 0.007488 0.000000 0.027458 0.017299
0.327835
0.162537 1.000000 0.466551 0.494846 0.177735 0.041127 0.102534 0.001006 0.000000 0.003662 0.025948
0.327835
0.168983 1.000000 0.486132 0.494848 0.180758 0.060669 0.151026 0.007453 0.006454 0.027336 0.014416
0.327835
0.163788 1.000000 0.470352 0.494846 0.178167 0.041243 0.102837 0.001650 0.000000 0.005988 0.020182
0.327835
0.169503 1.000000 0.487711 0.494848 0.180758 0.060708 0.151080 0.007742 0.000000 0.028522 0.014416
0.327835
0.162687 1.000000 0.467003 0.494846 0.177735 0.041170 0.102590 0.001070 0.000000 0.003868 0.025948
0.327835
0.168979 1.000000 0.486120 0.494848 0.180758 0.060627 0.150950 0.007504 0.006454 0.027504 0.015857
0.327835
0.162592 1.000000 0.466716 0.494846 0.177735 0.041133 0.102569 0.001036 0.006454 0.003780 0.021624
0.327835
0.168932 1.000000 0.485976 0.494848 0.180326 0.060636 0.150948 0.007451 0.000000 0.027346 0.020182
0.327835
0.164624 1.000000 0.472892 0.494847 0.179030 0.042392 0.105730 0.002354 0.012909 0.008420 0.014416
0.327835
0.169586 1.000000 0.487961 0.494848 0.180758 0.060690 0.151084 0.007863 0.000000 0.028884 0.017301
0.327835
0.162671 1.000000 0.466954 0.494846 0.177735 0.041161 0.102579 0.001063 0.006454 0.003849 0.020182
0.327835
0.168921 1.000000 0.485944 0.494848 0.180326 0.060647 0.150959 0.007446 0.006454 0.027288 0.018740
0.327835
0.162620 1.000000 0.466802 0.494846 0.177735 0.041160 0.102582 0.001027 0.006454 0.003747 0.020182
0.327835
0.168928 1.000000 0.485963 0.494848 0.180326 0.060648 0.150978 0.007432 0.006454 0.027285 0.017299
0.327835
0.162568 1.000000 0.466644 0.494846 0.177735 0.041129 0.102544 0.001020 0.000000 0.003716 0.023065
0.327835
0.171389 1.000000 0.493440 0.494851 0.183350 0.061212 0.152466 0.008553 0.000000 0.031328 0.015857
0.327835
0.162726 1.000000 0.467121 0.494846 0.177735 0.041180 0.102615 0.001075 0.000000 0.003878 0.020182
0.327835
0.169002 1.000000 0.486191 0.494848 0.180758 0.060677 0.151044 0.007474 0.006454 0.027455 0.017299
0.327835
0.162606 1.000000 0.466759 0.494846 0.177735 0.041131 0.102565 0.001032 0.000000 0.003772 0.014416
0.327835
0.168893 1.000000 0.485856 0.494848 0.180326 0.060634 0.151011 0.007452 0.000000 0.027357 0.014416
0.327835
0.162600 1.000000 0.466742 0.494846 0.177735 0.041139 0.102562 0.001017 0.000000 0.003696 0.017299
0.327835
0.171795 1.000000 0.494673 0.494851 0.183781 0.063506 0.158145 0.009293 0.006454 0.033880 0.011532
0.327835
0.162718 1.000000 0.467100 0.494846 0.177735 0.041173 0.102593 0.001088 0.000000 0.003930 0.017299
0.327835
0.168947 1.000000 0.486019 0.494848 0.180326 0.060650 0.150968 0.007477 0.000000 0.027437 0.012974
0.327835
0.162627 1.000000 0.466823 0.494846 0.177735 0.041140 0.102568 0.001040 0.000000 0.003773 0.015857
0.327835
0.168879 1.000000 0.485816 0.494848 0.180326 0.060632 0.150929 0.007442 0.000000 0.027316 0.017299
0.327835
0.162601 1.000000 0.466743 0.494846 0.177735 0.041138 0.102573 0.001021 0.000000 0.003723 0.018740
0.327835
0.168923 1.000000 0.485947 0.494848 0.180326 0.060636 0.150968 0.007434 0.000000 0.027288 0.012974
0.327835
0.163745 1.000000 0.470221 0.494846 0.178167 0.041236 0.102810 0.001631 0.000000 0.005931 0.017299
0.327835
0.169419 1.000000 0.487455 0.494848 0.180758 0.060712 0.151081 0.007715 0.000000 0.028394 0.018740
0.327835
0.162684 1.000000 0.466996 0.494846 0.177735 0.041154 0.102583 0.001064 0.006454 0.003858 0.018740
0.327835
0.168940 1.000000 0.485999 0.494848 0.180326 0.060653 0.150973 0.007447 0.000000 0.027333 0.018740
0.327835
0.162578 1.000000 0.466674 0.494846 0.177735 0.041123 0.102540 0.001030 0.000000 0.003731 0.018740
0.327835
0.168919 1.000000 0.485937 0.494848 0.180326 0.060645 0.150981 0.007417 0.000000 0.027200 0.017299
0.327835
0.164617 1.000000 0.472871 0.494847 0.179030 0.042396 0.105733 0.002326 0.006454 0.008340 0.010091
0.327835
0.169455 1.000000 0.487562 0.494848 0.180758 0.060682 0.151100 0.007809 0.000000 0.028759 0.015859
0.327835
0.162655 1.000000 0.466908 0.494846 0.177735 0.041159 0.102569 0.001063 0.006454 0.003843 0.015857
0.327835
0.168941 1.000000 0.486004 0.494848 0.180326 0.060643 0.150950 0.007468 0.006454 0.027365 0.017299
0.327835
0.162604 1.000000 0.466751 0.494846 0.177735 0.041139 0.102573 0.001029 0.000000 0.003765 0.017299
0.327835
0.168941 1.000000 0.486004 0.494848 0.180326 0.060651 0.150987 0.007427 0.000000 0.027195 0.017299
0.327835
0.162602 1.000000 0.466748 0.494846 0.177735 0.041132 0.102563 0.001021 0.000000 0.003725 0.017299
0.327835
0.171446 1.000000 0.493611 0.494851 0.183350 0.061234 0.152509 0.008509 0.006454 0.031112 0.017299
0.327835
0.162680 1.000000 0.466985 0.494846 0.177735 0.041167 0.102586 0.001065 0.006454 0.003878 0.017299
0.327835
0.169003 1.000000 0.486191 0.494848 0.180758 0.060670 0.151013 0.007492 0.000000 0.027465 0.015857
0.327835
0.162587 1.000000 0.466702 0.494846 0.177735 0.041130 0.102562 0.001011 0.006454 0.003659 0.015857
0.327835
0.168986 1.000000 0.486138 0.494848 0.180758 0.060642 0.150974 0.007486 0.000000 0.027470 0.017299
0.327835
0.162562 1.000000 0.466626 0.494846 0.177735 0.041123 0.102553 0.001017 0.000000 0.003712 0.020182
0.327835
0.171734 1.000000 0.494487 0.494851 0.183781 0.063488 0.158128 0.009263 0.006454 0.033755 0.008649
0.327835
0.162678 1.000000 0.466976 0.494846 0.177735 0.041169 0.102589 0.001077 0.000000 0.003890 0.018740
0.327835
0.168945 1.000000 0.486015 0.494848 0.180326 0.060638 0.150951 0.007485 0.006454 0.027440 0.020182
0.327835
0.162616 1.000000 0.466791 0.494846 0.177735 0.041145 0.102579 0.001030 0.000000 0.003751 0.014416
0.327835
0.168853 1.000000 0.485735 0.494848 0.180326 0.060641 0.150968 0.007376 0.000000 0.027035 0.014416
0.327835
0.162575 1.000000 0.466666 0.494846 0.177735 0.041128 0.102552 0.001015 0.000000 0.003695 0.020182
0.327835
0.168929 1.000000 0.485966 0.494848 0.180326 0.060647 0.150984 0.007416 0.006454 0.027221 0.017299
0.327835
0.163710 1.000000 0.470113 0.494846 0.178167 0.041231 0.102802 0.001613 0.006454 0.005892 0.010091
0.327835
0.169365 1.000000 0.487290 0.494848 0.180758 0.060699 0.151075 0.007720 0.000000 0.028387 0.011532
0.327835
0.162640 1.000000 0.466862 0.494846 0.177735 0.041149 0.102570 0.001051 0.000000 0.003800 0.014416
0.327835
0.168957 1.000000 0.486052 0.494848 0.180758 0.060635 0.150947 0.007472 0.000000 0.027399 0.015857
0.327835
0.162564 1.000000 0.466631 0.494846 0.177735 0.041128 0.102554 0.001022 0.000000 0.003697 0.018740
0.327835
0.168791 1.000000 0.485548 0.494848 0.180326 0.060619 0.150911 0.007393 0.000000 0.027107 0.014416
0.327835
0.164618 1.000000 0.472871 0.494847 0.179030 0.042385 0.105709 0.002333 0.006454 0.008343 0.012974
0.327835
0.169572 1.000000 0.487920 0.494848 0.180758 0.060759 0.151350 0.007902 0.000000 0.028930 0.014417
0.327835
0.162642 1.000000 0.466870 0.494846 0.177735 0.041162 0.102571 0.001045 0.000000 0.003810 0.018740
0.327835
0.168949 1.000000 0.486027 0.494848 0.180326 0.060660 0.150980 0.007449 0.006454 0.027305 0.017299
0.327835
0.162540 1.000000 0.466559 0.494846 0.177735 0.041128 0.102545 0.001005 0.006454 0.003662 0.015857
0.327835
0.168882 1.000000 0.485822 0.494848 0.180326 0.060634 0.150960 0.007422 0.006454 0.027245 0.017299
0.327835
0.162586 1.000000 0.466698 0.494846 0.177735 0.041132 0.102564 0.001011 0.000000 0.003702 0.015857
0.327835
0.171452 1.000000 0.493629 0.494851 0.183350 0.061235 0.152506 0.008519 0.000000 0.031199 0.010091
0.327835
0.162727 1.000000 0.467128 0.494846 0.177735 0.041184 0.102614 0.001075 0.000000 0.003870 0.017299
0.327835
0.168981 1.000000 0.486126 0.494848 0.180758 0.060652 0.150975 0.007487 0.000000 0.027593 0.015857
0.327835
0.162575 1.000000 0.466663 0.494846 0.177735 0.041128 0.102550 0.001020 0.000000 0.003714 0.018740
0.327835
0.168861 1.000000 0.485759 0.494848 0.180326 0.060625 0.150902 0.007443 0.000000 0.027305 0.018740
0.327835
0.162605 1.000000 0.466756 0.494846 0.177735 0.041137 0.102543 0.001030 0.000000 0.003748 0.015857
0.327835
0.171711 1.000000 0.494416 0.494851 0.183781 0.063488 0.158100 0.009245 0.006454 0.033774 0.011532
0.327835
0.162737 1.000000 0.467156 0.494846 0.177735 0.041184 0.102613 0.001076 0.000000 0.003893 0.018740
0.327835
0.169056 1.000000 0.486351 0.494848 0.180758 0.060675 0.151018 0.007527 0.000000 0.027610 0.017299
0.327835
0.162596 1.000000 0.466728 0.494846 0.177735 0.041134 0.102566 0.001032 0.006454 0.003763 0.015857
0.327835
0.168893 1.000000 0.485857 0.494848 0.180326 0.060637 0.150953 0.007438 0.000000 0.027242 0.015857
0.327835
0.162600 1.000000 0.466740 0.494846 0.177735 0.041143 0.102568 0.001033 0.000000 0.003772 0.018740
0.327835
0.168938 1.000000 0.485994 0.494848 0.180326 0.060620 0.150909 0.007511 0.000000 0.027499 0.014416
0.327835
0.163750 1.000000 0.470234 0.494846 0.178167 0.041240 0.102813 0.001633 0.000000 0.005940 0.017299
0.327835
0.169351 1.000000 0.487249 0.494848 0.180758 0.060695 0.151073 0.007692 0.000000 0.028311 0.015857
0.327835
0.162664 1.000000 0.466936 0.494846 0.177735 0.041162 0.102578 0.001056 0.000000 0.003816 0.018740
0.327835
0.168941 1.000000 0.486003 0.494848 0.180326 0.060644 0.150957 0.007455 0.006454 0.027392 0.017299
0.327835
0.162607 1.000000 0.466762 0.494846 0.177735 0.041155 0.102579 0.001020 0.000000 0.003719 0.018740
0.327835
0.168896 1.000000 0.485864 0.494848 0.180326 0.060612 0.150900 0.007480 0.000000 0.027407 0.015857
0.327835
0.164654 1.000000 0.472980 0.494847 0.179030 0.042388 0.105714 0.002348 0.006454 0.008399 0.008649
0.327835
0.169448 1.000000 0.487543 0.494848 0.180758 0.060692 0.151201 0.007807 0.000000 0.028697 0.007209
0.327835
0.162688 1.000000 0.467007 0.494846 0.177735 0.041173 0.102587 0.001064 0.006454 0.003856 0.014416
0.327835
0.168988 1.000000 0.486145 0.494848 0.180758 0.060650 0.150977 0.007471 0.006454 0.027479 0.020182
0.327835
0.162612 1.000000 0.466779 0.494846 0.177735 0.041145 0.102570 0.001024 0.000000 0.003727 0.018740
0.327835
0.168888 1.000000 0.485842 0.494848 0.180326 0.060648 0.150965 0.007422 0.006454 0.027240 0.018740
0.327835
0.162593 1.000000 0.466720 0.494846 0.177735 0.041135 0.102559 0.001015 0.006454 0.003718 0.017299
0.327835
0.171377 1.000000 0.493403 0.494851 0.183350 0.061223 0.152493 0.008490 0.000000 0.031135 0.010091
0.327835
0.162682 1.000000 0.466991 0.494846 0.177735 0.041169 0.102582 0.001074 0.000000 0.003895 0.017299
0.327835
0.168982 1.000000 0.486127 0.494848 0.180758 0.060655 0.150987 0.007505 0.000000 0.027530 0.015857
0.327835
0.162637 1.000000 0.466852 0.494846 0.177735 0.041148 0.102586 0.001038 0.000000 0.003778 0.020182
0.327835
0.168930 1.000000 0.485970 0.494848 0.180326 0.060642 0.150971 0.007464 0.000000 0.027401 0.015857
0.327835
0.162615 1.000000 0.466786 0.494846 0.177735 0.041132 0.102559 0.001041 0.000000 0.003786 0.018740
0.327835
0.171748 1.000000 0.494528 0.494851 0.183781 0.063497 0.158107 0.009247 0.006454 0.033677 0.008649
0.327835
0.162737 1.000000 0.467157 0.494846 0.177735 0.041181 0.102611 0.001085 0.000000 0.003910 0.017299
0.327835
0.168945 1.000000 0.486014 0.494848 0.180326 0.060651 0.150989 0.007477 0.006454 0.027458 0.018740
0.327835
0.162622 1.000000 0.466810 0.494846 0.177735 0.041136 0.102564 0.001040 0.000000 0.003789 0.015857
0.327835
0.168926 1.000000 0.485956 0.494848 0.180326 0.060641 0.150965 0.007457 0.000000 0.027299 0.014416
0.327835
0.162582 1.000000 0.466688 0.494846 0.177735 0.041130 0.102541 0.001027 0.000000 0.003732 0.020182
0.327835
0.168890 1.000000 0.485848 0.494848 0.180326 0.060640 0.150960 0.007433 0.006454 0.027272 0.020182
0.327835
0.163755 1.000000 0.470251 0.494846 0.178167 0.041236 0.102806 0.001631 0.000000 0.005962 0.014416
0.327835
0.169444 1.000000 0.487531 0.494848 0.180758 0.060696 0.151082 0.007732 0.000000 0.028427 0.011532
0.327835
0.162611 1.000000 0.466776 0.494846 0.177735 0.041167 0.102586 0.001033 0.000000 0.003722 0.017299
0.327835
0.168924 1.000000 0.485951 0.494848 0.180326 0.060641 0.150961 0.007462 0.006454 0.027367 0.014416
0.327835
0.162602 1.000000 0.466746 0.494846 0.177735 0.041145 0.102570 0.001020 0.000000 0.003722 0.017299
0.327835
0.168888 1.000000 0.485842 0.494848 0.180326 0.060620 0.150895 0.007463 0.000000 0.027393 0.015857
0.327835
0.164617 1.000000 0.472868 0.494847 0.179030 0.042399 0.105760 0.002326 0.006455 0.008327 0.011533
0.327835
0.169462 1.000000 0.487584 0.494848 0.180758 0.060689 0.151079 0.007783 0.006455 0.028639 0.014417
0.327835
0.162688 1.000000 0.467011 0.494846 0.177735 0.041177 0.102593 0.001060 0.000000 0.003845 0.017299
0.327835
0.168948 1.000000 0.486024 0.494848 0.180758 0.060641 0.150930 0.007484 0.000000 0.027514 0.014416
0.327835
0.162624 1.000000 0.466815 0.494846 0.177735 0.041140 0.102560 0.001039 0.000000 0.003777 0.017299
0.327835
0.168864 1.000000 0.485771 0.494848 0.180326 0.060623 0.150973 0.007447 0.012909 0.027350 0.018740
0.327835
0.162611 1.000000 0.466774 0.494846 0.177735 0.041141 0.102577 0.001018 0.000000 0.003724 0.018740
0.327835
0.171255 1.000000 0.493031 0.494851 0.183350 0.061202 0.152434 0.008499 0.000000 0.031085 0.008649
0.327835
0.162665 1.000000 0.466941 0.494846 0.177735 0.041168 0.102572 0.001074 0.000000 0.003857 0.015857
0.327835
0.168923 1.000000 0.485948 0.494848 0.180326 0.060651 0.150970 0.007474 0.000000 0.027438 0.014416
0.327835
0.162596 1.000000 0.466728 0.494846 0.177735 0.041139 0.102572 0.001021 0.000000 0.003723 0.018740
0.327835
0.168938 1.000000 0.485993 0.494848 0.180758 0.060653 0.150965 0.007440 0.000000 0.027342 0.014416
0.327835
0.162564 1.000000 0.466630 0.494846 0.177735 0.041133 0.102542 0.001015 0.000000 0.003720 0.017299
0.327835
0.171654 1.000000 0.494242 0.494849 0.183781 0.063407 0.157841 0.009170 0.006454 0.033555 0.010091
0.327835
0.162745 1.000000 0.467182 0.494844 0.177735 0.041189 0.102615 0.001076 0.000000 0.003875 0.015857
0.327835
0.168973 1.000000 0.486099 0.494846 0.180758 0.060640 0.150953 0.007493 0.000000 0.027476 0.017299
0.327835
0.162554 1.000000 0.466601 0.494844 0.177735 0.041132 0.102542 0.001030 0.000000 0.003746 0.017299
0.327835
0.168832 1.000000 0.485672 0.494846 0.180326 0.060630 0.150933 0.007394 0.006454 0.027154 0.018740
0.327835
0.162577 1.000000 0.466670 0.494844 0.177735 0.041143 0.102564 0.001001 0.000000 0.003663 0.017299
0.327835
0.168893 1.000000 0.485858 0.494846 0.180326 0.060645 0.150970 0.007420 0.006454 0.027257 0.018740
0.327835
0.163715 1.000000 0.470131 0.494844 0.178167 0.041230 0.102792 0.001623 0.000000 0.005931 0.017299
0.327835
0.169472 1.000000 0.487617 0.494846 0.180758 0.060715 0.151084 0.007738 0.000000 0.028440 0.012974
0.327835
0.162632 1.000000 0.466836 0.494844 0.177735 0.041148 0.102573 0.001048 0.000000 0.003773 0.017299
0.327835
0.168899 1.000000 0.485875 0.494846 0.180326 0.060648 0.150968 0.007415 0.006454 0.027156 0.015857
0.327835
0.162598 1.000000 0.466736 0.494844 0.177735 0.041136 0.102560 0.001026 0.000000 0.003761 0.017299
0.327835
0.168938 1.000000 0.485994 0.494846 0.180758 0.060649 0.150975 0.007447 0.006454 0.027321 0.014416
0.327835
0.164515 1.000000 0.472559 0.494845 0.178598 0.041211 0.102651 0.002163 0.000000 0.007853 0.012974
0.327835
0.171412 1.000000 0.493506 0.494849 0.183350 0.061238 0.152505 0.008514 0.000000 0.031299 0.010091
0.327835
0.162707 1.000000 0.467069 0.494844 0.177735 0.041179 0.102600 0.001070 0.000000 0.003851 0.018740
0.327835
0.168948 1.000000 0.486025 0.494846 0.180758 0.060653 0.150981 0.007469 0.000000 0.027350 0.018740
0.327835
0.162620 1.000000 0.466803 0.494844 0.177735 0.041142 0.102571 0.001040 0.000000 0.003799 0.015857
0.327835
0.168904 1.000000 0.485889 0.494846 0.180326 0.060640 0.150941 0.007432 0.000000 0.027265 0.012974
0.327835
0.162567 1.000000 0.466643 0.494844 0.177735 0.041136 0.102543 0.001017 0.000000 0.003717 0.014416
0.327835
0.171404 1.000000 0.493483 0.494849 0.183350 0.061240 0.152506 0.008500 0.000000 0.031140 0.011532
0.327835
0.162689 1.000000 0.467012 0.494844 0.177735 0.041174 0.102585 0.001066 0.000000 0.003850 0.018740
0.327835
0.168984 1.000000 0.486134 0.494846 0.180758 0.060651 0.150959 0.007498 0.006454 0.027537 0.017299
0.327835
0.162637 1.000000 0.466855 0.494844 0.177735 0.041148 0.102579 0.001034 0.012909 0.003765 0.017299
0.327835
0.168854 1.000000 0.485738 0.494846 0.180326 0.060617 0.150893 0.007428 0.006454 0.027296 0.015857
0.327835
0.162612 1.000000 0.466776 0.494844 0.177735 0.041140 0.102560 0.001032 0.000000 0.003755 0.018741
0.327835
0.171987 1.000000 0.495255 0.494849 0.183781 0.061342 0.152639 0.008770 0.000000 0.031966 0.008649
0.327835
0.163711 1.000000 0.470116 0.494844 0.178167 0.041254 0.102857 0.001555 0.000000 0.005891 0.017299
0.327835
0.169197 1.000000 0.486780 0.494846 0.180758 0.060682 0.151066 0.007662 0.012909 0.028073 0.014416
0.327835
0.162672 1.000000 0.466959 0.494844 0.177735 0.041170 0.102584 0.001058 0.000000 0.003827 0.015857
0.327835
0.168950 1.000000 0.486028 0.494846 0.180758 0.060639 0.150941 0.007490 0.000000 0.027533 0.020182
0.327835
0.162606 1.000000 0.466759 0.494844 0.177735 0.041137 0.102572 0.001023 0.000000 0.003710 0.015857
0.327835
0.168929 1.000000 0.485966 0.494846 0.180326 0.060647 0.150961 0.007432 0.006454 0.027270 0.018740
0.327835
0.163743 1.000000 0.470211 0.494844 0.178167 0.041240 0.102810 0.001632 0.000000 0.005964 0.011533
0.327835
0.169430 1.000000 0.487487 0.494846 0.180758 0.060712 0.151082 0.007681 0.000000 0.028304 0.012974
0.327835
0.162624 1.000000 0.466815 0.494844 0.177735 0.041142 0.102562 0.001053 0.006454 0.003823 0.012974
0.327835
0.168978 1.000000 0.486118 0.494846 0.180758 0.060668 0.150997 0.007477 0.000000 0.027425 0.017299
0.327835
0.162607 1.000000 0.466763 0.494844 0.177735 0.041142 0.102573 0.001028 0.000000 0.003749 0.020182
0.327835
0.168875 1.000000 0.485802 0.494846 0.180326 0.060650 0.150971 0.007396 0.000000 0.027097 0.015857
0.327835
0.164551 1.000000 0.472671 0.494845 0.178598 0.041209 0.102650 0.002174 0.000000 0.007921 0.008649
0.327835
0.171498 1.000000 0.493767 0.494849 0.183350 0.061292 0.152493 0.008466 0.000000 0.031099 0.008649
0.327835
0.162714 1.000000 0.467085 0.494844 0.177735 0.041176 0.102590 0.001073 0.000000 0.003897 0.018740
0.327835
0.168933 1.000000 0.485979 0.494846 0.180326 0.060640 0.150955 0.007456 0.000000 0.027337 0.018740
0.327835
0.162598 1.000000 0.466736 0.494844 0.177735 0.041136 0.102560 0.001026 0.000000 0.003741 0.017299
0.327835
0.168861 1.000000 0.485761 0.494846 0.180326 0.060624 0.150914 0.007409 0.000000 0.027197 0.015857
0.327835
0.162568 1.000000 0.466643 0.494844 0.177735 0.041135 0.102564 0.001009 0.000000 0.003652 0.017299
0.327835
0.171281 1.000000 0.493110 0.494849 0.183350 0.061223 0.152470 0.008481 0.006454 0.031063 0.015857
0.327835
0.162695 1.000000 0.467029 0.494844 0.177735 0.041179 0.102603 0.001066 0.000000 0.003832 0.020182
0.327835
0.168930 1.000000 0.485968 0.494846 0.180326 0.060625 0.150932 0.007500 0.000000 0.027531 0.015857
0.327835
0.162607 1.000000 0.466762 0.494844 0.177735 0.041143 0.102573 0.001027 0.006454 0.003721 0.018740
0.327835
0.168899 1.000000 0.485876 0.494846 0.180326 0.060657 0.150978 0.007425 0.000000 0.027285 0.015857
0.327835
0.162608 1.000000 0.466764 0.494844 0.177735 0.041129 0.102555 0.001041 0.000000 0.003797 0.020182
0.327835
0.171988 1.000000 0.495257 0.494849 0.183781 0.061343 0.152622 0.008790 0.000000 0.032071 0.008649
0.327835
0.163743 1.000000 0.470210 0.494844 0.178167 0.041263 0.102877 0.001560 0.000000 0.005915 0.017299
0.327835
0.169329 1.000000 0.487180 0.494846 0.180758 0.060702 0.151077 0.007687 0.000000 0.028231 0.015857
0.327835
0.162633 1.000000 0.466843 0.494844 0.177735 0.041165 0.102582 0.001043 0.000000 0.003778 0.017299
0.327835
0.168879 1.000000 0.485816 0.494846 0.180326 0.060644 0.150952 0.007390 0.000000 0.027108 0.017299
0.327835
0.162624 1.000000 0.466816 0.494844 0.177735 0.041140 0.102562 0.001037 0.006454 0.003753 0.015857
0.327835
0.168893 1.000000 0.485857 0.494846 0.180326 0.060648 0.150964 0.007402 0.000000 0.027143 0.014416
0.327835
0.163732 1.000000 0.470181 0.494844 0.178167 0.041226 0.102785 0.001629 0.000000 0.005934 0.017299
0.327835
0.169454 1.000000 0.487564 0.494846 0.180758 0.060716 0.151078 0.007712 0.000000 0.028418 0.014416
0.327835
0.162682 1.000000 0.466990 0.494844 0.177735 0.041179 0.102597 0.001066 0.000000 0.003842 0.021624
0.327835
0.168928 1.000000 0.485963 0.494846 0.180326 0.060653 0.150990 0.007472 0.000000 0.027369 0.021623
0.327835
0.162647 1.000000 0.466884 0.494844 0.177735 0.041154 0.102587 0.001034 0.006454 0.003764 0.020182
0.327835
0.168954 1.000000 0.486041 0.494846 0.180758 0.060663 0.150995 0.007445 0.000000 0.027279 0.024506
0.327835
0.164561 1.000000 0.472698 0.494845 0.178598 0.041208 0.102649 0.002184 0.000000 0.007947 0.017299
0.327835
0.171454 1.000000 0.493634 0.494849 0.183350 0.061244 0.152498 0.008502 0.000000 0.031250 0.020182
0.327835
0.162691 1.000000 0.467016 0.494844 0.177735 0.041179 0.102608 0.001068 0.000000 0.003878 0.023065
0.327835
0.168968 1.000000 0.486087 0.494846 0.180758 0.060652 0.151050 0.007524 0.006454 0.027594 0.015857
0.327835
0.162563 1.000000 0.466627 0.494844 0.177735 0.041131 0.102554 0.001011 0.000000 0.003717 0.024507
0.327835
0.168940 1.000000 0.486000 0.494846 0.180326 0.060640 0.150959 0.007466 0.006454 0.027394 0.018740
0.327835
0.162627 1.000000 0.466823 0.494844 0.177735 0.041133 0.102562 0.001041 0.000000 0.003779 0.023065
0.327835
0.171476 1.000000 0.493703 0.494849 0.183350 0.061231 0.152506 0.008541 0.000000 0.031295 0.015857
0.327835
0.162746 1.000000 0.467184 0.494844 0.177735 0.041175 0.102602 0.001104 0.000000 0.003954 0.021624
0.327835
0.168999 1.000000 0.486179 0.494846 0.180758 0.060645 0.150949 0.007526 0.006454 0.027594 0.021623
0.327835
0.162614 1.000000 0.466782 0.494844 0.177735 0.041139 0.102579 0.001032 0.000000 0.003738 0.023065
0.327835
0.168913 1.000000 0.485916 0.494846 0.180326 0.060644 0.150964 0.007438 0.000000 0.027323 0.012974
0.327835
0.162625 1.000000 0.466816 0.494844 0.177735 0.041146 0.102586 0.001027 0.006454 0.003728 0.020182
0.327835
0.171918 1.000000 0.495043 0.494849 0.183350 0.061335 0.152613 0.008771 0.000000 0.031874 0.011532
0.327835
0.163743 1.000000 0.470212 0.494844 0.178167 0.041255 0.102865 0.001571 0.000000 0.005926 0.021623
0.327835
0.169286 1.000000 0.487051 0.494846 0.180758 0.060698 0.151084 0.007670 0.006454 0.028116 0.020182
0.327835
0.162651 1.000000 0.466896 0.494844 0.177735 0.041166 0.102582 0.001057 0.000000 0.003837 0.024507
0.327835
0.168986 1.000000 0.486140 0.494846 0.180758 0.060649 0.150971 0.007501 0.000000 0.027499 0.017299
0.327835
0.162600 1.000000 0.466739 0.494844 0.177735 0.041132 0.102563 0.001035 0.006454 0.003773 0.020182
0.327835
0.168894 1.000000 0.485861 0.494846 0.180326 0.060649 0.150969 0.007417 0.006454 0.027201 0.023065
0.327835
0.163740 1.000000 0.470206 0.494844 0.178167 0.041234 0.102806 0.001637 0.000000 0.005955 0.015857
0.327835
0.169415 1.000000 0.487441 0.494846 0.180758 0.060719 0.151086 0.007715 0.006454 0.028415 0.020182
0.327835
0.162700 1.000000 0.467048 0.494844 0.177735 0.041179 0.102609 0.001062 0.000000 0.003829 0.024507
0.327835
0.168987 1.000000 0.486143 0.494846 0.180758 0.060652 0.150977 0.007509 0.000000 0.027489 0.014416
0.327835
0.162586 1.000000 0.466700 0.494844 0.177735 0.041133 0.102559 0.001024 0.000000 0.003751 0.024507
0.327835
0.168903 1.000000 0.485888 0.494846 0.180326 0.060642 0.150967 0.007436 0.000000 0.027284 0.018740
0.327835
0.164556 1.000000 0.472684 0.494845 0.178598 0.041209 0.102651 0.002185 0.000000 0.007927 0.015857
0.327835
0.171556 1.000000 0.493945 0.494849 0.183350 0.061271 0.152504 0.008494 0.000000 0.031248 0.017299
0.327835
0.162694 1.000000 0.467028 0.494844 0.177735 0.041171 0.102582 0.001092 0.000000 0.003912 0.018740
0.327835
0.168939 1.000000 0.485997 0.494846 0.180758 0.060651 0.150961 0.007486 0.000000 0.027511 0.020182
0.327835
0.162598 1.000000 0.466733 0.494844 0.177735 0.041151 0.102575 0.001014 0.000000 0.003709 0.018740
0.327835
0.168937 1.000000 0.485991 0.494846 0.180758 0.060654 0.150968 0.007443 0.006454 0.027299 0.015857
0.327835
0.162584 1.000000 0.466692 0.494844 0.177735 0.041135 0.102563 0.001015 0.000000 0.003708 0.015857
0.327835
0.171418 1.000000 0.493526 0.494849 0.183350 0.061220 0.152485 0.008513 0.006454 0.031125 0.012974
0.327835
0.162732 1.000000 0.467144 0.494844 0.177735 0.041179 0.102596 0.001089 0.006454 0.003932 0.017299
0.327835
0.168973 1.000000 0.486100 0.494846 0.180758 0.060641 0.150955 0.007513 0.000000 0.027537 0.015857
0.327835
0.162607 1.000000 0.466762 0.494844 0.177735 0.041136 0.102561 0.001040 0.000000 0.003784 0.017299
0.327835
0.168958 1.000000 0.486055 0.494846 0.180758 0.060641 0.150944 0.007486 0.000000 0.027451 0.015857
0.327835
0.162594 1.000000 0.466723 0.494844 0.177735 0.041138 0.102557 0.001030 0.000000 0.003754 0.015857
0.327835
0.171771 1.000000 0.494600 0.494849 0.183350 0.061264 0.152507 0.008826 0.000000 0.032169 0.008649
0.327835
0.163728 1.000000 0.470167 0.494844 0.178167 0.041255 0.102853 0.001560 0.000000 0.005899 0.012974
0.327835
0.169319 1.000000 0.487151 0.494846 0.180758 0.060699 0.151059 0.007702 0.006454 0.028241 0.015857
0.327835
0.162632 1.000000 0.466839 0.494844 0.177735 0.041145 0.102570 0.001053 0.006454 0.003834 0.015857
0.327835
0.168955 1.000000 0.486046 0.494846 0.180758 0.060657 0.150989 0.007456 0.000000 0.027328 0.017299
0.327835
0.162566 1.000000 0.466639 0.494844 0.177735 0.041137 0.102547 0.001014 0.000000 0.003719 0.015857
0.327835
0.168853 1.000000 0.485736 0.494846 0.180326 0.060643 0.150942 0.007388 0.006454 0.027144 0.018740
0.327835
0.163755 1.000000 0.470251 0.494844 0.178167 0.041239 0.102811 0.001642 0.000000 0.005976 0.012974
0.327835
0.169338 1.000000 0.487211 0.494846 0.180758 0.060700 0.151076 0.007695 0.000000 0.028340 0.015857
0.327835
0.162651 1.000000 0.466898 0.494844 0.177735 0.041160 0.102564 0.001055 0.000000 0.003778 0.015857
0.327835
0.168969 1.000000 0.486088 0.494846 0.180758 0.060659 0.151000 0.007467 0.000000 0.027393 0.011532
0.327835
0.162587 1.000000 0.466701 0.494844 0.177735 0.041137 0.102568 0.001018 0.000000 0.003710 0.018740
0.327835
0.168911 1.000000 0.485912 0.494846 0.180326 0.060657 0.150997 0.007430 0.000000 0.027197 0.015857
0.327835
0.164559 1.000000 0.472691 0.494845 0.178598 0.041203 0.102651 0.002180 0.000000 0.007911 0.011533
0.327835
0.171455 1.000000 0.493639 0.494849 0.183350 0.061213 0.152465 0.008571 0.006454 0.031432 0.012974
0.327835
0.162742 1.000000 0.467175 0.494844 0.177735 0.041180 0.102613 0.001079 0.000000 0.003884 0.020182
0.327835
0.168970 1.000000 0.486090 0.494846 0.180758 0.060630 0.150961 0.007472 0.000000 0.027381 0.017299
0.327835
0.162593 1.000000 0.466721 0.494844 0.177735 0.041131 0.102570 0.001026 0.000000 0.003733 0.017299
0.327835
0.168906 1.000000 0.485896 0.494846 0.180326 0.060627 0.150937 0.007472 0.000000 0.027433 0.008649
0.327835
0.162517 1.000000 0.466487 0.494844 0.177735 0.041126 0.102536 0.000999 0.000000 0.003669 0.020182
0.327835
0.171469 1.000000 0.493682 0.494849 0.183350 0.061239 0.152453 0.008517 0.000000 0.031161 0.010091
0.327835
0.162695 1.000000 0.467028 0.494844 0.177735 0.041166 0.102589 0.001073 0.000000 0.003871 0.017299
0.327835
0.168958 1.000000 0.486052 0.494846 0.180758 0.060638 0.150968 0.007500 0.000000 0.027498 0.015857
0.327835
0.162586 1.000000 0.466699 0.494844 0.177735 0.041132 0.102566 0.001023 0.000000 0.003698 0.020182
0.327835
0.168876 1.000000 0.485805 0.494846 0.180326 0.060631 0.150946 0.007421 0.000000 0.027269 0.014416
0.327835
0.162596 1.000000 0.466731 0.494844 0.177735 0.041144 0.102567 0.001019 0.000000 0.003725 0.017299
0.327835
0.171917 1.000000 0.495042 0.494849 0.183781 0.061329 0.152617 0.008738 0.000000 0.031862 0.010091
0.327835
0.163744 1.000000 0.470216 0.494844 0.178167 0.041262 0.102871 0.001570 0.000000 0.005913 0.015857
0.327835
0.169282 1.000000 0.487037 0.494846 0.180758 0.060683 0.151108 0.007702 0.000000 0.028177 0.020182
0.327835
0.162646 1.000000 0.466879 0.494844 0.177735 0.041169 0.102586 0.001041 0.000000 0.003788 0.017299
0.327835
0.168929 1.000000 0.485968 0.494846 0.180758 0.060650 0.150957 0.007471 0.000000 0.027383 0.015857
0.327835
0.162580 1.000000 0.466680 0.494844 0.177735 0.041139 0.102559 0.001018 0.000000 0.003711 0.018741
0.327835
0.168920 1.000000 0.485939 0.494846 0.180326 0.060631 0.150936 0.007458 0.000000 0.027399 0.020182
0.327835
0.163745 1.000000 0.470218 0.494844 0.178167 0.041236 0.102809 0.001635 0.006454 0.005946 0.012974
0.327835
0.169448 1.000000 0.487543 0.494846 0.180758 0.060708 0.151081 0.007753 0.006454 0.028562 0.017299
0.327835
0.162655 1.000000 0.466908 0.494844 0.177735 0.041159 0.102575 0.001060 0.000000 0.003823 0.018740
0.327835
0.168898 1.000000 0.485872 0.494846 0.180326 0.060637 0.150942 0.007461 0.000000 0.027354 0.018740
0.327835
0.162598 1.000000 0.466735 0.494844 0.177735 0.041138 0.102563 0.001027 0.000000 0.003740 0.017299
0.327835
0.168847 1.000000 0.485716 0.494846 0.180326 0.060634 0.150935 0.007404 0.000000 0.027153 0.017299
0.327835
0.164534 1.000000 0.472617 0.494845 0.178598 0.041210 0.102650 0.002171 0.000000 0.007899 0.011533
0.327835
0.171278 1.000000 0.493099 0.494849 0.183350 0.061216 0.152461 0.008503 0.000000 0.031187 0.010091
0.327835
0.162687 1.000000 0.467002 0.494844 0.177735 0.041174 0.102589 0.001070 0.006454 0.003853 0.017299
0.327835
0.168942 1.000000 0.486006 0.494846 0.180758 0.060660 0.150979 0.007453 0.006454 0.027362 0.018740
0.327835
0.162588 1.000000 0.466703 0.494844 0.177735 0.041130 0.102540 0.001031 0.006454 0.003777 0.015857
0.327835
0.168947 1.000000 0.486021 0.494846 0.180758 0.060648 0.150974 0.007459 0.000000 0.027350 0.012974
0.327835
0.162602 1.000000 0.466746 0.494844 0.177735 0.041141 0.102564 0.001028 0.000000 0.003760 0.012974
0.327835
0.171428 1.000000 0.493556 0.494849 0.183350 0.061248 0.152488 0.008479 0.000000 0.031097 0.012974
0.327835
0.162682 1.000000 0.466989 0.494844 0.177735 0.041174 0.102587 0.001068 0.006454 0.003857 0.014416
0.327835
0.168907 1.000000 0.485901 0.494846 0.180326 0.060630 0.150926 0.007479 0.000000 0.027408 0.020182
0.327835
0.162643 1.000000 0.466872 0.494844 0.177735 0.041164 0.102574 0.001037 0.000000 0.003780 0.020182
0.327835
0.168841 1.000000 0.485698 0.494846 0.180326 0.060626 0.150918 0.007402 0.000000 0.027254 0.012974
0.327835
0.162580 1.000000 0.466681 0.494844 0.177735 0.041135 0.102546 0.001032 0.000000 0.003749 0.014416
0.327835
0.171936 1.000000 0.495099 0.494849 0.183781 0.061311 0.152556 0.008812 0.000000 0.032123 0.007208
0.327835
0.163710 1.000000 0.470111 0.494844 0.178167 0.041255 0.102857 0.001550 0.000000 0.005850 0.017299
0.327835
0.169287 1.000000 0.487053 0.494846 0.180758 0.060697 0.151081 0.007671 0.000000 0.028112 0.017299
0.327835
0.162620 1.000000 0.466802 0.494844 0.177735 0.041155 0.102570 0.001041 0.000000 0.003787 0.020182
0.327835
0.168867 1.000000 0.485778 0.494846 0.180326 0.060635 0.150946 0.007423 0.012909 0.027244 0.017299
0.327835
0.162592 1.000000 0.466715 0.494844 0.177735 0.041142 0.102570 0.001023 0.000000 0.003728 0.015857
0.327835
0.168852 1.000000 0.485730 0.494846 0.180326 0.060625 0.150911 0.007437 0.000000 0.027220 0.012974
0.327835
0.163730 1.000000 0.470173 0.494844 0.178167 0.041221 0.102778 0.001624 0.000000 0.005957 0.015857
0.327835
0.169323 1.000000 0.487163 0.494846 0.180758 0.060689 0.151043 0.007736 0.000000 0.028457 0.018740
0.327835
0.162675 1.000000 0.466969 0.494844 0.177735 0.041171 0.102584 0.001067 0.000000 0.003866 0.018740
0.327835
0.169026 1.000000 0.486259 0.494846 0.180758 0.060664 0.151023 0.007495 0.000000 0.027519 0.011532
0.327835
0.162601 1.000000 0.466743 0.494844 0.177735 0.041147 0.102576 0.001018 0.000000 0.003696 0.015857
0.327835
0.168850 1.000000 0.485727 0.494846 0.180326 0.060640 0.150948 0.007391 0.000000 0.027092 0.014416
0.327835
0.164533 1.000000 0.472613 0.494845 0.178598 0.041208 0.102654 0.002171 0.000000 0.007904 0.014416
0.327835
0.171561 1.000000 0.493961 0.494849 0.183350 0.061300 0.152518 0.008496 0.000000 0.031205 0.011532
0.327835
0.162710 1.000000 0.467075 0.494844 0.177735 0.041178 0.102597 0.001079 0.000000 0.003907 0.017299
0.327835
0.331361 0.333333 0.476095 0.494927 0.280099 0.062218 0.155017 0.007858 0.000000 0.028814 0.014412
0.489756
0.323319 0.333333 0.463881 0.494923 0.274916 0.041959 0.104611 0.001052 0.000000 0.003800 0.012971
0.489756
0.331322 0.333333 0.476036 0.494928 0.280531 0.062231 0.155012 0.007821 0.000000 0.028672 0.017294
0.489756
0.323295 0.333333 0.463845 0.494924 0.275348 0.041953 0.104605 0.001039 0.000000 0.003750 0.014412
0.489756
0.333595 0.333333 0.479489 0.494928 0.281395 0.062487 0.155727 0.008847 0.000000 0.032430 0.007208
0.489756
0.323403 0.333333 0.464009 0.494924 0.275348 0.041944 0.104599 0.001090 0.000000 0.003887 0.015854
0.489756
0.331319 0.333333 0.476031 0.494927 0.280099 0.062220 0.155038 0.007859 0.000000 0.028820 0.012971
0.489756
0.323329 0.333333 0.463897 0.494925 0.274916 0.041954 0.104604 0.001062 0.000000 0.003827 0.012971
0.489756
0.331322 0.333333 0.476036 0.494927 0.280099 0.062218 0.155004 0.007791 0.000000 0.028633 0.015853
0.489756
0.323259 0.333333 0.463791 0.494923 0.274916 0.041954 0.104604 0.001040 0.006453 0.003750 0.011530
0.489756
0.333784 0.333333 0.479775 0.494928 0.281395 0.062595 0.155974 0.009009 0.000000 0.032851 0.010092
0.489756
0.324788 0.333333 0.466113 0.494924 0.275348 0.042030 0.104832 0.001581 0.000000 0.005939 0.014412
0.489756
0.331531 0.333333 0.476353 0.494927 0.280099 0.062255 0.155156 0.008029 0.000000 0.029404 0.011531
0.489756
0.323364 0.333333 0.463950 0.494923 0.274916 0.041948 0.104600 0.001091 0.000000 0.003922 0.012971
0.489756
0.331287 0.333333 0.475984 0.494927 0.280099 0.062232 0.155041 0.007807 0.000000 0.028633 0.012971
0.489756
0.323344 0.333333 0.463920 0.494924 0.275348 0.041953 0.104605 0.001067 0.000000 0.003840 0.014412
0.489756
0.331301 0.333333 0.476004 0.494928 0.280531 0.062233 0.155038 0.007809 0.000000 0.028623 0.018736
0.489756
0.324790 0.333333 0.466116 0.494924 0.275780 0.042009 0.104779 0.001674 0.000000 0.006066 0.011530
0.489756
0.331751 0.333333 0.476687 0.494928 0.280531 0.062302 0.155296 0.008169 0.006454 0.029897 0.011531
0.489756
0.323368 0.333333 0.463957 0.494923 0.274916 0.041956 0.104602 0.001086 0.000000 0.003894 0.014412
0.489756
0.331377 0.333333 0.476119 0.494927 0.280099 0.062202 0.154982 0.007853 0.006453 0.028823 0.012971
0.489756
0.323302 0.333333 0.463854 0.494923 0.274916 0.041959 0.104616 0.001064 0.000000 0.003832 0.018736
0.489756
0.331282 0.333333 0.475975 0.494927 0.280099 0.062228 0.155040 0.007776 0.000000 0.028508 0.012971
0.489756
0.325289 0.333333 0.466873 0.494924 0.275780 0.041952 0.104603 0.002176 0.000000 0.007863 0.008647
0.489756
0.333637 0.333333 0.479552 0.494928 0.280963 0.062505 0.155775 0.008796 0.000000 0.032282 0.011534
0.489756
0.323378 0.333333 0.463970 0.494923 0.274916 0.041949 0.104599 0.001086 0.000000 0.003895 0.012972
0.489756
0.331310 0.333333 0.476017 0.494927 0.280099 0.062243 0.155084 0.007827 0.000000 0.028731 0.014412
0.489756
0.323314 0.333333 0.463874 0.494923 0.274916 0.041950 0.104610 0.001064 0.000000 0.003831 0.015853
0.489756
0.331344 0.333333 0.476070 0.494928 0.280531 0.062223 0.154999 0.007828 0.000000 0.028691 0.015853
0.489756
0.323306 0.333333 0.463862 0.494924 0.275348 0.041952 0.104601 0.001053 0.006453 0.003787 0.012971
0.489756
0.333698 0.333333 0.479644 0.494928 0.281395 0.062542 0.155890 0.008809 0.000000 0.032272 0.011533
0.489756
0.323421 0.333333 0.464036 0.494924 0.275348 0.041943 0.104599 0.001104 0.000000 0.003940 0.014413
0.489756
0.331245 0.333333 0.475919 0.494927 0.280099 0.062205 0.154978 0.007808 0.000000 0.028630 0.012971
0.489756
0.323283 0.333333 0.463827 0.494923 0.274916 0.041952 0.104601 0.001050 0.000000 0.003765 0.011530
0.489756
0.331297 0.333333 0.475999 0.494927 0.280099 0.062209 0.154982 0.007808 0.000000 0.028642 0.015853
0.489756
0.323297 0.333333 0.463849 0.494923 0.274916 0.041961 0.104607 0.001049 0.000000 0.003803 0.015853
0.489756
0.333912 0.333333 0.479970 0.494928 0.281395 0.062603 0.156003 0.009038 0.000000 0.032916 0.010092
0.489756
0.324811 0.333333 0.466147 0.494924 0.275780 0.042029 0.104827 0.001609 0.000000 0.006018 0.015853
0.489756
0.331593 0.333333 0.476448 0.494927 0.280099 0.062274 0.155171 0.008070 0.000000 0.029506 0.007207
0.489756
0.323354 0.333333 0.463934 0.494923 0.274916 0.041948 0.104602 0.001084 0.006453 0.003868 0.012971
0.489756
0.331281 0.333333 0.475973 0.494927 0.280099 0.062221 0.155013 0.007791 0.000000 0.028567 0.014412
0.489756
0.323329 0.333333 0.463897 0.494924 0.275348 0.041954 0.104611 0.001056 0.000000 0.003810 0.012971
0.489756
0.331284 0.333333 0.475977 0.494928 0.280531 0.062221 0.154989 0.007762 0.006453 0.028438 0.012971
0.489756
0.324777 0.333333 0.466097 0.494924 0.275780 0.042013 0.104795 0.001667 0.000000 0.006045 0.011530
0.489756
0.331564 0.333333 0.476405 0.494928 0.280531 0.062282 0.155225 0.008179 0.000000 0.029967 0.014414
0.489756
0.323327 0.333333 0.463894 0.494923 0.274916 0.041952 0.104598 0.001066 0.000000 0.003822 0.012971
0.489756
0.331263 0.333333 0.475946 0.494927 0.280099 0.062210 0.154975 0.007792 0.000000 0.028600 0.014412
0.489756
0.323313 0.333333 0.463873 0.494923 0.274916 0.041957 0.104606 0.001050 0.000000 0.003791 0.018736
0.489756
0.331327 0.333333 0.476045 0.494927 0.280099 0.062216 0.154993 0.007822 0.000000 0.028650 0.017294
0.489756
0.325343 0.333333 0.466955 0.494924 0.275780 0.041959 0.104615 0.002184 0.006453 0.007868 0.005765
0.489756
0.333649 0.333333 0.479569 0.494928 0.280963 0.062561 0.155933 0.008805 0.006455 0.032305 0.011534
0.489756
0.323419 0.333333 0.464032 0.494923 0.274916 0.041951 0.104598 0.001115 0.006453 0.003987 0.010089
0.489756
0.331341 0.333333 0.476064 0.494927 0.280099 0.062219 0.155010 0.007876 0.000000 0.028855 0.014412
0.489756
0.323320 0.333333 0.463882 0.494923 0.274916 0.041951 0.104612 0.001051 0.000000 0.003797 0.015853
0.489756
0.331358 0.333333 0.476091 0.494927 0.280099 0.062231 0.155050 0.007814 0.000000 0.028665 0.015853
0.489756
0.323272 0.333333 0.463810 0.494924 0.275348 0.041956 0.104613 0.001031 0.000000 0.003733 0.015853
0.489756
0.333720 0.333333 0.479677 0.494928 0.281395 0.062506 0.155775 0.008868 0.000000 0.032448 0.011533
0.489756
0.323371 0.333333 0.463960 0.494924 0.275348 0.041945 0.104595 0.001085 0.000000 0.003886 0.012972
0.489756
0.331346 0.333333 0.476072 0.494927 0.280099 0.062223 0.155027 0.007830 0.006453 0.028699 0.011530
0.489756
0.323300 0.333333 0.463852 0.494925 0.274916 0.041948 0.104603 0.001051 0.000000 0.003809 0.012971
0.489756
0.331297 0.333333 0.475999 0.494927 0.280099 0.062210 0.154987 0.007787 0.006453 0.028525 0.010088
0.489756
0.323278 0.333333 0.463819 0.494923 0.274916 0.041959 0.104605 0.001049 0.006453 0.003798 0.012971
0.489756
0.333901 0.333333 0.479953 0.494928 0.281395 0.062597 0.156004 0.009082 0.000000 0.033120 0.007209
0.489756
0.324712 0.333333 0.465997 0.494924 0.275348 0.042010 0.104791 0.001596 0.000000 0.006039 0.014412
0.489756
0.331732 0.333333 0.476659 0.494927 0.280099 0.062291 0.155259 0.008056 0.000000 0.029451 0.010090
0.489756
0.323335 0.333333 0.463905 0.494923 0.274916 0.041954 0.104608 0.001057 0.006453 0.003805 0.010089
0.489756
0.331382 0.333333 0.476127 0.494927 0.280099 0.062225 0.155048 0.007856 0.000000 0.028822 0.015854
0.489756
0.323334 0.333333 0.463905 0.494923 0.274916 0.041954 0.104612 0.001050 0.006453 0.003801 0.014412
0.489756
0.331334 0.333333 0.476054 0.494928 0.280531 0.062267 0.155138 0.007798 0.000000 0.028619 0.011530
0.489756
0.324817 0.333333 0.466156 0.494924 0.275780 0.042008 0.104790 0.001675 0.000000 0.006071 0.011530
0.489756
0.331711 0.333333 0.476626 0.494928 0.280531 0.062298 0.155276 0.008177 0.000000 0.029942 0.012973
0.489756
0.323360 0.333333 0.463945 0.494924 0.275348 0.041950 0.104600 0.001069 0.000000 0.003830 0.017295
0.489756
0.331280 0.333333 0.475972 0.494927 0.280099 0.062211 0.154993 0.007835 0.000000 0.028709 0.011530
0.489756
0.323292 0.333333 0.463841 0.494923 0.274916 0.041959 0.104611 0.001050 0.000000 0.003784 0.017295
0.489756
0.331335 0.333333 0.476056 0.494927 0.280099 0.062262 0.155142 0.007808 0.000000 0.028606 0.011530
0.489756
0.325445 0.333333 0.467112 0.494924 0.275780 0.041957 0.104607 0.002189 0.006453 0.007882 0.005765
0.489756
0.333700 0.333333 0.479648 0.494928 0.280963 0.062492 0.155749 0.008822 0.000000 0.032374 0.010093
0.489756
0.323453 0.333333 0.464085 0.494923 0.274916 0.041946 0.104596 0.001111 0.000000 0.003981 0.014413
0.489756
0.331341 0.333333 0.476065 0.494927 0.280099 0.062234 0.155034 0.007845 0.000000 0.028723 0.012971
0.489756
0.323326 0.333333 0.463892 0.494923 0.274916 0.041956 0.104608 0.001047 0.000000 0.003753 0.014412
0.489756
0.331262 0.333333 0.475944 0.494927 0.280099 0.062202 0.154992 0.007804 0.006453 0.028604 0.010088
0.489756
0.323273 0.333333 0.463812 0.494923 0.274916 0.041957 0.104612 0.001025 0.000000 0.003700 0.012971
0.489756
0.333713 0.333333 0.479666 0.494928 0.281395 0.062522 0.155822 0.008834 0.000000 0.032330 0.007208
0.489756
0.323410 0.333333 0.464021 0.494924 0.275348 0.041945 0.104603 0.001102 0.000000 0.003922 0.015854
0.489756
0.331386 0.333333 0.476133 0.494928 0.280531 0.062240 0.155038 0.007846 0.000000 0.028736 0.015854
0.489756
0.323341 0.333333 0.463914 0.494923 0.274916 0.041951 0.104611 0.001072 0.000000 0.003859 0.014412
0.489756
0.331393 0.333333 0.476144 0.494927 0.280099 0.062226 0.155038 0.007830 0.006453 0.028696 0.017294
0.489756
0.323289 0.333333 0.463836 0.494924 0.274916 0.041955 0.104604 0.001040 0.000000 0.003765 0.015853
0.489756
0.333950 0.333333 0.480028 0.494928 0.281395 0.062602 0.156008 0.009049 0.000000 0.033069 0.008651
0.489756
0.324807 0.333333 0.466141 0.494924 0.275780 0.042027 0.104824 0.001618 0.000000 0.006066 0.020177
0.489756
0.331622 0.333333 0.476492 0.494927 0.280099 0.062248 0.155139 0.008063 0.006454 0.029493 0.021621
0.489756
0.323342 0.333333 0.463916 0.494923 0.274916 0.041960 0.104607 0.001069 0.000000 0.003866 0.021619
0.489756
0.331302 0.333333 0.476005 0.494927 0.280099 0.062223 0.154979 0.007824 0.006453 0.028700 0.017295
0.489756
0.323314 0.333333 0.463872 0.494923 0.274916 0.041954 0.104615 0.001044 0.000000 0.003783 0.021618
0.489756
0.331264 0.333333 0.475948 0.494927 0.280099 0.062204 0.154977 0.007773 0.000000 0.028521 0.021618
0.489756
0.324800 0.333333 0.466131 0.494924 0.275780 0.042014 0.104798 0.001678 0.000000 0.006071 0.015853
0.489756
0.331751 0.333333 0.476688 0.494928 0.280531 0.062290 0.155246 0.008194 0.006454 0.029964 0.017297
0.489756
0.323360 0.333333 0.463944 0.494924 0.275348 0.041954 0.104610 0.001075 0.006453 0.003845 0.023060
0.489756
0.331310 0.333333 0.476018 0.494927 0.280099 0.062253 0.155081 0.007759 0.000000 0.028476 0.020177
0.489756
0.323321 0.333333 0.463885 0.494923 0.274916 0.041952 0.104604 0.001049 0.006453 0.003773 0.018736
0.489756
0.331275 0.333333 0.475964 0.494927 0.280099 0.062220 0.155024 0.007782 0.006453 0.028544 0.020177
0.489756
0.325350 0.333333 0.466966 0.494924 0.275780 0.041957 0.104609 0.002192 0.000000 0.007907 0.015853
0.489756
0.333666 0.333333 0.479596 0.494928 0.281395 0.062497 0.155757 0.008823 0.000000 0.032354 0.014417
0.489756
0.323398 0.333333 0.464002 0.494923 0.274916 0.041951 0.104605 0.001102 0.000000 0.003931 0.021619
0.489756
0.331273 0.333333 0.475961 0.494927 0.280099 0.062223 0.154976 0.007821 0.006453 0.028653 0.017295
0.489756
0.323350 0.333333 0.463928 0.494923 0.274916 0.041957 0.104607 0.001072 0.006453 0.003862 0.023060
0.489756
0.331391 0.333333 0.476141 0.494927 0.280099 0.062280 0.155203 0.007773 0.000000 0.028568 0.020177
0.489756
0.323315 0.333333 0.463876 0.494923 0.274916 0.041952 0.104611 0.001045 0.006453 0.003775 0.018736
0.489756
0.333809 0.333333 0.479813 0.494928 0.281395 0.062551 0.155886 0.008878 0.006455 0.032462 0.014416
0.489756
0.323427 0.333333 0.464046 0.494924 0.275348 0.041948 0.104607 0.001097 0.000000 0.003918 0.023061
0.489756
0.331410 0.333333 0.476170 0.494928 0.280531 0.062244 0.155117 0.007860 0.000000 0.028783 0.012971
0.489756
0.323344 0.333333 0.463920 0.494924 0.275348 0.041950 0.104606 0.001060 0.000000 0.003824 0.020177
0.489756
0.331286 0.333333 0.475981 0.494927 0.280099 0.062259 0.155132 0.007752 0.006453 0.028481 0.015853
0.489756
0.323308 0.333333 0.463865 0.494923 0.274916 0.041950 0.104605 0.001059 0.000000 0.003835 0.020177
0.489756
0.333999 0.333333 0.480102 0.494928 0.281395 0.062607 0.156019 0.009042 0.006455 0.033040 0.011534
0.489756
0.324719 0.333333 0.466007 0.494924 0.275780 0.042018 0.104799 0.001592 0.000000 0.005992 0.020177
0.489756
0.331727 0.333333 0.476651 0.494928 0.280531 0.062268 0.155170 0.008106 0.006454 0.029629 0.017297
0.489756
0.323391 0.333333 0.463990 0.494923 0.274916 0.041960 0.104607 0.001097 0.006453 0.003945 0.018736
0.489756
0.331323 0.333333 0.476038 0.494927 0.280099 0.062228 0.155024 0.007851 0.000000 0.028771 0.015853
0.489756
0.323319 0.333333 0.463880 0.494923 0.274916 0.041952 0.104611 0.001061 0.000000 0.003851 0.020177
0.489756
0.331276 0.333333 0.475965 0.494927 0.280099 0.062217 0.155021 0.007750 0.000000 0.028438 0.017294
0.489756
0.324777 0.333333 0.466096 0.494924 0.275348 0.042018 0.104803 0.001656 0.000000 0.006005 0.018736
0.489756
0.331722 0.333333 0.476642 0.494928 0.280531 0.062325 0.155354 0.008177 0.000000 0.029951 0.017297
0.489756
0.323373 0.333333 0.463964 0.494924 0.275348 0.041955 0.104607 0.001091 0.000000 0.003909 0.015854
0.489756
0.331364 0.333333 0.476100 0.494928 0.280531 0.062214 0.155000 0.007833 0.000000 0.028722 0.017294
0.489756
0.323328 0.333333 0.463895 0.494923 0.274916 0.041955 0.104609 0.001055 0.000000 0.003794 0.020177
0.489756
0.331416 0.333333 0.476178 0.494927 0.280099 0.062241 0.155050 0.007835 0.006453 0.028718 0.017294
0.489756
0.325353 0.333333 0.466972 0.494924 0.275780 0.041951 0.104600 0.002190 0.000000 0.007921 0.012971
0.489756
0.333677 0.333333 0.479613 0.494928 0.281395 0.062534 0.155877 0.008827 0.000000 0.032392 0.017301
0.489756
0.323353 0.333333 0.463933 0.494923 0.274916 0.041956 0.104602 0.001081 0.006453 0.003863 0.017295
0.489756
0.331370 0.333333 0.476108 0.494927 0.280099 0.062249 0.155074 0.007838 0.000000 0.028709 0.011530
0.489756
0.323352 0.333333 0.463932 0.494923 0.274916 0.041958 0.104608 0.001057 0.006453 0.003811 0.020177
0.489756
0.331348 0.333333 0.476076 0.494927 0.280099 0.062232 0.155049 0.007817 0.000000 0.028657 0.023059
0.489756
0.323287 0.333333 0.463833 0.494923 0.274916 0.041955 0.104619 0.001044 0.000000 0.003753 0.020177
0.489756
0.333587 0.333333 0.479476 0.494932 0.280963 0.062515 0.155792 0.008832 0.000000 0.032332 0.020183
0.489756
0.323381 0.333333 0.463976 0.494924 0.275348 0.041951 0.104604 0.001088 0.000000 0.003884 0.023060
0.489756
0.331364 0.333333 0.476101 0.494928 0.280531 0.062223 0.155005 0.007865 0.000000 0.028822 0.021618
0.489756
0.323354 0.333333 0.463935 0.494924 0.275348 0.041951 0.104607 0.001063 0.000000 0.003831 0.017295
0.489756
0.331333 0.333333 0.476052 0.494928 0.280531 0.062220 0.155036 0.007816 0.000000 0.028607 0.017294
0.489756
0.323287 0.333333 0.463833 0.494923 0.274916 0.041950 0.104607 0.001038 0.000000 0.003746 0.021618
0.489756
0.333926 0.333333 0.479990 0.494928 0.281395 0.062593 0.155998 0.009061 0.000000 0.033084 0.012976
0.489756
0.324797 0.333333 0.466127 0.494924 0.275780 0.042028 0.104834 0.001600 0.006453 0.006014 0.018736
0.489756
0.331718 0.333333 0.476637 0.494928 0.280531 0.062277 0.155207 0.008093 0.000000 0.029579 0.015855
0.489756
0.323358 0.333333 0.463941 0.494923 0.274916 0.041956 0.104606 0.001065 0.000000 0.003841 0.020177
0.489756
0.331359 0.333333 0.476092 0.494927 0.280099 0.062236 0.155028 0.007856 0.006453 0.028782 0.015853
0.489756
0.323300 0.333333 0.463853 0.494923 0.274916 0.041955 0.104605 0.001058 0.000000 0.003800 0.024501
0.489756
0.331335 0.333333 0.476055 0.494927 0.280099 0.062226 0.155026 0.007796 0.006453 0.028630 0.018736
0.489756
0.324782 0.333333 0.466103 0.494924 0.275348 0.042005 0.104795 0.001669 0.000000 0.006042 0.015853
0.489756
0.331693 0.333333 0.476599 0.494928 0.280531 0.062316 0.155321 0.008170 0.000000 0.029903 0.018739
0.489756
0.323356 0.333333 0.463938 0.494924 0.275348 0.041955 0.104607 0.001066 0.000000 0.003812 0.023060
0.489756
0.331345 0.333333 0.476071 0.494928 0.280531 0.062221 0.155001 0.007835 0.006453 0.028683 0.017294
0.489756
0.323304 0.333333 0.463859 0.494924 0.275348 0.041955 0.104607 0.001064 0.000000 0.003831 0.023060
0.489756
0.331306 0.333333 0.476012 0.494927 0.280099 0.062225 0.155018 0.007811 0.000000 0.028631 0.023059
0.489756
0.325295 0.333333 0.466882 0.494924 0.275780 0.041957 0.104611 0.002170 0.000000 0.007848 0.014412
0.489756
0.333650 0.333333 0.479571 0.494928 0.281395 0.062514 0.155818 0.008837 0.000000 0.032396 0.010093
0.489756
0.323378 0.333333 0.463971 0.494923 0.274916 0.041952 0.104603 0.001098 0.000000 0.003932 0.017295
0.489756
0.331278 0.333333 0.475969 0.494927 0.280099 0.062220 0.155022 0.007830 0.000000 0.028690 0.017294
0.489756
0.323351 0.333333 0.463930 0.494923 0.274916 0.041957 0.104607 0.001060 0.000000 0.003833 0.014412
0.489756
0.331312 0.333333 0.476021 0.494927 0.280099 0.062231 0.155002 0.007772 0.000000 0.028481 0.012971
0.489756
0.323266 0.333333 0.463801 0.494923 0.274916 0.041955 0.104609 0.001038 0.000000 0.003770 0.017295
0.489756
0.333710 0.333333 0.479663 0.494928 0.280963 0.062522 0.155852 0.008853 0.006455 0.032381 0.008650
0.489756
0.323377 0.333333 0.463969 0.494923 0.274916 0.041953 0.104604 0.001094 0.006453 0.003918 0.012971
0.489756
0.331243 0.333333 0.475916 0.494928 0.280531 0.062206 0.154978 0.007812 0.000000 0.028691 0.015853
0.489756
0.323297 0.333333 0.463847 0.494924 0.275348 0.041951 0.104597 0.001046 0.000000 0.003766 0.012971
0.489756
0.331274 0.333333 0.475963 0.494927 0.280099 0.062216 0.155001 0.007804 0.006453 0.028612 0.011530
0.489756
0.323293 0.333333 0.463841 0.494923 0.274916 0.041950 0.104606 0.001029 0.000000 0.003724 0.015853
0.489756
0.333896 0.333333 0.479945 0.494928 0.281395 0.062589 0.155987 0.009062 0.000000 0.033098 0.007209
0.489756
0.324795 0.333333 0.466123 0.494924 0.275780 0.042021 0.104814 0.001607 0.000000 0.006046 0.011530
0.489756
0.331612 0.333333 0.476476 0.494928 0.280531 0.062269 0.155190 0.008016 0.000000 0.029365 0.014414
0.489756
0.323336 0.333333 0.463907 0.494923 0.274916 0.041951 0.104604 0.001073 0.000000 0.003841 0.011530
0.489756
0.331262 0.333333 0.475944 0.494927 0.280099 0.062220 0.155004 0.007797 0.000000 0.028573 0.014412
0.489756
0.323327 0.333333 0.463894 0.494923 0.274916 0.041960 0.104609 0.001065 0.000000 0.003826 0.017295
0.489756
0.331264 0.333333 0.475948 0.494927 0.280099 0.062220 0.154999 0.007789 0.000000 0.028543 0.014412
0.489756
0.324749 0.333333 0.466053 0.494924 0.275348 0.042000 0.104778 0.001653 0.000000 0.006010 0.014412
0.489756
0.331654 0.333333 0.476540 0.494927 0.280099 0.062253 0.155161 0.008158 0.000000 0.029827 0.012973
0.489756
0.323370 0.333333 0.463959 0.494924 0.275348 0.041951 0.104600 0.001073 0.000000 0.003849 0.012971
0.489756
0.331331 0.333333 0.476049 0.494928 0.280531 0.062215 0.154990 0.007827 0.000000 0.028687 0.015853
0.489756
0.323301 0.333333 0.463854 0.494924 0.275348 0.041958 0.104605 0.001056 0.000000 0.003811 0.017295
0.489756
0.331311 0.333333 0.476020 0.494927 0.280099 0.062209 0.154963 0.007816 0.000000 0.028645 0.018736
0.489756
0.325356 0.333333 0.466975 0.494924 0.275780 0.041954 0.104606 0.002186 0.000000 0.007879 0.008647
0.489756
0.333669 0.333333 0.479599 0.494928 0.281395 0.062497 0.155774 0.008837 0.000000 0.032354 0.008651
0.489756
0.323392 0.333333 0.463991 0.494923 0.274916 0.041946 0.104597 0.001087 0.000000 0.003890 0.015854
0.489756
0.331237 0.333333 0.475907 0.494927 0.280099 0.062190 0.154942 0.007814 0.000000 0.028610 0.014412
0.489756
0.323290 0.333333 0.463838 0.494923 0.274916 0.041958 0.104607 0.001049 0.000000 0.003785 0.012971
0.489756
0.331246 0.333333 0.475920 0.494927 0.280099 0.062191 0.154929 0.007797 0.000000 0.028616 0.008647
0.489756
0.323304 0.333333 0.463859 0.494923 0.274916 0.041960 0.104608 0.001044 0.000000 0.003738 0.012971
0.489756
0.333682 0.333333 0.479620 0.494928 0.280963 0.062499 0.155747 0.008830 0.000000 0.032312 0.011534
0.489756
0.323413 0.333333 0.464023 0.494923 0.274916 0.041940 0.104599 0.001097 0.000000 0.003929 0.014413
0.489756
0.331332 0.333333 0.476051 0.494995 0.280099 0.062229 0.155028 0.007821 0.000000 0.028633 0.014412
0.489756
0.323325 0.333333 0.463889 0.494924 0.275348 0.041955 0.104609 0.001055 0.000000 0.003802 0.015853
0.489756
0.331250 0.333333 0.475926 0.494928 0.280531 0.062193 0.154946 0.007752 0.000000 0.028421 0.017294
0.489756
0.323344 0.333333 0.463919 0.494924 0.275348 0.041950 0.104605 0.001064 0.000000 0.003856 0.015853
0.489756
0.333949 0.333333 0.480026 0.494928 0.281395 0.062595 0.155992 0.009069 0.006455 0.033126 0.004325
0.489756
0.324750 0.333333 0.466055 0.494924 0.275780 0.042026 0.104822 0.001582 0.006453 0.005953 0.012971
0.489756
0.331536 0.333333 0.476361 0.494928 0.280531 0.062248 0.155127 0.008027 0.000000 0.029350 0.014414
0.489756
0.323345 0.333333 0.463922 0.494923 0.274916 0.041962 0.104611 0.001070 0.000000 0.003845 0.012971
0.489756
0.331297 0.333333 0.475999 0.494927 0.280099 0.062235 0.155020 0.007816 0.000000 0.028681 0.015853
0.489756
0.323293 0.333333 0.463842 0.494923 0.274916 0.041959 0.104611 0.001053 0.000000 0.003786 0.012971
0.489756
0.331310 0.333333 0.476018 0.494927 0.280099 0.062228 0.155010 0.007785 0.000000 0.028557 0.015853
0.489756
0.324811 0.333333 0.466148 0.494924 0.275348 0.041999 0.104774 0.001678 0.000000 0.006077 0.008647
0.489756
0.331699 0.333333 0.476609 0.494927 0.280099 0.062258 0.155182 0.008165 0.000000 0.029872 0.014414
0.489756
0.323354 0.333333 0.463935 0.494923 0.274916 0.041950 0.104615 0.001080 0.000000 0.003868 0.012971
0.489756
0.331302 0.333333 0.476006 0.494928 0.280531 0.062229 0.155040 0.007824 0.006453 0.028660 0.011530
0.489756
0.323315 0.333333 0.463874 0.494924 0.275348 0.041956 0.104607 0.001046 0.006453 0.003767 0.014412
0.489756
0.331286 0.333333 0.475981 0.494928 0.280531 0.062228 0.155010 0.007781 0.006453 0.028590 0.014412
0.489756
0.325413 0.333333 0.467062 0.494924 0.276212 0.041962 0.104607 0.002184 0.000000 0.007903 0.007206
0.489756
0.333600 0.333333 0.479495 0.494928 0.281395 0.062506 0.155796 0.008790 0.000000 0.032278 0.010092
0.489756
0.323399 0.333333 0.464003 0.494923 0.274916 0.041947 0.104601 0.001099 0.000000 0.003936 0.014413
0.489756
0.331348 0.333333 0.476075 0.494927 0.280099 0.062202 0.154948 0.007834 0.000000 0.028757 0.015853
0.489756
0.323301 0.333333 0.463855 0.494923 0.274916 0.041961 0.104608 0.001056 0.000000 0.003788 0.014412
0.489756
0.331270 0.333333 0.475957 0.494927 0.280099 0.062200 0.154976 0.007822 0.000000 0.028670 0.017295
0.489756
0.323304 0.333333 0.463859 0.494923 0.274916 0.041952 0.104605 0.001053 0.000000 0.003797 0.014412
0.489756
0.333714 0.333333 0.479669 0.494928 0.280963 0.062537 0.155855 0.008821 0.000000 0.032338 0.010092
0.489756
0.323382 0.333333 0.463976 0.494923 0.274916 0.041947 0.104605 0.001079 0.000000 0.003860 0.012971
0.489756
0.331449 0.333333 0.476228 0.494927 0.280099 0.062264 0.155159 0.007869 0.006453 0.028805 0.018736
0.489756
0.323308 0.333333 0.463866 0.494924 0.275348 0.041959 0.104605 0.001052 0.000000 0.003804 0.012971
0.489756
0.331387 0.333333 0.476136 0.494928 0.280531 0.062267 0.155159 0.007782 0.000000 0.028551 0.015853
0.489756
0.323341 0.333333 0.463915 0.494924 0.275348 0.041950 0.104606 0.001050 0.006453 0.003796 0.008647
0.489756
0.333982 0.333333 0.480076 0.494928 0.281395 0.062595 0.155996 0.009089 0.000000 0.033222 0.007209
0.489756
0.324809 0.333333 0.466144 0.494924 0.275780 0.042023 0.104821 0.001600 0.000000 0.005999 0.011530
0.489756
0.331593 0.333333 0.476447 0.494928 0.280531 0.062256 0.155165 0.008063 0.000000 0.029491 0.012972
0.489756
0.323388 0.333333 0.463985 0.494923 0.274916 0.041954 0.104600 0.001087 0.000000 0.003890 0.015854
0.489756
0.331279 0.333333 0.475970 0.494927 0.280099 0.062220 0.155007 0.007806 0.000000 0.028610 0.014412
0.489756
0.323316 0.333333 0.463877 0.494923 0.274916 0.041957 0.104609 0.001069 0.000000 0.003841 0.015853
0.489756
0.331246 0.333333 0.475921 0.494927 0.280099 0.062194 0.154957 0.007798 0.006453 0.028588 0.017294
0.489756
0.324774 0.333333 0.466091 0.494924 0.275348 0.042002 0.104775 0.001654 0.006453 0.006007 0.010089
0.489756
0.331759 0.333333 0.476700 0.494927 0.280099 0.062298 0.155278 0.008229 0.000000 0.030162 0.015856
0.489756
0.323404 0.333333 0.464011 0.494923 0.274916 0.041947 0.104600 0.001099 0.000000 0.003954 0.017295
0.489756
0.331333 0.333333 0.476054 0.494928 0.280099 0.062228 0.155014 0.007811 0.000000 0.028634 0.015854
0.489756
0.323334 0.333333 0.463904 0.494924 0.275348 0.041953 0.104605 0.001061 0.000000 0.003818 0.015853
0.489756
0.331280 0.333333 0.475973 0.494928 0.280531 0.062240 0.155033 0.007776 0.006453 0.028516 0.014412
0.489756
0.325394 0.333333 0.467033 0.494924 0.276212 0.041962 0.104605 0.002171 0.000000 0.007851 0.005765
0.489756
0.333729 0.333333 0.479692 0.494928 0.281395 0.062496 0.155754 0.008861 0.000000 0.032599 0.011533
0.489756
0.323365 0.333333 0.463952 0.494923 0.274916 0.041955 0.104602 0.001084 0.000000 0.003886 0.012972
0.489756
0.331372 0.333333 0.476113 0.494927 0.280099 0.062238 0.155015 0.007861 0.000000 0.028803 0.012971
0.489756
0.323307 0.333333 0.463863 0.494923 0.274916 0.041956 0.104602 0.001043 0.000000 0.003804 0.015853
0.489756
0.331174 0.333333 0.475811 0.494927 0.280099 0.062186 0.154961 0.007770 0.000000 0.028492 0.012971
0.489756
0.323291 0.333333 0.463839 0.494923 0.274916 0.041957 0.104609 0.001042 0.000000 0.003768 0.015853
0.489756
0.333667 0.333333 0.479597 0.494928 0.280963 0.062495 0.155730 0.008815 0.000000 0.032308 0.014417
0.489756
0.323413 0.333333 0.464024 0.494923 0.274916 0.041952 0.104604 0.001108 0.000000 0.003959 0.012972
0.489756
0.331332 0.333333 0.476051 0.494927 0.280099 0.062233 0.155041 0.007866 0.000000 0.028799 0.014413
0.489756
0.323352 0.333333 0.463931 0.494923 0.274916 0.041951 0.104607 0.001059 0.000000 0.003795 0.015853
0.489756
0.331252 0.333333 0.475930 0.494928 0.280531 0.062218 0.154986 0.007773 0.000000 0.028532 0.015853
0.489756
0.323305 0.333333 0.463861 0.494924 0.275348 0.041948 0.104602 0.001046 0.006453 0.003787 0.014412
0.489756
0.333956 0.333333 0.480036 0.494928 0.281395 0.062601 0.156006 0.009068 0.006455 0.033101 0.005767
0.489756
0.324773 0.333333 0.466090 0.494924 0.275780 0.042014 0.104819 0.001595 0.000000 0.006000 0.012971
0.489756
0.331609 0.333333 0.476472 0.494928 0.280531 0.062265 0.155189 0.008017 0.000000 0.029328 0.017297
0.489756
0.323342 0.333333 0.463916 0.494923 0.274916 0.041952 0.104603 0.001075 0.000000 0.003859 0.017295
0.489756
0.331304 0.333333 0.476009 0.494927 0.280099 0.062240 0.155053 0.007803 0.006453 0.028603 0.012971
0.489756
0.323309 0.333333 0.463866 0.494923 0.274916 0.041956 0.104607 0.001060 0.000000 0.003808 0.012971
0.489756
0.331231 0.333333 0.475898 0.494927 0.280099 0.062202 0.154964 0.007784 0.000000 0.028584 0.011530
0.489756
0.324767 0.333333 0.466082 0.494924 0.275348 0.042014 0.104795 0.001667 0.000000 0.006047 0.012971
0.489756
0.331640 0.333333 0.476518 0.494927 0.280099 0.062264 0.155180 0.008179 0.006454 0.029948 0.014414
0.489756
0.323358 0.333333 0.463939 0.494923 0.274916 0.041950 0.104599 0.001078 0.000000 0.003871 0.014412
0.489756
0.331356 0.333333 0.476087 0.494927 0.280099 0.062221 0.155008 0.007828 0.000000 0.028682 0.012971
0.489756
0.323335 0.333333 0.463905 0.494924 0.275348 0.041958 0.104614 0.001063 0.000000 0.003847 0.017295
0.489756
0.331236 0.333333 0.475905 0.494928 0.280531 0.062193 0.154961 0.007800 0.000000 0.028546 0.014412
0.489756
0.325326 0.333333 0.466930 0.494924 0.276212 0.041958 0.104603 0.002172 0.000000 0.007860 0.010089
0.489756
0.333720 0.333333 0.479678 0.494928 0.281395 0.062543 0.155883 0.008839 0.000000 0.032483 0.011534
0.489756
0.323414 0.333333 0.464027 0.494924 0.275348 0.041953 0.104599 0.001092 0.000000 0.003937 0.012971
0.489756
0.331383 0.333333 0.476129 0.494927 0.280099 0.062224 0.155012 0.007850 0.000000 0.028793 0.014412
0.489756
0.323350 0.333333 0.463928 0.494923 0.274916 0.041955 0.104606 0.001068 0.000000 0.003861 0.014412
0.489756
0.331337 0.333333 0.476060 0.494927 0.280099 0.062269 0.155156 0.007795 0.000000 0.028583 0.012971
0.489756
0.323304 0.333333 0.463859 0.494923 0.274916 0.041957 0.104605 0.001056 0.000000 0.003791 0.014412
0.489756
0.333593 0.333333 0.479484 0.494928 0.280963 0.062526 0.155821 0.008848 0.000000 0.032431 0.010092
0.489756
0.323407 0.333333 0.464015 0.494923 0.274916 0.041955 0.104606 0.001095 0.000000 0.003930 0.010089
0.489756
0.331314 0.333333 0.476023 0.494927 0.280099 0.062223 0.155035 0.007810 0.000000 0.028611 0.014413
0.489756
0.323311 0.333333 0.463869 0.494923 0.274916 0.041950 0.104614 0.001045 0.000000 0.003779 0.017295
0.489756
0.331285 0.333333 0.475980 0.494996 0.280099 0.062270 0.155149 0.007742 0.000000 0.028448 0.015853
0.489756
0.323298 0.333333 0.463848 0.494924 0.275348 0.041952 0.104609 0.001039 0.000000 0.003750 0.015853
0.489756
0.334031 0.333333 0.480149 0.494928 0.281395 0.062614 0.156006 0.009069 0.006455 0.033139 0.008651
0.489756
0.324810 0.333333 0.466145 0.494924 0.275780 0.042016 0.104817 0.001618 0.000000 0.006079 0.008647
0.489756
0.331693 0.333333 0.476599 0.494928 0.280531 0.062269 0.155205 0.008114 0.006454 0.029741 0.011531
0.489756
0.323358 0.333333 0.463941 0.494923 0.274916 0.041950 0.104600 0.001076 0.000000 0.003880 0.015854
0.489756
0.331357 0.333333 0.476090 0.494927 0.280099 0.062216 0.155011 0.007811 0.000000 0.028615 0.012971
0.489756
0.323291 0.333333 0.463839 0.494923 0.274916 0.041961 0.104607 0.001043 0.000000 0.003773 0.011530
0.489756
0.331174 0.333333 0.475811 0.494927 0.280099 0.062190 0.154964 0.007765 0.000000 0.028481 0.010088
0.489756
0.324817 0.333333 0.466156 0.494924 0.275780 0.042017 0.104794 0.001687 0.000000 0.006091 0.012971
0.489756
0.331735 0.333333 0.476662 0.494927 0.280099 0.062290 0.155252 0.008167 0.000000 0.029823 0.014414
0.489756
0.323376 0.333333 0.463968 0.494923 0.274916 0.041945 0.104603 0.001102 0.000000 0.003954 0.012971
0.489756
0.331242 0.333333 0.475916 0.494927 0.280099 0.062189 0.154968 0.007809 0.000000 0.028669 0.017294
0.489756
0.323372 0.333333 0.463963 0.494923 0.274916 0.041958 0.104619 0.001057 0.000000 0.003820 0.017295
0.489756
0.331422 0.333333 0.476189 0.494928 0.280531 0.062242 0.155055 0.007822 0.000000 0.028719 0.015853
0.489756
0.325275 0.333333 0.466852 0.494924 0.276212 0.041956 0.104606 0.002166 0.000000 0.007836 0.005765
0.489756
0.333671 0.333333 0.479604 0.494928 0.281395 0.062514 0.155793 0.008816 0.000000 0.032394 0.010093
0.489756
0.323398 0.333333 0.464001 0.494924 0.275348 0.041950 0.104602 0.001113 0.000000 0.003976 0.015854
0.489756
0.331319 0.333333 0.476031 0.494927 0.280099 0.062237 0.155055 0.007831 0.000000 0.028670 0.017294
0.489756
0.323308 0.333333 0.463865 0.494923 0.274916 0.041956 0.104609 0.001063 0.000000 0.003828 0.014412
0.489756
0.331361 0.333333 0.476095 0.494927 0.280099 0.062212 0.155008 0.007826 0.006453 0.028709 0.010088
0.489756
0.323324 0.333333 0.463890 0.494923 0.274916 0.041958 0.104601 0.001073 0.006453 0.003851 0.011530
0.489756
0.333679 0.333333 0.479615 0.494928 0.280963 0.062504 0.155729 0.008806 0.000000 0.032224 0.018742
0.489756
0.323388 0.333333 0.463987 0.494923 0.274916 0.041947 0.104602 0.001094 0.000000 0.003920 0.018737
0.489756
0.331407 0.333333 0.476166 0.494927 0.280099 0.062247 0.155079 0.007851 0.000000 0.028780 0.018736
0.489756
0.323333 0.333333 0.463902 0.494923 0.274916 0.041955 0.104611 0.001064 0.012906 0.003831 0.014412
0.489756
0.331315 0.333333 0.476025 0.494927 0.280099 0.062198 0.154977 0.007838 0.000000 0.028762 0.017294
0.489756
0.323298 0.333333 0.463849 0.494924 0.275348 0.041955 0.104614 0.001052 0.000000 0.003799 0.021618
0.489756
0.333936 0.333333 0.480006 0.494928 0.281395 0.062603 0.155999 0.009077 0.000000 0.033125 0.011534
0.489756
0.324796 0.333333 0.466125 0.494924 0.275780 0.042018 0.104827 0.001603 0.006453 0.006022 0.014412
0.489756
0.331608 0.333333 0.476470 0.494928 0.280531 0.062244 0.155131 0.008079 0.000000 0.029568 0.023062
0.489756
0.323337 0.333333 0.463910 0.494923 0.274916 0.041954 0.104614 0.001054 0.000000 0.003781 0.021619
0.489756
0.331290 0.333333 0.475988 0.494927 0.280099 0.062216 0.155002 0.007812 0.000000 0.028669 0.020177
0.489756
0.455415 0.111111 0.464577 0.494988 0.354389 0.042061 0.104837 0.001063 0.000000 0.003831 0.020173
0.651626
0.494411 0.111111 0.473431 0.495008 0.379225 0.064506 0.160854 0.008581 0.000000 0.030967 0.023065
0.651626
0.486232 0.111111 0.465150 0.495003 0.372962 0.044004 0.109718 0.001751 0.000000 0.006262 0.017291
0.651626
0.495053 0.111111 0.474081 0.495007 0.378145 0.064474 0.160801 0.008988 0.000000 0.032478 0.017300
0.651626
0.484660 0.111111 0.463558 0.495003 0.372530 0.043896 0.109549 0.001197 0.000000 0.004069 0.021613
0.651626
0.493036 0.111111 0.472039 0.495007 0.377713 0.064130 0.160434 0.007750 0.000000 0.028000 0.024501
0.651626
0.484767 0.111111 0.463667 0.495003 0.372530 0.043986 0.109723 0.001315 0.000000 0.004432 0.015850
0.651626
0.494043 0.111111 0.473059 0.495007 0.378145 0.064427 0.160847 0.008612 0.006454 0.030819 0.014416
0.651626
0.486659 0.111111 0.465583 0.495003 0.372962 0.043989 0.109650 0.002140 0.000000 0.007163 0.021613
0.651626
0.497949 0.111111 0.477014 0.495009 0.379873 0.064763 0.161559 0.009978 0.000000 0.036034 0.014409
0.651626
0.484785 0.111111 0.463685 0.495002 0.372098 0.043901 0.109602 0.001224 0.000000 0.004162 0.018731
0.651626
0.492805 0.111111 0.471806 0.495007 0.377713 0.064216 0.160582 0.007512 0.000000 0.027283 0.014416
0.651626
0.485526 0.111111 0.464436 0.495003 0.372962 0.043978 0.109654 0.001314 0.000000 0.004478 0.020172
0.651626
0.494396 0.111111 0.473416 0.495007 0.378145 0.064489 0.160854 0.008637 0.000000 0.031095 0.017299
0.651626
0.484486 0.111111 0.463382 0.495002 0.372098 0.043955 0.109740 0.001176 0.000000 0.004055 0.021613
0.651626
0.497016 0.111111 0.476069 0.495008 0.379441 0.064661 0.161277 0.009916 0.006451 0.035847 0.015849
0.651626
0.484805 0.111111 0.463705 0.495002 0.372098 0.043851 0.109538 0.001223 0.000000 0.004171 0.020169
0.651626
0.492416 0.111111 0.471411 0.495007 0.377281 0.064112 0.160427 0.007491 0.000000 0.027005 0.018740
0.651626
0.484949 0.111111 0.463850 0.495003 0.372530 0.043959 0.109740 0.001345 0.000000 0.004617 0.015850
0.651626
0.494076 0.111111 0.473093 0.495007 0.378145 0.064406 0.160833 0.008731 0.000000 0.031385 0.017300
0.651626
0.484807 0.111111 0.463707 0.495003 0.372530 0.043958 0.109597 0.001182 0.000000 0.004037 0.021613
0.651626
0.497987 0.111111 0.477052 0.495009 0.379873 0.064768 0.161566 0.010171 0.006451 0.036517 0.017290
0.651626
0.486289 0.111111 0.465208 0.495003 0.372962 0.043926 0.109690 0.001744 0.000000 0.006181 0.018731
0.651626
0.492766 0.111111 0.471766 0.495007 0.377281 0.063900 0.159556 0.007250 0.000000 0.026582 0.015858
0.651626
0.485149 0.111111 0.464054 0.495003 0.372530 0.044022 0.109868 0.001385 0.000000 0.004806 0.020172
0.651626
0.494560 0.111111 0.473582 0.495008 0.378577 0.064517 0.160885 0.008752 0.000000 0.031440 0.017299
0.651626
0.484608 0.111111 0.463505 0.495003 0.372530 0.043984 0.109704 0.001190 0.000000 0.004094 0.024495
0.651626
0.494328 0.111111 0.473348 0.495008 0.379225 0.064453 0.160680 0.008697 0.006454 0.031429 0.017299
0.651626
0.486558 0.111111 0.465480 0.495003 0.372962 0.043839 0.109574 0.001750 0.000000 0.006231 0.017288
0.651626
0.492856 0.111111 0.471857 0.495007 0.377281 0.063919 0.159490 0.007249 0.000000 0.026316 0.015858
0.651626
0.485819 0.111111 0.464732 0.495003 0.372530 0.043996 0.109786 0.001369 0.006452 0.004726 0.018734
0.651626
0.494485 0.111111 0.473506 0.495008 0.378577 0.064461 0.160690 0.008667 0.000000 0.031158 0.018741
0.651626
0.484579 0.111111 0.463476 0.495003 0.372530 0.043951 0.109655 0.001182 0.000000 0.004070 0.021613
0.651626
0.494492 0.111111 0.473514 0.495008 0.378577 0.064415 0.160718 0.008800 0.000000 0.031643 0.014415
0.651626
0.486426 0.111111 0.465348 0.495003 0.372962 0.043875 0.109518 0.002102 0.006451 0.007095 0.015850
0.651626
0.495709 0.111111 0.474746 0.495008 0.378577 0.064258 0.160347 0.008221 0.000000 0.030049 0.008645
0.651626
0.484860 0.111111 0.463760 0.495002 0.372098 0.043949 0.109799 0.001385 0.000000 0.004806 0.021618
0.651626
0.494601 0.111111 0.473624 0.495007 0.378145 0.064526 0.160868 0.008745 0.000000 0.031524 0.017299
0.651626
0.484739 0.111111 0.463638 0.495003 0.372530 0.044000 0.109769 0.001186 0.000000 0.004048 0.023053
0.651626
0.494488 0.111111 0.473509 0.495008 0.378577 0.064454 0.160737 0.008744 0.006455 0.031672 0.018741
0.651626
0.484514 0.111111 0.463411 0.495003 0.372530 0.043831 0.109483 0.001178 0.000000 0.004046 0.018730
0.651626
0.495140 0.111111 0.474169 0.495008 0.378577 0.064126 0.160179 0.008244 0.000000 0.030012 0.017290
0.651626
0.485092 0.111111 0.463996 0.495003 0.372530 0.044010 0.109777 0.001381 0.000000 0.004714 0.020172
0.651626
0.494710 0.111111 0.473735 0.495007 0.378145 0.064523 0.160942 0.008763 0.006454 0.031488 0.017299
0.651626
0.484569 0.111111 0.463467 0.495002 0.372098 0.043972 0.109678 0.001177 0.000000 0.004083 0.020172
0.651626
0.494083 0.111111 0.473100 0.495007 0.378145 0.064397 0.160691 0.008728 0.006454 0.031528 0.014415
0.651626
0.484555 0.111111 0.463452 0.495003 0.372530 0.043853 0.109507 0.001163 0.000000 0.003976 0.020172
0.651626
0.495532 0.111111 0.474566 0.495008 0.379009 0.064227 0.160262 0.008327 0.000000 0.030300 0.011527
0.651626
0.486149 0.111111 0.465066 0.495003 0.372962 0.043996 0.109780 0.001934 0.000000 0.006706 0.014411
0.651626
0.494785 0.111111 0.473810 0.495007 0.378145 0.064445 0.160626 0.008901 0.000000 0.032211 0.015858
0.651626
0.484606 0.111111 0.463504 0.495002 0.372098 0.043933 0.109647 0.001198 0.000000 0.004099 0.015850
0.651626
0.494460 0.111111 0.473481 0.495007 0.378145 0.064402 0.160695 0.008828 0.000000 0.031791 0.021623
0.651626
0.485043 0.111111 0.463947 0.495003 0.372530 0.043785 0.109401 0.001176 0.000000 0.004034 0.021613
0.651626
0.492850 0.111111 0.471851 0.495008 0.378793 0.063956 0.159815 0.007094 0.000000 0.025900 0.017299
0.651626
0.486345 0.111111 0.465264 0.495003 0.372962 0.044013 0.109759 0.001944 0.000000 0.006591 0.018731
0.651626
0.494652 0.111111 0.473676 0.495007 0.378145 0.064438 0.160868 0.008992 0.000000 0.032369 0.014416
0.651626
0.484899 0.111111 0.463801 0.495003 0.372530 0.044008 0.109799 0.001192 0.000000 0.004057 0.020172
0.651626
0.494455 0.111111 0.473476 0.495007 0.378145 0.064431 0.160712 0.008767 0.000000 0.031680 0.020182
0.651626
0.484525 0.111111 0.463422 0.495003 0.372530 0.043761 0.109449 0.001179 0.000000 0.004069 0.020171
0.651626
0.492288 0.111111 0.471282 0.495007 0.377281 0.063962 0.159550 0.007266 0.000000 0.026462 0.015857
0.651626
0.487102 0.111111 0.466031 0.495003 0.373394 0.044050 0.109798 0.002141 0.000000 0.007350 0.012968
0.651626
0.497841 0.111111 0.476903 0.495009 0.379873 0.064792 0.161641 0.009891 0.000000 0.035606 0.012968
0.651626
0.484836 0.111111 0.463737 0.495003 0.372530 0.043996 0.109719 0.001216 0.000000 0.004170 0.018731
0.651626
0.494517 0.111111 0.473539 0.495007 0.378145 0.064469 0.160706 0.008717 0.000000 0.031539 0.018740
0.651626
0.484565 0.111111 0.463462 0.495002 0.372098 0.043819 0.109572 0.001177 0.000000 0.004008 0.021613
0.651626
0.492341 0.111111 0.471336 0.495007 0.377713 0.063971 0.159562 0.007196 0.000000 0.026350 0.014416
0.651626
0.484942 0.111111 0.463844 0.495003 0.372530 0.044018 0.109818 0.001339 0.000000 0.004604 0.018731
0.651626
0.497760 0.111111 0.476822 0.495009 0.379873 0.064739 0.161611 0.009880 0.000000 0.035580 0.010086
0.651626
0.484778 0.111111 0.463678 0.495003 0.372530 0.043986 0.109728 0.001215 0.000000 0.004092 0.017289
0.651626
0.494329 0.111111 0.473349 0.495007 0.378145 0.064438 0.160689 0.008711 0.000000 0.031411 0.018740
0.651626
0.484523 0.111111 0.463420 0.495002 0.372098 0.043728 0.109393 0.001182 0.000000 0.004093 0.021613
0.651626
0.492285 0.111111 0.471279 0.495007 0.377281 0.063961 0.159599 0.007258 0.000000 0.026391 0.018741
0.651626
0.484846 0.111111 0.463747 0.495003 0.372530 0.043984 0.109739 0.001343 0.000000 0.004659 0.017292
0.651626
0.497288 0.111111 0.476344 0.495008 0.379441 0.064660 0.161303 0.009963 0.000000 0.035863 0.011527
0.651626
0.486160 0.111111 0.465077 0.495003 0.372962 0.044001 0.109774 0.001748 0.000000 0.006207 0.017291
0.651626
0.494866 0.111111 0.473893 0.495008 0.378577 0.064440 0.160688 0.008978 0.006455 0.032412 0.017299
0.651626
0.484670 0.111111 0.463569 0.495002 0.372098 0.043708 0.109282 0.001204 0.000000 0.004071 0.020168
0.651626
0.492560 0.111111 0.471557 0.495007 0.377281 0.064138 0.159868 0.007367 0.000000 0.026728 0.018740
0.651626
0.484959 0.111111 0.463861 0.495002 0.372098 0.043962 0.109756 0.001318 0.000000 0.004578 0.020172
0.651626
0.494569 0.111111 0.473592 0.495009 0.379657 0.064413 0.160773 0.008835 0.006455 0.031813 0.020183
0.651626
0.486295 0.111111 0.465214 0.495003 0.372962 0.044013 0.109782 0.001754 0.000000 0.006160 0.017288
0.651626
0.494698 0.111111 0.473722 0.495008 0.378577 0.064358 0.160637 0.008967 0.000000 0.032254 0.015855
0.651626
0.484794 0.111111 0.463694 0.495003 0.372530 0.043714 0.109338 0.001187 0.000000 0.004063 0.025936
0.651626
0.493154 0.111111 0.472158 0.495007 0.377713 0.064192 0.160145 0.007336 0.006454 0.026664 0.012974
0.651626
0.485282 0.111111 0.464187 0.495003 0.372530 0.043991 0.109715 0.001318 0.000000 0.004530 0.018732
0.651626
0.494538 0.111111 0.473559 0.495008 0.378577 0.064500 0.160885 0.008696 0.006454 0.031355 0.018740
0.651626
0.486392 0.111111 0.465313 0.495003 0.373394 0.043994 0.109703 0.002078 0.000000 0.007164 0.008645
0.651626
0.497559 0.111111 0.476618 0.495009 0.379873 0.064731 0.161468 0.009793 0.000000 0.035375 0.008645
0.651626
0.484691 0.111111 0.463589 0.495003 0.372530 0.043687 0.109368 0.001207 0.000000 0.004156 0.014409
0.651626
0.492988 0.111111 0.471990 0.495007 0.377713 0.064134 0.159732 0.007454 0.000000 0.027085 0.014416
0.651626
0.485274 0.111111 0.464180 0.495003 0.372530 0.044014 0.109791 0.001307 0.000000 0.004509 0.017291
0.651626
0.494387 0.111111 0.473407 0.495007 0.378145 0.064417 0.160674 0.008655 0.000000 0.031326 0.015858
0.651626
0.484557 0.111111 0.463455 0.495003 0.372530 0.043961 0.109634 0.001169 0.000000 0.004014 0.014409
0.651626
0.497416 0.111111 0.476474 0.495009 0.379873 0.064676 0.161426 0.009805 0.000000 0.035476 0.012967
0.651626
0.485233 0.111111 0.464139 0.495003 0.372530 0.043707 0.109465 0.001223 0.000000 0.004111 0.012966
0.651626
0.492879 0.111111 0.471881 0.495007 0.377713 0.064204 0.160004 0.007539 0.000000 0.027326 0.017299
0.651626
0.484864 0.111111 0.463765 0.495003 0.372530 0.043961 0.109733 0.001312 0.000000 0.004585 0.014409
0.651626
0.494627 0.111111 0.473650 0.495007 0.378145 0.064414 0.160850 0.008832 0.000000 0.031769 0.011532
0.651626
0.484785 0.111111 0.463686 0.495002 0.372098 0.043974 0.109634 0.001164 0.000000 0.003975 0.015850
0.651626
0.497959 0.111111 0.477024 0.495009 0.379873 0.064767 0.161533 0.010065 0.000000 0.036174 0.011527
0.651626
0.486189 0.111111 0.465107 0.495003 0.372962 0.043703 0.109342 0.001700 0.000000 0.006089 0.010086
0.651626
0.493209 0.111111 0.472214 0.495007 0.377713 0.064357 0.160477 0.007741 0.000000 0.027953 0.012975
0.651626
0.484882 0.111111 0.463784 0.495003 0.372530 0.043980 0.109717 0.001335 0.000000 0.004550 0.012968
0.651626
0.494739 0.111111 0.473763 0.495007 0.378145 0.064483 0.160819 0.008818 0.000000 0.031759 0.015858
0.651626
0.484639 0.111111 0.463537 0.495002 0.372098 0.043969 0.109688 0.001163 0.000000 0.004004 0.015850
0.651626
0.494031 0.111111 0.473047 0.495082 0.378793 0.064407 0.160658 0.008593 0.000000 0.031018 0.014415
0.651626
0.486124 0.111111 0.465041 0.495003 0.372962 0.043729 0.109506 0.001695 0.000000 0.005930 0.012965
0.651626
0.488370 0.111111 0.467315 0.495004 0.373826 0.063577 0.159325 0.006732 0.006480 0.024877 0.014472
0.651626
0.485209 0.111111 0.464114 0.495003 0.372530 0.044009 0.109742 0.001337 0.000000 0.004586 0.011527
0.651626
0.494737 0.111111 0.473761 0.495007 0.378145 0.064539 0.160886 0.008797 0.000000 0.031697 0.015856
0.651626
0.484469 0.111111 0.463365 0.495002 0.372098 0.043955 0.109636 0.001147 0.006451 0.004002 0.012968
0.651626
0.493986 0.111111 0.473001 0.495007 0.377713 0.064378 0.160659 0.008595 0.006454 0.031055 0.014415
0.651626
0.486275 0.111111 0.465194 0.495003 0.373394 0.043677 0.109339 0.002096 0.000000 0.006959 0.010086
0.651626
0.496356 0.111111 0.475400 0.495008 0.379009 0.064623 0.161553 0.008993 0.000000 0.032557 0.008645
0.651626
0.485298 0.111111 0.464204 0.495003 0.372530 0.043962 0.109628 0.001363 0.000000 0.004616 0.015850
0.651626
0.494763 0.111111 0.473788 0.495008 0.378577 0.064501 0.160789 0.008762 0.000000 0.031607 0.014416
0.651626
0.484447 0.111111 0.463343 0.495002 0.372098 0.043948 0.109699 0.001159 0.000000 0.004033 0.011527
0.651626
0.493936 0.111111 0.472951 0.495007 0.377713 0.064332 0.160640 0.008611 0.000000 0.031026 0.012974
0.651626
0.484570 0.111111 0.463467 0.495002 0.372098 0.043670 0.109263 0.001146 0.000000 0.003960 0.012968
0.651626
0.496179 0.111111 0.475222 0.495008 0.379009 0.064730 0.161546 0.009047 0.000000 0.032731 0.012972
0.651626
0.484934 0.111111 0.463836 0.495003 0.372530 0.043975 0.109791 0.001319 0.000000 0.004570 0.012968
0.651626
0.494542 0.111111 0.473563 0.495007 0.378145 0.064453 0.160785 0.008835 0.000000 0.031883 0.015857
0.651626
0.484854 0.111111 0.463755 0.495003 0.372530 0.043992 0.109763 0.001180 0.000000 0.003997 0.018731
0.651626
0.494108 0.111111 0.473125 0.495007 0.378145 0.064402 0.160644 0.008625 0.000000 0.031195 0.017298
0.651626
0.484390 0.111111 0.463285 0.495002 0.372098 0.043672 0.109402 0.001137 0.000000 0.003821 0.014409
0.651626
0.490982 0.111111 0.469960 0.495006 0.376417 0.063296 0.159601 0.008034 0.000000 0.029570 0.010131
0.651626
0.486103 0.111111 0.465019 0.495003 0.372962 0.044230 0.109807 0.001774 0.000000 0.006407 0.010086
0.651626
0.494853 0.111111 0.473880 0.495008 0.378577 0.064464 0.160676 0.009009 0.000000 0.032584 0.015858
0.651626
0.484660 0.111111 0.463559 0.495003 0.372530 0.044179 0.109656 0.001209 0.000000 0.004183 0.017291
0.651626
0.494275 0.111111 0.473294 0.495007 0.378145 0.064458 0.160642 0.008659 0.000000 0.031281 0.014415
0.651626
0.484428 0.111111 0.463324 0.495002 0.372098 0.043838 0.109277 0.001139 0.000000 0.003985 0.011527
0.651626
0.493280 0.111111 0.472286 0.495006 0.377065 0.064529 0.160871 0.007658 0.000000 0.027861 0.017298
0.651626
0.486569 0.111111 0.465491 0.495003 0.373394 0.044224 0.109861 0.001769 0.000000 0.006284 0.014408
0.651626
0.494890 0.111111 0.473916 0.495008 0.378577 0.064513 0.160794 0.008996 0.000000 0.032367 0.014416
0.651626
0.484597 0.111111 0.463495 0.495003 0.372530 0.044187 0.109677 0.001202 0.000000 0.004179 0.017291
0.651626
0.493926 0.111111 0.472941 0.495007 0.378145 0.064452 0.160652 0.008548 0.000000 0.030911 0.011532
0.651626
0.484547 0.111111 0.463445 0.495002 0.372098 0.043858 0.109252 0.001139 0.000000 0.003921 0.015850
0.651626
0.492629 0.111111 0.471627 0.495007 0.377281 0.064512 0.160804 0.007560 0.000000 0.027359 0.017298
0.651626
0.486397 0.111111 0.465318 0.495003 0.372962 0.044170 0.109652 0.002161 0.000000 0.007245 0.004323
0.651626
0.497552 0.111111 0.476612 0.495009 0.379873 0.064779 0.161436 0.009932 0.000000 0.036046 0.008645
0.651626
0.484648 0.111111 0.463546 0.495003 0.372530 0.044176 0.109653 0.001206 0.000000 0.004173 0.012968
0.651626
0.494175 0.111111 0.473192 0.495007 0.378145 0.064455 0.160624 0.008569 0.000000 0.031017 0.015857
0.651626
0.484339 0.111111 0.463234 0.495002 0.372098 0.043822 0.109208 0.001105 0.000000 0.003835 0.011527
0.651626
0.492990 0.111111 0.471993 0.495007 0.377713 0.064514 0.160958 0.007759 0.006454 0.028246 0.012973
0.651626
0.484788 0.111111 0.463688 0.495002 0.372098 0.044166 0.109741 0.001268 0.000000 0.004446 0.015850
0.651626
0.497460 0.111111 0.476518 0.495010 0.379441 0.064708 0.161341 0.009942 0.000000 0.035999 0.007204
0.651626
0.484746 0.111111 0.463646 0.495003 0.372530 0.044176 0.109673 0.001236 0.000000 0.004265 0.014408
0.651626
0.494118 0.111111 0.473135 0.495007 0.378145 0.064405 0.160634 0.008594 0.000000 0.031069 0.012973
0.651626
0.484468 0.111111 0.463364 0.495002 0.372098 0.043860 0.109315 0.001082 0.000000 0.003790 0.015850
0.651626
0.490647 0.111111 0.469620 0.495006 0.376417 0.063777 0.159927 0.006730 0.000000 0.024924 0.018786
0.651626
0.484613 0.111111 0.463510 0.495002 0.372098 0.044160 0.109782 0.001219 0.000000 0.004298 0.015850
0.651626
0.497631 0.111111 0.476691 0.495008 0.379441 0.064735 0.161486 0.010102 0.000000 0.036480 0.004323
0.651626
0.486014 0.111111 0.464929 0.495003 0.372962 0.044205 0.109748 0.001728 0.000000 0.006232 0.012968
0.651626
0.494370 0.111111 0.473390 0.495008 0.378577 0.064388 0.160649 0.008789 0.000000 0.031675 0.011532
0.651626
0.484408 0.111111 0.463303 0.495002 0.372098 0.043876 0.109297 0.001114 0.000000 0.003891 0.015850
0.651626
0.491044 0.111111 0.470022 0.495006 0.376849 0.063810 0.160016 0.006766 0.000000 0.025108 0.014449
0.651626
0.484676 0.111111 0.463575 0.495002 0.372098 0.044165 0.109722 0.001248 0.000000 0.004374 0.015850
0.651626
0.494609 0.111111 0.473632 0.495008 0.379225 0.064479 0.160805 0.008801 0.006455 0.031745 0.011533
0.651626
0.486391 0.111111 0.465312 0.495003 0.372962 0.044195 0.109772 0.001741 0.000000 0.006229 0.011527
0.651626
0.494432 0.111111 0.473454 0.495008 0.378577 0.064450 0.160659 0.008839 0.000000 0.031921 0.011533
0.651626
0.484379 0.111111 0.463275 0.495003 0.372530 0.043866 0.109374 0.001131 0.000000 0.003881 0.015850
0.651626
0.493102 0.111111 0.472106 0.495007 0.377713 0.064629 0.161176 0.007770 0.000000 0.028168 0.018739
0.651626
0.484731 0.111111 0.463630 0.495003 0.372530 0.044198 0.109724 0.001264 0.000000 0.004441 0.012968
0.651626
0.494238 0.111111 0.473257 0.495007 0.378145 0.064483 0.160752 0.008787 0.000000 0.031746 0.012975
0.651626
0.486440 0.111111 0.465361 0.495003 0.372962 0.044165 0.109665 0.002109 0.000000 0.007256 0.008645
0.651626
0.497150 0.111111 0.476205 0.495008 0.379441 0.064705 0.161346 0.009693 0.000000 0.035177 0.011525
0.651626
0.484582 0.111111 0.463479 0.495003 0.372530 0.043823 0.109252 0.001113 0.000000 0.003791 0.014409
0.651626
0.492374 0.111111 0.471369 0.495007 0.377281 0.064362 0.160583 0.007724 0.000000 0.028082 0.015872
0.651626
0.484676 0.111111 0.463575 0.495003 0.372530 0.044160 0.109658 0.001262 0.000000 0.004372 0.018731
0.651626
0.494533 0.111111 0.473555 0.495007 0.378145 0.064499 0.160796 0.008794 0.000000 0.031677 0.015857
0.651626
0.484577 0.111111 0.463475 0.495002 0.372098 0.044187 0.109681 0.001168 0.000000 0.004025 0.015850
0.651626
0.497011 0.111111 0.476064 0.495008 0.379441 0.064689 0.161318 0.009628 0.000000 0.034781 0.007204
0.651626
0.484315 0.111111 0.463209 0.495002 0.372098 0.043891 0.109420 0.001091 0.000000 0.003676 0.014409
0.651626
0.493361 0.111111 0.472368 0.495007 0.378145 0.064547 0.161052 0.008060 0.000000 0.029113 0.014415
0.651626
0.484734 0.111111 0.463633 0.495003 0.372530 0.044180 0.109750 0.001240 0.000000 0.004363 0.015850
0.651626
0.494179 0.111111 0.473197 0.495007 0.378145 0.064431 0.160517 0.008749 0.000000 0.031582 0.012974
0.651626
0.484537 0.111111 0.463434 0.495002 0.372098 0.044176 0.109688 0.001158 0.000000 0.003984 0.012968
0.651626
0.497476 0.111111 0.476535 0.495008 0.379441 0.064706 0.161441 0.009908 0.006451 0.035516 0.008645
0.651626
0.485831 0.111111 0.464745 0.495003 0.372530 0.043711 0.108770 0.001457 0.000000 0.005382 0.014409
0.651626
0.494100 0.111111 0.473117 0.495007 0.378145 0.064607 0.161094 0.008412 0.000000 0.030254 0.011536
0.651626
0.484597 0.111111 0.463494 0.495003 0.372530 0.044155 0.109758 0.001221 0.000000 0.004272 0.015850
0.651626
0.494645 0.111111 0.473667 0.495008 0.378577 0.064498 0.160802 0.008836 0.000000 0.031889 0.015858
0.651626
0.484697 0.111111 0.463596 0.495003 0.372530 0.044183 0.109676 0.001171 0.000000 0.004040 0.017291
0.651626
0.494066 0.111111 0.473083 0.495008 0.379225 0.064464 0.160626 0.008497 0.000000 0.030768 0.017299
0.651626
0.485645 0.111111 0.464556 0.495003 0.372530 0.043614 0.108490 0.001336 0.000000 0.004989 0.014409
0.651626
0.494061 0.111111 0.473077 0.495007 0.377713 0.064560 0.161002 0.008471 0.000000 0.030457 0.017300
0.651626
0.484862 0.111111 0.463763 0.495003 0.372530 0.044199 0.109744 0.001202 0.000000 0.004130 0.011527
0.651626
0.494399 0.111111 0.473419 0.495007 0.378145 0.064489 0.160756 0.008811 0.000000 0.031905 0.014416
0.651626
0.484577 0.111111 0.463475 0.495003 0.372530 0.044149 0.109634 0.001194 0.006451 0.004117 0.012968
0.651626
0.493955 0.111111 0.472970 0.495007 0.378145 0.064449 0.160644 0.008500 0.000000 0.030722 0.021624
0.651626
0.485888 0.111111 0.464802 0.495003 0.372962 0.043773 0.109101 0.001904 0.006451 0.006499 0.012968
0.651626
0.496434 0.111111 0.475480 0.495008 0.379009 0.064737 0.161416 0.009544 0.000000 0.034068 0.008647
0.651626
0.484681 0.111111 0.463580 0.495002 0.372098 0.044193 0.109761 0.001230 0.000000 0.004253 0.020172
0.651626
0.494737 0.111111 0.473761 0.495008 0.378577 0.064476 0.160809 0.008888 0.000000 0.032028 0.020180
0.651626
0.484824 0.111111 0.463725 0.495003 0.372530 0.044142 0.109518 0.001186 0.000000 0.004049 0.023054
0.651626
0.494125 0.111111 0.473143 0.495007 0.378145 0.064490 0.160815 0.008486 0.006454 0.030702 0.020182
0.651626
0.484187 0.111111 0.463079 0.495002 0.372098 0.043512 0.108166 0.000872 0.000000 0.003097 0.020172
0.651626
0.497444 0.111111 0.476501 0.495008 0.379441 0.064872 0.161699 0.009529 0.000000 0.034144 0.014409
0.651626
0.485005 0.111111 0.463907 0.495003 0.372098 0.044141 0.109568 0.001246 0.000000 0.004225 0.021613
0.651626
0.494671 0.111111 0.473695 0.495008 0.378577 0.064490 0.160714 0.008829 0.000000 0.031954 0.017298
0.651626
0.484507 0.111111 0.463404 0.495003 0.372530 0.044137 0.109629 0.001175 0.000000 0.004062 0.023054
0.651626
0.494028 0.111111 0.473044 0.495007 0.378145 0.064403 0.160660 0.008487 0.000000 0.030596 0.020181
0.651626
0.484177 0.111111 0.463069 0.495002 0.372098 0.043532 0.108294 0.000876 0.000000 0.003154 0.018731
0.651626
0.496673 0.111111 0.475721 0.495008 0.379009 0.064749 0.161538 0.009653 0.000000 0.034507 0.015861
0.651626
0.486083 0.111111 0.464999 0.495003 0.372962 0.044218 0.109832 0.001738 0.000000 0.006268 0.017291
0.651626
0.494937 0.111111 0.473964 0.495007 0.378145 0.064510 0.160783 0.009095 0.000000 0.032841 0.017299
0.651626
0.484717 0.111111 0.463617 0.495003 0.372530 0.044190 0.109729 0.001208 0.000000 0.004163 0.024495
0.651626
0.493954 0.111111 0.472970 0.495007 0.378145 0.064371 0.160611 0.008463 0.000000 0.030625 0.023064
0.651626
0.484254 0.111111 0.463147 0.495002 0.372098 0.043586 0.108324 0.000891 0.000000 0.003185 0.017291
0.651626
0.494144 0.111111 0.473160 0.495008 0.379225 0.064660 0.161198 0.008329 0.000000 0.029900 0.020183
0.651626
0.486182 0.111111 0.465100 0.495003 0.372962 0.044239 0.109834 0.001755 0.000000 0.006326 0.018731
0.651626
0.494800 0.111111 0.473826 0.495007 0.378145 0.064483 0.160694 0.009050 0.006455 0.032724 0.018741
0.651626
0.484561 0.111111 0.463458 0.495002 0.372098 0.044143 0.109635 0.001213 0.000000 0.004169 0.018731
0.651626
0.494224 0.111111 0.473242 0.495007 0.378145 0.064434 0.160772 0.008518 0.000000 0.030687 0.020180
0.651626
0.484132 0.111111 0.463024 0.495002 0.372098 0.043585 0.108398 0.000897 0.000000 0.003211 0.020172
0.651626
0.493797 0.111111 0.472810 0.495007 0.378145 0.064515 0.160961 0.008312 0.000000 0.029923 0.012974
0.651626
0.486738 0.111111 0.465662 0.495003 0.373394 0.044218 0.109723 0.002126 0.000000 0.007157 0.012968
0.651626
0.497970 0.111111 0.477034 0.495009 0.379873 0.064794 0.161555 0.010055 0.006451 0.036253 0.008644
0.651626
0.484762 0.111111 0.463662 0.495002 0.372098 0.044169 0.109705 0.001220 0.000000 0.004171 0.020172
0.651626
0.494151 0.111111 0.473169 0.495007 0.378145 0.064470 0.160879 0.008448 0.000000 0.030574 0.015857
0.651626
0.484299 0.111111 0.463192 0.495002 0.372098 0.043645 0.108390 0.000920 0.000000 0.003308 0.014409
0.651626
0.493824 0.111111 0.472837 0.495007 0.378145 0.064581 0.161017 0.008420 0.000000 0.030234 0.015858
0.651626
0.484513 0.111111 0.463410 0.495002 0.372098 0.044183 0.109777 0.001182 0.000000 0.004136 0.021613
0.651626
0.497530 0.111111 0.476589 0.495008 0.379441 0.064758 0.161442 0.010006 0.000000 0.036282 0.011527
0.651626
0.484675 0.111111 0.463574 0.495002 0.372098 0.044143 0.109640 0.001230 0.000000 0.004224 0.015850
0.651626
0.493928 0.111111 0.472942 0.495007 0.377713 0.064356 0.160562 0.008446 0.000000 0.030431 0.020177
0.651626
0.484199 0.111111 0.463091 0.495003 0.372530 0.043688 0.108566 0.000908 0.000000 0.003237 0.017291
0.651626
0.494629 0.111111 0.473653 0.495008 0.378577 0.064521 0.160899 0.008258 0.000000 0.029913 0.021628
0.651626
0.484857 0.111111 0.463758 0.495003 0.372530 0.044160 0.109585 0.001182 0.006451 0.004018 0.020172
0.651626
0.497825 0.111111 0.476888 0.495009 0.379873 0.064810 0.161485 0.010145 0.000000 0.036464 0.008645
0.651626
0.486297 0.111111 0.465216 0.495003 0.372962 0.044223 0.109793 0.001749 0.000000 0.006226 0.017291
0.651626
0.494077 0.111111 0.473094 0.495007 0.378145 0.064374 0.160746 0.008539 0.000000 0.030936 0.014416
0.651626
0.484365 0.111111 0.463259 0.495002 0.372098 0.043729 0.108524 0.000944 0.000000 0.003380 0.017291
0.651626
0.493900 0.111111 0.472914 0.495007 0.378145 0.064584 0.161003 0.008494 0.000000 0.030526 0.018740
0.651626
0.484474 0.111111 0.463370 0.495003 0.372530 0.044198 0.109702 0.001173 0.006451 0.004091 0.020172
0.651626
0.494569 0.111111 0.473592 0.495009 0.379657 0.064456 0.160799 0.008871 0.006454 0.032070 0.017297
0.651626
0.486114 0.111111 0.465032 0.495003 0.372962 0.044183 0.109763 0.001726 0.000000 0.006201 0.015850
0.651626
0.494157 0.111111 0.473175 0.495007 0.378145 0.064333 0.160554 0.008554 0.006454 0.030814 0.017297
0.651626
0.484284 0.111111 0.463178 0.495002 0.372098 0.043732 0.108639 0.000953 0.000000 0.003367 0.018731
0.651626
0.494548 0.111111 0.473571 0.495007 0.378145 0.064548 0.160964 0.008388 0.000000 0.030300 0.015858
0.651626
0.484798 0.111111 0.463697 0.495003 0.372530 0.044154 0.109572 0.001172 0.000000 0.003997 0.020172
0.651626
0.494566 0.111111 0.473588 0.495008 0.378577 0.064482 0.160718 0.008834 0.000000 0.031945 0.018740
0.651626
0.486410 0.111111 0.465331 0.495003 0.372962 0.044177 0.109661 0.002133 0.000000 0.007316 0.014406
0.651626
0.496448 0.111111 0.475495 0.495008 0.379009 0.064552 0.161016 0.009377 0.000000 0.034029 0.020172
0.651626
0.484455 0.111111 0.463350 0.495002 0.372098 0.043791 0.108592 0.000962 0.000000 0.003423 0.017291
0.651626
0.494122 0.111111 0.473139 0.495007 0.378145 0.064550 0.161065 0.008624 0.006454 0.030874 0.015857
0.651626
0.484583 0.111111 0.463481 0.495002 0.372098 0.044211 0.109746 0.001184 0.000000 0.004093 0.015850
0.651626
0.494493 0.111111 0.473515 0.495008 0.378577 0.064512 0.160743 0.008831 0.000000 0.031979 0.017299
0.651626
0.484616 0.111111 0.463515 0.495003 0.372530 0.044181 0.109707 0.001178 0.000000 0.004077 0.020172
0.651626
0.497258 0.111111 0.476314 0.495008 0.379441 0.064673 0.161529 0.009423 0.000000 0.034079 0.011527
0.651626
0.484405 0.111111 0.463300 0.495002 0.372098 0.043770 0.108733 0.000974 0.000000 0.003436 0.015850
0.651626
0.494302 0.111111 0.473321 0.495007 0.378145 0.064499 0.160942 0.008577 0.000000 0.030955 0.015857
0.651626
0.484786 0.111111 0.463685 0.495002 0.372098 0.044214 0.109768 0.001173 0.000000 0.003958 0.017290
0.651626
0.494494 0.111111 0.473515 0.495008 0.378577 0.064510 0.160782 0.008764 0.000000 0.031583 0.017299
0.651626
0.484573 0.111111 0.463472 0.495003 0.372530 0.044130 0.109661 0.001156 0.000000 0.004039 0.024493
0.651626
0.496995 0.111111 0.476048 0.495008 0.379441 0.064576 0.161243 0.009658 0.000000 0.034693 0.017287
0.651626
0.485814 0.111111 0.464728 0.495003 0.372962 0.043882 0.108756 0.001405 0.000000 0.005269 0.018731
0.651626
0.494236 0.111111 0.473254 0.495007 0.378145 0.064498 0.160978 0.008846 0.006455 0.031691 0.014416
0.651626
0.484722 0.111111 0.463621 0.495002 0.372098 0.044191 0.109726 0.001214 0.000000 0.004183 0.017291
0.651626
0.494636 0.111111 0.473659 0.495007 0.378145 0.064498 0.160817 0.008807 0.000000 0.031816 0.017298
0.651626
0.484498 0.111111 0.463395 0.495003 0.372530 0.044158 0.109644 0.001177 0.000000 0.004062 0.021613
0.651626
0.493424 0.111111 0.472432 0.495008 0.379225 0.064233 0.160251 0.008186 0.000000 0.029652 0.020182
0.651626
0.485778 0.111111 0.464690 0.495003 0.372962 0.043863 0.108888 0.001433 0.000000 0.005325 0.014409
0.651626
0.494770 0.111111 0.473794 0.495008 0.378577 0.064580 0.160926 0.008702 0.000000 0.031433 0.017299
0.651626
0.484828 0.111111 0.463728 0.495002 0.372098 0.044183 0.109712 0.001219 0.000000 0.004117 0.023053
0.651626
0.494748 0.111111 0.473772 0.495007 0.378145 0.064533 0.160911 0.008894 0.000000 0.032009 0.018738
0.651626
0.484497 0.111111 0.463394 0.495002 0.372098 0.044149 0.109621 0.001186 0.006451 0.004103 0.017290
0.651626
0.493650 0.111111 0.472661 0.495007 0.378145 0.064247 0.160411 0.008156 0.006454 0.029550 0.012974
0.651626
0.485899 0.111111 0.464813 0.495003 0.372962 0.043831 0.108750 0.001736 0.000000 0.006206 0.014409
0.651626
0.497571 0.111111 0.476631 0.495008 0.379441 0.064827 0.161572 0.009747 0.006451 0.035115 0.011527
0.651626
0.484774 0.111111 0.463673 0.495003 0.372530 0.044208 0.109742 0.001246 0.000000 0.004270 0.017291
0.651626
0.494859 0.111111 0.473885 0.495007 0.378145 0.064518 0.160833 0.008821 0.000000 0.031936 0.020181
0.651626
0.484608 0.111111 0.463506 0.495002 0.372098 0.044154 0.109692 0.001196 0.000000 0.004102 0.024495
0.651626
0.493578 0.111111 0.472588 0.495007 0.378145 0.064363 0.160738 0.008139 0.000000 0.029572 0.020182
0.651626
0.484442 0.111111 0.463338 0.495003 0.372530 0.043852 0.108671 0.000958 0.000000 0.003487 0.018731
0.651626
0.497378 0.111111 0.476435 0.495008 0.379441 0.064807 0.161566 0.009705 0.000000 0.034929 0.011527
0.651626
0.484954 0.111111 0.463856 0.495003 0.372530 0.044165 0.109591 0.001224 0.000000 0.004165 0.018731
0.651626
0.494670 0.111111 0.473694 0.495007 0.378145 0.064478 0.160735 0.008925 0.006454 0.032287 0.014416
0.651626
0.484807 0.111111 0.463708 0.495002 0.372098 0.044114 0.109591 0.001189 0.000000 0.004111 0.020172
0.651626
0.493489 0.111111 0.472499 0.495007 0.377713 0.064260 0.160489 0.008165 0.000000 0.029445 0.015854
0.651626
0.484363 0.111111 0.463258 0.495003 0.372530 0.043790 0.108608 0.000950 0.000000 0.003407 0.017291
0.651626
0.497238 0.111111 0.476293 0.495008 0.379441 0.064786 0.161482 0.009848 0.006451 0.035556 0.010086
0.651626
0.485994 0.111111 0.464909 0.495003 0.372962 0.044217 0.109841 0.001733 0.000000 0.006255 0.014409
0.651626
0.494682 0.111111 0.473706 0.495008 0.378577 0.064476 0.160774 0.009081 0.000000 0.032809 0.018741
0.651626
0.484684 0.111111 0.463583 0.495002 0.372098 0.044132 0.109526 0.001216 0.000000 0.004140 0.021613
0.651626
0.493412 0.111111 0.472420 0.495007 0.377713 0.064301 0.160644 0.008069 0.000000 0.029216 0.018740
0.651626
0.484341 0.111111 0.463235 0.495002 0.372098 0.043829 0.108630 0.000977 0.000000 0.003560 0.011527
0.651626
0.494179 0.111111 0.473197 0.495008 0.379225 0.064539 0.160969 0.008611 0.006454 0.030986 0.018740
0.651626
0.486147 0.111111 0.465064 0.495003 0.372962 0.044236 0.109821 0.001746 0.000000 0.006322 0.008645
0.651626
0.495092 0.111111 0.474121 0.495008 0.378577 0.064502 0.160829 0.009060 0.000000 0.032807 0.014416
0.651626
0.484598 0.111111 0.463495 0.495002 0.372098 0.044145 0.109600 0.001192 0.000000 0.004064 0.015850
0.651626
0.493378 0.111111 0.472386 0.495007 0.377713 0.064244 0.160394 0.008046 0.000000 0.029135 0.014415
0.651626
0.484432 0.111111 0.463327 0.495002 0.372098 0.043882 0.108682 0.000960 0.000000 0.003472 0.012968
0.651626
0.494019 0.111111 0.473034 0.495007 0.377713 0.064515 0.160954 0.008629 0.000000 0.030920 0.012974
0.651626
0.486534 0.111111 0.465456 0.495003 0.373394 0.044133 0.109538 0.002085 0.000000 0.007041 0.005763
0.651626
0.498112 0.111111 0.477178 0.495009 0.379873 0.064827 0.161610 0.009973 0.000000 0.035976 0.012968
0.651626
0.484944 0.111111 0.463846 0.495003 0.372530 0.044158 0.109640 0.001210 0.000000 0.004146 0.014409
0.651626
0.493391 0.111111 0.472399 0.495007 0.377713 0.064200 0.160381 0.008027 0.000000 0.029169 0.014415
0.651626
0.484302 0.111111 0.463196 0.495002 0.372098 0.044040 0.109260 0.001018 0.000000 0.003617 0.014409
0.651626
0.494259 0.111111 0.473278 0.495007 0.378145 0.064535 0.160721 0.008437 0.000000 0.030525 0.017299
0.651626
0.484511 0.111111 0.463407 0.495003 0.372530 0.044174 0.109647 0.001175 0.000000 0.004056 0.014409
0.651626
0.497766 0.111111 0.476828 0.495009 0.379873 0.064777 0.161564 0.009979 0.000000 0.036089 0.011527
0.651626
0.645928 0.000000 0.463341 0.495082 0.469712 0.042427 0.105488 0.000892 0.000000 0.003213 0.028811
0.651626
0.656772 0.000000 0.471576 0.495087 0.475759 0.061463 0.153155 0.008364 0.000000 0.030231 0.023045
0.651626
0.645861 0.000000 0.463291 0.495082 0.469280 0.043010 0.106852 0.001243 0.000000 0.004097 0.031692
0.651626
0.655856 0.000000 0.470880 0.495086 0.475327 0.060978 0.152088 0.006912 0.000000 0.025297 0.024489
0.651626
0.646184 0.000000 0.463536 0.495082 0.469280 0.042945 0.106694 0.001312 0.000000 0.004577 0.028806
0.651626
0.659889 0.000000 0.473943 0.495090 0.479214 0.061621 0.153668 0.009706 0.000000 0.034648 0.020166
0.651626
0.648320 0.000000 0.465157 0.495083 0.470576 0.042969 0.106708 0.001678 0.000000 0.005953 0.023048
0.651626
0.657184 0.000000 0.471889 0.495087 0.476190 0.061402 0.153110 0.008358 0.000000 0.030091 0.023048
0.651626
0.645748 0.000000 0.463205 0.495082 0.469280 0.043015 0.106744 0.001257 0.000000 0.004200 0.023049
0.651626
0.656148 0.000000 0.471103 0.495087 0.475759 0.061588 0.153497 0.007817 0.000000 0.027984 0.023048
0.651626
0.645715 0.000000 0.463180 0.495082 0.469280 0.042806 0.106435 0.001173 0.000000 0.003998 0.030251
0.651626
0.656639 0.000000 0.471475 0.495088 0.477270 0.061434 0.153064 0.008452 0.000000 0.030366 0.024488
0.651626
0.647857 0.000000 0.464806 0.495083 0.470576 0.043066 0.107011 0.001995 0.000000 0.007085 0.023048
0.651626
0.656511 0.000000 0.471378 0.495087 0.475759 0.061177 0.152929 0.007916 0.000000 0.028446 0.025929
0.651626
0.645892 0.000000 0.463314 0.495082 0.469280 0.043038 0.106962 0.001313 0.000000 0.004365 0.024489
0.651626
0.656234 0.000000 0.471167 0.495087 0.475759 0.061395 0.153216 0.008278 0.000000 0.029781 0.027371
0.651626
0.645412 0.000000 0.462950 0.495082 0.469280 0.042576 0.106266 0.001046 0.000000 0.003579 0.023049
0.651626
0.657213 0.000000 0.471911 0.495087 0.476190 0.061518 0.153322 0.008436 0.000000 0.030282 0.023048
0.651626
0.647797 0.000000 0.464761 0.495083 0.470576 0.043018 0.106863 0.002082 0.000000 0.007076 0.015846
0.651626
0.656996 0.000000 0.471746 0.495087 0.476190 0.060868 0.152025 0.007664 0.000000 0.028176 0.011524
0.651626
0.646483 0.000000 0.463762 0.495082 0.469712 0.042949 0.106701 0.001369 0.000000 0.004756 0.023049
0.651626
0.656975 0.000000 0.471730 0.495087 0.475759 0.061487 0.153288 0.008414 0.006449 0.030130 0.020166
0.651626
0.645112 0.000000 0.462721 0.495081 0.468848 0.042484 0.105646 0.000862 0.000000 0.003112 0.024489
0.651626
0.656219 0.000000 0.471156 0.495087 0.475759 0.061413 0.153011 0.008264 0.000000 0.029983 0.017286
0.651626
0.645793 0.000000 0.463238 0.495083 0.470791 0.042965 0.106726 0.001215 0.000000 0.004071 0.023048
0.651626
0.658443 0.000000 0.472844 0.495087 0.476622 0.061238 0.152552 0.008070 0.000000 0.029568 0.015846
0.651626
0.646573 0.000000 0.463831 0.495082 0.469712 0.042950 0.106649 0.001364 0.000000 0.004699 0.017286
0.651626
0.657025 0.000000 0.471768 0.495087 0.475759 0.061457 0.153229 0.008537 0.006450 0.030702 0.020167
0.651626
0.645500 0.000000 0.463016 0.495082 0.469280 0.043041 0.106900 0.001212 0.000000 0.004133 0.023049
0.651626
0.656828 0.000000 0.471618 0.495087 0.476190 0.061421 0.153049 0.008002 0.000000 0.028887 0.021608
0.651626
0.645718 0.000000 0.463182 0.495082 0.469712 0.043026 0.106723 0.001245 0.000000 0.004140 0.021607
0.651626
0.659323 0.000000 0.473513 0.495088 0.477054 0.061714 0.153846 0.009170 0.012899 0.032799 0.014405
0.651626
0.647401 0.000000 0.464460 0.495082 0.470144 0.042762 0.106578 0.001726 0.000000 0.006155 0.024489
0.651626
0.657333 0.000000 0.472002 0.495087 0.476190 0.061466 0.153186 0.008681 0.000000 0.031161 0.024489
0.651626
0.645643 0.000000 0.463124 0.495082 0.469280 0.043024 0.106840 0.001284 0.000000 0.004326 0.018729
0.651626
0.656105 0.000000 0.471070 0.495087 0.475759 0.061158 0.152831 0.007560 0.000000 0.027307 0.018727
0.651626
0.646000 0.000000 0.463396 0.495082 0.469712 0.043023 0.106834 0.001288 0.000000 0.004293 0.018727
0.651626
0.656564 0.000000 0.471418 0.495088 0.476838 0.061505 0.153296 0.008319 0.000000 0.029990 0.020167
0.651626
0.646969 0.000000 0.464132 0.495082 0.470144 0.042303 0.105368 0.001304 0.000000 0.004917 0.017286
0.651626
0.657345 0.000000 0.472011 0.495087 0.476190 0.061433 0.153113 0.008662 0.000000 0.031303 0.025929
0.651626
0.645931 0.000000 0.463344 0.495082 0.469280 0.043039 0.106961 0.001248 0.000000 0.004098 0.024489
0.651626
0.655363 0.000000 0.470506 0.495086 0.475327 0.060970 0.152081 0.006753 0.000000 0.024751 0.024489
0.651626
0.646173 0.000000 0.463527 0.495082 0.469712 0.042950 0.106690 0.001300 0.000000 0.004538 0.023049
0.651626
0.656908 0.000000 0.471679 0.495087 0.476190 0.061483 0.153296 0.008364 0.000000 0.029990 0.018726
0.651626
0.646988 0.000000 0.464146 0.495082 0.470144 0.042556 0.105722 0.001668 0.000000 0.005982 0.014405
0.651626
0.659126 0.000000 0.473364 0.495088 0.477054 0.061514 0.153304 0.009255 0.000000 0.033497 0.015846
0.651626
0.645797 0.000000 0.463241 0.495082 0.469280 0.043032 0.106751 0.001276 0.000000 0.004280 0.023049
0.651626
0.655458 0.000000 0.470578 0.495087 0.475759 0.061238 0.152449 0.007298 0.000000 0.026567 0.023048
0.651626
0.646326 0.000000 0.463644 0.495082 0.469712 0.042922 0.106580 0.001303 0.000000 0.004553 0.020167
0.651626
0.656720 0.000000 0.471536 0.495087 0.475759 0.061480 0.153154 0.008444 0.000000 0.030376 0.020167
0.651626
0.645776 0.000000 0.463225 0.495082 0.470360 0.043072 0.107032 0.001273 0.000000 0.004268 0.023049
0.651626
0.659640 0.000000 0.473754 0.495088 0.477054 0.061438 0.153290 0.009084 0.000000 0.032804 0.018723
0.651626
0.646031 0.000000 0.463419 0.495082 0.469280 0.042997 0.106778 0.001291 0.000000 0.004271 0.025930
0.651626
0.656303 0.000000 0.471220 0.495087 0.475759 0.061514 0.153367 0.008058 0.000000 0.028993 0.018727
0.651626
0.645753 0.000000 0.463209 0.495082 0.469712 0.042720 0.106477 0.001168 0.000000 0.003996 0.024489
0.651626
0.656800 0.000000 0.471597 0.495087 0.476190 0.061481 0.153173 0.008428 0.000000 0.030313 0.018727
0.651626
0.645638 0.000000 0.463121 0.495082 0.469280 0.043009 0.106880 0.001239 0.000000 0.004186 0.021608
0.651626
0.657796 0.000000 0.472354 0.495087 0.476190 0.061151 0.152947 0.008611 0.000000 0.030797 0.012965
0.651626
0.647727 0.000000 0.464708 0.495082 0.470144 0.043022 0.106936 0.001922 0.006450 0.006621 0.015846
0.651626
0.656676 0.000000 0.471503 0.495087 0.476190 0.061479 0.153199 0.008551 0.000000 0.030678 0.020167
0.651626
0.645425 0.000000 0.462959 0.495082 0.469280 0.042345 0.105437 0.000850 0.000000 0.003057 0.018727
0.651626
0.656777 0.000000 0.471580 0.495087 0.476190 0.061420 0.153024 0.008380 0.000000 0.030258 0.023048
0.651626
0.646026 0.000000 0.463416 0.495082 0.469712 0.043041 0.106897 0.001239 0.000000 0.004047 0.018726
0.651626
0.654218 0.000000 0.469636 0.495087 0.475975 0.060799 0.151784 0.006717 0.006450 0.024704 0.020167
0.651626
0.647680 0.000000 0.464672 0.495082 0.470144 0.042961 0.106717 0.001884 0.000000 0.006553 0.021608
0.651626
0.657592 0.000000 0.472198 0.495087 0.476622 0.061530 0.153392 0.008752 0.000000 0.031299 0.012964
0.651626
0.645310 0.000000 0.462872 0.495082 0.469280 0.042635 0.105838 0.000937 0.000000 0.003344 0.020167
0.651626
0.655863 0.000000 0.470886 0.495087 0.475759 0.061367 0.152870 0.008071 0.006450 0.029267 0.017286
0.651626
0.645749 0.000000 0.463206 0.495082 0.469280 0.042985 0.106810 0.001234 0.000000 0.004163 0.025930
0.651626
0.655267 0.000000 0.470433 0.495086 0.475327 0.061340 0.152740 0.007209 0.000000 0.026172 0.021608
0.651626
0.647963 0.000000 0.464886 0.495134 0.470144 0.042889 0.106593 0.002082 0.000000 0.007164 0.014405
0.651626
0.660253 0.000000 0.474219 0.495090 0.479214 0.061568 0.153571 0.009642 0.006450 0.034683 0.012965
0.651626
0.645894 0.000000 0.463315 0.495082 0.469712 0.043009 0.106811 0.001329 0.000000 0.004427 0.021608
0.651626
0.656263 0.000000 0.471190 0.495087 0.475759 0.061258 0.152841 0.007969 0.000000 0.028849 0.023048
0.651626
0.645873 0.000000 0.463299 0.495082 0.469280 0.043009 0.106717 0.001259 0.000000 0.004188 0.020167
0.651626
0.656533 0.000000 0.471394 0.495087 0.475759 0.061603 0.153541 0.008072 0.000000 0.029061 0.021608
0.651626
0.645683 0.000000 0.463155 0.495163 0.468632 0.042614 0.106253 0.001145 0.000000 0.003904 0.024488
0.651626
0.660022 0.000000 0.474043 0.495090 0.479214 0.061606 0.153479 0.009664 0.000000 0.034620 0.018725
0.651626
0.645717 0.000000 0.463181 0.495082 0.469712 0.043028 0.106872 0.001279 0.000000 0.004310 0.015846
0.651626
0.654547 0.000000 0.469886 0.495086 0.474895 0.060871 0.152120 0.007007 0.006450 0.025324 0.020167
0.651626
0.646119 0.000000 0.463487 0.495082 0.469712 0.043014 0.106716 0.001292 0.000000 0.004492 0.018727
0.651626
0.657043 0.000000 0.471782 0.495087 0.475759 0.061519 0.153313 0.008336 0.000000 0.029813 0.023048
0.651626
0.645306 0.000000 0.462869 0.495082 0.469280 0.042317 0.105390 0.000849 0.000000 0.003007 0.023049
0.651626
0.659363 0.000000 0.473543 0.495088 0.477054 0.061515 0.153374 0.009529 0.000000 0.034238 0.014405
0.651626
0.647883 0.000000 0.464826 0.495083 0.470576 0.043035 0.106905 0.001949 0.000000 0.006918 0.018727
0.651626
0.654514 0.000000 0.469861 0.495086 0.474895 0.061001 0.151999 0.007171 0.000000 0.026059 0.018727
0.651626
0.646398 0.000000 0.463698 0.495082 0.469712 0.042965 0.106784 0.001336 0.000000 0.004645 0.021608
0.651626
0.656986 0.000000 0.471738 0.495087 0.475759 0.061484 0.153249 0.008488 0.000000 0.030431 0.027370
0.651626
0.645351 0.000000 0.462904 0.495082 0.469280 0.042627 0.105762 0.000914 0.000000 0.003214 0.025930
0.651626
0.656427 0.000000 0.471314 0.495088 0.477270 0.061400 0.153104 0.008118 0.000000 0.029305 0.031691
0.651626
0.647951 0.000000 0.464877 0.495083 0.470576 0.043062 0.106982 0.001960 0.000000 0.006903 0.025930
0.651626
0.656184 0.000000 0.471129 0.495087 0.475759 0.061556 0.153403 0.007923 0.000000 0.028700 0.020167
0.651626
0.646002 0.000000 0.463398 0.495082 0.469712 0.042812 0.106370 0.001226 0.000000 0.004216 0.025930
0.651626
0.657120 0.000000 0.471840 0.495087 0.476190 0.061470 0.153170 0.008478 0.006450 0.030453 0.027370
0.651626
0.645897 0.000000 0.463317 0.495083 0.469280 0.043017 0.106864 0.001246 0.000000 0.004188 0.028811
0.651626
0.655521 0.000000 0.470626 0.495087 0.475759 0.061152 0.152629 0.007697 0.000000 0.027925 0.025924
0.651626
0.647908 0.000000 0.464845 0.495083 0.470576 0.043015 0.106818 0.002128 0.000000 0.007291 0.020165
0.651626
0.659693 0.000000 0.473794 0.495088 0.477054 0.061634 0.153623 0.009555 0.000000 0.034123 0.024491
0.651626
0.645693 0.000000 0.463162 0.495082 0.469280 0.042567 0.106213 0.001145 0.000000 0.003836 0.028811
0.651626
0.656695 0.000000 0.471517 0.495087 0.475759 0.061444 0.153131 0.008415 0.006450 0.030299 0.021608
0.651626
0.645702 0.000000 0.463170 0.495082 0.469280 0.043023 0.106880 0.001249 0.000000 0.004186 0.030251
0.651626
0.654423 0.000000 0.469793 0.495086 0.475327 0.060777 0.151744 0.006622 0.000000 0.024243 0.015846
0.651626
0.646119 0.000000 0.463486 0.495083 0.470791 0.043019 0.106737 0.001316 0.000000 0.004572 0.031691
0.651626
0.660036 0.000000 0.474054 0.495090 0.479214 0.061642 0.153805 0.009611 0.000000 0.034403 0.023047
0.651626
0.645574 0.000000 0.463072 0.495082 0.469280 0.042438 0.105541 0.000901 0.000000 0.003186 0.025930
0.651626
0.656846 0.000000 0.471633 0.495087 0.475759 0.061447 0.153122 0.008368 0.000000 0.030195 0.024489
0.651626
0.645646 0.000000 0.463127 0.495082 0.469280 0.043017 0.106829 0.001252 0.000000 0.004217 0.025930
0.651626
0.655989 0.000000 0.470982 0.495087 0.475759 0.061111 0.152252 0.006996 0.000000 0.025490 0.018727
0.651626
0.646422 0.000000 0.463717 0.495082 0.469712 0.042947 0.106650 0.001298 0.000000 0.004532 0.033132
0.651626
0.659899 0.000000 0.473950 0.495096 0.479214 0.061631 0.153515 0.009648 0.012899 0.034759 0.017286
0.651626
0.646921 0.000000 0.464095 0.495082 0.470144 0.043017 0.106897 0.001862 0.000000 0.006866 0.025942
0.651626
0.656947 0.000000 0.471708 0.495087 0.475759 0.061327 0.153035 0.008373 0.000000 0.030153 0.025925
0.651626
0.645799 0.000000 0.463243 0.495084 0.469280 0.042994 0.106821 0.001267 0.000000 0.004168 0.028810
0.651626
0.655648 0.000000 0.470723 0.495087 0.475759 0.061482 0.153293 0.007909 0.000000 0.028528 0.021613
0.651626
0.645672 0.000000 0.463147 0.495082 0.469712 0.042813 0.106497 0.001177 0.006450 0.004069 0.030251
0.651626
0.656996 0.000000 0.471746 0.495088 0.477270 0.061449 0.153191 0.008448 0.006450 0.030414 0.021608
0.651626
0.647844 0.000000 0.464797 0.495082 0.470144 0.043036 0.106910 0.002006 0.000000 0.007030 0.023052
0.651626
0.656305 0.000000 0.471222 0.495087 0.475759 0.061170 0.152785 0.007847 0.000000 0.028404 0.024486
0.651626
0.645910 0.000000 0.463328 0.495082 0.469280 0.043007 0.106806 0.001298 0.000000 0.004342 0.031688
0.651626
0.656973 0.000000 0.471729 0.495087 0.476190 0.061530 0.153321 0.008269 0.000000 0.029558 0.023048
0.651626
0.645396 0.000000 0.462938 0.495082 0.469280 0.042595 0.106346 0.001005 0.000000 0.003400 0.030251
0.651626
0.656642 0.000000 0.471477 0.495087 0.475759 0.061461 0.153146 0.008434 0.000000 0.030398 0.018724
0.651626
0.647812 0.000000 0.464772 0.495082 0.470144 0.042998 0.106824 0.002141 0.000000 0.007355 0.023048
0.651626
0.657318 0.000000 0.471990 0.495087 0.476190 0.060939 0.152113 0.007748 0.006450 0.028294 0.018727
0.651626
0.646541 0.000000 0.463807 0.495141 0.469712 0.042977 0.106752 0.001384 0.006450 0.004759 0.025929
0.651626
0.657103 0.000000 0.471827 0.495087 0.476190 0.061502 0.153324 0.008396 0.000000 0.030207 0.018727
0.651626
0.645361 0.000000 0.462910 0.495082 0.469280 0.042513 0.105621 0.000902 0.000000 0.003198 0.025930
0.651626
0.657075 0.000000 0.471806 0.495087 0.476190 0.061489 0.153215 0.008240 0.000000 0.029707 0.025929
0.651626
0.645675 0.000000 0.463150 0.495082 0.470360 0.043040 0.106741 0.001232 0.000000 0.004181 0.025930
0.651626
0.658832 0.000000 0.473140 0.495087 0.476622 0.061324 0.152700 0.008205 0.000000 0.029813 0.017286
0.651626
0.646320 0.000000 0.463639 0.495155 0.469712 0.042931 0.106808 0.001398 0.000000 0.004783 0.024488
0.651626
0.656919 0.000000 0.471687 0.495087 0.476190 0.061472 0.153214 0.008513 0.006450 0.030604 0.020167
0.651626
0.645780 0.000000 0.463229 0.495082 0.469712 0.043016 0.106882 0.001258 0.000000 0.004321 0.025930
0.651626
0.656360 0.000000 0.471263 0.495087 0.475759 0.061326 0.153038 0.008069 0.000000 0.029118 0.021608
0.651626
0.645879 0.000000 0.463304 0.495082 0.469280 0.042994 0.106800 0.001255 0.000000 0.004173 0.028811
0.651626
0.658461 0.000000 0.472858 0.495087 0.476622 0.061517 0.153449 0.009294 0.006452 0.033151 0.020174
0.651626
0.647368 0.000000 0.464435 0.495130 0.470144 0.042752 0.106502 0.001754 0.000000 0.006297 0.027370
0.651626
0.657097 0.000000 0.471823 0.495087 0.476190 0.061455 0.153179 0.008678 0.006450 0.031321 0.021608
0.651626
0.645843 0.000000 0.463277 0.495082 0.469712 0.043064 0.107017 0.001281 0.000000 0.004227 0.027370
0.651626
0.655990 0.000000 0.470982 0.495087 0.475759 0.061193 0.152882 0.007465 0.006449 0.027075 0.027368
0.651626
0.646055 0.000000 0.463438 0.495082 0.469712 0.042998 0.106823 0.001294 0.006449 0.004372 0.021606
0.651626
0.656755 0.000000 0.471563 0.495088 0.476838 0.061488 0.153267 0.008229 0.000000 0.029403 0.025929
0.651626
0.647005 0.000000 0.464158 0.495082 0.469712 0.042324 0.105468 0.001318 0.000000 0.004899 0.024489
0.651626
0.657476 0.000000 0.472110 0.495087 0.476622 0.061495 0.153204 0.008639 0.000000 0.031114 0.021608
0.651626
0.645628 0.000000 0.463113 0.495082 0.469712 0.043033 0.106751 0.001256 0.000000 0.004246 0.028811
0.651626
0.655381 0.000000 0.470520 0.495086 0.475327 0.060923 0.151993 0.006836 0.000000 0.024986 0.023048
0.651626
0.646308 0.000000 0.463630 0.495082 0.469712 0.042967 0.106761 0.001291 0.000000 0.004484 0.027370
0.651626
0.657043 0.000000 0.471781 0.495090 0.475759 0.061500 0.153230 0.008326 0.000000 0.029952 0.024489
0.651626
0.647120 0.000000 0.464246 0.495082 0.469712 0.042513 0.105621 0.001646 0.000000 0.005740 0.024489
0.651626
0.659809 0.000000 0.473883 0.495094 0.479214 0.061604 0.153675 0.009249 0.000000 0.033261 0.018726
0.651626
0.645930 0.000000 0.463343 0.495082 0.469712 0.043002 0.106810 0.001306 0.000000 0.004284 0.025930
0.651626
0.654910 0.000000 0.470162 0.495086 0.475327 0.061199 0.152161 0.007303 0.000000 0.026459 0.023048
0.651626
0.646184 0.000000 0.463536 0.495082 0.469712 0.042900 0.106690 0.001301 0.000000 0.004460 0.027370
0.651626
0.656991 0.000000 0.471742 0.495087 0.475759 0.061489 0.153246 0.008467 0.000000 0.030436 0.023048
0.651626
0.645707 0.000000 0.463174 0.495081 0.468632 0.043023 0.106903 0.001261 0.000000 0.004314 0.024489
0.651626
0.658857 0.000000 0.473160 0.495088 0.477054 0.061363 0.153248 0.009083 0.000000 0.032637 0.018727
0.651626
0.645976 0.000000 0.463378 0.495082 0.469712 0.043033 0.106920 0.001297 0.000000 0.004288 0.024489
0.651626
0.655957 0.000000 0.470957 0.495087 0.475759 0.061437 0.153185 0.008131 0.000000 0.029133 0.027370
0.651626
0.645609 0.000000 0.463100 0.495082 0.469280 0.042666 0.106436 0.001173 0.000000 0.004055 0.030251
0.651626
0.657092 0.000000 0.471819 0.495087 0.476190 0.061469 0.153275 0.008466 0.000000 0.030402 0.020167
0.651626
0.645843 0.000000 0.463277 0.495082 0.469280 0.042996 0.106851 0.001264 0.000000 0.004206 0.027370
0.651626
0.657480 0.000000 0.472114 0.495087 0.476622 0.061168 0.152944 0.008510 0.006448 0.030669 0.017282
0.651626
0.647734 0.000000 0.464712 0.495083 0.470576 0.043028 0.106809 0.001930 0.000000 0.006690 0.024486
0.651626
0.657446 0.000000 0.472087 0.495087 0.476190 0.061503 0.153289 0.008587 0.006450 0.030627 0.020167
0.651626
0.645384 0.000000 0.462928 0.495082 0.469280 0.042341 0.105421 0.000867 0.000000 0.003057 0.027370
0.651626
0.656548 0.000000 0.471406 0.495087 0.475759 0.061418 0.153025 0.008383 0.000000 0.030290 0.023048
0.651626
0.645533 0.000000 0.463041 0.495082 0.469280 0.043011 0.106864 0.001216 0.000000 0.004099 0.028811
0.651626
0.654869 0.000000 0.470131 0.495087 0.476406 0.060995 0.152040 0.006865 0.000000 0.025121 0.021608
0.651626
0.647930 0.000000 0.464862 0.495083 0.470576 0.043014 0.106742 0.001866 0.000000 0.006524 0.027370
0.651626
0.657347 0.000000 0.472013 0.495087 0.476190 0.061522 0.153263 0.008650 0.000000 0.031105 0.017286
0.651626
0.645815 0.000000 0.463256 0.495082 0.469280 0.042649 0.105761 0.000943 0.000000 0.003341 0.025930
0.651626
0.656875 0.000000 0.471654 0.495087 0.475759 0.061430 0.153153 0.008217 0.006450 0.029645 0.020167
0.651626
0.645812 0.000000 0.463254 0.495082 0.469280 0.043001 0.106813 0.001256 0.000000 0.004207 0.028811
0.651626
0.655360 0.000000 0.470504 0.495086 0.475327 0.061576 0.153456 0.007333 0.000000 0.026577 0.023048
0.651626
0.647754 0.000000 0.464728 0.495083 0.470576 0.042903 0.106733 0.002139 0.000000 0.007300 0.021608
0.651626
0.659726 0.000000 0.473821 0.495090 0.479214 0.061597 0.153463 0.009661 0.000000 0.034634 0.018726
0.651626
0.645827 0.000000 0.463265 0.495082 0.469280 0.043042 0.106848 0.001326 0.000000 0.004440 0.027370
0.651626
0.656425 0.000000 0.471314 0.495087 0.475759 0.061249 0.152984 0.007923 0.000000 0.028517 0.027370
0.651626
0.645746 0.000000 0.463203 0.495082 0.469280 0.043030 0.106977 0.001259 0.000000 0.004171 0.030251
0.651626
0.656043 0.000000 0.471022 0.495087 0.475759 0.061469 0.153212 0.008213 0.006450 0.029392 0.018728
0.651626
0.645533 0.000000 0.463042 0.495083 0.470791 0.042574 0.106381 0.001130 0.000000 0.003863 0.031692
0.651626
0.660185 0.000000 0.474168 0.495090 0.479214 0.061626 0.153663 0.009679 0.000000 0.034428 0.018727
0.651626
0.645855 0.000000 0.463286 0.495082 0.469280 0.042991 0.106819 0.001299 0.000000 0.004276 0.025929
0.651626
0.654230 0.000000 0.469646 0.495086 0.474895 0.060664 0.151407 0.006644 0.000000 0.024362 0.021608
0.651626
0.646205 0.000000 0.463552 0.495082 0.469712 0.042969 0.106819 0.001328 0.000000 0.004622 0.028811
0.651626
0.656296 0.000000 0.471214 0.495087 0.475759 0.061439 0.153132 0.008357 0.000000 0.029918 0.027370
0.651626
0.645314 0.000000 0.462875 0.495085 0.469280 0.042393 0.105486 0.000838 0.000000 0.003028 0.025930
0.651626
0.659385 0.000000 0.473560 0.495088 0.477054 0.061506 0.153275 0.009581 0.000000 0.034432 0.021608
0.651626
0.647847 0.000000 0.464798 0.495082 0.470144 0.043024 0.106841 0.001941 0.000000 0.006882 0.024489
0.651626
0.655895 0.000000 0.470910 0.495086 0.475327 0.061099 0.152220 0.007250 0.000000 0.026332 0.021608
0.651626
0.646636 0.000000 0.463879 0.495082 0.469712 0.042958 0.106660 0.001346 0.000000 0.004654 0.025930
0.651626
0.657215 0.000000 0.471912 0.495087 0.476190 0.061524 0.153301 0.008490 0.006450 0.030552 0.023048
0.651626
0.645535 0.000000 0.463043 0.495082 0.469712 0.042731 0.105909 0.000940 0.000000 0.003407 0.025930
0.651626
0.656675 0.000000 0.471503 0.495088 0.476838 0.061411 0.153092 0.008072 0.000000 0.029209 0.021608
0.651626
0.648003 0.000000 0.464917 0.495083 0.470576 0.043011 0.106879 0.001956 0.000000 0.006923 0.027370
0.651626
0.656205 0.000000 0.471145 0.495087 0.475759 0.061499 0.153288 0.008199 0.000000 0.029475 0.028810
0.651626
0.645754 0.000000 0.463209 0.495082 0.469280 0.042756 0.106580 0.001198 0.000000 0.004124 0.030251
0.651626
0.657300 0.000000 0.471977 0.495087 0.476190 0.061505 0.153317 0.008525 0.000000 0.030529 0.021608
0.651626
0.646071 0.000000 0.463450 0.495082 0.469712 0.043011 0.106850 0.001251 0.000000 0.004169 0.027370
0.651626
0.655580 0.000000 0.470671 0.495086 0.475327 0.061115 0.152797 0.007745 0.000000 0.028145 0.027370
0.651626
0.647753 0.000000 0.464728 0.495082 0.470144 0.042972 0.106794 0.002144 0.006450 0.007255 0.018727
0.651626
0.659212 0.000000 0.473429 0.495088 0.477054 0.061590 0.153517 0.009532 0.000000 0.034124 0.023049
0.651626
0.645610 0.000000 0.463099 0.495082 0.469280 0.042600 0.106351 0.001059 0.000000 0.003560 0.028811
0.651626
0.657058 0.000000 0.471793 0.495087 0.476190 0.061487 0.153238 0.008514 0.000000 0.030741 0.023046
0.651626
0.645832 0.000000 0.463268 0.495082 0.469712 0.043012 0.106855 0.001234 0.000000 0.004123 0.025930
0.651626
0.655004 0.000000 0.470233 0.495086 0.475327 0.060882 0.151870 0.006668 0.006450 0.024505 0.018727
0.651626
0.646215 0.000000 0.463559 0.495083 0.470791 0.042969 0.106721 0.001312 0.000000 0.004599 0.025930
0.651626
0.659771 0.000000 0.473853 0.495088 0.477054 0.061587 0.153570 0.009634 0.000000 0.034656 0.020167
0.651626
0.645283 0.000000 0.462852 0.495082 0.469280 0.042476 0.105652 0.000922 0.000000 0.003306 0.024489
0.651626
0.656304 0.000000 0.471221 0.495087 0.475759 0.061386 0.152996 0.008332 0.000000 0.030125 0.020167
0.651626
0.645756 0.000000 0.463211 0.495082 0.469712 0.042965 0.106739 0.001247 0.000000 0.004160 0.031692
0.651626
0.655062 0.000000 0.470276 0.495086 0.475327 0.061082 0.152221 0.007078 0.000000 0.025812 0.025929
0.651626
0.646005 0.000000 0.463399 0.495082 0.469712 0.042962 0.106643 0.001297 0.000000 0.004543 0.024488
0.651626
0.659850 0.000000 0.473913 0.495088 0.477054 0.061505 0.153382 0.009708 0.000000 0.034713 0.017286
0.651626
0.647669 0.000000 0.464663 0.495082 0.470144 0.043073 0.107083 0.001945 0.000000 0.006993 0.025930
0.651626
0.656701 0.000000 0.471522 0.495087 0.476190 0.061345 0.153028 0.008311 0.006450 0.029892 0.020167
0.651626
0.646005 0.000000 0.463400 0.495082 0.469712 0.043005 0.106801 0.001286 0.000000 0.004228 0.023049
0.651626
0.655741 0.000000 0.470793 0.495087 0.475759 0.061482 0.153230 0.007988 0.000000 0.028586 0.017291
0.651626
0.646400 0.000000 0.463700 0.495082 0.469712 0.042728 0.106453 0.001167 0.000000 0.004001 0.024489
0.651626
0.657192 0.000000 0.471894 0.495088 0.477270 0.061505 0.153281 0.008452 0.000000 0.030326 0.024489
0.651626
0.648122 0.000000 0.465008 0.495082 0.470144 0.043044 0.106938 0.001988 0.000000 0.007023 0.021608
0.651626
0.655520 0.000000 0.470625 0.495087 0.475759 0.061098 0.152664 0.007632 0.000000 0.027701 0.020166
0.651626
0.646228 0.000000 0.463569 0.495082 0.469712 0.042976 0.106774 0.001289 0.000000 0.004334 0.020167
0.651626
0.656784 0.000000 0.471585 0.495087 0.476190 0.061509 0.153318 0.008306 0.000000 0.029699 0.017286
0.651626
0.645308 0.000000 0.462870 0.495082 0.469280 0.042300 0.105265 0.000825 0.000000 0.002935 0.020167
0.651626
0.657156 0.000000 0.471868 0.495087 0.476190 0.061466 0.153264 0.008454 0.006449 0.030497 0.017284
0.651626
0.648011 0.000000 0.464923 0.495082 0.470144 0.042969 0.106767 0.002119 0.000000 0.007172 0.018727
0.651626
0.657528 0.000000 0.472150 0.495087 0.476622 0.061039 0.152195 0.007824 0.000000 0.028570 0.014405
0.651626
0.646444 0.000000 0.463733 0.495082 0.469712 0.042982 0.106712 0.001380 0.000000 0.004792 0.023049
0.651626
0.657103 0.000000 0.471828 0.495087 0.476190 0.061500 0.153306 0.008444 0.000000 0.030342 0.025929
0.651626
0.645400 0.000000 0.462940 0.495082 0.469280 0.042567 0.105708 0.000879 0.000000 0.003146 0.021608
0.651626
0.656918 0.000000 0.471688 0.495087 0.475759 0.061459 0.153171 0.008233 0.000000 0.029723 0.020167
0.651626
0.645731 0.000000 0.463192 0.495081 0.468632 0.043027 0.106767 0.001264 0.000000 0.004253 0.024489
0.651626
0.658938 0.000000 0.473221 0.495088 0.477054 0.061340 0.152751 0.008333 0.000000 0.030323 0.015846
0.651626
0.646242 0.000000 0.463580 0.495082 0.469712 0.042903 0.106781 0.001366 0.006450 0.004693 0.023049
0.651626
0.656923 0.000000 0.471690 0.495087 0.476190 0.061453 0.153195 0.008492 0.000000 0.030546 0.020167
0.651626
0.645692 0.000000 0.463163 0.495082 0.469280 0.043026 0.106894 0.001269 0.000000 0.004296 0.021608
0.651626
0.655890 0.000000 0.470907 0.495086 0.475327 0.061249 0.152877 0.007989 0.000000 0.028844 0.024489
0.651626
0.645834 0.000000 0.463270 0.495084 0.469280 0.042983 0.106775 0.001239 0.000000 0.004127 0.024489
0.651626
0.658454 0.000000 0.472852 0.495088 0.477054 0.061572 0.153477 0.009323 0.000000 0.033330 0.015851
0.651626
0.647290 0.000000 0.464376 0.495082 0.470144 0.042709 0.106439 0.001737 0.000000 0.006263 0.020167
0.651626
0.657106 0.000000 0.471830 0.495087 0.476190 0.061458 0.153148 0.008670 0.000000 0.031158 0.017286
0.651626
0.646020 0.000000 0.463411 0.495082 0.469712 0.043071 0.107000 0.001278 0.006450 0.004265 0.020167
0.651626
0.655648 0.000000 0.470723 0.495086 0.475327 0.061142 0.152833 0.007255 0.000000 0.026307 0.023047
0.651626
0.646144 0.000000 0.463506 0.495082 0.469280 0.042981 0.106784 0.001287 0.000000 0.004379 0.023049
0.651626
0.656740 0.000000 0.471551 0.495088 0.477270 0.061522 0.153300 0.008280 0.000000 0.029653 0.017286
0.651626
0.646992 0.000000 0.464149 0.495082 0.470144 0.042369 0.105501 0.001324 0.000000 0.004945 0.020167
0.651626
0.657392 0.000000 0.472047 0.495087 0.476190 0.061465 0.153175 0.008636 0.000000 0.031105 0.011524
0.651626
0.645641 0.000000 0.463124 0.495082 0.469280 0.043028 0.106770 0.001232 0.000000 0.004172 0.024489
0.651626
0.655880 0.000000 0.470898 0.495086 0.475327 0.061002 0.152146 0.006848 0.000000 0.024987 0.023048
0.651626
0.646413 0.000000 0.463710 0.495082 0.469712 0.042961 0.106718 0.001312 0.000000 0.004563 0.024489
0.651626
0.657080 0.000000 0.471810 0.495087 0.476190 0.061516 0.153299 0.008418 0.000000 0.030268 0.020167
0.651626
0.647408 0.000000 0.464465 0.495082 0.470144 0.042607 0.105702 0.001641 0.000000 0.005763 0.015846
0.651626
0.659638 0.000000 0.473752 0.495088 0.477054 0.061606 0.153678 0.009258 0.000000 0.033328 0.015846
0.651626
0.645866 0.000000 0.463295 0.495082 0.469280 0.043005 0.106794 0.001275 0.000000 0.004195 0.021608
0.651626
0.655006 0.000000 0.470235 0.495086 0.474895 0.061491 0.153293 0.007428 0.000000 0.026835 0.018727
0.651626
0.646463 0.000000 0.463748 0.495082 0.469712 0.042849 0.106605 0.001271 0.000000 0.004368 0.023049
0.651626
0.657168 0.000000 0.471877 0.495087 0.476190 0.061514 0.153292 0.008466 0.000000 0.030482 0.018727
0.651626
0.645401 0.000000 0.462941 0.495082 0.470360 0.042994 0.106804 0.001266 0.000000 0.004252 0.024493
0.651626
0.659132 0.000000 0.473368 0.495088 0.477054 0.061281 0.153201 0.008892 0.000000 0.032193 0.014405
0.651626
0.646017 0.000000 0.463408 0.495082 0.469712 0.042959 0.106699 0.001314 0.000000 0.004341 0.023049
0.651626
0.656106 0.000000 0.471070 0.495087 0.475759 0.061430 0.153172 0.008225 0.000000 0.029408 0.021611
0.651626
0.646190 0.000000 0.463540 0.495082 0.469280 0.042637 0.106313 0.001145 0.000000 0.003938 0.021608
0.651626
0.656783 0.000000 0.471584 0.495087 0.476190 0.061460 0.153184 0.008445 0.000000 0.030384 0.020165
0.651626
0.645667 0.000000 0.463144 0.495082 0.469712 0.043029 0.106893 0.001239 0.000000 0.004133 0.024489
0.651626
0.657334 0.000000 0.472003 0.495087 0.476190 0.061209 0.153025 0.008129 0.006450 0.029249 0.012965
0.651626
0.647737 0.000000 0.464715 0.495082 0.470144 0.043039 0.106765 0.001947 0.000000 0.006743 0.017286
0.651626
0.657338 0.000000 0.472005 0.495087 0.476190 0.061506 0.153294 0.008604 0.000000 0.030910 0.011524
0.651626
0.645306 0.000000 0.462869 0.495082 0.469280 0.042359 0.105453 0.000870 0.000000 0.003050 0.023049
0.651626
0.657221 0.000000 0.471917 0.495087 0.476190 0.061499 0.153232 0.008309 0.000000 0.029951 0.015846
0.651626
0.645616 0.000000 0.463104 0.495082 0.469712 0.043035 0.106751 0.001223 0.000000 0.004113 0.020167
0.651626
0.655557 0.000000 0.470653 0.495087 0.476406 0.061065 0.152165 0.006929 0.000000 0.025283 0.015846
0.651626
0.647603 0.000000 0.464613 0.495082 0.470144 0.042997 0.106915 0.001799 0.000000 0.006367 0.021608
0.651626
0.657261 0.000000 0.471948 0.495087 0.476190 0.061469 0.153241 0.008683 0.000000 0.031212 0.017286
0.651626
0.645432 0.000000 0.462964 0.495082 0.469280 0.042712 0.105830 0.000953 0.000000 0.003424 0.021608
0.651626
0.656066 0.000000 0.471040 0.495087 0.475759 0.061416 0.153155 0.008053 0.000000 0.029030 0.020167
0.651626
0.645769 0.000000 0.463221 0.495082 0.469712 0.043004 0.106794 0.001224 0.000000 0.004072 0.023049
0.651626
0.650412 0.000000 0.466746 0.495085 0.473167 0.060035 0.151375 0.006122 0.000000 0.022549 0.023125
0.651626
0.647834 0.000000 0.464789 0.495082 0.470144 0.042661 0.106541 0.002055 0.000000 0.007030 0.015846
0.651626
0.660259 0.000000 0.474223 0.495090 0.479214 0.061551 0.153572 0.009703 0.000000 0.034788 0.012965
0.651626
0.645888 0.000000 0.463311 0.495082 0.469280 0.042799 0.106828 0.001313 0.000000 0.004308 0.024489
0.651626
0.655773 0.000000 0.470818 0.495087 0.475759 0.061120 0.152685 0.007795 0.000000 0.028205 0.018727
0.651626
0.645765 0.000000 0.463217 0.495082 0.469712 0.042781 0.106750 0.001232 0.000000 0.004037 0.024489
0.651626
0.657022 0.000000 0.471766 0.495087 0.476190 0.061513 0.153367 0.008158 0.000000 0.029298 0.020167
0.651626
0.645752 0.000000 0.463208 0.495082 0.470360 0.042373 0.106280 0.001131 0.000000 0.003824 0.020167
0.651626
0.659854 0.000000 0.473916 0.495088 0.477054 0.061517 0.153408 0.009673 0.000000 0.034549 0.010083
0.651626
0.645851 0.000000 0.463283 0.495082 0.469280 0.042779 0.106759 0.001277 0.000000 0.004254 0.021608
0.651626
0.654469 0.000000 0.469827 0.495086 0.475327 0.060782 0.151931 0.006689 0.000000 0.024346 0.023048
0.651626
0.646311 0.000000 0.463632 0.495082 0.469712 0.042768 0.106769 0.001320 0.000000 0.004527 0.025930
0.651626
0.656653 0.000000 0.471486 0.495087 0.475759 0.061454 0.153251 0.008285 0.000000 0.029756 0.025929
0.651626
0.645282 0.000000 0.462851 0.495082 0.469280 0.042161 0.105478 0.000855 0.000000 0.002984 0.028811
0.651626
0.659822 0.000000 0.473891 0.495088 0.477054 0.061525 0.153505 0.009545 0.000000 0.034110 0.017286
0.651626
0.648005 0.000000 0.464918 0.495082 0.470144 0.042812 0.106899 0.001974 0.000000 0.006854 0.023048
0.651626
0.656168 0.000000 0.471117 0.495091 0.475759 0.061126 0.152285 0.007244 0.000000 0.026228 0.021608
0.651626
0.646171 0.000000 0.463526 0.495082 0.469712 0.042735 0.106649 0.001336 0.006449 0.004607 0.030248
0.651626
0.170682 1.000000 0.491291 0.494854 0.187561 0.063970 0.159372 0.007456 0.038725 0.027590 0.037480
0.333271
0.170294 1.000000 0.490114 0.494853 0.187129 0.063887 0.159150 0.007263 0.000000 0.026709 0.017298
0.333271
0.170310 1.000000 0.490162 0.494853 0.186697 0.063927 0.159239 0.007230 0.006454 0.026600 0.014415
0.333271
0.170854 1.000000 0.491811 0.494854 0.187561 0.063997 0.159386 0.007455 0.000000 0.027633 0.015857
0.333271
0.170268 1.000000 0.490036 0.494853 0.187129 0.063882 0.159155 0.007277 0.006454 0.026782 0.017298
0.333271
0.170245 1.000000 0.489965 0.494853 0.187129 0.063887 0.159139 0.007238 0.000000 0.026662 0.020182
0.333271
0.170878 1.000000 0.491886 0.494854 0.187561 0.064040 0.159581 0.007512 0.000000 0.027816 0.017298
0.333271
0.170248 1.000000 0.489970 0.494853 0.187129 0.063907 0.159184 0.007218 0.000000 0.026545 0.018740
0.333271
0.170212 1.000000 0.489863 0.494853 0.187129 0.063894 0.159156 0.007221 0.006454 0.026581 0.015857
0.333271
0.170307 1.000000 0.490152 0.494853 0.187129 0.064072 0.159653 0.007760 0.000000 0.028402 0.018740
0.333271
0.170340 1.000000 0.490254 0.494853 0.187129 0.063940 0.159275 0.007242 0.006454 0.026696 0.017298
0.333271
0.170122 1.000000 0.489590 0.494853 0.187129 0.063872 0.159117 0.007228 0.000000 0.026600 0.014415
0.333271
0.171676 1.000000 0.494313 0.494854 0.187993 0.065475 0.163271 0.008949 0.006454 0.032475 0.015857
0.333271
0.170267 1.000000 0.490032 0.494853 0.187129 0.063909 0.159188 0.007251 0.006454 0.026691 0.014415
0.333271
0.170207 1.000000 0.489848 0.494853 0.187129 0.063888 0.159142 0.007221 0.006454 0.026581 0.012974
0.333271
0.170237 1.000000 0.489939 0.494853 0.187129 0.063894 0.159182 0.007205 0.000000 0.026538 0.011532
0.333271
0.170736 1.000000 0.491458 0.494854 0.187561 0.064002 0.159384 0.007425 0.006454 0.027496 0.012974
0.333271
0.170255 1.000000 0.489993 0.494853 0.187129 0.063911 0.159191 0.007217 0.000000 0.026572 0.014415
0.333271
0.170234 1.000000 0.489931 0.494853 0.187129 0.063896 0.159175 0.007205 0.000000 0.026487 0.017298
0.333271
0.170720 1.000000 0.491406 0.494854 0.187561 0.064032 0.159577 0.007457 0.006454 0.027671 0.014415
0.333271
0.170270 1.000000 0.490038 0.494853 0.187129 0.063902 0.159172 0.007242 0.000000 0.026628 0.017298
0.333271
0.170245 1.000000 0.489963 0.494853 0.187129 0.063906 0.159194 0.007209 0.000000 0.026483 0.012974
0.333271
0.170352 1.000000 0.490289 0.494853 0.187129 0.064099 0.159684 0.007715 0.006454 0.028158 0.015857
0.333271
0.170285 1.000000 0.490086 0.494853 0.187129 0.063924 0.159221 0.007257 0.000000 0.026695 0.014415
0.333271
0.170285 1.000000 0.490084 0.494853 0.187129 0.063897 0.159176 0.007263 0.000000 0.026723 0.017298
0.333271
0.171592 1.000000 0.494057 0.494854 0.187993 0.065443 0.163201 0.008914 0.012908 0.032331 0.010091
0.333271
0.170243 1.000000 0.489960 0.494853 0.187129 0.063894 0.159167 0.007251 0.000000 0.026667 0.018740
0.333271
0.170181 1.000000 0.489768 0.494853 0.187129 0.063899 0.159183 0.007154 0.000000 0.026306 0.011532
0.333271
0.170245 1.000000 0.489963 0.494853 0.187129 0.063904 0.159193 0.007196 0.000000 0.026494 0.015857
0.333271
0.170703 1.000000 0.491356 0.494854 0.187561 0.063987 0.159378 0.007431 0.000000 0.027499 0.010091
0.333271
0.170274 1.000000 0.490054 0.494853 0.187129 0.063894 0.159167 0.007244 0.000000 0.026631 0.014415
0.333271
0.170072 1.000000 0.489436 0.494853 0.187129 0.063871 0.159105 0.007168 0.000000 0.026366 0.014415
0.333271
0.170580 1.000000 0.490979 0.494853 0.187129 0.063991 0.159483 0.007546 0.000000 0.027816 0.012974
0.333271
0.170254 1.000000 0.489990 0.494853 0.187129 0.063917 0.159197 0.007214 0.000000 0.026532 0.015857
0.333271
0.170187 1.000000 0.489787 0.494853 0.187129 0.063886 0.159158 0.007198 0.006454 0.026511 0.014415
0.333271
0.170361 1.000000 0.490316 0.494853 0.187129 0.064098 0.159684 0.007717 0.006454 0.028214 0.008649
0.333271
0.170297 1.000000 0.490121 0.494853 0.187129 0.063911 0.159190 0.007263 0.000000 0.026827 0.017298
0.333271
0.170167 1.000000 0.489726 0.494853 0.187129 0.063879 0.159105 0.007218 0.000000 0.026551 0.015857
0.333271
0.171635 1.000000 0.494184 0.494854 0.187561 0.065486 0.163306 0.008886 0.006454 0.032332 0.012974
0.333271
0.170375 1.000000 0.490360 0.494853 0.187129 0.063935 0.159247 0.007291 0.000000 0.026847 0.012974
0.333271
0.170213 1.000000 0.489866 0.494853 0.187129 0.063893 0.159165 0.007215 0.000000 0.026526 0.012974
0.333271
0.170261 1.000000 0.490014 0.494853 0.187129 0.063873 0.159106 0.007297 0.000000 0.026789 0.014415
0.333271
0.170681 1.000000 0.491288 0.494853 0.187129 0.063983 0.159378 0.007404 0.000000 0.027453 0.011532
0.333271
0.170251 1.000000 0.489985 0.494853 0.187129 0.063903 0.159176 0.007227 0.000000 0.026645 0.014415
0.333271
0.170216 1.000000 0.489876 0.494853 0.187129 0.063863 0.159096 0.007267 0.000000 0.026697 0.012974
0.333271
0.170666 1.000000 0.491245 0.494853 0.187129 0.064014 0.159575 0.007452 0.000000 0.027589 0.008649
0.333271
0.170308 1.000000 0.490156 0.494853 0.187129 0.063907 0.159189 0.007251 0.000000 0.026744 0.018740
0.333271
0.170213 1.000000 0.489866 0.494853 0.187129 0.063906 0.159182 0.007198 0.000000 0.026496 0.018740
0.333271
0.170298 1.000000 0.490123 0.494853 0.187129 0.064084 0.159666 0.007695 0.006454 0.028173 0.011532
0.333271
0.170287 1.000000 0.490091 0.494853 0.187129 0.063910 0.159199 0.007272 0.000000 0.026768 0.012974
0.333271
0.170260 1.000000 0.490011 0.494853 0.187129 0.063899 0.159180 0.007245 0.000000 0.026678 0.015857
0.333271
0.171650 1.000000 0.494232 0.494854 0.187561 0.065491 0.163304 0.008896 0.006454 0.032241 0.010091
0.333271
0.170258 1.000000 0.490001 0.494853 0.187129 0.063911 0.159214 0.007243 0.000000 0.026688 0.018740
0.333271
0.170232 1.000000 0.489923 0.494853 0.187129 0.063898 0.159175 0.007230 0.000000 0.026538 0.012974
0.333271
0.170212 1.000000 0.489864 0.494853 0.187129 0.063893 0.159160 0.007218 0.000000 0.026559 0.018740
0.333271
0.170746 1.000000 0.491486 0.494853 0.187129 0.063985 0.159393 0.007435 0.000000 0.027498 0.010091
0.333271
0.170254 1.000000 0.489990 0.494853 0.187129 0.063895 0.159165 0.007245 0.000000 0.026662 0.014415
0.333271
0.170190 1.000000 0.489796 0.494853 0.187129 0.063875 0.159096 0.007238 0.000000 0.026654 0.014415
0.333271
0.170771 1.000000 0.491564 0.494853 0.187129 0.064041 0.159576 0.007428 0.000000 0.027521 0.014415
0.333271
0.170254 1.000000 0.489990 0.494853 0.187129 0.063897 0.159142 0.007256 0.000000 0.026760 0.010091
0.333271
0.170102 1.000000 0.489527 0.494853 0.187129 0.063867 0.159103 0.007217 0.006454 0.026591 0.017298
0.333271
0.170177 1.000000 0.489762 0.494853 0.187129 0.064064 0.159624 0.007704 0.006454 0.028132 0.008649
0.333271
0.170237 1.000000 0.489942 0.494853 0.187129 0.063908 0.159185 0.007248 0.000000 0.026684 0.011532
0.333271
0.170250 1.000000 0.489976 0.494853 0.187129 0.063909 0.159174 0.007216 0.000000 0.026585 0.012974
0.333271
0.171751 1.000000 0.494541 0.494852 0.187561 0.065472 0.163261 0.008811 0.006454 0.032151 0.011532
0.333271
0.170298 1.000000 0.490126 0.494851 0.187129 0.063901 0.159180 0.007264 0.000000 0.026712 0.014415
0.333271
0.170140 1.000000 0.489643 0.494851 0.187129 0.063884 0.159136 0.007167 0.000000 0.026413 0.015857
0.333271
0.170191 1.000000 0.489798 0.494851 0.187129 0.063895 0.159164 0.007198 0.006454 0.026527 0.015857
0.333271
0.170793 1.000000 0.491627 0.494851 0.187129 0.063999 0.159384 0.007448 0.000000 0.027547 0.010091
0.333271
0.170205 1.000000 0.489841 0.494851 0.187129 0.063906 0.159186 0.007182 0.000000 0.026382 0.015857
0.333271
0.170251 1.000000 0.489982 0.494851 0.187129 0.063905 0.159185 0.007217 0.000000 0.026565 0.012974
0.333271
0.170328 1.000000 0.490216 0.494851 0.187129 0.064103 0.159686 0.007717 0.006454 0.028318 0.010091
0.333271
0.170261 1.000000 0.490011 0.494851 0.187129 0.063910 0.159197 0.007241 0.000000 0.026597 0.017298
0.333271
0.170209 1.000000 0.489853 0.494851 0.187129 0.063896 0.159152 0.007206 0.000000 0.026519 0.011532
0.333271
0.170351 1.000000 0.490281 0.494851 0.187129 0.064110 0.159672 0.007712 0.000000 0.028222 0.011532
0.333271
0.170294 1.000000 0.490116 0.494851 0.187129 0.063910 0.159181 0.007269 0.000000 0.026768 0.011532
0.333271
0.170162 1.000000 0.489710 0.494851 0.187129 0.063869 0.159092 0.007210 0.000000 0.026571 0.014415
0.333271
0.179713 1.000000 0.518723 0.494856 0.192744 0.069804 0.160001 0.018650 0.006454 0.042797 0.012974
0.333271
0.170470 1.000000 0.490648 0.494851 0.187129 0.063965 0.159349 0.007371 0.006454 0.027169 0.010091
0.333271
0.170268 1.000000 0.490032 0.494851 0.187129 0.063893 0.159147 0.007265 0.000000 0.026797 0.017298
0.333271
0.170251 1.000000 0.489984 0.494851 0.187129 0.063905 0.159178 0.007208 0.000000 0.026531 0.017298
0.333271
0.170744 1.000000 0.491481 0.494851 0.187129 0.064001 0.159393 0.007384 0.000000 0.027392 0.011532
0.333271
0.170290 1.000000 0.490097 0.494852 0.187561 0.063927 0.159219 0.007248 0.000000 0.026669 0.015857
0.333271
0.170181 1.000000 0.489769 0.494852 0.187561 0.063904 0.159176 0.007168 0.000000 0.026350 0.012974
0.333271
0.170404 1.000000 0.490446 0.494852 0.187561 0.064158 0.159695 0.007666 0.006454 0.028099 0.008649
0.333271
0.170251 1.000000 0.489981 0.494852 0.187561 0.063901 0.159181 0.007220 0.006454 0.026569 0.015857
0.333271
0.170170 1.000000 0.489736 0.494852 0.187561 0.063879 0.159122 0.007189 0.000000 0.026463 0.014415
0.333271
0.170200 1.000000 0.489825 0.494852 0.187561 0.064084 0.159659 0.007685 0.006454 0.028096 0.011532
0.333271
0.170233 1.000000 0.489928 0.494852 0.187561 0.063883 0.159144 0.007268 0.000000 0.026777 0.012974
0.333271
0.170220 1.000000 0.489885 0.494852 0.187561 0.063912 0.159185 0.007206 0.000000 0.026560 0.014415
0.333271
0.179804 1.000000 0.518998 0.494856 0.193176 0.069812 0.159886 0.018671 0.006454 0.042773 0.007208
0.333271
0.170631 1.000000 0.491135 0.494852 0.187561 0.063986 0.159375 0.007400 0.000000 0.027327 0.014415
0.333271
0.170192 1.000000 0.489802 0.494852 0.187561 0.063899 0.159157 0.007165 0.000000 0.026360 0.012974
0.333271
0.170209 1.000000 0.489853 0.494852 0.187561 0.063903 0.159171 0.007180 0.000000 0.026403 0.012974
0.333271
0.170785 1.000000 0.491603 0.494852 0.187561 0.064006 0.159393 0.007413 0.000000 0.027491 0.012974
0.333271
0.170251 1.000000 0.489982 0.494852 0.187561 0.063910 0.159203 0.007246 0.006454 0.026639 0.014415
0.333271
0.170251 1.000000 0.489981 0.494852 0.187561 0.063917 0.159202 0.007221 0.000000 0.026560 0.020182
0.333271
0.170357 1.000000 0.490304 0.494852 0.187561 0.064109 0.159675 0.007699 0.006454 0.028248 0.017298
0.333271
0.170199 1.000000 0.489827 0.494852 0.187561 0.063884 0.159147 0.007293 0.006454 0.026844 0.014415
0.333271
0.170260 1.000000 0.490010 0.494852 0.187561 0.063895 0.159159 0.007247 0.000000 0.026672 0.017298
0.333271
0.170413 1.000000 0.490471 0.494852 0.187561 0.064100 0.159681 0.007743 0.006454 0.028339 0.015857
0.333271
0.170314 1.000000 0.490174 0.494852 0.187561 0.063904 0.159172 0.007295 0.000000 0.026837 0.021623
0.333271
0.170218 1.000000 0.489880 0.494852 0.187561 0.063898 0.159165 0.007214 0.000000 0.026580 0.011532
0.333271
0.179569 1.000000 0.518282 0.494856 0.193176 0.069805 0.160109 0.018669 0.006454 0.042698 0.014415
0.333271
0.170590 1.000000 0.491010 0.494852 0.187561 0.063988 0.159395 0.007382 0.006454 0.027224 0.017298
0.333271
0.170283 1.000000 0.490079 0.494852 0.187561 0.063905 0.159179 0.007269 0.006454 0.026735 0.017298
0.333271
0.170210 1.000000 0.489857 0.494852 0.187561 0.063906 0.159184 0.007189 0.006454 0.026452 0.023065
0.333271
0.170733 1.000000 0.491446 0.494852 0.187561 0.064005 0.159386 0.007427 0.000000 0.027536 0.023065
0.333271
0.170302 1.000000 0.490139 0.494852 0.187561 0.063910 0.159194 0.007283 0.000000 0.026738 0.015857
0.333271
0.170225 1.000000 0.489904 0.494852 0.187561 0.063895 0.159166 0.007219 0.000000 0.026573 0.018740
0.333271
0.170450 1.000000 0.490584 0.494852 0.187561 0.064135 0.159687 0.007691 0.006454 0.028235 0.018740
0.333271
0.170244 1.000000 0.489961 0.494852 0.187561 0.063902 0.159158 0.007264 0.000000 0.026775 0.020182
0.333271
0.170246 1.000000 0.489963 0.494852 0.187561 0.063909 0.159176 0.007227 0.000000 0.026588 0.021623
0.333271
0.170366 1.000000 0.490330 0.494852 0.187561 0.064087 0.159677 0.007725 0.006454 0.028206 0.018740
0.333271
0.170288 1.000000 0.490093 0.494852 0.187561 0.063900 0.159183 0.007284 0.000000 0.026791 0.015857
0.333271
0.170287 1.000000 0.490091 0.494852 0.187561 0.063898 0.159156 0.007263 0.000000 0.026709 0.014415
0.333271
0.179182 1.000000 0.517109 0.494856 0.192744 0.069717 0.159856 0.018760 0.000000 0.043051 0.008649
0.333271
0.170630 1.000000 0.491132 0.494852 0.187561 0.063988 0.159369 0.007410 0.000000 0.027333 0.015857
0.333271
0.170273 1.000000 0.490046 0.494851 0.187129 0.063918 0.159212 0.007227 0.000000 0.026579 0.015857
0.333271
0.170162 1.000000 0.489710 0.494851 0.187129 0.063898 0.159150 0.007163 0.000000 0.026383 0.017298
0.333271
0.170664 1.000000 0.491235 0.494852 0.187561 0.063986 0.159381 0.007403 0.000000 0.027435 0.012974
0.333271
0.170252 1.000000 0.489983 0.494851 0.187129 0.063912 0.159202 0.007234 0.000000 0.026627 0.011532
0.333271
0.170238 1.000000 0.489942 0.494851 0.187129 0.063914 0.159214 0.007211 0.000000 0.026478 0.011532
0.333271
0.170419 1.000000 0.490494 0.494852 0.187561 0.064079 0.159654 0.007769 0.012908 0.028424 0.008649
0.333271
0.170273 1.000000 0.490049 0.494851 0.187129 0.063887 0.159174 0.007247 0.000000 0.026654 0.014415
0.333271
0.170211 1.000000 0.489857 0.494851 0.187129 0.063882 0.159146 0.007246 0.000000 0.026678 0.007208
0.333271
0.170384 1.000000 0.490386 0.494852 0.187561 0.064105 0.159627 0.007719 0.006454 0.028209 0.008649
0.333271
0.170227 1.000000 0.489907 0.494851 0.187129 0.063891 0.159176 0.007263 0.000000 0.026710 0.014415
0.333271
0.170175 1.000000 0.489747 0.494851 0.187129 0.063883 0.159148 0.007202 0.000000 0.026528 0.012974
0.333271
0.179573 1.000000 0.518296 0.494856 0.193176 0.069796 0.160084 0.018627 0.000000 0.042681 0.010091
0.333271
0.170523 1.000000 0.490808 0.494852 0.187561 0.063957 0.159323 0.007413 0.000000 0.027268 0.015857
0.333271
0.170269 1.000000 0.490038 0.494851 0.186697 0.063919 0.159199 0.007236 0.000000 0.026607 0.015857
0.333271
0.170232 1.000000 0.489926 0.494851 0.187129 0.063884 0.159140 0.007236 0.000000 0.026659 0.017298
0.333271
0.170739 1.000000 0.491465 0.494852 0.187561 0.063989 0.159379 0.007453 0.000000 0.027634 0.015857
0.333271
0.170232 1.000000 0.489925 0.494851 0.187129 0.063899 0.159168 0.007232 0.000000 0.026602 0.014415
0.333271
0.170180 1.000000 0.489764 0.494851 0.187129 0.063893 0.159155 0.007184 0.000000 0.026427 0.015857
0.333271
0.170205 1.000000 0.489841 0.494851 0.187129 0.064075 0.159648 0.007713 0.006454 0.028221 0.011532
0.333271
0.170234 1.000000 0.489931 0.494851 0.187129 0.063913 0.159181 0.007224 0.000000 0.026613 0.015857
0.333271
0.170255 1.000000 0.489995 0.494851 0.187129 0.063899 0.159170 0.007243 0.000000 0.026642 0.010091
0.333271
0.170376 1.000000 0.490361 0.494851 0.187129 0.064120 0.159657 0.007685 0.006454 0.028163 0.011532
0.333271
0.170184 1.000000 0.489780 0.494851 0.187129 0.063881 0.159123 0.007249 0.000000 0.026645 0.017298
0.333271
0.170152 1.000000 0.489680 0.494851 0.187129 0.063876 0.159113 0.007185 0.000000 0.026532 0.012974
0.333271
0.179728 1.000000 0.518771 0.494856 0.193176 0.069781 0.159980 0.018664 0.006454 0.042938 0.011532
0.333271
0.170612 1.000000 0.491079 0.494852 0.187561 0.063983 0.159381 0.007390 0.006454 0.027204 0.014415
0.333271
0.170175 1.000000 0.489752 0.494851 0.187129 0.063887 0.159150 0.007201 0.006454 0.026524 0.014415
0.333271
0.170140 1.000000 0.489646 0.494851 0.187129 0.063875 0.159108 0.007215 0.000000 0.026489 0.012974
0.333271
0.170641 1.000000 0.491166 0.494852 0.187561 0.063978 0.159344 0.007451 0.000000 0.027565 0.014415
0.333271
0.170365 1.000000 0.490326 0.494851 0.187129 0.063923 0.159246 0.007271 0.000000 0.026773 0.010091
0.333271
0.170175 1.000000 0.489751 0.494851 0.187129 0.063892 0.159147 0.007181 0.000000 0.026407 0.014415
0.333271
0.170452 1.000000 0.490594 0.494851 0.187129 0.064160 0.159705 0.007700 0.006454 0.028224 0.011532
0.333271
0.332796 0.333333 0.478275 0.494931 0.284742 0.064025 0.159370 0.007171 0.000000 0.026263 0.010088
0.496687
0.332728 0.333333 0.478171 0.494931 0.284742 0.064023 0.159331 0.007148 0.000000 0.026181 0.011530
0.496687
0.332871 0.333333 0.478389 0.494931 0.285174 0.064251 0.159997 0.007520 0.000000 0.027461 0.008647
0.496687
0.332688 0.333333 0.478110 0.494931 0.285174 0.064016 0.159365 0.007174 0.000000 0.026289 0.007206
0.496687
0.332760 0.333333 0.478220 0.494931 0.285174 0.064014 0.159341 0.007118 0.000000 0.026167 0.010088
0.496687
0.339892 0.333333 0.489053 0.494935 0.289925 0.070255 0.159681 0.018150 0.019358 0.039939 0.010088
0.496687
0.332606 0.333333 0.477987 0.494931 0.285174 0.064052 0.159492 0.007267 0.000000 0.026621 0.005765
0.496687
0.332641 0.333333 0.478040 0.494931 0.285174 0.064025 0.159359 0.007129 0.000000 0.026126 0.010088
0.496687
0.332673 0.333333 0.478088 0.494931 0.285174 0.064016 0.159347 0.007143 0.000000 0.026180 0.014412
0.496687
0.332498 0.333333 0.477821 0.494931 0.284742 0.064075 0.159574 0.007379 0.000000 0.027039 0.010088
0.496687
0.332885 0.333333 0.478411 0.494931 0.285174 0.064014 0.159351 0.007179 0.006453 0.026297 0.010088
0.496687
0.332664 0.333333 0.478074 0.494931 0.284742 0.064013 0.159348 0.007109 0.000000 0.026039 0.010088
0.496687
0.332801 0.333333 0.478282 0.494931 0.284742 0.064245 0.159989 0.007482 0.000000 0.027311 0.011530
0.496687
0.332581 0.333333 0.477946 0.494931 0.284742 0.064025 0.159367 0.007146 0.000000 0.026210 0.011530
0.496687
0.332751 0.333333 0.478206 0.494931 0.284742 0.064014 0.159323 0.007163 0.000000 0.026223 0.010088
0.496687
0.332660 0.333333 0.478068 0.494931 0.285174 0.064244 0.159980 0.007490 0.000000 0.027344 0.011530
0.496687
0.332745 0.333333 0.478198 0.494931 0.285174 0.064014 0.159345 0.007130 0.000000 0.026127 0.010088
0.496687
0.332800 0.333333 0.478280 0.494931 0.285174 0.064012 0.159339 0.007143 0.000000 0.026193 0.011530
0.496687
0.339890 0.333333 0.489048 0.494935 0.289925 0.070266 0.159802 0.018180 0.012905 0.039995 0.010088
0.496687
0.332628 0.333333 0.478018 0.494931 0.285174 0.064065 0.159485 0.007311 0.000000 0.026761 0.007206
0.496687
0.332708 0.333333 0.478142 0.494931 0.285174 0.064019 0.159353 0.007115 0.000000 0.026092 0.011530
0.496687
0.332730 0.333333 0.478174 0.494931 0.285174 0.064020 0.159332 0.007089 0.000000 0.025963 0.011530
0.496687
0.332518 0.333333 0.477853 0.494931 0.284742 0.064068 0.159544 0.007401 0.000000 0.027177 0.014412
0.496687
0.332778 0.333333 0.478247 0.494931 0.285174 0.064018 0.159343 0.007121 0.000000 0.026129 0.010088
0.496687
0.332778 0.333333 0.478248 0.494931 0.284742 0.064012 0.159325 0.007159 0.000000 0.026204 0.011530
0.496687
0.332505 0.333333 0.477834 0.494931 0.284742 0.064242 0.159976 0.007486 0.000000 0.027332 0.014412
0.496687
0.332794 0.333333 0.478270 0.494931 0.284742 0.064026 0.159365 0.007185 0.000000 0.026301 0.010088
0.496687
0.332707 0.333333 0.478139 0.494931 0.284742 0.064014 0.159347 0.007154 0.006453 0.026207 0.011530
0.496687
0.332901 0.333333 0.478434 0.494931 0.285174 0.064255 0.160003 0.007542 0.000000 0.027497 0.010088
0.496687
0.332703 0.333333 0.478133 0.494931 0.285174 0.064021 0.159354 0.007139 0.000000 0.026156 0.011530
0.496687
0.332762 0.333333 0.478222 0.494931 0.285174 0.064013 0.159339 0.007108 0.000000 0.026020 0.010088
0.496687
0.339883 0.333333 0.489040 0.494935 0.289925 0.070255 0.159750 0.018226 0.019358 0.040181 0.007206
0.496687
0.332533 0.333333 0.477875 0.494931 0.285174 0.064047 0.159472 0.007296 0.000000 0.026685 0.008647
0.496687
0.332726 0.333333 0.478167 0.494931 0.285174 0.064014 0.159362 0.007169 0.000000 0.026290 0.012971
0.496687
0.332339 0.333333 0.477581 0.494931 0.284742 0.064011 0.159311 0.007130 0.000000 0.026132 0.010088
0.496687
0.332503 0.333333 0.477830 0.494931 0.284742 0.064062 0.159528 0.007408 0.006453 0.027141 0.011530
0.496687
0.332761 0.333333 0.478221 0.494931 0.285174 0.064019 0.159357 0.007151 0.000000 0.026172 0.011530
0.496687
0.332338 0.333333 0.477579 0.494931 0.284742 0.064005 0.159321 0.007137 0.006453 0.026123 0.008647
0.496687
0.332895 0.333333 0.478426 0.494931 0.284742 0.064241 0.159978 0.007491 0.000000 0.027363 0.008647
0.496687
0.332676 0.333333 0.478093 0.494931 0.284742 0.064024 0.159344 0.007161 0.000000 0.026189 0.010088
0.496687
0.332757 0.333333 0.478217 0.494931 0.284742 0.064016 0.159360 0.007130 0.006453 0.026123 0.008647
0.496687
0.332810 0.333333 0.478297 0.494931 0.284742 0.064253 0.159992 0.007509 0.000000 0.027389 0.010088
0.496687
0.332567 0.333333 0.477927 0.494931 0.285174 0.064012 0.159290 0.007166 0.000000 0.026224 0.012971
0.496687
0.332728 0.333333 0.478172 0.494931 0.285174 0.064008 0.159336 0.007157 0.000000 0.026193 0.014412
0.496687
0.339882 0.333333 0.489038 0.494935 0.289925 0.070249 0.159794 0.018170 0.012905 0.040130 0.010088
0.496687
0.332715 0.333333 0.478152 0.494931 0.285174 0.064040 0.159461 0.007303 0.000000 0.026738 0.014412
0.496687
0.332756 0.333333 0.478212 0.494931 0.285174 0.064027 0.159326 0.007149 0.006453 0.026226 0.015853
0.496687
0.332812 0.333333 0.478299 0.494931 0.285174 0.064022 0.159352 0.007109 0.000000 0.026089 0.011530
0.496687
0.332633 0.333333 0.478028 0.494931 0.285174 0.064070 0.159546 0.007421 0.000000 0.027174 0.007206
0.496687
0.332555 0.333333 0.477907 0.494931 0.284742 0.064027 0.159351 0.007077 0.000000 0.025960 0.010088
0.496687
0.332689 0.333333 0.478113 0.494931 0.284742 0.064008 0.159345 0.007120 0.012905 0.026104 0.014412
0.496687
0.332875 0.333333 0.478396 0.494931 0.285174 0.064247 0.160000 0.007504 0.006453 0.027367 0.011530
0.496687
0.332725 0.333333 0.478168 0.494931 0.284742 0.064029 0.159327 0.007143 0.000000 0.026146 0.017294
0.496687
0.332264 0.333333 0.477468 0.494931 0.284742 0.064004 0.159324 0.007101 0.000000 0.026067 0.015853
0.496687
0.332780 0.333333 0.478249 0.494931 0.284742 0.064255 0.159977 0.007555 0.000000 0.027523 0.018736
0.496687
0.332551 0.333333 0.477904 0.494931 0.285174 0.064010 0.159352 0.007172 0.006453 0.026255 0.008647
0.496687
0.332317 0.333333 0.477549 0.494931 0.285174 0.064003 0.159314 0.007089 0.000000 0.026016 0.014412
0.496687
0.339823 0.333333 0.488948 0.494935 0.289925 0.070250 0.159797 0.018120 0.019358 0.040041 0.017294
0.496687
0.332774 0.333333 0.478241 0.494931 0.285174 0.064059 0.159489 0.007344 0.000000 0.026855 0.014412
0.496687
0.332705 0.333333 0.478137 0.494931 0.285174 0.064024 0.159353 0.007171 0.000000 0.026260 0.017294
0.496687
0.332711 0.333333 0.478146 0.494931 0.285174 0.064012 0.159350 0.007082 0.000000 0.025974 0.014412
0.496687
0.332336 0.333333 0.477576 0.494931 0.284742 0.064070 0.159550 0.007394 0.000000 0.027140 0.015853
0.496687
0.332822 0.333333 0.478313 0.494931 0.285174 0.064027 0.159366 0.007147 0.000000 0.026176 0.015853
0.496687
0.332711 0.333333 0.478147 0.494931 0.285174 0.064014 0.159328 0.007170 0.000000 0.026246 0.017294
0.496687
0.332667 0.333333 0.478079 0.494931 0.284742 0.064243 0.159996 0.007507 0.000000 0.027411 0.014412
0.496687
0.332618 0.333333 0.478002 0.494930 0.284311 0.064025 0.159345 0.007165 0.000000 0.026234 0.011530
0.496687
0.332697 0.333333 0.478124 0.494931 0.284742 0.064018 0.159351 0.007142 0.000000 0.026147 0.020177
0.496687
0.332734 0.333333 0.478180 0.494931 0.284742 0.064252 0.159996 0.007515 0.000000 0.027410 0.020177
0.496687
0.332783 0.333333 0.478254 0.494931 0.284742 0.064027 0.159353 0.007176 0.000000 0.026298 0.018736
0.496687
0.332697 0.333333 0.478124 0.494931 0.285174 0.064004 0.159337 0.007151 0.000000 0.026119 0.014412
0.496687
0.339936 0.333333 0.489119 0.494935 0.289925 0.070249 0.159795 0.018182 0.019358 0.040141 0.012971
0.496687
0.332644 0.333333 0.478043 0.494931 0.285174 0.064055 0.159487 0.007332 0.000000 0.026819 0.017294
0.496687
0.332741 0.333333 0.478192 0.494931 0.285174 0.064025 0.159348 0.007181 0.000000 0.026289 0.014412
0.496687
0.332723 0.333333 0.478164 0.494931 0.285174 0.064016 0.159342 0.007122 0.000000 0.026143 0.015853
0.496687
0.332383 0.333333 0.477646 0.494931 0.284742 0.064067 0.159530 0.007399 0.000000 0.027133 0.014412
0.496687
0.332805 0.333333 0.478289 0.494931 0.285174 0.064023 0.159349 0.007163 0.000000 0.026194 0.015853
0.496687
0.332750 0.333333 0.478205 0.494931 0.285174 0.064018 0.159352 0.007146 0.000000 0.026171 0.020177
0.496687
0.332730 0.333333 0.478176 0.494931 0.285174 0.064235 0.159977 0.007520 0.000000 0.027426 0.012971
0.496687
0.332718 0.333333 0.478156 0.494931 0.284742 0.064022 0.159370 0.007159 0.000000 0.026202 0.018736
0.496687
0.332721 0.333333 0.478160 0.494931 0.284742 0.064023 0.159327 0.007105 0.000000 0.026025 0.015853
0.496687
0.332780 0.333333 0.478250 0.494931 0.284742 0.064245 0.160005 0.007533 0.000000 0.027450 0.015853
0.496687
0.332766 0.333333 0.478230 0.494931 0.284742 0.064027 0.159365 0.007128 0.000000 0.026163 0.017294
0.496687
0.332720 0.333333 0.478159 0.494931 0.285174 0.064014 0.159340 0.007143 0.000000 0.026148 0.011530
0.496687
0.339957 0.333333 0.489152 0.494935 0.289925 0.070251 0.159689 0.018196 0.019358 0.040149 0.010088
0.496687
0.332593 0.333333 0.477967 0.494931 0.285174 0.064054 0.159494 0.007245 0.006453 0.026560 0.010088
0.496687
0.332711 0.333333 0.478145 0.494931 0.285174 0.064019 0.159349 0.007122 0.006453 0.026077 0.010088
0.496687
0.332752 0.333333 0.478208 0.494931 0.285174 0.064022 0.159345 0.007122 0.000000 0.026093 0.010088
0.496687
0.332748 0.333333 0.478201 0.494931 0.285174 0.064067 0.159559 0.007378 0.000000 0.027041 0.010088
0.496687
0.332850 0.333333 0.478357 0.494931 0.285174 0.064025 0.159360 0.007151 0.000000 0.026205 0.010088
0.496687
0.332816 0.333333 0.478305 0.494931 0.285174 0.064020 0.159329 0.007144 0.000000 0.026177 0.012971
0.496687
0.332844 0.333333 0.478349 0.494931 0.285174 0.064233 0.159991 0.007518 0.000000 0.027402 0.008647
0.496687
0.332737 0.333333 0.478186 0.494931 0.284742 0.064006 0.159317 0.007140 0.000000 0.026147 0.011530
0.496687
0.332873 0.333333 0.478392 0.494931 0.284742 0.064021 0.159314 0.007138 0.000000 0.026161 0.007206
0.496687
0.332912 0.333333 0.478451 0.494931 0.284742 0.064252 0.159983 0.007503 0.000000 0.027357 0.011530
0.496687
0.332677 0.333333 0.478094 0.494931 0.284742 0.064023 0.159349 0.007134 0.000000 0.026105 0.011530
0.496687
0.332802 0.333333 0.478283 0.494931 0.285174 0.064011 0.159317 0.007087 0.000000 0.025963 0.014412
0.496687
0.339874 0.333333 0.489023 0.494935 0.289925 0.070256 0.159798 0.018148 0.019358 0.040081 0.011529
0.496687
0.332660 0.333333 0.478069 0.494931 0.285174 0.064052 0.159490 0.007267 0.000000 0.026590 0.012971
0.496687
0.332726 0.333333 0.478169 0.494931 0.285174 0.064032 0.159361 0.007142 0.000000 0.026210 0.014412
0.496687
0.332751 0.333333 0.478208 0.494931 0.285174 0.064025 0.159350 0.007119 0.000000 0.026081 0.010088
0.496687
0.332716 0.333333 0.478152 0.494931 0.285174 0.064060 0.159545 0.007385 0.000000 0.027063 0.012971
0.496687
0.332656 0.333333 0.478061 0.494931 0.285174 0.064024 0.159363 0.007133 0.000000 0.026117 0.012971
0.496687
0.332726 0.333333 0.478168 0.494931 0.285174 0.064024 0.159344 0.007114 0.006453 0.026122 0.010088
0.496687
0.332770 0.333333 0.478233 0.494931 0.285174 0.064242 0.159997 0.007468 0.006453 0.027297 0.007206
0.496687
0.332888 0.333333 0.478415 0.494931 0.285174 0.064018 0.159331 0.007153 0.000000 0.026266 0.012971
0.496687
0.332811 0.333333 0.478297 0.494931 0.284742 0.064018 0.159361 0.007144 0.000000 0.026169 0.011530
0.496687
0.332759 0.333333 0.478218 0.494931 0.284742 0.064257 0.159999 0.007496 0.000000 0.027387 0.010088
0.496687
0.332455 0.333333 0.477757 0.494931 0.284742 0.064015 0.159341 0.007192 0.000000 0.026300 0.012971
0.496687
0.332375 0.333333 0.477635 0.494931 0.284742 0.064009 0.159328 0.007116 0.000000 0.026097 0.010088
0.496687
0.339937 0.333333 0.489121 0.494935 0.289925 0.070255 0.159812 0.018185 0.019358 0.040271 0.010088
0.496687
0.332646 0.333333 0.478045 0.494931 0.285174 0.064040 0.159465 0.007307 0.000000 0.026750 0.010088
0.496687
0.332716 0.333333 0.478152 0.494931 0.285174 0.064016 0.159344 0.007132 0.000000 0.026139 0.011530
0.496687
0.332810 0.333333 0.478297 0.494931 0.285174 0.064014 0.159321 0.007140 0.000000 0.026160 0.012971
0.496687
0.332539 0.333333 0.477883 0.494931 0.285174 0.064067 0.159546 0.007449 0.000000 0.027317 0.012971
0.496687
0.332740 0.333333 0.478191 0.494931 0.285174 0.064028 0.159352 0.007130 0.000000 0.026126 0.008647
0.496687
0.332651 0.333333 0.478054 0.494931 0.285174 0.064024 0.159341 0.007111 0.000000 0.026070 0.012971
0.496687
0.332935 0.333333 0.478485 0.494931 0.285174 0.064250 0.160008 0.007536 0.000000 0.027593 0.011530
0.496687
0.332621 0.333333 0.478008 0.494931 0.284742 0.064020 0.159302 0.007172 0.000000 0.026253 0.010088
0.496687
0.332770 0.333333 0.478234 0.494931 0.284742 0.064016 0.159347 0.007098 0.000000 0.026024 0.010088
0.496687
0.332952 0.333333 0.478513 0.494931 0.285174 0.064254 0.159984 0.007504 0.000000 0.027397 0.011530
0.496687
0.332628 0.333333 0.478020 0.494931 0.284742 0.064020 0.159341 0.007176 0.000000 0.026264 0.011530
0.496687
0.332736 0.333333 0.478184 0.494931 0.284742 0.064022 0.159338 0.007099 0.000000 0.026049 0.011530
0.496687
0.340062 0.333333 0.489310 0.494935 0.289925 0.070304 0.159833 0.018235 0.019358 0.040174 0.015853
0.496687
0.332584 0.333333 0.477953 0.494931 0.285174 0.064037 0.159455 0.007252 0.000000 0.026558 0.012971
0.496687
0.332608 0.333333 0.477990 0.494931 0.285174 0.064018 0.159341 0.007130 0.000000 0.026106 0.011530
0.496687
0.332762 0.333333 0.478223 0.494931 0.285174 0.064015 0.159329 0.007116 0.000000 0.026114 0.010088
0.496687
0.332657 0.333333 0.478063 0.494931 0.285174 0.064069 0.159544 0.007409 0.000000 0.027152 0.012971
0.496687
0.332816 0.333333 0.478306 0.494931 0.285174 0.064020 0.159350 0.007161 0.000000 0.026221 0.007206
0.496687
0.332765 0.333333 0.478228 0.494931 0.285174 0.064012 0.159331 0.007119 0.000000 0.026046 0.012971
0.496687
0.332680 0.333333 0.478097 0.494931 0.285174 0.064243 0.159986 0.007525 0.000000 0.027510 0.011530
0.496687
0.332738 0.333333 0.478186 0.494931 0.285174 0.064021 0.159346 0.007158 0.000000 0.026248 0.010088
0.496687
0.332339 0.333333 0.477579 0.494931 0.284742 0.064015 0.159339 0.007114 0.000000 0.026073 0.011530
0.496687
0.332700 0.333333 0.478129 0.494931 0.284742 0.064252 0.159990 0.007534 0.000000 0.027516 0.008647
0.496687
0.332660 0.333333 0.478069 0.494931 0.284742 0.064019 0.159358 0.007118 0.000000 0.026055 0.010088
0.496687
0.332277 0.333333 0.477486 0.494931 0.284742 0.064013 0.159328 0.007070 0.000000 0.025952 0.011530
0.496687
0.339855 0.333333 0.488997 0.494935 0.289925 0.070264 0.159796 0.018178 0.012905 0.040186 0.008647
0.496687
0.332623 0.333333 0.478011 0.494934 0.285174 0.064054 0.159503 0.007340 0.000000 0.026918 0.010088
0.496687
0.332771 0.333333 0.478237 0.494931 0.285174 0.064014 0.159349 0.007137 0.000000 0.026115 0.010088
0.496687
0.332730 0.333333 0.478175 0.494931 0.285174 0.064015 0.159342 0.007098 0.000000 0.026016 0.007206
0.496687
0.332589 0.333333 0.477961 0.494931 0.285174 0.064069 0.159551 0.007387 0.000000 0.027022 0.008647
0.496687
0.332803 0.333333 0.478285 0.494931 0.285174 0.064014 0.159356 0.007132 0.000000 0.026186 0.012971
0.496687
0.332768 0.333333 0.478232 0.494931 0.285174 0.064026 0.159358 0.007151 0.000000 0.026222 0.011530
0.496687
0.332790 0.333333 0.478266 0.494931 0.285174 0.064248 0.159982 0.007498 0.000000 0.027401 0.008647
0.496687
0.332635 0.333333 0.478031 0.494931 0.284742 0.064024 0.159360 0.007142 0.000000 0.026124 0.017294
0.496687
0.332783 0.333333 0.478255 0.494931 0.285174 0.064007 0.159344 0.007148 0.006453 0.026212 0.008647
0.496687
0.332903 0.333333 0.478438 0.494931 0.285174 0.064259 0.159986 0.007480 0.000000 0.027296 0.011530
0.496687
0.332694 0.333333 0.478118 0.494931 0.284742 0.064032 0.159372 0.007168 0.000000 0.026263 0.014412
0.496687
0.332821 0.333333 0.478311 0.494931 0.284742 0.064018 0.159346 0.007164 0.000000 0.026275 0.010088
0.496687
0.339936 0.333333 0.489120 0.494935 0.289494 0.070252 0.159707 0.018179 0.025811 0.040099 0.012971
0.496687
0.332672 0.333333 0.478086 0.494931 0.285174 0.064048 0.159481 0.007315 0.000000 0.026801 0.014412
0.496687
0.332738 0.333333 0.478186 0.494931 0.285174 0.064012 0.159337 0.007141 0.000000 0.026187 0.018736
0.496687
0.502397 0.111111 0.481519 0.495019 0.393478 0.068923 0.163057 0.014518 0.000000 0.036539 0.021612
0.658281
0.496799 0.111111 0.475851 0.495015 0.389159 0.065329 0.163013 0.008344 0.006451 0.030326 0.017290
0.658281
0.495101 0.111111 0.474131 0.495015 0.388727 0.065191 0.162898 0.007326 0.000000 0.026667 0.021608
0.658281
0.495632 0.111111 0.474669 0.495015 0.389159 0.065284 0.162884 0.008042 0.000000 0.028847 0.014408
0.658281
0.496437 0.111111 0.475485 0.495015 0.389159 0.065368 0.163235 0.008832 0.006451 0.031946 0.012967
0.658281
0.494459 0.111111 0.473481 0.495015 0.388295 0.065155 0.162606 0.007120 0.000000 0.025910 0.015849
0.658281
0.496031 0.111111 0.475072 0.495015 0.389159 0.065281 0.162925 0.008044 0.000000 0.029109 0.017290
0.658281
0.496722 0.111111 0.475773 0.495015 0.389159 0.065336 0.163139 0.008752 0.012902 0.031634 0.014408
0.658281
0.494522 0.111111 0.473545 0.495015 0.388727 0.065206 0.162979 0.007119 0.000000 0.025831 0.021613
0.658281
0.495684 0.111111 0.474721 0.495015 0.389159 0.065243 0.162748 0.008126 0.000000 0.029264 0.018731
0.658281
0.502195 0.111111 0.481315 0.495019 0.393478 0.068393 0.163216 0.014543 0.006450 0.038514 0.017288
0.658281
0.495048 0.111111 0.474078 0.495015 0.388727 0.065136 0.162726 0.007052 0.006451 0.025777 0.017290
0.658281
0.496227 0.111111 0.475271 0.495015 0.389159 0.065349 0.163127 0.008153 0.000000 0.029438 0.018731
0.658281
0.502006 0.111111 0.481123 0.495019 0.393478 0.068903 0.162968 0.014647 0.006451 0.037084 0.014408
0.658281
0.495562 0.111111 0.474598 0.495015 0.388727 0.065220 0.162906 0.007117 0.000000 0.025736 0.015849
0.658281
0.496202 0.111111 0.475245 0.495015 0.389159 0.065327 0.163006 0.008064 0.006451 0.029149 0.015849
0.658281
0.496430 0.111111 0.475477 0.495015 0.389159 0.065286 0.162847 0.008254 0.000000 0.029748 0.012966
0.658281
0.494928 0.111111 0.473956 0.495015 0.388727 0.065307 0.163227 0.007525 0.000000 0.027326 0.012968
0.658281
0.496242 0.111111 0.475285 0.495015 0.389159 0.065271 0.162803 0.008147 0.000000 0.029395 0.017290
0.658281
0.496292 0.111111 0.475337 0.495015 0.389159 0.065260 0.162927 0.008180 0.006451 0.029764 0.014408
0.658281
0.494622 0.111111 0.473645 0.495015 0.388295 0.065184 0.162760 0.007526 0.006451 0.027166 0.020172
0.658281
0.496518 0.111111 0.475566 0.495016 0.389591 0.065263 0.162947 0.008154 0.000000 0.029433 0.018731
0.658281
0.496177 0.111111 0.475220 0.495015 0.388727 0.065225 0.162875 0.008179 0.012902 0.029596 0.014408
0.658281
0.500264 0.111111 0.479360 0.495017 0.390887 0.068622 0.163151 0.013842 0.000000 0.034534 0.015849
0.658281
0.496638 0.111111 0.475688 0.495015 0.389159 0.065361 0.163058 0.008224 0.006451 0.029959 0.017290
0.658281
0.496380 0.111111 0.475425 0.495015 0.389159 0.065278 0.162852 0.008262 0.000000 0.029831 0.021611
0.658281
0.500159 0.111111 0.479254 0.495017 0.390887 0.068872 0.162782 0.013930 0.000000 0.033253 0.017290
0.658281
0.496244 0.111111 0.475288 0.495015 0.389159 0.065280 0.163036 0.008333 0.006451 0.030085 0.012968
0.658281
0.496174 0.111111 0.475217 0.495015 0.389159 0.065237 0.162870 0.008192 0.000000 0.029751 0.015849
0.658281
0.494473 0.111111 0.473495 0.495015 0.388295 0.065164 0.162806 0.007061 0.000000 0.025730 0.017290
0.658281
0.496494 0.111111 0.475541 0.495015 0.389159 0.065415 0.163224 0.008718 0.000000 0.031383 0.012967
0.658281
0.496445 0.111111 0.475491 0.495015 0.389159 0.065344 0.162948 0.008140 0.006451 0.029583 0.014408
0.658281
0.494882 0.111111 0.473909 0.495015 0.388295 0.065232 0.162800 0.007016 0.000000 0.025596 0.018727
0.658281
0.496204 0.111111 0.475249 0.495015 0.389159 0.065318 0.163041 0.008716 0.000000 0.031278 0.017290
0.658281
0.496207 0.111111 0.475251 0.495015 0.389159 0.065225 0.162822 0.008141 0.000000 0.029498 0.017290
0.658281
0.494513 0.111111 0.473536 0.495015 0.388295 0.064983 0.162173 0.006886 0.000000 0.025329 0.018731
0.658281
0.502327 0.111111 0.481448 0.495019 0.393478 0.068430 0.163117 0.014535 0.000000 0.038262 0.015849
0.658281
0.496966 0.111111 0.476019 0.495016 0.389591 0.065337 0.163045 0.008332 0.006451 0.030260 0.015849
0.658281
0.494560 0.111111 0.473582 0.495015 0.388295 0.064879 0.161879 0.006893 0.000000 0.025057 0.017290
0.658281
0.502491 0.111111 0.481616 0.495019 0.393910 0.068814 0.162927 0.014698 0.006451 0.037106 0.017290
0.658281
0.496727 0.111111 0.475778 0.495016 0.389591 0.065230 0.162707 0.008351 0.000000 0.030121 0.018729
0.658281
0.494407 0.111111 0.473429 0.495015 0.388295 0.064889 0.161857 0.006917 0.006451 0.025149 0.015849
0.658281
0.496169 0.111111 0.475211 0.495015 0.389159 0.065236 0.162824 0.008093 0.006451 0.029325 0.017290
0.658281
0.496427 0.111111 0.475473 0.495015 0.389159 0.065394 0.163287 0.008641 0.006451 0.031292 0.011527
0.658281
0.495562 0.111111 0.474598 0.495015 0.388727 0.064994 0.161897 0.007036 0.000000 0.025599 0.017290
0.658281
0.496086 0.111111 0.475128 0.495015 0.389159 0.065267 0.162981 0.008060 0.000000 0.029338 0.017289
0.658281
0.496391 0.111111 0.475438 0.495016 0.389591 0.065338 0.163026 0.008660 0.006451 0.031238 0.014408
0.658281
0.494759 0.111111 0.473785 0.495015 0.388727 0.065234 0.162783 0.007339 0.000000 0.026423 0.012968
0.658281
0.496267 0.111111 0.475311 0.495015 0.389159 0.065252 0.162977 0.008246 0.000000 0.029698 0.010086
0.658281
0.501899 0.111111 0.481015 0.495019 0.393478 0.068398 0.163172 0.014458 0.000000 0.038195 0.007203
0.658281
0.495185 0.111111 0.474216 0.495015 0.388727 0.065261 0.162834 0.007495 0.000000 0.026910 0.018731
0.658281
0.496519 0.111111 0.475565 0.495016 0.389591 0.065351 0.163108 0.008224 0.000000 0.029723 0.020172
0.658281
0.501888 0.111111 0.481006 0.495019 0.393478 0.068865 0.162801 0.014620 0.000000 0.036640 0.015849
0.658281
0.494185 0.111111 0.473206 0.495015 0.388295 0.064752 0.161626 0.006620 0.000000 0.024474 0.012968
0.658281
0.496501 0.111111 0.475547 0.495015 0.389159 0.065281 0.162904 0.008191 0.000000 0.029667 0.014408
0.658281
0.495997 0.111111 0.475039 0.495015 0.389159 0.065264 0.162860 0.008062 0.000000 0.029186 0.014408
0.658281
0.495516 0.111111 0.474552 0.495015 0.388727 0.065409 0.163256 0.008019 0.000000 0.028978 0.010083
0.658281
0.496544 0.111111 0.475592 0.495016 0.389591 0.065281 0.162952 0.008154 0.000000 0.029571 0.011527
0.658281
0.495927 0.111111 0.474966 0.495015 0.389159 0.065265 0.162816 0.008071 0.000000 0.029092 0.008645
0.658281
0.495156 0.111111 0.474188 0.495015 0.388727 0.065360 0.163172 0.007901 0.000000 0.028478 0.012968
0.658281
0.496378 0.111111 0.475423 0.495015 0.389159 0.065280 0.162966 0.008247 0.000000 0.029846 0.012968
0.658281
0.495806 0.111111 0.474845 0.495015 0.388727 0.065246 0.162809 0.008062 0.006451 0.029337 0.011527
0.658281
0.501236 0.111111 0.480344 0.495017 0.391318 0.068697 0.162294 0.014493 0.000000 0.034807 0.012967
0.658281
0.496568 0.111111 0.475615 0.495016 0.389591 0.065282 0.163010 0.008351 0.000000 0.030360 0.012967
0.658281
0.496223 0.111111 0.475268 0.495015 0.389159 0.065273 0.162936 0.008118 0.000000 0.029405 0.011527
0.658281
0.502249 0.111111 0.481370 0.495019 0.393478 0.069003 0.162842 0.014368 0.000000 0.035180 0.014408
0.658281
0.496826 0.111111 0.475877 0.495016 0.389591 0.065352 0.163143 0.008343 0.000000 0.030122 0.012967
0.658281
0.495941 0.111111 0.474982 0.495015 0.389159 0.065236 0.162697 0.008005 0.000000 0.028953 0.011527
0.658281
0.494898 0.111111 0.473926 0.495015 0.388295 0.065238 0.162779 0.007283 0.000000 0.026254 0.011527
0.658281
0.496553 0.111111 0.475601 0.495015 0.389159 0.065362 0.163152 0.008769 0.000000 0.031805 0.012967
0.658281
0.496089 0.111111 0.475131 0.495015 0.389159 0.065248 0.162893 0.008027 0.000000 0.029139 0.014408
0.658281
0.494845 0.111111 0.473872 0.495015 0.388295 0.065381 0.163388 0.007485 0.006451 0.027121 0.011527
0.658281
0.496548 0.111111 0.475597 0.495015 0.389159 0.065334 0.163157 0.008751 0.006451 0.031751 0.005763
0.658281
0.496109 0.111111 0.475152 0.495015 0.389159 0.065283 0.162886 0.008069 0.000000 0.029199 0.008645
0.658281
0.489286 0.111111 0.468243 0.495011 0.384408 0.064771 0.162604 0.006487 0.000000 0.024005 0.020261
0.658281
0.501932 0.111111 0.481048 0.495017 0.391318 0.068501 0.163336 0.014492 0.000000 0.038499 0.010086
0.658281
0.496419 0.111111 0.475465 0.495016 0.389591 0.065296 0.162853 0.008183 0.000000 0.029550 0.007204
0.658281
0.489260 0.111111 0.468219 0.495011 0.384408 0.064791 0.162668 0.006494 0.006480 0.024049 0.015919
0.658281
0.502820 0.111111 0.481947 0.495019 0.393910 0.068879 0.163138 0.014741 0.000000 0.037275 0.008645
0.658281
0.496265 0.111111 0.475310 0.495015 0.389159 0.065288 0.162997 0.008214 0.000000 0.029854 0.008645
0.658281
0.494530 0.111111 0.473555 0.495015 0.388295 0.065326 0.163249 0.007471 0.000000 0.026952 0.014408
0.658281
0.495992 0.111111 0.475032 0.495015 0.388727 0.065206 0.162703 0.008192 0.000000 0.029620 0.011527
0.658281
0.496169 0.111111 0.475213 0.495015 0.389159 0.065358 0.163106 0.008546 0.006451 0.030944 0.012967
0.658281
0.494438 0.111111 0.473460 0.495015 0.388727 0.065381 0.163709 0.007361 0.000000 0.026674 0.012972
0.658281
0.496483 0.111111 0.475530 0.495015 0.389159 0.065351 0.163041 0.008214 0.000000 0.029659 0.014408
0.658281
0.496145 0.111111 0.475187 0.495015 0.389159 0.065312 0.163059 0.008474 0.006451 0.030649 0.008645
0.658281
0.494837 0.111111 0.473864 0.495015 0.388295 0.065313 0.163188 0.007553 0.000000 0.027015 0.010088
0.658281
0.496001 0.111111 0.475042 0.495015 0.388727 0.065254 0.162754 0.008153 0.000000 0.029516 0.012968
0.658281
0.501541 0.111111 0.480654 0.495084 0.393478 0.068407 0.163254 0.014461 0.000000 0.037909 0.011526
0.658281
0.495160 0.111111 0.474191 0.495015 0.388727 0.065267 0.163040 0.007597 0.000000 0.027396 0.008645
0.658281
0.496604 0.111111 0.475652 0.495016 0.389591 0.065327 0.162938 0.008261 0.000000 0.029851 0.011527
0.658281
0.501792 0.111111 0.480906 0.495019 0.393478 0.068893 0.162809 0.014543 0.000000 0.036484 0.011527
0.658281
0.495494 0.111111 0.474529 0.495015 0.388727 0.065043 0.162094 0.007443 0.000000 0.027104 0.012968
0.658281
0.495987 0.111111 0.475027 0.495015 0.388727 0.065265 0.163004 0.008216 0.000000 0.029869 0.011527
0.658281
0.495778 0.111111 0.474817 0.495015 0.389159 0.065278 0.163016 0.007951 0.000000 0.028842 0.012967
0.658281
0.495223 0.111111 0.474255 0.495015 0.388727 0.065029 0.162253 0.007861 0.000000 0.028401 0.011527
0.658281
0.496633 0.111111 0.475683 0.495016 0.389591 0.065262 0.162969 0.008321 0.000000 0.030004 0.012967
0.658281
0.495728 0.111111 0.474766 0.495015 0.389159 0.065299 0.163047 0.007944 0.000000 0.028875 0.010086
0.658281
0.495978 0.111111 0.475018 0.495015 0.389159 0.065132 0.162173 0.007885 0.000000 0.028635 0.010086
0.658281
0.496379 0.111111 0.475425 0.495015 0.389159 0.065274 0.162937 0.008229 0.006451 0.029950 0.011526
0.658281
0.495765 0.111111 0.474804 0.495089 0.388727 0.065200 0.162782 0.007955 0.000000 0.028761 0.011525
0.658281
0.501088 0.111111 0.480195 0.495017 0.390887 0.068320 0.162304 0.013806 0.000000 0.035299 0.015849
0.658281
0.496843 0.111111 0.475896 0.495016 0.389591 0.065260 0.162878 0.008443 0.000000 0.030552 0.017290
0.658281
0.495401 0.111111 0.474435 0.495015 0.388727 0.065201 0.162808 0.007931 0.000000 0.028801 0.018731
0.658281
0.500784 0.111111 0.479886 0.495017 0.390887 0.068553 0.162053 0.014084 0.000000 0.034755 0.018731
0.658281
0.496478 0.111111 0.475525 0.495015 0.389159 0.065286 0.162990 0.008395 0.006451 0.030509 0.015849
0.658281
0.495678 0.111111 0.474716 0.495015 0.388727 0.065191 0.162773 0.007967 0.000000 0.028778 0.018729
0.658281
0.495419 0.111111 0.474452 0.495015 0.389159 0.065033 0.162015 0.007440 0.006451 0.026895 0.012967
0.658281
0.496494 0.111111 0.475541 0.495016 0.389591 0.065319 0.163092 0.008885 0.006451 0.031943 0.010086
0.658281
0.495320 0.111111 0.474352 0.495015 0.388727 0.065260 0.162895 0.007898 0.000000 0.028747 0.015849
0.658281
0.494922 0.111111 0.473948 0.495015 0.388727 0.065146 0.162576 0.007688 0.000000 0.027638 0.015849
0.658281
0.496570 0.111111 0.475619 0.495015 0.389159 0.065324 0.163134 0.008839 0.000000 0.032015 0.015849
0.658281
0.495812 0.111111 0.474852 0.495015 0.388727 0.065197 0.162831 0.007938 0.000000 0.028634 0.020169
0.658281
0.496624 0.111111 0.475672 0.495016 0.389591 0.065348 0.162991 0.007669 0.000000 0.027768 0.021612
0.658281
0.501986 0.111111 0.481104 0.495019 0.393478 0.068437 0.163246 0.014551 0.000000 0.038586 0.011527
0.658281
0.495579 0.111111 0.474616 0.495015 0.388727 0.065213 0.162880 0.007935 0.000000 0.028933 0.014408
0.658281
0.495071 0.111111 0.474100 0.495015 0.388727 0.065185 0.162783 0.007903 0.006452 0.028481 0.017292
0.658281
0.502390 0.111111 0.481512 0.495019 0.393478 0.068765 0.162995 0.014756 0.000000 0.037449 0.015849
0.658281
0.496042 0.111111 0.475084 0.495015 0.388727 0.065214 0.162845 0.007989 0.000000 0.028861 0.014407
0.658281
0.496457 0.111111 0.475503 0.495016 0.389591 0.065396 0.163204 0.007817 0.006451 0.028223 0.014408
0.658281
0.496255 0.111111 0.475300 0.495015 0.389159 0.065265 0.162927 0.008261 0.000000 0.029972 0.017290
0.658281
0.495759 0.111111 0.474797 0.495015 0.389159 0.065329 0.163085 0.008274 0.000000 0.030021 0.021612
0.658281
0.495181 0.111111 0.474212 0.495015 0.388727 0.065188 0.162811 0.008019 0.000000 0.028783 0.014412
0.658281
0.496421 0.111111 0.475468 0.495015 0.389159 0.065237 0.162766 0.008247 0.000000 0.029879 0.014408
0.658281
0.495837 0.111111 0.474878 0.495015 0.388727 0.065260 0.163013 0.008332 0.000000 0.030096 0.014407
0.658281
0.495935 0.111111 0.474975 0.495015 0.389159 0.065263 0.162947 0.007998 0.006451 0.028867 0.012967
0.658281
0.496162 0.111111 0.475205 0.495015 0.389159 0.065236 0.162857 0.008179 0.000000 0.029583 0.018730
0.658281
0.501232 0.111111 0.480341 0.495017 0.391318 0.068485 0.163073 0.014459 0.000000 0.037497 0.018731
0.658281
0.495433 0.111111 0.474468 0.495015 0.388727 0.065262 0.162912 0.008186 0.006453 0.029414 0.012970
0.658281
0.496342 0.111111 0.475388 0.495015 0.389159 0.065312 0.163019 0.008229 0.000000 0.029845 0.014408
0.658281
0.502145 0.111111 0.481265 0.495019 0.393478 0.068962 0.162697 0.014578 0.000000 0.036220 0.017290
0.658281
0.496386 0.111111 0.475433 0.495016 0.389591 0.065318 0.162942 0.008045 0.000000 0.029129 0.018731
0.658281
0.496419 0.111111 0.475466 0.495016 0.389591 0.065292 0.163073 0.008317 0.000000 0.030031 0.017290
0.658281
0.495706 0.111111 0.474745 0.495015 0.389159 0.065217 0.162732 0.007669 0.006451 0.027767 0.011527
0.658281
0.495908 0.111111 0.474948 0.495015 0.389159 0.065392 0.163236 0.008559 0.006451 0.030888 0.014408
0.658281
0.496525 0.111111 0.475572 0.495015 0.389159 0.065290 0.162889 0.008216 0.000000 0.029884 0.018731
0.658281
0.494782 0.111111 0.473808 0.495015 0.388295 0.065200 0.162789 0.007633 0.000000 0.027863 0.015849
0.658281
0.495774 0.111111 0.474812 0.495015 0.389159 0.065325 0.162964 0.008536 0.000000 0.030709 0.017292
0.658281
0.496363 0.111111 0.475407 0.495016 0.389591 0.065267 0.162886 0.008332 0.006451 0.030270 0.014407
0.658281
0.495437 0.111111 0.474471 0.495015 0.388727 0.065237 0.162992 0.007691 0.000000 0.027824 0.015847
0.658281
0.502179 0.111111 0.481299 0.495019 0.393478 0.068619 0.163342 0.014340 0.006451 0.037662 0.012967
0.658281
0.496750 0.111111 0.475800 0.495015 0.389159 0.065238 0.162893 0.008421 0.000000 0.030453 0.018731
0.658281
0.494992 0.111111 0.474021 0.495015 0.388727 0.065172 0.162706 0.007560 0.000000 0.027527 0.018731
0.658281
0.501580 0.111111 0.480693 0.495017 0.391318 0.068833 0.162839 0.014619 0.006454 0.036697 0.015856
0.658281
0.496819 0.111111 0.475870 0.495016 0.389591 0.065323 0.163056 0.008405 0.000000 0.030622 0.021612
0.658281
0.495453 0.111111 0.474487 0.495015 0.388295 0.065227 0.162924 0.007560 0.000000 0.027509 0.014408
0.658281
0.495636 0.111111 0.474673 0.495015 0.389159 0.065300 0.163025 0.008052 0.006451 0.028920 0.011527
0.658281
0.496529 0.111111 0.475576 0.495015 0.389159 0.065331 0.162956 0.008815 0.000000 0.031778 0.012967
0.658281
0.495302 0.111111 0.474336 0.495015 0.388727 0.065166 0.162616 0.007550 0.000000 0.027499 0.011527
0.658281
0.496226 0.111111 0.475270 0.495015 0.389159 0.065375 0.163028 0.007870 0.000000 0.028554 0.015849
0.658281
0.507553 0.000000 0.475410 0.495021 0.396070 0.065336 0.163007 0.008814 0.006451 0.031786 0.017290
0.658281
0.657959 0.000000 0.472479 0.495095 0.486341 0.062823 0.156911 0.007676 0.000000 0.027737 0.014405
0.658281
0.656461 0.000000 0.471342 0.495092 0.483749 0.062800 0.156862 0.006726 0.006450 0.024395 0.017286
0.658281
0.669358 0.000000 0.481135 0.495100 0.492819 0.069477 0.156208 0.019312 0.019348 0.041605 0.021607
0.658281
0.658200 0.000000 0.472662 0.495095 0.487204 0.062935 0.157058 0.007409 0.000000 0.026726 0.020163
0.658281
0.656865 0.000000 0.471648 0.495095 0.486341 0.062635 0.156060 0.006808 0.000000 0.024502 0.017286
0.658281
0.669530 0.000000 0.481267 0.495100 0.493683 0.070321 0.156015 0.020320 0.012899 0.041501 0.023047
0.658281
0.657269 0.000000 0.471955 0.495094 0.485909 0.062993 0.157172 0.007301 0.006450 0.026390 0.020167
0.658281
0.657325 0.000000 0.471998 0.495094 0.485909 0.062825 0.157009 0.007667 0.000000 0.027637 0.023052
0.658281
0.657950 0.000000 0.472473 0.495095 0.486772 0.062847 0.156764 0.007758 0.000000 0.027932 0.020166
0.658281
0.656890 0.000000 0.471667 0.495095 0.486341 0.063005 0.157174 0.006997 0.000000 0.025389 0.018726
0.658281
0.658229 0.000000 0.472685 0.495095 0.487204 0.062792 0.156706 0.007755 0.000000 0.027846 0.020169
0.658281
0.657841 0.000000 0.472390 0.495095 0.486341 0.062822 0.156893 0.007582 0.006450 0.027484 0.015845
0.658281
0.657265 0.000000 0.471952 0.495094 0.485909 0.062876 0.157166 0.007299 0.006450 0.026382 0.015845
0.658281
0.657974 0.000000 0.472490 0.495095 0.486341 0.062775 0.156706 0.007896 0.000000 0.028472 0.024487
0.658281
0.657487 0.000000 0.472121 0.495095 0.486341 0.062640 0.156072 0.006930 0.000000 0.025186 0.020167
0.658281
0.668161 0.000000 0.480227 0.495100 0.493251 0.069278 0.155506 0.018263 0.025798 0.038283 0.018726
0.658281
0.658462 0.000000 0.472861 0.495095 0.487204 0.062876 0.156846 0.007978 0.000000 0.028693 0.021607
0.658281
0.656839 0.000000 0.471629 0.495094 0.485909 0.062979 0.157215 0.007044 0.000000 0.025579 0.020167
0.658281
0.669036 0.000000 0.480891 0.495100 0.492819 0.070278 0.155938 0.020203 0.019348 0.041183 0.020167
0.658281
0.658395 0.000000 0.472811 0.495095 0.486341 0.062807 0.156628 0.007883 0.000000 0.028534 0.025929
0.658281
0.656192 0.000000 0.471137 0.495095 0.486341 0.063000 0.157205 0.006624 0.000000 0.024091 0.021607
0.658281
0.658051 0.000000 0.472550 0.495095 0.486772 0.062821 0.156705 0.007716 0.000000 0.027728 0.020168
0.658281
0.658729 0.000000 0.473064 0.495095 0.487204 0.062871 0.156943 0.007929 0.000000 0.028570 0.014405
0.658281
0.656606 0.000000 0.471452 0.495094 0.485477 0.062958 0.157290 0.007042 0.006450 0.025421 0.012964
0.658281
0.657950 0.000000 0.472473 0.495095 0.486341 0.062849 0.156899 0.007827 0.000000 0.028228 0.011523
0.658281
0.658448 0.000000 0.472851 0.495095 0.486772 0.062901 0.156631 0.007726 0.000000 0.027800 0.012964
0.658281
0.656816 0.000000 0.471611 0.495095 0.486341 0.062976 0.157035 0.007407 0.006450 0.026796 0.014407
0.658281
0.657951 0.000000 0.472474 0.495095 0.486772 0.062890 0.156885 0.007812 0.000000 0.028144 0.014405
0.658281
0.667388 0.000000 0.479639 0.495100 0.492819 0.069425 0.156253 0.018854 0.006449 0.039355 0.012964
0.658281
0.658078 0.000000 0.472570 0.495095 0.486341 0.062926 0.156959 0.007830 0.000000 0.028186 0.017286
0.658281
0.657950 0.000000 0.472473 0.495095 0.486341 0.062829 0.156809 0.007695 0.000000 0.027765 0.015845
0.658281
0.667860 0.000000 0.479998 0.495100 0.492819 0.070343 0.156217 0.019192 0.012899 0.037526 0.018726
0.658281
0.658404 0.000000 0.472817 0.495095 0.487204 0.062992 0.157026 0.008003 0.000000 0.028834 0.008643
0.658281
0.657520 0.000000 0.472146 0.495095 0.486772 0.062865 0.157133 0.007345 0.000000 0.026601 0.012964
0.658281
0.656456 0.000000 0.471338 0.495094 0.485909 0.062981 0.157380 0.006901 0.000000 0.024930 0.014405
0.658281
0.658664 0.000000 0.473015 0.495095 0.486772 0.062909 0.157110 0.008386 0.006450 0.030101 0.012964
0.658281
0.657427 0.000000 0.472075 0.495094 0.485909 0.062975 0.157028 0.007393 0.000000 0.026761 0.011524
0.658281
0.657187 0.000000 0.471893 0.495095 0.486341 0.063068 0.157172 0.007423 0.000000 0.026896 0.015845
0.658281
0.658584 0.000000 0.472955 0.495095 0.487204 0.062977 0.157135 0.008381 0.000000 0.029933 0.015845
0.658281
0.656564 0.000000 0.471420 0.495095 0.486341 0.063023 0.157207 0.006613 0.000000 0.023952 0.015845
0.658281
0.657427 0.000000 0.472075 0.495095 0.486341 0.062939 0.156871 0.007684 0.000000 0.027641 0.017286
0.658281
0.668365 0.000000 0.480383 0.495099 0.492387 0.069332 0.156202 0.019092 0.012898 0.040998 0.017284
0.658281
0.656850 0.000000 0.471637 0.495094 0.485909 0.062982 0.157167 0.006878 0.006450 0.024936 0.012964
0.658281
0.658070 0.000000 0.472563 0.495095 0.487204 0.062888 0.156926 0.007856 0.000000 0.028247 0.015845
0.658281
0.669479 0.000000 0.481227 0.495100 0.493683 0.070326 0.156003 0.019819 0.006449 0.040031 0.025928
0.658281
0.656821 0.000000 0.471615 0.495095 0.486341 0.062885 0.156972 0.007125 0.000000 0.026027 0.014400
0.658281
0.657936 0.000000 0.472462 0.495096 0.488068 0.062916 0.156942 0.007846 0.000000 0.028368 0.014405
0.658281
0.657042 0.000000 0.471783 0.495094 0.485909 0.062931 0.157136 0.007167 0.000000 0.026033 0.010083
0.658281
0.658727 0.000000 0.473064 0.495096 0.488500 0.063029 0.157205 0.008283 0.000000 0.029464 0.017286
0.658281
0.657970 0.000000 0.472488 0.495097 0.488932 0.062870 0.156869 0.007766 0.000000 0.028018 0.014405
0.658281
0.656065 0.000000 0.471042 0.495094 0.485909 0.062915 0.157068 0.006528 0.000000 0.023758 0.011524
0.658281
0.658554 0.000000 0.472932 0.495096 0.488500 0.063061 0.157277 0.008349 0.000000 0.029873 0.021607
0.658281
0.658018 0.000000 0.472525 0.495096 0.488068 0.062843 0.156841 0.007678 0.000000 0.027693 0.018726
0.658281
0.656864 0.000000 0.471647 0.495094 0.485909 0.062915 0.157040 0.006826 0.000000 0.024642 0.014405
0.658281
0.668302 0.000000 0.480335 0.495102 0.494547 0.069529 0.156594 0.019320 0.025798 0.041684 0.018726
0.658281
0.657704 0.000000 0.472284 0.495096 0.488500 0.062618 0.156359 0.007302 0.006450 0.026593 0.018726
0.658281
0.656130 0.000000 0.471089 0.495094 0.485909 0.062576 0.156117 0.006895 0.000000 0.025036 0.014405
0.658281
0.670405 0.000000 0.481932 0.495102 0.495411 0.070385 0.156073 0.020099 0.019348 0.041524 0.020166
0.658281
0.657644 0.000000 0.472239 0.495096 0.488068 0.062953 0.157114 0.007270 0.006450 0.026442 0.014405
0.658281
0.657588 0.000000 0.472197 0.495094 0.485909 0.062883 0.156864 0.007658 0.000000 0.027459 0.017288
0.658281
0.657948 0.000000 0.472471 0.495097 0.488932 0.062905 0.156992 0.007788 0.006450 0.028133 0.015845
0.658281
0.657161 0.000000 0.471873 0.495096 0.488500 0.063064 0.157355 0.007090 0.000000 0.025507 0.018726
0.658281
0.657720 0.000000 0.472297 0.495096 0.488500 0.062910 0.156889 0.007775 0.000000 0.028076 0.014405
0.658281
0.657756 0.000000 0.472325 0.495096 0.488068 0.062850 0.156868 0.007562 0.006450 0.027264 0.018726
0.658281
0.657868 0.000000 0.472410 0.495096 0.488068 0.062961 0.157139 0.007462 0.000000 0.026620 0.017282
0.658281
0.658013 0.000000 0.472520 0.495096 0.488500 0.062907 0.156985 0.007883 0.006450 0.028414 0.015845
0.658281
0.657487 0.000000 0.472121 0.495096 0.488500 0.062608 0.156094 0.006981 0.000000 0.025416 0.014405
0.658281
0.667525 0.000000 0.479742 0.495101 0.494547 0.069077 0.155414 0.018507 0.025798 0.038648 0.023047
0.658281
0.658446 0.000000 0.472850 0.495097 0.488932 0.062927 0.156907 0.007994 0.006450 0.028984 0.014405
0.658281
0.656967 0.000000 0.471726 0.495094 0.485909 0.063007 0.157206 0.006999 0.006450 0.025445 0.020167
0.658281
0.669665 0.000000 0.481369 0.495102 0.494979 0.070334 0.156070 0.019845 0.012902 0.040371 0.018730
0.658281
0.658428 0.000000 0.472836 0.495096 0.488500 0.062869 0.156816 0.007879 0.000000 0.028399 0.017286
0.658281
0.656270 0.000000 0.471197 0.495095 0.486341 0.062940 0.157160 0.006692 0.000000 0.024299 0.018726
0.658281
0.657696 0.000000 0.472279 0.495103 0.488500 0.062912 0.156887 0.007712 0.000000 0.027865 0.018726
0.658281
0.658443 0.000000 0.472847 0.495096 0.488500 0.062921 0.157113 0.007918 0.000000 0.028500 0.015845
0.658281
0.656932 0.000000 0.471700 0.495094 0.485909 0.062924 0.156989 0.007043 0.000000 0.025350 0.018726
0.658281
0.657948 0.000000 0.472472 0.495096 0.488068 0.062954 0.157138 0.007867 0.006450 0.028351 0.017286
0.658281
0.658114 0.000000 0.472596 0.495096 0.488500 0.063092 0.157432 0.007960 0.006450 0.028479 0.012964
0.658281
0.656861 0.000000 0.471646 0.495095 0.486341 0.062892 0.157079 0.007537 0.000000 0.027129 0.021614
0.658281
0.658165 0.000000 0.472635 0.495096 0.488500 0.062887 0.157025 0.007842 0.000000 0.028303 0.015845
0.658281
0.668459 0.000000 0.480452 0.495101 0.494547 0.069565 0.156502 0.018744 0.032247 0.039112 0.018726
0.658281
0.657838 0.000000 0.472388 0.495096 0.488068 0.062972 0.157001 0.007901 0.006451 0.028418 0.015849
0.658281
0.657966 0.000000 0.472485 0.495096 0.488068 0.062848 0.156882 0.007707 0.000000 0.027931 0.017286
0.658281
0.667246 0.000000 0.479532 0.495101 0.494547 0.070299 0.155972 0.019197 0.006449 0.037988 0.018726
0.658281
0.658273 0.000000 0.472718 0.495097 0.488932 0.062889 0.156961 0.007971 0.000000 0.028810 0.015845
0.658281
0.657739 0.000000 0.472312 0.495096 0.488500 0.062767 0.156743 0.007478 0.012899 0.026935 0.014404
0.658281
0.656486 0.000000 0.471361 0.495094 0.485477 0.062846 0.157085 0.007010 0.000000 0.025279 0.017284
0.658281
0.658982 0.000000 0.473256 0.495096 0.488500 0.063037 0.157321 0.008428 0.000000 0.030081 0.017286
0.658281
0.657117 0.000000 0.471840 0.495096 0.488068 0.062910 0.157084 0.007356 0.000000 0.026625 0.021607
0.658281
0.657215 0.000000 0.471914 0.495096 0.488500 0.062908 0.157058 0.007597 0.006450 0.027301 0.014405
0.658281
0.658904 0.000000 0.473197 0.495097 0.488932 0.063016 0.157308 0.008395 0.000000 0.029910 0.017286
0.658281
0.657120 0.000000 0.471841 0.495095 0.486341 0.062911 0.157113 0.006571 0.000000 0.023920 0.015844
0.658281
0.657857 0.000000 0.472402 0.495100 0.488068 0.062956 0.157182 0.007746 0.000000 0.027812 0.021607
0.658281
0.669068 0.000000 0.480916 0.495101 0.494547 0.069304 0.156032 0.019261 0.019348 0.041262 0.017286
0.658281
0.657377 0.000000 0.472037 0.495096 0.488068 0.062938 0.157132 0.007008 0.000000 0.025298 0.017286
0.658281
0.657631 0.000000 0.472230 0.495096 0.488500 0.062902 0.156858 0.007859 0.000000 0.028385 0.012964
0.658281
0.668856 0.000000 0.480755 0.495102 0.494979 0.070263 0.156123 0.019940 0.012897 0.040096 0.015843
0.658281
0.657071 0.000000 0.471805 0.495094 0.485909 0.062601 0.156142 0.007060 0.000000 0.025560 0.014405
0.658281
0.658121 0.000000 0.472602 0.495096 0.488068 0.062848 0.156852 0.007916 0.000000 0.028405 0.014404
0.658281
0.656758 0.000000 0.471566 0.495094 0.485909 0.062902 0.157100 0.007197 0.000000 0.026266 0.012964
0.658281
0.658517 0.000000 0.472902 0.495096 0.488500 0.063026 0.157257 0.008306 0.000000 0.029563 0.017286
0.658281
0.657994 0.000000 0.472507 0.495096 0.488500 0.062903 0.156921 0.007858 0.000000 0.028405 0.020167
0.658281
0.656282 0.000000 0.471206 0.495095 0.486341 0.063009 0.157206 0.006577 0.006450 0.024041 0.015845
0.658281
0.658974 0.000000 0.473249 0.495096 0.488500 0.062953 0.157045 0.008413 0.000000 0.030104 0.020167
0.658281
0.657922 0.000000 0.472451 0.495096 0.488068 0.062814 0.157097 0.007639 0.006450 0.027660 0.011524
0.658281
0.656558 0.000000 0.471417 0.495094 0.485477 0.062889 0.157193 0.006885 0.000000 0.024957 0.020167
0.658281
0.669238 0.000000 0.481044 0.495102 0.495411 0.069465 0.156312 0.019377 0.012899 0.041826 0.015845
0.658281
0.657992 0.000000 0.472503 0.495096 0.488500 0.062629 0.156117 0.007125 0.006450 0.025909 0.017286
0.658281
0.656882 0.000000 0.471661 0.495095 0.486341 0.062653 0.156118 0.007019 0.000000 0.025354 0.015845
0.658281
0.669396 0.000000 0.481165 0.495101 0.494547 0.070348 0.156109 0.020111 0.019347 0.041414 0.015844
0.658281
0.657297 0.000000 0.471976 0.495094 0.485909 0.062998 0.157266 0.007083 0.000000 0.025818 0.014405
0.658281
0.657745 0.000000 0.472316 0.495096 0.488068 0.062913 0.157025 0.007703 0.000000 0.027607 0.020167
0.658281
0.657840 0.000000 0.472389 0.495096 0.488500 0.062850 0.156871 0.007794 0.000000 0.028143 0.018726
0.658281
0.657379 0.000000 0.472040 0.495096 0.488500 0.063081 0.157457 0.007162 0.006450 0.025791 0.010083
0.658281
0.657934 0.000000 0.472460 0.495096 0.488068 0.062923 0.156896 0.007829 0.000000 0.028232 0.023048
0.658281
0.657865 0.000000 0.472408 0.495096 0.488068 0.062836 0.156839 0.007545 0.000000 0.027213 0.020167
0.658281
0.657938 0.000000 0.472464 0.495096 0.488068 0.062960 0.157093 0.007513 0.000000 0.026912 0.018722
0.658281
0.658155 0.000000 0.472628 0.495096 0.488500 0.062895 0.156985 0.007881 0.000000 0.028460 0.018726
0.658281
0.657630 0.000000 0.472229 0.495096 0.488500 0.062626 0.156059 0.007045 0.000000 0.025639 0.023048
0.658281
0.667848 0.000000 0.479989 0.495101 0.494547 0.069355 0.156091 0.018822 0.019349 0.039576 0.021608
0.658281
0.658493 0.000000 0.472886 0.495096 0.488500 0.062955 0.156908 0.007980 0.000000 0.028819 0.017286
0.658281
0.656695 0.000000 0.471520 0.495094 0.485909 0.063013 0.157242 0.006808 0.006450 0.024762 0.018726
0.658281
0.669501 0.000000 0.481243 0.495101 0.494547 0.070387 0.156116 0.019903 0.012899 0.040652 0.015845
0.658281
0.658382 0.000000 0.472801 0.495097 0.488932 0.062864 0.156795 0.007876 0.000000 0.028397 0.007202
0.658281
0.656365 0.000000 0.471270 0.495095 0.486341 0.062930 0.157198 0.006715 0.000000 0.024290 0.015845
0.658281
0.657743 0.000000 0.472315 0.495096 0.488500 0.062913 0.156873 0.007811 0.000000 0.028178 0.010083
0.658281
0.658346 0.000000 0.472774 0.495096 0.487636 0.062963 0.157143 0.007891 0.000000 0.028452 0.014405
0.658281
0.656873 0.000000 0.471655 0.495094 0.485909 0.062927 0.157037 0.007040 0.000000 0.025265 0.014405
0.658281
0.657966 0.000000 0.472485 0.495096 0.488500 0.062929 0.157049 0.007855 0.000000 0.028330 0.011524
0.658281
0.657831 0.000000 0.472382 0.495096 0.488500 0.062987 0.157204 0.007772 0.000000 0.028028 0.008642
0.658281
0.657114 0.000000 0.471839 0.495096 0.488500 0.062896 0.157125 0.007616 0.006451 0.027307 0.015850
0.658281
0.657935 0.000000 0.472462 0.495096 0.488068 0.062899 0.156946 0.007817 0.000000 0.028203 0.012964
0.658281
0.667547 0.000000 0.479759 0.495101 0.494115 0.069540 0.156543 0.018464 0.019348 0.037899 0.011524
0.658281
0.658228 0.000000 0.472684 0.495096 0.488068 0.062938 0.156849 0.007902 0.000000 0.028530 0.010083
0.658281
0.657893 0.000000 0.472430 0.495096 0.488500 0.062863 0.156840 0.007629 0.006450 0.027527 0.012964
0.658281
0.667374 0.000000 0.479629 0.495101 0.494547 0.070313 0.156166 0.019133 0.012897 0.038146 0.018723
0.658281
0.658378 0.000000 0.472798 0.495097 0.488932 0.062943 0.157127 0.007996 0.000000 0.028853 0.011524
0.658281
0.657254 0.000000 0.471943 0.495094 0.485909 0.062823 0.156967 0.007253 0.000000 0.026322 0.012964
0.658281
0.650013 0.000000 0.466446 0.495092 0.482885 0.062152 0.156902 0.005753 0.000000 0.021168 0.020256
0.658281
0.658775 0.000000 0.473100 0.495096 0.488500 0.062950 0.157013 0.008473 0.006450 0.030339 0.014405
0.658281
0.657491 0.000000 0.472124 0.495096 0.488500 0.062954 0.156948 0.007273 0.006450 0.026356 0.008643
0.658281
0.656967 0.000000 0.471727 0.495095 0.486341 0.063060 0.157058 0.007550 0.000000 0.027289 0.012964
0.658281
0.659086 0.000000 0.473335 0.495097 0.488932 0.063030 0.157302 0.008399 0.000000 0.029984 0.008643
0.658281
0.656060 0.000000 0.471037 0.495094 0.485045 0.063052 0.157252 0.006575 0.000000 0.023826 0.017286
0.658281
0.657616 0.000000 0.472217 0.495096 0.488068 0.062958 0.156958 0.007679 0.000000 0.027732 0.012964
0.658281
0.669347 0.000000 0.481128 0.495102 0.494979 0.069532 0.156529 0.019030 0.019348 0.040910 0.017286
0.658281
0.656842 0.000000 0.471631 0.495095 0.486341 0.062927 0.156925 0.006927 0.000000 0.025064 0.011524
0.658281
0.031203 1.000000 0.067659 0.339309 0.017277 0.008158 0.019708 0.000016 0.000000 0.000082 0.055213
0.062421
0.031203 1.000000 0.067659 0.339309 0.017277 0.008095 0.019681 0.000142 0.000000 0.000446 0.000000
0.062421
0.031202 1.000000 0.067657 0.339309 0.017277 0.008116 0.019746 0.000009 0.000000 0.000057 0.000000
0.062421
0.031203 1.000000 0.067660 0.339312 0.017277 0.008082 0.019639 0.000123 0.000000 0.000466 0.000000
0.062421
0.031202 1.000000 0.067657 0.339309 0.017277 0.008116 0.019753 0.000010 0.000000 0.000063 0.000000
0.062421
0.031202 1.000000 0.067658 0.339309 0.017277 0.008076 0.019631 0.000139 0.000000 0.000502 0.000000
0.062421
0.031203 1.000000 0.067662 0.339310 0.018141 0.008202 0.019769 0.000029 0.000000 0.000127 0.000000
0.062421
0.031203 1.000000 0.067660 0.339310 0.018141 0.008099 0.019673 0.000151 0.000000 0.000471 0.000000
0.062421
0.031202 1.000000 0.067659 0.339310 0.018141 0.008116 0.019743 0.000010 0.000000 0.000060 0.000000
0.062421
0.031203 1.000000 0.067660 0.339310 0.018141 0.008083 0.019635 0.000132 0.000000 0.000480 0.000000
0.062421
0.031202 1.000000 0.067658 0.339310 0.018141 0.008114 0.019738 0.000016 0.000000 0.000077 0.000000
0.062421
0.031203 1.000000 0.067660 0.339310 0.018141 0.008081 0.019644 0.000125 0.000000 0.000472 0.000000
0.062421
0.031203 1.000000 0.067659 0.339310 0.018141 0.008527 0.020127 0.000051 0.000000 0.000187 0.000000
0.062421
0.031203 1.000000 0.067662 0.339310 0.018141 0.008088 0.019595 0.000167 0.000000 0.000529 0.000000
0.062421
0.031204 1.000000 0.067659 0.339310 0.018141 0.008116 0.019741 0.000016 0.000000 0.000084 0.000000
0.062421
0.031203 1.000000 0.067660 0.339310 0.018141 0.008084 0.019641 0.000121 0.000000 0.000430 0.000000
0.062421
0.031202 1.000000 0.067658 0.339310 0.018141 0.008114 0.019746 0.000008 0.000000 0.000050 0.000000
0.062421
0.031203 1.000000 0.067659 0.339310 0.018141 0.008081 0.019642 0.000122 0.000000 0.000450 0.000000
0.062421
0.031202 1.000000 0.067657 0.339310 0.018141 0.008112 0.019752 0.000010 0.000000 0.000051 0.000000
0.062421
0.031204 1.000000 0.067665 0.339310 0.018141 0.008194 0.019752 0.000162 0.000000 0.000545 0.000000
0.062421
0.031202 1.000000 0.067657 0.339310 0.018141 0.008114 0.019737 0.000013 0.000000 0.000070 0.000000
0.062421
0.031203 1.000000 0.067661 0.339310 0.018141 0.008077 0.019623 0.000145 0.000000 0.000518 0.000000
0.062421
0.031203 1.000000 0.067659 0.339310 0.018141 0.008117 0.019746 0.000009 0.000000 0.000063 0.000000
0.062421
0.031203 1.000000 0.067660 0.339310 0.018141 0.008076 0.019631 0.000129 0.000000 0.000472 0.000000
0.062421
0.031202 1.000000 0.067658 0.339310 0.018141 0.008118 0.019745 0.000012 0.000000 0.000065 0.000000
0.062421
0.031203 1.000000 0.067661 0.339310 0.018141 0.008329 0.019653 0.000197 0.000000 0.000731 0.000000
0.062421
0.031202 1.000000 0.067657 0.339310 0.018141 0.008112 0.019737 0.000015 0.000000 0.000076 0.000000
0.062421
0.031203 1.000000 0.067658 0.339310 0.018141 0.008081 0.019633 0.000136 0.000000 0.000483 0.000000
0.062421
0.031202 1.000000 0.067657 0.339310 0.018141 0.008116 0.019742 0.000011 0.000000 0.000061 0.000000
0.062421
0.031203 1.000000 0.067661 0.339310 0.018141 0.008081 0.019642 0.000122 0.000000 0.000464 0.000000
0.062421
0.031202 1.000000 0.067657 0.339310 0.018141 0.008115 0.019742 0.000012 0.000000 0.000059 0.000000
0.062421
0.031203 1.000000 0.067661 0.339310 0.018141 0.008079 0.019638 0.000132 0.000000 0.000466 0.000000
0.062421
0.031203 1.000000 0.067660 0.339310 0.018141 0.008202 0.019759 0.000025 0.000000 0.000089 0.000000
0.062421
0.031203 1.000000 0.067662 0.339310 0.018141 0.008090 0.019675 0.000152 0.000000 0.000459 0.000000
0.062421
0.031202 1.000000 0.067657 0.339310 0.018141 0.008116 0.019747 0.000011 0.000000 0.000064 0.000000
0.062421
0.031203 1.000000 0.067660 0.339310 0.018141 0.008080 0.019636 0.000128 0.000000 0.000472 0.000000
0.062421
0.031203 1.000000 0.067658 0.339310 0.018141 0.008116 0.019742 0.000013 0.000000 0.000067 0.000000
0.062421
0.031202 1.000000 0.067659 0.339310 0.018141 0.008080 0.019638 0.000125 0.000000 0.000466 0.000000
0.062421
0.031203 1.000000 0.067660 0.339310 0.018141 0.008524 0.020113 0.000056 0.000000 0.000211 0.000000
0.062421
0.031203 1.000000 0.067662 0.339310 0.018141 0.008084 0.019586 0.000184 0.000000 0.000576 0.000000
0.062421
0.031203 1.000000 0.067660 0.339310 0.018141 0.008115 0.019738 0.000015 0.000000 0.000076 0.000000
0.062421
0.031203 1.000000 0.067659 0.339310 0.018141 0.008078 0.019631 0.000139 0.000000 0.000493 0.000000
0.062421
0.031202 1.000000 0.067657 0.339310 0.018141 0.008117 0.019745 0.000010 0.000000 0.000051 0.000000
0.062421
0.031202 1.000000 0.067661 0.339310 0.018141 0.008080 0.019636 0.000131 0.000000 0.000466 0.000000
0.062421
0.031202 1.000000 0.067658 0.339310 0.018141 0.008117 0.019742 0.000012 0.000000 0.000062 0.000000
0.062421
0.031203 1.000000 0.067663 0.339310 0.018141 0.008193 0.019754 0.000156 0.000000 0.000544 0.000000
0.062421
0.031202 1.000000 0.067656 0.339310 0.018141 0.008114 0.019740 0.000015 0.000000 0.000076 0.000000
0.062421
0.031203 1.000000 0.067659 0.339310 0.018141 0.008085 0.019631 0.000138 0.000000 0.000482 0.000000
0.062421
0.031202 1.000000 0.067658 0.339310 0.018141 0.008117 0.019746 0.000011 0.000000 0.000064 0.000000
0.062421
0.031203 1.000000 0.067659 0.339310 0.018141 0.008080 0.019637 0.000127 0.000000 0.000461 0.000000
0.062421
0.031202 1.000000 0.067658 0.339310 0.018141 0.008116 0.019742 0.000008 0.000000 0.000055 0.000000
0.062421
0.031203 1.000000 0.067661 0.339310 0.018141 0.008316 0.019616 0.000196 0.000000 0.000730 0.000000
0.062421
0.031202 1.000000 0.067658 0.339310 0.018141 0.008117 0.019748 0.000009 0.000000 0.000058 0.000000
0.062421
0.031202 1.000000 0.067659 0.339310 0.018141 0.008082 0.019635 0.000131 0.000000 0.000477 0.000000
0.062421
0.031202 1.000000 0.067658 0.339310 0.018141 0.008113 0.019742 0.000013 0.000000 0.000064 0.000000
0.062421
0.031203 1.000000 0.067662 0.339310 0.018141 0.008080 0.019643 0.000119 0.000000 0.000450 0.000000
0.062421
0.031202 1.000000 0.067657 0.339310 0.018141 0.008118 0.019749 0.000008 0.000000 0.000060 0.000000
0.062421
0.031203 1.000000 0.067659 0.339310 0.018141 0.008076 0.019633 0.000132 0.000000 0.000472 0.000000
0.062421
0.031203 1.000000 0.067660 0.339310 0.018141 0.008199 0.019750 0.000028 0.000000 0.000108 0.000000
0.062421
0.031203 1.000000 0.067659 0.339310 0.018141 0.008109 0.019699 0.000139 0.000000 0.000438 0.000000
0.062421
0.031202 1.000000 0.067657 0.339310 0.018141 0.008114 0.019744 0.000013 0.000000 0.000080 0.000000
0.062421
0.031203 1.000000 0.067661 0.339310 0.018141 0.008077 0.019626 0.000137 0.000000 0.000513 0.000000
0.062421
0.031203 1.000000 0.067659 0.339310 0.018141 0.008115 0.019740 0.000010 0.000000 0.000055 0.000000
0.062421
0.031203 1.000000 0.067661 0.339310 0.018141 0.008080 0.019637 0.000127 0.000000 0.000446 0.000000
0.062421
0.031203 1.000000 0.067660 0.339310 0.018141 0.008513 0.020109 0.000056 0.000000 0.000209 0.000000
0.062421
0.031202 1.000000 0.067659 0.339310 0.018141 0.008077 0.019596 0.000183 0.000000 0.000589 0.000000
0.062421
0.031202 1.000000 0.067658 0.339310 0.018141 0.008116 0.019746 0.000010 0.000000 0.000057 0.000000
0.062421
0.031202 1.000000 0.067659 0.339310 0.018141 0.008079 0.019634 0.000136 0.000000 0.000481 0.000000
0.062421
0.031202 1.000000 0.067658 0.339310 0.018141 0.008117 0.019747 0.000009 0.000000 0.000059 0.000000
0.062421
0.031203 1.000000 0.067659 0.339310 0.018141 0.008080 0.019641 0.000126 0.000000 0.000455 0.000000
0.062421
0.031202 1.000000 0.067658 0.339310 0.018141 0.008118 0.019744 0.000010 0.000000 0.000057 0.000000
0.062421
0.031204 1.000000 0.067665 0.339310 0.018141 0.008193 0.019755 0.000156 0.000000 0.000552 0.000000
0.062421
0.031202 1.000000 0.067657 0.339310 0.018141 0.008115 0.019739 0.000011 0.000000 0.000057 0.000000
0.062421
0.031203 1.000000 0.067662 0.339310 0.018141 0.008076 0.019627 0.000139 0.000000 0.000518 0.000000
0.062421
0.031202 1.000000 0.067657 0.339310 0.018141 0.008114 0.019740 0.000012 0.000000 0.000066 0.000000
0.062421
0.031202 1.000000 0.067658 0.339310 0.018141 0.008078 0.019632 0.000132 0.000000 0.000458 0.000000
0.062421
0.031202 1.000000 0.067658 0.339310 0.018141 0.008113 0.019741 0.000012 0.000000 0.000065 0.000000
0.062421
0.031203 1.000000 0.067661 0.339310 0.018141 0.008277 0.019501 0.000207 0.000000 0.000745 0.000000
0.062421
0.031202 1.000000 0.067658 0.339310 0.018141 0.008115 0.019741 0.000013 0.000000 0.000073 0.000000
0.062421
0.031204 1.000000 0.067664 0.339310 0.018141 0.008078 0.019623 0.000149 0.000000 0.000518 0.000000
0.062421
0.031202 1.000000 0.067658 0.339310 0.018141 0.008112 0.019742 0.000014 0.000000 0.000068 0.000000
0.062421
0.031202 1.000000 0.067659 0.339310 0.018141 0.008079 0.019634 0.000130 0.000000 0.000472 0.000000
0.062421
0.031202 1.000000 0.067657 0.339310 0.018141 0.008113 0.019741 0.000010 0.000000 0.000061 0.000000
0.062421
0.031203 1.000000 0.067661 0.339310 0.018141 0.008077 0.019631 0.000131 0.000000 0.000477 0.000000
0.062421
0.031203 1.000000 0.067662 0.339310 0.018141 0.008203 0.019759 0.000035 0.000000 0.000127 0.000000
0.062421
0.031203 1.000000 0.067661 0.339310 0.018141 0.008104 0.019675 0.000149 0.000000 0.000454 0.000000
0.062421
0.031202 1.000000 0.067657 0.339310 0.018141 0.008116 0.019745 0.000012 0.000000 0.000072 0.000000
0.062421
0.031202 1.000000 0.067660 0.339310 0.018141 0.008082 0.019640 0.000125 0.000000 0.000465 0.000000
0.062421
0.031202 1.000000 0.067658 0.339310 0.018141 0.008114 0.019742 0.000013 0.000000 0.000064 0.000000
0.062421
0.031203 1.000000 0.067659 0.339310 0.018141 0.008080 0.019645 0.000125 0.000000 0.000482 0.000000
0.062421
0.031203 1.000000 0.067661 0.339310 0.018141 0.008513 0.020110 0.000056 0.000000 0.000212 0.000000
0.062421
0.031203 1.000000 0.067661 0.339310 0.018141 0.008086 0.019591 0.000172 0.000000 0.000572 0.000000
0.062421
0.031202 1.000000 0.067657 0.339310 0.018141 0.008114 0.019737 0.000008 0.000000 0.000056 0.000000
0.062421
0.031203 1.000000 0.067659 0.339310 0.018141 0.008077 0.019627 0.000136 0.000000 0.000484 0.000000
0.062421
0.031202 1.000000 0.067658 0.339310 0.018141 0.008113 0.019742 0.000012 0.000000 0.000064 0.020077
0.062421
0.031203 1.000000 0.067661 0.339310 0.018141 0.008083 0.019653 0.000126 0.000000 0.000450 0.020077
0.062421
0.031202 1.000000 0.067658 0.339310 0.018141 0.008118 0.019755 0.000020 0.000000 0.000093 0.020077
0.062421
0.031204 1.000000 0.067663 0.339310 0.018141 0.008194 0.019761 0.000168 0.000000 0.000572 0.000000
0.062421
0.031202 1.000000 0.067658 0.339310 0.018141 0.008114 0.019741 0.000014 0.000000 0.000073 0.000000
0.062421
0.031203 1.000000 0.067660 0.339310 0.018141 0.008083 0.019632 0.000139 0.000000 0.000498 0.000000
0.062421
0.031202 1.000000 0.067657 0.339310 0.018141 0.008115 0.019744 0.000008 0.000000 0.000049 0.000000
0.062421
0.031203 1.000000 0.067659 0.339310 0.018141 0.008079 0.019638 0.000118 0.000000 0.000430 0.000000
0.062421
0.031202 1.000000 0.067656 0.339310 0.018141 0.008114 0.019741 0.000012 0.000000 0.000067 0.000000
0.062421
0.031203 1.000000 0.067661 0.339310 0.018141 0.008290 0.019539 0.000200 0.000000 0.000740 0.000000
0.062421
0.031202 1.000000 0.067657 0.339310 0.018141 0.008113 0.019736 0.000010 0.000000 0.000058 0.000000
0.062421
0.031204 1.000000 0.067663 0.339310 0.018141 0.008076 0.019626 0.000139 0.000000 0.000497 0.000000
0.062421
0.031202 1.000000 0.067657 0.339310 0.018141 0.008113 0.019741 0.000010 0.000000 0.000061 0.000000
0.062421
0.031202 1.000000 0.067659 0.339310 0.018141 0.008080 0.019639 0.000122 0.000000 0.000456 0.000000
0.062421
0.031202 1.000000 0.067656 0.339310 0.018141 0.008116 0.019742 0.000010 0.000000 0.000063 0.000000
0.062421
0.031203 1.000000 0.067660 0.339310 0.018141 0.008080 0.019636 0.000129 0.000000 0.000458 0.000000
0.062421
0.031204 1.000000 0.067660 0.339310 0.018141 0.008203 0.019758 0.000028 0.000000 0.000107 0.000000
0.062421
0.031203 1.000000 0.067661 0.339310 0.018141 0.008111 0.019672 0.000149 0.000000 0.000458 0.000000
0.062421
0.031202 1.000000 0.067658 0.339310 0.018141 0.008113 0.019737 0.000015 0.000000 0.000080 0.000000
0.062421
0.031203 1.000000 0.067663 0.339310 0.018141 0.008079 0.019635 0.000133 0.000000 0.000482 0.000000
0.062421
0.031202 1.000000 0.067658 0.339310 0.018141 0.008114 0.019744 0.000011 0.000000 0.000057 0.000000
0.062421
0.031203 1.000000 0.067659 0.339310 0.018141 0.008079 0.019639 0.000125 0.000000 0.000451 0.000000
0.062421
0.031203 1.000000 0.067660 0.339310 0.018141 0.008525 0.020125 0.000051 0.000000 0.000193 0.000000
0.062421
0.031203 1.000000 0.067662 0.339310 0.018141 0.008079 0.019585 0.000184 0.000000 0.000591 0.000000
0.062421
0.031202 1.000000 0.067659 0.339310 0.018141 0.008115 0.019740 0.000011 0.000000 0.000064 0.000000
0.062421
0.031202 1.000000 0.067659 0.339310 0.018141 0.008081 0.019636 0.000124 0.000000 0.000467 0.000000
0.062421
0.031202 1.000000 0.067658 0.339310 0.018141 0.008114 0.019742 0.000009 0.000000 0.000056 0.000000
0.062421
0.031202 1.000000 0.067659 0.339310 0.018141 0.008077 0.019626 0.000134 0.000000 0.000502 0.000000
0.062421
0.031202 1.000000 0.067658 0.339310 0.018141 0.008115 0.019744 0.000014 0.000000 0.000069 0.000000
0.062421
0.031204 1.000000 0.067664 0.339310 0.018141 0.008190 0.019749 0.000167 0.000000 0.000558 0.000000
0.062421
0.031202 1.000000 0.067657 0.339310 0.018141 0.008115 0.019741 0.000011 0.000000 0.000058 0.000000
0.062421
0.031203 1.000000 0.067661 0.339310 0.018141 0.008079 0.019642 0.000129 0.000000 0.000474 0.000000
0.062421
0.031202 1.000000 0.067658 0.339310 0.018141 0.008114 0.019741 0.000011 0.000000 0.000064 0.000000
0.062421
0.031203 1.000000 0.067662 0.339310 0.018141 0.008078 0.019637 0.000126 0.000000 0.000462 0.000000
0.062421
0.031202 1.000000 0.067659 0.339310 0.018141 0.008115 0.019746 0.000011 0.000000 0.000059 0.000000
0.062421
0.031203 1.000000 0.067661 0.339310 0.018141 0.008399 0.019809 0.000190 0.000000 0.000691 0.000000
0.062421
0.031202 1.000000 0.067659 0.339309 0.018141 0.008115 0.019743 0.000009 0.000000 0.000052 0.000000
0.062421
0.031203 1.000000 0.067659 0.339309 0.018141 0.008084 0.019642 0.000125 0.000000 0.000463 0.000000
0.062421
0.031202 1.000000 0.067658 0.339309 0.018141 0.008113 0.019741 0.000012 0.000000 0.000076 0.000000
0.062421
0.031203 1.000000 0.067661 0.339309 0.018141 0.008078 0.019635 0.000130 0.000000 0.000474 0.000000
0.062421
0.031203 1.000000 0.067659 0.339309 0.018141 0.008113 0.019737 0.000014 0.000000 0.000076 0.000000
0.062421
0.031203 1.000000 0.067661 0.339309 0.018141 0.008080 0.019635 0.000127 0.000000 0.000442 0.000000
0.062421
0.031204 1.000000 0.067662 0.339309 0.018141 0.008201 0.019755 0.000032 0.000000 0.000121 0.000000
0.062421
0.031202 1.000000 0.067659 0.339309 0.018141 0.008108 0.019677 0.000146 0.000000 0.000466 0.000000
0.062421
0.031202 1.000000 0.067655 0.339309 0.018141 0.008116 0.019740 0.000014 0.000000 0.000063 0.000000
0.062421
0.031203 1.000000 0.067659 0.339309 0.018141 0.008080 0.019634 0.000134 0.000000 0.000485 0.000000
0.062421
0.031202 1.000000 0.067657 0.339309 0.018141 0.008115 0.019741 0.000013 0.000000 0.000073 0.000000
0.062421
0.031203 1.000000 0.067661 0.339309 0.018141 0.008079 0.019635 0.000136 0.000000 0.000498 0.000000
0.062421
0.031204 1.000000 0.067661 0.339309 0.018141 0.008241 0.019908 0.000027 0.000000 0.000102 0.000000
0.062421
0.031203 1.000000 0.067664 0.339309 0.018141 0.008190 0.019745 0.000155 0.000000 0.000550 0.000000
0.062421
0.031202 1.000000 0.067659 0.339309 0.018141 0.008112 0.019735 0.000013 0.000000 0.000062 0.000000
0.062421
0.031203 1.000000 0.067660 0.339309 0.018141 0.008082 0.019639 0.000132 0.000000 0.000467 0.000000
0.062421
0.031202 1.000000 0.067657 0.339309 0.018141 0.008117 0.019746 0.000012 0.000000 0.000059 0.000000
0.062421
0.031203 1.000000 0.067660 0.339309 0.018141 0.008082 0.019642 0.000120 0.000000 0.000444 0.000000
0.062421
0.031202 1.000000 0.067657 0.339309 0.018141 0.008116 0.019744 0.000008 0.000000 0.000056 0.000000
0.062421
0.031203 1.000000 0.067662 0.339309 0.018141 0.008196 0.019762 0.000150 0.000000 0.000511 0.000000
0.062421
0.031202 1.000000 0.067658 0.339309 0.018141 0.008112 0.019734 0.000015 0.000000 0.000072 0.000000
0.062421
0.031203 1.000000 0.067661 0.339309 0.018141 0.008089 0.019642 0.000126 0.000000 0.000430 0.000000
0.062421
0.031202 1.000000 0.067657 0.339309 0.018141 0.008115 0.019739 0.000010 0.000000 0.000052 0.000000
0.062421
0.031202 1.000000 0.067659 0.339309 0.018141 0.008082 0.019643 0.000121 0.000000 0.000437 0.000000
0.062421
0.031202 1.000000 0.067658 0.339309 0.018141 0.008111 0.019735 0.000014 0.000000 0.000073 0.000000
0.062421
0.031203 1.000000 0.067663 0.339309 0.018141 0.008198 0.019745 0.000164 0.000000 0.000562 0.000000
0.062421
0.031202 1.000000 0.067660 0.339309 0.018141 0.008203 0.019760 0.000017 0.000000 0.000083 0.000000
0.062421
0.031203 1.000000 0.067659 0.339309 0.018141 0.008091 0.019670 0.000156 0.000000 0.000498 0.000000
0.062421
0.031202 1.000000 0.067657 0.339309 0.018141 0.008114 0.019735 0.000014 0.000000 0.000070 0.000000
0.062421
0.031203 1.000000 0.067662 0.339309 0.018141 0.008082 0.019639 0.000131 0.000000 0.000478 0.000000
0.062421
0.031202 1.000000 0.067657 0.339309 0.018141 0.008115 0.019744 0.000010 0.000000 0.000057 0.000000
0.062421
0.031203 1.000000 0.067659 0.339309 0.018141 0.008079 0.019635 0.000134 0.000000 0.000487 0.000000
0.062421
0.031202 1.000000 0.067661 0.339309 0.018141 0.008202 0.019762 0.000033 0.000000 0.000119 0.000000
0.062421
0.031203 1.000000 0.067660 0.339309 0.017709 0.008102 0.019655 0.000159 0.000000 0.000481 0.000000
0.062421
0.031202 1.000000 0.067656 0.339309 0.017277 0.008116 0.019743 0.000010 0.000000 0.000061 0.000000
0.062421
0.031202 1.000000 0.067659 0.339309 0.017277 0.008080 0.019631 0.000131 0.000000 0.000458 0.000000
0.062421
0.031202 1.000000 0.067658 0.339309 0.017277 0.008113 0.019739 0.000010 0.000000 0.000055 0.000000
0.062421
0.031202 1.000000 0.067657 0.339309 0.017277 0.008080 0.019633 0.000134 0.000000 0.000472 0.000000
0.062421
0.031203 1.000000 0.067659 0.339309 0.017277 0.008242 0.019908 0.000028 0.000000 0.000104 0.000000
0.062421
0.031202 1.000000 0.067660 0.339309 0.017277 0.008190 0.019747 0.000150 0.000000 0.000555 0.000000
0.062421
0.031202 1.000000 0.067657 0.339309 0.017277 0.008113 0.019738 0.000013 0.000000 0.000072 0.000000
0.062421
0.031202 1.000000 0.067658 0.339309 0.017277 0.008080 0.019639 0.000129 0.000000 0.000446 0.000000
0.062421
0.031202 1.000000 0.067658 0.339309 0.017277 0.008113 0.019739 0.000015 0.000000 0.000074 0.000000
0.062421
0.031202 1.000000 0.067657 0.339309 0.017277 0.008079 0.019633 0.000127 0.000000 0.000463 0.000000
0.062421
0.031202 1.000000 0.067656 0.339309 0.017277 0.008117 0.019749 0.000015 0.000000 0.000069 0.000000
0.062421
0.031202 1.000000 0.067661 0.339309 0.017277 0.008191 0.019748 0.000163 0.000000 0.000582 0.000000
0.062421
0.031202 1.000000 0.067656 0.339309 0.017277 0.008115 0.019738 0.000005 0.000000 0.000049 0.000000
0.062421
0.031203 1.000000 0.067661 0.339309 0.017277 0.008076 0.019626 0.000142 0.000000 0.000502 0.000000
0.062421
0.031202 1.000000 0.067658 0.339309 0.017277 0.008113 0.019737 0.000014 0.000000 0.000068 0.000000
0.062421
0.031203 1.000000 0.067659 0.339309 0.017277 0.008078 0.019629 0.000128 0.000000 0.000462 0.000000
0.062421
0.031202 1.000000 0.067656 0.339309 0.017277 0.008117 0.019748 0.000011 0.000000 0.000064 0.000000
0.062421
0.031203 1.000000 0.067663 0.339309 0.017277 0.008195 0.019737 0.000171 0.000000 0.000588 0.000000
0.062421
0.031202 1.000000 0.067659 0.339309 0.017277 0.008203 0.019763 0.000023 0.000000 0.000103 0.000000
0.062421
0.031203 1.000000 0.067660 0.339309 0.017277 0.008084 0.019640 0.000168 0.000000 0.000559 0.000000
0.062421
0.031202 1.000000 0.067656 0.339309 0.017277 0.008116 0.019742 0.000012 0.000000 0.000060 0.000000
0.062421
0.031203 1.000000 0.067659 0.339309 0.017277 0.008081 0.019639 0.000125 0.000000 0.000452 0.000000
0.062421
0.031202 1.000000 0.067658 0.339309 0.017277 0.008113 0.019740 0.000016 0.000000 0.000079 0.000000
0.062421
0.031201 1.000000 0.067657 0.339309 0.017277 0.008081 0.019638 0.000130 0.000000 0.000474 0.000000
0.062421
0.031202 1.000000 0.067659 0.339309 0.017277 0.008201 0.019754 0.000034 0.000000 0.000119 0.000000
0.062421
0.031203 1.000000 0.067661 0.339309 0.017277 0.008103 0.019665 0.000148 0.000000 0.000466 0.000000
0.062421
0.031203 1.000000 0.067658 0.339309 0.017277 0.008116 0.019742 0.000011 0.000000 0.000061 0.000000
0.062421
0.031202 1.000000 0.067658 0.339309 0.017277 0.008082 0.019639 0.000126 0.000000 0.000474 0.000000
0.062421
0.031202 1.000000 0.067656 0.339309 0.017277 0.008113 0.019738 0.000015 0.000000 0.000072 0.000000
0.062421
0.031202 1.000000 0.067659 0.339309 0.017277 0.008079 0.019634 0.000127 0.000000 0.000476 0.000000
0.062421
0.031203 1.000000 0.067659 0.339309 0.017277 0.008241 0.019905 0.000032 0.000000 0.000126 0.010039
0.062421
0.031203 1.000000 0.067662 0.339309 0.017277 0.008189 0.019744 0.000175 0.000000 0.000594 0.010039
0.062421
0.031202 1.000000 0.067658 0.339309 0.017277 0.008111 0.019737 0.000027 0.000000 0.000105 0.015058
0.062421
0.031202 1.000000 0.067659 0.339309 0.017277 0.008079 0.019633 0.000146 0.000000 0.000513 0.000000
0.062421
0.031202 1.000000 0.067657 0.339309 0.017277 0.008115 0.019744 0.000013 0.000000 0.000064 0.000000
0.062421
0.031202 1.000000 0.067659 0.339309 0.017277 0.008079 0.019633 0.000129 0.000000 0.000452 0.000000
0.062421
0.031202 1.000000 0.067656 0.339309 0.017277 0.008112 0.019737 0.000012 0.000000 0.000064 0.000000
0.062421
0.031202 1.000000 0.067662 0.339309 0.017277 0.008193 0.019759 0.000155 0.000000 0.000540 0.000000
0.062421
0.031202 1.000000 0.067655 0.339309 0.017277 0.008115 0.019742 0.000009 0.000000 0.000058 0.000000
0.062421
0.031203 1.000000 0.067658 0.339309 0.017277 0.008077 0.019628 0.000140 0.000000 0.000488 0.000000
0.062421
0.031202 1.000000 0.067656 0.339309 0.017277 0.008113 0.019739 0.000013 0.000000 0.000070 0.000000
0.062421
0.031203 1.000000 0.067659 0.339309 0.017277 0.008079 0.019638 0.000123 0.000000 0.000449 0.000000
0.062421
0.031202 1.000000 0.067656 0.339309 0.017277 0.008112 0.019737 0.000010 0.000000 0.000056 0.000000
0.062421
0.031203 1.000000 0.067661 0.339309 0.017277 0.008191 0.019753 0.000151 0.000000 0.000513 0.000000
0.062421
0.031202 1.000000 0.067658 0.339309 0.017277 0.008203 0.019761 0.000020 0.000000 0.000096 0.000000
0.062421
0.031203 1.000000 0.067658 0.339309 0.017277 0.008089 0.019652 0.000157 0.000000 0.000489 0.000000
0.062421
0.031202 1.000000 0.067657 0.339309 0.017277 0.008116 0.019742 0.000005 0.000000 0.000041 0.000000
0.062421
0.031203 1.000000 0.067659 0.339309 0.017277 0.008078 0.019631 0.000136 0.000000 0.000499 0.000000
0.062421
0.031202 1.000000 0.067657 0.339309 0.017277 0.008114 0.019742 0.000012 0.000000 0.000067 0.000000
0.062421
0.031202 1.000000 0.067658 0.339309 0.017277 0.008081 0.019640 0.000129 0.000000 0.000455 0.000000
0.062421
0.031204 1.000000 0.067661 0.339309 0.017277 0.008202 0.019756 0.000033 0.000000 0.000121 0.000000
0.062421
0.031203 1.000000 0.067660 0.339309 0.017277 0.008104 0.019683 0.000142 0.000000 0.000447 0.000000
0.062421
0.031202 1.000000 0.067655 0.339309 0.017277 0.008114 0.019737 0.000008 0.000000 0.000058 0.000000
0.062421
0.031202 1.000000 0.067657 0.339309 0.017277 0.008077 0.019630 0.000131 0.000000 0.000474 0.000000
0.062421
0.031202 1.000000 0.067658 0.339309 0.017277 0.008111 0.019735 0.000016 0.000000 0.000080 0.000000
0.062421
0.031203 1.000000 0.067660 0.339309 0.017277 0.008081 0.019642 0.000127 0.000000 0.000453 0.000000
0.062421
0.031203 1.000000 0.067660 0.339309 0.017277 0.008240 0.019905 0.000031 0.000000 0.000123 0.000000
0.062421
0.031203 1.000000 0.067664 0.339309 0.017277 0.008190 0.019743 0.000161 0.000000 0.000583 0.000000
0.062421
0.031202 1.000000 0.067655 0.339309 0.017277 0.008116 0.019744 0.000009 0.000000 0.000051 0.000000
0.062421
0.031203 1.000000 0.067658 0.339309 0.017277 0.008083 0.019644 0.000126 0.000000 0.000455 0.000000
0.062421
0.031202 1.000000 0.067656 0.339309 0.017277 0.008116 0.019742 0.000011 0.000000 0.000057 0.000000
0.062421
0.031202 1.000000 0.067658 0.339309 0.017277 0.008081 0.019636 0.000126 0.000000 0.000456 0.000000
0.062421
0.031202 1.000000 0.067657 0.339309 0.017277 0.008115 0.019743 0.000010 0.000000 0.000057 0.000000
0.062421
0.031203 1.000000 0.067662 0.339309 0.017277 0.008194 0.019758 0.000156 0.000000 0.000510 0.000000
0.062421
0.031202 1.000000 0.067657 0.339309 0.017277 0.008113 0.019735 0.000013 0.000000 0.000064 0.000000
0.062421
0.031203 1.000000 0.067660 0.339309 0.017277 0.008085 0.019640 0.000126 0.000000 0.000448 0.000000
0.062421
0.031202 1.000000 0.067657 0.339309 0.017277 0.008114 0.019741 0.000012 0.000000 0.000060 0.000000
0.062421
0.031202 1.000000 0.067658 0.339309 0.017277 0.008077 0.019633 0.000135 0.000000 0.000508 0.000000
0.062421
0.031202 1.000000 0.067656 0.339309 0.017277 0.008114 0.019741 0.000009 0.000000 0.000057 0.000000
0.062421
0.031203 1.000000 0.067661 0.339309 0.017277 0.008192 0.019749 0.000154 0.000000 0.000550 0.000000
0.062421
0.031202 1.000000 0.067658 0.339309 0.017277 0.008202 0.019756 0.000022 0.000000 0.000103 0.000000
0.062421
0.031203 1.000000 0.067660 0.339309 0.017277 0.008083 0.019641 0.000168 0.000000 0.000519 0.000000
0.062421
0.031202 1.000000 0.067657 0.339309 0.017277 0.008116 0.019742 0.000012 0.000000 0.000062 0.000000
0.062421
0.031202 1.000000 0.067659 0.339309 0.017277 0.008082 0.019639 0.000122 0.000000 0.000470 0.000000
0.062421
0.031203 1.000000 0.067658 0.339309 0.017277 0.008117 0.019748 0.000010 0.000000 0.000061 0.000000
0.062421
0.031203 1.000000 0.067660 0.339309 0.017277 0.008078 0.019625 0.000140 0.000000 0.000524 0.000000
0.062421
0.031202 1.000000 0.067660 0.339309 0.017277 0.008201 0.019752 0.000027 0.000000 0.000095 0.000000
0.062421
0.031203 1.000000 0.067661 0.339309 0.017277 0.008095 0.019671 0.000148 0.000000 0.000469 0.000000
0.062421
0.031202 1.000000 0.067658 0.339309 0.017277 0.008115 0.019740 0.000012 0.000000 0.000061 0.000000
0.062421
0.031202 1.000000 0.067659 0.339309 0.017277 0.008074 0.019614 0.000151 0.000000 0.000520 0.000000
0.062421
0.031202 1.000000 0.067656 0.339309 0.017277 0.008113 0.019741 0.000013 0.000000 0.000072 0.000000
0.062421
0.031202 1.000000 0.067658 0.339309 0.017277 0.008083 0.019640 0.000127 0.000000 0.000450 0.000000
0.062421
0.031203 1.000000 0.067661 0.339309 0.017277 0.008239 0.019907 0.000030 0.000000 0.000118 0.000000
0.062421
0.031203 1.000000 0.067664 0.339309 0.017277 0.008192 0.019750 0.000153 0.000000 0.000546 0.000000
0.062421
0.031202 1.000000 0.067657 0.339309 0.017277 0.008113 0.019743 0.000011 0.000000 0.000063 0.000000
0.062421
0.031203 1.000000 0.067659 0.339309 0.017277 0.008083 0.019640 0.000126 0.000000 0.000440 0.000000
0.062421
0.031202 1.000000 0.067657 0.339309 0.017277 0.008114 0.019745 0.000010 0.000000 0.000056 0.000000
0.062421
0.031203 1.000000 0.067659 0.339309 0.017277 0.008080 0.019635 0.000133 0.000000 0.000462 0.000000
0.062421
0.031202 1.000000 0.067656 0.339309 0.017277 0.008114 0.019753 0.000010 0.000000 0.000057 0.000000
0.062421
0.031204 1.000000 0.067664 0.339309 0.017277 0.008192 0.019753 0.000157 0.000000 0.000540 0.000000
0.062421
0.031202 1.000000 0.067658 0.339309 0.017277 0.008112 0.019737 0.000013 0.000000 0.000075 0.000000
0.062421
0.031203 1.000000 0.067661 0.339309 0.017277 0.008082 0.019630 0.000142 0.000000 0.000481 0.000000
0.062421
0.031202 1.000000 0.067657 0.339309 0.017277 0.008117 0.019746 0.000009 0.000000 0.000051 0.000000
0.062421
0.031203 1.000000 0.067659 0.339309 0.017277 0.008082 0.019640 0.000125 0.000000 0.000474 0.000000
0.062421
0.031202 1.000000 0.067657 0.339309 0.017277 0.008117 0.019746 0.000010 0.000000 0.000053 0.000000
0.062421
0.031203 1.000000 0.067659 0.339309 0.017277 0.008193 0.019755 0.000151 0.000000 0.000532 0.000000
0.062421
0.031202 1.000000 0.067658 0.339309 0.017277 0.008205 0.019763 0.000022 0.000000 0.000100 0.000000
0.062421
0.031203 1.000000 0.067659 0.339309 0.017277 0.008086 0.019658 0.000164 0.000000 0.000521 0.000000
0.062421
0.031202 1.000000 0.067657 0.339309 0.017277 0.008116 0.019738 0.000010 0.000000 0.000061 0.000000
0.062421
0.031202 1.000000 0.067659 0.339309 0.017709 0.008078 0.019635 0.000129 0.000000 0.000448 0.000000
0.062421
0.031202 1.000000 0.067658 0.339309 0.018141 0.008116 0.019749 0.000011 0.000000 0.000062 0.000000
0.062421
0.031203 1.000000 0.067660 0.339309 0.018141 0.008081 0.019639 0.000129 0.000000 0.000462 0.000000
0.062421
0.031203 1.000000 0.067661 0.339309 0.018141 0.008202 0.019760 0.000029 0.000000 0.000107 0.000000
0.062421
0.031203 1.000000 0.067662 0.339309 0.018141 0.008106 0.019658 0.000152 0.000000 0.000454 0.000000
0.062421
0.031202 1.000000 0.067660 0.339309 0.018141 0.008115 0.019739 0.000013 0.000000 0.000067 0.000000
0.062421
0.031203 1.000000 0.067659 0.339309 0.018141 0.008080 0.019637 0.000131 0.000000 0.000446 0.000000
0.062421
0.031202 1.000000 0.067658 0.339309 0.018141 0.008114 0.019738 0.000014 0.000000 0.000070 0.000000
0.062421
0.031203 1.000000 0.067660 0.339309 0.018141 0.008083 0.019645 0.000120 0.000000 0.000439 0.000000
0.062421
0.031203 1.000000 0.067660 0.339309 0.018141 0.008240 0.019904 0.000030 0.000000 0.000124 0.000000
0.062421
0.031203 1.000000 0.067664 0.339309 0.018141 0.008201 0.019773 0.000137 0.000000 0.000479 0.000000
0.062421
0.031202 1.000000 0.067658 0.339309 0.018141 0.008113 0.019739 0.000009 0.000000 0.000054 0.000000
0.062421
0.031203 1.000000 0.067661 0.339309 0.018141 0.008076 0.019629 0.000139 0.000000 0.000492 0.000000
0.062421
0.031202 1.000000 0.067658 0.339309 0.018141 0.008116 0.019749 0.000012 0.000000 0.000067 0.000000
0.062421
0.031203 1.000000 0.067660 0.339309 0.018141 0.008083 0.019639 0.000123 0.000000 0.000445 0.000000
0.062421
0.031202 1.000000 0.067657 0.339309 0.018141 0.008114 0.019740 0.000013 0.000000 0.000066 0.000000
0.062421
0.031204 1.000000 0.067663 0.339309 0.018141 0.008193 0.019755 0.000159 0.000000 0.000548 0.000000
0.062421
0.031202 1.000000 0.067658 0.339309 0.018141 0.008115 0.019743 0.000009 0.000000 0.000060 0.000000
0.062421
0.031203 1.000000 0.067662 0.339309 0.018141 0.008080 0.019636 0.000132 0.000000 0.000481 0.000000
0.062421
0.031202 1.000000 0.067658 0.339309 0.018141 0.008116 0.019742 0.000010 0.000000 0.000057 0.000000
0.062421
0.031203 1.000000 0.067659 0.339309 0.018141 0.008080 0.019634 0.000129 0.000000 0.000475 0.000000
0.062421
0.031202 1.000000 0.067658 0.339309 0.018141 0.008114 0.019742 0.000012 0.000000 0.000069 0.000000
0.062421
0.031203 1.000000 0.067661 0.339309 0.018141 0.008196 0.019755 0.000150 0.000000 0.000518 0.000000
0.062421
0.031203 1.000000 0.067660 0.339309 0.018141 0.008202 0.019757 0.000020 0.000000 0.000100 0.000000
0.062421
0.031203 1.000000 0.067663 0.339309 0.018141 0.008088 0.019642 0.000162 0.000000 0.000544 0.000000
0.062421
0.031202 1.000000 0.067659 0.339309 0.018141 0.008117 0.019747 0.000010 0.000000 0.000056 0.000000
0.062421
0.031203 1.000000 0.067661 0.339309 0.018141 0.008081 0.019638 0.000127 0.000000 0.000478 0.000000
0.062421
0.031203 1.000000 0.067659 0.339309 0.018141 0.008112 0.019740 0.000017 0.000000 0.000083 0.000000
0.062421
0.031203 1.000000 0.067659 0.339309 0.018141 0.008081 0.019639 0.000127 0.000000 0.000460 0.000000
0.062421
0.031202 1.000000 0.067660 0.339309 0.018141 0.008195 0.019748 0.000026 0.000000 0.000099 0.000000
0.062421
0.031203 1.000000 0.067661 0.339309 0.018141 0.008095 0.019679 0.000145 0.000000 0.000475 0.000000
0.062421
0.031202 1.000000 0.067658 0.339309 0.018141 0.008117 0.019745 0.000007 0.000000 0.000055 0.000000
0.062421
0.031203 1.000000 0.067659 0.339309 0.018141 0.008076 0.019630 0.000135 0.000000 0.000489 0.020077
0.062421
0.031202 1.000000 0.067659 0.339309 0.018141 0.008117 0.019749 0.000019 0.000000 0.000077 0.020077
0.062421
0.031203 1.000000 0.067660 0.339309 0.018141 0.008082 0.019647 0.000126 0.000000 0.000454 0.020077
0.062421
0.031203 1.000000 0.067661 0.339309 0.018141 0.008241 0.019915 0.000036 0.000000 0.000135 0.000000
0.062421
0.031203 1.000000 0.067662 0.339309 0.018141 0.008199 0.019769 0.000136 0.000000 0.000485 0.000000
0.062421
0.031202 1.000000 0.067659 0.339309 0.018141 0.008113 0.019741 0.000011 0.000000 0.000061 0.000000
0.062421
0.046813 1.000000 0.067672 0.339318 0.028507 0.010302 0.025642 0.001726 0.000000 0.006786 0.010038
0.062421
0.062420 0.333333 0.067680 0.339326 0.038009 0.012632 0.032385 0.001693 0.000000 0.005962 0.025092
0.093706
0.062419 0.333333 0.067680 0.339326 0.038009 0.012491 0.032038 0.002005 0.000000 0.007400 0.030111
0.093706
0.062421 0.333333 0.067682 0.339326 0.038009 0.012649 0.032408 0.001656 0.000000 0.005764 0.025092
0.093706
0.062426 0.333333 0.067692 0.339326 0.038009 0.011049 0.028303 0.004072 0.022469 0.014436 0.025092
0.093706
0.062421 0.333333 0.067683 0.339326 0.038009 0.012612 0.032348 0.001742 0.000000 0.006073 0.025092
0.093706
0.062422 0.333333 0.067683 0.339326 0.038009 0.012453 0.031970 0.002019 0.000000 0.007424 0.020074
0.093706
0.062421 0.333333 0.067684 0.339326 0.038009 0.012637 0.032387 0.001693 0.000000 0.005968 0.015055
0.093706
0.062421 0.333333 0.067685 0.339326 0.038009 0.012484 0.032015 0.002005 0.000000 0.007334 0.025092
0.093706
0.062421 0.333333 0.067683 0.339326 0.038009 0.012637 0.032389 0.001673 0.000000 0.005882 0.020074
0.093706
0.062424 0.333333 0.067687 0.339326 0.038009 0.011904 0.030672 0.002515 0.000000 0.008757 0.020074
0.093706
0.062424 0.333333 0.067686 0.339326 0.038009 0.012305 0.031358 0.002519 0.000000 0.008807 0.025092
0.093706
0.062423 0.333333 0.067685 0.339326 0.038009 0.012317 0.031552 0.002157 0.000000 0.007950 0.015055
0.093706
0.062422 0.333333 0.067682 0.339326 0.038009 0.012615 0.032352 0.001739 0.000000 0.006018 0.025092
0.093706
0.062421 0.333333 0.067684 0.339326 0.038009 0.012468 0.031988 0.002016 0.000000 0.007453 0.015055
0.093706
0.062420 0.333333 0.067681 0.339326 0.038009 0.012638 0.032405 0.001670 0.000000 0.005847 0.015055
0.093706
0.062421 0.333333 0.067683 0.339326 0.038009 0.012491 0.032027 0.001981 0.000000 0.007296 0.025092
0.093706
0.062422 0.333333 0.067685 0.339326 0.038009 0.011523 0.029201 0.003303 0.022469 0.011556 0.035129
0.093706
0.062421 0.333333 0.067683 0.339326 0.038009 0.012227 0.031252 0.002269 0.000000 0.008263 0.015055
0.093706
0.062420 0.333333 0.067679 0.339326 0.038009 0.012624 0.032368 0.001719 0.000000 0.005961 0.025092
0.093706
0.062420 0.333333 0.067682 0.339326 0.038009 0.012473 0.031999 0.001989 0.000000 0.007419 0.025092
0.093706
0.062420 0.333333 0.067682 0.339326 0.038009 0.012638 0.032399 0.001669 0.000000 0.005814 0.025092
0.093706
0.062421 0.333333 0.067681 0.339326 0.038009 0.012496 0.032038 0.001994 0.000000 0.007399 0.025092
0.093706
0.062423 0.333333 0.067686 0.339326 0.038873 0.011837 0.030525 0.002631 0.000000 0.009056 0.015055
0.093706
0.062426 0.333333 0.067692 0.339326 0.038873 0.011797 0.030412 0.003404 0.000000 0.011734 0.020074
0.093706
0.062421 0.333333 0.067682 0.339326 0.038873 0.012609 0.032348 0.001743 0.000000 0.006011 0.020074
0.093706
0.062421 0.333333 0.067683 0.339326 0.038873 0.012456 0.031958 0.002021 0.000000 0.007529 0.015055
0.093706
0.062422 0.333333 0.067684 0.339326 0.038873 0.012635 0.032399 0.001676 0.000000 0.005865 0.015055
0.093706
0.062420 0.333333 0.067680 0.339326 0.038873 0.012497 0.032037 0.001967 0.000000 0.007284 0.025092
0.093706
0.062420 0.333333 0.067680 0.339326 0.038009 0.012642 0.032404 0.001654 0.000000 0.005843 0.025092
0.093706
0.062425 0.333333 0.067690 0.339326 0.038009 0.011048 0.028299 0.004050 0.022469 0.014317 0.030111
0.093706
0.062420 0.333333 0.067682 0.339326 0.038009 0.012602 0.032314 0.001774 0.000000 0.006076 0.025092
0.093706
0.062420 0.333333 0.067681 0.339326 0.038009 0.012492 0.032030 0.001971 0.000000 0.007288 0.025092
0.093706
0.062421 0.333333 0.067683 0.339326 0.038009 0.012636 0.032395 0.001665 0.000000 0.005763 0.020074
0.093706
0.062421 0.333333 0.067683 0.339326 0.038009 0.012495 0.032030 0.001977 0.000000 0.007309 0.025092
0.093706
0.062422 0.333333 0.067684 0.339326 0.038009 0.012644 0.032394 0.001653 0.000000 0.005826 0.030111
0.093706
0.062424 0.333333 0.067687 0.339326 0.038009 0.011900 0.030673 0.002513 0.000000 0.008716 0.020074
0.093706
0.062422 0.333333 0.067684 0.339326 0.038009 0.012300 0.031342 0.002532 0.000000 0.008840 0.030111
0.093706
0.062424 0.333333 0.067688 0.339326 0.038009 0.012316 0.031545 0.002195 0.000000 0.008015 0.010037
0.093706
0.062421 0.333333 0.067682 0.339326 0.038009 0.012614 0.032349 0.001736 0.000000 0.006026 0.020074
0.093706
0.062420 0.333333 0.067680 0.339326 0.038009 0.012478 0.032009 0.001988 0.000000 0.007331 0.015055
0.093706
0.062421 0.333333 0.067682 0.339326 0.038009 0.012634 0.032409 0.001661 0.000000 0.005770 0.020074
0.093706
0.062420 0.333333 0.067682 0.339326 0.038009 0.012497 0.032038 0.001968 0.000000 0.007275 0.020074
0.093706
0.062421 0.333333 0.067684 0.339326 0.038009 0.011516 0.029207 0.003306 0.022469 0.011574 0.035129
0.093706
0.062422 0.333333 0.067685 0.339326 0.038009 0.012279 0.031396 0.002219 0.000000 0.008049 0.010037
0.093706
0.062420 0.333333 0.067681 0.339326 0.038009 0.012618 0.032363 0.001702 0.000000 0.005890 0.020074
0.093706
0.062419 0.333333 0.067681 0.339326 0.038009 0.012488 0.032021 0.001992 0.000000 0.007332 0.030111
0.093706
0.062420 0.333333 0.067682 0.339326 0.038009 0.012639 0.032395 0.001677 0.000000 0.005866 0.025092
0.093706
0.062420 0.333333 0.067681 0.339326 0.038009 0.012495 0.032041 0.001980 0.000000 0.007327 0.020074
0.093706
0.062423 0.333333 0.067687 0.339326 0.038873 0.011854 0.030581 0.002626 0.000000 0.009078 0.010037
0.093706
0.062426 0.333333 0.067692 0.339326 0.038873 0.011796 0.030435 0.003413 0.000000 0.011775 0.020074
0.093706
0.062422 0.333333 0.067685 0.339326 0.038873 0.012603 0.032320 0.001772 0.000000 0.006189 0.015055
0.093706
0.062421 0.333333 0.067683 0.339326 0.038873 0.012460 0.031978 0.002012 0.000000 0.007540 0.025092
0.093706
0.062422 0.333333 0.067683 0.339326 0.038873 0.012638 0.032390 0.001679 0.000000 0.005813 0.020074
0.093706
0.062420 0.333333 0.067683 0.339326 0.038873 0.012494 0.032042 0.001981 0.000000 0.007397 0.025092
0.093706
0.062420 0.333333 0.067681 0.339326 0.038009 0.012643 0.032400 0.001666 0.000000 0.005862 0.025092
0.093706
0.062425 0.333333 0.067692 0.339326 0.038009 0.011024 0.028259 0.004065 0.022469 0.014399 0.025092
0.093706
0.062420 0.333333 0.067680 0.339326 0.038009 0.012605 0.032319 0.001753 0.000000 0.006096 0.010037
0.093706
0.062420 0.333333 0.067683 0.339326 0.038009 0.012459 0.031985 0.002000 0.000000 0.007507 0.010037
0.093706
0.062422 0.333333 0.067683 0.339326 0.038009 0.012632 0.032398 0.001654 0.000000 0.005782 0.020074
0.093706
0.062421 0.333333 0.067682 0.339326 0.038009 0.012491 0.032026 0.001988 0.000000 0.007360 0.020074
0.093706
0.062420 0.333333 0.067682 0.339326 0.038009 0.012650 0.032412 0.001654 0.000000 0.005756 0.020074
0.093706
0.062424 0.333333 0.067687 0.339326 0.038009 0.011889 0.030652 0.002534 0.000000 0.008773 0.015055
0.093706
0.062423 0.333333 0.067686 0.339326 0.038009 0.012299 0.031339 0.002549 0.000000 0.008846 0.020074
0.093706
0.062422 0.333333 0.067685 0.339326 0.038009 0.012318 0.031547 0.002165 0.000000 0.007975 0.010037
0.093706
0.062422 0.333333 0.067683 0.339326 0.038009 0.012626 0.032386 0.001695 0.000000 0.005924 0.015055
0.093706
0.062421 0.333333 0.067683 0.339326 0.038009 0.012470 0.031992 0.002009 0.000000 0.007471 0.015055
0.093706
0.062421 0.333333 0.067683 0.339326 0.038009 0.012633 0.032399 0.001684 0.000000 0.005886 0.025092
0.093706
0.062420 0.333333 0.067682 0.339326 0.038009 0.012487 0.032025 0.002001 0.000000 0.007437 0.025092
0.093706
0.062422 0.333333 0.067684 0.339326 0.038009 0.011540 0.029223 0.003311 0.022469 0.011617 0.025092
0.093706
0.062422 0.333333 0.067685 0.339326 0.038009 0.012280 0.031395 0.002226 0.000000 0.008114 0.015055
0.093706
0.062419 0.333333 0.067680 0.339326 0.038009 0.012611 0.032346 0.001748 0.000000 0.006018 0.020074
0.093706
0.062420 0.333333 0.067683 0.339326 0.038009 0.012468 0.031988 0.002020 0.000000 0.007528 0.015055
0.093706
0.062420 0.333333 0.067681 0.339326 0.038009 0.012641 0.032399 0.001674 0.000000 0.005833 0.025092
0.093706
0.062419 0.333333 0.067679 0.339326 0.038009 0.012493 0.032026 0.001976 0.000000 0.007353 0.020074
0.093706
0.062423 0.333333 0.067685 0.339326 0.038441 0.011857 0.030590 0.002633 0.000000 0.009102 0.015055
0.093706
0.062424 0.333333 0.067689 0.339326 0.038009 0.011769 0.030390 0.003432 0.000000 0.011789 0.025092
0.093706
0.062422 0.333333 0.067684 0.339326 0.038873 0.012596 0.032289 0.001769 0.000000 0.006135 0.025092
0.093706
0.062422 0.333333 0.067685 0.339326 0.038873 0.012460 0.031974 0.002042 0.000000 0.007548 0.025092
0.093706
0.062421 0.333333 0.067683 0.339326 0.038873 0.012634 0.032384 0.001679 0.000000 0.005891 0.025092
0.093706
0.062422 0.333333 0.067684 0.339326 0.038873 0.012490 0.032029 0.001980 0.000000 0.007330 0.015055
0.093706
0.062420 0.333333 0.067681 0.339326 0.038009 0.012648 0.032414 0.001630 0.000000 0.005735 0.020074
0.093706
0.062425 0.333333 0.067691 0.339326 0.038873 0.011038 0.028284 0.004083 0.022469 0.014406 0.020074
0.093706
0.062421 0.333333 0.067681 0.339326 0.038009 0.012608 0.032337 0.001756 0.000000 0.006092 0.020074
0.093706
0.062421 0.333333 0.067683 0.339326 0.038009 0.012455 0.031975 0.002006 0.000000 0.007455 0.020074
0.093706
0.062420 0.333333 0.067682 0.339326 0.038009 0.012636 0.032396 0.001682 0.000000 0.005826 0.025092
0.093706
0.062420 0.333333 0.067682 0.339326 0.038009 0.012494 0.032035 0.001986 0.000000 0.007393 0.025092
0.093706
0.062421 0.333333 0.067682 0.339326 0.038009 0.012641 0.032400 0.001657 0.000000 0.005779 0.025092
0.093706
0.062423 0.333333 0.067687 0.339326 0.038009 0.011903 0.030668 0.002535 0.000000 0.008791 0.015055
0.093706
0.062424 0.333333 0.067686 0.339326 0.038009 0.012292 0.031362 0.002538 0.000000 0.008877 0.020074
0.093706
0.062423 0.333333 0.067686 0.339326 0.038009 0.012329 0.031590 0.002176 0.000000 0.007945 0.020074
0.093706
0.062421 0.333333 0.067681 0.339326 0.038009 0.012626 0.032379 0.001712 0.000000 0.005982 0.025092
0.093706
0.062421 0.333333 0.067683 0.339326 0.038009 0.012471 0.031989 0.002007 0.000000 0.007409 0.025092
0.093706
0.062421 0.333333 0.067682 0.339326 0.038009 0.012643 0.032396 0.001675 0.000000 0.005820 0.045166
0.093706
0.062420 0.333333 0.067683 0.339326 0.038009 0.012495 0.032051 0.001989 0.000000 0.007315 0.040148
0.093706
0.062420 0.333333 0.067682 0.339326 0.038009 0.011509 0.029192 0.003333 0.022469 0.011740 0.035129
0.093706
0.062423 0.333333 0.067685 0.339326 0.038009 0.012258 0.031329 0.002257 0.022469 0.008189 0.035129
0.093706
0.062421 0.333333 0.067681 0.339326 0.038009 0.012613 0.032352 0.001748 0.022469 0.006063 0.040148
0.093706
0.062420 0.333333 0.067681 0.339326 0.038009 0.012481 0.032008 0.002015 0.000000 0.007489 0.040148
0.093706
0.062420 0.333333 0.067680 0.339326 0.038009 0.012637 0.032398 0.001671 0.000000 0.005810 0.020074
0.093706
0.062419 0.333333 0.067681 0.339326 0.038009 0.012497 0.032039 0.001968 0.000000 0.007250 0.025092
0.093706
0.062422 0.333333 0.067685 0.339326 0.038009 0.011854 0.030582 0.002618 0.000000 0.009067 0.015055
0.093706
0.062425 0.333333 0.067689 0.339326 0.038009 0.011790 0.030382 0.003414 0.000000 0.011754 0.010037
0.093706
0.062422 0.333333 0.067684 0.339326 0.038873 0.012613 0.032355 0.001742 0.000000 0.006045 0.025092
0.093706
0.062421 0.333333 0.067684 0.339326 0.038873 0.012462 0.031974 0.002025 0.000000 0.007500 0.020074
0.093706
0.062423 0.333333 0.067683 0.339326 0.038873 0.012632 0.032375 0.001689 0.000000 0.005905 0.025092
0.093706
0.062420 0.333333 0.067681 0.339326 0.038873 0.012497 0.032034 0.001980 0.000000 0.007377 0.025092
0.093706
0.062421 0.333333 0.067682 0.339326 0.038873 0.012639 0.032398 0.001640 0.000000 0.005673 0.025092
0.093706
0.062426 0.333333 0.067693 0.339326 0.038873 0.011052 0.028293 0.004056 0.022469 0.014368 0.020074
0.093706
0.062420 0.333333 0.067681 0.339326 0.038009 0.012615 0.032345 0.001738 0.000000 0.006048 0.020074
0.093706
0.062420 0.333333 0.067682 0.339326 0.038009 0.012461 0.031979 0.002021 0.000000 0.007420 0.015055
0.093706
0.062421 0.333333 0.067682 0.339326 0.038009 0.012632 0.032379 0.001690 0.000000 0.005879 0.025092
0.093706
0.062422 0.333333 0.067684 0.339326 0.038009 0.012499 0.032043 0.001976 0.000000 0.007286 0.020074
0.093706
0.062421 0.333333 0.067682 0.339326 0.038009 0.012638 0.032401 0.001654 0.000000 0.005821 0.025092
0.093706
0.062424 0.333333 0.067688 0.339326 0.038009 0.011903 0.030656 0.002553 0.000000 0.008819 0.020074
0.093706
0.062423 0.333333 0.067685 0.339326 0.038009 0.012299 0.031347 0.002522 0.000000 0.008873 0.025092
0.093706
0.062422 0.333333 0.067684 0.339326 0.038009 0.012318 0.031552 0.002174 0.000000 0.007960 0.025092
0.093706
0.062421 0.333333 0.067681 0.339326 0.038009 0.012623 0.032363 0.001714 0.000000 0.006017 0.025092
0.093706
0.062421 0.333333 0.067682 0.339326 0.038009 0.012472 0.031997 0.001997 0.000000 0.007396 0.015055
0.093706
0.062422 0.333333 0.067683 0.339326 0.038009 0.012635 0.032388 0.001676 0.000000 0.005896 0.025092
0.093706
0.062421 0.333333 0.067682 0.339326 0.038009 0.012493 0.032035 0.001974 0.000000 0.007353 0.020074
0.093706
0.062420 0.333333 0.067680 0.339326 0.038009 0.011526 0.029220 0.003275 0.022469 0.011522 0.025092
0.093706
0.062422 0.333333 0.067685 0.339326 0.038009 0.012271 0.031364 0.002238 0.000000 0.008105 0.015055
0.093706
0.062421 0.333333 0.067682 0.339326 0.038009 0.012611 0.032357 0.001734 0.000000 0.006047 0.015055
0.093706
0.062419 0.333333 0.067679 0.339326 0.038009 0.012454 0.031967 0.002021 0.000000 0.007538 0.020074
0.093706
0.062420 0.333333 0.067681 0.339326 0.038009 0.012635 0.032387 0.001669 0.000000 0.005824 0.020074
0.093706
0.062419 0.333333 0.067681 0.339326 0.038009 0.012496 0.032041 0.001986 0.000000 0.007356 0.025092
0.093706
0.062421 0.333333 0.067683 0.339326 0.038009 0.011835 0.030546 0.002635 0.000000 0.009084 0.015055
0.093706
0.062424 0.333333 0.067690 0.339326 0.038009 0.011801 0.030412 0.003407 0.000000 0.011734 0.025092
0.093706
0.062423 0.333333 0.067685 0.339326 0.038441 0.012615 0.032342 0.001753 0.000000 0.006038 0.025092
0.093706
0.062422 0.333333 0.067683 0.339326 0.038009 0.012473 0.032001 0.001996 0.000000 0.007349 0.020074
0.093706
0.062423 0.333333 0.067684 0.339326 0.038873 0.012632 0.032381 0.001702 0.000000 0.005987 0.025092
0.093706
0.062421 0.333333 0.067683 0.339326 0.038873 0.012488 0.032029 0.001983 0.000000 0.007394 0.020074
0.093706
0.062422 0.333333 0.067682 0.339326 0.038873 0.012637 0.032392 0.001652 0.000000 0.005772 0.025092
0.093706
0.062426 0.333333 0.067693 0.339326 0.038873 0.011059 0.028325 0.004040 0.022469 0.014343 0.025092
0.093706
0.062420 0.333333 0.067680 0.339326 0.038009 0.012607 0.032347 0.001766 0.000000 0.006109 0.020074
0.093706
0.062420 0.333333 0.067683 0.339326 0.038009 0.012464 0.031984 0.002004 0.000000 0.007401 0.030111
0.093706
0.062421 0.333333 0.067681 0.339326 0.038009 0.012634 0.032400 0.001682 0.000000 0.005938 0.020074
0.093706
0.062421 0.333333 0.067683 0.339326 0.038009 0.012492 0.032039 0.001989 0.000000 0.007393 0.025092
0.093706
0.062421 0.333333 0.067681 0.339326 0.038009 0.012632 0.032391 0.001658 0.000000 0.005821 0.020074
0.093706
0.062423 0.333333 0.067687 0.339326 0.038009 0.011894 0.030653 0.002546 0.000000 0.008820 0.020074
0.093706
0.062423 0.333333 0.067686 0.339326 0.038009 0.012305 0.031365 0.002518 0.000000 0.008860 0.030111
0.093706
0.062423 0.333333 0.067686 0.339326 0.038009 0.012298 0.031493 0.002186 0.000000 0.007984 0.010037
0.093706
0.062421 0.333333 0.067682 0.339326 0.038009 0.012622 0.032371 0.001722 0.000000 0.005953 0.025092
0.093706
0.062420 0.333333 0.067683 0.339326 0.038009 0.012485 0.032016 0.001991 0.000000 0.007400 0.020074
0.093706
0.062422 0.333333 0.067681 0.339326 0.038009 0.012640 0.032399 0.001652 0.000000 0.005757 0.025092
0.093706
0.062421 0.333333 0.067682 0.339326 0.038009 0.012495 0.032040 0.001989 0.000000 0.007346 0.025092
0.093706
0.062421 0.333333 0.067684 0.339326 0.038009 0.011521 0.029217 0.003301 0.022469 0.011509 0.020074
0.093706
0.062422 0.333333 0.067685 0.339326 0.038009 0.012279 0.031404 0.002221 0.000000 0.008119 0.025092
0.093706
0.062420 0.333333 0.067681 0.339326 0.038009 0.012620 0.032372 0.001708 0.000000 0.005968 0.025092
0.093706
0.062420 0.333333 0.067682 0.339326 0.038009 0.012482 0.032021 0.001987 0.000000 0.007435 0.025092
0.093706
0.062420 0.333333 0.067681 0.339326 0.038009 0.012632 0.032394 0.001688 0.000000 0.005866 0.020074
0.093706
0.062420 0.333333 0.067682 0.339326 0.038009 0.012491 0.032019 0.001999 0.000000 0.007409 0.020074
0.093706
0.062422 0.333333 0.067686 0.339326 0.038009 0.011862 0.030588 0.002610 0.000000 0.009014 0.010037
0.093706
0.062425 0.333333 0.067690 0.339326 0.038009 0.011785 0.030398 0.003420 0.000000 0.011698 0.020074
0.093706
0.062420 0.333333 0.067681 0.339326 0.038009 0.012608 0.032326 0.001762 0.000000 0.006096 0.030111
0.093706
0.062420 0.333333 0.067680 0.339326 0.038009 0.012463 0.031969 0.002013 0.000000 0.007509 0.025092
0.093706
0.062422 0.333333 0.067684 0.339326 0.038873 0.012639 0.032393 0.001679 0.000000 0.005866 0.025092
0.093706
0.062422 0.333333 0.067682 0.339326 0.038873 0.012495 0.032047 0.001968 0.000000 0.007299 0.020074
0.093706
0.062421 0.333333 0.067682 0.339326 0.038873 0.012648 0.032398 0.001665 0.000000 0.005810 0.030111
0.093706
0.062426 0.333333 0.067692 0.339326 0.038873 0.011049 0.028295 0.004060 0.022469 0.014340 0.020074
0.093706
0.062422 0.333333 0.067684 0.339326 0.038873 0.012603 0.032329 0.001764 0.000000 0.006103 0.020074
0.093706
0.062421 0.333333 0.067683 0.339326 0.038873 0.012465 0.031981 0.002055 0.000000 0.007591 0.020074
0.093706
0.062421 0.333333 0.067681 0.339326 0.038009 0.012639 0.032401 0.001677 0.000000 0.005789 0.025092
0.093706
0.062420 0.333333 0.067682 0.339326 0.038009 0.012485 0.032024 0.001986 0.000000 0.007372 0.020074
0.093706
0.062421 0.333333 0.067681 0.339326 0.038009 0.012641 0.032398 0.001645 0.000000 0.005788 0.020074
0.093706
0.062425 0.333333 0.067688 0.339326 0.038009 0.011898 0.030665 0.002509 0.000000 0.008744 0.010037
0.093706
0.062423 0.333333 0.067687 0.339326 0.038009 0.012290 0.031333 0.002545 0.000000 0.008901 0.020074
0.093706
0.062422 0.333333 0.067685 0.339326 0.038009 0.012309 0.031511 0.002191 0.000000 0.008094 0.020074
0.093706
0.062421 0.333333 0.067683 0.339326 0.038009 0.012622 0.032361 0.001721 0.000000 0.005938 0.015055
0.093706
0.062422 0.333333 0.067685 0.339326 0.038009 0.012488 0.032006 0.002007 0.000000 0.007490 0.015055
0.093706
0.062421 0.333333 0.067683 0.339326 0.038009 0.012644 0.032411 0.001678 0.000000 0.005836 0.025092
0.093706
0.062420 0.333333 0.067682 0.339326 0.038009 0.012493 0.032036 0.001995 0.000000 0.007366 0.025092
0.093706
0.062424 0.333333 0.067687 0.339326 0.038009 0.011522 0.029214 0.003295 0.022469 0.011565 0.025092
0.093706
0.062423 0.333333 0.067685 0.339326 0.038009 0.012253 0.031320 0.002229 0.000000 0.008046 0.010037
0.093706
0.062420 0.333333 0.067681 0.339326 0.038009 0.012626 0.032373 0.001719 0.000000 0.005990 0.015055
0.093706
0.062420 0.333333 0.067681 0.339326 0.038009 0.012479 0.032008 0.002010 0.000000 0.007440 0.030111
0.093706
0.062419 0.333333 0.067678 0.339326 0.038009 0.012642 0.032400 0.001665 0.000000 0.005851 0.025092
0.093706
0.062421 0.333333 0.067683 0.339326 0.038009 0.012491 0.032032 0.001998 0.000000 0.007369 0.025092
0.093706
0.062422 0.333333 0.067684 0.339326 0.038009 0.011850 0.030563 0.002624 0.000000 0.009050 0.020074
0.093706
0.062424 0.333333 0.067688 0.339326 0.038009 0.011786 0.030383 0.003396 0.000000 0.011678 0.020074
0.093706
0.062420 0.333333 0.067680 0.339326 0.038009 0.012596 0.032310 0.001770 0.000000 0.006137 0.025092
0.093706
0.062420 0.333333 0.067683 0.339326 0.038009 0.012478 0.031994 0.002021 0.000000 0.007407 0.020074
0.093706
0.062422 0.333333 0.067683 0.339326 0.038873 0.012638 0.032392 0.001685 0.000000 0.005847 0.020074
0.093706
0.062420 0.333333 0.067681 0.339326 0.038441 0.012499 0.032050 0.001965 0.000000 0.007425 0.020074
0.093706
0.062421 0.333333 0.067683 0.339326 0.038873 0.012644 0.032402 0.001661 0.000000 0.005828 0.020074
0.093706
0.062427 0.333333 0.067695 0.339326 0.038873 0.011037 0.028277 0.004071 0.022469 0.014355 0.020074
0.093706
0.062422 0.333333 0.067683 0.339326 0.038873 0.012599 0.032311 0.001772 0.000000 0.006147 0.020074
0.093706
0.062420 0.333333 0.067682 0.339326 0.038873 0.012459 0.031972 0.002018 0.000000 0.007466 0.020074
0.093706
0.062420 0.333333 0.067679 0.339326 0.038009 0.012634 0.032393 0.001672 0.000000 0.005859 0.020074
0.093706
0.062420 0.333333 0.067682 0.339326 0.038009 0.012502 0.032060 0.001982 0.000000 0.007379 0.015055
0.093706
0.062421 0.333333 0.067682 0.339326 0.038009 0.012638 0.032390 0.001662 0.000000 0.005820 0.020074
0.093706
0.062424 0.333333 0.067688 0.339326 0.038009 0.011904 0.030687 0.002525 0.000000 0.008848 0.015055
0.093706
0.062422 0.333333 0.067685 0.339326 0.038009 0.012303 0.031371 0.002536 0.000000 0.008853 0.025092
0.093706
0.062423 0.333333 0.067687 0.339326 0.038009 0.012288 0.031465 0.002202 0.000000 0.008074 0.040148
0.093706
0.062421 0.333333 0.067682 0.339326 0.038009 0.012629 0.032391 0.001718 0.000000 0.005960 0.035129
0.093706
0.062421 0.333333 0.067683 0.339326 0.038009 0.012487 0.032014 0.001991 0.000000 0.007360 0.040148
0.093706
0.062422 0.333333 0.067683 0.339326 0.038009 0.012638 0.032398 0.001674 0.000000 0.005843 0.045166
0.093706
0.062420 0.333333 0.067681 0.339326 0.038009 0.012487 0.032021 0.001989 0.000000 0.007404 0.045166
0.093706
0.062423 0.333333 0.067686 0.339326 0.038009 0.011515 0.029200 0.003314 0.022469 0.011535 0.045166
0.093706
0.062423 0.333333 0.067687 0.339326 0.038009 0.012258 0.031343 0.002242 0.000000 0.008145 0.020074
0.093706
0.062421 0.333333 0.067683 0.339326 0.038009 0.012615 0.032362 0.001729 0.000000 0.006068 0.020074
0.093706
0.062419 0.333333 0.067680 0.339326 0.038009 0.012467 0.031986 0.002031 0.000000 0.007480 0.015055
0.093706
0.062421 0.333333 0.067681 0.339326 0.038009 0.012638 0.032406 0.001665 0.000000 0.005824 0.025092
0.093706
0.062420 0.333333 0.067682 0.339326 0.038009 0.012488 0.032030 0.001980 0.000000 0.007320 0.020074
0.093706
0.062423 0.333333 0.067685 0.339326 0.038009 0.011859 0.030589 0.002612 0.000000 0.009107 0.015055
0.093706
0.062425 0.333333 0.067689 0.339326 0.038009 0.011782 0.030383 0.003435 0.000000 0.011803 0.020074
0.093706
0.062420 0.333333 0.067681 0.339326 0.038009 0.012606 0.032330 0.001744 0.000000 0.006091 0.025092
0.093706
0.062421 0.333333 0.067682 0.339326 0.038009 0.012467 0.031986 0.002022 0.000000 0.007450 0.015055
0.093706
0.062420 0.333333 0.067682 0.339326 0.038009 0.012640 0.032391 0.001669 0.000000 0.005874 0.015055
0.093706
0.062419 0.333333 0.067680 0.339326 0.038009 0.012477 0.032003 0.002002 0.000000 0.007432 0.025092
0.093706
0.062422 0.333333 0.067684 0.339326 0.038873 0.012636 0.032394 0.001681 0.000000 0.005911 0.025092
0.093706
0.062426 0.333333 0.067695 0.339326 0.038873 0.011041 0.028271 0.004072 0.022469 0.014429 0.020074
0.093706
0.062423 0.333333 0.067684 0.339326 0.038873 0.012604 0.032341 0.001763 0.000000 0.006112 0.015055
0.093706
0.062421 0.333333 0.067684 0.339326 0.038873 0.012463 0.031989 0.002008 0.000000 0.007421 0.025092
0.093706
0.062422 0.333333 0.067684 0.339326 0.038873 0.012640 0.032393 0.001697 0.000000 0.005921 0.015055
0.093706
0.062419 0.333333 0.067681 0.339326 0.038873 0.012489 0.032031 0.001976 0.000000 0.007327 0.025092
0.093706
0.062420 0.333333 0.067681 0.339326 0.038009 0.012636 0.032393 0.001660 0.000000 0.005889 0.015055
0.093706
0.062424 0.333333 0.067687 0.339326 0.038009 0.011890 0.030657 0.002541 0.000000 0.008707 0.020074
0.093706
0.062423 0.333333 0.067688 0.339326 0.038009 0.012307 0.031386 0.002511 0.000000 0.008732 0.025092
0.093706
0.062422 0.333333 0.067685 0.339326 0.038009 0.012333 0.031593 0.002188 0.000000 0.008018 0.015055
0.093706
0.062421 0.333333 0.067683 0.339326 0.038009 0.012622 0.032378 0.001714 0.000000 0.005959 0.020074
0.093706
0.062422 0.333333 0.067685 0.339326 0.038009 0.012484 0.032010 0.002023 0.000000 0.007441 0.015055
0.093706
0.062421 0.333333 0.067683 0.339326 0.038009 0.012642 0.032391 0.001680 0.000000 0.005857 0.020074
0.093706
0.062421 0.333333 0.067682 0.339326 0.038009 0.012501 0.032056 0.001975 0.000000 0.007334 0.025092
0.093706
0.062423 0.333333 0.067687 0.339326 0.038009 0.011500 0.029174 0.003340 0.022469 0.011723 0.020074
0.093706
0.062423 0.333333 0.067686 0.339326 0.038009 0.012261 0.031323 0.002238 0.000000 0.008249 0.025092
0.093706
0.062422 0.333333 0.067683 0.339326 0.038009 0.012614 0.032353 0.001742 0.000000 0.006086 0.025092
0.093706
0.062420 0.333333 0.067683 0.339326 0.038009 0.012463 0.031977 0.002019 0.000000 0.007491 0.025092
0.093706
0.062421 0.333333 0.067683 0.339326 0.038009 0.012632 0.032399 0.001671 0.000000 0.005857 0.030111
0.093706
0.062418 0.333333 0.067680 0.339326 0.038009 0.012495 0.032034 0.001976 0.000000 0.007296 0.025092
0.093706
0.062422 0.333333 0.067684 0.339326 0.038009 0.011851 0.030575 0.002633 0.000000 0.009075 0.020074
0.093706
0.062424 0.333333 0.067688 0.339326 0.038009 0.011785 0.030364 0.003433 0.000000 0.011787 0.020074
0.093706
0.062421 0.333333 0.067681 0.339326 0.038009 0.012606 0.032333 0.001755 0.000000 0.006069 0.025092
0.093706
0.062420 0.333333 0.067682 0.339326 0.038009 0.012454 0.031959 0.002015 0.000000 0.007481 0.010037
0.093706
0.062420 0.333333 0.067681 0.339326 0.038009 0.012636 0.032388 0.001681 0.000000 0.005872 0.020074
0.093706
0.062419 0.333333 0.067679 0.339326 0.038009 0.012482 0.032011 0.002001 0.000000 0.007394 0.020074
0.093706
0.062422 0.333333 0.067685 0.339326 0.038873 0.012641 0.032395 0.001671 0.000000 0.005851 0.025092
0.093706
0.062427 0.333333 0.067693 0.339326 0.038873 0.011058 0.028320 0.004054 0.022469 0.014359 0.030111
0.093706
0.062421 0.333333 0.067683 0.339326 0.038873 0.012606 0.032307 0.001762 0.000000 0.006089 0.015055
0.093706
0.062424 0.333333 0.067688 0.339326 0.038873 0.012453 0.031959 0.002039 0.000000 0.007535 0.020074
0.093706
0.062421 0.333333 0.067683 0.339326 0.038873 0.012632 0.032387 0.001674 0.000000 0.005831 0.025092
0.093706
0.062421 0.333333 0.067682 0.339326 0.038873 0.012490 0.032028 0.002011 0.000000 0.007415 0.025092
0.093706
0.062421 0.333333 0.067683 0.339326 0.038009 0.012640 0.032410 0.001662 0.000000 0.005781 0.025092
0.093706
0.062425 0.333333 0.067691 0.339326 0.038009 0.011902 0.030670 0.002554 0.000000 0.008816 0.015055
0.093706
0.062423 0.333333 0.067684 0.339326 0.038009 0.012297 0.031360 0.002523 0.000000 0.008816 0.020074
0.093706
0.062422 0.333333 0.067685 0.339326 0.038009 0.012333 0.031598 0.002186 0.000000 0.008011 0.020074
0.093706
0.062421 0.333333 0.067682 0.339326 0.038009 0.012619 0.032370 0.001704 0.000000 0.005927 0.020074
0.093706
0.062420 0.333333 0.067683 0.339326 0.038009 0.012484 0.032006 0.001998 0.000000 0.007459 0.015055
0.093706
0.062422 0.333333 0.067685 0.339326 0.038009 0.012631 0.032392 0.001680 0.000000 0.005890 0.020074
0.093706
0.062420 0.333333 0.067682 0.339326 0.038009 0.012506 0.032054 0.001979 0.000000 0.007311 0.020074
0.093706
0.062422 0.333333 0.067685 0.339326 0.038009 0.011533 0.029240 0.003293 0.022469 0.011551 0.025092
0.093706
0.062423 0.333333 0.067686 0.339326 0.038009 0.012245 0.031309 0.002229 0.000000 0.008164 0.025092
0.093706
0.062421 0.333333 0.067683 0.339326 0.038009 0.012631 0.032385 0.001704 0.000000 0.005946 0.025092
0.093706
0.062420 0.333333 0.067683 0.339326 0.038009 0.012492 0.032036 0.001991 0.000000 0.007311 0.025092
0.093706
0.062420 0.333333 0.067680 0.339326 0.038009 0.012630 0.032384 0.001698 0.000000 0.005947 0.020074
0.093706
0.062419 0.333333 0.067680 0.339326 0.038009 0.012496 0.032032 0.001997 0.000000 0.007420 0.020074
0.093706
0.062420 0.333333 0.067682 0.339326 0.038009 0.011854 0.030585 0.002631 0.000000 0.009099 0.015055
0.093706
0.062424 0.333333 0.067689 0.339326 0.038009 0.011797 0.030404 0.003416 0.000000 0.011764 0.015055
0.093706
0.062420 0.333333 0.067681 0.339326 0.038009 0.012603 0.032311 0.001781 0.000000 0.006196 0.025092
0.093706
0.062420 0.333333 0.067682 0.339326 0.038009 0.012457 0.031962 0.002017 0.000000 0.007466 0.025092
0.093706
0.062420 0.333333 0.067680 0.339326 0.038009 0.012635 0.032394 0.001684 0.000000 0.005885 0.020074
0.093706
0.062419 0.333333 0.067679 0.339326 0.038009 0.012476 0.031996 0.002014 0.000000 0.007468 0.020074
0.093706
0.062422 0.333333 0.067685 0.339326 0.038873 0.012645 0.032409 0.001651 0.000000 0.005826 0.020074
0.093706
0.062426 0.333333 0.067693 0.339326 0.038873 0.011058 0.028323 0.004026 0.022469 0.014328 0.025092
0.093706
0.062423 0.333333 0.067686 0.339326 0.038873 0.012603 0.032321 0.001753 0.000000 0.006168 0.015055
0.093706
0.062422 0.333333 0.067685 0.339326 0.038873 0.012449 0.031962 0.002012 0.000000 0.007451 0.025092
0.093706
0.062422 0.333333 0.067683 0.339326 0.038873 0.012631 0.032396 0.001675 0.000000 0.005854 0.025092
0.093706
0.062419 0.333333 0.067680 0.339326 0.038873 0.012491 0.032029 0.001990 0.000000 0.007371 0.015055
0.093706
0.062420 0.333333 0.067679 0.339326 0.038009 0.012638 0.032404 0.001667 0.000000 0.005782 0.025092
0.093706
0.062422 0.333333 0.067686 0.339326 0.038009 0.011896 0.030653 0.002543 0.000000 0.008839 0.020074
0.093706
0.062421 0.333333 0.067684 0.339326 0.038009 0.012292 0.031338 0.002537 0.000000 0.008851 0.020074
0.093706
0.062423 0.333333 0.067685 0.339326 0.038009 0.012278 0.031439 0.002212 0.000000 0.008150 0.020074
0.093706
0.062422 0.333333 0.067683 0.339326 0.038009 0.012620 0.032370 0.001709 0.000000 0.005996 0.020074
0.093706
0.062421 0.333333 0.067684 0.339326 0.038009 0.012481 0.032014 0.001971 0.000000 0.007388 0.020074
0.093706
0.062421 0.333333 0.067681 0.339326 0.038009 0.012641 0.032403 0.001657 0.000000 0.005794 0.015055
0.093706
0.062419 0.333333 0.067681 0.339326 0.038009 0.012489 0.032026 0.001986 0.000000 0.007377 0.020074
0.093706
0.062422 0.333333 0.067685 0.339326 0.038009 0.011524 0.029217 0.003319 0.022469 0.011600 0.030111
0.093706
0.062423 0.333333 0.067684 0.339326 0.038009 0.012255 0.031318 0.002245 0.000000 0.008146 0.020074
0.093706
0.062421 0.333333 0.067681 0.339326 0.038009 0.012612 0.032361 0.001737 0.000000 0.006041 0.015055
0.093706
0.062421 0.333333 0.067683 0.339326 0.038009 0.012485 0.032019 0.002000 0.000000 0.007416 0.025092
0.093706
0.062422 0.333333 0.067683 0.339326 0.038009 0.012633 0.032409 0.001677 0.000000 0.005841 0.020074
0.093706
0.062419 0.333333 0.067679 0.339326 0.038009 0.012491 0.032028 0.001982 0.000000 0.007385 0.025092
0.093706
0.062422 0.333333 0.067684 0.339326 0.038009 0.011863 0.030587 0.002612 0.000000 0.009035 0.015055
0.093706
0.062424 0.333333 0.067690 0.339326 0.038009 0.011781 0.030389 0.003414 0.000000 0.011796 0.015055
0.093706
0.062419 0.333333 0.067681 0.339326 0.038009 0.012596 0.032308 0.001755 0.000000 0.006180 0.025092
0.093706
0.062420 0.333333 0.067681 0.339326 0.038009 0.012470 0.031988 0.002023 0.000000 0.007533 0.010037
0.093706
0.062419 0.333333 0.067681 0.339326 0.038009 0.012634 0.032395 0.001680 0.000000 0.005882 0.025092
0.093706
0.062419 0.333333 0.067681 0.339326 0.038009 0.012487 0.032016 0.002018 0.000000 0.007478 0.020074
0.093706
0.062421 0.333333 0.067684 0.339326 0.038009 0.012641 0.032399 0.001663 0.000000 0.005843 0.015055
0.093706
0.062424 0.333333 0.067689 0.339326 0.038009 0.011047 0.028287 0.004056 0.022469 0.014288 0.030111
0.093706
0.062423 0.333333 0.067684 0.339326 0.038873 0.012606 0.032324 0.001766 0.000000 0.006132 0.025092
0.093706
0.062422 0.333333 0.067685 0.339326 0.038873 0.012462 0.031970 0.002012 0.000000 0.007464 0.025092
0.093706
0.062421 0.333333 0.067683 0.339326 0.038873 0.012629 0.032368 0.001702 0.000000 0.005930 0.020074
0.093706
0.062421 0.333333 0.067683 0.339326 0.038873 0.012486 0.032033 0.001997 0.000000 0.007380 0.035129
0.093706
0.062422 0.333333 0.067684 0.339326 0.038873 0.012643 0.032418 0.001656 0.000000 0.005790 0.045166
0.093706
0.062423 0.333333 0.067688 0.339326 0.038873 0.011896 0.030661 0.002534 0.000000 0.008805 0.025092
0.093706
0.062423 0.333333 0.067685 0.339326 0.038009 0.012306 0.031373 0.002536 0.000000 0.008810 0.035129
0.093706
0.062423 0.333333 0.067686 0.339326 0.038009 0.012280 0.031461 0.002198 0.000000 0.008090 0.035129
0.093706
0.062421 0.333333 0.067682 0.339326 0.038009 0.012620 0.032387 0.001723 0.000000 0.005944 0.040148
0.093706
0.062421 0.333333 0.067683 0.339326 0.038009 0.012490 0.032035 0.001997 0.000000 0.007459 0.020074
0.093706
0.062421 0.333333 0.067681 0.339326 0.038009 0.012641 0.032403 0.001656 0.000000 0.005769 0.020074
0.093706
0.093657 0.111111 0.067707 0.339340 0.055286 0.014588 0.035941 0.001283 0.000000 0.004426 0.015053
0.124899
0.093670 0.111111 0.067722 0.339340 0.055286 0.029424 0.035502 0.013178 0.044932 0.009629 0.030106
0.124899
0.093654 0.111111 0.067704 0.339340 0.055286 0.014483 0.035779 0.001324 0.000000 0.004590 0.015053
0.124899
0.093649 0.111111 0.067698 0.339340 0.055286 0.014966 0.035693 0.000357 0.000000 0.001305 0.015053
0.124899
0.093650 0.111111 0.067700 0.339340 0.055286 0.014691 0.035025 0.001397 0.000000 0.004764 0.020071
0.124899
0.093647 0.111111 0.067696 0.339339 0.054422 0.016230 0.038619 0.001398 0.000000 0.004959 0.020071
0.124899
0.093650 0.111111 0.067700 0.339339 0.054422 0.014603 0.035148 0.001185 0.000000 0.004290 0.015053
0.124899
0.093652 0.111111 0.067701 0.339340 0.055286 0.014891 0.036609 0.000577 0.000000 0.001987 0.010035
0.124899
0.093659 0.111111 0.067709 0.339340 0.055286 0.017483 0.034746 0.004697 0.044932 0.008494 0.010035
0.124899
0.093653 0.111111 0.067702 0.339340 0.055286 0.015192 0.036680 0.000371 0.000000 0.001337 0.015053
0.124899
0.093654 0.111111 0.067703 0.339340 0.055286 0.014701 0.036029 0.001484 0.000000 0.005158 0.010035
0.124899
0.093653 0.111111 0.067703 0.339340 0.055286 0.016531 0.040408 0.001777 0.000000 0.005835 0.025088
0.124899
0.093655 0.111111 0.067705 0.339340 0.055286 0.014630 0.035916 0.001283 0.000000 0.004418 0.010035
0.124899
0.093652 0.111111 0.067701 0.339340 0.055286 0.015068 0.036097 0.000349 0.000000 0.001264 0.015053
0.124899
0.093662 0.111111 0.067715 0.339340 0.055286 0.024741 0.034799 0.010800 0.089863 0.011613 0.030106
0.124899
0.093653 0.111111 0.067702 0.339340 0.055286 0.015050 0.036085 0.000342 0.000000 0.001265 0.020071
0.124899
0.093654 0.111111 0.067705 0.339340 0.055286 0.014798 0.035195 0.001463 0.000000 0.005120 0.010035
0.124899
0.093649 0.111111 0.067700 0.339339 0.054422 0.016528 0.039780 0.001748 0.000000 0.005779 0.020071
0.124899
0.093650 0.111111 0.067700 0.339339 0.054422 0.014547 0.034938 0.001262 0.000000 0.004666 0.015053
0.124899
0.093653 0.111111 0.067702 0.339340 0.055286 0.015030 0.036677 0.000347 0.000000 0.001234 0.020071
0.124899
0.093656 0.111111 0.067706 0.339340 0.055286 0.014929 0.036092 0.001392 0.000000 0.004999 0.010035
0.124899
0.093673 0.111111 0.067724 0.339340 0.055286 0.026955 0.035269 0.012322 0.022466 0.009477 0.015053
0.124899
0.093656 0.111111 0.067706 0.339340 0.055286 0.015032 0.036270 0.001586 0.000000 0.005454 0.010035
0.124899
0.093650 0.111111 0.067700 0.339340 0.055286 0.016575 0.040085 0.001408 0.000000 0.004675 0.020071
0.124899
0.093651 0.111111 0.067701 0.339340 0.055286 0.014586 0.035018 0.001237 0.000000 0.004422 0.010035
0.124899
0.093647 0.111111 0.067697 0.339340 0.055286 0.014953 0.036201 0.000349 0.000000 0.001180 0.020071
0.124899
0.093656 0.111111 0.067706 0.339340 0.055286 0.014631 0.035820 0.001256 0.000000 0.004492 0.015053
0.124899
0.093670 0.111111 0.067721 0.339340 0.055286 0.029246 0.034761 0.013020 0.044932 0.009633 0.030106
0.124899
0.093656 0.111111 0.067705 0.339340 0.055286 0.015070 0.035901 0.001480 0.000000 0.005446 0.010035
0.124899
0.093651 0.111111 0.067702 0.339339 0.054854 0.016445 0.040173 0.001232 0.000000 0.003988 0.015053
0.124899
0.093649 0.111111 0.067699 0.339339 0.054422 0.014435 0.035602 0.001289 0.000000 0.004448 0.010035
0.124899
0.093649 0.111111 0.067699 0.339339 0.054854 0.014918 0.035577 0.000344 0.000000 0.001249 0.020071
0.124899
0.093653 0.111111 0.067703 0.339340 0.055286 0.014643 0.035098 0.001209 0.000000 0.004448 0.015053
0.124899
0.093654 0.111111 0.067704 0.339340 0.055286 0.014965 0.036820 0.000587 0.000000 0.001988 0.015053
0.124899
0.093661 0.111111 0.067713 0.339340 0.055286 0.017825 0.035653 0.005218 0.067397 0.009919 0.020071
0.124899
0.093653 0.111111 0.067702 0.339340 0.055286 0.015432 0.036272 0.000481 0.000000 0.001706 0.020071
0.124899
0.093653 0.111111 0.067703 0.339340 0.055286 0.014968 0.036239 0.001257 0.000000 0.004780 0.010035
0.124899
0.093648 0.111111 0.067697 0.339340 0.055286 0.015151 0.036364 0.000337 0.000000 0.001269 0.020071
0.124899
0.093651 0.111111 0.067701 0.339340 0.055286 0.014801 0.035727 0.001235 0.000000 0.004313 0.020071
0.124899
0.093649 0.111111 0.067698 0.339340 0.055286 0.015130 0.036219 0.000359 0.000000 0.001298 0.015053
0.124899
0.093661 0.111111 0.067714 0.339340 0.055286 0.025314 0.035392 0.011511 0.067397 0.013364 0.020071
0.124899
0.093649 0.111111 0.067698 0.339339 0.054854 0.015399 0.036746 0.000516 0.000000 0.001824 0.015053
0.124899
0.093653 0.111111 0.067703 0.339339 0.054854 0.014715 0.035503 0.001279 0.000000 0.004496 0.015053
0.124899
0.093652 0.111111 0.067701 0.339339 0.054422 0.015247 0.036703 0.000361 0.000000 0.001296 0.020071
0.124899
0.093654 0.111111 0.067704 0.339339 0.054854 0.014910 0.035865 0.001209 0.000000 0.004433 0.015053
0.124899
0.093651 0.111111 0.067700 0.339340 0.055286 0.015216 0.036714 0.000364 0.000000 0.001300 0.020071
0.124899
0.093656 0.111111 0.067706 0.339340 0.055286 0.015104 0.036195 0.001746 0.000000 0.005866 0.010035
0.124899
0.093673 0.111111 0.067725 0.339340 0.055286 0.026176 0.035590 0.012531 0.044932 0.010834 0.030106
0.124899
0.093656 0.111111 0.067706 0.339340 0.055286 0.014401 0.035302 0.001352 0.000000 0.004710 0.010035
0.124899
0.093653 0.111111 0.067703 0.339340 0.055286 0.014930 0.035632 0.000349 0.000000 0.001265 0.010035
0.124899
0.093651 0.111111 0.067701 0.339340 0.055286 0.014651 0.035122 0.001237 0.000000 0.004547 0.015053
0.124899
0.093650 0.111111 0.067699 0.339340 0.055286 0.014904 0.036538 0.000377 0.000000 0.001282 0.015053
0.124899
0.093652 0.111111 0.067701 0.339340 0.055286 0.014955 0.036307 0.001474 0.000000 0.005348 0.015053
0.124899
0.093669 0.111111 0.067720 0.339340 0.055286 0.028988 0.034748 0.013952 0.022466 0.011149 0.010035
0.124899
0.093652 0.111111 0.067702 0.339340 0.055286 0.014622 0.035080 0.001285 0.000000 0.004688 0.020071
0.124899
0.093648 0.111111 0.067697 0.339339 0.054422 0.015159 0.036376 0.000353 0.000000 0.001262 0.020071
0.124899
0.093654 0.111111 0.067704 0.339339 0.054422 0.014842 0.035817 0.001289 0.000000 0.004431 0.015053
0.124899
0.093650 0.111111 0.067699 0.339340 0.055286 0.015112 0.036175 0.000347 0.000000 0.001274 0.020071
0.124899
0.093656 0.111111 0.067706 0.339340 0.055286 0.015014 0.035435 0.001529 0.000000 0.005264 0.015053
0.124899
0.093653 0.111111 0.067702 0.339340 0.055286 0.015244 0.037165 0.000853 0.000000 0.002772 0.015053
0.124899
0.093658 0.111111 0.067708 0.339340 0.055286 0.017674 0.034872 0.005016 0.044932 0.008765 0.015053
0.124899
0.093653 0.111111 0.067703 0.339340 0.055286 0.014855 0.036477 0.000364 0.000000 0.001312 0.015053
0.124899
0.093655 0.111111 0.067705 0.339340 0.055286 0.014486 0.035734 0.001294 0.000000 0.004487 0.020071
0.124899
0.093652 0.111111 0.067700 0.339340 0.055286 0.014995 0.036046 0.000353 0.000000 0.001279 0.015053
0.124899
0.093653 0.111111 0.067702 0.339340 0.055286 0.015112 0.036323 0.001566 0.000000 0.005567 0.010035
0.124899
0.093650 0.111111 0.067700 0.339340 0.055286 0.015267 0.036325 0.000692 0.000000 0.002251 0.015053
0.124899
0.093660 0.111111 0.067711 0.339340 0.055286 0.024639 0.034511 0.010689 0.089863 0.011864 0.020071
0.124899
0.093647 0.111111 0.067697 0.339339 0.054422 0.015054 0.036159 0.000319 0.000000 0.001169 0.015053
0.124899
0.093650 0.111111 0.067701 0.339339 0.054422 0.014732 0.035527 0.001263 0.000000 0.004437 0.015053
0.124899
0.093651 0.111111 0.067701 0.339340 0.055286 0.015315 0.036714 0.000359 0.000000 0.001318 0.020071
0.124899
0.093654 0.111111 0.067705 0.339340 0.055286 0.015080 0.035654 0.001570 0.000000 0.005419 0.015053
0.124899
0.093651 0.111111 0.067700 0.339340 0.055286 0.016171 0.039115 0.001240 0.000000 0.003154 0.015053
0.124899
0.093656 0.111111 0.067705 0.339340 0.055286 0.014924 0.036119 0.001431 0.000000 0.004848 0.015053
0.124899
0.093669 0.111111 0.067721 0.339340 0.055286 0.026544 0.035238 0.012015 0.044932 0.009152 0.025088
0.124899
0.093654 0.111111 0.067705 0.339340 0.055286 0.014537 0.035914 0.001363 0.000000 0.004699 0.015053
0.124899
0.093654 0.111111 0.067703 0.339340 0.055286 0.015037 0.035848 0.000359 0.000000 0.001337 0.015053
0.124899
0.093655 0.111111 0.067705 0.339340 0.055286 0.015263 0.036266 0.001696 0.000000 0.005882 0.015053
0.124899
0.093655 0.111111 0.067704 0.339340 0.055286 0.016130 0.039336 0.001458 0.000000 0.004618 0.015053
0.124899
0.093653 0.111111 0.067702 0.339340 0.055286 0.014596 0.035067 0.001265 0.000000 0.004700 0.015053
0.124899
0.093665 0.111111 0.067717 0.339339 0.054422 0.029662 0.035549 0.013338 0.022466 0.010485 0.030106
0.124899
0.093650 0.111111 0.067700 0.339339 0.054422 0.014666 0.035260 0.001265 0.000000 0.004734 0.010035
0.124899
0.093653 0.111111 0.067703 0.339340 0.055286 0.014994 0.036759 0.000388 0.000000 0.001362 0.020071
0.124899
0.093655 0.111111 0.067705 0.339340 0.055286 0.015200 0.036208 0.001554 0.000000 0.005695 0.015053
0.124899
0.093654 0.111111 0.067704 0.339340 0.055286 0.016035 0.039640 0.001373 0.000000 0.004360 0.020071
0.124899
0.093652 0.111111 0.067701 0.339340 0.055286 0.014757 0.035587 0.001273 0.000000 0.004395 0.020071
0.124899
0.093648 0.111111 0.067698 0.339340 0.055286 0.015040 0.037107 0.000553 0.000000 0.001854 0.020071
0.124899
0.093657 0.111111 0.067709 0.339340 0.055286 0.017184 0.034870 0.004655 0.067397 0.008436 0.025088
0.124899
0.093651 0.111111 0.067701 0.339340 0.055286 0.015235 0.036683 0.000420 0.000000 0.001503 0.010035
0.124899
0.093654 0.111111 0.067703 0.339340 0.055286 0.015213 0.035740 0.001634 0.000000 0.005695 0.015053
0.124899
0.093656 0.111111 0.067706 0.339340 0.055286 0.016067 0.040070 0.001311 0.000000 0.004072 0.020071
0.124899
0.093653 0.111111 0.067703 0.339340 0.055286 0.014441 0.035675 0.001288 0.000000 0.004455 0.020071
0.124899
0.093648 0.111111 0.067697 0.339339 0.054422 0.014949 0.035652 0.000327 0.000000 0.001176 0.020071
0.124899
0.093659 0.111111 0.067712 0.339339 0.054422 0.024852 0.035241 0.010810 0.089864 0.011814 0.035124
0.124899
0.093651 0.111111 0.067701 0.339340 0.055286 0.014942 0.035456 0.000403 0.000000 0.001439 0.035124
0.124899
0.093656 0.111111 0.067706 0.339340 0.055286 0.015364 0.036360 0.001682 0.000000 0.006020 0.040141
0.124899
0.093652 0.111111 0.067701 0.339340 0.055286 0.014977 0.035964 0.000424 0.000000 0.001702 0.040141
0.124899
0.093654 0.111111 0.067705 0.339340 0.055286 0.014706 0.035325 0.001252 0.000000 0.004636 0.035124
0.124899
0.093651 0.111111 0.067701 0.339340 0.055286 0.015149 0.036459 0.000353 0.000000 0.001257 0.035124
0.124899
0.093652 0.111111 0.067702 0.339340 0.055286 0.014959 0.035996 0.001470 0.000000 0.005305 0.035124
0.124899
0.093662 0.111111 0.067715 0.339340 0.055286 0.027059 0.035594 0.012302 0.022466 0.009699 0.045159
0.124899
0.093655 0.111111 0.067705 0.339340 0.055286 0.015186 0.036273 0.001653 0.000000 0.006177 0.030106
0.124899
0.093650 0.111111 0.067699 0.339340 0.055286 0.015020 0.036235 0.000365 0.000000 0.001302 0.015053
0.124899
0.093654 0.111111 0.067704 0.339340 0.055286 0.014561 0.035072 0.001225 0.000000 0.004428 0.015053
0.124899
0.093653 0.111111 0.067701 0.339339 0.054422 0.014842 0.036212 0.000360 0.000000 0.001217 0.015053
0.124899
0.093650 0.111111 0.067699 0.339339 0.054422 0.014669 0.035914 0.001241 0.000000 0.004574 0.020071
0.124899
0.093672 0.111111 0.067725 0.339340 0.055286 0.029387 0.035519 0.013032 0.044932 0.010198 0.025088
0.124899
0.093654 0.111111 0.067704 0.339340 0.055286 0.014061 0.034776 0.001132 0.000000 0.003578 0.015053
0.124899
0.093652 0.111111 0.067701 0.339340 0.055286 0.014933 0.036309 0.000373 0.000000 0.001291 0.015053
0.124899
0.093654 0.111111 0.067704 0.339340 0.055286 0.014752 0.035564 0.001269 0.000000 0.004430 0.010035
0.124899
0.093654 0.111111 0.067703 0.339340 0.055286 0.015251 0.036722 0.000357 0.000000 0.001255 0.015053
0.124899
0.093654 0.111111 0.067705 0.339340 0.055286 0.014879 0.035861 0.001210 0.000000 0.004429 0.015053
0.124899
0.093650 0.111111 0.067699 0.339340 0.055286 0.015010 0.036693 0.000641 0.000000 0.002189 0.005018
0.124899
0.093657 0.111111 0.067709 0.339340 0.055286 0.018024 0.035366 0.005692 0.067397 0.011224 0.010035
0.124899
0.093648 0.111111 0.067697 0.339340 0.055286 0.014854 0.036303 0.000396 0.000000 0.001410 0.020071
0.124899
0.093652 0.111111 0.067703 0.339340 0.055286 0.014782 0.035686 0.001263 0.000000 0.004335 0.020071
0.124899
0.093648 0.111111 0.067698 0.339339 0.054422 0.015213 0.036399 0.000322 0.000000 0.001219 0.020071
0.124899
0.093653 0.111111 0.067703 0.339339 0.054422 0.014725 0.035395 0.001228 0.000000 0.004582 0.015053
0.124899
0.093652 0.111111 0.067702 0.339340 0.055286 0.015051 0.036845 0.000417 0.000000 0.001469 0.015053
0.124899
0.093664 0.111111 0.067717 0.339340 0.055286 0.025389 0.035233 0.012229 0.067397 0.015320 0.025088
0.124899
0.093651 0.111111 0.067700 0.339340 0.055286 0.014908 0.035590 0.000359 0.000000 0.001315 0.020071
0.124899
0.093655 0.111111 0.067704 0.339340 0.055286 0.014805 0.035503 0.001218 0.000000 0.004394 0.015053
0.124899
0.093653 0.111111 0.067701 0.339340 0.055286 0.015179 0.036438 0.000344 0.000000 0.001219 0.020071
0.124899
0.093656 0.111111 0.067706 0.339340 0.055286 0.014815 0.035986 0.001324 0.000000 0.004516 0.020071
0.124899
0.093651 0.111111 0.067701 0.339340 0.055286 0.015173 0.036217 0.000390 0.000000 0.001438 0.015053
0.124899
0.093650 0.111111 0.067700 0.339340 0.055286 0.014285 0.034583 0.001280 0.000000 0.004231 0.015053
0.124899
0.093663 0.111111 0.067714 0.339340 0.055286 0.022720 0.035168 0.009666 0.067397 0.008549 0.015053
0.124899
0.093652 0.111111 0.067701 0.339340 0.055286 0.014503 0.035671 0.001332 0.000000 0.004689 0.015053
0.124899
0.093649 0.111111 0.067697 0.339339 0.054422 0.015054 0.035831 0.000341 0.000000 0.001290 0.020071
0.124899
0.093649 0.111111 0.067698 0.339339 0.054422 0.014654 0.034977 0.001232 0.000000 0.004439 0.020071
0.124899
0.093652 0.111111 0.067701 0.339340 0.055286 0.015354 0.036824 0.000424 0.000000 0.001517 0.020071
0.124899
0.093656 0.111111 0.067706 0.339340 0.055286 0.015448 0.036353 0.001701 0.000000 0.005973 0.015053
0.124899
0.093667 0.111111 0.067719 0.339340 0.055286 0.028835 0.035040 0.012927 0.044932 0.009612 0.020071
0.124899
0.093657 0.111111 0.067706 0.339340 0.055286 0.014524 0.034619 0.001273 0.000000 0.004605 0.020071
0.124899
0.093654 0.111111 0.067703 0.339340 0.055286 0.014880 0.036217 0.000389 0.000000 0.001341 0.015053
0.124899
0.093655 0.111111 0.067704 0.339340 0.055286 0.014812 0.035995 0.001273 0.000000 0.004780 0.015053
0.124899
0.093651 0.111111 0.067700 0.339340 0.055286 0.015303 0.037011 0.000454 0.000000 0.001574 0.015053
0.124899
0.093654 0.111111 0.067703 0.339340 0.055286 0.015559 0.036660 0.001654 0.000000 0.006023 0.015053
0.124899
0.093651 0.111111 0.067701 0.339340 0.055286 0.014891 0.036506 0.000538 0.000000 0.001928 0.010035
0.124899
0.093656 0.111111 0.067708 0.339340 0.055286 0.017226 0.035212 0.004634 0.022466 0.008513 0.015053
0.124899
0.093649 0.111111 0.067699 0.339340 0.055286 0.015076 0.035907 0.000315 0.000000 0.001167 0.015053
0.124899
0.093650 0.111111 0.067700 0.339339 0.054854 0.014657 0.034961 0.001231 0.000000 0.004455 0.015053
0.124899
0.093651 0.111111 0.067700 0.339341 0.054422 0.015373 0.036538 0.000421 0.000000 0.001478 0.015053
0.124899
0.093654 0.111111 0.067704 0.339339 0.054854 0.015260 0.035945 0.001698 0.000000 0.006049 0.015053
0.124899
0.093651 0.111111 0.067701 0.339340 0.055286 0.015147 0.036450 0.000381 0.000000 0.001328 0.015053
0.124899
0.093663 0.111111 0.067715 0.339340 0.055286 0.024748 0.034608 0.010789 0.067397 0.011760 0.025088
0.124899
0.093652 0.111111 0.067701 0.339340 0.055286 0.015096 0.036352 0.000378 0.000000 0.001337 0.020071
0.124899
0.093655 0.111111 0.067705 0.339340 0.055286 0.014925 0.035800 0.001188 0.000000 0.004374 0.020071
0.124899
0.093651 0.111111 0.067700 0.339340 0.055286 0.015234 0.037024 0.000465 0.000000 0.001630 0.015053
0.124899
0.093655 0.111111 0.067706 0.339340 0.055286 0.014791 0.035234 0.001692 0.000000 0.005934 0.015053
0.124899
0.093651 0.111111 0.067700 0.339340 0.055286 0.015002 0.035854 0.000322 0.000000 0.001176 0.020071
0.124899
0.093656 0.111111 0.067706 0.339340 0.055286 0.014748 0.035704 0.001502 0.000000 0.004995 0.010035
0.124899
0.093665 0.111111 0.067716 0.339340 0.055286 0.026688 0.035003 0.011941 0.044932 0.009185 0.020071
0.124899
0.093652 0.111111 0.067702 0.339340 0.055286 0.014778 0.035362 0.001274 0.000000 0.004697 0.010035
0.124899
0.093649 0.111111 0.067698 0.339339 0.054422 0.015188 0.036864 0.000471 0.000000 0.001604 0.015053
0.124899
0.093652 0.111111 0.067702 0.339339 0.054422 0.014732 0.035187 0.001755 0.000000 0.006209 0.010035
0.124899
0.093652 0.111111 0.067702 0.339340 0.055286 0.015030 0.035833 0.000344 0.000000 0.001277 0.010035
0.124899
0.093654 0.111111 0.067704 0.339340 0.055286 0.014659 0.035039 0.001210 0.000000 0.004453 0.015053
0.124899
0.093669 0.111111 0.067720 0.339340 0.055286 0.029614 0.035022 0.013360 0.044932 0.009555 0.015053
0.124899
0.093653 0.111111 0.067703 0.339340 0.055286 0.014762 0.035463 0.001338 0.000000 0.004644 0.015053
0.124899
0.093649 0.111111 0.067698 0.339340 0.055286 0.015290 0.036320 0.000422 0.000000 0.001548 0.015053
0.124899
0.093655 0.111111 0.067706 0.339340 0.055286 0.015553 0.036491 0.001728 0.000000 0.006276 0.015053
0.124899
0.093652 0.111111 0.067702 0.339340 0.055286 0.015117 0.036151 0.000368 0.000000 0.001289 0.020071
0.124899
0.093655 0.111111 0.067705 0.339340 0.055286 0.014802 0.035848 0.001283 0.000000 0.004706 0.015053
0.124899
0.093653 0.111111 0.067702 0.339340 0.055286 0.015115 0.036519 0.000549 0.000000 0.001940 0.010035
0.124899
0.093660 0.111111 0.067712 0.339340 0.055286 0.017314 0.035182 0.004793 0.067397 0.008813 0.015053
0.124899
0.093647 0.111111 0.067696 0.339339 0.054422 0.015314 0.036353 0.000481 0.000000 0.001661 0.015053
0.124899
0.093651 0.111111 0.067701 0.339339 0.054422 0.015188 0.035881 0.001803 0.000000 0.006512 0.020071
0.124899
0.093651 0.111111 0.067700 0.339340 0.055286 0.015018 0.035773 0.000369 0.000000 0.001364 0.020071
0.124899
0.093654 0.111111 0.067704 0.339340 0.055286 0.014582 0.034800 0.001233 0.000000 0.004513 0.015053
0.124899
0.093654 0.111111 0.067703 0.339340 0.055286 0.014874 0.036331 0.000360 0.000000 0.001241 0.020071
0.124899
0.093663 0.111111 0.067714 0.339340 0.055286 0.024876 0.034871 0.010975 0.067397 0.011804 0.025088
0.124899
0.093649 0.111111 0.067698 0.339340 0.055286 0.015310 0.036318 0.000457 0.000000 0.001651 0.015053
0.124899
0.093654 0.111111 0.067704 0.339340 0.055286 0.016052 0.038105 0.002116 0.000000 0.008165 0.020071
0.124899
0.093648 0.111111 0.067697 0.339340 0.055286 0.015049 0.036259 0.000392 0.000000 0.001342 0.020071
0.124899
0.093653 0.111111 0.067704 0.339340 0.055286 0.014574 0.035620 0.001299 0.000000 0.004700 0.015053
0.124899
0.093651 0.111111 0.067700 0.339340 0.055286 0.014953 0.035667 0.000332 0.000000 0.001210 0.020071
0.124899
0.093655 0.111111 0.067705 0.339340 0.055286 0.014998 0.035859 0.001466 0.000000 0.005242 0.010035
0.124899
0.093669 0.111111 0.067721 0.339339 0.054422 0.026980 0.035723 0.012399 0.067398 0.010153 0.020071
0.124899
0.093655 0.111111 0.067705 0.339339 0.054422 0.016128 0.039373 0.002754 0.000000 0.009244 0.025089
0.124899
0.093651 0.111111 0.067700 0.339340 0.055286 0.014907 0.035399 0.000335 0.000000 0.001263 0.020071
0.124899
0.093653 0.111111 0.067703 0.339340 0.055286 0.014684 0.035165 0.001229 0.000000 0.004567 0.020071
0.124899
0.093653 0.111111 0.067702 0.339340 0.055286 0.014919 0.036542 0.000343 0.000000 0.001185 0.020071
0.124899
0.093655 0.111111 0.067705 0.339340 0.055286 0.014629 0.036032 0.001317 0.000000 0.004734 0.020071
0.124899
0.093671 0.111111 0.067723 0.339340 0.055286 0.029648 0.035587 0.013359 0.044932 0.011011 0.025088
0.124899
0.093658 0.111111 0.067708 0.339340 0.055286 0.016319 0.039792 0.002784 0.000000 0.009553 0.025088
0.124899
0.093648 0.111111 0.067697 0.339340 0.055286 0.014859 0.036164 0.000360 0.000000 0.001287 0.020071
0.124899
0.093651 0.111111 0.067701 0.339340 0.055286 0.014517 0.035660 0.001313 0.000000 0.004560 0.015053
0.124899
0.093647 0.111111 0.067697 0.339340 0.055286 0.014948 0.035515 0.000351 0.000000 0.001287 0.015053
0.124899
0.093653 0.111111 0.067703 0.339340 0.055286 0.014524 0.034577 0.001303 0.000000 0.004609 0.015053
0.124899
0.093649 0.111111 0.067698 0.339339 0.054422 0.015310 0.037064 0.000752 0.000000 0.002499 0.020071
0.124899
0.093663 0.111111 0.067716 0.339339 0.054422 0.018482 0.038349 0.006711 0.067398 0.014756 0.020071
0.124899
0.093651 0.111111 0.067700 0.339340 0.055286 0.015183 0.036187 0.000373 0.000000 0.001355 0.020071
0.124899
0.093655 0.111111 0.067705 0.339340 0.055286 0.014862 0.035498 0.001201 0.000000 0.004445 0.030106
0.124899
0.093653 0.111111 0.067702 0.339340 0.055286 0.015203 0.036571 0.000380 0.000000 0.001338 0.040141
0.124899
0.093655 0.111111 0.067706 0.339340 0.055286 0.014733 0.036125 0.001316 0.022466 0.004514 0.030106
0.124899
0.093652 0.111111 0.067701 0.339340 0.055286 0.015352 0.036155 0.000500 0.000000 0.001770 0.035124
0.124899
0.093669 0.111111 0.067721 0.339340 0.055286 0.026255 0.038116 0.013270 0.067397 0.017721 0.045159
0.124899
0.093652 0.111111 0.067700 0.339340 0.055286 0.014883 0.036498 0.000387 0.000000 0.001367 0.035124
0.124899
0.093652 0.111111 0.067702 0.339340 0.055286 0.014601 0.035925 0.001334 0.000000 0.004561 0.025088
0.124899
0.093650 0.111111 0.067699 0.339340 0.055286 0.015086 0.036014 0.000350 0.000000 0.001276 0.040141
0.124899
0.093651 0.111111 0.067701 0.339340 0.055286 0.014700 0.035092 0.001280 0.000000 0.004578 0.030106
0.124899
0.093648 0.111111 0.067698 0.339339 0.054854 0.015368 0.036553 0.000514 0.000000 0.001819 0.010035
0.124899
0.093654 0.111111 0.067704 0.339339 0.054422 0.016025 0.038948 0.003211 0.000000 0.010355 0.020071
0.124899
0.093667 0.111111 0.067718 0.339339 0.054854 0.026312 0.035363 0.011588 0.022466 0.009267 0.025089
0.124899
0.093655 0.111111 0.067706 0.339340 0.055286 0.014791 0.035791 0.001363 0.000000 0.004998 0.015053
0.124899
0.093652 0.111111 0.067702 0.339340 0.055286 0.015189 0.036335 0.000330 0.000000 0.001197 0.020071
0.124899
0.093657 0.111111 0.067707 0.339340 0.055286 0.014910 0.036084 0.001313 0.000000 0.004547 0.020071
0.124899
0.093652 0.111111 0.067701 0.339340 0.055286 0.015345 0.035985 0.000510 0.000000 0.001811 0.015053
0.124899
0.093656 0.111111 0.067706 0.339340 0.055286 0.016306 0.039456 0.002309 0.000000 0.007948 0.020071
0.124899
0.093671 0.111111 0.067722 0.339340 0.055286 0.029356 0.035226 0.012950 0.044932 0.009386 0.015053
0.124899
0.093655 0.111111 0.067704 0.339340 0.055286 0.014558 0.035837 0.001313 0.000000 0.004576 0.020071
0.124899
0.093653 0.111111 0.067703 0.339340 0.055286 0.015085 0.036010 0.000328 0.000000 0.001227 0.015053
0.124899
0.093652 0.111111 0.067701 0.339340 0.055286 0.014687 0.035038 0.001316 0.000000 0.004752 0.005018
0.124899
0.093647 0.111111 0.067697 0.339339 0.054854 0.015447 0.036624 0.000512 0.000000 0.001870 0.015053
0.124899
0.093653 0.111111 0.067703 0.339339 0.054422 0.016330 0.039601 0.002230 0.000000 0.007704 0.010035
0.124899
0.093653 0.111111 0.067702 0.339339 0.054854 0.014899 0.036436 0.000559 0.000000 0.001937 0.015053
0.124899
0.093660 0.111111 0.067712 0.339340 0.055286 0.017728 0.035183 0.004773 0.044932 0.008788 0.015053
0.124899
0.093653 0.111111 0.067702 0.339340 0.055286 0.015220 0.036440 0.000375 0.000000 0.001281 0.010035
0.124899
0.093653 0.111111 0.067702 0.339340 0.055286 0.014829 0.036052 0.001338 0.000000 0.004598 0.010035
0.124899
0.093649 0.111111 0.067699 0.339340 0.055286 0.015519 0.036603 0.000536 0.000000 0.001885 0.010035
0.124899
0.093656 0.111111 0.067706 0.339340 0.055286 0.015510 0.037690 0.001740 0.000000 0.006277 0.020071
0.124899
0.093651 0.111111 0.067701 0.339340 0.055286 0.015072 0.035931 0.000331 0.000000 0.001174 0.015053
0.124899
0.093665 0.111111 0.067718 0.339340 0.055286 0.024787 0.034747 0.010846 0.067397 0.011741 0.025088
0.124899
0.093653 0.111111 0.067703 0.339340 0.055286 0.015105 0.036046 0.000369 0.000000 0.001357 0.015053
0.124899
0.093653 0.111111 0.067703 0.339340 0.055286 0.014797 0.035368 0.001231 0.000000 0.004572 0.015053
0.124899
0.093649 0.111111 0.067699 0.339340 0.055286 0.015623 0.036807 0.000485 0.000000 0.001764 0.010035
0.124899
0.093651 0.111111 0.067701 0.339340 0.055286 0.015247 0.036330 0.001260 0.000000 0.004657 0.015053
0.124899
0.093649 0.111111 0.067698 0.339339 0.054422 0.014920 0.036584 0.000330 0.000000 0.001167 0.020071
0.124899
0.093650 0.111111 0.067701 0.339339 0.054422 0.014909 0.036028 0.001424 0.000000 0.005110 0.010035
0.124899
0.093670 0.111111 0.067721 0.339340 0.055286 0.026925 0.035310 0.012202 0.044932 0.009356 0.025088
0.124899
0.093654 0.111111 0.067704 0.339340 0.055286 0.014890 0.036030 0.001393 0.000000 0.004820 0.010035
0.124899
0.093651 0.111111 0.067700 0.339340 0.055286 0.015616 0.036659 0.000561 0.000000 0.001960 0.020071
0.124899
0.093649 0.111111 0.067698 0.339340 0.055286 0.015231 0.036464 0.001323 0.000000 0.004590 0.015053
0.124899
0.093648 0.111111 0.067697 0.339340 0.055286 0.015315 0.036612 0.000367 0.000000 0.001307 0.020071
0.124899
0.093653 0.111111 0.067703 0.339340 0.055286 0.014988 0.035945 0.001249 0.000000 0.004638 0.015053
0.124899
0.093670 0.111111 0.067721 0.339340 0.055286 0.029648 0.035339 0.013035 0.044932 0.010146 0.030106
0.124899
0.093653 0.111111 0.067703 0.339340 0.055286 0.014785 0.035412 0.001294 0.000000 0.004758 0.015053
0.124899
0.093652 0.111111 0.067701 0.339340 0.055286 0.015633 0.036843 0.000543 0.000000 0.001936 0.010035
0.124899
0.093653 0.111111 0.067703 0.339340 0.055286 0.015215 0.036159 0.001312 0.000000 0.004822 0.020071
0.124899
0.093649 0.111111 0.067699 0.339339 0.054422 0.014925 0.036581 0.000353 0.000000 0.001225 0.020071
0.124899
0.093652 0.111111 0.067703 0.339339 0.054422 0.014625 0.035979 0.001257 0.000000 0.004397 0.015053
0.124899
0.093652 0.111111 0.067702 0.339340 0.055286 0.014884 0.036428 0.000638 0.000000 0.002093 0.015053
0.124899
0.093659 0.111111 0.067711 0.339340 0.055286 0.017417 0.035768 0.004825 0.044932 0.008658 0.010035
0.124899
0.093651 0.111111 0.067701 0.339340 0.055286 0.015709 0.036867 0.000587 0.000000 0.002029 0.015053
0.124899
0.093655 0.111111 0.067704 0.339340 0.055286 0.015090 0.036044 0.001421 0.000000 0.004921 0.020071
0.124899
0.093648 0.111111 0.067697 0.339340 0.055286 0.015090 0.036273 0.000355 0.000000 0.001213 0.010035
0.124899
0.093651 0.111111 0.067701 0.339340 0.055286 0.014809 0.035845 0.001297 0.000000 0.004804 0.015053
0.124899
0.093649 0.111111 0.067698 0.339340 0.055286 0.015235 0.036466 0.000361 0.000000 0.001298 0.020071
0.124899
0.093662 0.111111 0.067714 0.339340 0.055286 0.025008 0.034949 0.010848 0.067397 0.012290 0.025088
0.124899
0.093650 0.111111 0.067700 0.339340 0.055286 0.015772 0.037026 0.000558 0.000000 0.002044 0.010035
0.124899
0.093656 0.111111 0.067706 0.339340 0.055286 0.015865 0.038308 0.001683 0.000000 0.005499 0.020071
0.124899
0.093649 0.111111 0.067698 0.339339 0.054422 0.015123 0.036427 0.000339 0.000000 0.001184 0.010035
0.124899
0.093650 0.111111 0.067700 0.339339 0.054422 0.014860 0.035803 0.001272 0.000000 0.004440 0.010035
0.124899
0.093650 0.111111 0.067700 0.339340 0.055286 0.015148 0.036150 0.000323 0.000000 0.001204 0.020071
0.124899
0.093656 0.111111 0.067705 0.339340 0.055286 0.014953 0.036227 0.001536 0.000000 0.005307 0.010035
0.124899
0.093666 0.111111 0.067719 0.339340 0.055286 0.027020 0.036140 0.012656 0.022466 0.011255 0.015053
0.124899
0.093655 0.111111 0.067705 0.339340 0.055286 0.015895 0.038766 0.002044 0.000000 0.006578 0.025088
0.124899
0.093651 0.111111 0.067700 0.339340 0.055286 0.014871 0.036419 0.000345 0.000000 0.001212 0.020071
0.124899
0.093654 0.111111 0.067704 0.339340 0.055286 0.014529 0.035695 0.001259 0.000000 0.004379 0.015053
0.124899
0.093650 0.111111 0.067698 0.339340 0.055286 0.014907 0.035368 0.000353 0.000000 0.001290 0.020071
0.124899
0.093651 0.111111 0.067701 0.339340 0.055286 0.014906 0.035766 0.001280 0.000000 0.004422 0.020071
0.124899
0.093667 0.111111 0.067719 0.339340 0.055286 0.029586 0.035615 0.013738 0.044932 0.011493 0.020071
0.124899
0.093652 0.111111 0.067702 0.339340 0.055286 0.016077 0.039792 0.002077 0.000000 0.006637 0.020071
0.124899
0.093648 0.111111 0.067698 0.339339 0.054422 0.015117 0.036213 0.000323 0.000000 0.001197 0.020071
0.124899
0.093651 0.111111 0.067701 0.339339 0.054422 0.014629 0.035033 0.001245 0.000000 0.004425 0.020071
0.124899
0.093653 0.111111 0.067702 0.339340 0.055286 0.015173 0.036452 0.000369 0.000000 0.001318 0.015053
0.124899
0.093653 0.111111 0.067704 0.339340 0.055286 0.014956 0.035838 0.001277 0.000000 0.004781 0.015053
0.124899
0.093652 0.111111 0.067702 0.339340 0.055286 0.015683 0.037738 0.000935 0.000000 0.003158 0.010035
0.124899
0.093659 0.111111 0.067711 0.339340 0.055286 0.017821 0.038636 0.005554 0.044932 0.013204 0.025088
0.124899
0.093650 0.111111 0.067699 0.339340 0.055286 0.014885 0.036106 0.000381 0.000000 0.001337 0.010035
0.124899
0.093653 0.111111 0.067702 0.339340 0.055286 0.014528 0.035692 0.001332 0.000000 0.004674 0.015053
0.124899
0.093653 0.111111 0.067702 0.339340 0.055286 0.015116 0.036174 0.000357 0.000000 0.001282 0.015053
0.124899
0.093654 0.111111 0.067705 0.339340 0.055286 0.014937 0.036196 0.001327 0.000000 0.004643 0.015053
0.124899
0.093648 0.111111 0.067697 0.339340 0.055286 0.015663 0.036756 0.000609 0.000000 0.002176 0.015053
0.124899
0.093663 0.111111 0.067715 0.339340 0.055286 0.025965 0.038019 0.011728 0.022466 0.016687 0.050177
0.124899
0.093647 0.111111 0.067696 0.339339 0.054422 0.015005 0.036639 0.000365 0.000000 0.001283 0.020071
0.124899
0.093651 0.111111 0.067700 0.339339 0.054422 0.014704 0.036052 0.001257 0.000000 0.004412 0.015053
0.124899
0.093652 0.111111 0.067702 0.339339 0.054854 0.015096 0.036059 0.000353 0.000000 0.001295 0.020071
0.124899
0.093654 0.111111 0.067704 0.339340 0.055286 0.014784 0.035302 0.001293 0.000000 0.004651 0.015053
0.124899
0.093650 0.111111 0.067700 0.339340 0.055286 0.015628 0.036402 0.000580 0.000000 0.002038 0.005018
0.124899
0.093656 0.111111 0.067706 0.339340 0.055286 0.016080 0.039764 0.002087 0.000000 0.006566 0.020071
0.124899
0.093671 0.111111 0.067723 0.339340 0.055286 0.026567 0.035480 0.011790 0.022466 0.009366 0.035124
0.124899
0.093656 0.111111 0.067706 0.339340 0.055286 0.014988 0.036057 0.001333 0.000000 0.005032 0.020071
0.124899
0.093653 0.111111 0.067703 0.339340 0.055286 0.015260 0.036499 0.000366 0.000000 0.001298 0.015053
0.124899
0.093653 0.111111 0.067703 0.339340 0.055286 0.014821 0.036187 0.001347 0.000000 0.004652 0.015053
0.124899
0.093652 0.111111 0.067701 0.339340 0.055286 0.015858 0.037776 0.000633 0.000000 0.002250 0.020071
0.124899
0.093655 0.111111 0.067705 0.339340 0.055286 0.015804 0.039375 0.001830 0.000000 0.005866 0.030106
0.124899
0.093665 0.111111 0.067717 0.339339 0.054854 0.029437 0.035395 0.013054 0.044932 0.009538 0.015053
0.124899
0.093651 0.111111 0.067701 0.339339 0.054854 0.014508 0.035686 0.001345 0.000000 0.004640 0.010035
0.124899
0.093653 0.111111 0.067702 0.339339 0.054422 0.014968 0.035566 0.000343 0.000000 0.001261 0.015053
0.124899
0.093653 0.111111 0.067704 0.339339 0.054854 0.014869 0.035613 0.001364 0.000000 0.004761 0.015053
0.124899
0.093651 0.111111 0.067700 0.339340 0.055286 0.015814 0.037105 0.000635 0.000000 0.002205 0.020071
0.124899
0.093656 0.111111 0.067705 0.339340 0.055286 0.015859 0.038639 0.001712 0.000000 0.005591 0.025088
0.124899
0.093649 0.111111 0.067698 0.339340 0.055286 0.015024 0.036472 0.000535 0.000000 0.001796 0.025088
0.124899
0.093661 0.111111 0.067712 0.339340 0.055286 0.017496 0.035510 0.004668 0.044932 0.008743 0.040141
0.124899
0.093653 0.111111 0.067702 0.339340 0.055286 0.014955 0.036673 0.000372 0.000000 0.001290 0.040141
0.124899
0.093653 0.111111 0.067704 0.339340 0.055286 0.014718 0.036139 0.001393 0.000000 0.004938 0.035124
0.124899
0.093653 0.111111 0.067703 0.339340 0.055286 0.015700 0.036987 0.000620 0.000000 0.002197 0.040141
0.124899
0.093655 0.111111 0.067705 0.339340 0.055286 0.015735 0.039246 0.001685 0.000000 0.005372 0.045159
0.124899
0.093648 0.111111 0.067697 0.339340 0.055286 0.014937 0.035635 0.000343 0.000000 0.001259 0.035124
0.124899
0.093663 0.111111 0.067715 0.339340 0.055286 0.024829 0.035135 0.010825 0.067397 0.012040 0.055195
0.124899
0.109270 0.111111 0.067709 0.339348 0.064788 0.015294 0.036154 0.000610 0.000000 0.002297 0.015052
0.124899
0.124889 0.000000 0.067717 0.339356 0.075154 0.022710 0.055418 0.001374 0.000000 0.004996 0.040135
0.124899
0.124904 0.000000 0.067729 0.339357 0.076018 0.022818 0.055775 0.000914 0.000000 0.003277 0.030101
0.124899
0.124905 0.000000 0.067728 0.339357 0.076018 0.022686 0.055545 0.001719 0.000000 0.006481 0.015050
0.124899
0.124899 0.000000 0.067723 0.339357 0.076018 0.022642 0.055172 0.000685 0.000000 0.002560 0.010034
0.124899
0.124902 0.000000 0.067726 0.339357 0.076018 0.022724 0.055508 0.001658 0.000000 0.005885 0.010034
0.124899
0.124898 0.000000 0.067724 0.339356 0.075586 0.022718 0.055417 0.001306 0.000000 0.004853 0.010034
0.124899
0.124903 0.000000 0.067727 0.339356 0.075154 0.022286 0.054973 0.001531 0.000000 0.005897 0.010034
0.124899
0.124906 0.000000 0.067729 0.339356 0.075154 0.022608 0.054479 0.001536 0.000000 0.005488 0.005017
0.124899
0.124906 0.000000 0.067730 0.339356 0.075154 0.023830 0.058679 0.002723 0.000000 0.009800 0.020067
0.124899
0.124897 0.000000 0.067723 0.339356 0.075154 0.022682 0.055450 0.000678 0.000000 0.002576 0.010034
0.124899
0.124892 0.000000 0.067719 0.339356 0.075154 0.023542 0.057682 0.002222 0.000000 0.007726 0.025084
0.124899
0.124896 0.000000 0.067722 0.339356 0.075586 0.022561 0.054954 0.000980 0.000000 0.003365 0.010034
0.124899
0.124901 0.000000 0.067725 0.339357 0.076018 0.022390 0.054950 0.001556 0.000000 0.005534 0.020067
0.124899
0.124903 0.000000 0.067726 0.339357 0.076018 0.022390 0.054718 0.000670 0.000000 0.002432 0.015050
0.124899
0.124904 0.000000 0.067727 0.339357 0.076018 0.022687 0.055196 0.001359 0.000000 0.005022 0.020067
0.124899
0.124901 0.000000 0.067725 0.339357 0.076018 0.022790 0.055667 0.000713 0.000000 0.002679 0.015050
0.124899
0.124893 0.000000 0.067720 0.339357 0.076018 0.022369 0.054905 0.001472 0.000000 0.005360 0.015050
0.124899
0.124892 0.000000 0.067720 0.339356 0.075154 0.022718 0.055489 0.001098 0.000000 0.004008 0.010034
0.124899
0.124905 0.000000 0.067729 0.339356 0.075154 0.022655 0.055020 0.001790 0.000000 0.006618 0.010034
0.124899
0.124899 0.000000 0.067724 0.339356 0.075154 0.022664 0.055849 0.000716 0.000000 0.002652 0.010034
0.124899
0.124902 0.000000 0.067726 0.339356 0.075154 0.022914 0.056083 0.001522 0.000000 0.005729 0.015051
0.124899
0.124901 0.000000 0.067725 0.339356 0.075154 0.023099 0.056108 0.000828 0.000000 0.003119 0.020067
0.124899
0.124891 0.000000 0.067718 0.339356 0.075154 0.022210 0.053781 0.001375 0.000000 0.005043 0.015051
0.124899
0.124901 0.000000 0.067726 0.339356 0.075586 0.022870 0.056059 0.000927 0.000000 0.003390 0.015051
0.124899
0.124907 0.000000 0.067730 0.339357 0.076018 0.022684 0.055146 0.002050 0.000000 0.007562 0.015050
0.124899
0.124901 0.000000 0.067725 0.339357 0.076018 0.022520 0.054825 0.000758 0.000000 0.002864 0.010034
0.124899
0.124903 0.000000 0.067727 0.339357 0.076018 0.023104 0.056286 0.001584 0.000000 0.005768 0.010034
0.124899
0.124904 0.000000 0.067728 0.339357 0.076018 0.023054 0.055977 0.001327 0.000000 0.004937 0.020067
0.124899
0.124892 0.000000 0.067718 0.339357 0.076018 0.022413 0.054678 0.001343 0.000000 0.005251 0.015050
0.124899
0.124897 0.000000 0.067723 0.339356 0.075154 0.023655 0.058311 0.002417 0.000000 0.008117 0.015051
0.124899
0.124906 0.000000 0.067730 0.339356 0.075154 0.023448 0.058342 0.003205 0.000000 0.010969 0.015051
0.124899
0.124898 0.000000 0.067723 0.339356 0.075154 0.022307 0.055316 0.000988 0.000000 0.003319 0.010034
0.124899
0.124900 0.000000 0.067725 0.339356 0.075154 0.022407 0.054560 0.001425 0.000000 0.005471 0.015051
0.124899
0.124899 0.000000 0.067724 0.339356 0.075154 0.022741 0.055486 0.000714 0.000000 0.002646 0.020067
0.124899
0.124891 0.000000 0.067718 0.339356 0.075154 0.022525 0.055215 0.001499 0.000000 0.005344 0.020067
0.124899
0.124900 0.000000 0.067725 0.339357 0.076018 0.022472 0.054652 0.000668 0.000000 0.002485 0.015050
0.124899
0.124902 0.000000 0.067726 0.339357 0.076018 0.022737 0.055411 0.001351 0.000000 0.004862 0.015050
0.124899
0.124903 0.000000 0.067728 0.339357 0.076018 0.022616 0.054852 0.000986 0.000000 0.003699 0.010034
0.124899
0.124902 0.000000 0.067726 0.339357 0.076018 0.022428 0.055281 0.001502 0.000000 0.005494 0.020067
0.124899
0.124902 0.000000 0.067726 0.339356 0.075586 0.022885 0.056280 0.000845 0.000000 0.003123 0.020067
0.124899
0.124892 0.000000 0.067719 0.339356 0.075154 0.022776 0.055343 0.001558 0.000000 0.005826 0.020067
0.124899
0.124888 0.000000 0.067715 0.339356 0.075154 0.022595 0.055326 0.000676 0.000000 0.002483 0.015051
0.124899
0.124894 0.000000 0.067719 0.339356 0.075154 0.023035 0.056194 0.001451 0.000000 0.005494 0.015051
0.124899
0.124895 0.000000 0.067722 0.339356 0.075154 0.022856 0.055386 0.001343 0.000000 0.004757 0.015051
0.124899
0.124904 0.000000 0.067728 0.339356 0.075154 0.022518 0.055102 0.001613 0.000000 0.006059 0.015051
0.124899
0.124901 0.000000 0.067725 0.339356 0.075154 0.023056 0.056113 0.001101 0.000000 0.003944 0.015051
0.124899
0.124904 0.000000 0.067728 0.339356 0.075586 0.022978 0.055361 0.001767 0.000000 0.006584 0.020067
0.124899
0.124900 0.000000 0.067724 0.339357 0.076018 0.022557 0.054855 0.000726 0.000000 0.002761 0.010034
0.124899
0.124903 0.000000 0.067727 0.339357 0.076018 0.023086 0.056288 0.001688 0.000000 0.006118 0.020067
0.124899
0.124905 0.000000 0.067728 0.339357 0.076018 0.023973 0.059080 0.002277 0.000000 0.007743 0.020067
0.124899
0.124905 0.000000 0.067729 0.339357 0.076018 0.022375 0.055407 0.001718 0.000000 0.006429 0.010034
0.124899
0.124901 0.000000 0.067726 0.339356 0.075154 0.023024 0.056496 0.001275 0.000000 0.004769 0.020067
0.124899
0.124890 0.000000 0.067717 0.339356 0.075154 0.022427 0.055030 0.001453 0.000000 0.005100 0.010034
0.124899
0.124889 0.000000 0.067717 0.339356 0.075154 0.022481 0.055639 0.000689 0.000000 0.002533 0.010034
0.124899
0.124891 0.000000 0.067717 0.339356 0.075154 0.022333 0.054237 0.001370 0.000000 0.005201 0.020067
0.124899
0.124889 0.000000 0.067716 0.339356 0.075154 0.022744 0.055736 0.000687 0.000000 0.002553 0.010034
0.124899
0.124902 0.000000 0.067727 0.339356 0.075154 0.022372 0.055329 0.001759 0.000000 0.006223 0.010034
0.124899
0.124902 0.000000 0.067726 0.339356 0.075586 0.022429 0.055277 0.000916 0.000000 0.003182 0.010034
0.124899
0.124902 0.000000 0.067727 0.339357 0.076018 0.022687 0.055173 0.001475 0.000000 0.005569 0.005017
0.124899
0.124903 0.000000 0.067726 0.339357 0.076018 0.022839 0.055313 0.000749 0.000000 0.002863 0.010034
0.124899
0.124901 0.000000 0.067725 0.339357 0.076018 0.022462 0.055296 0.001397 0.000000 0.005148 0.020067
0.124899
0.124902 0.000000 0.067727 0.339357 0.076018 0.022942 0.055643 0.000850 0.000000 0.003170 0.020067
0.124899
0.124903 0.000000 0.067728 0.339357 0.076018 0.022832 0.055616 0.001652 0.000000 0.006090 0.010034
0.124899
0.124900 0.000000 0.067725 0.339356 0.075154 0.022378 0.054601 0.000870 0.000000 0.003151 0.020067
0.124899
0.124889 0.000000 0.067717 0.339356 0.075154 0.022726 0.055736 0.001628 0.000000 0.005719 0.010034
0.124899
0.124889 0.000000 0.067717 0.339356 0.075154 0.022953 0.055847 0.000931 0.000000 0.003438 0.015051
0.124899
0.124893 0.000000 0.067719 0.339356 0.075154 0.022447 0.054502 0.001383 0.000000 0.005178 0.010034
0.124899
0.124890 0.000000 0.067717 0.339356 0.075154 0.022912 0.055366 0.001072 0.000000 0.004009 0.015051
0.124899
0.124899 0.000000 0.067724 0.339356 0.075154 0.022653 0.055187 0.001824 0.000000 0.006695 0.015051
0.124899
0.124903 0.000000 0.067727 0.339357 0.076018 0.022203 0.053851 0.000997 0.000000 0.003454 0.005017
0.124899
0.124907 0.000000 0.067731 0.339357 0.076018 0.022578 0.054980 0.002519 0.000000 0.008740 0.015050
0.124899
0.124905 0.000000 0.067728 0.339357 0.076018 0.023281 0.057633 0.001595 0.000000 0.005105 0.010034
0.124899
0.124903 0.000000 0.067727 0.339357 0.076018 0.022557 0.055662 0.001472 0.000000 0.005771 0.020067
0.124899
0.124899 0.000000 0.067724 0.339356 0.075586 0.022561 0.054815 0.000618 0.000000 0.002298 0.015051
0.124899
0.124901 0.000000 0.067727 0.339356 0.075586 0.022601 0.055389 0.001478 0.000000 0.005290 0.020067
0.124899
0.124900 0.000000 0.067724 0.339356 0.075154 0.022758 0.055825 0.000681 0.000000 0.002622 0.020067
0.124899
0.124893 0.000000 0.067720 0.339356 0.075154 0.022359 0.054517 0.001623 0.000000 0.005968 0.020067
0.124899
0.124890 0.000000 0.067717 0.339356 0.075154 0.022649 0.055192 0.000731 0.000000 0.002630 0.005017
0.124899
0.124891 0.000000 0.067719 0.339356 0.075154 0.022644 0.055576 0.001622 0.000000 0.006283 0.015051
0.124899
0.124889 0.000000 0.067716 0.339356 0.075154 0.022538 0.054513 0.000663 0.000000 0.002512 0.010034
0.124899
0.124896 0.000000 0.067722 0.339356 0.075154 0.022770 0.055900 0.001473 0.000000 0.005157 0.010034
0.124899
0.124902 0.000000 0.067726 0.339357 0.076018 0.022882 0.056421 0.000814 0.000000 0.003095 0.020067
0.124899
0.124904 0.000000 0.067728 0.339357 0.076018 0.022326 0.054627 0.001634 0.000000 0.006432 0.010034
0.124899
0.124903 0.000000 0.067727 0.339357 0.076018 0.022581 0.054606 0.001164 0.000000 0.004050 0.015050
0.124899
0.124905 0.000000 0.067729 0.339357 0.076018 0.022694 0.054982 0.001912 0.000000 0.006843 0.010034
0.124899
0.124903 0.000000 0.067726 0.339356 0.075586 0.022549 0.055367 0.000728 0.000000 0.002681 0.005017
0.124899
0.124900 0.000000 0.067725 0.339356 0.075154 0.023003 0.055562 0.001396 0.000000 0.005282 0.010034
0.124899
0.124900 0.000000 0.067725 0.339356 0.075154 0.023176 0.056223 0.000987 0.000000 0.003688 0.015051
0.124899
0.124890 0.000000 0.067717 0.339356 0.075154 0.022478 0.055194 0.001438 0.000000 0.005201 0.020067
0.124899
0.124893 0.000000 0.067719 0.339356 0.075154 0.022655 0.055294 0.001559 0.000000 0.005438 0.040135
0.124899
0.124890 0.000000 0.067719 0.339356 0.075154 0.023112 0.056663 0.002254 0.000000 0.008519 0.025084
0.124899
0.124894 0.000000 0.067720 0.339356 0.075586 0.022646 0.055040 0.000668 0.000000 0.002482 0.030101
0.124899
0.124906 0.000000 0.067729 0.339357 0.076018 0.023478 0.058122 0.002415 0.022462 0.008009 0.040135
0.124899
0.124901 0.000000 0.067726 0.339357 0.076018 0.022553 0.055031 0.000648 0.000000 0.002406 0.040135
0.124899
0.124904 0.000000 0.067728 0.339357 0.076018 0.022385 0.054246 0.001381 0.000000 0.005042 0.035118
0.124899
0.124899 0.000000 0.067724 0.339357 0.076018 0.022648 0.054890 0.000917 0.000000 0.003352 0.020067
0.124899
0.124908 0.000000 0.067732 0.339357 0.076018 0.022498 0.055051 0.001653 0.000000 0.006347 0.030101
0.124899
0.124899 0.000000 0.067724 0.339356 0.075154 0.022744 0.055887 0.000774 0.000000 0.002814 0.035118
0.124899
0.124901 0.000000 0.067726 0.339356 0.075154 0.022346 0.054044 0.001352 0.022462 0.005068 0.025084
0.124899
0.124900 0.000000 0.067725 0.339356 0.075154 0.022680 0.055858 0.000730 0.000000 0.002661 0.035118
0.124899
0.124891 0.000000 0.067719 0.339356 0.075154 0.022528 0.055018 0.001425 0.000000 0.005515 0.030101
0.124899
0.124888 0.000000 0.067716 0.339356 0.075154 0.022712 0.054935 0.000689 0.000000 0.002560 0.040135
0.124899
0.124895 0.000000 0.067722 0.339356 0.075154 0.022236 0.054801 0.001711 0.000000 0.006140 0.010034
0.124899
0.124902 0.000000 0.067726 0.339356 0.075586 0.022846 0.055721 0.000788 0.000000 0.002879 0.020067
0.124899
0.124901 0.000000 0.067725 0.339357 0.076018 0.022516 0.054551 0.001291 0.000000 0.004909 0.015050
0.124899
0.124903 0.000000 0.067727 0.339357 0.076018 0.022982 0.055877 0.000886 0.000000 0.003226 0.010034
0.124899
0.124899 0.000000 0.067724 0.339357 0.076018 0.022766 0.055366 0.001596 0.000000 0.006009 0.015050
0.124899
0.124898 0.000000 0.067723 0.339357 0.076018 0.022565 0.054632 0.000652 0.000000 0.002510 0.020067
0.124899
0.124904 0.000000 0.067729 0.339357 0.076018 0.022606 0.054684 0.001610 0.000000 0.006056 0.010034
0.124899
0.124902 0.000000 0.067728 0.339356 0.075154 0.022690 0.054910 0.001537 0.000000 0.005694 0.005017
0.124899
0.124900 0.000000 0.067724 0.339356 0.075154 0.022721 0.055922 0.001454 0.000000 0.005257 0.015051
0.124899
0.124901 0.000000 0.067727 0.339356 0.075154 0.023548 0.057491 0.001991 0.000000 0.006539 0.020067
0.124899
0.124896 0.000000 0.067722 0.339356 0.075154 0.023748 0.058606 0.002729 0.000000 0.009612 0.015051
0.124899
0.124887 0.000000 0.067715 0.339356 0.075154 0.022805 0.055118 0.000633 0.000000 0.002356 0.020067
0.124899
0.124895 0.000000 0.067721 0.339356 0.075154 0.023633 0.058756 0.002068 0.000000 0.007008 0.020067
0.124899
0.124902 0.000000 0.067727 0.339357 0.076018 0.022479 0.054693 0.000928 0.000000 0.003444 0.010034
0.124899
0.124901 0.000000 0.067726 0.339357 0.076018 0.022767 0.055537 0.001443 0.000000 0.005350 0.015050
0.124899
0.124902 0.000000 0.067726 0.339357 0.076018 0.022652 0.055039 0.000642 0.000000 0.002308 0.020067
0.124899
0.124896 0.000000 0.067722 0.339357 0.076018 0.022502 0.055064 0.001337 0.000000 0.005015 0.015050
0.124899
0.124893 0.000000 0.067719 0.339356 0.075586 0.022846 0.055635 0.000659 0.000000 0.002541 0.020067
0.124899
0.124903 0.000000 0.067727 0.339356 0.075154 0.022632 0.054853 0.001328 0.000000 0.004741 0.015051
0.124899
0.124902 0.000000 0.067726 0.339356 0.075154 0.022299 0.054938 0.001061 0.000000 0.003661 0.010034
0.124899
0.124909 0.000000 0.067732 0.339356 0.075154 0.022459 0.055393 0.001739 0.000000 0.006829 0.010034
0.124899
0.124899 0.000000 0.067724 0.339356 0.075154 0.022500 0.054728 0.000674 0.000000 0.002600 0.015051
0.124899
0.124891 0.000000 0.067718 0.339356 0.075154 0.022834 0.056090 0.001385 0.000000 0.004954 0.010034
0.124899
0.124893 0.000000 0.067719 0.339361 0.075154 0.022851 0.055806 0.000805 0.000000 0.003030 0.015051
0.124899
0.124896 0.000000 0.067721 0.339367 0.075154 0.022723 0.054983 0.001269 0.000000 0.004834 0.020067
0.124899
0.124901 0.000000 0.067726 0.339357 0.076018 0.023058 0.055910 0.000915 0.000000 0.003333 0.015050
0.124899
0.124908 0.000000 0.067731 0.339357 0.076018 0.022523 0.054545 0.001983 0.000000 0.007510 0.010034
0.124899
0.124901 0.000000 0.067726 0.339357 0.076018 0.022673 0.055793 0.000739 0.000000 0.002693 0.010034
0.124899
0.124892 0.000000 0.067719 0.339357 0.076018 0.022911 0.055318 0.001524 0.000000 0.005616 0.015050
0.124899
0.124890 0.000000 0.067717 0.339356 0.075154 0.022902 0.055235 0.001391 0.000000 0.005107 0.010034
0.124899
0.124901 0.000000 0.067725 0.339356 0.075154 0.022421 0.055400 0.001411 0.000000 0.005292 0.020067
0.124899
0.124903 0.000000 0.067726 0.339356 0.075154 0.023868 0.058288 0.002322 0.000000 0.008015 0.020067
0.124899
0.124910 0.000000 0.067733 0.339356 0.075154 0.023225 0.057425 0.003103 0.000000 0.010624 0.015051
0.124899
0.124899 0.000000 0.067723 0.339356 0.075154 0.022598 0.055102 0.000906 0.000000 0.003341 0.015051
0.124899
0.124888 0.000000 0.067716 0.339356 0.075154 0.022434 0.055503 0.001438 0.000000 0.005146 0.020067
0.124899
0.124915 0.000000 0.067736 0.339444 0.075586 0.022680 0.055704 0.000655 0.000000 0.002427 0.015049
0.124899
0.124901 0.000000 0.067726 0.339357 0.076018 0.022643 0.055017 0.001363 0.000000 0.005097 0.020067
0.124899
0.124901 0.000000 0.067725 0.339357 0.076018 0.022648 0.055239 0.000638 0.000000 0.002295 0.010034
0.124899
0.124903 0.000000 0.067727 0.339357 0.076018 0.022506 0.055035 0.001288 0.000000 0.004949 0.010034
0.124899
0.124900 0.000000 0.067725 0.339357 0.076018 0.022606 0.055069 0.001022 0.000000 0.003866 0.010034
0.124899
0.124890 0.000000 0.067717 0.339357 0.076018 0.022629 0.055165 0.001395 0.000000 0.005323 0.015050
0.124899
0.124890 0.000000 0.067717 0.339356 0.075154 0.023000 0.055920 0.000810 0.000000 0.002923 0.015051
0.124899
0.124896 0.000000 0.067722 0.339356 0.075154 0.022681 0.055191 0.001540 0.000000 0.005832 0.015051
0.124899
0.124897 0.000000 0.067722 0.339356 0.075154 0.022619 0.054539 0.000618 0.000000 0.002394 0.020067
0.124899
0.124905 0.000000 0.067729 0.339356 0.075154 0.022862 0.055801 0.001365 0.000000 0.004860 0.015051
0.124899
0.124904 0.000000 0.067728 0.339362 0.075154 0.022679 0.055446 0.001322 0.000000 0.004605 0.010034
0.124899
0.124895 0.000000 0.067721 0.339356 0.075154 0.022223 0.055217 0.001651 0.000000 0.006021 0.015051
0.124899
0.124902 0.000000 0.067726 0.339357 0.076018 0.023195 0.056207 0.001104 0.000000 0.003918 0.015050
0.124899
0.124903 0.000000 0.067727 0.339357 0.076018 0.022669 0.054780 0.001659 0.000000 0.006252 0.020067
0.124899
0.124901 0.000000 0.067725 0.339357 0.076018 0.022561 0.055381 0.000693 0.000000 0.002446 0.010034
0.124899
0.124903 0.000000 0.067728 0.339357 0.076018 0.022926 0.055380 0.001727 0.000000 0.006320 0.020067
0.124899
0.124905 0.000000 0.067729 0.339357 0.076018 0.023704 0.058284 0.002230 0.000000 0.007739 0.015050
0.124899
0.124894 0.000000 0.067720 0.339357 0.076018 0.022129 0.054675 0.001612 0.000000 0.005892 0.015050
0.124899
0.124887 0.000000 0.067714 0.339356 0.075154 0.022380 0.054699 0.000618 0.000000 0.002297 0.015051
0.124899
0.124895 0.000000 0.067721 0.339356 0.075154 0.022589 0.054920 0.001325 0.000000 0.004665 0.015051
0.124899
0.124895 0.000000 0.067721 0.339356 0.075154 0.022795 0.055281 0.000631 0.000000 0.002322 0.020067
0.124899
0.124901 0.000000 0.067726 0.339356 0.075154 0.022430 0.054717 0.001410 0.000000 0.005006 0.010034
0.124899
0.124901 0.000000 0.067726 0.339356 0.075154 0.022633 0.054929 0.000648 0.000000 0.002456 0.015051
0.124899
0.124893 0.000000 0.067720 0.339356 0.075154 0.022209 0.053825 0.001628 0.000000 0.006110 0.010034
0.124899
0.124902 0.000000 0.067726 0.339357 0.076018 0.022362 0.054922 0.000828 0.000000 0.003051 0.015050
0.124899
0.124902 0.000000 0.067726 0.339357 0.076018 0.022626 0.055885 0.001446 0.000000 0.005037 0.010034
0.124899
0.124902 0.000000 0.067726 0.339357 0.076018 0.022727 0.055545 0.000727 0.000000 0.002749 0.020067
0.124899
0.124903 0.000000 0.067727 0.339357 0.076018 0.022342 0.053866 0.001284 0.000000 0.004725 0.015050
0.124899
0.124900 0.000000 0.067724 0.339356 0.075586 0.022779 0.055818 0.000834 0.000000 0.002922 0.015051
0.124899
0.124892 0.000000 0.067719 0.339356 0.075154 0.022693 0.055193 0.001586 0.000000 0.005908 0.015051
0.124899
0.124890 0.000000 0.067717 0.339356 0.075154 0.022501 0.054269 0.000852 0.000000 0.003081 0.020067
0.124899
0.124889 0.000000 0.067716 0.339356 0.075154 0.023121 0.056153 0.001414 0.000000 0.005051 0.010034
0.124899
0.124890 0.000000 0.067717 0.339356 0.075154 0.023052 0.055586 0.000877 0.000000 0.003339 0.015051
0.124899
0.124899 0.000000 0.067725 0.339356 0.075154 0.022625 0.055052 0.001360 0.000000 0.005335 0.015051
0.124899
0.124902 0.000000 0.067726 0.339356 0.075154 0.022917 0.055182 0.001114 0.000000 0.004148 0.015051
0.124899
0.124905 0.000000 0.067729 0.339356 0.075586 0.022961 0.055264 0.001684 0.000000 0.006209 0.015051
0.124899
0.124903 0.000000 0.067726 0.339357 0.076018 0.022524 0.054857 0.000951 0.000000 0.003336 0.010034
0.124899
0.124910 0.000000 0.067732 0.339357 0.076018 0.023327 0.057104 0.002854 0.000000 0.009935 0.010034
0.124899
0.124904 0.000000 0.067728 0.339357 0.076018 0.022978 0.056256 0.001243 0.000000 0.004327 0.025084
0.124899
0.124904 0.000000 0.067728 0.339357 0.076018 0.022494 0.055111 0.001458 0.000000 0.005118 0.015050
0.124899
0.124899 0.000000 0.067723 0.339356 0.075154 0.022807 0.055227 0.000604 0.000000 0.002258 0.020067
0.124899
0.124893 0.000000 0.067720 0.339356 0.075154 0.022473 0.054863 0.001359 0.000000 0.004835 0.015051
0.124899
0.124886 0.000000 0.067715 0.339356 0.075154 0.022725 0.055581 0.000646 0.000000 0.002389 0.010034
0.124899
0.124893 0.000000 0.067719 0.339356 0.075154 0.022352 0.054464 0.001629 0.000000 0.005892 0.015051
0.124899
0.124888 0.000000 0.067715 0.339356 0.075154 0.022744 0.055191 0.000729 0.000000 0.002708 0.020067
0.124899
0.124896 0.000000 0.067722 0.339356 0.075154 0.022652 0.055091 0.001457 0.000000 0.005314 0.010034
0.124899
0.124900 0.000000 0.067725 0.339356 0.075586 0.022611 0.055227 0.000687 0.000000 0.002475 0.020067
0.124899
0.124904 0.000000 0.067727 0.339357 0.076018 0.022579 0.054675 0.001312 0.000000 0.004909 0.020067
0.124899
0.124900 0.000000 0.067725 0.339357 0.076018 0.022868 0.055429 0.000725 0.000000 0.002691 0.015050
0.124899
0.124906 0.000000 0.067729 0.339357 0.076018 0.022215 0.054447 0.001546 0.000000 0.005704 0.010034
0.124899
0.124904 0.000000 0.067728 0.339357 0.076018 0.022758 0.056046 0.001167 0.000000 0.004132 0.015050
0.124899
0.124905 0.000000 0.067729 0.339357 0.076018 0.022801 0.055651 0.001743 0.000000 0.006518 0.010034
0.124899
0.124899 0.000000 0.067724 0.339356 0.075154 0.022550 0.054564 0.000676 0.000000 0.002569 0.015051
0.124899
0.124893 0.000000 0.067719 0.339356 0.075154 0.023001 0.056011 0.001435 0.000000 0.005121 0.020067
0.124899
0.124888 0.000000 0.067715 0.339356 0.075154 0.023016 0.055947 0.000873 0.022462 0.003305 0.025084
0.124899
0.124892 0.000000 0.067718 0.339356 0.075154 0.022613 0.054840 0.001294 0.000000 0.005021 0.030101
0.124899
0.124891 0.000000 0.067718 0.339356 0.075154 0.022652 0.054104 0.001502 0.000000 0.005597 0.030101
0.124899
0.124900 0.000000 0.067725 0.339356 0.075154 0.023681 0.058349 0.002976 0.000000 0.010552 0.045152
0.124899
0.124901 0.000000 0.067726 0.339357 0.076018 0.022650 0.055686 0.000661 0.000000 0.002459 0.025084
0.124899
0.124903 0.000000 0.067728 0.339357 0.076018 0.023672 0.058421 0.002123 0.000000 0.007626 0.055185
0.124899
0.124901 0.000000 0.067725 0.339357 0.076018 0.022702 0.055321 0.000616 0.000000 0.002247 0.020067
0.124899
0.124904 0.000000 0.067727 0.339357 0.076018 0.022539 0.055283 0.001440 0.000000 0.005085 0.040135
0.124899
0.124901 0.000000 0.067725 0.339357 0.076018 0.022358 0.054366 0.000934 0.000000 0.003267 0.025084
0.124899
0.124906 0.000000 0.067730 0.339357 0.076018 0.022271 0.054665 0.001551 0.000000 0.005912 0.030101
0.124899
0.124899 0.000000 0.067724 0.339356 0.075154 0.022788 0.055417 0.000705 0.000000 0.002658 0.030101
0.124899
0.124891 0.000000 0.067718 0.339356 0.075154 0.022555 0.055196 0.001368 0.000000 0.004939 0.035118
0.124899
0.124889 0.000000 0.067717 0.339356 0.075154 0.022673 0.055530 0.000720 0.000000 0.002654 0.010034
0.124899
0.124891 0.000000 0.067718 0.339356 0.075154 0.022697 0.054949 0.001447 0.000000 0.005352 0.010034
0.124899
0.124890 0.000000 0.067717 0.339356 0.075154 0.022648 0.055489 0.000685 0.000000 0.002541 0.015051
0.124899
0.124898 0.000000 0.067724 0.339356 0.075154 0.022539 0.054757 0.001497 0.000000 0.005888 0.010034
0.124899
0.124902 0.000000 0.067726 0.339357 0.076018 0.023089 0.055891 0.000861 0.000000 0.003174 0.015050
0.124899
0.124902 0.000000 0.067727 0.339357 0.076018 0.022603 0.054762 0.001361 0.000000 0.004791 0.015050
0.124899
0.124901 0.000000 0.067726 0.339357 0.076018 0.022832 0.055231 0.000897 0.000000 0.003235 0.015050
0.124899
0.124906 0.000000 0.067729 0.339357 0.076018 0.022720 0.055030 0.001717 0.000000 0.006198 0.015050
0.124899
0.124899 0.000000 0.067723 0.339356 0.075586 0.022847 0.055237 0.000662 0.000000 0.002475 0.015051
0.124899
0.124905 0.000000 0.067729 0.339356 0.075154 0.022480 0.054651 0.001677 0.000000 0.006091 0.015051
0.124899
0.124900 0.000000 0.067725 0.339356 0.075154 0.022600 0.054930 0.001703 0.000000 0.006235 0.015051
0.124899
0.124890 0.000000 0.067717 0.339356 0.075154 0.022533 0.055864 0.001456 0.000000 0.005465 0.015051
0.124899
0.124894 0.000000 0.067720 0.339356 0.075154 0.023834 0.058274 0.002451 0.000000 0.008369 0.015051
0.124899
0.124895 0.000000 0.067721 0.339356 0.075154 0.023300 0.057724 0.002578 0.000000 0.008712 0.020067
0.124899
0.124894 0.000000 0.067719 0.339356 0.075586 0.022519 0.055328 0.000663 0.000000 0.002362 0.010034
0.124899
0.124904 0.000000 0.067727 0.339357 0.076018 0.022491 0.054557 0.001291 0.000000 0.004899 0.020067
0.124899
0.124904 0.000000 0.067728 0.339357 0.076018 0.022324 0.054230 0.000905 0.000000 0.003381 0.015050
0.124899
0.124900 0.000000 0.067725 0.339357 0.076018 0.022551 0.054856 0.001457 0.000000 0.005309 0.015050
0.124899
0.124899 0.000000 0.067724 0.339357 0.076018 0.022670 0.055294 0.000628 0.000000 0.002278 0.020067
0.124899
0.124906 0.000000 0.067730 0.339365 0.076018 0.022530 0.055091 0.001318 0.000000 0.005023 0.020067
0.124899
0.124898 0.000000 0.067723 0.339356 0.075154 0.022735 0.055169 0.000698 0.000000 0.002683 0.005017
0.124899
0.124903 0.000000 0.067727 0.339356 0.075154 0.022582 0.055105 0.001365 0.000000 0.004844 0.015051
0.124899
0.124902 0.000000 0.067726 0.339356 0.075154 0.022410 0.055329 0.001106 0.000000 0.003926 0.015051
0.124899
0.124895 0.000000 0.067721 0.339356 0.075154 0.022380 0.054939 0.001739 0.000000 0.006764 0.015051
0.124899
0.124887 0.000000 0.067714 0.339356 0.075154 0.022561 0.054808 0.000694 0.000000 0.002631 0.020067
0.124899
0.124889 0.000000 0.067716 0.339356 0.075154 0.022852 0.056024 0.001363 0.000000 0.004875 0.015051
0.124899
0.124900 0.000000 0.067725 0.339357 0.076018 0.022885 0.055723 0.000807 0.000000 0.003045 0.020067
0.124899
0.124902 0.000000 0.067726 0.339357 0.076018 0.022705 0.054962 0.001282 0.000000 0.004932 0.015050
0.124899
0.124902 0.000000 0.067726 0.339357 0.076018 0.023073 0.055987 0.000999 0.000000 0.003618 0.015050
0.124899
0.124898 0.000000 0.067723 0.339357 0.076018 0.022503 0.054653 0.001992 0.000000 0.007509 0.015050
0.124899
0.124895 0.000000 0.067721 0.339357 0.076018 0.022654 0.055723 0.000708 0.000000 0.002614 0.010034
0.124899
0.124904 0.000000 0.067728 0.339357 0.076018 0.022840 0.055187 0.001702 0.000000 0.006169 0.015050
0.124899
0.124905 0.000000 0.067729 0.339356 0.075154 0.023824 0.058734 0.002251 0.000000 0.007685 0.030101
0.124899
0.124901 0.000000 0.067726 0.339356 0.075154 0.022450 0.055433 0.001371 0.000000 0.005159 0.020067
0.124899
0.124902 0.000000 0.067726 0.339356 0.075154 0.023834 0.058492 0.001939 0.000000 0.006661 0.025084
0.124899
0.124896 0.000000 0.067722 0.339356 0.075154 0.022541 0.055283 0.002112 0.000000 0.008097 0.010034
0.124899
0.124888 0.000000 0.067717 0.339356 0.075154 0.022600 0.055050 0.000880 0.000000 0.003283 0.010034
0.124899
0.124888 0.000000 0.067716 0.339356 0.075154 0.022410 0.055445 0.001429 0.000000 0.005065 0.020067
0.124899
0.124901 0.000000 0.067726 0.339357 0.076018 0.022680 0.055672 0.000683 0.000000 0.002588 0.010034
0.124899
0.124902 0.000000 0.067726 0.339357 0.076018 0.022677 0.055107 0.001374 0.000000 0.005203 0.020067
0.124899
0.124900 0.000000 0.067724 0.339357 0.076018 0.022610 0.055358 0.000652 0.000000 0.002344 0.015050
0.124899
0.124895 0.000000 0.067720 0.339357 0.076018 0.022582 0.055217 0.001300 0.000000 0.004881 0.010034
0.124899
0.124891 0.000000 0.067718 0.339356 0.075586 0.022624 0.055004 0.001019 0.000000 0.003859 0.015051
0.124899
0.124898 0.000000 0.067723 0.339356 0.075154 0.022626 0.055181 0.001378 0.000000 0.005227 0.015051
0.124899
0.124900 0.000000 0.067724 0.339356 0.075154 0.022941 0.055945 0.000819 0.000000 0.002956 0.010034
0.124899
0.124901 0.000000 0.067726 0.339356 0.075154 0.022711 0.055076 0.001560 0.000000 0.005981 0.020067
0.124899
0.124899 0.000000 0.067723 0.339356 0.075154 0.022548 0.054505 0.000683 0.000000 0.002610 0.020067
0.124899
0.124893 0.000000 0.067720 0.339356 0.075154 0.022905 0.056035 0.001395 0.000000 0.004955 0.020067
0.124899
0.124895 0.000000 0.067721 0.339356 0.075154 0.022775 0.055642 0.001309 0.000000 0.004634 0.015051
0.124899
0.124905 0.000000 0.067728 0.339356 0.075586 0.022216 0.055198 0.001640 0.000000 0.006012 0.010034
0.124899
0.124904 0.000000 0.067727 0.339357 0.076018 0.023183 0.056165 0.001252 0.000000 0.004396 0.015050
0.124899
0.124903 0.000000 0.067727 0.339357 0.076018 0.022687 0.054631 0.001699 0.000000 0.006460 0.015050
0.124899
0.124900 0.000000 0.067724 0.339357 0.076018 0.022577 0.055437 0.000694 0.000000 0.002498 0.015050
0.124899
0.124894 0.000000 0.067720 0.339357 0.076018 0.023549 0.057511 0.002317 0.000000 0.007944 0.020067
0.124899
0.124890 0.000000 0.067718 0.339356 0.075154 0.023659 0.058472 0.001796 0.000000 0.005931 0.025084
0.124899
0.124903 0.000000 0.067727 0.339356 0.075154 0.022290 0.054536 0.001616 0.000000 0.005981 0.010034
0.124899
0.124896 0.000000 0.067721 0.339356 0.075154 0.022569 0.055462 0.000611 0.000000 0.002151 0.015051
0.124899
0.124901 0.000000 0.067725 0.339356 0.075154 0.022537 0.054756 0.001336 0.000000 0.004960 0.015051
0.124899
0.124899 0.000000 0.067724 0.339356 0.075154 0.022519 0.054406 0.000638 0.000000 0.002378 0.010034
0.124899
0.124891 0.000000 0.067718 0.339356 0.075154 0.022485 0.055380 0.001353 0.000000 0.004883 0.020067
0.124899
0.124902 0.000000 0.067725 0.339356 0.075586 0.022668 0.055569 0.000700 0.000000 0.002550 0.015051
0.124899
0.124908 0.000000 0.067731 0.339357 0.076018 0.022392 0.054327 0.001588 0.000000 0.006159 0.010034
0.124899
0.124901 0.000000 0.067726 0.339357 0.076018 0.022425 0.054604 0.000898 0.000000 0.003252 0.020067
0.124899
0.124902 0.000000 0.067727 0.339357 0.076018 0.022840 0.056029 0.001474 0.000000 0.005253 0.010034
0.124899
0.124901 0.000000 0.067725 0.339357 0.076018 0.022937 0.056407 0.000839 0.000000 0.003128 0.015050
0.124899
0.124891 0.000000 0.067718 0.339357 0.076018 0.022565 0.054589 0.001317 0.000000 0.005030 0.010034
0.124899
0.124889 0.000000 0.067715 0.339356 0.075154 0.023001 0.055943 0.000840 0.000000 0.002950 0.015051
0.124899
0.124895 0.000000 0.067721 0.339356 0.075154 0.022775 0.055153 0.001579 0.000000 0.005920 0.015051
0.124899
0.124895 0.000000 0.067721 0.339356 0.075154 0.022302 0.054252 0.000891 0.000000 0.003165 0.020067
0.124899
0.124901 0.000000 0.067725 0.339356 0.075154 0.023136 0.055930 0.001505 0.000000 0.005642 0.015051
0.124899
0.124902 0.000000 0.067726 0.339356 0.075154 0.022984 0.055853 0.000882 0.000000 0.003429 0.020067
0.124899
0.124890 0.000000 0.067717 0.339356 0.075154 0.022376 0.055135 0.001406 0.000000 0.004915 0.020067
0.124899
0.124901 0.000000 0.067726 0.339357 0.076018 0.023107 0.055583 0.001314 0.000000 0.004757 0.015050
0.124899
0.124904 0.000000 0.067727 0.339357 0.076018 0.021823 0.053472 0.001727 0.000000 0.006296 0.015050
0.124899
0.124903 0.000000 0.067727 0.339357 0.076018 0.022473 0.054845 0.000943 0.000000 0.003377 0.010034
0.124899
0.124909 0.000000 0.067733 0.339357 0.076018 0.023412 0.058171 0.003534 0.000000 0.011497 0.015050
0.124899
0.124900 0.000000 0.067724 0.339356 0.075586 0.022485 0.055678 0.000654 0.000000 0.002224 0.015051
0.124899
0.124887 0.000000 0.067715 0.339356 0.075154 0.022443 0.055265 0.001347 0.000000 0.005169 0.020067
0.124899
0.124888 0.000000 0.067715 0.339356 0.075154 0.022463 0.054987 0.000590 0.000000 0.002160 0.010034
0.124899
0.124893 0.000000 0.067720 0.339356 0.075154 0.022344 0.055129 0.001357 0.000000 0.004761 0.020067
0.124899
0.124889 0.000000 0.067716 0.339356 0.075154 0.022532 0.055574 0.000712 0.000000 0.002608 0.015051
0.124899
0.124904 0.000000 0.067728 0.339356 0.075154 0.022103 0.053870 0.001561 0.000000 0.005900 0.010034
0.124899
0.124899 0.000000 0.067723 0.339356 0.075154 0.022557 0.055102 0.000711 0.000000 0.002521 0.015051
0.124899
0.124903 0.000000 0.067726 0.339356 0.075154 0.022534 0.055423 0.001550 0.000000 0.005702 0.015051
0.124899
0.124900 0.000000 0.067725 0.339357 0.076018 0.022548 0.054703 0.000663 0.000000 0.002553 0.020067
0.124899
0.124906 0.000000 0.067728 0.339357 0.076018 0.022659 0.055569 0.001342 0.000000 0.004752 0.020067
0.124899
0.124901 0.000000 0.067726 0.339357 0.076018 0.022801 0.056188 0.000801 0.000000 0.002946 0.015050
0.124899
0.124908 0.000000 0.067731 0.339357 0.076018 0.022142 0.054491 0.001625 0.000000 0.005861 0.015050
0.124899
0.124903 0.000000 0.067727 0.339356 0.075154 0.022608 0.054848 0.001182 0.000000 0.004307 0.025084
0.124899
0.124890 0.000000 0.067718 0.339356 0.075154 0.022867 0.055841 0.001924 0.000000 0.006810 0.035118
0.124899
0.124887 0.000000 0.067714 0.339356 0.075154 0.022608 0.055389 0.000704 0.022462 0.002560 0.030101
0.124899
0.008927 1.000000 0.000000 0.090109 0.000000 0.000000 0.000000 0.000002 0.157059 0.000000 0.035079
0.071454
0.035704 1.000000 0.081336 0.389823 0.023324 0.003944 0.009902 0.000005 0.019632 0.000041 0.078927
0.071454
0.035705 1.000000 0.081339 0.389823 0.023756 0.005586 0.013988 0.000222 0.000000 0.000904 0.021924
0.071454
0.035704 1.000000 0.081334 0.389824 0.025051 0.003923 0.009503 0.000001 0.000000 0.000030 0.035078
0.071454
0.035704 1.000000 0.081337 0.389824 0.025051 0.005446 0.013603 0.000182 0.000000 0.000715 0.021924
0.071454
0.035704 1.000000 0.081337 0.389824 0.025051 0.003911 0.009469 0.000002 0.000000 0.000031 0.035078
0.071454
0.035704 1.000000 0.081336 0.389824 0.025051 0.005435 0.013585 0.000194 0.019632 0.000747 0.017539
0.071454
0.035704 1.000000 0.081338 0.389824 0.025051 0.003972 0.010004 0.000007 0.000000 0.000054 0.030693
0.071454
0.035705 1.000000 0.081340 0.389824 0.025051 0.005580 0.013950 0.000229 0.000000 0.000925 0.021924
0.071454
0.035705 1.000000 0.081338 0.389824 0.025051 0.003925 0.009504 0.000003 0.000000 0.000032 0.035078
0.071454
0.035705 1.000000 0.081338 0.389824 0.025051 0.005452 0.013607 0.000171 0.019632 0.000667 0.021924
0.071454
0.035704 1.000000 0.081335 0.389824 0.025051 0.003913 0.009472 0.000002 0.019632 0.000033 0.030693
0.071454
0.035704 1.000000 0.081337 0.389824 0.025051 0.005439 0.013615 0.000192 0.000000 0.000718 0.026309
0.071454
0.035705 1.000000 0.081338 0.389824 0.025051 0.004095 0.009638 0.000019 0.000000 0.000094 0.021924
0.071454
0.035704 1.000000 0.081338 0.389824 0.025051 0.005581 0.013850 0.000228 0.000000 0.000899 0.026309
0.071454
0.035704 1.000000 0.081336 0.389824 0.025051 0.003923 0.009501 0.000001 0.000000 0.000030 0.030693
0.071454
0.035704 1.000000 0.081337 0.389824 0.025051 0.005444 0.013594 0.000184 0.019632 0.000704 0.021924
0.071454
0.035704 1.000000 0.081334 0.389824 0.025051 0.003917 0.009484 0.000001 0.000000 0.000029 0.035078
0.071454
0.035705 1.000000 0.081339 0.389824 0.025051 0.005440 0.013624 0.000182 0.019632 0.000708 0.026309
0.071454
0.035704 1.000000 0.081335 0.389824 0.025051 0.003908 0.009468 0.000001 0.000000 0.000028 0.030693
0.071454
0.035705 1.000000 0.081343 0.389824 0.025051 0.005618 0.013605 0.000233 0.000000 0.000911 0.026309
0.071454
0.035704 1.000000 0.081334 0.389824 0.025051 0.003926 0.009517 0.000001 0.000000 0.000026 0.035078
0.071454
0.035704 1.000000 0.081337 0.389824 0.025051 0.005441 0.013573 0.000201 0.000000 0.000766 0.021924
0.071454
0.035704 1.000000 0.081335 0.389824 0.025051 0.003916 0.009478 0.000002 0.000000 0.000032 0.030693
0.071454
0.035705 1.000000 0.081339 0.389824 0.025051 0.005438 0.013604 0.000183 0.000000 0.000711 0.026309
0.071454
0.035705 1.000000 0.081338 0.389824 0.025051 0.003909 0.009465 0.000003 0.000000 0.000037 0.035078
0.071454
0.035705 1.000000 0.081340 0.389824 0.025051 0.005806 0.013975 0.000341 0.000000 0.001272 0.017539
0.071454
0.035704 1.000000 0.081336 0.389824 0.025051 0.003924 0.009510 0.000003 0.000000 0.000035 0.030693
0.071454
0.035704 1.000000 0.081338 0.389824 0.025051 0.005451 0.013606 0.000179 0.000000 0.000685 0.017539
0.071454
0.035704 1.000000 0.081335 0.389824 0.025051 0.003916 0.009479 0.000001 0.000000 0.000031 0.030693
0.071454
0.035705 1.000000 0.081339 0.389824 0.025051 0.005441 0.013620 0.000181 0.000000 0.000717 0.021924
0.071454
0.035704 1.000000 0.081335 0.389824 0.025051 0.003912 0.009469 0.000002 0.000000 0.000031 0.035078
0.071454
0.035705 1.000000 0.081338 0.389824 0.025051 0.005436 0.013601 0.000189 0.000000 0.000714 0.017539
0.071454
0.035705 1.000000 0.081338 0.389824 0.025051 0.003972 0.010000 0.000007 0.000000 0.000051 0.030693
0.071454
0.035705 1.000000 0.081340 0.389824 0.025051 0.005588 0.013973 0.000220 0.000000 0.000894 0.030693
0.071454
0.035704 1.000000 0.081335 0.389824 0.025051 0.003921 0.009495 0.000002 0.019632 0.000035 0.030693
0.071454
0.035704 1.000000 0.081337 0.389824 0.025051 0.005440 0.013589 0.000188 0.000000 0.000714 0.030693
0.071454
0.035704 1.000000 0.081336 0.389824 0.025051 0.003908 0.009461 0.000003 0.000000 0.000037 0.035078
0.071454
0.035705 1.000000 0.081338 0.389824 0.025051 0.005440 0.013632 0.000187 0.000000 0.000727 0.026309
0.071454
0.035705 1.000000 0.081338 0.389824 0.025051 0.004101 0.009649 0.000017 0.000000 0.000094 0.026309
0.071454
0.035705 1.000000 0.081338 0.389824 0.025051 0.005576 0.013845 0.000239 0.000000 0.000965 0.021924
0.071454
0.035705 1.000000 0.081336 0.389824 0.025051 0.003923 0.009498 0.000001 0.019632 0.000029 0.026309
0.071454
0.035704 1.000000 0.081337 0.389824 0.025051 0.005445 0.013602 0.000184 0.019632 0.000730 0.026309
0.071454
0.035704 1.000000 0.081336 0.389824 0.025051 0.003915 0.009475 0.000002 0.000000 0.000031 0.026309
0.071454
0.035705 1.000000 0.081339 0.389824 0.025051 0.005442 0.013600 0.000184 0.000000 0.000719 0.026309
0.071454
0.035704 1.000000 0.081335 0.389824 0.025051 0.003911 0.009469 0.000000 0.000000 0.000025 0.035078
0.071454
0.035706 1.000000 0.081343 0.389824 0.025051 0.005611 0.013564 0.000242 0.019632 0.000943 0.043848
0.071454
0.035704 1.000000 0.081335 0.389824 0.025051 0.003924 0.009512 0.000007 0.019632 0.000042 0.048233
0.071454
0.035705 1.000000 0.081340 0.389824 0.025051 0.005446 0.013591 0.000202 0.000000 0.000781 0.021924
0.071454
0.035704 1.000000 0.081335 0.389824 0.025051 0.003910 0.009470 0.000000 0.019632 0.000028 0.026309
0.071454
0.035705 1.000000 0.081339 0.389824 0.025051 0.005441 0.013617 0.000179 0.000000 0.000686 0.021924
0.071454
0.035704 1.000000 0.081338 0.389824 0.025051 0.003913 0.009473 0.000002 0.000000 0.000029 0.035078
0.071454
0.035705 1.000000 0.081340 0.389824 0.025051 0.005805 0.013961 0.000351 0.000000 0.001301 0.017539
0.071454
0.035704 1.000000 0.081335 0.389824 0.025051 0.003927 0.009514 0.000001 0.000000 0.000032 0.030693
0.071454
0.035705 1.000000 0.081340 0.389824 0.025051 0.005450 0.013600 0.000187 0.019632 0.000730 0.026309
0.071454
0.035704 1.000000 0.081336 0.389824 0.025051 0.003913 0.009472 0.000003 0.000000 0.000034 0.026309
0.071454
0.035705 1.000000 0.081339 0.389824 0.025051 0.005438 0.013623 0.000177 0.000000 0.000722 0.026309
0.071454
0.035704 1.000000 0.081336 0.389824 0.025051 0.003910 0.009468 0.000001 0.000000 0.000027 0.035078
0.071454
0.035705 1.000000 0.081340 0.389824 0.025051 0.005440 0.013632 0.000181 0.019632 0.000727 0.026309
0.071454
0.035705 1.000000 0.081340 0.389824 0.025051 0.003970 0.009993 0.000007 0.019632 0.000054 0.021924
0.071454
0.035704 1.000000 0.081338 0.389824 0.025051 0.005586 0.013962 0.000222 0.000000 0.000911 0.017539
0.071454
0.035704 1.000000 0.081336 0.389824 0.025051 0.003917 0.009484 0.000003 0.000000 0.000037 0.026309
0.071454
0.035704 1.000000 0.081338 0.389824 0.025051 0.005442 0.013587 0.000182 0.000000 0.000716 0.021924
0.071454
0.035704 1.000000 0.081335 0.389824 0.025051 0.003912 0.009471 0.000000 0.000000 0.000024 0.035078
0.071454
0.035705 1.000000 0.081341 0.389824 0.025051 0.005436 0.013613 0.000184 0.000000 0.000731 0.021924
0.071454
0.035704 1.000000 0.081338 0.389824 0.025051 0.004108 0.009670 0.000018 0.000000 0.000092 0.030693
0.071454
0.035705 1.000000 0.081339 0.389824 0.025051 0.005575 0.013850 0.000225 0.000000 0.000895 0.021924
0.071454
0.035704 1.000000 0.081336 0.389824 0.025051 0.003922 0.009497 0.000002 0.000000 0.000029 0.035078
0.071454
0.035705 1.000000 0.081338 0.389824 0.024619 0.005443 0.013593 0.000192 0.019632 0.000727 0.026309
0.071454
0.035704 1.000000 0.081334 0.389823 0.023324 0.003909 0.009463 0.000001 0.019632 0.000031 0.030694
0.071454
0.035704 1.000000 0.081335 0.389823 0.023324 0.005441 0.013638 0.000176 0.000000 0.000707 0.021924
0.071454
0.035704 1.000000 0.081334 0.389823 0.023324 0.003909 0.009463 0.000002 0.000000 0.000029 0.035079
0.071454
0.035704 1.000000 0.081340 0.389823 0.023324 0.005611 0.013569 0.000249 0.000000 0.000979 0.017539
0.071454
0.035705 1.000000 0.081335 0.389823 0.023324 0.003928 0.009517 0.000002 0.000000 0.000033 0.035079
0.071454
0.035704 1.000000 0.081337 0.389823 0.023756 0.005442 0.013595 0.000186 0.000000 0.000734 0.017539
0.071454
0.035704 1.000000 0.081336 0.389824 0.025051 0.003912 0.009470 0.000000 0.000000 0.000024 0.035078
0.071454
0.035705 1.000000 0.081339 0.389824 0.025051 0.005439 0.013621 0.000179 0.000000 0.000716 0.026309
0.071454
0.035704 1.000000 0.081334 0.389824 0.025051 0.003909 0.009462 0.000001 0.000000 0.000026 0.030693
0.071454
0.035705 1.000000 0.081340 0.389824 0.025051 0.005793 0.013910 0.000357 0.000000 0.001348 0.017539
0.071454
0.035705 1.000000 0.081339 0.389824 0.025051 0.003926 0.009514 0.000004 0.000000 0.000037 0.035078
0.071454
0.035705 1.000000 0.081339 0.389824 0.025051 0.005453 0.013606 0.000189 0.000000 0.000724 0.026309
0.071454
0.035704 1.000000 0.081336 0.389824 0.025051 0.003916 0.009479 0.000002 0.019632 0.000031 0.026309
0.071454
0.035705 1.000000 0.081338 0.389824 0.025051 0.005442 0.013602 0.000184 0.000000 0.000714 0.026309
0.071454
0.035704 1.000000 0.081337 0.389824 0.025051 0.003915 0.009480 0.000002 0.000000 0.000033 0.035078
0.071454
0.035704 1.000000 0.081337 0.389824 0.025051 0.005432 0.013610 0.000190 0.000000 0.000740 0.021924
0.071454
0.035704 1.000000 0.081340 0.389824 0.025051 0.003972 0.010001 0.000008 0.000000 0.000047 0.035078
0.071454
0.035705 1.000000 0.081338 0.389824 0.025051 0.005587 0.013963 0.000209 0.000000 0.000870 0.026309
0.071454
0.035705 1.000000 0.081336 0.389824 0.025051 0.003921 0.009495 0.000002 0.000000 0.000031 0.030693
0.071454
0.035704 1.000000 0.081337 0.389824 0.025051 0.005442 0.013593 0.000187 0.019632 0.000744 0.026309
0.071454
0.035704 1.000000 0.081335 0.389824 0.025051 0.003914 0.009476 0.000002 0.000000 0.000029 0.035078
0.071454
0.035704 1.000000 0.081336 0.389824 0.025051 0.005438 0.013628 0.000179 0.000000 0.000720 0.026309
0.071454
0.035705 1.000000 0.081339 0.389824 0.025051 0.004108 0.009672 0.000018 0.000000 0.000090 0.021924
0.071454
0.035705 1.000000 0.081339 0.389824 0.025051 0.005579 0.013841 0.000236 0.000000 0.000948 0.017539
0.071454
0.035704 1.000000 0.081336 0.389824 0.025051 0.003927 0.009512 0.000002 0.019632 0.000031 0.026309
0.071454
0.035704 1.000000 0.081338 0.389824 0.025051 0.005438 0.013590 0.000190 0.019632 0.000740 0.026309
0.071454
0.035704 1.000000 0.081337 0.389824 0.025051 0.003914 0.009475 0.000001 0.000000 0.000030 0.035078
0.071454
0.035705 1.000000 0.081339 0.389824 0.025051 0.005441 0.013618 0.000183 0.019632 0.000701 0.030693
0.071454
0.035705 1.000000 0.081338 0.389824 0.025051 0.003911 0.009472 0.000003 0.019632 0.000033 0.043848
0.071454
0.035707 1.000000 0.081344 0.389824 0.025051 0.005619 0.013603 0.000244 0.000000 0.000957 0.039463
0.071454
0.035704 1.000000 0.081336 0.389824 0.025051 0.003926 0.009517 0.000008 0.000000 0.000047 0.030693
0.071454
0.035704 1.000000 0.081338 0.389824 0.025051 0.005446 0.013598 0.000185 0.000000 0.000724 0.026309
0.071454
0.035704 1.000000 0.081337 0.389824 0.025051 0.003919 0.009489 0.000002 0.000000 0.000029 0.035078
0.071454
0.035705 1.000000 0.081340 0.389824 0.025051 0.005441 0.013610 0.000181 0.000000 0.000699 0.021924
0.071454
0.035704 1.000000 0.081335 0.389824 0.025051 0.003913 0.009475 0.000001 0.000000 0.000029 0.035078
0.071454
0.035705 1.000000 0.081340 0.389824 0.025051 0.005808 0.013962 0.000337 0.000000 0.001219 0.017539
0.071454
0.035704 1.000000 0.081336 0.389824 0.025051 0.003926 0.009524 0.000002 0.000000 0.000032 0.035078
0.071454
0.035705 1.000000 0.081338 0.389824 0.025051 0.005450 0.013612 0.000179 0.019632 0.000707 0.026309
0.071454
0.035704 1.000000 0.081337 0.389824 0.025051 0.003915 0.009478 0.000002 0.000000 0.000031 0.030693
0.071454
0.035705 1.000000 0.081338 0.389824 0.025051 0.005439 0.013599 0.000189 0.000000 0.000725 0.017539
0.071454
0.035704 1.000000 0.081335 0.389824 0.025051 0.003911 0.009469 0.000002 0.000000 0.000029 0.035078
0.071454
0.035705 1.000000 0.081338 0.389824 0.025051 0.005438 0.013612 0.000182 0.019632 0.000711 0.026309
0.071454
0.035704 1.000000 0.081340 0.389824 0.025051 0.003971 0.009996 0.000008 0.000000 0.000054 0.026309
0.071454
0.035704 1.000000 0.081336 0.389824 0.025051 0.005579 0.013940 0.000221 0.000000 0.000896 0.021924
0.071454
0.035704 1.000000 0.081335 0.389824 0.025051 0.003918 0.009485 0.000001 0.000000 0.000031 0.035078
0.071454
0.035705 1.000000 0.081338 0.389824 0.025051 0.005438 0.013609 0.000189 0.019632 0.000745 0.021924
0.071454
0.035705 1.000000 0.081337 0.389824 0.025051 0.003913 0.009475 0.000002 0.000000 0.000030 0.030693
0.071454
0.035705 1.000000 0.081338 0.389824 0.025051 0.005439 0.013616 0.000182 0.000000 0.000723 0.021924
0.071454
0.035704 1.000000 0.081338 0.389824 0.025051 0.004086 0.009623 0.000019 0.000000 0.000092 0.026309
0.071454
0.035705 1.000000 0.081338 0.389824 0.025051 0.005578 0.013852 0.000223 0.019632 0.000910 0.026309
0.071454
0.035704 1.000000 0.081335 0.389824 0.025051 0.003923 0.009502 0.000002 0.000000 0.000031 0.026309
0.071454
0.035704 1.000000 0.081338 0.389824 0.025051 0.005445 0.013604 0.000181 0.000000 0.000704 0.026309
0.071454
0.035704 1.000000 0.081336 0.389824 0.025051 0.003917 0.009483 0.000002 0.000000 0.000033 0.030693
0.071454
0.035704 1.000000 0.081336 0.389824 0.025051 0.005437 0.013600 0.000181 0.019632 0.000721 0.026309
0.071454
0.035704 1.000000 0.081335 0.389824 0.025051 0.003912 0.009471 0.000001 0.000000 0.000031 0.035078
0.071454
0.035705 1.000000 0.081343 0.389824 0.025051 0.005613 0.013589 0.000246 0.000000 0.000935 0.017539
0.071454
0.035704 1.000000 0.081337 0.389824 0.025051 0.003925 0.009503 0.000003 0.000000 0.000030 0.026309
0.071454
0.035704 1.000000 0.081337 0.389824 0.025051 0.005442 0.013592 0.000192 0.000000 0.000753 0.021924
0.071454
0.035704 1.000000 0.081335 0.389824 0.025051 0.003912 0.009472 0.000001 0.000000 0.000029 0.030693
0.071454
0.035705 1.000000 0.081339 0.389824 0.025051 0.005439 0.013598 0.000190 0.000000 0.000740 0.021924
0.071454
0.035704 1.000000 0.081335 0.389824 0.025051 0.003909 0.009464 0.000003 0.000000 0.000034 0.030693
0.071454
0.035705 1.000000 0.081339 0.389824 0.025051 0.005788 0.013927 0.000351 0.000000 0.001255 0.017539
0.071454
0.035704 1.000000 0.081336 0.389824 0.025051 0.003927 0.009526 0.000000 0.000000 0.000027 0.035078
0.071454
0.035704 1.000000 0.081337 0.389824 0.025051 0.005449 0.013607 0.000181 0.000000 0.000708 0.026309
0.071454
0.035704 1.000000 0.081335 0.389824 0.025051 0.003912 0.009473 0.000001 0.000000 0.000031 0.030693
0.071454
0.035705 1.000000 0.081339 0.389824 0.025051 0.005437 0.013620 0.000187 0.019632 0.000715 0.030693
0.071454
0.035704 1.000000 0.081335 0.389824 0.025051 0.003912 0.009473 0.000000 0.000000 0.000025 0.030693
0.071454
0.035705 1.000000 0.081338 0.389824 0.025051 0.005440 0.013618 0.000186 0.000000 0.000739 0.026309
0.071454
0.035704 1.000000 0.081339 0.389824 0.025051 0.003971 0.010001 0.000008 0.000000 0.000057 0.030693
0.071454
0.035704 1.000000 0.081338 0.389824 0.025051 0.005575 0.013927 0.000250 0.000000 0.001000 0.017539
0.071454
0.035704 1.000000 0.081336 0.389824 0.025051 0.003921 0.009492 0.000001 0.000000 0.000029 0.035078
0.071454
0.035704 1.000000 0.081339 0.389824 0.025051 0.005445 0.013621 0.000176 0.019632 0.000705 0.021924
0.071454
0.035704 1.000000 0.081338 0.389824 0.025051 0.003917 0.009481 0.000002 0.000000 0.000032 0.030693
0.071454
0.035705 1.000000 0.081339 0.389824 0.025051 0.005442 0.013607 0.000179 0.019632 0.000718 0.026309
0.071454
0.035705 1.000000 0.081339 0.389824 0.024619 0.004023 0.010103 0.000009 0.000000 0.000055 0.021924
0.071454
0.035705 1.000000 0.081338 0.389823 0.023756 0.005606 0.013540 0.000247 0.000000 0.000955 0.021924
0.071454
0.035704 1.000000 0.081335 0.389823 0.023324 0.003926 0.009517 0.000003 0.000000 0.000033 0.030694
0.071454
0.035704 1.000000 0.081337 0.389823 0.023324 0.005444 0.013600 0.000183 0.000000 0.000720 0.030694
0.071454
0.035704 1.000000 0.081333 0.389823 0.023324 0.003918 0.009485 0.000004 0.000000 0.000035 0.052618
0.071454
0.035705 1.000000 0.081337 0.389823 0.023756 0.005441 0.013624 0.000181 0.000000 0.000711 0.043848
0.071454
0.035704 1.000000 0.081336 0.389824 0.025051 0.003913 0.009481 0.000005 0.000000 0.000040 0.026309
0.071454
0.035705 1.000000 0.081341 0.389824 0.025051 0.005622 0.013613 0.000231 0.000000 0.000925 0.017539
0.071454
0.035704 1.000000 0.081335 0.389824 0.025051 0.003925 0.009513 0.000002 0.000000 0.000035 0.035078
0.071454
0.035705 1.000000 0.081338 0.389824 0.025051 0.005451 0.013606 0.000183 0.019632 0.000721 0.021924
0.071454
0.035704 1.000000 0.081336 0.389824 0.025051 0.003918 0.009481 0.000001 0.019632 0.000030 0.030693
0.071454
0.035704 1.000000 0.081337 0.389824 0.025051 0.005433 0.013607 0.000195 0.019632 0.000760 0.021924
0.071454
0.035704 1.000000 0.081335 0.389824 0.025051 0.003911 0.009469 0.000001 0.000000 0.000026 0.035078
0.071454
0.035706 1.000000 0.081340 0.389824 0.025051 0.005573 0.013465 0.000244 0.000000 0.000930 0.017539
0.071454
0.035704 1.000000 0.081337 0.389824 0.025051 0.003974 0.010006 0.000004 0.000000 0.000044 0.035078
0.071454
0.035706 1.000000 0.081339 0.389824 0.025051 0.005460 0.013630 0.000183 0.019632 0.000734 0.021924
0.071454
0.035704 1.000000 0.081337 0.389824 0.025051 0.003922 0.009495 0.000003 0.000000 0.000031 0.026309
0.071454
0.035705 1.000000 0.081340 0.389824 0.025051 0.005440 0.013605 0.000186 0.000000 0.000722 0.035078
0.071454
0.035704 1.000000 0.081335 0.389824 0.025051 0.003910 0.009466 0.000001 0.000000 0.000026 0.030693
0.071454
0.035705 1.000000 0.081338 0.389824 0.025051 0.005441 0.013605 0.000183 0.019632 0.000721 0.021924
0.071454
0.035704 1.000000 0.081340 0.389824 0.025051 0.003971 0.010000 0.000009 0.000000 0.000056 0.021924
0.071454
0.035704 1.000000 0.081338 0.389824 0.025051 0.005579 0.013929 0.000225 0.000000 0.000917 0.017539
0.071454
0.035704 1.000000 0.081336 0.389824 0.025051 0.003919 0.009485 0.000002 0.019632 0.000030 0.030693
0.071454
0.035704 1.000000 0.081338 0.389824 0.025051 0.005442 0.013590 0.000184 0.000000 0.000708 0.026309
0.071454
0.035704 1.000000 0.081336 0.389824 0.025051 0.003911 0.009471 0.000001 0.000000 0.000031 0.035078
0.071454
0.035705 1.000000 0.081339 0.389824 0.025051 0.005441 0.013610 0.000188 0.000000 0.000730 0.021924
0.071454
0.035706 1.000000 0.081339 0.389824 0.025051 0.004023 0.010097 0.000010 0.000000 0.000059 0.021924
0.071454
0.035705 1.000000 0.081339 0.389824 0.025051 0.005605 0.013553 0.000235 0.000000 0.000911 0.017539
0.071454
0.035704 1.000000 0.081336 0.389824 0.025051 0.003928 0.009521 0.000004 0.000000 0.000035 0.030693
0.071454
0.035706 1.000000 0.081339 0.389824 0.025051 0.005443 0.013596 0.000188 0.000000 0.000729 0.035078
0.071454
0.035704 1.000000 0.081336 0.389824 0.025051 0.003912 0.009474 0.000002 0.000000 0.000032 0.026309
0.071454
0.035704 1.000000 0.081337 0.389824 0.025051 0.005439 0.013625 0.000173 0.000000 0.000672 0.021924
0.071454
0.035704 1.000000 0.081336 0.389824 0.025051 0.003908 0.009460 0.000005 0.000000 0.000038 0.030693
0.071454
0.035705 1.000000 0.081342 0.389824 0.025051 0.005619 0.013595 0.000232 0.019632 0.000929 0.021924
0.071454
0.035704 1.000000 0.081336 0.389824 0.025051 0.003928 0.009517 0.000000 0.000000 0.000030 0.035078
0.071454
0.035705 1.000000 0.081339 0.389824 0.025051 0.005448 0.013606 0.000177 0.000000 0.000721 0.026309
0.071454
0.035704 1.000000 0.081336 0.389824 0.025051 0.003913 0.009472 0.000002 0.019632 0.000028 0.030693
0.071454
0.035705 1.000000 0.081339 0.389824 0.025051 0.005443 0.013614 0.000176 0.000000 0.000681 0.021924
0.071454
0.035704 1.000000 0.081336 0.389824 0.025051 0.003912 0.009472 0.000002 0.000000 0.000032 0.035078
0.071454
0.035706 1.000000 0.081341 0.389824 0.025051 0.005574 0.013471 0.000235 0.000000 0.000900 0.017539
0.071454
0.035705 1.000000 0.081339 0.389824 0.025051 0.003974 0.010009 0.000005 0.000000 0.000043 0.030693
0.071454
0.035705 1.000000 0.081340 0.389824 0.025051 0.005472 0.013630 0.000194 0.000000 0.000775 0.021924
0.071454
0.035704 1.000000 0.081337 0.389824 0.025051 0.003919 0.009485 0.000002 0.000000 0.000029 0.026309
0.071454
0.035704 1.000000 0.081338 0.389824 0.025051 0.005444 0.013617 0.000176 0.000000 0.000703 0.026309
0.071454
0.035704 1.000000 0.081335 0.389824 0.025051 0.003913 0.009474 0.000003 0.019632 0.000034 0.030693
0.071454
0.035704 1.000000 0.081338 0.389824 0.025051 0.005441 0.013618 0.000186 0.000000 0.000730 0.017539
0.071454
0.035705 1.000000 0.081341 0.389824 0.025051 0.003971 0.009997 0.000008 0.000000 0.000055 0.035078
0.071454
0.035705 1.000000 0.081338 0.389824 0.025051 0.005579 0.013935 0.000230 0.000000 0.000934 0.021924
0.071454
0.035704 1.000000 0.081336 0.389824 0.025051 0.003924 0.009503 0.000000 0.000000 0.000025 0.030693
0.071454
0.035705 1.000000 0.081337 0.389824 0.025051 0.005442 0.013600 0.000189 0.000000 0.000739 0.021924
0.071454
0.035704 1.000000 0.081337 0.389824 0.025051 0.003915 0.009477 0.000001 0.000000 0.000026 0.035078
0.071454
0.035705 1.000000 0.081339 0.389824 0.025051 0.005438 0.013605 0.000183 0.000000 0.000717 0.035078
0.071454
0.035704 1.000000 0.081339 0.389824 0.025051 0.004023 0.010102 0.000008 0.000000 0.000055 0.035078
0.071454
0.035706 1.000000 0.081342 0.389824 0.025051 0.005613 0.013582 0.000240 0.000000 0.000944 0.035078
0.071454
0.035704 1.000000 0.081335 0.389824 0.025051 0.003928 0.009524 0.000004 0.000000 0.000031 0.048233
0.071454
0.035705 1.000000 0.081339 0.389824 0.025051 0.005442 0.013587 0.000202 0.019632 0.000777 0.026309
0.071454
0.035704 1.000000 0.081336 0.389824 0.025051 0.003911 0.009473 0.000013 0.000000 0.000058 0.030693
0.071454
0.035705 1.000000 0.081338 0.389824 0.025051 0.005437 0.013605 0.000187 0.019632 0.000736 0.026309
0.071454
0.035705 1.000000 0.081337 0.389824 0.025051 0.003914 0.009476 0.000003 0.000000 0.000032 0.035078
0.071454
0.035705 1.000000 0.081340 0.389824 0.025051 0.005616 0.013588 0.000225 0.000000 0.000886 0.030693
0.071454
0.035704 1.000000 0.081336 0.389824 0.025051 0.003929 0.009529 0.000002 0.000000 0.000033 0.026309
0.071454
0.035705 1.000000 0.081338 0.389824 0.025051 0.005450 0.013602 0.000179 0.019632 0.000704 0.030693
0.071454
0.035704 1.000000 0.081336 0.389824 0.025051 0.003911 0.009470 0.000003 0.000000 0.000031 0.035078
0.071454
0.035704 1.000000 0.081338 0.389824 0.025051 0.005433 0.013612 0.000197 0.000000 0.000750 0.026309
0.071454
0.035704 1.000000 0.081335 0.389824 0.025051 0.003912 0.009472 0.000001 0.019632 0.000031 0.026309
0.071454
0.035706 1.000000 0.081341 0.389824 0.025051 0.005579 0.013479 0.000243 0.000000 0.000921 0.017539
0.071454
0.035704 1.000000 0.081336 0.389824 0.025051 0.003974 0.010008 0.000004 0.000000 0.000040 0.026309
0.071454
0.035704 1.000000 0.081338 0.389824 0.025051 0.005485 0.013643 0.000192 0.019632 0.000768 0.030693
0.071454
0.035704 1.000000 0.081334 0.389824 0.025051 0.003921 0.009492 0.000001 0.000000 0.000029 0.030693
0.071454
0.035705 1.000000 0.081338 0.389824 0.025051 0.005444 0.013603 0.000180 0.000000 0.000699 0.017539
0.071454
0.035704 1.000000 0.081336 0.389824 0.025051 0.003915 0.009480 0.000002 0.000000 0.000031 0.035078
0.071454
0.035705 1.000000 0.081339 0.389824 0.025051 0.005436 0.013618 0.000182 0.000000 0.000706 0.021924
0.071454
0.035704 1.000000 0.081341 0.389824 0.025051 0.003970 0.009994 0.000011 0.000000 0.000058 0.026309
0.071454
0.035704 1.000000 0.081337 0.389824 0.024619 0.005586 0.013963 0.000238 0.019632 0.000941 0.026309
0.071454
0.035704 1.000000 0.081335 0.389823 0.023324 0.003923 0.009502 0.000000 0.000000 0.000030 0.035079
0.071454
0.035704 1.000000 0.081336 0.389823 0.023324 0.005439 0.013584 0.000193 0.000000 0.000752 0.017539
0.071454
0.035704 1.000000 0.081334 0.389823 0.023324 0.003912 0.009473 0.000002 0.000000 0.000033 0.035079
0.071454
0.035704 1.000000 0.081335 0.389823 0.023324 0.005437 0.013610 0.000193 0.000000 0.000739 0.021924
0.071454
0.035706 1.000000 0.081339 0.389823 0.023756 0.004022 0.010094 0.000010 0.000000 0.000056 0.021924
0.071454
0.035705 1.000000 0.081339 0.389824 0.025051 0.005612 0.013569 0.000234 0.000000 0.000917 0.021924
0.071454
0.035704 1.000000 0.081337 0.389824 0.025051 0.003928 0.009516 0.000001 0.000000 0.000030 0.030693
0.071454
0.035705 1.000000 0.081338 0.389824 0.025051 0.005442 0.013609 0.000189 0.000000 0.000734 0.026309
0.071454
0.035704 1.000000 0.081336 0.389824 0.025051 0.003914 0.009472 0.000001 0.000000 0.000027 0.030693
0.071454
0.035705 1.000000 0.081338 0.389824 0.025051 0.005446 0.013614 0.000180 0.019632 0.000702 0.026309
0.071454
0.035705 1.000000 0.081337 0.389824 0.025051 0.003911 0.009469 0.000002 0.000000 0.000031 0.030693
0.071454
0.035705 1.000000 0.081340 0.389824 0.025051 0.005620 0.013609 0.000229 0.019632 0.000906 0.021924
0.071454
0.035704 1.000000 0.081336 0.389824 0.025051 0.003927 0.009522 0.000003 0.019632 0.000031 0.030693
0.071454
0.035705 1.000000 0.081341 0.389824 0.025051 0.005450 0.013602 0.000186 0.000000 0.000726 0.026309
0.071454
0.035704 1.000000 0.081336 0.389824 0.025051 0.003912 0.009475 0.000004 0.000000 0.000033 0.035078
0.071454
0.035706 1.000000 0.081338 0.389824 0.025051 0.005444 0.013608 0.000179 0.000000 0.000701 0.021924
0.071454
0.035704 1.000000 0.081337 0.389824 0.025051 0.003912 0.009476 0.000002 0.000000 0.000035 0.035078
0.071454
0.035705 1.000000 0.081341 0.389824 0.025051 0.005575 0.013477 0.000246 0.000000 0.000929 0.021924
0.071454
0.035704 1.000000 0.081336 0.389824 0.025051 0.003972 0.010005 0.000004 0.000000 0.000045 0.030693
0.071454
0.035704 1.000000 0.081338 0.389824 0.025051 0.005462 0.013606 0.000189 0.019632 0.000758 0.021924
0.071454
0.035704 1.000000 0.081335 0.389824 0.025051 0.003918 0.009483 0.000002 0.019632 0.000031 0.026309
0.071454
0.035705 1.000000 0.081337 0.389824 0.025051 0.005451 0.013618 0.000163 0.000000 0.000647 0.021924
0.071454
0.035705 1.000000 0.081337 0.389824 0.025051 0.003913 0.009473 0.000003 0.000000 0.000031 0.026309
0.071454
0.035705 1.000000 0.081339 0.389824 0.025051 0.005443 0.013618 0.000181 0.019632 0.000732 0.026309
0.071454
0.035705 1.000000 0.081340 0.389824 0.025051 0.003971 0.009997 0.000008 0.000000 0.000054 0.026309
0.071454
0.035706 1.000000 0.081340 0.389824 0.025051 0.005590 0.013982 0.000214 0.000000 0.000879 0.026309
0.071454
0.035705 1.000000 0.081337 0.389824 0.025051 0.003921 0.009495 0.000002 0.000000 0.000031 0.035078
0.071454
0.035704 1.000000 0.081337 0.389824 0.025051 0.005439 0.013569 0.000197 0.000000 0.000745 0.021924
0.071454
0.035704 1.000000 0.081336 0.389824 0.025051 0.003911 0.009474 0.000002 0.000000 0.000033 0.035078
0.071454
0.035704 1.000000 0.081337 0.389824 0.025051 0.005441 0.013619 0.000180 0.000000 0.000702 0.026309
0.071454
0.035704 1.000000 0.081339 0.389824 0.025051 0.004024 0.010093 0.000008 0.000000 0.000054 0.039463
0.071454
0.035705 1.000000 0.081338 0.389824 0.025051 0.005613 0.013580 0.000251 0.000000 0.000953 0.043848
0.071454
0.035705 1.000000 0.081337 0.389824 0.025051 0.003926 0.009526 0.000006 0.000000 0.000044 0.035078
0.071454
0.035704 1.000000 0.081338 0.389824 0.025051 0.005449 0.013610 0.000175 0.000000 0.000697 0.026309
0.071454
0.035704 1.000000 0.081335 0.389824 0.025051 0.003913 0.009476 0.000002 0.000000 0.000030 0.030693
0.071454
0.035705 1.000000 0.081338 0.389824 0.025051 0.005436 0.013601 0.000200 0.000000 0.000771 0.021924
0.071454
0.035704 1.000000 0.081338 0.389824 0.025051 0.003910 0.009469 0.000001 0.000000 0.000025 0.035078
0.071454
0.035705 1.000000 0.081341 0.389824 0.025051 0.005609 0.013562 0.000243 0.000000 0.000927 0.017539
0.071454
0.035704 1.000000 0.081336 0.389824 0.025051 0.003926 0.009515 0.000004 0.000000 0.000038 0.030693
0.071454
0.035705 1.000000 0.081338 0.389824 0.025051 0.005450 0.013602 0.000182 0.000000 0.000704 0.021924
0.071454
0.035704 1.000000 0.081337 0.389824 0.025051 0.003914 0.009476 0.000002 0.000000 0.000031 0.035078
0.071454
0.035705 1.000000 0.081338 0.389824 0.025051 0.005437 0.013607 0.000184 0.000000 0.000723 0.021924
0.071454
0.035704 1.000000 0.081336 0.389824 0.025051 0.003913 0.009477 0.000004 0.000000 0.000037 0.030693
0.071454
0.035706 1.000000 0.081341 0.389824 0.025051 0.005586 0.013511 0.000234 0.000000 0.000902 0.021924
0.071454
0.035704 1.000000 0.081337 0.389824 0.025051 0.003974 0.010006 0.000005 0.000000 0.000042 0.026309
0.071454
0.035705 1.000000 0.081339 0.389824 0.025051 0.005460 0.013608 0.000187 0.000000 0.000729 0.035078
0.071454
0.035704 1.000000 0.081335 0.389824 0.025051 0.003921 0.009494 0.000001 0.000000 0.000029 0.035078
0.071454
0.035704 1.000000 0.081337 0.389824 0.025051 0.005442 0.013602 0.000179 0.000000 0.000720 0.021924
0.071454
0.035704 1.000000 0.081337 0.389824 0.025051 0.003912 0.009473 0.000001 0.000000 0.000028 0.030693
0.071454
0.035705 1.000000 0.081338 0.389824 0.025051 0.005443 0.013612 0.000184 0.000000 0.000688 0.030693
0.071454
0.035705 1.000000 0.081338 0.389824 0.025051 0.003971 0.010001 0.000009 0.019632 0.000048 0.021924
0.071454
0.035705 1.000000 0.081339 0.389824 0.025051 0.005572 0.013910 0.000234 0.019632 0.000921 0.026309
0.071454
0.035704 1.000000 0.081336 0.389824 0.025051 0.003920 0.009492 0.000002 0.000000 0.000028 0.035078
0.071454
0.035705 1.000000 0.081339 0.389824 0.025051 0.005445 0.013595 0.000190 0.000000 0.000738 0.030693
0.071454
0.035704 1.000000 0.081336 0.389824 0.025051 0.003913 0.009474 0.000002 0.000000 0.000030 0.035078
0.071454
0.035705 1.000000 0.081339 0.389824 0.025051 0.005441 0.013617 0.000186 0.000000 0.000715 0.017539
0.071454
0.035705 1.000000 0.081339 0.389824 0.025051 0.004024 0.010085 0.000009 0.000000 0.000058 0.021924
0.071454
0.035705 1.000000 0.081337 0.389824 0.025051 0.005618 0.013598 0.000230 0.000000 0.000894 0.021924
0.071454
0.035704 1.000000 0.081337 0.389824 0.025051 0.003926 0.009514 0.000001 0.019632 0.000030 0.030693
0.071454
0.035704 1.000000 0.081337 0.389824 0.025051 0.005442 0.013586 0.000187 0.019632 0.000714 0.030693
0.071454
0.035704 1.000000 0.081335 0.389824 0.025051 0.003911 0.009470 0.000001 0.019632 0.000029 0.026309
0.071454
0.035705 1.000000 0.081338 0.389824 0.025051 0.005443 0.013621 0.000176 0.000000 0.000687 0.026309
0.071454
0.035704 1.000000 0.081335 0.389824 0.025051 0.003911 0.009470 0.000002 0.000000 0.000029 0.026309
0.071454
0.035706 1.000000 0.081344 0.389824 0.025051 0.005613 0.013576 0.000244 0.000000 0.000973 0.021924
0.071454
0.035704 1.000000 0.081338 0.389824 0.025051 0.003929 0.009522 0.000001 0.019632 0.000032 0.026309
0.071454
0.035704 1.000000 0.081338 0.389824 0.025051 0.005441 0.013566 0.000193 0.000000 0.000761 0.030693
0.071454
0.035704 1.000000 0.081336 0.389824 0.025051 0.003918 0.009483 0.000001 0.000000 0.000031 0.035078
0.071454
0.035705 1.000000 0.081337 0.389824 0.025051 0.005444 0.013645 0.000167 0.000000 0.000687 0.021924
0.071454
0.035704 1.000000 0.081336 0.389824 0.025051 0.003910 0.009466 0.000002 0.000000 0.000025 0.030693
0.071454
0.035706 1.000000 0.081342 0.389824 0.025051 0.005572 0.013485 0.000231 0.000000 0.000888 0.017539
0.071454
0.035705 1.000000 0.081336 0.389824 0.025051 0.003971 0.010002 0.000004 0.000000 0.000040 0.026309
0.071454
0.035705 1.000000 0.081339 0.389824 0.024619 0.005472 0.013635 0.000185 0.000000 0.000757 0.035078
0.071454
0.035704 1.000000 0.081333 0.389823 0.023324 0.003920 0.009486 0.000001 0.000000 0.000026 0.035079
0.071454
0.035704 1.000000 0.081336 0.389823 0.023324 0.005440 0.013600 0.000191 0.019632 0.000749 0.026309
0.071454
0.035704 1.000000 0.081334 0.389823 0.023324 0.003913 0.009474 0.000002 0.000000 0.000033 0.030694
0.071454
0.035704 1.000000 0.081335 0.389823 0.023324 0.005433 0.013611 0.000189 0.000000 0.000725 0.021924
0.071454
0.035704 1.000000 0.081338 0.389823 0.023324 0.003968 0.009983 0.000006 0.000000 0.000048 0.030694
0.071454
0.035704 1.000000 0.081338 0.389823 0.023756 0.005595 0.014001 0.000205 0.000000 0.000852 0.030694
0.071454
0.035704 1.000000 0.081336 0.389824 0.025051 0.003927 0.009506 0.000001 0.000000 0.000029 0.030693
0.071454
0.035705 1.000000 0.081336 0.389824 0.025051 0.005438 0.013580 0.000197 0.000000 0.000765 0.017539
0.071454
0.035704 1.000000 0.081337 0.389824 0.025051 0.003918 0.009483 0.000003 0.000000 0.000034 0.026309
0.071454
0.035704 1.000000 0.081338 0.389824 0.025051 0.005438 0.013603 0.000193 0.000000 0.000729 0.039463
0.071454
0.035704 1.000000 0.081339 0.389824 0.025051 0.004017 0.010119 0.000014 0.000000 0.000071 0.052617
0.071454
0.035704 1.000000 0.081341 0.389824 0.025051 0.005617 0.013592 0.000239 0.000000 0.000908 0.021924
0.071454
0.035704 1.000000 0.081336 0.389824 0.025051 0.003926 0.009517 0.000002 0.000000 0.000031 0.035078
0.071454
0.062495 1.000000 0.081352 0.389837 0.041248 0.011726 0.029111 0.000179 0.000000 0.000683 0.017537
0.071454
0.071423 0.333333 0.081353 0.389841 0.046215 0.008012 0.019695 0.000008 0.000000 0.000051 0.000000
0.107246
0.071426 0.333333 0.081357 0.389841 0.046215 0.011742 0.029119 0.000177 0.000000 0.000682 0.000000
0.107246
0.071423 0.333333 0.081353 0.389841 0.046215 0.008021 0.019694 0.000008 0.000000 0.000055 0.000000
0.107246
0.071426 0.333333 0.081360 0.389841 0.045783 0.011718 0.028979 0.000195 0.000000 0.000725 0.000000
0.107246
0.071421 0.333333 0.081352 0.389840 0.044920 0.007991 0.019723 0.000008 0.000000 0.000049 0.000000
0.107246
0.071425 0.333333 0.081357 0.389841 0.046215 0.011745 0.029119 0.000181 0.000000 0.000656 0.000000
0.107246
0.071423 0.333333 0.081355 0.389841 0.046215 0.008012 0.019698 0.000010 0.000000 0.000062 0.000000
0.107246
0.071425 0.333333 0.081356 0.389841 0.046215 0.011735 0.029106 0.000190 0.000000 0.000706 0.000000
0.107246
0.071424 0.333333 0.081354 0.389841 0.046215 0.008027 0.019689 0.000010 0.000000 0.000066 0.000000
0.107246
0.071426 0.333333 0.081358 0.389841 0.046215 0.011622 0.028874 0.000184 0.000000 0.000693 0.000000
0.107246
0.071423 0.333333 0.081356 0.389840 0.044920 0.007888 0.019553 0.000014 0.000000 0.000075 0.000000
0.107246
0.071425 0.333333 0.081359 0.389841 0.046215 0.011621 0.028693 0.000177 0.000000 0.000658 0.000000
0.107246
0.071424 0.333333 0.081355 0.389841 0.046215 0.007999 0.019706 0.000007 0.000000 0.000057 0.000000
0.107246
0.071425 0.333333 0.081356 0.389841 0.046215 0.011740 0.029112 0.000189 0.000000 0.000694 0.000000
0.107246
0.071423 0.333333 0.081354 0.389841 0.046215 0.008005 0.019691 0.000013 0.000000 0.000070 0.000000
0.107246
0.071425 0.333333 0.081357 0.389841 0.046215 0.011734 0.029100 0.000197 0.000000 0.000744 0.000000
0.107246
0.071424 0.333333 0.081356 0.389840 0.044920 0.007890 0.019553 0.000020 0.000000 0.000092 0.000000
0.107246
0.071424 0.333333 0.081356 0.389841 0.046215 0.011633 0.028755 0.000181 0.000000 0.000685 0.000000
0.107246
0.071424 0.333333 0.081354 0.389841 0.046215 0.008001 0.019712 0.000008 0.000000 0.000058 0.000000
0.107246
0.071425 0.333333 0.081356 0.389841 0.046215 0.011729 0.029110 0.000184 0.000000 0.000701 0.000000
0.107246
0.071424 0.333333 0.081355 0.389841 0.046215 0.008017 0.019695 0.000009 0.000000 0.000055 0.000000
0.107246
0.071424 0.333333 0.081356 0.389841 0.046215 0.011742 0.029113 0.000191 0.000000 0.000716 0.000000
0.107246
0.071423 0.333333 0.081356 0.389840 0.044920 0.008000 0.019340 0.000022 0.000000 0.000097 0.000000
0.107246
0.071425 0.333333 0.081359 0.389841 0.046215 0.011708 0.028967 0.000188 0.000000 0.000702 0.000000
0.107246
0.071424 0.333333 0.081355 0.389841 0.046215 0.007998 0.019725 0.000010 0.000000 0.000060 0.000000
0.107246
0.071425 0.333333 0.081356 0.389841 0.046215 0.011737 0.029087 0.000191 0.000000 0.000717 0.000000
0.107246
0.071423 0.333333 0.081353 0.389841 0.046215 0.008013 0.019695 0.000008 0.000000 0.000053 0.000000
0.107246
0.071425 0.333333 0.081358 0.389841 0.046215 0.011743 0.029115 0.000173 0.000000 0.000639 0.000000
0.107246
0.071422 0.333333 0.081351 0.389840 0.044920 0.008015 0.019693 0.000008 0.000000 0.000060 0.000000
0.107246
0.071426 0.333333 0.081359 0.389841 0.045783 0.011688 0.028950 0.000196 0.000000 0.000714 0.000000
0.107246
0.071424 0.333333 0.081355 0.389841 0.046215 0.007988 0.019730 0.000009 0.000000 0.000062 0.000000
0.107246
0.071425 0.333333 0.081357 0.389841 0.046215 0.011748 0.029140 0.000180 0.000000 0.000682 0.000000
0.107246
0.071424 0.333333 0.081354 0.389841 0.046215 0.008022 0.019688 0.000010 0.000000 0.000063 0.000000
0.107246
0.071424 0.333333 0.081358 0.389841 0.046215 0.011744 0.029130 0.000182 0.000000 0.000687 0.000000
0.107246
0.071422 0.333333 0.081353 0.389840 0.044920 0.008019 0.019688 0.000009 0.000000 0.000059 0.000000
0.107246
0.071426 0.333333 0.081357 0.389841 0.045783 0.011595 0.028887 0.000189 0.000000 0.000693 0.000000
0.107246
0.071424 0.333333 0.081357 0.389841 0.046215 0.007892 0.019559 0.000020 0.000000 0.000094 0.000000
0.107246
0.071425 0.333333 0.081356 0.389841 0.046215 0.011629 0.028718 0.000179 0.000000 0.000660 0.000000
0.107246
0.071424 0.333333 0.081354 0.389841 0.046215 0.008003 0.019704 0.000006 0.000000 0.000047 0.000000
0.107246
0.071424 0.333333 0.081356 0.389841 0.046215 0.011743 0.029128 0.000179 0.000000 0.000694 0.000000
0.107246
0.071423 0.333333 0.081353 0.389840 0.045351 0.008006 0.019694 0.000011 0.000000 0.000065 0.000000
0.107246
0.071424 0.333333 0.081356 0.389841 0.045783 0.011744 0.029128 0.000182 0.000000 0.000671 0.000000
0.107246
0.071424 0.333333 0.081357 0.389841 0.046215 0.007888 0.019549 0.000019 0.000000 0.000093 0.000000
0.107246
0.071424 0.333333 0.081356 0.389841 0.046215 0.011617 0.028677 0.000183 0.000000 0.000682 0.000000
0.107246
0.071424 0.333333 0.081354 0.389841 0.046215 0.008016 0.019713 0.000007 0.000000 0.000046 0.017536
0.107246
0.071426 0.333333 0.081358 0.389841 0.046215 0.011743 0.029123 0.000193 0.000000 0.000717 0.017536
0.107246
0.071423 0.333333 0.081353 0.389840 0.045351 0.008013 0.019698 0.000017 0.000000 0.000085 0.017536
0.107246
0.071425 0.333333 0.081357 0.389841 0.045783 0.011741 0.029117 0.000193 0.000000 0.000721 0.000000
0.107246
0.071425 0.333333 0.081357 0.389841 0.046215 0.008011 0.019309 0.000016 0.000000 0.000084 0.000000
0.107246
0.071426 0.333333 0.081359 0.389841 0.046215 0.011687 0.028899 0.000200 0.000000 0.000728 0.000000
0.107246
0.071424 0.333333 0.081355 0.389841 0.046215 0.007987 0.019725 0.000009 0.000000 0.000063 0.000000
0.107246
0.071426 0.333333 0.081357 0.389841 0.046215 0.011743 0.029130 0.000177 0.000000 0.000655 0.000000
0.107246
0.071423 0.333333 0.081354 0.389841 0.045783 0.008009 0.019690 0.000008 0.000000 0.000054 0.000000
0.107246
0.071423 0.333333 0.081355 0.389840 0.045351 0.011730 0.029096 0.000175 0.000000 0.000654 0.000000
0.107246
0.071424 0.333333 0.081354 0.389841 0.046215 0.008028 0.019689 0.000010 0.000000 0.000063 0.000000
0.107246
0.071426 0.333333 0.081361 0.389841 0.046215 0.011679 0.028968 0.000211 0.000000 0.000765 0.000000
0.107246
0.071424 0.333333 0.081354 0.389841 0.046215 0.008000 0.019720 0.000009 0.000000 0.000059 0.000000
0.107246
0.071425 0.333333 0.081356 0.389841 0.046215 0.011743 0.029131 0.000175 0.000000 0.000656 0.000000
0.107246
0.071423 0.333333 0.081354 0.389841 0.045783 0.008019 0.019700 0.000007 0.000000 0.000051 0.000000
0.107246
0.071422 0.333333 0.081354 0.389840 0.044920 0.011745 0.029132 0.000181 0.000000 0.000681 0.000000
0.107246
0.071423 0.333333 0.081354 0.389841 0.046215 0.008025 0.019693 0.000007 0.000000 0.000057 0.000000
0.107246
0.071426 0.333333 0.081357 0.389841 0.046215 0.011597 0.028866 0.000199 0.000000 0.000736 0.000000
0.107246
0.071424 0.333333 0.081356 0.389841 0.046215 0.007883 0.019535 0.000015 0.000000 0.000084 0.000000
0.107246
0.071425 0.333333 0.081358 0.389841 0.046215 0.011645 0.028788 0.000171 0.000000 0.000659 0.000000
0.107246
0.071424 0.333333 0.081354 0.389841 0.045783 0.008009 0.019702 0.000010 0.000000 0.000054 0.000000
0.107246
0.071422 0.333333 0.081354 0.389840 0.044920 0.011727 0.029104 0.000184 0.000000 0.000690 0.000000
0.107246
0.071424 0.333333 0.081354 0.389841 0.046215 0.008003 0.019691 0.000008 0.000000 0.000059 0.000000
0.107246
0.071425 0.333333 0.081356 0.389841 0.046215 0.011721 0.029041 0.000177 0.000000 0.000648 0.000000
0.107246
0.071424 0.333333 0.081356 0.389841 0.046215 0.007889 0.019565 0.000020 0.000000 0.000097 0.000000
0.107246
0.071424 0.333333 0.081357 0.389841 0.046215 0.011634 0.028732 0.000185 0.000000 0.000700 0.000000
0.107246
0.071424 0.333333 0.081354 0.389841 0.046215 0.008004 0.019712 0.000008 0.000000 0.000052 0.000000
0.107246
0.071424 0.333333 0.081354 0.389840 0.044488 0.011737 0.029116 0.000188 0.000000 0.000706 0.000000
0.107246
0.071424 0.333333 0.081354 0.389841 0.046215 0.008021 0.019693 0.000009 0.000000 0.000065 0.000000
0.107246
0.071426 0.333333 0.081357 0.389841 0.046215 0.011726 0.029057 0.000179 0.000000 0.000665 0.000000
0.107246
0.071425 0.333333 0.081358 0.389841 0.046215 0.008011 0.019310 0.000017 0.000000 0.000083 0.000000
0.107246
0.071425 0.333333 0.081360 0.389841 0.046215 0.011683 0.028964 0.000205 0.000000 0.000740 0.000000
0.107246
0.071424 0.333333 0.081356 0.389841 0.046215 0.007981 0.019728 0.000013 0.000000 0.000075 0.000000
0.107246
0.071423 0.333333 0.081356 0.389840 0.044920 0.011733 0.029093 0.000195 0.000000 0.000710 0.000000
0.107246
0.071423 0.333333 0.081354 0.389841 0.046215 0.008009 0.019685 0.000008 0.000000 0.000052 0.000000
0.107246
0.071425 0.333333 0.081356 0.389841 0.046215 0.011744 0.029132 0.000182 0.000000 0.000690 0.000000
0.107246
0.071424 0.333333 0.081355 0.389841 0.046215 0.008025 0.019690 0.000009 0.000000 0.000054 0.000000
0.107246
0.071425 0.333333 0.081360 0.389841 0.046215 0.011690 0.028964 0.000200 0.000000 0.000748 0.000000
0.107246
0.071424 0.333333 0.081354 0.389841 0.046215 0.007989 0.019726 0.000008 0.000000 0.000059 0.000000
0.107246
0.071423 0.333333 0.081355 0.389840 0.044920 0.011718 0.029078 0.000177 0.000000 0.000669 0.000000
0.107246
0.071424 0.333333 0.081355 0.389841 0.045783 0.008005 0.019699 0.000010 0.000000 0.000060 0.000000
0.107246
0.071425 0.333333 0.081357 0.389841 0.046215 0.011715 0.029079 0.000187 0.000000 0.000704 0.000000
0.107246
0.071423 0.333333 0.081354 0.389841 0.046215 0.008021 0.019696 0.000007 0.000000 0.000051 0.000000
0.107246
0.071426 0.333333 0.081358 0.389841 0.046215 0.011587 0.028875 0.000205 0.000000 0.000757 0.000000
0.107246
0.071424 0.333333 0.081356 0.389841 0.046215 0.007894 0.019554 0.000018 0.000000 0.000091 0.000000
0.107246
0.071424 0.333333 0.081354 0.389840 0.044920 0.011642 0.028752 0.000172 0.000000 0.000653 0.000000
0.107246
0.071422 0.333333 0.081354 0.389841 0.045783 0.008008 0.019707 0.000010 0.000000 0.000065 0.000000
0.107246
0.071426 0.333333 0.081357 0.389841 0.046215 0.011738 0.029115 0.000189 0.000000 0.000714 0.000000
0.107246
0.071424 0.333333 0.081355 0.389841 0.046215 0.008011 0.019688 0.000008 0.000000 0.000054 0.000000
0.107246
0.071424 0.333333 0.081356 0.389841 0.046215 0.011747 0.029134 0.000169 0.000000 0.000643 0.000000
0.107246
0.071424 0.333333 0.081358 0.389841 0.046215 0.007890 0.019555 0.000024 0.000000 0.000107 0.008768
0.107246
0.071425 0.333333 0.081356 0.389840 0.045351 0.011639 0.028776 0.000199 0.019629 0.000749 0.013152
0.107246
0.071423 0.333333 0.081353 0.389841 0.045783 0.008003 0.019717 0.000016 0.019629 0.000072 0.013152
0.107246
0.071425 0.333333 0.081357 0.389841 0.046215 0.011734 0.029096 0.000191 0.000000 0.000713 0.000000
0.107246
0.071423 0.333333 0.081354 0.389841 0.046215 0.008008 0.019685 0.000011 0.000000 0.000067 0.000000
0.107246
0.071425 0.333333 0.081357 0.389841 0.046215 0.011737 0.029100 0.000188 0.000000 0.000725 0.000000
0.107246
0.071427 0.333333 0.081359 0.389841 0.046215 0.008008 0.019307 0.000017 0.000000 0.000085 0.000000
0.107246
0.071425 0.333333 0.081358 0.389840 0.045351 0.011698 0.028974 0.000189 0.000000 0.000714 0.000000
0.107246
0.071422 0.333333 0.081353 0.389841 0.045783 0.007996 0.019720 0.000005 0.000000 0.000051 0.000000
0.107246
0.071425 0.333333 0.081357 0.389841 0.046215 0.011753 0.029154 0.000177 0.000000 0.000656 0.000000
0.107246
0.071424 0.333333 0.081354 0.389841 0.046215 0.007999 0.019689 0.000008 0.000000 0.000056 0.000000
0.107246
0.071425 0.333333 0.081356 0.389841 0.046215 0.011698 0.029001 0.000179 0.000000 0.000678 0.000000
0.107246
0.071424 0.333333 0.081353 0.389841 0.046215 0.008007 0.019683 0.000009 0.000000 0.000051 0.000000
0.107246
0.071425 0.333333 0.081359 0.389841 0.045783 0.011654 0.028966 0.000201 0.000000 0.000720 0.000000
0.107246
0.071422 0.333333 0.081352 0.389840 0.045351 0.007990 0.019726 0.000007 0.000000 0.000051 0.000000
0.107246
0.071426 0.333333 0.081357 0.389841 0.046215 0.011712 0.029062 0.000190 0.000000 0.000691 0.000000
0.107246
0.071423 0.333333 0.081353 0.389841 0.046215 0.008002 0.019694 0.000012 0.000000 0.000072 0.000000
0.107246
0.071424 0.333333 0.081356 0.389841 0.046215 0.011723 0.029048 0.000182 0.000000 0.000672 0.000000
0.107246
0.071424 0.333333 0.081355 0.389841 0.046215 0.008013 0.019689 0.000013 0.000000 0.000074 0.000000
0.107246
0.071425 0.333333 0.081358 0.389841 0.045783 0.011581 0.028878 0.000193 0.000000 0.000684 0.000000
0.107246
0.071423 0.333333 0.081355 0.389840 0.044920 0.007881 0.019538 0.000014 0.000000 0.000078 0.000000
0.107246
0.071425 0.333333 0.081356 0.389841 0.046215 0.011654 0.028803 0.000187 0.000000 0.000729 0.000000
0.107246
0.071424 0.333333 0.081354 0.389841 0.046215 0.007992 0.019703 0.000013 0.000000 0.000076 0.000000
0.107246
0.071425 0.333333 0.081357 0.389841 0.046215 0.011737 0.029108 0.000187 0.000000 0.000692 0.000000
0.107246
0.071424 0.333333 0.081355 0.389841 0.046215 0.008014 0.019696 0.000008 0.000000 0.000058 0.000000
0.107246
0.071424 0.333333 0.081356 0.389841 0.046215 0.011739 0.029121 0.000174 0.000000 0.000648 0.000000
0.107246
0.071424 0.333333 0.081355 0.389840 0.044920 0.007886 0.019546 0.000019 0.000000 0.000091 0.000000
0.107246
0.071424 0.333333 0.081356 0.389841 0.046215 0.011631 0.028719 0.000187 0.000000 0.000716 0.000000
0.107246
0.071424 0.333333 0.081354 0.389841 0.046215 0.007996 0.019710 0.000009 0.000000 0.000054 0.000000
0.107246
0.071425 0.333333 0.081357 0.389841 0.046215 0.011730 0.029113 0.000178 0.000000 0.000657 0.000000
0.107246
0.071423 0.333333 0.081354 0.389841 0.046215 0.008010 0.019694 0.000008 0.000000 0.000060 0.000000
0.107246
0.071425 0.333333 0.081357 0.389841 0.046215 0.011712 0.029061 0.000183 0.000000 0.000697 0.000000
0.107246
0.071423 0.333333 0.081355 0.389840 0.044488 0.008004 0.019315 0.000020 0.000000 0.000095 0.000000
0.107246
0.071426 0.333333 0.081359 0.389841 0.046215 0.011682 0.028932 0.000197 0.000000 0.000735 0.000000
0.107246
0.071423 0.333333 0.081353 0.389841 0.046215 0.008009 0.019717 0.000008 0.000000 0.000054 0.000000
0.107246
0.071425 0.333333 0.081356 0.389841 0.046215 0.011727 0.029091 0.000173 0.000000 0.000654 0.000000
0.107246
0.071424 0.333333 0.081353 0.389841 0.046215 0.008003 0.019698 0.000011 0.000000 0.000066 0.000000
0.107246
0.071425 0.333333 0.081357 0.389841 0.046215 0.011731 0.029102 0.000165 0.000000 0.000605 0.000000
0.107246
0.071423 0.333333 0.081353 0.389840 0.044920 0.008016 0.019681 0.000011 0.000000 0.000063 0.000000
0.107246
0.071426 0.333333 0.081359 0.389841 0.045783 0.011714 0.028953 0.000193 0.000000 0.000693 0.000000
0.107246
0.071424 0.333333 0.081354 0.389841 0.046215 0.007998 0.019717 0.000006 0.000000 0.000049 0.000000
0.107246
0.071424 0.333333 0.081356 0.389841 0.046215 0.011734 0.029125 0.000168 0.000000 0.000634 0.000000
0.107246
0.071423 0.333333 0.081354 0.389841 0.046215 0.008003 0.019702 0.000010 0.000000 0.000063 0.000000
0.107246
0.071424 0.333333 0.081355 0.389841 0.046215 0.011733 0.029100 0.000186 0.000000 0.000701 0.000000
0.107246
0.071423 0.333333 0.081353 0.389840 0.044920 0.008018 0.019693 0.000012 0.000000 0.000067 0.000000
0.107246
0.071423 0.333333 0.081357 0.389841 0.045783 0.011593 0.028873 0.000200 0.000000 0.000720 0.000000
0.107246
0.071424 0.333333 0.081355 0.389841 0.046215 0.007891 0.019549 0.000015 0.000000 0.000091 0.000000
0.107246
0.071425 0.333333 0.081356 0.389841 0.046215 0.011644 0.028782 0.000188 0.000000 0.000707 0.000000
0.107246
0.071424 0.333333 0.081354 0.389841 0.046215 0.008003 0.019709 0.000010 0.000000 0.000056 0.000000
0.107246
0.071425 0.333333 0.081356 0.389841 0.046215 0.011727 0.029085 0.000189 0.000000 0.000711 0.000000
0.107246
0.071422 0.333333 0.081353 0.389840 0.045351 0.008019 0.019694 0.000009 0.000000 0.000056 0.017536
0.107246
0.071423 0.333333 0.081356 0.389841 0.045783 0.011731 0.029093 0.000199 0.000000 0.000722 0.013152
0.107246
0.071424 0.333333 0.081356 0.389841 0.046215 0.007882 0.019550 0.000032 0.000000 0.000129 0.017536
0.107246
0.071425 0.333333 0.081357 0.389841 0.046215 0.011629 0.028714 0.000187 0.000000 0.000696 0.000000
0.107246
0.071424 0.333333 0.081355 0.389841 0.046215 0.008004 0.019708 0.000008 0.000000 0.000060 0.000000
0.107246
0.071426 0.333333 0.081358 0.389841 0.046215 0.011742 0.029124 0.000176 0.000000 0.000651 0.000000
0.107246
0.071423 0.333333 0.081353 0.389841 0.045783 0.008019 0.019692 0.000007 0.000000 0.000054 0.000000
0.107246
0.071422 0.333333 0.081355 0.389840 0.045351 0.011741 0.029120 0.000184 0.000000 0.000692 0.000000
0.107246
0.071426 0.333333 0.081359 0.389841 0.046215 0.008004 0.019332 0.000016 0.000000 0.000085 0.000000
0.107246
0.071426 0.333333 0.081360 0.389841 0.046215 0.011694 0.028927 0.000209 0.000000 0.000769 0.000000
0.107246
0.071424 0.333333 0.081355 0.389841 0.046215 0.008000 0.019720 0.000011 0.000000 0.000065 0.000000
0.107246
0.071425 0.333333 0.081359 0.389841 0.046215 0.011740 0.029109 0.000204 0.000000 0.000751 0.000000
0.107246
0.071423 0.333333 0.081354 0.389841 0.045783 0.008003 0.019694 0.000007 0.000000 0.000049 0.000000
0.107246
0.071423 0.333333 0.081354 0.389840 0.044920 0.011740 0.029119 0.000186 0.000000 0.000685 0.000000
0.107246
0.071424 0.333333 0.081354 0.389841 0.046215 0.008025 0.019683 0.000009 0.000000 0.000060 0.000000
0.107246
0.071426 0.333333 0.081359 0.389841 0.046215 0.011682 0.028951 0.000206 0.000000 0.000744 0.000000
0.107246
0.071424 0.333333 0.081354 0.389841 0.046215 0.007995 0.019708 0.000008 0.000000 0.000051 0.000000
0.107246
0.071426 0.333333 0.081356 0.389841 0.046215 0.011754 0.029156 0.000190 0.000000 0.000713 0.000000
0.107246
0.071423 0.333333 0.081353 0.389841 0.045783 0.008017 0.019694 0.000008 0.000000 0.000051 0.000000
0.107246
0.071422 0.333333 0.081354 0.389840 0.044920 0.011738 0.029118 0.000190 0.000000 0.000694 0.000000
0.107246
0.071424 0.333333 0.081354 0.389841 0.046215 0.008019 0.019685 0.000007 0.000000 0.000049 0.000000
0.107246
0.071424 0.333333 0.081358 0.389841 0.046215 0.011600 0.028883 0.000186 0.000000 0.000689 0.000000
0.107246
0.071425 0.333333 0.081357 0.389841 0.046215 0.007888 0.019558 0.000018 0.000000 0.000095 0.000000
0.107246
0.071425 0.333333 0.081356 0.389841 0.046215 0.011623 0.028694 0.000187 0.000000 0.000712 0.000000
0.107246
0.071424 0.333333 0.081354 0.389841 0.046215 0.008011 0.019704 0.000009 0.000000 0.000056 0.000000
0.107246
0.071423 0.333333 0.081355 0.389840 0.044920 0.011746 0.029127 0.000185 0.000000 0.000692 0.000000
0.107246
0.071424 0.333333 0.081354 0.389841 0.046215 0.008011 0.019697 0.000010 0.000000 0.000059 0.000000
0.107246
0.071425 0.333333 0.081356 0.389841 0.046215 0.011742 0.029120 0.000185 0.000000 0.000688 0.000000
0.107246
0.071424 0.333333 0.081357 0.389841 0.046215 0.007880 0.019543 0.000018 0.000000 0.000092 0.000000
0.107246
0.071424 0.333333 0.081356 0.389841 0.046215 0.011640 0.028767 0.000174 0.000000 0.000650 0.000000
0.107246
0.071424 0.333333 0.081354 0.389841 0.046215 0.008002 0.019716 0.000008 0.000000 0.000052 0.000000
0.107246
0.071423 0.333333 0.081355 0.389840 0.044920 0.011744 0.029120 0.000182 0.000000 0.000683 0.000000
0.107246
0.071424 0.333333 0.081355 0.389841 0.046215 0.008021 0.019701 0.000008 0.000000 0.000057 0.000000
0.107246
0.071426 0.333333 0.081356 0.389841 0.046215 0.011739 0.029115 0.000177 0.000000 0.000663 0.000000
0.107246
0.071427 0.333333 0.081358 0.389841 0.046215 0.008007 0.019311 0.000019 0.000000 0.000085 0.000000
0.107246
0.071426 0.333333 0.081359 0.389841 0.046215 0.011690 0.028957 0.000200 0.000000 0.000728 0.000000
0.107246
0.071424 0.333333 0.081355 0.389841 0.046215 0.007995 0.019719 0.000008 0.000000 0.000063 0.000000
0.107246
0.071423 0.333333 0.081354 0.389840 0.044920 0.011750 0.029150 0.000179 0.000000 0.000667 0.000000
0.107246
0.071424 0.333333 0.081355 0.389841 0.046215 0.008021 0.019695 0.000009 0.000000 0.000054 0.000000
0.107246
0.071424 0.333333 0.081355 0.389841 0.046215 0.011754 0.029151 0.000177 0.000000 0.000657 0.000000
0.107246
0.071424 0.333333 0.081354 0.389841 0.046215 0.008014 0.019689 0.000008 0.000000 0.000054 0.000000
0.107246
0.071426 0.333333 0.081359 0.389841 0.046215 0.011686 0.028966 0.000207 0.000000 0.000794 0.000000
0.107246
0.071424 0.333333 0.081355 0.389841 0.046215 0.007986 0.019718 0.000011 0.000000 0.000062 0.000000
0.107246
0.071423 0.333333 0.081354 0.389840 0.044920 0.011740 0.029112 0.000182 0.000000 0.000695 0.000000
0.107246
0.071424 0.333333 0.081355 0.389841 0.045783 0.008006 0.019692 0.000008 0.000000 0.000057 0.000000
0.107246
0.071426 0.333333 0.081357 0.389841 0.046215 0.011750 0.029148 0.000190 0.000000 0.000708 0.000000
0.107246
0.071424 0.333333 0.081355 0.389841 0.046215 0.008004 0.019694 0.000009 0.000000 0.000058 0.000000
0.107246
0.071426 0.333333 0.081356 0.389841 0.046215 0.011587 0.028886 0.000191 0.000000 0.000713 0.000000
0.107246
0.071425 0.333333 0.081357 0.389841 0.046215 0.007891 0.019537 0.000019 0.000000 0.000093 0.000000
0.107246
0.071424 0.333333 0.081354 0.389840 0.044920 0.011625 0.028702 0.000163 0.000000 0.000627 0.000000
0.107246
0.071422 0.333333 0.081352 0.389841 0.045783 0.008008 0.019708 0.000011 0.000000 0.000066 0.000000
0.107246
0.071425 0.333333 0.081355 0.389841 0.046215 0.011746 0.029123 0.000175 0.000000 0.000630 0.021920
0.107246
0.071424 0.333333 0.081354 0.389841 0.046215 0.008023 0.019698 0.000015 0.000000 0.000072 0.017536
0.107246
0.071425 0.333333 0.081357 0.389841 0.046215 0.011739 0.029115 0.000185 0.000000 0.000690 0.017536
0.107246
0.071424 0.333333 0.081358 0.389841 0.046215 0.007891 0.019567 0.000024 0.000000 0.000098 0.000000
0.107246
0.071424 0.333333 0.081356 0.389840 0.045351 0.011641 0.028783 0.000189 0.000000 0.000706 0.000000
0.107246
0.071423 0.333333 0.081354 0.389841 0.045783 0.008004 0.019714 0.000010 0.000000 0.000058 0.000000
0.107246
0.071425 0.333333 0.081356 0.389841 0.046215 0.011739 0.029102 0.000186 0.000000 0.000703 0.000000
0.107246
0.071424 0.333333 0.081354 0.389841 0.046215 0.008015 0.019697 0.000011 0.000000 0.000070 0.000000
0.107246
0.071423 0.333333 0.081354 0.389841 0.046215 0.011741 0.029117 0.000175 0.000000 0.000645 0.000000
0.107246
0.071426 0.333333 0.081358 0.389841 0.046215 0.008016 0.019305 0.000019 0.000000 0.000088 0.000000
0.107246
0.071426 0.333333 0.081359 0.389841 0.045783 0.011700 0.028933 0.000204 0.000000 0.000737 0.000000
0.107246
0.071422 0.333333 0.081354 0.389840 0.045351 0.007994 0.019723 0.000009 0.000000 0.000061 0.000000
0.107246
0.071424 0.333333 0.081356 0.389841 0.046215 0.011739 0.029121 0.000173 0.000000 0.000663 0.000000
0.107246
0.071423 0.333333 0.081353 0.389841 0.046215 0.008018 0.019696 0.000007 0.000000 0.000054 0.000000
0.107246
0.071424 0.333333 0.081357 0.389841 0.046215 0.011746 0.029131 0.000194 0.000000 0.000731 0.000000
0.107246
0.071424 0.333333 0.081354 0.389841 0.046215 0.008019 0.019695 0.000007 0.000000 0.000053 0.000000
0.107246
0.071424 0.333333 0.081359 0.389841 0.045783 0.011669 0.028943 0.000198 0.000000 0.000722 0.000000
0.107246
0.071422 0.333333 0.081353 0.389840 0.045351 0.007994 0.019711 0.000011 0.000000 0.000067 0.000000
0.107246
0.071426 0.333333 0.081356 0.389841 0.046215 0.011670 0.028934 0.000178 0.000000 0.000649 0.000000
0.107246
0.071424 0.333333 0.081353 0.389841 0.046215 0.008016 0.019696 0.000009 0.000000 0.000059 0.000000
0.107246
0.071426 0.333333 0.081358 0.389841 0.046215 0.011707 0.029031 0.000181 0.000000 0.000658 0.000000
0.107246
0.071423 0.333333 0.081354 0.389841 0.046215 0.008006 0.019692 0.000008 0.000000 0.000063 0.000000
0.107246
0.071426 0.333333 0.081357 0.389841 0.045783 0.011582 0.028865 0.000200 0.000000 0.000728 0.000000
0.107246
0.071423 0.333333 0.081355 0.389840 0.044920 0.007890 0.019550 0.000015 0.000000 0.000081 0.000000
0.107246
0.071424 0.333333 0.081357 0.389841 0.046215 0.011627 0.028719 0.000183 0.000000 0.000678 0.000000
0.107246
0.071424 0.333333 0.081354 0.389841 0.046215 0.007995 0.019714 0.000008 0.000000 0.000051 0.000000
0.107246
0.071425 0.333333 0.081356 0.389841 0.046215 0.011741 0.029113 0.000189 0.000000 0.000710 0.000000
0.107246
0.071424 0.333333 0.081354 0.389841 0.046215 0.008013 0.019696 0.000009 0.000000 0.000056 0.000000
0.107246
0.071426 0.333333 0.081356 0.389841 0.046215 0.011755 0.029159 0.000180 0.000000 0.000685 0.000000
0.107246
0.071424 0.333333 0.081355 0.389840 0.044920 0.007886 0.019550 0.000016 0.000000 0.000085 0.000000
0.107246
0.071423 0.333333 0.081355 0.389841 0.046215 0.011631 0.028754 0.000184 0.000000 0.000690 0.000000
0.107246
0.071424 0.333333 0.081354 0.389841 0.046215 0.007986 0.019710 0.000009 0.000000 0.000058 0.000000
0.107246
0.071425 0.333333 0.081358 0.389841 0.046215 0.011747 0.029134 0.000177 0.000000 0.000669 0.000000
0.107246
0.071424 0.333333 0.081354 0.389841 0.046215 0.008007 0.019704 0.000012 0.000000 0.000061 0.000000
0.107246
0.071424 0.333333 0.081356 0.389841 0.046215 0.011745 0.029132 0.000170 0.000000 0.000633 0.000000
0.107246
0.071423 0.333333 0.081356 0.389840 0.044488 0.008007 0.019307 0.000021 0.000000 0.000096 0.000000
0.107246
0.071426 0.333333 0.081359 0.389841 0.046215 0.011680 0.028973 0.000191 0.000000 0.000712 0.000000
0.107246
0.071424 0.333333 0.081355 0.389841 0.046215 0.008005 0.019718 0.000009 0.000000 0.000060 0.000000
0.107246
0.071424 0.333333 0.081356 0.389841 0.046215 0.011725 0.029077 0.000189 0.000000 0.000701 0.000000
0.107246
0.071423 0.333333 0.081354 0.389841 0.046215 0.008014 0.019694 0.000010 0.000000 0.000064 0.000000
0.107246
0.071425 0.333333 0.081356 0.389841 0.046215 0.011765 0.029181 0.000176 0.000000 0.000651 0.000000
0.107246
0.071421 0.333333 0.081352 0.389840 0.044920 0.008021 0.019691 0.000008 0.000000 0.000060 0.000000
0.107246
0.071428 0.333333 0.081361 0.389841 0.045783 0.011700 0.028978 0.000194 0.000000 0.000710 0.000000
0.107246
0.071424 0.333333 0.081354 0.389841 0.046215 0.007990 0.019726 0.000009 0.000000 0.000058 0.000000
0.107246
0.071425 0.333333 0.081356 0.389841 0.046215 0.011728 0.029079 0.000194 0.000000 0.000719 0.000000
0.107246
0.071424 0.333333 0.081354 0.389841 0.046215 0.007998 0.019688 0.000007 0.000000 0.000051 0.000000
0.107246
0.071424 0.333333 0.081355 0.389841 0.046215 0.011751 0.029142 0.000174 0.000000 0.000647 0.000000
0.107246
0.071422 0.333333 0.081352 0.389840 0.044920 0.008016 0.019694 0.000009 0.000000 0.000058 0.000000
0.107246
0.071425 0.333333 0.081357 0.389841 0.045783 0.011584 0.028866 0.000206 0.000000 0.000739 0.000000
0.107246
0.071424 0.333333 0.081356 0.389841 0.046215 0.007886 0.019540 0.000015 0.000000 0.000084 0.000000
0.107246
0.071425 0.333333 0.081357 0.389841 0.046215 0.011630 0.028711 0.000193 0.019629 0.000728 0.017536
0.107246
0.071424 0.333333 0.081355 0.389841 0.046215 0.008006 0.019717 0.000016 0.000000 0.000074 0.017536
0.107246
0.071425 0.333333 0.081357 0.389841 0.046215 0.011740 0.029118 0.000189 0.000000 0.000697 0.021920
0.107246
0.071421 0.333333 0.081352 0.389840 0.044920 0.008017 0.019704 0.000016 0.000000 0.000081 0.000000
0.107246
0.071423 0.333333 0.081355 0.389841 0.045783 0.011749 0.029133 0.000191 0.000000 0.000709 0.000000
0.107246
0.071424 0.333333 0.081357 0.389841 0.046215 0.007890 0.019547 0.000015 0.000000 0.000081 0.000000
0.107246
0.071424 0.333333 0.081356 0.389841 0.046215 0.011635 0.028739 0.000187 0.000000 0.000714 0.000000
0.107246
0.071424 0.333333 0.081354 0.389841 0.046215 0.008002 0.019704 0.000008 0.000000 0.000060 0.000000
0.107246
0.071424 0.333333 0.081356 0.389841 0.046215 0.011735 0.029114 0.000181 0.000000 0.000675 0.000000
0.107246
0.071422 0.333333 0.081353 0.389840 0.045351 0.008005 0.019693 0.000010 0.000000 0.000056 0.000000
0.107246
0.071422 0.333333 0.081355 0.389841 0.045783 0.011751 0.029152 0.000183 0.000000 0.000701 0.000000
0.107246
0.071425 0.333333 0.081357 0.389841 0.046215 0.008007 0.019309 0.000020 0.000000 0.000097 0.000000
0.107246
0.071426 0.333333 0.081359 0.389841 0.046215 0.011680 0.028938 0.000192 0.000000 0.000685 0.000000
0.107246
0.071424 0.333333 0.081354 0.389841 0.046215 0.007987 0.019721 0.000011 0.000000 0.000063 0.000000
0.107246
0.071425 0.333333 0.081358 0.389841 0.046215 0.011721 0.029097 0.000179 0.000000 0.000662 0.000000
0.107246
0.071422 0.333333 0.081353 0.389840 0.045351 0.008001 0.019691 0.000011 0.000000 0.000065 0.000000
0.107246
0.071423 0.333333 0.081355 0.389840 0.045351 0.011726 0.029043 0.000185 0.000000 0.000677 0.000000
0.107246
0.071424 0.333333 0.081354 0.389841 0.046215 0.008017 0.019696 0.000009 0.000000 0.000067 0.000000
0.107246
0.071426 0.333333 0.081359 0.389841 0.046215 0.011715 0.028944 0.000199 0.000000 0.000724 0.000000
0.107246
0.071424 0.333333 0.081354 0.389841 0.046215 0.007991 0.019722 0.000009 0.000000 0.000065 0.000000
0.107246
0.071426 0.333333 0.081356 0.389841 0.046215 0.011744 0.029121 0.000179 0.000000 0.000670 0.000000
0.107246
0.071424 0.333333 0.081353 0.389841 0.045783 0.008009 0.019687 0.000011 0.000000 0.000071 0.000000
0.107246
0.071423 0.333333 0.081355 0.389840 0.044920 0.011728 0.029060 0.000171 0.000000 0.000623 0.000000
0.107246
0.071424 0.333333 0.081354 0.389841 0.046215 0.008016 0.019688 0.000009 0.000000 0.000061 0.000000
0.107246
0.071426 0.333333 0.081358 0.389841 0.046215 0.011583 0.028870 0.000202 0.000000 0.000723 0.000000
0.107246
0.071424 0.333333 0.081357 0.389841 0.046215 0.007892 0.019561 0.000014 0.000000 0.000081 0.000000
0.107246
0.071424 0.333333 0.081356 0.389841 0.046215 0.011638 0.028749 0.000193 0.000000 0.000717 0.000000
0.107246
0.071423 0.333333 0.081353 0.389841 0.045783 0.008003 0.019712 0.000010 0.000000 0.000056 0.000000
0.107246
0.071423 0.333333 0.081355 0.389840 0.044920 0.011737 0.029119 0.000177 0.000000 0.000675 0.000000
0.107246
0.071423 0.333333 0.081353 0.389841 0.046215 0.008022 0.019692 0.000010 0.000000 0.000062 0.000000
0.107246
0.071424 0.333333 0.081356 0.389841 0.046215 0.011755 0.029154 0.000189 0.000000 0.000697 0.000000
0.107246
0.071426 0.333333 0.081358 0.389841 0.046215 0.007899 0.019547 0.000021 0.000000 0.000104 0.000000
0.107246
0.071426 0.333333 0.081357 0.389841 0.046215 0.011636 0.028757 0.000184 0.000000 0.000692 0.000000
0.107246
0.071422 0.333333 0.081352 0.389841 0.045783 0.007997 0.019711 0.000010 0.000000 0.000067 0.000000
0.107246
0.071423 0.333333 0.081355 0.389840 0.044920 0.011750 0.029148 0.000171 0.000000 0.000651 0.000000
0.107246
0.071423 0.333333 0.081354 0.389841 0.046215 0.007997 0.019701 0.000009 0.000000 0.000060 0.000000
0.107246
0.071425 0.333333 0.081356 0.389841 0.046215 0.011700 0.029034 0.000176 0.000000 0.000646 0.000000
0.107246
0.071425 0.333333 0.081357 0.389841 0.046215 0.008004 0.019338 0.000022 0.000000 0.000100 0.000000
0.107246
0.071425 0.333333 0.081358 0.389841 0.046215 0.011692 0.028949 0.000197 0.000000 0.000742 0.000000
0.107246
0.071424 0.333333 0.081354 0.389841 0.046215 0.007997 0.019722 0.000009 0.000000 0.000057 0.000000
0.107246
0.071423 0.333333 0.081355 0.389840 0.044920 0.011738 0.029105 0.000181 0.000000 0.000672 0.000000
0.107246
0.071423 0.333333 0.081354 0.389841 0.046215 0.008020 0.019702 0.000010 0.000000 0.000065 0.000000
0.107246
0.071424 0.333333 0.081357 0.389841 0.046215 0.011733 0.029106 0.000176 0.000000 0.000645 0.000000
0.107246
0.071424 0.333333 0.081355 0.389841 0.046215 0.008013 0.019696 0.000008 0.000000 0.000056 0.000000
0.107246
0.071426 0.333333 0.081358 0.389841 0.046215 0.011691 0.028966 0.000203 0.000000 0.000754 0.000000
0.107246
0.071424 0.333333 0.081354 0.389841 0.046215 0.007998 0.019725 0.000008 0.000000 0.000060 0.000000
0.107246
0.071423 0.333333 0.081355 0.389840 0.044920 0.011714 0.029066 0.000188 0.000000 0.000709 0.000000
0.107246
0.071423 0.333333 0.081353 0.389841 0.046215 0.008008 0.019687 0.000010 0.000000 0.000071 0.000000
0.107246
0.071423 0.333333 0.081356 0.389841 0.046215 0.011743 0.029127 0.000180 0.000000 0.000694 0.000000
0.107246
0.071424 0.333333 0.081354 0.389841 0.046215 0.008017 0.019696 0.000008 0.000000 0.000052 0.000000
0.107246
0.071426 0.333333 0.081359 0.389841 0.046215 0.011588 0.028868 0.000198 0.000000 0.000712 0.000000
0.107246
0.071424 0.333333 0.081357 0.389841 0.046215 0.007886 0.019560 0.000026 0.000000 0.000110 0.008768
0.107246
0.071423 0.333333 0.081356 0.389840 0.044920 0.011636 0.028745 0.000188 0.000000 0.000712 0.008768
0.107246
0.071424 0.333333 0.081354 0.389841 0.046215 0.008009 0.019713 0.000017 0.000000 0.000083 0.000000
0.107246
0.071425 0.333333 0.081356 0.389841 0.046215 0.011751 0.029141 0.000169 0.000000 0.000649 0.000000
0.107246
0.080356 0.333333 0.081359 0.389846 0.051830 0.008100 0.019670 0.000010 0.000000 0.000069 0.000000
0.107246
0.107156 0.111111 0.081377 0.389861 0.069971 0.011831 0.028919 0.000313 0.000000 0.001144 0.000000
0.142782
0.107166 0.111111 0.081388 0.389860 0.068675 0.015672 0.019952 0.003884 0.039252 0.000345 0.008767
0.142782
0.107156 0.111111 0.081376 0.389861 0.069971 0.011889 0.029124 0.000333 0.000000 0.001220 0.000000
0.142782
0.107155 0.111111 0.081374 0.389861 0.069971 0.008128 0.019892 0.000043 0.000000 0.000196 0.000000
0.142782
0.107155 0.111111 0.081375 0.389860 0.069107 0.011904 0.029238 0.000311 0.000000 0.001170 0.000000
0.142782
0.107157 0.111111 0.081377 0.389861 0.069971 0.008223 0.020178 0.000171 0.000000 0.000579 0.000000
0.142782
0.107155 0.111111 0.081374 0.389861 0.069971 0.011788 0.028769 0.000302 0.000000 0.001179 0.000000
0.142782
0.107155 0.111111 0.081374 0.389860 0.069539 0.008066 0.019927 0.000077 0.000000 0.000277 0.000000
0.142782
0.107157 0.111111 0.081377 0.389860 0.069107 0.011861 0.029281 0.000329 0.019626 0.001242 0.000000
0.142782
0.107154 0.111111 0.081373 0.389861 0.069971 0.008132 0.019891 0.000049 0.000000 0.000193 0.000000
0.142782
0.107161 0.111111 0.081381 0.389861 0.069971 0.011900 0.029196 0.000361 0.000000 0.001282 0.000000
0.142782
0.107154 0.111111 0.081372 0.389860 0.068675 0.008205 0.020128 0.000157 0.000000 0.000575 0.000000
0.142782
0.107156 0.111111 0.081374 0.389861 0.069971 0.011875 0.029040 0.000312 0.000000 0.001163 0.000000
0.142782
0.107156 0.111111 0.081373 0.389861 0.069971 0.008162 0.019972 0.000041 0.000000 0.000194 0.000000
0.142782
0.107160 0.111111 0.081381 0.389860 0.069539 0.014687 0.029148 0.001962 0.078503 0.001177 0.013150
0.142782
0.107153 0.111111 0.081373 0.389860 0.069107 0.008125 0.019891 0.000045 0.000000 0.000195 0.000000
0.142782
0.107155 0.111111 0.081375 0.389861 0.069971 0.011912 0.029279 0.000313 0.000000 0.001180 0.000000
0.142782
0.107160 0.111111 0.081379 0.389861 0.069971 0.008156 0.020054 0.000244 0.000000 0.000911 0.000000
0.142782
0.107155 0.111111 0.081374 0.389860 0.068675 0.011795 0.028788 0.000337 0.000000 0.001323 0.000000
0.142782
0.107157 0.111111 0.081376 0.389861 0.069971 0.008242 0.020314 0.000043 0.000000 0.000175 0.000000
0.142782
0.107159 0.111111 0.081378 0.389861 0.069971 0.011870 0.029323 0.000337 0.000000 0.001222 0.000000
0.142782
0.107162 0.111111 0.081382 0.389860 0.069539 0.013474 0.020026 0.003155 0.019626 0.000329 0.000000
0.142782
0.107156 0.111111 0.081375 0.389860 0.069107 0.011910 0.029190 0.000364 0.000000 0.001274 0.000000
0.142782
0.107153 0.111111 0.081373 0.389861 0.069971 0.008148 0.020130 0.000053 0.000000 0.000211 0.000000
0.142782
0.107155 0.111111 0.081375 0.389861 0.069971 0.011864 0.029019 0.000328 0.000000 0.001276 0.000000
0.142782
0.107156 0.111111 0.081374 0.389860 0.068675 0.008256 0.020281 0.000042 0.000000 0.000174 0.000000
0.142782
0.107157 0.111111 0.081377 0.389861 0.069971 0.011718 0.028805 0.000275 0.000000 0.001040 0.000000
0.142782
0.107164 0.111111 0.081385 0.389861 0.069971 0.015622 0.020051 0.003713 0.039251 0.000356 0.004383
0.142782
0.107155 0.111111 0.081376 0.389860 0.069539 0.011713 0.028545 0.000328 0.000000 0.001301 0.000000
0.142782
0.107155 0.111111 0.081373 0.389860 0.069107 0.008036 0.020084 0.000048 0.000000 0.000195 0.000000
0.142782
0.107158 0.111111 0.081378 0.389861 0.069971 0.011885 0.029056 0.000334 0.000000 0.001232 0.000000
0.142782
0.107154 0.111111 0.081373 0.389861 0.069971 0.008191 0.020014 0.000040 0.000000 0.000174 0.000000
0.142782
0.107158 0.111111 0.081376 0.389860 0.069107 0.011793 0.028929 0.000288 0.000000 0.001081 0.000000
0.142782
0.107155 0.111111 0.081374 0.389861 0.069971 0.008077 0.019996 0.000079 0.000000 0.000268 0.000000
0.142782
0.107157 0.111111 0.081379 0.389861 0.069971 0.011669 0.028800 0.000392 0.019626 0.001320 0.000000
0.142782
0.107157 0.111111 0.081375 0.389860 0.069107 0.008233 0.020200 0.000043 0.000000 0.000183 0.000000
0.142782
0.107160 0.111111 0.081379 0.389860 0.069539 0.011814 0.028927 0.000339 0.000000 0.001349 0.000000
0.142782
0.107156 0.111111 0.081375 0.389861 0.069971 0.008257 0.020294 0.000049 0.000000 0.000198 0.000000
0.142782
0.107156 0.111111 0.081376 0.389861 0.069971 0.011862 0.029115 0.000301 0.000000 0.001088 0.000000
0.142782
0.107152 0.111111 0.081371 0.389860 0.068675 0.008120 0.019881 0.000045 0.000000 0.000199 0.000000
0.142782
0.107167 0.111111 0.081389 0.389861 0.069971 0.014694 0.028925 0.002142 0.058877 0.001427 0.004383
0.142782
0.107155 0.111111 0.081373 0.389861 0.069971 0.008168 0.020124 0.000046 0.000000 0.000181 0.000000
0.142782
0.107156 0.111111 0.081375 0.389860 0.069107 0.011877 0.029102 0.000332 0.000000 0.001273 0.000000
0.142782
0.107157 0.111111 0.081375 0.389860 0.069539 0.008206 0.020084 0.000041 0.000000 0.000186 0.013150
0.142782
0.107159 0.111111 0.081378 0.389861 0.069971 0.011748 0.028919 0.000298 0.019626 0.001124 0.008767
0.142782
0.107155 0.111111 0.081373 0.389861 0.069971 0.008125 0.019893 0.000049 0.000000 0.000208 0.013150
0.142782
0.107156 0.111111 0.081375 0.389860 0.068675 0.011798 0.029206 0.000345 0.000000 0.001162 0.004383
0.142782
0.107166 0.111111 0.081387 0.389861 0.069971 0.012677 0.019953 0.002961 0.039251 0.000310 0.026300
0.142782
0.107159 0.111111 0.081379 0.389861 0.069971 0.011891 0.029144 0.000403 0.000000 0.001525 0.000000
0.142782
0.107154 0.111111 0.081372 0.389860 0.068675 0.008187 0.020022 0.000042 0.000000 0.000186 0.000000
0.142782
0.107158 0.111111 0.081377 0.389861 0.069971 0.011825 0.029036 0.000306 0.000000 0.001155 0.000000
0.142782
0.107159 0.111111 0.081379 0.389861 0.069971 0.008213 0.020087 0.000041 0.000000 0.000168 0.000000
0.142782
0.107156 0.111111 0.081376 0.389860 0.069539 0.011898 0.029163 0.000319 0.000000 0.001215 0.000000
0.142782
0.107165 0.111111 0.081386 0.389860 0.069107 0.015435 0.019960 0.004013 0.019626 0.000313 0.000000
0.142782
0.107158 0.111111 0.081377 0.389861 0.069971 0.011896 0.029167 0.000390 0.000000 0.001544 0.000000
0.142782
0.107156 0.111111 0.081374 0.389861 0.069971 0.008233 0.020266 0.000053 0.000000 0.000218 0.000000
0.142782
0.107154 0.111111 0.081372 0.389860 0.068675 0.011874 0.029160 0.000304 0.000000 0.001140 0.000000
0.142782
0.107154 0.111111 0.081372 0.389861 0.069971 0.008121 0.019894 0.000045 0.000000 0.000197 0.000000
0.142782
0.107155 0.111111 0.081375 0.389861 0.069971 0.011901 0.029232 0.000315 0.000000 0.001195 0.000000
0.142782
0.107158 0.111111 0.081377 0.389860 0.069107 0.008094 0.020009 0.000075 0.000000 0.000268 0.000000
0.142782
0.107157 0.111111 0.081377 0.389860 0.069539 0.011710 0.028863 0.000402 0.019626 0.001462 0.000000
0.142782
0.107155 0.111111 0.081373 0.389861 0.069971 0.008238 0.020235 0.000057 0.000000 0.000200 0.000000
0.142782
0.107159 0.111111 0.081378 0.389861 0.069971 0.011875 0.029141 0.000299 0.000000 0.001099 0.000000
0.142782
0.107154 0.111111 0.081372 0.389860 0.068675 0.008121 0.019891 0.000043 0.000000 0.000177 0.000000
0.142782
0.107155 0.111111 0.081375 0.389861 0.069971 0.011904 0.029173 0.000375 0.000000 0.001257 0.000000
0.142782
0.107155 0.111111 0.081372 0.389861 0.069971 0.008184 0.020139 0.000055 0.000000 0.000214 0.000000
0.142782
0.107164 0.111111 0.081386 0.389860 0.069107 0.014492 0.029215 0.001931 0.078503 0.001534 0.000000
0.142782
0.107154 0.111111 0.081373 0.389860 0.069539 0.008255 0.020267 0.000051 0.000000 0.000211 0.000000
0.142782
0.107157 0.111111 0.081377 0.389861 0.069971 0.011870 0.029123 0.000285 0.000000 0.001095 0.000000
0.142782
0.107155 0.111111 0.081375 0.389861 0.069971 0.008114 0.019888 0.000043 0.000000 0.000208 0.000000
0.142782
0.107155 0.111111 0.081374 0.389860 0.068675 0.011877 0.029106 0.000338 0.000000 0.001254 0.000000
0.142782
0.107158 0.111111 0.081377 0.389861 0.069971 0.008225 0.020237 0.000054 0.000000 0.000232 0.000000
0.142782
0.107157 0.111111 0.081376 0.389861 0.069971 0.011823 0.029187 0.000383 0.000000 0.001323 0.000000
0.142782
0.107162 0.111111 0.081381 0.389860 0.068675 0.013124 0.019914 0.002999 0.039252 0.000332 0.000000
0.142782
0.107155 0.111111 0.081375 0.389861 0.069971 0.011880 0.029114 0.000349 0.000000 0.001287 0.000000
0.142782
0.107155 0.111111 0.081373 0.389861 0.069971 0.008128 0.019888 0.000039 0.000000 0.000176 0.000000
0.142782
0.107154 0.111111 0.081374 0.389860 0.069539 0.011923 0.029272 0.000345 0.000000 0.001265 0.000000
0.142782
0.107156 0.111111 0.081374 0.389860 0.069107 0.008173 0.020153 0.000048 0.000000 0.000195 0.000000
0.142782
0.107154 0.111111 0.081373 0.389861 0.069971 0.011818 0.028890 0.000369 0.000000 0.001464 0.000000
0.142782
0.107167 0.111111 0.081388 0.389861 0.069971 0.015732 0.019924 0.003958 0.019626 0.000414 0.008767
0.142782
0.107154 0.111111 0.081372 0.389860 0.068675 0.011863 0.029063 0.000304 0.000000 0.001181 0.000000
0.142782
0.107155 0.111111 0.081374 0.389861 0.069971 0.008147 0.019895 0.000056 0.000000 0.000211 0.000000
0.142782
0.107159 0.111111 0.081377 0.389861 0.069971 0.011895 0.029207 0.000329 0.000000 0.001282 0.000000
0.142782
0.107153 0.111111 0.081372 0.389860 0.069107 0.008176 0.020141 0.000045 0.000000 0.000174 0.000000
0.142782
0.107156 0.111111 0.081375 0.389860 0.069539 0.011882 0.029058 0.000341 0.000000 0.001290 0.000000
0.142782
0.107155 0.111111 0.081374 0.389861 0.069971 0.008056 0.019899 0.000109 0.000000 0.000336 0.000000
0.142782
0.107159 0.111111 0.081378 0.389861 0.069971 0.011782 0.028976 0.000342 0.019626 0.001239 0.004383
0.142782
0.107157 0.111111 0.081375 0.389860 0.068675 0.008131 0.019900 0.000047 0.000000 0.000211 0.000000
0.142782
0.107155 0.111111 0.081374 0.389861 0.069971 0.011747 0.028698 0.000341 0.000000 0.001275 0.000000
0.142782
0.107156 0.111111 0.081375 0.389861 0.069971 0.008099 0.020147 0.000056 0.000000 0.000216 0.000000
0.142782
0.107160 0.111111 0.081380 0.389860 0.069539 0.011846 0.028937 0.000395 0.000000 0.001468 0.000000
0.142782
0.107155 0.111111 0.081374 0.389860 0.069539 0.008155 0.019943 0.000055 0.000000 0.000234 0.000000
0.142782
0.107163 0.111111 0.081383 0.389861 0.069971 0.014716 0.029366 0.001945 0.078503 0.001317 0.017533
0.142782
0.107153 0.111111 0.081372 0.389861 0.069971 0.008142 0.019891 0.000049 0.000000 0.000185 0.000000
0.142782
0.107155 0.111111 0.081374 0.389860 0.068675 0.011932 0.029318 0.000364 0.000000 0.001229 0.017534
0.142782
0.107157 0.111111 0.081377 0.389861 0.069971 0.008221 0.020215 0.000051 0.000000 0.000219 0.017533
0.142782
0.107156 0.111111 0.081375 0.389861 0.069971 0.011814 0.028893 0.000378 0.000000 0.001503 0.017533
0.142782
0.107154 0.111111 0.081372 0.389860 0.069107 0.008209 0.020083 0.000088 0.000000 0.000338 0.017533
0.142782
0.107155 0.111111 0.081374 0.389860 0.069539 0.011825 0.029251 0.000334 0.000000 0.001191 0.017533
0.142782
0.107161 0.111111 0.081382 0.389861 0.069971 0.013440 0.020006 0.003126 0.019626 0.000325 0.000000
0.142782
0.107157 0.111111 0.081376 0.389861 0.069971 0.011788 0.028852 0.000342 0.000000 0.001343 0.000000
0.142782
0.107153 0.111111 0.081371 0.389860 0.068675 0.008222 0.020202 0.000044 0.000000 0.000183 0.000000
0.142782
0.107156 0.111111 0.081375 0.389861 0.069971 0.011833 0.028931 0.000379 0.000000 0.001450 0.000000
0.142782
0.107156 0.111111 0.081375 0.389861 0.069971 0.008132 0.019902 0.000113 0.000000 0.000379 0.000000
0.142782
0.107156 0.111111 0.081375 0.389860 0.068675 0.011743 0.028905 0.000279 0.000000 0.001059 0.000000
0.142782
0.107164 0.111111 0.081386 0.389861 0.069971 0.015492 0.020050 0.003654 0.039251 0.000308 0.008767
0.142782
0.107158 0.111111 0.081377 0.389861 0.069971 0.011357 0.028604 0.000237 0.000000 0.000873 0.000000
0.142782
0.107154 0.111111 0.081373 0.389860 0.069539 0.008189 0.020125 0.000047 0.000000 0.000172 0.000000
0.142782
0.107156 0.111111 0.081374 0.389860 0.069107 0.011869 0.029018 0.000374 0.000000 0.001402 0.000000
0.142782
0.107156 0.111111 0.081375 0.389861 0.069971 0.008122 0.019902 0.000093 0.000000 0.000353 0.000000
0.142782
0.107157 0.111111 0.081377 0.389861 0.069971 0.011798 0.029048 0.000287 0.000000 0.001098 0.000000
0.142782
0.107154 0.111111 0.081373 0.389860 0.068675 0.008079 0.019985 0.000081 0.000000 0.000292 0.000000
0.142782
0.107158 0.111111 0.081378 0.389861 0.069971 0.011598 0.028460 0.000370 0.019626 0.001256 0.004383
0.142782
0.107154 0.111111 0.081373 0.389861 0.069971 0.008156 0.020119 0.000056 0.000000 0.000215 0.000000
0.142782
0.107155 0.111111 0.081375 0.389860 0.069539 0.011872 0.029042 0.000367 0.000000 0.001374 0.000000
0.142782
0.107155 0.111111 0.081375 0.389860 0.069539 0.008102 0.019853 0.000130 0.000000 0.000493 0.000000
0.142782
0.107155 0.111111 0.081375 0.389861 0.069971 0.011783 0.029090 0.000284 0.000000 0.001073 0.000000
0.142782
0.107160 0.111111 0.081378 0.389861 0.069971 0.008130 0.019891 0.000055 0.000000 0.000220 0.000000
0.142782
0.107162 0.111111 0.081383 0.389860 0.069107 0.014610 0.028370 0.002336 0.058877 0.001463 0.008767
0.142782
0.107156 0.111111 0.081375 0.389861 0.069971 0.008185 0.020142 0.000045 0.000000 0.000204 0.000000
0.142782
0.107159 0.111111 0.081379 0.389861 0.069971 0.011799 0.028822 0.000388 0.000000 0.001533 0.000000
0.142782
0.107159 0.111111 0.081378 0.389860 0.069107 0.008136 0.019867 0.000138 0.000000 0.000480 0.000000
0.142782
0.107155 0.111111 0.081375 0.389860 0.069539 0.011858 0.029162 0.000325 0.000000 0.001169 0.000000
0.142782
0.107154 0.111111 0.081372 0.389861 0.069971 0.008119 0.019890 0.000046 0.000000 0.000208 0.000000
0.142782
0.107156 0.111111 0.081375 0.389861 0.069971 0.011384 0.028847 0.000261 0.000000 0.000871 0.000000
0.142782
0.107161 0.111111 0.081380 0.389860 0.068675 0.009948 0.019925 0.001285 0.058878 0.000322 0.004383
0.142782
0.107160 0.111111 0.081379 0.389861 0.069971 0.011924 0.029131 0.000468 0.000000 0.001755 0.000000
0.142782
0.107153 0.111111 0.081372 0.389861 0.069971 0.008196 0.019884 0.000042 0.000000 0.000190 0.000000
0.142782
0.107154 0.111111 0.081374 0.389860 0.069539 0.011876 0.029054 0.000310 0.000000 0.001154 0.000000
0.142782
0.107157 0.111111 0.081376 0.389860 0.069539 0.008183 0.019893 0.000043 0.000000 0.000200 0.000000
0.142782
0.107157 0.111111 0.081376 0.389861 0.069971 0.011843 0.028870 0.000364 0.000000 0.001349 0.000000
0.142782
0.107166 0.111111 0.081387 0.389861 0.069971 0.015172 0.019963 0.003743 0.039251 0.000320 0.008767
0.142782
0.107154 0.111111 0.081374 0.389860 0.068675 0.011916 0.029136 0.000406 0.000000 0.001552 0.000000
0.142782
0.107156 0.111111 0.081375 0.389861 0.069971 0.008193 0.019897 0.000041 0.000000 0.000186 0.000000
0.142782
0.107159 0.111111 0.081378 0.389861 0.069971 0.011886 0.029239 0.000272 0.000000 0.001068 0.000000
0.142782
0.107153 0.111111 0.081372 0.389860 0.069107 0.008192 0.019888 0.000061 0.000000 0.000238 0.000000
0.142782
0.107159 0.111111 0.081378 0.389860 0.069539 0.011851 0.029015 0.000356 0.000000 0.001374 0.000000
0.142782
0.107158 0.111111 0.081377 0.389861 0.069971 0.008137 0.019916 0.000073 0.000000 0.000270 0.000000
0.142782
0.107160 0.111111 0.081381 0.389860 0.069539 0.011841 0.029109 0.000488 0.019626 0.001711 0.004383
0.142782
0.107152 0.111111 0.081371 0.389860 0.069107 0.008199 0.019886 0.000038 0.000000 0.000165 0.000000
0.142782
0.107155 0.111111 0.081374 0.389861 0.069971 0.011881 0.029113 0.000309 0.000000 0.001186 0.000000
0.142782
0.107158 0.111111 0.081376 0.389861 0.069971 0.008189 0.019887 0.000048 0.000000 0.000218 0.000000
0.142782
0.107156 0.111111 0.081374 0.389860 0.068675 0.011813 0.028945 0.000380 0.000000 0.001372 0.000000
0.142782
0.107159 0.111111 0.081378 0.389861 0.069971 0.008303 0.020268 0.000045 0.000000 0.000197 0.000000
0.142782
0.107163 0.111111 0.081384 0.389861 0.069971 0.014425 0.028998 0.002046 0.058877 0.001541 0.017533
0.142782
0.107155 0.111111 0.081374 0.389860 0.069539 0.008200 0.019908 0.000050 0.000000 0.000203 0.013150
0.142782
0.107157 0.111111 0.081376 0.389860 0.069107 0.011883 0.029196 0.000267 0.000000 0.001083 0.017533
0.142782
0.107154 0.111111 0.081373 0.389861 0.069971 0.008196 0.019890 0.000067 0.000000 0.000236 0.017533
0.142782
0.107156 0.111111 0.081376 0.389861 0.069971 0.011645 0.029237 0.000428 0.000000 0.001519 0.017533
0.142782
0.107153 0.111111 0.081372 0.389860 0.068675 0.008332 0.020230 0.000043 0.000000 0.000177 0.000000
0.142782
0.107161 0.111111 0.081382 0.389861 0.069971 0.011854 0.029148 0.000457 0.000000 0.001618 0.000000
0.142782
0.107161 0.111111 0.081381 0.389861 0.069971 0.013400 0.020051 0.002871 0.039251 0.000265 0.000000
0.142782
0.107154 0.111111 0.081373 0.389860 0.069539 0.011890 0.029056 0.000335 0.000000 0.001272 0.000000
0.142782
0.107157 0.111111 0.081376 0.389860 0.069107 0.008200 0.019892 0.000059 0.000000 0.000211 0.000000
0.142782
0.107155 0.111111 0.081375 0.389861 0.069971 0.011666 0.029275 0.000400 0.000000 0.001435 0.000000
0.142782
0.107155 0.111111 0.081373 0.389861 0.069971 0.008330 0.020325 0.000040 0.000000 0.000184 0.000000
0.142782
0.107155 0.111111 0.081374 0.389860 0.068675 0.011847 0.028870 0.000384 0.000000 0.001489 0.000000
0.142782
0.107164 0.111111 0.081385 0.389861 0.069971 0.015937 0.020032 0.004025 0.039251 0.000311 0.000000
0.142782
0.107159 0.111111 0.081378 0.389861 0.069971 0.011912 0.029133 0.000336 0.000000 0.001304 0.000000
0.142782
0.107153 0.111111 0.081373 0.389860 0.069539 0.008197 0.019884 0.000050 0.000000 0.000215 0.000000
0.142782
0.107156 0.111111 0.081375 0.389860 0.069107 0.011934 0.029280 0.000386 0.000000 0.001329 0.000000
0.142782
0.107157 0.111111 0.081377 0.389861 0.069971 0.008315 0.020305 0.000042 0.000000 0.000195 0.000000
0.142782
0.107159 0.111111 0.081378 0.389861 0.069971 0.011785 0.028702 0.000387 0.000000 0.001500 0.000000
0.142782
0.107154 0.111111 0.081373 0.389860 0.068675 0.008152 0.019988 0.000067 0.000000 0.000268 0.000000
0.142782
0.107159 0.111111 0.081380 0.389861 0.069971 0.012048 0.029401 0.000348 0.019626 0.001245 0.004383
0.142782
0.107154 0.111111 0.081374 0.389861 0.069971 0.008214 0.019894 0.000058 0.000000 0.000225 0.000000
0.142782
0.107157 0.111111 0.081377 0.389860 0.069107 0.011774 0.028932 0.000333 0.000000 0.001279 0.000000
0.142782
0.107154 0.111111 0.081372 0.389860 0.069539 0.008325 0.020314 0.000044 0.000000 0.000193 0.000000
0.142782
0.107156 0.111111 0.081376 0.389861 0.069971 0.011838 0.028828 0.000373 0.000000 0.001430 0.000000
0.142782
0.107158 0.111111 0.081376 0.389861 0.069971 0.008186 0.019902 0.000039 0.000000 0.000170 0.000000
0.142782
0.107163 0.111111 0.081384 0.389860 0.068675 0.014823 0.029399 0.002028 0.058878 0.001322 0.013150
0.142782
0.107154 0.111111 0.081374 0.389861 0.069971 0.008197 0.019884 0.000061 0.000000 0.000247 0.000000
0.142782
0.107159 0.111111 0.081378 0.389861 0.069971 0.011819 0.028832 0.000420 0.000000 0.001507 0.000000
0.142782
0.107158 0.111111 0.081377 0.389860 0.069107 0.008317 0.020295 0.000046 0.000000 0.000204 0.000000
0.142782
0.107157 0.111111 0.081377 0.389860 0.069539 0.011779 0.028696 0.000404 0.000000 0.001525 0.000000
0.142782
0.107153 0.111111 0.081373 0.389861 0.069971 0.008180 0.019888 0.000038 0.000000 0.000179 0.000000
0.142782
0.107155 0.111111 0.081375 0.389861 0.069971 0.011963 0.029433 0.000347 0.000000 0.001258 0.000000
0.142782
0.107160 0.111111 0.081381 0.389860 0.069107 0.013293 0.019966 0.003092 0.058877 0.000297 0.000000
0.142782
0.107155 0.111111 0.081375 0.389861 0.069971 0.011821 0.028863 0.000448 0.000000 0.001843 0.000000
0.142782
0.107154 0.111111 0.081373 0.389861 0.069971 0.008331 0.020189 0.000037 0.000000 0.000163 0.000000
0.142782
0.107154 0.111111 0.081374 0.389860 0.068675 0.011859 0.028920 0.000398 0.000000 0.001528 0.000000
0.142782
0.107157 0.111111 0.081376 0.389861 0.069971 0.008197 0.019903 0.000050 0.000000 0.000182 0.000000
0.142782
0.107157 0.111111 0.081377 0.389861 0.069971 0.011759 0.028693 0.000289 0.000000 0.001113 0.000000
0.142782
0.107163 0.111111 0.081384 0.389860 0.069539 0.015647 0.020025 0.003769 0.039251 0.000361 0.004383
0.142782
0.107160 0.111111 0.081380 0.389860 0.069107 0.011916 0.029022 0.000538 0.000000 0.002081 0.000000
0.142782
0.107156 0.111111 0.081376 0.389861 0.069971 0.008294 0.020235 0.000045 0.000000 0.000190 0.000000
0.142782
0.107159 0.111111 0.081379 0.389861 0.069971 0.011874 0.028984 0.000464 0.000000 0.001714 0.000000
0.142782
0.107153 0.111111 0.081371 0.389860 0.068675 0.008188 0.019879 0.000043 0.000000 0.000177 0.000000
0.142782
0.107159 0.111111 0.081378 0.389861 0.069971 0.011878 0.029092 0.000310 0.000000 0.001140 0.000000
0.142782
0.107157 0.111111 0.081377 0.389861 0.069971 0.008135 0.019943 0.000096 0.000000 0.000326 0.000000
0.142782
0.107159 0.111111 0.081378 0.389860 0.069539 0.011783 0.028978 0.000346 0.019626 0.001202 0.004383
0.142782
0.107155 0.111111 0.081373 0.389860 0.069107 0.008319 0.020323 0.000044 0.000000 0.000204 0.000000
0.142782
0.107155 0.111111 0.081375 0.389861 0.069971 0.011883 0.028978 0.000398 0.000000 0.001550 0.000000
0.142782
0.107156 0.111111 0.081375 0.389861 0.069971 0.008204 0.019919 0.000045 0.000000 0.000177 0.000000
0.142782
0.107154 0.111111 0.081373 0.389860 0.068675 0.011907 0.029180 0.000338 0.019626 0.001214 0.008767
0.142782
0.107154 0.111111 0.081374 0.389861 0.069971 0.008198 0.019891 0.000066 0.000000 0.000241 0.013150
0.142782
0.107164 0.111111 0.081383 0.389861 0.069971 0.014778 0.028866 0.002296 0.058877 0.001341 0.021917
0.142782
0.107154 0.111111 0.081372 0.389860 0.069107 0.008285 0.020210 0.000064 0.000000 0.000236 0.013150
0.142782
0.107155 0.111111 0.081375 0.389860 0.069539 0.011865 0.028954 0.000476 0.000000 0.001749 0.004383
0.142782
0.107155 0.111111 0.081374 0.389861 0.069971 0.008192 0.019892 0.000045 0.000000 0.000194 0.000000
0.142782
0.107155 0.111111 0.081375 0.389861 0.069971 0.011869 0.029117 0.000290 0.000000 0.001113 0.000000
0.142782
0.107156 0.111111 0.081375 0.389860 0.068675 0.008194 0.019893 0.000062 0.000000 0.000254 0.000000
0.142782
0.107164 0.111111 0.081384 0.389861 0.069971 0.011610 0.028810 0.000512 0.000000 0.001623 0.000000
0.142782
0.107164 0.111111 0.081385 0.389861 0.069971 0.012900 0.019928 0.002656 0.019626 0.000289 0.004383
0.142782
0.107156 0.111111 0.081376 0.389860 0.069107 0.011913 0.029131 0.000434 0.000000 0.001687 0.000000
0.142782
0.107154 0.111111 0.081373 0.389860 0.069539 0.008191 0.019892 0.000043 0.000000 0.000182 0.000000
0.142782
0.107158 0.111111 0.081376 0.389861 0.069971 0.011898 0.029216 0.000316 0.000000 0.001200 0.000000
0.142782
0.107155 0.111111 0.081374 0.389861 0.069971 0.008210 0.019893 0.000065 0.000000 0.000247 0.000000
0.142782
0.107156 0.111111 0.081375 0.389865 0.068675 0.011772 0.028729 0.000314 0.000000 0.001166 0.000000
0.142782
0.107166 0.111111 0.081387 0.389861 0.069971 0.015618 0.019947 0.003846 0.039251 0.000360 0.000000
0.142782
0.107155 0.111111 0.081375 0.389861 0.069971 0.011879 0.028989 0.000512 0.000000 0.001881 0.000000
0.142782
0.107153 0.111111 0.081372 0.389860 0.068675 0.008184 0.019892 0.000045 0.000000 0.000188 0.000000
0.142782
0.107154 0.111111 0.081374 0.389861 0.069971 0.011902 0.029169 0.000305 0.000000 0.001170 0.000000
0.142782
0.107157 0.111111 0.081376 0.389861 0.069971 0.008198 0.019884 0.000062 0.000000 0.000251 0.000000
0.142782
0.107155 0.111111 0.081375 0.389861 0.069971 0.011855 0.028895 0.000309 0.000000 0.001188 0.000000
0.142782
0.107156 0.111111 0.081375 0.389871 0.069107 0.008146 0.019930 0.000081 0.000000 0.000291 0.000000
0.142782
0.107160 0.111111 0.081379 0.389861 0.069971 0.011758 0.028896 0.000483 0.019626 0.001757 0.000000
0.142782
0.107154 0.111111 0.081373 0.389861 0.069971 0.008193 0.019893 0.000044 0.000000 0.000180 0.000000
0.142782
0.107155 0.111111 0.081374 0.389860 0.068675 0.011948 0.029398 0.000328 0.000000 0.001217 0.000000
0.142782
0.107154 0.111111 0.081373 0.389861 0.069971 0.008206 0.019895 0.000055 0.000000 0.000198 0.000000
0.142782
0.107156 0.111111 0.081376 0.389861 0.069971 0.011814 0.028749 0.000303 0.000000 0.001122 0.000000
0.142782
0.107155 0.111111 0.081373 0.389860 0.069539 0.008231 0.019966 0.000045 0.000000 0.000207 0.000000
0.142782
0.107163 0.111111 0.081384 0.389860 0.069107 0.014523 0.028976 0.002203 0.058877 0.001901 0.008767
0.142782
0.107154 0.111111 0.081372 0.389861 0.069971 0.008189 0.019884 0.000041 0.000000 0.000178 0.000000
0.142782
0.107154 0.111111 0.081374 0.389861 0.069971 0.011892 0.029154 0.000294 0.000000 0.001138 0.000000
0.142782
0.107154 0.111111 0.081374 0.389860 0.068675 0.008195 0.019895 0.000052 0.000000 0.000226 0.000000
0.142782
0.107155 0.111111 0.081375 0.389861 0.069971 0.011808 0.028812 0.000323 0.000000 0.001231 0.000000
0.142782
0.107153 0.111111 0.081373 0.389861 0.069971 0.008315 0.020307 0.000040 0.000000 0.000161 0.000000
0.142782
0.107157 0.111111 0.081376 0.389860 0.069539 0.011778 0.028958 0.000537 0.000000 0.001870 0.000000
0.142782
0.107162 0.111111 0.081383 0.389860 0.069107 0.013425 0.020020 0.003112 0.039252 0.000313 0.004383
0.142782
0.107158 0.111111 0.081378 0.389861 0.069971 0.011937 0.029230 0.000341 0.000000 0.001270 0.000000
0.142782
0.107154 0.111111 0.081374 0.389861 0.069971 0.008214 0.019882 0.000064 0.000000 0.000235 0.000000
0.142782
0.107153 0.111111 0.081372 0.389860 0.068675 0.011847 0.028823 0.000307 0.000000 0.001190 0.000000
0.142782
0.107159 0.111111 0.081377 0.389861 0.069971 0.008232 0.019972 0.000042 0.000000 0.000196 0.000000
0.142782
0.107157 0.111111 0.081377 0.389861 0.069971 0.011802 0.028727 0.000420 0.000000 0.001619 0.000000
0.142782
0.107164 0.111111 0.081383 0.389860 0.069107 0.015854 0.020059 0.003716 0.039252 0.000306 0.013150
0.142782
0.107154 0.111111 0.081373 0.389860 0.069539 0.011910 0.029166 0.000316 0.000000 0.001225 0.000000
0.142782
0.107156 0.111111 0.081375 0.389861 0.069971 0.008205 0.019892 0.000061 0.000000 0.000249 0.000000
0.142782
0.107155 0.111111 0.081374 0.389861 0.069971 0.011892 0.029063 0.000296 0.000000 0.001181 0.000000
0.142782
0.107153 0.111111 0.081371 0.389860 0.068675 0.008332 0.020257 0.000053 0.000000 0.000200 0.000000
0.142782
0.107155 0.111111 0.081374 0.389861 0.069971 0.011825 0.028805 0.000479 0.000000 0.001748 0.000000
0.142782
0.107158 0.111111 0.081377 0.389861 0.069971 0.008163 0.020003 0.000084 0.000000 0.000307 0.000000
0.142782
0.107158 0.111111 0.081379 0.389860 0.069107 0.012006 0.029163 0.000347 0.019626 0.001286 0.000000
0.142782
0.107153 0.111111 0.081373 0.389860 0.069539 0.008234 0.019892 0.000069 0.000000 0.000251 0.000000
0.142782
0.107154 0.111111 0.081375 0.389861 0.069971 0.011873 0.028965 0.000334 0.000000 0.001293 0.004383
0.142782
0.107158 0.111111 0.081377 0.389861 0.069971 0.008286 0.020092 0.000047 0.000000 0.000197 0.008767
0.142782
0.107159 0.111111 0.081378 0.389860 0.068675 0.011747 0.028546 0.000479 0.000000 0.001787 0.004383
0.142782
0.107154 0.111111 0.081373 0.389861 0.069971 0.008189 0.019893 0.000052 0.000000 0.000193 0.017533
0.142782
0.107162 0.111111 0.081383 0.389861 0.069971 0.014585 0.029058 0.001906 0.058877 0.001296 0.013150
0.142782
0.107156 0.111111 0.081375 0.389860 0.069107 0.008219 0.019898 0.000063 0.000000 0.000257 0.000000
0.142782
0.107156 0.111111 0.081375 0.389860 0.069539 0.011892 0.029042 0.000317 0.000000 0.001229 0.000000
0.142782
0.107154 0.111111 0.081374 0.389861 0.069971 0.008319 0.020203 0.000045 0.000000 0.000184 0.000000
0.142782
0.107154 0.111111 0.081374 0.389861 0.069971 0.011774 0.028651 0.000488 0.000000 0.001768 0.000000
0.142782
0.107152 0.111111 0.081372 0.389860 0.068675 0.008178 0.019888 0.000035 0.000000 0.000174 0.000000
0.142782
0.107160 0.111111 0.081379 0.389861 0.069971 0.011995 0.029368 0.000344 0.000000 0.001298 0.000000
0.142782
0.107162 0.111111 0.081384 0.389861 0.069971 0.013107 0.019963 0.003050 0.019626 0.000367 0.000000
0.142782
0.107155 0.111111 0.081375 0.389860 0.068675 0.011926 0.029092 0.000335 0.000000 0.001326 0.000000
0.142782
0.107160 0.111111 0.081379 0.389861 0.069971 0.008317 0.020307 0.000048 0.000000 0.000190 0.000000
0.142782
0.107159 0.111111 0.081379 0.389861 0.069971 0.011834 0.028870 0.000514 0.000000 0.001868 0.000000
0.142782
0.107154 0.111111 0.081373 0.389860 0.069539 0.008184 0.019886 0.000036 0.000000 0.000169 0.000000
0.142782
0.107159 0.111111 0.081377 0.389860 0.069107 0.011852 0.029079 0.000323 0.000000 0.001194 0.000000
0.142782
0.107165 0.111111 0.081385 0.389861 0.069971 0.015411 0.019983 0.003817 0.039251 0.000411 0.004383
0.142782
0.107157 0.111111 0.081377 0.389861 0.069971 0.011908 0.029131 0.000316 0.000000 0.001255 0.000000
0.142782
0.107154 0.111111 0.081372 0.389860 0.068675 0.008327 0.020314 0.000038 0.000000 0.000174 0.000000
0.142782
0.107156 0.111111 0.081376 0.389861 0.069971 0.011796 0.028742 0.000557 0.000000 0.002033 0.000000
0.142782
0.107156 0.111111 0.081375 0.389861 0.069971 0.008187 0.019905 0.000035 0.000000 0.000161 0.000000
0.142782
0.107154 0.111111 0.081374 0.389860 0.069539 0.011868 0.029167 0.000299 0.000000 0.001149 0.000000
0.142782
0.107156 0.111111 0.081376 0.389860 0.069107 0.008125 0.019883 0.000131 0.000000 0.000415 0.000000
0.142782
0.107159 0.111111 0.081380 0.389861 0.069971 0.011770 0.028947 0.000380 0.000000 0.001347 0.013150
0.142782
0.107161 0.111111 0.081380 0.389861 0.069971 0.008311 0.020269 0.000047 0.000000 0.000202 0.000000
0.142782
0.107157 0.111111 0.081376 0.389860 0.068675 0.011708 0.028423 0.000578 0.000000 0.002081 0.000000
0.142782
0.107154 0.111111 0.081372 0.389861 0.069971 0.008182 0.019889 0.000040 0.000000 0.000176 0.000000
0.142782
0.107156 0.111111 0.081376 0.389861 0.069971 0.011877 0.029219 0.000319 0.000000 0.001184 0.000000
0.142782
0.107154 0.111111 0.081373 0.389860 0.069107 0.008229 0.019897 0.000077 0.000000 0.000265 0.000000
0.142782
0.107164 0.111111 0.081385 0.389860 0.069539 0.014485 0.029044 0.001910 0.019626 0.001336 0.026300
0.142782
0.107155 0.111111 0.081373 0.389861 0.069971 0.008301 0.020249 0.000049 0.000000 0.000205 0.000000
0.142782
0.107157 0.111111 0.081377 0.389861 0.069971 0.011788 0.028738 0.000589 0.000000 0.002109 0.000000
0.142782
0.107153 0.111111 0.081372 0.389860 0.068675 0.008182 0.019883 0.000045 0.000000 0.000188 0.000000
0.142782
0.107156 0.111111 0.081376 0.389861 0.069971 0.011888 0.029152 0.000282 0.000000 0.001066 0.000000
0.142782
0.107156 0.111111 0.081375 0.389861 0.069971 0.008205 0.019887 0.000064 0.000000 0.000238 0.000000
0.142782
0.107157 0.111111 0.081377 0.389860 0.069107 0.011878 0.029234 0.000347 0.000000 0.001283 0.000000
0.142782
0.107161 0.111111 0.081383 0.389860 0.069539 0.013063 0.019942 0.002734 0.019626 0.000281 0.004383
0.142782
0.107159 0.111111 0.081379 0.389861 0.069971 0.011794 0.028738 0.000716 0.000000 0.002690 0.000000
0.142782
0.107154 0.111111 0.081372 0.389860 0.069539 0.008193 0.019887 0.000040 0.000000 0.000168 0.000000
0.142782
0.107155 0.111111 0.081373 0.389860 0.069107 0.011907 0.029253 0.000330 0.000000 0.001202 0.000000
0.142782
0.107157 0.111111 0.081376 0.389861 0.069971 0.008192 0.019893 0.000077 0.000000 0.000308 0.000000
0.142782
0.107155 0.111111 0.081374 0.389861 0.069971 0.011834 0.028781 0.000302 0.000000 0.001143 0.004383
0.142782
0.107168 0.111111 0.081389 0.389860 0.068675 0.015666 0.019942 0.003845 0.039252 0.000321 0.004383
0.142782
0.107160 0.111111 0.081380 0.389861 0.069971 0.011795 0.028763 0.000756 0.000000 0.002712 0.000000
0.142782
0.107155 0.111111 0.081374 0.389861 0.069971 0.008191 0.019887 0.000033 0.000000 0.000154 0.000000
0.142782
0.107156 0.111111 0.081374 0.389860 0.069539 0.011933 0.029291 0.000317 0.000000 0.001182 0.000000
0.142782
0.107153 0.111111 0.081372 0.389860 0.069107 0.008223 0.019879 0.000085 0.000000 0.000275 0.000000
0.142782
0.107156 0.111111 0.081376 0.389861 0.069971 0.011838 0.028823 0.000307 0.000000 0.001191 0.000000
0.142782
0.107156 0.111111 0.081376 0.389861 0.069971 0.008138 0.019924 0.000076 0.000000 0.000270 0.000000
0.142782
0.107157 0.111111 0.081378 0.389860 0.068675 0.011571 0.028409 0.000830 0.019626 0.002852 0.004383
0.142782
0.107155 0.111111 0.081375 0.389861 0.069971 0.008224 0.019925 0.000046 0.000000 0.000176 0.021917
0.142782
0.107158 0.111111 0.081378 0.389861 0.069971 0.011841 0.028927 0.000320 0.000000 0.001155 0.017533
0.142782
0.107156 0.111111 0.081374 0.389860 0.069539 0.008200 0.019896 0.000071 0.000000 0.000297 0.017533
0.142782
0.107158 0.111111 0.081377 0.389860 0.069107 0.011890 0.029016 0.000303 0.000000 0.001161 0.017533
0.142782
0.107153 0.111111 0.081373 0.389861 0.069971 0.008247 0.019977 0.000045 0.000000 0.000200 0.017533
0.142782
0.107165 0.111111 0.081385 0.389861 0.069971 0.014410 0.028741 0.002514 0.058877 0.003382 0.008767
0.142782
0.133960 0.111111 0.081386 0.389873 0.085520 0.008001 0.019799 0.000064 0.000000 0.000297 0.000000
0.142782
0.142902 0.000000 0.081395 0.389879 0.092431 0.015572 0.038414 0.000351 0.000000 0.001387 0.000000
0.142782
0.142905 0.000000 0.081397 0.389879 0.092431 0.013076 0.032330 0.000109 0.000000 0.000383 0.017530
0.142782
0.142902 0.000000 0.081395 0.389879 0.092431 0.015574 0.038404 0.000372 0.000000 0.001408 0.000000
0.142782
0.142904 0.000000 0.081397 0.389878 0.090703 0.012877 0.031848 0.000086 0.019623 0.000370 0.008765
0.142782
0.142906 0.000000 0.081398 0.389879 0.091999 0.015828 0.039443 0.000640 0.000000 0.002125 0.000000
0.142782
0.142908 0.000000 0.081401 0.389879 0.092431 0.014557 0.036008 0.000178 0.000000 0.000641 0.013148
0.142782
0.142906 0.000000 0.081399 0.389879 0.092431 0.015424 0.038472 0.000412 0.000000 0.001490 0.000000
0.142782
0.142902 0.000000 0.081394 0.389878 0.091135 0.013081 0.032296 0.000292 0.000000 0.000878 0.017531
0.142782
0.142900 0.000000 0.081393 0.389878 0.091567 0.015623 0.038532 0.000466 0.000000 0.001857 0.000000
0.142782
0.142900 0.000000 0.081394 0.389879 0.092431 0.012924 0.031997 0.000090 0.000000 0.000348 0.013148
0.142782
0.142902 0.000000 0.081396 0.389879 0.092431 0.015525 0.038353 0.000344 0.000000 0.001397 0.000000
0.142782
0.142900 0.000000 0.081395 0.389878 0.091135 0.014640 0.035657 0.000153 0.000000 0.000580 0.008765
0.142782
0.142902 0.000000 0.081394 0.389878 0.091567 0.015429 0.038502 0.000361 0.000000 0.001396 0.000000
0.142782
0.142901 0.000000 0.081394 0.389879 0.092431 0.012981 0.032189 0.000093 0.019622 0.000349 0.013148
0.142782
0.142909 0.000000 0.081401 0.389879 0.092431 0.015673 0.038649 0.000424 0.000000 0.001654 0.000000
0.142782
0.142908 0.000000 0.081399 0.389878 0.091567 0.012982 0.032147 0.000098 0.000000 0.000398 0.017531
0.142782
0.142903 0.000000 0.081396 0.389878 0.091135 0.015501 0.038292 0.000374 0.000000 0.001439 0.000000
0.142782
0.142905 0.000000 0.081398 0.389879 0.092431 0.013468 0.033182 0.000173 0.000000 0.000593 0.017530
0.142782
0.142910 0.000000 0.081402 0.389879 0.092431 0.015650 0.039388 0.000463 0.000000 0.001725 0.000000
0.142782
0.142903 0.000000 0.081396 0.389878 0.091567 0.013091 0.032541 0.000101 0.000000 0.000388 0.013148
0.142782
0.142899 0.000000 0.081393 0.389878 0.091135 0.015736 0.039214 0.000488 0.000000 0.001752 0.000000
0.142782
0.142904 0.000000 0.081397 0.389879 0.092431 0.013231 0.032796 0.000107 0.000000 0.000427 0.017530
0.142782
0.142905 0.000000 0.081397 0.389879 0.092431 0.015517 0.038323 0.000362 0.000000 0.001455 0.000000
0.142782
0.142900 0.000000 0.081394 0.389879 0.091999 0.013046 0.032273 0.000105 0.000000 0.000422 0.017531
0.142782
0.142904 0.000000 0.081397 0.389878 0.090703 0.015707 0.039117 0.000487 0.000000 0.001746 0.000000
0.142782
0.142908 0.000000 0.081399 0.389879 0.092431 0.012934 0.032476 0.000144 0.000000 0.000472 0.013148
0.142782
0.142902 0.000000 0.081395 0.389879 0.092431 0.015579 0.038506 0.000735 0.000000 0.002630 0.000000
0.142782
0.142907 0.000000 0.081400 0.389879 0.091999 0.013188 0.032815 0.000169 0.000000 0.000682 0.017531
0.142782
0.142907 0.000000 0.081399 0.389878 0.090703 0.015491 0.038236 0.000407 0.000000 0.001481 0.000000
0.142782
0.142909 0.000000 0.081400 0.389879 0.092431 0.012968 0.032079 0.000340 0.000000 0.001213 0.017530
0.142782
0.142907 0.000000 0.081399 0.389879 0.092431 0.015795 0.039334 0.000494 0.000000 0.001754 0.000000
0.142782
0.142904 0.000000 0.081398 0.389879 0.092431 0.014377 0.035879 0.000145 0.000000 0.000512 0.013148
0.142782
0.142906 0.000000 0.081399 0.389878 0.090703 0.015566 0.038532 0.000418 0.000000 0.001540 0.000000
0.142782
0.142905 0.000000 0.081398 0.389879 0.091999 0.013281 0.032751 0.000101 0.000000 0.000422 0.017531
0.142782
0.142902 0.000000 0.081395 0.389879 0.092431 0.015535 0.038349 0.000348 0.000000 0.001356 0.000000
0.142782
0.142900 0.000000 0.081394 0.389879 0.092431 0.012927 0.031991 0.000092 0.000000 0.000352 0.017530
0.142782
0.142905 0.000000 0.081398 0.389878 0.091135 0.015719 0.038973 0.000433 0.000000 0.001751 0.000000
0.142782
0.142904 0.000000 0.081397 0.389879 0.091999 0.014619 0.035787 0.000148 0.000000 0.000598 0.013148
0.142782
0.142903 0.000000 0.081395 0.389879 0.092431 0.015543 0.038495 0.000376 0.000000 0.001427 0.000000
0.142782
0.142904 0.000000 0.081397 0.389879 0.092431 0.013283 0.032824 0.000113 0.000000 0.000420 0.017530
0.142782
0.142904 0.000000 0.081397 0.389878 0.091135 0.015561 0.038340 0.000360 0.000000 0.001388 0.000000
0.142782
0.142905 0.000000 0.081398 0.389879 0.091999 0.012872 0.031835 0.000088 0.000000 0.000357 0.035061
0.142782
0.142905 0.000000 0.081397 0.389879 0.092431 0.015715 0.038386 0.000537 0.000000 0.001966 0.017530
0.142782
0.142910 0.000000 0.081401 0.389879 0.092431 0.012987 0.032210 0.000174 0.000000 0.000572 0.035061
0.142782
0.142911 0.000000 0.081402 0.389878 0.091567 0.015797 0.039023 0.000400 0.000000 0.001569 0.017531
0.142782
0.142899 0.000000 0.081393 0.389878 0.091567 0.013201 0.032446 0.000152 0.000000 0.000511 0.035061
0.142782
0.142904 0.000000 0.081397 0.389879 0.092431 0.015556 0.038199 0.000371 0.000000 0.001410 0.017530
0.142782
0.142907 0.000000 0.081399 0.389879 0.092431 0.012767 0.031291 0.000141 0.000000 0.000517 0.030678
0.142782
0.142903 0.000000 0.081397 0.389878 0.091567 0.015570 0.038123 0.000794 0.000000 0.002908 0.026296
0.142782
0.142905 0.000000 0.081397 0.389878 0.091135 0.012943 0.031758 0.000190 0.000000 0.000795 0.017531
0.142782
0.142904 0.000000 0.081397 0.389879 0.092431 0.015756 0.039205 0.000492 0.000000 0.001716 0.000000
0.142782
0.142903 0.000000 0.081397 0.389879 0.092431 0.013068 0.031993 0.000080 0.000000 0.000307 0.017530
0.142782
0.142900 0.000000 0.081395 0.389879 0.091999 0.015596 0.038119 0.000354 0.000000 0.001343 0.000000
0.142782
0.142897 0.000000 0.081391 0.389878 0.091135 0.012869 0.031429 0.000076 0.000000 0.000324 0.017531
0.142782
0.142903 0.000000 0.081395 0.389879 0.092431 0.015638 0.038242 0.000364 0.000000 0.001420 0.000000
0.142782
0.142905 0.000000 0.081398 0.389879 0.092431 0.013008 0.031851 0.000083 0.000000 0.000354 0.017530
0.142782
0.142903 0.000000 0.081395 0.389879 0.091999 0.015839 0.039253 0.000409 0.000000 0.001543 0.000000
0.142782
0.142902 0.000000 0.081395 0.389878 0.090703 0.013952 0.034632 0.000117 0.019623 0.000418 0.013148
0.142782
0.142911 0.000000 0.081403 0.389879 0.092431 0.015647 0.038503 0.000459 0.000000 0.001673 0.000000
0.142782
0.142903 0.000000 0.081395 0.389879 0.092431 0.012998 0.031824 0.000094 0.000000 0.000406 0.017530
0.142782
0.142900 0.000000 0.081394 0.389879 0.092431 0.015646 0.038337 0.000331 0.000000 0.001334 0.000000
0.142782
0.142902 0.000000 0.081396 0.389878 0.090703 0.013015 0.031869 0.000109 0.000000 0.000392 0.017531
0.142782
0.142906 0.000000 0.081397 0.389879 0.092431 0.015596 0.038273 0.000348 0.000000 0.001383 0.000000
0.142782
0.142906 0.000000 0.081399 0.389879 0.092431 0.013937 0.034666 0.000121 0.000000 0.000467 0.013148
0.142782
0.142906 0.000000 0.081399 0.389879 0.092431 0.015621 0.038385 0.000598 0.000000 0.002120 0.000000
0.142782
0.142898 0.000000 0.081392 0.389878 0.090703 0.013082 0.031974 0.000114 0.000000 0.000443 0.017531
0.142782
0.142906 0.000000 0.081396 0.389879 0.091999 0.015634 0.038256 0.000349 0.000000 0.001392 0.000000
0.142782
0.142906 0.000000 0.081399 0.389879 0.092431 0.012894 0.031462 0.000141 0.000000 0.000536 0.017530
0.142782
0.142901 0.000000 0.081395 0.389879 0.092431 0.015554 0.038209 0.000386 0.000000 0.001495 0.000000
0.142782
0.142903 0.000000 0.081396 0.389878 0.090703 0.012785 0.031630 0.000190 0.000000 0.000624 0.008765
0.142782
0.142905 0.000000 0.081397 0.389879 0.091999 0.015921 0.039504 0.000519 0.000000 0.001832 0.000000
0.142782
0.142904 0.000000 0.081397 0.389879 0.092431 0.013021 0.032283 0.000091 0.000000 0.000347 0.017530
0.142782
0.142907 0.000000 0.081398 0.389879 0.092431 0.015629 0.038438 0.000372 0.000000 0.001478 0.000000
0.142782
0.142902 0.000000 0.081395 0.389878 0.091135 0.012854 0.031339 0.000074 0.000000 0.000323 0.017531
0.142782
0.142900 0.000000 0.081394 0.389878 0.091567 0.015621 0.038178 0.000347 0.000000 0.001316 0.000000
0.142782
0.142905 0.000000 0.081397 0.389879 0.092431 0.012890 0.031487 0.000084 0.000000 0.000352 0.013148
0.142782
0.142905 0.000000 0.081398 0.389879 0.092431 0.015741 0.038907 0.000387 0.000000 0.001506 0.000000
0.142782
0.142902 0.000000 0.081396 0.389878 0.091135 0.012998 0.032223 0.000094 0.000000 0.000383 0.017531
0.142782
0.142899 0.000000 0.081393 0.389878 0.091567 0.015587 0.038394 0.000365 0.000000 0.001404 0.000000
0.142782
0.142904 0.000000 0.081397 0.389879 0.092431 0.012697 0.031012 0.000083 0.000000 0.000341 0.017530
0.142782
0.142903 0.000000 0.081396 0.389879 0.092431 0.015594 0.038088 0.000402 0.000000 0.001495 0.000000
0.142782
0.142899 0.000000 0.081394 0.389878 0.091567 0.012876 0.031506 0.000102 0.000000 0.000387 0.017531
0.142782
0.142905 0.000000 0.081398 0.389878 0.091135 0.015675 0.038705 0.000427 0.000000 0.001488 0.000000
0.142782
0.142906 0.000000 0.081399 0.389879 0.092431 0.014155 0.035255 0.000152 0.000000 0.000550 0.008765
0.142782
0.142906 0.000000 0.081398 0.389879 0.092431 0.015585 0.038542 0.000371 0.000000 0.001426 0.000000
0.142782
0.142898 0.000000 0.081393 0.389878 0.091567 0.012722 0.031088 0.000084 0.019623 0.000351 0.008765
0.142782
0.142908 0.000000 0.081400 0.389878 0.091135 0.015525 0.037994 0.000553 0.000000 0.002039 0.000000
0.142782
0.142903 0.000000 0.081396 0.389879 0.092431 0.012955 0.031753 0.000103 0.000000 0.000409 0.017530
0.142782
0.142901 0.000000 0.081394 0.389879 0.092431 0.015669 0.038349 0.000326 0.000000 0.001307 0.000000
0.142782
0.142905 0.000000 0.081398 0.389879 0.091999 0.014288 0.035147 0.000261 0.019622 0.000846 0.008765
0.142782
0.142899 0.000000 0.081393 0.389878 0.090703 0.015504 0.038325 0.000449 0.000000 0.001621 0.000000
0.142782
0.142908 0.000000 0.081401 0.389879 0.092431 0.012897 0.031529 0.000242 0.000000 0.000944 0.017530
0.142782
0.142906 0.000000 0.081399 0.389879 0.092431 0.015678 0.038341 0.000360 0.019622 0.001409 0.013148
0.142782
0.142900 0.000000 0.081395 0.389879 0.092431 0.013004 0.031817 0.000094 0.000000 0.000363 0.035061
0.142782
0.142897 0.000000 0.081392 0.389878 0.090703 0.015604 0.038236 0.000377 0.000000 0.001490 0.013148
0.142782
0.142907 0.000000 0.081400 0.389879 0.092431 0.012897 0.031951 0.000131 0.000000 0.000504 0.013148
0.142782
0.142905 0.000000 0.081398 0.389879 0.092431 0.015717 0.039387 0.000531 0.000000 0.001754 0.008765
0.142782
0.142900 0.000000 0.081394 0.389879 0.092431 0.012954 0.032205 0.000097 0.000000 0.000361 0.030678
0.142782
0.142903 0.000000 0.081397 0.389878 0.090703 0.015598 0.038240 0.000365 0.019623 0.001417 0.004383
0.142782
0.142902 0.000000 0.081395 0.389879 0.091999 0.013008 0.031872 0.000092 0.019622 0.000369 0.013148
0.142782
0.142900 0.000000 0.081394 0.389879 0.092431 0.015630 0.038448 0.000386 0.000000 0.001490 0.000000
0.142782
0.142904 0.000000 0.081396 0.389879 0.092431 0.012689 0.030994 0.000091 0.000000 0.000381 0.013148
0.142782
0.142902 0.000000 0.081396 0.389878 0.091135 0.015656 0.039120 0.000565 0.000000 0.001883 0.000000
0.142782
0.142905 0.000000 0.081397 0.389893 0.091999 0.012933 0.032180 0.000117 0.000000 0.000391 0.013148
0.142782
0.142902 0.000000 0.081396 0.389879 0.092431 0.015626 0.038388 0.000361 0.000000 0.001386 0.000000
0.142782
0.142901 0.000000 0.081395 0.389879 0.092431 0.013023 0.031905 0.000098 0.000000 0.000394 0.017530
0.142782
0.142900 0.000000 0.081395 0.389878 0.091567 0.015541 0.038236 0.000404 0.000000 0.001468 0.000000
0.142782
0.142901 0.000000 0.081394 0.389878 0.091567 0.012822 0.031419 0.000101 0.000000 0.000396 0.017531
0.142782
0.142906 0.000000 0.081399 0.389879 0.092431 0.015608 0.038999 0.000604 0.000000 0.002192 0.000000
0.142782
0.142903 0.000000 0.081397 0.389879 0.092431 0.013959 0.035053 0.000204 0.000000 0.000726 0.013148
0.142782
0.142902 0.000000 0.081394 0.389878 0.091567 0.015625 0.038440 0.000362 0.000000 0.001415 0.000000
0.142782
0.142904 0.000000 0.081397 0.389878 0.091135 0.012922 0.031554 0.000286 0.019623 0.000993 0.013148
0.142782
0.142902 0.000000 0.081395 0.389879 0.092431 0.015428 0.037899 0.000557 0.000000 0.002080 0.000000
0.142782
0.142904 0.000000 0.081396 0.389879 0.092431 0.012829 0.031302 0.000087 0.000000 0.000372 0.017530
0.142782
0.142903 0.000000 0.081396 0.389879 0.091999 0.015675 0.038286 0.000357 0.000000 0.001399 0.000000
0.142782
0.142905 0.000000 0.081399 0.389878 0.091135 0.014442 0.035373 0.000151 0.000000 0.000527 0.017531
0.142782
0.142906 0.000000 0.081398 0.389879 0.092431 0.015618 0.038552 0.000351 0.000000 0.001392 0.000000
0.142782
0.142903 0.000000 0.081396 0.389879 0.092431 0.012903 0.031516 0.000079 0.000000 0.000347 0.017530
0.142782
0.142902 0.000000 0.081395 0.389879 0.091999 0.015568 0.038135 0.000417 0.000000 0.001520 0.000000
0.142782
0.142902 0.000000 0.081395 0.389878 0.091135 0.012911 0.031579 0.000089 0.000000 0.000347 0.017531
0.142782
0.142901 0.000000 0.081394 0.389879 0.092431 0.015632 0.038251 0.000361 0.000000 0.001436 0.000000
0.142782
0.142908 0.000000 0.081401 0.389879 0.092431 0.013067 0.032296 0.000126 0.000000 0.000438 0.017530
0.142782
0.142902 0.000000 0.081396 0.389879 0.091999 0.015812 0.039456 0.000480 0.000000 0.001599 0.000000
0.142782
0.142908 0.000000 0.081399 0.389878 0.091135 0.012847 0.031601 0.000102 0.000000 0.000391 0.013148
0.142782
0.142903 0.000000 0.081396 0.389879 0.092431 0.015565 0.038039 0.000475 0.000000 0.001791 0.000000
0.142782
0.142906 0.000000 0.081398 0.389879 0.092431 0.012924 0.031650 0.000117 0.000000 0.000450 0.017530
0.142782
0.142909 0.000000 0.081400 0.389879 0.091999 0.015660 0.038429 0.000361 0.000000 0.001431 0.000000
0.142782
0.142899 0.000000 0.081393 0.389878 0.090703 0.012995 0.031793 0.000109 0.000000 0.000432 0.017531
0.142782
0.142907 0.000000 0.081400 0.389879 0.092431 0.015729 0.039295 0.000501 0.000000 0.001670 0.000000
0.142782
0.142901 0.000000 0.081394 0.389879 0.092431 0.012916 0.031995 0.000118 0.000000 0.000430 0.013148
0.142782
0.142905 0.000000 0.081398 0.389879 0.091999 0.015542 0.037994 0.000658 0.000000 0.002356 0.000000
0.142782
0.142904 0.000000 0.081397 0.389878 0.090703 0.012931 0.031768 0.000194 0.000000 0.000749 0.017531
0.142782
0.142901 0.000000 0.081395 0.389879 0.092431 0.015613 0.038375 0.000361 0.000000 0.001433 0.000000
0.142782
0.142906 0.000000 0.081398 0.389879 0.092431 0.012846 0.031340 0.000308 0.000000 0.001048 0.021913
0.142782
0.142909 0.000000 0.081401 0.389879 0.092431 0.015677 0.039303 0.000470 0.000000 0.001743 0.000000
0.142782
0.142908 0.000000 0.081399 0.389878 0.090703 0.014047 0.034928 0.000126 0.000000 0.000499 0.008765
0.142782
0.142902 0.000000 0.081395 0.389879 0.092431 0.015620 0.038361 0.000340 0.000000 0.001349 0.000000
0.142782
0.142903 0.000000 0.081397 0.389879 0.092431 0.013068 0.031998 0.000085 0.000000 0.000338 0.017530
0.142782
0.142902 0.000000 0.081395 0.389879 0.092431 0.015615 0.038406 0.000365 0.000000 0.001408 0.000000
0.142782
0.142900 0.000000 0.081394 0.389878 0.090703 0.012831 0.031277 0.000084 0.000000 0.000359 0.017531
0.142782
0.142905 0.000000 0.081397 0.389879 0.091999 0.015558 0.038064 0.000425 0.000000 0.001565 0.000000
0.142782
0.142902 0.000000 0.081395 0.389879 0.092431 0.014283 0.035181 0.000141 0.019622 0.000486 0.008765
0.142782
0.142907 0.000000 0.081399 0.389879 0.092431 0.015652 0.038556 0.000405 0.000000 0.001555 0.008765
0.142782
0.142902 0.000000 0.081395 0.389878 0.090703 0.013079 0.032014 0.000115 0.000000 0.000454 0.030679
0.142782
0.142902 0.000000 0.081395 0.389879 0.091999 0.015603 0.038417 0.000388 0.000000 0.001497 0.008765
0.142782
0.142905 0.000000 0.081397 0.389879 0.092431 0.012755 0.031261 0.000100 0.019622 0.000376 0.026296
0.142782
0.142902 0.000000 0.081395 0.389879 0.092431 0.015551 0.037993 0.000497 0.000000 0.001819 0.004383
0.142782
0.142901 0.000000 0.081395 0.389878 0.091135 0.012951 0.032102 0.000145 0.000000 0.000493 0.035061
0.142782
0.142901 0.000000 0.081395 0.389878 0.091567 0.015910 0.039482 0.000473 0.000000 0.001690 0.004383
0.142782
0.142908 0.000000 0.081400 0.389879 0.092431 0.013054 0.032206 0.000150 0.000000 0.000528 0.017530
0.142782
0.142904 0.000000 0.081396 0.389879 0.092431 0.015545 0.038235 0.000417 0.000000 0.001554 0.000000
0.142782
0.142899 0.000000 0.081392 0.389878 0.091135 0.012759 0.031158 0.000128 0.019623 0.000447 0.013148
0.142782
0.142902 0.000000 0.081396 0.389878 0.091567 0.015519 0.038084 0.000810 0.000000 0.002902 0.000000
0.142782
0.142905 0.000000 0.081398 0.389879 0.092431 0.012917 0.031675 0.000295 0.000000 0.001153 0.017530
0.142782
0.142902 0.000000 0.081395 0.389879 0.092431 0.015816 0.039286 0.000422 0.000000 0.001600 0.000000
0.142782
0.142904 0.000000 0.081396 0.389878 0.091567 0.013009 0.031842 0.000085 0.000000 0.000346 0.017531
0.142782
0.142907 0.000000 0.081399 0.389878 0.091135 0.015568 0.038052 0.000406 0.000000 0.001567 0.000000
0.142782
0.142905 0.000000 0.081397 0.389879 0.092431 0.012879 0.031438 0.000092 0.000000 0.000377 0.017530
0.142782
0.142905 0.000000 0.081397 0.389879 0.092431 0.015656 0.038308 0.000365 0.000000 0.001454 0.000000
0.142782
0.142900 0.000000 0.081394 0.389878 0.091567 0.013022 0.031882 0.000095 0.000000 0.000370 0.017531
0.142782
0.142907 0.000000 0.081399 0.389878 0.091135 0.015672 0.038676 0.000395 0.000000 0.001520 0.000000
0.142782
0.142904 0.000000 0.081397 0.389879 0.092431 0.014073 0.035006 0.000119 0.019622 0.000450 0.008765
0.142782
0.142902 0.000000 0.081397 0.389879 0.092431 0.015666 0.038480 0.000427 0.000000 0.001550 0.000000
0.142782
0.142900 0.000000 0.081394 0.389879 0.091999 0.012951 0.031752 0.000103 0.000000 0.000392 0.017531
0.142782
0.142903 0.000000 0.081396 0.389878 0.090703 0.015606 0.038192 0.000369 0.000000 0.001485 0.000000
0.142782
0.142902 0.000000 0.081395 0.389879 0.092431 0.013017 0.031885 0.000085 0.000000 0.000347 0.017530
0.142782
0.142899 0.000000 0.081394 0.389879 0.092431 0.015595 0.038404 0.000404 0.000000 0.001523 0.000000
0.142782
0.142907 0.000000 0.081398 0.389879 0.091999 0.013895 0.034396 0.000138 0.019622 0.000473 0.013148
0.142782
0.142901 0.000000 0.081394 0.389878 0.090703 0.015585 0.038248 0.000516 0.000000 0.001878 0.000000
0.142782
0.142906 0.000000 0.081399 0.389879 0.092431 0.012993 0.031898 0.000121 0.000000 0.000454 0.017530
0.142782
0.142905 0.000000 0.081398 0.389879 0.092431 0.015627 0.038397 0.000364 0.000000 0.001426 0.000000
0.142782
0.142903 0.000000 0.081396 0.389879 0.091999 0.012972 0.031709 0.000154 0.000000 0.000554 0.017531
0.142782
0.142898 0.000000 0.081392 0.389878 0.090703 0.015566 0.038231 0.000381 0.000000 0.001404 0.000000
0.142782
0.142904 0.000000 0.081397 0.389879 0.092431 0.012793 0.031628 0.000192 0.000000 0.000629 0.013148
0.142782
0.142907 0.000000 0.081400 0.389880 0.092431 0.015852 0.039210 0.000495 0.000000 0.001828 0.000000
0.142782
0.142903 0.000000 0.081397 0.389879 0.092431 0.013049 0.032390 0.000095 0.000000 0.000365 0.017530
0.142782
0.142898 0.000000 0.081392 0.389878 0.090703 0.015626 0.038387 0.000349 0.000000 0.001419 0.000000
0.142782
0.142899 0.000000 0.081394 0.389879 0.092431 0.012822 0.031294 0.000080 0.000000 0.000327 0.017530
0.142782
0.142907 0.000000 0.081399 0.389879 0.092431 0.015597 0.038139 0.000389 0.000000 0.001522 0.000000
0.142782
0.107178 0.000000 0.054269 0.289960 0.067379 0.012239 0.029257 0.000107 0.000000 0.000444 0.023374
0.142782
0.142905 0.000000 0.081398 0.389878 0.091135 0.011910 0.029405 0.000240 0.000000 0.000855 0.000000
0.142782
0.142912 0.000000 0.081402 0.389878 0.091567 0.016913 0.042021 0.000314 0.000000 0.001165 0.017531
0.142782
0.142901 0.000000 0.081394 0.389879 0.092431 0.011763 0.028775 0.000167 0.000000 0.000706 0.000000
0.142782
0.142905 0.000000 0.081398 0.389879 0.092431 0.016674 0.041013 0.000276 0.000000 0.001053 0.013148
0.142782
0.142902 0.000000 0.081395 0.389878 0.091567 0.011755 0.028671 0.000179 0.000000 0.000712 0.000000
0.142782
0.142902 0.000000 0.081395 0.389878 0.091135 0.016772 0.041157 0.000385 0.000000 0.001420 0.017531
0.142782
0.142900 0.000000 0.081393 0.389879 0.092431 0.011914 0.029441 0.000209 0.000000 0.000850 0.000000
0.142782
0.142905 0.000000 0.081399 0.389879 0.092431 0.017991 0.044728 0.000351 0.000000 0.001219 0.004383
0.142782
0.142900 0.000000 0.081394 0.389878 0.091567 0.011895 0.029355 0.000232 0.000000 0.000836 0.000000
0.142782
0.142902 0.000000 0.081396 0.389878 0.091135 0.016652 0.040958 0.000292 0.000000 0.001076 0.013148
0.142782
0.142900 0.000000 0.081393 0.389879 0.092431 0.011817 0.028774 0.000167 0.000000 0.000698 0.000000
0.142782
0.142904 0.000000 0.081397 0.389879 0.092431 0.016659 0.040922 0.000500 0.000000 0.001769 0.017530
0.142782
0.142906 0.000000 0.081398 0.389879 0.091999 0.011769 0.028756 0.000178 0.000000 0.000702 0.000000
0.142782
0.142909 0.000000 0.081401 0.389878 0.091135 0.017978 0.044623 0.000405 0.019623 0.001447 0.017531
0.142782
0.142907 0.000000 0.081399 0.389879 0.092431 0.011752 0.029148 0.000477 0.000000 0.001701 0.017530
0.142782
0.142906 0.000000 0.081399 0.389879 0.092431 0.016692 0.040884 0.000290 0.000000 0.001114 0.030678
0.142782
0.142905 0.000000 0.081397 0.389879 0.091999 0.011749 0.028670 0.000166 0.000000 0.000665 0.021913
0.142782
0.142903 0.000000 0.081396 0.389878 0.090703 0.016902 0.041533 0.000282 0.000000 0.001104 0.021913
0.142782
0.142900 0.000000 0.081392 0.389879 0.092431 0.011767 0.028769 0.000173 0.000000 0.000716 0.017530
0.142782
0.142908 0.000000 0.081401 0.389879 0.092431 0.016625 0.041194 0.000310 0.000000 0.001176 0.030678
0.142782
0.142904 0.000000 0.081397 0.389879 0.092431 0.012040 0.029829 0.000232 0.000000 0.000910 0.000000
0.142782
0.142905 0.000000 0.081398 0.389885 0.090703 0.016721 0.041970 0.000343 0.000000 0.001187 0.017531
0.142782
0.142901 0.000000 0.081393 0.389879 0.092431 0.011775 0.028727 0.000153 0.000000 0.000659 0.000000
0.142782
0.142905 0.000000 0.081398 0.389879 0.092431 0.016856 0.041405 0.000272 0.000000 0.001029 0.017530
0.142782
0.142903 0.000000 0.081395 0.389879 0.092431 0.011771 0.028756 0.000184 0.000000 0.000704 0.000000
0.142782
0.142900 0.000000 0.081395 0.389878 0.090703 0.016589 0.040782 0.000280 0.019623 0.001086 0.004383
0.142782
0.142901 0.000000 0.081395 0.389879 0.091999 0.011900 0.029399 0.000262 0.000000 0.000876 0.000000
0.142782
0.142906 0.000000 0.081399 0.389879 0.092431 0.016764 0.041998 0.000449 0.000000 0.001494 0.017530
0.142782
0.142899 0.000000 0.081393 0.389879 0.092431 0.011759 0.028665 0.000165 0.000000 0.000704 0.000000
0.142782
0.142903 0.000000 0.081396 0.389878 0.091135 0.016823 0.041257 0.000303 0.019623 0.001160 0.013148
0.142782
0.142898 0.000000 0.081393 0.389879 0.091999 0.011763 0.028774 0.000195 0.000000 0.000780 0.000000
0.142782
0.142905 0.000000 0.081398 0.389879 0.092431 0.016600 0.040692 0.000304 0.019622 0.001165 0.013148
0.142782
0.142910 0.000000 0.081400 0.389879 0.092431 0.011892 0.029391 0.000213 0.000000 0.000831 0.000000
0.142782
0.142912 0.000000 0.081404 0.389878 0.091135 0.017891 0.045039 0.000688 0.000000 0.002329 0.004383
0.142782
0.142903 0.000000 0.081395 0.389878 0.091567 0.011932 0.029316 0.000161 0.000000 0.000652 0.000000
0.142782
0.142908 0.000000 0.081400 0.389879 0.092431 0.016766 0.041146 0.000457 0.000000 0.001642 0.017530
0.142782
0.142901 0.000000 0.081394 0.389879 0.092431 0.011790 0.028740 0.000165 0.000000 0.000645 0.004383
0.142782
0.142901 0.000000 0.081395 0.389878 0.091567 0.016640 0.040715 0.000290 0.000000 0.001109 0.017531
0.142782
0.142898 0.000000 0.081392 0.389878 0.091135 0.011778 0.028743 0.000174 0.000000 0.000697 0.000000
0.142782
0.142910 0.000000 0.081402 0.389879 0.092431 0.018086 0.044674 0.000315 0.019622 0.001197 0.008765
0.142782
0.142905 0.000000 0.081398 0.389879 0.092431 0.011871 0.029092 0.000171 0.000000 0.000728 0.000000
0.142782
0.142904 0.000000 0.081397 0.389878 0.091567 0.016666 0.040796 0.000283 0.000000 0.001131 0.017531
0.142782
0.142901 0.000000 0.081394 0.389878 0.091135 0.011746 0.028705 0.000186 0.000000 0.000727 0.000000
0.142782
0.142906 0.000000 0.081399 0.389879 0.092431 0.016736 0.041102 0.000349 0.000000 0.001267 0.017530
0.142782
0.142900 0.000000 0.081393 0.389879 0.092431 0.011771 0.028680 0.000160 0.000000 0.000691 0.000000
0.142782
0.142906 0.000000 0.081399 0.389879 0.091999 0.016778 0.041576 0.000310 0.000000 0.001164 0.017531
0.142782
0.142902 0.000000 0.081396 0.389878 0.090703 0.012102 0.029864 0.000315 0.000000 0.001002 0.000000
0.142782
0.142907 0.000000 0.081400 0.389879 0.092431 0.016704 0.041481 0.000314 0.000000 0.001122 0.013148
0.142782
0.142899 0.000000 0.081393 0.389879 0.092431 0.011785 0.028755 0.000156 0.000000 0.000652 0.000000
0.142782
0.142907 0.000000 0.081399 0.389879 0.091999 0.016723 0.041052 0.000424 0.000000 0.001480 0.017531
0.142782
0.142905 0.000000 0.081397 0.389878 0.090703 0.011766 0.028726 0.000173 0.000000 0.000682 0.000000
0.142782
0.142902 0.000000 0.081396 0.389879 0.092431 0.016876 0.041489 0.000305 0.000000 0.001167 0.017530
0.142782
0.142903 0.000000 0.081397 0.389879 0.092431 0.011907 0.029472 0.000286 0.000000 0.001068 0.000000
0.142782
0.142904 0.000000 0.081398 0.389879 0.092431 0.016696 0.041823 0.000339 0.019622 0.001205 0.013148
0.142782
0.142901 0.000000 0.081394 0.389878 0.090703 0.011765 0.028698 0.000184 0.000000 0.000724 0.000000
0.142782
0.142904 0.000000 0.081398 0.389879 0.091999 0.016681 0.041069 0.000858 0.000000 0.003118 0.017530
0.142782
0.142900 0.000000 0.081394 0.389879 0.092431 0.011781 0.028784 0.000150 0.000000 0.000597 0.000000
0.142782
0.142905 0.000000 0.081398 0.389879 0.092431 0.016806 0.041319 0.000272 0.000000 0.001071 0.017530
0.142782
0.142901 0.000000 0.081395 0.389878 0.090703 0.011917 0.029505 0.000211 0.000000 0.000826 0.000000
0.142782
0.142912 0.000000 0.081404 0.389879 0.091999 0.017827 0.044783 0.000375 0.000000 0.001395 0.017531
0.142782
0.142900 0.000000 0.081394 0.389879 0.092431 0.011812 0.028915 0.000163 0.000000 0.000664 0.000000
0.142782
0.142906 0.000000 0.081399 0.389888 0.092431 0.016908 0.041553 0.000271 0.000000 0.001071 0.017530
0.142782
0.142900 0.000000 0.081393 0.389878 0.091135 0.011760 0.028730 0.000176 0.000000 0.000691 0.000000
0.142782
0.142906 0.000000 0.081399 0.389879 0.091999 0.016641 0.040779 0.000271 0.000000 0.001037 0.035061
0.142782
0.142903 0.000000 0.081395 0.389879 0.092431 0.011756 0.028689 0.000190 0.000000 0.000743 0.026296
0.142782
0.142908 0.000000 0.081401 0.389879 0.092431 0.018027 0.044423 0.000426 0.019622 0.001447 0.021913
0.142782
0.142904 0.000000 0.081396 0.389878 0.091135 0.011855 0.029120 0.000190 0.000000 0.000707 0.013148
0.142782
0.142901 0.000000 0.081396 0.389878 0.091567 0.016887 0.041549 0.000289 0.000000 0.001142 0.035061
0.142782
0.142903 0.000000 0.081396 0.389879 0.092431 0.011751 0.028808 0.000215 0.000000 0.000813 0.017530
0.142782
0.142906 0.000000 0.081400 0.389879 0.092431 0.016610 0.040934 0.000289 0.000000 0.001065 0.035061
0.142782
0.142898 0.000000 0.081392 0.389878 0.091567 0.011814 0.028763 0.000168 0.000000 0.000711 0.000000
0.142782
0.142904 0.000000 0.081398 0.389878 0.091567 0.016675 0.041237 0.000494 0.000000 0.001668 0.017531
0.142782
0.142903 0.000000 0.081395 0.389879 0.092431 0.012100 0.029887 0.000237 0.000000 0.000846 0.000000
0.142782
0.142906 0.000000 0.081399 0.389879 0.092431 0.016961 0.041919 0.000351 0.000000 0.001273 0.017530
0.142782
0.142905 0.000000 0.081397 0.389878 0.091567 0.011735 0.028771 0.000251 0.000000 0.000882 0.000000
0.142782
0.142900 0.000000 0.081394 0.389878 0.091135 0.016548 0.040559 0.000366 0.000000 0.001238 0.013148
0.142782
0.142903 0.000000 0.081396 0.389879 0.092431 0.011741 0.028654 0.000229 0.000000 0.000891 0.000000
0.142782
0.142910 0.000000 0.081404 0.389879 0.092431 0.016807 0.041286 0.000861 0.000000 0.003112 0.017530
0.142782
0.142901 0.000000 0.081394 0.389879 0.091999 0.011918 0.029453 0.000220 0.000000 0.000869 0.000000
0.142782
0.142906 0.000000 0.081399 0.389878 0.091135 0.016920 0.041501 0.000272 0.000000 0.001028 0.017531
0.142782
0.142904 0.000000 0.081396 0.389879 0.092431 0.011762 0.028742 0.000172 0.000000 0.000714 0.000000
0.142782
0.142904 0.000000 0.081398 0.389879 0.092431 0.016692 0.040886 0.000304 0.000000 0.001135 0.017530
0.142782
0.142897 0.000000 0.081392 0.389879 0.091999 0.011816 0.028803 0.000153 0.000000 0.000661 0.000000
0.142782
0.142901 0.000000 0.081395 0.389878 0.090703 0.016853 0.041345 0.000266 0.000000 0.001026 0.013148
0.142782
0.142901 0.000000 0.081395 0.389879 0.092431 0.011905 0.029445 0.000249 0.000000 0.000837 0.000000
0.142782
0.142906 0.000000 0.081400 0.389879 0.092431 0.017846 0.044280 0.000337 0.000000 0.001225 0.013148
0.142782
0.142901 0.000000 0.081394 0.389879 0.092431 0.011867 0.029157 0.000170 0.000000 0.000693 0.000000
0.142782
0.142904 0.000000 0.081398 0.389878 0.090703 0.016824 0.041334 0.000369 0.000000 0.001344 0.017531
0.142782
0.142909 0.000000 0.081400 0.389879 0.092431 0.011754 0.028706 0.000184 0.000000 0.000725 0.000000
0.142782
0.142903 0.000000 0.081397 0.389879 0.092431 0.016865 0.041452 0.000278 0.000000 0.001118 0.017530
0.142782
0.142905 0.000000 0.081397 0.389879 0.092431 0.011755 0.028807 0.000223 0.000000 0.000816 0.000000
0.142782
0.142900 0.000000 0.081395 0.389878 0.090703 0.017734 0.044009 0.000304 0.000000 0.001120 0.004383
0.142782
0.142901 0.000000 0.081394 0.389879 0.091999 0.011881 0.029206 0.000191 0.000000 0.000753 0.000000
0.142782
0.142903 0.000000 0.081397 0.389879 0.092431 0.016762 0.041217 0.000474 0.000000 0.001715 0.017530
0.142782
0.142899 0.000000 0.081393 0.389879 0.092431 0.011772 0.028728 0.000148 0.000000 0.000620 0.000000
0.142782
0.142903 0.000000 0.081396 0.389878 0.090703 0.016725 0.040959 0.000313 0.000000 0.001189 0.017531
0.142782
0.142904 0.000000 0.081397 0.389879 0.091999 0.011425 0.028406 0.000287 0.000000 0.000888 0.000000
0.142782
0.142904 0.000000 0.081398 0.389879 0.092431 0.015914 0.039589 0.000352 0.000000 0.001217 0.013148
0.142782
0.142905 0.000000 0.081399 0.389879 0.092431 0.011948 0.029925 0.000425 0.000000 0.001650 0.000000
0.142782
0.142901 0.000000 0.081395 0.389878 0.091135 0.016864 0.041969 0.000283 0.019623 0.001028 0.013148
0.142782
0.142903 0.000000 0.081395 0.389878 0.091567 0.011657 0.028793 0.000175 0.000000 0.000665 0.000000
0.142782
0.142905 0.000000 0.081398 0.389879 0.092431 0.016669 0.040933 0.000303 0.000000 0.001131 0.013148
0.142782
0.142903 0.000000 0.081395 0.389879 0.092431 0.011710 0.028779 0.000156 0.000000 0.000625 0.000000
0.142782
0.142898 0.000000 0.081393 0.389878 0.091135 0.016632 0.040809 0.000311 0.000000 0.001109 0.013148
0.142782
0.142903 0.000000 0.081396 0.389878 0.091567 0.011796 0.029399 0.000238 0.000000 0.000899 0.000000
0.142782
0.142901 0.000000 0.081395 0.389879 0.092431 0.016844 0.041805 0.000299 0.000000 0.001114 0.017530
0.142782
0.142901 0.000000 0.081394 0.389879 0.092431 0.011657 0.028792 0.000180 0.000000 0.000712 0.000000
0.142782
0.142907 0.000000 0.081399 0.389878 0.091567 0.016509 0.040683 0.000270 0.019623 0.001053 0.004383
0.142782
0.142898 0.000000 0.081390 0.389878 0.091135 0.011717 0.028763 0.000164 0.000000 0.000698 0.000000
0.142782
0.142905 0.000000 0.081399 0.389879 0.092431 0.016652 0.040951 0.000376 0.000000 0.001375 0.017530
0.142782
0.142904 0.000000 0.081396 0.389879 0.092431 0.011790 0.029356 0.000230 0.000000 0.000786 0.000000
0.142782
0.142905 0.000000 0.081399 0.389878 0.091567 0.017934 0.044768 0.000385 0.000000 0.001295 0.013148
0.142782
0.142904 0.000000 0.081396 0.389878 0.091135 0.011761 0.029135 0.000205 0.000000 0.000837 0.000000
0.142782
0.142901 0.000000 0.081395 0.389879 0.092431 0.016573 0.040807 0.000299 0.039245 0.001122 0.021913
0.142782
0.325101 1.000000 0.960297 0.999488 0.363676 0.031826 0.079310 0.000725 0.025817 0.003255 0.013695
0.648812
0.329207 1.000000 0.972761 0.999489 0.364971 0.042473 0.105724 0.003195 0.000000 0.011615 0.009370
0.648812
0.323141 1.000000 0.954339 0.999488 0.363244 0.031767 0.079191 0.000429 0.000000 0.001510 0.007929
0.648812
0.329150 1.000000 0.972588 0.999490 0.365835 0.042440 0.105631 0.003150 0.000000 0.011489 0.008649
0.648812
0.323090 1.000000 0.954182 0.999488 0.363244 0.031744 0.079166 0.000412 0.000000 0.001455 0.007929
0.648812
0.328957 1.000000 0.972002 0.999490 0.365835 0.042442 0.105628 0.003137 0.003227 0.011432 0.009370
0.648812
0.325720 1.000000 0.962174 0.999489 0.364539 0.031836 0.079342 0.000916 0.000000 0.003297 0.008649
0.648812
0.329113 1.000000 0.972477 0.999490 0.365835 0.042491 0.105744 0.003180 0.000000 0.011618 0.008649
0.648812
0.323187 1.000000 0.954480 0.999488 0.363244 0.031767 0.079195 0.000434 0.000000 0.001529 0.009370
0.648812
0.329156 1.000000 0.972610 0.999490 0.365835 0.042438 0.105639 0.003163 0.003227 0.011521 0.007929
0.648812
0.323105 1.000000 0.954226 0.999488 0.363244 0.031748 0.079181 0.000422 0.000000 0.001498 0.007929
0.648812
0.329100 1.000000 0.972437 0.999490 0.365835 0.042436 0.105624 0.003150 0.000000 0.011488 0.010091
0.648812
0.324824 1.000000 0.959452 0.999489 0.364108 0.032503 0.081028 0.000803 0.006454 0.002786 0.005766
0.648812
0.329302 1.000000 0.973050 0.999490 0.365835 0.042500 0.105785 0.003234 0.000000 0.011803 0.010091
0.648812
0.323173 1.000000 0.954434 0.999488 0.363244 0.031762 0.079187 0.000434 0.003227 0.001522 0.007208
0.648812
0.329013 1.000000 0.972175 0.999490 0.365835 0.042443 0.105628 0.003132 0.000000 0.011408 0.007929
0.648812
0.323115 1.000000 0.954260 0.999488 0.363244 0.031759 0.079181 0.000419 0.003227 0.001489 0.005766
0.648812
0.329036 1.000000 0.972244 0.999490 0.365835 0.042437 0.105625 0.003145 0.006454 0.011451 0.006487
0.648812
0.323086 1.000000 0.954171 0.999488 0.363244 0.031746 0.079165 0.000419 0.000000 0.001491 0.008649
0.648812
0.332445 1.000000 0.982601 0.999491 0.367131 0.042592 0.106052 0.003752 0.000000 0.013648 0.007929
0.648812
0.323167 1.000000 0.954413 0.999488 0.363244 0.031770 0.079200 0.000438 0.000000 0.001533 0.005766
0.648812
0.328963 1.000000 0.972018 0.999490 0.365403 0.042450 0.105645 0.003139 0.003227 0.011453 0.009370
0.648812
0.323111 1.000000 0.954247 0.999488 0.363244 0.031746 0.079176 0.000420 0.000000 0.001494 0.007929
0.648812
0.329069 1.000000 0.972342 0.999490 0.365835 0.042434 0.105629 0.003148 0.000000 0.011465 0.007929
0.648812
0.323087 1.000000 0.954175 0.999488 0.363244 0.031747 0.079169 0.000421 0.000000 0.001484 0.009370
0.648812
0.330380 1.000000 0.976324 0.999492 0.367995 0.043255 0.107665 0.003601 0.000000 0.013006 0.009370
0.648812
0.323254 1.000000 0.954681 0.999488 0.363244 0.031771 0.079201 0.000452 0.000000 0.001587 0.006487
0.648812
0.329078 1.000000 0.972370 0.999490 0.365403 0.042445 0.105638 0.003144 0.003227 0.011458 0.007929
0.648812
0.323120 1.000000 0.954274 0.999488 0.362812 0.031751 0.079180 0.000426 0.000000 0.001502 0.008649
0.648812
0.329063 1.000000 0.972325 0.999490 0.365403 0.042435 0.105622 0.003142 0.003227 0.011453 0.009370
0.648812
0.323066 1.000000 0.954110 0.999488 0.362812 0.031749 0.079177 0.000414 0.000000 0.001469 0.005045
0.648812
0.329069 1.000000 0.972344 0.999490 0.365403 0.042437 0.105633 0.003138 0.000000 0.011451 0.007208
0.648812
0.325725 1.000000 0.962190 0.999489 0.364108 0.031834 0.079335 0.000915 0.000000 0.003283 0.006487
0.648812
0.329044 1.000000 0.972270 0.999490 0.365403 0.042490 0.105738 0.003172 0.003227 0.011568 0.005045
0.648812
0.323200 1.000000 0.954514 0.999488 0.362812 0.031759 0.079189 0.000437 0.003227 0.001538 0.005045
0.648812
0.329034 1.000000 0.972236 0.999490 0.365403 0.042443 0.105630 0.003138 0.000000 0.011429 0.006487
0.648812
0.323152 1.000000 0.954370 0.999488 0.362812 0.031745 0.079171 0.000424 0.000000 0.001497 0.006487
0.648812
0.329008 1.000000 0.972157 0.999490 0.365403 0.042433 0.105621 0.003136 0.000000 0.011412 0.008649
0.648812
0.324742 1.000000 0.959202 0.999488 0.363244 0.032502 0.081020 0.000788 0.000000 0.002738 0.002883
0.648812
0.329276 1.000000 0.972969 0.999490 0.365403 0.042494 0.105779 0.003208 0.003227 0.011699 0.006487
0.648812
0.323203 1.000000 0.954523 0.999488 0.362812 0.031763 0.079188 0.000436 0.000000 0.001543 0.005045
0.648812
0.329100 1.000000 0.972435 0.999490 0.365403 0.042442 0.105628 0.003151 0.000000 0.011465 0.007929
0.648812
0.323127 1.000000 0.954297 0.999488 0.362812 0.031749 0.079178 0.000426 0.003227 0.001514 0.005045
0.648812
0.329044 1.000000 0.972268 0.999490 0.365403 0.042439 0.105632 0.003136 0.000000 0.011412 0.005766
0.648812
0.323115 1.000000 0.954258 0.999488 0.362812 0.031745 0.079175 0.000423 0.000000 0.001497 0.003604
0.648812
0.332304 1.000000 0.982170 0.999491 0.366699 0.042596 0.106061 0.003724 0.003227 0.013524 0.006487
0.648812
0.323194 1.000000 0.954498 0.999488 0.362812 0.031766 0.079196 0.000437 0.000000 0.001536 0.005045
0.648812
0.329024 1.000000 0.972208 0.999490 0.365403 0.042453 0.105648 0.003142 0.000000 0.011447 0.007208
0.648812
0.323099 1.000000 0.954209 0.999488 0.362812 0.031743 0.079172 0.000417 0.000000 0.001472 0.006487
0.648812
0.329093 1.000000 0.972415 0.999490 0.365403 0.042437 0.105626 0.003167 0.000000 0.011538 0.007929
0.648812
0.323106 1.000000 0.954232 0.999488 0.362812 0.031743 0.079174 0.000420 0.000000 0.001495 0.005766
0.648812
0.330429 1.000000 0.976475 0.999490 0.365835 0.043247 0.107656 0.003582 0.003227 0.012935 0.006487
0.648812
0.323223 1.000000 0.954583 0.999488 0.362812 0.031767 0.079197 0.000446 0.003227 0.001563 0.005045
0.648812
0.329108 1.000000 0.972459 0.999490 0.365403 0.042443 0.105641 0.003145 0.000000 0.011431 0.007929
0.648812
0.323122 1.000000 0.954276 0.999488 0.362812 0.031753 0.079183 0.000422 0.000000 0.001489 0.004325
0.648812
0.328972 1.000000 0.972048 0.999490 0.365403 0.042433 0.105622 0.003117 0.000000 0.011328 0.007208
0.648812
0.323115 1.000000 0.954256 0.999488 0.362812 0.031745 0.079174 0.000421 0.003227 0.001481 0.005045
0.648812
0.328996 1.000000 0.972121 0.999489 0.364971 0.042433 0.105619 0.003137 0.000000 0.011430 0.005766
0.648812
0.325663 1.000000 0.962002 0.999488 0.363676 0.031836 0.079334 0.000900 0.000000 0.003248 0.005766
0.648812
0.329133 1.000000 0.972537 0.999490 0.365403 0.042486 0.105737 0.003171 0.000000 0.011568 0.006487
0.648812
0.323160 1.000000 0.954395 0.999487 0.362380 0.031757 0.079182 0.000433 0.000000 0.001517 0.004325
0.648812
0.329141 1.000000 0.972560 0.999489 0.364971 0.042439 0.105633 0.003148 0.000000 0.011440 0.007208
0.648812
0.323091 1.000000 0.954184 0.999487 0.362380 0.031746 0.079176 0.000416 0.000000 0.001468 0.004325
0.648812
0.328993 1.000000 0.972110 0.999489 0.364971 0.042432 0.105620 0.003115 0.003227 0.011334 0.007208
0.648812
0.324778 1.000000 0.959312 0.999488 0.363244 0.032498 0.081010 0.000792 0.000000 0.002747 0.002883
0.648812
0.329524 1.000000 0.973725 0.999490 0.365403 0.042488 0.105771 0.003261 0.000000 0.011798 0.006487
0.648812
0.323172 1.000000 0.954430 0.999487 0.362380 0.031764 0.079186 0.000426 0.000000 0.001512 0.005045
0.648812
0.329000 1.000000 0.972134 0.999489 0.364971 0.042443 0.105624 0.003129 0.000000 0.011399 0.006487
0.648812
0.323090 1.000000 0.954181 0.999487 0.362380 0.031744 0.079166 0.000415 0.003227 0.001471 0.003604
0.648812
0.328997 1.000000 0.972126 0.999489 0.364971 0.042429 0.105621 0.003137 0.000000 0.011438 0.006487
0.648812
0.323102 1.000000 0.954218 0.999487 0.362380 0.031745 0.079175 0.000415 0.000000 0.001477 0.004325
0.648812
0.332337 1.000000 0.982272 0.999490 0.366267 0.042595 0.106056 0.003725 0.003227 0.013556 0.005766
0.648812
0.323190 1.000000 0.954486 0.999487 0.362380 0.031771 0.079200 0.000437 0.003227 0.001527 0.003604
0.648812
0.329081 1.000000 0.972380 0.999489 0.364971 0.042443 0.105630 0.003151 0.000000 0.011530 0.007929
0.648812
0.323108 1.000000 0.954236 0.999488 0.363244 0.031746 0.079174 0.000421 0.000000 0.001480 0.005045
0.648812
0.329124 1.000000 0.972510 0.999490 0.365835 0.042437 0.105626 0.003143 0.003227 0.011432 0.007208
0.648812
0.323133 1.000000 0.954315 0.999488 0.363244 0.031748 0.079165 0.000424 0.000000 0.001503 0.004325
0.648812
0.330337 1.000000 0.976195 0.999492 0.367995 0.043259 0.107675 0.003567 0.000000 0.012922 0.006487
0.648812
0.323208 1.000000 0.954542 0.999488 0.363244 0.031771 0.079198 0.000440 0.000000 0.001549 0.004325
0.648812
0.329055 1.000000 0.972299 0.999490 0.365835 0.042455 0.105651 0.003155 0.000000 0.011496 0.005766
0.648812
0.323125 1.000000 0.954287 0.999488 0.363244 0.031748 0.079180 0.000422 0.000000 0.001491 0.006487
0.648812
0.329034 1.000000 0.972238 0.999490 0.365835 0.042437 0.105628 0.003136 0.000000 0.011408 0.006487
0.648812
0.323118 1.000000 0.954266 0.999488 0.363244 0.031755 0.079183 0.000422 0.000000 0.001501 0.004325
0.648812
0.329207 1.000000 0.972762 0.999490 0.365835 0.042434 0.105623 0.003183 0.003227 0.011569 0.005766
0.648812
0.325726 1.000000 0.962193 0.999489 0.364539 0.031837 0.079337 0.000913 0.000000 0.003282 0.005766
0.648812
0.329028 1.000000 0.972219 0.999490 0.365835 0.042483 0.105736 0.003158 0.000000 0.011531 0.006487
0.648812
0.323173 1.000000 0.954437 0.999488 0.363244 0.031762 0.079186 0.000429 0.003227 0.001512 0.005045
0.648812
0.329074 1.000000 0.972358 0.999490 0.365835 0.042443 0.105631 0.003142 0.000000 0.011474 0.005766
0.648812
0.323072 1.000000 0.954126 0.999488 0.363244 0.031756 0.079179 0.000415 0.003227 0.001481 0.005045
0.648812
0.329165 1.000000 0.972632 0.999490 0.365835 0.042429 0.105622 0.003168 0.000000 0.011521 0.007208
0.648812
0.324813 1.000000 0.959418 0.999489 0.364108 0.032500 0.081012 0.000802 0.003227 0.002778 0.002883
0.648812
0.329305 1.000000 0.973059 0.999490 0.365835 0.042487 0.105781 0.003204 0.000000 0.011668 0.005766
0.648812
0.323166 1.000000 0.954415 0.999488 0.363244 0.031770 0.079197 0.000427 0.000000 0.001511 0.005045
0.648812
0.329085 1.000000 0.972390 0.999490 0.365835 0.042441 0.105630 0.003148 0.000000 0.011497 0.007208
0.648812
0.323117 1.000000 0.954264 0.999488 0.363244 0.031751 0.079176 0.000418 0.003227 0.001487 0.004325
0.648812
0.329009 1.000000 0.972160 0.999490 0.365403 0.042439 0.105627 0.003134 0.000000 0.011422 0.007929
0.648812
0.323111 1.000000 0.954246 0.999488 0.363244 0.031747 0.079171 0.000420 0.003227 0.001489 0.005045
0.648812
0.332304 1.000000 0.982171 0.999491 0.367131 0.042594 0.106050 0.003715 0.006454 0.013543 0.004325
0.648812
0.323208 1.000000 0.954540 0.999488 0.363244 0.031768 0.079198 0.000439 0.000000 0.001553 0.007208
0.648812
0.329090 1.000000 0.972406 0.999490 0.365403 0.042448 0.105643 0.003157 0.000000 0.011502 0.010091
0.648812
0.323123 1.000000 0.954282 0.999488 0.362812 0.031753 0.079184 0.000426 0.000000 0.001494 0.008649
0.648812
0.329046 1.000000 0.972274 0.999490 0.365403 0.042437 0.105630 0.003152 0.000000 0.011485 0.007929
0.648812
0.323120 1.000000 0.954274 0.999488 0.362812 0.031749 0.079177 0.000426 0.003227 0.001509 0.006487
0.648812
0.330287 1.000000 0.976042 0.999492 0.367995 0.043254 0.107658 0.003573 0.000000 0.012888 0.009370
0.648812
0.323243 1.000000 0.954647 0.999488 0.362812 0.031770 0.079202 0.000450 0.000000 0.001570 0.007929
0.648812
0.329033 1.000000 0.972234 0.999490 0.365403 0.042443 0.105641 0.003142 0.000000 0.011450 0.011532
0.648812
0.323150 1.000000 0.954366 0.999488 0.362812 0.031748 0.079178 0.000427 0.003227 0.001510 0.007929
0.648812
0.329078 1.000000 0.972370 0.999490 0.365403 0.042438 0.105632 0.003148 0.000000 0.011430 0.011532
0.648812
0.323127 1.000000 0.954295 0.999488 0.362812 0.031745 0.079167 0.000425 0.003227 0.001496 0.008649
0.648812
0.329009 1.000000 0.972162 0.999490 0.365403 0.042436 0.105627 0.003140 0.000000 0.011426 0.012253
0.648812
0.325707 1.000000 0.962134 0.999488 0.363676 0.031837 0.079337 0.000913 0.000000 0.003283 0.005766
0.648812
0.329092 1.000000 0.972414 0.999490 0.365403 0.042485 0.105747 0.003177 0.000000 0.011576 0.007929
0.648812
0.323105 1.000000 0.954227 0.999488 0.362812 0.031764 0.079190 0.000418 0.000000 0.001471 0.006487
0.648812
0.329054 1.000000 0.972300 0.999490 0.365403 0.042438 0.105632 0.003148 0.000000 0.011449 0.010091
0.648812
0.323116 1.000000 0.954260 0.999488 0.362812 0.031752 0.079176 0.000418 0.003227 0.001481 0.007208
0.648812
0.329132 1.000000 0.972534 0.999490 0.365403 0.042435 0.105621 0.003158 0.000000 0.011498 0.009370
0.648812
0.324765 1.000000 0.959270 0.999488 0.363244 0.032505 0.081037 0.000789 0.000000 0.002739 0.006487
0.648812
0.329226 1.000000 0.972818 0.999490 0.365403 0.042496 0.105776 0.003199 0.003227 0.011653 0.008649
0.648812
0.323179 1.000000 0.954451 0.999488 0.362812 0.031769 0.079197 0.000435 0.000000 0.001526 0.007929
0.648812
0.329121 1.000000 0.972500 0.999490 0.365403 0.042442 0.105625 0.003154 0.000000 0.011507 0.010091
0.648812
0.323154 1.000000 0.954374 0.999488 0.362812 0.031750 0.079178 0.000428 0.000000 0.001501 0.005766
0.648812
0.329055 1.000000 0.972300 0.999490 0.365403 0.042435 0.105631 0.003136 0.003227 0.011437 0.010091
0.648812
0.323092 1.000000 0.954188 0.999488 0.362812 0.031748 0.079173 0.000418 0.003227 0.001483 0.007929
0.648812
0.332326 1.000000 0.982238 0.999491 0.366699 0.042590 0.106044 0.003721 0.003227 0.013516 0.006487
0.648812
0.323203 1.000000 0.954527 0.999488 0.362812 0.031768 0.079192 0.000443 0.000000 0.001542 0.007929
0.648812
0.329032 1.000000 0.972232 0.999490 0.365403 0.042444 0.105633 0.003141 0.003227 0.011454 0.009370
0.648812
0.323094 1.000000 0.954196 0.999488 0.362812 0.031749 0.079179 0.000420 0.000000 0.001481 0.008649
0.648812
0.329035 1.000000 0.972239 0.999490 0.365403 0.042442 0.105622 0.003137 0.000000 0.011444 0.010812
0.648812
0.323090 1.000000 0.954182 0.999488 0.362812 0.031749 0.079174 0.000416 0.000000 0.001475 0.007208
0.648812
0.330166 1.000000 0.975678 0.999490 0.365835 0.043254 0.107661 0.003535 0.003227 0.012842 0.009370
0.648812
0.323233 1.000000 0.954614 0.999484 0.362812 0.031775 0.079204 0.000444 0.000000 0.001553 0.003604
0.648812
0.329105 1.000000 0.972451 0.999485 0.364971 0.042442 0.105636 0.003151 0.000000 0.011474 0.006487
0.648812
0.323117 1.000000 0.954267 0.999483 0.362380 0.031749 0.079173 0.000423 0.000000 0.001491 0.005045
0.648812
0.329029 1.000000 0.972222 0.999485 0.364971 0.042434 0.105624 0.003124 0.003227 0.011387 0.005766
0.648812
0.323058 1.000000 0.954083 0.999483 0.362380 0.031751 0.079175 0.000406 0.000000 0.001443 0.005766
0.648812
0.328996 1.000000 0.972123 0.999485 0.364971 0.042436 0.105622 0.003132 0.000000 0.011431 0.007208
0.648812
0.325708 1.000000 0.962141 0.999484 0.363676 0.031837 0.079334 0.000907 0.000000 0.003261 0.005766
0.648812
0.329110 1.000000 0.972469 0.999485 0.364971 0.042494 0.105747 0.003175 0.000000 0.011580 0.005045
0.648812
0.323140 1.000000 0.954332 0.999483 0.362380 0.031754 0.079184 0.000429 0.000000 0.001497 0.004325
0.648812
0.328973 1.000000 0.972052 0.999485 0.364971 0.042436 0.105620 0.003124 0.000000 0.011358 0.007929
0.648812
0.323107 1.000000 0.954234 0.999483 0.362380 0.031750 0.079178 0.000418 0.000000 0.001492 0.005045
0.648812
0.329040 1.000000 0.972255 0.999485 0.364971 0.042438 0.105625 0.003140 0.000000 0.011439 0.007208
0.648812
0.330710 1.000000 0.977330 0.999486 0.365835 0.034670 0.079365 0.004165 0.006454 0.004985 0.003604
0.648812
0.330675 1.000000 0.977224 0.999486 0.365403 0.042600 0.106072 0.003454 0.003227 0.012434 0.006487
0.648812
0.323206 1.000000 0.954535 0.999483 0.362380 0.031770 0.079198 0.000436 0.000000 0.001535 0.005766
0.648812
0.329034 1.000000 0.972237 0.999485 0.364971 0.042443 0.105633 0.003145 0.000000 0.011424 0.008649
0.648812
0.323119 1.000000 0.954271 0.999483 0.362380 0.031749 0.079180 0.000423 0.000000 0.001507 0.004325
0.648812
0.329040 1.000000 0.972256 0.999485 0.364971 0.042434 0.105625 0.003139 0.000000 0.011440 0.007208
0.648812
0.323109 1.000000 0.954241 0.999484 0.363244 0.031749 0.079167 0.000418 0.000000 0.001476 0.003604
0.648812
0.332271 1.000000 0.982075 0.999487 0.367131 0.042595 0.106050 0.003727 0.000000 0.013556 0.006487
0.648812
0.323197 1.000000 0.954509 0.999484 0.363244 0.031769 0.079192 0.000434 0.000000 0.001520 0.004325
0.648812
0.329107 1.000000 0.972459 0.999486 0.365835 0.042447 0.105636 0.003156 0.000000 0.011501 0.005766
0.648812
0.323129 1.000000 0.954301 0.999484 0.363244 0.031753 0.079184 0.000421 0.000000 0.001491 0.004325
0.648812
0.329062 1.000000 0.972321 0.999486 0.365835 0.042433 0.105617 0.003132 0.000000 0.011431 0.006487
0.648812
0.323109 1.000000 0.954238 0.999484 0.363244 0.031749 0.079170 0.000422 0.000000 0.001501 0.005766
0.648812
0.337847 1.000000 0.999003 0.999490 0.371018 0.045383 0.106076 0.008742 0.006454 0.019202 0.008649
0.648812
0.323948 1.000000 0.956790 0.999484 0.363676 0.031837 0.079336 0.000598 0.000000 0.002068 0.006487
0.648812
0.329178 1.000000 0.972675 0.999486 0.365835 0.042472 0.105707 0.003185 0.000000 0.011583 0.005045
0.648812
0.323149 1.000000 0.954364 0.999484 0.363244 0.031766 0.079190 0.000428 0.000000 0.001507 0.005766
0.648812
0.329119 1.000000 0.972496 0.999486 0.365835 0.042438 0.105626 0.003160 0.000000 0.011541 0.007208
0.648812
0.323107 1.000000 0.954233 0.999484 0.363244 0.031746 0.079174 0.000419 0.000000 0.001478 0.005045
0.648812
0.329038 1.000000 0.972248 0.999486 0.365835 0.042440 0.105628 0.003136 0.000000 0.011427 0.007208
0.648812
0.325703 1.000000 0.962125 0.999485 0.364539 0.031839 0.079339 0.000911 0.000000 0.003289 0.004325
0.648812
0.329010 1.000000 0.972163 0.999486 0.365403 0.042494 0.105747 0.003145 0.000000 0.011494 0.005766
0.648812
0.323157 1.000000 0.954385 0.999484 0.363244 0.031753 0.079182 0.000430 0.000000 0.001523 0.005045
0.648812
0.328998 1.000000 0.972125 0.999486 0.365403 0.042447 0.105631 0.003147 0.000000 0.011459 0.007208
0.648812
0.323088 1.000000 0.954178 0.999484 0.363244 0.031750 0.079175 0.000420 0.000000 0.001479 0.005766
0.648812
0.328983 1.000000 0.972083 0.999486 0.365403 0.042440 0.105626 0.003115 0.000000 0.011351 0.005045
0.648812
0.330671 1.000000 0.977213 0.999488 0.368427 0.034669 0.079351 0.004163 0.006454 0.004988 0.003604
0.648812
0.330536 1.000000 0.976802 0.999486 0.366267 0.042599 0.106057 0.003434 0.003227 0.012342 0.005045
0.648812
0.323212 1.000000 0.954556 0.999484 0.363244 0.031771 0.079197 0.000436 0.000000 0.001542 0.006487
0.648812
0.329067 1.000000 0.972336 0.999486 0.365403 0.042440 0.105629 0.003137 0.003227 0.011434 0.006487
0.648812
0.323137 1.000000 0.954325 0.999484 0.363244 0.031749 0.079175 0.000424 0.003227 0.001497 0.003604
0.648812
0.329082 1.000000 0.972383 0.999486 0.365403 0.042434 0.105621 0.003135 0.000000 0.011416 0.007208
0.648812
0.323069 1.000000 0.954120 0.999484 0.362812 0.031746 0.079169 0.000412 0.000000 0.001451 0.004325
0.648812
0.332263 1.000000 0.982047 0.999487 0.367131 0.042595 0.106045 0.003712 0.003227 0.013508 0.005045
0.648812
0.323155 1.000000 0.954381 0.999484 0.362812 0.031770 0.079197 0.000431 0.000000 0.001513 0.005766
0.648812
0.329115 1.000000 0.972485 0.999486 0.365403 0.042437 0.105630 0.003155 0.000000 0.011490 0.007208
0.648812
0.323097 1.000000 0.954205 0.999484 0.362812 0.031752 0.079180 0.000416 0.003227 0.001469 0.005045
0.648812
0.328970 1.000000 0.972043 0.999486 0.365403 0.042441 0.105621 0.003130 0.000000 0.011420 0.006487
0.648812
0.323137 1.000000 0.954328 0.999484 0.362812 0.031745 0.079173 0.000428 0.003227 0.001508 0.005766
0.648812
0.337923 1.000000 0.999234 0.999490 0.371018 0.045384 0.106018 0.008751 0.009681 0.019182 0.005045
0.648812
0.323946 1.000000 0.956782 0.999484 0.363244 0.031838 0.079336 0.000600 0.003227 0.002085 0.005045
0.648812
0.329166 1.000000 0.972637 0.999486 0.365403 0.042476 0.105711 0.003181 0.000000 0.011605 0.007208
0.648812
0.323123 1.000000 0.954283 0.999484 0.362812 0.031762 0.079183 0.000427 0.000000 0.001498 0.005045
0.648812
0.329029 1.000000 0.972222 0.999486 0.365403 0.042438 0.105625 0.003114 0.000000 0.011331 0.006487
0.648812
0.323135 1.000000 0.954318 0.999484 0.362812 0.031750 0.079176 0.000424 0.000000 0.001491 0.004325
0.648812
0.329011 1.000000 0.972169 0.999486 0.365403 0.042438 0.105622 0.003126 0.000000 0.011378 0.007208
0.648812
0.325707 1.000000 0.962132 0.999484 0.363676 0.031837 0.079334 0.000907 0.000000 0.003266 0.006487
0.648812
0.329044 1.000000 0.972267 0.999486 0.365403 0.042495 0.105745 0.003157 0.000000 0.011542 0.006487
0.648812
0.323133 1.000000 0.954312 0.999484 0.362812 0.031768 0.079194 0.000434 0.000000 0.001514 0.005045
0.648812
0.329013 1.000000 0.972171 0.999486 0.365403 0.042439 0.105630 0.003149 0.003227 0.011453 0.007208
0.648812
0.323105 1.000000 0.954228 0.999484 0.362812 0.031753 0.079177 0.000418 0.000000 0.001480 0.006487
0.648812
0.329000 1.000000 0.972135 0.999486 0.365403 0.042442 0.105627 0.003138 0.003227 0.011428 0.006487
0.648812
0.330575 1.000000 0.976920 0.999486 0.365835 0.034656 0.079397 0.004162 0.009682 0.005030 0.005766
0.648812
0.330644 1.000000 0.977126 0.999486 0.366267 0.042594 0.106052 0.003452 0.003227 0.012406 0.007929
0.648812
0.323167 1.000000 0.954416 0.999484 0.362812 0.031772 0.079203 0.000431 0.000000 0.001525 0.004325
0.648812
0.329080 1.000000 0.972376 0.999486 0.365403 0.042440 0.105640 0.003165 0.000000 0.011528 0.006487
0.648812
0.323092 1.000000 0.954187 0.999484 0.362812 0.031746 0.079174 0.000414 0.000000 0.001469 0.008649
0.648812
0.329058 1.000000 0.972309 0.999486 0.365403 0.042434 0.105619 0.003153 0.000000 0.011480 0.007208
0.648812
0.323152 1.000000 0.954369 0.999484 0.362812 0.031749 0.079181 0.000426 0.000000 0.001511 0.007929
0.648812
0.332371 1.000000 0.982376 0.999487 0.366699 0.042595 0.106057 0.003746 0.003227 0.013620 0.007208
0.648812
0.323229 1.000000 0.954606 0.999484 0.362812 0.031770 0.079201 0.000446 0.000000 0.001567 0.007208
0.648812
0.329137 1.000000 0.972549 0.999485 0.364971 0.042445 0.105640 0.003168 0.000000 0.011537 0.010091
0.648812
0.323099 1.000000 0.954208 0.999483 0.362380 0.031750 0.079178 0.000421 0.000000 0.001493 0.007929
0.648812
0.329017 1.000000 0.972185 0.999485 0.364971 0.042437 0.105619 0.003142 0.000000 0.011465 0.007208
0.648812
0.323109 1.000000 0.954242 0.999483 0.362380 0.031750 0.079176 0.000424 0.000000 0.001488 0.008649
0.648812
0.337717 1.000000 0.998611 0.999490 0.370586 0.045381 0.106137 0.008748 0.009681 0.019149 0.006487
0.648812
0.323964 1.000000 0.956838 0.999484 0.362812 0.031836 0.079336 0.000609 0.000000 0.002098 0.009370
0.648812
0.329107 1.000000 0.972458 0.999485 0.364971 0.042479 0.105723 0.003173 0.003227 0.011570 0.007929
0.648812
0.323120 1.000000 0.954274 0.999483 0.362380 0.031763 0.079188 0.000430 0.000000 0.001519 0.007929
0.648812
0.329065 1.000000 0.972330 0.999485 0.364971 0.042438 0.105619 0.003166 0.003227 0.011518 0.010091
0.648812
0.323113 1.000000 0.954251 0.999483 0.362380 0.031748 0.079179 0.000423 0.003227 0.001494 0.006487
0.648812
0.328964 1.000000 0.972023 0.999485 0.364971 0.042437 0.105620 0.003129 0.000000 0.011387 0.010812
0.648812
0.325746 1.000000 0.962254 0.999484 0.363676 0.031835 0.079335 0.000920 0.000000 0.003308 0.007929
0.648812
0.329003 1.000000 0.972146 0.999485 0.364971 0.042494 0.105740 0.003166 0.000000 0.011587 0.010812
0.648812
0.323137 1.000000 0.954325 0.999483 0.362380 0.031767 0.079192 0.000433 0.000000 0.001523 0.007208
0.648812
0.329052 1.000000 0.972290 0.999485 0.364971 0.042442 0.105628 0.003163 0.000000 0.011506 0.010091
0.648812
0.323111 1.000000 0.954247 0.999483 0.362380 0.031748 0.079179 0.000419 0.000000 0.001487 0.007929
0.648812
0.329030 1.000000 0.972225 0.999485 0.364971 0.042435 0.105623 0.003140 0.000000 0.011421 0.010812
0.648812
0.330567 1.000000 0.976894 0.999488 0.367995 0.034659 0.079392 0.004147 0.006454 0.004991 0.007208
0.648812
0.330657 1.000000 0.977167 0.999486 0.366267 0.042598 0.106062 0.003449 0.003227 0.012399 0.009370
0.648812
0.323221 1.000000 0.954581 0.999484 0.363244 0.031769 0.079197 0.000445 0.000000 0.001556 0.005045
0.648812
0.329077 1.000000 0.972368 0.999486 0.365835 0.042440 0.105625 0.003159 0.000000 0.011510 0.010091
0.648812
0.323103 1.000000 0.954222 0.999484 0.363244 0.031755 0.079184 0.000418 0.000000 0.001476 0.009370
0.648812
0.329017 1.000000 0.972185 0.999486 0.365835 0.042442 0.105626 0.003141 0.000000 0.011435 0.010812
0.648812
0.323108 1.000000 0.954238 0.999484 0.363244 0.031746 0.079174 0.000419 0.000000 0.001489 0.007929
0.648812
0.332432 1.000000 0.982560 0.999487 0.367131 0.042593 0.106049 0.003738 0.003227 0.013568 0.007929
0.648812
0.323223 1.000000 0.954584 0.999484 0.363244 0.031771 0.079203 0.000444 0.003227 0.001554 0.007208
0.648812
0.329156 1.000000 0.972605 0.999486 0.365835 0.042443 0.105642 0.003168 0.000000 0.011516 0.012253
0.648812
0.323110 1.000000 0.954243 0.999484 0.363244 0.031749 0.079178 0.000428 0.000000 0.001505 0.005045
0.648812
0.329115 1.000000 0.972483 0.999486 0.365835 0.042441 0.105629 0.003160 0.000000 0.011507 0.006487
0.648812
0.323106 1.000000 0.954229 0.999484 0.363244 0.031749 0.079175 0.000422 0.003227 0.001491 0.003604
0.648812
0.338175 1.000000 1.000000 0.999491 0.371450 0.045370 0.106112 0.008795 0.003227 0.019322 0.005045
0.648812
0.323952 1.000000 0.956802 0.999484 0.363244 0.031835 0.079335 0.000603 0.003227 0.002075 0.004325
0.648812
0.329174 1.000000 0.972661 0.999486 0.365835 0.042475 0.105702 0.003196 0.000000 0.011637 0.007929
0.648812
0.323158 1.000000 0.954390 0.999484 0.363244 0.031754 0.079184 0.000430 0.000000 0.001531 0.004325
0.648812
0.329040 1.000000 0.972252 0.999486 0.365835 0.042442 0.105628 0.003146 0.000000 0.011455 0.007929
0.648812
0.323122 1.000000 0.954278 0.999484 0.363244 0.031750 0.079170 0.000419 0.000000 0.001480 0.006487
0.648812
0.329007 1.000000 0.972154 0.999486 0.365403 0.042439 0.105623 0.003113 0.000000 0.011349 0.007208
0.648812
0.325711 1.000000 0.962142 0.999485 0.364108 0.031837 0.079336 0.000919 0.003227 0.003302 0.003604
0.648812
0.329057 1.000000 0.972306 0.999486 0.365403 0.042484 0.105736 0.003164 0.000000 0.011554 0.007929
0.648812
0.323190 1.000000 0.954485 0.999484 0.363244 0.031763 0.079187 0.000433 0.000000 0.001503 0.004325
0.648812
0.329001 1.000000 0.972139 0.999486 0.365403 0.042446 0.105640 0.003132 0.000000 0.011422 0.005045
0.648812
0.323103 1.000000 0.954220 0.999484 0.363244 0.031747 0.079174 0.000420 0.000000 0.001479 0.004325
0.648812
0.328969 1.000000 0.972039 0.999486 0.365403 0.042439 0.105629 0.003141 0.000000 0.011402 0.005045
0.648812
0.330644 1.000000 0.977129 0.999486 0.365835 0.034661 0.079380 0.004154 0.006454 0.004988 0.004325
0.648812
0.330821 1.000000 0.977664 0.999486 0.366267 0.042592 0.106044 0.003488 0.003227 0.012513 0.005766
0.648812
0.323214 1.000000 0.954561 0.999484 0.363244 0.031771 0.079201 0.000438 0.000000 0.001541 0.005766
0.648812
0.329114 1.000000 0.972479 0.999486 0.365403 0.042435 0.105634 0.003148 0.003227 0.011451 0.007208
0.648812
0.323103 1.000000 0.954221 0.999484 0.362812 0.031745 0.079177 0.000422 0.003227 0.001493 0.005045
0.648812
0.329110 1.000000 0.972468 0.999486 0.365403 0.042434 0.105630 0.003156 0.000000 0.011501 0.006487
0.648812
0.323074 1.000000 0.954135 0.999484 0.362812 0.031744 0.079165 0.000411 0.000000 0.001461 0.005045
0.648812
0.332335 1.000000 0.982267 0.999487 0.367131 0.042599 0.106039 0.003724 0.003227 0.013536 0.005766
0.648812
0.323219 1.000000 0.954577 0.999484 0.362812 0.031765 0.079197 0.000442 0.000000 0.001545 0.003604
0.648812
0.329098 1.000000 0.972430 0.999486 0.365403 0.042440 0.105643 0.003154 0.000000 0.011472 0.007208
0.648812
0.323084 1.000000 0.954164 0.999484 0.362812 0.031748 0.079178 0.000419 0.000000 0.001465 0.005045
0.648812
0.329036 1.000000 0.972242 0.999486 0.365403 0.042433 0.105626 0.003130 0.000000 0.011419 0.006487
0.648812
0.323106 1.000000 0.954234 0.999484 0.362812 0.031752 0.079174 0.000418 0.000000 0.001491 0.005766
0.648812
0.337720 1.000000 0.998620 0.999490 0.371018 0.045373 0.106114 0.008732 0.003227 0.019157 0.006487
0.648812
0.323968 1.000000 0.956853 0.999484 0.363244 0.031838 0.079340 0.000609 0.000000 0.002102 0.005045
0.648812
0.329227 1.000000 0.972824 0.999486 0.365403 0.042471 0.105705 0.003192 0.000000 0.011596 0.007208
0.648812
0.323131 1.000000 0.954305 0.999484 0.362812 0.031765 0.079189 0.000425 0.003227 0.001505 0.003604
0.648812
0.329050 1.000000 0.972286 0.999486 0.365403 0.042445 0.105629 0.003149 0.000000 0.011458 0.007929
0.648812
0.323110 1.000000 0.954243 0.999484 0.362812 0.031749 0.079172 0.000418 0.000000 0.001477 0.005766
0.648812
0.329091 1.000000 0.972409 0.999486 0.365403 0.042432 0.105625 0.003151 0.000000 0.011499 0.006487
0.648812
0.325682 1.000000 0.962059 0.999484 0.363676 0.031837 0.079340 0.000909 0.000000 0.003283 0.005766
0.648812
0.329036 1.000000 0.972240 0.999486 0.365403 0.042492 0.105749 0.003178 0.000000 0.011624 0.006487
0.648812
0.323195 1.000000 0.954502 0.999484 0.362812 0.031761 0.079188 0.000435 0.000000 0.001530 0.005045
0.648812
0.329074 1.000000 0.972356 0.999486 0.365403 0.042443 0.105636 0.003139 0.000000 0.011427 0.005766
0.648812
0.323110 1.000000 0.954243 0.999484 0.362812 0.031750 0.079178 0.000418 0.000000 0.001478 0.004325
0.648812
0.329058 1.000000 0.972309 0.999486 0.365403 0.042437 0.105629 0.003128 0.000000 0.011382 0.008649
0.648812
0.330553 1.000000 0.976851 0.999486 0.365835 0.034658 0.079404 0.004145 0.009682 0.004978 0.007929
0.648812
0.330680 1.000000 0.977238 0.999486 0.366267 0.042591 0.106042 0.003460 0.003227 0.012407 0.005045
0.648812
0.323191 1.000000 0.954492 0.999484 0.362812 0.031770 0.079197 0.000436 0.003227 0.001526 0.005045
0.648812
0.329019 1.000000 0.972192 0.999486 0.365403 0.042445 0.105630 0.003133 0.000000 0.011430 0.007208
0.648812
0.323131 1.000000 0.954307 0.999484 0.362812 0.031747 0.079171 0.000423 0.000000 0.001506 0.005766
0.648812
0.329052 1.000000 0.972293 0.999485 0.364971 0.042437 0.105625 0.003153 0.000000 0.011468 0.005045
0.648812
0.323094 1.000000 0.954193 0.999483 0.362380 0.031750 0.079171 0.000422 0.000000 0.001502 0.005045
0.648812
0.332234 1.000000 0.981963 0.999486 0.366267 0.042595 0.106045 0.003710 0.006454 0.013518 0.005045
0.648812
0.323201 1.000000 0.954521 0.999483 0.362380 0.031771 0.079197 0.000440 0.000000 0.001533 0.005045
0.648812
0.329096 1.000000 0.972425 0.999485 0.364971 0.042439 0.105631 0.003145 0.000000 0.011445 0.007208
0.648812
0.323140 1.000000 0.954334 0.999483 0.362380 0.031762 0.079180 0.000423 0.000000 0.001502 0.005045
0.648812
0.329068 1.000000 0.972340 0.999485 0.364971 0.042432 0.105618 0.003135 0.000000 0.011452 0.006487
0.648812
0.323100 1.000000 0.954214 0.999483 0.362380 0.031750 0.079172 0.000419 0.000000 0.001482 0.004325
0.648812
0.337867 1.000000 0.999064 0.999490 0.370586 0.045366 0.106058 0.008751 0.009681 0.019279 0.006487
0.648812
0.323949 1.000000 0.956793 0.999484 0.362812 0.031838 0.079338 0.000602 0.003227 0.002072 0.005766
0.648812
0.329159 1.000000 0.972619 0.999485 0.364971 0.042474 0.105708 0.003182 0.003227 0.011568 0.006487
0.648812
0.323137 1.000000 0.954325 0.999483 0.362380 0.031759 0.079182 0.000427 0.000000 0.001513 0.005045
0.648812
0.329047 1.000000 0.972278 0.999485 0.364971 0.042435 0.105629 0.003126 0.000000 0.011395 0.006487
0.648812
0.323063 1.000000 0.954099 0.999483 0.362380 0.031749 0.079174 0.000413 0.000000 0.001463 0.005766
0.648812
0.329105 1.000000 0.972452 0.999485 0.364971 0.042435 0.105625 0.003149 0.000000 0.011437 0.007208
0.648812
0.325720 1.000000 0.962174 0.999484 0.363676 0.031834 0.079330 0.000910 0.000000 0.003293 0.005045
0.648812
0.329184 1.000000 0.972695 0.999485 0.364971 0.042478 0.105712 0.003185 0.000000 0.011615 0.005045
0.648812
0.323158 1.000000 0.954390 0.999484 0.363244 0.031767 0.079191 0.000432 0.000000 0.001523 0.006487
0.648812
0.329029 1.000000 0.972223 0.999486 0.365835 0.042441 0.105633 0.003159 0.003227 0.011511 0.005766
0.648812
0.323098 1.000000 0.954206 0.999484 0.363244 0.031753 0.079181 0.000415 0.000000 0.001472 0.006487
0.648812
0.329034 1.000000 0.972239 0.999486 0.365835 0.042438 0.105627 0.003123 0.000000 0.011357 0.007208
0.648812
0.330545 1.000000 0.976827 0.999488 0.368427 0.034659 0.079388 0.004145 0.009682 0.004966 0.005045
0.648812
0.330609 1.000000 0.977025 0.999486 0.366267 0.042598 0.106053 0.003454 0.003227 0.012409 0.010091
0.648812
0.323213 1.000000 0.954555 0.999484 0.363244 0.031771 0.079201 0.000442 0.000000 0.001552 0.007929
0.648812
0.305017 0.333333 0.461282 0.494919 0.269625 0.023277 0.057783 0.000103 0.006453 0.000291 0.014413
0.893504
0.654096 0.333333 0.966205 0.999656 0.574668 0.042822 0.106531 0.003518 0.000000 0.012763 0.015853
0.893504
0.643920 0.333333 0.950750 0.999649 0.566462 0.032239 0.080318 0.000350 0.000000 0.001244 0.016574
0.893504
0.654020 0.333333 0.966089 0.999656 0.574668 0.042821 0.106512 0.003512 0.000000 0.012754 0.016574
0.893504
0.646920 0.333333 0.955306 0.999651 0.569485 0.032236 0.080317 0.000799 0.000000 0.002915 0.015853
0.893504
0.654297 0.333333 0.966510 0.999656 0.575532 0.042913 0.106716 0.003660 0.003226 0.013222 0.014412
0.893504
0.643979 0.333333 0.950839 0.999649 0.566893 0.032240 0.080320 0.000353 0.000000 0.001244 0.018015
0.893504
0.653973 0.333333 0.966017 0.999656 0.574668 0.042815 0.106528 0.003514 0.000000 0.012769 0.012971
0.893504
0.643927 0.333333 0.950760 0.999649 0.566462 0.032238 0.080319 0.000350 0.000000 0.001250 0.015853
0.893504
0.654024 0.333333 0.966095 0.999656 0.574668 0.042816 0.106518 0.003499 0.003226 0.012729 0.012971
0.893504
0.643834 0.333333 0.950617 0.999649 0.566462 0.032235 0.080318 0.000339 0.003226 0.001212 0.015133
0.893504
0.663322 0.333333 0.980218 0.999659 0.578987 0.045982 0.106708 0.009071 0.012905 0.019778 0.015133
0.893504
0.644484 0.333333 0.951605 0.999651 0.569053 0.032310 0.080474 0.000456 0.003226 0.001596 0.014412
0.893504
0.653891 0.333333 0.965893 0.999656 0.574668 0.042846 0.106622 0.003547 0.000000 0.012843 0.012971
0.893504
0.643991 0.333333 0.950857 0.999649 0.566462 0.032240 0.080321 0.000359 0.000000 0.001272 0.015133
0.893504
0.653911 0.333333 0.965924 0.999656 0.574668 0.042822 0.106524 0.003500 0.000000 0.012700 0.015853
0.893504
0.643932 0.333333 0.950768 0.999649 0.566462 0.032239 0.080319 0.000354 0.000000 0.001260 0.016574
0.893504
0.656284 0.333333 0.969529 0.999655 0.573804 0.042820 0.106520 0.003870 0.003226 0.014115 0.015853
0.893504
0.644710 0.333333 0.951949 0.999651 0.569053 0.032310 0.080475 0.000492 0.000000 0.001677 0.013692
0.893504
0.653797 0.333333 0.965750 0.999656 0.574668 0.042851 0.106631 0.003587 0.003226 0.012938 0.014412
0.893504
0.643962 0.333333 0.950812 0.999649 0.566462 0.032243 0.080320 0.000358 0.000000 0.001268 0.017295
0.893504
0.654165 0.333333 0.966310 0.999656 0.574668 0.042819 0.106526 0.003513 0.006453 0.012744 0.014412
0.893504
0.643956 0.333333 0.950805 0.999649 0.566462 0.032240 0.080326 0.000351 0.000000 0.001247 0.016574
0.893504
0.653977 0.333333 0.966024 0.999654 0.572508 0.042818 0.106521 0.003491 0.000000 0.012661 0.014412
0.893504
0.653086 0.333333 0.964674 0.999654 0.573372 0.035374 0.080529 0.004316 0.006453 0.005111 0.015853
0.893504
0.654246 0.333333 0.966432 0.999656 0.574668 0.042914 0.106716 0.003643 0.000000 0.013141 0.017294
0.893504
0.643938 0.333333 0.950777 0.999649 0.566462 0.032241 0.080321 0.000352 0.000000 0.001244 0.016574
0.893504
0.653869 0.333333 0.965860 0.999656 0.574668 0.042820 0.106529 0.003497 0.003226 0.012707 0.015133
0.893504
0.643879 0.333333 0.950687 0.999649 0.566462 0.032238 0.080324 0.000349 0.000000 0.001241 0.016574
0.893504
0.654027 0.333333 0.966100 0.999654 0.572508 0.042819 0.106511 0.003511 0.003226 0.012734 0.015133
0.893504
0.646910 0.333333 0.955290 0.999652 0.570781 0.032237 0.080317 0.000807 0.006453 0.002954 0.012971
0.893504
0.654097 0.333333 0.966206 0.999656 0.574668 0.042916 0.106718 0.003642 0.000000 0.013137 0.015133
0.893504
0.643973 0.333333 0.950830 0.999649 0.566893 0.032240 0.080322 0.000356 0.000000 0.001262 0.015853
0.893504
0.654039 0.333333 0.966118 0.999656 0.574668 0.042815 0.106513 0.003497 0.003226 0.012688 0.013691
0.893504
0.643873 0.333333 0.950678 0.999649 0.566462 0.032236 0.080317 0.000345 0.000000 0.001220 0.015853
0.893504
0.654101 0.333333 0.966213 0.999654 0.572508 0.042814 0.106510 0.003509 0.000000 0.012738 0.016574
0.893504
0.643926 0.333333 0.950758 0.999651 0.569485 0.032241 0.080321 0.000345 0.000000 0.001231 0.016574
0.893504
0.663354 0.333333 0.980265 0.999659 0.578987 0.045994 0.106772 0.009088 0.009679 0.019812 0.016574
0.893504
0.644536 0.333333 0.951686 0.999649 0.566893 0.032311 0.080471 0.000469 0.000000 0.001650 0.016574
0.893504
0.654009 0.333333 0.966072 0.999656 0.574668 0.042853 0.106623 0.003575 0.000000 0.012919 0.011530
0.893504
0.643960 0.333333 0.950808 0.999649 0.566462 0.032239 0.080323 0.000357 0.003226 0.001253 0.015853
0.893504
0.653977 0.333333 0.966024 0.999652 0.570349 0.042818 0.106519 0.003489 0.006453 0.012656 0.014412
0.893504
0.643875 0.333333 0.950681 0.999651 0.569485 0.032240 0.080322 0.000351 0.000000 0.001239 0.015853
0.893504
0.656350 0.333333 0.969630 0.999656 0.575532 0.042821 0.106509 0.003846 0.006453 0.014027 0.015133
0.893504
0.644575 0.333333 0.951744 0.999649 0.566893 0.032308 0.080471 0.000484 0.000000 0.001659 0.015853
0.893504
0.653779 0.333333 0.965724 0.999654 0.572508 0.042856 0.106643 0.003591 0.003226 0.012980 0.012250
0.893504
0.643928 0.333333 0.950762 0.999649 0.566462 0.032238 0.080317 0.000347 0.000000 0.001225 0.012250
0.893504
0.654068 0.333333 0.966161 0.999652 0.570349 0.042818 0.106514 0.003490 0.003226 0.012691 0.012250
0.893504
0.643894 0.333333 0.950710 0.999651 0.569485 0.032240 0.080319 0.000346 0.000000 0.001233 0.016574
0.893504
0.654044 0.333333 0.966124 0.999656 0.574668 0.042818 0.106521 0.003515 0.003226 0.012740 0.014412
0.893504
0.653194 0.333333 0.964837 0.999654 0.572508 0.035381 0.080491 0.004302 0.006453 0.005064 0.012971
0.893504
0.653926 0.333333 0.965947 0.999656 0.574668 0.042913 0.106719 0.003640 0.003226 0.013140 0.015133
0.893504
0.644021 0.333333 0.950904 0.999649 0.566462 0.032243 0.080322 0.000363 0.003226 0.001291 0.015133
0.893504
0.654087 0.333333 0.966191 0.999654 0.572508 0.042822 0.106521 0.003522 0.000000 0.012780 0.015853
0.893504
0.643931 0.333333 0.950767 0.999651 0.569485 0.032237 0.080326 0.000350 0.000000 0.001243 0.016574
0.893504
0.653998 0.333333 0.966056 0.999656 0.574668 0.042819 0.106526 0.003507 0.003226 0.012753 0.014412
0.893504
0.646875 0.333333 0.955239 0.999652 0.569917 0.032237 0.080322 0.000793 0.000000 0.002908 0.015133
0.893504
0.654307 0.333333 0.966525 0.999656 0.574668 0.042919 0.106717 0.003663 0.000000 0.013202 0.014412
0.893504
0.643944 0.333333 0.950784 0.999649 0.566462 0.032236 0.080319 0.000347 0.000000 0.001244 0.015853
0.893504
0.653997 0.333333 0.966055 0.999652 0.570349 0.042817 0.106518 0.003500 0.003226 0.012711 0.013691
0.893504
0.643925 0.333333 0.950757 0.999651 0.569485 0.032237 0.080324 0.000345 0.000000 0.001227 0.015853
0.893504
0.653999 0.333333 0.966057 0.999656 0.574668 0.042816 0.106516 0.003487 0.003226 0.012646 0.014412
0.893504
0.643867 0.333333 0.950670 0.999649 0.566893 0.032240 0.080319 0.000347 0.003226 0.001233 0.014412
0.893504
0.663325 0.333333 0.980220 0.999659 0.578555 0.045987 0.106744 0.009112 0.009679 0.019909 0.014412
0.893504
0.644559 0.333333 0.951720 0.999649 0.566893 0.032308 0.080476 0.000467 0.000000 0.001642 0.017295
0.893504
0.653857 0.333333 0.965841 0.999654 0.572508 0.042840 0.106598 0.003559 0.003226 0.012853 0.012971
0.893504
0.643910 0.333333 0.950734 0.999651 0.569053 0.032242 0.080328 0.000345 0.003226 0.001231 0.011530
0.893504
0.654021 0.333333 0.966091 0.999656 0.574668 0.042817 0.106525 0.003517 0.000000 0.012780 0.010088
0.893504
0.643930 0.333333 0.950764 0.999649 0.566893 0.032241 0.080323 0.000349 0.003226 0.001240 0.011530
0.893504
0.656089 0.333333 0.969233 0.999656 0.575532 0.042821 0.106521 0.003870 0.000000 0.014145 0.011530
0.893504
0.644633 0.333333 0.951835 0.999649 0.566893 0.032304 0.080469 0.000492 0.000000 0.001675 0.011530
0.893504
0.653803 0.333333 0.965759 0.999654 0.572508 0.042853 0.106630 0.003595 0.003226 0.012978 0.012250
0.893504
0.643946 0.333333 0.950790 0.999651 0.568621 0.032241 0.080324 0.000349 0.000000 0.001237 0.013692
0.893504
0.654038 0.333333 0.966115 0.999656 0.574668 0.042818 0.106517 0.003504 0.000000 0.012729 0.011530
0.893504
0.643901 0.333333 0.950721 0.999649 0.566893 0.032240 0.080320 0.000345 0.000000 0.001222 0.012250
0.893504
0.653794 0.333333 0.965746 0.999656 0.574668 0.042819 0.106529 0.003501 0.003226 0.012690 0.010088
0.893504
0.653050 0.333333 0.964618 0.999653 0.572076 0.035381 0.080537 0.004304 0.009679 0.005080 0.009368
0.893504
0.654340 0.333333 0.966573 0.999656 0.574668 0.042912 0.106703 0.003644 0.000000 0.013146 0.012250
0.893504
0.644006 0.333333 0.950880 0.999651 0.568621 0.032243 0.080322 0.000360 0.000000 0.001278 0.012971
0.893504
0.653936 0.333333 0.965961 0.999656 0.574668 0.042822 0.106523 0.003507 0.000000 0.012717 0.010088
0.893504
0.643853 0.333333 0.950648 0.999649 0.566893 0.032240 0.080319 0.000344 0.000000 0.001215 0.013692
0.893504
0.654053 0.333333 0.966138 0.999656 0.574668 0.042818 0.106524 0.003496 0.006453 0.012700 0.009368
0.893504
0.646841 0.333333 0.955185 0.999651 0.569485 0.032239 0.080325 0.000788 0.000000 0.002890 0.010809
0.893504
0.654234 0.333333 0.966413 0.999656 0.574668 0.042919 0.106719 0.003650 0.000000 0.013168 0.012250
0.893504
0.644009 0.333333 0.950885 0.999651 0.568621 0.032241 0.080323 0.000357 0.000000 0.001267 0.013692
0.893504
0.653857 0.333333 0.965841 0.999656 0.575100 0.042821 0.106529 0.003508 0.000000 0.012709 0.013691
0.893504
0.643938 0.333333 0.950775 0.999649 0.566893 0.032239 0.080323 0.000353 0.000000 0.001262 0.013692
0.893504
0.654019 0.333333 0.966087 0.999656 0.574668 0.042819 0.106523 0.003513 0.006453 0.012734 0.012971
0.893504
0.643876 0.333333 0.950684 0.999649 0.566462 0.032236 0.080316 0.000340 0.000000 0.001216 0.012971
0.893504
0.663288 0.333333 0.980165 0.999658 0.578123 0.045988 0.106772 0.009079 0.009679 0.019857 0.011530
0.893504
0.644570 0.333333 0.951736 0.999651 0.569053 0.032312 0.080475 0.000471 0.000000 0.001655 0.012250
0.893504
0.654069 0.333333 0.966163 0.999656 0.575100 0.042842 0.106610 0.003562 0.000000 0.012887 0.014412
0.893504
0.643938 0.333333 0.950777 0.999649 0.566893 0.032244 0.080323 0.000348 0.000000 0.001239 0.014412
0.893504
0.654040 0.333333 0.966120 0.999656 0.574668 0.042824 0.106525 0.003508 0.000000 0.012738 0.011530
0.893504
0.643862 0.333333 0.950663 0.999649 0.566462 0.032239 0.080322 0.000344 0.000000 0.001225 0.012971
0.893504
0.656412 0.333333 0.969722 0.999656 0.575532 0.042820 0.106516 0.003861 0.000000 0.014107 0.013691
0.893504
0.644666 0.333333 0.951882 0.999649 0.566893 0.032308 0.080474 0.000491 0.000000 0.001682 0.013692
0.893504
0.653927 0.333333 0.965947 0.999656 0.574668 0.042852 0.106624 0.003602 0.000000 0.012994 0.010809
0.893504
0.643922 0.333333 0.950752 0.999649 0.566893 0.032241 0.080323 0.000350 0.000000 0.001239 0.014412
0.893504
0.653828 0.333333 0.965798 0.999656 0.574668 0.042823 0.106523 0.003471 0.000000 0.012616 0.013691
0.893504
0.643911 0.333333 0.950737 0.999649 0.566462 0.032238 0.080315 0.000349 0.003226 0.001237 0.014412
0.893504
0.653918 0.333333 0.965934 0.999656 0.574668 0.042813 0.106515 0.003496 0.006453 0.012685 0.013691
0.893504
0.653170 0.333333 0.964801 0.999653 0.572076 0.035380 0.080501 0.004308 0.009679 0.005087 0.013691
0.893504
0.654281 0.333333 0.966486 0.999656 0.574668 0.042915 0.106714 0.003652 0.003226 0.013152 0.012971
0.893504
0.643974 0.333333 0.950833 0.999649 0.566893 0.032242 0.080323 0.000360 0.000000 0.001271 0.016574
0.893504
0.654050 0.333333 0.966134 0.999656 0.574668 0.042823 0.106516 0.003500 0.003226 0.012692 0.013691
0.893504
0.643947 0.333333 0.950791 0.999649 0.566462 0.032241 0.080317 0.000355 0.003226 0.001260 0.016574
0.893504
0.653726 0.333333 0.965642 0.999654 0.572508 0.042822 0.106535 0.003489 0.000000 0.012686 0.012971
0.893504
0.646892 0.333333 0.955265 0.999651 0.569485 0.032238 0.080323 0.000798 0.006453 0.002923 0.012971
0.893504
0.654209 0.333333 0.966377 0.999656 0.574668 0.042927 0.106716 0.003669 0.003226 0.013230 0.013691
0.893504
0.643989 0.333333 0.950854 0.999649 0.566893 0.032242 0.080325 0.000356 0.000000 0.001257 0.015853
0.893504
0.653864 0.333333 0.965852 0.999656 0.574668 0.042817 0.106531 0.003514 0.006453 0.012737 0.011530
0.893504
0.643912 0.333333 0.950737 0.999649 0.566462 0.032237 0.080318 0.000354 0.000000 0.001251 0.016574
0.893504
0.653702 0.333333 0.965607 0.999654 0.572508 0.042820 0.106527 0.003477 0.003226 0.012634 0.010088
0.893504
0.643893 0.333333 0.950708 0.999649 0.566462 0.032237 0.080318 0.000353 0.000000 0.001265 0.015133
0.893504
0.663230 0.333333 0.980078 0.999659 0.579419 0.045990 0.106773 0.009053 0.012905 0.019821 0.013691
0.893504
0.644558 0.333333 0.951717 0.999655 0.569053 0.032312 0.080475 0.000462 0.000000 0.001628 0.016574
0.893504
0.654072 0.333333 0.966168 0.999656 0.574668 0.042844 0.106602 0.003583 0.006453 0.012942 0.013691
0.893504
0.643947 0.333333 0.950790 0.999649 0.566462 0.032245 0.080323 0.000362 0.003226 0.001287 0.015133
0.893504
0.654014 0.333333 0.966079 0.999656 0.574668 0.042822 0.106524 0.003517 0.003226 0.012753 0.014412
0.893504
0.643901 0.333333 0.950720 0.999649 0.566462 0.032237 0.080321 0.000350 0.000000 0.001249 0.016574
0.893504
0.656351 0.333333 0.969630 0.999655 0.574236 0.042816 0.106519 0.003845 0.000000 0.014052 0.015853
0.893504
0.644564 0.333333 0.951728 0.999651 0.569053 0.032311 0.080478 0.000477 0.000000 0.001636 0.017295
0.893504
0.653637 0.333333 0.965506 0.999656 0.574668 0.042855 0.106639 0.003584 0.000000 0.012955 0.013691
0.893504
0.643955 0.333333 0.950803 0.999649 0.566462 0.032244 0.080322 0.000359 0.000000 0.001275 0.013692
0.893504
0.654170 0.333333 0.966318 0.999656 0.574668 0.042824 0.106528 0.003509 0.003226 0.012743 0.014412
0.893504
0.643915 0.333333 0.950741 0.999649 0.566462 0.032238 0.080318 0.000350 0.000000 0.001236 0.015133
0.893504
0.654035 0.333333 0.966111 0.999654 0.572940 0.042822 0.106516 0.003523 0.003226 0.012784 0.015853
0.893504
0.653207 0.333333 0.964857 0.999654 0.572940 0.035378 0.080485 0.004312 0.009679 0.005113 0.013691
0.893504
0.654093 0.333333 0.966200 0.999656 0.574668 0.042915 0.106721 0.003654 0.000000 0.013183 0.015133
0.893504
0.643917 0.333333 0.950743 0.999649 0.566462 0.032243 0.080320 0.000351 0.006453 0.001240 0.014412
0.893504
0.653932 0.333333 0.965956 0.999656 0.574668 0.042823 0.106530 0.003515 0.000000 0.012742 0.011530
0.893504
0.643926 0.333333 0.950759 0.999649 0.566462 0.032242 0.080321 0.000347 0.003226 0.001241 0.015853
0.893504
0.653960 0.333333 0.965998 0.999654 0.572508 0.042820 0.106520 0.003504 0.006453 0.012725 0.014412
0.893504
0.646900 0.333333 0.955275 0.999652 0.570781 0.032239 0.080326 0.000800 0.000000 0.002926 0.015133
0.893504
0.654131 0.333333 0.966258 0.999656 0.574668 0.042915 0.106717 0.003654 0.000000 0.013188 0.017294
0.893504
0.643940 0.333333 0.950779 0.999649 0.566462 0.032242 0.080322 0.000356 0.000000 0.001264 0.015853
0.893504
0.654072 0.333333 0.966167 0.999656 0.574668 0.042822 0.106518 0.003518 0.000000 0.012765 0.016574
0.893504
0.643922 0.333333 0.950753 0.999649 0.566462 0.032239 0.080321 0.000349 0.000000 0.001247 0.015133
0.893504
0.653992 0.333333 0.966048 0.999654 0.572508 0.042813 0.106514 0.003509 0.003226 0.012718 0.012971
0.893504
0.643877 0.333333 0.950684 0.999651 0.569485 0.032236 0.080320 0.000340 0.000000 0.001202 0.016574
0.893504
0.663311 0.333333 0.980201 0.999659 0.578987 0.045981 0.106737 0.009085 0.009679 0.019883 0.013691
0.893504
0.644517 0.333333 0.951657 0.999649 0.566893 0.032310 0.080475 0.000465 0.003226 0.001633 0.015133
0.893504
0.653949 0.333333 0.965983 0.999656 0.574668 0.042842 0.106607 0.003575 0.000000 0.012926 0.013691
0.893504
0.643926 0.333333 0.950758 0.999649 0.566462 0.032241 0.080322 0.000348 0.000000 0.001239 0.016574
0.893504
0.654011 0.333333 0.966075 0.999652 0.570349 0.042824 0.106519 0.003522 0.006453 0.012780 0.012250
0.893504
0.643878 0.333333 0.950686 0.999651 0.569485 0.032239 0.080321 0.000348 0.003226 0.001233 0.013692
0.893504
0.656345 0.333333 0.969622 0.999656 0.575532 0.042820 0.106519 0.003858 0.003226 0.014112 0.013691
0.893504
0.644613 0.333333 0.951802 0.999649 0.566893 0.032306 0.080476 0.000487 0.000000 0.001655 0.012971
0.893504
0.653701 0.333333 0.965604 0.999654 0.572508 0.042854 0.106634 0.003592 0.000000 0.012966 0.014412
0.893504
0.643923 0.333333 0.950754 0.999649 0.566462 0.032242 0.080322 0.000347 0.000000 0.001239 0.015853
0.893504
0.654143 0.333333 0.966275 0.999654 0.572508 0.042820 0.106517 0.003517 0.003226 0.012749 0.015133
0.893504
0.643956 0.333333 0.950803 0.999651 0.569485 0.032239 0.080323 0.000355 0.000000 0.001256 0.016574
0.893504
0.654041 0.333333 0.966120 0.999656 0.574668 0.042819 0.106519 0.003506 0.000000 0.012720 0.017294
0.893504
0.653220 0.333333 0.964875 0.999654 0.572508 0.035385 0.080489 0.004309 0.003226 0.005090 0.012971
0.893504
0.654148 0.333333 0.966284 0.999656 0.574668 0.042908 0.106711 0.003655 0.000000 0.013170 0.013691
0.893504
0.643997 0.333333 0.950866 0.999649 0.566462 0.032241 0.080324 0.000359 0.000000 0.001277 0.016574
0.893504
0.653998 0.333333 0.966055 0.999652 0.570349 0.042819 0.106525 0.003502 0.000000 0.012711 0.017294
0.893504
0.643957 0.333333 0.950805 0.999651 0.569485 0.032242 0.080323 0.000350 0.000000 0.001251 0.016574
0.893504
0.654012 0.333333 0.966075 0.999656 0.574668 0.042821 0.106509 0.003489 0.000000 0.012653 0.015133
0.893504
0.646871 0.333333 0.955232 0.999652 0.569917 0.032237 0.080320 0.000800 0.000000 0.002930 0.018015
0.893504
0.654210 0.333333 0.966378 0.999656 0.574668 0.042916 0.106722 0.003663 0.003226 0.013199 0.013691
0.893504
0.643964 0.333333 0.950816 0.999649 0.566462 0.032243 0.080325 0.000360 0.003226 0.001275 0.015853
0.893504
0.654026 0.333333 0.966098 0.999654 0.572508 0.042820 0.106518 0.003495 0.000000 0.012713 0.015853
0.893504
0.643868 0.333333 0.950670 0.999651 0.569485 0.032236 0.080319 0.000348 0.000000 0.001233 0.014412
0.893504
0.653988 0.333333 0.966039 0.999656 0.574668 0.042817 0.106514 0.003501 0.003226 0.012713 0.014412
0.893504
0.643905 0.333333 0.950726 0.999649 0.566893 0.032236 0.080317 0.000340 0.000000 0.001217 0.017295
0.893504
0.663387 0.333333 0.980315 0.999661 0.578555 0.045984 0.106714 0.009094 0.012905 0.019882 0.015853
0.893504
0.644555 0.333333 0.951714 0.999649 0.566893 0.032309 0.080472 0.000470 0.000000 0.001662 0.011530
0.893504
0.653895 0.333333 0.965898 0.999654 0.572508 0.042846 0.106618 0.003535 0.006453 0.012805 0.010088
0.893504
0.643946 0.333333 0.950788 0.999651 0.569053 0.032239 0.080323 0.000353 0.000000 0.001253 0.012250
0.893504
0.654006 0.333333 0.966068 0.999656 0.574668 0.042820 0.106521 0.003494 0.003226 0.012673 0.012250
0.893504
0.643904 0.333333 0.950725 0.999649 0.566893 0.032243 0.080322 0.000351 0.000000 0.001254 0.012971
0.893504
0.656339 0.333333 0.969613 0.999656 0.575532 0.042822 0.106518 0.003859 0.000000 0.014085 0.012971
0.893504
0.644651 0.333333 0.951861 0.999649 0.566893 0.032304 0.080472 0.000481 0.000000 0.001649 0.013692
0.893504
0.654017 0.333333 0.966084 0.999656 0.574668 0.042848 0.106627 0.003586 0.003226 0.012929 0.010809
0.893504
0.643964 0.333333 0.950816 0.999651 0.568621 0.032242 0.080322 0.000353 0.000000 0.001259 0.012250
0.893504
0.654146 0.333333 0.966281 0.999656 0.574668 0.042821 0.106522 0.003512 0.000000 0.012738 0.013691
0.893504
0.643934 0.333333 0.950771 0.999649 0.566893 0.032241 0.080322 0.000345 0.000000 0.001237 0.012971
0.893504
0.654112 0.333333 0.966230 0.999656 0.574668 0.042819 0.106509 0.003512 0.003226 0.012759 0.012971
0.893504
0.653243 0.333333 0.964912 0.999653 0.572076 0.035381 0.080480 0.004306 0.006453 0.005099 0.012971
0.893504
0.654257 0.333333 0.966448 0.999656 0.574668 0.042913 0.106715 0.003652 0.003226 0.013156 0.012250
0.893504
0.643991 0.333333 0.950857 0.999651 0.568621 0.032239 0.080321 0.000353 0.000000 0.001257 0.013692
0.893504
0.654045 0.333333 0.966127 0.999656 0.575100 0.042813 0.106515 0.003503 0.000000 0.012697 0.013691
0.893504
0.643929 0.333333 0.950762 0.999649 0.566893 0.032240 0.080321 0.000346 0.000000 0.001231 0.012971
0.893504
0.654172 0.333333 0.966319 0.999656 0.574668 0.042818 0.106495 0.003504 0.000000 0.012741 0.011530
0.893504
0.646878 0.333333 0.955244 0.999651 0.569485 0.032241 0.080321 0.000799 0.000000 0.002910 0.012250
0.893504
0.654294 0.333333 0.966505 0.999656 0.574668 0.042919 0.106714 0.003640 0.003226 0.013119 0.012250
0.893504
0.643984 0.333333 0.950847 0.999651 0.568621 0.032238 0.080323 0.000355 0.000000 0.001270 0.012971
0.893504
0.654027 0.333333 0.966099 0.999656 0.575100 0.042822 0.106525 0.003498 0.000000 0.012676 0.012971
0.893504
0.643951 0.333333 0.950795 0.999649 0.566893 0.032240 0.080320 0.000349 0.000000 0.001242 0.012971
0.893504
0.654100 0.333333 0.966211 0.999656 0.574668 0.042814 0.106499 0.003479 0.003226 0.012616 0.013691
0.893504
0.643924 0.333333 0.950755 0.999649 0.566462 0.032238 0.080319 0.000349 0.003226 0.001255 0.012250
0.893504
0.663310 0.333333 0.980200 0.999658 0.578123 0.045988 0.106766 0.009072 0.016132 0.019853 0.012250
0.893504
0.644484 0.333333 0.951606 0.999651 0.568621 0.032313 0.080476 0.000454 0.003226 0.001596 0.012971
0.893504
0.653986 0.333333 0.966038 0.999656 0.575100 0.042843 0.106612 0.003548 0.000000 0.012841 0.012250
0.893504
0.643925 0.333333 0.950757 0.999649 0.566893 0.032245 0.080324 0.000348 0.000000 0.001233 0.011530
0.893504
0.654004 0.333333 0.966063 0.999656 0.574668 0.042826 0.106524 0.003502 0.000000 0.012724 0.012971
0.893504
0.643897 0.333333 0.950714 0.999649 0.566462 0.032239 0.080320 0.000347 0.000000 0.001242 0.011530
0.893504
0.656363 0.333333 0.969649 0.999656 0.575532 0.042821 0.106517 0.003856 0.000000 0.014087 0.014412
0.893504
0.644726 0.333333 0.951974 0.999649 0.566893 0.032304 0.080473 0.000498 0.000000 0.001692 0.015853
0.893504
0.654065 0.333333 0.966158 0.999656 0.574668 0.042847 0.106624 0.003584 0.000000 0.012948 0.014412
0.893504
0.643952 0.333333 0.950799 0.999649 0.566893 0.032240 0.080327 0.000352 0.000000 0.001248 0.014412
0.893504
0.653952 0.333333 0.965985 0.999656 0.574668 0.042819 0.106528 0.003500 0.003226 0.012692 0.014412
0.893504
0.643881 0.333333 0.950690 0.999649 0.566462 0.032240 0.080320 0.000345 0.003226 0.001225 0.015133
0.893504
0.654046 0.333333 0.966127 0.999656 0.574668 0.042822 0.106516 0.003496 0.006453 0.012714 0.014412
0.893504
0.653108 0.333333 0.964705 0.999653 0.572076 0.035384 0.080541 0.004317 0.009679 0.005108 0.014412
0.893504
0.654130 0.333333 0.966256 0.999656 0.574668 0.042910 0.106719 0.003634 0.003226 0.013131 0.014412
0.893504
0.644004 0.333333 0.950878 0.999649 0.566893 0.032242 0.080322 0.000358 0.003226 0.001269 0.014412
0.893504
0.654157 0.333333 0.966299 0.999656 0.574668 0.042817 0.106524 0.003516 0.000000 0.012785 0.014412
0.893504
0.643874 0.333333 0.950679 0.999649 0.566462 0.032241 0.080320 0.000348 0.000000 0.001231 0.017295
0.893504
0.654068 0.333333 0.966161 0.999656 0.574668 0.042818 0.106520 0.003504 0.000000 0.012717 0.016574
0.893504
0.646892 0.333333 0.955263 0.999651 0.569485 0.032237 0.080322 0.000804 0.000000 0.002946 0.016574
0.893504
0.654207 0.333333 0.966372 0.999656 0.575100 0.042921 0.106723 0.003650 0.000000 0.013179 0.014412
0.893504
0.643961 0.333333 0.950812 0.999649 0.566893 0.032241 0.080324 0.000351 0.000000 0.001243 0.014412
0.893504
0.653780 0.333333 0.965725 0.999656 0.574668 0.042829 0.106556 0.003525 0.003226 0.012779 0.016574
0.893504
0.643905 0.333333 0.950726 0.999649 0.566462 0.032240 0.080320 0.000343 0.000000 0.001232 0.014412
0.893504
0.653813 0.333333 0.965774 0.999654 0.572508 0.042823 0.106536 0.003493 0.003226 0.012695 0.015133
0.893504
0.643898 0.333333 0.950715 0.999649 0.566462 0.032237 0.080318 0.000344 0.003226 0.001227 0.015133
0.893504
0.663332 0.333333 0.980232 0.999659 0.579419 0.045989 0.106774 0.009088 0.009679 0.019921 0.015853
0.893504
0.644552 0.333333 0.951710 0.999651 0.569053 0.032309 0.080472 0.000467 0.003226 0.001634 0.014412
0.893504
0.653978 0.333333 0.966026 0.999656 0.574668 0.042842 0.106614 0.003567 0.000000 0.012923 0.012250
0.893504
0.643995 0.333333 0.950864 0.999649 0.566462 0.032243 0.080320 0.000359 0.000000 0.001267 0.016574
0.893504
0.654026 0.333333 0.966098 0.999656 0.574668 0.042819 0.106519 0.003504 0.000000 0.012710 0.014412
0.893504
0.643955 0.333333 0.950803 0.999649 0.566462 0.032240 0.080320 0.000353 0.000000 0.001253 0.016574
0.893504
0.656464 0.333333 0.969802 0.999655 0.574236 0.042817 0.106506 0.003869 0.003226 0.014131 0.017294
0.893504
0.644676 0.333333 0.951898 0.999651 0.569053 0.032307 0.080474 0.000487 0.003226 0.001661 0.015853
0.893504
0.653897 0.333333 0.965902 0.999656 0.574668 0.042852 0.106632 0.003617 0.003226 0.013074 0.015133
0.893504
0.643968 0.333333 0.950822 0.999649 0.566462 0.032241 0.080320 0.000359 0.000000 0.001285 0.016574
0.893504
0.654055 0.333333 0.966142 0.999656 0.574668 0.042823 0.106522 0.003494 0.000000 0.012692 0.015853
0.893504
0.643904 0.333333 0.950726 0.999649 0.566462 0.032240 0.080323 0.000348 0.000000 0.001243 0.018015
0.893504
0.653968 0.333333 0.966011 0.999654 0.572940 0.042823 0.106517 0.003495 0.003226 0.012687 0.015853
0.893504
0.653098 0.333333 0.964691 0.999654 0.572940 0.035383 0.080539 0.004317 0.006453 0.005100 0.012971
0.893504
0.654352 0.333333 0.966593 0.999656 0.574668 0.042917 0.106713 0.003670 0.000000 0.013274 0.017294
0.893504
0.643938 0.333333 0.950777 0.999649 0.566462 0.032241 0.080321 0.000349 0.000000 0.001241 0.015853
0.893504
0.653901 0.333333 0.965908 0.999656 0.574668 0.042821 0.106532 0.003516 0.003226 0.012756 0.012250
0.893504
0.643906 0.333333 0.950728 0.999649 0.566462 0.032240 0.080320 0.000346 0.000000 0.001238 0.017295
0.893504
0.654061 0.333333 0.966152 0.999654 0.572508 0.042813 0.106505 0.003488 0.000000 0.012662 0.012971
0.893504
0.646879 0.333333 0.955245 0.999652 0.570781 0.032239 0.080320 0.000804 0.006453 0.002928 0.015853
0.893504
0.654373 0.333333 0.966625 0.999656 0.574668 0.042919 0.106714 0.003653 0.000000 0.013182 0.015853
0.893504
0.644032 0.333333 0.950919 0.999649 0.566893 0.032246 0.080325 0.000363 0.003226 0.001271 0.016574
0.893504
0.653911 0.333333 0.965924 0.999656 0.574668 0.042819 0.106538 0.003512 0.000000 0.012734 0.015853
0.893504
0.643951 0.333333 0.950796 0.999649 0.566462 0.032240 0.080320 0.000352 0.000000 0.001249 0.015853
0.893504
0.654003 0.333333 0.966062 0.999654 0.572508 0.042819 0.106508 0.003490 0.000000 0.012675 0.015133
0.893504
0.643912 0.333333 0.950737 0.999656 0.569485 0.032235 0.080318 0.000348 0.003226 0.001236 0.015133
0.893504
0.663253 0.333333 0.980113 0.999659 0.578987 0.045984 0.106700 0.009110 0.016132 0.019883 0.017294
0.893504
0.644523 0.333333 0.951664 0.999649 0.566893 0.032305 0.080473 0.000462 0.000000 0.001631 0.011530
0.893504
0.653877 0.333333 0.965872 0.999656 0.574668 0.042842 0.106619 0.003536 0.000000 0.012777 0.013691
0.893504
0.643939 0.333333 0.950778 0.999649 0.566462 0.032240 0.080320 0.000353 0.000000 0.001258 0.014412
0.893504
0.653924 0.333333 0.965944 0.999654 0.572508 0.042819 0.106517 0.003496 0.003226 0.012690 0.015853
0.893504
0.643917 0.333333 0.950744 0.999651 0.569485 0.032240 0.080322 0.000346 0.000000 0.001230 0.016574
0.893504
0.656391 0.333333 0.969692 0.999656 0.575532 0.042819 0.106511 0.003857 0.000000 0.014093 0.015853
0.893504
0.644633 0.333333 0.951833 0.999649 0.566893 0.032310 0.080477 0.000488 0.000000 0.001677 0.018015
0.893504
0.653932 0.333333 0.965955 0.999656 0.574668 0.042848 0.106621 0.003601 0.003226 0.012995 0.016574
0.893504
0.643920 0.333333 0.950749 0.999649 0.566462 0.032240 0.080321 0.000355 0.000000 0.001260 0.016574
0.893504
0.654097 0.333333 0.966207 0.999652 0.570349 0.042821 0.106520 0.003514 0.000000 0.012734 0.015133
0.893504
0.643971 0.333333 0.950827 0.999651 0.569485 0.032242 0.080326 0.000354 0.000000 0.001261 0.018015
0.893504
0.654101 0.333333 0.966212 0.999656 0.574668 0.042817 0.106512 0.003497 0.000000 0.012682 0.015853
0.893504
0.653268 0.333333 0.964950 0.999654 0.572508 0.035383 0.080488 0.004326 0.006453 0.005113 0.017294
0.893504
0.654112 0.333333 0.966229 0.999656 0.574668 0.042916 0.106713 0.003664 0.000000 0.013233 0.013691
0.893504
0.643953 0.333333 0.950798 0.999649 0.566462 0.032244 0.080321 0.000354 0.000000 0.001264 0.015133
0.893504
0.654068 0.333333 0.966161 0.999652 0.570349 0.042822 0.106518 0.003508 0.000000 0.012739 0.014412
0.893504
0.643921 0.333333 0.950750 0.999651 0.569053 0.032241 0.080321 0.000355 0.000000 0.001275 0.017295
0.893504
0.653785 0.333333 0.965732 0.999656 0.574668 0.042821 0.106531 0.003498 0.000000 0.012708 0.013691
0.893504
0.646877 0.333333 0.955241 0.999652 0.569917 0.032240 0.080322 0.000799 0.003226 0.002926 0.015133
0.893504
0.654079 0.333333 0.966179 0.999656 0.574668 0.042914 0.106718 0.003664 0.000000 0.013230 0.015133
0.893504
0.643983 0.333333 0.950846 0.999649 0.566462 0.032243 0.080325 0.000355 0.000000 0.001262 0.014412
0.893504
0.653954 0.333333 0.965988 0.999652 0.570349 0.042817 0.106520 0.003487 0.000000 0.012652 0.011530
0.893504
0.643883 0.333333 0.950695 0.999651 0.569485 0.032238 0.080327 0.000342 0.000000 0.001225 0.012971
0.893504
0.653761 0.333333 0.965695 0.999656 0.574668 0.042822 0.106529 0.003479 0.000000 0.012646 0.014412
0.893504
0.643853 0.333333 0.950648 0.999649 0.566893 0.032239 0.080321 0.000340 0.000000 0.001217 0.013692
0.893504
0.663267 0.333333 0.980134 0.999659 0.578555 0.045996 0.106772 0.009083 0.012905 0.019897 0.011530
0.893504
0.644590 0.333333 0.951766 0.999649 0.566893 0.032305 0.080471 0.000475 0.000000 0.001668 0.011530
0.893504
0.653937 0.333333 0.965965 0.999652 0.570349 0.042840 0.106604 0.003577 0.006453 0.012976 0.011530
0.893504
0.643941 0.333333 0.950782 0.999651 0.569485 0.032241 0.080323 0.000350 0.000000 0.001255 0.014412
0.893504
0.654039 0.333333 0.966120 0.999656 0.574668 0.042816 0.106520 0.003497 0.000000 0.012681 0.012250
0.893504
0.643873 0.333333 0.950679 0.999649 0.566893 0.032241 0.080318 0.000341 0.000000 0.001224 0.010809
0.893504
0.656373 0.333333 0.969666 0.999656 0.575532 0.042815 0.106509 0.003845 0.000000 0.014068 0.011530
0.893504
0.644642 0.333333 0.951847 0.999649 0.566893 0.032310 0.080473 0.000490 0.000000 0.001666 0.012250
0.893504
0.653889 0.333333 0.965892 0.999652 0.572508 0.042850 0.106622 0.003590 0.000000 0.012931 0.010809
0.893504
0.643978 0.333333 0.950836 0.999651 0.569485 0.032240 0.080326 0.000359 0.000000 0.001281 0.012971
0.893504
0.654060 0.333333 0.966149 0.999656 0.574668 0.042815 0.106516 0.003502 0.000000 0.012724 0.013691
0.893504
0.643898 0.333333 0.950716 0.999649 0.566893 0.032245 0.080326 0.000348 0.000000 0.001238 0.013692
0.893504
0.654030 0.333333 0.966103 0.999656 0.574668 0.042826 0.106532 0.003513 0.000000 0.012775 0.012971
0.893504
0.653178 0.333333 0.964812 0.999653 0.572076 0.035383 0.080486 0.004303 0.006453 0.005076 0.012250
0.893504
0.654219 0.333333 0.966393 0.999656 0.574668 0.042916 0.106711 0.003641 0.000000 0.013169 0.011530
0.893504
0.643971 0.333333 0.950827 0.999651 0.569053 0.032243 0.080327 0.000360 0.000000 0.001283 0.012250
0.893504
0.653916 0.333333 0.965932 0.999656 0.574668 0.042822 0.106527 0.003496 0.000000 0.012674 0.014412
0.893504
0.643970 0.333333 0.950825 0.999649 0.566893 0.032241 0.080323 0.000348 0.000000 0.001246 0.013692
0.893504
0.654099 0.333333 0.966209 0.999656 0.574668 0.042815 0.106521 0.003510 0.006453 0.012756 0.010088
0.893504
0.646910 0.333333 0.955292 0.999651 0.569485 0.032238 0.080319 0.000811 0.003226 0.002957 0.011530
0.893504
0.654345 0.333333 0.966583 0.999656 0.574668 0.042921 0.106704 0.003640 0.000000 0.013124 0.014412
0.893504
0.643955 0.333333 0.950801 0.999651 0.568621 0.032242 0.080323 0.000352 0.000000 0.001250 0.013692
0.893504
0.653970 0.333333 0.966013 0.999656 0.574668 0.042828 0.106532 0.003515 0.000000 0.012754 0.012971
0.893504
0.643947 0.333333 0.950790 0.999649 0.566893 0.032241 0.080324 0.000350 0.003226 0.001252 0.011530
0.893504
0.654144 0.333333 0.966276 0.999656 0.574668 0.042818 0.106517 0.003518 0.000000 0.012783 0.012250
0.893504
0.643879 0.333333 0.950686 0.999649 0.566462 0.032238 0.080324 0.000346 0.000000 0.001228 0.013692
0.893504
0.663349 0.333333 0.980258 0.999658 0.578123 0.045987 0.106727 0.009084 0.012905 0.019848 0.013691
0.893504
0.644517 0.333333 0.951656 0.999651 0.568621 0.032306 0.080472 0.000465 0.003226 0.001635 0.012971
0.893504
0.653968 0.333333 0.966010 0.999656 0.575100 0.042838 0.106611 0.003569 0.003226 0.012915 0.012971
0.893504
0.643924 0.333333 0.950757 0.999649 0.566893 0.032241 0.080325 0.000342 0.000000 0.001209 0.016574
0.893504
0.654039 0.333333 0.966119 0.999656 0.574668 0.042813 0.106512 0.003504 0.000000 0.012737 0.015133
0.893504
0.963377 0.111111 0.955121 0.999815 0.771407 0.036270 0.090332 0.001907 0.000000 0.006885 0.025214
0.856483
0.984777 0.111111 0.969888 0.999826 0.785228 0.047789 0.112622 0.008009 0.003226 0.017633 0.013688
0.856483
0.972573 0.111111 0.957529 0.999824 0.782961 0.040923 0.102058 0.003005 0.000000 0.010816 0.020172
0.856483
0.488544 0.111111 0.467492 0.495013 0.385703 0.042018 0.104751 0.003525 0.006451 0.012584 0.014408
0.856483
0.966686 0.111111 0.951565 0.999816 0.773135 0.033552 0.083645 0.000713 0.000000 0.002378 0.015849
0.856483
0.976844 0.111111 0.961852 0.999824 0.781773 0.045099 0.112577 0.004326 0.000000 0.015533 0.019453
0.856483
0.969425 0.111111 0.954342 0.999822 0.779937 0.037040 0.092192 0.001951 0.003226 0.006880 0.020892
0.856483
0.977772 0.111111 0.962792 0.999822 0.779613 0.045545 0.112050 0.004608 0.000000 0.013025 0.018009
0.856483
0.982658 0.111111 0.967742 0.999830 0.790303 0.044589 0.102854 0.007322 0.003225 0.015347 0.017289
0.856483
0.488418 0.111111 0.467365 0.495013 0.385703 0.041594 0.103887 0.003630 0.006451 0.012836 0.012968
0.856483
0.966504 0.111111 0.951380 0.999818 0.774430 0.033546 0.083642 0.000731 0.000000 0.002438 0.015129
0.856483
0.976606 0.111111 0.961612 0.999822 0.779613 0.045198 0.112768 0.004256 0.000000 0.015340 0.017292
0.856483
0.969888 0.111111 0.954810 0.999822 0.780801 0.037193 0.092581 0.001975 0.000000 0.006995 0.022332
0.856483
0.974726 0.111111 0.959708 0.999822 0.780045 0.044714 0.111609 0.003163 0.000000 0.011279 0.018731
0.856483
0.983329 0.111111 0.968423 0.999828 0.788144 0.044813 0.103024 0.007542 0.003226 0.015353 0.017290
0.856483
0.488385 0.111111 0.467330 0.495015 0.388295 0.041299 0.103138 0.003598 0.006451 0.012674 0.015849
0.856483
0.966768 0.111111 0.951650 0.999816 0.773135 0.033540 0.083652 0.000731 0.000000 0.002447 0.015129
0.856483
0.976786 0.111111 0.961794 0.999821 0.778750 0.045285 0.113030 0.004283 0.000000 0.015379 0.019454
0.856483
0.969693 0.111111 0.954615 0.999824 0.782961 0.037238 0.092689 0.002004 0.000000 0.007090 0.021611
0.856483
0.975300 0.111111 0.960289 0.999821 0.778750 0.044666 0.111459 0.003160 0.000000 0.011240 0.018730
0.856483
0.975356 0.111111 0.960348 0.999825 0.784257 0.041620 0.102107 0.004486 0.003225 0.012783 0.018010
0.856483
0.496951 0.111111 0.476006 0.495017 0.391318 0.046614 0.104405 0.011765 0.000000 0.021936 0.014408
0.856483
0.967938 0.111111 0.952834 0.999819 0.776590 0.033558 0.083629 0.001071 0.000000 0.003672 0.017290
0.856483
0.977320 0.111111 0.962335 0.999826 0.785120 0.045426 0.113324 0.004333 0.003226 0.015649 0.018731
0.856483
0.969474 0.111111 0.954391 0.999817 0.773998 0.037408 0.093085 0.002070 0.000000 0.007319 0.021613
0.856483
0.974573 0.111111 0.959554 0.999823 0.780909 0.044490 0.111035 0.003118 0.000000 0.011113 0.019451
0.856483
0.972453 0.111111 0.957408 0.999823 0.781665 0.041051 0.102446 0.002866 0.003226 0.010324 0.018011
0.856483
0.497536 0.111111 0.476597 0.495017 0.391318 0.046798 0.103235 0.012342 0.000000 0.022138 0.015849
0.856483
0.968755 0.111111 0.953660 0.999818 0.775294 0.033543 0.083625 0.001079 0.000000 0.003708 0.014409
0.856483
0.977731 0.111111 0.962751 0.999827 0.786416 0.045605 0.113706 0.004357 0.000000 0.015637 0.018010
0.856483
0.970105 0.111111 0.955030 0.999819 0.776158 0.037510 0.093359 0.002095 0.003226 0.007424 0.020892
0.856483
0.974775 0.111111 0.959756 0.999821 0.778318 0.044375 0.110803 0.003047 0.003226 0.010845 0.014408
0.856483
0.972564 0.111111 0.957520 0.999825 0.783825 0.041148 0.102589 0.002913 0.000000 0.010413 0.020172
0.856483
0.488235 0.111111 0.467179 0.495013 0.385703 0.040952 0.102288 0.003434 0.000000 0.012289 0.012968
0.856483
0.977578 0.111111 0.962595 0.999821 0.779182 0.037526 0.083667 0.005915 0.009677 0.006644 0.018011
0.856483
0.979264 0.111111 0.964304 0.999828 0.788144 0.045787 0.114077 0.005024 0.000000 0.018014 0.018731
0.856483
0.969891 0.111111 0.954812 0.999818 0.775294 0.037597 0.093615 0.002133 0.000000 0.007572 0.019452
0.856483
0.974792 0.111111 0.959774 0.999822 0.780045 0.044260 0.110474 0.003028 0.000000 0.010798 0.015129
0.856483
0.972408 0.111111 0.957361 0.999823 0.781233 0.041280 0.102921 0.002937 0.003225 0.010593 0.021612
0.856483
0.487920 0.111111 0.466860 0.495013 0.386135 0.040375 0.100881 0.003328 0.000000 0.011941 0.014408
0.856483
0.975438 0.111111 0.960429 0.999823 0.780909 0.037036 0.083673 0.004756 0.000000 0.005053 0.018011
0.856483
0.980108 0.111111 0.965158 0.999826 0.785984 0.045838 0.114306 0.005044 0.003225 0.017972 0.021612
0.856483
0.969980 0.111111 0.954903 0.999819 0.776590 0.037700 0.093908 0.002178 0.003226 0.007688 0.018731
0.856483
0.974137 0.111111 0.959110 0.999821 0.778318 0.044121 0.110169 0.002987 0.000000 0.010666 0.015129
0.856483
0.972666 0.111111 0.957623 0.999824 0.783393 0.041406 0.103262 0.002934 0.000000 0.010597 0.015849
0.856483
0.488097 0.111111 0.467038 0.495012 0.385272 0.040025 0.099849 0.003307 0.006451 0.011768 0.014408
0.856483
0.966467 0.111111 0.951344 0.999817 0.773998 0.033551 0.083639 0.000693 0.000000 0.002326 0.013688
0.856483
0.989331 0.111111 0.974501 0.999833 0.793759 0.049125 0.114483 0.010578 0.000000 0.023815 0.018010
0.856483
0.970754 0.111111 0.955688 0.999818 0.774862 0.037864 0.094247 0.002403 0.000000 0.008482 0.014409
0.856483
0.974740 0.111111 0.959722 0.999823 0.780477 0.044034 0.109983 0.002942 0.003226 0.010528 0.015129
0.856483
0.972726 0.111111 0.957683 0.999823 0.782097 0.041477 0.103422 0.002996 0.000000 0.010752 0.023054
0.856483
0.487970 0.111111 0.466911 0.495012 0.385272 0.039576 0.098841 0.003287 0.000000 0.011712 0.015849
0.856483
0.967489 0.111111 0.952379 0.999818 0.775294 0.033531 0.083601 0.000704 0.000000 0.002361 0.016570
0.856483
0.987717 0.111111 0.972867 0.999831 0.792031 0.048694 0.114724 0.009214 0.000000 0.021378 0.020893
0.856483
0.971360 0.111111 0.956301 0.999819 0.776590 0.038011 0.094597 0.002458 0.000000 0.008634 0.018729
0.856483
0.974762 0.111111 0.959745 0.999821 0.778318 0.043881 0.109579 0.002934 0.003225 0.010435 0.015128
0.856483
0.972679 0.111111 0.957634 0.999826 0.784257 0.041618 0.103787 0.003007 0.000000 0.010839 0.020891
0.856483
0.487762 0.111111 0.466700 0.495013 0.385703 0.039038 0.097496 0.003195 0.000000 0.011382 0.017290
0.856483
0.966560 0.111111 0.951439 0.999816 0.772703 0.033542 0.083642 0.000705 0.000000 0.002387 0.016570
0.856483
0.980042 0.111111 0.965091 0.999829 0.788576 0.046556 0.114479 0.005678 0.000000 0.017098 0.020892
0.856483
0.980606 0.111111 0.965665 0.999823 0.781341 0.041687 0.095523 0.006660 0.006451 0.012937 0.018009
0.856483
0.974335 0.111111 0.959311 0.999822 0.780045 0.043841 0.109395 0.002973 0.000000 0.010484 0.012968
0.856483
0.972645 0.111111 0.957601 0.999823 0.781233 0.041716 0.104125 0.003018 0.000000 0.010935 0.020172
0.856483
0.487785 0.111111 0.466723 0.495013 0.386135 0.038588 0.096126 0.003146 0.006451 0.011186 0.017290
0.856483
0.966495 0.111111 0.951371 0.999818 0.775294 0.033548 0.083647 0.000702 0.003226 0.002344 0.018011
0.856483
0.976815 0.111111 0.961823 0.999825 0.784688 0.045996 0.114698 0.004310 0.000000 0.015615 0.022337
0.856483
0.980791 0.111111 0.965851 0.999825 0.783069 0.041879 0.095520 0.006893 0.003226 0.012942 0.017290
0.856483
0.974522 0.111111 0.959502 0.999821 0.778750 0.043774 0.109266 0.002967 0.000000 0.010450 0.015849
0.856483
0.972853 0.111111 0.957812 0.999824 0.782961 0.041808 0.104251 0.003043 0.000000 0.010938 0.019451
0.856483
0.487627 0.111111 0.466563 0.495012 0.385272 0.038253 0.095537 0.003103 0.000000 0.011015 0.018731
0.856483
0.966755 0.111111 0.951635 0.999817 0.773998 0.033544 0.083643 0.000705 0.000000 0.002377 0.017290
0.856483
0.977545 0.111111 0.962563 0.999826 0.785120 0.046100 0.114916 0.004335 0.003226 0.015588 0.022334
0.856483
0.973113 0.111111 0.958075 0.999820 0.777454 0.038700 0.094814 0.003831 0.000000 0.010317 0.015849
0.856483
0.983923 0.111111 0.969023 0.999826 0.784796 0.046499 0.109991 0.007391 0.000000 0.016252 0.015849
0.856483
0.973220 0.111111 0.958184 0.999825 0.783825 0.041963 0.104693 0.003223 0.000000 0.011601 0.020892
0.856483
0.487746 0.111111 0.466683 0.495012 0.385272 0.037854 0.094318 0.003106 0.006451 0.010998 0.018731
0.856483
0.966714 0.111111 0.951594 0.999818 0.774862 0.033556 0.083657 0.000725 0.000000 0.002400 0.016570
0.856483
0.977214 0.111111 0.962228 0.999827 0.786416 0.046219 0.115231 0.004390 0.000000 0.015754 0.023053
0.856483
0.970550 0.111111 0.955478 0.999819 0.776158 0.038111 0.094943 0.002294 0.000000 0.008153 0.021611
0.856483
0.984498 0.111111 0.969605 0.999826 0.784365 0.046607 0.109765 0.007645 0.003226 0.016370 0.015129
0.856483
0.973871 0.111111 0.958844 0.999825 0.784257 0.042081 0.104916 0.003220 0.000000 0.011544 0.018731
0.856483
0.487775 0.111111 0.466713 0.495013 0.385703 0.037455 0.093458 0.003107 0.000000 0.010937 0.021613
0.856483
0.966611 0.111111 0.951489 0.999816 0.772703 0.033549 0.083641 0.000709 0.000000 0.002379 0.018731
0.856483
0.977903 0.111111 0.962926 0.999826 0.785984 0.046349 0.115551 0.004377 0.006451 0.015714 0.019450
0.856483
0.970494 0.111111 0.955423 0.999820 0.777022 0.038186 0.095138 0.002293 0.000000 0.008178 0.019450
0.856483
0.976301 0.111111 0.961303 0.999821 0.778750 0.044269 0.108973 0.004185 0.003226 0.011606 0.012968
0.856483
0.490919 0.111111 0.469899 0.495020 0.394666 0.039341 0.081609 0.007889 0.012902 0.006444 0.015849
0.856483
0.979863 0.111111 0.964909 0.999823 0.780909 0.044595 0.111160 0.005107 0.003226 0.018287 0.015129
0.856483
0.966850 0.111111 0.951732 0.999818 0.775294 0.033545 0.083645 0.000727 0.000000 0.002437 0.017290
0.856483
0.977694 0.111111 0.962715 0.999826 0.785552 0.046521 0.115911 0.004433 0.000000 0.015902 0.022333
0.856483
0.970382 0.111111 0.955311 0.999819 0.776158 0.038342 0.095488 0.002320 0.000000 0.008269 0.022333
0.856483
0.974157 0.111111 0.959130 0.999821 0.778750 0.043469 0.108622 0.002755 0.000000 0.009878 0.015129
0.856483
0.491294 0.111111 0.470278 0.495018 0.392938 0.039464 0.081034 0.008329 0.000000 0.006263 0.020172
0.856483
0.980665 0.111111 0.965721 0.999824 0.782205 0.044565 0.111105 0.005119 0.003226 0.018344 0.018011
0.856483
0.967493 0.111111 0.952382 0.999817 0.774430 0.033541 0.083649 0.000730 0.000000 0.002408 0.011527
0.856483
0.977405 0.111111 0.962421 0.999826 0.785552 0.046579 0.116111 0.004462 0.000000 0.016048 0.020895
0.856483
0.970771 0.111111 0.955705 0.999819 0.776590 0.038450 0.095777 0.002387 0.000000 0.008503 0.014407
0.856483
0.974196 0.111111 0.959171 0.999821 0.778318 0.043350 0.108256 0.002783 0.000000 0.009876 0.015128
0.856483
0.482845 0.111111 0.461722 0.495016 0.389915 0.032175 0.080389 0.000371 0.000000 0.001190 0.015849
0.856483
0.989189 0.111111 0.974355 0.999827 0.786092 0.047657 0.111107 0.010135 0.000000 0.023008 0.013688
0.856483
0.967819 0.111111 0.952714 0.999818 0.775294 0.033559 0.083629 0.001055 0.000000 0.003644 0.015849
0.856483
0.977363 0.111111 0.962380 0.999826 0.785984 0.046741 0.116541 0.004569 0.000000 0.016304 0.021615
0.856483
0.970653 0.111111 0.955583 0.999819 0.776158 0.038555 0.096099 0.002427 0.000000 0.008621 0.020172
0.856483
0.973524 0.111111 0.958490 0.999820 0.777886 0.043223 0.107892 0.002733 0.000000 0.009730 0.015849
0.856483
0.482801 0.111111 0.461677 0.495014 0.387755 0.031963 0.079872 0.000374 0.000000 0.001258 0.024494
0.856483
0.986986 0.111111 0.972123 0.999828 0.787820 0.047296 0.111141 0.008830 0.000000 0.020592 0.016570
0.856483
0.967925 0.111111 0.952821 0.999817 0.773567 0.033621 0.083819 0.001076 0.000000 0.003698 0.018011
0.856483
0.973410 0.111111 0.958377 0.999824 0.783393 0.046322 0.115641 0.004054 0.003232 0.014756 0.019492
0.856483
0.970855 0.111111 0.955789 0.999820 0.777886 0.038537 0.096024 0.002415 0.000000 0.008567 0.019451
0.856483
0.973682 0.111111 0.958650 0.999820 0.777454 0.043258 0.108023 0.002734 0.003226 0.009771 0.014409
0.856483
0.482865 0.111111 0.461742 0.495014 0.387323 0.032014 0.079887 0.000361 0.000000 0.001193 0.023054
0.856483
0.977702 0.111111 0.962721 0.999824 0.781773 0.044554 0.111087 0.004333 0.003226 0.015627 0.016570
0.856483
0.977762 0.111111 0.962782 0.999822 0.780477 0.037540 0.083732 0.006060 0.006451 0.007027 0.016570
0.856483
0.980521 0.111111 0.965576 0.999827 0.786416 0.046834 0.116851 0.005171 0.000000 0.018504 0.018010
0.856483
0.971013 0.111111 0.955948 0.999819 0.776590 0.038724 0.096454 0.002461 0.000000 0.008753 0.019450
0.856483
0.973415 0.111111 0.958380 0.999821 0.778318 0.043092 0.107652 0.002675 0.000000 0.009572 0.013688
0.856483
0.482892 0.111111 0.461768 0.495015 0.389051 0.031705 0.079111 0.000361 0.000000 0.001165 0.025935
0.856483
0.977763 0.111111 0.962783 0.999822 0.779613 0.044542 0.111089 0.004344 0.000000 0.015622 0.016569
0.856483
0.975990 0.111111 0.960989 0.999823 0.780909 0.037278 0.084461 0.005190 0.003226 0.006516 0.018731
0.856483
0.979210 0.111111 0.964249 0.999827 0.786416 0.046736 0.116395 0.004845 0.000000 0.017383 0.019455
0.856483
0.971075 0.111111 0.956011 0.999819 0.776590 0.038810 0.096686 0.002480 0.000000 0.008836 0.018731
0.856483
0.973927 0.111111 0.958897 0.999821 0.778318 0.042992 0.107344 0.002698 0.000000 0.009588 0.015849
0.856483
0.482795 0.111111 0.461671 0.495014 0.388187 0.031519 0.078732 0.000359 0.000000 0.001168 0.024494
0.856483
0.977368 0.111111 0.962383 0.999823 0.780909 0.044544 0.111070 0.004349 0.003226 0.015711 0.017290
0.856483
0.968140 0.111111 0.953041 0.999817 0.773567 0.034270 0.083883 0.001847 0.000000 0.003215 0.016570
0.856483
0.985354 0.111111 0.970473 0.999831 0.791599 0.049371 0.116246 0.009599 0.000000 0.022839 0.018049
0.856483
0.970938 0.111111 0.955874 0.999819 0.776590 0.038943 0.096759 0.002604 0.000000 0.009305 0.020892
0.856483
0.973703 0.111111 0.958671 0.999825 0.783825 0.043012 0.107381 0.002703 0.000000 0.009672 0.016570
0.856483
0.482818 0.111111 0.461693 0.495009 0.381384 0.031502 0.078376 0.000403 0.000000 0.001324 0.023054
0.856483
0.977415 0.111111 0.962430 0.999824 0.781773 0.044548 0.111076 0.004370 0.000000 0.015750 0.018011
0.856483
0.966356 0.111111 0.951232 0.999816 0.773135 0.033758 0.083973 0.000731 0.000000 0.002491 0.014409
0.856483
0.988227 0.111111 0.973382 0.999831 0.791599 0.049772 0.117034 0.009299 0.000000 0.022089 0.021611
0.856483
0.971207 0.111111 0.956145 0.999820 0.777886 0.039030 0.097052 0.002612 0.000000 0.009237 0.018731
0.856483
0.973178 0.111111 0.958141 0.999824 0.783393 0.042917 0.107075 0.002692 0.000000 0.009599 0.020172
0.856483
0.482749 0.111111 0.461624 0.495011 0.383112 0.031380 0.078018 0.000398 0.000000 0.001323 0.023054
0.856483
0.977381 0.111111 0.962396 0.999821 0.779182 0.044563 0.111050 0.004322 0.000000 0.015598 0.016570
0.856483
0.966232 0.111111 0.951107 0.999817 0.773567 0.033920 0.084464 0.000779 0.000000 0.002594 0.019452
0.856483
0.980119 0.111111 0.965170 0.999828 0.788144 0.047310 0.116202 0.005671 0.003226 0.017052 0.017290
0.856483
0.981373 0.111111 0.966441 0.999825 0.783069 0.042658 0.097785 0.006914 0.000000 0.013930 0.015129
0.856483
0.973437 0.111111 0.958402 0.999824 0.782529 0.042914 0.106994 0.002736 0.000000 0.009740 0.016570
0.856483
0.482722 0.111111 0.461597 0.495011 0.383112 0.031153 0.077510 0.000405 0.000000 0.001316 0.023054
0.856483
0.977225 0.111111 0.962238 0.999821 0.779182 0.044551 0.111055 0.004324 0.000000 0.015613 0.018731
0.856483
0.966513 0.111111 0.951392 0.999818 0.775294 0.034033 0.084730 0.000798 0.000000 0.002688 0.016570
0.856483
0.977190 0.111111 0.962203 0.999826 0.785552 0.046634 0.116061 0.004374 0.006453 0.015851 0.017294
0.856483
0.981429 0.111111 0.966498 0.999825 0.783069 0.042867 0.097851 0.007136 0.000000 0.013882 0.014408
0.856483
0.973522 0.111111 0.958489 0.999825 0.783825 0.042836 0.106871 0.002747 0.003226 0.009768 0.010806
0.856483
0.482757 0.111111 0.461632 0.495010 0.382248 0.031048 0.077219 0.000410 0.000000 0.001326 0.014409
0.856483
0.977505 0.111111 0.962521 0.999823 0.781341 0.044557 0.111063 0.004345 0.000000 0.015666 0.013688
0.856483
0.966479 0.111111 0.951355 0.999816 0.772703 0.034155 0.085083 0.000895 0.000000 0.003175 0.017290
0.856483
0.972726 0.111111 0.957683 0.999825 0.784257 0.045989 0.114753 0.003731 0.000000 0.013642 0.021660
0.856483
0.973450 0.111111 0.958417 0.999820 0.777886 0.039550 0.096749 0.004033 0.000000 0.011180 0.015849
0.856483
0.982629 0.111111 0.967713 0.999828 0.787280 0.045721 0.107926 0.007123 0.000000 0.015537 0.016570
0.856483
0.483030 0.111111 0.461908 0.495012 0.383544 0.031158 0.077507 0.000502 0.000000 0.001607 0.024495
0.856483
0.977690 0.111111 0.962710 0.999824 0.782205 0.044544 0.111091 0.004436 0.000000 0.015943 0.015128
0.856483
0.966544 0.111111 0.951421 0.999816 0.772703 0.034130 0.084984 0.000891 0.003226 0.003118 0.018731
0.856483
0.972758 0.111111 0.957717 0.999824 0.782961 0.046027 0.114845 0.003785 0.003233 0.013867 0.020938
0.856483
0.970558 0.111111 0.955488 0.999820 0.777022 0.038820 0.096529 0.002422 0.003226 0.008635 0.018731
0.856483
0.983550 0.111111 0.968645 0.999828 0.787712 0.045940 0.108010 0.007493 0.003225 0.015797 0.014408
0.856483
0.483055 0.111111 0.461933 0.495011 0.383544 0.031307 0.077799 0.000493 0.000000 0.001588 0.014409
0.856483
0.977265 0.111111 0.962279 0.999821 0.779182 0.044544 0.111075 0.004467 0.000000 0.016088 0.019451
0.856483
0.966403 0.111111 0.951279 0.999818 0.775294 0.034000 0.084664 0.000804 0.000000 0.002668 0.019453
0.856483
0.977790 0.111111 0.962811 0.999826 0.785552 0.046655 0.116076 0.004387 0.000000 0.015855 0.020172
0.856483
0.970788 0.111111 0.955720 0.999819 0.776590 0.038898 0.096700 0.002443 0.000000 0.008746 0.018011
0.856483
0.976099 0.111111 0.961098 0.999826 0.785552 0.043682 0.107425 0.004073 0.000000 0.011296 0.012247
0.856483
0.491023 0.111111 0.470002 0.495014 0.386999 0.038133 0.078399 0.007929 0.012902 0.006441 0.020172
0.856483
0.979685 0.111111 0.964730 0.999824 0.782205 0.044561 0.111095 0.005062 0.006451 0.018205 0.019451
0.856483
0.966613 0.111111 0.951492 0.999816 0.772703 0.034308 0.085499 0.001033 0.000000 0.003413 0.020894
0.856483
0.977141 0.111111 0.962154 0.999827 0.786416 0.046366 0.115442 0.004119 0.000000 0.014950 0.018731
0.856483
0.970628 0.111111 0.955558 0.999819 0.776590 0.038989 0.096960 0.002480 0.000000 0.008819 0.021613
0.856483
0.973109 0.111111 0.958070 0.999824 0.782961 0.042915 0.107047 0.002657 0.000000 0.009488 0.018011
0.856483
0.491318 0.111111 0.470302 0.495014 0.387863 0.038397 0.077996 0.008366 0.000000 0.006403 0.017290
0.856483
0.979808 0.111111 0.964853 0.999824 0.782637 0.044556 0.111095 0.005039 0.003226 0.018037 0.017290
0.856483
0.966998 0.111111 0.951882 0.999818 0.774862 0.034486 0.086008 0.001176 0.000000 0.004008 0.020892
0.856483
0.977723 0.111111 0.962743 0.999826 0.785552 0.046369 0.115255 0.004099 0.000000 0.014732 0.017290
0.856483
0.970755 0.111111 0.955688 0.999820 0.777022 0.039052 0.097132 0.002473 0.000000 0.008878 0.018731
0.856483
0.973396 0.111111 0.958362 0.999823 0.781665 0.042838 0.106920 0.002630 0.000000 0.009359 0.015849
0.856483
0.482727 0.111111 0.461601 0.495011 0.383112 0.031192 0.077630 0.000387 0.000000 0.001274 0.015849
0.856483
0.988944 0.111111 0.974104 0.999847 0.788684 0.047658 0.111127 0.010144 0.003225 0.022882 0.014408
0.856483
0.968712 0.111111 0.953620 0.999817 0.773998 0.034675 0.086451 0.001694 0.000000 0.006000 0.020892
0.856483
0.976929 0.111111 0.961940 0.999825 0.784688 0.046279 0.115115 0.004041 0.000000 0.014355 0.016570
0.856483
0.970818 0.111111 0.955750 0.999820 0.777454 0.039162 0.097410 0.002517 0.000000 0.008987 0.020171
0.856483
0.972975 0.111111 0.957935 0.999825 0.783825 0.042723 0.106569 0.002622 0.000000 0.009385 0.016570
0.856483
0.482757 0.111111 0.461632 0.495009 0.381384 0.031008 0.077081 0.000400 0.000000 0.001313 0.017290
0.856483
0.986672 0.111111 0.971804 0.999828 0.786956 0.047305 0.111171 0.008813 0.000000 0.020590 0.018731
0.856483
0.968926 0.111111 0.953835 0.999818 0.775294 0.034702 0.086560 0.001724 0.000000 0.006082 0.025936
0.856483
0.977581 0.111111 0.962599 0.999827 0.786848 0.046346 0.115157 0.003977 0.000000 0.014154 0.018731
0.856483
0.970692 0.111111 0.955624 0.999818 0.774862 0.039209 0.097486 0.002519 0.000000 0.009046 0.018011
0.856483
0.973358 0.111111 0.958322 0.999825 0.784688 0.042662 0.106520 0.002607 0.003226 0.009318 0.015849
0.856483
0.482764 0.111111 0.461639 0.495011 0.383112 0.030817 0.076676 0.000408 0.000000 0.001337 0.014409
0.856483
0.977106 0.111111 0.962118 0.999821 0.779182 0.044549 0.111072 0.004293 0.000000 0.015481 0.019451
0.856483
0.980222 0.111111 0.965274 0.999828 0.788144 0.038797 0.086750 0.007162 0.009677 0.011078 0.015849
0.856483
0.977552 0.111111 0.962567 0.999822 0.780045 0.046360 0.115298 0.004129 0.000000 0.014547 0.018731
0.856483
0.971090 0.111111 0.956026 0.999819 0.776590 0.039369 0.097900 0.002553 0.000000 0.009136 0.019451
0.856483
0.973243 0.111111 0.958207 0.999824 0.783393 0.042514 0.106094 0.002622 0.000000 0.009323 0.018010
0.856483
0.482759 0.111111 0.461633 0.495010 0.382248 0.030611 0.076063 0.000384 0.006451 0.001252 0.012968
0.856483
0.976925 0.111111 0.961933 0.999823 0.781341 0.044555 0.111077 0.004283 0.000000 0.015472 0.015129
0.856483
0.977641 0.111111 0.962662 0.999826 0.785120 0.038350 0.087020 0.005999 0.000000 0.009405 0.019451
0.856483
0.977731 0.111111 0.962750 0.999822 0.780045 0.046407 0.115286 0.004104 0.000000 0.014576 0.014408
0.856483
0.970843 0.111111 0.955776 0.999820 0.777022 0.039409 0.097976 0.002553 0.000000 0.009157 0.018011
0.856483
0.973403 0.111111 0.958370 0.999824 0.781233 0.042471 0.106034 0.002586 0.003226 0.009243 0.017290
0.856483
0.482654 0.111111 0.461528 0.495011 0.383544 0.030464 0.075795 0.000374 0.000000 0.001224 0.017290
0.856483
0.977487 0.111111 0.962503 0.999855 0.780045 0.044552 0.111086 0.004295 0.000000 0.015442 0.018010
0.856483
0.970159 0.111111 0.955084 0.999819 0.776590 0.035397 0.086618 0.002850 0.000000 0.006882 0.020176
0.856483
0.986931 0.111111 0.972070 0.999831 0.791167 0.049115 0.115888 0.008573 0.003226 0.020348 0.022333
0.856483
0.971722 0.111111 0.956666 0.999820 0.777022 0.039626 0.098444 0.002745 0.000000 0.009789 0.018731
0.856483
0.972996 0.111111 0.957956 0.999823 0.782097 0.042332 0.105631 0.002581 0.000000 0.009203 0.018731
0.856483
0.482780 0.111111 0.461655 0.495011 0.383112 0.030192 0.075127 0.000403 0.000000 0.001352 0.018731
0.856483
0.976924 0.111111 0.961933 0.999821 0.779182 0.044535 0.111065 0.004281 0.000000 0.015453 0.018731
0.856483
0.967573 0.111111 0.952464 0.999824 0.782529 0.034867 0.086900 0.001338 0.000000 0.004735 0.020172
0.856483
0.986522 0.111111 0.971654 0.999826 0.784796 0.049234 0.115749 0.008768 0.000000 0.020315 0.020172
0.856483
0.971311 0.111111 0.956250 0.999819 0.776590 0.039632 0.098496 0.002743 0.003226 0.009837 0.018731
0.856483
0.973244 0.111111 0.958209 0.999825 0.784688 0.042306 0.105602 0.002563 0.000000 0.009127 0.015849
0.856483
0.482721 0.111111 0.461595 0.495009 0.381816 0.030120 0.074940 0.000399 0.000000 0.001304 0.012968
0.856483
0.977618 0.111111 0.962635 0.999823 0.780909 0.044552 0.111080 0.004308 0.000000 0.015476 0.018011
0.856483
0.967663 0.111111 0.952556 0.999821 0.779074 0.034913 0.087042 0.001357 0.000000 0.004783 0.021615
0.856483
0.979097 0.111111 0.964134 0.999824 0.782637 0.046946 0.115199 0.005334 0.003225 0.015667 0.016568
0.856483
0.981664 0.111111 0.966734 0.999823 0.781341 0.043325 0.099471 0.007058 0.006451 0.014388 0.013688
0.856483
0.973122 0.111111 0.958083 0.999824 0.783393 0.042246 0.105356 0.002634 0.000000 0.009273 0.015849
0.856483
0.482702 0.111111 0.461575 0.495011 0.383544 0.029858 0.074307 0.000382 0.006451 0.001275 0.014409
0.856483
0.976673 0.111111 0.961679 0.999822 0.780045 0.044539 0.111039 0.004271 0.000000 0.015430 0.015849
0.856483
0.967800 0.111111 0.952694 0.999821 0.779074 0.035045 0.087363 0.001375 0.000000 0.004899 0.018730
0.856483
0.976592 0.111111 0.961597 0.999823 0.780909 0.046281 0.115163 0.003981 0.000000 0.014123 0.018011
0.856483
0.982117 0.111111 0.967194 0.999826 0.784365 0.043503 0.099490 0.007291 0.003226 0.014450 0.020172
0.856483
0.973171 0.111111 0.958133 0.999823 0.781665 0.042203 0.105219 0.002616 0.000000 0.009264 0.015129
0.856483
0.482724 0.111111 0.461599 0.495011 0.383112 0.029777 0.074080 0.000393 0.000000 0.001284 0.018731
0.856483
0.976934 0.111111 0.961942 0.999823 0.781341 0.044558 0.111091 0.004284 0.000000 0.015389 0.018731
0.856483
0.968019 0.111111 0.952916 0.999822 0.780369 0.035174 0.087596 0.001403 0.000000 0.004928 0.023052
0.856483
0.976915 0.111111 0.961924 0.999821 0.778750 0.046235 0.115039 0.003871 0.000000 0.013863 0.015849
0.856483
0.974127 0.111111 0.959102 0.999820 0.777886 0.040355 0.098795 0.004197 0.003225 0.011721 0.016568
0.856483
0.982712 0.111111 0.967795 0.999830 0.790303 0.044934 0.105973 0.006971 0.000000 0.014917 0.013688
0.856483
0.482992 0.111111 0.461870 0.495011 0.383112 0.029611 0.073553 0.000500 0.000000 0.001599 0.017290
0.856483
0.976891 0.111111 0.961900 0.999821 0.779182 0.044525 0.111063 0.004326 0.000000 0.015638 0.015849
0.856483
0.968049 0.111111 0.952948 0.999822 0.780369 0.035415 0.088223 0.001556 0.000000 0.005452 0.021611
0.856483
0.976558 0.111111 0.961563 0.999823 0.780477 0.046109 0.114740 0.003852 0.003226 0.013737 0.015129
0.856483
0.971247 0.111111 0.956186 0.999818 0.775294 0.039739 0.098886 0.002613 0.006451 0.009383 0.020172
0.856483
0.983082 0.111111 0.968170 0.999830 0.790303 0.045051 0.105744 0.007285 0.000000 0.015157 0.013688
0.856483
0.483040 0.111111 0.461919 0.495011 0.383544 0.029461 0.073290 0.000487 0.006451 0.001580 0.015849
0.856483
0.977095 0.111111 0.962106 0.999821 0.779182 0.044554 0.111080 0.004348 0.003226 0.015611 0.015849
0.856483
0.968510 0.111111 0.953415 0.999822 0.779505 0.035556 0.088511 0.001612 0.000000 0.005636 0.023051
0.856483
0.976020 0.111111 0.961017 0.999824 0.781773 0.046017 0.114532 0.003742 0.003225 0.013382 0.013688
0.856483
0.971039 0.111111 0.955974 0.999819 0.776590 0.039750 0.098852 0.002592 0.000000 0.009317 0.019452
0.856483
0.975656 0.111111 0.960649 0.999825 0.784688 0.042817 0.105244 0.003913 0.000000 0.010670 0.018011
0.856483
0.490947 0.111111 0.469925 0.495013 0.386567 0.036366 0.073957 0.007973 0.006451 0.006533 0.014408
0.856483
0.979567 0.111111 0.964610 0.999825 0.783069 0.044568 0.111063 0.004926 0.000000 0.017711 0.019451
0.856483
0.968388 0.111111 0.953292 0.999821 0.779505 0.035802 0.089127 0.001747 0.003226 0.006106 0.022333
0.856483
0.976321 0.111111 0.961322 0.999821 0.778750 0.045883 0.114248 0.003732 0.003226 0.013244 0.012247
0.856483
0.971367 0.111111 0.956308 0.999821 0.777886 0.039919 0.099304 0.002645 0.000000 0.009510 0.015849
0.856483
0.972694 0.111111 0.957649 0.999824 0.783393 0.041981 0.104753 0.002479 0.000000 0.008875 0.012967
0.856483
0.491153 0.111111 0.470135 0.495013 0.386567 0.036533 0.073497 0.008352 0.000000 0.006448 0.015849
0.856483
0.978821 0.111111 0.963855 0.999824 0.781773 0.044594 0.111146 0.004952 0.000000 0.017753 0.014408
0.856483
0.968967 0.111111 0.953877 0.999823 0.781233 0.035923 0.089448 0.001796 0.000000 0.006283 0.020891
0.856483
0.976357 0.111111 0.961358 0.999823 0.780477 0.045806 0.114064 0.003671 0.003225 0.013087 0.012966
0.856483
0.971235 0.111111 0.956172 0.999818 0.774862 0.039974 0.099455 0.002634 0.000000 0.009457 0.017289
0.856483
0.972704 0.111111 0.957661 0.999825 0.784257 0.041916 0.104590 0.002435 0.000000 0.008648 0.021613
0.856483
0.482750 0.111111 0.461625 0.495011 0.383112 0.029421 0.073147 0.000391 0.000000 0.001285 0.017290
0.856483
0.988952 0.111111 0.974114 0.999827 0.786092 0.047696 0.111123 0.010169 0.000000 0.022823 0.017290
0.856483
0.970373 0.111111 0.955303 0.999824 0.782961 0.036226 0.090113 0.002289 0.000000 0.008080 0.023054
0.856483
0.976197 0.111111 0.961196 0.999821 0.779182 0.045673 0.113765 0.003626 0.003226 0.012890 0.012968
0.856483
0.971208 0.111111 0.956146 0.999819 0.776590 0.040067 0.099664 0.002672 0.000000 0.009643 0.016570
0.856483
0.972734 0.111111 0.957690 0.999825 0.783825 0.041811 0.104322 0.002441 0.000000 0.008654 0.017290
0.856483
0.482728 0.111111 0.461603 0.495010 0.382248 0.029104 0.072395 0.000385 0.006451 0.001267 0.020172
0.856483
0.986346 0.111111 0.971475 0.999827 0.786524 0.047324 0.111038 0.008852 0.000000 0.020384 0.018010
0.856483
0.970501 0.111111 0.955431 0.999822 0.780369 0.036346 0.090395 0.002334 0.000000 0.008262 0.022336
0.856483
0.975733 0.111111 0.960727 0.999823 0.781341 0.045641 0.113671 0.003520 0.000000 0.012594 0.017290
0.856483
0.971386 0.111111 0.956327 0.999818 0.775294 0.040122 0.099845 0.002729 0.000000 0.009763 0.018011
0.856483
0.972672 0.111111 0.957628 0.999824 0.783393 0.041752 0.104157 0.002434 0.003226 0.008640 0.015849
0.856483
0.482705 0.111111 0.461579 0.495011 0.383112 0.028982 0.072041 0.000392 0.000000 0.001264 0.021613
0.856483
0.976998 0.111111 0.962008 0.999822 0.780477 0.044544 0.111066 0.004149 0.003225 0.014989 0.015129
0.856483
0.980681 0.111111 0.965740 0.999828 0.788144 0.040487 0.090801 0.007542 0.006451 0.013107 0.020891
0.856483
0.976217 0.111111 0.961218 0.999821 0.778750 0.045623 0.113618 0.003631 0.003226 0.012849 0.013688
0.856483
0.971564 0.111111 0.956506 0.999820 0.777886 0.040272 0.100180 0.002729 0.000000 0.009824 0.018731
0.856483
0.488775 0.111111 0.467726 0.495017 0.391642 0.044763 0.112106 0.003753 0.000000 0.013526 0.021613
0.856483
0.966333 0.111111 0.951209 0.999816 0.772703 0.033637 0.083647 0.000716 0.000000 0.002413 0.019452
0.856483
0.976446 0.111111 0.961450 0.999821 0.779182 0.044551 0.111060 0.004137 0.000000 0.015010 0.018011
0.856483
0.979005 0.111111 0.964045 0.999829 0.788576 0.040155 0.091119 0.006531 0.000000 0.011905 0.023052
0.856483
0.975942 0.111111 0.960940 0.999821 0.778750 0.045513 0.113322 0.003563 0.000000 0.012633 0.016569
0.856483
0.971450 0.111111 0.956392 0.999820 0.777022 0.040267 0.100163 0.002723 0.000000 0.009828 0.018011
0.856483
0.489013 0.111111 0.467967 0.495018 0.392506 0.044682 0.111871 0.003827 0.006451 0.013730 0.020172
0.856483
0.966782 0.111111 0.951663 0.999817 0.773567 0.033631 0.083644 0.000713 0.000000 0.002429 0.015849
0.856483
0.976417 0.111111 0.961420 0.999823 0.780477 0.044555 0.111084 0.004169 0.000000 0.015002 0.017290
0.856483
0.971849 0.111111 0.956797 0.999823 0.781665 0.037006 0.090409 0.003458 0.000000 0.009014 0.021613
0.856483
0.985262 0.111111 0.970378 0.999827 0.786524 0.048361 0.114281 0.008042 0.006451 0.018705 0.013688
0.856483
0.972387 0.111111 0.957341 0.999822 0.775294 0.040467 0.100605 0.002924 0.000000 0.010441 0.016570
0.856483
0.488723 0.111111 0.467673 0.495017 0.391642 0.044216 0.110621 0.003670 0.000000 0.013244 0.025935
0.856483
0.966487 0.111111 0.951365 0.999819 0.775726 0.033649 0.083649 0.000726 0.000000 0.002442 0.018010
0.856483
0.975995 0.111111 0.960993 0.999821 0.778750 0.044548 0.111057 0.004102 0.000000 0.014837 0.018731
0.856483
0.969198 0.111111 0.954112 0.999822 0.779937 0.036490 0.090761 0.001904 0.000000 0.006781 0.023053
0.856483
0.985624 0.111111 0.970744 0.999828 0.787388 0.048406 0.113958 0.008330 0.006451 0.018762 0.012968
0.856483
0.971968 0.111111 0.956915 0.999820 0.777454 0.040493 0.100668 0.002911 0.000000 0.010480 0.018011
0.856483
0.488857 0.111111 0.467809 0.495017 0.391642 0.044060 0.110304 0.003669 0.000000 0.013187 0.024494
0.856483
0.966417 0.111111 0.951293 0.999816 0.772703 0.033645 0.083646 0.000718 0.000000 0.002403 0.016570
0.856483
0.976647 0.111111 0.961654 0.999822 0.780477 0.044551 0.111055 0.004108 0.000000 0.014856 0.018011
0.856483
0.968777 0.111111 0.953686 0.999823 0.781233 0.036556 0.090934 0.001918 0.000000 0.006753 0.022333
0.856483
0.978244 0.111111 0.963271 0.999822 0.780045 0.046181 0.113506 0.004895 0.006451 0.014027 0.012968
0.856483
0.981998 0.111111 0.967072 0.999825 0.783501 0.044112 0.101519 0.007211 0.003226 0.014962 0.020171
0.856483
0.488860 0.111111 0.467812 0.495018 0.392506 0.043862 0.109559 0.003710 0.000000 0.013220 0.017290
0.856483
0.966597 0.111111 0.951476 0.999816 0.772703 0.033638 0.083631 0.000728 0.000000 0.002458 0.013688
0.856483
0.976523 0.111111 0.961527 0.999823 0.780909 0.044550 0.111107 0.004106 0.000000 0.014900 0.015129
0.856483
0.968957 0.111111 0.953867 0.999822 0.780801 0.036777 0.091404 0.001972 0.000000 0.006994 0.020892
0.856483
0.975278 0.111111 0.960266 0.999821 0.778750 0.045392 0.113152 0.003385 0.000000 0.012109 0.013688
0.856483
0.982552 0.111111 0.967635 0.999825 0.783069 0.044337 0.101592 0.007428 0.000000 0.014918 0.020892
0.856483
0.571905 0.000000 0.467792 0.495059 0.443473 0.043625 0.109021 0.003683 0.006450 0.013134 0.023050
0.856483
0.646225 0.000000 0.463568 0.495094 0.486233 0.042858 0.106573 0.001133 0.000000 0.003923 0.031691
0.856483
1.301889 0.000000 0.961420 0.999988 0.984559 0.047190 0.117562 0.004596 0.000000 0.016440 0.021607
0.856483
0.644417 0.000000 0.462195 0.495094 0.486233 0.036246 0.090232 0.000550 0.000000 0.001772 0.025929
0.856483
0.654885 0.000000 0.470145 0.495098 0.491416 0.062218 0.155470 0.006936 0.006455 0.025308 0.031718
0.856483
1.298136 0.000000 0.958572 0.999988 0.984559 0.041299 0.101286 0.004341 0.000000 0.012603 0.023768
0.856483
0.661744 0.000000 0.475355 0.495102 0.495303 0.057537 0.126852 0.015382 0.019348 0.027580 0.020167
0.856483
0.646970 0.000000 0.464134 0.495094 0.485801 0.042803 0.106387 0.001783 0.000000 0.006494 0.027369
0.856483
1.301363 0.000000 0.961022 0.999990 0.986718 0.048310 0.120363 0.004619 0.000000 0.016469 0.019446
0.856483
0.645302 0.000000 0.462868 0.495094 0.486233 0.035721 0.089519 0.001518 0.000000 0.005218 0.028801
0.856483
0.654830 0.000000 0.470104 0.495102 0.496491 0.062657 0.155875 0.006682 0.000000 0.023960 0.020167
0.856483
1.296030 0.000000 0.956971 0.999986 0.981967 0.042057 0.104460 0.002998 0.000000 0.010636 0.024488
0.856483
0.664283 0.000000 0.477282 0.495103 0.497462 0.056634 0.122135 0.017548 0.012899 0.031538 0.028809
0.856483
0.644770 0.000000 0.462464 0.495094 0.486233 0.040134 0.099899 0.000762 0.000000 0.002470 0.023048
0.856483
0.653965 0.000000 0.469448 0.495098 0.490552 0.057331 0.142825 0.006500 0.000000 0.023540 0.018726
0.856483
1.294929 0.000000 0.956136 0.999985 0.981104 0.039496 0.098330 0.002656 0.003225 0.009296 0.023768
0.856483
0.653737 0.000000 0.469274 0.495098 0.490552 0.058588 0.146453 0.005770 0.000000 0.020618 0.023048
0.856483
0.644848 0.000000 0.462522 0.495096 0.487960 0.042541 0.105774 0.001062 0.000000 0.003636 0.017287
0.856483
1.304626 0.000000 0.963499 0.999989 0.985855 0.046871 0.115434 0.005865 0.000000 0.018156 0.026646
0.856483
0.652879 0.000000 0.468623 0.495097 0.490120 0.045051 0.095136 0.008038 0.012899 0.006514 0.024488
0.856483
0.656731 0.000000 0.471547 0.495100 0.493143 0.060752 0.151522 0.008005 0.000000 0.029096 0.028813
0.856483
1.295520 0.000000 0.956586 0.999987 0.984127 0.040054 0.099466 0.002777 0.003225 0.009773 0.024486
0.856483
0.653000 0.000000 0.468714 0.495097 0.490120 0.053884 0.134775 0.004749 0.000000 0.017026 0.017286
0.856483
0.645028 0.000000 0.462659 0.495093 0.484937 0.042893 0.106639 0.001106 0.000000 0.003834 0.031691
0.856483
1.301894 0.000000 0.961425 0.999987 0.984127 0.047366 0.118028 0.004546 0.003225 0.016312 0.016566
0.856483
0.653922 0.000000 0.469415 0.495100 0.493575 0.043822 0.089410 0.008966 0.019348 0.006779 0.024488
0.856483
0.657480 0.000000 0.472116 0.495099 0.492279 0.063022 0.157077 0.008407 0.006453 0.030485 0.027384
0.856483
1.296668 0.000000 0.957456 0.999986 0.982399 0.041206 0.102401 0.003112 0.003225 0.011009 0.020167
0.856483
0.651783 0.000000 0.467791 0.495097 0.489688 0.050093 0.125604 0.004473 0.000000 0.015895 0.021603
0.856483
0.644688 0.000000 0.462401 0.495093 0.484937 0.042195 0.104614 0.000764 0.000000 0.002669 0.030251
0.856483
1.301125 0.000000 0.960842 0.999990 0.987150 0.048488 0.120791 0.004399 0.000000 0.015755 0.021607
0.856483
0.648331 0.000000 0.465169 0.495099 0.492171 0.036775 0.089340 0.004407 0.000000 0.010055 0.034564
0.856483
0.664054 0.000000 0.477109 0.495103 0.496599 0.068770 0.154059 0.017720 0.038697 0.036107 0.020166
0.856483
1.297615 0.000000 0.958176 0.999987 0.984127 0.042721 0.106192 0.003516 0.003225 0.012572 0.025929
0.856483
0.651335 0.000000 0.467449 0.495097 0.489688 0.048168 0.120426 0.004401 0.000000 0.015496 0.023048
0.856483
0.644276 0.000000 0.462088 0.495093 0.484505 0.039662 0.098739 0.000585 0.000000 0.001933 0.021608
0.856483
0.654306 0.000000 0.469706 0.495098 0.490552 0.058006 0.144539 0.006368 0.000000 0.023177 0.020167
0.856483
1.294987 0.000000 0.956179 0.999986 0.982399 0.039532 0.098341 0.002648 0.000000 0.009273 0.025927
0.856483
0.665088 0.000000 0.477894 0.495104 0.497894 0.065376 0.143896 0.018086 0.019348 0.033369 0.017285
0.856483
0.646450 0.000000 0.463739 0.495095 0.487096 0.042781 0.106375 0.001711 0.000000 0.006139 0.021607
0.856483
1.302630 0.000000 0.961983 0.999988 0.984559 0.046601 0.116145 0.004780 0.000000 0.017092 0.025208
0.856483
0.644550 0.000000 0.462297 0.495095 0.487096 0.037316 0.092910 0.000539 0.000000 0.001737 0.025929
0.856483
0.654573 0.000000 0.469908 0.495099 0.491848 0.061300 0.152904 0.006773 0.000000 0.024725 0.030250
0.856483
1.295276 0.000000 0.956400 0.999985 0.981535 0.040214 0.099910 0.002758 0.000000 0.009732 0.018725
0.856483
0.652716 0.000000 0.468498 0.495097 0.490120 0.053328 0.133553 0.004595 0.000000 0.016521 0.014405
0.856483
0.655815 0.000000 0.470852 0.495098 0.491416 0.050761 0.106596 0.010864 0.019349 0.011597 0.024488
0.856483
1.304289 0.000000 0.963245 0.999991 0.988878 0.047692 0.118878 0.005200 0.000000 0.018582 0.019447
0.856483
0.644118 0.000000 0.461968 0.495093 0.484505 0.035110 0.087394 0.000537 0.000000 0.001756 0.015846
0.856483
0.654998 0.000000 0.470232 0.495098 0.490984 0.063470 0.158434 0.007303 0.006450 0.026515 0.025929
0.856483
1.296574 0.000000 0.957384 0.999986 0.982399 0.041449 0.103108 0.003065 0.000000 0.010890 0.020167
0.856483
0.651954 0.000000 0.467920 0.495098 0.490984 0.049857 0.124863 0.004492 0.000000 0.015918 0.017283
0.856483
0.653611 0.000000 0.469179 0.495102 0.496059 0.049734 0.103855 0.009044 0.012899 0.007085 0.025929
0.856483
1.303643 0.000000 0.962753 0.999988 0.985423 0.048816 0.121628 0.005157 0.000000 0.018382 0.022327
0.856483
0.646211 0.000000 0.463558 0.495095 0.487096 0.036110 0.090182 0.002064 0.000000 0.007238 0.034572
0.856483
0.654491 0.000000 0.469846 0.495099 0.491848 0.061213 0.152704 0.006443 0.006449 0.023157 0.018726
0.856483
0.644892 0.000000 0.462555 0.495093 0.485369 0.041388 0.103069 0.001075 0.000000 0.003622 0.020167
0.856483
1.302132 0.000000 0.961605 0.999989 0.986287 0.046355 0.115566 0.004708 0.000000 0.016797 0.025929
0.856483
0.644145 0.000000 0.461988 0.495093 0.484505 0.039366 0.098048 0.000561 0.000000 0.001861 0.025929
0.856483
0.656364 0.000000 0.471269 0.495099 0.492279 0.059517 0.145873 0.009242 0.000000 0.027670 0.014405
0.856483
1.307639 0.000000 0.965789 0.999992 0.989310 0.043276 0.099156 0.008940 0.006450 0.017707 0.027369
0.856483
0.652970 0.000000 0.468691 0.495097 0.490120 0.056358 0.140957 0.005187 0.000000 0.018536 0.021607
0.856483
0.645358 0.000000 0.462910 0.495095 0.487096 0.042861 0.106700 0.001104 0.000000 0.003806 0.021607
0.856483
1.302140 0.000000 0.961612 0.999986 0.983263 0.046799 0.116691 0.004611 0.000000 0.016484 0.024486
0.856483
0.644395 0.000000 0.462179 0.495093 0.485369 0.037018 0.092148 0.000534 0.000000 0.001691 0.021608
0.856483
0.661863 0.000000 0.475446 0.495102 0.495303 0.067873 0.153662 0.016423 0.006452 0.033489 0.027382
0.856483
1.300741 0.000000 0.960552 0.999989 0.985855 0.041412 0.101062 0.004782 0.006450 0.014038 0.025209
0.856483
0.651795 0.000000 0.467799 0.495098 0.490552 0.051738 0.129545 0.004445 0.000000 0.015930 0.015845
0.856483
0.645159 0.000000 0.462759 0.495094 0.485801 0.042864 0.106718 0.001163 0.000000 0.004008 0.021607
0.856483
1.301531 0.000000 0.961149 0.999987 0.984127 0.047892 0.119503 0.004459 0.003225 0.015993 0.023768
0.856483
0.644295 0.000000 0.462102 0.495094 0.486233 0.034830 0.086665 0.000520 0.000000 0.001690 0.027370
0.856483
0.654872 0.000000 0.470136 0.495098 0.491416 0.063731 0.159113 0.007190 0.000000 0.026006 0.027369
0.856483
1.309576 0.000000 0.967261 0.999997 0.996977 0.045849 0.104113 0.008716 0.012899 0.017083 0.024488
0.856483
0.652168 0.000000 0.468083 0.495097 0.489688 0.049322 0.123493 0.004689 0.006450 0.016549 0.017286
0.856483
0.644468 0.000000 0.462234 0.495093 0.484937 0.040937 0.101792 0.000651 0.000000 0.002166 0.023048
0.856483
1.300659 0.000000 0.960486 0.999988 0.984991 0.049036 0.122254 0.004420 0.000000 0.015857 0.023768
0.856483
0.646599 0.000000 0.463852 0.495095 0.487528 0.036411 0.090948 0.002376 0.000000 0.008336 0.031688
0.856483
0.653502 0.000000 0.469095 0.495098 0.490552 0.060599 0.151079 0.006145 0.000000 0.022139 0.015845
0.856483
0.644801 0.000000 0.462487 0.495093 0.484937 0.041654 0.103803 0.001050 0.006450 0.003567 0.021608
0.856483
1.314280 0.000000 0.970831 0.999996 0.994061 0.050535 0.115991 0.009770 0.006449 0.021925 0.026649
0.856483
0.644186 0.000000 0.462019 0.495094 0.485801 0.038628 0.096228 0.000568 0.000000 0.001879 0.017286
0.856483
0.653986 0.000000 0.469464 0.495098 0.490552 0.059960 0.149513 0.006667 0.006450 0.024246 0.027371
0.856483
1.294613 0.000000 0.955897 0.999985 0.981104 0.039596 0.098611 0.002589 0.000000 0.009098 0.027369
0.856483
0.652550 0.000000 0.468372 0.495097 0.489688 0.056001 0.139988 0.005061 0.000000 0.018141 0.015845
0.856483
0.644864 0.000000 0.462536 0.495094 0.486233 0.042858 0.106718 0.001089 0.000000 0.003735 0.030250
0.856483
1.316553 0.000000 0.972558 0.999996 0.994925 0.050835 0.116866 0.011783 0.006449 0.025754 0.023768
0.856483
0.644694 0.000000 0.462406 0.495093 0.484937 0.036373 0.090623 0.000709 0.000000 0.002268 0.015846
0.856483
0.655249 0.000000 0.470422 0.495098 0.490984 0.062267 0.155392 0.007212 0.006450 0.026096 0.028810
0.856483
1.295927 0.000000 0.956894 0.999989 0.985423 0.040783 0.101391 0.002961 0.000000 0.010434 0.028090
0.856483
0.651433 0.000000 0.467524 0.495095 0.487528 0.051292 0.128424 0.004348 0.000000 0.015603 0.011524
0.856483
0.644704 0.000000 0.462413 0.495095 0.486665 0.042826 0.106690 0.001132 0.000000 0.003876 0.028820
0.856483
1.313425 0.000000 0.970180 0.999993 0.991038 0.051902 0.119630 0.010985 0.003225 0.023863 0.027369
0.856483
0.645250 0.000000 0.462829 0.495096 0.487960 0.035549 0.088896 0.001539 0.000000 0.005010 0.021607
0.856483
0.655945 0.000000 0.470951 0.495099 0.492279 0.063113 0.157141 0.006951 0.000000 0.025460 0.018726
0.856483
1.296376 0.000000 0.957234 0.999989 0.986179 0.041914 0.104246 0.003064 0.000000 0.010832 0.022328
0.856483
0.651258 0.000000 0.467390 0.495097 0.489256 0.048992 0.122665 0.004477 0.000000 0.015945 0.020167
0.856483
0.644517 0.000000 0.462272 0.495093 0.485369 0.040678 0.101149 0.000591 0.000000 0.001967 0.017286
0.856483
0.653349 0.000000 0.468978 0.495100 0.493143 0.056158 0.140106 0.006060 0.000000 0.022150 0.023048
0.856483
1.307712 0.000000 0.965846 0.999991 0.988446 0.043784 0.099177 0.008206 0.006449 0.015377 0.023045
0.856483
0.654794 0.000000 0.470076 0.495098 0.490984 0.059198 0.147447 0.005994 0.000000 0.021417 0.014405
0.856483
0.644968 0.000000 0.462614 0.495093 0.485369 0.042410 0.105598 0.001137 0.000000 0.003789 0.018727
0.856483
1.302109 0.000000 0.961588 0.999991 0.988014 0.046385 0.115640 0.004675 0.000000 0.016684 0.024488
0.856483
0.644150 0.000000 0.461994 0.495102 0.484505 0.038306 0.095364 0.000551 0.000000 0.001806 0.017286
0.856483
0.653796 0.000000 0.469319 0.495097 0.490120 0.060362 0.150512 0.006596 0.000000 0.024033 0.021607
0.856483
1.305130 0.000000 0.963883 0.999991 0.988446 0.043935 0.099432 0.007423 0.006449 0.013883 0.023766
0.856483
0.653246 0.000000 0.468901 0.495098 0.490984 0.054783 0.136866 0.004973 0.000000 0.017829 0.017286
0.856483
0.645194 0.000000 0.462785 0.495093 0.484937 0.042869 0.106691 0.001152 0.000000 0.003950 0.027370
0.856483
1.301773 0.000000 0.961334 0.999989 0.986287 0.047218 0.117733 0.004603 0.000000 0.016455 0.023768
0.856483
0.644173 0.000000 0.462011 0.495093 0.484505 0.036168 0.090029 0.000546 0.000000 0.001790 0.017286
0.856483
0.655580 0.000000 0.470674 0.495099 0.492711 0.062459 0.155846 0.006991 0.000000 0.025422 0.023048
0.856483
1.298827 0.000000 0.959096 0.999987 0.983263 0.041430 0.101738 0.004374 0.006450 0.012824 0.025929
0.856483
0.662696 0.000000 0.476078 0.495102 0.496167 0.057603 0.126932 0.015657 0.019348 0.028596 0.015845
0.856483
0.646058 0.000000 0.463442 0.495095 0.487096 0.042501 0.105614 0.001468 0.000000 0.005398 0.030250
0.856483
1.301891 0.000000 0.961422 0.999989 0.985855 0.048395 0.120724 0.004632 0.003225 0.016494 0.021607
0.856483
0.645680 0.000000 0.463155 0.495103 0.487096 0.035776 0.089477 0.001649 0.000000 0.005864 0.025929
0.856483
0.655502 0.000000 0.470614 0.495101 0.495195 0.062490 0.155687 0.006609 0.000000 0.023717 0.018726
0.856483
0.645105 0.000000 0.462717 0.495095 0.486665 0.040502 0.100799 0.001068 0.006450 0.003659 0.015845
0.856483
1.313593 0.000000 0.970309 0.999994 0.992333 0.050223 0.115499 0.011123 0.009674 0.024565 0.024488
0.856483
0.644944 0.000000 0.462597 0.495095 0.486665 0.039881 0.099291 0.000759 0.000000 0.002392 0.023048
0.856483
0.653539 0.000000 0.469123 0.495098 0.490552 0.057607 0.143715 0.006515 0.000000 0.023734 0.024488
0.856483
1.295252 0.000000 0.956381 0.999985 0.981535 0.039540 0.098494 0.002694 0.003225 0.009351 0.025927
0.856483
0.654075 0.000000 0.469530 0.495099 0.491848 0.058381 0.145782 0.005614 0.000000 0.020127 0.015845
0.856483
0.644677 0.000000 0.462393 0.495093 0.484937 0.042681 0.106344 0.001054 0.000000 0.003616 0.024489
0.856483
1.304432 0.000000 0.963353 0.999990 0.987150 0.046921 0.115646 0.005855 0.003225 0.018272 0.018726
0.856483
0.652956 0.000000 0.468682 0.495097 0.490120 0.044833 0.094542 0.008081 0.012899 0.006632 0.031691
0.856483
0.656742 0.000000 0.471557 0.495099 0.492711 0.060983 0.151996 0.008088 0.006450 0.029255 0.025930
0.856483
1.295494 0.000000 0.956565 0.999986 0.982399 0.040151 0.099921 0.002825 0.003225 0.009947 0.021607
0.856483
0.651977 0.000000 0.467937 0.495097 0.489688 0.053705 0.134345 0.004640 0.000000 0.016691 0.012964
0.856483
0.644957 0.000000 0.462606 0.495093 0.484937 0.042880 0.106715 0.001130 0.000000 0.003889 0.028810
0.856483
1.301537 0.000000 0.961155 0.999990 0.987582 0.047420 0.118179 0.004527 0.003225 0.016175 0.023768
0.856483
0.653350 0.000000 0.468980 0.495097 0.490120 0.043733 0.089225 0.008930 0.012899 0.006764 0.015845
0.856483
0.658177 0.000000 0.472647 0.495099 0.492711 0.063121 0.157310 0.008523 0.000000 0.030701 0.027369
0.856483
1.296239 0.000000 0.957130 0.999986 0.981967 0.041298 0.102681 0.003150 0.003225 0.011082 0.021607
0.856483
0.651442 0.000000 0.467530 0.495098 0.490552 0.050063 0.125535 0.004492 0.000000 0.016033 0.012964
0.856483
0.644634 0.000000 0.462360 0.495093 0.484937 0.042083 0.104545 0.000765 0.000000 0.002667 0.028810
0.856483
1.301345 0.000000 0.961008 0.999989 0.986287 0.048513 0.121013 0.004428 0.000000 0.015855 0.020166
0.856483
0.648175 0.000000 0.465051 0.495098 0.491740 0.036802 0.089409 0.004455 0.000000 0.010424 0.024488
0.856483
0.666616 0.000000 0.479053 0.495104 0.498758 0.068589 0.153810 0.017920 0.032247 0.036317 0.024488
0.856483
0.646353 0.000000 0.463666 0.495096 0.487960 0.041173 0.102347 0.001705 0.000000 0.006078 0.021607
0.856483
1.303108 0.000000 0.962348 0.999988 0.984991 0.046386 0.115733 0.004907 0.003225 0.017488 0.020165
0.856483
0.644362 0.000000 0.462154 0.495094 0.486233 0.039493 0.098260 0.000561 0.000000 0.001822 0.024489
0.856483
0.653225 0.000000 0.468886 0.495098 0.490552 0.058297 0.145458 0.006369 0.006450 0.023255 0.025929
0.856483
1.294916 0.000000 0.956127 0.999987 0.982831 0.039561 0.098491 0.002656 0.003225 0.009274 0.023046
0.856483
0.665926 0.000000 0.478529 0.495103 0.497462 0.065096 0.143174 0.017610 0.012899 0.032352 0.015845
0.856483
0.645995 0.000000 0.463395 0.495101 0.485369 0.042827 0.106512 0.001732 0.000000 0.006166 0.030255
0.856483
1.302475 0.000000 0.961866 0.999990 0.987582 0.046737 0.116437 0.004755 0.000000 0.016968 0.016566
0.856483
0.644113 0.000000 0.461965 0.495093 0.485369 0.037168 0.092595 0.000546 0.000000 0.001812 0.018727
0.856483
0.654838 0.000000 0.470110 0.495098 0.490984 0.061430 0.153252 0.006839 0.000000 0.024907 0.024488
0.856483
1.295468 0.000000 0.956544 0.999985 0.981535 0.040345 0.100354 0.002776 0.000000 0.009819 0.020887
0.856483
0.651896 0.000000 0.467875 0.495097 0.490120 0.052979 0.132556 0.004515 0.000000 0.016238 0.011524
0.856483
0.655794 0.000000 0.470836 0.495099 0.492279 0.050734 0.106559 0.010903 0.012900 0.011382 0.024491
0.856483
1.303884 0.000000 0.962936 0.999990 0.987150 0.047772 0.119009 0.005187 0.000000 0.018416 0.015124
0.856483
0.644112 0.000000 0.461964 0.495093 0.484505 0.034989 0.087115 0.000545 0.000000 0.001752 0.023048
0.856483
0.655364 0.000000 0.470509 0.495098 0.490984 0.063610 0.158814 0.007284 0.000000 0.026314 0.028810
0.856483
1.296002 0.000000 0.956950 0.999988 0.984127 0.041504 0.103195 0.003047 0.000000 0.010778 0.022328
0.856483
0.651602 0.000000 0.467651 0.495097 0.489688 0.049729 0.124558 0.004528 0.006450 0.016157 0.015845
0.856483
0.653722 0.000000 0.469263 0.495102 0.496059 0.049607 0.103605 0.008964 0.012899 0.007021 0.027369
0.856483
0.655459 0.000000 0.470582 0.495098 0.490984 0.055107 0.137300 0.007405 0.000000 0.026679 0.017286
0.856483
1.294832 0.000000 0.956062 0.999987 0.983263 0.039434 0.098357 0.002552 0.003225 0.008789 0.025209
0.856483
0.655025 0.000000 0.470252 0.495098 0.490984 0.060946 0.152097 0.006375 0.000000 0.022801 0.020167
0.856483
0.645090 0.000000 0.462707 0.495095 0.486665 0.041508 0.103330 0.001070 0.000000 0.003693 0.024488
0.856483
1.302389 0.000000 0.961800 0.999988 0.984991 0.046358 0.115654 0.004721 0.000000 0.016809 0.020167
0.856483
0.644284 0.000000 0.462095 0.495094 0.485801 0.039180 0.097591 0.000576 0.000000 0.001849 0.024488
0.856483
0.656242 0.000000 0.471177 0.495100 0.493575 0.059901 0.146863 0.009259 0.006449 0.028023 0.021607
0.856483
1.307386 0.000000 0.965597 0.999991 0.988446 0.043283 0.099163 0.008928 0.012899 0.017589 0.025929
0.856483
0.652965 0.000000 0.468687 0.495097 0.490120 0.056000 0.140026 0.005141 0.006450 0.018434 0.015845
0.856483
0.644808 0.000000 0.462492 0.495094 0.485801 0.042873 0.106711 0.001109 0.000000 0.003803 0.030250
0.856483
1.301956 0.000000 0.961472 0.999990 0.987150 0.046850 0.116866 0.004594 0.000000 0.016458 0.019447
0.856483
0.644068 0.000000 0.461930 0.495093 0.484505 0.036901 0.091823 0.000527 0.000000 0.001735 0.024489
0.856483
0.663379 0.000000 0.476597 0.495102 0.496167 0.068722 0.154046 0.017322 0.000000 0.034696 0.024488
0.856483
1.300072 0.000000 0.960041 0.999988 0.985423 0.041185 0.101271 0.004298 0.003225 0.013597 0.023768
0.856483
0.651560 0.000000 0.467620 0.495097 0.489256 0.051501 0.128897 0.004396 0.000000 0.015818 0.015845
0.856483
0.645196 0.000000 0.462787 0.495093 0.484937 0.042876 0.106703 0.001159 0.000000 0.003998 0.028810
0.856483
1.301478 0.000000 0.961108 0.999989 0.986287 0.047962 0.119582 0.004531 0.006449 0.016190 0.018005
0.856483
0.644084 0.000000 0.461943 0.495094 0.485801 0.034685 0.086384 0.000526 0.000000 0.001725 0.023048
0.856483
0.655382 0.000000 0.470523 0.495099 0.491848 0.063866 0.159532 0.007252 0.000000 0.026299 0.025929
0.856483
0.647710 0.000000 0.464697 0.495095 0.487528 0.041296 0.099963 0.003671 0.000000 0.007252 0.015845
0.856483
1.312908 0.000000 0.969791 0.999997 0.996977 0.049884 0.115814 0.009216 0.009674 0.021672 0.024488
0.856483
0.644388 0.000000 0.462174 0.495093 0.485369 0.040850 0.101575 0.000627 0.000000 0.002073 0.028810
0.856483
0.653360 0.000000 0.468987 0.495098 0.490984 0.055946 0.139454 0.006195 0.000000 0.022439 0.025929
0.856483
1.294626 0.000000 0.955905 0.999985 0.981535 0.039395 0.098306 0.002518 0.000000 0.008768 0.025208
0.856483
0.654413 0.000000 0.469787 0.495098 0.490552 0.060319 0.150488 0.006210 0.006450 0.022123 0.014405
0.856483
0.644838 0.000000 0.462515 0.495093 0.484937 0.041821 0.104186 0.001047 0.000000 0.003561 0.025929
0.856483
1.314036 0.000000 0.970647 0.999996 0.994925 0.050496 0.115956 0.009800 0.006449 0.021795 0.023766
0.856483
0.644451 0.000000 0.462222 0.495093 0.484505 0.038466 0.095811 0.000580 0.000000 0.001852 0.021608
0.856483
0.654676 0.000000 0.469987 0.495112 0.492711 0.060171 0.150130 0.006626 0.000000 0.024170 0.027369
0.856483
1.294405 0.000000 0.955738 0.999984 0.980240 0.039626 0.098589 0.002573 0.000000 0.009079 0.021607
0.856483
0.652715 0.000000 0.468498 0.495098 0.490552 0.055620 0.139180 0.005064 0.000000 0.018095 0.021607
0.856483
0.645082 0.000000 0.462700 0.495095 0.486665 0.042866 0.106719 0.001086 0.000000 0.003765 0.030250
0.856483
1.316171 0.000000 0.972269 0.999996 0.994061 0.050904 0.117057 0.011846 0.009674 0.025903 0.018726
0.856483
0.644996 0.000000 0.462635 0.495093 0.485369 0.036199 0.090090 0.000711 0.000000 0.002271 0.023048
0.856483
0.655451 0.000000 0.470576 0.495099 0.492279 0.062454 0.155798 0.007262 0.000000 0.026296 0.028810
0.856483
1.296405 0.000000 0.957256 0.999986 0.982399 0.040900 0.101749 0.003011 0.000000 0.010653 0.022328
0.856483
0.651384 0.000000 0.467487 0.495097 0.489256 0.050861 0.127225 0.004263 0.006450 0.015319 0.012964
0.856483
0.645001 0.000000 0.462639 0.495093 0.484937 0.042875 0.106705 0.001126 0.000000 0.003965 0.027370
0.856483
1.314412 0.000000 0.970932 0.999996 0.994925 0.052069 0.119985 0.011020 0.006449 0.023843 0.019446
0.856483
0.646169 0.000000 0.463527 0.495093 0.485369 0.035796 0.089587 0.001955 0.000000 0.006847 0.024489
0.856483
0.655605 0.000000 0.470693 0.495102 0.496923 0.062583 0.155815 0.006769 0.000000 0.024268 0.023047
0.856483
0.645008 0.000000 0.462644 0.495093 0.484937 0.040447 0.100720 0.001091 0.000000 0.003701 0.011524
0.856483
1.302534 0.000000 0.961912 0.999991 0.988014 0.046293 0.115537 0.004751 0.000000 0.016887 0.023766
0.856483
0.644532 0.000000 0.462283 0.495093 0.484937 0.040369 0.100442 0.000585 0.000000 0.001913 0.018727
0.856483
0.653479 0.000000 0.469078 0.495097 0.490120 0.056650 0.141302 0.006217 0.000000 0.022735 0.021607
0.856483
1.307192 0.000000 0.965450 0.999991 0.988446 0.043769 0.099146 0.008202 0.012899 0.015405 0.023768
0.856483
0.654686 0.000000 0.469995 0.495101 0.494007 0.058678 0.146300 0.005915 0.000000 0.020982 0.023048
0.856483
0.644873 0.000000 0.462542 0.495093 0.485369 0.042666 0.106246 0.001108 0.000000 0.003757 0.024489
0.856483
1.302236 0.000000 0.961684 0.999988 0.984559 0.046404 0.115684 0.004699 0.000000 0.016785 0.023048
0.856483
0.644458 0.000000 0.462226 0.495094 0.486233 0.038034 0.094659 0.000550 0.000000 0.001810 0.021608
0.856483
0.653774 0.000000 0.469302 0.495098 0.491416 0.060574 0.151179 0.006667 0.006450 0.024410 0.025929
0.856483
1.305238 0.000000 0.963966 0.999991 0.988446 0.044142 0.099840 0.007440 0.009674 0.014028 0.023048
0.856483
0.653031 0.000000 0.468738 0.495097 0.490120 0.054133 0.135255 0.004964 0.000000 0.017771 0.020167
0.856483
0.645171 0.000000 0.462768 0.495093 0.484937 0.042858 0.106722 0.001176 0.000000 0.004079 0.027370
0.856483
1.301946 0.000000 0.961463 0.999988 0.985423 0.047344 0.118127 0.004576 0.003225 0.016373 0.018726
0.856483
0.644432 0.000000 0.462207 0.495095 0.487096 0.035890 0.089323 0.000555 0.000000 0.001790 0.025929
0.856483
0.654690 0.000000 0.469997 0.495098 0.490552 0.062678 0.156439 0.007086 0.000000 0.025745 0.034572
0.856483
1.298789 0.000000 0.959069 0.999987 0.983263 0.041519 0.101907 0.004393 0.000000 0.012849 0.018006
0.856483
0.663051 0.000000 0.476349 0.495103 0.497031 0.057442 0.126921 0.016081 0.012897 0.030159 0.021604
0.856483
0.645645 0.000000 0.463128 0.495094 0.486233 0.042109 0.104459 0.001115 0.000000 0.003875 0.028810
0.856483
1.301761 0.000000 0.961323 0.999989 0.986287 0.048528 0.120983 0.004581 0.003225 0.016314 0.017285
0.856483
0.645865 0.000000 0.463296 0.495098 0.490876 0.035815 0.089649 0.001833 0.000000 0.006337 0.027369
0.856483
0.654780 0.000000 0.470066 0.495098 0.491416 0.062179 0.154866 0.006615 0.000000 0.023663 0.020167
0.856483
0.646629 0.000000 0.463875 0.495095 0.487096 0.040780 0.101445 0.001068 0.000000 0.003610 0.018726
0.856483
1.314754 0.000000 0.971192 0.999995 0.993197 0.050257 0.115553 0.011119 0.012898 0.024528 0.026647
0.856483
0.644976 0.000000 0.462620 0.495093 0.484937 0.039616 0.098649 0.000751 0.000000 0.002397 0.023048
0.856483
0.653994 0.000000 0.469470 0.495099 0.492279 0.058279 0.145413 0.006533 0.000000 0.023846 0.017286
0.856483
1.295057 0.000000 0.956234 0.999987 0.983695 0.039524 0.098391 0.002677 0.000000 0.009339 0.024488
0.856483
0.653973 0.000000 0.469453 0.495098 0.490552 0.057741 0.144354 0.005463 0.000000 0.019531 0.018726
0.856483
0.644807 0.000000 0.462492 0.495093 0.484505 0.042880 0.106725 0.001070 0.000000 0.003687 0.023048
0.856483
1.304629 0.000000 0.963503 0.999991 0.988014 0.046990 0.115902 0.005844 0.003225 0.018209 0.023768
0.856483
0.653127 0.000000 0.468811 0.495098 0.491416 0.044481 0.093680 0.008063 0.012899 0.006563 0.025929
0.856483
0.656737 0.000000 0.471553 0.495098 0.491416 0.061336 0.152805 0.008151 0.006450 0.029500 0.020167
0.856483
1.295584 0.000000 0.956633 0.999986 0.981967 0.040330 0.100359 0.002874 0.000000 0.010146 0.024488
0.856483
0.652054 0.000000 0.467996 0.495097 0.489688 0.053014 0.132609 0.004591 0.000000 0.016483 0.021607
0.856483
0.644890 0.000000 0.462555 0.495094 0.485801 0.042869 0.106710 0.001113 0.000000 0.003849 0.023048
0.856483
1.301441 0.000000 0.961081 0.999990 0.987150 0.047578 0.118623 0.004530 0.003225 0.016200 0.025209
0.856483
0.653481 0.000000 0.469080 0.495097 0.490120 0.043394 0.088365 0.008952 0.012899 0.006827 0.028810
0.856483
0.658370 0.000000 0.472793 0.495099 0.492279 0.063478 0.158169 0.008614 0.000000 0.031070 0.028810
0.856483
1.296342 0.000000 0.957210 0.999987 0.983695 0.041478 0.103136 0.003150 0.003225 0.011115 0.023768
0.856483
0.651561 0.000000 0.467621 0.495097 0.489688 0.049733 0.124649 0.004497 0.000000 0.016005 0.018726
0.856483
0.644469 0.000000 0.462235 0.495093 0.484505 0.041714 0.103663 0.000628 0.000000 0.002123 0.027370
0.856483
0.652916 0.000000 0.468651 0.495102 0.496059 0.054810 0.136720 0.006024 0.000000 0.021872 0.020166
0.856483
1.296679 0.000000 0.957464 0.999987 0.983695 0.039688 0.097753 0.003671 0.000000 0.010237 0.030250
0.856483
0.666137 0.000000 0.478691 0.495104 0.497894 0.068235 0.152858 0.017888 0.019348 0.036259 0.023047
0.856483
0.646305 0.000000 0.463629 0.495095 0.487096 0.041518 0.103195 0.001688 0.000000 0.006051 0.018726
0.856483
1.303170 0.000000 0.962395 0.999988 0.984991 0.046405 0.115739 0.004902 0.003224 0.017412 0.025206
0.856483
0.644522 0.000000 0.462275 0.495095 0.487528 0.039132 0.097395 0.000565 0.000000 0.001860 0.025929
0.856483
0.653364 0.000000 0.468991 0.495098 0.490984 0.058963 0.147170 0.006430 0.000000 0.023510 0.023048
0.856483
1.294939 0.000000 0.956144 0.999985 0.981535 0.039565 0.098476 0.002615 0.003225 0.009162 0.020166
0.856483
0.665549 0.000000 0.478244 0.495103 0.497031 0.064467 0.141586 0.017496 0.006449 0.031963 0.012964
0.856483
0.646153 0.000000 0.463514 0.495094 0.485801 0.042830 0.106499 0.001727 0.000000 0.006179 0.027369
0.856483
1.302400 0.000000 0.961809 0.999991 0.988014 0.046895 0.116850 0.004755 0.000000 0.016980 0.013685
0.856483
0.644079 0.000000 0.461939 0.495093 0.484505 0.036820 0.091741 0.000539 0.000000 0.001770 0.017286
0.856483
0.655056 0.000000 0.470276 0.495098 0.490984 0.061765 0.154102 0.006855 0.000000 0.024944 0.027369
0.856483
1.295729 0.000000 0.956745 0.999986 0.982831 0.040529 0.100842 0.002864 0.000000 0.010120 0.023768
0.856483
0.651729 0.000000 0.467749 0.495097 0.490120 0.052278 0.130780 0.004467 0.000000 0.016061 0.014405
0.856483
0.655837 0.000000 0.470869 0.495098 0.491416 0.050759 0.106558 0.010881 0.012899 0.011307 0.028810
0.856483
1.304022 0.000000 0.963043 0.999990 0.987150 0.047959 0.119464 0.005202 0.000000 0.018485 0.025206
0.856483
0.644159 0.000000 0.461999 0.495093 0.484937 0.034874 0.086946 0.000631 0.000000 0.001997 0.021608
0.856483
0.655349 0.000000 0.470499 0.495099 0.492279 0.063674 0.159009 0.007226 0.000000 0.026187 0.024488
0.856483
1.296935 0.000000 0.957660 0.999988 0.984127 0.041697 0.103707 0.003070 0.000000 0.010881 0.028089
0.856483
0.651516 0.000000 0.467587 0.495100 0.493467 0.049460 0.123849 0.004404 0.000000 0.015695 0.018726
0.856483
0.653608 0.000000 0.469177 0.495098 0.490552 0.049085 0.102416 0.009008 0.019349 0.007062 0.025929
0.856483
0.656220 0.000000 0.471160 0.495099 0.492711 0.055797 0.139098 0.007405 0.000000 0.026819 0.023048
0.856483
1.294961 0.000000 0.956160 0.999985 0.981535 0.039513 0.098573 0.002672 0.000000 0.009255 0.028090
0.856483
0.654597 0.000000 0.469926 0.495098 0.490552 0.060004 0.149814 0.006086 0.006450 0.021731 0.014405
0.856483
0.646234 0.000000 0.463575 0.495095 0.487096 0.041964 0.104494 0.001066 0.006450 0.003672 0.021607
0.856483
1.302330 0.000000 0.961757 0.999989 0.985855 0.046377 0.115662 0.004711 0.000000 0.016772 0.026649
0.856483
0.644368 0.000000 0.462158 0.495094 0.486233 0.038747 0.096433 0.000559 0.000000 0.001830 0.018727
0.856483
0.656050 0.000000 0.471031 0.495098 0.491416 0.060695 0.148795 0.009327 0.006450 0.028023 0.023048
0.856483
1.307187 0.000000 0.965445 0.999991 0.988446 0.043309 0.099208 0.008870 0.009674 0.017402 0.025929
0.856483
0.652631 0.000000 0.468434 0.495098 0.491416 0.055155 0.137864 0.004940 0.000000 0.017744 0.015845
0.856483
0.644640 0.000000 0.462365 0.495093 0.484937 0.042842 0.106690 0.001113 0.000000 0.003791 0.024495
0.856483
1.301769 0.000000 0.961330 0.999989 0.986287 0.047082 0.117326 0.004564 0.003225 0.016305 0.023048
0.856483
0.644096 0.000000 0.461952 0.495093 0.484505 0.036475 0.090869 0.000536 0.000000 0.001759 0.023048
0.856483
0.666249 0.000000 0.478776 0.495104 0.498326 0.070005 0.155077 0.018839 0.006449 0.037262 0.025928
0.856483
1.297717 0.000000 0.958253 0.999987 0.983695 0.040955 0.101800 0.003547 0.003225 0.012572 0.027369
0.856483
0.651444 0.000000 0.467533 0.495097 0.489256 0.050642 0.126787 0.004285 0.000000 0.015410 0.017286
0.856483
0.644985 0.000000 0.462627 0.495093 0.484937 0.042871 0.106710 0.001135 0.000000 0.003956 0.023048
0.856483
1.301663 0.000000 0.961249 0.999990 0.986718 0.048188 0.120160 0.004460 0.000000 0.015906 0.023047
0.856483
0.644330 0.000000 0.462130 0.495093 0.484937 0.035292 0.088187 0.000931 0.000000 0.003232 0.030251
0.856483
0.649112 0.000000 0.465762 0.495096 0.488392 0.061869 0.155735 0.005581 0.000000 0.020593 0.018809
0.856483
0.648233 0.000000 0.465093 0.495094 0.486665 0.041141 0.100022 0.003583 0.000000 0.007019 0.014405
0.856483
1.313856 0.000000 0.970511 1.000000 1.000000 0.049919 0.115867 0.009237 0.012899 0.021638 0.030250
0.856483
0.644460 0.000000 0.462228 0.495093 0.484937 0.040364 0.100848 0.000619 0.000000 0.002037 0.018727
0.856483
0.653040 0.000000 0.468744 0.495097 0.490120 0.056369 0.140767 0.006201 0.000000 0.022557 0.023047
0.856483
1.294765 0.000000 0.956011 0.999985 0.981535 0.039361 0.098309 0.002558 0.003225 0.008867 0.027369
0.856483
0.653939 0.000000 0.469428 0.495098 0.491416 0.059835 0.149184 0.005941 0.000000 0.021388 0.011524
0.856483
0.644996 0.000000 0.462635 0.495094 0.485801 0.041870 0.104752 0.001066 0.000000 0.003574 0.021607
0.856483
1.314252 0.000000 0.970811 0.999995 0.993197 0.050514 0.116028 0.009774 0.006449 0.021828 0.023768
0.856483
0.644441 0.000000 0.462213 0.495093 0.484937 0.038033 0.095172 0.000567 0.000000 0.001861 0.017286
0.856483
0.654125 0.000000 0.469569 0.495098 0.490552 0.060398 0.150760 0.006682 0.000000 0.024219 0.034572
0.856483
1.295115 0.000000 0.956276 0.999987 0.983263 0.039719 0.099000 0.002622 0.000000 0.009216 0.025208
0.856483
0.652373 0.000000 0.468237 0.495097 0.489688 0.055115 0.137849 0.004871 0.000000 0.017481 0.011524
0.856483
0.644882 0.000000 0.462549 0.495093 0.484937 0.042667 0.106703 0.001102 0.000000 0.003719 0.030258
0.856483
1.315451 0.000000 0.971722 0.999996 0.994493 0.050995 0.117294 0.011735 0.009673 0.025574 0.019445
0.856483
0.644822 0.000000 0.462503 0.495094 0.486233 0.035865 0.089668 0.000715 0.000000 0.002215 0.017286
0.856483
0.656291 0.000000 0.471214 0.495100 0.493143 0.062672 0.156382 0.007269 0.000000 0.026188 0.027369
0.856483
1.296008 0.000000 0.956956 0.999986 0.981967 0.040939 0.102000 0.003003 0.000000 0.010588 0.019447
0.856483
