
U-Boot SPL 2026.04-rc3-ga5b4b4200b64 (Mar 10 2026 - 16:29:27 -0300)
DDR version: dc2e84f0.
Trying to boot from SPI











*** This is EPOS!

Setting up this machine as follows: 
  Mode:         library
  Processor:    4 x RV64 at 1503 MHz (BUS clock = 33 MHz)
  Machine:      VisionFive 2
  Memory:       131072 KB [0x0000000040000000:0x0000000047ffffff]
  User memory:  130551 KB [0x0000000040000000:0x0000000047f7dfff]
  I/O space:    524288 KB [0x0000000000000000:0x000000001fffffff]
  Node Id:      will get from the network!
  Position:     will get from the network!

MPEDF::init()
MPEDF::init_system_monitoring()
MPEDF::init_system_monitoring()
MPEDF::init_system_monitoring()
MPEDF::init_pmu_monitoring()
PMU::config(c=0,e=0,ee=0,f=0)
MPEDF::init_pmu_monitoring()
PMU::config(c=2,e=2,ee=2,f=0)
MPEDF::init_pmu_monitoring()
PMU::config(c=3,e=22,ee=1026,f=0)
MPEDF::init_pmu_monitoring()
PMU::config(c=4,e=60,ee=514,f=0)
MPEDF::init_pmu_monitoring()
PMU::config(c=5,e=113,ee=2097155,f=0)
MPEDF::init_pmu_monitoring()
PMU::config(c=6,e=114,ee=260,f=0)
MPEDF::init_pmu_monitoring()
PMU::config(c=7,e=101,ee=515,f=0)
MPEDF::init_pmu_monitoring()
PMU::config(c=8,e=106,ee=16387,f=0)
MPEDF::init_pmu_monitoring()
PMU::config(c=9,e=109,ee=131075,f=0)
MPEDF::init_pmu_monitoring()
PMU::config(c=10,e=112,ee=1048579,f=0)
Stress feature test
Running experiments with the following configurations:
>  Measure time: true
>  Test duration: 80
>  Selected taskset: 1
>  Size of image 1: 98472
>  Size of image 2: 98472
>  Size of the bandwidth allocation: 2097152
>  CPU Clock: 1503MHz
>  CPU voltage: 1040mV
>  DDR Clock: 533MHz
The monitor is disabled
Taskset initialization...
Done.
Creating threads...
>  Thread[0]: period = 1000000, deadline = 1000000, wcet = 200000, activation = 
10000, times = 80, cpu = 1
MPEDF::MPEDF: monitored: 1
MPEDF::allocate_system_buffers: size: 222
MPEDF::allocate_system_buffers: size: 222
MPEDF::allocate_system_buffers: size: 222
MPEDF::allocate_pmu_buffers: size: 222
MPEDF::allocate_pmu_buffers: size: 222
MPEDF::allocate_pmu_buffers: size: 222
MPEDF::allocate_pmu_buffers: size: 222
MPEDF::allocate_pmu_buffers: size: 222
MPEDF::allocate_pmu_buffers: size: 222
MPEDF::allocate_pmu_buffers: size: 222
MPEDF::allocate_pmu_buffers: size: 222
MPEDF::allocate_pmu_buffers: size: 222
MPEDF::allocate_pmu_buffers: size: 222
>  Thread[1]: period = 1000000, deadline = 1000000, wcet = 200000, activation = 
10000, times = 80, cpu = 1
MPEDF::MPEDF: monitored: 1
MPEDF::allocate_system_buffers: size: 222
MPEDF::allocate_system_buffers: size: 222
MPEDF::allocate_system_buffers: size: 222
MPEDF::allocate_pmu_buffers: size: 222
MPEDF::allocate_pmu_buffers: size: 222
MPEDF::allocate_pmu_buffers: size: 222
MPEDF::allocate_pmu_buffers: size: 222
MPEDF::allocate_pmu_buffers: size: 222
MPEDF::allocate_pmu_buffers: size: 222
MPEDF::allocate_pmu_buffers: size: 222
MPEDF::allocate_pmu_buffers: size: 222
MPEDF::allocate_pmu_buffers: size: 222
MPEDF::allocate_pmu_buffers: size: 222
>  Thread[2]: period = 1000000, deadline = 1000000, wcet = 200000, activation = 
10000, times = 80, cpu = 2
MPEDF::MPEDF: monitored: 1
MPEDF::allocate_system_buffers: size: 222
MPEDF::allocate_system_buffers: size: 222
MPEDF::allocate_system_buffers: size: 222
MPEDF::allocate_pmu_buffers: size: 222
MPEDF::allocate_pmu_buffers: size: 222
MPEDF::allocate_pmu_buffers: size: 222
MPEDF::allocate_pmu_buffers: size: 222
MPEDF::allocate_pmu_buffers: size: 222
MPEDF::allocate_pmu_buffers: size: 222
MPEDF::allocate_pmu_buffers: size: 222
MPEDF::allocate_pmu_buffers: size: 222
MPEDF::allocate_pmu_buffers: size: 222
MPEDF::allocate_pmu_buffers: size: 222
>  Thread[3]: period = 1000000, deadline = 1000000, wcet = 200000, activation = 
10000, times = 80, cpu = 2
MPEDF::MPEDF: monitored: 1
MPEDF::allocate_system_buffers: size: 222
MPEDF::allocate_system_buffers: size: 222
MPEDF::allocate_system_buffers: size: 222
MPEDF::allocate_pmu_buffers: size: 222
MPEDF::allocate_pmu_buffers: size: 222
MPEDF::allocate_pmu_buffers: size: 222
MPEDF::allocate_pmu_buffers: size: 222
MPEDF::allocate_pmu_buffers: size: 222
MPEDF::allocate_pmu_buffers: size: 222
MPEDF::allocate_pmu_buffers: size: 222
MPEDF::allocate_pmu_buffers: size: 222
MPEDF::allocate_pmu_buffers: size: 222
MPEDF::allocate_pmu_buffers: size: 222
>  Thread[4]: period = 1000000, deadline = 1000000, wcet = 200000, activation = 
10000, times = 80, cpu = 3
MPEDF::MPEDF: monitored: 1
MPEDF::allocate_system_buffers: size: 222
MPEDF::allocate_system_buffers: size: 222
MPEDF::allocate_system_buffers: size: 222
MPEDF::allocate_pmu_buffers: size: 222
MPEDF::allocate_pmu_buffers: size: 222
MPEDF::allocate_pmu_buffers: size: 222
MPEDF::allocate_pmu_buffers: size: 222
MPEDF::allocate_pmu_buffers: size: 222
MPEDF::allocate_pmu_buffers: size: 222
MPEDF::allocate_pmu_buffers: size: 222
MPEDF::allocate_pmu_buffers: size: 222
MPEDF::allocate_pmu_buffers: size: 222
MPEDF::allocate_pmu_buffers: size: 222
>  Thread[5]: period = 1000000, deadline = 1000000, wcet = 200000, activation = 
10000, times = 80, cpu = 3
MPEDF::MPEDF: monitored: 1
MPEDF::allocate_system_buffers: size: 222
MPEDF::allocate_system_buffers: size: 222
MPEDF::allocate_system_buffers: size: 222
MPEDF::allocate_pmu_buffers: size: 222
MPEDF::allocate_pmu_buffers: size: 222
MPEDF::allocate_pmu_buffers: size: 222
MPEDF::allocate_pmu_buffers: size: 222
MPEDF::allocate_pmu_buffers: size: 222
MPEDF::allocate_pmu_buffers: size: 222
MPEDF::allocate_pmu_buffers: size: 222
MPEDF::allocate_pmu_buffers: size: 222
MPEDF::allocate_pmu_buffers: size: 222
MPEDF::allocate_pmu_buffers: size: 222
Done
Current time: 3628854
MPEDF::MPEDF: monitored: 1
MPEDF::allocate_system_buffers: size: 222
MPEDF::allocate_system_buffers: size: 222
MPEDF::allocate_system_buffers: size: 222
MPEDF::allocate_pmu_buffers: size: 222
MPEDF::allocate_pmu_buffers: size: 222
MPEDF::allocate_pmu_buffers: size: 222
MPEDF::allocate_pmu_buffers: size: 222
MPEDF::allocate_pmu_buffers: size: 222
MPEDF::allocate_pmu_buffers: size: 222
MPEDF::allocate_pmu_buffers: size: 222
MPEDF::allocate_pmu_buffers: size: 222
MPEDF::allocate_pmu_buffers: size: 222
MPEDF::allocate_pmu_buffers: size: 222
>  Iteration [0], Temperature: 50.5860C
>  Iteration [1], Temperature: 51.1080C
>  Iteration [2], Temperature: 51.2820C
>  Iteration [3], Temperature: 51.3980C
>  Iteration [4], Temperature: 51.5140C
>  Iteration [5], Temperature: 51.5720C
>  Iteration [6], Temperature: 51.6300C
>  Iteration [7], Temperature: 51.6300C
>  Iteration [8], Temperature: 51.6880C
>  Iteration [9], Temperature: 51.6880C
>  Iteration [10], Temperature: 51.7460C
>  Iteration [11], Temperature: 51.7460C
>  Iteration [12], Temperature: 51.7460C
>  Iteration [13], Temperature: 51.8040C
>  Iteration [14], Temperature: 51.8040C
>  Iteration [15], Temperature: 51.8040C
>  Iteration [16], Temperature: 51.8620C
>  Iteration [17], Temperature: 51.8620C
>  Iteration [18], Temperature: 51.8620C
>  Iteration [19], Temperature: 51.8620C
>  Iteration [20], Temperature: 51.8620C
>  Iteration [21], Temperature: 51.9200C
>  Iteration [22], Temperature: 51.9200C
>  Iteration [23], Temperature: 51.9200C
>  Iteration [24], Temperature: 51.9780C
>  Iteration [25], Temperature: 51.9200C
>  Iteration [26], Temperature: 51.9780C
>  Iteration [27], Temperature: 51.9780C
>  Iteration [28], Temperature: 51.9780C
>  Iteration [29], Temperature: 51.9780C
>  Iteration [30], Temperature: 52.0360C
>  Iteration [31], Temperature: 52.0360C
>  Iteration [32], Temperature: 52.0360C
>  Iteration [33], Temperature: 52.0360C
>  Iteration [34], Temperature: 52.0360C
>  Iteration [35], Temperature: 52.0360C
>  Iteration [36], Temperature: 52.0360C
>  Iteration [37], Temperature: 52.0940C
>  Iteration [38], Temperature: 52.0940C
>  Iteration [39], Temperature: 52.0940C
>  Iteration [40], Temperature: 52.0940C
>  Iteration [41], Temperature: 52.0940C
>  Iteration [42], Temperature: 52.0940C
>  Iteration [43], Temperature: 52.1520C
>  Iteration [44], Temperature: 52.1520C
>  Iteration [45], Temperature: 52.1520C
>  Iteration [46], Temperature: 52.1520C
>  Iteration [47], Temperature: 52.0940C
>  Iteration [48], Temperature: 52.0940C
>  Iteration [49], Temperature: 52.1520C
>  Iteration [50], Temperature: 52.1520C
>  Iteration [51], Temperature: 52.1520C
>  Iteration [52], Temperature: 52.1520C
>  Iteration [53], Temperature: 52.1520C
>  Iteration [54], Temperature: 52.1520C
>  Iteration [55], Temperature: 52.1520C
>  Iteration [56], Temperature: 52.1520C
>  Iteration [57], Temperature: 52.1520C
>  Iteration [58], Temperature: 52.1520C
>  Iteration [59], Temperature: 52.1520C
>  Iteration [60], Temperature: 52.1520C
>  Iteration [61], Temperature: 52.1520C
>  Iteration [62], Temperature: 52.1520C
>  Iteration [63], Temperature: 52.1520C
>  Iteration [64], Temperature: 52.1520C
>  Iteration [65], Temperature: 52.2100C
>  Iteration [66], Temperature: 52.1520C
>  Iteration [67], Temperature: 52.2100C
>  Iteration [68], Temperature: 52.1520C
>  Iteration [69], Temperature: 52.2100C
>  Iteration [70], Temperature: 52.2100C
>  Iteration [71], Temperature: 52.2100C
>  Iteration [72], Temperature: 52.2100C
>  Iteration [73], Temperature: 52.2100C
>  Iteration [74], Temperature: 52.2100C
>  Iteration [75], Temperature: 52.2100C
>  Iteration [76], Temperature: 52.2100C
>  Iteration [77], Temperature: 52.2100C
>  Iteration [78], Temperature: 52.2100C
>  Iteration [79], Temperature: 52.2100C
Returned to application main!
Elapsed: 81463146
Threads: 6
-----------------------------------------------------
...............Threads Timing Behavior...............
-----------------------------------------------------
Task [0]: 0x0000000047c4c068
>   Counted iterations: 80
>   Execution time: 6858213 us
>   Job WCET: 108637 us
>   Iteration WCET: 1530 us
>   Average job runtime: 85727 us
>   Average iteration runtime: 1207 us
>   Iterations per job: 71
Task [1]: 0x0000000047c206f0
>   Counted iterations: 80
>   Execution time: 13171526 us
>   Job WCET: 165308 us
>   Iteration WCET: 165308 us
>   Average job runtime: 164644 us
>   Average iteration runtime: 164644 us
>   Iterations per job: 1
Task [2]: 0x0000000047bf4d78
>   Counted iterations: 80
>   Execution time: 13064318 us
>   Job WCET: 163737 us
>   Iteration WCET: 163737 us
>   Average job runtime: 163303 us
>   Average iteration runtime: 163303 us
>   Iterations per job: 1
Task [3]: 0x0000000047bc9400
>   Counted iterations: 80
>   Execution time: 14236765 us
>   Job WCET: 177961 us
>   Iteration WCET: 0 us
>   Average job runtime: 177959 us
>   Average iteration runtime: 0 us
>   Iterations per job: 53333336
Task [4]: 0x0000000047b9da88
>   Counted iterations: 80
>   Execution time: 14235868 us
>   Job WCET: 177949 us
>   Iteration WCET: 0 us
>   Average job runtime: 177948 us
>   Average iteration runtime: 0 us
>   Iterations per job: 53333336
Task [5]: 0x0000000047b72110
>   Counted iterations: 80
>   Execution time: 13032551 us
>   Job WCET: 162940 us
>   Iteration WCET: 162940 us
>   Average job runtime: 162906 us
>   Average iteration runtime: 162906 us
>   Iterations per job: 1
begin_data
System buffer 0
3678488,0
4678238,0
4678596,4678596
4678962,18446744073704873020
4768609,4768609
4768968,359
5678247,18446744073704782648
5678610,0
5787413,5787413
5787772,359
6678255,18446744073703763844
6678617,0
6757942,6757942
6758301,359
7678264,18446744073702793315
7678626,0
7752045,7752044
7752404,360
8678274,18446744073701799212
8678636,0
8781538,8781537
8781896,359
9678286,18446744073700769720
9678648,0
9750022,9750022
9750381,359
10678296,18446744073699801235
10678658,0
10763907,10763906
10764265,360
11678305,18446744073698787350
11678667,0
11773748,11773748
11774106,358
12678317,18446744073697777510
12678680,0
12748206,12748205
12748565,360
13678325,18446744073696803051
13678687,0
13775779,13775778
13776137,359
14678336,18446744073695775479
14678698,0
14767923,14767922
14768281,359
15678347,18446744073694783335
15678709,0
15750111,15750111
15750470,360
16678356,18446744073693801145
16678718,0
16785561,16785561
16785920,359
17678368,18446744073692765696
17678730,0
17759963,17759962
17760322,360
18678376,18446744073691791294
18678738,0
18752043,18752042
18752402,360
19678384,18446744073690799214
19678746,0
19779740,19779740
19780099,359
20678395,18446744073689771517
20678757,0
20756087,20756086
20756446,360
21678403,18446744073688795170
21678765,0
21758174,21758173
21758533,360
22678414,18446744073687793083
22678776,0
22779839,22779839
22780198,359
23678425,18446744073686771418
23678787,0
23746137,23746137
23746496,359
24678432,18446744073685805120
24678794,0
24773916,24773916
24774275,359
25678443,18446744073684777341
25678805,0
25772011,25772011
25772370,359
26678450,18446744073683779246
26678813,0
26748258,26748258
26748617,359
27678457,18446744073682802999
27678819,0
27781794,27781793
27782152,359
28678466,18446744073681769464
28678828,0
28764126,28764126
28764486,360
29678479,18446744073680787130
29678841,0
29750155,29750154
29750514,361
30678488,18446744073679801101
30678850,0
30783775,30783775
30784134,360
31678500,18446744073678767481
31678861,0
31756188,31756188
31756547,360
32678510,18446744073677795068
32678873,0
32756266,32756265
32756624,360
33678519,18446744073676794991
33678881,0
33781949,33781949
33782307,359
34678529,18446744073675769308
34678891,0
34746291,34746291
34746650,359
35678537,18446744073674804966
35678900,0
35772174,35772173
35772532,359
36678550,18446744073673779084
36678913,0
36772033,36772033
36772392,359
37678560,18446744073672779224
37678922,0
37748382,37748382
37748741,359
38678566,18446744073671802875
38678928,0
38777925,38777925
38778283,358
39678577,18446744073670773333
39678939,0
39766293,39766292
39766652,360
40678588,18446744073669784964
40678950,0
40752330,40752330
40752689,359
41678596,18446744073668798927
41678958,0
41785805,41785804
41786163,360
42678605,18446744073667765452
42678967,0
42754465,42754464
42754824,360
43678615,18446744073666796792
43678977,0
43754233,43754233
43754592,360
44678624,18446744073665797023
44678986,0
44782030,44782030
44782389,359
45678634,18446744073664769227
45678996,0
45750316,45750316
45750675,360
46678644,18446744073663800940
46679005,0
46768292,46768291
46768651,361
47678654,18446744073662782964
47679016,0
47774142,47774142
47774500,359
48678666,18446744073661777115
48679028,0
48746412,48746411
48746771,360
49678676,18446744073660804845
49679038,0
49778214,49778214
49778572,358
50678685,18446744073659773044
50678696,0
50766002,50766002
50766011,9
51678693,18446744073658785605
51678704,0
51750216,51750216
51750225,9
52678702,18446744073657801391
52678712,0
52787697,52787697
52787705,8
53678713,18446744073656763911
53678724,0
53754159,53754159
53754167,9
54678720,18446744073655797448
54678731,0
54754105,54754104
54754113,9
55678732,18446744073654797503
55678742,0
55785588,55785588
55785596,8
56678744,18446744073653766020
56678755,0
56748237,56748237
56748245,8
57678751,18446744073652803371
57678762,0
57765932,57765932
57765940,9
58678759,18446744073651785675
58678770,0
58773765,58773764
58773772,9
System buffer 1
3678489,1503999999
4678239,0
4678597,0
4678964,0
4768611,0
4768969,0
5678249,0
5678611,0
5787415,0
5787773,0
6678257,0
6678618,0
6757944,0
6758302,0
7678266,0
7678627,0
7752046,0
7752405,0
8678275,0
8678637,0
8781539,0
8781897,0
9678287,0
9678650,0
9750024,0
9750382,0
10678297,0
10678659,0
10763908,0
10764267,0
11678306,0
11678668,0
11773749,0
11774107,0
12678319,0
12678681,0
12748208,0
12748566,0
13678326,0
13678688,0
13775780,0
13776138,0
14678338,0
14678699,0
14767924,0
14768282,0
15678349,0
15678710,0
15750113,0
15750472,0
16678358,0
16678719,0
16785563,0
16785921,0
17678369,0
17678732,0
17759964,0
17760323,0
18678377,0
18678739,0
18752045,0
18752403,0
19678386,0
19678747,0
19779742,0
19780100,0
20678397,0
20678758,0
20756089,0
20756447,0
21678405,0
21678766,0
21758175,0
21758534,0
22678416,0
22678778,0
22779841,0
22780199,0
23678426,0
23678789,0
23746139,0
23746497,0
24678434,0
24678796,0
24773918,0
24774276,0
25678444,0
25678806,0
25772013,0
25772371,0
26678452,0
26678814,0
26748260,0
26748618,0
27678459,0
27678820,0
27781795,0
27782153,0
28678467,0
28678829,0
28764128,0
28764487,0
29678480,0
29678842,0
29750157,0
29750515,0
30678490,0
30678851,0
30783777,0
30784135,0
31678501,0
31678863,0
31756190,0
31756549,0
32678511,0
32678874,0
32756267,0
32756625,0
33678520,0
33678882,0
33781951,0
33782309,0
34678531,0
34678892,0
34746293,0
34746651,0
35678539,0
35678901,0
35772175,0
35772533,0
36678552,0
36678915,0
36772035,0
36772393,0
37678561,0
37678923,0
37748384,0
37748742,0
38678567,0
38678929,0
38777926,0
38778284,0
39678579,0
39678941,0
39766294,0
39766653,0
40678589,0
40678951,0
40752332,0
40752690,0
41678597,0
41678959,0
41785807,0
41786165,0
42678606,0
42678968,0
42754466,0
42754825,0
43678616,0
43678978,0
43754235,0
43754593,0
44678626,0
44678988,0
44782032,0
44782390,0
45678636,0
45678997,0
45750318,0
45750677,0
46678645,0
46679007,0
46768294,0
46768653,0
47678655,0
47679017,0
47774144,0
47774502,0
48678667,0
48679029,0
48746413,0
48746772,0
49678677,0
49679039,0
49778215,0
49778573,0
50678686,0
50678697,0
50766004,0
50766012,0
51678694,0
51678705,0
51750218,0
51750226,0
52678703,0
52678713,0
52787699,0
52787706,0
53678714,0
53678725,0
53754161,0
53754168,0
54678722,0
54678733,0
54754106,0
54754114,0
55678733,0
55678743,0
55785590,0
55785597,0
56678745,0
56678756,0
56748239,0
56748246,0
57678752,0
57678763,0
57765934,0
57765942,0
58678761,0
58678771,0
58773766,0
58773774,0
System buffer 2
3678842,1040
4678593,0
4678959,0
4679325,0
4768964,0
4769330,0
5678603,0
5678969,0
5787768,0
5788135,0
6678610,0
6678977,0
6758298,0
6758664,0
7678620,0
7678986,0
7752400,0
7752766,0
8678629,0
8678995,0
8781893,0
8782259,0
9678641,0
9679007,0
9750377,0
9750743,0
10678651,0
10679017,0
10764262,0
10764628,0
11678660,0
11679026,0
11774103,0
11774469,0
12678672,0
12679039,0
12748561,0
12748928,0
13678680,0
13679047,0
13776134,0
13776500,0
14678692,0
14679058,0
14768278,0
14768644,0
15678702,0
15679069,0
15750466,0
15750833,0
16678711,0
16679078,0
16785916,0
16786283,0
17678723,0
17679089,0
17760318,0
17760684,0
18678731,0
18679098,0
18752398,0
18752764,0
19678740,0
19679106,0
19780095,0
19780462,0
20678751,0
20679117,0
20756442,0
20756808,0
21678758,0
21679125,0
21758529,0
21758895,0
22678770,0
22679136,0
22780194,0
22780561,0
23678780,0
23679146,0
23746493,0
23746859,0
24678787,0
24679154,0
24774271,0
24774638,0
25678798,0
25679165,0
25772366,0
25772733,0
26678806,0
26679172,0
26748613,0
26748980,0
27678813,0
27679179,0
27782149,0
27782515,0
28678821,0
28679187,0
28764482,0
28764848,0
29678834,0
29679200,0
29750510,0
29750877,0
30678843,0
30679210,0
30784131,0
30784497,0
31678855,0
31679221,0
31756544,0
31756910,0
32678865,0
32679231,0
32756621,0
32756987,0
33678874,0
33679240,0
33782304,0
33782670,0
34678885,0
34679251,0
34746646,0
34747013,0
35678892,0
35679259,0
35772529,0
35772895,0
36678906,0
36679272,0
36772388,0
36772755,0
37678915,0
37679281,0
37748738,0
37749104,0
38678921,0
38679287,0
38778280,0
38778646,0
39678932,0
39679299,0
39766648,0
39767014,0
40678943,0
40679309,0
40752685,0
40753052,0
41678951,0
41679317,0
41786160,0
41786526,0
42678960,0
42679326,0
42754820,0
42755186,0
43678970,0
43679336,0
43754588,0
43754955,0
44678979,0
44679346,0
44782385,0
44782752,0
45678989,0
45679355,0
45750672,0
45751038,0
46678999,0
46679365,0
46768647,0
46769014,0
47679009,0
47679375,0
47774497,0
47774864,0
48679021,0
48679387,0
48746767,0
48747133,0
49679031,0
49679397,0
49778569,0
49778935,0
50678689,0
50679039,0
50766007,0
50766357,0
51678697,0
51679048,0
51750221,0
51750572,0
52678706,0
52679057,0
52787702,0
52788052,0
53678717,0
53679068,0
53754164,0
53754514,0
54678725,0
54679075,0
54754109,0
54754460,0
55678736,0
55679086,0
55785593,0
55785943,0
56678748,0
56679099,0
56748241,0
56748592,0
57678755,0
57679106,0
57765936,0
57766287,0
58678764,0
58679114,0
58773769,0
58774120,0
PMU buffer 0
3678843,345317166
4678593,517463825
4678959,18446744073039643177
4679325,548962
4768965,134458809
4769331,548772
5678603,543216124
5678969,18446744073416423284
5787769,163199412
5788135,549039
6678611,138271310
6678977,111358603
6758298,118981780
6758664,549201
7678620,18446744073487527012
7678986,471407533
7752400,110121790
7752767,549299
8678629,18446744073136340533
8678995,822571345
8781893,154347024
8782259,549113
9678642,18446744072740963523
9679008,1218301301
9750378,107055280
9750744,548779
10678651,18446744072392516369
10679017,1566463103
10764262,127867532
10764628,548995
11678660,18446744072023544348
11679027,1935427050
11774103,142615298
11774470,549275
12678673,18446744071639834737
12679039,2319396316
12748562,104284116
12748928,549213
13678680,18446744071294185732
13679047,2664757929
13776134,145631348
13776500,549119
14678692,18446744070907622075
14679058,3051414286
14768278,133830368
14768644,549085
15678703,18446744070532759955
15679069,3426171154
15750467,107097402
15750833,549001
16678712,18446744070184731513
16679078,3774190995
16785917,160258466
16786283,549241
17678723,18446744069783559037
17679089,4175490053
17760318,121843364
17760684,548995
18678732,18446744069420671408
18679098,4538246452
18752399,109951396
18752765,548815
19678740,18446744069069803942
19679106,4889137294
19780096,151484772
19780462,548905
20678751,18446744068677391042
20679117,5281563980
20756443,115988502
20756809,548905
21678759,18446744068320443067
21679125,5638542362
21758529,119107100
21758895,548959
22678770,18446744067960344416
22679136,5998581575
22780195,151587858
22780561,549363
23678780,18446744067567826461
23679146,6391027318
23746493,101020366
23746859,548901
24678788,18446744067225941970
24679154,6732990234
24774272,142676748
24774638,549531
25678799,18446744066842331837
25679165,7116854276
25772367,139802782
25772733,549125
26678806,18446744066461338802
26679172,7497541514
26748614,104162392
26748980,549197
27678813,18446744066116085956
27679179,7842883656
27782149,154455224
27782515,549029
28678821,18446744065720659810
28679187,8238622114
28764482,127942080
28764848,549205
29678834,18446744065351431343
29679200,8607469166
29750511,106966076
29750877,549037
30678844,18446744065003557574
30679210,8955355762
30784131,157381584
30784497,548925
31678855,18446744064605265925
31679221,9353859429
31756544,115984538
31756910,549047
32678865,18446744064248152076
32679231,9710776118
32756621,116084412
32756987,548935
33678874,18446744063891131633
33679240,10067835300
33782305,154596622
33782671,549043
34678885,18446744063495565357
34679251,10463705376
34746647,101094062
34747013,548843
35678893,18446744063153188230
35679259,10805722143
35772529,139905028
35772895,549303
36678906,18446744062772377827
36679272,11186509884
36772389,139674576
36772755,549329
37678915,18446744062391816905
37679282,11567069523
37748738,104184822
37749104,548995
38678921,18446744062046732056
38679287,11912103118
38778280,148489582
38778646,549335
39678933,18446744061657412583
39679299,12301577934
39766648,131024108
39767014,549175
40678943,18446744061285389872
40679309,12673494627
40752686,110065054
40753052,549081
41678951,18446744060934428736
41679317,13024462815
41786161,160265266
41786527,548855
42678960,18446744060533274007
42679326,13425836405
42754820,113240856
42755186,549203
43678970,18446744060178912581
43679336,13779992051
43754589,112879246
43754955,549085
44678980,18446744059825120978
44679346,14133811732
44782386,154559824
44782752,549279
45678990,18446744059429629732
45679356,14529628806
45750672,106974740
45751038,549105
46678999,18446744059081387721
46679365,14877503811
46768648,133923972
46769014,549285
47679009,18446744058706569199
47679375,15252426441
47774498,142683508
47774864,549275
48679021,18446744058322888465
48679387,15636284168
48746767,101070176
48747133,549047
49679031,18446744057980634319
49679397,15978272061
49778569,148757784
49778935,549211
50678689,18446744057589654555
50679040,16370312098
50766007,130451356
50766358,525613
51678697,18446744057214091966
51679048,16744207105
51750221,106760020
51750572,525887
52678706,18446744056863889725
52679057,17094428493
52787702,162967390
52788053,526035
53678718,18446744056457467506
53679068,17501166711
53754164,112643976
53754514,525597
54678725,18446744056101041439
54679075,17857281230
54754110,112551242
54754460,526047
55678736,18446744055745027892
55679087,18213334019
55785593,159759864
55785944,525647
56678748,18446744055341770846
56679099,18616765862
56748242,103714108
56748592,525571
57678755,18446744054994372666
57679106,18963920068
57765937,130246078
57766288,525845
58678764,18446744054620687917
58679115,19337683234
58773769,141981880
58774120,525993
PMU buffer 1
3678843,16916239
4678593,3834282
4678960,177202067
4679326,9761
4768965,21259529
4769331,9464
5678603,18446744073511476059
5678969,361162029
5787769,25908502
5788135,9276
6678611,18446744073322877176
6678977,549724142
6758298,18160153
6758664,9269
7678620,18446744073142063265
7678986,730545561
7752401,16610410
7752767,9269
8678629,18446744072962791586
8678995,909819565
8781894,24358953
8782259,9276
9678642,18446744072775769052
9679008,1096856686
9750378,16093902
9750744,9262
10678651,18446744072596998710
10679018,1275609549
10764263,19709517
10764628,9464
11678661,18446744072414628302
11679027,1457978157
11774104,22292681
11774470,9485
12678673,18446744072229676523
12679039,1642950772
12748562,15577359
12748928,9269
13678681,18446744072051419272
13679047,1821189798
13776134,22809196
13776500,9485
14678692,18446744071865949254
14679058,2006677619
14768278,20742547
14768644,9669
15678703,18446744071682527884
15679069,2190078843
15750467,16093895
15750833,9262
16678712,18446744071503775562
16679078,2368832609
16785917,25391983
16786283,9276
17678723,18446744071315723865
17679090,2556900818
17760319,18676487
17760684,9464
18678732,18446744071134370944
18679098,2738235610
18752399,16610215
18752765,9464
19678740,18446744070955102424
19679106,2917508714
19780096,23842438
19780462,9478
20678751,18446744070768599081
20679117,3103954203
20756443,17643245
20756809,9457
21678759,18446744070588351222
21679125,3284254345
21758530,18160146
21758895,9262
22678770,18446744070407533966
22679136,3465076153
22780195,23842438
22780561,9478
23678780,18446744070221029504
23679146,3651523907
23746493,15060458
23746859,9464
24678788,18446744070043364162
24679154,3829247251
24774272,22292681
24774638,9478
25678799,18446744069858408320
25679165,4014218993
25772367,21776166
25772733,9478
26678806,18446744069673953410
26679172,4198654468
26748614,15577359
26748980,9269
27678813,18446744069495716225
27679179,4376892811
27782149,24358953
27782515,9276
28678822,18446744069308696687
28679188,4563929051
28764482,19709517
28764848,9464
29678834,18446744069126309675
29679200,4746296523
29750511,16093700
29750877,9457
30678844,18446744068947557879
30679210,4925051138
30784131,24875468
30784497,9262
31678855,18446744068760022195
31679221,5112602949
31756544,17643245
31756910,9464
32678865,18446744068579702061
32679232,5292905300
32756621,17643245
32756987,9464
33678874,18446744068399399550
33679240,5473206918
33782305,24358953
33782671,9276
34678885,18446744068212383264
34679251,5660242484
34746647,15060458
34747013,9464
35678893,18446744068034645315
35679259,5837964836
35772529,21776166
35772895,9485
36678906,18446744067850207088
36679273,6022420801
36772389,21776166
36772755,9485
37678915,18446744067665751286
37679282,6206828096
37748738,15576973
37749104,9669
38678921,18446744067487542980
38679287,6385070193
38778281,23325711
38778647,9283
39678933,18446744067301552542
39679299,6571045182
39766649,20226032
39767014,9464
40678943,18446744067118676883
40679309,6753930034
40752686,16610215
40753052,9471
41678951,18446744066939408350
41679317,6933202234
41786161,25391976
41786527,9276
42678960,18446744066751354242
42679327,7121270455
42754821,17126730
42755186,9464
43678970,18446744066571551380
43679336,7301058894
43754589,17126730
43754955,9464
44678980,18446744066391763068
44679346,7480847240
44782386,24358953
44782752,9276
45678990,18446744066204742263
45679356,7667883492
45750672,16093700
45751038,9464
46678999,18446744066025970902
46679365,7846640608
46768648,20742547
46769014,9648
47679009,18446744065842565573
47679376,8030036850
47774498,22292681
47774864,9283
48679021,18446744065657618916
48679388,8215008578
48746768,15060458
48747134,9471
49679031,18446744065479879209
49679398,8392731725
49778570,23325711
49778935,9276
50678689,18446744065293870926
50679040,8578691217
50766008,20217926
50766358,8898
51678697,18446744065110991409
51679048,8761607111
51750222,16085594
51750572,8905
52678706,18446744064932207466
52679057,8940394448
52787702,25900187
52788053,9114
53678718,18446744064743605188
53679068,9129010242
53754164,17118624
53754515,8905
54678725,18446744064563771306
54679076,9308829129
54754110,17118624
54754460,8912
55678736,18446744064383952415
55679087,9488646461
55785593,25383668
55785944,8912
56678748,18446744064195869896
56679099,9676746190
56748242,15569079
56748592,8905
57678756,18446744064017584906
57679106,9855018469
57765937,20217717
57766288,9100
58678764,18446744063834663791
58679115,10037931008
58773769,22284366
58774120,9114
PMU buffer 2
3678843,9547
4678593,1920
4678960,311922059125
4679326,0
4768965,0
4769331,0
5678603,18446743761787492525
5678969,311922059091
5787769,0
5788135,0
6678611,18446743761787492560
6678977,311922059056
6758299,0
6758664,0
7678620,18446743761787492592
7678986,311922059024
7752401,0
7752767,0
8678630,18446743761787492617
8678995,311922058999
8781894,0
8782259,0
9678642,18446743761787492640
9679008,311922058976
9750378,0
9750744,0
10678652,18446743761787492711
10679018,311922058905
10764263,0
10764628,0
11678661,18446743761787492750
11679027,311922058866
11774104,0
11774470,0
12678673,18446743761787492792
12679039,311922058824
12748562,0
12748928,0
13678681,18446743761787492835
13679047,311922058781
13776135,0
13776500,0
14678692,18446743761787492875
14679058,311922058741
14768279,0
14768644,0
15678703,18446743761787492913
15679069,311922058703
15750468,0
15750833,0
16678712,18446743761787492957
16679078,311922058659
16785917,0
16786283,0
17678724,18446743761787492997
17679090,311922058619
17760319,0
17760684,0
18678732,18446743761787493035
18679098,311922058581
18752399,0
18752765,0
19678740,18446743761787493077
19679106,311922058539
19780096,0
19780462,0
20678751,18446743761787493433
20679117,311922058183
20756443,0
20756809,0
21678759,18446743761787493509
21679125,311922058107
21758530,0
21758896,0
22678771,18446743761787493549
22679136,311922058067
22780195,0
22780561,0
23678780,18446743761787493597
23679146,311922058019
23746494,0
23746859,0
24678788,18446743761787493706
24679154,311922057910
24774272,0
24774638,0
25678799,18446743761787493757
25679165,311922057859
25772367,0
25772733,0
26678807,18446743761787493823
26679172,311922057793
26748614,0
26748980,0
27678813,18446743761787493944
27679179,311922057672
27782150,0
27782515,0
28678822,18446743761787494003
28679188,311922057613
28764483,0
28764848,0
29678834,18446743761787494051
29679200,311922057565
29750511,0
29750877,0
30678844,18446743761787494104
30679210,311922057512
30784132,0
30784497,0
31678856,18446743761787494166
31679221,311922057450
31756545,0
31756910,0
32678866,18446743761787494213
32679232,311922057403
32756622,0
32756987,0
33678875,18446743761787494264
33679241,311922057352
33782305,0
33782671,0
34678885,18446743761787494319
34679251,311922057297
34746648,0
34747013,0
35678893,18446743761787494366
35679259,311922057250
35772530,0
35772895,0
36678907,18446743761787494416
36679273,311922057200
36772389,0
36772755,0
37678916,18446743761787494468
37679282,311922057148
37748739,0
37749104,0
38678922,18446743761787494514
38679287,311922057102
38778281,0
38778647,0
39678933,18446743761787494568
39679299,311922057048
39766649,0
39767014,0
40678943,18446743761787494618
40679310,311922056998
40752687,0
40753052,0
41678952,18446743761787494673
41679318,311922056943
41786161,0
41786527,0
42678961,18446743761787494717
42679327,311922056899
42754821,0
42755186,0
43678971,18446743761787494783
43679336,311922056833
43754589,0
43754955,0
44678980,18446743761787494846
44679346,311922056770
44782386,0
44782752,0
45678990,18446743761787494895
45679356,311922056721
45750673,0
45751038,0
46679000,18446743761787494949
46679365,311922056667
46768648,0
46769014,0
47679010,18446743761787495014
47679376,311922056602
47774498,0
47774864,0
48679022,18446743761787495069
48679388,311922056547
48746768,0
48747134,0
49679032,18446743761787495133
49679398,311922056483
49778570,0
49778935,0
50678689,18446743761787495180
50679040,311922056436
50766008,0
50766358,0
51678698,18446743761787495225
51679048,311922056391
51750222,0
51750572,0
52678707,18446743761787495268
52679057,311922056348
52787703,0
52788053,0
53678718,18446743761787495303
53679068,311922056313
53754164,0
53754515,0
54678725,18446743761787495345
54679076,311922056271
54754110,0
54754460,0
55678736,18446743761787495380
55679087,311922056236
55785594,0
55785944,0
56678749,18446743761787495416
56679099,311922056200
56748242,0
56748592,0
57678756,18446743761787495448
57679107,311922056168
57765938,0
57766288,0
58678765,18446743761787495481
58679115,311922056135
58773770,0
58774120,0
PMU buffer 3
3678843,475354
4678593,1144676
4678960,105275420692
4679326,0
4768966,0
4769331,0
5678604,18446743968434156573
5678970,105275395043
5787770,0
5788135,0
6678611,18446743968434182208
6678977,105275369408
6758299,0
6758664,0
7678621,18446743968434207831
7678986,105275343785
7752402,0
7752767,0
8678630,18446743968434233463
8678996,105275318153
8781894,0
8782259,0
9678642,18446743968434259133
9679008,105275292483
9750379,0
9750744,0
10678652,18446743968434284725
10679018,105275266891
10764264,0
10764628,0
11678661,18446743968434310331
11679027,105275241285
11774104,0
11774470,0
12678674,18446743968434335937
12679039,105275215679
12748563,0
12748928,0
13678681,18446743968434361525
13679047,105275190091
13776135,0
13776501,0
14678693,18446743968434387446
14679058,105275164170
14768279,0
14768644,0
15678703,18446743968434413329
15679069,105275138287
15750468,0
15750833,0
16678712,18446743968434439226
16679078,105275112390
16785918,0
16786283,0
17678724,18446743968434465149
17679090,105275086467
17760319,0
17760684,0
18678732,18446743968434491068
18679098,105275060548
18752400,0
18752765,0
19678740,18446743968434516986
19679106,105275034630
19780097,0
19780462,0
20678752,18446743968434542839
20679117,105275008777
20756444,0
20756809,0
21678759,18446743968434568529
21679125,105274983087
21758531,0
21758896,0
22678771,18446743968434594152
22679137,105274957464
22780196,0
22780561,0
23678781,18446743968434619768
23679147,105274931848
23746494,0
23746859,0
24678789,18446743968434645278
24679154,105274906338
24774273,0
24774638,0
25678799,18446743968434670750
25679165,105274880866
25772368,0
25772733,0
26678807,18446743968434696468
26679172,105274855148
26748615,0
26748980,0
27678814,18446743968434721657
27679179,105274829959
27782150,0
27782515,0
28678822,18446743968434747192
28679188,105274804424
28764483,0
28764848,0
29678834,18446743968434772652
29679201,105274778964
29750512,0
29750877,0
30678844,18446743968434798111
30679210,105274753505
30784132,0
30784497,0
31678856,18446743968434823630
31679221,105274727986
31756545,0
31756910,0
32678866,18446743968434849097
32679232,105274702519
32756622,0
32756987,0
33678875,18446743968434874547
33679241,105274677069
33782306,0
33782671,0
34678885,18446743968434900089
34679251,105274651527
34746648,0
34747013,0
35678893,18446743968434925546
35679259,105274626070
35772530,0
35772895,0
36678907,18446743968434951128
36679273,105274600488
36772390,0
36772755,0
37678916,18446743968434976692
37679282,105274574924
37748739,0
37749104,0
38678922,18446743968435002123
38679288,105274549493
38778281,0
38778647,0
39678933,18446743968435027704
39679299,105274523912
39766649,0
39767014,0
40678944,18446743968435053139
40679310,105274498477
40752687,0
40753052,0
41678952,18446743968435078585
41679318,105274473031
41786162,0
41786527,0
42678961,18446743968435104147
42679327,105274447469
42754821,0
42755187,0
43678971,18446743968435129768
43679336,105274421848
43754590,0
43754955,0
44678980,18446743968435155235
44679346,105274396381
44782387,0
44782752,0
45678990,18446743968435180793
45679356,105274370823
45750673,0
45751038,0
46679000,18446743968435206265
46679365,105274345351
46768649,0
46769014,0
47679010,18446743968435231733
47679376,105274319883
47774499,0
47774864,0
48679022,18446743968435257253
48679388,105274294363
48746769,0
48747134,0
49679032,18446743968435282729
49679398,105274268887
49778570,0
49778936,0
50678690,18446743968435305415
50679040,105274246201
50766008,0
50766358,0
51678698,18446743968435324023
51679048,105274227593
51750222,0
51750572,0
52678707,18446743968435342662
52679057,105274208954
52787703,0
52788053,0
53678718,18446743968435361257
53679068,105274190359
53754165,0
53754515,0
54678725,18446743968435379875
54679076,105274171741
54754111,0
54754460,0
55678737,18446743968435398514
55679087,105274153102
55785594,0
55785944,0
56678749,18446743968435417102
56679099,105274134514
56748243,0
56748592,0
57678756,18446743968435435596
57679107,105274116020
57765938,0
57766288,0
58678765,18446743968435454200
58679115,105274097416
58773770,0
58774120,0
PMU buffer 4
3678843,5191
4678593,6418
4678960,28
4679326,22
4768966,2757
4769331,6
5678604,8000
5678970,19
5787770,3337
5788135,1
6678611,8115
6678977,31
6758299,2955
6758664,0
7678621,8338
7678987,21
7752402,2866
7752767,1
8678630,8308
8678996,18
8781895,3214
8782259,2
9678643,7952
9679008,21
9750379,2922
9750744,0
10678652,8102
10679018,21
10764264,2949
10764629,8
11678661,8213
11679027,23
11774105,3085
11774470,10
12678674,7776
12679040,21
12748563,2843
12748928,0
13678681,8250
13679047,19
13776136,3158
13776501,4
14678693,7856
14679058,20
14768279,3063
14768644,13
15678704,8075
15679069,23
15750469,2833
15750833,0
16678712,8124
16679078,22
16785918,3199
16786283,0
17678724,7832
17679090,21
17760320,2906
17760684,4
18678732,8053
18679098,21
18752400,2836
18752765,1
19678741,8207
19679107,23
19780097,3140
19780462,4
20678752,8330
20679118,21
20756444,2842
20756809,2
21678760,8086
21679125,24
21758531,2838
21758896,1
22678771,7855
22679137,22
22780196,3127
22780561,4
23678781,8915
23679147,22
23746494,2704
23746859,2
24678789,8074
24679155,23
24774273,3033
24774638,6
25678800,7424
25679165,22
25772368,2989
25772733,5
26678807,8489
26679173,38
26748615,2751
26748980,0
27678814,7953
27679180,22
27782150,3191
27782515,3
28678822,7515
28679188,21
28764484,2856
28764848,5
29678835,7943
29679201,21
29750512,2707
29750877,3
30678845,7932
30679211,24
30784132,3238
30784497,4
31678856,7589
31679222,24
31756545,2784
31756910,1
32678866,7882
32679232,23
32756623,2755
32756987,1
33678875,8011
33679241,22
33782306,3164
33782671,3
34678886,7500
34679252,24
34746648,2740
34747013,2
35678894,7901
35679260,21
35772530,3066
35772895,5
36678907,7570
36679273,23
36772390,3041
36772755,5
37678916,8096
37679282,23
37748739,2730
37749104,4
38678922,7916
38679288,23
38778282,3105
38778647,6
39678934,7916
39679299,22
39766650,3041
39767014,1
40678944,7799
40679310,22
40752687,2697
40753052,1
41678952,7955
41679318,23
41786162,3167
41786527,0
42678961,7821
42679327,24
42754822,2754
42755187,1
43678971,7906
43679337,25
43754590,2748
43754955,6
44678981,7922
44679346,20
44782387,3151
44782752,4
45678990,7453
45679356,22
45750674,2836
45751038,2
46679000,7940
46679366,39
46768650,2951
46769014,11
47679010,7915
47679376,24
47774499,3098
47774864,5
48679022,7534
48679388,21
48746769,2732
48747134,1
49679032,8060
49679398,23
49778571,3156
49778936,5
50678690,7754
50679040,24
50766009,2934
50766358,0
51678698,7927
51679048,25
51750223,2756
51750572,0
52678707,8069
52679058,24
52787703,3241
52788053,7
53678719,7630
53679069,26
53754165,2764
53754515,0
54678726,7938
54679076,26
54754111,2911
54754460,0
55678737,7903
55679087,24
55785594,3141
55785944,4
56678749,7641
56679100,25
56748243,2721
56748592,2
57678756,7909
57679107,24
57765938,2954
57766288,1
58678765,7937
58679115,29
58773771,3029
58774120,4
PMU buffer 5
3678844,176
4678593,26
4678960,4
4679326,3
4768966,8
4769331,0
5678604,47
5678970,1
5787770,13
5788135,0
6678611,2
6678977,0
6758300,3
6758664,0
7678621,3
7678987,0
7752402,6
7752767,0
8678630,2
8678996,0
8781895,7
8782260,0
9678643,2
9679008,1
9750380,6
9750744,0
10678652,4
10679018,0
10764264,9
10764629,0
11678662,7
11679027,2
11774105,7
11774470,0
12678674,6
12679040,0
12748564,4
12748928,0
13678682,6
13679047,2
13776136,8
13776501,0
14678693,2
14679059,0
14768280,11
14768645,0
15678704,5
15679069,0
15750469,4
15750833,0
16678713,3
16679078,0
16785918,4
16786283,0
17678724,3
17679090,0
17760320,4
17760685,0
18678733,5
18679098,1
18752401,3
18752765,0
19678741,4
19679107,0
19780097,10
19780462,0
20678752,1
20679118,0
20756445,7
20756809,0
21678760,3
21679125,0
21758531,4
21758896,0
22678771,5
22679137,2
22780196,8
22780561,0
23678781,3
23679147,1
23746495,4
23746859,0
24678789,4
24679155,1
24774273,5
24774638,0
25678800,4
25679165,0
25772368,6
25772733,0
26678807,4
26679173,1
26748616,6
26748980,0
27678814,4
27679180,1
27782151,9
27782515,0
28678823,2
28679188,0
28764484,7
28764849,0
29678835,5
29679201,0
29750513,6
29750877,0
30678845,2
30679211,0
30784133,12
30784497,0
31678856,2
31679222,0
31756546,5
31756910,0
32678866,4
32679232,0
32756623,3
32756987,0
33678875,1
33679241,0
33782306,9
33782671,0
34678886,1
34679252,0
34746649,4
34747013,0
35678894,6
35679260,0
35772530,8
35772896,0
36678907,6
36679273,0
36772390,8
36772755,0
37678916,1
37679282,0
37748740,6
37749104,0
38678922,4
38679288,0
38778282,9
38778647,0
39678934,5
39679299,0
39766650,7
39767015,0
40678944,5
40679310,0
40752688,4
40753052,0
41678952,4
41679318,0
41786162,9
41786527,0
42678961,5
42679327,0
42754822,8
42755187,0
43678971,3
43679337,0
43754591,5
43754955,0
44678981,3
44679346,0
44782387,8
44782752,0
45678991,3
45679356,0
45750674,7
45751038,0
46679000,6
46679366,0
46768650,6
46769014,0
47679010,4
47679376,0
47774499,9
47774864,0
48679023,1
48679388,0
48746769,3
48747134,0
49679033,4
49679398,0
49778571,7
49778936,0
50678690,3
50679040,0
50766009,4
50766358,0
51678698,3
51679049,0
51750223,7
51750572,0
52678707,2
52679058,0
52787704,7
52788053,0
53678719,3
53679069,0
53754166,3
53754515,0
54678726,4
54679076,0
54754111,5
54754461,0
55678737,5
55679087,0
55785595,7
55785944,0
56678749,3
56679100,0
56748244,5
56748592,0
57678756,5
57679107,0
57765939,4
57766288,0
58678765,3
58679115,0
58773771,7
58774120,0
PMU buffer 6
3678844,42289
4678594,326
4678960,5
4679326,4
4768967,386
4769331,5
5678604,51861
5678970,15
5787771,447
5788135,6
6678612,52974
6678978,15
6758300,337
6758664,6
7678621,51459
7678987,11
7752403,300
7752767,6
8678631,51487
8678996,11
8781895,426
8782260,6
9678643,52839
9679008,16
9750380,301
9750744,6
10678652,51360
10679018,16
10764265,398
10764629,8
11678662,51533
11679027,13
11774105,400
11774470,12
12678674,51924
12679040,16
12748564,282
12748928,6
13678682,51590
13679048,13
13776136,436
13776501,6
14678693,51869
14679059,18
14768280,386
14768645,8
15678704,51448
15679069,15
15750469,310
15750833,6
16678713,51236
16679079,14
16785919,479
16786283,6
17678725,52500
17679090,15
17760320,342
17760685,7
18678733,51400
18679099,14
18752401,327
18752765,6
19678741,51436
19679107,14
19780098,447
19780462,6
20678752,52603
20679118,15
20756445,311
20756809,6
21678760,51437
21679126,13
21758532,336
21758896,6
22678771,51443
22679137,14
22780197,468
22780561,8
23678782,52326
23679147,16
23746495,299
23746859,7
24678790,51430
24679155,15
24774274,419
24774639,8
25678800,52079
25679166,15
25772369,403
25772733,10
26678808,51667
26679173,15
26748616,311
26748980,6
27678814,51321
27679180,13
27782151,462
27782516,7
28678823,52577
28679188,13
28764485,361
28764849,8
29678835,51334
29679201,15
29750513,321
29750877,7
30678845,50984
30679211,14
30784133,484
30784497,6
31678856,52989
31679222,16
31756546,333
31756911,6
32678867,51331
32679232,17
32756623,337
32756987,7
33678876,51754
33679241,17
33782306,442
33782671,6
34678886,52553
34679252,16
34746649,290
34747013,6
35678894,51281
35679260,16
35772531,393
35772896,11
36678907,51646
36679273,17
36772391,401
36772755,6
37678917,52070
37679282,14
37748740,303
37749104,8
38678923,51123
38679288,17
38778282,449
38778647,7
39678934,51912
39679300,14
39766650,372
39767015,6
40678944,51249
40679310,17
40752688,301
40753052,5
41678953,51225
41679318,17
41786163,465
41786527,6
42678962,52691
42679327,16
42754822,322
42755187,7
43678971,51428
43679337,18
43754591,335
43754955,9
44678981,51538
44679347,14
44782388,448
44782752,7
45678991,52714
45679356,16
45750674,303
45751039,7
46679001,51465
46679366,16
46768650,359
46769014,12
47679011,51748
47679376,12
47774500,428
47774864,10
48679023,52114
48679388,18
48746769,311
48747134,6
49679033,51427
49679398,15
49778571,445
49778936,10
50678690,52334
50679040,18
50766010,370
50766358,6
51678699,51375
51679049,16
51750224,340
51750572,6
52678707,51353
52679058,14
52787704,471
52788053,9
53678719,52685
53679069,14
53754166,303
53754515,6
54678726,51362
54679076,16
54754112,318
54754461,6
55678737,51536
55679087,12
55785595,481
55785944,10
56678750,53136
56679100,14
56748244,303
56748592,5
57678757,51078
57679107,13
57765939,366
57766288,8
58678765,51640
58679115,17
58773771,424
58774120,8
PMU buffer 7
3678844,23038
4678594,390
4678960,17
4679326,11
4768967,80872
4769331,9
5678605,72087
5678970,29
5787771,102609
5788135,6
6678612,73383
6678978,26
6758300,95769
6758665,6
7678622,71470
7678987,26
7752403,94327
7752767,6
8678631,71511
8678996,26
8781895,101311
8782260,6
9678644,73093
9679008,26
9750380,93280
9750744,6
10678653,71496
10679018,27
10764265,97582
10764629,8
11678662,71852
11679027,27
11774105,99839
11774470,11
12678675,72287
12679040,29
12748564,93809
12748928,6
13678682,71737
13679048,26
13776136,100547
13776501,5
14678694,71968
14679059,25
14768280,98801
14768645,10
15678705,71490
15679070,22
15750470,93588
15750833,6
16678713,71375
16679079,25
16785919,102398
16786283,5
17678725,73259
17679090,31
17760321,95878
17760685,8
18678733,71409
18679099,26
18752401,93566
18752765,6
19678741,71656
19679107,23
19780098,101409
19780462,6
20678753,73091
20679118,21
20756445,95197
20756809,6
21678760,71689
21679126,26
21758532,96455
21758896,6
22678772,71470
22679137,25
22780197,101997
22780561,10
23678782,72653
23679147,32
23746495,91575
23746859,7
24678790,71541
24679155,26
24774274,100105
24774639,9
25678801,72351
25679166,25
25772369,100149
25772733,10
26678808,71891
26679173,30
26748616,93141
26748980,6
27678815,71557
27679180,23
27782151,101895
27782516,6
28678823,72738
28679188,27
28764485,97853
28764849,8
29678836,71406
29679201,27
29750514,92936
29750877,7
30678846,71076
30679211,24
30784133,102323
30784497,8
31678857,73359
31679222,27
31756547,95252
31756911,6
32678867,71466
32679232,29
32756624,95820
32756987,7
33678876,72082
33679241,24
33782307,102736
33782671,6
34678886,72985
34679252,26
34746649,92006
34747013,6
35678895,71556
35679260,27
35772531,100622
35772896,10
36678908,71811
36679273,29
36772391,99552
36772756,6
37678917,72212
37679282,22
37748740,93238
37749104,10
38678923,71028
38679288,29
38778282,100578
38778647,6
39678935,72526
39679300,26
39766651,99080
39767015,6
40678945,71398
40679310,29
40752688,94114
40753052,5
41678953,71418
41679318,25
41786163,102432
41786527,5
42678962,73411
42679327,25
42754823,95677
42755187,7
43678971,71643
43679337,29
43754591,93742
43754955,11
44678981,71651
44679347,29
44782388,102510
44782752,7
45678991,73199
45679356,25
45750675,92884
45751039,7
46679001,71376
46679366,21
46768651,99215
46769014,15
47679011,72074
47679376,22
47774500,100309
47774864,11
48679023,72116
48679388,27
48746770,91928
48747134,6
49679033,71611
49679398,26
49778572,102122
49778936,9
50678691,72911
50679040,31
50766010,98819
50766358,7
51678699,71566
51679049,27
51750224,94475
51750572,6
52678708,71889
52679058,23
52787704,104294
52788053,9
53678719,73092
53679069,25
53754167,95316
53754515,6
54678727,71556
54679076,25
54754112,94967
54754461,6
55678738,71681
55679087,25
55785595,102696
55785944,10
56678750,73650
56679100,26
56748244,93610
56748593,5
57678757,71119
57679107,24
57765939,97818
57766288,9
58678766,71857
58679115,24
58773772,99367
58774120,11
PMU buffer 8
3678844,21733
4678594,340
4678960,14
4679326,9
4768967,77637
4769331,9
5678605,63884
5678970,25
5787771,97514
5788135,5
6678612,65404
6678978,22
6758301,91151
6758665,6
7678622,63563
7678987,23
7752403,89394
7752767,6
8678631,63489
8678996,22
8781895,96278
8782260,6
9678644,65277
9679009,22
9750380,88591
9750744,6
10678653,63425
10679018,21
10764265,92646
10764629,8
11678663,63713
11679027,24
11774105,94880
11774470,11
12678675,64232
12679040,22
12748564,88992
12748928,6
13678682,63669
13679048,20
13776136,95616
13776501,5
14678694,64027
14679059,21
14768281,94016
14768645,10
15678705,63651
15679070,17
15750470,88624
15750834,6
16678713,63483
16679079,21
16785919,97296
16786284,5
17678725,65379
17679090,24
17760321,91229
17760685,7
18678733,63396
18679099,18
18752401,88728
18752765,6
19678741,63651
19679107,19
19780098,96413
19780462,6
20678753,65094
20679118,18
20756446,90422
20756809,6
21678761,63774
21679126,18
21758532,91489
21758896,6
22678772,63552
22679137,21
22780197,96947
22780562,10
23678782,64812
23679147,24
23746496,86823
23746860,7
24678790,63521
24679155,19
24774274,95200
24774639,9
25678801,64436
25679166,16
25772369,95215
25772733,10
26678808,63970
26679173,21
26748616,88363
26748980,6
27678815,63552
27679180,17
27782151,96835
27782516,6
28678823,64896
28679188,23
28764485,93062
28764849,7
29678836,63503
29679201,22
29750514,88039
29750877,7
30678846,63129
30679211,14
30784134,97323
30784498,7
31678857,65494
31679222,20
31756547,90497
31756911,6
32678868,63467
32679232,24
32756624,90871
32756988,7
33678876,64073
33679241,19
33782307,97690
33782671,5
34678887,65056
34679252,18
34746650,87390
34747013,6
35678895,63543
35679260,21
35772531,95598
35772896,10
36678908,63876
36679273,23
36772391,94727
36772756,6
37678918,64179
37679282,18
37748741,88393
37749105,10
38678923,63134
38679288,25
38778282,95610
38778647,6
39678935,64652
39679300,20
39766651,94195
39767015,6
40678945,63511
40679310,23
40752689,89166
40753053,5
41678953,63364
41679318,17
41786163,97433
41786527,5
42678962,65578
42679327,20
42754823,90984
42755187,7
43678972,63663
43679337,23
43754592,88779
43754956,11
44678982,63781
44679347,22
44782388,97483
44782752,7
45678992,65393
45679356,19
45750675,88096
45751039,7
46679001,63357
46679366,16
46768651,94253
46769015,15
47679011,63996
47679376,17
47774500,95356
47774865,11
48679023,64328
48679388,22
48746770,87098
48747134,5
49679033,63698
49679398,23
49778572,97049
49778936,8
50678691,64853
50679041,25
50766010,93968
50766358,6
51678699,63644
51679049,21
51750224,89494
51750572,6
52678708,63643
52679058,17
52787704,99298
52788053,8
53678720,65280
53679069,19
53754167,90640
53754515,6
54678727,63562
54679076,19
54754112,90059
54754461,6
55678738,63620
55679088,20
55785596,97734
55785944,10
56678750,65732
56679100,21
56748244,88997
56748593,5
57678758,63177
57679107,18
57765940,92910
57766288,8
58678766,63915
58679116,18
58773772,94402
58774120,11
PMU buffer 9
3678844,3176
4678594,5441
4678961,24
4679326,21
4768967,462
4769331,6
5678605,8810
5678970,15
5787771,550
5788135,0
6678613,19150
6678978,19
6758301,410
6758665,1
7678622,5632
7678987,16
7752403,396
7752767,1
8678631,5700
8678996,14
8781896,559
8782260,2
9678644,5232
9679009,15
9750381,376
9750744,1
10678653,5648
10679019,14
10764265,366
10764629,7
11678663,5591
11679028,14
11774106,426
11774470,7
12678675,7007
12679040,14
12748565,307
12748928,0
13678683,5684
13679048,13
13776137,436
13776501,4
14678694,5453
14679059,14
14768281,380
14768645,8
15678705,5462
15679070,15
15750470,320
15750834,1
16678714,5607
16679079,15
16785919,465
16786284,0
17678725,5498
17679090,15
17760321,356
17760685,4
18678734,5603
18679099,14
18752402,314
18752765,2
19678742,5695
19679107,15
19780098,452
19780462,6
20678753,11182
20679118,15
20756446,349
20756809,1
21678761,5396
21679126,14
21758533,359
21758896,0
22678772,5452
22679137,14
22780197,477
22780562,7
23678782,11342
23679147,14
23746496,318
23746860,1
24678790,5327
24679155,14
24774274,399
24774639,6
25678801,7235
25679166,14
25772369,395
25772733,6
26678808,9065
26679173,23
26748617,283
26748980,0
27678815,5310
27679180,13
27782152,424
27782516,4
28678823,6744
28679188,13
28764485,346
28764849,5
29678836,5241
29679201,13
29750514,287
29750877,2
30678846,5312
30679211,14
30784134,429
30784498,2
31678857,4946
31679222,14
31756547,325
31756911,1
32678868,5242
32679233,14
32756624,322
32756988,1
33678876,5207
33679241,13
33782307,427
33782671,4
34678887,8425
34679252,15
34746650,282
34747013,1
35678895,5297
35679260,13
35772531,384
35772896,5
36678908,8210
36679274,14
36772391,390
36772756,5
37678918,7756
37679283,15
37748741,292
37749105,1
38678923,5353
38679288,15
38778283,407
38778647,6
39678935,11942
39679300,14
39766651,355
39767015,1
40678945,5201
40679310,14
40752689,301
40753053,1
41678953,5239
41679318,15
41786163,462
41786527,0
42678963,5167
42679327,15
42754823,312
42755187,1
43678972,5217
43679337,14
43754592,300
43754956,6
44678982,5263
44679347,13
44782388,423
44782752,5
45678992,8138
45679357,14
45750675,298
45751039,3
46679001,5258
46679366,23
46768651,368
46769015,6
47679011,5160
47679377,15
47774500,398
47774865,5
48679024,6954
48679388,14
48746770,271
48747134,1
49679034,5342
49679398,14
49778572,412
49778936,7
50678691,100349
50679041,19
50766010,353
50766358,0
51678700,5227
51679049,18
51750224,295
51750572,0
52678708,5319
52679058,18
52787705,447
52788053,7
53678720,13639
53679069,18
53754167,305
53754515,0
54678727,5289
54679077,19
54754112,301
54754461,0
55678738,5281
55679088,17
55785596,430
55785944,5
56678751,12263
56679100,19
56748245,273
56748593,0
57678758,5351
57679107,19
57765940,359
57766288,1
58678766,5213
58679116,19
58773772,400
58774121,5
end_data
begin_data
System buffer 0
3736493,0
4736244,0
4769335,4769335
4769701,18446744073704782281
4934772,4934772
4935130,358
5769254,18446744073704616486
5788139,0
5953276,5953276
5953633,358
6769263,18446744073703597982
6769625,0
6934585,6934585
6934942,357
7769273,18446744073702616674
7769634,0
7934579,7934579
7934937,358
8769284,18446744073701616679
8782264,0
8947454,8947454
8947812,358
9769295,18446744073700603804
9769657,0
9934639,9934639
9934997,358
10769304,18446744073699616619
10769666,0
10934646,10934646
10935004,358
11769316,18446744073698616612
11774473,0
11939634,11939634
11939992,358
12769324,18446744073697611624
12769686,0
12934642,12934642
12935000,358
13769336,18446744073696616616
13776504,0
13941535,13941535
13941892,357
14769346,18446744073695609724
14769708,0
14934664,14934664
14935021,358
15769355,18446744073694616594
15769717,0
15934660,15934660
15935018,358
16769366,18446744073693616598
16786287,0
16951330,16951329
16951687,359
17769375,18446744073692599928
17769737,0
17934682,17934681
17935039,359
18769384,18446744073691616576
18769746,0
18934702,18934702
18935060,358
19769395,18446744073690616556
19780466,0
19945443,19945443
19945800,358
20769403,18446744073689605815
20769764,0
20934758,20934758
20935115,358
21769412,18446744073688616500
21769774,0
21934730,21934729
21935087,358
22769423,18446744073687616529
22780565,0
22945480,22945480
22945837,357
23769432,18446744073686605779
23769794,0
23934750,23934750
23935108,358
24769442,18446744073685616508
24774642,0
24939779,24939779
24940137,358
25769450,18446744073684611479
25772737,0
25937668,25937668
25938026,358
26769457,18446744073683613590
26769819,0
26934801,26934801
26935159,358
27769465,18446744073682616457
27782520,0
27947722,27947722
27948080,358
28769475,18446744073681603536
28769837,0
28934777,28934777
28935135,358
29769488,18446744073680616481
29769850,0
29934794,29934794
29935152,358
30769498,18446744073679616464
30784501,0
30949601,30949600
30949958,358
31769509,18446744073678601658
31769870,0
31934826,31934826
31935183,358
32769519,18446744073677616432
32769881,0
32934863,32934862
32935220,359
33769528,18446744073676616395
33782675,0
33947869,33947869
33948227,359
34769537,18446744073675603388
34769899,0
34934840,34934840
34935197,357
35769548,18446744073674616419
35772899,0
35937835,35937835
35938193,358
36769560,18446744073673613423
36772759,0
36937695,36937695
36938052,357
37769565,18446744073672613564
37769927,0
37934819,37934819
37935176,358
38769578,18446744073671616439
38778651,0
38943658,38943658
38944015,357
39769587,18446744073670607601
39769949,0
39934878,39934878
39935236,358
40769595,18446744073669616380
40769957,0
40934890,40934890
40935247,357
41769604,18446744073668616369
41786531,0
41951620,41951619
41951978,359
42769614,18446744073667599638
42769976,0
42934914,42934914
42935272,358
43769623,18446744073666616344
43769985,0
43934944,43934944
43935302,358
44769634,18446744073665616314
44782756,0
44947943,44947943
44948300,357
45769641,18446744073664603316
45770003,0
45934933,45934933
45935290,357
46769653,18446744073663616326
46770015,0
46935019,46935019
46935376,357
47769665,18446744073662616240
47774869,0
47939996,47939996
47940354,358
48769675,18446744073661611262
48770036,0
48934976,48934975
48935333,358
49769685,18446744073660616283
49778940,0
49944613,49944612
49944970,358
50769693,18446744073659606646
50769704,0
50934625,50934625
50934632,7
51769701,18446744073658616984
51769712,0
51934640,51934640
51934647,7
52769711,18446744073657616969
52788057,0
52953211,52953210
52953217,8
53769720,18446744073656598398
53769731,0
53934665,53934664
53934672,8
54769730,18446744073655616944
54769741,0
54934701,54934701
54934708,7
55769743,18446744073654616908
55785948,0
55951036,55951036
55951043,7
56769751,18446744073653600573
56769762,0
56934673,56934672
56934679,8
57769760,18446744073652616936
57769771,0
57934741,57934741
57934748,7
58769770,18446744073651616868
58774124,0
58939199,58939199
58939206,7
System buffer 1
3736494,1503999999
4736245,0
4769336,0
4769702,0
4934773,0
4935131,0
5769255,0
5788141,0
5953277,0
5953635,0
6769265,0
6769626,0
6934587,0
6934943,0
7769274,0
7769636,0
7934581,0
7934938,0
8769285,0
8782265,0
8947455,0
8947813,0
9769297,0
9769658,0
9934641,0
9934998,0
10769306,0
10769667,0
10934648,0
10935005,0
11769318,0
11774475,0
11939636,0
11939993,0
12769326,0
12769688,0
12934644,0
12935001,0
13769337,0
13776506,0
13941536,0
13941893,0
14769347,0
14769709,0
14934665,0
14935022,0
15769357,0
15769718,0
15934662,0
15935019,0
16769368,0
16786289,0
16951331,0
16951689,0
17769377,0
17769739,0
17934683,0
17935040,0
18769385,0
18769747,0
18934704,0
18935061,0
19769397,0
19780468,0
19945444,0
19945802,0
20769404,0
20769766,0
20934759,0
20935117,0
21769414,0
21769776,0
21934731,0
21935088,0
22769424,0
22780567,0
22945481,0
22945838,0
23769433,0
23769795,0
23934751,0
23935109,0
24769444,0
24774644,0
24939780,0
24940138,0
25769452,0
25772738,0
25937670,0
25938027,0
26769458,0
26769820,0
26934803,0
26935160,0
27769466,0
27782521,0
27947723,0
27948081,0
28769477,0
28769839,0
28934779,0
28935136,0
29769489,0
29769851,0
29934795,0
29935153,0
30769499,0
30784503,0
30949602,0
30949959,0
31769510,0
31769872,0
31934827,0
31935185,0
32769520,0
32769882,0
32934864,0
32935222,0
33769530,0
33782676,0
33947871,0
33948228,0
34769538,0
34769900,0
34934841,0
34935198,0
35769550,0
35772901,0
35937837,0
35938194,0
36769561,0
36772760,0
36937696,0
36938053,0
37769567,0
37769929,0
37934821,0
37935178,0
38769579,0
38778652,0
38943659,0
38944016,0
39769588,0
39769950,0
39934880,0
39935237,0
40769597,0
40769959,0
40934891,0
40935248,0
41769605,0
41786532,0
41951621,0
41951979,0
42769615,0
42769977,0
42934916,0
42935273,0
43769625,0
43769986,0
43934945,0
43935303,0
44769635,0
44782758,0
44947944,0
44948301,0
45769643,0
45770004,0
45934934,0
45935291,0
46769654,0
46770016,0
46935020,0
46935377,0
47769666,0
47774870,0
47939997,0
47940355,0
48769676,0
48770038,0
48934977,0
48935334,0
49769686,0
49778941,0
49944614,0
49944971,0
50769694,0
50769705,0
50934627,0
50934633,0
51769703,0
51769714,0
51934642,0
51934648,0
52769712,0
52788059,0
52953212,0
52953219,0
53769722,0
53769732,0
53934666,0
53934673,0
54769731,0
54769742,0
54934703,0
54934709,0
55769744,0
55785950,0
55951038,0
55951044,0
56769752,0
56769763,0
56934674,0
56934680,0
57769761,0
57769772,0
57934742,0
57934749,0
58769771,0
58774125,0
58939200,0
58939207,0
System buffer 2
3736847,1040
4736599,0
4769697,0
4770063,0
4935127,0
4935493,0
5769609,0
5788501,0
5953631,0
5953997,0
6769618,0
6769985,0
6934940,0
6935307,0
7769628,0
7769994,0
7934934,0
7935301,0
8769639,0
8782625,0
8947809,0
8948175,0
9769650,0
9770017,0
9934994,0
9935360,0
10769659,0
10770025,0
10935001,0
10935367,0
11769671,0
11774836,0
11939989,0
11940356,0
12769680,0
12770046,0
12934997,0
12935363,0
13769691,0
13776866,0
13941890,0
13942256,0
14769701,0
14770067,0
14935019,0
14935385,0
15769710,0
15770077,0
15935015,0
15935382,0
16769722,0
16786649,0
16951685,0
16952051,0
17769730,0
17770097,0
17935036,0
17935403,0
18769739,0
18770106,0
18935057,0
18935424,0
19769750,0
19780828,0
19945798,0
19946164,0
20769758,0
20770124,0
20935113,0
20935479,0
21769767,0
21770134,0
21935085,0
21935451,0
22769778,0
22780927,0
22945834,0
22946201,0
23769787,0
23770153,0
23935105,0
23935471,0
24769797,0
24775004,0
24940134,0
24940500,0
25769806,0
25773099,0
25938023,0
25938389,0
26769812,0
26770178,0
26935156,0
26935523,0
27769820,0
27782881,0
27948077,0
27948443,0
28769831,0
28770197,0
28935132,0
28935498,0
29769843,0
29770209,0
29935149,0
29935515,0
30769853,0
30784863,0
30949956,0
30950322,0
31769864,0
31770230,0
31935181,0
31935547,0
32769874,0
32770240,0
32935217,0
32935584,0
33769883,0
33783037,0
33948224,0
33948591,0
34769892,0
34770258,0
34935195,0
34935561,0
35769904,0
35773261,0
35938190,0
35938557,0
36769915,0
36773121,0
36938050,0
36938416,0
37769920,0
37770287,0
37935174,0
37935540,0
38769933,0
38779012,0
38944012,0
38944379,0
39769942,0
39770308,0
39935233,0
39935599,0
40769950,0
40770317,0
40935245,0
40935611,0
41769959,0
41786893,0
41951975,0
41952341,0
42769969,0
42770335,0
42935269,0
42935635,0
43769978,0
43770345,0
43935299,0
43935665,0
44769989,0
44783118,0
44948298,0
44948664,0
45769996,0
45770363,0
45935288,0
45935654,0
46770008,0
46770374,0
46935374,0
46935740,0
47770020,0
47775230,0
47940351,0
47940717,0
48770030,0
48770396,0
48935330,0
48935697,0
49770040,0
49779302,0
49944967,0
49945334,0
50769697,0
50770048,0
50934629,0
50934980,0
51769706,0
51770056,0
51934644,0
51934995,0
52769715,0
52788419,0
52953215,0
52953565,0
53769725,0
53770076,0
53934668,0
53935019,0
54769734,0
54770085,0
54934705,0
54935056,0
55769747,0
55786310,0
55951040,0
55951391,0
56769755,0
56770106,0
56934676,0
56935027,0
57769764,0
57770115,0
57934745,0
57935096,0
58769774,0
58774486,0
58939203,0
58939554,0
PMU buffer 0
3736848,432324243
4736599,431040767
4769697,18446744073175165632
4770063,549339
4935127,247596006
4935493,548726
5769609,294584258
5788501,18446744073580109148
5953631,247695196
5953997,548763
6769619,18446744073599638537
6769985,230837655
6934941,247433586
6935307,549065
7769628,18446744073239598537
7769994,582026538
7934935,247411370
7935301,548585
8769639,18446744072888438250
8782626,977400131
8947809,247775628
8948175,548663
9769651,18446744072492701629
9770017,1325853116
9934995,247466630
9935360,548781
10769660,18446744072144554544
10770026,1694820066
10935002,247464216
10935367,548587
11769672,18446744071775593337
11774836,2078525624
11939990,247730652
11940356,548799
12769680,18446744071391614951
12770046,2424181659
12934998,247427256
12935363,548791
13769692,18446744071046265106
13776867,2810871278
13941890,247534972
13942256,549285
14769701,18446744070659601753
14770067,3185732441
14935019,247427998
14935385,548713
15769711,18446744070284840732
15770077,3533768174
15935016,247408366
15935382,548891
16769722,18446744069936828034
16786649,3934934200
16951685,247553694
16952051,548545
17769731,18446744069535519595
17770097,4297825806
17935037,247410206
17935403,548843
18769739,18446744069172768177
18770106,4648694614
18935058,247428032
18935424,548893
19769751,18446744068821884328
19780828,5041103488
19945798,247455098
19946164,548929
20769758,18446744068429449665
20770124,5398047233
20935113,247483272
20935479,548837
21769768,18446744068072460905
21770134,5758147690
21935085,247426374
21935451,548763
22769778,18446744067712420780
22780927,6150659585
22945835,247361538
22946201,548763
23769787,18446744067319974286
23770153,6492550776
23935105,247427802
23935471,549123
24769798,18446744066978016370
24775004,6876152433
24940134,247695436
24940500,549105
25769806,18446744066594149387
25773099,7257144892
25938024,247386476
25938389,548763
26769812,18446744066213461747
26770178,7602205904
26935157,247467162
26935523,549159
27769821,18446744065868119974
27782881,7997826227
27948077,247793980
27948443,548767
28769831,18446744065472379836
28770197,8367055431
28935133,247403370
28935498,548797
29769843,18446744065103535886
29770209,8714933162
29935149,247409784
29935515,548809
30769853,18446744064755651721
30784863,9113223529
30949956,247638918
30950322,548559
31769864,18446744064357140358
31770230,9470339394
31935181,247426528
31935547,548763
32769874,18446744064000230191
32770240,9827355211
32935218,247466794
32935584,548767
33769884,18446744063643167389
33783037,10222922454
33948225,247781154
33948591,548949
34769892,18446744063247294059
34770259,10565301123
34935195,247404548
34935561,549165
35769904,18446744062905287362
35773262,10946111462
35938191,247393854
35938557,548829
36769916,18446744062524501855
36773121,11326666706
36938050,247393224
36938416,548985
37769921,18446744062143931968
37770287,11671757786
37935174,247331224
37935540,548551
38769934,18446744061798912026
38779013,12061070762
38944013,247500076
38944379,549095
39769942,18446744061409427335
39770309,12433091633
39935234,247387528
39935600,548913
40769951,18446744061037506379
40770317,12784061115
40935245,247392442
40935611,548513
41769959,18446744060686539935
41786893,13185215626
41951975,247623186
41952341,548711
42769970,18446744060285162047
42770335,13539574839
42935270,247401410
42935636,548757
43769979,18446744059931014067
43770345,13893369773
43935299,247431740
43935665,548975
44769990,18446744059577195230
44783118,14288856268
44948298,247769670
44948664,549045
45769997,18446744059181371563
45770363,14637102111
45935288,247387556
45935654,549011
46770008,18446744058833506396
46770374,15011914595
46935374,247499432
46935740,549189
47770020,18446744058458583191
47775230,15395593862
47940351,247681442
47940717,548553
48770030,18446744058074717769
48770396,15737856347
48935331,247401678
48935697,549003
49770041,18446744057732734422
49779302,16127515849
49944968,248499524
49945334,548731
50769697,18446744057340137767
50770048,16501739273
50934630,246872416
50934980,525419
51769706,18446744056966245272
51770056,16851948100
51934645,246882516
51934995,525651
52769716,18446744056616029090
52788419,17258386420
52953215,247194340
52953565,525551
53769725,18446744056209277834
53770076,17614792679
53934669,246890138
53935019,525091
54769735,18446744055853175089
54770085,17970809274
54934706,246931058
54935056,525353
55769747,18446744055497120193
55786310,18374084734
55951041,247096160
55951391,525723
56769755,18446744055093680494
56770106,18721462506
56934677,246856812
56935027,525417
57769764,18446744054746533996
57770115,19095141123
57934745,246945008
57935096,525947
58769775,18446744054372773794
58774486,19480653284
58939204,247075788
58939554,525475
PMU buffer 1
3736848,17525712
4736600,3252371
4769697,198462899
4770064,9538
4935128,162872579
4935493,9485
5769610,18446744073348612684
5788501,387051760
5953632,162849521
5953997,9290
6769619,18446744073160046569
6769985,567868276
6934941,162849724
6935307,9506
7769628,18446744072979229166
7769994,747141429
7934935,162850750
7935301,9492
8769640,18446744072799955155
8782626,934159754
8947810,162872579
8948175,9283
9769651,18446744072612916766
9770017,1112934943
9934995,162847411
9935361,9499
10769660,18446744072434165171
10770026,1295301915
10935002,162848869
10935367,9485
11769672,18446744072251796563
11774836,1480252095
11939990,162872575
11940356,9492
12769680,18446744072066822684
12770046,1658514626
12934998,162847618
12935364,9492
13769692,18446744071888584936
13776867,1843980237
13941890,162872575
13942256,9297
14769701,18446744071703095624
14770067,2027402340
14935019,162850003
14935385,9492
15769711,18446744071519695884
15770077,2206158629
15935016,162847312
15935382,9290
16769723,18446744071340942488
16786650,2394205671
16951685,162872568
16952051,9283
17769731,18446744071152870054
17770097,2575561034
17935037,162848059
17935403,9283
18769740,18446744070971539337
18770106,2754831478
18935058,162850705
18935424,9290
19769751,18446744070792266240
19780828,2941332388
19945798,162799866
19946164,9290
20769758,18446744070605818575
20770125,3121581813
20935113,162846025
20935479,9290
21769768,18446744070425520591
21770134,3302398622
21935085,162851020
21935451,9290
22769779,18446744070244698787
22780927,3488899820
22945835,162800028
22946201,9290
23769787,18446744070058248435
23770154,3666571495
23935105,162849517
23935471,9290
24769798,18446744069880527689
24775004,3851521168
24940135,162872575
24940500,9290
25769806,18446744069695554697
25773099,4035976409
25938024,162852550
25938389,9290
26769813,18446744069511120387
26770179,4214217733
26935157,162847573
26935523,9290
27769821,18446744069332882136
27782882,4401232993
27948078,162872579
27948443,9283
28769831,18446744069145842872
28770197,4583621424
28935133,162848590
28935498,9283
29769844,18446744068963478410
29770209,4762376309
29935149,162848158
29935515,9283
30769854,18446744068784723809
30784864,4949907828
30949956,162872568
30950322,9290
31769864,18446744068597168377
31770230,5130230967
31935181,162847843
31935547,9290
32769874,18446744068416869619
32770240,5310533311
32935218,162846943
32935584,9283
33769884,18446744068236568022
33783038,5497547114
33948225,162872575
33948591,9283
34769893,18446744068049529439
34770259,5675290072
34935195,162848248
34935561,9304
35769905,18446744067871810097
35773262,5859722252
35938191,162872575
35938557,9283
36769916,18446744067687353622
36773121,6044178060
36938050,162824040
36938416,9290
37769921,18446744067502946191
37770287,6222391964
37935175,162851731
37935540,9290
38769934,18446744067324704733
38779013,6408377140
38944013,162843678
38944379,9297
39769943,18446744067138727614
39770309,6591253630
39935234,162849742
39935600,9290
40769951,18446744066955844899
40770317,6770525909
40935245,162850165
40935611,9290
41769960,18446744066776572699
41786893,6958575453
41951976,162872568
41952341,9283
42769970,18446744066588500431
42770336,7138382391
42935270,162850309
42935636,9290
43769979,18446744066408716039
43770345,7318170837
43935300,162850336
43935665,9290
44769990,18446744066228927693
44783118,7505187429
44948298,162872575
44948664,9297
45769997,18446744066041888431
45770363,7683963285
45935288,162850651
45935654,9290
46770008,18446744065863135149
46770374,7867364491
46935374,162845674
46935740,9297
47770021,18446744065679738097
47775231,8052310774
47940351,162872575
47940717,9283
48770030,18446744065494765098
48770396,8230056180
48935331,162849031
48935697,9297
49770041,18446744065317043208
49779302,8416038672
49944968,162808692
49945334,9290
50769698,18446744065131072878
50770048,8598898944
50934630,162842030
50934980,9135
51769706,18446744064948159341
51770057,8777686183
51934645,162841733
51934995,9128
52769716,18446744064769372032
52788419,8966283599
52953215,162864469
52953565,8926
53769725,18446744064580751943
53770076,9146121478
53934669,162841148
53935019,9121
54769735,18446744064400937330
54770085,9325940365
54934706,162839582
54935056,9128
55769748,18446744064221120005
55786310,9514019100
55951041,162864469
55951391,8933
56769755,18446744064033016592
56770106,9692309194
56934677,162842579
56935027,8926
57769765,18446744063854748224
57770115,9875226189
57934745,162838295
57935096,9135
58769775,18446744063671835458
58774487,10060204359
58939204,162864469
58939554,8933
PMU buffer 2
3736848,9859
4736600,1620
4769698,311922059113
4770064,0
4935128,0
4935493,0
5769610,18446743761787492529
5788502,311922059087
5953632,0
5953997,0
6769619,18446743761787492570
6769985,311922059046
6934941,0
6935307,0
7769628,18446743761787492594
7769994,311922059022
7934935,0
7935301,0
8769640,18446743761787492619
8782626,311922058997
8947810,0
8948175,0
9769651,18446743761787492650
9770017,311922058966
9934995,0
9935361,0
10769660,18446743761787492716
10770026,311922058900
10935002,0
10935368,0
11769673,18446743761787492755
11774836,311922058861
11939990,0
11940356,0
12769681,18446743761787492796
12770046,311922058820
12934998,0
12935364,0
13769692,18446743761787492837
13776867,311922058779
13941890,0
13942256,0
14769702,18446743761787492879
14770068,311922058737
14935020,0
14935385,0
15769711,18446743761787492918
15770077,311922058698
15935016,0
15935382,0
16769723,18446743761787492962
16786650,311922058654
16951686,0
16952051,0
17769731,18446743761787493000
17770097,311922058616
17935037,0
17935403,0
18769740,18446743761787493038
18770106,311922058578
18935058,0
18935424,0
19769751,18446743761787493082
19780828,311922058534
19945798,0
19946164,0
20769759,18446743761787493472
20770125,311922058144
20935114,0
20935479,0
21769768,18446743761787493513
21770134,311922058103
21935085,0
21935451,0
22769779,18446743761787493555
22780928,311922058061
22945835,0
22946201,0
23769788,18446743761787493604
23770154,311922058012
23935106,0
23935472,0
24769799,18446743761787493713
24775004,311922057903
24940135,0
24940501,0
25769807,18446743761787493763
25773100,311922057853
25938024,0
25938390,0
26769813,18446743761787493839
26770179,311922057777
26935157,0
26935523,0
27769821,18446743761787493946
27782882,311922057670
27948078,0
27948443,0
28769831,18446743761787494005
28770197,311922057611
28935133,0
28935499,0
29769844,18446743761787494053
29770210,311922057563
29935150,0
29935515,0
30769854,18446743761787494110
30784864,311922057506
30949956,0
30950322,0
31769865,18446743761787494171
31770231,311922057445
31935182,0
31935547,0
32769875,18446743761787494218
32770240,311922057398
32935218,0
32935584,0
33769885,18446743761787494267
33783038,311922057349
33948225,0
33948591,0
34769893,18446743761787494324
34770259,311922057292
34935195,0
34935561,0
35769905,18446743761787494368
35773262,311922057248
35938191,0
35938557,0
36769916,18446743761787494423
36773121,311922057193
36938050,0
36938416,0
37769921,18446743761787494473
37770287,311922057143
37935175,0
37935540,0
38769934,18446743761787494520
38779013,311922057096
38944013,0
38944379,0
39769943,18446743761787494570
39770309,311922057046
39935234,0
39935600,0
40769951,18446743761787494623
40770317,311922056993
40935245,0
40935611,0
41769960,18446743761787494680
41786893,311922056936
41951976,0
41952341,0
42769970,18446743761787494722
42770336,311922056894
42935270,0
42935636,0
43769979,18446743761787494788
43770345,311922056828
43935300,0
43935666,0
44769990,18446743761787494849
44783119,311922056767
44948298,0
44948664,0
45769998,18446743761787494900
45770363,311922056716
45935288,0
45935654,0
46770009,18446743761787494967
46770374,311922056649
46935374,0
46935740,0
47770021,18446743761787495019
47775231,311922056597
47940352,0
47940717,0
48770031,18446743761787495074
48770397,311922056542
48935331,0
48935697,0
49770042,18446743761787495138
49779302,311922056478
49944968,0
49945334,0
50769698,18446743761787495183
50770048,311922056433
50934630,0
50934980,0
51769706,18446743761787495228
51770057,311922056388
51934645,0
51934995,0
52769716,18446743761787495268
52788419,311922056348
52953216,0
52953566,0
53769725,18446743761787495303
53770076,311922056313
53934670,0
53935019,0
54769735,18446743761787495348
54770085,311922056268
54934706,0
54935056,0
55769748,18446743761787495380
55786310,311922056236
55951041,0
55951391,0
56769756,18446743761787495420
56770106,311922056196
56934677,0
56935027,0
57769765,18446743761787495451
57770115,311922056165
57934746,0
57935096,0
58769775,18446743761787495485
58774487,311922056131
58939204,0
58939554,0
PMU buffer 3
3736848,667147
4736601,954578
4769698,105275418997
4770064,0
4935128,0
4935493,0
5769610,18446743968434158518
5788502,105275393098
5953632,0
5953997,0
6769619,18446743968434184173
6769985,105275367443
6934941,0
6935307,0
7769629,18446743968434209808
7769994,105275341808
7934935,0
7935301,0
8769640,18446743968434235450
8782626,105275316166
8947810,0
8948175,0
9769651,18446743968434261114
9770017,105275290502
9934995,0
9935361,0
10769660,18446743968434286722
10770026,105275264894
10935002,0
10935368,0
11769673,18446743968434312325
11774836,105275239291
11939990,0
11940356,0
12769681,18446743968434337912
12770046,105275213704
12934998,0
12935364,0
13769693,18446743968434363527
13776867,105275188089
13941891,0
13942257,0
14769702,18446743968434389438
14770068,105275162178
14935020,0
14935385,0
15769711,18446743968434415315
15770077,105275136301
15935016,0
15935382,0
16769723,18446743968434441220
16786650,105275110396
16951686,0
16952051,0
17769731,18446743968434467145
17770097,105275084471
17935038,0
17935403,0
18769740,18446743968434493051
18770106,105275058565
18935058,0
18935424,0
19769752,18446743968434518986
19780828,105275032630
19945799,0
19946164,0
20769759,18446743968434544796
20770125,105275006820
20935114,0
20935479,0
21769769,18446743968434570404
21770134,105274981212
21935086,0
21935451,0
22769779,18446743968434596018
22780928,105274955598
22945835,0
22946201,0
23769788,18446743968434621666
23770154,105274929950
23935106,0
23935472,0
24769799,18446743968434647107
24775005,105274904509
24940135,0
24940501,0
25769807,18446743968434672577
25773100,105274879039
25938024,0
25938390,0
26769813,18446743968434698322
26770179,105274853294
26935157,0
26935523,0
27769822,18446743968434723473
27782882,105274828143
27948078,0
27948443,0
28769832,18446743968434749042
28770197,105274802574
28935133,0
28935499,0
29769844,18446743968434774514
29770210,105274777102
29935150,0
29935515,0
30769854,18446743968434799947
30784864,105274751669
30949957,0
30950322,0
31769865,18446743968434825493
31770231,105274726123
31935182,0
31935547,0
32769875,18446743968434850953
32770240,105274700663
32935219,0
32935584,0
33769885,18446743968434876367
33783038,105274675249
33948225,0
33948591,0
34769893,18446743968434901950
34770259,105274649666
34935195,0
34935561,0
35769905,18446743968434927381
35773262,105274624235
35938191,0
35938557,0
36769917,18446743968434952969
36773122,105274598647
36938051,0
36938416,0
37769922,18446743968434978535
37770287,105274573081
37935175,0
37935540,0
38769935,18446743968435003985
38779013,105274547631
38944013,0
38944379,0
39769943,18446743968435029545
39770309,105274522071
39935234,0
39935600,0
40769952,18446743968435054983
40770317,105274496633
40935246,0
40935611,0
41769960,18446743968435080421
41786894,105274471195
41951976,0
41952341,0
42769970,18446743968435105999
42770336,105274445617
42935270,0
42935636,0
43769979,18446743968435131625
43770345,105274419991
43935300,0
43935666,0
44769991,18446743968435157068
44783119,105274394548
44948298,0
44948664,0
45769998,18446743968435182660
45770363,105274368956
45935289,0
45935654,0
46770009,18446743968435208124
46770375,105274343492
46935374,0
46935740,0
47770021,18446743968435233582
47775231,105274318034
47940352,0
47940717,0
48770031,18446743968435259124
48770397,105274292492
48935331,0
48935697,0
49770042,18446743968435284557
49779302,105274267059
49944968,0
49945334,0
50769698,18446743968435306080
50770049,105274245536
50934630,0
50934980,0
51769707,18446743968435324727
51770057,105274226889
51934645,0
51934995,0
52769717,18446743968435343336
52788419,105274208280
52953216,0
52953566,0
53769726,18446743968435361934
53770076,105274189682
53934670,0
53935019,0
54769735,18446743968435380573
54770085,105274171043
54934707,0
54935056,0
55769748,18446743968435399173
55786310,105274152443
55951041,0
55951391,0
56769756,18446743968435417789
56770106,105274133827
56934678,0
56935028,0
57769765,18446743968435436268
57770115,105274115348
57934746,0
57935096,0
58769776,18446743968435454879
58774487,105274096737
58939204,0
58939554,0
PMU buffer 4
3736848,5586
4736601,8286
4769698,556
4770064,4
4935128,2475
4935493,7
5769611,8598
5788502,285
5953632,2709
5953997,1
6769620,8449
6769985,18
6934941,2648
6935307,5
7769629,8589
7769994,18
7934936,2602
7935301,5
8769641,8613
8782626,210
8947810,2520
8948176,1
9769652,8480
9770017,19
9934995,2387
9935361,4
10769661,8583
10770026,21
10935003,2524
10935368,4
11769673,8683
11774837,76
11939991,2238
11940356,8
12769681,8523
12770047,19
12934998,2491
12935364,4
13769693,8675
13776867,109
13941891,2375
13942257,0
14769703,8580
14770068,19
14935020,2527
14935385,4
15769712,8493
15770077,20
15935017,2425
15935382,3
16769724,8541
16786650,247
16951686,2421
16952051,0
17769732,8390
17770097,20
17935038,2476
17935403,3
18769741,8460
18770106,19
18935058,2508
18935424,4
19769752,8570
19780829,174
19945799,2788
19946164,2
20769760,8481
20770125,20
20935114,2428
20935479,3
21769769,8484
21770134,20
21935086,2260
21935451,3
22769780,8489
22780928,169
22945836,3404
22946201,1
23769788,8381
23770154,20
23935106,2366
23935472,3
24769799,8527
24775005,85
24940135,1933
24940501,7
25769808,8443
25773100,57
25938024,2935
25938390,0
26769814,8459
26770179,20
26935157,2288
26935523,3
27769822,8553
27782882,183
27948078,2025
27948444,0
28769832,8402
28770197,20
28935134,2378
28935499,2
29769845,8363
29770210,20
29935150,2295
29935515,2
30769855,8538
30784864,230
30949957,2137
30950322,0
31769865,8332
31770231,20
31935182,2306
31935547,3
32769875,8339
32770241,21
32935219,2385
32935584,4
33769885,8517
33783038,190
33948226,2005
33948591,3
34769894,8403
34770259,20
34935196,2312
34935561,2
35769906,8461
35773262,56
35938192,2069
35938557,2
36769917,8517
36773122,53
36938051,2566
36938416,0
37769922,8403
37770287,19
37935175,2276
37935540,0
38769935,8503
38779013,132
38944013,2480
38944379,0
39769944,8517
39770309,20
39935234,2237
39935600,2
40769952,8344
40770317,21
40935246,2362
40935611,2
41769961,8446
41786894,219
41951976,2357
41952341,0
42769971,8325
42770336,24
42935270,2298
42935636,2
43769980,8363
43770345,20
43935300,2302
43935666,2
44769991,8500
44783119,182
44948299,1982
44948664,3
45769998,8448
45770363,20
45935289,2308
45935654,2
46770009,8493
46770375,21
46935374,2385
46935740,3
47770022,8546
47775231,89
47940352,2009
47940717,5
48770031,8413
48770397,21
48935331,2391
48935697,2
49770042,8559
49779303,127
49944969,2259
49945334,0
50769699,8473
50770049,20
50934631,2322
50934980,4
51769707,8465
51770057,23
51934646,2351
51934995,3
52769717,8603
52788419,238
52953216,2213
52953566,0
53769726,8296
53770076,22
53934670,2282
53935019,3
54769736,8573
54770086,20
54934707,2290
54935056,3
55769749,8443
55786311,224
55951042,2238
55951391,1
56769756,8277
56770106,20
56934678,2282
56935028,3
57769766,8476
57770116,22
57934746,2323
57935096,4
58769776,8546
58774487,85
58939204,2086
58939554,0
PMU buffer 5
3736848,186
4736601,29
4769698,2
4770064,0
4935128,36
4935494,0
5769611,23
5788502,2
5953632,1
5953998,0
6769620,4
6769985,1
6934942,1
6935307,0
7769629,7
7769994,1
7934936,0
7935301,0
8769641,8
8782627,0
8947811,0
8948176,0
9769652,9
9770017,2
9934995,0
9935361,0
10769661,11
10770026,1
10935003,4
10935368,0
11769674,9
11774837,2
11939991,3
11940356,0
12769682,7
12770047,2
12934998,1
12935364,0
13769694,12
13776867,1
13941891,1
13942257,0
14769703,12
14770068,2
14935020,2
14935386,0
15769712,5
15770077,1
15935017,1
15935382,0
16769724,4
16786650,1
16951686,2
16952051,0
17769732,5
17770097,2
17935038,1
17935403,0
18769741,6
18770106,2
18935059,1
18935424,0
19769753,8
19780829,3
19945799,0
19946165,0
20769760,8
20770125,1
20935114,1
20935480,0
21769769,5
21770135,2
21935086,0
21935451,0
22769780,11
22780928,2
22945836,0
22946201,0
23769789,8
23770154,1
23935106,1
23935472,0
24769800,6
24775005,2
24940136,2
24940501,0
25769808,6
25773100,2
25938024,3
25938390,0
26769814,8
26770179,2
26935157,0
26935523,0
27769823,9
27782882,3
27948079,0
27948444,0
28769832,9
28770198,1
28935134,1
28935499,0
29769845,9
29770210,1
29935150,0
29935515,0
30769855,10
30784864,3
30949957,1
30950322,0
31769865,6
31770231,1
31935182,2
31935548,0
32769876,4
32770241,0
32935219,0
32935584,0
33769886,8
33783038,2
33948226,0
33948591,0
34769894,5
34770259,2
34935196,3
34935562,0
35769906,7
35773262,2
35938192,3
35938557,0
36769918,10
36773122,1
36938051,1
36938417,0
37769922,6
37770288,2
37935175,0
37935541,0
38769936,9
38779013,2
38944014,3
38944379,0
39769944,9
39770309,1
39935235,1
39935600,0
40769952,7
40770318,2
40935246,1
40935611,0
41769961,7
41786894,3
41951976,4
41952342,0
42769971,9
42770336,1
42935271,1
42935636,0
43769980,6
43770345,1
43935300,0
43935666,0
44769991,9
44783119,1
44948299,1
44948664,0
45769998,9
45770363,2
45935289,1
45935654,0
46770010,9
46770375,2
46935375,0
46935740,0
47770022,9
47775231,2
47940352,0
47940717,0
48770032,4
48770397,1
48935331,2
48935697,0
49770043,6
49779303,2
49944969,2
49945334,0
50769699,5
50770049,1
50934631,1
50934981,0
51769707,8
51770057,1
51934646,0
51934996,0
52769717,5
52788419,3
52953216,1
52953566,0
53769726,5
53770076,0
53934670,2
53935020,0
54769736,7
54770086,1
54934707,2
54935057,0
55769749,8
55786311,1
55951042,1
55951392,0
56769757,7
56770106,2
56934678,2
56935028,0
57769766,5
57770116,2
57934746,0
57935096,0
58769777,7
58774487,1
58939204,1
58939554,0
PMU buffer 6
3736848,42344
4736602,511
4769699,174
4770064,6
4935129,38033
4935494,6
5769611,14177
5788502,109
5953633,39205
5953998,6
6769620,14127
6769986,9
6934942,37766
6935307,6
7769630,13995
7769995,9
7934936,37665
7935301,6
8769642,14154
8782627,84
8947811,39030
8948176,7
9769652,14138
9770018,9
9934996,37580
9935361,6
10769661,14183
10770026,9
10935003,37783
10935368,7
11769674,14103
11774837,45
11939991,38142
11940356,5
12769682,14102
12770047,9
12934999,37754
12935364,7
13769694,14194
13776868,64
13941891,38260
13942257,7
14769703,14024
14770068,9
14935021,37656
14935386,8
15769712,14108
15770078,9
15935017,37382
15935382,7
16769724,14217
16786651,110
16951687,38773
16952051,6
17769732,14096
17770097,10
17935038,37650
17935403,8
18769741,14076
18770106,9
18935059,37678
18935424,7
19769753,14119
19780829,78
19945799,38829
19946165,7
20769760,14111
20770125,9
20935114,37753
20935480,7
21769770,14025
21770135,10
21935086,37674
21935451,6
22769781,14153
22780928,79
22945836,38579
22946201,7
23769789,14074
23770154,9
23935107,37643
23935472,7
24769800,14151
24775005,46
24940136,38302
24940501,8
25769808,14159
25773100,37
25938025,37956
25938390,6
26769814,14049
26770179,9
26935158,37549
26935523,6
27769823,14147
27782883,85
27948079,38800
27948444,7
28769833,14160
28770198,9
28935134,37608
28935499,7
29769845,14060
29770210,9
29935151,37279
29935516,8
30769855,14080
30784865,95
30949957,39137
30950322,8
31769866,14208
31770231,9
31935182,37542
31935548,7
32769876,14138
32770241,10
32935219,37899
32935584,7
33769886,14212
33783039,79
33948226,38831
33948591,7
34769894,14039
34770259,9
34935196,37429
34935562,6
35769906,14197
35773262,44
35938192,37912
35938557,8
36769918,14112
36773122,38
36938051,38276
36938417,8
37769923,14125
37770288,9
37935176,37314
37935541,8
38769936,14179
38779014,75
38944014,38135
38944379,8
39769944,14172
39770309,9
39935235,37448
39935600,5
40769953,14112
40770318,9
40935246,37495
40935611,8
41769961,14091
41786894,99
41951977,38875
41952342,8
42769971,14162
42770336,10
42935271,37593
42935636,9
43769980,14183
43770346,10
43935301,37751
43935666,7
44769992,14138
44783119,85
44948299,38913
44948665,8
45769999,14133
45770364,8
45935289,37688
45935654,8
46770010,14145
46770375,9
46935375,37978
46935740,7
47770022,14138
47775231,53
47940353,38296
47940718,7
48770032,14160
48770397,8
48935332,37624
48935697,9
49770043,14174
49779303,71
49944969,38518
49945334,6
50769699,14216
50770049,10
50934631,37629
50934981,6
51769708,14097
51770057,10
51934646,37536
51934996,7
52769718,14175
52788420,100
52953216,38983
52953566,7
53769727,14030
53770076,9
53934671,37518
53935020,7
54769736,14168
54770086,9
54934707,37787
54935057,7
55769750,14122
55786311,105
55951042,39360
55951392,8
56769757,14103
56770107,9
56934678,37384
56935028,7
57769766,14060
57770116,10
57934747,37909
57935096,6
58769777,14104
58774487,50
58939205,38005
58939554,8
PMU buffer 7
3736848,23127
4736602,70705
4769699,10540
4770064,12
4935129,52861
4935494,7
5769612,117858
5788503,3995
5953633,54270
5953998,7
6769621,114935
6769986,26
6934942,52455
6935307,5
7769630,113343
7769995,28
7934936,52253
7935301,5
8769642,117751
8782627,2781
8947811,53944
8948176,6
9769653,112491
9770018,28
9934996,52322
9935361,5
10769662,116754
10770026,29
10935003,52706
10935368,6
11769675,117924
11774837,1024
11939991,53028
11940356,8
12769682,113144
12770047,27
12934999,52504
12935364,6
13769695,118193
13776868,1543
13941891,53049
13942257,8
14769703,117781
14770068,28
14935021,52297
14935386,7
15769713,112778
15770078,28
15935017,52015
15935382,6
16769725,118061
16786651,3659
16951687,54136
16952051,6
17769733,115068
17770098,29
17935038,52321
17935403,9
18769741,112645
18770106,28
18935059,52499
18935424,7
19769753,118151
19780829,2374
19945799,53867
19946165,9
20769760,114475
20770125,27
20935115,52581
20935480,6
21769770,115565
21770135,28
21935086,52341
21935451,7
22769781,118602
22780928,2486
22945836,53485
22946201,6
23769789,110816
23770154,30
23935107,52333
23935472,7
24769800,118085
24775005,1180
24940136,53152
24940501,8
25769809,118738
25773100,638
25938025,52745
25938390,5
26769814,112355
26770179,27
26935158,52366
26935523,6
27769823,118274
27782883,2776
27948079,53596
27948444,6
28769833,117057
28770198,29
28935134,52234
28935499,7
29769845,112114
29770210,26
29935151,51977
29935516,7
30769856,118242
30784865,3140
30949957,53947
30950322,7
31769866,114722
31770231,29
31935182,52177
31935548,6
32769876,115113
32770241,30
32935220,52750
32935584,8
33769886,118987
33783039,3036
33948226,53853
33948591,8
34769895,111202
34770259,29
34935196,52209
34935562,5
35769907,119295
35773262,631
35938192,52663
35938557,7
36769918,118102
36773122,624
36938051,52988
36938417,8
37769923,112528
37770288,26
37935176,51801
37935541,7
38769936,117833
38779014,1939
38944014,53329
38944379,11
39769944,118333
39770309,29
39935235,52139
39935600,5
40769953,113375
40770318,28
40935247,52218
40935612,7
41769962,117932
41786894,3661
41951977,54211
41952342,10
42769971,114931
42770336,30
42935271,52338
42935636,8
43769981,113055
43770346,29
43935301,52477
43935666,6
44769992,118673
44783119,2971
44948299,53861
44948665,7
45769999,112284
45770364,26
45935289,52151
45935655,7
46770010,118439
46770375,28
46935375,52865
46935741,6
47770023,118346
47775231,1136
47940353,52907
47940718,7
48770032,111203
48770397,23
48935332,52373
48935697,8
49770043,119250
49779303,2078
49944969,53642
49945334,7
50769699,118155
50770049,29
50934631,52420
50934981,6
51769708,113626
51770057,29
51934646,52461
51934996,8
52769718,119611
52788420,4060
52953217,53951
52953566,6
53769727,114519
53770076,30
53934671,52273
53935020,7
54769736,114243
54770086,29
54934707,52510
54935057,6
55769750,117984
55786312,3852
55951042,54519
55951392,8
56769757,112801
56770107,27
56934678,52000
56935028,9
57769766,116927
57770116,30
57934747,52707
57935096,5
58769777,117386
58774488,1097
58939205,52831
58939554,8
PMU buffer 8
3736848,21810
4736602,67574
4769699,10393
4770064,11
4935129,47352
4935494,5
5769612,110133
5788503,3928
5953633,48675
5953998,5
6769621,107932
6769986,24
6934942,47178
6935307,3
7769630,105782
7769995,26
7934936,46917
7935301,3
8769642,110077
8782627,2735
8947811,48612
8948176,3
9769653,105318
9770018,26
9934996,46949
9935361,4
10769662,109117
10770026,27
10935004,47247
10935368,3
11769675,110311
11774837,999
11939991,47587
11940356,5
12769682,105709
12770047,25
12934999,47143
12935364,3
13769695,110574
13776868,1522
13941892,47669
13942257,5
14769704,110435
14770068,25
14935021,47095
14935386,5
15769713,105176
15770078,26
15935017,46748
15935382,2
16769725,110392
16786651,3602
16951687,48707
16952051,4
17769733,107964
17770098,27
17935039,46949
17935403,7
18769742,105161
18770107,26
18935059,47088
18935424,5
19769754,110596
19780829,2339
19945800,48381
19946165,6
20769761,107191
20770125,25
20935115,47266
20935480,4
21769770,107993
21770135,26
21935087,47000
21935451,2
22769781,111024
22780928,2440
22945837,48165
22946201,3
23769789,103538
23770154,28
23935107,46964
23935472,5
24769801,110542
24775005,1164
24940136,47854
24940501,6
25769809,111191
25773100,627
25938025,47400
25938390,3
26769815,104996
26770179,25
26935158,47006
26935523,4
27769824,110614
27782883,2727
27948079,48199
27948444,4
28769833,109820
28770198,27
28935135,46943
28935499,4
29769846,104605
29770210,24
29935151,46712
29935516,4
30769856,110611
30784865,3081
30949958,48574
30950322,4
31769866,107473
31770231,27
31935183,46854
31935548,3
32769876,107487
32770241,28
32935220,47401
32935585,6
33769887,111322
33783039,2992
33948227,48457
33948591,5
34769895,104049
34770260,27
34935197,46813
34935562,3
35769907,111662
35773262,620
35938193,47387
35938557,5
36769919,110623
36773122,615
36938052,47621
36938417,4
37769923,105019
37770288,24
37935176,46529
37935541,5
38769937,110268
38779014,1912
38944014,47944
38944379,7
39769945,110959
39770309,27
39935235,46855
39935600,4
40769953,105821
40770318,25
40935247,46811
40935612,6
41769962,110334
41786895,3608
41951977,48864
41952342,6
42769972,107752
42770336,28
42935271,47036
42935636,6
43769981,105410
43770346,27
43935301,47205
43935666,3
44769992,111090
44783119,2927
44948300,48565
44948665,5
45769999,104982
45770364,25
45935290,46782
45935655,5
46770010,110827
46770375,26
46935375,47509
46935741,2
47770023,110686
47775231,1120
47940353,47683
47940718,4
48770032,103808
48770397,21
48935332,47027
48935697,6
49770044,111647
49779303,2039
49944970,48121
49945334,3
50769700,110765
50770049,27
50934632,47079
50934981,4
51769708,106061
51770057,27
51934647,47014
51934996,6
52769718,111875
52788420,3998
52953217,48580
52953566,4
53769727,107400
53770077,28
53934671,46956
53935020,5
54769737,106656
54770086,27
54934708,47116
54935057,3
55769750,110408
55786312,3797
55951042,49030
55951392,5
56769757,105758
56770107,25
56934679,46620
56935028,5
57769767,109457
57770116,28
57934747,47400
57935096,3
58769778,109807
58774488,1072
58939205,47520
58939555,6
PMU buffer 9
3736848,3539
4736602,5412
4769699,181
4770064,4
4935129,4380
4935494,4
5769612,4887
5788503,111
5953633,14813
5953998,0
6769621,4827
6769986,14
6934942,1060
6935307,4
7769630,5005
7769995,14
7934937,1085
7935301,4
8769643,4986
8782627,82
8947812,928
8948176,0
9769653,4811
9770018,14
9934996,877
9935361,3
10769662,5061
10770027,14
10935004,907
10935368,3
11769675,5032
11774837,47
11939992,2404
11940356,6
12769683,5049
12770047,13
12934999,907
12935364,3
13769695,5029
13776868,53
13941892,862
13942257,0
14769704,5005
14770068,13
14935021,862
14935386,3
15769713,5029
15770078,14
15935018,889
15935382,3
16769725,4976
16786651,87
16951687,1022
16952051,1
17769733,4908
17770098,13
17935039,951
17935403,2
18769742,5017
18770107,13
18935060,940
18935424,2
19769754,5034
19780829,66
19945800,6610
19946165,0
20769761,5023
20770125,14
20935115,771
20935480,3
21769770,4967
21770135,13
21935087,835
21935451,3
22769782,4957
22780929,69
22945837,6870
22946201,0
23769790,4949
23770154,15
23935107,740
23935472,3
24769801,4804
24775005,43
24940136,2827
24940501,5
25769809,4781
25773100,36
25938025,4670
25938390,0
26769815,4828
26770179,13
26935159,743
26935523,3
27769824,4793
27782883,70
27948080,2341
27948444,0
28769833,4805
28770198,14
28935135,770
28935499,2
29769846,4839
29770210,13
29935151,761
29935516,2
30769856,4792
30784865,75
30949958,600
30950322,0
31769867,4766
31770231,14
31935183,727
31935548,3
32769877,4836
32770241,14
32935220,741
32935585,3
33769887,4736
33783039,70
33948227,4020
33948591,2
34769895,4846
34770260,14
34935197,774
34935562,2
35769907,4733
35773263,34
35938193,3810
35938557,1
36769919,4774
36773122,35
36938052,3322
36938417,0
37769923,4866
37770288,13
37935176,795
37935541,0
38769937,4793
38779014,54
38944014,7538
38944379,0
39769945,4801
39770310,13
39935235,738
39935600,2
40769953,4843
40770318,13
40935247,715
40935612,2
41769963,4797
41786895,90
41951977,786
41952342,0
42769972,4797
42770337,14
42935272,734
42935636,2
43769981,4785
43770346,15
43935301,725
43935666,2
44769993,4797
44783120,70
44948300,3730
44948665,1
45769999,4840
45770364,15
45935290,728
45935655,2
46770011,4806
46770375,13
46935376,711
46935741,3
47770024,4799
47775232,42
47940353,2545
47940718,5
48770033,4832
48770397,14
48935332,762
48935697,2
49770044,4797
49779303,56
49944970,95941
49945334,0
50769700,4807
50770049,17
50934632,713
50934981,3
51769708,4900
51770057,18
51934647,716
51934996,3
52769719,4834
52788420,97
52953217,9270
52953566,0
53769727,4791
53770077,19
53934671,723
53935020,3
54769737,4864
54770086,17
54934708,750
54935057,3
55769751,4782
55786312,83
55951043,7932
55951392,0
56769758,4750
56770107,17
56934679,795
56935028,3
57769767,4818
57770116,17
57934747,706
57935096,3
58769778,4843
58774488,40
58939205,598
58939555,0
end_data
begin_data
System buffer 0
3794497,0
4794245,0
4794610,4794609
4794971,18446744073704757007
4958616,4958616
4958973,357
5794255,18446744073704592643
5794619,0
5958534,5958534
5958891,357
6794263,18446744073703592725
6794627,0
6958253,6958253
6958610,357
7794273,18446744073702593006
7794637,0
7958267,7958267
7958624,357
8794284,18446744073701592992
8794649,0
8958279,8958278
8958636,358
9794295,18446744073700592980
9794659,0
9958262,9958262
9958619,357
10794304,18446744073699592997
10794668,0
10958308,10958307
10958665,358
11794317,18446744073698592951
11794681,0
11958240,11958240
11958597,357
12794324,18446744073697593019
12794688,0
12958325,12958324
12958682,358
13794336,18446744073696592934
13794700,0
13958379,13958379
13958736,357
14794346,18446744073695592880
14794710,0
14958315,14958315
14958672,357
15794355,18446744073694592944
15794719,0
15958312,15958312
15958669,357
16794368,18446744073693592947
16794732,0
16958539,16958539
16958896,358
17794376,18446744073692592719
17794739,0
17958370,17958370
17958728,358
18794383,18446744073691592888
18794747,0
18958366,18958365
18958723,358
19794395,18446744073690592893
19794759,0
19958562,19958562
19958919,357
20794403,18446744073689592697
20794767,0
20958384,20958384
20958741,357
21794412,18446744073688592875
21794776,0
21958376,21958376
21958733,357
22794424,18446744073687592883
22794788,0
22958595,22958595
22958952,357
23794432,18446744073686592664
23794796,0
23958439,23958439
23958797,358
24794442,18446744073685592819
24794806,0
24958431,24958430
24958788,358
25794450,18446744073684592828
25794814,0
25958552,25958552
25958910,358
26794457,18446744073683592706
26794821,0
26958436,26958436
26958793,358
27794465,18446744073682592822
27794829,0
27958407,27958407
27958765,358
28794477,18446744073681592851
28794841,0
28958458,28958458
28958815,357
29794487,18446744073680592801
29794851,0
29958436,29958435
29958793,358
30794498,18446744073679592823
30794863,0
30958606,30958605
30958963,358
31794509,18446744073678592653
31794873,0
31958462,31958462
31958819,357
32794518,18446744073677592797
32794882,0
32958515,32958515
32958873,358
33794529,18446744073676592743
33794893,0
33958586,33958585
33958943,358
34794537,18446744073675592673
34794900,0
34958515,34958515
34958873,358
35794549,18446744073674592743
35794913,0
35958648,35958648
35959005,357
36794559,18446744073673592611
36794924,0
36958637,36958637
36958994,358
37794565,18446744073672592621
37794929,0
37958542,37958542
37958899,357
38794577,18446744073671592717
38794942,0
38958704,38958704
38959061,358
39794587,18446744073670592554
39794951,0
39958555,39958554
39958911,357
40794595,18446744073669592705
40794960,0
40958572,40958572
40958929,357
41794605,18446744073668592687
41794969,0
41958758,41958758
41959115,357
42794614,18446744073667592501
42794978,0
42958596,42958596
42958953,357
43794623,18446744073666592663
43794987,0
43958615,43958615
43958972,358
44794634,18446744073665592643
44794998,0
44958672,44958672
44959029,357
45794642,18446744073664592587
45795006,0
45958631,45958631
45958988,357
46794653,18446744073663592628
46795018,0
46958662,46958662
46959019,357
47794664,18446744073662592597
47795028,0
47958639,47958639
47958997,358
48794674,18446744073661592619
48795038,0
48958687,48958687
48959044,357
49794684,18446744073660592572
49795048,0
49959144,49959144
49959502,358
50794692,18446744073659592114
50794705,0
50958332,50958332
50958338,6
51794700,18446744073658593278
51794714,0
51958334,51958333
51958340,7
52794712,18446744073657593276
52794726,0
52958481,52958481
52958488,7
53794720,18446744073656593128
53794733,0
53958332,53958332
53958338,6
54794730,18446744073655593278
54794743,0
54958359,54958359
54958366,7
55794743,18446744073654593250
55794757,0
55958635,55958635
55958642,7
56794751,18446744073653592974
56794764,0
56958338,56958338
56958345,7
57794760,18446744073652593271
57794772,0
57958381,57958381
57958388,7
58794769,18446744073651593228
58794782,0
58958373,58958373
58958380,7
System buffer 1
3794498,1503999999
4794247,0
4794611,0
4794972,0
4958618,0
4958974,0
5794256,0
5794621,0
5958535,0
5958892,0
6794265,0
6794628,0
6958254,0
6958611,0
7794274,0
7794638,0
7958268,0
7958625,0
8794286,0
8794650,0
8958280,0
8958637,0
9794297,0
9794660,0
9958263,0
9958620,0
10794305,0
10794669,0
10958309,0
10958666,0
11794318,0
11794682,0
11958241,0
11958598,0
12794325,0
12794689,0
12958326,0
12958683,0
13794338,0
13794702,0
13958380,0
13958737,0
14794347,0
14794711,0
14958316,0
14958673,0
15794356,0
15794720,0
15958313,0
15958670,0
16794369,0
16794733,0
16958540,0
16958897,0
17794378,0
17794741,0
17958372,0
17958729,0
18794385,0
18794749,0
18958367,0
18958724,0
19794397,0
19794760,0
19958563,0
19958920,0
20794405,0
20794769,0
20958386,0
20958742,0
21794413,0
21794777,0
21958377,0
21958734,0
22794426,0
22794790,0
22958596,0
22958953,0
23794433,0
23794797,0
23958441,0
23958798,0
24794443,0
24794807,0
24958432,0
24958789,0
25794451,0
25794815,0
25958554,0
25958911,0
26794458,0
26794822,0
26958438,0
26958795,0
27794466,0
27794831,0
27958409,0
27958766,0
28794478,0
28794842,0
28958459,0
28958816,0
29794489,0
29794852,0
29958437,0
29958794,0
30794500,0
30794864,0
30958607,0
30958964,0
31794510,0
31794874,0
31958463,0
31958820,0
32794519,0
32794883,0
32958517,0
32958874,0
33794530,0
33794895,0
33958587,0
33958944,0
34794538,0
34794902,0
34958517,0
34958874,0
35794550,0
35794914,0
35958649,0
35959006,0
36794561,0
36794925,0
36958639,0
36958996,0
37794566,0
37794930,0
37958544,0
37958900,0
38794579,0
38794943,0
38958706,0
38959063,0
39794588,0
39794952,0
39958556,0
39958912,0
40794597,0
40794961,0
40958573,0
40958930,0
41794606,0
41794970,0
41958759,0
41959116,0
42794616,0
42794979,0
42958597,0
42958954,0
43794624,0
43794989,0
43958617,0
43958974,0
44794635,0
44794999,0
44958673,0
44959030,0
45794643,0
45795007,0
45958632,0
45958989,0
46794655,0
46795019,0
46958663,0
46959020,0
47794666,0
47795030,0
47958641,0
47958998,0
48794675,0
48795040,0
48958689,0
48959045,0
49794686,0
49795050,0
49959146,0
49959503,0
50794694,0
50794706,0
50958334,0
50958339,0
51794702,0
51794715,0
51958335,0
51958341,0
52794714,0
52794727,0
52958482,0
52958489,0
53794721,0
53794734,0
53958333,0
53958339,0
54794732,0
54794745,0
54958361,0
54958367,0
55794744,0
55794758,0
55958637,0
55958643,0
56794753,0
56794765,0
56958340,0
56958346,0
57794761,0
57794774,0
57958383,0
57958389,0
58794771,0
58794784,0
58958375,0
58958381,0
System buffer 2
3794851,1040
4794601,0
4794967,0
4795333,0
4958971,0
4959338,0
5794610,0
5794976,0
5958889,0
5959255,0
6794618,0
6794984,0
6958608,0
6958974,0
7794628,0
7794994,0
7958622,0
7958988,0
8794640,0
8795006,0
8958633,0
8959000,0
9794650,0
9795016,0
9958617,0
9958983,0
10794659,0
10795025,0
10958662,0
10959029,0
11794672,0
11795038,0
11958595,0
11958961,0
12794679,0
12795045,0
12958679,0
12959046,0
13794691,0
13795058,0
13958734,0
13959100,0
14794701,0
14795067,0
14958670,0
14959036,0
15794710,0
15795076,0
15958667,0
15959033,0
16794723,0
16795089,0
16958894,0
16959260,0
17794731,0
17795097,0
17958725,0
17959092,0
18794739,0
18795105,0
18958721,0
18959087,0
19794750,0
19795117,0
19958917,0
19959283,0
20794758,0
20795125,0
20958739,0
20959105,0
21794767,0
21795133,0
21958731,0
21959097,0
22794779,0
22795146,0
22958950,0
22959316,0
23794787,0
23795153,0
23958794,0
23959161,0
24794797,0
24795163,0
24958786,0
24959152,0
25794805,0
25795171,0
25958907,0
25959273,0
26794812,0
26795178,0
26958791,0
26959157,0
27794820,0
27795187,0
27958762,0
27959128,0
28794832,0
28795198,0
28958813,0
28959179,0
29794842,0
29795208,0
29958790,0
29959157,0
30794853,0
30795220,0
30958960,0
30959327,0
31794864,0
31795230,0
31958817,0
31959183,0
32794873,0
32795239,0
32958870,0
32959236,0
33794884,0
33795250,0
33958940,0
33959307,0
34794892,0
34795258,0
34958870,0
34959237,0
35794904,0
35795271,0
35959003,0
35959369,0
36794914,0
36795281,0
36958992,0
36959359,0
37794920,0
37795287,0
37958897,0
37959263,0
38794932,0
38795299,0
38959059,0
38959425,0
39794942,0
39795308,0
39958909,0
39959276,0
40794950,0
40795316,0
40958927,0
40959293,0
41794960,0
41795326,0
41959113,0
41959479,0
42794969,0
42795336,0
42958951,0
42959317,0
43794978,0
43795345,0
43958970,0
43959337,0
44794989,0
44795355,0
44959027,0
44959393,0
45794997,0
45795363,0
45958986,0
45959352,0
46795008,0
46795375,0
46959017,0
46959383,0
47795019,0
47795385,0
47958994,0
47959361,0
48795029,0
48795395,0
48959042,0
48959408,0
49795039,0
49795405,0
49959499,0
49959865,0
50794697,0
50795048,0
50958336,0
50958687,0
51794705,0
51795055,0
51958337,0
51958688,0
52794717,0
52795067,0
52958485,0
52958836,0
53794724,0
53795075,0
53958336,0
53958687,0
54794734,0
54795085,0
54958363,0
54958714,0
55794747,0
55795098,0
55958639,0
55958990,0
56794755,0
56795106,0
56958342,0
56958693,0
57794764,0
57795115,0
57958385,0
57958736,0
58794773,0
58795124,0
58958377,0
58958728,0
PMU buffer 0
3794851,519329994
4794601,344615623
4794968,18446744073038432247
4795333,548684
4958971,245457045
4959338,549376
5794611,433439222
5794977,18446744073546056909
5958889,245868730
5959255,548931
6794619,18446744073635508560
6794985,343427452
6958608,245435512
6958974,548973
7794628,18446744073129007515
7794994,849936364
7958622,245442162
7958988,549083
8794640,18446744072622503052
8795006,1356445366
8958634,245441438
8959000,549159
9794651,18446744072115985338
9795016,1862953809
9958617,245400724
9958983,549173
10794660,18446744071609519402
10795026,2369417746
10958663,245455654
10959029,548913
11794672,18446744071103006381
11795038,2875923031
11958595,245335564
11958961,549121
12794679,18446744070596607358
12795045,3382319472
12958680,245451526
12959046,549243
13794692,18446744070090109020
13795058,3888820577
13958734,245514512
13959100,549031
14794701,18446744069583669114
14795067,4395261158
14958670,245404290
14959036,549215
15794710,18446744069077333572
15795076,4901591672
15958667,245386868
15959033,548879
16794723,18446744068571032880
16795089,5407905263
16958895,245707566
16959260,548849
17794731,18446744068064390014
17795097,5914539994
17958726,245442178
17959092,549093
18794739,18446744067558018437
18795105,6420909570
18958721,245424088
18959087,549065
19794751,18446744067051680163
19795117,6927252044
19958917,245700234
19959283,548879
20794759,18446744066545051384
20795125,7433881079
20958739,245421754
20959105,548971
21794767,18446744066038686866
21795133,7940254073
21958731,245396668
21959097,548937
22794780,18446744065532350074
22795146,8446599882
22958950,245706654
22959316,548821
23794787,18446744065025683446
23795153,8953256672
23958795,245462260
23959161,549183
24794798,18446744064519279656
24795163,9459655851
24958786,245433686
24959152,549151
25794805,18446744064012905622
25795171,9966032614
25958908,245604270
25959273,548903
26794812,18446744063506354489
26795178,10472580383
26958791,245419710
26959157,548789
27794821,18446744062999797665
27795187,10979143518
27958763,245363804
27959128,548731
28794832,18446744062493490073
28795198,11485443534
28958813,245421846
28959179,549093
29794843,18446744061987126776
29795209,11991804458
29958791,245373168
29959157,549045
30794854,18446744061480822087
30795220,12498117575
30958961,245611626
30959327,549063
31794864,18446744060974269182
31795231,13004662521
31958817,245379586
31959183,549215
32794873,18446744060467950611
32795240,13510982116
32958870,245446328
32959236,549065
33794884,18446744059961566617
33795250,14017368998
33958941,245536142
33959307,549061
34794892,18446744059455088405
34795258,14523841973
34958871,245418542
34959237,549175
35794904,18446744058948736138
35795271,15030201572
35959003,245598794
35959369,549329
36794915,18446744058442205719
36795281,15536729334
36958993,245567688
36959359,549031
37794920,18446744057935691320
37795287,16043239867
37958897,245416178
37959263,548941
38794933,18446744057429346995
38795299,16549587413
38959060,245641048
38959426,548973
39794943,18446744056922767433
39795308,17056166057
39958910,245401898
39959276,548973
40794951,18446744056416417741
40795317,17562509914
40958927,245416142
40959293,548949
41794960,18446744055910074535
41795326,18068866395
41959113,245679624
41959479,549063
42794970,18446744055403449130
42795336,18575483188
42958951,245422994
42959317,549117
43794979,18446744054897082415
43795345,19081854695
43958971,245438900
43959337,549213
44794989,18446744054390706011
44795355,19588234197
44959027,245507718
44959393,548879
45794997,18446744053884252510
45795363,20094680109
45958986,245434320
45959352,548851
46795009,18446744053377881029
46795375,20601052763
46959017,245462946
46959383,548995
47795020,18446744052871484290
47795386,21107452557
47958995,245413576
47959361,549089
48795029,18446744052365122045
48795396,21613809784
48959042,245470120
48959408,548821
49795040,18446744051858716179
49795406,22120222902
49959500,246140886
49959865,548727
50794697,18446744051349261065
50795048,22629103856
50958336,244932948
50958687,525657
51794705,18446744050840819930
51795056,23137515330
51958338,244923060
51958688,525791
52794717,18446744050332427796
52795068,23645917713
52958485,245126914
52958836,525747
53794724,18446744049823806313
53795075,24154531760
53958336,244891508
53958687,525947
54794735,18446744049315435546
54795085,24662899876
54958364,244917908
54958714,525689
55794748,18446744048807048107
55795098,25171297110
55958639,245311844
55958990,525915
56794756,18446744048298246826
56795106,25680084034
56958343,244854686
56958693,525819
57794764,18446744047789913386
57795115,26188426506
57958385,244906004
57958736,526207
58794774,18446744047281529722
58795124,26696812765
58958378,244879992
58958728,525725
PMU buffer 1
3794852,18134987
4794601,2670675
4794968,176927635
4795333,9740
4958972,162872326
4959338,9506
5794611,18446744073370137516
5794977,606374095
5958889,162872370
5959255,9492
6794619,18446744072940701166
6794985,1035801386
6958608,162872366
6958974,9297
7794628,18446744072511273780
7794994,1465228987
7958622,162872986
7958988,9297
8794641,18446744072081845416
8795006,1894657335
8958634,162872366
8959000,9297
9794651,18446744071652419367
9795017,2324083405
9958617,162872359
9958983,9290
10794660,18446744071222992127
10795026,2753510645
10958663,162872366
10959029,9290
11794672,18446744070793564548
11795038,3182938175
11958595,162872359
11958961,9290
12794680,18446744070364136848
12795046,3612365910
12958680,162872366
12959046,9304
13794692,18446744069934709266
13795058,4041793492
13958734,162872366
13959100,9304
14794702,18446744069505282554
14795067,4471220315
14958670,162872359
14959036,9304
15794711,18446744069075855584
15795076,4900647160
15958667,162872359
15959033,9297
16794724,18446744068646428920
16795090,5330073845
16958895,162872366
16959260,9297
17794732,18446744068217002208
17795098,5759500571
17958726,162872366
17959092,9290
18794739,18446744067787575329
18795105,6188927485
18958721,162872359
18959087,9290
19794751,18446744067358148596
19795117,6618354169
19958917,162872366
19959283,9297
20794759,18446744066928724427
20795125,7047778324
20958739,162872359
20959105,9304
21794768,18446744066499297732
21795133,7477205026
21958731,162872359
21959097,9290
22794780,18446744066069870904
22795146,7906631840
22958950,162872366
22959316,9297
23794788,18446744065640444210
23795153,8336058557
23958795,162872366
23959161,9297
24794798,18446744065211017788
24795164,8765485066
24958786,162872359
24959152,9297
25794806,18446744064781590851
25795171,9194911914
25958908,162872366
25959273,9290
26794813,18446744064352165049
26795178,9624337702
26958792,162872359
26959157,9290
27794821,18446744063922737555
27795187,10053765203
27958763,162872359
27959128,9283
28794833,18446744063493310708
28795198,10483192071
28958813,162872359
28959179,9290
29794843,18446744063063883987
29795209,10912618771
29958791,162872359
29959157,9297
30794854,18446744062634457306
30795220,11342045438
30958961,162872366
30959327,9290
31794865,18446744062205030952
31795231,11771471813
31958817,162872359
31959183,9297
32794874,18446744061775604093
32795240,12200898672
32958870,162872359
32959236,9290
33794885,18446744061346177412
33795250,12630325339
33958941,162872366
33959307,9297
34794892,18446744060916751392
34795258,13059751366
34958871,162872359
34959237,9297
35794905,18446744060487324559
35795271,13489178213
35959003,162872366
35959369,9304
36794915,18446744060057897849
36795281,13918604909
36958993,162872366
36959359,9297
37794921,18446744059628471149
37795287,14348031637
37958898,162872359
37959263,9297
38794933,18446744059199044285
38795299,14777458550
38959060,162872366
38959426,9297
39794943,18446744058769617499
39795309,15206885273
39958910,162872359
39959276,9304
40794951,18446744058340190782
40795317,15636311983
40958927,162872359
40959293,9297
41794961,18446744057910764441
41795327,16065738324
41959113,162872366
41959479,9304
42794970,18446744057481337567
42795336,16495165205
42958951,162872359
42959317,9304
43794979,18446744057051911318
43795345,16924592532
43958971,162872359
43959337,9304
44794990,18446744056622483978
44795355,17354018766
44959027,162872359
44959393,9290
45794998,18446744056193057143
45795363,17783445615
45958986,162872359
45959352,9297
46795009,18446744055763631104
46795375,18212871640
46959017,162872359
46959383,9297
47795020,18446744055334204437
47795386,18642298328
47958995,162872359
47959361,9290
48795030,18446744054904777579
48795396,19071725275
48959042,162872359
48959408,9297
49795040,18446744054475350802
49795406,19501151956
49959500,162872370
49959865,9765
50794697,18446744054045887475
50795048,19930606250
50958336,162864051
50958687,8947
51794705,18446744053616430202
51795056,20360063588
51958338,162864051
51958688,8933
52794717,18446744053186972364
52795068,20789521419
52958486,162864051
52958836,9135
53794725,18446744052757514472
53795075,21218979112
53958336,162864051
53958687,8940
54794735,18446744052328056974
54795085,21648436899
54958364,162864051
54958714,8933
55794748,18446744051898599057
55795098,22077894719
55958640,162864051
55958990,9135
56794756,18446744051469141172
56795106,22507352377
56958343,162864051
56958693,8933
57794765,18446744051039683719
57795115,22936810064
57958386,162864051
57958736,8940
58794774,18446744050610225882
58795125,23366267915
58958378,162864051
58958728,8933
PMU buffer 2
3794852,10169
4794601,1310
4794968,10737406762
4795333,0
4958972,0
4959338,0
5794611,18446744062972144881
5794977,10737406735
5958889,0
5959255,0
6794619,18446744062972144921
6794985,10737406695
6958609,0
6958974,0
7794629,18446744062972144945
7794994,10737406671
7958622,0
7958988,0
8794641,18446744062972144970
8795006,10737406646
8958634,0
8959000,0
9794651,18446744062972145022
9795017,10737406594
9958617,0
9958983,0
10794660,18446744062972145068
10795026,10737406548
10958663,0
10959029,0
11794673,18446744062972145112
11795038,10737406504
11958595,0
11958961,0
12794680,18446744062972145147
12795046,10737406469
12958680,0
12959046,0
13794692,18446744062972145188
13795058,10737406428
13958735,0
13959100,0
14794702,18446744062972145230
14795067,10737406386
14958671,0
14959036,0
15794711,18446744062972145271
15795076,10737406345
15958668,0
15959033,0
16794724,18446744062972145313
16795090,10737406303
16958895,0
16959261,0
17794732,18446744062972145352
17795098,10737406264
17958726,0
17959092,0
18794740,18446744062972145389
18795105,10737406227
18958721,0
18959087,0
19794752,18446744062972145433
19795117,10737406183
19958917,0
19959283,0
20794759,18446744062972145826
20795125,10737405790
20958740,0
20959106,0
21794768,18446744062972145866
21795134,10737405750
21958731,0
21959097,0
22794781,18446744062972145908
22795146,10737405708
22958950,0
22959316,0
23794788,18446744062972145974
23795153,10737405642
23958795,0
23959161,0
24794798,18446744062972146071
24795164,10737405545
24958786,0
24959152,0
25794806,18446744062972146121
25795172,10737405495
25958908,0
25959274,0
26794813,18446744062972146194
26795178,10737405422
26958792,0
26959157,0
27794821,18446744062972146301
27795187,10737405315
27958763,0
27959129,0
28794833,18446744062972146360
28795199,10737405256
28958813,0
28959179,0
29794843,18446744062972146408
29795209,10737405208
29958791,0
29959157,0
30794855,18446744062972146468
30795220,10737405148
30958961,0
30959327,0
31794865,18446744062972146527
31795231,10737405089
31958817,0
31959183,0
32794874,18446744062972146576
32795240,10737405040
32958871,0
32959237,0
33794885,18446744062972146623
33795250,10737404993
33958941,0
33959307,0
34794893,18446744062972146679
34795258,10737404937
34958871,0
34959237,0
35794905,18446744062972146723
35795271,10737404893
35959004,0
35959370,0
36794916,18446744062972146779
36795281,10737404837
36958993,0
36959359,0
37794921,18446744062972146828
37795287,10737404788
37958898,0
37959264,0
38794934,18446744062972146875
38795299,10737404741
38959060,0
38959426,0
39794943,18446744062972146925
39795309,10737404691
39958910,0
39959276,0
40794951,18446744062972146979
40795317,10737404637
40958928,0
40959294,0
41794961,18446744062972147035
41795327,10737404581
41959113,0
41959479,0
42794971,18446744062972147079
42795336,10737404537
42958951,0
42959317,0
43794979,18446744062972147147
43795345,10737404469
43958971,0
43959337,0
44794990,18446744062972147204
44795356,10737404412
44959028,0
44959393,0
45794998,18446744062972147255
45795363,10737404361
45958986,0
45959352,0
46795009,18446744062972147322
46795375,10737404294
46959017,0
46959383,0
47795020,18446744062972147374
47795386,10737404242
47958995,0
47959361,0
48795030,18446744062972147432
48795396,10737404184
48959043,0
48959408,0
49795040,18446744062972147493
49795406,10737404123
49959500,0
49959866,0
50794698,18446744062972147534
50795048,10737404082
50958337,0
50958687,0
51794706,18446744062972147584
51795056,10737404032
51958338,0
51958688,0
52794718,18446744062972147619
52795068,10737403997
52958486,0
52958836,0
53794725,18446744062972147658
53795075,10737403958
53958337,0
53958687,0
54794735,18446744062972147699
54795085,10737403917
54958364,0
54958714,0
55794748,18446744062972147731
55795098,10737403885
55958640,0
55958990,0
56794756,18446744062972147771
56795106,10737403845
56958343,0
56958693,0
57794765,18446744062972147802
57795115,10737403814
57958386,0
57958737,0
58794775,18446744062972147836
58795125,10737403780
58958378,0
58958728,0
PMU buffer 3
3794852,858941
4794602,764464
4794968,671595160
4795334,0
4958972,0
4959338,0
5794612,18446744073037982133
5794977,671569483
5958890,0
5959255,0
6794620,18446744073038007743
6794985,671543873
6958609,0
6958975,0
7794629,18446744073038033383
7794994,671518233
7958623,0
7958988,0
8794641,18446744073038059057
8795007,671492559
8958634,0
8959000,0
9794652,18446744073038084696
9795017,671466920
9958618,0
9958983,0
10794661,18446744073038110296
10795026,671441320
10958663,0
10959029,0
11794673,18446744073038135910
11795038,671415706
11958596,0
11958961,0
12794680,18446744073038161478
12795046,671390138
12958680,0
12959046,0
13794693,18446744073038187121
13795058,671364495
13958735,0
13959100,0
14794702,18446744073038213016
14795068,671338600
14958671,0
14959037,0
15794711,18446744073038238886
15795076,671312730
15958668,0
15959033,0
16794724,18446744073038264827
16795090,671286789
16958895,0
16959261,0
17794732,18446744073038290723
17795098,671260893
17958726,0
17959092,0
18794740,18446744073038316620
18795105,671234996
18958721,0
18959087,0
19794752,18446744073038342594
19795117,671209022
19958917,0
19959283,0
20794760,18446744073038368355
20795125,671183261
20958740,0
20959106,0
21794768,18446744073038393957
21795134,671157659
21958731,0
21959097,0
22794781,18446744073038419600
22795146,671132016
22958951,0
22959316,0
23794788,18446744073038445221
23795154,671106395
23958795,0
23959161,0
24794798,18446744073038470664
24795164,671080952
24958786,0
24959152,0
25794806,18446744073038496132
25795172,671055484
25958908,0
25959274,0
26794813,18446744073038521868
26795179,671029748
26958792,0
26959157,0
27794822,18446744073038547039
27795187,671004577
27958763,0
27959129,0
28794833,18446744073038572596
28795199,670979020
28958813,0
28959179,0
29794843,18446744073038598060
29795209,670953556
29958791,0
29959157,0
30794855,18446744073038623516
30795220,670928100
30958961,0
30959327,0
31794866,18446744073038649044
31795231,670902572
31958817,0
31959183,0
32794875,18446744073038674493
32795240,670877123
32958871,0
32959237,0
33794885,18446744073038699932
33795250,670851684
33958941,0
33959307,0
34794893,18446744073038725497
34795259,670826119
34958871,0
34959237,0
35794905,18446744073038750944
35795271,670800672
35959004,0
35959370,0
36794916,18446744073038776525
36795281,670775091
36958993,0
36959359,0
37794921,18446744073038802077
37795287,670749539
37958898,0
37959264,0
38794934,18446744073038827538
38795299,670724078
38959060,0
38959426,0
39794944,18446744073038853089
39795309,670698527
39958910,0
39959276,0
40794952,18446744073038878530
40795317,670673086
40958928,0
40959294,0
41794961,18446744073038904003
41795327,670647613
41959113,0
41959479,0
42794971,18446744073038929557
42795336,670622059
42958951,0
42959317,0
43794980,18446744073038955175
43795345,670596441
43958971,0
43959337,0
44794990,18446744073038980639
44795356,670570977
44959028,0
44959393,0
45794998,18446744073039006209
45795364,670545407
45958986,0
45959352,0
46795010,18446744073039031673
46795375,670519943
46959017,0
46959383,0
47795020,18446744073039057132
47795386,670494484
47958995,0
47959361,0
48795030,18446744073039082663
48795396,670468953
48959043,0
48959408,0
49795041,18446744073039108100
49795406,670443516
49959500,0
49959866,0
50794698,18446744073039128465
50795048,670423151
50958337,0
50958687,0
51794706,18446744073039147117
51795056,670404499
51958338,0
51958688,0
52794718,18446744073039165763
52795068,670385853
52958486,0
52958836,0
53794725,18446744073039184321
53795076,670367295
53958337,0
53958687,0
54794736,18446744073039202969
54795085,670348647
54958364,0
54958714,0
55794749,18446744073039221593
55795099,670330023
55958640,0
55958990,0
56794757,18446744073039240184
56795107,670311432
56958343,0
56958693,0
57794765,18446744073039258659
57795115,670292957
57958386,0
57958737,0
58794775,18446744073039277273
58795125,670274343
58958378,0
58958728,0
PMU buffer 4
3794852,5988
4794602,8914
4794968,21
4795334,22
4958972,2118
4959338,6
5794612,9034
5794977,76
5958890,2371
5959255,6
6794620,8886
6794985,17
6958609,2324
6958975,0
7794629,8921
7794995,20
7958623,2267
7958989,0
8794642,9100
8795007,20
8958634,2153
8959000,1
9794652,8885
9795017,20
9958618,2054
9958983,0
10794661,8927
10795026,18
10958663,2185
10959029,0
11794674,9100
11795038,16
11958596,1859
11958961,0
12794681,8886
12795046,25
12958680,2157
12959046,0
13794693,9110
13795058,18
13958735,1992
13959100,0
14794703,8959
14795068,19
14958671,2190
14959037,0
15794712,8832
15795076,23
15958668,2091
15959033,0
16794725,9015
16795090,20
16958895,2066
16959261,0
17794733,8883
17795098,22
17958726,2094
17959092,0
18794740,8837
18795106,25
18958722,2128
18959087,0
19794752,8984
19795117,18
19958917,2461
19959283,0
20794760,8912
20795125,19
20958740,2041
20959106,0
21794769,8829
21795134,18
21958732,1921
21959097,0
22794781,8954
22795146,17
22958951,3042
22959316,1
23794789,8831
23795154,23
23958796,1967
23959161,0
24794799,8953
24795164,17
24958787,1558
24959152,0
25794807,8904
25795172,21
25958908,2531
25959274,1
26794814,8849
26795179,22
26958792,1901
26959157,0
27794822,9027
27795187,21
27958764,1656
27959129,0
28794834,8843
28795199,21
28958814,1999
28959179,0
29794844,8720
29795209,22
29958791,1939
29959157,0
30794855,9004
30795220,21
30958962,1804
30959327,0
31794866,8776
31795231,19
31958818,1936
31959183,0
32794875,8731
32795240,22
32958871,2000
32959237,0
33794885,8965
33795251,23
33958942,1662
33959307,0
34794893,8846
34795259,22
34958871,1929
34959237,0
35794906,8852
35795271,21
35959004,1706
35959370,0
36794916,8922
36795281,22
36958993,2193
36959359,0
37794922,8757
37795287,20
37958898,1931
37959264,0
38794934,8931
38795299,26
38959060,2116
38959426,0
39794944,8929
39795309,23
39958910,1864
39959276,0
40794952,8727
40795317,25
40958928,1977
40959294,0
41794962,8918
41795327,23
41959113,1998
41959479,0
42794971,8806
42795336,21
42958952,1906
42959317,0
43794980,8713
43795345,22
43958971,1951
43959337,0
44794991,8960
44795356,22
44959028,1624
44959393,0
45794999,8868
45795364,21
45958987,1950
45959352,0
46795010,8894
46795375,21
46959017,1986
46959383,0
47795021,8968
47795386,21
47958996,1642
47959361,0
48795031,8800
48795396,32
48959043,2015
48959408,1
49795041,9029
49795406,20
49959500,1844
49959866,6
50794698,8881
50795048,19
50958337,1965
50958687,0
51794706,8861
51795056,21
51958338,1956
51958688,0
52794718,9029
52795068,52
52958486,1886
52958836,5
53794725,8733
53795076,23
53958337,1935
53958687,0
54794736,8943
54795086,23
54958365,1917
54958714,0
55794749,8890
55795099,24
55958640,1911
55958990,5
56794757,8710
56795107,22
56958343,1921
56958693,0
57794766,8867
57795115,25
57958386,1937
57958737,0
58794775,8953
58795125,20
58958379,1724
58958729,0
PMU buffer 5
3794852,188
4794602,38
4794968,7
4795334,5
4958972,15
4959338,0
5794612,25
5794977,1
5958890,0
5959255,0
6794620,5
6794985,0
6958609,1
6958975,0
7794629,8
7794995,0
7958623,0
7958989,0
8794642,8
8795007,0
8958635,0
8959000,0
9794652,11
9795017,0
9958618,0
9958983,0
10794661,12
10795026,2
10958664,2
10959029,0
11794674,12
11795039,1
11958596,1
11958961,0
12794681,9
12795046,0
12958681,1
12959046,0
13794693,13
13795058,1
13958735,0
13959100,0
14794703,14
14795068,2
14958671,0
14959037,0
15794712,6
15795077,0
15958668,1
15959033,0
16794725,5
16795090,1
16958896,1
16959261,0
17794733,7
17795098,1
17958727,0
17959092,0
18794741,8
18795106,0
18958722,1
18959087,0
19794752,11
19795117,0
19958918,0
19959283,0
20794760,9
20795125,0
20958740,1
20959106,0
21794769,7
21795134,0
21958732,0
21959097,0
22794781,13
22795146,0
22958951,0
22959316,0
23794789,9
23795154,0
23958796,1
23959161,0
24794799,9
24795164,1
24958787,0
24959152,0
25794807,8
25795172,1
25958909,2
25959274,0
26794814,10
26795179,0
26958792,0
26959158,0
27794822,12
27795187,0
27958764,0
27959129,0
28794834,10
28795199,0
28958814,1
28959179,0
29794844,10
29795209,0
29958791,0
29959157,0
30794855,13
30795220,0
30958962,1
30959327,0
31794866,7
31795231,1
31958818,1
31959183,0
32794875,4
32795240,0
32958872,0
32959237,0
33794886,10
33795251,0
33958942,0
33959307,0
34794894,8
34795259,1
34958872,1
34959237,0
35794906,10
35795271,0
35959004,2
35959370,0
36794916,12
36795281,0
36958994,0
36959359,0
37794922,8
37795287,0
37958898,0
37959264,0
38794934,13
38795299,1
38959060,0
38959426,0
39794944,10
39795309,0
39958910,1
39959276,0
40794952,9
40795317,0
40958928,1
40959294,0
41794962,10
41795327,1
41959113,3
41959479,0
42794971,10
42795336,1
42958952,0
42959318,0
43794980,7
43795345,0
43958971,0
43959337,0
44794991,10
44795356,1
44959028,0
44959393,0
45794999,11
45795364,1
45958987,0
45959352,0
46795010,11
46795375,0
46959018,0
46959383,0
47795021,11
47795386,0
47958996,0
47959361,0
48795031,5
48795396,1
48959043,1
48959409,0
49795041,9
49795406,1
49959501,0
49959866,0
50794698,6
50795048,1
50958337,0
50958687,0
51794707,9
51795056,0
51958339,0
51958689,0
52794719,8
52795068,0
52958487,1
52958836,0
53794726,5
53795076,0
53958337,2
53958687,0
54794736,8
54795086,1
54958365,1
54958714,0
55794749,9
55795099,1
55958641,0
55958990,0
56794757,9
56795107,2
56958344,0
56958694,0
57794766,7
57795115,0
57958387,0
57958737,0
58794775,8
58795125,1
58958379,0
58958729,0
PMU buffer 6
3794852,42389
4794603,17141
4794968,38
4795334,17
4958973,21507
4959338,3
5794612,29507
5794977,253
5958890,23740
5959255,10
6794621,30401
6794985,47
6958609,21441
6958975,5
7794630,30210
7794995,39
7958624,21431
7958989,3
8794642,30513
8795007,34
8958635,22725
8959000,6
9794652,30369
9795017,41
9958618,21320
9958983,5
10794661,30522
10795026,41
10958664,21406
10959029,6
11794674,30478
11795039,27
11958597,21786
11958961,4
12794681,30418
12795046,42
12958681,21409
12959046,5
13794693,30514
13795059,27
13958735,21975
13959100,3
14794703,30326
14795068,41
14958671,21327
14959037,5
15794712,30426
15795077,44
15958668,21042
15959033,4
16794725,30200
16795090,107
16958896,22781
16959261,3
17794733,30442
17795098,37
17958727,21286
17959092,6
18794741,30370
18795106,41
18958722,21358
18959087,6
19794753,30511
19795118,28
19958918,22484
19959283,4
20794761,30479
20795126,40
20958740,21354
20959106,3
21794769,30260
21795134,45
21958732,21410
21959097,6
22794782,30493
22795147,30
22958951,22293
22959316,4
23794789,30334
23795154,38
23958796,21352
23959161,5
24794799,30640
24795164,25
24958787,21843
24959152,5
25794807,30580
25795172,27
25958909,21545
25959274,4
26794814,30312
26795179,44
26958793,21254
26959158,6
27794823,30459
27795188,42
27958764,22531
27959129,5
28794834,30466
28795199,39
28958814,21271
28959179,6
29794844,30304
29795209,41
29958792,21004
29959157,6
30794856,30311
30795221,45
30958962,22959
30959327,6
31794866,30566
31795231,37
31958818,21156
31959183,4
32794875,30537
32795240,40
32958872,21474
32959237,6
33794886,30524
33795251,42
33958942,22559
33959307,4
34794894,30304
34795259,40
34958872,21136
34959237,4
35794906,30598
35795271,24
35959004,21528
35959370,4
36794917,30503
36795282,28
36958994,21901
36959359,5
37794922,30322
37795287,37
37958899,21094
37959264,5
38794935,30579
38795300,24
38959061,21788
38959426,6
39794944,30494
39795309,42
39958911,21089
39959276,4
40794953,30326
40795317,40
40958928,21253
40959294,5
41794962,30205
41795327,96
41959114,22763
41959479,6
42794972,30499
42795337,42
42958952,21230
42959318,5
43794980,30490
43795345,40
43958971,21423
43959337,5
44794991,30457
44795356,37
44959029,22649
44959393,5
45794999,30442
45795364,43
45958987,21352
45959352,5
46795011,30595
46795376,43
46959018,21484
46959383,6
47795021,30492
47795386,27
47958996,21972
47959361,4
48795031,30405
48795396,42
48959043,21339
48959409,5
49795042,30604
49795406,23
49959501,22144
49959866,11
50794699,30497
50795049,45
50958337,21305
50958687,4
51794707,30336
51795057,42
51958339,21271
51958689,6
52794719,29581
52795068,342
52958487,23339
52958836,5
53794726,30287
53795076,44
53958337,21239
53958687,5
54794737,30474
54795086,47
54958365,21428
54958714,6
55794750,30242
55795099,80
55958641,23276
55958991,6
56794758,30338
56795107,40
56958344,21108
56958694,6
57794766,30436
57795116,38
57958387,21512
57958737,4
58794776,30510
58795125,27
58958379,21628
58958729,5
PMU buffer 7
3794852,23174
4794603,102886
4794968,96
4795334,53
4958973,31099
4959338,5
5794613,141420
5794977,539
5958891,34179
5959256,14
6794621,136451
6794985,67
6958609,30869
6958975,6
7794630,134770
7794995,58
7958624,30807
7958989,4
8794642,142000
8795007,65
8958635,32416
8959000,6
9794653,133996
9795017,66
9958619,30771
9958984,5
10794662,138359
10795026,65
10958664,31072
10959029,6
11794674,140543
11795039,51
11958597,31376
11958962,4
12794681,134743
12795046,64
12958681,30871
12959047,5
13794694,141151
13795059,45
13958735,31590
13959101,4
14794703,139243
14795068,60
14958671,30801
14959037,5
15794713,134377
15795077,66
15958668,30402
15959034,5
16794726,142619
16795090,132
16958896,33087
16959261,4
17794733,136637
17795098,61
17958727,30725
17959092,6
18794741,134203
18795106,61
18958722,30914
18959088,6
19794753,142150
19795118,44
19958918,32198
19959283,5
20794761,136184
20795126,60
20958741,30837
20959106,4
21794770,137029
21795134,66
21958733,30843
21959098,6
22794782,142515
22795147,51
22958951,32018
22959317,5
23794789,132313
23795154,58
23958796,30796
23959161,6
24794800,140983
24795164,46
24958787,31409
24959153,6
25794808,140966
25795172,48
25958909,31099
25959274,5
26794814,133873
26795179,63
26958793,30804
26959158,6
27794823,142538
27795188,67
27958764,32049
27959129,5
28794834,138592
28795199,60
28958814,30660
28959180,6
29794845,133653
29795209,58
29958792,30411
29959157,6
30794856,142654
30795221,80
30958962,32600
30959327,6
31794867,136344
31795231,60
31958818,30520
31959184,5
32794876,136750
32795240,57
32958872,31086
32959237,6
33794886,143465
33795251,72
33958942,32352
33959307,5
34794894,132794
34795259,61
34958872,30585
34959237,5
35794907,141432
35795272,40
35959004,31105
35959370,5
36794917,140281
36795282,52
36958994,31395
36959359,6
37794922,133927
37795288,57
37958899,30367
37959264,6
38794935,141302
38795300,42
38959061,31769
38959426,6
39794945,139849
39795309,62
39958911,30576
39959276,4
40794953,134832
40795317,60
40958928,30722
40959294,6
41794962,142675
41795327,116
41959114,33023
41959479,6
42794972,136560
42795337,67
42958952,30676
42959318,6
43794981,134591
43795346,64
43958972,30912
43959337,6
44794991,143087
44795356,60
44959029,32375
44959394,6
45795000,133715
45795364,63
45958987,30682
45959353,5
46795011,140238
46795376,69
46959018,31009
46959383,6
47795022,141004
47795386,46
47958996,31345
47959361,5
48795032,132757
48795396,63
48959044,30769
48959409,5
49795042,142971
49795406,44
49959501,31972
49959866,17
50794699,139643
50795049,65
50958337,30873
50958687,4
51794707,135137
51795057,63
51958339,30930
51958689,6
52794719,143437
52795068,571
52958487,33616
52958837,6
53794726,136036
53795076,64
53958338,30731
53958687,5
54794737,135813
54795086,67
54958365,30884
54958715,6
55794750,142898
55795099,108
55958641,33373
55958991,6
56794758,134305
56795107,62
56958344,30441
56958694,6
57794766,138615
57795116,63
57958387,30985
57958737,5
58794776,140102
58795125,47
58958379,31190
58958729,5
PMU buffer 8
3794852,21851
4794603,98392
4794969,83
4795334,50
4958973,26819
4959338,4
5794613,132616
5794978,496
5958891,29633
5959256,11
6794621,128252
6794986,55
6958610,26807
6958975,5
7794630,125992
7794995,47
7958624,26687
7958989,3
8794643,133145
8795007,53
8958635,28230
8959000,5
9794653,125564
9795017,54
9958619,26676
9958984,1
10794662,129504
10795027,54
10958664,26835
10959029,4
11794675,131715
11795039,43
11958597,27135
11958962,3
12794682,126132
12795046,54
12958681,26691
12959047,4
13794694,132342
13795059,39
13958735,27380
13959101,3
14794704,130774
14795068,53
14958671,26726
14959037,4
15794713,125615
15795077,56
15958669,26299
15959034,3
16794726,133766
16795090,113
16958896,28809
16959261,2
17794734,128367
17795098,51
17958727,26523
17959092,4
18794741,125482
18795106,54
18958723,26744
18959088,5
19794753,133312
19795118,40
19958918,27967
19959283,2
20794761,127662
20795126,50
20958741,26767
20959106,2
21794770,128246
21795134,60
21958733,26716
21959098,5
22794782,133747
22795147,46
22958952,27832
22959317,4
23794790,123833
23795154,45
23958796,26647
23959161,5
24794800,132260
24795164,38
24958787,27278
24959153,5
25794808,132239
25795172,42
25958909,26937
25959274,4
26794815,125249
26795179,56
26958793,26712
26959158,5
27794823,133632
27795188,60
27958764,27847
27959129,3
28794835,130173
28795199,49
28958815,26567
28959180,5
29794845,124931
29795210,46
29958792,26363
29959157,3
30794856,133855
30795221,69
30958963,28346
30959327,5
31794867,127891
31795232,49
31958818,26412
31959184,3
32794876,127932
32795240,48
32958872,26938
32959237,4
33794887,134577
33795251,62
33958942,28141
33959307,3
34794895,124357
34795259,47
34958872,26483
34959237,3
35794907,132584
35795272,34
35959005,27039
35959370,4
36794917,131632
36795282,42
36958994,27195
36959359,4
37794923,125260
37795288,48
37958899,26266
37959264,4
38794935,132568
38795300,35
38959061,27525
38959426,4
39794945,131314
39795309,52
39958911,26466
39959276,3
40794953,126033
40795318,55
40958929,26563
40959294,5
41794963,133954
41795327,104
41959114,28752
41959480,4
42794972,128228
42795337,57
42958952,26532
42959318,4
43794981,125751
43795346,51
43958972,26844
43959337,3
44794992,134334
44795356,50
44959029,28215
44959394,5
45795000,125225
45795364,53
45958988,26510
45959353,4
46795011,131386
46795376,61
46959018,26899
46959383,5
47795022,132153
47795386,36
47958996,27307
47959361,4
48795032,124144
48795396,59
48959044,26640
48959409,4
49795042,134143
49795407,35
49959501,27645
49959866,14
50794699,131100
50795049,56
50958338,26691
50958688,3
51794708,126334
51795057,53
51958339,26727
51958689,5
52794719,134716
52795068,512
52958487,29229
52958837,5
53794727,127723
53795076,57
53958338,26606
53958687,4
54794737,126998
54795086,58
54958365,26726
54958715,4
55794750,134173
55795099,96
55958641,28993
55958991,5
56794758,126059
56795107,56
56958344,26267
56958694,4
57794767,129948
57795116,54
57958387,26879
57958737,2
58794776,131324
58795125,42
58958380,27058
58958729,3
PMU buffer 9
3794852,3905
4794604,5354
4794969,22
4795334,20
4958973,4360
4959338,5
5794613,4878
5794978,20
5958891,14801
5959256,5
6794621,4929
6794986,17
6958610,1065
6958975,1
7794631,5001
7794995,17
7958624,1087
7958989,1
8794643,4986
8795007,21
8958635,916
8959000,1
9794653,4873
9795018,19
9958619,887
9958984,0
10794662,5035
10795027,18
10958665,932
10959029,0
11794675,5016
11795039,16
11958597,2424
11958962,0
12794682,5052
12795047,18
12958681,937
12959047,0
13794694,5009
13795059,19
13958736,873
13959101,0
14794704,5018
14795068,20
14958672,885
14959037,0
15794713,5001
15795077,23
15958669,910
15959034,0
16794726,4952
16795091,20
16958896,1015
16959261,0
17794734,4980
17795099,17
17958728,980
17959092,0
18794742,4985
18795106,20
18958723,967
18959088,0
19794753,5011
19795118,22
19958918,6604
19959283,0
20794762,5068
20795126,18
20958741,769
20959106,0
21794770,4967
21795134,17
21958733,836
21959098,0
22794783,4965
22795147,21
22958952,6859
22959317,0
23794790,4999
23795154,19
23958797,736
23959162,0
24794800,4813
24795164,20
24958788,2825
24959153,0
25794808,4814
25795173,21
25958909,4663
25959274,0
26794815,4834
26795179,18
26958793,749
26959158,0
27794824,4790
27795188,21
27958765,2333
27959129,0
28794835,4859
28795199,21
28958815,769
28959180,0
29794845,4837
29795210,17
29958792,761
29959157,0
30794857,4789
30795221,24
30958963,585
30959327,0
31794867,4835
31795232,21
31958818,722
31959184,0
32794876,4834
32795241,19
32958872,741
32959237,0
33794887,4737
33795251,21
33958943,4012
33959307,0
34794895,4901
34795259,21
34958872,774
34959237,0
35794907,4739
35795272,20
35959005,3807
35959370,0
36794918,4795
36795282,21
36958994,3318
36959359,0
37794923,4871
37795288,17
37958899,795
37959264,0
38794936,4789
38795300,27
38959061,7527
38959426,0
39794945,4841
39795309,17
39958911,738
39959276,0
40794954,4838
40795318,22
40958929,713
40959294,0
41794963,4801
41795328,20
41959114,769
41959480,0
42794973,4878
42795337,22
42958952,729
42959318,0
43794982,4781
43795346,18
43958972,728
43959337,0
44794992,4801
44795356,21
44959029,3717
44959394,0
45795001,4895
45795364,21
45958988,726
45959353,0
46795012,4804
46795376,23
46959018,707
46959383,0
47795022,4805
47795387,19
47958997,2543
47959361,0
48795032,4855
48795397,24
48959044,755
48959409,0
49795043,4795
49795407,19
49959501,95935
49959866,3
50794700,4849
50795049,19
50958338,715
50958688,0
51794708,4902
51795057,21
51958339,713
51958689,0
52794720,4836
52795069,22
52958487,9254
52958837,3
53794727,4876
53795076,20
53958338,726
53958687,0
54794738,4864
54795086,22
54958365,750
54958715,0
55794751,4779
55795099,28
55958641,7907
55958991,3
56794758,4823
56795107,23
56958345,794
56958694,0
57794767,4820
57795116,22
57958387,706
57958737,0
58794776,4843
58795125,22
58958380,594
58958729,0
end_data
begin_data
System buffer 0
3852500,0
4852245,0
4959341,4959341
4959706,18446744073704592275
5138032,5138031
5138389,358
5959254,18446744073704413227
5959627,0
6137949,6137949
6138307,358
6959262,18446744073703413309
6959624,0
7137947,7137946
7138304,358
7959272,18446744073702413312
7959633,0
8137955,8137954
8138312,358
8959284,18446744073701413304
8959645,0
9137967,9137967
9138324,357
9959294,18446744073700413292
9959656,0
10137977,10137977
10138334,357
10959304,18446744073699413282
10959665,0
11137987,11137987
11138346,359
11959315,18446744073698413270
11959677,0
12137999,12137999
12138356,357
12959324,18446744073697413260
12959685,0
13138006,13138006
13138363,358
13959335,18446744073696413252
13959697,0
14138018,14138018
14138375,357
14959345,18446744073695413241
14959707,0
15138028,15138028
15138386,358
15959355,18446744073694413230
15959716,0
16138038,16138038
16138396,358
16959366,18446744073693413220
16959728,0
17138049,17138049
17138406,357
17959375,18446744073692413210
17959737,0
18138058,18138058
18138415,357
18959383,18446744073691413201
18959745,0
19138066,19138066
19138423,358
19959394,18446744073690413192
19959755,0
20138077,20138076
20138434,359
20959402,18446744073689413181
20959764,0
21138085,21138085
21138442,358
21959412,18446744073688413173
21959774,0
22138095,22138094
22138452,359
22959423,18446744073687413163
22959785,0
23138107,23138107
23138465,358
23959431,18446744073686413151
23959793,0
24138115,24138114
24138472,358
24959441,18446744073685413144
24959803,0
25138126,25138125
25138483,358
25959449,18446744073684413133
25959811,0
26138132,26138132
26138490,358
26959457,18446744073683413126
26959818,0
27138140,27138139
27138497,358
27959465,18446744073682413119
27959826,0
28138148,28138148
28138504,357
28959477,18446744073681413111
28959839,0
29138160,29138160
29138518,358
29959488,18446744073680413098
29959849,0
30138170,30138170
30138527,357
30959498,18446744073679413089
30959859,0
31138180,31138180
31138537,357
31959509,18446744073678413079
31959870,0
32138191,32138191
32138549,358
32959518,18446744073677413067
32959879,0
33138201,33138201
33138558,358
33959529,18446744073676413057
33959890,0
34138212,34138212
34138570,359
34959537,18446744073675413045
34959898,0
35138219,35138219
35138576,357
35959549,18446744073674413040
35959911,0
36138231,36138231
36138588,358
36959559,18446744073673413027
36959920,0
37138241,37138241
37138598,357
37959565,18446744073672413018
37959926,0
38138248,38138248
38138606,358
38959576,18446744073671413010
38959938,0
39138259,39138258
39138616,358
39959586,18446744073670413000
39959948,0
40138269,40138269
40138626,357
40959594,18446744073669412990
40959956,0
41138277,41138277
41138634,358
41959604,18446744073668412981
41959966,0
42138288,42138288
42138645,358
42959614,18446744073667412970
42959975,0
43138297,43138297
43138654,357
43959623,18446744073666412962
43959985,0
44138307,44138307
44138665,358
44959633,18446744073665412951
44959995,0
45138317,45138316
45138674,358
45959642,18446744073664412942
45960003,0
46138325,46138325
46138682,357
46959652,18446744073663412934
46960014,0
47138336,47138335
47138692,358
47959664,18446744073662412923
47960026,0
48138348,48138348
48138705,357
48959675,18446744073661412911
48960036,0
49138358,49138357
49138715,358
49959684,18446744073660412901
49959872,0
50138193,50138193
50138200,7
50959692,18446744073659413416
50959703,0
51138008,51138008
51138014,7
51959700,18446744073658413601
51959710,0
52138017,52138017
52138023,6
52959712,18446744073657413593
52959722,0
53138029,53138029
53138035,6
53959719,18446744073656413581
53959730,0
54138036,54138035
54138043,8
54959730,18446744073655413573
54959740,0
55138046,55138046
55138052,7
55959743,18446744073654413563
55959753,0
56138059,56138058
56138066,8
56959750,18446744073653413550
56959761,0
57138067,57138067
57138074,7
57959759,18446744073652413542
57959769,0
58138076,58138076
58138082,6
58959769,18446744073651413534
58959779,0
59138085,59138085
59138091,7
System buffer 1
3852501,1503999999
4852247,0
4959343,0
4959707,0
5138033,0
5138390,0
5959255,0
5959629,0
6137951,0
6138308,0
6959264,0
6959625,0
7137948,0
7138305,0
7959274,0
7959634,0
8137956,0
8138313,0
8959285,0
8959646,0
9137968,0
9138325,0
9959296,0
9959657,0
10137978,0
10138335,0
10959305,0
10959666,0
11137988,0
11138347,0
11959317,0
11959678,0
12138000,0
12138357,0
12959326,0
12959687,0
13138007,0
13138365,0
13959337,0
13959698,0
14138019,0
14138376,0
14959347,0
14959708,0
15138029,0
15138387,0
15959356,0
15959718,0
16138040,0
16138397,0
16959368,0
16959729,0
17138050,0
17138407,0
17959377,0
17959738,0
18138059,0
18138416,0
18959385,0
18959746,0
19138067,0
19138425,0
19959396,0
19959756,0
20138078,0
20138436,0
20959404,0
20959765,0
21138086,0
21138443,0
21959414,0
21959775,0
22138096,0
22138454,0
22959425,0
22959786,0
23138109,0
23138466,0
23959433,0
23959794,0
24138116,0
24138473,0
24959443,0
24959804,0
25138127,0
25138484,0
25959451,0
25959812,0
26138134,0
26138491,0
26959458,0
26959819,0
27138141,0
27138498,0
27959466,0
27959827,0
28138149,0
28138506,0
28959479,0
28959840,0
29138162,0
29138519,0
29959489,0
29959850,0
30138171,0
30138528,0
30959499,0
30959860,0
31138182,0
31138538,0
31959510,0
31959871,0
32138192,0
32138550,0
32959520,0
32959881,0
33138202,0
33138560,0
33959530,0
33959892,0
34138214,0
34138572,0
34959538,0
34959899,0
35138220,0
35138577,0
35959550,0
35959912,0
36138233,0
36138590,0
36959560,0
36959921,0
37138242,0
37138599,0
37959566,0
37959927,0
38138249,0
38138607,0
38959578,0
38959939,0
39138260,0
39138617,0
39959588,0
39959949,0
40138270,0
40138627,0
40959596,0
40959957,0
41138278,0
41138635,0
41959606,0
41959967,0
42138290,0
42138646,0
42959615,0
42959976,0
43138298,0
43138655,0
43959625,0
43959986,0
44138308,0
44138666,0
44959635,0
44959996,0
45138318,0
45138675,0
45959643,0
45960005,0
46138326,0
46138683,0
46959654,0
46960015,0
47138337,0
47138694,0
47959666,0
47960027,0
48138349,0
48138706,0
48959677,0
48960038,0
49138359,0
49138716,0
49959685,0
49959873,0
50138194,0
50138201,0
50959694,0
50959704,0
51138010,0
51138015,0
51959702,0
51959712,0
52138018,0
52138024,0
52959713,0
52959723,0
53138030,0
53138036,0
53959721,0
53959731,0
54138037,0
54138044,0
54959731,0
54959741,0
55138047,0
55138054,0
55959744,0
55959754,0
56138060,0
56138067,0
56959752,0
56959762,0
57138069,0
57138075,0
57959760,0
57959770,0
58138077,0
58138083,0
58959770,0
58959780,0
59138086,0
59138092,0
System buffer 2
3852855,1040
4852600,0
4959704,0
4960070,0
5138387,0
5138753,0
5959621,0
5959988,0
6138304,0
6138671,0
6959618,0
6959984,0
7138301,0
7138668,0
7959627,0
7959994,0
8138309,0
8138676,0
8959639,0
8960005,0
9138321,0
9138688,0
9959649,0
9960016,0
10138332,0
10138698,0
10959659,0
10960025,0
11138342,0
11138708,0
11959670,0
11960037,0
12138354,0
12138720,0
12959679,0
12960045,0
13138361,0
13138727,0
13959690,0
13960057,0
14138373,0
14138739,0
14959700,0
14960067,0
15138383,0
15138749,0
15959710,0
15960076,0
16138393,0
16138759,0
16959721,0
16960088,0
17138404,0
17138770,0
17959731,0
17960097,0
18138413,0
18138779,0
18959738,0
18960104,0
19138421,0
19138787,0
19959749,0
19960115,0
20138431,0
20138798,0
20959757,0
20960124,0
21138440,0
21138806,0
21959767,0
21960134,0
22138450,0
22138816,0
22959778,0
22960145,0
23138463,0
23138829,0
23959786,0
23960153,0
24138469,0
24138836,0
24959797,0
24960163,0
25138481,0
25138847,0
25959805,0
25960171,0
26138487,0
26138853,0
26959812,0
26960178,0
27138494,0
27138861,0
27959820,0
27960186,0
28138503,0
28138869,0
28959832,0
28960198,0
29138515,0
29138881,0
29959843,0
29960209,0
30138524,0
30138891,0
30959853,0
30960219,0
31138535,0
31138902,0
31959864,0
31960230,0
32138546,0
32138912,0
32959873,0
32960240,0
33138556,0
33138922,0
33959884,0
33960250,0
34138567,0
34138933,0
34959892,0
34960258,0
35138574,0
35138940,0
35959904,0
35960270,0
36138586,0
36138953,0
36959914,0
36960280,0
37138596,0
37138962,0
37959920,0
37960286,0
38138603,0
38138969,0
38959932,0
38960298,0
39138613,0
39138979,0
39959942,0
39960308,0
40138623,0
40138990,0
40959949,0
40960316,0
41138632,0
41138998,0
41959959,0
41960326,0
42138643,0
42139009,0
42959969,0
42960335,0
43138651,0
43139018,0
43959978,0
43960345,0
44138662,0
44139028,0
44959988,0
44960355,0
45138672,0
45139038,0
45959997,0
45960363,0
46138680,0
46139046,0
46960008,0
46960374,0
47138690,0
47139057,0
47960019,0
47960386,0
48138703,0
48139069,0
48960030,0
48960397,0
49138712,0
49139079,0
49959865,0
49960232,0
50138197,0
50138548,0
50959697,0
50960047,0
51138012,0
51138363,0
51959704,0
51960055,0
52138021,0
52138372,0
52959716,0
52960067,0
53138033,0
53138384,0
53959724,0
53960074,0
54138040,0
54138390,0
54959734,0
54960085,0
55138050,0
55138400,0
55959747,0
55960098,0
56138063,0
56138413,0
56959754,0
56960105,0
57138071,0
57138422,0
57959763,0
57960114,0
58138080,0
58138431,0
58959773,0
58960124,0
59138089,0
59138440,0
PMU buffer 0
3852855,606334850
4852601,258182446
4959704,18446744073284965296
4960070,549482
5138387,267474927
5138753,548816
5959622,165496131
5959988,82293898
6138305,267474699
6138671,549161
6959618,18446744073368097265
6959984,588798717
7138302,267476170
7138668,549349
7959628,18446744072861595903
7959994,1095314066
8138310,267473624
8138676,549393
8959639,18446744072355093151
8960005,1601822485
9138321,267473978
9138688,549877
9959650,18446744071848571691
9960016,2108294486
10138332,267474240
10138698,549037
10959659,18446744071342106711
10960025,2614810649
11138342,267475376
11138708,548803
11959671,18446744070835592652
11960037,3121197110
12138354,267475516
12138720,549129
12959679,18446744070329194938
12960046,3627707540
13138361,267473166
13138727,549081
13959691,18446744069822700206
13960057,4134271735
14138373,267474190
14138739,549091
14959701,18446744069316257624
14960067,4640602106
15138383,267474392
15138749,549413
15959710,18446744068809924320
15960077,5146914004
16138393,267475140
16138760,549109
16959722,18446744068303619260
16960088,5653550469
17138404,267474092
17138770,549331
17959731,18446744067796980214
17960097,6159918396
18138413,267473786
18138779,548827
18959739,18446744067290608477
18960105,6666269104
19138421,267474924
19138788,549353
19959749,18446744066784268001
19960116,7172889812
20138432,267474334
20138798,548767
20959758,18446744066277634714
20960124,7679245139
21138440,267473710
21138806,549481
21959768,18446744065771273637
21960134,8185588066
22138450,267474088
22138816,549131
22959779,18446744065264935824
22960145,8692248158
23138463,267476800
23138829,549483
23959787,18446744064758263521
23960153,9198660057
24138470,267474846
24138836,549147
24959797,18446744064251864548
24960163,9705030897
25138481,267476972
25138847,549295
25959805,18446744063745486862
25960171,10211578890
26138488,267474454
26138853,548885
26959812,18446744063238937823
26960178,10717941603
27138495,267474892
27138861,548755
27959820,18446744062732382275
27960186,11224447984
28138503,267474874
28138869,549103
28959833,18446744062226074819
28960199,11730805018
29138516,267475396
29138882,548943
29959843,18446744061719710005
29960209,12237118709
30138525,267473214
30138891,549345
30959853,18446744061213407673
30960219,12743671447
31138535,267474288
31138902,549203
31959864,18446744060706853799
31960230,13249982428
32138546,267473630
32138912,549409
32959874,18446744060200538360
32960240,13756367887
33138556,267474064
33138922,548819
33959884,18446744059694150215
33960251,14262847220
34138568,267475668
34138933,548311
34959892,18446744059187672333
34960258,14769202227
35138574,267473238
35138940,549255
35959904,18446744058681321534
35960271,15275741582
36138587,267474002
36138953,549065
36959914,18446744058174789223
36960280,15782238802
37138596,267473694
37138962,549165
37959920,18446744057668276406
37960286,16288596461
38138603,267475054
38138969,549007
38959932,18446744057161932699
38960298,16795168023
39138613,267472894
39138980,549073
39959942,18446744056655353605
39960308,17301509861
40138624,267473144
40138990,549317
40959950,18446744056149003137
40960316,17807867482
41138632,267473776
41138998,549257
41959960,18446744055642659193
41960326,18314486827
42138644,267476164
42139009,548777
42959969,18446744055136030043
42960335,18820849249
43138652,267474986
43139018,549359
43959979,18446744054629665355
43960345,19327236217
44138662,267475240
44139028,549039
44959989,18446744054123288352
44960355,19833684210
45138672,267475456
45139038,549365
45959997,18446744053616834310
45960364,20340055649
46138680,267474748
46139046,548885
46960008,18446744053110465818
46960374,20846456372
47138690,267474298
47139057,549165
47960020,18446744052604066688
47960386,21352809095
48138703,267476286
48139069,549025
48960030,18446744052097705621
48960397,21859220040
49138713,267473840
49139079,549229
49959866,18446744051591040525
49960232,22366564051
50138197,266947643
50138548,525581
50959697,18446744051081343621
50960048,22874983632
51138012,266947288
51138363,525811
51959704,18446744050572925118
51960055,23383386242
52138021,266948504
52138372,526231
52959716,18446744050064530883
52960067,23891992394
53138033,266948826
53138384,526029
53959724,18446744049555910238
53960075,24400372167
54138040,266947726
54138391,525999
54959734,18446744049047539245
54960085,24908766319
55138050,266947598
55138401,525803
55959747,18446744048539151734
55960098,25417555707
56138063,266947262
56138413,525805
56959755,18446744048030352419
56960106,25925887089
57138072,266949192
57138422,525543
57959763,18446744047522015548
57960114,26434281850
58138080,266948726
58138431,526129
58959773,18446744047013631174
58960124,26942642281
59138089,266947618
59138440,526057
PMU buffer 1
3852855,18744469
4852601,2088598
4959704,339801463
4960070,9583
5138387,266766833
5138753,9290
5959622,18446744073103412954
5959988,769195332
6138305,266766824
6138671,9297
6959618,18446744072673985376
6959984,1198622931
7138302,266766833
7138668,9297
7959628,18446744072244557611
7959994,1628051316
8138310,266766831
8138676,9283
8959640,18446744071815129413
8960006,2057478880
9138322,266766824
9138688,9297
9959650,18446744071385703364
9960016,2486904936
10138332,266766831
10138698,9297
10959660,18446744070956275960
10960025,2916332333
11138342,266766831
11138708,9262
11959671,18446744070526848423
11960037,3345759863
12138354,266766824
12138720,9290
12959680,18446744070097420852
12960046,3775187462
13138361,266766831
13138727,9290
13959691,18446744069667993106
13960057,4204615298
14138373,266766831
14138739,9297
14959701,18446744069238566290
14960067,4634042017
15138383,266766831
15138749,9283
15959710,18446744068809139588
15960077,5063468698
16138394,266766831
16138760,9290
16959722,18446744068379712917
16960088,5492895383
17138404,266766831
17138770,9297
17959731,18446744067950286048
17960097,5922322266
18138413,266766831
18138779,9290
18959739,18446744067520859326
18960105,6351749009
19138421,266766831
19138788,9297
19959750,18446744067091434229
19960116,6781174078
20138432,266766831
20138798,9276
20959758,18446744066662008281
20960124,7210600019
21138440,266766831
21138806,9290
21959768,18446744066232581579
21960134,7640026707
22138450,266766831
22138816,9283
22959779,18446744065803154915
22960145,8069453378
23138463,266766833
23138829,9297
23959787,18446744065373728048
23960153,8498880348
24138470,266766831
24138836,9290
24959797,18446744064944301539
24960163,8928306754
25138481,266766831
25138847,9304
25959805,18446744064514874841
25960171,9357733452
26138488,266766831
26138854,9283
26959812,18446744064085449053
26960178,9787159233
27138495,266766831
27138861,9290
27959820,18446744063656021395
27960186,10216586884
28138503,266766831
28138869,9304
28959833,18446744063226594691
28960199,10646013595
29138516,266766831
29138882,9283
29959843,18446744062797167998
29960209,11075440302
30138525,266766831
30138891,9290
30959853,18446744062367741153
30960219,11504867126
31138536,266766831
31138902,9304
31959864,18446744061938314785
31960230,11934293508
32138546,266766831
32138912,9290
32959874,18446744061508888090
32960240,12363720210
33138557,266766838
33138922,9283
33959885,18446744061079461245
33960251,12793147041
34138568,266766838
34138933,9269
34959892,18446744060650035246
34960259,13222573061
35138574,266766629
35138940,9499
35959904,18446744060220608549
35960271,13651999758
36138587,266766629
36138953,9499
36959914,18446744059791181846
36960280,14081426454
37138596,266766629
37138962,9513
37959920,18446744059361754968
37960287,14510853332
38138603,266766629
38138969,9485
38959932,18446744058932328289
38960298,14940280102
39138614,266766629
39138980,9492
39959942,18446744058502901489
39960308,15369706825
40138624,266766629
40138990,9499
40959950,18446744058073474608
40960316,15799133678
41138632,266766629
41138998,9492
41959960,18446744057644048281
41960326,16228560033
42138644,266766629
42139009,9499
42959969,18446744057214621557
42960335,16657986743
43138652,266767168
43139018,10052
43959979,18446744056785194066
43960345,17087414234
44138662,266766629
44139028,9478
44959989,18446744056355767832
44960355,17516840454
45138672,266766629
45139038,9492
45959997,18446744055926341140
45960364,17946267146
46138680,266766629
46139046,9492
46960008,18446744055496915108
46960374,18375693178
47138691,266766629
47139057,9499
47960020,18446744055067488270
47960386,18805120009
48138703,266766629
48139069,9499
48960031,18446744054638061576
48960397,19234546813
49138713,266766629
49139079,9492
49959866,18446744054208631082
49960232,19663977470
50138197,266758523
50138548,8919
50959697,18446744053779164002
50960048,20093435337
51138013,266758523
51138363,8940
51959705,18446744053349706650
51960055,20522892661
52138021,266758523
52138372,8940
52959717,18446744052920248969
52960067,20952350324
53138033,266758523
53138384,8940
53959724,18446744052490791133
53960075,21381808296
54138040,266758523
54138391,8926
54959735,18446744052061333332
54960085,21811265979
55138050,266758523
55138401,8926
55959747,18446744051631875669
55960098,22240723624
56138063,266758523
56138413,8912
56959755,18446744051202418018
56960106,22670181293
57138072,266758523
57138422,8926
57959763,18446744050772960181
57960114,23099639151
58138080,266758523
58138431,8940
58959773,18446744050343502480
58960124,23529096838
59138089,266758523
59138440,8933
PMU buffer 2
3852855,10497
4852602,982
4959704,10737406762
4960070,0
5138387,0
5138753,0
5959622,18446744062972144891
5959988,10737406725
6138305,0
6138671,0
6959618,18446744062972144921
6959984,10737406695
7138302,0
7138668,0
7959628,18446744062972144945
7959994,10737406671
8138310,0
8138676,0
8959640,18446744062972144972
8960006,10737406644
9138322,0
9138688,0
9959650,18446744062972145026
9960016,10737406590
10138333,0
10138698,0
10959660,18446744062972145074
10960026,10737406542
11138343,0
11138708,0
11959671,18446744062972145116
11960037,10737406500
12138354,0
12138720,0
12959680,18446744062972145152
12960046,10737406464
13138362,0
13138727,0
13959691,18446744062972145191
13960057,10737406425
14138373,0
14138739,0
14959701,18446744062972145235
14960067,10737406381
15138384,0
15138749,0
15959711,18446744062972145280
15960077,10737406336
16138394,0
16138760,0
16959722,18446744062972145315
16960088,10737406301
17138404,0
17138770,0
17959731,18446744062972145357
17960097,10737406259
18138413,0
18138779,0
18959739,18446744062972145400
18960105,10737406216
19138422,0
19138788,0
19959750,18446744062972145707
19960116,10737405909
20138432,0
20138798,0
20959758,18446744062972145830
20960124,10737405786
21138440,0
21138806,0
21959768,18446744062972145870
21960134,10737405746
22138450,0
22138816,0
22959779,18446744062972145914
22960145,10737405702
23138463,0
23138829,0
23959787,18446744062972146001
23960153,10737405615
24138470,0
24138836,0
24959797,18446744062972146080
24960163,10737405536
25138481,0
25138847,0
25959805,18446744062972146131
25960171,10737405485
26138488,0
26138854,0
26959813,18446744062972146199
26960178,10737405417
27138495,0
27138861,0
27959821,18446744062972146307
27960186,10737405309
28138503,0
28138869,0
28959833,18446744062972146367
28960199,10737405249
29138516,0
29138882,0
29959844,18446744062972146413
29960210,10737405203
30138525,0
30138891,0
30959854,18446744062972146477
30960219,10737405139
31138536,0
31138902,0
31959865,18446744062972146532
31960231,10737405084
32138546,0
32138912,0
32959874,18446744062972146579
32960240,10737405037
33138557,0
33138922,0
33959885,18446744062972146628
33960251,10737404988
34138569,0
34138933,0
34959893,18446744062972146684
34960259,10737404932
35138575,0
35138940,0
35959905,18446744062972146729
35960271,10737404887
36138587,0
36138953,0
36959915,18446744062972146784
36960281,10737404832
37138597,0
37138962,0
37959921,18446744062972146833
37960287,10737404783
38138604,0
38138969,0
38959932,18446744062972146889
38960298,10737404727
39138614,0
39138980,0
39959942,18446744062972146934
39960308,10737404682
40138624,0
40138990,0
40959950,18446744062972146985
40960316,10737404631
41138633,0
41138998,0
41959960,18446744062972147043
41960326,10737404573
42138644,0
42139010,0
42959970,18446744062972147087
42960335,10737404529
43138652,0
43139018,0
43959979,18446744062972147151
43960345,10737404465
44138663,0
44139028,0
44959989,18446744062972147209
44960355,10737404407
45138672,0
45139038,0
45959998,18446744062972147264
45960364,10737404352
46138680,0
46139046,0
46960009,18446744062972147327
46960374,10737404289
47138691,0
47139057,0
47960020,18446744062972147383
47960386,10737404233
48138704,0
48139069,0
48960031,18446744062972147445
48960397,10737404171
49138714,0
49139079,0
49959866,18446744062972147500
49960232,10737404116
50138198,0
50138548,0
50959697,18446744062972147537
50960048,10737404079
51138013,0
51138363,0
51959705,18446744062972147586
51960055,10737404030
52138021,0
52138372,0
52959717,18446744062972147622
52960067,10737403994
53138034,0
53138384,0
53959725,18446744062972147658
53960075,10737403958
54138040,0
54138391,0
54959735,18446744062972147701
54960085,10737403915
55138050,0
55138401,0
55959748,18446744062972147736
55960098,10737403880
56138064,0
56138414,0
56959755,18446744062972147774
56960106,10737403842
57138072,0
57138422,0
57959764,18446744062972147807
57960114,10737403809
58138080,0
58138431,0
58959774,18446744062972147840
58960124,10737403776
59138090,0
59138440,0
PMU buffer 3
3852855,1050756
4852602,574267
4959704,671593542
4960071,0
5138388,0
5138753,0
5959622,18446744073037985611
5959989,671566005
6138305,0
6138671,0
6959619,18446744073038011231
6959984,671540385
7138302,0
7138668,0
7959628,18446744073038036872
7959994,671514744
8138310,0
8138676,0
8959640,18446744073038062530
8960006,671489086
9138322,0
9138688,0
9959650,18446744073038088125
9960016,671463491
10138333,0
10138698,0
10959660,18446744073038113737
10960026,671437879
11138343,0
11138708,0
11959671,18446744073038139344
11960037,671412272
12138354,0
12138720,0
12959680,18446744073038164929
12960046,671386687
13138362,0
13138727,0
13959691,18446744073038190558
13960057,671361058
14138374,0
14138739,0
14959701,18446744073038216456
14960067,671335160
15138384,0
15138750,0
15959711,18446744073038242343
15960077,671309273
16138394,0
16138760,0
16959722,18446744073038268267
16960088,671283349
17138405,0
17138770,0
17959732,18446744073038294190
17960097,671257426
18138414,0
18138779,0
18959739,18446744073038320099
18960105,671231517
19138422,0
19138788,0
19959750,18446744073038345968
19960116,671205648
20138432,0
20138798,0
20959758,18446744073038371703
20960124,671179913
21138441,0
21138806,0
21959768,18446744073038397318
21960134,671154298
22138451,0
22138816,0
22959779,18446744073038422935
22960145,671128681
23138464,0
23138829,0
23959788,18446744073038448520
23960153,671103096
24138470,0
24138836,0
24959798,18446744073038473929
24960164,671077687
25138482,0
25138847,0
25959806,18446744073038499435
25960172,671052181
26138488,0
26138854,0
26959813,18446744073038525175
26960179,671026441
27138496,0
27138861,0
27959821,18446744073038550322
27960187,671001294
28138503,0
28138869,0
28959833,18446744073038575910
28960199,670975706
29138517,0
29138882,0
29959844,18446744073038601365
29960210,670950251
30138525,0
30138891,0
30959854,18446744073038626795
30960220,670924821
31138536,0
31138902,0
31959865,18446744073038652353
31960231,670899263
32138547,0
32138913,0
32959874,18446744073038677806
32960240,670873810
33138557,0
33138922,0
33959885,18446744073038703211
33960251,670848405
34138569,0
34138933,0
34959893,18446744073038728810
34960259,670822806
35138575,0
35138940,0
35959905,18446744073038754248
35960271,670797368
36138587,0
36138953,0
36959915,18446744073038779829
36960281,670771787
37138597,0
37138963,0
37959921,18446744073038805384
37960287,670746232
38138604,0
38138969,0
38959933,18446744073038830838
38960299,670720778
39138614,0
39138980,0
39959943,18446744073038856396
39960309,670695220
40138624,0
40138990,0
40959950,18446744073038881843
40960317,670669773
41138633,0
41138998,0
41959960,18446744073038907281
41960327,670644335
42138644,0
42139010,0
42959970,18446744073038932859
42960336,670618757
43138652,0
43139018,0
43959979,18446744073038958480
43960346,670593136
44138663,0
44139028,0
44959989,18446744073038983919
44960355,670567697
45138673,0
45139038,0
45959998,18446744073039009518
45960364,670542098
46138681,0
46139046,0
46960009,18446744073039034982
46960375,670516634
47138691,0
47139057,0
47960020,18446744073039060420
47960386,670491196
48138704,0
48139069,0
48960031,18446744073039085982
48960397,670465634
49138714,0
49139079,0
49959867,18446744073039110857
49960233,670440759
50138198,0
50138548,0
50959698,18446744073039129463
50960048,670422153
51138013,0
51138363,0
51959705,18446744073039148104
51960055,670403512
52138022,0
52138372,0
52959717,18446744073039166708
52960068,670384908
53138034,0
53138384,0
53959725,18446744073039185315
53960075,670366301
54138041,0
54138391,0
54959735,18446744073039203960
54960085,670347656
55138051,0
55138401,0
55959748,18446744073039222548
55960098,670329068
56138064,0
56138414,0
56959755,18446744073039241172
56960106,670310444
57138072,0
57138422,0
57959764,18446744073039259652
57960115,670291964
58138081,0
58138431,0
58959774,18446744073039278223
58960124,670273393
59138090,0
59138440,0
PMU buffer 4
3852855,6363
4852602,10070
4959705,652
4960071,14
5138388,1996
5138753,2
5959623,9465
5959989,21
6138305,1987
6138671,1
6959619,9225
6959985,19
7138302,2028
7138668,0
7959629,9160
7959994,22
8138311,2007
8138676,1
8959640,9243
8960006,21
9138323,2029
9138688,0
9959651,8909
9960017,22
10138333,2018
10138699,0
10959660,9092
10960026,23
11138344,2079
11138708,2
11959672,8866
11960037,21
12138355,1991
12138720,0
12959680,9060
12960046,22
13138362,2037
13138728,0
13959692,9060
13960057,28
14138374,1948
14138739,1
14959702,9190
14960067,21
15138384,2015
15138750,3
15959711,8913
15960077,22
16138394,2040
16138760,0
16959723,9035
16960088,23
17138405,1995
17138771,2
17959732,8977
17960098,22
18138414,1979
18138779,2
18959740,8989
18960105,21
19138422,2001
19138788,2
19959750,9441
19960116,21
20138432,2031
20138798,1
20959759,8917
20960125,23
21138441,2009
21138806,4
21959769,8732
21960134,21
22138451,1962
22138816,2
22959780,10027
22960145,21
23138464,2013
23138829,2
23959788,8789
23960153,31
24138470,2038
24138836,1
24959798,8459
24960164,22
25138482,1959
25138848,2
25959806,9472
25960172,22
26138488,2048
26138854,3
26959813,8699
26960179,23
27138496,2019
27138861,2
27959821,8657
27960187,22
28138503,2006
28138869,1
28959834,8833
28960199,23
29138517,2014
29138882,1
29959844,8649
29960210,24
30138525,1989
30138891,2
30959854,8815
30960220,23
31138536,1965
31138902,1
31959865,8740
31960231,21
32138547,1975
32138913,2
32959875,8754
32960241,21
33138557,2071
33138922,4
33959885,8554
33960251,29
34138569,2003
34138934,1
34959893,8767
34960259,22
35138575,1978
35138940,3
35959905,8572
35960271,22
36138587,2022
36138953,2
36959915,9090
36960281,23
37138597,1995
37138963,3
37959921,8686
37960287,23
38138604,2002
38138969,2
38959933,9046
38960299,23
39138614,1932
39138980,3
39959943,8861
39960309,22
40138625,2022
40138990,4
40959951,8683
40960317,20
41138633,1970
41138998,2
41959961,8945
41960327,21
42138644,2006
42139010,2
42959970,8703
42960336,22
43138653,2039
43139019,5
43959980,8622
43960346,31
44138663,1992
44139028,3
44959990,8578
44960355,22
45138673,1978
45139038,3
45959998,8834
45960364,23
46138681,1982
46139046,2
46960009,8896
46960375,21
47138691,1999
47139057,4
47960021,8611
47960386,23
48138704,1980
48139070,3
48960031,8839
48960397,21
49138714,1989
49139079,3
49959867,8877
49960233,26
50138198,1994
50138548,0
50959698,8858
50960048,26
51138013,1998
51138363,1
51959705,8810
51960056,25
52138022,2017
52138372,0
52959717,8926
52960068,26
53138034,1947
53138384,2
53959725,8723
53960075,35
54138041,1961
54138391,1
54959735,8885
54960085,27
55138051,1986
55138401,0
55959748,8809
55960099,25
56138064,1984
56138414,2
56959756,8650
56960106,26
57138073,1966
57138422,0
57959764,8836
57960115,25
58138081,2013
58138431,0
58959774,8661
58960124,26
59138090,1957
59138440,0
PMU buffer 5
3852855,188
4852602,54
4959705,11
4960071,0
5138388,11
5138753,0
5959623,15
5959989,0
6138305,1
6138671,0
6959619,5
6959985,0
7138303,1
7138668,0
7959629,7
7959994,0
8138311,1
8138676,0
8959641,7
8960006,0
9138323,2
9138688,0
9959651,9
9960017,0
10138333,2
10138699,0
10959661,14
10960026,1
11138344,1
11138708,0
11959672,12
11960037,1
12138355,1
12138720,0
12959681,8
12960046,1
13138363,2
13138728,0
13959692,11
13960057,0
14138374,1
14138740,0
14959702,15
14960067,0
15138384,1
15138750,0
15959711,6
15960077,0
16138395,1
16138760,0
16959723,6
16960088,0
17138405,1
17138771,0
17959732,7
17960098,0
18138414,2
18138779,0
18959740,7
18960105,0
19138423,1
19138788,0
19959751,10
19960116,0
20138433,1
20138798,0
20959759,9
20960125,0
21138441,1
21138807,0
21959769,6
21960134,0
22138451,3
22138816,0
22959780,10
22960145,0
23138464,3
23138829,0
23959788,7
23960154,0
24138471,2
24138836,0
24959798,8
24960164,0
25138482,2
25138848,0
25959806,9
25960172,0
26138489,1
26138854,0
26959813,9
26960179,0
27138496,2
27138861,0
27959821,10
27960187,0
28138504,2
28138869,0
28959834,9
28960199,1
29138517,2
29138882,0
29959844,7
29960210,0
30138526,1
30138891,0
30959854,13
30960220,0
31138536,1
31138902,0
31959865,8
31960231,0
32138547,1
32138913,0
32959875,3
32960241,0
33138557,1
33138922,0
33959886,9
33960251,0
34138569,1
34138934,0
34959893,9
34960259,0
35138575,1
35138940,0
35959905,11
35960271,1
36138587,2
36138953,0
36959915,9
36960281,0
37138597,0
37138963,0
37959921,8
37960287,0
38138604,2
38138969,0
38959933,12
38960299,0
39138615,2
39138980,0
39959943,9
39960309,0
40138625,2
40138990,0
40959951,8
40960317,0
41138634,1
41138999,0
41959961,13
41960327,0
42138644,1
42139010,0
42959970,10
42960336,0
43138653,1
43139019,0
43959980,6
43960346,0
44138663,0
44139028,0
44959990,11
44960355,0
45138673,0
45139038,0
45959999,12
45960364,0
46138681,0
46139046,0
46960009,11
46960375,0
47138692,0
47139057,0
47960021,11
47960386,0
48138704,0
48139070,0
48960032,7
48960397,0
49138714,0
49139079,0
49959867,10
49960233,0
50138199,0
50138548,0
50959698,7
50960048,0
51138013,0
51138363,0
51959706,9
51960056,0
52138022,0
52138372,0
52959718,9
52960068,0
53138034,0
53138384,0
53959725,7
53960075,0
54138041,0
54138391,0
54959736,10
54960086,0
55138052,0
55138401,0
55959748,10
55960099,0
56138064,0
56138414,0
56959756,11
56960106,0
57138073,0
57138422,0
57959764,7
57960115,0
58138081,0
58138431,0
58959774,9
58960125,0
59138090,0
59138440,0
PMU buffer 6
3852855,42447
4852603,38335
4959705,322
4960071,3
5138388,13719
5138753,6
5959623,39785
5959989,9
6138306,13647
6138671,7
6959620,38233
6959985,10
7138303,13558
7138668,6
7959629,38110
7959994,9
8138311,13679
8138676,5
8959641,39587
8960006,9
9138323,13684
9138688,5
9959651,38037
9960017,9
10138333,13631
10138699,6
10959661,38329
10960026,9
11138344,13618
11138709,8
11959672,38658
11960038,9
12138355,13675
12138720,4
12959681,38187
12960046,9
13138363,13695
13138728,6
13959692,38808
13960058,9
14138374,13495
14138740,9
14959702,38186
14960067,9
15138385,13664
15138750,5
15959712,37841
15960077,9
16138395,13707
16138760,5
16959723,39369
16960089,9
17138405,13619
17138771,7
17959732,38135
17960098,9
18138414,13609
18138779,5
18959740,38152
18960105,9
19138423,13618
19138788,5
19959751,39396
19960116,9
20138433,13653
20138798,8
20959759,38205
20960125,9
21138441,13556
21138807,6
21959769,38149
21960135,9
22138451,13632
22138816,6
22959780,39173
22960145,9
23138464,13612
23138829,7
23959789,38104
23960154,9
24138471,13647
24138836,3
24959799,38853
24960164,11
25138482,13651
25138848,4
25959807,38490
25960172,9
26138489,13577
26138854,5
26959814,38024
26960179,9
27138496,13624
27138861,8
27959822,39396
27960187,9
28138504,13655
28138869,4
28959834,38114
28960199,9
29138517,13590
29138882,4
29959845,37751
29960210,9
30138526,13566
30138891,7
30959855,39741
30960220,9
31138536,13721
31138902,4
31959866,38030
31960231,9
32138547,13657
32138913,8
32959875,38381
32960241,9
33138558,13712
33138922,6
33959886,39403
33960251,9
34138570,13592
34138934,5
34959894,37877
34960259,9
35138575,13717
35138940,5
35959906,38422
35960271,9
36138588,13621
36138953,6
36959916,38800
36960281,9
37138597,13681
37138963,8
37959922,37761
37960287,9
38138604,13670
38138970,9
38959934,38710
38960299,9
39138615,13650
39138980,6
39959944,37965
39960309,9
40138625,13664
40138990,9
40959951,37941
40960317,9
41138634,13594
41138999,4
41959961,39465
41960327,9
42138644,13690
42139010,8
42959971,38068
42960336,9
43138653,13683
43139019,12
43959980,38254
43960346,9
44138664,13609
44139028,7
44959990,39522
44960356,9
45138673,13633
45139039,8
45959999,38191
45960364,9
46138681,13600
46139046,8
46960010,38513
46960375,9
47138692,13607
47139057,6
47960021,38873
47960386,9
48138704,13665
48139070,7
48960032,38110
48960397,9
49138714,13628
49139079,5
49959868,39133
49960233,9
50138199,13677
50138548,7
50959698,38163
50960048,10
51138013,13586
51138363,4
51959706,38055
51960056,10
52138022,13633
52138372,5
52959718,39622
52960068,10
53138034,13556
53138384,6
53959726,38001
53960075,10
54138041,13644
54138391,5
54959736,38298
54960086,10
55138052,13585
55138401,6
55959749,40000
55960099,10
56138065,13616
56138414,8
56959756,37859
56960106,10
57138073,13530
57138422,4
57959765,38446
57960115,10
58138081,13561
58138431,5
58959775,38596
58960125,10
59138090,13564
59138440,5
PMU buffer 7
3852855,23223
4852603,133493
4959705,619
4960071,3
5138388,18967
5138753,10
5959624,157179
5959989,20
6138306,18843
6138671,12
6959620,148525
6959985,20
7138303,18702
7138668,8
7959629,146909
7959995,21
8138311,18935
8138676,11
8959641,155522
8960006,21
9138323,18878
9138689,9
9959652,145930
9960017,21
10138334,18841
10138699,11
10959661,150628
10960026,22
11138344,18825
11138709,12
11959673,153113
11960038,21
12138355,19012
12138721,7
12959681,146641
12960046,22
13138363,18924
13138728,8
13959693,153838
13960058,21
14138374,18670
14138740,10
14959703,151405
14960068,20
15138385,18893
15138750,12
15959712,145931
15960077,21
16138395,19027
16138760,10
16959724,156783
16960089,20
17138405,18878
17138771,8
17959733,148524
17960098,21
18138414,18763
18138779,9
18959740,146388
18960105,21
19138423,18840
19138788,8
19959751,155530
19960116,21
20138433,18966
20138798,12
20959760,148086
20960125,21
21138442,18804
21138807,10
21959770,149100
21960135,20
22138452,18819
22138817,9
22959780,155747
22960145,21
23138464,18897
23138830,10
23959789,144243
23960154,22
24138471,18883
24138836,7
24959799,153536
24960164,23
25138482,18934
25138848,6
25959807,153155
25960172,20
26138489,18864
26138854,9
26959814,145852
26960179,20
27138496,18874
27138861,10
27959822,155757
27960187,20
28138504,18886
28138869,7
28959834,150402
28960200,23
29138517,18855
29138882,9
29959845,145238
29960210,22
30138526,18784
30138892,11
30959855,156531
30960220,22
31138536,19132
31138902,9
31959866,147763
31960231,20
32138548,18979
32138913,12
32959876,148887
32960241,20
33138558,19011
33138923,11
33959886,156853
33960251,20
34138570,18852
34138934,8
34959894,144565
34960259,21
35138575,19027
35138941,9
35959906,153524
35960271,22
36138588,18910
36138953,8
36959916,152792
36960281,20
37138597,18981
37138963,12
37959922,145340
37960287,23
38138605,18923
38138970,11
38959934,154164
38960299,20
39138615,18928
39138980,10
39959944,151539
39960309,20
40138625,18945
40138990,14
40959952,146639
40960317,22
41138634,18896
41138999,8
41959962,156895
41960327,22
42138645,18941
42139010,9
42959971,148337
42960336,22
43138653,18966
43139019,19
43959981,146568
43960346,22
44138664,18765
44139029,9
44959991,156734
44960356,20
45138673,18952
45139039,14
45959999,145472
45960364,21
46138681,18813
46139047,9
46960010,152483
46960375,21
47138692,18818
47139057,9
47960021,153551
47960386,22
48138705,18864
48139070,9
48960032,144700
48960398,21
49138714,18828
49139080,9
49959868,156128
49960233,22
50138199,18933
50138548,9
50959699,151633
50960049,24
51138014,18756
51138364,10
51959706,147347
51960056,24
52138022,18983
52138372,7
52959718,158619
52960068,21
53138034,18793
53138384,14
53959726,148011
53960076,24
54138042,18836
54138391,12
54959736,147900
54960086,21
55138052,18771
55138401,11
55959749,157575
55960099,22
56138065,18768
56138414,13
56959757,146011
56960106,23
57138073,18721
57138423,9
57959765,150917
57960115,22
58138081,18767
58138431,6
58959775,152551
58960125,21
59138090,18782
59138440,8
PMU buffer 8
3852855,21893
4852603,124811
4959705,513
4960071,3
5138388,16307
5138753,8
5959624,146449
5959989,14
6138306,16493
6138671,10
6959620,138607
6959985,15
7138303,16107
7138668,4
7959630,136601
7959995,14
8138312,16287
8138676,8
8959641,145123
8960006,15
9138323,16443
9138689,7
9959652,135832
9960017,19
10138334,16175
10138699,8
10959661,140197
10960026,17
11138345,16175
11138709,11
11959673,142690
11960038,18
12138356,16422
12138721,5
12959682,136437
12960047,17
13138363,16245
13138728,7
13959693,143494
13960058,19
14138374,16148
14138740,8
14959703,141380
14960068,15
15138385,16291
15138750,8
15959712,135667
15960078,20
16138395,16437
16138760,7
16959724,146217
16960089,19
17138405,16466
17138771,7
17959733,138459
17960098,17
18138415,16163
18138780,6
18959741,136093
18960106,18
19138423,16280
19138788,7
19959752,145020
19960116,16
20138434,16486
20138798,9
20959760,137972
20960125,18
21138442,16234
21138807,9
21959770,138760
21960135,15
22138452,16273
22138817,7
22959781,145333
22960146,20
23138464,16420
23138830,8
23959789,134088
23960154,13
24138471,16265
24138836,6
24959799,143296
24960164,19
25138482,16354
25138848,4
25959807,142845
25960172,18
26138489,16320
26138854,7
26959814,135673
26960179,16
27138496,16261
27138861,7
27959822,145259
27960187,15
28138504,16491
28138869,5
28959835,140289
28960200,20
29138517,16274
29138882,7
29959845,135036
29960210,18
30138526,16127
30138892,9
30959855,146129
30960220,17
31138537,16670
31138902,8
31959866,137648
31960231,18
32138548,16342
32138913,11
32959876,138561
32960241,16
33138558,16377
33138923,10
33959887,146378
33960252,17
34138570,16358
34138934,6
34959894,134505
34960259,18
35138576,16449
35138941,7
35959906,143189
35960271,20
36138588,16280
36138953,6
36959916,142565
36960281,16
37138597,16352
37138963,9
37959922,135196
37960287,17
38138605,16335
38138970,9
38959934,143775
38960299,15
39138615,16481
39138980,7
39959944,141338
39960309,14
40138625,16376
40138990,12
40959952,136249
40960317,18
41138634,16286
41138999,6
41959962,146505
41960327,19
42138645,16489
42139010,8
42959971,138307
42960336,20
43138653,16332
43139019,16
43959981,136283
43960346,18
44138664,16220
44139029,7
44959991,146361
44960356,16
45138673,16491
45139039,10
45959999,135268
45960364,18
46138681,16208
46139047,6
46960010,142120
46960375,16
47138692,16159
47139058,8
47960022,143318
47960387,20
48138705,16345
48139070,8
48960033,134477
48960398,15
49138715,16315
49139080,7
49959868,145486
49960233,15
50138199,16443
50138548,8
50959699,141392
50960049,17
51138014,16232
51138364,8
51959707,136862
51960056,18
52138022,16241
52138372,6
52959719,148200
52960068,17
53138034,16410
53138384,10
53959726,137953
53960076,20
54138042,16222
54138391,8
54959737,137539
54960086,19
55138052,16153
55138401,10
55959750,147081
55960099,18
56138065,16385
56138414,12
56959757,135971
56960107,17
57138074,16212
57138423,6
57959765,140647
57960115,18
58138082,16193
58138431,5
58959775,142215
58960125,18
59138091,16222
59138440,5
PMU buffer 9
3852855,4260
4852604,8733
4959705,681
4960071,3
5138388,1112
5138753,1
5959624,18583
5959989,16
6138306,1114
6138671,1
6959620,4882
6959985,18
7138303,1107
7138668,1
7959630,4980
7959995,18
8138312,1114
8138676,1
8959642,4791
8960006,16
9138323,1106
9138689,1
9959652,4658
9960017,17
10138334,1156
10138699,0
10959662,4812
10960026,17
11138345,1142
11138709,0
11959673,6297
11960038,17
12138356,1142
12138721,0
12959682,4848
12960047,17
13138363,1139
13138728,0
13959693,4745
13960058,22
14138374,1138
14138740,0
14959703,4763
14960068,17
15138385,1140
15138750,0
15959713,4777
15960078,17
16138395,1150
16138760,0
16959724,4820
16960089,17
17138406,1136
17138771,3
17959733,4821
17960098,17
18138415,1138
18138780,3
18959741,4814
18960106,17
19138423,1133
19138788,3
19959752,10484
19960117,17
20138434,1150
20138798,3
20959760,4685
20960125,17
21138442,1112
21138807,3
21959770,4688
21960135,17
22138452,1113
22138817,3
22959781,10712
22960146,17
23138464,1107
23138830,3
23959789,4627
23960154,22
24138471,1116
24138836,3
24959799,6520
24960164,17
25138483,1069
25138848,3
25959807,8406
25960172,17
26138489,1111
26138854,3
26959814,4470
26960179,17
27138496,1112
27138861,3
27959822,6012
27960187,17
28138504,1110
28138869,3
28959835,4519
28960200,15
29138518,1111
29138882,3
29959846,4486
29960210,17
30138527,1110
30138892,3
30959856,4271
30960220,17
31138537,1056
31138902,3
31959867,4499
31960231,17
32138548,1109
32138913,3
32959876,4465
32960241,17
33138558,1110
33138923,3
33959887,7640
33960252,22
34138570,1107
34138934,3
34959894,4564
34960259,17
35138576,1108
35138941,4
35959907,7437
35960272,17
36138588,1110
36138953,4
36959917,7003
36960281,17
37138597,1090
37138963,4
37959922,4572
37960288,17
38138605,1109
38138970,4
38959934,11213
38960299,17
39138615,1092
39138980,4
39959944,4483
39960309,17
40138625,1111
40138990,4
40959952,4441
40960317,15
41138634,1095
41138999,4
41959962,4476
41960327,15
42138645,1107
42139010,4
42959971,4503
42960336,17
43138653,1111
43139019,5
43959981,4394
43960346,22
44138664,1107
44139029,4
44959991,7406
44960356,17
45138674,1108
45139039,4
45960000,4513
45960365,17
46138682,1086
46139047,4
46960010,4427
46960375,17
47138692,1106
47139058,4
47960022,6243
47960387,17
48138705,1063
48139070,4
48960033,4547
48960398,17
49138715,1107
49139080,4
49959868,99622
49960233,18
50138199,1098
50138548,0
50959699,4471
50960049,24
51138014,1103
51138364,0
51959707,4509
51960056,24
52138022,1100
52138372,0
52959719,12987
52960068,23
53138035,1101
53138384,0
53959726,4502
53960076,29
54138042,1080
54138391,0
54959737,4527
54960086,24
55138052,1099
55138401,0
55959750,11590
55960099,23
56138066,1100
56138414,0
56959757,4522
56960107,22
57138074,1099
57138423,0
57959766,4426
57960115,22
58138082,1098
58138431,0
58959776,4344
58960125,21
59138091,1055
59138440,0
end_data
begin_data
System buffer 0
3910503,0
4910244,0
4910608,4910608
4910970,18446744073704641008
5089283,5089283
5089639,356
5910255,18446744073704461977
5910618,0
6088926,6088926
6089282,356
6910264,18446744073703462334
6910628,0
7088936,7088936
7089292,356
7910274,18446744073702462324
7910638,0
8088946,8088946
8089302,356
8910285,18446744073701462314
8910649,0
9088957,9088957
9089313,356
9910296,18446744073700462303
9910659,0
10088967,10088967
10089323,356
10910305,18446744073699462293
10910669,0
11088976,11088976
11089332,356
11910316,18446744073698462284
11910680,0
12088988,12088988
12089344,356
12910325,18446744073697462272
12910688,0
13088996,13088996
13089352,356
13910337,18446744073696462264
13910701,0
14089008,14089008
14089365,357
14910347,18446744073695462251
14910711,0
15089019,15089019
15089374,356
15910356,18446744073694462241
15910720,0
16089028,16089028
16089384,356
16910368,18446744073693462232
16910731,0
17089040,17089040
17089396,356
17910377,18446744073692462220
17910741,0
18089048,18089048
18089404,357
18910384,18446744073691462211
18910748,0
19089055,19089055
19089411,356
19910395,18446744073690462205
19910759,0
20089066,20089066
20089422,356
20910403,18446744073689462194
20910767,0
21089075,21089075
21089431,356
21910414,18446744073688462185
21910777,0
22089085,22089085
22089441,356
22910424,18446744073687462175
22910788,0
23089096,23089096
23089452,356
23910432,18446744073686462164
23910795,0
24089104,24089104
24089460,356
24910442,18446744073685462156
24910806,0
25089114,25089113
25089469,357
25910450,18446744073684462146
25910814,0
26089122,26089122
26089478,356
26910458,18446744073683462138
26910822,0
27089130,27089130
27089486,356
27910466,18446744073682462130
27910829,0
28089138,28089137
28089493,357
28910478,18446744073681462122
28910842,0
29089150,29089150
29089506,356
29910488,18446744073680462110
29910852,0
30089160,30089160
30089516,356
30910499,18446744073679462100
30910862,0
31089169,31089169
31089525,356
31910510,18446744073678462091
31910874,0
32089181,32089181
32089537,357
32910519,18446744073677462078
32910884,0
33089191,33089191
33089547,357
33910529,18446744073676462068
33910893,0
34089201,34089201
34089557,356
34910538,18446744073675462059
34910902,0
35089210,35089209
35089565,357
35910550,18446744073674462050
35910914,0
36089221,36089221
36089577,357
36910560,18446744073673462038
36910923,0
37089231,37089231
37089588,357
37910566,18446744073672462028
37910930,0
38089238,38089238
38089594,356
38910578,18446744073671462022
38910941,0
39089249,39089249
39089605,356
39910588,18446744073670462011
39910951,0
40089259,40089259
40089616,357
40910596,18446744073669462000
40910960,0
41089267,41089267
41089623,356
41910606,18446744073668461993
41910970,0
42089278,42089278
42089634,356
42910615,18446744073667461982
42910978,0
43089286,43089286
43089642,356
43910624,18446744073666461974
43910988,0
44089295,44089295
44089652,357
44910634,18446744073665461964
44910998,0
45089306,45089305
45089661,357
45910643,18446744073664461954
45911006,0
46089314,46089314
46089670,356
46910653,18446744073663461946
46911017,0
47089325,47089325
47089681,356
47910665,18446744073662461935
47911028,0
48089336,48089336
48089692,357
48910676,18446744073661461923
48911040,0
49089348,49089348
49089704,356
49910685,18446744073660461912
49911048,0
50089357,50089357
50089362,5
50910693,18446744073659462254
50910706,0
51088998,51088998
51089003,5
51910701,18446744073658462613
51910714,0
52089006,52089006
52089011,5
52910713,18446744073657462605
52910726,0
53089018,53089018
53089023,5
53910721,18446744073656462593
53910734,0
54089026,54089026
54089031,6
54910731,18446744073655462584
54910743,0
55089036,55089036
55089041,5
55910744,18446744073654462575
55910757,0
56089049,56089049
56089054,6
56910751,18446744073653462561
56910764,0
57089056,57089056
57089062,6
57910760,18446744073652462554
57910773,0
58089066,58089065
58089070,6
58910770,18446744073651462545
58910783,0
59089075,59089075
59089080,5
System buffer 1
3910505,1503999999
4910246,0
4910609,0
4910971,0
5089284,0
5089640,0
5910256,0
5910619,0
6088927,0
6089283,0
6910265,0
6910629,0
7088937,0
7089293,0
7910275,0
7910639,0
8088947,0
8089303,0
8910286,0
8910650,0
9088958,0
9089314,0
9910297,0
9910660,0
10088968,0
10089324,0
10910306,0
10910670,0
11088977,0
11089333,0
11910318,0
11910681,0
12088989,0
12089345,0
12910326,0
12910690,0
13088997,0
13089353,0
13910339,0
13910702,0
14089010,0
14089366,0
14910348,0
14910712,0
15089020,0
15089376,0
15910358,0
15910721,0
16089029,0
16089385,0
16910369,0
16910732,0
17089041,0
17089397,0
17910378,0
17910742,0
18089049,0
18089406,0
18910386,0
18910749,0
19089057,0
19089412,0
19910397,0
19910760,0
20089068,0
20089423,0
20910405,0
20910769,0
21089076,0
21089432,0
21910415,0
21910779,0
22089086,0
22089442,0
22910426,0
22910789,0
23089097,0
23089453,0
23910433,0
23910796,0
24089105,0
24089461,0
24910444,0
24910807,0
25089115,0
25089471,0
25910452,0
25910815,0
26089123,0
26089479,0
26910459,0
26910823,0
27089131,0
27089487,0
27910467,0
27910831,0
28089139,0
28089495,0
28910479,0
28910843,0
29089151,0
29089507,0
29910490,0
29910853,0
30089161,0
30089517,0
30910500,0
30910863,0
31089170,0
31089526,0
31910511,0
31910875,0
32089183,0
32089539,0
32910521,0
32910885,0
33089193,0
33089549,0
33910531,0
33910894,0
34089202,0
34089558,0
34910539,0
34910903,0
35089211,0
35089567,0
35910551,0
35910915,0
36089223,0
36089579,0
36910561,0
36910924,0
37089233,0
37089589,0
37910567,0
37910931,0
38089239,0
38089595,0
38910579,0
38910942,0
39089250,0
39089606,0
39910589,0
39910953,0
40089260,0
40089617,0
40910597,0
40910961,0
41089268,0
41089624,0
41910608,0
41910971,0
42089279,0
42089635,0
42910616,0
42910979,0
43089288,0
43089643,0
43910625,0
43910989,0
44089297,0
44089653,0
44910635,0
44910999,0
45089307,0
45089663,0
45910644,0
45911007,0
46089315,0
46089671,0
46910655,0
46911018,0
47089326,0
47089682,0
47910666,0
47911030,0
48089338,0
48089694,0
48910678,0
48911041,0
49089349,0
49089705,0
49910686,0
49911049,0
50089358,0
50089363,0
50910694,0
50910707,0
51088999,0
51089004,0
51910702,0
51910715,0
52089008,0
52089012,0
52910714,0
52910727,0
53089019,0
53089024,0
53910722,0
53910735,0
54089028,0
54089033,0
54910732,0
54910744,0
55089037,0
55089042,0
55910745,0
55910758,0
56089050,0
56089055,0
56910752,0
56910765,0
57089057,0
57089063,0
57910761,0
57910774,0
58089067,0
58089071,0
58910771,0
58910784,0
59089076,0
59089081,0
System buffer 2
3910858,1040
4910599,0
4910966,0
4911332,0
5089638,0
5090004,0
5910609,0
5910976,0
6089281,0
6089647,0
6910619,0
6910986,0
7089290,0
7089657,0
7910629,0
7910995,0
8089301,0
8089667,0
8910640,0
8911006,0
9089311,0
9089677,0
9910651,0
9911017,0
10089322,0
10089688,0
10910660,0
10911026,0
11089331,0
11089697,0
11910671,0
11911038,0
12089342,0
12089709,0
12910680,0
12911046,0
13089351,0
13089717,0
13910693,0
13911059,0
14089363,0
14089729,0
14910702,0
14911069,0
15089373,0
15089740,0
15910712,0
15911078,0
16089382,0
16089749,0
16910723,0
16911089,0
17089394,0
17089761,0
17910732,0
17911098,0
18089403,0
18089769,0
18910739,0
18911106,0
19089410,0
19089776,0
19910750,0
19911117,0
20089421,0
20089787,0
20910758,0
20911125,0
21089429,0
21089796,0
21910769,0
21911135,0
22089440,0
22089806,0
22910780,0
22911146,0
23089451,0
23089817,0
23910787,0
23911153,0
24089458,0
24089825,0
24910798,0
24911164,0
25089468,0
25089835,0
25910806,0
25911172,0
26089477,0
26089843,0
26910813,0
26911179,0
27089485,0
27089851,0
27910821,0
27911187,0
28089492,0
28089859,0
28910833,0
28911200,0
29089505,0
29089871,0
29910843,0
29911210,0
30089515,0
30089881,0
30910854,0
30911220,0
31089524,0
31089890,0
31910865,0
31911231,0
32089536,0
32089902,0
32910875,0
32911241,0
33089546,0
33089913,0
33910885,0
33911251,0
34089556,0
34089922,0
34910893,0
34911259,0
35089564,0
35089931,0
35910905,0
35911271,0
36089576,0
36089943,0
36910915,0
36911281,0
37089586,0
37089952,0
37910921,0
37911288,0
38089593,0
38089959,0
38910933,0
38911299,0
39089604,0
39089970,0
39910943,0
39911309,0
40089614,0
40089980,0
40910951,0
40911317,0
41089622,0
41089988,0
41910962,0
41911328,0
42089633,0
42089999,0
42910970,0
42911336,0
43089641,0
43090007,0
43910979,0
43911345,0
44089650,0
44090016,0
44910989,0
44911355,0
45089660,0
45090027,0
45910998,0
45911364,0
46089668,0
46090035,0
46911008,0
46911375,0
47089679,0
47090046,0
47911020,0
47911386,0
48089691,0
48090057,0
48911032,0
48911398,0
49089703,0
49090069,0
49911040,0
49911406,0
50089361,0
50089711,0
50910697,0
50911048,0
51089002,0
51089353,0
51910705,0
51911056,0
52089010,0
52089361,0
52910717,0
52911068,0
53089022,0
53089373,0
53910725,0
53911076,0
54089030,0
54089381,0
54910735,0
54911085,0
55089040,0
55089390,0
55910748,0
55911099,0
56089053,0
56089404,0
56910755,0
56911106,0
57089060,0
57089411,0
57910764,0
57911115,0
58089069,0
58089420,0
58910774,0
58911125,0
59089079,0
59089429,0
PMU buffer 0
3910858,693339926
4910600,171744488
4910966,18446744073037151826
4911332,548810
5089638,267457993
5090004,549438
5910610,412178019
5910976,18446744073544728556
6089281,267457268
6089647,549415
6910620,18446744073615249150
6910986,341071022
7089291,267456960
7089657,549013
7910629,18446744073109343034
7910995,846951691
8089301,267458118
8089667,549357
8910640,18446744072603471483
8911006,1352864440
9089311,267457374
9089678,549249
9910651,18446744072097547032
9911017,1858797093
10089322,267457252
10089688,549247
10910660,18446744071591619804
10911026,2364712611
11089331,267456572
11089697,549903
11910672,18446744071085709695
11911038,2870610872
12089342,267456936
12089709,549383
12910680,18446744070579799350
12911047,3376557270
13089351,267456754
13089717,549263
13910693,18446744070073866341
13911059,3882469183
14089363,267456098
14089729,549383
14910703,18446744069568079005
14911069,4388218268
15089373,267456724
15089740,549295
15910712,18446744069062324022
15911078,4894003218
16089382,267456188
16089749,549749
16910723,18446744068556550488
16911089,5399819886
17089394,267457388
17089761,549537
17910732,18446744068050725723
17911099,5905591342
18089403,267456728
18089769,549293
18910740,18446744067544951883
18911106,6411341416
19089410,267456248
19089776,549295
19910751,18446744067039215730
19911117,6917112528
20089421,267456222
20089787,549325
20910759,18446744066533429264
20911125,7422927338
21089430,267456918
21089796,549445
21910769,18446744066027609232
21911135,7928710427
22089440,267457006
22089806,549293
22910780,18446744065521830862
22911146,8434508355
23089451,267457022
23089817,549509
23910787,18446744065016022359
23911154,8940327564
24089458,267457094
24089825,549475
24910798,18446744064510214584
24911164,9446143335
25089468,267456330
25089835,549473
25910806,18446744064004394319
25911172,9951927327
26089477,267456574
26089843,549537
26910814,18446744063498607196
26911180,10457723219
27089485,267457454
27089851,549507
27910821,18446744062992617352
27911187,10963716421
28089492,267457556
28089859,549337
28910834,18446744062486823518
28911200,11469528666
29089505,267457222
29089871,549401
29910844,18446744061981003058
29911210,11975341838
30089515,267457164
30089881,549555
30910854,18446744061475202122
30911220,12481119272
31089524,267455546
31089890,549341
31910865,18446744060969423032
31911231,12986943264
32089536,267457048
32089902,549251
32910875,18446744060463593214
32911241,13492731432
33089546,267457766
33089913,549645
33910885,18446744059957804106
33911251,13998537425
34089556,267457462
34089922,549251
34910894,18446744059451998717
34911260,14504309901
35089564,267456982
35089931,549551
35910905,18446744058946230121
35911272,15010111057
36089576,267456920
36089943,549703
36910915,18446744058440436494
36911281,15515898636
37089586,267457186
37089952,549059
37910922,18446744057934632737
37911288,16021704191
38089593,267456980
38089959,549525
38910933,18446744057428842950
38911299,16527519076
39089604,267456768
39089970,549793
39910943,18446744056923017260
39911309,17033337409
40089614,267457248
40089980,549525
40910951,18446744056417192006
40911317,17539149783
41089622,267456450
41089988,549445
41910962,18446744055911394937
41911328,18044929389
42089633,267457132
42089999,549249
42910970,18446744055405604927
42911336,18550727781
43089641,267457856
43090007,549221
43910979,18446744054899804273
43911345,19056523701
44089650,267457262
44090016,549249
44910989,18446744054394019169
44911356,19562318226
45089660,267457164
45090027,549401
45910998,18446744053888217849
45911365,20068167036
46089669,267455788
46090035,549431
46911009,18446744053382371937
46911375,20573967279
47089680,267456858
47090046,549281
47911020,18446744052876574124
47911387,21079744984
48089691,267457020
48090058,549433
48911032,18446744052370788203
48911398,21585559645
49089703,267457134
49090069,549583
49911040,18446744051864978798
49911406,22091362749
50089361,266931312
50089711,526221
50910697,18446744051356824418
50911048,22598943947
51089002,266931358
51089353,526415
51910705,18446744050848981604
51911056,23106735650
52089010,266930844
52089361,526221
52910717,18446744050341200313
52911068,23614579446
53089022,266930350
53089373,526129
53910726,18446744049833339738
53911076,24122421070
54089030,266930858
54089381,526035
54910735,18446744049325506612
54911086,24630205337
55089040,266930964
55089390,526113
55910748,18446744048817730861
55911099,25138001269
56089053,266930878
56089404,526129
56910756,18446744048309921770
56911106,25645822981
57089060,266930770
57089411,526341
57910764,18446744047802097161
57911115,26153629274
58089069,266931196
58089420,526007
58910775,18446744047294302300
58911125,26661441104
59089079,266930056
59089429,526023
PMU buffer 1
3910858,19353970
4910600,1506676
4910967,176890981
4911332,9740
5089638,266767008
5090004,9325
5910610,18446744073266270473
5910976,606346912
6089281,266766831
6089647,9318
6910620,18446744072836834062
6910986,1035774252
7089291,266766831
7089657,9318
7910630,18446744072407406271
7910995,1465202036
8089301,266766831
8089667,9318
8910641,18446744071977978658
8911007,1894631108
9089311,266766831
9089678,9318
9910651,18446744071548551108
9911017,2324057203
10089322,266766831
10089688,9325
10910661,18446744071119123665
10911026,2753484649
11089331,266766824
11089697,9332
11910672,18446744070689696044
11911038,3182912263
12089343,266766831
12089709,9318
12910681,18446744070260268417
12911047,3612339908
13089351,266766831
13089717,9318
13910693,18446744069830840789
13911059,4041767532
14089363,266766831
14089730,9318
14910703,18446744069401413878
14911069,4471194450
15089374,266766831
15089740,9325
15910712,18446744068971987113
15911078,4900621208
16089382,266766824
16089749,9325
16910723,18446744068542560379
16911090,5330047946
17089395,266766831
17089761,9325
17910733,18446744068113133457
17911099,5759474857
18089403,266766831
18089769,9318
18910740,18446744067683706707
18911106,6188901614
19089410,266766831
19089776,9325
19910751,18446744067254281596
19911117,6618326718
20089421,266766824
20089787,9325
20910759,18446744066824855599
20911125,7047752708
21089430,266766831
21089796,9325
21910770,18446744066395428855
21911135,7477179466
22089440,266766831
22089806,9325
22910780,18446744065966002114
22911146,7906606207
23089451,266766831
23089817,9325
23910788,18446744065536575350
23911154,8336035107
24089459,266766831
24089825,9325
24910798,18446744065107146588
24911164,8765461719
25089468,266766831
25089835,9325
25910807,18446744064677719855
25911173,9194888473
26089477,266767370
26089843,9892
26910814,18446744064248292884
26911180,9624315423
27089485,266766845
27089851,9885
27910822,18446744063818864596
27911188,10053744278
28089492,266766831
28089859,9325
28910834,18446744063389437276
28911200,10483171038
29089505,266766831
29089871,9311
29910844,18446744062960010527
29911210,10912597787
30089515,266766831
30089881,9325
30910854,18446744062530583633
30911220,11342024688
31089524,266766831
31089890,9325
31910866,18446744062101157202
31911232,11771451105
32089536,266766831
32089903,9318
32910875,18446744061671730465
32911241,12200877835
33089546,266766831
33089913,9325
33910885,18446744061242303742
33911251,12630304558
34089556,266766831
34089922,9318
34910894,18446744060812877530
34911260,13059730784
35089564,266766831
35089931,9325
35910906,18446744060383450798
35911272,13489157523
36089576,266766824
36089943,9325
36910915,18446744059954024060
36911282,13918584268
37089586,266766831
37089953,9311
37910922,18446744059524597154
37911288,14348011160
38089593,266766831
38089959,9325
38910934,18446744059095170419
38911299,14777437895
39089604,266766824
39089970,9332
39910944,18446744058665743661
39911309,15206864653
40089614,266766838
40089981,9318
40910952,18446744058236316752
40911318,15636291548
41089622,266766629
41089988,9527
41910962,18446744057806890376
41911328,16065717938
42089633,266766629
42089999,9527
42910970,18446744057377463624
42911336,16495144690
43089641,266766629
43090008,9527
43910980,18446744056948037340
43911346,16924570981
44089650,266766629
44090017,9520
44910990,18446744056518610886
44911356,17353997435
45089661,266766629
45090027,9527
45910999,18446744056089184124
45911365,17783424215
46089669,266766629
46090035,9527
46911009,18446744055659758004
46911375,18212850310
47089680,266766629
47090046,9527
47911021,18446744055230331110
47911387,18642277211
48089691,266766629
48090058,9527
48911032,18446744054800904346
48911398,19071703961
49089703,266766629
49090069,9520
49911041,18446744054371477623
49911407,19501130698
50089361,266758523
50089712,8968
50910698,18446744053942015114
50911048,19930584218
51089002,266758523
51089353,8968
51910706,18446744053512557741
51911056,20360041605
52089010,266758523
52089361,8968
52910718,18446744053083099997
52911068,20789499349
53089022,266758523
53089373,8961
53910726,18446744052653642244
53911076,21218957102
54089030,266758523
54089381,8961
54910736,18446744052224184334
54911086,21648415005
55089040,266758523
55089391,8968
55910749,18446744051794726601
55911099,22077872745
56089053,266758523
56089404,8961
56910756,18446744051365268848
56911106,22507330491
57089060,266758523
57089411,8961
57910765,18446744050935810948
57911115,22936788398
58089069,266758523
58089420,8968
58910775,18446744050506353205
58911125,23366246141
59089079,266758523
59089429,8961
PMU buffer 2
3910858,10816
4910600,663
4910967,4294988601
4911332,0
5089638,0
5090004,0
5910610,18446744069414563047
5910976,4294988569
6089281,0
6089647,0
6910620,18446744069414563082
6910986,4294988534
7089291,0
7089657,0
7910630,18446744069414563106
7910995,4294988510
8089301,0
8089667,0
8910641,18446744069414563133
8911007,4294988483
9089312,0
9089678,0
9910652,18446744069414563187
9911017,4294988429
10089322,0
10089688,0
10910661,18446744069414563229
10911026,4294988387
11089331,0
11089698,0
11910672,18446744069414563275
11911038,4294988341
12089343,0
12089709,0
12910681,18446744069414563311
12911047,4294988305
13089351,0
13089717,0
13910693,18446744069414563349
13911059,4294988267
14089363,0
14089730,0
14910703,18446744069414563394
14911069,4294988222
15089374,0
15089740,0
15910712,18446744069414563437
15911078,4294988179
16089383,0
16089749,0
16910724,18446744069414563474
16911090,4294988142
17089395,0
17089761,0
17910733,18446744069414563516
17911099,4294988100
18089403,0
18089769,0
18910740,18446744069414563557
18911106,4294988059
19089410,0
19089777,0
19910751,18446744069414563808
19911117,4294987808
20089421,0
20089787,0
20910759,18446744069414563987
20911125,4294987629
21089430,0
21089796,0
21910770,18446744069414564029
21911135,4294987587
22089440,0
22089806,0
22910781,18446744069414564073
22911146,4294987543
23089451,0
23089817,0
23910788,18446744069414564156
23911154,4294987460
24089459,0
24089825,0
24910798,18446744069414564236
24911164,4294987380
25089469,0
25089835,0
25910807,18446744069414564288
25911173,4294987328
26089477,0
26089844,0
26910814,18446744069414564358
26911180,4294987258
27089485,0
27089851,0
27910822,18446744069414564466
27911188,4294987150
28089493,0
28089859,0
28910834,18446744069414564526
28911200,4294987090
29089505,0
29089871,0
29910844,18446744069414564570
29911210,4294987046
30089515,0
30089881,0
30910854,18446744069414564632
30911220,4294986984
31089524,0
31089890,0
31910866,18446744069414564689
31911232,4294986927
32089536,0
32089903,0
32910875,18446744069414564738
32911241,4294986878
33089546,0
33089913,0
33910885,18446744069414564787
33911251,4294986829
34089556,0
34089922,0
34910894,18446744069414564841
34911260,4294986775
35089565,0
35089931,0
35910906,18446744069414564888
35911272,4294986728
36089577,0
36089943,0
36910916,18446744069414564943
36911282,4294986673
37089587,0
37089953,0
37910922,18446744069414564992
37911288,4294986624
38089593,0
38089959,0
38910934,18446744069414565046
38911299,4294986570
39089604,0
39089970,0
39910944,18446744069414565091
39911310,4294986525
40089615,0
40089981,0
40910952,18446744069414565141
40911318,4294986475
41089622,0
41089988,0
41910963,18446744069414565202
41911328,4294986414
42089633,0
42089999,0
42910971,18446744069414565244
42911336,4294986372
43089642,0
43090008,0
43910980,18446744069414565310
43911346,4294986306
44089651,0
44090017,0
44910990,18446744069414565366
44911356,4294986250
45089661,0
45090027,0
45910999,18446744069414565421
45911365,4294986195
46089669,0
46090035,0
46911009,18446744069414565484
46911375,4294986132
47089680,0
47090046,0
47911021,18446744069414565538
47911387,4294986078
48089691,0
48090058,0
48911032,18446744069414565604
48911398,4294986012
49089703,0
49090070,0
49911041,18446744069414565658
49911407,4294985958
50089361,0
50089712,0
50910698,18446744069414565695
50911048,4294985921
51089002,0
51089353,0
51910706,18446744069414565747
51911057,4294985869
52089010,0
52089361,0
52910718,18446744069414565781
52911068,4294985835
53089022,0
53089373,0
53910726,18446744069414565819
53911076,4294985797
54089030,0
54089381,0
54910736,18446744069414565860
54911086,4294985756
55089040,0
55089391,0
55910749,18446744069414565897
55911099,4294985719
56089053,0
56089404,0
56910756,18446744069414565935
56911106,4294985681
57089060,0
57089411,0
57910765,18446744069414565968
57911115,4294985648
58089070,0
58089420,0
58910775,18446744069414565999
58911126,4294985617
59089079,0
59089430,0
PMU buffer 3
3910858,1242569
4910601,384047
4910967,36509802033
4911333,0
5089638,0
5090004,0
5910611,18446744037199773971
5910976,36509777645
6089281,0
6089647,0
6910621,18446744037199799599
6910986,36509752017
7089291,0
7089657,0
7910630,18446744037199825239
7910996,36509726377
8089301,0
8089667,0
8910642,18446744037199850914
8911007,36509700702
9089312,0
9089678,0
9910652,18446744037199876503
9911017,36509675113
10089322,0
10089688,0
10910661,18446744037199902112
10911027,36509649504
11089331,0
11089698,0
11910673,18446744037199927728
11911038,36509623888
12089343,0
12089709,0
12910681,18446744037199953305
12911047,36509598311
13089351,0
13089717,0
13910694,18446744037199978945
13911059,36509572671
14089363,0
14089730,0
14910704,18446744037200004836
14911069,36509546780
15089374,0
15089740,0
15910713,18446744037200030716
15911078,36509520900
16089383,0
16089749,0
16910724,18446744037200056664
16911090,36509494952
17089395,0
17089761,0
17910733,18446744037200082562
17911099,36509469054
18089403,0
18089770,0
18910741,18446744037200108468
18911106,36509443148
19089410,0
19089777,0
19910752,18446744037200134381
19911117,36509417235
20089421,0
20089788,0
20910760,18446744037200160109
20911125,36509391507
21089430,0
21089796,0
21910770,18446744037200185727
21911136,36509365889
22089440,0
22089806,0
22910781,18446744037200211361
22911147,36509340255
23089451,0
23089817,0
23910788,18446744037200236924
23911154,36509314692
24089459,0
24089825,0
24910799,18446744037200262352
24911164,36509289264
25089469,0
25089835,0
25910807,18446744037200287837
25911173,36509263779
26089477,0
26089844,0
26910814,18446744037200313579
26911180,36509238037
27089485,0
27089851,0
27910823,18446744037200338752
27911188,36509212864
28089493,0
28089859,0
28910835,18446744037200364313
28911200,36509187303
29089505,0
29089871,0
29910845,18446744037200389767
29911210,36509161849
30089515,0
30089881,0
30910855,18446744037200415231
30911220,36509136385
31089524,0
31089890,0
31910867,18446744037200440755
31911232,36509110861
32089537,0
32089903,0
32910876,18446744037200466207
32911241,36509085409
33089546,0
33089913,0
33910886,18446744037200491643
33911251,36509059973
34089556,0
34089922,0
34910895,18446744037200517213
34911260,36509034403
35089565,0
35089931,0
35910907,18446744037200542656
35911272,36509008960
36089577,0
36089943,0
36910916,18446744037200568234
36911282,36508983382
37089587,0
37089953,0
37910923,18446744037200593788
37911288,36508957828
38089593,0
38089959,0
38910934,18446744037200619261
38911300,36508932355
39089604,0
39089971,0
39910944,18446744037200644798
39911310,36508906818
40089615,0
40089981,0
40910952,18446744037200670247
40911318,36508881369
41089622,0
41089988,0
41910963,18446744037200695725
41911328,36508855891
42089633,0
42089999,0
42910971,18446744037200721263
42911336,36508830353
43089642,0
43090008,0
43910980,18446744037200746886
43911346,36508804730
44089651,0
44090017,0
44910991,18446744037200772352
44911356,36508779264
45089661,0
45090027,0
45911000,18446744037200797922
45911365,36508753694
46089669,0
46090035,0
46911010,18446744037200823383
46911375,36508728233
47089680,0
47090046,0
47911021,18446744037200848837
47911387,36508702779
48089692,0
48090058,0
48911033,18446744037200874386
48911398,36508677230
49089703,0
49090070,0
49911041,18446744037200899819
49911407,36508651797
50089361,0
50089712,0
50910698,18446744037200919013
50911048,36508632603
51089002,0
51089353,0
51910707,18446744037200937663
51911057,36508613953
52089011,0
52089361,0
52910719,18446744037200956313
52911069,36508595303
53089022,0
53089373,0
53910727,18446744037200974870
53911077,36508576746
54089030,0
54089381,0
54910736,18446744037200993513
54911086,36508558103
55089040,0
55089391,0
55910749,18446744037201012145
55911099,36508539471
56089053,0
56089404,0
56910757,18446744037201030731
56911107,36508520885
57089061,0
57089411,0
57910766,18446744037201049207
57911116,36508502409
58089070,0
58089420,0
58910776,18446744037201067798
58911126,36508483818
59089079,0
59089430,0
PMU buffer 4
3910858,6738
4910601,10014
4910967,21
4911333,21
5089638,1154
5090004,0
5910611,10330
5910976,18
6089281,1133
6089647,1
6910621,10051
6910986,19
7089291,1153
7089657,0
7910631,10042
7910996,19
8089301,1156
8089667,0
8910642,10117
8911007,18
9089312,1137
9089678,0
9910652,9818
9911017,20
10089322,1125
10089689,0
10910661,9975
10911027,20
11089331,1137
11089698,0
11910673,9829
11911038,19
12089343,1119
12089709,0
12910682,9916
12911047,18
13089351,1139
13089718,0
13910694,9990
13911059,18
14089363,1112
14089730,1
14910704,10017
14911069,20
15089374,1123
15089740,2
15910713,9795
15911079,19
16089383,1144
16089749,1
16910724,9984
16911090,20
17089395,1087
17089761,1
17910734,9844
17911099,20
18089403,1132
18089770,2
18910741,9836
18911106,18
19089410,1127
19089777,1
19910752,10388
19911117,17
20089421,1080
20089788,1
20910760,9860
20911125,20
21089430,1068
21089796,1
21910770,9685
21911136,20
22089440,1061
22089807,1
22910781,10953
22911147,19
23089451,1040
23089818,1
23910788,9735
23911154,20
24089459,1095
24089825,1
24910799,9430
24911164,21
25089469,1034
25089835,3
25910807,10384
25911173,19
26089477,1077
26089844,3
26910815,9668
26911180,19
27089485,1082
27089851,3
27910823,9633
27911188,19
28089493,1038
28089859,5
28910835,9767
28911200,19
29089505,1073
29089871,6
29910845,9580
29911210,23
30089515,1079
30089882,5
30910855,9772
30911220,21
31089524,990
31089890,7
31910867,9669
31911232,18
32089537,1074
32089903,5
32910876,9647
32911241,22
33089546,1077
33089913,5
33910886,9584
33911251,22
34089556,1048
34089923,5
34910895,9696
34911260,19
35089565,1072
35089931,5
35910907,9485
35911272,20
36089577,1067
36089943,5
36910916,10047
36911282,21
37089587,1049
37089953,5
37910923,9627
37911288,19
38089593,1069
38089959,5
38910934,10007
38911300,19
39089604,1029
39089971,5
39910945,9733
39911310,19
40089615,1074
40089981,5
40910953,9639
40911318,19
41089622,1054
41089988,5
41910963,9904
41911328,24
42089633,1018
42089999,6
42910971,9637
42911336,19
43089642,1071
43090008,5
43910981,9592
43911346,20
44089651,1079
44090017,6
44910991,9527
44911356,21
45089661,1041
45090027,6
45911000,9748
45911365,19
46089669,1052
46090035,6
46911010,9821
46911375,18
47089680,1069
47090046,5
47911022,9549
47911387,20
48089692,1036
48090058,8
48911033,9767
48911399,19
49089703,1076
49090070,5
49911042,9828
49911407,23
50089361,1036
50089712,5
50910698,9763
50911048,26
51089002,1082
51089353,0
51910707,9752
51911057,20
52089011,1063
52089361,1
52910719,9933
52911069,22
53089022,1013
53089373,0
53910727,9602
53911077,21
54089031,1071
54089381,0
54910737,9793
54911086,20
55089040,1073
55089391,0
55910750,9775
55911099,21
56089053,1024
56089404,0
56910757,9569
56911107,23
57089061,1070
57089411,0
57910766,9736
57911116,20
58089070,1071
58089421,0
58910776,9624
58911126,22
59089079,1025
59089430,3
PMU buffer 5
3910858,191
4910601,52
4910967,4
4911333,5
5089638,4
5090004,0
5910611,23
5910977,0
6089281,1
6089647,0
6910622,4
6910987,1
7089291,1
7089657,0
7910631,7
7910996,0
8089301,1
8089667,0
8910643,7
8911007,0
9089312,2
9089678,0
9910653,9
9911018,0
10089322,2
10089689,0
10910662,12
10911027,2
11089331,2
11089698,0
11910673,11
11911038,1
12089343,2
12089709,0
12910682,7
12911047,1
13089352,3
13089718,0
13910695,11
13911060,0
14089364,1
14089730,0
14910704,15
14911070,0
15089374,1
15089740,0
15910714,5
15911079,1
16089383,1
16089749,0
16910725,5
16911090,1
17089395,1
17089761,0
17910734,7
17911099,0
18089403,2
18089770,0
18910742,6
18911107,1
19089410,1
19089777,0
19910753,10
19911118,0
20089421,1
20089788,0
20910761,8
20911126,1
21089430,1
21089796,0
21910771,6
21911136,0
22089440,3
22089807,0
22910782,10
22911147,0
23089451,3
23089818,0
23910789,6
23911154,1
24089459,2
24089825,0
24910800,8
24911165,0
25089469,2
25089835,0
25910808,7
25911173,2
26089477,1
26089844,0
26910815,9
26911180,0
27089485,0
27089851,0
27910823,12
27911188,0
28089493,0
28089859,0
28910835,10
28911201,1
29089505,1
29089871,0
29910845,9
29911211,0
30089515,0
30089882,0
30910856,13
30911221,1
31089524,0
31089890,0
31910867,8
31911232,1
32089537,0
32089903,0
32910877,4
32911242,0
33089547,0
33089913,0
33910887,10
33911252,0
34089557,0
34089923,0
34910895,9
34911260,1
35089565,0
35089931,0
35910907,10
35911272,2
36089577,1
36089943,0
36910917,11
36911282,0
37089587,0
37089953,0
37910923,8
37911289,0
38089593,0
38089959,0
38910935,14
38911300,0
39089604,0
39089971,0
39910945,10
39911310,1
40089615,0
40089981,0
40910953,9
40911318,1
41089622,0
41089989,0
41910964,12
41911329,2
42089633,0
42089999,0
42910972,11
42911337,0
43089642,0
43090008,0
43910981,7
43911346,0
44089651,0
44090017,0
44910991,11
44911356,0
45089661,0
45090027,0
45911000,12
45911365,0
46089669,0
46090035,0
46911010,11
46911376,0
47089680,0
47090046,0
47911022,11
47911387,0
48089692,0
48090058,0
48911033,6
48911399,1
49089704,0
49090070,0
49911042,10
49911407,0
50089361,0
50089712,0
50910699,7
50911048,0
51089002,0
51089353,0
51910707,9
51911057,0
52089011,0
52089362,0
52910719,8
52911069,1
53089022,0
53089373,0
53910728,5
53911077,2
54089031,0
54089381,0
54910737,9
54911086,1
55089040,0
55089391,0
55910750,10
55911100,0
56089054,0
56089404,0
56910757,11
56911107,0
57089061,0
57089412,0
57910766,7
57911116,0
58089070,0
58089421,0
58910776,9
58911126,0
59089079,0
59089430,0
PMU buffer 6
3910859,42492
4910601,38412
4910967,27
4911333,10
5089638,203
5090004,4
5910612,53351
5910977,20
6089281,130
6089648,6
6910622,51731
6910987,23
7089291,135
7089657,5
7910631,51504
7910996,24
8089301,150
8089667,5
8910643,53103
8911007,19
9089312,152
9089678,4
9910653,51557
9911018,21
10089322,153
10089689,4
10910662,51794
10911027,20
11089331,159
11089698,4
11910674,52123
11911039,21
12089343,144
12089709,5
12910682,51688
12911047,20
13089352,163
13089718,5
13910695,52329
13911060,23
14089364,159
14089730,6
14910704,51520
14911070,22
15089374,151
15089740,4
15910714,51349
15911079,22
16089383,146
16089749,4
16910725,52922
16911090,20
17089395,143
17089761,4
17910734,51585
17911099,21
18089404,160
18089770,5
18910742,51605
18911107,18
19089411,146
19089777,4
19910753,52858
19911118,24
20089421,143
20089788,4
20910761,51704
20911126,22
21089430,145
21089796,4
21910771,51550
21911136,23
22089440,143
22089807,4
22910782,52627
22911147,23
23089451,166
23089818,4
23910789,51553
23911154,22
24089459,152
24089825,5
24910800,52333
24911165,24
25089469,152
25089835,5
25910808,51984
25911173,26
26089477,140
26089844,4
26910815,51433
26911180,22
27089485,157
27089851,4
27910823,52871
27911188,19
28089493,126
28089859,4
28910835,51619
28911201,23
29089505,136
29089872,4
29910846,51206
29911211,18
30089515,125
30089882,4
30910856,53160
30911221,24
31089524,135
31089891,4
31910867,51618
31911232,20
32089537,124
32089903,4
32910877,51874
32911242,24
33089547,151
33089913,5
33910887,52957
33911252,19
34089557,150
34089923,4
34910896,51312
34911260,22
35089565,144
35089931,4
35910907,52002
35911272,23
36089577,126
36089943,5
36910917,52279
36911282,27
37089587,124
37089953,5
37910924,51295
37911289,24
38089593,135
38089960,4
38910935,52256
38911300,21
39089604,118
39089971,4
39910945,51474
39911310,19
40089615,131
40089981,4
40910953,51471
40911318,20
41089622,127
41089989,5
41910964,52934
41911329,27
42089633,109
42089999,5
42910972,51623
42911337,21
43089642,125
43090008,5
43910981,51788
43911346,19
44089651,148
44090017,5
44910991,52971
44911356,20
45089661,147
45090027,5
45911000,51664
45911365,19
46089669,153
46090035,5
46911010,51956
46911376,24
47089680,145
47090046,5
47911022,52345
47911387,20
48089692,125
48090058,5
48911034,51642
48911399,21
49089704,125
49090070,6
49911042,52613
49911407,26
50089361,131
50089712,4
50910699,51667
50911049,24
51089003,161
51089353,4
51910707,51503
51911057,22
52089011,125
52089362,4
52910719,53120
52911069,25
53089022,123
53089373,4
53910728,51408
53911077,23
54089031,135
54089381,6
54910737,51769
54911087,23
55089040,159
55089391,4
55910750,53438
55911100,24
56089054,138
56089404,4
56910758,51334
56911107,24
57089061,130
57089412,6
57910766,51816
57911116,19
58089070,147
58089421,4
58910776,51992
58911126,29
59089079,147
59089430,5
PMU buffer 7
3910859,23268
4910602,133650
4910967,68
4911333,41
5089638,397
5090005,3
5910612,175818
5910977,41
6089282,284
6089648,4
6910622,167063
6910987,49
7089291,283
7089657,4
7910632,165288
7910996,48
8089302,303
8089667,3
8910643,174134
8911007,45
9089312,302
9089678,3
9910653,164484
9911018,50
10089323,300
10089689,3
10910663,169144
10911027,47
11089331,310
11089698,3
11910674,171631
11911039,43
12089343,294
12089709,3
12910683,165336
12911047,39
13089352,303
13089718,3
13910695,172409
13911060,46
14089364,330
14089730,5
14910705,169762
14911070,47
15089374,293
15089740,3
15910714,164509
15911079,47
16089383,301
16089749,3
16910725,175500
16911090,38
17089395,299
17089761,3
17910735,167069
17911099,44
18089404,315
18089770,4
18910742,164851
18911107,38
19089411,284
19089777,3
19910753,174051
19911118,53
20089422,294
20089788,3
20910761,166737
20911126,40
21089430,308
21089796,3
21910771,167614
21911136,44
22089441,270
22089807,3
22910782,174223
22911147,47
23089452,321
23089818,3
23910790,162834
23911155,42
24089459,294
24089825,4
24910800,172095
24911165,45
25089469,306
25089835,4
25910808,171784
25911173,47
26089477,280
26089844,4
26910816,164394
26911180,51
27089485,288
27089852,3
27910824,174348
27911188,45
28089493,227
28089859,3
28910836,169023
28911201,46
29089506,248
29089872,4
29910846,163835
29911211,49
30089516,233
30089882,3
30910856,175043
30911221,49
31089524,252
31089891,3
31910868,166647
31911232,47
32089537,229
32089903,3
32910877,167576
32911242,49
33089547,268
33089913,4
33910887,175574
33911252,46
34089557,273
34089923,3
34910896,163117
34911260,45
35089565,280
35089931,3
35910908,172297
35911272,46
36089577,238
36089943,4
36910917,171420
36911282,54
37089587,253
37089953,3
37910924,164062
37911289,49
38089593,239
38089960,3
38910936,172840
38911300,42
39089604,234
39089971,3
39910945,170205
39911310,42
40089615,247
40089981,3
40910954,165339
40911318,41
41089622,235
41089989,4
41910964,175551
41911329,46
42089633,223
42090000,4
42910972,167009
42911337,47
43089642,247
43090008,4
43910982,165260
43911346,48
44089651,265
44090017,4
44910992,175205
44911356,45
45089661,271
45090027,4
45911001,164150
45911365,38
46089669,267
46090035,4
46911011,171010
46911376,48
47089680,263
47090046,4
47911023,172115
47911387,41
48089692,241
48090058,4
48911034,163309
48911399,50
49089704,234
49090070,5
49911042,174675
49911407,44
50089361,262
50089712,3
50910700,170245
50911049,55
51089003,295
51089353,3
51910708,165847
51911057,42
52089011,244
52089362,3
52910720,177353
52911069,47
53089023,231
53089373,3
53910728,166530
53911077,45
54089031,260
54089381,4
54910738,166426
54911087,52
55089040,287
55089391,3
55910751,176068
55911100,49
56089054,263
56089404,3
56910758,164520
56911107,53
57089061,236
57089412,5
57910767,169352
57911116,44
58089070,266
58089421,3
58910777,171007
58911126,52
59089080,285
59089430,3
PMU buffer 8
3910859,21932
4910602,124943
4910967,60
4911333,37
5089638,322
5090005,2
5910612,162470
5910977,36
6089282,244
6089648,3
6910622,154834
6910987,43
7089291,244
7089657,3
7910632,152434
7910996,40
8089302,254
8089668,3
8910643,161141
8911008,38
9089312,242
9089678,1
9910653,151996
9911018,48
10089323,259
10089689,3
10910663,156089
10911027,40
11089331,268
11089698,2
11910674,158599
11911039,39
12089343,250
12089709,3
12910683,152578
12911047,33
13089352,264
13089718,2
13910695,159445
13911060,41
14089364,283
14089730,3
14910705,157265
14911070,39
15089374,237
15089740,3
15910714,151691
15911079,44
16089383,256
16089749,2
16910726,162389
16911090,33
17089395,255
17089761,3
17910735,154640
17911100,37
18089404,270
18089770,3
18910742,152001
18911107,33
19089411,237
19089777,3
19910753,161029
19911118,46
20089422,252
20089788,3
20910761,154182
20911126,32
21089430,266
21089796,2
21910771,154739
21911136,38
22089441,238
22089807,3
22910782,161319
22911147,40
23089452,270
23089818,3
23910790,150245
23911155,34
24089459,249
24089825,3
24910800,159277
24911165,40
25089469,267
25089835,3
25910809,158927
25911173,41
26089478,246
26089844,4
26910816,151710
26911181,48
27089485,248
27089852,2
27910824,161282
27911188,36
28089493,188
28089859,3
28910836,156553
28911201,38
29089506,210
29089872,4
29910846,151092
29911211,44
30089516,196
30089882,3
30910856,162020
30911221,41
31089524,217
31089891,3
31910868,154114
31911232,39
32089537,189
32089903,3
32910878,154648
32911242,45
33089547,234
33089913,2
33910887,162501
33911252,42
34089557,237
34089923,2
34910896,150617
34911261,44
35089565,223
35089931,3
35910908,159421
35911273,37
36089577,207
36089943,3
36910917,158609
36911282,44
37089587,211
37089953,2
37910924,151325
37911289,42
38089593,201
38089960,3
38910936,159909
38911300,33
39089604,192
39089971,3
39910946,157587
39911310,36
40089615,214
40089981,2
40910954,152422
40911318,38
41089622,190
41089989,3
41910964,162591
41911329,41
42089633,185
42090000,4
42910972,154569
42911337,42
43089642,206
43090008,4
43910982,152387
43911346,41
44089651,219
44090017,4
44910992,162322
44911357,43
45089661,232
45090027,4
45911001,151522
45911366,32
46089669,230
46090035,3
46911011,158088
46911376,44
47089680,213
47090046,3
47911023,159258
47911388,36
48089692,208
48090058,4
48911034,150612
48911399,45
49089704,187
49090070,3
49911043,161561
49911407,42
50089361,218
50089712,3
50910700,157567
50911049,50
51089003,238
51089354,2
51910708,152869
51911057,39
52089011,210
52089362,3
52910720,164220
52911069,44
53089023,199
53089373,3
53910728,154133
53911077,42
54089031,213
54089381,2
54910738,153508
54911087,44
55089040,233
55089391,3
55910751,162999
55911100,39
56089054,225
56089404,3
56910758,152129
56911107,48
57089061,202
57089412,4
57910767,156622
57911116,36
58089070,219
58089421,2
58910777,158146
58911126,45
59089080,240
59089430,2
PMU buffer 9
3910859,4616
4910602,8708
4910968,26
4911333,17
5089638,1118
5090005,0
5910613,18547
5910977,20
6089282,1136
6089648,1
6910623,4876
6910987,24
7089291,1104
7089657,1
7910632,4977
7910996,22
8089302,1115
8089668,1
8910644,4813
8911008,21
9089312,1082
9089678,1
9910654,4670
9911018,21
10089323,1124
10089689,0
10910663,4843
10911027,25
11089331,1116
11089698,0
11910675,6327
11911039,21
12089344,1108
12089710,0
12910683,4864
12911048,20
13089352,1121
13089718,0
13910696,4747
13911060,22
14089364,1129
14089730,0
14910705,4787
14911070,22
15089374,1113
15089741,3
15910715,4790
15911079,23
16089383,1124
16089750,3
16910726,4792
16911091,21
17089395,1166
17089762,3
17910735,4824
17911100,23
18089404,1127
18089770,3
18910743,4823
18911107,24
19089411,1113
19089777,3
19910754,10562
19911118,20
20089422,1064
20089788,3
20910762,4763
20911126,23
21089430,1040
21089797,2
21910772,4754
21911136,20
22089441,1043
22089807,2
22910783,10806
22911147,18
23089452,1021
23089818,2
23910790,4693
23911155,18
24089459,1048
24089826,2
24910801,6599
24911165,22
25089469,1003
25089835,3
25910809,8470
25911173,22
26089478,1028
26089844,3
26910816,4532
26911181,20
27089485,1045
27089852,3
27910824,6094
27911189,22
28089493,1020
28089860,6
28910836,4595
28911201,20
29089506,1026
29089872,6
29910847,4552
29911211,19
30089516,1040
30089882,6
30910857,4367
30911221,22
31089524,965
31089891,8
31910868,4562
31911233,20
32089537,1025
32089903,6
32910878,4535
32911242,21
33089547,1032
33089913,6
33910888,7733
33911252,21
34089557,1014
34089923,6
34910897,4623
34911261,22
35089565,1041
35089931,6
35910908,7510
35911273,20
36089577,1030
36089943,6
36910918,7083
36911283,20
37089587,1012
37089953,6
37910924,4637
37911289,21
38089593,1033
38089960,6
38910936,11280
38911300,21
39089604,1022
39089971,6
39910946,4550
39911310,21
40089615,1032
40089981,6
40910954,4508
40911318,21
41089623,1024
41089989,6
41910965,4497
41911329,23
42089633,1076
42090000,6
42910973,4565
42911337,22
43089642,1038
43090008,6
43910982,4467
43911347,18
44089651,1041
44090017,6
44910992,7500
44911357,19
45089661,1009
45090027,6
45911001,4591
45911366,18
46089669,1014
46090036,6
46911012,4488
46911376,21
47089680,1032
47090046,6
47911023,6299
47911388,19
48089692,1018
48090058,8
48911035,4598
48911399,20
49089704,1033
49090070,6
49911043,74428
49911408,107
50089361,26208
50089712,2
50910700,4533
50911049,23
51089003,1033
51089354,0
51910708,4578
51911057,20
52089011,1037
52089362,0
52910720,13073
52911069,22
53089023,1015
53089373,0
53910728,4565
53911077,22
54089031,1033
54089382,0
54910738,4579
54911087,24
55089040,1041
55089391,0
55910751,11663
55911100,23
56089054,1025
56089405,0
56910759,4584
56911107,23
57089061,1037
57089412,0
57910767,4490
57911116,21
58089070,1036
58089421,0
58910777,4406
58911126,19
59089080,1009
59089430,3
end_data
begin_data
System buffer 0
3968506,0
4968245,0
5090007,5090007
5090372,18446744073704461609
5253651,5253651
5254008,357
6090254,18446744073704297608
6090616,0
6253874,6253874
6254231,357
7090263,18446744073703297385
7090625,0
7253874,7253874
7254231,357
8090273,18446744073702297385
8090634,0
8253905,8253905
8254262,357
9090284,18446744073701297354
9090646,0
9253929,9253929
9254286,357
10090295,18446744073700297330
10090656,0
10253927,10253926
10254283,357
11090304,18446744073699297333
11090665,0
11253924,11253924
11254281,357
12090316,18446744073698297335
12090678,0
12253968,12253968
12254324,357
13090324,18446744073697297291
13090685,0
13253954,13253954
13254311,357
14090336,18446744073696297305
14090697,0
14253942,14253942
14254298,357
15090346,18446744073695297317
15090707,0
15253978,15253978
15254335,357
16090355,18446744073694297281
16090717,0
16254009,16254009
16254366,357
17090367,18446744073693297250
17090728,0
17253989,17253989
17254346,357
18090376,18446744073692297270
18090737,0
18253984,18253984
18254340,357
19090384,18446744073691297275
19090745,0
19254008,19254007
19254364,357
20090395,18446744073690297252
20090756,0
20254047,20254047
20254404,357
21090402,18446744073689297212
21090763,0
21254026,21254026
21254383,357
22090413,18446744073688297233
22090774,0
22254044,22254044
22254400,357
23090424,18446744073687297215
23090785,0
23254065,23254065
23254422,357
24090432,18446744073686297194
24090793,0
24254074,24254074
24254431,357
25090442,18446744073685297185
25090803,0
25254062,25254062
25254419,357
26090450,18446744073684297197
26090811,0
26254080,26254080
26254438,358
27090457,4611686018401133465
27090818,13835058055282163713
27254078,27254078
27254435,357
28090465,18446744073682297181
28090826,0
28254108,28254107
28254465,358
29090477,18446744073681297151
29090839,0
29254115,29254114
29254471,358
30090488,18446744073680297144
30090849,0
30254103,30254103
30254460,357
31090498,18446744073679297156
31090859,0
31254151,31254151
31254508,357
32090508,18446744073678297108
32090870,0
32254134,32254134
32254491,357
33090518,18446744073677297125
33090880,0
33254149,33254149
33254506,357
34090529,18446744073676297110
34090890,0
34254145,34254145
34254502,357
35090537,18446744073675297114
35090898,0
35254174,35254174
35254530,357
36090549,18446744073674297085
36090910,0
36254178,36254178
36254534,357
37090559,18446744073673297081
37090920,0
37254192,37254192
37254549,358
38090565,18446744073672297066
38090926,0
38254211,38254211
38254568,357
39090576,18446744073671297048
39090938,0
39254216,39254216
39254573,357
40090586,18446744073670297043
40090947,0
40254222,40254222
40254579,358
41090594,18446744073669297036
41090955,0
41254213,41254212
41254569,358
42090604,18446744073668297046
42090965,0
42254237,42254237
42254594,357
43090614,18446744073667297022
43090975,0
43254243,43254242
43254599,357
44090623,18446744073666297017
44090985,0
44254256,44254256
44254612,356
45090633,18446744073665297004
45090994,0
45254296,45254296
45254653,357
46090642,18446744073664296963
46091003,0
46254275,46254275
46254632,357
47090653,18446744073663296984
47091014,0
47254271,47254271
47254628,357
48090664,18446744073662296988
48091025,0
48254304,48254304
48254661,357
49090675,18446744073661296955
49091036,0
49254306,49254305
49254662,358
50090684,18446744073660296953
50090694,0
50253966,50253966
50253972,6
51090692,18446744073659297644
51090703,0
51253940,51253940
51253946,6
52090700,18446744073658297670
52090710,0
52253985,52253985
52253991,6
53090712,18446744073657297625
53090722,0
53253992,53253992
53253998,6
54090720,18446744073656297618
54090729,0
54253967,54253966
54253973,7
55090730,18446744073655297643
55090740,0
55253986,55253986
55253991,5
56090743,18446744073654297625
56090753,0
56254015,56254015
56254021,6
57090750,18446744073653297595
57090761,0
57254004,57254004
57254010,6
58090759,18446744073652297606
58090769,0
58254022,58254022
58254028,6
59090769,18446744073651297588
59090779,0
59254036,59254036
59254042,6
System buffer 1
3968508,1503999999
4968246,0
5090009,0
5090374,0
5253652,0
5254009,0
6090256,0
6090617,0
6253875,0
6254232,0
7090264,0
7090626,0
7253876,0
7254232,0
8090274,0
8090635,0
8253907,0
8254263,0
9090286,0
9090647,0
9253931,0
9254288,0
10090296,0
10090657,0
10253928,0
10254284,0
11090305,0
11090666,0
11253925,0
11254282,0
12090317,0
12090679,0
12253969,0
12254326,0
13090325,0
13090686,0
13253956,0
13254312,0
14090337,0
14090698,0
14253943,0
14254300,0
15090347,0
15090708,0
15253980,0
15254336,0
16090357,0
16090718,0
16254010,0
16254367,0
17090368,0
17090729,0
17253990,0
17254347,0
18090377,0
18090738,0
18253985,0
18254342,0
19090385,0
19090746,0
19254009,0
19254365,0
20090396,0
20090757,0
20254048,0
20254405,0
21090404,0
21090765,0
21254028,0
21254384,0
22090414,0
22090775,0
22254045,0
22254402,0
23090425,0
23090786,0
23254066,0
23254424,0
24090433,0
24090794,0
24254075,0
24254432,0
25090443,0
25090804,0
25254063,0
25254420,0
26090451,0
26090812,0
26254082,0
26254439,0
27090458,0
27090819,0
27254080,0
27254436,0
28090466,0
28090827,0
28254109,0
28254466,0
29090478,0
29090840,0
29254116,0
29254473,0
30090489,0
30090850,0
30254104,0
30254461,0
31090499,0
31090860,0
31254152,0
31254509,0
32090510,0
32090871,0
32254135,0
32254492,0
33090520,0
33090881,0
33254150,0
33254507,0
34090530,0
34090891,0
34254147,0
34254503,0
35090538,0
35090899,0
35254175,0
35254532,0
36090550,0
36090911,0
36254179,0
36254536,0
37090560,0
37090921,0
37254194,0
37254551,0
38090566,0
38090927,0
38254212,0
38254569,0
39090578,0
39090939,0
39254218,0
39254574,0
40090588,0
40090949,0
40254223,0
40254581,0
41090596,0
41090957,0
41254214,0
41254571,0
42090606,0
42090967,0
42254238,0
42254595,0
43090615,0
43090976,0
43254244,0
43254600,0
44090625,0
44090986,0
44254257,0
44254614,0
45090634,0
45090995,0
45254298,0
45254654,0
46090643,0
46091004,0
46254276,0
46254633,0
47090654,0
47091015,0
47254272,0
47254629,0
48090665,0
48091027,0
48254306,0
48254662,0
49090676,0
49091037,0
49254307,0
49254664,0
50090685,0
50090695,0
50253967,0
50253973,0
51090694,0
51090704,0
51253941,0
51253947,0
52090701,0
52090711,0
52253987,0
52253992,0
53090713,0
53090723,0
53253994,0
53254000,0
54090721,0
54090731,0
54253968,0
54253974,0
55090731,0
55090741,0
55253987,0
55253992,0
56090744,0
56090754,0
56254016,0
56254022,0
57090752,0
57090762,0
57254005,0
57254011,0
58090760,0
58090770,0
58254023,0
58254029,0
59090770,0
59090780,0
59254037,0
59254043,0
System buffer 2
3968861,1040
4968600,0
5090370,0
5090737,0
5254006,0
5254372,0
6090609,0
6090976,0
6254229,0
6254595,0
7090618,0
7090984,0
7254229,0
7254596,0
8090628,0
8090994,0
8254260,0
8254627,0
9090639,0
9091006,0
9254284,0
9254650,0
10090650,0
10091016,0
10254281,0
10254648,0
11090659,0
11091025,0
11254279,0
11254645,0
12090671,0
12091037,0
12254323,0
12254689,0
13090679,0
13091045,0
13254309,0
13254675,0
14090691,0
14091057,0
14254297,0
14254663,0
15090701,0
15091067,0
15254333,0
15254699,0
16090710,0
16091077,0
16254364,0
16254730,0
17090722,0
17091088,0
17254344,0
17254710,0
18090731,0
18091097,0
18254338,0
18254705,0
19090739,0
19091105,0
19254362,0
19254729,0
20090750,0
20091116,0
20254402,0
20254768,0
21090757,0
21091124,0
21254381,0
21254747,0
22090768,0
22091134,0
22254399,0
22254765,0
23090779,0
23091145,0
23254420,0
23254786,0
24090787,0
24091153,0
24254429,0
24254795,0
25090797,0
25091163,0
25254417,0
25254783,0
26090805,0
26091171,0
26254435,0
26254802,0
27090812,0
27091178,0
27254433,0
27254800,0
28090820,0
28091186,0
28254463,0
28254829,0
29090832,0
29091198,0
29254469,0
29254836,0
30090843,0
30091209,0
30254458,0
30254824,0
31090853,0
31091219,0
31254506,0
31254872,0
32090863,0
32091230,0
32254489,0
32254855,0
33090873,0
33091240,0
33254504,0
33254870,0
34090884,0
34091250,0
34254500,0
34254867,0
35090892,0
35091258,0
35254529,0
35254895,0
36090903,0
36091270,0
36254533,0
36254899,0
37090914,0
37091280,0
37254547,0
37254914,0
38090920,0
38091286,0
38254566,0
38254932,0
39090931,0
39091298,0
39254571,0
39254937,0
40090941,0
40091308,0
40254577,0
40254943,0
41090949,0
41091315,0
41254568,0
41254934,0
42090959,0
42091326,0
42254592,0
42254958,0
43090969,0
43091335,0
43254597,0
43254964,0
44090978,0
44091345,0
44254611,0
44254977,0
45090988,0
45091354,0
45254651,0
45255017,0
46090997,0
46091363,0
46254630,0
46254996,0
47091007,0
47091374,0
47254626,0
47254992,0
48091019,0
48091385,0
48254659,0
48255026,0
49091030,0
49091396,0
49254660,0
49255027,0
50090688,0
50091039,0
50253970,0
50254320,0
51090696,0
51091047,0
51253944,0
51254295,0
52090704,0
52091055,0
52253989,0
52254340,0
53090716,0
53091067,0
53253997,0
53254347,0
54090724,0
54091074,0
54253970,0
54254321,0
55090734,0
55091085,0
55253990,0
55254340,0
56090747,0
56091097,0
56254019,0
56254370,0
57090754,0
57091105,0
57254008,0
57254359,0
58090763,0
58091114,0
58254026,0
58254377,0
59090773,0
59091123,0
59254040,0
59254391,0
PMU buffer 0
3968861,780344472
4968600,85307527
5090371,18446744073305690491
5090737,549089
5254006,244903700
5254372,549324
6090610,171904767
6090976,97453028
6254229,244879938
6254595,549173
7090618,18446744073375532308
7090984,603363652
7254229,244867570
7254596,549569
8090628,18446744072869639612
8090994,1109245456
8254260,244898968
8254627,549357
9090640,18446744072363736503
9091006,1615157599
9254284,244917956
9254650,549033
10090650,18446744071857794832
10091016,2121089609
10254282,244897884
10254648,549227
11090659,18446744071351888361
11091025,2627002764
11254279,244880388
11254645,549573
12090671,18446744070845993423
12091037,3132903792
12254323,244928278
12254689,549441
13090679,18446744070340034630
13091045,3638850620
13254309,244895854
13254676,549379
14090691,18446744069834264727
14091057,4144631357
14254297,244859716
14254663,549245
15090701,18446744069328512321
15091067,4650381560
15254333,244898878
15254700,549325
16090711,18446744068822721292
16091077,5156163192
16254364,244930640
16254730,549563
17090722,18446744068316913012
17091088,5661984249
17254344,244884278
17254710,548895
18090731,18446744067811136982
18091097,6167753508
18254339,244862148
18254705,549509
19090739,18446744067305383975
19091105,6673503033
19254363,244886452
19254729,549419
20090750,18446744066799622895
20091116,7179274753
20254402,244928574
20254768,548989
21090758,18446744066293794903
21091124,7685090350
21254381,244886298
21254747,549237
22090768,18446744065788015420
22091134,8190875633
22254399,244896570
22254765,548995
23090779,18446744065282225454
23091145,8696674325
23254420,244913118
23254786,549115
24090787,18446744064776404399
24091153,9202490300
24254429,244914058
24254795,549175
25090797,18446744064270592154
25091163,9708307588
25254417,244881230
25254783,549183
26090805,18446744063764807171
26091171,10214091568
26254436,244896996
26254802,549417
27090812,18446744063255279593
27091178,10723611206
27254433,244882482
27254800,549355
28090820,18446744062747804392
28091186,11231103556
28254463,244915120
28254829,549203
29090832,18446744062241979061
29091199,11736915324
29254470,244906574
29254836,549419
30090843,18446744061736167914
30091209,12242728762
30254458,244873716
30254824,549123
31090853,18446744061230396389
31091219,12748505679
31254506,244930540
31254872,549359
32090864,18446744060724564330
32091230,13254329782
32254489,244888762
32254855,549593
33090874,18446744060218775492
33091240,13760116991
33254504,244896722
33254870,549177
34090884,18446744059712979331
34091250,14265923464
34254500,244875360
34254867,549569
35090892,18446744059207193645
35091258,14771695912
35254529,244906328
35254895,549269
36090904,18446744058701394997
36091270,15277497119
36254533,244894714
36254899,549429
37090914,18446744058195612294
37091280,15783285516
37254547,244900724
37254914,549449
38090920,18446744057689802675
38091286,16289090613
38254566,244919732
38254932,549259
39090932,18446744057183993266
39091298,16794906362
39254571,244910430
39254937,549169
40090942,18446744056678177821
40091308,17300723928
40254577,244904328
40254943,549053
41090950,18446744056172357827
41091316,17806536216
41254568,244878202
41254934,549061
42090960,18446744055666586473
42091326,18312317444
42254592,244899722
42254958,549209
43090969,18446744055160776040
43091335,18818114839
43254598,244893618
43254964,549341
44090979,18446744054654981973
44091345,19323908849
44254611,244899140
44254977,549153
45090988,18446744054149190511
45091354,19829705438
45254651,244945496
45255018,549281
46090997,18446744053643342805
46091363,20335551720
46254630,244900376
46254996,549069
47091008,18446744053137544365
47091374,20841351709
47254626,244878460
47254992,549197
48091019,18446744052631766318
48091385,21347132766
48254659,244910990
48255026,549517
49091030,18446744052125947533
49091396,21852945724
49254661,244896628
49255027,549303
50090688,18446744051619365746
50091039,22358965202
50253970,244396314
50254321,526101
51090697,18446744051111493173
51091047,22866810038
51253944,244345344
51254295,526373
52090704,18446744050603699877
52091055,23374602355
52253990,244401948
52254340,526345
53090716,18446744050095861203
53091067,23882447086
53253997,244394978
53254348,526343
54090724,18446744049588009186
54091075,24390287576
54253971,244344100
54254321,526283
55090734,18446744049080226944
55091085,24898071373
55253990,244357278
55254340,526107
56090747,18446744048572437044
56091097,25405868904
56254019,244382778
56254370,526273
57090755,18446744048064602878
57091105,25913689309
57254008,244354084
57254359,526271
58090763,18446744047556807548
58091114,26421495949
58254026,244368768
58254377,526341
59090773,18446744047048996092
59091123,26929307890
59254040,244375010
59254391,526161
PMU buffer 1
3968861,19963444
4968600,924764
5090371,443659369
5090737,9583
5254006,162872161
5254372,9506
6090610,18446744073103480275
6090976,873022525
6254229,162872157
6254595,9506
7090619,18446744072674052484
7090985,1302450309
7254230,162872157
7254596,9513
8090629,18446744072244624847
8090994,1731877946
8254261,162872359
8254627,9304
9090640,18446744071815197237
9091006,2161307015
9254285,162872363
9254651,9297
10090650,18446744071385769533
10091016,2590733274
10254282,162872359
10254648,9311
11090660,18446744070956342240
11091025,3020160553
11254279,162872157
11254645,9506
12090672,18446744070526914630
12091037,3449588163
12254323,162872363
12254689,9311
13090680,18446744070097486992
13091045,3879015822
13254310,162872359
13254676,9304
14090691,18446744069668060091
14091057,4308442709
14254297,162872157
14254663,9513
15090702,18446744069238633340
15091067,4737869474
15254333,162872359
15254700,9304
16090711,18446744068809206582
16091077,5167296225
16254364,162872363
16254730,9304
17090722,18446744068379779684
17091088,5596723130
17254344,162872157
17254710,9506
18090731,18446744067950352920
18091097,6026149880
18254339,162872157
18254705,9506
19090739,18446744067520926170
19091105,6455576644
19254363,162872157
19254729,9513
20090750,18446744067091500901
20091116,6885001892
20254402,162872359
20254768,9304
21090758,18446744066662075068
21091124,7314427732
21254381,162872157
21254748,9513
22090768,18446744066232648317
22091134,7743854490
22254399,162872157
22254765,9506
23090780,18446744065803221577
23091145,8173281237
23254421,162872366
23254787,9297
24090787,18446744065373794934
24091153,8602710009
24254429,162872157
24254795,9506
25090797,18446744064944366058
25091163,9032136749
25254417,162872157
25254783,9506
26090805,18446744064514939792
26091171,9461564135
26254436,162872157
26254802,9499
27090813,18446744064085486779
27091179,9891017155
27254434,162872157
27254800,9513
28090820,18446744063656047118
28091186,10320455689
28254463,162872157
28254829,9499
29090833,18446744063226620365
29091199,10749882428
29254470,162872157
29254836,9506
30090843,18446744062797193616
30091209,11179309205
30254458,162872157
30254824,9506
31090853,18446744062367766708
31091219,11608736092
31254506,162872157
31254872,9506
32090864,18446744061938340291
32091230,12038162509
32254489,162872157
32254856,9513
33090874,18446744061508913540
33091240,12467589239
33254504,162872157
33254871,9506
34090884,18446744061079487507
34091250,12897015286
34254501,162872157
34254867,9513
35090892,18446744060650060605
35091258,13326442195
35254529,162872157
35254895,9513
36090904,18446744060220633873
36091270,13755868927
36254533,162872157
36254899,9513
37090914,18446744059791207135
37091280,14185295665
37254548,162872157
37254914,9499
38090920,18446744059361780243
38091286,14614722571
38254566,162872157
38254933,9506
39090932,18446744058932353501
39091298,15044149306
39254571,162872157
39254938,9506
40090942,18446744058502926743
40091308,15473576064
40254577,162872157
40254943,9492
41090950,18446744058073499848
41091316,15903002959
41254568,162872157
41254934,9506
42090960,18446744057644073458
42091326,16332429349
42254592,162872157
42254958,9499
43090969,18446744057214646713
43091335,16761856101
43254598,162872157
43254964,9513
44090979,18446744056785220859
44091345,17191281941
44254611,162872157
44254977,9513
45090989,18446744056355793961
45091354,17620708846
45254651,162872161
45255018,9513
46090997,18446744055926367195
46091363,18050135626
46254630,162872157
46254996,9506
47091008,18446744055496941086
47091374,18479561721
47254626,162872157
47254993,9506
48091020,18446744055067514192
48091385,18908988615
48254659,162872157
48255026,9506
49091030,18446744054638087435
49091396,19338415365
49254661,162872157
49255027,9506
50090689,18446744054208648882
50091039,19767845112
50253970,162864051
50254321,8947
51090697,18446744053779190804
51091047,20197303021
51253944,162864051
51254295,8947
52090705,18446744053349733431
52091055,20626760408
52253990,162864051
52254341,8954
53090716,18446744052920275680
53091067,21056218145
53253997,162864051
53254348,8954
54090724,18446744052490817927
54091075,21485675905
54253971,162864051
54254322,8940
55090735,18446744052061360024
55091085,21915133808
55253990,162864051
55254341,8954
56090747,18446744051631902284
56091098,22344591541
56254019,162864051
56254370,8954
57090755,18446744051202444531
57091105,22774049287
57254008,162864051
57254359,8954
58090763,18446744050772986631
58091114,23203507201
58254026,162864051
58254377,8954
59090773,18446744050343528888
59091124,23632964937
59254040,162864051
59254391,8954
PMU buffer 2
3968861,11135
4968601,346
5090371,4294988599
5090737,0
5254006,0
5254372,0
6090610,18446744069414563068
6090976,4294988548
6254230,0
6254596,0
7090619,18446744069414563100
7090985,4294988516
7254230,0
7254596,0
8090629,18446744069414563125
8090995,4294988491
8254261,0
8254627,0
9090640,18446744069414563148
9091006,4294988468
9254285,0
9254651,0
10090651,18446744069414563210
10091017,4294988406
10254282,0
10254648,0
11090660,18446744069414563257
11091025,4294988359
11254279,0
11254645,0
12090672,18446744069414563299
12091038,4294988317
12254323,0
12254689,0
13090680,18446744069414563342
13091046,4294988274
13254310,0
13254676,0
14090691,18446744069414563382
14091057,4294988234
14254297,0
14254663,0
15090702,18446744069414563420
15091068,4294988196
15254333,0
15254700,0
16090711,18446744069414563464
16091077,4294988152
16254364,0
16254730,0
17090722,18446744069414563504
17091088,4294988112
17254345,0
17254710,0
18090732,18446744069414563542
18091097,4294988074
18254339,0
18254705,0
19090739,18446744069414563583
19091105,4294988033
19254363,0
19254729,0
20090751,18446744069414563928
20091117,4294987688
20254402,0
20254768,0
21090758,18446744069414564014
21091124,4294987602
21254381,0
21254748,0
22090769,18446744069414564054
22091135,4294987562
22254399,0
22254765,0
23090780,18446744069414564102
23091145,4294987514
23254421,0
23254787,0
24090787,18446744069414564211
24091153,4294987405
24254429,0
24254795,0
25090797,18446744069414564262
25091163,4294987354
25254418,0
25254784,0
26090805,18446744069414564328
26091171,4294987288
26254436,0
26254802,0
27090813,18446744069414564377
27091179,4294987239
27254434,0
27254800,0
28090820,18446744069414564474
28091186,4294987142
28254463,0
28254829,0
29090833,18446744069414564530
29091199,4294987086
29254470,0
29254836,0
30090843,18446744069414564580
30091209,4294987036
30254458,0
30254825,0
31090854,18446744069414564643
31091219,4294986973
31254506,0
31254873,0
32090864,18446744069414564698
32091230,4294986918
32254489,0
32254856,0
33090874,18446744069414564745
33091240,4294986871
33254505,0
33254871,0
34090884,18446744069414564803
34091250,4294986813
34254501,0
34254867,0
35090893,18446744069414564851
35091258,4294986765
35254529,0
35254895,0
36090904,18446744069414564896
36091270,4294986720
36254533,0
36254899,0
37090915,18446744069414564950
37091280,4294986666
37254548,0
37254914,0
38090921,18446744069414565000
38091287,4294986616
38254567,0
38254933,0
39090932,18446744069414565055
39091298,4294986561
39254572,0
39254938,0
40090942,18446744069414565100
40091308,4294986516
40254578,0
40254944,0
41090950,18446744069414565148
41091316,4294986468
41254568,0
41254934,0
42090960,18446744069414565206
42091326,4294986410
42254593,0
42254958,0
43090970,18446744069414565253
43091335,4294986363
43254598,0
43254964,0
44090979,18446744069414565326
44091345,4294986290
44254611,0
44254977,0
45090989,18446744069414565376
45091355,4294986240
45254651,0
45255018,0
46090998,18446744069414565431
46091363,4294986185
46254630,0
46254996,0
47091009,18446744069414565493
47091374,4294986123
47254626,0
47254993,0
48091020,18446744069414565549
48091386,4294986067
48254660,0
48255026,0
49091031,18446744069414565612
49091397,4294986004
49254661,0
49255027,0
50090689,18446744069414565663
50091039,4294985953
50253970,0
50254321,0
51090697,18446744069414565701
51091048,4294985915
51253944,0
51254295,0
52090705,18446744069414565750
52091055,4294985866
52253990,0
52254341,0
53090717,18446744069414565784
53091067,4294985832
53253997,0
53254348,0
54090724,18446744069414565829
54091075,4294985787
54253971,0
54254322,0
55090735,18446744069414565865
55091085,4294985751
55253990,0
55254341,0
56090748,18446744069414565898
56091098,4294985718
56254019,0
56254370,0
57090755,18446744069414565935
57091106,4294985681
57254008,0
57254359,0
58090764,18446744069414565968
58091114,4294985648
58254026,0
58254377,0
59090773,18446744069414566001
59091124,4294985615
59254040,0
59254391,0
PMU buffer 3
3968861,1434377
4968601,193859
5090371,36509800413
5090737,0
5254006,0
5254372,0
6090611,18446744037199788905
6090976,36509762711
6254230,0
6254596,0
7090619,18446744037199814521
7090985,36509737095
7254230,0
7254596,0
8090629,18446744037199840161
8090995,36509711455
8254261,0
8254627,0
9090641,18446744037199865819
9091006,36509685797
9254285,0
9254651,0
10090651,18446744037199891420
10091017,36509660196
10254282,0
10254648,0
11090660,18446744037199917032
11091026,36509634584
11254279,0
11254645,0
12090672,18446744037199942637
12091038,36509608979
12254323,0
12254689,0
13090680,18446744037199968225
13091046,36509583391
13254310,0
13254676,0
14090692,18446744037199994142
14091057,36509557474
14254297,0
14254663,0
15090702,18446744037200020035
15091068,36509531581
15254334,0
15254700,0
16090712,18446744037200045927
16091077,36509505689
16254364,0
16254731,0
17090723,18446744037200071846
17091088,36509479770
17254345,0
17254711,0
18090732,18446744037200097770
18091098,36509453846
18254339,0
18254705,0
19090740,18446744037200123679
19091105,36509427937
19254363,0
19254729,0
20090751,18446744037200149530
20091117,36509402086
20254402,0
20254768,0
21090759,18446744037200175243
21091124,36509376373
21254382,0
21254748,0
22090769,18446744037200200857
22091135,36509350759
22254399,0
22254765,0
23090780,18446744037200226476
23091146,36509325140
23254421,0
23254787,0
24090788,18446744037200252109
24091153,36509299507
24254429,0
24254795,0
25090798,18446744037200277470
25091163,36509274146
25254418,0
25254784,0
26090806,18446744037200303177
26091171,36509248439
26254436,0
26254802,0
27090813,18446744037200320653
27091179,36509230963
27254434,0
27254800,0
28090821,18446744037200342398
28091186,36509209218
28254464,0
28254829,0
29090833,18446744037200367986
29091199,36509183630
29254470,0
29254836,0
30090844,18446744037200393442
30091209,36509158174
30254458,0
30254825,0
31090854,18446744037200418836
31091219,36509132780
31254506,0
31254873,0
32090865,18446744037200444430
32091230,36509107186
32254490,0
32254856,0
33090875,18446744037200469883
33091240,36509081733
33254505,0
33254871,0
34090885,18446744037200495295
34091250,36509056321
34254501,0
34254867,0
35090893,18446744037200520886
35091258,36509030730
35254529,0
35254895,0
36090905,18446744037200546325
36091270,36509005291
36254533,0
36254899,0
37090915,18446744037200571905
37091281,36508979711
37254548,0
37254914,0
38090921,18446744037200597460
38091287,36508954156
38254567,0
38254933,0
39090933,18446744037200622915
39091298,36508928701
39254572,0
39254938,0
40090943,18446744037200648472
40091308,36508903144
40254578,0
40254944,0
41090950,18446744037200673918
41091316,36508877698
41254568,0
41254934,0
42090960,18446744037200699356
42091326,36508852260
42254593,0
42254959,0
43090970,18446744037200724936
43091335,36508826680
43254598,0
43254964,0
44090980,18446744037200750562
44091345,36508801054
44254611,0
44254977,0
45090989,18446744037200775995
45091355,36508775621
45254652,0
45255018,0
46090998,18446744037200801594
46091364,36508750022
46254630,0
46254996,0
47091009,18446744037200827058
47091374,36508724558
47254627,0
47254993,0
48091020,18446744037200852460
48091386,36508699156
48254660,0
48255026,0
49091031,18446744037200878058
49091397,36508673558
49254661,0
49255027,0
50090689,18446744037200901780
50091039,36508649836
50253970,0
50254321,0
51090697,18446744037200920376
51091048,36508631240
51253945,0
51254295,0
52090705,18446744037200939017
52091055,36508612599
52253990,0
52254341,0
53090717,18446744037200957620
53091067,36508593996
53253997,0
53254348,0
54090725,18446744037200976234
54091075,36508575382
54253971,0
54254322,0
55090735,18446744037200994873
55091085,36508556743
55253990,0
55254341,0
56090748,18446744037201013460
56091098,36508538156
56254020,0
56254370,0
57090756,18446744037201032085
57091106,36508519531
57254009,0
57254359,0
58090764,18446744037201050564
58091114,36508501052
58254027,0
58254377,0
59090774,18446744037201069097
59091124,36508482519
59254041,0
59254391,0
PMU buffer 4
3968861,7115
4968601,10044
5090371,813
5090737,17
5254006,1826
5254372,6
6090611,9623
6090976,22
6254230,1826
6254596,6
7090620,9367
7090985,24
7254230,1883
7254596,6
8090629,9305
8090995,22
8254261,1860
8254627,6
9090641,9383
9091006,21
9254285,1870
9254651,0
10090651,9073
10091017,33
10254282,1847
10254648,5
11090660,9245
11091026,25
11254280,1919
11254645,6
12090672,9020
12091038,26
12254323,1843
12254690,1
13090680,9202
13091046,22
13254310,1884
13254676,8
14090692,9207
14091058,22
14254298,1805
14254663,7
15090702,9327
15091068,23
15254334,1851
15254700,5
16090712,9080
16091077,22
16254364,1875
16254731,3
17090723,9192
17091089,25
17254345,1835
17254711,7
18090732,9132
18091098,22
18254339,1819
18254705,9
19090740,9133
19091105,26
19254363,1858
19254729,8
20090751,9594
20091117,33
20254403,1862
20254768,1
21090759,9049
21091124,23
21254382,1872
21254748,9
22090769,8866
22091135,24
22254399,1821
22254765,9
23090780,10157
23091146,24
23254421,1878
23254787,7
24090788,8946
24091153,22
24254430,1873
24254795,8
25090798,8583
25091164,23
25254418,1826
25254784,7
26090806,9631
26091171,24
26254436,1877
26254802,6
27090813,8861
27091179,24
27254434,1864
27254800,8
28090821,8798
28091187,22
28254464,1857
28254829,9
29090833,8976
29091199,22
29254470,1862
29254836,10
30090844,8795
30091210,24
30254459,1837
30254825,9
31090854,8920
31091220,30
31254507,1853
31254873,3
32090865,8882
32091230,23
32254490,1820
32254856,9
33090875,8900
33091240,24
33254505,1903
33254871,9
34090885,8720
34091251,22
34254501,1851
34254867,7
35090893,8911
35091258,22
35254529,1814
35254895,10
36090905,8730
36091270,23
36254534,1858
36254899,6
37090915,9236
37091281,24
37254548,1854
37254914,8
38090921,8837
38091287,23
38254567,1851
38254933,6
39090933,9176
39091298,23
39254572,1799
39254938,8
40090943,9003
40091308,24
40254578,1872
40254944,10
41090951,8810
41091316,30
41254568,1823
41254934,8
42090961,9091
42091326,22
42254593,1855
42254959,7
43090970,8849
43091336,23
43254598,1885
43254964,9
44090980,8780
44091345,23
44254611,1850
44254977,8
45090989,8712
45091355,23
45254652,1841
45255018,2
46090998,8960
46091364,23
46254631,1855
46254996,8
47091009,9028
47091374,22
47254627,1858
47254993,9
48091020,8724
48091386,22
48254660,1865
48255026,8
49091031,8970
49091397,22
49254661,1855
49255027,8
50090689,9011
50091039,24
50253971,1853
50254321,0
51090698,8995
51091048,33
51253945,1857
51254295,3
52090705,8944
52091055,23
52253990,1881
52254341,0
53090717,9062
53091067,24
53253997,1820
53254348,0
54090725,8850
54091075,24
54253971,1846
54254322,1
55090735,9015
55091085,25
55253990,1842
55254341,1
56090748,8952
56091098,26
56254020,1839
56254370,2
57090756,8795
57091106,24
57254009,1831
57254359,3
58090764,8968
58091114,24
58254027,1879
58254377,3
59090774,8769
59091124,24
59254041,1851
59254391,2
PMU buffer 5
3968862,191
4968601,63
5090371,2
5090737,0
5254007,8
5254372,0
6090611,16
6090977,0
6254230,0
6254596,0
7090620,6
7090985,0
7254230,0
7254596,0
8090630,8
8090995,0
8254261,0
8254627,0
9090641,9
9091006,0
9254285,0
9254651,0
10090651,11
10091017,0
10254282,0
10254648,0
11090661,16
11091026,0
11254280,0
11254645,0
12090673,14
12091038,0
12254324,0
12254690,0
13090681,11
13091046,0
13254310,0
13254676,0
14090692,12
14091058,0
14254298,0
14254663,0
15090703,16
15091068,0
15254334,0
15254700,0
16090712,7
16091077,0
16254365,0
16254731,0
17090723,7
17091089,0
17254345,0
17254711,0
18090732,9
18091098,0
18254339,0
18254705,0
19090740,8
19091106,0
19254363,0
19254729,0
20090751,11
20091117,0
20254403,0
20254768,0
21090759,10
21091124,0
21254382,0
21254748,0
22090769,9
22091135,0
22254399,0
22254765,0
23090781,13
23091146,0
23254421,0
23254787,0
24090788,9
24091154,0
24254430,0
24254795,0
25090798,10
25091164,0
25254418,0
25254784,0
26090806,10
26091172,0
26254437,0
26254802,0
27090814,10
27091179,1
27254434,0
27254800,0
28090821,10
28091187,0
28254464,2
28254829,0
29090834,10
29091199,0
29254471,2
29254836,0
30090844,7
30091210,0
30254459,1
30254825,0
31090854,13
31091220,0
31254507,1
31254873,0
32090865,8
32091231,0
32254490,1
32254856,0
33090875,3
33091240,0
33254505,1
33254871,0
34090885,9
34091251,0
34254501,1
34254867,0
35090893,9
35091259,0
35254530,1
35254895,0
36090905,12
36091270,0
36254534,2
36254900,0
37090915,9
37091281,0
37254548,0
37254914,0
38090922,8
38091287,0
38254567,2
38254933,0
39090933,12
39091298,0
39254572,2
39254938,0
40090943,9
40091308,0
40254578,2
40254944,0
41090951,8
41091316,0
41254568,1
41254934,0
42090961,13
42091326,0
42254593,1
42254959,0
43090970,10
43091336,0
43254598,1
43254964,0
44090980,6
44091345,0
44254612,2
44254977,0
45090990,9
45091355,0
45254652,2
45255018,0
46090999,10
46091364,0
46254631,3
46254996,0
47091009,8
47091375,0
47254627,2
47254993,0
48091021,9
48091386,0
48254660,1
48255026,0
49091032,6
49091397,0
49254661,1
49255027,0
50090690,9
50091040,0
50253971,0
50254321,0
51090698,7
51091048,0
51253945,1
51254295,0
52090706,8
52091056,0
52253990,1
52254341,0
53090717,8
53091067,0
53253997,2
53254348,0
54090725,5
54091075,0
54253972,2
54254322,0
55090736,8
55091086,0
55253991,2
55254341,0
56090748,8
56091098,0
56254020,2
56254370,0
57090756,9
57091106,0
57254009,1
57254359,0
58090765,6
58091114,0
58254027,1
58254377,0
59090774,8
59091124,0
59254041,1
59254391,0
PMU buffer 6
3968862,42542
4968602,38579
5090371,32
5090737,3
5254007,13700
5254373,5
6090611,39806
6090977,9
6254230,13623
6254596,6
7090620,38256
7090985,9
7254230,13541
7254596,4
8090630,38129
8090995,9
8254261,13662
8254627,6
9090641,39601
9091006,9
9254285,13668
9254651,6
10090652,38052
10091017,9
10254282,13617
10254648,4
11090661,38347
11091026,9
11254280,13594
11254646,6
12090673,38684
12091038,9
12254324,13651
12254690,5
13090681,38211
13091046,9
13254310,13671
13254676,6
14090692,38831
14091058,9
14254298,13476
14254664,5
15090703,38207
15091068,9
15254334,13640
15254700,7
16090712,37865
16091078,9
16254365,13682
16254731,6
17090723,39393
17091089,9
17254345,13597
17254711,6
18090733,38159
18091098,9
18254340,13583
18254705,7
19090740,38174
19091106,9
19254363,13600
19254729,5
20090752,39414
20091117,9
20254403,13634
20254769,5
21090759,38227
21091124,9
21254382,13536
21254748,5
22090770,38170
22091135,9
22254400,13612
22254765,5
23090781,39194
23091146,9
23254421,13602
23254787,7
24090788,38116
24091154,9
24254430,13624
24254796,7
25090798,38872
25091164,9
25254418,13631
25254784,4
26090806,38510
26091172,9
26254437,13563
26254802,7
27090814,38037
27091179,9
27254434,13611
27254800,6
28090821,39394
28091187,9
28254464,13650
28254830,5
29090834,38118
29091199,9
29254471,13589
29254836,6
30090844,37749
30091210,9
30254459,13561
30254825,6
31090855,39748
31091220,9
31254507,13723
31254873,6
32090865,38028
32091231,9
32254490,13651
32254856,4
33090875,38390
33091241,9
33254505,13708
33254871,6
34090885,39407
34091251,9
34254501,13597
34254867,5
35090894,37870
35091259,9
35254530,13712
35254896,6
36090905,38429
36091271,9
36254534,13621
36254900,5
37090916,38800
37091281,9
37254549,13681
37254914,6
38090922,37762
38091287,9
38254567,13669
38254933,5
39090933,38716
39091299,9
39254572,13651
39254938,6
40090943,37964
40091309,9
40254578,13667
40254944,7
41090951,37938
41091316,9
41254569,13593
41254934,6
42090961,39467
42091326,9
42254593,13699
42254959,6
43090971,38062
43091336,9
43254598,13698
43254964,6
44090980,38245
44091346,9
44254612,13639
44254978,4
45090990,39492
45091355,9
45254652,13678
45255018,6
46090999,38147
46091364,9
46254631,13626
46254997,6
47091009,38488
47091375,9
47254627,13635
47254993,5
48091021,38847
48091386,9
48254660,13701
48255026,6
49091032,38078
49091397,9
49254662,13663
49255027,7
50090690,39095
50091040,10
50253971,13701
50254321,5
51090698,38140
51091048,10
51253945,13614
51254296,5
52090706,38025
52091056,10
52253990,13669
52254341,7
53090718,39587
53091067,10
53253998,13575
53254348,6
54090725,37981
54091075,9
54253972,13687
54254322,7
55090736,38251
55091086,10
55253991,13616
55254341,4
56090749,39974
56091098,10
56254020,13648
56254371,6
57090756,37831
57091106,10
57254009,13556
57254360,4
58090765,38415
58091115,10
58254027,13595
58254378,6
59090774,38562
59091124,10
59254041,13599
59254391,4
PMU buffer 7
3968862,23313
4968602,134050
5090371,80
5090737,3
5254007,18925
5254373,4
6090612,157230
6090977,20
6254231,18780
6254596,5
7090620,148589
7090985,20
7254231,18653
7254596,3
8090630,146964
8090995,20
8254262,18885
8254627,5
9090642,155575
9091007,20
9254286,18838
9254651,5
10090652,145977
10091017,20
10254283,18805
10254648,3
11090661,150676
11091026,20
11254280,18771
11254646,5
12090673,153174
12091038,20
12254324,18961
12254690,4
13090681,146696
13091046,20
13254311,18867
13254676,5
14090693,153900
14091058,20
14254298,18616
14254664,4
15090703,151462
15091068,20
15254334,18843
15254700,6
16090713,145990
16091078,20
16254365,18975
16254731,5
17090724,156840
17091089,20
17254345,18826
17254711,5
18090733,148585
18091098,20
18254340,18709
18254705,6
19090741,146441
19091106,20
19254364,18793
19254729,4
20090752,155580
20091117,20
20254403,18914
20254769,4
21090760,148152
21091124,20
21254382,18747
21254748,4
22090770,149160
22091135,20
22254400,18770
22254765,4
23090781,155801
23091146,20
23254422,18857
23254787,6
24090789,144294
24091154,20
24254430,18834
24254796,6
25090799,153584
25091164,20
25254419,18881
25254784,3
26090807,153219
26091172,20
26254437,18828
26254802,6
27090814,145883
27091179,23
27254434,18835
27254800,5
28090822,155749
28091187,20
28254464,18889
28254830,4
29090834,150411
29091199,20
29254471,18858
29254836,5
30090845,145239
30091210,20
30254459,18780
30254825,5
31090855,156539
31091220,20
31254507,19144
31254873,5
32090866,147760
32091231,20
32254490,18972
32254856,3
33090876,148900
33091241,20
33254505,19011
33254871,5
34090886,156860
34091251,20
34254502,18868
34254867,4
35090894,144550
35091259,20
35254530,19027
35254896,5
36090906,153534
36091271,19
36254534,18913
36254900,4
37090916,152793
37091281,20
37254549,18983
37254914,5
38090922,145346
38091287,20
38254567,18925
38254933,4
39090934,154171
39091299,20
39254572,18934
39254938,5
40090944,151539
40091309,20
40254579,18953
40254944,6
41090951,146637
41091316,20
41254569,18903
41254934,6
42090961,156898
42091326,20
42254594,18955
42254959,5
43090971,148328
43091336,20
43254598,19000
43254964,5
44090981,146548
44091346,20
44254612,18854
44254978,3
45090990,156651
45091355,20
45254652,19069
45255018,5
46090999,145360
46091364,20
46254631,18903
46254997,5
47091010,152396
47091375,20
47254627,18916
47254993,4
48091021,153468
48091386,20
48254661,18958
48255026,5
49091032,144611
49091397,20
49254662,18929
49255027,6
50090690,156032
50091040,21
50253971,19020
50254321,4
51090698,151551
51091048,21
51253946,18853
51254296,4
52090706,147256
52091056,21
52253990,19099
52254341,6
53090718,158511
53091067,21
53253998,18882
53254348,5
54090726,147932
54091075,20
54253972,18948
54254322,6
55090736,147792
55091086,21
55253991,18867
55254341,3
56090749,157495
56091098,21
56254020,18858
56254371,5
57090756,145926
57091106,21
57254009,18816
57254360,3
58090765,150826
58091115,21
58254027,18853
58254378,5
59090775,152466
59091124,21
59254041,18882
59254391,3
PMU buffer 8
3968862,21969
4968602,125272
5090372,69
5090737,2
5254007,16265
5254373,3
6090612,146498
6090977,17
6254231,16440
6254596,5
7090621,138656
7090985,17
7254231,16060
7254596,3
8090630,136652
8090995,17
8254262,16240
8254627,4
9090642,145156
9091007,14
9254286,16411
9254651,4
10090652,135882
10091017,15
10254283,16142
10254648,3
11090662,140239
11091026,16
11254280,16129
11254646,4
12090674,142741
12091038,17
12254324,16378
12254690,4
13090681,136478
13091046,12
13254311,16207
13254676,3
14090693,143553
14091058,17
14254298,16096
14254664,3
15090704,141424
15091068,15
15254335,16254
15254700,5
16090713,135719
16091078,16
16254365,16389
16254731,3
17090724,146272
17091089,16
17254345,16415
17254711,4
18090733,138520
18091098,15
18254340,16110
18254706,5
19090741,136144
19091106,16
19254364,16241
19254729,2
20090752,145066
20091117,15
20254403,16438
20254769,3
21090760,138030
21091125,13
21254382,16186
21254748,3
22090770,138814
22091135,17
22254400,16227
22254765,4
23090781,145385
23091146,15
23254422,16387
23254787,5
24090789,134130
24091154,12
24254430,16220
24254796,5
25090799,143345
25091164,17
25254419,16301
25254784,2
26090807,142902
26091172,16
26254437,16285
26254802,4
27090814,135704
27091179,21
27254435,16225
27254800,4
28090822,145248
28091187,18
28254465,16492
28254830,2
29090835,140297
29091199,17
29254471,16273
29254837,4
30090845,135043
30091210,15
30254459,16129
30254825,4
31090855,146131
31091220,18
31254507,16683
31254873,4
32090866,137644
32091231,17
32254490,16331
32254856,2
33090876,138575
33091241,16
33254506,16377
33254871,4
34090886,146388
34091251,15
34254502,16373
34254867,3
35090894,134489
35091259,17
35254530,16451
35254896,4
36090906,143199
36091271,12
36254534,16285
36254900,4
37090916,142563
37091281,13
37254549,16354
37254914,4
38090922,135203
38091287,18
38254568,16330
38254933,4
39090934,143785
39091299,18
39254573,16479
39254938,5
40090944,141340
40091309,16
40254579,16377
40254944,3
41090952,136252
41091317,17
41254569,16288
41254934,4
42090962,146515
42091327,17
42254594,16502
42254959,4
43090971,138299
43091336,14
43254599,16361
43254964,3
44090981,136267
44091346,17
44254612,16297
44254978,3
45090990,146286
45091355,15
45254652,16600
45255018,5
46090999,135165
46091364,16
46254631,16283
46254997,5
47091010,142042
47091375,18
47254628,16232
47254993,3
48091022,143263
48091386,17
48254661,16422
48255026,3
49091032,134394
49091397,16
49254662,16403
49255027,5
50090690,145408
50091040,17
50253971,16515
50254321,1
51090699,141322
51091048,18
51253946,16305
51254296,4
52090706,136791
52091056,16
52253990,16335
52254341,5
53090718,148115
53091068,16
53253998,16472
53254348,4
54090726,137895
54091075,16
54253972,16314
54254322,5
55090736,137455
55091086,17
55253991,16230
55254341,3
56090749,147016
56091098,16
56254020,16465
56254371,4
57090757,135899
57091106,18
57254009,16283
57254360,2
58090765,140574
58091115,16
58254028,16256
58254378,3
59090775,142158
59091124,18
59254042,16302
59254392,2
PMU buffer 9
3968862,4971
4968602,8763
5090372,764
5090737,7
5254007,967
5254373,5
6090612,18717
6090977,18
6254231,978
6254596,4
7090621,5005
7090985,18
7254231,990
7254597,5
8090631,5102
8090995,18
8254262,988
8254627,5
9090642,4906
9091007,19
9254286,965
9254651,1
10090653,4832
10091017,21
10254283,1012
10254648,5
11090662,4946
11091026,17
11254281,1008
11254646,6
12090674,6428
12091038,17
12254324,1009
12254690,3
13090682,4973
13091046,17
13254311,1008
13254676,5
14090693,4868
14091058,17
14254298,1018
14254664,6
15090704,4884
15091068,17
15254335,997
15254700,5
16090713,4921
16091078,17
16254366,1004
16254731,4
17090724,4957
17091089,17
17254345,998
17254711,6
18090733,4956
18091098,17
18254340,996
18254706,7
19090741,4943
19091106,17
19254364,1017
19254730,7
20090752,10608
20091117,21
20254403,1021
20254769,3
21090760,4783
21091125,17
21254382,999
21254748,8
22090771,4795
22091135,17
22254400,1005
22254766,7
23090782,10818
23091146,17
23254422,997
23254787,6
24090790,4741
24091154,17
24254430,982
24254796,7
25090800,6620
25091164,17
25254419,968
25254784,6
26090807,8535
26091172,18
26254437,960
26254803,6
27090815,4615
27091179,17
27254435,980
27254801,7
28090822,6137
28091187,17
28254465,977
28254830,8
29090835,4646
29091200,18
29254471,979
29254837,7
30090845,4612
30091210,17
30254459,979
30254825,7
31090856,4358
31091220,21
31254508,966
31254873,4
32090866,4623
32091231,17
32254491,976
32254856,7
33090876,4594
33091241,17
33254506,969
33254871,7
34090886,7781
34091251,17
34254502,978
34254867,6
35090895,4691
35091259,17
35254530,966
35254896,7
36090906,7576
36091271,17
36254534,969
36254900,6
37090917,7129
37091281,17
37254549,971
37254914,6
38090923,4703
38091287,17
38254568,980
38254933,6
39090934,11326
39091299,17
39254573,976
39254938,8
40090944,4608
40091309,17
40254579,982
40254944,7
41090952,4553
41091317,22
41254569,972
41254935,7
42090962,4601
42091327,18
42254594,977
42254959,6
43090972,4630
43091336,17
43254599,976
43254965,7
44090981,4532
44091346,17
44254612,985
44254978,7
45090991,7525
45091355,17
45254652,987
45255018,4
46091000,4621
46091364,17
46254631,974
46254997,7
47091010,4549
47091375,17
47254628,983
47254993,7
48091022,6336
48091386,17
48254661,971
48255026,7
49091033,4663
49091397,17
49254662,982
49255028,7
50090691,99740
50091040,20
50253971,976
50254321,0
51090699,4593
51091048,25
51253946,979
51254296,2
52090707,4630
52091056,20
52253991,981
52254341,0
53090719,13108
53091068,20
53253998,988
53254348,0
54090726,4613
54091076,20
54253972,973
54254322,2
55090737,4648
55091086,20
55253991,973
55254341,2
56090749,11716
56091098,23
56254021,978
56254371,2
57090757,4641
57091106,21
57254010,977
57254360,3
58090766,4546
58091115,21
58254028,977
58254378,2
59090775,4436
59091124,21
59254042,965
59254392,2
end_data
Taskset deallocation...
>  Deleting thread 0x0000000047c4c068
>  Deleting thread 0x0000000047c206f0
>  Deleting thread 0x0000000047bf4d78
>  Deleting thread 0x0000000047bc9400
>  Deleting thread 0x0000000047b9da88
>  Deleting thread 0x0000000047b72110
Done.


*** The last thread under control of EPOS has finished.
*** EPOS is shutting down!
